farmer_id,season,crop,estimated_yield_tons
F01001,2019-K,Cotton,1.073
F01002,2019-K,Cotton,0.833
F01003,2019-K,Cotton,1.081
F01003,2019-K,Soybean,1.336
F01004,2019-K,Cotton,1.07
F01005,2019-K,Cotton,3.647
F01006,2019-K,Cotton,0.981
F01006,2019-K,Soybean,1.292
F01007,2019-K,Cotton,1.506
F01008,2019-K,Cotton,0.985
F01008,2019-K,Soybean,1.258
F01009,2019-K,Cotton,0.981
F01010,2019-K,Cotton,1.47
F01010,2019-K,Soybean,1.803
F01011,2019-K,Cotton,3.305
F01012,2019-K,Cotton,2.068
F01012,2019-K,Soybean,2.894
F01013,2019-K,Cotton,1.898
F01014,2019-K,Cotton,1.049
F01014,2019-K,Soybean,1.248
F01015,2019-K,Cotton,2.872
F01016,2019-K,Cotton,1.134
F01016,2019-K,Soybean,1.264
F01017,2019-K,Cotton,2.413
F01017,2019-K,Soybean,2.965
F01018,2019-K,Cotton,2.27
F01019,2019-K,Cotton,1.706
F01019,2019-K,Soybean,1.978
F01020,2019-K,Cotton,0.483
F01021,2019-K,Cotton,1.544
F01021,2019-K,Soybean,1.972
F01022,2019-K,Cotton,1.224
F01022,2019-K,Soybean,1.575
F01023,2019-K,Cotton,1.3
F01024,2019-K,Cotton,5.454
F01024,2019-K,Soybean,7.6
F01025,2019-K,Cotton,4.859
F01025,2019-K,Soybean,6.355
F01026,2019-K,Cotton,1.837
F01027,2019-K,Cotton,1.534
F01027,2019-K,Soybean,1.926
F01028,2019-K,Cotton,2.285
F01029,2019-K,Cotton,1.64
F01030,2019-K,Cotton,0.494
F01030,2019-K,Soybean,0.662
F01031,2019-K,Cotton,2.224
F01032,2019-K,Cotton,1.277
F01033,2019-K,Cotton,0.98
F01034,2019-K,Cotton,0.935
F01035,2019-K,Cotton,0.753
F01035,2019-K,Soybean,0.943
F01036,2019-K,Cotton,1.293
F01036,2019-K,Soybean,1.645
F01037,2019-K,Cotton,0.948
F01037,2019-K,Soybean,1.267
F01038,2019-K,Cotton,4.589
F01038,2019-K,Soybean,6.457
F01039,2019-K,Cotton,1.788
F01039,2019-K,Soybean,2.258
F01040,2019-K,Cotton,2.242
F01041,2019-K,Cotton,3.04
F01042,2019-K,Cotton,2.532
F01043,2019-K,Cotton,3.221
F01043,2019-K,Soybean,4.522
F01044,2019-K,Cotton,3.01
F01044,2019-K,Soybean,3.678
F01045,2019-K,Cotton,1.801
F01046,2019-K,Cotton,0.643
F01046,2019-K,Soybean,0.925
F01047,2019-K,Cotton,0.806
F01047,2019-K,Soybean,1.073
F01048,2019-K,Cotton,0.63
F01048,2019-K,Soybean,0.948
F01049,2019-K,Cotton,1.413
F01050,2019-K,Cotton,3.732
F01051,2019-K,Cotton,1.763
F01052,2019-K,Cotton,2.389
F01052,2019-K,Soybean,2.868
F01053,2019-K,Cotton,2.751
F01054,2019-K,Cotton,3.829
F01055,2019-K,Cotton,2.038
F01056,2019-K,Cotton,3.579
F01057,2019-K,Cotton,1.823
F01057,2019-K,Soybean,2.468
F01058,2019-K,Cotton,3.799
F01059,2019-K,Cotton,1.965
F01060,2019-K,Cotton,2.122
F01061,2019-K,Cotton,2.108
F01062,2019-K,Cotton,2.811
F01063,2019-K,Cotton,0.998
F01064,2019-K,Cotton,3.373
F01065,2019-K,Cotton,1.164
F01066,2019-K,Cotton,2.495
F01067,2019-K,Cotton,0.993
F01067,2019-K,Soybean,1.573
F01068,2019-K,Cotton,2.263
F01069,2019-K,Cotton,2.46
F01070,2019-K,Cotton,1.624
F01071,2019-K,Cotton,1.221
F01071,2019-K,Soybean,1.525
F01072,2019-K,Cotton,2.516
F01072,2019-K,Soybean,3.033
F01073,2019-K,Cotton,1.4
F01073,2019-K,Soybean,2.012
F01074,2019-K,Cotton,0.761
F01075,2019-K,Cotton,4.383
F01076,2019-K,Cotton,1.612
F01077,2019-K,Cotton,2.822
F01078,2019-K,Cotton,1.029
F01079,2019-K,Cotton,1.261
F01079,2019-K,Soybean,1.593
F01080,2019-K,Cotton,4.524
F01081,2019-K,Cotton,1.805
F01082,2019-K,Cotton,1.085
F01083,2019-K,Cotton,1.136
F01083,2019-K,Soybean,1.659
F01084,2019-K,Cotton,0.826
F01084,2019-K,Soybean,1.044
F01085,2019-K,Cotton,2.537
F01085,2019-K,Soybean,3.046
F01086,2019-K,Cotton,2.296
F01087,2019-K,Cotton,3.349
F01088,2019-K,Cotton,0.723
F01089,2019-K,Cotton,3.417
F01089,2019-K,Soybean,4.468
F01090,2019-K,Cotton,1.084
F01090,2019-K,Soybean,1.436
F01091,2019-K,Cotton,2.803
F01092,2019-K,Cotton,1.797
F01092,2019-K,Soybean,2.163
F01093,2019-K,Cotton,5.214
F01094,2019-K,Cotton,0.504
F01095,2019-K,Cotton,0.872
F01095,2019-K,Soybean,1.115
F01096,2019-K,Cotton,3.752
F01096,2019-K,Soybean,4.977
F01097,2019-K,Cotton,1.354
F01098,2019-K,Cotton,0.998
F01098,2019-K,Soybean,1.282
F01099,2019-K,Cotton,2.164
F01099,2019-K,Soybean,2.875
F01100,2019-K,Cotton,1.03
F01100,2019-K,Soybean,1.487
F01101,2019-K,Cotton,0.483
F01101,2019-K,Soybean,0.67
F01102,2019-K,Cotton,1.958
F01102,2019-K,Soybean,2.384
F01103,2019-K,Cotton,2.383
F01103,2019-K,Soybean,3.268
F01104,2019-K,Cotton,3.316
F01104,2019-K,Soybean,4.275
F01105,2019-K,Cotton,2.429
F01105,2019-K,Soybean,3.394
F01106,2019-K,Cotton,0.747
F01107,2019-K,Cotton,1.975
F01107,2019-K,Soybean,2.46
F01108,2019-K,Cotton,1.498
F01108,2019-K,Soybean,1.895
F01109,2019-K,Cotton,1.506
F01110,2019-K,Cotton,1.789
F01111,2019-K,Cotton,1.706
F01112,2019-K,Cotton,2.627
F01113,2019-K,Cotton,1.733
F01114,2019-K,Cotton,1.955
F01115,2019-K,Cotton,2.176
F01115,2019-K,Soybean,2.7
F01116,2019-K,Cotton,1.657
F01117,2019-K,Cotton,1.583
F01118,2019-K,Cotton,1.868
F01119,2019-K,Cotton,1.234
F01120,2019-K,Cotton,2.178
F01120,2019-K,Soybean,2.7
F01121,2019-K,Cotton,0.781
F01121,2019-K,Soybean,0.933
F01122,2019-K,Cotton,0.574
F01122,2019-K,Soybean,0.684
F01123,2019-K,Cotton,1.461
F01124,2019-K,Cotton,0.596
F01125,2019-K,Cotton,1.574
F01125,2019-K,Soybean,2.077
F01126,2019-K,Cotton,1.294
F01127,2019-K,Cotton,4.671
F01128,2019-K,Cotton,1.172
F01128,2019-K,Soybean,1.63
F01129,2019-K,Cotton,2.43
F01129,2019-K,Soybean,2.871
F01130,2019-K,Cotton,1.203
F01131,2019-K,Cotton,1.436
F01131,2019-K,Soybean,1.838
F01132,2019-K,Cotton,2.652
F01132,2019-K,Soybean,3.448
F01133,2019-K,Cotton,0.813
F01133,2019-K,Soybean,1.097
F01134,2019-K,Cotton,1.306
F01134,2019-K,Soybean,1.682
F01135,2019-K,Cotton,1.243
F01136,2019-K,Cotton,2.867
F01137,2019-K,Cotton,1.951
F01138,2019-K,Cotton,1.43
F01139,2019-K,Cotton,1.049
F01140,2019-K,Cotton,1.118
F01141,2019-K,Cotton,1.943
F01142,2019-K,Cotton,1.089
F01142,2019-K,Soybean,1.376
F01143,2019-K,Cotton,1.464
F01144,2019-K,Cotton,1.108
F01145,2019-K,Cotton,0.986
F01146,2019-K,Cotton,1.011
F01147,2019-K,Cotton,2.343
F01147,2019-K,Soybean,2.876
F01148,2019-K,Cotton,0.615
F01149,2019-K,Cotton,1.477
F01150,2019-K,Cotton,2.708
F01150,2019-K,Soybean,3.762
F01151,2019-K,Cotton,0.484
F01151,2019-K,Soybean,0.64
F01152,2019-K,Cotton,2.764
F01153,2019-K,Cotton,2.072
F01154,2019-K,Soybean,1.597
F01155,2019-K,Soybean,0.929
F01156,2019-K,Soybean,1.482
F01156,2019-K,Cotton,1.262
F01157,2019-K,Soybean,0.603
F01158,2019-K,Soybean,2.596
F01159,2019-K,Soybean,3.744
F01160,2019-K,Soybean,2.278
F01160,2019-K,Cotton,1.719
F01161,2019-K,Soybean,2.745
F01162,2019-K,Soybean,2.203
F01163,2019-K,Soybean,4.673
F01164,2019-K,Soybean,3.282
F01165,2019-K,Soybean,3.1
F01166,2019-K,Soybean,1.784
F01166,2019-K,Cotton,1.298
F01167,2019-K,Soybean,2.855
F01168,2019-K,Soybean,2.185
F01169,2019-K,Soybean,2.883
F01170,2019-K,Soybean,2.326
F01170,2019-K,Cotton,2.121
F01171,2019-K,Soybean,1.604
F01172,2019-K,Soybean,2.218
F01173,2019-K,Soybean,1.82
F01174,2019-K,Soybean,1.591
F01174,2019-K,Cotton,1.354
F01175,2019-K,Soybean,5.708
F01176,2019-K,Soybean,1.075
F01176,2019-K,Cotton,0.929
F01177,2019-K,Soybean,2.113
F01178,2019-K,Soybean,1.934
F01179,2019-K,Soybean,3.188
F01179,2019-K,Cotton,2.454
F01180,2019-K,Soybean,1.207
F01181,2019-K,Soybean,3.86
F01182,2019-K,Soybean,2.887
F01183,2019-K,Soybean,2.001
F01183,2019-K,Cotton,1.625
F01184,2019-K,Soybean,1.969
F01185,2019-K,Soybean,2.197
F01186,2019-K,Soybean,2.187
F01187,2019-K,Soybean,1.451
F01188,2019-K,Soybean,3.139
F01189,2019-K,Soybean,4.533
F01190,2019-K,Soybean,4.022
F01190,2019-K,Cotton,3.251
F01191,2019-K,Soybean,1.719
F01192,2019-K,Soybean,4.092
F01193,2019-K,Soybean,4.846
F01194,2019-K,Soybean,3.015
F01194,2019-K,Cotton,2.264
F01195,2019-K,Soybean,4.161
F01196,2019-K,Soybean,2.696
F01197,2019-K,Soybean,1.239
F01198,2019-K,Soybean,1.922
F01199,2019-K,Soybean,3.621
F01199,2019-K,Cotton,2.848
F01200,2019-K,Soybean,2.225
F01200,2019-K,Cotton,1.752
F01201,2019-K,Soybean,1.3
F01202,2019-K,Soybean,3.727
F01203,2019-K,Soybean,1.809
F01203,2019-K,Cotton,1.534
F01204,2019-K,Soybean,3.747
F01204,2019-K,Cotton,2.643
F01205,2019-K,Soybean,2.636
F01206,2019-K,Soybean,1.211
F01207,2019-K,Soybean,2.842
F01208,2019-K,Soybean,3.174
F01208,2019-K,Cotton,2.57
F01209,2019-K,Soybean,3.406
F01209,2019-K,Cotton,2.362
F01210,2019-K,Soybean,2.514
F01211,2019-K,Soybean,2.575
F01211,2019-K,Cotton,2.13
F01212,2019-K,Soybean,2.37
F01213,2019-K,Soybean,4.23
F01213,2019-K,Cotton,3.168
F01214,2019-K,Soybean,4.149
F01215,2019-K,Soybean,2.819
F01215,2019-K,Cotton,2.197
F01216,2019-K,Soybean,2.006
F01217,2019-K,Soybean,1.701
F01218,2019-K,Soybean,1.759
F01219,2019-K,Soybean,2.563
F01220,2019-K,Soybean,0.934
F01221,2019-K,Soybean,1.959
F01222,2019-K,Soybean,2.031
F01223,2019-K,Soybean,6.293
F01224,2019-K,Soybean,1.346
F01225,2019-K,Soybean,2.289
F01226,2019-K,Soybean,1.332
F01227,2019-K,Soybean,4.097
F01227,2019-K,Cotton,3.188
F01228,2019-K,Soybean,1.17
F01229,2019-K,Soybean,0.758
F01230,2019-K,Soybean,1.447
F01230,2019-K,Cotton,0.999
F01231,2019-K,Soybean,5.613
F01232,2019-K,Soybean,1.672
F01232,2019-K,Cotton,1.275
F01233,2019-K,Soybean,2.881
F01234,2019-K,Soybean,3.286
F01235,2019-K,Soybean,2.398
F01235,2019-K,Cotton,1.679
F01236,2019-K,Soybean,2.767
F01237,2019-K,Soybean,4.886
F01238,2019-K,Soybean,1.04
F01238,2019-K,Cotton,0.707
F01239,2019-K,Soybean,2.825
F01240,2019-K,Soybean,1.254
F01241,2019-K,Soybean,2.483
F01242,2019-K,Soybean,2.221
F01243,2019-K,Soybean,1.61
F01244,2019-K,Soybean,1.148
F01245,2019-K,Soybean,3.167
F01246,2019-K,Soybean,3.524
F01247,2019-K,Soybean,1.899
F01248,2019-K,Soybean,1.652
F01248,2019-K,Cotton,1.331
F01249,2019-K,Soybean,2.51
F01250,2019-K,Soybean,0.824
F01251,2019-K,Soybean,1.701
F01252,2019-K,Soybean,4.601
F01253,2019-K,Soybean,1.262
F01254,2019-K,Soybean,6.73
F01254,2019-K,Cotton,5.114
F01255,2019-K,Soybean,1.78
F01256,2019-K,Soybean,1.051
F01257,2019-K,Soybean,2.098
F01258,2019-K,Soybean,0.978
F01259,2019-K,Soybean,3.048
F01260,2019-K,Soybean,3.967
F01261,2019-K,Soybean,2.252
F01261,2019-K,Cotton,1.728
F01262,2019-K,Soybean,3.309
F01263,2019-K,Soybean,2.051
F01264,2019-K,Soybean,1.332
F01265,2019-K,Soybean,1.934
F01266,2019-K,Soybean,2.586
F01266,2019-K,Cotton,2.041
F01267,2019-K,Soybean,2.518
F01268,2019-K,Soybean,2.09
F01269,2019-K,Soybean,2.495
F01269,2019-K,Cotton,2.171
F01270,2019-K,Soybean,1.859
F01271,2019-K,Soybean,0.944
F01272,2019-K,Soybean,2.536
F01272,2019-K,Cotton,1.994
F01273,2019-K,Soybean,3.446
F01273,2019-K,Cotton,2.91
F01274,2019-K,Soybean,1.414
F01274,2019-K,Cotton,1.083
F01275,2019-K,Soybean,1.482
F01275,2019-K,Cotton,1.164
F01276,2019-K,Soybean,1.676
F01277,2019-K,Soybean,1.859
F01277,2019-K,Cotton,1.5
F01278,2019-K,Soybean,3.266
F01279,2019-K,Soybean,5.521
F01280,2019-K,Soybean,4.546
F01281,2019-K,Soybean,1.404
F01282,2019-K,Soybean,4.51
F01282,2019-K,Cotton,3.415
F01283,2019-K,Soybean,1.109
F01284,2019-K,Soybean,1.522
F01285,2019-K,Soybean,4.375
F01286,2019-K,Soybean,3.285
F01286,2019-K,Cotton,2.526
F01287,2019-K,Soybean,7.138
F01288,2019-K,Soybean,2.854
F01289,2019-K,Soybean,6.742
F01289,2019-K,Cotton,6.006
F01290,2019-K,Soybean,3.567
F01291,2019-K,Soybean,0.984
F01291,2019-K,Cotton,0.725
F01292,2019-K,Soybean,5.198
F01293,2019-K,Soybean,2.885
F01294,2019-K,Soybean,3.515
F01295,2019-K,Soybean,1.232
F01296,2019-K,Soybean,3.195
F01297,2019-K,Soybean,1.672
F01298,2019-K,Soybean,1.915
F01299,2019-K,Soybean,3.631
F01300,2019-K,Soybean,1.886
F01300,2019-K,Cotton,1.492
F01301,2019-K,Paddy,3.011
F01302,2019-K,Paddy,4.018
F01303,2019-K,Paddy,4.819
F01304,2019-K,Paddy,7.027
F01305,2019-K,Paddy,2.253
F01306,2019-K,Paddy,8.166
F01307,2019-K,Paddy,3.897
F01308,2019-K,Paddy,6.798
F01309,2019-K,Paddy,4.339
F01310,2019-K,Paddy,3.308
F01311,2019-K,Paddy,3.625
F01312,2019-K,Paddy,6.745
F01313,2019-K,Paddy,2.81
F01314,2019-K,Paddy,6.06
F01315,2019-K,Paddy,10.97
F01316,2019-K,Paddy,6.506
F01317,2019-K,Paddy,8.648
F01318,2019-K,Paddy,1.966
F01319,2019-K,Paddy,6.924
F01320,2019-K,Paddy,8.491
F01321,2019-K,Paddy,2.975
F01322,2019-K,Paddy,7.552
F01323,2019-K,Paddy,6.281
F01324,2019-K,Paddy,13.643
F01325,2019-K,Paddy,5.857
F01326,2019-K,Paddy,4.128
F01327,2019-K,Paddy,6.331
F01328,2019-K,Paddy,3.607
F01329,2019-K,Paddy,3.677
F01330,2019-K,Paddy,3.355
F01331,2019-K,Paddy,10.006
F01332,2019-K,Paddy,15.92
F01333,2019-K,Paddy,5.251
F01334,2019-K,Paddy,1.718
F01335,2019-K,Paddy,7.107
F01336,2019-K,Paddy,2.272
F01337,2019-K,Paddy,6.984
F01338,2019-K,Paddy,7.875
F01339,2019-K,Paddy,9.54
F01340,2019-K,Paddy,12.77
F01341,2019-K,Paddy,9.478
F01342,2019-K,Paddy,5.84
F01343,2019-K,Paddy,5.809
F01344,2019-K,Paddy,8.376
F01345,2019-K,Paddy,3.263
F01346,2019-K,Paddy,4.537
F01347,2019-K,Paddy,5.556
F01348,2019-K,Paddy,7.989
F01349,2019-K,Paddy,5.779
F01350,2019-K,Paddy,2.599
F01351,2019-K,Paddy,3.345
F01352,2019-K,Paddy,6.723
F01353,2019-K,Paddy,5.825
F01354,2019-K,Paddy,12.182
F01355,2019-K,Paddy,8.894
F01356,2019-K,Paddy,8.626
F01357,2019-K,Paddy,8.024
F01358,2019-K,Paddy,2.275
F01359,2019-K,Paddy,16.843
F01360,2019-K,Paddy,3.239
F01361,2019-K,Paddy,13.041
F01362,2019-K,Paddy,9.12
F01363,2019-K,Paddy,7.469
F01364,2019-K,Paddy,6.186
F01365,2019-K,Paddy,5.836
F01366,2019-K,Paddy,15.628
F01367,2019-K,Paddy,12.614
F01368,2019-K,Paddy,2.937
F01369,2019-K,Paddy,2.186
F01370,2019-K,Paddy,9.141
F01371,2019-K,Paddy,6.297
F01372,2019-K,Paddy,4.125
F01373,2019-K,Paddy,10.855
F01374,2019-K,Paddy,7.164
F01375,2019-K,Paddy,4.794
F01376,2019-K,Paddy,4.337
F01377,2019-K,Paddy,3.304
F01378,2019-K,Paddy,9.194
F01379,2019-K,Paddy,3.68
F01380,2019-K,Paddy,2.73
F01381,2019-K,Paddy,6.182
F01382,2019-K,Paddy,5.052
F01383,2019-K,Paddy,7.041
F01384,2019-K,Paddy,7.982
F01385,2019-K,Paddy,2.859
F01386,2019-K,Paddy,6.631
F01387,2019-K,Paddy,8.669
F01388,2019-K,Paddy,2.091
F01389,2019-K,Paddy,5.132
F01390,2019-K,Paddy,3.921
F01391,2019-K,Paddy,4.422
F01392,2019-K,Paddy,12.732
F01393,2019-K,Paddy,6.804
F01394,2019-K,Paddy,11.152
F01395,2019-K,Paddy,1.703
F01396,2019-K,Paddy,7.857
F01397,2019-K,Paddy,6.805
F01398,2019-K,Paddy,5.68
F01399,2019-K,Paddy,5.261
F01400,2019-K,Paddy,10.491
F01401,2019-K,Paddy,4.874
F01402,2019-K,Paddy,4.705
F01403,2019-K,Paddy,4.372
F01404,2019-K,Paddy,5.436
F01405,2019-K,Paddy,3.168
F01406,2019-K,Paddy,2.884
F01407,2019-K,Paddy,17.026
F01408,2019-K,Paddy,6.905
F01409,2019-K,Paddy,12.224
F01410,2019-K,Paddy,15.209
F01411,2019-K,Paddy,2.362
F01412,2019-K,Paddy,9.515
F01413,2019-K,Paddy,2.364
F01414,2019-K,Paddy,6.974
F01415,2019-K,Paddy,5.661
F01416,2019-K,Paddy,6.049
F01417,2019-K,Paddy,7.366
F01418,2019-K,Paddy,2.25
F01419,2019-K,Paddy,4.987
F01420,2019-K,Paddy,10.31
F01421,2019-K,Paddy,10.079
F01422,2019-K,Paddy,2.848
F01423,2019-K,Paddy,3.379
F01424,2019-K,Paddy,10.014
F01425,2019-K,Paddy,4.253
F01426,2019-K,Paddy,9.924
F01427,2019-K,Paddy,8.448
F01428,2019-K,Paddy,4.153
F01429,2019-K,Paddy,14.238
F01430,2019-K,Paddy,6.17
F01431,2019-K,Paddy,5.808
F01432,2019-K,Paddy,3.614
F01433,2019-K,Paddy,3.785
F01434,2019-K,Paddy,8.886
F01435,2019-K,Paddy,5.44
F01436,2019-K,Paddy,14.606
F01437,2019-K,Paddy,4.317
F01438,2019-K,Paddy,29.517
F01439,2019-K,Paddy,3.57
F01440,2019-K,Paddy,15.293
F01441,2019-K,Paddy,6.442
F01442,2019-K,Paddy,24.15
F01443,2019-K,Paddy,2.715
F01444,2019-K,Paddy,6.432
F01445,2019-K,Paddy,6.841
F01446,2019-K,Paddy,3.802
F01447,2019-K,Paddy,12.959
F01448,2019-K,Paddy,8.642
F01449,2019-K,Paddy,8.657
F01450,2019-K,Paddy,5.99
F01451,2019-K,Paddy,6.562
F01452,2019-K,Paddy,4.366
F01453,2019-K,Paddy,11.0
F01454,2019-K,Paddy,3.513
F01455,2019-K,Paddy,4.18
F01456,2019-K,Paddy,7.321
F01457,2019-K,Paddy,3.821
F01458,2019-K,Soybean,1.922
F01459,2019-K,Soybean,1.736
F01460,2019-K,Soybean,2.167
F01461,2019-K,Soybean,4.23
F01462,2019-K,Soybean,2.062
F01463,2019-K,Soybean,1.3
F01464,2019-K,Soybean,1.36
F01465,2019-K,Soybean,1.602
F01466,2019-K,Soybean,2.763
F01467,2019-K,Soybean,1.687
F01468,2019-K,Soybean,1.524
F01469,2019-K,Soybean,1.803
F01470,2019-K,Soybean,2.074
F01471,2019-K,Soybean,1.331
F01472,2019-K,Soybean,2.639
F01473,2019-K,Soybean,1.167
F01474,2019-K,Soybean,3.147
F01475,2019-K,Soybean,5.647
F01476,2019-K,Soybean,7.724
F01477,2019-K,Soybean,1.361
F01478,2019-K,Soybean,0.972
F01479,2019-K,Soybean,2.439
F01480,2019-K,Soybean,4.356
F01481,2019-K,Soybean,2.064
F01482,2019-K,Soybean,2.075
F01483,2019-K,Soybean,2.128
F01484,2019-K,Soybean,1.701
F01485,2019-K,Soybean,1.364
F01486,2019-K,Soybean,3.425
F01487,2019-K,Soybean,1.296
F01488,2019-K,Soybean,2.164
F01489,2019-K,Soybean,3.851
F01490,2019-K,Soybean,8.363
F01491,2019-K,Soybean,1.81
F01492,2019-K,Soybean,4.106
F01493,2019-K,Soybean,2.07
F01494,2019-K,Soybean,1.789
F01495,2019-K,Soybean,1.951
F01496,2019-K,Soybean,2.59
F01497,2019-K,Soybean,1.525
F01498,2019-K,Soybean,2.013
F01499,2019-K,Soybean,1.297
F01500,2019-K,Soybean,2.032
F01501,2019-K,Soybean,1.263
F01502,2019-K,Soybean,2.446
F01503,2019-K,Soybean,5.243
F01504,2019-K,Soybean,2.022
F01505,2019-K,Soybean,1.756
F01506,2019-K,Soybean,3.518
F01507,2019-K,Soybean,3.726
F01508,2019-K,Soybean,1.302
F01509,2019-K,Soybean,2.964
F01510,2019-K,Soybean,1.388
F01511,2019-K,Soybean,2.442
F01512,2019-K,Soybean,1.732
F01513,2019-K,Soybean,5.424
F01514,2019-K,Soybean,1.585
F01515,2019-K,Soybean,2.757
F01516,2019-K,Soybean,1.359
F01517,2019-K,Soybean,2.089
F01518,2019-K,Soybean,1.349
F01519,2019-K,Soybean,3.033
F01520,2019-K,Soybean,2.335
F01521,2019-K,Soybean,0.606
F01522,2019-K,Soybean,3.77
F01523,2019-K,Soybean,2.911
F01524,2019-K,Soybean,4.312
F01525,2019-K,Soybean,1.078
F01526,2019-K,Soybean,3.097
F01527,2019-K,Soybean,1.614
F01528,2019-K,Soybean,1.102
F01529,2019-K,Soybean,1.452
F01530,2019-K,Soybean,3.314
F01531,2019-K,Soybean,1.048
F01532,2019-K,Soybean,6.033
F01533,2019-K,Soybean,2.923
F01534,2019-K,Soybean,1.613
F01535,2019-K,Soybean,3.649
F01536,2019-K,Soybean,3.484
F01537,2019-K,Soybean,1.698
F01538,2019-K,Soybean,2.828
F01539,2019-K,Soybean,1.857
F01540,2019-K,Soybean,2.304
F01541,2019-K,Soybean,1.553
F01542,2019-K,Soybean,2.501
F01543,2019-K,Soybean,3.186
F01544,2019-K,Soybean,1.566
F01545,2019-K,Soybean,2.049
F01546,2019-K,Soybean,1.624
F01547,2019-K,Soybean,2.595
F01548,2019-K,Soybean,1.116
F01549,2019-K,Soybean,2.724
F01550,2019-K,Soybean,4.511
F01551,2019-K,Soybean,3.036
F01552,2019-K,Soybean,5.541
F01553,2019-K,Soybean,1.238
F01554,2019-K,Soybean,3.081
F01555,2019-K,Soybean,1.972
F01556,2019-K,Soybean,2.96
F01557,2019-K,Soybean,1.744
F01558,2019-K,Soybean,3.328
F01559,2019-K,Soybean,4.432
F01560,2019-K,Soybean,1.688
F01561,2019-K,Soybean,1.843
F01562,2019-K,Soybean,6.448
F01563,2019-K,Soybean,2.171
F01564,2019-K,Soybean,1.984
F01565,2019-K,Soybean,2.141
F01566,2019-K,Soybean,4.371
F01567,2019-K,Soybean,2.637
F01568,2019-K,Soybean,3.45
F01569,2019-K,Soybean,2.692
F01570,2019-K,Soybean,5.325
F01571,2019-K,Soybean,4.467
F01572,2019-K,Soybean,2.027
F01573,2019-K,Soybean,1.984
F01574,2019-K,Soybean,3.843
F01575,2019-K,Soybean,3.2
F01576,2019-K,Soybean,1.436
F01577,2019-K,Soybean,1.009
F01578,2019-K,Soybean,0.998
F01579,2019-K,Soybean,1.519
F01580,2019-K,Soybean,1.383
F01581,2019-K,Soybean,1.328
F01582,2019-K,Soybean,1.974
F01583,2019-K,Soybean,1.341
F01584,2019-K,Soybean,1.018
F01585,2019-K,Soybean,4.597
F01586,2019-K,Soybean,3.3
F01587,2019-K,Soybean,1.728
F01588,2019-K,Soybean,1.703
F01589,2019-K,Soybean,3.446
F01590,2019-K,Soybean,0.862
F01591,2019-K,Soybean,2.482
F01592,2019-K,Soybean,2.537
F01593,2019-K,Soybean,2.646
F01594,2019-K,Soybean,3.514
F01595,2019-K,Soybean,1.557
F01596,2019-K,Soybean,2.006
F01597,2019-K,Soybean,5.346
F01598,2019-K,Soybean,1.833
F01599,2019-K,Soybean,4.728
F01600,2019-K,Soybean,1.913
F01601,2019-K,Soybean,2.385
F01602,2019-K,Soybean,3.907
F01603,2019-K,Soybean,9.351
F01604,2019-K,Soybean,1.373
F01605,2019-K,Soybean,5.081
F01606,2019-K,Soybean,1.428
F01607,2019-K,Soybean,2.614
F01608,2019-K,Soybean,2.098
F01609,2019-K,Soybean,1.944
F01610,2019-K,Soybean,2.117
F01611,2019-K,Soybean,2.6
F01612,2019-K,Soybean,1.947
F01613,2019-K,Soybean,2.488
F01614,2019-K,Soybean,2.047
F01615,2019-K,Soybean,1.746
F01616,2019-K,Soybean,1.179
F01617,2019-K,Soybean,1.519
F01618,2019-K,Soybean,1.489
F01619,2019-K,Soybean,0.826
F01620,2019-K,Soybean,4.297
F01621,2019-K,Soybean,0.927
F01622,2019-K,Soybean,5.215
F01623,2019-K,Soybean,3.418
F01624,2019-K,Soybean,3.127
F01625,2019-K,Soybean,1.312
F01626,2019-K,Soybean,1.79
F01627,2019-K,Soybean,4.583
F01628,2019-K,Soybean,1.926
F01629,2019-K,Soybean,1.261
F01630,2019-K,Soybean,1.798
F01631,2019-K,Soybean,7.366
F01632,2019-K,Soybean,1.037
F01633,2019-K,Soybean,3.729
F01634,2019-K,Soybean,4.867
F01635,2019-K,Soybean,4.957
F01636,2019-K,Soybean,2.121
F01637,2019-K,Soybean,6.158
F01638,2019-K,Soybean,0.77
F01639,2019-K,Soybean,2.404
F01640,2019-K,Soybean,5.242
F01641,2019-K,Soybean,1.513
F01642,2019-K,Soybean,1.436
F01643,2019-K,Soybean,2.041
F01644,2019-K,Soybean,4.397
F01645,2019-K,Soybean,6.667
F01646,2019-K,Soybean,1.982
F01647,2019-K,Soybean,2.637
F01648,2019-K,Soybean,0.787
F01649,2019-K,Soybean,3.319
F01650,2019-K,Soybean,1.863
F01651,2019-K,Soybean,1.556
F01652,2019-K,Soybean,1.748
F01653,2019-K,Soybean,1.328
F01654,2019-K,Soybean,7.802
F01655,2019-K,Soybean,2.389
F01656,2019-K,Soybean,1.284
F01657,2019-K,Soybean,2.541
F01658,2019-K,Soybean,4.479
F01659,2019-K,Soybean,8.718
F01660,2019-K,Soybean,1.303
F01661,2019-K,Soybean,2.362
F01662,2019-K,Soybean,1.545
F01663,2019-K,Soybean,1.775
F01664,2019-K,Soybean,1.433
F01665,2019-K,Soybean,1.583
F01666,2019-K,Soybean,1.926
F01667,2019-K,Soybean,1.652
F01668,2019-K,Soybean,3.733
F01669,2019-K,Soybean,6.242
F01670,2019-K,Soybean,2.87
F01671,2019-K,Soybean,1.344
F01672,2019-K,Soybean,3.395
F01673,2019-K,Soybean,1.572
F01674,2019-K,Soybean,1.94
F01675,2019-K,Soybean,1.32
F01676,2019-K,Soybean,2.353
F01677,2019-K,Soybean,1.954
F01678,2019-K,Soybean,2.474
F01679,2019-K,Soybean,3.582
F01680,2019-K,Soybean,1.963
F01681,2019-K,Soybean,0.941
F01682,2019-K,Soybean,0.571
F01683,2019-K,Soybean,2.022
F01684,2019-K,Soybean,3.127
F01685,2019-K,Soybean,1.93
F01686,2019-K,Soybean,2.253
F01687,2019-K,Soybean,2.292
F01688,2019-K,Soybean,3.161
F01689,2019-K,Soybean,1.216
F01690,2019-K,Soybean,0.623
F01691,2019-K,Soybean,3.407
F01692,2019-K,Soybean,1.943
F01693,2019-K,Soybean,1.591
F01694,2019-K,Soybean,2.164
F01695,2019-K,Soybean,0.844
F01696,2019-K,Soybean,1.849
F01697,2019-K,Soybean,3.727
F01698,2019-K,Soybean,1.199
F01699,2019-K,Soybean,3.446
F01700,2019-K,Soybean,2.82
F01701,2019-K,Soybean,2.988
F01702,2019-K,Soybean,2.976
F01703,2019-K,Soybean,2.215
F01704,2019-K,Soybean,2.002
F01705,2019-K,Soybean,1.706
F01706,2019-K,Soybean,2.553
F01707,2019-K,Soybean,0.684
F01708,2019-K,Soybean,2.195
F01709,2019-K,Soybean,4.289
F01710,2019-K,Soybean,2.975
F01711,2019-K,Soybean,2.026
F01712,2019-K,Soybean,1.066
F01713,2019-K,Soybean,4.686
F01714,2019-K,Soybean,2.289
F01715,2019-K,Soybean,2.13
F01716,2019-K,Soybean,2.171
F01717,2019-K,Soybean,3.46
F01718,2019-K,Soybean,2.968
F01719,2019-K,Soybean,1.864
F01720,2019-K,Soybean,4.135
F01721,2019-K,Soybean,2.947
F01722,2019-K,Soybean,2.483
F01723,2019-K,Soybean,4.879
F01724,2019-K,Soybean,12.068
F01725,2019-K,Soybean,1.345
F01726,2019-K,Soybean,1.879
F01727,2019-K,Soybean,0.843
F01728,2019-K,Soybean,1.983
F01729,2019-K,Soybean,3.955
F01730,2019-K,Soybean,2.253
F01731,2019-K,Soybean,1.192
F01732,2019-K,Soybean,2.891
F01733,2019-K,Soybean,2.296
F01734,2019-K,Soybean,6.411
F01735,2019-K,Soybean,4.413
F01736,2019-K,Soybean,0.671
F01737,2019-K,Soybean,3.422
F01738,2019-K,Soybean,0.556
F01739,2019-K,Soybean,3.221
F01740,2019-K,Soybean,1.639
F01741,2019-K,Soybean,1.41
F01742,2019-K,Soybean,1.464
F01743,2019-K,Soybean,3.808
F01744,2019-K,Soybean,1.684
F01745,2019-K,Soybean,2.564
F01746,2019-K,Soybean,2.821
F01747,2019-K,Soybean,2.503
F01748,2019-K,Soybean,1.366
F01749,2019-K,Soybean,4.41
F01750,2019-K,Soybean,3.428
F01751,2019-K,Soybean,3.019
F01752,2019-K,Soybean,1.496
F01753,2019-K,Soybean,2.747
F01754,2019-K,Soybean,1.174
F01755,2019-K,Soybean,5.266
F01756,2019-K,Soybean,2.038
F01757,2019-K,Soybean,1.478
F01758,2019-K,Soybean,1.647
F01759,2019-K,Soybean,1.5
F01760,2019-K,Soybean,1.155
F01761,2019-K,Soybean,3.868
F01762,2019-K,Soybean,3.625
F01763,2019-K,Soybean,1.594
F01764,2019-K,Soybean,3.091
F01765,2019-K,Soybean,3.93
F01766,2019-K,Soybean,1.524
F01767,2019-K,Soybean,0.88
F01768,2019-K,Soybean,3.848
F01769,2019-K,Soybean,2.219
F01770,2019-K,Soybean,1.765
F01771,2019-K,Soybean,4.09
F01772,2019-K,Soybean,3.443
F01773,2019-K,Soybean,0.741
F01774,2019-K,Soybean,2.573
F01775,2019-K,Soybean,3.455
F01776,2019-K,Soybean,3.03
F01777,2019-K,Soybean,0.972
F01778,2019-K,Soybean,1.727
F01779,2019-K,Soybean,2.722
F01780,2019-K,Soybean,3.155
F01781,2019-K,Soybean,2.909
F01782,2019-K,Soybean,8.253
F01783,2019-K,Soybean,1.321
F01784,2019-K,Soybean,1.745
F01785,2019-K,Soybean,1.497
F01786,2019-K,Soybean,3.523
F01787,2019-K,Soybean,2.958
F01788,2019-K,Soybean,6.636
F01789,2019-K,Soybean,4.485
F01790,2019-K,Soybean,1.578
F01791,2019-K,Soybean,2.24
F01792,2019-K,Soybean,2.977
F01793,2019-K,Soybean,1.53
F01794,2019-K,Soybean,1.537
F01795,2019-K,Soybean,5.301
F01796,2019-K,Soybean,2.748
F01797,2019-K,Soybean,10.395
F01798,2019-K,Soybean,8.847
F01799,2019-K,Soybean,1.816
F01800,2019-K,Soybean,2.497
F01801,2019-K,Soybean,3.261
F01802,2019-K,Soybean,0.913
F01803,2019-K,Soybean,5.675
F01804,2019-K,Soybean,1.127
F01805,2019-K,Soybean,2.148
F01806,2019-K,Soybean,1.835
F01807,2019-K,Soybean,2.203
F01808,2019-K,Soybean,3.386
F01809,2019-K,Soybean,4.507
F01810,2019-K,Soybean,2.083
F01811,2019-K,Soybean,2.961
F01812,2019-K,Soybean,0.651
F01813,2019-K,Soybean,1.858
F01814,2019-K,Soybean,5.13
F01815,2019-K,Soybean,1.215
F01816,2019-K,Soybean,1.223
F01817,2019-K,Soybean,0.96
F01818,2019-K,Soybean,3.097
F01819,2019-K,Soybean,1.309
F01820,2019-K,Soybean,0.665
F01821,2019-K,Soybean,1.846
F01822,2019-K,Soybean,2.011
F01823,2019-K,Soybean,0.733
F01824,2019-K,Soybean,3.373
F01825,2019-K,Soybean,5.084
F01826,2019-K,Soybean,1.753
F01827,2019-K,Soybean,1.211
F01828,2019-K,Soybean,1.29
F01829,2019-K,Soybean,4.053
F01830,2019-K,Soybean,1.639
F01831,2019-K,Soybean,3.691
F01832,2019-K,Soybean,6.738
F01833,2019-K,Soybean,1.938
F01834,2019-K,Soybean,3.322
F01835,2019-K,Soybean,3.536
F01836,2019-K,Soybean,4.173
F01837,2019-K,Soybean,2.058
F01838,2019-K,Soybean,5.116
F01839,2019-K,Soybean,2.141
F01840,2019-K,Soybean,1.145
F01841,2019-K,Soybean,1.484
F01842,2019-K,Soybean,1.905
F01843,2019-K,Soybean,1.729
F01844,2019-K,Soybean,1.696
F01845,2019-K,Soybean,2.277
F01846,2019-K,Soybean,2.368
F01847,2019-K,Soybean,2.627
F01848,2019-K,Soybean,2.946
F01849,2019-K,Soybean,2.15
F01850,2019-K,Soybean,2.602
F01851,2019-K,Soybean,4.691
F01852,2019-K,Soybean,9.071
F01853,2019-K,Soybean,5.024
F01854,2019-K,Soybean,2.627
F01855,2019-K,Soybean,4.959
F01856,2019-K,Soybean,3.335
F01857,2019-K,Soybean,1.07
F01858,2019-K,Soybean,1.799
F01859,2019-K,Soybean,2.409
F01860,2019-K,Soybean,1.467
F01861,2019-K,Soybean,2.475
F01862,2019-K,Soybean,3.163
F01863,2019-K,Soybean,2.689
F01864,2019-K,Soybean,0.842
F01865,2019-K,Soybean,3.655
F01866,2019-K,Soybean,1.456
F01867,2019-K,Soybean,1.291
F01868,2019-K,Soybean,3.307
F01869,2019-K,Soybean,2.164
F01870,2019-K,Soybean,2.452
F01871,2019-K,Soybean,7.672
F01872,2019-K,Soybean,1.997
F01873,2019-K,Soybean,1.537
F01874,2019-K,Soybean,7.165
F01875,2019-K,Soybean,3.142
F01876,2019-K,Soybean,2.454
F01877,2019-K,Soybean,1.761
F01878,2019-K,Soybean,1.756
F01879,2019-K,Soybean,1.124
F01880,2019-K,Soybean,4.531
F01881,2019-K,Soybean,2.094
F01882,2019-K,Soybean,2.443
F01883,2019-K,Soybean,3.796
F01884,2019-K,Soybean,1.93
F01885,2019-K,Soybean,6.338
F01886,2019-K,Soybean,6.88
F01887,2019-K,Soybean,4.758
F01888,2019-K,Soybean,1.136
F01889,2019-K,Soybean,4.535
F01890,2019-K,Soybean,3.083
F01891,2019-K,Soybean,2.421
F01892,2019-K,Soybean,2.608
F01893,2019-K,Soybean,1.689
F01894,2019-K,Soybean,2.878
F01895,2019-K,Soybean,4.87
F01896,2019-K,Soybean,2.176
F01897,2019-K,Soybean,1.456
F01898,2019-K,Soybean,1.083
F01899,2019-K,Soybean,6.968
F01900,2019-K,Soybean,1.142
F01901,2019-K,Soybean,1.717
F01902,2019-K,Soybean,2.587
F01903,2019-K,Soybean,1.908
F01904,2019-K,Soybean,1.008
F01905,2019-K,Soybean,2.616
F01906,2019-K,Soybean,1.294
F01907,2019-K,Soybean,3.069
F01908,2019-K,Soybean,2.518
F01909,2019-K,Soybean,8.726
F01910,2019-K,Soybean,1.578
F01911,2019-K,Soybean,2.569
F01912,2019-K,Soybean,6.659
F01913,2019-K,Soybean,2.142
F01914,2019-K,Soybean,1.425
F01915,2019-K,Soybean,2.874
F01916,2019-K,Soybean,4.51
F01917,2019-K,Soybean,0.858
F01918,2019-K,Soybean,1.202
F01919,2019-K,Soybean,2.489
F01920,2019-K,Soybean,1.842
F01921,2019-K,Soybean,1.89
F01922,2019-K,Soybean,3.031
F01923,2019-K,Soybean,9.642
F01924,2019-K,Soybean,3.009
F01925,2019-K,Soybean,3.406
F01926,2019-K,Soybean,2.687
F01927,2019-K,Soybean,1.743
F01928,2019-K,Soybean,4.517
F01929,2019-K,Soybean,1.706
F01930,2019-K,Soybean,6.164
F01931,2019-K,Soybean,1.632
F01932,2019-K,Soybean,2.531
F01933,2019-K,Soybean,1.44
F01934,2019-K,Soybean,2.034
F01935,2019-K,Soybean,4.963
F01936,2019-K,Soybean,3.596
F01937,2019-K,Soybean,2.188
F01938,2019-K,Soybean,1.142
F01939,2019-K,Soybean,2.798
F01940,2019-K,Soybean,1.475
F01941,2019-K,Soybean,4.101
F01942,2019-K,Soybean,2.161
F01943,2019-K,Soybean,1.383
F01944,2019-K,Soybean,1.735
F01945,2019-K,Soybean,0.956
F01946,2019-K,Soybean,2.305
F01947,2019-K,Soybean,3.344
F01948,2019-K,Soybean,2.64
F01949,2019-K,Soybean,2.114
F01950,2019-K,Soybean,1.769
F01951,2019-K,Soybean,4.307
F01952,2019-K,Soybean,2.366
F01953,2019-K,Soybean,1.626
F01954,2019-K,Soybean,1.809
F01955,2019-K,Soybean,4.662
F01956,2019-K,Soybean,6.085
F01957,2019-K,Soybean,1.266
F01958,2019-K,Soybean,1.269
F01959,2019-K,Soybean,1.777
F01960,2019-K,Soybean,0.692
F01961,2019-K,Soybean,3.756
F01962,2019-K,Soybean,2.083
F01963,2019-K,Soybean,2.466
F01964,2019-K,Soybean,1.209
F01965,2019-K,Soybean,1.229
F01966,2019-K,Soybean,5.589
F01967,2019-K,Soybean,1.882
F01968,2019-K,Soybean,1.183
F01969,2019-K,Soybean,1.688
F01970,2019-K,Soybean,1.669
F01971,2019-K,Soybean,2.725
F01972,2019-K,Soybean,1.291
F01973,2019-K,Soybean,2.848
F01974,2019-K,Soybean,1.475
F01975,2019-K,Soybean,1.801
F01976,2019-K,Soybean,2.346
F01977,2019-K,Soybean,2.545
F01978,2019-K,Soybean,4.465
F01979,2019-K,Soybean,1.409
F01980,2019-K,Soybean,2.433
F01981,2019-K,Soybean,1.222
F01982,2019-K,Soybean,2.38
F01983,2019-K,Soybean,2.77
F01984,2019-K,Soybean,2.69
F01985,2019-K,Soybean,3.218
F01986,2019-K,Soybean,2.647
F01987,2019-K,Soybean,6.18
F01988,2019-K,Soybean,5.199
F01989,2019-K,Soybean,1.505
F01990,2019-K,Soybean,4.03
F01991,2019-K,Soybean,2.052
F01992,2019-K,Soybean,1.413
F01993,2019-K,Soybean,2.29
F01994,2019-K,Soybean,2.781
F01995,2019-K,Soybean,4.597
F01996,2019-K,Soybean,2.879
F01997,2019-K,Soybean,0.717
F01998,2019-K,Soybean,4.431
F01999,2019-K,Soybean,1.422
F02000,2019-K,Soybean,0.76
F02001,2019-K,Soybean,2.039
F02002,2019-K,Soybean,1.235
F02003,2019-K,Soybean,3.128
F02004,2019-K,Soybean,2.824
F02005,2019-K,Soybean,2.556
F02006,2019-K,Soybean,5.494
F02007,2019-K,Soybean,3.198
F02008,2019-K,Soybean,1.36
F02009,2019-K,Soybean,2.195
F02010,2019-K,Soybean,1.353
F02011,2019-K,Soybean,1.192
F02012,2019-K,Soybean,2.404
F02013,2019-K,Soybean,1.742
F02014,2019-K,Soybean,1.698
F02015,2019-K,Soybean,2.981
F02016,2019-K,Soybean,2.236
F02017,2019-K,Soybean,1.809
F02018,2019-K,Soybean,3.952
F02019,2019-K,Soybean,4.736
F02020,2019-K,Soybean,5.264
F02021,2019-K,Soybean,3.051
F02022,2019-K,Soybean,3.747
F02023,2019-K,Soybean,0.526
F02024,2019-K,Soybean,2.369
F02025,2019-K,Soybean,2.175
F02026,2019-K,Soybean,2.027
F02027,2019-K,Soybean,1.114
F02028,2019-K,Soybean,5.465
F02029,2019-K,Soybean,1.83
F02030,2019-K,Soybean,1.463
F02031,2019-K,Soybean,2.119
F02032,2019-K,Soybean,0.658
F02033,2019-K,Soybean,2.065
F02034,2019-K,Soybean,5.44
F02035,2019-K,Soybean,3.652
F02036,2019-K,Soybean,3.331
F02037,2019-K,Soybean,1.22
F02038,2019-K,Soybean,4.179
F02039,2019-K,Soybean,1.482
F02040,2019-K,Soybean,2.195
F02041,2019-K,Soybean,1.204
F02042,2019-K,Soybean,1.482
F02043,2019-K,Soybean,1.612
F02044,2019-K,Soybean,4.399
F02045,2019-K,Soybean,2.252
F02046,2019-K,Soybean,2.531
F02047,2019-K,Soybean,1.734
F02048,2019-K,Soybean,4.097
F02049,2019-K,Soybean,2.306
F02050,2019-K,Soybean,2.014
F02051,2019-K,Soybean,1.598
F02052,2019-K,Soybean,2.58
F02053,2019-K,Soybean,1.122
F02054,2019-K,Soybean,6.135
F02055,2019-K,Soybean,2.295
F02056,2019-K,Soybean,4.039
F02057,2019-K,Soybean,1.737
F02058,2019-K,Soybean,0.903
F02059,2019-K,Soybean,1.228
F02060,2019-K,Soybean,6.493
F02061,2019-K,Soybean,2.595
F02062,2019-K,Soybean,3.202
F02063,2019-K,Groundnut,2.581
F02064,2019-K,Groundnut,5.144
F02064,2019-K,Soybean,4.168
F02065,2019-K,Groundnut,7.456
F02066,2019-K,Groundnut,1.53
F02067,2019-K,Groundnut,2.243
F02068,2019-K,Groundnut,2.249
F02069,2019-K,Groundnut,6.399
F02070,2019-K,Groundnut,3.811
F02071,2019-K,Groundnut,6.077
F02071,2019-K,Soybean,4.321
F02072,2019-K,Groundnut,10.95
F02072,2019-K,Soybean,9.002
F02073,2019-K,Groundnut,2.503
F02074,2019-K,Groundnut,2.55
F02075,2019-K,Groundnut,2.163
F02076,2019-K,Groundnut,3.183
F02076,2019-K,Soybean,2.496
F02077,2019-K,Groundnut,5.047
F02078,2019-K,Groundnut,1.305
F02078,2019-K,Soybean,1.091
F02079,2019-K,Groundnut,1.712
F02080,2019-K,Groundnut,1.511
F02081,2019-K,Groundnut,1.434
F02081,2019-K,Soybean,1.184
F02082,2019-K,Groundnut,3.459
F02083,2019-K,Groundnut,2.545
F02084,2019-K,Groundnut,8.181
F02084,2019-K,Soybean,7.054
F02085,2019-K,Groundnut,5.971
F02086,2019-K,Groundnut,0.967
F02086,2019-K,Soybean,0.75
F02087,2019-K,Groundnut,3.011
F02088,2019-K,Groundnut,3.104
F02089,2019-K,Groundnut,2.684
F02089,2019-K,Soybean,2.022
F02090,2019-K,Groundnut,2.149
F02090,2019-K,Soybean,1.922
F02091,2019-K,Groundnut,3.385
F02092,2019-K,Groundnut,2.177
F02093,2019-K,Groundnut,1.58
F02094,2019-K,Groundnut,4.899
F02095,2019-K,Groundnut,8.372
F02096,2019-K,Groundnut,0.859
F02097,2019-K,Groundnut,3.898
F02097,2019-K,Soybean,2.873
F02098,2019-K,Groundnut,3.025
F02099,2019-K,Groundnut,3.065
F02099,2019-K,Soybean,2.693
F02100,2019-K,Groundnut,2.467
F02101,2019-K,Groundnut,3.078
F02102,2019-K,Groundnut,2.273
F02103,2019-K,Groundnut,2.611
F02103,2019-K,Soybean,1.938
F02104,2019-K,Groundnut,0.848
F02105,2019-K,Groundnut,1.903
F02106,2019-K,Groundnut,2.981
F02107,2019-K,Groundnut,2.781
F02108,2019-K,Groundnut,4.6
F02109,2019-K,Groundnut,4.308
F02109,2019-K,Soybean,3.539
F02110,2019-K,Groundnut,3.577
F02111,2019-K,Groundnut,5.869
F02112,2019-K,Groundnut,3.904
F02113,2019-K,Groundnut,3.888
F02114,2019-K,Groundnut,6.964
F02114,2019-K,Soybean,5.588
F02115,2019-K,Groundnut,2.043
F02115,2019-K,Soybean,1.627
F02116,2019-K,Groundnut,8.601
F02116,2019-K,Soybean,6.846
F02117,2019-K,Groundnut,3.463
F02117,2019-K,Soybean,2.743
F02118,2019-K,Groundnut,4.056
F02118,2019-K,Soybean,3.005
F02119,2019-K,Groundnut,6.231
F02120,2019-K,Groundnut,1.878
F02121,2019-K,Groundnut,4.167
F02122,2019-K,Groundnut,1.734
F02123,2019-K,Groundnut,2.552
F02124,2019-K,Groundnut,2.705
F02124,2019-K,Soybean,2.007
F02125,2019-K,Groundnut,2.064
F02126,2019-K,Groundnut,3.403
F02126,2019-K,Soybean,2.596
F02127,2019-K,Groundnut,1.971
F02128,2019-K,Groundnut,4.768
F02129,2019-K,Groundnut,4.246
F02130,2019-K,Groundnut,8.902
F02131,2019-K,Groundnut,3.278
F02131,2019-K,Soybean,2.539
F02132,2019-K,Groundnut,8.169
F02133,2019-K,Groundnut,2.191
F02134,2019-K,Groundnut,2.387
F02134,2019-K,Soybean,1.747
F02135,2019-K,Groundnut,1.901
F02135,2019-K,Soybean,1.419
F02136,2019-K,Groundnut,6.094
F02137,2019-K,Groundnut,3.317
F02138,2019-K,Groundnut,1.659
F02139,2019-K,Groundnut,5.767
F02140,2019-K,Groundnut,3.658
F02140,2019-K,Soybean,3.019
F02141,2019-K,Groundnut,2.772
F02141,2019-K,Soybean,2.16
F02142,2019-K,Groundnut,5.601
F02143,2019-K,Groundnut,3.109
F02144,2019-K,Groundnut,2.421
F02144,2019-K,Soybean,2.039
F02145,2019-K,Groundnut,6.04
F02146,2019-K,Groundnut,1.764
F02147,2019-K,Groundnut,3.679
F02148,2019-K,Groundnut,1.618
F02149,2019-K,Groundnut,3.637
F02150,2019-K,Groundnut,3.563
F02150,2019-K,Soybean,2.997
F02151,2019-K,Groundnut,2.428
F02152,2019-K,Groundnut,3.665
F02153,2019-K,Groundnut,4.606
F02154,2019-K,Groundnut,3.342
F02155,2019-K,Groundnut,3.325
F02156,2019-K,Groundnut,2.766
F02157,2019-K,Groundnut,4.506
F02158,2019-K,Groundnut,5.168
F02159,2019-K,Groundnut,3.614
F02159,2019-K,Soybean,2.799
F02160,2019-K,Groundnut,2.579
F02160,2019-K,Soybean,2.2
F02161,2019-K,Groundnut,8.098
F02162,2019-K,Groundnut,1.374
F02162,2019-K,Soybean,1.093
F02163,2019-K,Groundnut,2.617
F02163,2019-K,Soybean,2.393
F02164,2019-K,Groundnut,3.827
F02165,2019-K,Groundnut,0.968
F02166,2019-K,Groundnut,2.195
F02167,2019-K,Groundnut,4.663
F02168,2019-K,Groundnut,8.921
F02169,2019-K,Groundnut,2.736
F02170,2019-K,Groundnut,2.898
F02171,2019-K,Groundnut,3.788
F02171,2019-K,Soybean,3.151
F02172,2019-K,Groundnut,1.471
F02173,2019-K,Groundnut,3.329
F02174,2019-K,Groundnut,1.625
F02175,2019-K,Groundnut,1.485
F02176,2019-K,Groundnut,2.133
F02177,2019-K,Groundnut,1.898
F02178,2019-K,Groundnut,4.39
F02179,2019-K,Groundnut,2.59
F02180,2019-K,Groundnut,1.631
F02181,2019-K,Groundnut,3.686
F02181,2019-K,Soybean,2.903
F02182,2019-K,Groundnut,4.016
F02182,2019-K,Soybean,3.42
F02183,2019-K,Groundnut,2.63
F02184,2019-K,Groundnut,4.747
F02184,2019-K,Soybean,4.227
F02185,2019-K,Groundnut,2.914
F02186,2019-K,Groundnut,1.454
F02187,2019-K,Groundnut,9.114
F02188,2019-K,Groundnut,6.367
F02188,2019-K,Soybean,5.076
F02189,2019-K,Groundnut,3.737
F02190,2019-K,Groundnut,3.116
F02190,2019-K,Soybean,2.935
F02191,2019-K,Groundnut,3.362
F02191,2019-K,Soybean,3.174
F02192,2019-K,Groundnut,1.66
F02193,2019-K,Groundnut,3.663
F02194,2019-K,Groundnut,1.914
F02195,2019-K,Groundnut,2.007
F02196,2019-K,Groundnut,5.264
F02197,2019-K,Groundnut,1.633
F02198,2019-K,Groundnut,4.314
F02199,2019-K,Groundnut,2.978
F02200,2019-K,Groundnut,7.258
F02201,2019-K,Groundnut,3.26
F02201,2019-K,Soybean,2.792
F02202,2019-K,Groundnut,6.896
F02203,2019-K,Groundnut,11.243
F02204,2019-K,Groundnut,1.164
F02204,2019-K,Soybean,1.088
F02205,2019-K,Groundnut,1.796
F02205,2019-K,Soybean,1.509
F02206,2019-K,Groundnut,1.728
F02207,2019-K,Groundnut,2.632
F02208,2019-K,Groundnut,1.382
F02209,2019-K,Groundnut,4.889
F02210,2019-K,Groundnut,2.453
F02211,2019-K,Groundnut,1.388
F02212,2019-K,Groundnut,3.421
F02213,2019-K,Groundnut,2.306
F02214,2019-K,Groundnut,2.767
F02214,2019-K,Soybean,2.229
F02215,2019-K,Groundnut,3.019
F02215,2019-K,Soybean,2.355
F02216,2019-K,Groundnut,3.111
F02217,2019-K,Groundnut,5.628
F02218,2019-K,Groundnut,1.348
F02219,2019-K,Soybean,2.574
F02220,2019-K,Soybean,4.229
F02221,2019-K,Soybean,2.905
F02222,2019-K,Soybean,2.053
F02223,2019-K,Cotton,1.507
F02224,2019-K,Soybean,2.697
F02225,2019-K,Cotton,2.97
F02226,2019-K,Soybean,1.844
F02227,2019-K,Soybean,1.639
F02228,2019-K,Soybean,3.342
F02229,2019-K,Cotton,0.878
F02230,2019-K,Soybean,1.881
F02231,2019-K,Soybean,2.37
F02232,2019-K,Cotton,1.311
F02233,2019-K,Cotton,1.507
F02234,2019-K,Soybean,0.854
F02235,2019-K,Soybean,4.744
F02236,2019-K,Soybean,3.126
F02237,2019-K,Paddy,15.124
F02238,2019-K,Soybean,2.774
F02239,2019-K,Soybean,4.044
F02240,2019-K,Soybean,2.315
F02241,2019-K,Paddy,12.976
F02242,2019-K,Soybean,4.241
F02243,2019-K,Soybean,3.073
F02244,2019-K,Soybean,4.155
F02245,2019-K,Soybean,6.181
F02246,2019-K,Soybean,2.599
F02247,2019-K,Soybean,1.58
F02248,2019-K,Paddy,5.737
F02249,2019-K,Soybean,3.406
F02250,2019-K,Soybean,3.55
F02251,2019-K,Groundnut,2.752
F02252,2019-K,Soybean,2.869
F02253,2019-K,Groundnut,1.977
F02254,2019-K,Groundnut,3.346
F01001,2019-R,Gram,0.887
F01001,2019-R,Wheat,3.002
F01002,2019-R,Gram,0.814
F01003,2019-R,Gram,1.02
F01004,2019-R,Gram,1.091
F01004,2019-R,Wheat,2.859
F01005,2019-R,Gram,3.533
F01006,2019-R,Gram,0.919
F01007,2019-R,Gram,1.54
F01008,2019-R,Gram,0.975
F01009,2019-R,Gram,1.035
F01010,2019-R,Gram,1.572
F01011,2019-R,Gram,3.069
F01011,2019-R,Wheat,8.503
F01012,2019-R,Gram,2.178
F01013,2019-R,Gram,1.867
F01014,2019-R,Gram,1.049
F01015,2019-R,Gram,2.929
F01015,2019-R,Wheat,6.54
F01016,2019-R,Gram,1.161
F01017,2019-R,Gram,2.484
F01017,2019-R,Wheat,6.753
F01018,2019-R,Gram,2.208
F01019,2019-R,Gram,1.61
F01020,2019-R,Gram,0.5
F01020,2019-R,Wheat,1.418
F01021,2019-R,Gram,1.515
F01021,2019-R,Wheat,4.1
F01022,2019-R,Gram,1.17
F01023,2019-R,Gram,1.336
F01024,2019-R,Gram,5.346
F01024,2019-R,Wheat,14.802
F01025,2019-R,Gram,5.415
F01026,2019-R,Gram,1.857
F01027,2019-R,Gram,1.59
F01028,2019-R,Gram,2.399
F01029,2019-R,Gram,1.499
F01030,2019-R,Gram,0.522
F01030,2019-R,Wheat,1.325
F01031,2019-R,Gram,2.188
F01032,2019-R,Gram,1.307
F01032,2019-R,Wheat,3.416
F01033,2019-R,Gram,0.961
F01034,2019-R,Gram,0.954
F01035,2019-R,Gram,0.753
F01035,2019-R,Wheat,1.991
F01036,2019-R,Gram,1.358
F01037,2019-R,Gram,0.946
F01037,2019-R,Wheat,2.916
F01038,2019-R,Gram,4.788
F01039,2019-R,Gram,1.732
F01039,2019-R,Wheat,4.482
F01040,2019-R,Gram,2.112
F01041,2019-R,Gram,3.099
F01041,2019-R,Wheat,8.079
F01042,2019-R,Gram,2.691
F01043,2019-R,Gram,3.226
F01044,2019-R,Gram,3.023
F01044,2019-R,Wheat,6.726
F01045,2019-R,Gram,1.842
F01046,2019-R,Gram,0.706
F01046,2019-R,Wheat,1.922
F01047,2019-R,Gram,0.84
F01047,2019-R,Wheat,2.197
F01048,2019-R,Gram,0.669
F01049,2019-R,Gram,1.563
F01049,2019-R,Wheat,4.346
F01050,2019-R,Gram,3.35
F01051,2019-R,Gram,1.798
F01051,2019-R,Wheat,4.682
F01052,2019-R,Gram,2.366
F01053,2019-R,Gram,2.562
F01054,2019-R,Gram,3.759
F01054,2019-R,Wheat,9.528
F01055,2019-R,Gram,1.939
F01055,2019-R,Wheat,5.05
F01056,2019-R,Gram,3.373
F01056,2019-R,Wheat,8.719
F01057,2019-R,Gram,1.913
F01058,2019-R,Gram,3.416
F01059,2019-R,Gram,1.841
F01059,2019-R,Wheat,4.404
F01060,2019-R,Gram,1.903
F01060,2019-R,Wheat,5.953
F01061,2019-R,Gram,2.198
F01062,2019-R,Gram,2.752
F01062,2019-R,Wheat,7.452
F01063,2019-R,Gram,0.999
F01063,2019-R,Wheat,2.914
F01064,2019-R,Gram,3.122
F01066,2019-R,Gram,2.378
F01066,2019-R,Wheat,6.78
F01067,2019-R,Gram,0.977
F01068,2019-R,Gram,2.522
F01069,2019-R,Gram,2.569
F01070,2019-R,Gram,1.455
F01070,2019-R,Wheat,4.08
F01071,2019-R,Gram,1.154
F01072,2019-R,Gram,2.327
F01072,2019-R,Wheat,6.371
F01073,2019-R,Gram,1.446
F01074,2019-R,Gram,0.714
F01075,2019-R,Gram,4.188
F01076,2019-R,Gram,1.603
F01076,2019-R,Wheat,4.758
F01077,2019-R,Gram,2.794
F01078,2019-R,Gram,1.069
F01079,2019-R,Gram,1.288
F01080,2019-R,Gram,4.626
F01081,2019-R,Gram,1.907
F01081,2019-R,Wheat,5.214
F01082,2019-R,Gram,1.022
F01083,2019-R,Gram,1.341
F01083,2019-R,Wheat,3.509
F01084,2019-R,Gram,0.718
F01084,2019-R,Wheat,2.068
F01085,2019-R,Gram,2.38
F01086,2019-R,Gram,2.463
F01087,2019-R,Gram,3.053
F01088,2019-R,Gram,0.669
F01088,2019-R,Wheat,1.944
F01089,2019-R,Gram,3.461
F01089,2019-R,Wheat,9.348
F01090,2019-R,Gram,1.241
F01091,2019-R,Gram,2.747
F01091,2019-R,Wheat,8.081
F01092,2019-R,Gram,1.556
F01093,2019-R,Gram,4.634
F01094,2019-R,Gram,0.551
F01094,2019-R,Wheat,1.37
F01095,2019-R,Gram,0.892
F01095,2019-R,Wheat,2.463
F01096,2019-R,Gram,3.61
F01097,2019-R,Gram,1.307
F01098,2019-R,Gram,0.981
F01098,2019-R,Wheat,2.524
F01099,2019-R,Gram,2.089
F01099,2019-R,Wheat,6.236
F01100,2019-R,Gram,1.096
F01101,2019-R,Gram,0.45
F01101,2019-R,Wheat,1.329
F01102,2019-R,Gram,1.809
F01103,2019-R,Gram,2.329
F01104,2019-R,Gram,2.97
F01105,2019-R,Gram,2.463
F01106,2019-R,Gram,0.724
F01107,2019-R,Gram,1.91
F01108,2019-R,Gram,1.409
F01109,2019-R,Gram,1.548
F01110,2019-R,Gram,1.939
F01110,2019-R,Wheat,5.209
F01111,2019-R,Gram,1.746
F01112,2019-R,Gram,2.452
F01112,2019-R,Wheat,6.845
F01113,2019-R,Gram,1.772
F01114,2019-R,Gram,1.99
F01115,2019-R,Gram,2.013
F01115,2019-R,Wheat,5.795
F01116,2019-R,Gram,1.424
F01117,2019-R,Gram,1.476
F01118,2019-R,Gram,1.76
F01119,2019-R,Gram,1.193
F01119,2019-R,Wheat,3.306
F01120,2019-R,Gram,2.076
F01120,2019-R,Wheat,5.983
F01121,2019-R,Gram,0.755
F01122,2019-R,Gram,0.591
F01122,2019-R,Wheat,1.548
F01123,2019-R,Gram,1.439
F01124,2019-R,Gram,0.605
F01125,2019-R,Gram,1.397
F01126,2019-R,Gram,1.361
F01127,2019-R,Gram,4.291
F01128,2019-R,Gram,1.142
F01129,2019-R,Gram,2.315
F01129,2019-R,Wheat,5.895
F01130,2019-R,Gram,1.247
F01131,2019-R,Gram,1.407
F01131,2019-R,Wheat,3.756
F01132,2019-R,Gram,2.677
F01133,2019-R,Gram,0.735
F01133,2019-R,Wheat,2.197
F01134,2019-R,Gram,1.313
F01135,2019-R,Gram,1.391
F01136,2019-R,Gram,2.754
F01137,2019-R,Gram,2.025
F01138,2019-R,Gram,1.35
F01139,2019-R,Gram,1.091
F01139,2019-R,Wheat,2.915
F01140,2019-R,Gram,1.046
F01141,2019-R,Gram,1.818
F01141,2019-R,Wheat,4.793
F01142,2019-R,Gram,1.018
F01143,2019-R,Gram,1.43
F01143,2019-R,Wheat,3.907
F01144,2019-R,Gram,1.218
F01145,2019-R,Gram,0.965
F01146,2019-R,Gram,1.054
F01147,2019-R,Gram,2.427
F01147,2019-R,Wheat,6.643
F01148,2019-R,Gram,0.608
F01149,2019-R,Gram,1.339
F01149,2019-R,Wheat,3.679
F01150,2019-R,Gram,2.839
F01151,2019-R,Gram,0.489
F01152,2019-R,Gram,3.08
F01153,2019-R,Gram,1.995
F01153,2019-R,Wheat,5.26
F01154,2019-R,Wheat,3.28
F01155,2019-R,Wheat,2.024
F01156,2019-R,Wheat,3.059
F01156,2019-R,Gram,1.07
F01157,2019-R,Wheat,1.537
F01158,2019-R,Wheat,5.371
F01159,2019-R,Wheat,7.667
F01159,2019-R,Gram,2.868
F01160,2019-R,Wheat,4.536
F01161,2019-R,Wheat,5.567
F01161,2019-R,Gram,2.138
F01162,2019-R,Wheat,4.979
F01162,2019-R,Gram,1.846
F01163,2019-R,Wheat,10.106
F01164,2019-R,Wheat,7.06
F01165,2019-R,Wheat,7.25
F01166,2019-R,Wheat,3.424
F01167,2019-R,Wheat,5.896
F01168,2019-R,Wheat,4.555
F01169,2019-R,Wheat,6.844
F01170,2019-R,Wheat,5.639
F01171,2019-R,Wheat,3.241
F01171,2019-R,Gram,1.302
F01172,2019-R,Wheat,4.555
F01173,2019-R,Wheat,3.56
F01174,2019-R,Wheat,3.258
F01175,2019-R,Wheat,11.678
F01175,2019-R,Gram,4.523
F01176,2019-R,Wheat,2.352
F01177,2019-R,Wheat,4.478
F01178,2019-R,Wheat,4.681
F01178,2019-R,Gram,1.648
F01179,2019-R,Wheat,6.971
F01179,2019-R,Gram,2.523
F01180,2019-R,Wheat,2.447
F01180,2019-R,Gram,0.926
F01181,2019-R,Wheat,7.431
F01182,2019-R,Wheat,6.448
F01183,2019-R,Wheat,3.973
F01183,2019-R,Gram,1.477
F01184,2019-R,Wheat,3.716
F01185,2019-R,Wheat,4.568
F01186,2019-R,Wheat,4.533
F01186,2019-R,Gram,1.645
F01187,2019-R,Wheat,3.051
F01187,2019-R,Gram,1.068
F01188,2019-R,Wheat,7.019
F01188,2019-R,Gram,2.618
F01189,2019-R,Wheat,9.434
F01189,2019-R,Gram,3.055
F01190,2019-R,Wheat,9.048
F01191,2019-R,Wheat,3.86
F01192,2019-R,Wheat,8.326
F01193,2019-R,Wheat,10.041
F01193,2019-R,Gram,3.822
F01194,2019-R,Wheat,6.258
F01194,2019-R,Gram,2.579
F01195,2019-R,Wheat,9.084
F01196,2019-R,Wheat,5.551
F01197,2019-R,Wheat,2.536
F01198,2019-R,Wheat,4.244
F01199,2019-R,Wheat,6.428
F01200,2019-R,Wheat,4.42
F01201,2019-R,Wheat,2.504
F01202,2019-R,Wheat,7.597
F01203,2019-R,Wheat,3.943
F01204,2019-R,Wheat,7.411
F01205,2019-R,Wheat,5.322
F01205,2019-R,Gram,1.941
F01206,2019-R,Wheat,2.765
F01207,2019-R,Wheat,5.713
F01208,2019-R,Wheat,7.013
F01209,2019-R,Wheat,6.828
F01210,2019-R,Wheat,5.169
F01210,2019-R,Gram,2.005
F01211,2019-R,Wheat,5.743
F01211,2019-R,Gram,2.218
F01212,2019-R,Wheat,4.995
F01213,2019-R,Wheat,8.403
F01213,2019-R,Gram,3.29
F01214,2019-R,Wheat,9.963
F01214,2019-R,Gram,3.551
F01215,2019-R,Wheat,6.199
F01216,2019-R,Wheat,4.319
F01217,2019-R,Wheat,3.809
F01217,2019-R,Gram,1.384
F01218,2019-R,Wheat,3.339
F01218,2019-R,Gram,1.283
F01219,2019-R,Wheat,5.682
F01220,2019-R,Wheat,2.028
F01220,2019-R,Gram,0.713
F01221,2019-R,Wheat,3.938
F01221,2019-R,Gram,1.455
F01222,2019-R,Wheat,4.346
F01223,2019-R,Wheat,13.43
F01223,2019-R,Gram,4.889
F01224,2019-R,Wheat,3.21
F01225,2019-R,Wheat,4.795
F01226,2019-R,Wheat,2.814
F01227,2019-R,Wheat,8.311
F01227,2019-R,Gram,3.152
F01228,2019-R,Wheat,2.142
F01229,2019-R,Wheat,1.592
F01230,2019-R,Wheat,3.027
F01231,2019-R,Wheat,11.931
F01231,2019-R,Gram,4.53
F01232,2019-R,Wheat,3.454
F01232,2019-R,Gram,1.303
F01233,2019-R,Wheat,6.387
F01234,2019-R,Wheat,6.668
F01234,2019-R,Gram,2.552
F01235,2019-R,Wheat,4.694
F01236,2019-R,Wheat,5.22
F01236,2019-R,Gram,1.998
F01237,2019-R,Wheat,10.357
F01237,2019-R,Gram,3.655
F01238,2019-R,Wheat,1.776
F01239,2019-R,Wheat,5.695
F01240,2019-R,Wheat,2.441
F01241,2019-R,Wheat,5.036
F01242,2019-R,Wheat,5.003
F01243,2019-R,Wheat,3.525
F01243,2019-R,Gram,1.294
F01244,2019-R,Wheat,2.315
F01245,2019-R,Wheat,6.762
F01246,2019-R,Wheat,7.962
F01246,2019-R,Gram,3.114
F01247,2019-R,Wheat,3.96
F01248,2019-R,Wheat,3.464
F01249,2019-R,Wheat,4.746
F01249,2019-R,Gram,1.801
F01250,2019-R,Wheat,1.776
F01251,2019-R,Wheat,4.005
F01252,2019-R,Wheat,9.087
F01253,2019-R,Wheat,2.504
F01253,2019-R,Gram,1.061
F01254,2019-R,Wheat,12.845
F01254,2019-R,Gram,5.435
F01255,2019-R,Wheat,3.871
F01256,2019-R,Wheat,2.417
F01256,2019-R,Gram,0.912
F01257,2019-R,Wheat,4.577
F01258,2019-R,Wheat,1.954
F01258,2019-R,Gram,0.801
F01259,2019-R,Wheat,6.175
F01259,2019-R,Gram,2.252
F01260,2019-R,Wheat,8.623
F01261,2019-R,Wheat,4.739
F01262,2019-R,Wheat,6.544
F01263,2019-R,Wheat,4.235
F01263,2019-R,Gram,1.72
F01264,2019-R,Wheat,2.744
F01265,2019-R,Wheat,4.224
F01266,2019-R,Wheat,5.906
F01267,2019-R,Wheat,5.06
F01268,2019-R,Wheat,5.317
F01268,2019-R,Gram,1.822
F01269,2019-R,Wheat,5.659
F01270,2019-R,Wheat,4.057
F01271,2019-R,Wheat,2.009
F01272,2019-R,Wheat,5.267
F01272,2019-R,Gram,1.943
F01273,2019-R,Wheat,6.696
F01273,2019-R,Gram,2.67
F01274,2019-R,Wheat,2.726
F01275,2019-R,Wheat,2.934
F01275,2019-R,Gram,1.104
F01276,2019-R,Wheat,3.434
F01276,2019-R,Gram,1.31
F01277,2019-R,Wheat,4.105
F01278,2019-R,Wheat,5.783
F01279,2019-R,Wheat,9.841
F01280,2019-R,Wheat,8.83
F01280,2019-R,Gram,3.831
F01281,2019-R,Wheat,2.76
F01282,2019-R,Wheat,9.387
F01283,2019-R,Wheat,2.155
F01283,2019-R,Gram,0.915
F01284,2019-R,Wheat,3.346
F01285,2019-R,Wheat,8.949
F01286,2019-R,Wheat,6.365
F01287,2019-R,Wheat,13.861
F01288,2019-R,Wheat,5.758
F01289,2019-R,Wheat,13.959
F01289,2019-R,Gram,5.159
F01290,2019-R,Wheat,8.132
F01291,2019-R,Wheat,2.136
F01291,2019-R,Gram,0.855
F01292,2019-R,Wheat,12.096
F01292,2019-R,Gram,4.323
F01293,2019-R,Wheat,5.608
F01295,2019-R,Wheat,2.971
F01295,2019-R,Gram,1.004
F01296,2019-R,Wheat,5.88
F01296,2019-R,Gram,2.343
F01297,2019-R,Wheat,3.254
F01298,2019-R,Wheat,4.071
F01299,2019-R,Wheat,6.904
F01300,2019-R,Wheat,4.554
F01301,2019-R,Wheat,2.539
F01302,2019-R,Wheat,3.324
F01303,2019-R,Wheat,4.136
F01304,2019-R,Wheat,6.147
F01305,2019-R,Wheat,2.022
F01306,2019-R,Wheat,7.064
F01307,2019-R,Wheat,3.545
F01308,2019-R,Wheat,5.81
F01309,2019-R,Wheat,3.829
F01310,2019-R,Wheat,3.058
F01311,2019-R,Wheat,3.148
F01312,2019-R,Wheat,5.735
F01313,2019-R,Wheat,2.195
F01314,2019-R,Wheat,5.092
F01315,2019-R,Wheat,9.604
F01316,2019-R,Wheat,6.093
F01317,2019-R,Wheat,9.052
F01318,2019-R,Wheat,1.88
F01319,2019-R,Wheat,5.796
F01320,2019-R,Wheat,6.782
F01321,2019-R,Wheat,2.423
F01322,2019-R,Wheat,6.597
F01323,2019-R,Wheat,5.104
F01324,2019-R,Wheat,10.769
F01325,2019-R,Wheat,4.741
F01326,2019-R,Wheat,3.419
F01327,2019-R,Wheat,5.055
F01328,2019-R,Wheat,3.588
F01329,2019-R,Wheat,3.394
F01330,2019-R,Wheat,2.785
F01331,2019-R,Wheat,7.655
F01332,2019-R,Wheat,12.679
F01333,2019-R,Wheat,4.442
F01334,2019-R,Wheat,1.567
F01336,2019-R,Wheat,2.073
F01337,2019-R,Wheat,6.568
F01338,2019-R,Wheat,6.042
F01339,2019-R,Wheat,8.695
F01340,2019-R,Wheat,9.566
F01341,2019-R,Wheat,8.305
F01342,2019-R,Wheat,4.906
F01343,2019-R,Wheat,4.531
F01344,2019-R,Wheat,7.643
F01345,2019-R,Wheat,3.049
F01346,2019-R,Wheat,4.369
F01347,2019-R,Wheat,5.073
F01348,2019-R,Wheat,6.194
F01349,2019-R,Wheat,5.324
F01350,2019-R,Wheat,2.156
F01351,2019-R,Wheat,2.795
F01352,2019-R,Wheat,5.52
F01353,2019-R,Wheat,4.068
F01354,2019-R,Wheat,9.488
F01355,2019-R,Wheat,8.567
F01356,2019-R,Wheat,8.419
F01357,2019-R,Wheat,7.611
F01358,2019-R,Wheat,2.233
F01359,2019-R,Wheat,14.491
F01360,2019-R,Wheat,3.4
F01361,2019-R,Wheat,11.682
F01362,2019-R,Wheat,7.274
F01363,2019-R,Wheat,6.865
F01364,2019-R,Wheat,5.619
F01365,2019-R,Wheat,4.084
F01366,2019-R,Wheat,15.641
F01367,2019-R,Wheat,10.423
F01368,2019-R,Wheat,2.765
F01369,2019-R,Wheat,2.043
F01370,2019-R,Wheat,7.774
F01371,2019-R,Wheat,4.657
F01372,2019-R,Wheat,3.385
F01373,2019-R,Wheat,9.411
F01374,2019-R,Wheat,6.444
F01375,2019-R,Wheat,4.097
F01376,2019-R,Wheat,3.742
F01377,2019-R,Wheat,3.206
F01378,2019-R,Wheat,7.142
F01379,2019-R,Wheat,3.072
F01380,2019-R,Wheat,2.3
F01381,2019-R,Wheat,6.118
F01382,2019-R,Wheat,4.748
F01383,2019-R,Wheat,5.953
F01384,2019-R,Wheat,6.469
F01385,2019-R,Wheat,2.486
F01386,2019-R,Wheat,4.767
F01387,2019-R,Wheat,6.864
F01388,2019-R,Wheat,1.782
F01389,2019-R,Wheat,4.787
F01390,2019-R,Wheat,3.775
F01391,2019-R,Wheat,3.616
F01392,2019-R,Wheat,10.144
F01393,2019-R,Wheat,5.345
F01394,2019-R,Wheat,8.697
F01395,2019-R,Wheat,1.362
F01396,2019-R,Wheat,6.869
F01397,2019-R,Wheat,6.103
F01398,2019-R,Wheat,4.413
F01400,2019-R,Wheat,9.772
F01401,2019-R,Wheat,4.362
F01402,2019-R,Wheat,4.548
F01403,2019-R,Wheat,3.816
F01404,2019-R,Wheat,4.832
F01405,2019-R,Wheat,2.78
F01406,2019-R,Wheat,2.385
F01407,2019-R,Wheat,14.512
F01408,2019-R,Wheat,5.734
F01409,2019-R,Wheat,9.983
F01410,2019-R,Wheat,13.253
F01411,2019-R,Wheat,2.268
F01412,2019-R,Wheat,7.311
F01413,2019-R,Wheat,2.213
F01414,2019-R,Wheat,6.847
F01415,2019-R,Wheat,5.082
F01416,2019-R,Wheat,5.213
F01417,2019-R,Wheat,6.158
F01418,2019-R,Wheat,2.018
F01419,2019-R,Wheat,3.788
F01420,2019-R,Wheat,7.887
F01421,2019-R,Wheat,9.034
F01422,2019-R,Wheat,2.505
F01423,2019-R,Wheat,2.423
F01424,2019-R,Wheat,7.798
F01425,2019-R,Wheat,3.194
F01426,2019-R,Wheat,9.086
F01427,2019-R,Wheat,7.339
F01428,2019-R,Wheat,3.595
F01429,2019-R,Wheat,11.052
F01430,2019-R,Wheat,6.588
F01431,2019-R,Wheat,5.224
F01432,2019-R,Wheat,3.149
F01433,2019-R,Wheat,3.524
F01434,2019-R,Wheat,7.034
F01435,2019-R,Wheat,4.455
F01436,2019-R,Wheat,12.504
F01437,2019-R,Wheat,3.801
F01438,2019-R,Wheat,22.211
F01439,2019-R,Wheat,2.81
F01440,2019-R,Wheat,10.435
F01441,2019-R,Wheat,5.062
F01442,2019-R,Wheat,19.899
F01443,2019-R,Wheat,2.486
F01444,2019-R,Wheat,5.961
F01445,2019-R,Wheat,5.963
F01446,2019-R,Wheat,3.239
F01447,2019-R,Wheat,10.791
F01448,2019-R,Wheat,7.711
F01449,2019-R,Wheat,7.852
F01450,2019-R,Wheat,5.588
F01451,2019-R,Wheat,5.888
F01452,2019-R,Wheat,3.717
F01453,2019-R,Wheat,9.83
F01454,2019-R,Wheat,2.757
F01455,2019-R,Wheat,3.553
F01456,2019-R,Wheat,5.986
F01457,2019-R,Wheat,3.558
F01458,2019-R,Mustard,1.784
F01459,2019-R,Mustard,1.601
F01460,2019-R,Mustard,1.816
F01460,2019-R,Wheat,4.372
F01461,2019-R,Mustard,4.091
F01462,2019-R,Mustard,1.832
F01463,2019-R,Mustard,1.327
F01464,2019-R,Mustard,1.162
F01465,2019-R,Mustard,1.226
F01466,2019-R,Mustard,2.364
F01467,2019-R,Mustard,1.579
F01468,2019-R,Mustard,1.428
F01469,2019-R,Mustard,1.594
F01469,2019-R,Wheat,3.966
F01470,2019-R,Mustard,1.798
F01471,2019-R,Mustard,1.182
F01472,2019-R,Mustard,2.446
F01473,2019-R,Mustard,0.897
F01474,2019-R,Mustard,2.974
F01475,2019-R,Mustard,5.31
F01476,2019-R,Mustard,6.134
F01477,2019-R,Mustard,1.034
F01478,2019-R,Mustard,0.9
F01478,2019-R,Wheat,2.009
F01479,2019-R,Mustard,2.097
F01480,2019-R,Mustard,4.01
F01481,2019-R,Mustard,2.04
F01482,2019-R,Mustard,1.726
F01483,2019-R,Mustard,1.725
F01484,2019-R,Mustard,1.594
F01484,2019-R,Wheat,3.872
F01485,2019-R,Mustard,1.119
F01485,2019-R,Wheat,2.895
F01486,2019-R,Mustard,3.403
F01487,2019-R,Mustard,1.27
F01487,2019-R,Wheat,2.679
F01488,2019-R,Mustard,1.949
F01489,2019-R,Mustard,3.643
F01490,2019-R,Mustard,7.921
F01490,2019-R,Wheat,17.594
F01491,2019-R,Mustard,1.632
F01491,2019-R,Wheat,3.459
F01492,2019-R,Mustard,3.726
F01493,2019-R,Mustard,1.765
F01493,2019-R,Wheat,3.894
F01494,2019-R,Mustard,1.515
F01495,2019-R,Mustard,1.649
F01496,2019-R,Mustard,2.402
F01496,2019-R,Wheat,5.475
F01497,2019-R,Mustard,1.309
F01498,2019-R,Mustard,1.671
F01499,2019-R,Mustard,1.243
F01500,2019-R,Mustard,1.802
F01500,2019-R,Wheat,4.469
F01501,2019-R,Mustard,1.08
F01502,2019-R,Mustard,2.22
F01503,2019-R,Mustard,5.163
F01503,2019-R,Wheat,12.196
F01504,2019-R,Mustard,2.064
F01505,2019-R,Mustard,1.613
F01506,2019-R,Mustard,3.053
F01506,2019-R,Wheat,7.066
F01507,2019-R,Mustard,3.371
F01508,2019-R,Mustard,1.343
F01509,2019-R,Mustard,2.848
F01510,2019-R,Mustard,1.199
F01510,2019-R,Wheat,2.922
F01511,2019-R,Mustard,2.209
F01512,2019-R,Mustard,1.527
F01513,2019-R,Mustard,4.905
F01513,2019-R,Wheat,11.407
F01514,2019-R,Mustard,1.548
F01515,2019-R,Mustard,2.077
F01515,2019-R,Wheat,5.506
F01516,2019-R,Mustard,1.222
F01517,2019-R,Mustard,1.559
F01518,2019-R,Mustard,1.188
F01519,2019-R,Mustard,2.976
F01520,2019-R,Mustard,2.081
F01521,2019-R,Mustard,0.523
F01521,2019-R,Wheat,1.227
F01522,2019-R,Mustard,3.429
F01523,2019-R,Mustard,3.097
F01524,2019-R,Mustard,3.837
F01525,2019-R,Mustard,0.952
F01525,2019-R,Wheat,2.162
F01526,2019-R,Mustard,2.683
F01526,2019-R,Wheat,5.865
F01527,2019-R,Mustard,1.435
F01528,2019-R,Mustard,1.083
F01529,2019-R,Mustard,1.388
F01529,2019-R,Wheat,3.432
F01530,2019-R,Mustard,2.607
F01531,2019-R,Mustard,0.935
F01532,2019-R,Mustard,4.72
F01533,2019-R,Mustard,2.432
F01533,2019-R,Wheat,6.486
F01534,2019-R,Mustard,1.453
F01535,2019-R,Mustard,3.339
F01536,2019-R,Mustard,3.507
F01537,2019-R,Mustard,1.525
F01538,2019-R,Mustard,2.559
F01538,2019-R,Wheat,5.965
F01539,2019-R,Mustard,1.669
F01539,2019-R,Wheat,4.178
F01540,2019-R,Mustard,1.929
F01540,2019-R,Wheat,4.978
F01541,2019-R,Mustard,1.447
F01541,2019-R,Wheat,3.556
F01542,2019-R,Mustard,2.247
F01543,2019-R,Mustard,2.875
F01544,2019-R,Mustard,1.401
F01545,2019-R,Mustard,1.861
F01545,2019-R,Wheat,4.225
F01546,2019-R,Mustard,1.52
F01547,2019-R,Mustard,2.192
F01548,2019-R,Mustard,0.956
F01548,2019-R,Wheat,2.215
F01549,2019-R,Mustard,2.545
F01549,2019-R,Wheat,5.908
F01550,2019-R,Mustard,3.887
F01551,2019-R,Mustard,2.596
F01551,2019-R,Wheat,6.064
F01552,2019-R,Mustard,5.256
F01552,2019-R,Wheat,12.74
F01553,2019-R,Mustard,1.036
F01554,2019-R,Mustard,3.012
F01554,2019-R,Wheat,7.267
F01555,2019-R,Mustard,1.65
F01556,2019-R,Mustard,2.946
F01556,2019-R,Wheat,6.151
F01557,2019-R,Mustard,1.757
F01557,2019-R,Wheat,4.408
F01558,2019-R,Mustard,2.682
F01558,2019-R,Wheat,6.6
F01559,2019-R,Mustard,3.976
F01560,2019-R,Mustard,1.437
F01561,2019-R,Mustard,1.714
F01561,2019-R,Wheat,3.7
F01562,2019-R,Mustard,6.552
F01562,2019-R,Wheat,15.914
F01563,2019-R,Mustard,1.914
F01564,2019-R,Mustard,1.61
F01565,2019-R,Mustard,1.94
F01566,2019-R,Mustard,3.816
F01568,2019-R,Mustard,3.138
F01569,2019-R,Mustard,2.169
F01570,2019-R,Mustard,4.306
F01571,2019-R,Mustard,4.255
F01571,2019-R,Wheat,8.971
F01572,2019-R,Mustard,1.977
F01572,2019-R,Wheat,4.49
F01573,2019-R,Mustard,1.639
F01574,2019-R,Mustard,3.173
F01575,2019-R,Mustard,2.791
F01576,2019-R,Mustard,1.155
F01577,2019-R,Mustard,0.968
F01578,2019-R,Mustard,0.802
F01578,2019-R,Wheat,2.053
F01579,2019-R,Mustard,1.42
F01580,2019-R,Mustard,1.248
F01581,2019-R,Mustard,1.287
F01581,2019-R,Wheat,3.076
F01582,2019-R,Mustard,1.676
F01583,2019-R,Mustard,1.044
F01583,2019-R,Wheat,2.558
F01584,2019-R,Mustard,0.878
F01585,2019-R,Mustard,4.047
F01585,2019-R,Wheat,9.646
F01586,2019-R,Mustard,3.125
F01587,2019-R,Mustard,1.396
F01587,2019-R,Wheat,3.598
F01588,2019-R,Mustard,1.517
F01589,2019-R,Mustard,3.38
F01590,2019-R,Mustard,0.903
F01591,2019-R,Mustard,2.036
F01592,2019-R,Mustard,2.282
F01593,2019-R,Mustard,2.374
F01594,2019-R,Mustard,2.95
F01595,2019-R,Mustard,1.266
F01596,2019-R,Mustard,2.003
F01596,2019-R,Wheat,4.417
F01597,2019-R,Mustard,4.119
F01597,2019-R,Wheat,10.495
F01598,2019-R,Mustard,1.43
F01599,2019-R,Mustard,4.507
F01599,2019-R,Wheat,11.084
F01600,2019-R,Mustard,1.586
F01601,2019-R,Mustard,2.288
F01601,2019-R,Wheat,5.181
F01602,2019-R,Mustard,3.538
F01603,2019-R,Mustard,7.89
F01604,2019-R,Mustard,1.301
F01605,2019-R,Mustard,4.951
F01605,2019-R,Wheat,11.359
F01606,2019-R,Mustard,1.235
F01606,2019-R,Wheat,3.055
F01607,2019-R,Mustard,2.531
F01607,2019-R,Wheat,5.417
F01608,2019-R,Mustard,1.868
F01608,2019-R,Wheat,4.563
F01609,2019-R,Mustard,1.865
F01609,2019-R,Wheat,4.13
F01610,2019-R,Mustard,2.004
F01611,2019-R,Mustard,2.21
F01611,2019-R,Wheat,5.536
F01612,2019-R,Mustard,1.912
F01613,2019-R,Mustard,2.22
F01614,2019-R,Mustard,1.939
F01615,2019-R,Mustard,1.429
F01615,2019-R,Wheat,3.788
F01616,2019-R,Mustard,1.07
F01617,2019-R,Mustard,1.554
F01618,2019-R,Wheat,3.066
F01619,2019-R,Wheat,1.705
F01620,2019-R,Wheat,7.986
F01621,2019-R,Wheat,1.927
F01622,2019-R,Wheat,12.533
F01623,2019-R,Wheat,8.059
F01624,2019-R,Wheat,6.773
F01625,2019-R,Wheat,2.627
F01626,2019-R,Wheat,3.482
F01627,2019-R,Wheat,9.693
F01628,2019-R,Wheat,3.959
F01629,2019-R,Wheat,2.825
F01630,2019-R,Wheat,3.601
F01631,2019-R,Wheat,14.982
F01632,2019-R,Wheat,2.368
F01633,2019-R,Wheat,6.579
F01634,2019-R,Wheat,10.349
F01635,2019-R,Wheat,9.971
F01636,2019-R,Wheat,4.765
F01637,2019-R,Wheat,11.598
F01638,2019-R,Wheat,1.397
F01639,2019-R,Wheat,5.097
F01640,2019-R,Wheat,11.777
F01641,2019-R,Wheat,3.342
F01642,2019-R,Wheat,2.851
F01643,2019-R,Wheat,4.291
F01644,2019-R,Wheat,9.475
F01645,2019-R,Wheat,12.333
F01646,2019-R,Wheat,3.764
F01647,2019-R,Wheat,5.547
F01648,2019-R,Wheat,1.606
F01649,2019-R,Wheat,7.017
F01650,2019-R,Wheat,4.02
F01651,2019-R,Wheat,3.683
F01652,2019-R,Wheat,3.753
F01653,2019-R,Wheat,2.935
F01654,2019-R,Wheat,15.737
F01655,2019-R,Wheat,4.783
F01656,2019-R,Wheat,2.846
F01657,2019-R,Wheat,4.985
F01658,2019-R,Wheat,9.931
F01659,2019-R,Wheat,18.267
F01660,2019-R,Wheat,3.059
F01661,2019-R,Wheat,5.292
F01662,2019-R,Wheat,3.538
F01663,2019-R,Wheat,3.661
F01664,2019-R,Wheat,3.194
F01665,2019-R,Wheat,3.296
F01666,2019-R,Wheat,4.04
F01667,2019-R,Wheat,3.075
F01668,2019-R,Wheat,8.19
F01669,2019-R,Wheat,11.823
F01670,2019-R,Wheat,6.453
F01671,2019-R,Wheat,2.71
F01672,2019-R,Wheat,7.094
F01673,2019-R,Wheat,2.868
F01674,2019-R,Wheat,4.143
F01675,2019-R,Wheat,3.021
F01676,2019-R,Wheat,5.063
F01677,2019-R,Wheat,4.31
F01678,2019-R,Wheat,4.808
F01679,2019-R,Wheat,6.064
F01680,2019-R,Wheat,4.988
F01681,2019-R,Wheat,1.962
F01682,2019-R,Wheat,1.124
F01683,2019-R,Wheat,4.132
F01684,2019-R,Wheat,7.344
F01685,2019-R,Wheat,4.37
F01686,2019-R,Wheat,4.56
F01687,2019-R,Wheat,4.435
F01688,2019-R,Wheat,6.5
F01689,2019-R,Wheat,2.58
F01690,2019-R,Wheat,1.492
F01691,2019-R,Wheat,7.618
F01692,2019-R,Wheat,4.263
F01693,2019-R,Wheat,3.616
F01694,2019-R,Wheat,4.297
F01695,2019-R,Wheat,1.897
F01696,2019-R,Wheat,3.538
F01697,2019-R,Wheat,7.504
F01698,2019-R,Wheat,2.416
F01699,2019-R,Wheat,6.816
F01700,2019-R,Wheat,6.592
F01701,2019-R,Wheat,6.256
F01702,2019-R,Wheat,6.588
F01703,2019-R,Wheat,4.312
F01704,2019-R,Wheat,4.223
F01705,2019-R,Wheat,3.54
F01706,2019-R,Wheat,5.43
F01707,2019-R,Wheat,1.438
F01708,2019-R,Wheat,4.28
F01709,2019-R,Wheat,8.955
F01710,2019-R,Wheat,6.66
F01711,2019-R,Wheat,4.195
F01712,2019-R,Wheat,2.462
F01713,2019-R,Wheat,7.639
F01714,2019-R,Wheat,5.062
F01715,2019-R,Wheat,4.645
F01716,2019-R,Wheat,4.862
F01717,2019-R,Wheat,7.086
F01718,2019-R,Wheat,5.847
F01719,2019-R,Wheat,3.138
F01720,2019-R,Wheat,8.884
F01721,2019-R,Wheat,6.126
F01722,2019-R,Wheat,5.683
F01723,2019-R,Wheat,9.092
F01724,2019-R,Wheat,22.386
F01725,2019-R,Wheat,2.796
F01726,2019-R,Wheat,3.708
F01727,2019-R,Wheat,1.689
F01728,2019-R,Wheat,4.626
F01729,2019-R,Wheat,9.017
F01730,2019-R,Wheat,4.866
F01731,2019-R,Wheat,2.524
F01732,2019-R,Wheat,7.222
F01733,2019-R,Wheat,4.83
F01734,2019-R,Wheat,15.697
F01735,2019-R,Wheat,9.165
F01736,2019-R,Wheat,1.498
F01737,2019-R,Wheat,7.56
F01738,2019-R,Wheat,1.191
F01739,2019-R,Wheat,6.992
F01740,2019-R,Wheat,3.745
F01741,2019-R,Wheat,3.098
F01742,2019-R,Wheat,3.295
F01743,2019-R,Wheat,7.148
F01744,2019-R,Wheat,3.594
F01745,2019-R,Wheat,5.482
F01746,2019-R,Wheat,5.879
F01747,2019-R,Wheat,5.822
F01748,2019-R,Wheat,2.591
F01749,2019-R,Wheat,9.119
F01750,2019-R,Wheat,7.21
F01751,2019-R,Wheat,6.773
F01752,2019-R,Wheat,3.221
F01753,2019-R,Wheat,6.203
F01754,2019-R,Wheat,2.405
F01755,2019-R,Wheat,10.173
F01756,2019-R,Wheat,4.249
F01757,2019-R,Wheat,2.985
F01758,2019-R,Wheat,3.829
F01759,2019-R,Wheat,2.993
F01760,2019-R,Wheat,2.595
F01761,2019-R,Wheat,8.237
F01762,2019-R,Wheat,7.1
F01762,2019-R,Gram,2.513
F01763,2019-R,Wheat,2.854
F01764,2019-R,Wheat,6.846
F01765,2019-R,Wheat,8.836
F01766,2019-R,Wheat,2.97
F01766,2019-R,Gram,1.295
F01767,2019-R,Wheat,1.927
F01767,2019-R,Gram,0.821
F01769,2019-R,Wheat,5.155
F01770,2019-R,Wheat,3.672
F01771,2019-R,Wheat,8.818
F01771,2019-R,Gram,3.329
F01772,2019-R,Wheat,6.738
F01773,2019-R,Wheat,1.639
F01774,2019-R,Wheat,5.593
F01775,2019-R,Wheat,7.694
F01776,2019-R,Wheat,5.832
F01777,2019-R,Wheat,2.006
F01777,2019-R,Gram,0.781
F01778,2019-R,Wheat,3.859
F01778,2019-R,Gram,1.428
F01779,2019-R,Wheat,5.851
F01780,2019-R,Wheat,6.927
F01781,2019-R,Wheat,6.551
F01782,2019-R,Wheat,18.858
F01783,2019-R,Wheat,2.709
F01783,2019-R,Gram,1.061
F01784,2019-R,Wheat,3.504
F01784,2019-R,Gram,1.3
F01785,2019-R,Wheat,3.217
F01785,2019-R,Gram,1.12
F01786,2019-R,Wheat,6.18
F01787,2019-R,Wheat,5.734
F01788,2019-R,Wheat,15.092
F01789,2019-R,Wheat,8.896
F01789,2019-R,Gram,3.573
F01790,2019-R,Wheat,3.107
F01791,2019-R,Wheat,4.569
F01792,2019-R,Wheat,6.463
F01793,2019-R,Wheat,3.156
F01793,2019-R,Gram,1.203
F01794,2019-R,Wheat,3.115
F01795,2019-R,Wheat,11.006
F01796,2019-R,Wheat,6.003
F01797,2019-R,Wheat,22.675
F01797,2019-R,Gram,8.399
F01798,2019-R,Wheat,19.139
F01800,2019-R,Wheat,4.724
F01801,2019-R,Wheat,6.659
F01802,2019-R,Wheat,1.902
F01803,2019-R,Wheat,12.972
F01804,2019-R,Wheat,2.372
F01805,2019-R,Wheat,4.084
F01806,2019-R,Wheat,4.311
F01807,2019-R,Wheat,4.942
F01808,2019-R,Wheat,7.75
F01808,2019-R,Gram,2.824
F01809,2019-R,Wheat,10.116
F01810,2019-R,Wheat,4.189
F01812,2019-R,Wheat,1.376
F01813,2019-R,Wheat,4.227
F01813,2019-R,Gram,1.512
F01814,2019-R,Wheat,9.6
F01814,2019-R,Gram,3.722
F01815,2019-R,Wheat,2.785
F01815,2019-R,Gram,0.984
F01816,2019-R,Wheat,2.651
F01817,2019-R,Wheat,2.072
F01817,2019-R,Gram,0.711
F01818,2019-R,Wheat,6.455
F01818,2019-R,Gram,2.517
F01819,2019-R,Wheat,2.953
F01820,2019-R,Wheat,1.464
F01821,2019-R,Wheat,3.522
F01821,2019-R,Gram,1.564
F01822,2019-R,Wheat,4.592
F01823,2019-R,Wheat,1.663
F01823,2019-R,Gram,0.642
F01824,2019-R,Wheat,6.422
F01825,2019-R,Wheat,10.615
F01826,2019-R,Wheat,3.473
F01827,2019-R,Wheat,2.799
F01828,2019-R,Wheat,2.68
F01829,2019-R,Wheat,8.161
F01830,2019-R,Wheat,3.226
F01830,2019-R,Gram,1.282
F01831,2019-R,Wheat,7.619
F01832,2019-R,Wheat,13.405
F01833,2019-R,Wheat,4.161
F01833,2019-R,Gram,1.413
F01834,2019-R,Wheat,6.21
F01835,2019-R,Wheat,7.723
F01836,2019-R,Wheat,8.443
F01836,2019-R,Gram,2.967
F01837,2019-R,Wheat,4.278
F01838,2019-R,Wheat,9.423
F01839,2019-R,Wheat,4.64
F01840,2019-R,Wheat,2.779
F01841,2019-R,Wheat,3.404
F01842,2019-R,Wheat,4.14
F01843,2019-R,Wheat,3.318
F01844,2019-R,Wheat,3.623
F01845,2019-R,Wheat,5.108
F01846,2019-R,Wheat,4.728
F01847,2019-R,Wheat,5.33
F01848,2019-R,Wheat,6.311
F01849,2019-R,Wheat,4.234
F01849,2019-R,Gram,1.656
F01850,2019-R,Wheat,5.412
F01851,2019-R,Wheat,9.383
F01851,2019-R,Gram,3.762
F01852,2019-R,Wheat,19.227
F01852,2019-R,Gram,7.066
F01853,2019-R,Wheat,10.145
F01854,2019-R,Wheat,5.279
F01854,2019-R,Gram,1.931
F01855,2019-R,Wheat,9.666
F01856,2019-R,Wheat,7.054
F01857,2019-R,Wheat,2.222
F01857,2019-R,Gram,0.819
F01858,2019-R,Wheat,3.68
F01859,2019-R,Wheat,4.352
F01859,2019-R,Gram,1.698
F01860,2019-R,Wheat,3.145
F01861,2019-R,Wheat,5.954
F01862,2019-R,Wheat,6.542
F01863,2019-R,Wheat,5.866
F01864,2019-R,Wheat,1.733
F01865,2019-R,Wheat,6.866
F01866,2019-R,Wheat,3.482
F01866,2019-R,Gram,1.24
F01867,2019-R,Wheat,2.694
F01868,2019-R,Wheat,7.492
F01869,2019-R,Wheat,4.815
F01870,2019-R,Wheat,5.376
F01871,2019-R,Wheat,17.316
F01872,2019-R,Wheat,3.7
F01872,2019-R,Gram,1.513
F01873,2019-R,Wheat,3.344
F01874,2019-R,Wheat,15.413
F01875,2019-R,Wheat,6.044
F01876,2019-R,Wheat,5.469
F01877,2019-R,Wheat,3.8
F01878,2019-R,Wheat,3.824
F01879,2019-R,Wheat,2.639
F01879,2019-R,Gram,0.96
F01880,2019-R,Wheat,10.555
F01881,2019-R,Wheat,3.815
F01882,2019-R,Wheat,4.692
F01883,2019-R,Wheat,8.433
F01884,2019-R,Wheat,4.649
F01885,2019-R,Wheat,14.569
F01886,2019-R,Wheat,13.631
F01887,2019-R,Wheat,9.753
F01888,2019-R,Wheat,2.626
F01889,2019-R,Wheat,9.641
F01890,2019-R,Wheat,6.527
F01891,2019-R,Wheat,5.258
F01892,2019-R,Wheat,5.045
F01893,2019-R,Wheat,3.463
F01893,2019-R,Gram,1.394
F01894,2019-R,Wheat,5.92
F01894,2019-R,Gram,2.248
F01895,2019-R,Wheat,10.428
F01896,2019-R,Wheat,4.557
F01897,2019-R,Wheat,2.616
F01898,2019-R,Wheat,2.151
F01899,2019-R,Wheat,16.03
F01899,2019-R,Gram,5.907
F01900,2019-R,Wheat,2.363
F01901,2019-R,Wheat,3.494
F01902,2019-R,Wheat,5.746
F01903,2019-R,Wheat,3.732
F01903,2019-R,Gram,1.281
F01904,2019-R,Wheat,2.014
F01905,2019-R,Wheat,5.155
F01906,2019-R,Wheat,2.621
F01906,2019-R,Gram,0.967
F01907,2019-R,Wheat,6.272
F01907,2019-R,Gram,2.287
F01908,2019-R,Wheat,5.552
F01908,2019-R,Gram,2.234
F01909,2019-R,Wheat,20.259
F01910,2019-R,Wheat,3.035
F01911,2019-R,Mustard,2.229
F01912,2019-R,Mustard,5.995
F01913,2019-R,Mustard,1.746
F01914,2019-R,Mustard,1.219
F01914,2019-R,Wheat,2.875
F01915,2019-R,Mustard,2.36
F01915,2019-R,Wheat,6.361
F01916,2019-R,Mustard,4.137
F01917,2019-R,Mustard,0.732
F01918,2019-R,Mustard,1.067
F01919,2019-R,Mustard,2.3
F01920,2019-R,Mustard,1.436
F01921,2019-R,Mustard,1.724
F01921,2019-R,Wheat,4.101
F01922,2019-R,Mustard,2.547
F01922,2019-R,Wheat,6.166
F01923,2019-R,Mustard,8.535
F01924,2019-R,Mustard,2.698
F01925,2019-R,Mustard,2.774
F01926,2019-R,Mustard,2.512
F01927,2019-R,Mustard,1.67
F01927,2019-R,Wheat,3.519
F01928,2019-R,Mustard,4.033
F01929,2019-R,Mustard,1.434
F01930,2019-R,Mustard,4.788
F01930,2019-R,Wheat,12.342
F01931,2019-R,Mustard,1.467
F01931,2019-R,Wheat,3.458
F01932,2019-R,Mustard,2.117
F01933,2019-R,Mustard,1.268
F01933,2019-R,Wheat,3.226
F01934,2019-R,Mustard,1.885
F01934,2019-R,Wheat,4.758
F01935,2019-R,Mustard,4.053
F01935,2019-R,Wheat,8.898
F01936,2019-R,Mustard,3.213
F01937,2019-R,Mustard,2.0
F01938,2019-R,Mustard,0.945
F01938,2019-R,Wheat,2.379
F01939,2019-R,Mustard,3.009
F01940,2019-R,Mustard,1.178
F01941,2019-R,Mustard,3.487
F01942,2019-R,Mustard,1.822
F01942,2019-R,Wheat,4.742
F01943,2019-R,Mustard,1.351
F01944,2019-R,Mustard,1.374
F01945,2019-R,Mustard,0.839
F01946,2019-R,Mustard,2.126
F01947,2019-R,Mustard,2.94
F01947,2019-R,Wheat,6.671
F01948,2019-R,Mustard,2.003
F01948,2019-R,Wheat,4.841
F01949,2019-R,Mustard,1.808
F01950,2019-R,Mustard,1.781
F01951,2019-R,Mustard,3.618
F01952,2019-R,Mustard,2.076
F01953,2019-R,Mustard,1.353
F01954,2019-R,Mustard,1.722
F01954,2019-R,Wheat,3.744
F01955,2019-R,Mustard,3.946
F01956,2019-R,Mustard,4.598
F01957,2019-R,Mustard,1.069
F01958,2019-R,Mustard,1.061
F01959,2019-R,Mustard,1.583
F01960,2019-R,Mustard,0.622
F01961,2019-R,Mustard,3.128
F01961,2019-R,Wheat,7.475
F01962,2019-R,Mustard,1.84
F01963,2019-R,Mustard,2.143
F01963,2019-R,Wheat,5.415
F01964,2019-R,Mustard,1.05
F01965,2019-R,Mustard,1.116
F01965,2019-R,Wheat,2.493
F01966,2019-R,Mustard,4.449
F01966,2019-R,Wheat,12.125
F01967,2019-R,Mustard,1.697
F01968,2019-R,Mustard,1.105
F01969,2019-R,Mustard,1.616
F01970,2019-R,Mustard,1.584
F01970,2019-R,Wheat,3.35
F01971,2019-R,Mustard,2.34
F01972,2019-R,Mustard,1.259
F01973,2019-R,Mustard,2.383
F01974,2019-R,Mustard,1.276
F01975,2019-R,Mustard,1.777
F01975,2019-R,Wheat,3.783
F01976,2019-R,Mustard,2.329
F01977,2019-R,Mustard,1.954
F01978,2019-R,Mustard,3.533
F01978,2019-R,Wheat,8.336
F01979,2019-R,Mustard,1.242
F01980,2019-R,Mustard,2.139
F01980,2019-R,Wheat,5.513
F01981,2019-R,Mustard,1.196
F01981,2019-R,Wheat,2.667
F01982,2019-R,Mustard,2.195
F01983,2019-R,Mustard,2.19
F01984,2019-R,Mustard,2.299
F01985,2019-R,Mustard,3.519
F01986,2019-R,Mustard,2.333
F01987,2019-R,Mustard,5.891
F01988,2019-R,Mustard,5.09
F01989,2019-R,Mustard,1.377
F01989,2019-R,Wheat,3.2
F01990,2019-R,Mustard,3.349
F01991,2019-R,Mustard,1.942
F01992,2019-R,Mustard,1.277
F01993,2019-R,Mustard,1.942
F01994,2019-R,Mustard,2.369
F01995,2019-R,Mustard,3.846
F01996,2019-R,Mustard,2.446
F01997,2019-R,Mustard,0.636
F01997,2019-R,Wheat,1.496
F01998,2019-R,Mustard,4.039
F01999,2019-R,Mustard,1.192
F02000,2019-R,Mustard,0.623
F02001,2019-R,Mustard,1.847
F02002,2019-R,Mustard,1.167
F02002,2019-R,Wheat,2.502
F02003,2019-R,Mustard,3.183
F02003,2019-R,Wheat,6.799
F02004,2019-R,Mustard,3.058
F02005,2019-R,Mustard,2.251
F02005,2019-R,Wheat,5.083
F02006,2019-R,Mustard,4.713
F02006,2019-R,Wheat,11.838
F02007,2019-R,Mustard,2.663
F02008,2019-R,Mustard,1.166
F02009,2019-R,Mustard,1.917
F02010,2019-R,Mustard,1.273
F02011,2019-R,Mustard,0.892
F02012,2019-R,Mustard,2.081
F02013,2019-R,Mustard,1.55
F02014,2019-R,Mustard,1.761
F02015,2019-R,Mustard,2.507
F02016,2019-R,Mustard,1.973
F02016,2019-R,Wheat,4.958
F02017,2019-R,Mustard,1.533
F02018,2019-R,Mustard,3.649
F02019,2019-R,Mustard,4.484
F02020,2019-R,Mustard,4.564
F02021,2019-R,Mustard,2.662
F02022,2019-R,Mustard,3.181
F02023,2019-R,Mustard,0.503
F02024,2019-R,Mustard,2.019
F02025,2019-R,Mustard,1.894
F02025,2019-R,Wheat,4.536
F02026,2019-R,Mustard,1.737
F02027,2019-R,Mustard,0.927
F02028,2019-R,Mustard,5.025
F02029,2019-R,Mustard,1.588
F02030,2019-R,Mustard,1.14
F02030,2019-R,Wheat,2.657
F02031,2019-R,Mustard,1.929
F02031,2019-R,Wheat,4.956
F02032,2019-R,Mustard,0.639
F02033,2019-R,Mustard,1.904
F02033,2019-R,Wheat,4.597
F02034,2019-R,Mustard,5.372
F02034,2019-R,Wheat,12.633
F02035,2019-R,Mustard,2.889
F02036,2019-R,Mustard,2.791
F02036,2019-R,Wheat,7.34
F02037,2019-R,Mustard,1.011
F02038,2019-R,Mustard,3.838
F02038,2019-R,Wheat,9.599
F02039,2019-R,Mustard,1.332
F02040,2019-R,Mustard,1.845
F02041,2019-R,Mustard,1.029
F02042,2019-R,Mustard,1.097
F02042,2019-R,Wheat,2.67
F02043,2019-R,Mustard,1.397
F02043,2019-R,Wheat,3.246
F02044,2019-R,Mustard,3.928
F02045,2019-R,Mustard,1.956
F02046,2019-R,Mustard,2.32
F02047,2019-R,Mustard,1.421
F02047,2019-R,Wheat,3.582
F02048,2019-R,Mustard,3.704
F02048,2019-R,Wheat,8.389
F02049,2019-R,Mustard,2.131
F02050,2019-R,Mustard,1.938
F02050,2019-R,Wheat,4.402
F02051,2019-R,Mustard,1.475
F02052,2019-R,Mustard,2.313
F02052,2019-R,Wheat,6.0
F02053,2019-R,Mustard,1.088
F02054,2019-R,Mustard,5.253
F02055,2019-R,Mustard,1.958
F02056,2019-R,Mustard,3.724
F02056,2019-R,Wheat,8.605
F02057,2019-R,Mustard,1.632
F02057,2019-R,Wheat,4.146
F02058,2019-R,Mustard,0.875
F02059,2019-R,Mustard,1.133
F02060,2019-R,Mustard,5.697
F02060,2019-R,Wheat,11.842
F02061,2019-R,Mustard,2.081
F02062,2019-R,Mustard,2.874
F02063,2019-R,Mustard,1.788
F02064,2019-R,Mustard,3.727
F02065,2019-R,Mustard,5.318
F02066,2019-R,Mustard,1.158
F02067,2019-R,Mustard,1.623
F02067,2019-R,Gram,1.421
F02068,2019-R,Mustard,1.671
F02069,2019-R,Mustard,5.016
F02069,2019-R,Gram,4.382
F02070,2019-R,Mustard,2.54
F02071,2019-R,Mustard,3.434
F02072,2019-R,Mustard,7.66
F02073,2019-R,Mustard,1.683
F02073,2019-R,Gram,1.628
F02074,2019-R,Mustard,1.836
F02074,2019-R,Gram,1.648
F02075,2019-R,Mustard,1.54
F02075,2019-R,Gram,1.425
F02076,2019-R,Mustard,2.284
F02077,2019-R,Mustard,3.939
F02077,2019-R,Gram,3.408
F02078,2019-R,Mustard,1.027
F02079,2019-R,Mustard,1.347
F02080,2019-R,Mustard,1.046
F02081,2019-R,Mustard,0.984
F02082,2019-R,Mustard,2.546
F02083,2019-R,Mustard,1.817
F02084,2019-R,Mustard,6.015
F02084,2019-R,Gram,4.949
F02085,2019-R,Mustard,4.455
F02086,2019-R,Mustard,0.675
F02087,2019-R,Mustard,2.362
F02088,2019-R,Mustard,2.36
F02089,2019-R,Mustard,2.163
F02090,2019-R,Mustard,1.644
F02091,2019-R,Mustard,2.497
F02091,2019-R,Gram,2.294
F02092,2019-R,Mustard,1.679
F02093,2019-R,Mustard,1.147
F02093,2019-R,Gram,1.04
F02094,2019-R,Mustard,3.394
F02094,2019-R,Gram,3.048
F02095,2019-R,Mustard,6.431
F02096,2019-R,Mustard,0.621
F02097,2019-R,Mustard,2.882
F02098,2019-R,Mustard,2.085
F02099,2019-R,Mustard,2.297
F02100,2019-R,Mustard,1.737
F02100,2019-R,Gram,1.604
F02101,2019-R,Mustard,2.192
F02102,2019-R,Mustard,1.624
F02103,2019-R,Mustard,1.823
F02104,2019-R,Mustard,0.586
F02105,2019-R,Mustard,1.498
F02106,2019-R,Mustard,2.142
F02107,2019-R,Mustard,2.19
F02107,2019-R,Gram,1.865
F02108,2019-R,Mustard,3.269
F02109,2019-R,Mustard,3.12
F02109,2019-R,Gram,2.549
F02110,2019-R,Mustard,2.79
F02110,2019-R,Gram,2.548
F02111,2019-R,Mustard,4.447
F02111,2019-R,Gram,3.982
F02113,2019-R,Mustard,2.719
F02114,2019-R,Mustard,5.596
F02115,2019-R,Mustard,1.377
F02116,2019-R,Mustard,6.665
F02117,2019-R,Mustard,2.533
F02118,2019-R,Mustard,2.976
F02118,2019-R,Gram,2.391
F02119,2019-R,Mustard,4.619
F02119,2019-R,Gram,4.023
F02120,2019-R,Mustard,1.369
F02121,2019-R,Mustard,2.641
F02122,2019-R,Mustard,1.214
F02123,2019-R,Mustard,1.753
F02124,2019-R,Mustard,1.817
F02125,2019-R,Mustard,1.402
F02126,2019-R,Mustard,2.357
F02126,2019-R,Gram,2.204
F02127,2019-R,Mustard,1.541
F02127,2019-R,Gram,1.273
F02128,2019-R,Mustard,3.682
F02129,2019-R,Mustard,3.285
F02129,2019-R,Gram,2.607
F02130,2019-R,Mustard,6.279
F02131,2019-R,Mustard,2.141
F02131,2019-R,Gram,1.994
F02132,2019-R,Mustard,5.719
F02132,2019-R,Gram,4.512
F02133,2019-R,Mustard,1.696
F02133,2019-R,Gram,1.48
F02134,2019-R,Mustard,1.751
F02135,2019-R,Mustard,1.366
F02135,2019-R,Gram,1.223
F02136,2019-R,Mustard,4.393
F02136,2019-R,Gram,3.648
F02137,2019-R,Mustard,2.103
F02138,2019-R,Mustard,1.262
F02138,2019-R,Gram,1.103
F02139,2019-R,Mustard,4.236
F02140,2019-R,Mustard,2.994
F02141,2019-R,Mustard,2.02
F02141,2019-R,Gram,1.702
F02142,2019-R,Mustard,4.135
F02142,2019-R,Gram,3.375
F02143,2019-R,Mustard,2.297
F02143,2019-R,Gram,2.162
F02144,2019-R,Mustard,1.925
F02145,2019-R,Mustard,4.137
F02146,2019-R,Mustard,1.284
F02147,2019-R,Mustard,2.631
F02147,2019-R,Gram,2.339
F02148,2019-R,Mustard,1.294
F02148,2019-R,Gram,0.918
F02149,2019-R,Mustard,2.214
F02149,2019-R,Gram,1.868
F02150,2019-R,Mustard,2.689
F02150,2019-R,Gram,2.027
F02151,2019-R,Mustard,1.739
F02152,2019-R,Mustard,2.516
F02153,2019-R,Mustard,3.344
F02154,2019-R,Mustard,2.715
F02155,2019-R,Mustard,2.362
F02155,2019-R,Gram,1.948
F02156,2019-R,Mustard,2.219
F02157,2019-R,Mustard,3.305
F02158,2019-R,Mustard,3.577
F02159,2019-R,Mustard,2.496
F02159,2019-R,Gram,2.201
F02160,2019-R,Mustard,1.874
F02160,2019-R,Gram,1.691
F02161,2019-R,Mustard,5.623
F02162,2019-R,Mustard,1.001
F02162,2019-R,Gram,0.829
F02163,2019-R,Mustard,1.985
F02164,2019-R,Mustard,2.94
F02164,2019-R,Gram,2.364
F02165,2019-R,Mustard,0.671
F02165,2019-R,Gram,0.638
F02166,2019-R,Mustard,1.648
F02167,2019-R,Mustard,3.039
F02168,2019-R,Mustard,6.915
F02168,2019-R,Gram,5.856
F02169,2019-R,Mustard,1.781
F02169,2019-R,Gram,1.676
F02170,2019-R,Mustard,1.926
F02171,2019-R,Mustard,2.622
F02172,2019-R,Mustard,1.23
F02173,2019-R,Mustard,2.345
F02173,2019-R,Gram,1.991
F02174,2019-R,Mustard,1.108
F02175,2019-R,Mustard,1.135
F02175,2019-R,Gram,0.947
F02176,2019-R,Mustard,1.575
F02176,2019-R,Gram,1.302
F02177,2019-R,Mustard,1.265
F02178,2019-R,Mustard,3.29
F02179,2019-R,Mustard,1.893
F02180,2019-R,Mustard,1.342
F02180,2019-R,Gram,1.147
F02181,2019-R,Mustard,2.451
F02182,2019-R,Mustard,3.243
F02183,2019-R,Mustard,2.05
F02183,2019-R,Gram,1.733
F02184,2019-R,Mustard,3.604
F02185,2019-R,Mustard,2.191
F02186,2019-R,Mustard,0.937
F02187,2019-R,Mustard,6.686
F02188,2019-R,Mustard,4.455
F02189,2019-R,Mustard,2.415
F02189,2019-R,Gram,2.104
F02190,2019-R,Mustard,2.569
F02191,2019-R,Mustard,2.771
F02192,2019-R,Mustard,1.154
F02192,2019-R,Gram,0.975
F02193,2019-R,Mustard,2.605
F02194,2019-R,Mustard,1.528
F02195,2019-R,Mustard,1.618
F02195,2019-R,Gram,1.347
F02196,2019-R,Mustard,3.746
F02197,2019-R,Mustard,1.29
F02198,2019-R,Mustard,3.064
F02199,2019-R,Mustard,1.992
F02200,2019-R,Mustard,5.219
F02200,2019-R,Gram,4.4
F02201,2019-R,Mustard,2.274
F02202,2019-R,Mustard,4.769
F02203,2019-R,Mustard,7.745
F02203,2019-R,Gram,6.422
F02204,2019-R,Mustard,0.885
F02205,2019-R,Mustard,1.374
F02206,2019-R,Mustard,1.259
F02207,2019-R,Mustard,2.174
F02208,2019-R,Mustard,1.002
F02208,2019-R,Gram,0.923
F02209,2019-R,Mustard,3.388
F02210,2019-R,Mustard,2.056
F02211,2019-R,Mustard,1.16
F02212,2019-R,Mustard,2.512
F02213,2019-R,Mustard,1.808
F02213,2019-R,Gram,1.541
F02214,2019-R,Mustard,2.088
F02214,2019-R,Gram,1.904
F02215,2019-R,Mustard,1.985
F02216,2019-R,Mustard,2.094
F02216,2019-R,Gram,1.804
F02217,2019-R,Mustard,3.721
F02218,2019-R,Mustard,0.982
F02219,2019-R,Mustard,2.191
F02220,2019-R,Wheat,8.828
F02221,2019-R,Wheat,6.252
F02222,2019-R,Mustard,1.886
F02223,2019-R,Gram,1.461
F02224,2019-R,Wheat,5.811
F02225,2019-R,Gram,2.804
F02226,2019-R,Wheat,4.331
F02227,2019-R,Mustard,1.565
F02228,2019-R,Wheat,6.852
F02229,2019-R,Gram,0.867
F02230,2019-R,Mustard,1.673
F02231,2019-R,Mustard,2.203
F02232,2019-R,Gram,1.377
F02233,2019-R,Gram,1.567
F02234,2019-R,Wheat,1.624
F02235,2019-R,Wheat,8.834
F02236,2019-R,Wheat,6.392
F02237,2019-R,Wheat,11.897
F02238,2019-R,Wheat,6.309
F02239,2019-R,Wheat,8.561
F02240,2019-R,Wheat,4.446
F02241,2019-R,Wheat,10.052
F02242,2019-R,Wheat,9.45
F02243,2019-R,Mustard,2.986
F02244,2019-R,Wheat,9.154
F02245,2019-R,Mustard,6.109
F02246,2019-R,Mustard,2.748
F02247,2019-R,Wheat,3.67
F02248,2019-R,Wheat,4.895
F02249,2019-R,Mustard,3.545
F02250,2019-R,Mustard,2.912
F02251,2019-R,Mustard,1.96
F02252,2019-R,Wheat,5.955
F02253,2019-R,Mustard,1.502
F02254,2019-R,Mustard,1.992
F02255,2019-R,Gram,1.487
F02256,2019-R,Mustard,1.358
F02257,2019-R,Mustard,3.144
F02258,2019-R,Gram,1.188
F02259,2019-R,Mustard,3.894
F02260,2019-R,Wheat,1.942
F02261,2019-R,Wheat,8.453
F02262,2019-R,Wheat,5.071
F02263,2019-R,Gram,1.661
F02264,2019-R,Mustard,1.018
F02265,2019-R,Mustard,2.48
F02266,2019-R,Wheat,8.748
F02267,2019-R,Mustard,1.247
F02268,2019-R,Wheat,4.781
F02269,2019-R,Wheat,2.006
F02270,2019-R,Gram,3.057
F02271,2019-R,Wheat,4.331
F02272,2019-R,Mustard,3.926
F02273,2019-R,Mustard,1.623
F02274,2019-R,Wheat,1.747
F02275,2019-R,Mustard,1.424
F02276,2019-R,Wheat,4.75
F02277,2019-R,Gram,0.587
F02278,2019-R,Wheat,5.994
F02279,2019-R,Gram,1.836
F02280,2019-R,Wheat,3.534
F02281,2019-R,Mustard,3.161
F02282,2019-R,Wheat,2.2
F02283,2019-R,Wheat,6.147
F02284,2019-R,Mustard,2.812
F02285,2019-R,Wheat,2.689
F02286,2019-R,Gram,1.355
F02287,2019-R,Wheat,3.748
F02288,2019-R,Wheat,6.666
F02289,2019-R,Wheat,3.566
F02290,2019-R,Wheat,5.75
F02291,2019-R,Gram,3.462
F02292,2019-R,Wheat,9.098
F02293,2019-R,Mustard,2.415
F02294,2019-R,Wheat,8.409
F02295,2019-R,Wheat,4.459
F02296,2019-R,Gram,1.887
F01001,2020-K,Cotton,1.086
F01002,2020-K,Cotton,0.857
F01003,2020-K,Cotton,0.995
F01003,2020-K,Soybean,1.412
F01004,2020-K,Cotton,1.103
F01005,2020-K,Cotton,3.869
F01006,2020-K,Cotton,1.005
F01006,2020-K,Soybean,1.191
F01007,2020-K,Cotton,1.482
F01008,2020-K,Cotton,0.864
F01008,2020-K,Soybean,1.356
F01009,2020-K,Cotton,1.061
F01010,2020-K,Cotton,1.423
F01010,2020-K,Soybean,2.074
F01011,2020-K,Cotton,2.896
F01012,2020-K,Cotton,2.259
F01012,2020-K,Soybean,2.892
F01013,2020-K,Cotton,1.957
F01014,2020-K,Cotton,1.079
F01014,2020-K,Soybean,1.391
F01015,2020-K,Cotton,2.903
F01016,2020-K,Cotton,1.035
F01016,2020-K,Soybean,1.355
F01017,2020-K,Cotton,2.366
F01017,2020-K,Soybean,3.174
F01018,2020-K,Cotton,2.233
F01019,2020-K,Cotton,1.636
F01019,2020-K,Soybean,2.126
F01020,2020-K,Cotton,0.517
F01021,2020-K,Cotton,1.583
F01021,2020-K,Soybean,2.039
F01022,2020-K,Cotton,1.252
F01022,2020-K,Soybean,1.556
F01023,2020-K,Cotton,1.203
F01024,2020-K,Cotton,6.059
F01024,2020-K,Soybean,7.46
F01025,2020-K,Cotton,5.37
F01025,2020-K,Soybean,6.019
F01027,2020-K,Cotton,1.516
F01027,2020-K,Soybean,1.852
F01028,2020-K,Cotton,2.385
F01029,2020-K,Cotton,1.657
F01030,2020-K,Cotton,0.531
F01030,2020-K,Soybean,0.639
F01031,2020-K,Cotton,2.14
F01032,2020-K,Cotton,1.299
F01033,2020-K,Cotton,1.001
F01034,2020-K,Cotton,0.821
F01035,2020-K,Cotton,0.733
F01035,2020-K,Soybean,0.898
F01036,2020-K,Cotton,1.282
F01036,2020-K,Soybean,1.68
F01037,2020-K,Cotton,1.008
F01037,2020-K,Soybean,1.198
F01038,2020-K,Cotton,4.969
F01038,2020-K,Soybean,6.065
F01039,2020-K,Cotton,1.724
F01039,2020-K,Soybean,2.297
F01040,2020-K,Cotton,2.193
F01041,2020-K,Cotton,3.173
F01042,2020-K,Cotton,2.654
F01043,2020-K,Cotton,3.433
F01043,2020-K,Soybean,4.477
F01044,2020-K,Cotton,2.582
F01044,2020-K,Soybean,3.585
F01045,2020-K,Cotton,1.726
F01046,2020-K,Cotton,0.679
F01046,2020-K,Soybean,0.907
F01047,2020-K,Cotton,0.85
F01047,2020-K,Soybean,1.157
F01048,2020-K,Cotton,0.649
F01048,2020-K,Soybean,0.903
F01049,2020-K,Cotton,1.436
F01050,2020-K,Cotton,3.37
F01051,2020-K,Cotton,1.763
F01052,2020-K,Cotton,2.399
F01052,2020-K,Soybean,2.631
F01053,2020-K,Cotton,2.799
F01054,2020-K,Cotton,3.651
F01055,2020-K,Cotton,1.936
F01056,2020-K,Cotton,3.523
F01057,2020-K,Cotton,1.728
F01057,2020-K,Soybean,2.342
F01058,2020-K,Cotton,3.274
F01059,2020-K,Cotton,1.904
F01060,2020-K,Cotton,1.904
F01061,2020-K,Cotton,2.017
F01062,2020-K,Cotton,2.906
F01063,2020-K,Cotton,0.953
F01064,2020-K,Cotton,3.002
F01066,2020-K,Cotton,2.3
F01067,2020-K,Cotton,1.12
F01067,2020-K,Soybean,1.445
F01068,2020-K,Cotton,2.655
F01069,2020-K,Cotton,2.439
F01070,2020-K,Cotton,1.421
F01071,2020-K,Cotton,1.303
F01071,2020-K,Soybean,1.6
F01072,2020-K,Cotton,2.374
F01072,2020-K,Soybean,3.034
F01073,2020-K,Cotton,1.463
F01073,2020-K,Soybean,1.989
F01074,2020-K,Cotton,0.801
F01075,2020-K,Cotton,4.199
F01076,2020-K,Cotton,1.718
F01077,2020-K,Cotton,2.755
F01078,2020-K,Cotton,1.048
F01079,2020-K,Cotton,1.301
F01079,2020-K,Soybean,1.688
F01080,2020-K,Cotton,4.672
F01081,2020-K,Cotton,1.843
F01082,2020-K,Cotton,1.066
F01083,2020-K,Cotton,1.242
F01083,2020-K,Soybean,1.59
F01084,2020-K,Cotton,0.833
F01084,2020-K,Soybean,0.963
F01085,2020-K,Cotton,2.208
F01085,2020-K,Soybean,2.964
F01086,2020-K,Cotton,2.304
F01087,2020-K,Cotton,2.959
F01088,2020-K,Cotton,0.739
F01089,2020-K,Cotton,3.597
F01089,2020-K,Soybean,4.292
F01090,2020-K,Cotton,1.074
F01090,2020-K,Soybean,1.419
F01091,2020-K,Cotton,2.67
F01092,2020-K,Cotton,1.757
F01092,2020-K,Soybean,2.038
F01093,2020-K,Cotton,5.015
F01094,2020-K,Cotton,0.513
F01095,2020-K,Cotton,0.86
F01095,2020-K,Soybean,1.168
F01096,2020-K,Cotton,3.668
F01096,2020-K,Soybean,4.196
F01097,2020-K,Cotton,1.202
F01098,2020-K,Cotton,0.952
F01098,2020-K,Soybean,1.315
F01099,2020-K,Cotton,2.006
F01099,2020-K,Soybean,3.21
F01100,2020-K,Cotton,1.044
F01100,2020-K,Soybean,1.403
F01101,2020-K,Cotton,0.507
F01101,2020-K,Soybean,0.635
F01102,2020-K,Cotton,1.901
F01102,2020-K,Soybean,2.285
F01103,2020-K,Cotton,2.54
F01103,2020-K,Soybean,3.221
F01104,2020-K,Cotton,3.347
F01104,2020-K,Soybean,4.151
F01105,2020-K,Cotton,2.463
F01105,2020-K,Soybean,3.202
F01106,2020-K,Cotton,0.722
F01107,2020-K,Cotton,1.967
F01107,2020-K,Soybean,2.659
F01108,2020-K,Cotton,1.437
F01108,2020-K,Soybean,1.623
F01109,2020-K,Cotton,1.42
F01110,2020-K,Cotton,2.037
F01111,2020-K,Cotton,1.667
F01112,2020-K,Cotton,2.614
F01113,2020-K,Cotton,1.875
F01114,2020-K,Cotton,1.909
F01115,2020-K,Cotton,2.101
F01115,2020-K,Soybean,2.626
F01116,2020-K,Cotton,1.551
F01117,2020-K,Cotton,1.795
F01118,2020-K,Cotton,2.079
F01119,2020-K,Cotton,1.291
F01120,2020-K,Cotton,2.194
F01120,2020-K,Soybean,2.939
F01121,2020-K,Cotton,0.821
F01121,2020-K,Soybean,0.945
F01122,2020-K,Cotton,0.523
F01122,2020-K,Soybean,0.687
F01123,2020-K,Cotton,1.479
F01124,2020-K,Cotton,0.664
F01125,2020-K,Cotton,1.495
F01125,2020-K,Soybean,1.874
F01126,2020-K,Cotton,1.337
F01127,2020-K,Cotton,4.657
F01128,2020-K,Cotton,1.184
F01128,2020-K,Soybean,1.549
F01129,2020-K,Cotton,2.407
F01129,2020-K,Soybean,2.771
F01130,2020-K,Cotton,1.303
F01131,2020-K,Cotton,1.459
F01131,2020-K,Soybean,1.81
F01132,2020-K,Cotton,2.506
F01132,2020-K,Soybean,3.137
F01133,2020-K,Cotton,0.819
F01133,2020-K,Soybean,1.038
F01134,2020-K,Cotton,1.203
F01134,2020-K,Soybean,1.707
F01135,2020-K,Cotton,1.301
F01136,2020-K,Cotton,2.793
F01137,2020-K,Cotton,1.884
F01138,2020-K,Cotton,1.523
F01139,2020-K,Cotton,1.084
F01140,2020-K,Cotton,1.16
F01141,2020-K,Cotton,2.123
F01142,2020-K,Cotton,1.055
F01142,2020-K,Soybean,1.265
F01143,2020-K,Cotton,1.365
F01144,2020-K,Cotton,1.144
F01145,2020-K,Cotton,0.937
F01146,2020-K,Cotton,1.012
F01147,2020-K,Cotton,2.255
F01147,2020-K,Soybean,3.31
F01148,2020-K,Cotton,0.601
F01149,2020-K,Cotton,1.514
F01150,2020-K,Cotton,3.099
F01150,2020-K,Soybean,3.705
F01151,2020-K,Cotton,0.482
F01151,2020-K,Soybean,0.654
F01152,2020-K,Cotton,2.801
F01153,2020-K,Cotton,2.029
F01154,2020-K,Soybean,1.685
F01155,2020-K,Soybean,0.939
F01156,2020-K,Soybean,1.408
F01156,2020-K,Cotton,1.089
F01157,2020-K,Soybean,0.58
F01158,2020-K,Soybean,2.32
F01159,2020-K,Soybean,3.565
F01160,2020-K,Soybean,2.149
F01160,2020-K,Cotton,1.788
F01161,2020-K,Soybean,2.484
F01162,2020-K,Soybean,2.326
F01163,2020-K,Soybean,4.763
F01164,2020-K,Soybean,3.166
F01165,2020-K,Soybean,3.121
F01166,2020-K,Soybean,1.857
F01166,2020-K,Cotton,1.385
F01167,2020-K,Soybean,3.035
F01168,2020-K,Soybean,2.435
F01169,2020-K,Soybean,3.442
F01170,2020-K,Soybean,2.537
F01170,2020-K,Cotton,1.998
F01171,2020-K,Soybean,1.555
F01172,2020-K,Soybean,2.183
F01173,2020-K,Soybean,1.864
F01174,2020-K,Soybean,1.52
F01174,2020-K,Cotton,1.241
F01175,2020-K,Soybean,5.424
F01176,2020-K,Soybean,1.135
F01176,2020-K,Cotton,0.893
F01177,2020-K,Soybean,2.094
F01178,2020-K,Soybean,2.273
F01179,2020-K,Soybean,3.465
F01179,2020-K,Cotton,2.443
F01180,2020-K,Soybean,1.285
F01181,2020-K,Soybean,3.847
F01182,2020-K,Soybean,2.522
F01183,2020-K,Soybean,2.22
F01183,2020-K,Cotton,1.57
F01184,2020-K,Soybean,1.921
F01185,2020-K,Soybean,2.23
F01186,2020-K,Soybean,2.023
F01187,2020-K,Soybean,1.425
F01188,2020-K,Soybean,3.191
F01190,2020-K,Soybean,3.729
F01190,2020-K,Cotton,3.066
F01191,2020-K,Soybean,1.884
F01192,2020-K,Soybean,3.816
F01193,2020-K,Soybean,4.356
F01194,2020-K,Soybean,3.075
F01194,2020-K,Cotton,2.493
F01195,2020-K,Soybean,4.407
F01196,2020-K,Soybean,2.71
F01197,2020-K,Soybean,1.257
F01198,2020-K,Soybean,1.927
F01199,2020-K,Soybean,3.481
F01199,2020-K,Cotton,2.7
F01200,2020-K,Soybean,1.98
F01200,2020-K,Cotton,1.681
F01201,2020-K,Soybean,1.22
F01202,2020-K,Soybean,4.058
F01203,2020-K,Soybean,1.784
F01203,2020-K,Cotton,1.441
F01204,2020-K,Soybean,3.645
F01204,2020-K,Cotton,2.556
F01205,2020-K,Soybean,2.269
F01206,2020-K,Soybean,1.259
F01207,2020-K,Soybean,2.883
F01208,2020-K,Soybean,3.294
F01208,2020-K,Cotton,2.798
F01209,2020-K,Soybean,3.205
F01209,2020-K,Cotton,2.55
F01210,2020-K,Soybean,2.547
F01211,2020-K,Soybean,2.624
F01211,2020-K,Cotton,2.097
F01212,2020-K,Soybean,2.481
F01213,2020-K,Soybean,4.575
F01213,2020-K,Cotton,3.4
F01214,2020-K,Soybean,4.12
F01215,2020-K,Soybean,2.876
F01215,2020-K,Cotton,2.011
F01216,2020-K,Soybean,1.815
F01217,2020-K,Soybean,1.538
F01218,2020-K,Soybean,1.84
F01219,2020-K,Soybean,2.679
F01220,2020-K,Soybean,0.82
F01221,2020-K,Soybean,2.17
F01222,2020-K,Soybean,1.844
F01223,2020-K,Soybean,6.133
F01224,2020-K,Soybean,1.362
F01225,2020-K,Soybean,2.186
F01226,2020-K,Soybean,1.347
F01227,2020-K,Soybean,4.393
F01227,2020-K,Cotton,2.984
F01228,2020-K,Soybean,1.111
F01229,2020-K,Soybean,0.749
F01230,2020-K,Soybean,1.495
F01230,2020-K,Cotton,1.099
F01231,2020-K,Soybean,5.865
F01232,2020-K,Soybean,1.539
F01232,2020-K,Cotton,1.192
F01233,2020-K,Soybean,3.1
F01234,2020-K,Soybean,3.082
F01235,2020-K,Soybean,2.184
F01235,2020-K,Cotton,1.72
F01236,2020-K,Soybean,2.51
F01237,2020-K,Soybean,5.21
F01238,2020-K,Soybean,0.872
F01238,2020-K,Cotton,0.752
F01239,2020-K,Soybean,2.978
F01240,2020-K,Soybean,1.218
F01241,2020-K,Soybean,2.37
F01242,2020-K,Soybean,2.16
F01243,2020-K,Soybean,1.55
F01244,2020-K,Soybean,1.072
F01245,2020-K,Soybean,3.419
F01246,2020-K,Soybean,4.068
F01247,2020-K,Soybean,1.782
F01248,2020-K,Soybean,1.819
F01248,2020-K,Cotton,1.381
F01249,2020-K,Soybean,2.305
F01250,2020-K,Soybean,0.869
F01251,2020-K,Soybean,1.985
F01252,2020-K,Soybean,4.395
F01253,2020-K,Soybean,1.295
F01254,2020-K,Soybean,5.934
F01254,2020-K,Cotton,4.94
F01255,2020-K,Soybean,1.93
F01256,2020-K,Soybean,1.147
F01257,2020-K,Soybean,1.999
F01258,2020-K,Soybean,0.915
F01259,2020-K,Soybean,2.851
F01260,2020-K,Soybean,4.267
F01261,2020-K,Soybean,2.36
F01261,2020-K,Cotton,1.745
F01262,2020-K,Soybean,3.19
F01263,2020-K,Soybean,1.994
F01264,2020-K,Soybean,1.275
F01265,2020-K,Soybean,1.931
F01266,2020-K,Soybean,2.748
F01266,2020-K,Cotton,1.917
F01267,2020-K,Soybean,2.525
F01268,2020-K,Soybean,2.488
F01269,2020-K,Soybean,2.474
F01269,2020-K,Cotton,1.971
F01270,2020-K,Soybean,1.92
F01271,2020-K,Soybean,0.93
F01272,2020-K,Soybean,2.328
F01272,2020-K,Cotton,1.779
F01273,2020-K,Soybean,3.046
F01273,2020-K,Cotton,2.674
F01274,2020-K,Soybean,1.392
F01274,2020-K,Cotton,0.995
F01275,2020-K,Soybean,1.502
F01275,2020-K,Cotton,1.133
F01276,2020-K,Soybean,1.604
F01277,2020-K,Soybean,1.925
F01277,2020-K,Cotton,1.604
F01278,2020-K,Soybean,3.484
F01279,2020-K,Soybean,4.939
F01280,2020-K,Soybean,4.427
F01281,2020-K,Soybean,1.302
F01282,2020-K,Soybean,4.27
F01282,2020-K,Cotton,3.207
F01283,2020-K,Soybean,1.081
F01284,2020-K,Soybean,1.683
F01285,2020-K,Soybean,4.183
F01286,2020-K,Soybean,3.181
F01286,2020-K,Cotton,2.684
F01287,2020-K,Soybean,5.984
F01288,2020-K,Soybean,3.132
F01289,2020-K,Soybean,6.108
F01289,2020-K,Cotton,5.228
F01290,2020-K,Soybean,4.147
F01291,2020-K,Soybean,0.946
F01291,2020-K,Cotton,0.677
F01292,2020-K,Soybean,5.766
F01293,2020-K,Soybean,2.703
F01295,2020-K,Soybean,1.292
F01296,2020-K,Soybean,2.919
F01297,2020-K,Soybean,1.664
F01298,2020-K,Soybean,1.919
F01299,2020-K,Soybean,3.868
F01300,2020-K,Soybean,2.298
F01300,2020-K,Cotton,1.634
F01301,2020-K,Paddy,2.835
F01302,2020-K,Paddy,4.163
F01303,2020-K,Paddy,4.809
F01304,2020-K,Paddy,7.532
F01306,2020-K,Paddy,8.589
F01307,2020-K,Paddy,3.821
F01308,2020-K,Paddy,6.998
F01309,2020-K,Paddy,4.411
F01310,2020-K,Paddy,3.393
F01311,2020-K,Paddy,3.672
F01312,2020-K,Paddy,6.575
F01313,2020-K,Paddy,2.279
F01314,2020-K,Paddy,6.161
F01315,2020-K,Paddy,9.59
F01316,2020-K,Paddy,6.259
F01317,2020-K,Paddy,8.172
F01318,2020-K,Paddy,2.429
F01319,2020-K,Paddy,6.611
F01320,2020-K,Paddy,8.94
F01321,2020-K,Paddy,2.802
F01322,2020-K,Paddy,7.578
F01323,2020-K,Paddy,6.482
F01324,2020-K,Paddy,12.987
F01325,2020-K,Paddy,5.216
F01326,2020-K,Paddy,4.211
F01329,2020-K,Paddy,3.397
F01330,2020-K,Paddy,3.214
F01331,2020-K,Paddy,8.8
F01332,2020-K,Paddy,15.603
F01333,2020-K,Paddy,4.932
F01334,2020-K,Paddy,1.667
F01336,2020-K,Paddy,2.381
F01337,2020-K,Paddy,7.073
F01338,2020-K,Paddy,7.683
F01339,2020-K,Paddy,9.496
F01340,2020-K,Paddy,11.811
F01341,2020-K,Paddy,10.025
F01342,2020-K,Paddy,6.032
F01343,2020-K,Paddy,5.103
F01344,2020-K,Paddy,8.502
F01345,2020-K,Paddy,3.082
F01347,2020-K,Paddy,5.425
F01348,2020-K,Paddy,7.515
F01349,2020-K,Paddy,6.054
F01350,2020-K,Paddy,2.483
F01351,2020-K,Paddy,3.456
F01352,2020-K,Paddy,6.17
F01353,2020-K,Paddy,5.251
F01354,2020-K,Paddy,12.066
F01355,2020-K,Paddy,8.196
F01356,2020-K,Paddy,8.34
F01357,2020-K,Paddy,9.298
F01358,2020-K,Paddy,2.598
F01359,2020-K,Paddy,16.813
F01360,2020-K,Paddy,3.593
F01361,2020-K,Paddy,13.841
F01362,2020-K,Paddy,8.636
F01363,2020-K,Paddy,7.834
F01364,2020-K,Paddy,6.338
F01365,2020-K,Paddy,5.09
F01366,2020-K,Paddy,15.804
F01367,2020-K,Paddy,12.776
F01368,2020-K,Paddy,3.501
F01369,2020-K,Paddy,2.103
F01370,2020-K,Paddy,8.597
F01371,2020-K,Paddy,5.657
F01372,2020-K,Paddy,4.228
F01373,2020-K,Paddy,10.528
F01374,2020-K,Paddy,7.685
F01375,2020-K,Paddy,4.74
F01376,2020-K,Paddy,4.158
F01377,2020-K,Paddy,3.049
F01378,2020-K,Paddy,8.798
F01379,2020-K,Paddy,3.861
F01380,2020-K,Paddy,3.067
F01381,2020-K,Paddy,6.283
F01382,2020-K,Paddy,5.23
F01383,2020-K,Paddy,6.609
F01384,2020-K,Paddy,7.909
F01385,2020-K,Paddy,2.753
F01386,2020-K,Paddy,5.722
F01387,2020-K,Paddy,8.416
F01388,2020-K,Paddy,2.151
F01389,2020-K,Paddy,5.127
F01390,2020-K,Paddy,3.992
F01391,2020-K,Paddy,4.003
F01392,2020-K,Paddy,11.657
F01393,2020-K,Paddy,6.579
F01394,2020-K,Paddy,10.664
F01395,2020-K,Paddy,1.716
F01396,2020-K,Paddy,9.001
F01397,2020-K,Paddy,6.485
F01398,2020-K,Paddy,5.374
F01400,2020-K,Paddy,10.335
F01401,2020-K,Paddy,4.794
F01402,2020-K,Paddy,5.401
F01403,2020-K,Paddy,4.374
F01404,2020-K,Paddy,5.281
F01405,2020-K,Paddy,3.34
F01406,2020-K,Paddy,2.99
F01407,2020-K,Paddy,17.64
F01408,2020-K,Paddy,6.989
F01409,2020-K,Paddy,11.252
F01410,2020-K,Paddy,16.316
F01411,2020-K,Paddy,2.275
F01412,2020-K,Paddy,9.278
F01413,2020-K,Paddy,2.499
F01414,2020-K,Paddy,7.886
F01415,2020-K,Paddy,5.37
F01416,2020-K,Paddy,6.278
F01417,2020-K,Paddy,7.201
F01418,2020-K,Paddy,2.193
F01419,2020-K,Paddy,5.115
F01420,2020-K,Paddy,10.463
F01421,2020-K,Paddy,10.743
F01422,2020-K,Paddy,2.938
F01423,2020-K,Paddy,3.024
F01424,2020-K,Paddy,9.757
F01425,2020-K,Paddy,3.88
F01426,2020-K,Paddy,9.391
F01427,2020-K,Paddy,8.283
F01428,2020-K,Paddy,4.114
F01429,2020-K,Paddy,12.654
F01430,2020-K,Paddy,7.196
F01431,2020-K,Paddy,6.679
F01432,2020-K,Paddy,3.815
F01433,2020-K,Paddy,4.058
F01434,2020-K,Paddy,8.222
F01435,2020-K,Paddy,5.17
F01436,2020-K,Paddy,14.572
F01437,2020-K,Paddy,3.938
F01438,2020-K,Paddy,28.36
F01439,2020-K,Paddy,3.5
F01440,2020-K,Paddy,13.721
F01441,2020-K,Paddy,6.245
F01442,2020-K,Paddy,23.047
F01443,2020-K,Paddy,2.55
F01444,2020-K,Paddy,6.898
F01445,2020-K,Paddy,6.482
F01446,2020-K,Paddy,4.301
F01447,2020-K,Paddy,13.574
F01448,2020-K,Paddy,8.769
F01449,2020-K,Paddy,9.455
F01450,2020-K,Paddy,6.449
F01451,2020-K,Paddy,6.08
F01452,2020-K,Paddy,4.152
F01453,2020-K,Paddy,11.369
F01454,2020-K,Paddy,3.187
F01455,2020-K,Paddy,4.132
F01456,2020-K,Paddy,7.054
F01457,2020-K,Paddy,3.978
F01458,2020-K,Soybean,2.009
F01459,2020-K,Soybean,1.906
F01460,2020-K,Soybean,2.245
F01461,2020-K,Soybean,4.763
F01462,2020-K,Soybean,2.142
F01463,2020-K,Soybean,1.283
F01464,2020-K,Soybean,1.216
F01465,2020-K,Soybean,1.453
F01466,2020-K,Soybean,2.69
F01467,2020-K,Soybean,1.814
F01468,2020-K,Soybean,1.625
F01469,2020-K,Soybean,1.837
F01470,2020-K,Soybean,1.646
F01471,2020-K,Soybean,1.318
F01472,2020-K,Soybean,2.767
F01473,2020-K,Soybean,1.193
F01474,2020-K,Soybean,3.052
F01475,2020-K,Soybean,6.261
F01476,2020-K,Soybean,7.341
F01477,2020-K,Soybean,1.258
F01478,2020-K,Soybean,0.983
F01479,2020-K,Soybean,2.085
F01480,2020-K,Soybean,4.574
F01481,2020-K,Soybean,2.286
F01482,2020-K,Soybean,2.091
F01483,2020-K,Soybean,2.289
F01484,2020-K,Soybean,1.611
F01485,2020-K,Soybean,1.338
F01486,2020-K,Soybean,3.264
F01487,2020-K,Soybean,1.395
F01488,2020-K,Soybean,2.326
F01489,2020-K,Soybean,4.261
F01490,2020-K,Soybean,8.93
F01491,2020-K,Soybean,1.746
F01492,2020-K,Soybean,3.935
F01493,2020-K,Soybean,1.896
F01494,2020-K,Soybean,1.689
F01495,2020-K,Soybean,1.872
F01496,2020-K,Soybean,2.952
F01498,2020-K,Soybean,1.831
F01499,2020-K,Soybean,1.251
F01501,2020-K,Soybean,1.264
F01502,2020-K,Soybean,2.612
F01503,2020-K,Soybean,5.633
F01504,2020-K,Soybean,2.312
F01505,2020-K,Soybean,1.813
F01506,2020-K,Soybean,3.489
F01507,2020-K,Soybean,3.676
F01508,2020-K,Soybean,1.455
F01509,2020-K,Soybean,3.113
F01510,2020-K,Soybean,1.455
F01511,2020-K,Soybean,2.46
F01512,2020-K,Soybean,1.783
F01513,2020-K,Soybean,5.188
F01514,2020-K,Soybean,1.627
F01515,2020-K,Soybean,2.539
F01516,2020-K,Soybean,1.421
F01517,2020-K,Soybean,2.201
F01518,2020-K,Soybean,1.329
F01519,2020-K,Soybean,3.468
F01520,2020-K,Soybean,2.434
F01521,2020-K,Soybean,0.606
F01522,2020-K,Soybean,3.851
F01523,2020-K,Soybean,3.219
F01524,2020-K,Soybean,4.301
F01525,2020-K,Soybean,1.018
F01526,2020-K,Soybean,3.113
F01527,2020-K,Soybean,1.609
F01528,2020-K,Soybean,1.196
F01529,2020-K,Soybean,1.49
F01530,2020-K,Soybean,3.171
F01531,2020-K,Soybean,1.026
F01532,2020-K,Soybean,6.189
F01533,2020-K,Soybean,3.347
F01534,2020-K,Soybean,1.583
F01535,2020-K,Soybean,3.518
F01536,2020-K,Soybean,3.673
F01537,2020-K,Soybean,1.868
F01538,2020-K,Soybean,2.706
F01539,2020-K,Soybean,1.963
F01540,2020-K,Soybean,2.237
F01541,2020-K,Soybean,1.655
F01542,2020-K,Soybean,2.691
F01543,2020-K,Soybean,3.58
F01544,2020-K,Soybean,1.572
F01545,2020-K,Soybean,1.983
F01546,2020-K,Soybean,1.799
F01547,2020-K,Soybean,2.765
F01548,2020-K,Soybean,1.01
F01549,2020-K,Soybean,2.801
F01550,2020-K,Soybean,5.127
F01551,2020-K,Soybean,2.782
F01552,2020-K,Soybean,5.83
F01553,2020-K,Soybean,1.085
F01554,2020-K,Soybean,3.641
F01555,2020-K,Soybean,1.96
F01556,2020-K,Soybean,3.041
F01557,2020-K,Soybean,1.878
F01558,2020-K,Soybean,2.929
F01559,2020-K,Soybean,4.278
F01560,2020-K,Soybean,1.533
F01561,2020-K,Soybean,1.884
F01562,2020-K,Soybean,7.709
F01563,2020-K,Soybean,2.178
F01564,2020-K,Soybean,2.084
F01565,2020-K,Soybean,2.053
F01566,2020-K,Soybean,4.716
F01568,2020-K,Soybean,3.615
F01569,2020-K,Soybean,2.542
F01570,2020-K,Soybean,4.949
F01571,2020-K,Soybean,4.482
F01572,2020-K,Soybean,2.236
F01573,2020-K,Soybean,1.896
F01574,2020-K,Soybean,3.826
F01575,2020-K,Soybean,2.964
F01576,2020-K,Soybean,1.31
F01577,2020-K,Soybean,1.165
F01578,2020-K,Soybean,0.953
F01579,2020-K,Soybean,1.54
F01580,2020-K,Soybean,1.299
F01581,2020-K,Soybean,1.49
F01582,2020-K,Soybean,2.007
F01583,2020-K,Soybean,1.164
F01584,2020-K,Soybean,0.959
F01585,2020-K,Soybean,4.187
F01586,2020-K,Soybean,3.598
F01587,2020-K,Soybean,1.676
F01588,2020-K,Soybean,1.606
F01589,2020-K,Soybean,3.992
F01590,2020-K,Soybean,0.91
F01591,2020-K,Soybean,2.474
F01592,2020-K,Soybean,2.413
F01593,2020-K,Soybean,2.706
F01594,2020-K,Soybean,3.331
F01595,2020-K,Soybean,1.552
F01596,2020-K,Soybean,2.253
F01597,2020-K,Soybean,4.849
F01598,2020-K,Soybean,1.635
F01599,2020-K,Soybean,5.278
F01600,2020-K,Soybean,1.941
F01601,2020-K,Soybean,2.432
F01602,2020-K,Soybean,3.962
F01603,2020-K,Soybean,8.627
F01604,2020-K,Soybean,1.503
F01605,2020-K,Soybean,4.873
F01606,2020-K,Soybean,1.431
F01607,2020-K,Soybean,2.632
F01608,2020-K,Soybean,2.147
F01609,2020-K,Soybean,2.061
F01610,2020-K,Soybean,2.084
F01611,2020-K,Soybean,2.719
F01612,2020-K,Soybean,1.878
F01613,2020-K,Soybean,2.627
F01614,2020-K,Soybean,1.968
F01615,2020-K,Soybean,1.511
F01616,2020-K,Soybean,1.323
F01617,2020-K,Soybean,1.641
F01618,2020-K,Soybean,1.408
F01619,2020-K,Soybean,0.85
F01620,2020-K,Soybean,3.86
F01621,2020-K,Soybean,0.942
F01622,2020-K,Soybean,5.694
F01623,2020-K,Soybean,3.536
F01624,2020-K,Soybean,2.721
F01625,2020-K,Soybean,1.198
F01626,2020-K,Soybean,1.898
F01627,2020-K,Soybean,4.483
F01628,2020-K,Soybean,1.988
F01629,2020-K,Soybean,1.325
F01630,2020-K,Soybean,1.72
F01631,2020-K,Soybean,7.955
F01632,2020-K,Soybean,1.094
F01633,2020-K,Soybean,3.435
F01634,2020-K,Soybean,5.345
F01635,2020-K,Soybean,4.972
F01636,2020-K,Soybean,2.287
F01637,2020-K,Soybean,5.453
F01638,2020-K,Soybean,0.668
F01639,2020-K,Soybean,2.416
F01640,2020-K,Soybean,5.198
F01641,2020-K,Soybean,1.601
F01642,2020-K,Soybean,1.33
F01643,2020-K,Soybean,1.986
F01644,2020-K,Soybean,4.504
F01645,2020-K,Soybean,6.696
F01646,2020-K,Soybean,1.924
F01647,2020-K,Soybean,2.702
F01648,2020-K,Soybean,0.876
F01649,2020-K,Soybean,3.069
F01650,2020-K,Soybean,1.797
F01651,2020-K,Soybean,1.485
F01652,2020-K,Soybean,1.733
F01653,2020-K,Soybean,1.4
F01654,2020-K,Soybean,7.908
F01655,2020-K,Soybean,2.476
F01656,2020-K,Soybean,1.428
F01657,2020-K,Soybean,2.464
F01658,2020-K,Soybean,4.306
F01659,2020-K,Soybean,8.778
F01660,2020-K,Soybean,1.366
F01661,2020-K,Soybean,2.81
F01662,2020-K,Soybean,1.718
F01663,2020-K,Soybean,1.747
F01664,2020-K,Soybean,1.416
F01665,2020-K,Soybean,1.714
F01666,2020-K,Soybean,2.036
F01667,2020-K,Soybean,1.53
F01668,2020-K,Soybean,3.449
F01669,2020-K,Soybean,5.458
F01670,2020-K,Soybean,2.846
F01671,2020-K,Soybean,1.172
F01672,2020-K,Soybean,3.333
F01673,2020-K,Soybean,1.406
F01674,2020-K,Soybean,1.903
F01675,2020-K,Soybean,1.308
F01676,2020-K,Soybean,2.515
F01677,2020-K,Soybean,2.287
F01678,2020-K,Soybean,2.303
F01679,2020-K,Soybean,3.293
F01680,2020-K,Soybean,2.016
F01681,2020-K,Soybean,0.895
F01682,2020-K,Soybean,0.536
F01683,2020-K,Soybean,1.902
F01684,2020-K,Soybean,3.062
F01685,2020-K,Soybean,1.754
F01686,2020-K,Soybean,2.153
F01687,2020-K,Soybean,2.217
F01688,2020-K,Soybean,3.206
F01689,2020-K,Soybean,1.289
F01690,2020-K,Soybean,0.61
F01691,2020-K,Soybean,3.16
F01692,2020-K,Soybean,1.979
F01693,2020-K,Soybean,1.739
F01694,2020-K,Soybean,2.173
F01695,2020-K,Soybean,0.869
F01696,2020-K,Soybean,1.87
F01697,2020-K,Soybean,3.635
F01698,2020-K,Soybean,1.109
F01699,2020-K,Soybean,3.123
F01700,2020-K,Soybean,2.8
F01701,2020-K,Soybean,2.797
F01702,2020-K,Soybean,3.123
F01703,2020-K,Soybean,2.351
F01704,2020-K,Soybean,1.966
F01705,2020-K,Soybean,1.665
F01706,2020-K,Soybean,2.518
F01707,2020-K,Soybean,0.732
F01708,2020-K,Soybean,2.131
F01709,2020-K,Soybean,4.3
F01710,2020-K,Soybean,2.864
F01711,2020-K,Soybean,1.843
F01712,2020-K,Soybean,1.109
F01713,2020-K,Soybean,3.745
F01714,2020-K,Soybean,2.179
F01715,2020-K,Soybean,2.319
F01716,2020-K,Soybean,2.134
F01717,2020-K,Soybean,3.499
F01718,2020-K,Soybean,2.679
F01719,2020-K,Soybean,1.542
F01720,2020-K,Soybean,3.842
F01721,2020-K,Soybean,2.694
F01722,2020-K,Soybean,2.533
F01723,2020-K,Soybean,4.827
F01724,2020-K,Soybean,10.747
F01725,2020-K,Soybean,1.344
F01726,2020-K,Soybean,1.906
F01727,2020-K,Soybean,0.827
F01728,2020-K,Soybean,2.083
F01729,2020-K,Soybean,3.581
F01730,2020-K,Soybean,2.237
F01731,2020-K,Soybean,1.215
F01732,2020-K,Soybean,2.981
F01733,2020-K,Soybean,2.204
F01734,2020-K,Soybean,7.186
F01735,2020-K,Soybean,3.634
F01736,2020-K,Soybean,0.679
F01737,2020-K,Soybean,4.076
F01738,2020-K,Soybean,0.6
F01739,2020-K,Soybean,2.993
F01740,2020-K,Soybean,1.576
F01741,2020-K,Soybean,1.549
F01742,2020-K,Soybean,1.518
F01743,2020-K,Soybean,3.718
F01744,2020-K,Soybean,1.88
F01745,2020-K,Soybean,2.672
F01746,2020-K,Soybean,2.589
F01747,2020-K,Soybean,2.576
F01748,2020-K,Soybean,1.263
F01749,2020-K,Soybean,4.565
F01750,2020-K,Soybean,3.533
F01751,2020-K,Soybean,3.359
F01752,2020-K,Soybean,1.489
F01753,2020-K,Soybean,3.145
F01754,2020-K,Soybean,1.148
F01755,2020-K,Soybean,5.667
F01756,2020-K,Soybean,2.05
F01757,2020-K,Soybean,1.554
F01758,2020-K,Soybean,1.739
F01759,2020-K,Soybean,1.473
F01760,2020-K,Soybean,1.108
F01761,2020-K,Soybean,4.127
F01763,2020-K,Soybean,1.499
F01764,2020-K,Soybean,2.981
F01765,2020-K,Soybean,4.468
F01766,2020-K,Soybean,1.45
F01767,2020-K,Soybean,0.856
F01769,2020-K,Soybean,2.445
F01770,2020-K,Soybean,1.769
F01771,2020-K,Soybean,3.75
F01772,2020-K,Soybean,3.18
F01773,2020-K,Soybean,0.69
F01774,2020-K,Soybean,2.547
F01775,2020-K,Soybean,3.28
F01776,2020-K,Soybean,2.692
F01777,2020-K,Soybean,0.872
F01779,2020-K,Soybean,2.724
F01780,2020-K,Soybean,3.432
F01781,2020-K,Soybean,2.924
F01782,2020-K,Soybean,8.485
F01783,2020-K,Soybean,1.309
F01784,2020-K,Soybean,1.588
F01785,2020-K,Soybean,1.501
F01786,2020-K,Soybean,3.407
F01787,2020-K,Soybean,3.023
F01788,2020-K,Soybean,7.498
F01789,2020-K,Soybean,4.636
F01790,2020-K,Soybean,1.647
F01791,2020-K,Soybean,1.978
F01792,2020-K,Soybean,3.06
F01793,2020-K,Soybean,1.505
F01794,2020-K,Soybean,1.525
F01795,2020-K,Soybean,5.441
F01796,2020-K,Soybean,2.57
F01797,2020-K,Soybean,11.112
F01798,2020-K,Soybean,9.178
F01800,2020-K,Soybean,2.446
F01801,2020-K,Soybean,3.421
F01802,2020-K,Soybean,0.919
F01803,2020-K,Soybean,6.323
F01804,2020-K,Soybean,1.136
F01805,2020-K,Soybean,1.969
F01806,2020-K,Soybean,1.911
F01807,2020-K,Soybean,2.542
F01808,2020-K,Soybean,3.366
F01809,2020-K,Soybean,4.536
F01810,2020-K,Soybean,1.882
F01812,2020-K,Soybean,0.614
F01813,2020-K,Soybean,2.09
F01814,2020-K,Soybean,5.396
F01815,2020-K,Soybean,1.298
F01816,2020-K,Soybean,1.253
F01817,2020-K,Soybean,0.958
F01818,2020-K,Soybean,3.039
F01819,2020-K,Soybean,1.377
F01820,2020-K,Soybean,0.688
F01821,2020-K,Soybean,1.937
F01822,2020-K,Soybean,2.184
F01823,2020-K,Soybean,0.825
F01824,2020-K,Soybean,3.251
F01825,2020-K,Soybean,4.868
F01826,2020-K,Soybean,1.67
F01827,2020-K,Soybean,1.345
F01828,2020-K,Soybean,1.315
F01829,2020-K,Soybean,4.001
F01830,2020-K,Soybean,1.625
F01831,2020-K,Soybean,3.738
F01832,2020-K,Soybean,6.935
F01833,2020-K,Soybean,1.867
F01834,2020-K,Soybean,2.943
F01835,2020-K,Soybean,3.678
F01837,2020-K,Soybean,1.965
F01838,2020-K,Soybean,4.753
F01839,2020-K,Soybean,2.2
F01840,2020-K,Soybean,1.1
F01841,2020-K,Soybean,1.509
F01842,2020-K,Soybean,2.16
F01843,2020-K,Soybean,1.65
F01844,2020-K,Soybean,1.513
F01845,2020-K,Soybean,2.521
F01846,2020-K,Soybean,2.096
F01847,2020-K,Soybean,2.693
F01848,2020-K,Soybean,2.954
F01849,2020-K,Soybean,2.159
F01850,2020-K,Soybean,2.675
F01851,2020-K,Soybean,4.312
F01852,2020-K,Soybean,9.054
F01853,2020-K,Soybean,4.624
F01854,2020-K,Soybean,2.429
F01855,2020-K,Soybean,4.48
F01856,2020-K,Soybean,3.15
F01857,2020-K,Soybean,1.139
F01858,2020-K,Soybean,1.904
F01859,2020-K,Soybean,2.037
F01860,2020-K,Soybean,1.504
F01861,2020-K,Soybean,2.496
F01862,2020-K,Soybean,2.921
F01863,2020-K,Soybean,2.571
F01864,2020-K,Soybean,0.855
F01865,2020-K,Soybean,3.242
F01866,2020-K,Soybean,1.545
F01867,2020-K,Soybean,1.235
F01868,2020-K,Soybean,3.717
F01869,2020-K,Soybean,2.309
F01870,2020-K,Soybean,2.259
F01871,2020-K,Soybean,7.579
F01872,2020-K,Soybean,1.865
F01873,2020-K,Soybean,1.575
F01874,2020-K,Soybean,7.61
F01875,2020-K,Soybean,2.803
F01876,2020-K,Soybean,2.376
F01877,2020-K,Soybean,1.777
F01878,2020-K,Soybean,1.719
F01879,2020-K,Soybean,1.224
F01880,2020-K,Soybean,4.354
F01881,2020-K,Soybean,2.041
F01882,2020-K,Soybean,2.286
F01883,2020-K,Soybean,4.115
F01884,2020-K,Soybean,2.109
F01885,2020-K,Soybean,6.876
F01886,2020-K,Soybean,6.583
F01887,2020-K,Soybean,4.164
F01888,2020-K,Soybean,1.313
F01889,2020-K,Soybean,4.601
F01890,2020-K,Soybean,3.039
F01891,2020-K,Soybean,2.249
F01892,2020-K,Soybean,2.418
F01893,2020-K,Soybean,1.636
F01894,2020-K,Soybean,2.982
F01895,2020-K,Soybean,4.128
F01896,2020-K,Soybean,2.159
F01897,2020-K,Soybean,1.268
F01898,2020-K,Soybean,1.111
F01899,2020-K,Soybean,6.563
F01900,2020-K,Soybean,1.1
F01901,2020-K,Soybean,1.73
F01902,2020-K,Soybean,2.785
F01903,2020-K,Soybean,1.688
F01904,2020-K,Soybean,1.028
F01905,2020-K,Soybean,2.403
F01906,2020-K,Soybean,1.271
F01907,2020-K,Soybean,2.743
F01908,2020-K,Soybean,2.562
F01909,2020-K,Soybean,8.213
F01910,2020-K,Soybean,1.427
F01911,2020-K,Soybean,2.414
F01912,2020-K,Soybean,6.477
F01913,2020-K,Soybean,1.916
F01914,2020-K,Soybean,1.478
F01915,2020-K,Soybean,2.591
F01916,2020-K,Soybean,5.001
F01917,2020-K,Soybean,0.84
F01918,2020-K,Soybean,1.204
F01919,2020-K,Soybean,2.642
F01920,2020-K,Soybean,1.89
F01921,2020-K,Soybean,2.166
F01922,2020-K,Soybean,2.987
F01923,2020-K,Soybean,9.626
F01924,2020-K,Soybean,2.975
F01925,2020-K,Soybean,2.994
F01926,2020-K,Soybean,2.696
F01927,2020-K,Soybean,1.589
F01928,2020-K,Soybean,4.153
F01929,2020-K,Soybean,1.554
F01930,2020-K,Soybean,5.561
F01931,2020-K,Soybean,1.731
F01932,2020-K,Soybean,2.444
F01933,2020-K,Soybean,1.553
F01934,2020-K,Soybean,2.432
F01935,2020-K,Soybean,4.257
F01936,2020-K,Soybean,3.481
F01937,2020-K,Soybean,2.296
F01938,2020-K,Soybean,1.123
F01939,2020-K,Soybean,3.4
F01940,2020-K,Soybean,1.522
F01941,2020-K,Soybean,4.042
F01942,2020-K,Soybean,2.2
F01943,2020-K,Soybean,1.395
F01944,2020-K,Soybean,1.761
F01945,2020-K,Soybean,1.022
F01946,2020-K,Soybean,2.222
F01947,2020-K,Soybean,3.143
F01948,2020-K,Soybean,2.422
F01949,2020-K,Soybean,2.085
F01950,2020-K,Soybean,1.871
F01951,2020-K,Soybean,4.182
F01952,2020-K,Soybean,2.316
F01953,2020-K,Soybean,1.575
F01954,2020-K,Soybean,1.833
F01955,2020-K,Soybean,4.933
F01956,2020-K,Soybean,5.762
F01957,2020-K,Soybean,1.27
F01958,2020-K,Soybean,1.313
F01959,2020-K,Soybean,1.769
F01960,2020-K,Soybean,0.674
F01961,2020-K,Soybean,3.365
F01962,2020-K,Soybean,2.256
F01963,2020-K,Soybean,2.385
F01964,2020-K,Soybean,1.188
F01965,2020-K,Soybean,1.177
F01966,2020-K,Soybean,5.075
F01967,2020-K,Soybean,1.922
F01968,2020-K,Soybean,1.069
F01969,2020-K,Soybean,1.819
F01970,2020-K,Soybean,1.747
F01971,2020-K,Soybean,2.547
F01972,2020-K,Soybean,1.277
F01973,2020-K,Soybean,2.944
F01974,2020-K,Soybean,1.427
F01975,2020-K,Soybean,1.769
F01976,2020-K,Soybean,2.462
F01977,2020-K,Soybean,2.244
F01978,2020-K,Soybean,4.009
F01979,2020-K,Soybean,1.4
F01980,2020-K,Soybean,2.367
F01981,2020-K,Soybean,1.192
F01982,2020-K,Soybean,2.511
F01983,2020-K,Soybean,2.819
F01984,2020-K,Soybean,2.516
F01985,2020-K,Soybean,3.498
F01986,2020-K,Soybean,2.56
F01987,2020-K,Soybean,6.191
F01988,2020-K,Soybean,5.432
F01989,2020-K,Soybean,1.527
F01990,2020-K,Soybean,4.481
F01991,2020-K,Soybean,2.104
F01992,2020-K,Soybean,1.542
F01993,2020-K,Soybean,2.238
F01994,2020-K,Soybean,2.796
F01995,2020-K,Soybean,4.161
F01996,2020-K,Soybean,2.871
F01997,2020-K,Soybean,0.72
F01998,2020-K,Soybean,4.469
F01999,2020-K,Soybean,1.414
F02000,2020-K,Soybean,0.728
F02001,2020-K,Soybean,2.119
F02002,2020-K,Soybean,1.218
F02003,2020-K,Soybean,3.314
F02004,2020-K,Soybean,3.348
F02005,2020-K,Soybean,2.582
F02006,2020-K,Soybean,4.875
F02007,2020-K,Soybean,3.031
F02008,2020-K,Soybean,1.25
F02009,2020-K,Soybean,2.336
F02010,2020-K,Soybean,1.412
F02011,2020-K,Soybean,1.141
F02012,2020-K,Soybean,2.299
F02013,2020-K,Soybean,1.729
F02014,2020-K,Soybean,2.024
F02015,2020-K,Soybean,2.967
F02016,2020-K,Soybean,2.327
F02017,2020-K,Soybean,1.771
F02018,2020-K,Soybean,3.908
F02019,2020-K,Soybean,4.856
F02020,2020-K,Soybean,5.43
F02021,2020-K,Soybean,3.038
F02022,2020-K,Soybean,3.118
F02023,2020-K,Soybean,0.514
F02024,2020-K,Soybean,2.074
F02025,2020-K,Soybean,2.167
F02026,2020-K,Soybean,2.007
F02027,2020-K,Soybean,0.878
F02028,2020-K,Soybean,5.528
F02029,2020-K,Soybean,1.935
F02030,2020-K,Soybean,1.325
F02031,2020-K,Soybean,2.375
F02032,2020-K,Soybean,0.62
F02033,2020-K,Soybean,2.036
F02034,2020-K,Soybean,5.842
F02035,2020-K,Soybean,3.308
F02036,2020-K,Soybean,3.348
F02037,2020-K,Soybean,1.376
F02038,2020-K,Soybean,4.653
F02039,2020-K,Soybean,1.574
F02040,2020-K,Soybean,2.281
F02041,2020-K,Soybean,1.235
F02042,2020-K,Soybean,1.401
F02043,2020-K,Soybean,1.737
F02044,2020-K,Soybean,4.05
F02045,2020-K,Soybean,2.353
F02046,2020-K,Soybean,2.738
F02047,2020-K,Soybean,1.659
F02048,2020-K,Soybean,4.107
F02049,2020-K,Soybean,2.234
F02050,2020-K,Soybean,2.143
F02051,2020-K,Soybean,1.522
F02052,2020-K,Soybean,2.426
F02053,2020-K,Soybean,1.315
F02054,2020-K,Soybean,6.527
F02055,2020-K,Soybean,2.206
F02056,2020-K,Soybean,4.046
F02057,2020-K,Soybean,1.802
F02058,2020-K,Soybean,1.008
F02059,2020-K,Soybean,1.213
F02060,2020-K,Soybean,6.071
F02061,2020-K,Soybean,2.761
F02062,2020-K,Soybean,2.997
F02063,2020-K,Groundnut,2.603
F02064,2020-K,Groundnut,4.994
F02064,2020-K,Soybean,4.234
F02065,2020-K,Groundnut,7.497
F02066,2020-K,Groundnut,1.47
F02067,2020-K,Groundnut,2.092
F02068,2020-K,Groundnut,2.253
F02069,2020-K,Groundnut,7.056
F02070,2020-K,Groundnut,3.606
F02071,2020-K,Groundnut,5.244
F02071,2020-K,Soybean,4.384
F02072,2020-K,Groundnut,11.304
F02072,2020-K,Soybean,9.78
F02073,2020-K,Groundnut,2.542
F02074,2020-K,Groundnut,2.471
F02075,2020-K,Groundnut,2.174
F02076,2020-K,Groundnut,3.448
F02076,2020-K,Soybean,2.819
F02077,2020-K,Groundnut,4.965
F02078,2020-K,Groundnut,1.356
F02078,2020-K,Soybean,1.162
F02079,2020-K,Groundnut,1.963
F02080,2020-K,Groundnut,1.588
F02081,2020-K,Groundnut,1.373
F02081,2020-K,Soybean,1.187
F02082,2020-K,Groundnut,3.145
F02083,2020-K,Groundnut,2.685
F02084,2020-K,Groundnut,7.495
F02084,2020-K,Soybean,6.159
F02085,2020-K,Groundnut,6.751
F02086,2020-K,Groundnut,0.97
F02086,2020-K,Soybean,0.81
F02087,2020-K,Groundnut,3.323
F02088,2020-K,Groundnut,2.975
F02089,2020-K,Groundnut,3.007
F02089,2020-K,Soybean,2.215
F02090,2020-K,Groundnut,2.369
F02090,2020-K,Soybean,1.948
F02091,2020-K,Groundnut,3.666
F02092,2020-K,Groundnut,2.175
F02093,2020-K,Groundnut,1.63
F02094,2020-K,Groundnut,4.742
F02095,2020-K,Groundnut,8.636
F02096,2020-K,Groundnut,0.827
F02097,2020-K,Groundnut,4.125
F02097,2020-K,Soybean,3.182
F02098,2020-K,Groundnut,2.832
F02099,2020-K,Groundnut,3.387
F02099,2020-K,Soybean,3.001
F02100,2020-K,Groundnut,2.615
F02101,2020-K,Groundnut,2.764
F02102,2020-K,Groundnut,2.431
F02103,2020-K,Groundnut,2.405
F02103,2020-K,Soybean,1.824
F02104,2020-K,Groundnut,0.893
F02105,2020-K,Groundnut,2.006
F02106,2020-K,Groundnut,2.774
F02107,2020-K,Groundnut,2.839
F02108,2020-K,Groundnut,4.656
F02109,2020-K,Groundnut,4.146
F02109,2020-K,Soybean,3.761
F02110,2020-K,Groundnut,3.83
F02111,2020-K,Groundnut,6.332
F02113,2020-K,Groundnut,3.77
F02114,2020-K,Groundnut,7.315
F02114,2020-K,Soybean,5.943
F02115,2020-K,Groundnut,1.983
F02115,2020-K,Soybean,1.595
F02116,2020-K,Groundnut,8.293
F02116,2020-K,Soybean,6.64
F02117,2020-K,Groundnut,3.48
F02117,2020-K,Soybean,2.887
F02118,2020-K,Groundnut,3.941
F02118,2020-K,Soybean,3.059
F02119,2020-K,Groundnut,6.476
F02120,2020-K,Groundnut,1.96
F02121,2020-K,Groundnut,3.231
F02122,2020-K,Groundnut,1.596
F02123,2020-K,Groundnut,2.162
F02124,2020-K,Groundnut,2.88
F02124,2020-K,Soybean,1.968
F02125,2020-K,Groundnut,1.914
F02126,2020-K,Groundnut,3.171
F02126,2020-K,Soybean,2.622
F02127,2020-K,Groundnut,1.951
F02128,2020-K,Groundnut,4.865
F02129,2020-K,Groundnut,3.987
F02130,2020-K,Groundnut,7.603
F02131,2020-K,Groundnut,2.852
F02131,2020-K,Soybean,2.702
F02132,2020-K,Groundnut,7.193
F02133,2020-K,Groundnut,2.249
F02134,2020-K,Groundnut,2.275
F02134,2020-K,Soybean,1.96
F02135,2020-K,Groundnut,1.738
F02135,2020-K,Soybean,1.402
F02136,2020-K,Groundnut,6.222
F02137,2020-K,Groundnut,3.039
F02138,2020-K,Groundnut,1.613
F02139,2020-K,Groundnut,5.955
F02140,2020-K,Groundnut,3.664
F02140,2020-K,Soybean,3.077
F02141,2020-K,Groundnut,2.617
F02141,2020-K,Soybean,2.033
F02142,2020-K,Groundnut,5.89
F02143,2020-K,Groundnut,3.067
F02144,2020-K,Groundnut,2.57
F02144,2020-K,Soybean,2.048
F02145,2020-K,Groundnut,5.834
F02146,2020-K,Groundnut,1.749
F02147,2020-K,Groundnut,3.996
F02148,2020-K,Groundnut,1.456
F02149,2020-K,Groundnut,3.428
F02150,2020-K,Groundnut,3.768
F02150,2020-K,Soybean,3.114
F02151,2020-K,Groundnut,2.309
F02152,2020-K,Groundnut,3.376
F02153,2020-K,Groundnut,4.017
F02154,2020-K,Groundnut,3.862
F02155,2020-K,Groundnut,3.478
F02156,2020-K,Groundnut,3.002
F02157,2020-K,Groundnut,4.549
F02158,2020-K,Groundnut,5.323
F02159,2020-K,Groundnut,3.702
F02159,2020-K,Soybean,2.934
F02160,2020-K,Groundnut,2.768
F02160,2020-K,Soybean,2.221
F02161,2020-K,Groundnut,7.861
F02162,2020-K,Groundnut,1.353
F02162,2020-K,Soybean,1.059
F02163,2020-K,Groundnut,2.766
F02163,2020-K,Soybean,2.1
F02164,2020-K,Groundnut,4.273
F02165,2020-K,Groundnut,0.778
F02166,2020-K,Groundnut,2.453
F02167,2020-K,Groundnut,4.706
F02168,2020-K,Groundnut,10.154
F02169,2020-K,Groundnut,2.8
F02170,2020-K,Groundnut,3.208
F02172,2020-K,Groundnut,1.623
F02173,2020-K,Groundnut,3.234
F02174,2020-K,Groundnut,1.499
F02175,2020-K,Groundnut,1.484
F02176,2020-K,Groundnut,2.23
F02177,2020-K,Groundnut,1.865
F02178,2020-K,Groundnut,4.699
F02179,2020-K,Groundnut,2.453
F02180,2020-K,Groundnut,1.889
F02181,2020-K,Groundnut,3.64
F02181,2020-K,Soybean,3.253
F02182,2020-K,Groundnut,3.559
F02182,2020-K,Soybean,3.225
F02183,2020-K,Groundnut,2.606
F02184,2020-K,Groundnut,5.291
F02184,2020-K,Soybean,4.407
F02185,2020-K,Groundnut,3.251
F02186,2020-K,Groundnut,1.356
F02187,2020-K,Groundnut,9.631
F02188,2020-K,Groundnut,7.382
F02188,2020-K,Soybean,5.418
F02189,2020-K,Groundnut,3.651
F02190,2020-K,Groundnut,3.216
F02190,2020-K,Soybean,2.722
F02191,2020-K,Groundnut,3.559
F02191,2020-K,Soybean,2.707
F02192,2020-K,Groundnut,1.66
F02193,2020-K,Groundnut,3.51
F02194,2020-K,Groundnut,2.158
F02195,2020-K,Groundnut,2.276
F02196,2020-K,Groundnut,5.675
F02197,2020-K,Groundnut,1.628
F02198,2020-K,Groundnut,4.641
F02199,2020-K,Groundnut,2.705
F02200,2020-K,Groundnut,6.662
F02201,2020-K,Groundnut,3.359
F02201,2020-K,Soybean,2.462
F02202,2020-K,Groundnut,7.11
F02203,2020-K,Groundnut,10.531
F02204,2020-K,Groundnut,1.286
F02204,2020-K,Soybean,0.996
F02205,2020-K,Groundnut,1.77
F02205,2020-K,Soybean,1.324
F02206,2020-K,Groundnut,1.913
F02207,2020-K,Groundnut,2.98
F02208,2020-K,Groundnut,1.58
F02209,2020-K,Groundnut,5.04
F02210,2020-K,Groundnut,2.634
F02211,2020-K,Groundnut,1.404
F02212,2020-K,Groundnut,3.283
F02214,2020-K,Groundnut,2.755
F02214,2020-K,Soybean,2.277
F02215,2020-K,Groundnut,3.105
F02215,2020-K,Soybean,2.158
F02216,2020-K,Groundnut,3.073
F02217,2020-K,Groundnut,5.186
F02218,2020-K,Groundnut,1.299
F02219,2020-K,Soybean,2.526
F02220,2020-K,Soybean,4.199
F02221,2020-K,Soybean,3.14
F02222,2020-K,Soybean,2.05
F02223,2020-K,Cotton,1.248
F02224,2020-K,Soybean,2.712
F02225,2020-K,Cotton,2.714
F02226,2020-K,Soybean,1.887
F02227,2020-K,Soybean,1.742
F02228,2020-K,Soybean,3.358
F02229,2020-K,Cotton,0.941
F02230,2020-K,Soybean,1.765
F02231,2020-K,Soybean,2.266
F02232,2020-K,Cotton,1.296
F02233,2020-K,Cotton,1.589
F02234,2020-K,Soybean,0.762
F02235,2020-K,Soybean,4.036
F02236,2020-K,Soybean,2.993
F02237,2020-K,Paddy,14.739
F02238,2020-K,Soybean,2.764
F02239,2020-K,Soybean,4.327
F02240,2020-K,Soybean,2.094
F02241,2020-K,Paddy,13.683
F02242,2020-K,Soybean,4.573
F02243,2020-K,Soybean,2.989
F02244,2020-K,Soybean,4.254
F02245,2020-K,Soybean,6.11
F02246,2020-K,Soybean,2.595
F02247,2020-K,Soybean,1.741
F02248,2020-K,Paddy,5.643
F02249,2020-K,Soybean,3.269
F02250,2020-K,Soybean,3.629
F02251,2020-K,Groundnut,2.788
F02252,2020-K,Soybean,2.866
F02253,2020-K,Groundnut,2.161
F02254,2020-K,Groundnut,2.709
F02255,2020-K,Cotton,1.557
F02256,2020-K,Soybean,1.526
F02257,2020-K,Groundnut,4.207
F02258,2020-K,Cotton,1.131
F02259,2020-K,Soybean,4.406
F02260,2020-K,Paddy,2.566
F02261,2020-K,Soybean,4.25
F02262,2020-K,Soybean,2.341
F02263,2020-K,Cotton,1.727
F02264,2020-K,Soybean,1.249
F02265,2020-K,Groundnut,3.457
F02266,2020-K,Soybean,3.91
F02267,2020-K,Soybean,1.347
F02268,2020-K,Soybean,2.418
F02269,2020-K,Paddy,2.265
F02270,2020-K,Cotton,3.068
F02271,2020-K,Paddy,4.772
F02272,2020-K,Groundnut,5.037
F02273,2020-K,Soybean,1.816
F02274,2020-K,Soybean,0.875
F02275,2020-K,Soybean,1.583
F02276,2020-K,Soybean,2.215
F02277,2020-K,Cotton,0.655
F02278,2020-K,Soybean,2.872
F02279,2020-K,Cotton,1.728
F02280,2020-K,Soybean,1.783
F02281,2020-K,Soybean,3.399
F02282,2020-K,Soybean,0.979
F02283,2020-K,Soybean,2.893
F02284,2020-K,Soybean,3.183
F02285,2020-K,Soybean,1.339
F02286,2020-K,Cotton,1.176
F02287,2020-K,Paddy,4.378
F02288,2020-K,Soybean,3.276
F02289,2020-K,Soybean,1.679
F02290,2020-K,Soybean,2.844
F02291,2020-K,Cotton,3.677
F02292,2020-K,Soybean,4.167
F02293,2020-K,Soybean,2.893
F02294,2020-K,Paddy,10.75
F02295,2020-K,Paddy,5.899
F02296,2020-K,Cotton,1.929
F02297,2020-K,Soybean,4.004
F02298,2020-K,Soybean,4.664
F02299,2020-K,Soybean,2.028
F02300,2020-K,Soybean,0.716
F02301,2020-K,Soybean,1.415
F02302,2020-K,Soybean,2.204
F02303,2020-K,Paddy,4.221
F02304,2020-K,Soybean,4.046
F02305,2020-K,Soybean,2.949
F02306,2020-K,Paddy,2.527
F02307,2020-K,Soybean,3.177
F02308,2020-K,Groundnut,2.515
F02309,2020-K,Soybean,2.152
F02310,2020-K,Soybean,2.793
F02311,2020-K,Soybean,4.122
F02312,2020-K,Soybean,2.444
F02313,2020-K,Soybean,3.158
F02314,2020-K,Soybean,4.419
F02315,2020-K,Cotton,1.219
F02316,2020-K,Groundnut,2.248
F02317,2020-K,Paddy,11.242
F02318,2020-K,Soybean,1.941
F02319,2020-K,Soybean,2.838
F02320,2020-K,Soybean,2.034
F02321,2020-K,Groundnut,2.64
F02322,2020-K,Paddy,9.232
F02323,2020-K,Soybean,0.79
F02324,2020-K,Soybean,2.151
F02325,2020-K,Soybean,3.037
F02326,2020-K,Soybean,4.77
F02327,2020-K,Soybean,2.131
F02328,2020-K,Paddy,19.643
F02329,2020-K,Cotton,1.311
F02330,2020-K,Soybean,3.102
F02331,2020-K,Groundnut,2.623
F02332,2020-K,Groundnut,1.732
F02333,2020-K,Soybean,1.278
F02334,2020-K,Soybean,2.96
F02335,2020-K,Groundnut,2.411
F02336,2020-K,Soybean,1.755
F01001,2020-R,Gram,1.086
F01001,2020-R,Wheat,2.827
F01002,2020-R,Gram,0.832
F01003,2020-R,Gram,1.053
F01004,2020-R,Gram,1.153
F01004,2020-R,Wheat,3.05
F01005,2020-R,Gram,3.594
F01006,2020-R,Gram,0.985
F01007,2020-R,Gram,1.392
F01008,2020-R,Gram,1.032
F01009,2020-R,Gram,1.072
F01010,2020-R,Gram,1.568
F01011,2020-R,Gram,2.99
F01011,2020-R,Wheat,8.51
F01012,2020-R,Gram,2.081
F01013,2020-R,Gram,1.91
F01014,2020-R,Gram,1.011
F01015,2020-R,Gram,2.782
F01015,2020-R,Wheat,7.605
F01016,2020-R,Gram,1.001
F01017,2020-R,Gram,2.515
F01017,2020-R,Wheat,6.852
F01018,2020-R,Gram,2.296
F01019,2020-R,Gram,1.537
F01020,2020-R,Gram,0.469
F01020,2020-R,Wheat,1.334
F01021,2020-R,Gram,1.621
F01021,2020-R,Wheat,4.328
F01022,2020-R,Gram,1.096
F01023,2020-R,Gram,1.246
F01024,2020-R,Gram,6.254
F01024,2020-R,Wheat,16.195
F01025,2020-R,Gram,5.198
F01027,2020-R,Gram,1.561
F01028,2020-R,Gram,2.396
F01029,2020-R,Gram,1.7
F01030,2020-R,Gram,0.482
F01030,2020-R,Wheat,1.339
F01031,2020-R,Gram,2.117
F01032,2020-R,Gram,1.257
F01032,2020-R,Wheat,3.598
F01033,2020-R,Gram,0.994
F01034,2020-R,Gram,0.903
F01035,2020-R,Gram,0.721
F01035,2020-R,Wheat,1.988
F01036,2020-R,Gram,1.249
F01037,2020-R,Gram,0.971
F01037,2020-R,Wheat,2.521
F01038,2020-R,Gram,5.093
F01039,2020-R,Gram,1.674
F01039,2020-R,Wheat,5.055
F01040,2020-R,Gram,2.299
F01041,2020-R,Gram,3.288
F01041,2020-R,Wheat,8.648
F01042,2020-R,Gram,2.531
F01043,2020-R,Gram,3.618
F01044,2020-R,Gram,3.021
F01044,2020-R,Wheat,7.402
F01045,2020-R,Gram,1.884
F01046,2020-R,Gram,0.689
F01046,2020-R,Wheat,1.795
F01047,2020-R,Gram,0.872
F01047,2020-R,Wheat,2.554
F01048,2020-R,Gram,0.657
F01049,2020-R,Gram,1.617
F01049,2020-R,Wheat,4.272
F01050,2020-R,Gram,3.621
F01051,2020-R,Gram,1.637
F01051,2020-R,Wheat,4.656
F01052,2020-R,Gram,2.252
F01053,2020-R,Gram,2.724
F01054,2020-R,Gram,3.578
F01054,2020-R,Wheat,9.674
F01055,2020-R,Gram,2.066
F01055,2020-R,Wheat,5.336
F01056,2020-R,Gram,3.783
F01056,2020-R,Wheat,9.239
F01057,2020-R,Gram,1.9
F01058,2020-R,Gram,3.805
F01059,2020-R,Gram,1.713
F01059,2020-R,Wheat,4.815
F01060,2020-R,Gram,2.095
F01060,2020-R,Wheat,5.672
F01061,2020-R,Gram,2.279
F01062,2020-R,Gram,2.786
F01062,2020-R,Wheat,7.859
F01063,2020-R,Gram,0.942
F01063,2020-R,Wheat,2.686
F01064,2020-R,Gram,3.651
F01066,2020-R,Gram,2.196
F01066,2020-R,Wheat,6.183
F01067,2020-R,Gram,1.132
F01068,2020-R,Gram,2.599
F01069,2020-R,Gram,2.615
F01070,2020-R,Gram,1.506
F01070,2020-R,Wheat,4.066
F01071,2020-R,Gram,1.203
F01072,2020-R,Gram,2.385
F01072,2020-R,Wheat,6.598
F01073,2020-R,Gram,1.494
F01074,2020-R,Gram,0.744
F01075,2020-R,Gram,4.173
F01076,2020-R,Gram,1.777
F01076,2020-R,Wheat,4.333
F01077,2020-R,Gram,2.762
F01078,2020-R,Gram,0.986
F01079,2020-R,Gram,1.307
F01080,2020-R,Gram,4.069
F01081,2020-R,Gram,1.792
F01081,2020-R,Wheat,4.772
F01082,2020-R,Gram,1.028
F01083,2020-R,Gram,1.215
F01083,2020-R,Wheat,3.459
F01084,2020-R,Gram,0.729
F01084,2020-R,Wheat,1.935
F01085,2020-R,Gram,2.21
F01086,2020-R,Gram,2.252
F01087,2020-R,Gram,3.06
F01088,2020-R,Gram,0.709
F01088,2020-R,Wheat,1.881
F01089,2020-R,Gram,3.399
F01089,2020-R,Wheat,9.729
F01090,2020-R,Gram,1.221
F01091,2020-R,Gram,2.756
F01091,2020-R,Wheat,6.978
F01092,2020-R,Gram,1.79
F01093,2020-R,Gram,4.597
F01094,2020-R,Gram,0.501
F01094,2020-R,Wheat,1.354
F01095,2020-R,Gram,0.865
F01095,2020-R,Wheat,2.311
F01096,2020-R,Gram,3.808
F01097,2020-R,Gram,1.225
F01098,2020-R,Gram,1.001
F01098,2020-R,Wheat,2.547
F01099,2020-R,Gram,2.286
F01099,2020-R,Wheat,5.785
F01100,2020-R,Gram,1.138
F01101,2020-R,Gram,0.528
F01101,2020-R,Wheat,1.405
F01102,2020-R,Gram,1.827
F01103,2020-R,Gram,2.535
F01104,2020-R,Gram,3.299
F01105,2020-R,Gram,2.249
F01106,2020-R,Gram,0.694
F01107,2020-R,Gram,1.765
F01108,2020-R,Gram,1.309
F01109,2020-R,Gram,1.346
F01110,2020-R,Gram,2.182
F01110,2020-R,Wheat,5.372
F01111,2020-R,Gram,1.672
F01112,2020-R,Gram,2.63
F01112,2020-R,Wheat,6.846
F01113,2020-R,Gram,1.89
F01114,2020-R,Gram,1.93
F01115,2020-R,Gram,2.026
F01115,2020-R,Wheat,6.296
F01116,2020-R,Gram,1.517
F01117,2020-R,Gram,1.493
F01118,2020-R,Gram,1.84
F01119,2020-R,Gram,1.292
F01119,2020-R,Wheat,3.445
F01120,2020-R,Gram,2.069
F01120,2020-R,Wheat,5.505
F01121,2020-R,Gram,0.747
F01122,2020-R,Gram,0.558
F01122,2020-R,Wheat,1.559
F01123,2020-R,Gram,1.421
F01124,2020-R,Gram,0.598
F01125,2020-R,Gram,1.529
F01126,2020-R,Gram,1.357
F01127,2020-R,Gram,5.038
F01128,2020-R,Gram,1.187
F01129,2020-R,Gram,2.512
F01129,2020-R,Wheat,6.718
F01130,2020-R,Gram,1.333
F01131,2020-R,Gram,1.356
F01131,2020-R,Wheat,3.958
F01132,2020-R,Gram,2.584
F01133,2020-R,Gram,0.763
F01133,2020-R,Wheat,2.126
F01134,2020-R,Gram,1.212
F01135,2020-R,Gram,1.344
F01136,2020-R,Gram,2.945
F01137,2020-R,Gram,1.804
F01138,2020-R,Gram,1.408
F01139,2020-R,Gram,1.13
F01139,2020-R,Wheat,2.763
F01140,2020-R,Gram,1.094
F01141,2020-R,Gram,2.079
F01141,2020-R,Wheat,4.792
F01142,2020-R,Gram,1.055
F01143,2020-R,Gram,1.273
F01143,2020-R,Wheat,3.766
F01144,2020-R,Gram,1.165
F01145,2020-R,Gram,1.045
F01146,2020-R,Gram,1.01
F01147,2020-R,Gram,2.375
F01147,2020-R,Wheat,6.467
F01148,2020-R,Gram,0.616
F01149,2020-R,Gram,1.366
F01149,2020-R,Wheat,4.07
F01150,2020-R,Gram,2.897
F01151,2020-R,Gram,0.476
F01152,2020-R,Gram,2.92
F01153,2020-R,Gram,1.932
F01153,2020-R,Wheat,5.747
F01154,2020-R,Wheat,3.266
F01155,2020-R,Wheat,1.962
F01156,2020-R,Wheat,2.868
F01156,2020-R,Gram,1.195
F01157,2020-R,Wheat,1.421
F01158,2020-R,Wheat,4.79
F01159,2020-R,Wheat,7.614
F01159,2020-R,Gram,2.842
F01160,2020-R,Wheat,4.757
F01161,2020-R,Wheat,5.496
F01161,2020-R,Gram,2.072
F01162,2020-R,Wheat,4.988
F01162,2020-R,Gram,1.839
F01163,2020-R,Wheat,9.707
F01164,2020-R,Wheat,6.421
F01165,2020-R,Wheat,7.047
F01166,2020-R,Wheat,3.704
F01167,2020-R,Wheat,6.081
F01168,2020-R,Wheat,4.661
F01169,2020-R,Wheat,7.164
F01170,2020-R,Wheat,6.403
F01171,2020-R,Wheat,3.351
F01171,2020-R,Gram,1.189
F01172,2020-R,Wheat,4.951
F01173,2020-R,Wheat,4.093
F01174,2020-R,Wheat,3.187
F01175,2020-R,Wheat,10.959
F01175,2020-R,Gram,4.039
F01176,2020-R,Wheat,2.215
F01177,2020-R,Wheat,4.274
F01178,2020-R,Wheat,4.501
F01178,2020-R,Gram,1.793
F01179,2020-R,Wheat,7.063
F01179,2020-R,Gram,2.782
F01180,2020-R,Wheat,2.779
F01180,2020-R,Gram,0.948
F01181,2020-R,Wheat,7.144
F01182,2020-R,Wheat,5.965
F01183,2020-R,Wheat,4.289
F01183,2020-R,Gram,1.644
F01184,2020-R,Wheat,3.744
F01185,2020-R,Wheat,4.944
F01186,2020-R,Wheat,4.544
F01186,2020-R,Gram,1.41
F01187,2020-R,Wheat,3.042
F01187,2020-R,Gram,1.156
F01188,2020-R,Wheat,7.432
F01188,2020-R,Gram,2.752
F01190,2020-R,Wheat,7.936
F01191,2020-R,Wheat,3.944
F01192,2020-R,Wheat,8.068
F01193,2020-R,Wheat,9.823
F01193,2020-R,Gram,3.45
F01194,2020-R,Wheat,7.091
F01194,2020-R,Gram,2.384
F01196,2020-R,Wheat,5.637
F01197,2020-R,Wheat,2.71
F01198,2020-R,Wheat,3.992
F01199,2020-R,Wheat,7.127
F01200,2020-R,Wheat,4.544
F01201,2020-R,Wheat,2.724
F01202,2020-R,Wheat,7.685
F01203,2020-R,Wheat,4.185
F01204,2020-R,Wheat,7.453
F01205,2020-R,Wheat,5.259
F01205,2020-R,Gram,2.094
F01206,2020-R,Wheat,2.579
F01207,2020-R,Wheat,5.805
F01208,2020-R,Wheat,7.676
F01209,2020-R,Wheat,7.344
F01210,2020-R,Wheat,5.282
F01210,2020-R,Gram,1.916
F01211,2020-R,Wheat,6.145
F01211,2020-R,Gram,2.194
F01212,2020-R,Wheat,5.14
F01213,2020-R,Wheat,10.169
F01213,2020-R,Gram,3.149
F01214,2020-R,Wheat,9.218
F01214,2020-R,Gram,3.467
F01215,2020-R,Wheat,6.303
F01216,2020-R,Wheat,4.164
F01217,2020-R,Wheat,3.706
F01217,2020-R,Gram,1.201
F01218,2020-R,Wheat,3.595
F01218,2020-R,Gram,1.481
F01219,2020-R,Wheat,5.687
F01220,2020-R,Wheat,1.922
F01220,2020-R,Gram,0.731
F01221,2020-R,Wheat,3.777
F01221,2020-R,Gram,1.562
F01222,2020-R,Wheat,3.818
F01223,2020-R,Wheat,14.454
F01223,2020-R,Gram,5.279
F01224,2020-R,Wheat,2.783
F01225,2020-R,Wheat,4.829
F01226,2020-R,Wheat,3.043
F01227,2020-R,Wheat,8.191
F01227,2020-R,Gram,2.883
F01228,2020-R,Wheat,2.26
F01229,2020-R,Wheat,1.663
F01230,2020-R,Wheat,2.939
F01231,2020-R,Wheat,11.294
F01231,2020-R,Gram,4.958
F01232,2020-R,Wheat,3.147
F01232,2020-R,Gram,1.2
F01233,2020-R,Wheat,6.225
F01234,2020-R,Wheat,7.131
F01234,2020-R,Gram,2.483
F01235,2020-R,Wheat,4.302
F01236,2020-R,Wheat,5.411
F01236,2020-R,Gram,1.858
F01237,2020-R,Wheat,10.448
F01237,2020-R,Gram,4.124
F01238,2020-R,Wheat,2.1
F01239,2020-R,Wheat,5.601
F01240,2020-R,Wheat,2.435
F01241,2020-R,Wheat,5.233
F01242,2020-R,Wheat,4.507
F01243,2020-R,Wheat,3.259
F01243,2020-R,Gram,1.261
F01244,2020-R,Wheat,2.34
F01245,2020-R,Wheat,6.925
F01246,2020-R,Wheat,9.129
F01246,2020-R,Gram,3.082
F01247,2020-R,Wheat,3.586
F01249,2020-R,Wheat,4.52
F01249,2020-R,Gram,1.649
F01250,2020-R,Wheat,1.828
F01251,2020-R,Wheat,4.125
F01252,2020-R,Wheat,9.721
F01253,2020-R,Wheat,2.856
F01253,2020-R,Gram,0.968
F01255,2020-R,Wheat,3.865
F01256,2020-R,Wheat,2.388
F01256,2020-R,Gram,0.85
F01257,2020-R,Wheat,4.571
F01258,2020-R,Wheat,1.937
F01258,2020-R,Gram,0.723
F01259,2020-R,Wheat,5.756
F01259,2020-R,Gram,2.229
F01260,2020-R,Wheat,8.093
F01261,2020-R,Wheat,5.231
F01262,2020-R,Wheat,6.618
F01263,2020-R,Wheat,4.389
F01263,2020-R,Gram,1.61
F01264,2020-R,Wheat,2.846
F01265,2020-R,Wheat,4.068
F01266,2020-R,Wheat,5.808
F01267,2020-R,Wheat,5.781
F01268,2020-R,Wheat,5.315
F01268,2020-R,Gram,1.948
F01269,2020-R,Wheat,5.688
F01270,2020-R,Wheat,4.17
F01271,2020-R,Wheat,1.761
F01272,2020-R,Wheat,5.126
F01272,2020-R,Gram,1.774
F01273,2020-R,Wheat,7.845
F01273,2020-R,Gram,2.59
F01274,2020-R,Wheat,2.784
F01275,2020-R,Wheat,3.182
F01275,2020-R,Gram,1.109
F01276,2020-R,Wheat,3.203
F01276,2020-R,Gram,1.285
F01277,2020-R,Wheat,3.945
F01278,2020-R,Wheat,6.368
F01279,2020-R,Wheat,9.87
F01280,2020-R,Wheat,9.032
F01280,2020-R,Gram,3.545
F01281,2020-R,Wheat,2.604
F01282,2020-R,Wheat,8.887
F01283,2020-R,Wheat,2.405
F01283,2020-R,Gram,0.831
F01284,2020-R,Wheat,3.58
F01285,2020-R,Wheat,8.604
F01286,2020-R,Wheat,7.085
F01287,2020-R,Wheat,14.79
F01288,2020-R,Wheat,5.782
F01289,2020-R,Wheat,15.252
F01289,2020-R,Gram,5.896
F01290,2020-R,Wheat,7.822
F01291,2020-R,Wheat,2.088
F01291,2020-R,Gram,0.71
F01292,2020-R,Wheat,12.442
F01292,2020-R,Gram,4.348
F01293,2020-R,Wheat,5.856
F01295,2020-R,Wheat,2.667
F01295,2020-R,Gram,0.971
F01296,2020-R,Wheat,6.14
F01296,2020-R,Gram,2.043
F01297,2020-R,Wheat,3.262
F01298,2020-R,Wheat,4.24
F01299,2020-R,Wheat,8.13
F01300,2020-R,Wheat,4.188
F01301,2020-R,Wheat,2.621
F01302,2020-R,Wheat,3.566
F01303,2020-R,Wheat,4.353
F01304,2020-R,Wheat,6.186
F01306,2020-R,Wheat,7.293
F01307,2020-R,Wheat,3.16
F01308,2020-R,Wheat,6.304
F01309,2020-R,Wheat,3.65
F01310,2020-R,Wheat,3.132
F01311,2020-R,Wheat,3.201
F01312,2020-R,Wheat,5.699
F01313,2020-R,Wheat,2.185
F01314,2020-R,Wheat,4.895
F01315,2020-R,Wheat,8.463
F01316,2020-R,Wheat,5.977
F01317,2020-R,Wheat,8.416
F01318,2020-R,Wheat,1.994
F01319,2020-R,Wheat,5.621
F01320,2020-R,Wheat,6.873
F01321,2020-R,Wheat,2.356
F01322,2020-R,Wheat,6.341
F01323,2020-R,Wheat,5.03
F01324,2020-R,Wheat,11.012
F01326,2020-R,Wheat,3.358
F01329,2020-R,Wheat,3.143
F01330,2020-R,Wheat,2.832
F01331,2020-R,Wheat,9.119
F01332,2020-R,Wheat,13.273
F01333,2020-R,Wheat,4.494
F01334,2020-R,Wheat,1.535
F01336,2020-R,Wheat,2.015
F01337,2020-R,Wheat,6.139
F01338,2020-R,Wheat,6.13
F01339,2020-R,Wheat,7.868
F01340,2020-R,Wheat,9.814
F01341,2020-R,Wheat,8.578
F01342,2020-R,Wheat,4.491
F01344,2020-R,Wheat,7.321
F01345,2020-R,Wheat,3.15
F01347,2020-R,Wheat,4.238
F01348,2020-R,Wheat,6.527
F01349,2020-R,Wheat,5.306
F01350,2020-R,Wheat,2.329
F01351,2020-R,Wheat,2.643
F01352,2020-R,Wheat,5.212
F01353,2020-R,Wheat,4.539
F01354,2020-R,Wheat,9.957
F01355,2020-R,Wheat,8.202
F01356,2020-R,Wheat,6.812
F01357,2020-R,Wheat,7.531
F01358,2020-R,Wheat,1.992
F01359,2020-R,Wheat,14.935
F01360,2020-R,Wheat,2.943
F01361,2020-R,Wheat,11.33
F01362,2020-R,Wheat,7.435
F01363,2020-R,Wheat,6.138
F01364,2020-R,Wheat,5.396
F01365,2020-R,Wheat,4.513
F01366,2020-R,Wheat,14.871
F01367,2020-R,Wheat,11.15
F01368,2020-R,Wheat,2.981
F01369,2020-R,Wheat,1.855
F01370,2020-R,Wheat,7.835
F01371,2020-R,Wheat,4.682
F01372,2020-R,Wheat,3.449
F01373,2020-R,Wheat,9.596
F01374,2020-R,Wheat,6.528
F01375,2020-R,Wheat,3.916
F01376,2020-R,Wheat,3.47
F01377,2020-R,Wheat,2.979
F01378,2020-R,Wheat,7.302
F01379,2020-R,Wheat,3.149
F01380,2020-R,Wheat,2.731
F01381,2020-R,Wheat,5.398
F01382,2020-R,Wheat,4.908
F01383,2020-R,Wheat,6.726
F01384,2020-R,Wheat,6.083
F01385,2020-R,Wheat,2.472
F01386,2020-R,Wheat,5.045
F01387,2020-R,Wheat,7.636
F01388,2020-R,Wheat,1.708
F01389,2020-R,Wheat,4.333
F01390,2020-R,Wheat,3.708
F01391,2020-R,Wheat,3.628
F01392,2020-R,Wheat,9.533
F01393,2020-R,Wheat,5.807
F01394,2020-R,Wheat,8.806
F01395,2020-R,Wheat,1.488
F01396,2020-R,Wheat,6.712
F01397,2020-R,Wheat,5.815
F01398,2020-R,Wheat,4.547
F01400,2020-R,Wheat,9.339
F01401,2020-R,Wheat,4.191
F01402,2020-R,Wheat,4.152
F01403,2020-R,Wheat,3.547
F01404,2020-R,Wheat,4.656
F01405,2020-R,Wheat,2.948
F01406,2020-R,Wheat,2.486
F01407,2020-R,Wheat,15.081
F01408,2020-R,Wheat,5.915
F01409,2020-R,Wheat,10.244
F01410,2020-R,Wheat,13.371
F01411,2020-R,Wheat,2.001
F01412,2020-R,Wheat,7.835
F01413,2020-R,Wheat,2.377
F01414,2020-R,Wheat,6.597
F01415,2020-R,Wheat,4.252
F01416,2020-R,Wheat,5.74
F01417,2020-R,Wheat,6.401
F01418,2020-R,Wheat,1.977
F01419,2020-R,Wheat,4.212
F01420,2020-R,Wheat,8.266
F01421,2020-R,Wheat,7.916
F01422,2020-R,Wheat,2.502
F01423,2020-R,Wheat,2.746
F01424,2020-R,Wheat,8.565
F01425,2020-R,Wheat,3.023
F01426,2020-R,Wheat,8.472
F01427,2020-R,Wheat,7.553
F01428,2020-R,Wheat,3.444
F01429,2020-R,Wheat,11.652
F01430,2020-R,Wheat,5.84
F01431,2020-R,Wheat,4.767
F01432,2020-R,Wheat,3.517
F01433,2020-R,Wheat,3.628
F01434,2020-R,Wheat,8.36
F01435,2020-R,Wheat,4.364
F01436,2020-R,Wheat,14.252
F01437,2020-R,Wheat,3.356
F01438,2020-R,Wheat,22.87
F01439,2020-R,Wheat,3.134
F01440,2020-R,Wheat,11.169
F01441,2020-R,Wheat,4.891
F01442,2020-R,Wheat,20.14
F01443,2020-R,Wheat,2.051
F01444,2020-R,Wheat,6.247
F01445,2020-R,Wheat,6.299
F01446,2020-R,Wheat,3.285
F01447,2020-R,Wheat,10.31
F01448,2020-R,Wheat,7.144
F01449,2020-R,Wheat,7.852
F01450,2020-R,Wheat,5.798
F01452,2020-R,Wheat,4.048
F01453,2020-R,Wheat,9.359
F01454,2020-R,Wheat,3.167
F01455,2020-R,Wheat,3.649
F01456,2020-R,Wheat,6.889
F01457,2020-R,Wheat,3.373
F01458,2020-R,Mustard,1.765
F01459,2020-R,Mustard,1.797
F01460,2020-R,Mustard,1.705
F01460,2020-R,Wheat,4.581
F01461,2020-R,Mustard,3.888
F01462,2020-R,Mustard,1.91
F01463,2020-R,Mustard,1.157
F01464,2020-R,Mustard,1.101
F01465,2020-R,Mustard,1.346
F01466,2020-R,Mustard,2.503
F01467,2020-R,Mustard,1.565
F01468,2020-R,Mustard,1.293
F01469,2020-R,Mustard,1.738
F01469,2020-R,Wheat,3.952
F01470,2020-R,Mustard,1.838
F01471,2020-R,Mustard,1.042
F01472,2020-R,Mustard,2.306
F01473,2020-R,Mustard,0.861
F01474,2020-R,Mustard,2.758
F01475,2020-R,Mustard,5.468
F01476,2020-R,Mustard,6.736
F01477,2020-R,Mustard,1.08
F01478,2020-R,Mustard,0.935
F01478,2020-R,Wheat,2.041
F01479,2020-R,Mustard,2.288
F01480,2020-R,Mustard,3.899
F01481,2020-R,Mustard,1.939
F01482,2020-R,Mustard,1.656
F01483,2020-R,Mustard,1.949
F01484,2020-R,Mustard,1.642
F01484,2020-R,Wheat,4.064
F01485,2020-R,Mustard,1.158
F01485,2020-R,Wheat,2.894
F01486,2020-R,Mustard,2.958
F01487,2020-R,Mustard,1.191
F01487,2020-R,Wheat,2.954
F01488,2020-R,Mustard,1.996
F01489,2020-R,Mustard,3.668
F01490,2020-R,Mustard,7.669
F01490,2020-R,Wheat,18.811
F01491,2020-R,Mustard,1.58
F01491,2020-R,Wheat,3.378
F01492,2020-R,Mustard,3.518
F01493,2020-R,Mustard,1.897
F01493,2020-R,Wheat,4.308
F01494,2020-R,Mustard,1.493
F01495,2020-R,Mustard,1.561
F01496,2020-R,Mustard,2.441
F01496,2020-R,Wheat,5.689
F01498,2020-R,Mustard,1.792
F01499,2020-R,Mustard,1.17
F01501,2020-R,Mustard,1.183
F01502,2020-R,Mustard,2.593
F01503,2020-R,Mustard,4.754
F01503,2020-R,Wheat,12.629
F01504,2020-R,Mustard,2.015
F01505,2020-R,Mustard,1.474
F01506,2020-R,Mustard,3.056
F01506,2020-R,Wheat,7.135
F01507,2020-R,Mustard,3.62
F01508,2020-R,Mustard,1.288
F01509,2020-R,Mustard,3.03
F01510,2020-R,Mustard,1.244
F01510,2020-R,Wheat,2.926
F01511,2020-R,Mustard,2.013
F01512,2020-R,Mustard,1.371
F01513,2020-R,Mustard,4.92
F01513,2020-R,Wheat,11.179
F01514,2020-R,Mustard,1.468
F01515,2020-R,Mustard,2.208
F01515,2020-R,Wheat,5.547
F01516,2020-R,Mustard,1.117
F01517,2020-R,Mustard,1.879
F01518,2020-R,Mustard,1.173
F01519,2020-R,Mustard,2.974
F01520,2020-R,Mustard,2.095
F01521,2020-R,Mustard,0.552
F01521,2020-R,Wheat,1.257
F01523,2020-R,Mustard,3.024
F01524,2020-R,Mustard,3.724
F01525,2020-R,Mustard,0.933
F01525,2020-R,Wheat,2.078
F01526,2020-R,Mustard,2.697
F01526,2020-R,Wheat,6.326
F01527,2020-R,Mustard,1.571
F01528,2020-R,Mustard,1.08
F01529,2020-R,Mustard,1.335
F01529,2020-R,Wheat,3.456
F01530,2020-R,Mustard,2.484
F01531,2020-R,Mustard,0.835
F01532,2020-R,Mustard,4.961
F01533,2020-R,Mustard,2.31
F01533,2020-R,Wheat,6.094
F01534,2020-R,Mustard,1.397
F01535,2020-R,Mustard,3.118
F01536,2020-R,Mustard,3.562
F01537,2020-R,Mustard,1.711
F01538,2020-R,Mustard,2.595
F01538,2020-R,Wheat,5.519
F01539,2020-R,Mustard,1.879
F01539,2020-R,Wheat,4.079
F01540,2020-R,Mustard,1.952
F01540,2020-R,Wheat,4.191
F01541,2020-R,Mustard,1.36
F01541,2020-R,Wheat,3.082
F01542,2020-R,Mustard,2.375
F01543,2020-R,Mustard,3.07
F01544,2020-R,Mustard,1.423
F01545,2020-R,Mustard,1.786
F01545,2020-R,Wheat,4.106
F01546,2020-R,Mustard,1.448
F01547,2020-R,Mustard,2.539
F01548,2020-R,Mustard,0.848
F01548,2020-R,Wheat,2.29
F01549,2020-R,Mustard,2.3
F01549,2020-R,Wheat,5.59
F01550,2020-R,Mustard,3.817
F01551,2020-R,Mustard,2.626
F01551,2020-R,Wheat,6.31
F01552,2020-R,Mustard,5.191
F01552,2020-R,Wheat,11.595
F01553,2020-R,Mustard,0.944
F01554,2020-R,Mustard,2.914
F01554,2020-R,Wheat,7.41
F01555,2020-R,Mustard,1.708
F01556,2020-R,Mustard,2.56
F01556,2020-R,Wheat,6.412
F01557,2020-R,Mustard,1.737
F01557,2020-R,Wheat,3.999
F01558,2020-R,Mustard,2.866
F01558,2020-R,Wheat,6.237
F01559,2020-R,Mustard,4.07
F01560,2020-R,Mustard,1.279
F01561,2020-R,Mustard,1.574
F01561,2020-R,Wheat,3.903
F01562,2020-R,Mustard,6.518
F01562,2020-R,Wheat,15.698
F01563,2020-R,Mustard,1.951
F01564,2020-R,Mustard,1.738
F01565,2020-R,Mustard,1.787
F01566,2020-R,Mustard,3.895
F01568,2020-R,Mustard,3.328
F01569,2020-R,Mustard,2.24
F01570,2020-R,Mustard,4.547
F01571,2020-R,Mustard,3.72
F01571,2020-R,Wheat,9.841
F01572,2020-R,Mustard,1.911
F01572,2020-R,Wheat,4.285
F01573,2020-R,Mustard,1.642
F01574,2020-R,Mustard,3.386
F01575,2020-R,Mustard,2.737
F01576,2020-R,Mustard,1.165
F01577,2020-R,Mustard,0.922
F01578,2020-R,Mustard,0.782
F01578,2020-R,Wheat,1.998
F01579,2020-R,Mustard,1.537
F01580,2020-R,Mustard,1.336
F01581,2020-R,Mustard,1.263
F01581,2020-R,Wheat,3.053
F01582,2020-R,Mustard,1.83
F01583,2020-R,Mustard,1.107
F01583,2020-R,Wheat,2.611
F01584,2020-R,Mustard,0.76
F01585,2020-R,Mustard,3.56
F01585,2020-R,Wheat,9.389
F01586,2020-R,Mustard,2.758
F01587,2020-R,Mustard,1.479
F01587,2020-R,Wheat,3.782
F01589,2020-R,Mustard,3.405
F01590,2020-R,Mustard,0.943
F01591,2020-R,Mustard,2.288
F01592,2020-R,Mustard,2.357
F01593,2020-R,Mustard,2.3
F01594,2020-R,Mustard,3.125
F01595,2020-R,Mustard,1.273
F01596,2020-R,Mustard,1.877
F01596,2020-R,Wheat,4.68
F01597,2020-R,Mustard,4.58
F01597,2020-R,Wheat,10.866
F01598,2020-R,Mustard,1.543
F01599,2020-R,Mustard,4.734
F01599,2020-R,Wheat,10.468
F01600,2020-R,Mustard,1.625
F01601,2020-R,Mustard,2.147
F01601,2020-R,Wheat,5.391
F01602,2020-R,Mustard,3.45
F01603,2020-R,Mustard,8.717
F01604,2020-R,Mustard,1.341
F01605,2020-R,Mustard,4.618
F01605,2020-R,Wheat,9.968
F01606,2020-R,Mustard,1.346
F01606,2020-R,Wheat,3.089
F01607,2020-R,Mustard,2.464
F01607,2020-R,Wheat,5.723
F01608,2020-R,Mustard,1.862
F01608,2020-R,Wheat,4.506
F01609,2020-R,Mustard,1.725
F01609,2020-R,Wheat,3.957
F01610,2020-R,Mustard,1.918
F01611,2020-R,Mustard,2.115
F01611,2020-R,Wheat,5.693
F01612,2020-R,Mustard,1.785
F01613,2020-R,Mustard,2.309
F01614,2020-R,Mustard,1.867
F01615,2020-R,Mustard,1.524
F01615,2020-R,Wheat,3.714
F01616,2020-R,Mustard,1.004
F01617,2020-R,Mustard,1.381
F01618,2020-R,Wheat,2.864
F01619,2020-R,Wheat,1.919
F01620,2020-R,Wheat,9.313
F01621,2020-R,Wheat,2.025
F01622,2020-R,Wheat,13.168
F01623,2020-R,Wheat,7.534
F01624,2020-R,Wheat,6.35
F01625,2020-R,Wheat,2.535
F01626,2020-R,Wheat,4.005
F01627,2020-R,Wheat,10.569
F01628,2020-R,Wheat,3.946
F01629,2020-R,Wheat,2.585
F01630,2020-R,Wheat,3.464
F01631,2020-R,Wheat,14.483
F01632,2020-R,Wheat,2.051
F01633,2020-R,Wheat,7.687
F01634,2020-R,Wheat,10.738
F01635,2020-R,Wheat,10.149
F01636,2020-R,Wheat,4.963
F01637,2020-R,Wheat,12.757
F01638,2020-R,Wheat,1.355
F01639,2020-R,Wheat,4.364
F01640,2020-R,Wheat,11.523
F01641,2020-R,Wheat,3.526
F01642,2020-R,Wheat,3.014
F01643,2020-R,Wheat,4.417
F01644,2020-R,Wheat,8.029
F01645,2020-R,Wheat,13.273
F01646,2020-R,Wheat,3.822
F01647,2020-R,Wheat,5.347
F01648,2020-R,Wheat,1.621
F01649,2020-R,Wheat,7.262
F01650,2020-R,Wheat,4.045
F01651,2020-R,Wheat,3.464
F01652,2020-R,Wheat,3.811
F01653,2020-R,Wheat,3.147
F01654,2020-R,Wheat,16.879
F01655,2020-R,Wheat,4.914
F01656,2020-R,Wheat,3.018
F01657,2020-R,Wheat,5.168
F01658,2020-R,Wheat,9.619
F01659,2020-R,Wheat,17.008
F01660,2020-R,Wheat,2.937
F01661,2020-R,Wheat,5.762
F01662,2020-R,Wheat,3.664
F01663,2020-R,Wheat,3.43
F01664,2020-R,Wheat,2.991
F01665,2020-R,Wheat,3.485
F01666,2020-R,Wheat,4.022
F01667,2020-R,Wheat,3.515
F01668,2020-R,Wheat,7.97
F01669,2020-R,Wheat,12.02
F01670,2020-R,Wheat,5.69
F01671,2020-R,Wheat,2.53
F01672,2020-R,Wheat,7.246
F01673,2020-R,Wheat,2.954
F01674,2020-R,Wheat,4.372
F01675,2020-R,Wheat,2.845
F01676,2020-R,Wheat,4.95
F01677,2020-R,Wheat,4.173
F01678,2020-R,Wheat,4.465
F01679,2020-R,Wheat,7.149
F01680,2020-R,Wheat,4.798
F01681,2020-R,Wheat,1.921
F01682,2020-R,Wheat,1.174
F01683,2020-R,Wheat,4.277
F01684,2020-R,Wheat,7.027
F01685,2020-R,Wheat,3.623
F01686,2020-R,Wheat,4.505
F01687,2020-R,Wheat,5.275
F01688,2020-R,Wheat,6.197
F01689,2020-R,Wheat,2.512
F01690,2020-R,Wheat,1.346
F01691,2020-R,Wheat,7.015
F01692,2020-R,Wheat,3.998
F01693,2020-R,Wheat,3.734
F01694,2020-R,Wheat,4.407
F01695,2020-R,Wheat,2.021
F01696,2020-R,Wheat,3.66
F01697,2020-R,Wheat,7.17
F01698,2020-R,Wheat,2.687
F01699,2020-R,Wheat,6.822
F01700,2020-R,Wheat,6.17
F01701,2020-R,Wheat,6.237
F01702,2020-R,Wheat,6.543
F01703,2020-R,Wheat,4.724
F01704,2020-R,Wheat,4.257
F01705,2020-R,Wheat,3.593
F01706,2020-R,Wheat,5.094
F01707,2020-R,Wheat,1.664
F01708,2020-R,Wheat,4.459
F01709,2020-R,Wheat,9.498
F01710,2020-R,Wheat,6.26
F01711,2020-R,Wheat,4.271
F01712,2020-R,Wheat,2.242
F01713,2020-R,Wheat,9.314
F01714,2020-R,Wheat,4.591
F01715,2020-R,Wheat,4.52
F01716,2020-R,Wheat,4.731
F01717,2020-R,Wheat,7.087
F01718,2020-R,Wheat,6.612
F01719,2020-R,Wheat,3.408
F01720,2020-R,Wheat,9.448
F01721,2020-R,Wheat,6.325
F01722,2020-R,Wheat,5.704
F01723,2020-R,Wheat,11.334
F01724,2020-R,Wheat,22.893
F01725,2020-R,Wheat,2.678
F01726,2020-R,Wheat,3.74
F01727,2020-R,Wheat,1.805
F01728,2020-R,Wheat,4.702
F01729,2020-R,Wheat,7.214
F01730,2020-R,Wheat,4.669
F01731,2020-R,Wheat,2.316
F01732,2020-R,Wheat,6.269
F01733,2020-R,Wheat,4.617
F01734,2020-R,Wheat,14.721
F01735,2020-R,Wheat,8.915
F01736,2020-R,Wheat,1.391
F01737,2020-R,Wheat,7.058
F01738,2020-R,Wheat,1.317
F01739,2020-R,Wheat,7.009
F01740,2020-R,Wheat,3.498
F01741,2020-R,Wheat,3.033
F01742,2020-R,Wheat,3.181
F01743,2020-R,Wheat,7.421
F01744,2020-R,Wheat,3.53
F01745,2020-R,Wheat,5.573
F01746,2020-R,Wheat,6.028
F01747,2020-R,Wheat,5.776
F01748,2020-R,Wheat,2.666
F01749,2020-R,Wheat,9.827
F01750,2020-R,Wheat,6.937
F01751,2020-R,Wheat,6.686
F01752,2020-R,Wheat,3.12
F01753,2020-R,Wheat,6.724
F01754,2020-R,Wheat,2.461
F01755,2020-R,Wheat,10.942
F01756,2020-R,Wheat,4.111
F01757,2020-R,Wheat,3.028
F01758,2020-R,Wheat,3.57
F01759,2020-R,Wheat,2.81
F01760,2020-R,Wheat,2.467
F01761,2020-R,Wheat,9.174
F01763,2020-R,Wheat,3.116
F01764,2020-R,Wheat,6.232
F01765,2020-R,Wheat,8.877
F01766,2020-R,Wheat,3.74
F01766,2020-R,Gram,1.186
F01767,2020-R,Wheat,1.95
F01767,2020-R,Gram,0.693
F01769,2020-R,Wheat,5.421
F01770,2020-R,Wheat,3.653
F01771,2020-R,Wheat,8.625
F01771,2020-R,Gram,3.256
F01772,2020-R,Wheat,7.098
F01773,2020-R,Wheat,1.426
F01774,2020-R,Wheat,6.2
F01775,2020-R,Wheat,6.891
F01776,2020-R,Wheat,5.98
F01777,2020-R,Wheat,1.957
F01777,2020-R,Gram,0.713
F01779,2020-R,Wheat,6.138
F01780,2020-R,Wheat,6.793
F01781,2020-R,Wheat,6.101
F01782,2020-R,Wheat,17.671
F01783,2020-R,Wheat,2.662
F01783,2020-R,Gram,0.914
F01784,2020-R,Wheat,3.627
F01784,2020-R,Gram,1.354
F01786,2020-R,Wheat,7.289
F01787,2020-R,Wheat,5.765
F01788,2020-R,Wheat,14.232
F01789,2020-R,Wheat,10.12
F01789,2020-R,Gram,3.192
F01790,2020-R,Wheat,3.721
F01791,2020-R,Wheat,4.556
F01792,2020-R,Wheat,6.317
F01793,2020-R,Wheat,2.933
F01793,2020-R,Gram,1.208
F01794,2020-R,Wheat,2.829
F01795,2020-R,Wheat,11.63
F01796,2020-R,Wheat,6.105
F01797,2020-R,Wheat,21.252
F01797,2020-R,Gram,7.984
F01798,2020-R,Wheat,19.151
F01800,2020-R,Wheat,4.854
F01801,2020-R,Wheat,6.375
F01802,2020-R,Wheat,1.916
F01803,2020-R,Wheat,11.57
F01804,2020-R,Wheat,2.654
F01805,2020-R,Wheat,4.144
F01806,2020-R,Wheat,4.536
F01807,2020-R,Wheat,4.7
F01808,2020-R,Wheat,8.196
F01808,2020-R,Gram,2.549
F01809,2020-R,Wheat,9.655
F01810,2020-R,Wheat,4.306
F01812,2020-R,Wheat,1.559
F01813,2020-R,Wheat,4.051
F01813,2020-R,Gram,1.454
F01814,2020-R,Wheat,10.317
F01814,2020-R,Gram,3.657
F01815,2020-R,Wheat,3.013
F01815,2020-R,Gram,1.049
F01816,2020-R,Wheat,2.674
F01817,2020-R,Wheat,1.971
F01817,2020-R,Gram,0.737
F01818,2020-R,Wheat,6.288
F01818,2020-R,Gram,2.282
F01819,2020-R,Wheat,2.85
F01820,2020-R,Wheat,1.423
F01821,2020-R,Wheat,3.795
F01821,2020-R,Gram,1.614
F01822,2020-R,Wheat,4.425
F01823,2020-R,Wheat,1.665
F01823,2020-R,Gram,0.693
F01824,2020-R,Wheat,6.965
F01825,2020-R,Wheat,11.072
F01826,2020-R,Wheat,3.723
F01827,2020-R,Wheat,2.651
F01828,2020-R,Wheat,2.446
F01829,2020-R,Wheat,8.701
F01830,2020-R,Wheat,3.618
F01830,2020-R,Gram,1.222
F01831,2020-R,Wheat,8.275
F01832,2020-R,Wheat,13.829
F01833,2020-R,Wheat,4.075
F01833,2020-R,Gram,1.382
F01834,2020-R,Wheat,6.52
F01835,2020-R,Wheat,7.319
F01837,2020-R,Wheat,4.204
F01838,2020-R,Wheat,9.851
F01839,2020-R,Wheat,4.338
F01840,2020-R,Wheat,2.46
F01841,2020-R,Wheat,3.489
F01842,2020-R,Wheat,4.619
F01843,2020-R,Wheat,3.68
F01844,2020-R,Wheat,3.478
F01845,2020-R,Wheat,5.069
F01846,2020-R,Wheat,4.707
F01847,2020-R,Wheat,5.375
F01848,2020-R,Wheat,6.069
F01849,2020-R,Wheat,4.289
F01849,2020-R,Gram,1.764
F01850,2020-R,Wheat,5.28
F01851,2020-R,Wheat,10.356
F01851,2020-R,Gram,3.649
F01852,2020-R,Wheat,19.901
F01852,2020-R,Gram,7.237
F01853,2020-R,Wheat,10.492
F01854,2020-R,Wheat,5.385
F01854,2020-R,Gram,2.064
F01855,2020-R,Wheat,8.786
F01856,2020-R,Wheat,7.281
F01857,2020-R,Wheat,2.155
F01857,2020-R,Gram,0.948
F01858,2020-R,Wheat,3.675
F01859,2020-R,Wheat,4.276
F01859,2020-R,Gram,1.743
F01860,2020-R,Wheat,3.113
F01861,2020-R,Wheat,5.089
F01862,2020-R,Wheat,6.704
F01863,2020-R,Wheat,6.432
F01864,2020-R,Wheat,1.835
F01865,2020-R,Wheat,7.679
F01866,2020-R,Wheat,3.404
F01866,2020-R,Gram,1.152
F01867,2020-R,Wheat,2.631
F01868,2020-R,Wheat,7.731
F01869,2020-R,Wheat,4.956
F01870,2020-R,Wheat,5.405
F01871,2020-R,Wheat,15.037
F01872,2020-R,Wheat,4.064
F01872,2020-R,Gram,1.588
F01873,2020-R,Wheat,3.192
F01874,2020-R,Wheat,16.543
F01875,2020-R,Wheat,6.515
F01876,2020-R,Wheat,5.21
F01877,2020-R,Wheat,3.656
F01878,2020-R,Wheat,3.558
F01879,2020-R,Wheat,2.46
F01879,2020-R,Gram,0.895
F01880,2020-R,Wheat,10.242
F01881,2020-R,Wheat,4.457
F01882,2020-R,Wheat,4.662
F01883,2020-R,Wheat,8.612
F01884,2020-R,Wheat,4.393
F01885,2020-R,Wheat,14.215
F01886,2020-R,Wheat,13.456
F01887,2020-R,Wheat,9.571
F01888,2020-R,Wheat,2.472
F01889,2020-R,Wheat,9.566
F01890,2020-R,Wheat,6.437
F01891,2020-R,Wheat,5.332
F01892,2020-R,Wheat,5.459
F01893,2020-R,Wheat,3.52
F01893,2020-R,Gram,1.264
F01894,2020-R,Wheat,6.003
F01894,2020-R,Gram,2.276
F01895,2020-R,Wheat,10.572
F01896,2020-R,Wheat,4.629
F01897,2020-R,Wheat,2.807
F01898,2020-R,Wheat,2.34
F01899,2020-R,Wheat,14.813
F01899,2020-R,Gram,5.203
F01900,2020-R,Wheat,2.615
F01901,2020-R,Wheat,3.81
F01902,2020-R,Wheat,6.241
F01903,2020-R,Wheat,3.659
F01903,2020-R,Gram,1.31
F01904,2020-R,Wheat,2.17
F01905,2020-R,Wheat,5.154
F01906,2020-R,Wheat,2.732
F01906,2020-R,Gram,0.957
F01907,2020-R,Wheat,6.032
F01907,2020-R,Gram,2.33
F01908,2020-R,Wheat,5.751
F01908,2020-R,Gram,2.068
F01909,2020-R,Wheat,17.494
F01910,2020-R,Wheat,3.234
F01911,2020-R,Mustard,2.506
F01912,2020-R,Mustard,6.058
F01913,2020-R,Mustard,1.64
F01914,2020-R,Mustard,1.169
F01914,2020-R,Wheat,2.883
F01915,2020-R,Mustard,2.507
F01915,2020-R,Wheat,5.782
F01916,2020-R,Mustard,4.009
F01917,2020-R,Mustard,0.648
F01918,2020-R,Mustard,1.064
F01919,2020-R,Mustard,2.308
F01920,2020-R,Mustard,1.785
F01921,2020-R,Mustard,1.795
F01921,2020-R,Wheat,4.199
F01922,2020-R,Mustard,2.625
F01922,2020-R,Wheat,5.644
F01923,2020-R,Mustard,8.315
F01924,2020-R,Mustard,2.33
F01925,2020-R,Mustard,3.179
F01926,2020-R,Mustard,2.431
F01927,2020-R,Mustard,1.535
F01927,2020-R,Wheat,3.643
F01928,2020-R,Mustard,3.588
F01929,2020-R,Mustard,1.349
F01930,2020-R,Mustard,4.715
F01930,2020-R,Wheat,11.193
F01931,2020-R,Mustard,1.525
F01931,2020-R,Wheat,3.255
F01932,2020-R,Mustard,2.329
F01933,2020-R,Mustard,1.315
F01933,2020-R,Wheat,3.253
F01934,2020-R,Mustard,1.938
F01934,2020-R,Wheat,4.907
F01935,2020-R,Mustard,4.224
F01935,2020-R,Wheat,8.939
F01936,2020-R,Mustard,2.919
F01937,2020-R,Mustard,2.061
F01938,2020-R,Mustard,0.934
F01938,2020-R,Wheat,2.665
F01939,2020-R,Mustard,2.82
F01940,2020-R,Mustard,1.292
F01941,2020-R,Mustard,3.708
F01942,2020-R,Mustard,1.938
F01942,2020-R,Wheat,4.622
F01943,2020-R,Mustard,1.25
F01944,2020-R,Mustard,1.443
F01945,2020-R,Mustard,0.766
F01946,2020-R,Mustard,2.182
F01947,2020-R,Mustard,2.591
F01947,2020-R,Wheat,7.401
F01948,2020-R,Mustard,2.149
F01948,2020-R,Wheat,5.178
F01949,2020-R,Mustard,1.834
F01950,2020-R,Mustard,1.609
F01951,2020-R,Mustard,3.747
F01952,2020-R,Mustard,2.092
F01953,2020-R,Mustard,1.349
F01954,2020-R,Mustard,1.579
F01954,2020-R,Wheat,3.891
F01955,2020-R,Mustard,4.269
F01956,2020-R,Mustard,4.474
F01957,2020-R,Mustard,1.19
F01958,2020-R,Mustard,1.187
F01959,2020-R,Mustard,1.562
F01960,2020-R,Mustard,0.673
F01961,2020-R,Mustard,3.035
F01961,2020-R,Wheat,7.661
F01962,2020-R,Mustard,1.866
F01963,2020-R,Mustard,2.144
F01963,2020-R,Wheat,5.42
F01964,2020-R,Mustard,1.009
F01965,2020-R,Mustard,1.143
F01965,2020-R,Wheat,2.436
F01966,2020-R,Mustard,4.684
F01966,2020-R,Wheat,10.519
F01967,2020-R,Mustard,1.853
F01969,2020-R,Mustard,1.542
F01970,2020-R,Mustard,1.431
F01970,2020-R,Wheat,3.622
F01971,2020-R,Mustard,2.362
F01972,2020-R,Mustard,1.123
F01973,2020-R,Mustard,2.737
F01974,2020-R,Mustard,1.161
F01975,2020-R,Mustard,1.835
F01975,2020-R,Wheat,4.318
F01976,2020-R,Mustard,2.098
F01977,2020-R,Mustard,2.007
F01978,2020-R,Mustard,3.412
F01978,2020-R,Wheat,8.907
F01979,2020-R,Mustard,1.219
F01980,2020-R,Mustard,2.119
F01980,2020-R,Wheat,5.309
F01981,2020-R,Mustard,1.13
F01981,2020-R,Wheat,2.493
F01982,2020-R,Mustard,2.138
F01983,2020-R,Mustard,2.403
F01984,2020-R,Mustard,2.449
F01985,2020-R,Mustard,2.929
F01986,2020-R,Mustard,2.567
F01987,2020-R,Mustard,5.64
F01988,2020-R,Mustard,4.833
F01989,2020-R,Mustard,1.351
F01989,2020-R,Wheat,3.374
F01990,2020-R,Mustard,3.492
F01991,2020-R,Mustard,1.897
F01992,2020-R,Mustard,1.328
F01993,2020-R,Mustard,2.092
F01994,2020-R,Mustard,2.325
F01995,2020-R,Mustard,3.627
F01996,2020-R,Mustard,2.346
F01997,2020-R,Mustard,0.657
F01997,2020-R,Wheat,1.417
F01998,2020-R,Mustard,4.075
F01999,2020-R,Mustard,1.225
F02001,2020-R,Mustard,1.666
F02002,2020-R,Mustard,1.112
F02002,2020-R,Wheat,2.645
F02003,2020-R,Mustard,2.898
F02003,2020-R,Wheat,6.996
F02004,2020-R,Mustard,3.134
F02005,2020-R,Mustard,2.32
F02005,2020-R,Wheat,5.536
F02006,2020-R,Mustard,5.407
F02006,2020-R,Wheat,11.89
F02007,2020-R,Mustard,2.861
F02008,2020-R,Mustard,1.035
F02009,2020-R,Mustard,1.833
F02010,2020-R,Mustard,1.076
F02011,2020-R,Mustard,0.968
F02012,2020-R,Mustard,2.117
F02013,2020-R,Mustard,1.44
F02014,2020-R,Mustard,1.777
F02015,2020-R,Mustard,2.607
F02016,2020-R,Mustard,1.926
F02016,2020-R,Wheat,4.375
F02017,2020-R,Mustard,1.476
F02018,2020-R,Mustard,3.535
F02019,2020-R,Mustard,4.76
F02020,2020-R,Mustard,4.485
F02021,2020-R,Mustard,2.362
F02022,2020-R,Mustard,3.271
F02023,2020-R,Mustard,0.441
F02024,2020-R,Mustard,2.125
F02025,2020-R,Mustard,1.719
F02025,2020-R,Wheat,4.673
F02026,2020-R,Mustard,1.577
F02027,2020-R,Mustard,0.93
F02028,2020-R,Mustard,5.135
F02029,2020-R,Mustard,1.51
F02030,2020-R,Mustard,1.185
F02030,2020-R,Wheat,2.807
F02031,2020-R,Mustard,2.177
F02031,2020-R,Wheat,4.614
F02032,2020-R,Mustard,0.571
F02033,2020-R,Mustard,1.857
F02033,2020-R,Wheat,4.27
F02034,2020-R,Mustard,4.641
F02034,2020-R,Wheat,12.391
F02035,2020-R,Mustard,3.051
F02036,2020-R,Mustard,2.98
F02036,2020-R,Wheat,6.965
F02037,2020-R,Mustard,1.058
F02038,2020-R,Mustard,3.945
F02038,2020-R,Wheat,8.748
F02039,2020-R,Mustard,1.281
F02040,2020-R,Mustard,1.775
F02041,2020-R,Mustard,0.995
F02042,2020-R,Mustard,1.257
F02042,2020-R,Wheat,2.743
F02043,2020-R,Mustard,1.43
F02043,2020-R,Wheat,3.394
F02044,2020-R,Mustard,3.588
F02045,2020-R,Mustard,1.852
F02046,2020-R,Mustard,2.251
F02047,2020-R,Mustard,1.39
F02047,2020-R,Wheat,3.633
F02048,2020-R,Mustard,3.52
F02048,2020-R,Wheat,8.401
F02049,2020-R,Mustard,2.228
F02050,2020-R,Mustard,1.872
F02050,2020-R,Wheat,4.034
F02051,2020-R,Mustard,1.454
F02052,2020-R,Mustard,2.263
F02052,2020-R,Wheat,5.145
F02053,2020-R,Mustard,1.104
F02054,2020-R,Mustard,5.641
F02055,2020-R,Mustard,1.761
F02056,2020-R,Mustard,3.612
F02056,2020-R,Wheat,8.775
F02057,2020-R,Mustard,1.634
F02057,2020-R,Wheat,3.407
F02058,2020-R,Mustard,0.886
F02059,2020-R,Mustard,1.086
F02060,2020-R,Mustard,5.711
F02060,2020-R,Wheat,14.098
F02061,2020-R,Mustard,2.356
F02062,2020-R,Mustard,2.596
F02063,2020-R,Mustard,1.916
F02064,2020-R,Mustard,3.453
F02065,2020-R,Mustard,5.327
F02066,2020-R,Mustard,1.168
F02067,2020-R,Mustard,1.481
F02067,2020-R,Gram,1.451
F02068,2020-R,Mustard,1.581
F02069,2020-R,Mustard,4.951
F02069,2020-R,Gram,4.426
F02070,2020-R,Mustard,2.71
F02071,2020-R,Mustard,3.91
F02072,2020-R,Mustard,8.29
F02073,2020-R,Mustard,1.683
F02073,2020-R,Gram,1.496
F02074,2020-R,Mustard,1.825
F02074,2020-R,Gram,1.68
F02075,2020-R,Mustard,1.387
F02075,2020-R,Gram,1.393
F02076,2020-R,Mustard,2.47
F02077,2020-R,Mustard,3.978
F02077,2020-R,Gram,3.276
F02078,2020-R,Mustard,0.958
F02079,2020-R,Mustard,1.252
F02080,2020-R,Mustard,1.064
F02081,2020-R,Mustard,1.039
F02082,2020-R,Mustard,2.415
F02083,2020-R,Mustard,1.942
F02084,2020-R,Mustard,5.217
F02084,2020-R,Gram,5.04
F02085,2020-R,Mustard,4.49
F02086,2020-R,Mustard,0.684
F02087,2020-R,Mustard,2.402
F02088,2020-R,Mustard,2.169
F02089,2020-R,Mustard,2.102
F02090,2020-R,Mustard,1.493
F02091,2020-R,Mustard,2.564
F02091,2020-R,Gram,2.17
F02092,2020-R,Mustard,1.628
F02093,2020-R,Mustard,1.077
F02093,2020-R,Gram,0.988
F02094,2020-R,Mustard,3.391
F02094,2020-R,Gram,2.885
F02095,2020-R,Mustard,6.405
F02096,2020-R,Mustard,0.6
F02097,2020-R,Mustard,3.083
F02098,2020-R,Mustard,1.99
F02099,2020-R,Mustard,2.201
F02100,2020-R,Mustard,1.91
F02100,2020-R,Gram,1.638
F02101,2020-R,Mustard,2.347
F02102,2020-R,Mustard,1.728
F02103,2020-R,Mustard,1.627
F02104,2020-R,Mustard,0.67
F02105,2020-R,Mustard,1.489
F02106,2020-R,Mustard,2.268
F02107,2020-R,Mustard,2.072
F02107,2020-R,Gram,1.774
F02108,2020-R,Mustard,3.57
F02109,2020-R,Mustard,3.178
F02109,2020-R,Gram,2.699
F02110,2020-R,Mustard,2.5
F02110,2020-R,Gram,2.484
F02111,2020-R,Mustard,4.448
F02111,2020-R,Gram,3.956
F02113,2020-R,Mustard,2.723
F02114,2020-R,Mustard,4.654
F02115,2020-R,Mustard,1.472
F02116,2020-R,Mustard,6.377
F02117,2020-R,Mustard,2.789
F02118,2020-R,Mustard,2.862
F02118,2020-R,Gram,2.494
F02119,2020-R,Mustard,4.741
F02119,2020-R,Gram,3.947
F02120,2020-R,Mustard,1.428
F02121,2020-R,Mustard,2.326
F02122,2020-R,Mustard,1.102
F02123,2020-R,Mustard,1.744
F02124,2020-R,Mustard,2.101
F02125,2020-R,Mustard,1.381
F02126,2020-R,Mustard,2.11
F02126,2020-R,Gram,2.139
F02127,2020-R,Mustard,1.387
F02127,2020-R,Gram,1.335
F02128,2020-R,Mustard,3.709
F02129,2020-R,Mustard,3.096
F02129,2020-R,Gram,2.586
F02130,2020-R,Mustard,5.875
F02131,2020-R,Mustard,2.477
F02131,2020-R,Gram,1.894
F02132,2020-R,Mustard,6.637
F02132,2020-R,Gram,5.03
F02133,2020-R,Mustard,1.682
F02133,2020-R,Gram,1.508
F02134,2020-R,Mustard,1.875
F02135,2020-R,Mustard,1.357
F02135,2020-R,Gram,1.223
F02136,2020-R,Mustard,4.442
F02136,2020-R,Gram,4.23
F02137,2020-R,Mustard,2.353
F02138,2020-R,Mustard,1.194
F02138,2020-R,Gram,1.164
F02139,2020-R,Mustard,4.223
F02140,2020-R,Mustard,2.927
F02141,2020-R,Mustard,1.837
F02141,2020-R,Gram,1.668
F02142,2020-R,Mustard,4.049
F02142,2020-R,Gram,3.544
F02143,2020-R,Mustard,2.457
F02143,2020-R,Gram,2.089
F02144,2020-R,Mustard,1.854
F02145,2020-R,Mustard,4.406
F02146,2020-R,Mustard,1.331
F02147,2020-R,Mustard,2.474
F02147,2020-R,Gram,2.42
F02148,2020-R,Mustard,0.997
F02148,2020-R,Gram,1.026
F02149,2020-R,Mustard,2.461
F02149,2020-R,Gram,2.204
F02150,2020-R,Mustard,2.684
F02150,2020-R,Gram,2.557
F02151,2020-R,Mustard,1.688
F02152,2020-R,Mustard,2.701
F02153,2020-R,Mustard,3.455
F02154,2020-R,Mustard,2.612
F02155,2020-R,Mustard,2.455
F02155,2020-R,Gram,2.385
F02156,2020-R,Mustard,2.3
F02157,2020-R,Mustard,3.013
F02158,2020-R,Mustard,3.543
F02159,2020-R,Mustard,2.553
F02159,2020-R,Gram,2.355
F02160,2020-R,Mustard,2.042
F02160,2020-R,Gram,1.748
F02161,2020-R,Mustard,6.345
F02162,2020-R,Mustard,0.941
F02162,2020-R,Gram,0.916
F02163,2020-R,Mustard,1.874
F02164,2020-R,Mustard,2.838
F02164,2020-R,Gram,2.603
F02165,2020-R,Mustard,0.719
F02165,2020-R,Gram,0.64
F02166,2020-R,Mustard,1.515
F02167,2020-R,Mustard,3.48
F02168,2020-R,Mustard,7.757
F02168,2020-R,Gram,6.436
F02169,2020-R,Mustard,1.83
F02169,2020-R,Gram,1.693
F02170,2020-R,Mustard,2.125
F02172,2020-R,Mustard,1.153
F02173,2020-R,Mustard,2.311
F02173,2020-R,Gram,2.126
F02174,2020-R,Mustard,1.05
F02175,2020-R,Mustard,1.069
F02175,2020-R,Gram,1.01
F02176,2020-R,Mustard,1.412
F02176,2020-R,Gram,1.235
F02177,2020-R,Mustard,1.36
F02178,2020-R,Mustard,3.235
F02179,2020-R,Mustard,1.885
F02180,2020-R,Mustard,1.318
F02180,2020-R,Gram,1.204
F02181,2020-R,Mustard,2.356
F02182,2020-R,Mustard,3.049
F02183,2020-R,Mustard,1.825
F02183,2020-R,Gram,1.503
F02184,2020-R,Mustard,3.447
F02185,2020-R,Mustard,2.164
F02186,2020-R,Mustard,1.026
F02187,2020-R,Mustard,6.81
F02188,2020-R,Mustard,4.776
F02189,2020-R,Mustard,2.398
F02189,2020-R,Gram,2.511
F02190,2020-R,Mustard,2.518
F02191,2020-R,Mustard,2.754
F02192,2020-R,Mustard,1.099
F02192,2020-R,Gram,0.942
F02193,2020-R,Mustard,2.45
F02195,2020-R,Mustard,1.655
F02195,2020-R,Gram,1.3
F02196,2020-R,Mustard,3.592
F02197,2020-R,Mustard,1.178
F02198,2020-R,Mustard,2.878
F02199,2020-R,Mustard,1.98
F02200,2020-R,Mustard,4.906
F02200,2020-R,Gram,4.477
F02201,2020-R,Mustard,2.524
F02202,2020-R,Mustard,4.878
F02203,2020-R,Mustard,6.786
F02203,2020-R,Gram,6.914
F02204,2020-R,Mustard,0.838
F02205,2020-R,Mustard,1.315
F02206,2020-R,Mustard,1.362
F02207,2020-R,Mustard,1.941
F02208,2020-R,Mustard,1.051
F02208,2020-R,Gram,0.953
F02209,2020-R,Mustard,3.236
F02210,2020-R,Mustard,1.783
F02211,2020-R,Mustard,1.155
F02212,2020-R,Mustard,2.734
F02214,2020-R,Mustard,1.963
F02214,2020-R,Gram,1.942
F02215,2020-R,Mustard,1.951
F02216,2020-R,Mustard,2.092
F02216,2020-R,Gram,1.934
F02217,2020-R,Mustard,3.978
F02218,2020-R,Mustard,0.99
F02219,2020-R,Mustard,2.123
F02220,2020-R,Wheat,8.635
F02221,2020-R,Wheat,6.093
F02222,2020-R,Mustard,1.814
F02223,2020-R,Gram,1.314
F02224,2020-R,Wheat,5.361
F02225,2020-R,Gram,2.856
F02226,2020-R,Wheat,3.854
F02227,2020-R,Mustard,1.602
F02228,2020-R,Wheat,7.821
F02229,2020-R,Gram,0.832
F02231,2020-R,Mustard,2.261
F02232,2020-R,Gram,1.318
F02233,2020-R,Gram,1.622
F02234,2020-R,Wheat,1.573
F02235,2020-R,Wheat,9.366
F02236,2020-R,Wheat,6.758
F02237,2020-R,Wheat,12.765
F02238,2020-R,Wheat,5.364
F02239,2020-R,Wheat,8.808
F02240,2020-R,Wheat,4.686
F02241,2020-R,Wheat,11.533
F02242,2020-R,Wheat,10.275
F02243,2020-R,Mustard,2.812
F02244,2020-R,Wheat,8.372
F02245,2020-R,Mustard,6.033
F02246,2020-R,Mustard,2.435
F02247,2020-R,Wheat,3.527
F02248,2020-R,Wheat,4.962
F02249,2020-R,Mustard,3.154
F02250,2020-R,Mustard,3.057
F02251,2020-R,Mustard,1.725
F02252,2020-R,Wheat,6.073
F02253,2020-R,Mustard,1.63
F02254,2020-R,Mustard,2.085
F02255,2020-R,Gram,1.5
F02256,2020-R,Mustard,1.271
F02257,2020-R,Mustard,2.938
F02258,2020-R,Gram,1.092
F02259,2020-R,Mustard,4.091
F02260,2020-R,Wheat,1.952
F02261,2020-R,Wheat,10.011
F02262,2020-R,Wheat,4.89
F02263,2020-R,Gram,1.777
F02264,2020-R,Mustard,1.082
F02265,2020-R,Mustard,2.853
F02266,2020-R,Wheat,8.489
F02267,2020-R,Mustard,1.328
F02268,2020-R,Wheat,5.333
F02269,2020-R,Wheat,2.043
F02270,2020-R,Gram,3.029
F02271,2020-R,Wheat,4.143
F02272,2020-R,Mustard,3.552
F02273,2020-R,Mustard,1.503
F02274,2020-R,Wheat,1.772
F02275,2020-R,Mustard,1.47
F02276,2020-R,Wheat,4.539
F02277,2020-R,Gram,0.619
F02278,2020-R,Wheat,6.356
F02279,2020-R,Gram,1.926
F02280,2020-R,Wheat,3.662
F02281,2020-R,Mustard,3.565
F02282,2020-R,Wheat,2.151
F02283,2020-R,Wheat,6.657
F02284,2020-R,Mustard,2.706
F02285,2020-R,Wheat,2.625
F02286,2020-R,Gram,1.285
F02287,2020-R,Wheat,3.689
F02288,2020-R,Wheat,7.162
F02289,2020-R,Wheat,3.48
F02290,2020-R,Wheat,5.989
F02291,2020-R,Gram,3.249
F02292,2020-R,Wheat,9.353
F02293,2020-R,Mustard,2.27
F02294,2020-R,Wheat,8.898
F02295,2020-R,Wheat,4.775
F02296,2020-R,Gram,1.862
F02297,2020-R,Mustard,3.547
F02298,2020-R,Mustard,3.661
F02299,2020-R,Wheat,4.502
F02300,2020-R,Mustard,0.668
F02301,2020-R,Mustard,1.484
F02302,2020-R,Mustard,1.906
F02303,2020-R,Wheat,3.764
F02304,2020-R,Wheat,8.079
F02305,2020-R,Wheat,6.926
F02306,2020-R,Wheat,2.227
F02307,2020-R,Mustard,2.867
F02308,2020-R,Mustard,2.078
F02309,2020-R,Wheat,4.123
F02310,2020-R,Wheat,6.498
F02311,2020-R,Mustard,3.594
F02312,2020-R,Wheat,5.378
F02313,2020-R,Wheat,6.415
F02314,2020-R,Mustard,4.339
F02315,2020-R,Gram,1.202
F02316,2020-R,Mustard,1.598
F02317,2020-R,Wheat,8.843
F02318,2020-R,Mustard,1.777
F02319,2020-R,Wheat,6.186
F02320,2020-R,Mustard,2.003
F02321,2020-R,Mustard,1.791
F02322,2020-R,Wheat,8.381
F02323,2020-R,Wheat,1.527
F02324,2020-R,Wheat,4.62
F02325,2020-R,Wheat,7.603
F02326,2020-R,Mustard,4.32
F02327,2020-R,Wheat,4.662
F02328,2020-R,Wheat,16.242
F02329,2020-R,Gram,1.314
F02330,2020-R,Wheat,7.104
F02331,2020-R,Mustard,1.822
F02332,2020-R,Mustard,1.289
F02333,2020-R,Wheat,2.192
F02334,2020-R,Mustard,2.855
F02335,2020-R,Mustard,1.796
F02336,2020-R,Wheat,3.687
F02337,2020-R,Wheat,7.834
F02338,2020-R,Wheat,6.3
F02339,2020-R,Mustard,2.547
F02340,2020-R,Wheat,12.142
F02341,2020-R,Mustard,0.918
F02342,2020-R,Mustard,1.473
F02343,2020-R,Mustard,1.363
F02344,2020-R,Wheat,4.863
F02345,2020-R,Wheat,2.476
F02346,2020-R,Mustard,1.076
F02347,2020-R,Gram,1.237
F02348,2020-R,Mustard,2.767
F02349,2020-R,Wheat,14.821
F02350,2020-R,Mustard,5.326
F02351,2020-R,Wheat,3.478
F02352,2020-R,Mustard,1.842
F02353,2020-R,Wheat,3.297
F02354,2020-R,Wheat,6.22
F02355,2020-R,Wheat,5.514
F02356,2020-R,Mustard,2.96
F02357,2020-R,Wheat,3.933
F02358,2020-R,Wheat,6.118
F02359,2020-R,Wheat,5.718
F02360,2020-R,Mustard,3.446
F02361,2020-R,Wheat,2.176
F02362,2020-R,Gram,2.92
F02363,2020-R,Wheat,10.599
F02364,2020-R,Wheat,6.448
F02365,2020-R,Mustard,1.048
F02366,2020-R,Wheat,14.851
F02367,2020-R,Gram,1.543
F02368,2020-R,Gram,2.993
F02369,2020-R,Mustard,2.156
F02370,2020-R,Mustard,0.984
F02371,2020-R,Wheat,5.061
F02372,2020-R,Gram,3.47
F02373,2020-R,Mustard,8.32
F01001,2021-K,Cotton,1.05
F01003,2021-K,Cotton,0.964
F01003,2021-K,Soybean,1.344
F01004,2021-K,Cotton,1.115
F01005,2021-K,Cotton,3.762
F01008,2021-K,Cotton,1.039
F01008,2021-K,Soybean,1.313
F01009,2021-K,Cotton,1.097
F01011,2021-K,Cotton,3.571
F01012,2021-K,Cotton,2.143
F01012,2021-K,Soybean,2.905
F01013,2021-K,Cotton,1.927
F01014,2021-K,Cotton,0.926
F01014,2021-K,Soybean,1.286
F01015,2021-K,Cotton,2.792
F01017,2021-K,Cotton,2.387
F01017,2021-K,Soybean,3.309
F01019,2021-K,Cotton,1.632
F01019,2021-K,Soybean,1.961
F01020,2021-K,Cotton,0.502
F01021,2021-K,Cotton,1.526
F01021,2021-K,Soybean,2.12
F01022,2021-K,Cotton,1.221
F01022,2021-K,Soybean,1.689
F01023,2021-K,Cotton,1.309
F01027,2021-K,Cotton,1.485
F01027,2021-K,Soybean,2.0
F01028,2021-K,Cotton,2.206
F01029,2021-K,Cotton,1.748
F01030,2021-K,Cotton,0.503
F01030,2021-K,Soybean,0.634
F01031,2021-K,Cotton,1.988
F01032,2021-K,Cotton,1.235
F01034,2021-K,Cotton,0.874
F01035,2021-K,Cotton,0.75
F01035,2021-K,Soybean,0.878
F01036,2021-K,Cotton,1.282
F01036,2021-K,Soybean,1.852
F01037,2021-K,Cotton,0.986
F01037,2021-K,Soybean,1.286
F01038,2021-K,Cotton,4.616
F01038,2021-K,Soybean,6.345
F01040,2021-K,Cotton,2.216
F01042,2021-K,Cotton,2.6
F01043,2021-K,Cotton,3.879
F01043,2021-K,Soybean,4.053
F01044,2021-K,Cotton,2.726
F01044,2021-K,Soybean,3.23
F01045,2021-K,Cotton,1.75
F01046,2021-K,Cotton,0.687
F01046,2021-K,Soybean,0.825
F01047,2021-K,Cotton,0.847
F01047,2021-K,Soybean,1.163
F01048,2021-K,Cotton,0.658
F01048,2021-K,Soybean,0.827
F01050,2021-K,Cotton,3.421
F01051,2021-K,Cotton,1.745
F01052,2021-K,Cotton,2.198
F01052,2021-K,Soybean,2.98
F01053,2021-K,Cotton,2.511
F01054,2021-K,Cotton,3.805
F01055,2021-K,Cotton,1.731
F01057,2021-K,Cotton,2.041
F01057,2021-K,Soybean,2.494
F01058,2021-K,Cotton,3.455
F01059,2021-K,Cotton,1.718
F01062,2021-K,Cotton,2.98
F01063,2021-K,Cotton,0.993
F01064,2021-K,Cotton,3.556
F01066,2021-K,Cotton,2.343
F01067,2021-K,Cotton,1.212
F01067,2021-K,Soybean,1.348
F01068,2021-K,Cotton,2.612
F01070,2021-K,Cotton,1.676
F01071,2021-K,Cotton,1.312
F01071,2021-K,Soybean,1.55
F01072,2021-K,Cotton,2.281
F01072,2021-K,Soybean,3.013
F01074,2021-K,Cotton,0.739
F01075,2021-K,Cotton,4.251
F01076,2021-K,Cotton,1.74
F01078,2021-K,Cotton,1.159
F01079,2021-K,Cotton,1.303
F01079,2021-K,Soybean,1.589
F01081,2021-K,Cotton,2.061
F01082,2021-K,Cotton,1.146
F01083,2021-K,Cotton,1.188
F01083,2021-K,Soybean,1.668
F01085,2021-K,Cotton,2.207
F01085,2021-K,Soybean,2.825
F01086,2021-K,Cotton,2.222
F01087,2021-K,Cotton,3.003
F01088,2021-K,Cotton,0.74
F01089,2021-K,Cotton,3.397
F01089,2021-K,Soybean,4.325
F01090,2021-K,Cotton,1.133
F01090,2021-K,Soybean,1.436
F01091,2021-K,Cotton,2.919
F01092,2021-K,Cotton,1.704
F01092,2021-K,Soybean,1.93
F01093,2021-K,Cotton,5.028
F01095,2021-K,Cotton,0.861
F01095,2021-K,Soybean,1.102
F01098,2021-K,Cotton,0.924
F01098,2021-K,Soybean,1.224
F01099,2021-K,Cotton,2.395
F01099,2021-K,Soybean,2.932
F01100,2021-K,Cotton,1.055
F01100,2021-K,Soybean,1.467
F01102,2021-K,Cotton,1.797
F01102,2021-K,Soybean,2.423
F01104,2021-K,Cotton,3.368
F01104,2021-K,Soybean,4.476
F01105,2021-K,Cotton,2.647
F01105,2021-K,Soybean,3.237
F01107,2021-K,Cotton,1.996
F01107,2021-K,Soybean,2.707
F01109,2021-K,Cotton,1.412
F01110,2021-K,Cotton,1.897
F01111,2021-K,Cotton,1.781
F01112,2021-K,Cotton,2.567
F01113,2021-K,Cotton,1.896
F01114,2021-K,Cotton,1.926
F01115,2021-K,Cotton,2.131
F01115,2021-K,Soybean,2.772
F01116,2021-K,Cotton,1.58
F01117,2021-K,Cotton,1.483
F01120,2021-K,Cotton,2.257
F01120,2021-K,Soybean,2.638
F01121,2021-K,Cotton,0.833
F01121,2021-K,Soybean,0.976
F01122,2021-K,Cotton,0.604
F01122,2021-K,Soybean,0.749
F01123,2021-K,Cotton,1.4
F01125,2021-K,Cotton,1.463
F01125,2021-K,Soybean,1.793
F01126,2021-K,Cotton,1.308
F01127,2021-K,Cotton,4.784
F01128,2021-K,Cotton,1.209
F01128,2021-K,Soybean,1.519
F01130,2021-K,Cotton,1.304
F01131,2021-K,Cotton,1.426
F01131,2021-K,Soybean,1.847
F01132,2021-K,Cotton,2.707
F01132,2021-K,Soybean,3.192
F01133,2021-K,Cotton,0.827
F01133,2021-K,Soybean,1.056
F01135,2021-K,Cotton,1.257
F01137,2021-K,Cotton,2.059
F01138,2021-K,Cotton,1.595
F01139,2021-K,Cotton,1.059
F01140,2021-K,Cotton,1.033
F01141,2021-K,Cotton,1.619
F01142,2021-K,Cotton,0.969
F01142,2021-K,Soybean,1.259
F01143,2021-K,Cotton,1.46
F01146,2021-K,Cotton,0.989
F01147,2021-K,Cotton,2.389
F01147,2021-K,Soybean,2.868
F01148,2021-K,Cotton,0.666
F01149,2021-K,Cotton,1.5
F01150,2021-K,Cotton,2.966
F01150,2021-K,Soybean,3.59
F01151,2021-K,Cotton,0.507
F01151,2021-K,Soybean,0.619
F01152,2021-K,Cotton,2.826
F01153,2021-K,Cotton,2.172
F01155,2021-K,Soybean,0.918
F01158,2021-K,Soybean,2.569
F01159,2021-K,Soybean,3.435
F01160,2021-K,Soybean,2.234
F01160,2021-K,Cotton,1.765
F01162,2021-K,Soybean,2.152
F01163,2021-K,Soybean,4.402
F01164,2021-K,Soybean,3.191
F01165,2021-K,Soybean,3.189
F01168,2021-K,Soybean,2.383
F01169,2021-K,Soybean,3.333
F01170,2021-K,Soybean,2.627
F01170,2021-K,Cotton,1.955
F01171,2021-K,Soybean,1.563
F01172,2021-K,Soybean,2.209
F01175,2021-K,Soybean,5.662
F01176,2021-K,Soybean,1.276
F01176,2021-K,Cotton,0.868
F01177,2021-K,Soybean,2.401
F01179,2021-K,Soybean,3.267
F01179,2021-K,Cotton,2.697
F01180,2021-K,Soybean,1.2
F01181,2021-K,Soybean,3.78
F01183,2021-K,Soybean,2.058
F01183,2021-K,Cotton,1.555
F01184,2021-K,Soybean,1.777
F01188,2021-K,Soybean,3.209
F01191,2021-K,Soybean,1.872
F01193,2021-K,Soybean,4.982
F01194,2021-K,Soybean,3.401
F01194,2021-K,Cotton,2.548
F01197,2021-K,Soybean,1.187
F01199,2021-K,Soybean,3.247
F01199,2021-K,Cotton,2.539
F01200,2021-K,Soybean,2.317
F01200,2021-K,Cotton,1.613
F01201,2021-K,Soybean,1.332
F01202,2021-K,Soybean,3.761
F01203,2021-K,Soybean,1.832
F01203,2021-K,Cotton,1.491
F01204,2021-K,Soybean,3.475
F01204,2021-K,Cotton,2.897
F01205,2021-K,Soybean,2.669
F01206,2021-K,Soybean,1.246
F01207,2021-K,Soybean,2.761
F01210,2021-K,Soybean,2.504
F01211,2021-K,Soybean,2.873
F01211,2021-K,Cotton,2.292
F01213,2021-K,Soybean,4.331
F01213,2021-K,Cotton,3.259
F01215,2021-K,Soybean,2.845
F01215,2021-K,Cotton,2.144
F01216,2021-K,Soybean,1.843
F01217,2021-K,Soybean,1.629
F01218,2021-K,Soybean,1.729
F01219,2021-K,Soybean,2.456
F01221,2021-K,Soybean,1.992
F01223,2021-K,Soybean,6.659
F01224,2021-K,Soybean,1.46
F01225,2021-K,Soybean,2.225
F01226,2021-K,Soybean,1.438
F01227,2021-K,Soybean,3.905
F01227,2021-K,Cotton,3.121
F01228,2021-K,Soybean,1.09
F01232,2021-K,Soybean,1.548
F01232,2021-K,Cotton,1.25
F01235,2021-K,Soybean,2.029
F01235,2021-K,Cotton,1.528
F01236,2021-K,Soybean,2.516
F01237,2021-K,Soybean,4.872
F01238,2021-K,Soybean,1.028
F01238,2021-K,Cotton,0.845
F01239,2021-K,Soybean,3.078
F01241,2021-K,Soybean,2.471
F01242,2021-K,Soybean,2.165
F01243,2021-K,Soybean,1.568
F01245,2021-K,Soybean,3.397
F01246,2021-K,Soybean,4.151
F01249,2021-K,Soybean,2.238
F01250,2021-K,Soybean,0.883
F01251,2021-K,Soybean,1.98
F01260,2021-K,Soybean,4.192
F01261,2021-K,Soybean,2.268
F01261,2021-K,Cotton,1.812
F01262,2021-K,Soybean,3.492
F01263,2021-K,Soybean,2.08
F01264,2021-K,Soybean,1.358
F01269,2021-K,Soybean,2.722
F01269,2021-K,Cotton,1.893
F01273,2021-K,Soybean,3.313
F01273,2021-K,Cotton,2.615
F01274,2021-K,Soybean,1.397
F01274,2021-K,Cotton,0.95
F01275,2021-K,Soybean,1.329
F01275,2021-K,Cotton,1.164
F01276,2021-K,Soybean,1.576
F01277,2021-K,Soybean,1.777
F01277,2021-K,Cotton,1.623
F01280,2021-K,Soybean,4.248
F01282,2021-K,Soybean,4.333
F01282,2021-K,Cotton,3.267
F01283,2021-K,Soybean,1.147
F01285,2021-K,Soybean,4.424
F01286,2021-K,Soybean,3.358
F01286,2021-K,Cotton,2.468
F01288,2021-K,Soybean,2.758
F01292,2021-K,Soybean,5.423
F01293,2021-K,Soybean,2.866
F01295,2021-K,Soybean,1.303
F01296,2021-K,Soybean,2.871
F01297,2021-K,Soybean,1.566
F01298,2021-K,Soybean,1.94
F01299,2021-K,Soybean,3.449
F01301,2021-K,Paddy,3.021
F01302,2021-K,Paddy,3.85
F01303,2021-K,Paddy,4.973
F01304,2021-K,Paddy,6.646
F01307,2021-K,Paddy,3.857
F01308,2021-K,Paddy,7.204
F01309,2021-K,Paddy,4.075
F01310,2021-K,Paddy,3.404
F01311,2021-K,Paddy,3.622
F01312,2021-K,Paddy,6.751
F01313,2021-K,Paddy,2.555
F01316,2021-K,Paddy,6.507
F01317,2021-K,Paddy,9.39
F01318,2021-K,Paddy,2.119
F01319,2021-K,Paddy,6.563
F01320,2021-K,Paddy,8.443
F01321,2021-K,Paddy,2.817
F01322,2021-K,Paddy,7.485
F01323,2021-K,Paddy,6.389
F01324,2021-K,Paddy,13.203
F01326,2021-K,Paddy,3.944
F01329,2021-K,Paddy,3.732
F01330,2021-K,Paddy,3.426
F01331,2021-K,Paddy,9.996
F01333,2021-K,Paddy,5.396
F01337,2021-K,Paddy,6.675
F01338,2021-K,Paddy,7.593
F01339,2021-K,Paddy,9.135
F01340,2021-K,Paddy,11.351
F01341,2021-K,Paddy,9.599
F01342,2021-K,Paddy,6.369
F01347,2021-K,Paddy,5.65
F01348,2021-K,Paddy,7.192
F01350,2021-K,Paddy,2.363
F01351,2021-K,Paddy,3.563
F01352,2021-K,Paddy,6.603
F01353,2021-K,Paddy,4.864
F01354,2021-K,Paddy,11.478
F01355,2021-K,Paddy,8.976
F01356,2021-K,Paddy,7.848
F01360,2021-K,Paddy,3.673
F01362,2021-K,Paddy,8.674
F01364,2021-K,Paddy,6.05
F01365,2021-K,Paddy,4.915
F01366,2021-K,Paddy,16.888
F01368,2021-K,Paddy,3.158
F01369,2021-K,Paddy,2.083
F01370,2021-K,Paddy,9.005
F01372,2021-K,Paddy,3.652
F01374,2021-K,Paddy,7.574
F01376,2021-K,Paddy,4.408
F01377,2021-K,Paddy,3.32
F01378,2021-K,Paddy,8.949
F01379,2021-K,Paddy,4.106
F01380,2021-K,Paddy,2.833
F01382,2021-K,Paddy,5.557
F01383,2021-K,Paddy,7.748
F01384,2021-K,Paddy,6.846
F01385,2021-K,Paddy,2.936
F01386,2021-K,Paddy,5.336
F01388,2021-K,Paddy,1.994
F01389,2021-K,Paddy,5.271
F01390,2021-K,Paddy,4.065
F01391,2021-K,Paddy,3.688
F01392,2021-K,Paddy,13.055
F01393,2021-K,Paddy,6.881
F01394,2021-K,Paddy,10.103
F01395,2021-K,Paddy,1.695
F01396,2021-K,Paddy,8.271
F01398,2021-K,Paddy,5.253
F01400,2021-K,Paddy,10.149
F01401,2021-K,Paddy,4.809
F01402,2021-K,Paddy,4.539
F01403,2021-K,Paddy,4.104
F01404,2021-K,Paddy,6.203
F01405,2021-K,Paddy,3.068
F01408,2021-K,Paddy,7.356
F01409,2021-K,Paddy,11.438
F01412,2021-K,Paddy,9.641
F01414,2021-K,Paddy,7.532
F01417,2021-K,Paddy,6.511
F01419,2021-K,Paddy,5.068
F01420,2021-K,Paddy,9.341
F01424,2021-K,Paddy,9.479
F01425,2021-K,Paddy,3.997
F01426,2021-K,Paddy,10.546
F01428,2021-K,Paddy,4.537
F01430,2021-K,Paddy,7.106
F01431,2021-K,Paddy,5.912
F01432,2021-K,Paddy,3.954
F01433,2021-K,Paddy,3.782
F01437,2021-K,Paddy,4.32
F01441,2021-K,Paddy,6.047
F01444,2021-K,Paddy,7.352
F01447,2021-K,Paddy,11.368
F01448,2021-K,Paddy,8.498
F01450,2021-K,Paddy,6.078
F01452,2021-K,Paddy,4.14
F01453,2021-K,Paddy,11.694
F01457,2021-K,Paddy,3.854
F01458,2021-K,Soybean,1.966
F01462,2021-K,Soybean,2.062
F01464,2021-K,Soybean,1.297
F01465,2021-K,Soybean,1.507
F01466,2021-K,Soybean,2.645
F01467,2021-K,Soybean,1.802
F01468,2021-K,Soybean,1.677
F01470,2021-K,Soybean,2.136
F01471,2021-K,Soybean,1.368
F01472,2021-K,Soybean,2.502
F01473,2021-K,Soybean,1.18
F01476,2021-K,Soybean,6.988
F01479,2021-K,Soybean,2.297
F01481,2021-K,Soybean,2.214
F01484,2021-K,Soybean,1.915
F01485,2021-K,Soybean,1.248
F01486,2021-K,Soybean,3.512
F01487,2021-K,Soybean,1.355
F01489,2021-K,Soybean,3.969
F01490,2021-K,Soybean,8.769
F01491,2021-K,Soybean,1.581
F01492,2021-K,Soybean,4.109
F01493,2021-K,Soybean,1.816
F01495,2021-K,Soybean,1.752
F01498,2021-K,Soybean,1.976
F01499,2021-K,Soybean,1.064
F01501,2021-K,Soybean,1.268
F01502,2021-K,Soybean,2.494
F01503,2021-K,Soybean,5.895
F01504,2021-K,Soybean,2.26
F01505,2021-K,Soybean,1.84
F01508,2021-K,Soybean,1.334
F01509,2021-K,Soybean,3.235
F01510,2021-K,Soybean,1.531
F01511,2021-K,Soybean,2.397
F01512,2021-K,Soybean,1.666
F01513,2021-K,Soybean,5.227
F01514,2021-K,Soybean,1.711
F01515,2021-K,Soybean,2.459
F01516,2021-K,Soybean,1.178
F01518,2021-K,Soybean,1.322
F01520,2021-K,Soybean,2.586
F01525,2021-K,Soybean,1.025
F01526,2021-K,Soybean,2.883
F01527,2021-K,Soybean,1.811
F01528,2021-K,Soybean,1.123
F01530,2021-K,Soybean,2.903
F01531,2021-K,Soybean,1.065
F01535,2021-K,Soybean,3.536
F01537,2021-K,Soybean,1.681
F01538,2021-K,Soybean,2.802
F01540,2021-K,Soybean,2.27
F01542,2021-K,Soybean,2.687
F01543,2021-K,Soybean,3.423
F01544,2021-K,Soybean,1.826
F01545,2021-K,Soybean,2.255
F01546,2021-K,Soybean,1.801
F01547,2021-K,Soybean,2.539
F01548,2021-K,Soybean,1.099
F01549,2021-K,Soybean,2.778
F01550,2021-K,Soybean,4.506
F01553,2021-K,Soybean,1.127
F01556,2021-K,Soybean,3.084
F01558,2021-K,Soybean,3.145
F01559,2021-K,Soybean,4.411
F01560,2021-K,Soybean,1.348
F01561,2021-K,Soybean,1.838
F01563,2021-K,Soybean,2.094
F01564,2021-K,Soybean,1.927
F01566,2021-K,Soybean,4.222
F01568,2021-K,Soybean,3.406
F01569,2021-K,Soybean,2.642
F01571,2021-K,Soybean,4.585
F01575,2021-K,Soybean,3.036
F01576,2021-K,Soybean,1.364
F01577,2021-K,Soybean,1.11
F01578,2021-K,Soybean,0.934
F01580,2021-K,Soybean,1.439
F01581,2021-K,Soybean,1.348
F01582,2021-K,Soybean,1.858
F01585,2021-K,Soybean,4.405
F01586,2021-K,Soybean,3.794
F01587,2021-K,Soybean,1.548
F01589,2021-K,Soybean,3.871
F01590,2021-K,Soybean,0.903
F01591,2021-K,Soybean,2.415
F01593,2021-K,Soybean,2.805
F01594,2021-K,Soybean,3.837
F01595,2021-K,Soybean,1.377
F01596,2021-K,Soybean,2.085
F01599,2021-K,Soybean,4.986
F01600,2021-K,Soybean,2.098
F01602,2021-K,Soybean,3.587
F01603,2021-K,Soybean,9.427
F01604,2021-K,Soybean,1.453
F01606,2021-K,Soybean,1.352
F01607,2021-K,Soybean,2.653
F01608,2021-K,Soybean,2.061
F01610,2021-K,Soybean,2.318
F01612,2021-K,Soybean,2.151
F01615,2021-K,Soybean,1.794
F01616,2021-K,Soybean,1.215
F01617,2021-K,Soybean,1.568
F01619,2021-K,Soybean,0.862
F01620,2021-K,Soybean,4.098
F01624,2021-K,Soybean,2.862
F01625,2021-K,Soybean,1.181
F01628,2021-K,Soybean,1.981
F01630,2021-K,Soybean,1.693
F01633,2021-K,Soybean,3.34
F01636,2021-K,Soybean,2.359
F01637,2021-K,Soybean,5.67
F01638,2021-K,Soybean,0.648
F01640,2021-K,Soybean,5.211
F01641,2021-K,Soybean,1.621
F01642,2021-K,Soybean,1.29
F01643,2021-K,Soybean,1.961
F01644,2021-K,Soybean,3.972
F01645,2021-K,Soybean,6.36
F01647,2021-K,Soybean,2.438
F01648,2021-K,Soybean,0.802
F01649,2021-K,Soybean,3.175
F01650,2021-K,Soybean,1.859
F01653,2021-K,Soybean,1.468
F01654,2021-K,Soybean,7.895
F01655,2021-K,Soybean,2.153
F01656,2021-K,Soybean,1.386
F01658,2021-K,Soybean,4.624
F01659,2021-K,Soybean,8.619
F01660,2021-K,Soybean,1.4
F01661,2021-K,Soybean,2.898
F01662,2021-K,Soybean,1.583
F01665,2021-K,Soybean,1.631
F01666,2021-K,Soybean,1.89
F01667,2021-K,Soybean,1.534
F01669,2021-K,Soybean,5.52
F01670,2021-K,Soybean,2.732
F01671,2021-K,Soybean,1.142
F01675,2021-K,Soybean,1.285
F01677,2021-K,Soybean,1.968
F01679,2021-K,Soybean,3.523
F01680,2021-K,Soybean,2.035
F01681,2021-K,Soybean,0.978
F01682,2021-K,Soybean,0.594
F01684,2021-K,Soybean,3.104
F01687,2021-K,Soybean,2.452
F01688,2021-K,Soybean,2.824
F01689,2021-K,Soybean,1.397
F01690,2021-K,Soybean,0.647
F01692,2021-K,Soybean,1.923
F01693,2021-K,Soybean,1.781
F01694,2021-K,Soybean,2.23
F01695,2021-K,Soybean,0.865
F01696,2021-K,Soybean,1.694
F01699,2021-K,Soybean,3.397
F01702,2021-K,Soybean,2.733
F01703,2021-K,Soybean,2.193
F01706,2021-K,Soybean,2.663
F01707,2021-K,Soybean,0.81
F01709,2021-K,Soybean,4.536
F01711,2021-K,Soybean,1.928
F01714,2021-K,Soybean,2.219
F01715,2021-K,Soybean,2.091
F01717,2021-K,Soybean,3.73
F01718,2021-K,Soybean,3.126
F01719,2021-K,Soybean,1.575
F01720,2021-K,Soybean,4.17
F01722,2021-K,Soybean,2.51
F01723,2021-K,Soybean,5.163
F01724,2021-K,Soybean,10.201
F01725,2021-K,Soybean,1.263
F01726,2021-K,Soybean,1.917
F01729,2021-K,Soybean,3.73
F01730,2021-K,Soybean,2.387
F01732,2021-K,Soybean,3.128
F01734,2021-K,Soybean,7.163
F01736,2021-K,Soybean,0.645
F01738,2021-K,Soybean,0.536
F01739,2021-K,Soybean,3.066
F01740,2021-K,Soybean,1.74
F01741,2021-K,Soybean,1.411
F01742,2021-K,Soybean,1.521
F01743,2021-K,Soybean,3.679
F01746,2021-K,Soybean,3.037
F01747,2021-K,Soybean,2.71
F01748,2021-K,Soybean,1.254
F01750,2021-K,Soybean,3.306
F01752,2021-K,Soybean,1.417
F01753,2021-K,Soybean,3.029
F01754,2021-K,Soybean,1.035
F01755,2021-K,Soybean,5.297
F01756,2021-K,Soybean,1.934
F01757,2021-K,Soybean,1.497
F01759,2021-K,Soybean,1.344
F01760,2021-K,Soybean,1.066
F01763,2021-K,Soybean,1.53
F01764,2021-K,Soybean,3.013
F01765,2021-K,Soybean,4.23
F01766,2021-K,Soybean,1.499
F01770,2021-K,Soybean,1.587
F01772,2021-K,Soybean,3.307
F01774,2021-K,Soybean,2.481
F01775,2021-K,Soybean,3.472
F01777,2021-K,Soybean,0.88
F01779,2021-K,Soybean,2.679
F01780,2021-K,Soybean,3.549
F01781,2021-K,Soybean,2.979
F01782,2021-K,Soybean,8.566
F01783,2021-K,Soybean,1.316
F01784,2021-K,Soybean,1.771
F01786,2021-K,Soybean,3.197
F01787,2021-K,Soybean,2.606
F01788,2021-K,Soybean,7.285
F01789,2021-K,Soybean,4.37
F01791,2021-K,Soybean,2.356
F01792,2021-K,Soybean,2.907
F01794,2021-K,Soybean,1.399
F01795,2021-K,Soybean,4.834
F01796,2021-K,Soybean,2.416
F01798,2021-K,Soybean,9.137
F01800,2021-K,Soybean,2.229
F01801,2021-K,Soybean,3.145
F01803,2021-K,Soybean,6.012
F01805,2021-K,Soybean,1.913
F01806,2021-K,Soybean,2.112
F01807,2021-K,Soybean,2.38
F01808,2021-K,Soybean,3.613
F01809,2021-K,Soybean,4.779
F01812,2021-K,Soybean,0.661
F01815,2021-K,Soybean,1.302
F01817,2021-K,Soybean,0.89
F01818,2021-K,Soybean,3.157
F01819,2021-K,Soybean,1.245
F01820,2021-K,Soybean,0.684
F01821,2021-K,Soybean,1.744
F01823,2021-K,Soybean,0.81
F01824,2021-K,Soybean,3.484
F01825,2021-K,Soybean,4.828
F01827,2021-K,Soybean,1.333
F01829,2021-K,Soybean,4.066
F01830,2021-K,Soybean,1.808
F01831,2021-K,Soybean,3.712
F01833,2021-K,Soybean,1.806
F01835,2021-K,Soybean,3.659
F01837,2021-K,Soybean,1.895
F01838,2021-K,Soybean,4.597
F01839,2021-K,Soybean,2.148
F01841,2021-K,Soybean,1.582
F01842,2021-K,Soybean,2.034
F01843,2021-K,Soybean,1.66
F01844,2021-K,Soybean,1.837
F01845,2021-K,Soybean,2.321
F01846,2021-K,Soybean,2.33
F01848,2021-K,Soybean,3.107
F01849,2021-K,Soybean,2.183
F01851,2021-K,Soybean,5.06
F01852,2021-K,Soybean,9.812
F01857,2021-K,Soybean,0.986
F01858,2021-K,Soybean,1.741
F01859,2021-K,Soybean,2.308
F01861,2021-K,Soybean,2.577
F01863,2021-K,Soybean,2.869
F01864,2021-K,Soybean,0.868
F01865,2021-K,Soybean,3.684
F01866,2021-K,Soybean,1.654
F01867,2021-K,Soybean,1.291
F01868,2021-K,Soybean,3.595
F01869,2021-K,Soybean,2.281
F01870,2021-K,Soybean,2.317
F01872,2021-K,Soybean,2.023
F01873,2021-K,Soybean,1.413
F01874,2021-K,Soybean,7.225
F01875,2021-K,Soybean,3.135
F01876,2021-K,Soybean,2.505
F01878,2021-K,Soybean,1.702
F01880,2021-K,Soybean,4.971
F01881,2021-K,Soybean,2.034
F01882,2021-K,Soybean,2.262
F01885,2021-K,Soybean,6.204
F01886,2021-K,Soybean,6.741
F01889,2021-K,Soybean,4.53
F01890,2021-K,Soybean,3.267
F01891,2021-K,Soybean,2.375
F01892,2021-K,Soybean,2.608
F01893,2021-K,Soybean,1.53
F01896,2021-K,Soybean,2.342
F01898,2021-K,Soybean,1.1
F01899,2021-K,Soybean,7.356
F01900,2021-K,Soybean,1.244
F01901,2021-K,Soybean,1.927
F01902,2021-K,Soybean,2.586
F01903,2021-K,Soybean,1.862
F01904,2021-K,Soybean,0.937
F01905,2021-K,Soybean,2.578
F01907,2021-K,Soybean,2.672
F01908,2021-K,Soybean,2.811
F01909,2021-K,Soybean,8.058
F01910,2021-K,Soybean,1.537
F01911,2021-K,Soybean,2.645
F01912,2021-K,Soybean,6.332
F01913,2021-K,Soybean,1.719
F01914,2021-K,Soybean,1.356
F01915,2021-K,Soybean,2.692
F01916,2021-K,Soybean,4.487
F01917,2021-K,Soybean,0.838
F01918,2021-K,Soybean,1.202
F01920,2021-K,Soybean,1.996
F01921,2021-K,Soybean,1.949
F01922,2021-K,Soybean,3.09
F01924,2021-K,Soybean,2.803
F01925,2021-K,Soybean,3.451
F01926,2021-K,Soybean,2.625
F01927,2021-K,Soybean,1.724
F01928,2021-K,Soybean,4.305
F01929,2021-K,Soybean,1.613
F01930,2021-K,Soybean,5.671
F01931,2021-K,Soybean,1.872
F01932,2021-K,Soybean,2.462
F01933,2021-K,Soybean,1.322
F01934,2021-K,Soybean,2.259
F01935,2021-K,Soybean,4.456
F01937,2021-K,Soybean,2.304
F01939,2021-K,Soybean,2.889
F01940,2021-K,Soybean,1.504
F01942,2021-K,Soybean,1.832
F01945,2021-K,Soybean,0.923
F01948,2021-K,Soybean,2.417
F01949,2021-K,Soybean,2.068
F01950,2021-K,Soybean,1.839
F01951,2021-K,Soybean,4.055
F01952,2021-K,Soybean,2.312
F01953,2021-K,Soybean,1.49
F01954,2021-K,Soybean,1.619
F01957,2021-K,Soybean,1.153
F01958,2021-K,Soybean,1.146
F01959,2021-K,Soybean,1.866
F01960,2021-K,Soybean,0.71
F01962,2021-K,Soybean,2.357
F01963,2021-K,Soybean,2.478
F01964,2021-K,Soybean,1.143
F01966,2021-K,Soybean,5.2
F01969,2021-K,Soybean,1.878
F01970,2021-K,Soybean,1.611
F01971,2021-K,Soybean,2.566
F01972,2021-K,Soybean,1.3
F01973,2021-K,Soybean,2.88
F01974,2021-K,Soybean,1.467
F01975,2021-K,Soybean,1.989
F01976,2021-K,Soybean,2.418
F01978,2021-K,Soybean,3.695
F01979,2021-K,Soybean,1.303
F01982,2021-K,Soybean,2.476
F01983,2021-K,Soybean,2.703
F01986,2021-K,Soybean,2.803
F01987,2021-K,Soybean,6.15
F01988,2021-K,Soybean,5.467
F01989,2021-K,Soybean,1.517
F01990,2021-K,Soybean,4.161
F01991,2021-K,Soybean,1.977
F01993,2021-K,Soybean,2.482
F01994,2021-K,Soybean,2.754
F01997,2021-K,Soybean,0.729
F01998,2021-K,Soybean,4.422
F01999,2021-K,Soybean,1.45
F02002,2021-K,Soybean,1.237
F02008,2021-K,Soybean,1.261
F02012,2021-K,Soybean,2.184
F02013,2021-K,Soybean,1.784
F02016,2021-K,Soybean,2.175
F02017,2021-K,Soybean,1.755
F02019,2021-K,Soybean,5.222
F02020,2021-K,Soybean,5.06
F02021,2021-K,Soybean,3.047
F02022,2021-K,Soybean,3.374
F02024,2021-K,Soybean,2.046
F02026,2021-K,Soybean,1.892
F02027,2021-K,Soybean,1.0
F02028,2021-K,Soybean,5.224
F02029,2021-K,Soybean,1.851
F02030,2021-K,Soybean,1.293
F02031,2021-K,Soybean,2.01
F02033,2021-K,Soybean,2.167
F02035,2021-K,Soybean,3.636
F02036,2021-K,Soybean,3.333
F02038,2021-K,Soybean,4.534
F02041,2021-K,Soybean,1.155
F02042,2021-K,Soybean,1.367
F02043,2021-K,Soybean,1.423
F02044,2021-K,Soybean,3.944
F02046,2021-K,Soybean,2.528
F02049,2021-K,Soybean,2.253
F02050,2021-K,Soybean,2.346
F02051,2021-K,Soybean,1.713
F02052,2021-K,Soybean,2.46
F02053,2021-K,Soybean,1.232
F02054,2021-K,Soybean,6.665
F02055,2021-K,Soybean,2.249
F02057,2021-K,Soybean,1.849
F02058,2021-K,Soybean,0.956
F02060,2021-K,Soybean,6.529
F02061,2021-K,Soybean,2.771
F02063,2021-K,Groundnut,2.584
F02064,2021-K,Groundnut,5.107
F02064,2021-K,Soybean,4.227
F02065,2021-K,Groundnut,7.138
F02066,2021-K,Groundnut,1.728
F02067,2021-K,Groundnut,2.375
F02068,2021-K,Groundnut,2.107
F02069,2021-K,Groundnut,6.589
F02070,2021-K,Groundnut,3.539
F02072,2021-K,Groundnut,10.19
F02072,2021-K,Soybean,9.741
F02073,2021-K,Groundnut,2.35
F02074,2021-K,Groundnut,2.472
F02076,2021-K,Groundnut,3.362
F02076,2021-K,Soybean,2.769
F02077,2021-K,Groundnut,5.701
F02078,2021-K,Groundnut,1.537
F02078,2021-K,Soybean,1.058
F02079,2021-K,Groundnut,1.893
F02080,2021-K,Groundnut,1.509
F02081,2021-K,Groundnut,1.467
F02081,2021-K,Soybean,1.167
F02082,2021-K,Groundnut,3.214
F02083,2021-K,Groundnut,2.641
F02084,2021-K,Groundnut,7.59
F02084,2021-K,Soybean,6.138
F02085,2021-K,Groundnut,6.424
F02086,2021-K,Groundnut,0.928
F02086,2021-K,Soybean,0.738
F02087,2021-K,Groundnut,3.208
F02088,2021-K,Groundnut,2.935
F02090,2021-K,Groundnut,2.253
F02090,2021-K,Soybean,1.839
F02091,2021-K,Groundnut,3.663
F02092,2021-K,Groundnut,2.026
F02093,2021-K,Groundnut,1.563
F02094,2021-K,Groundnut,4.765
F02095,2021-K,Groundnut,8.709
F02096,2021-K,Groundnut,0.844
F02097,2021-K,Groundnut,4.057
F02097,2021-K,Soybean,3.116
F02100,2021-K,Groundnut,2.74
F02104,2021-K,Groundnut,0.82
F02105,2021-K,Groundnut,1.876
F02106,2021-K,Groundnut,2.812
F02107,2021-K,Groundnut,2.873
F02108,2021-K,Groundnut,4.929
F02110,2021-K,Groundnut,3.571
F02111,2021-K,Groundnut,5.382
F02114,2021-K,Groundnut,7.0
F02114,2021-K,Soybean,6.035
F02115,2021-K,Groundnut,2.032
F02115,2021-K,Soybean,1.571
F02117,2021-K,Groundnut,3.376
F02117,2021-K,Soybean,2.861
F02118,2021-K,Groundnut,3.814
F02118,2021-K,Soybean,3.113
F02121,2021-K,Groundnut,3.312
F02122,2021-K,Groundnut,1.545
F02123,2021-K,Groundnut,2.411
F02124,2021-K,Groundnut,2.606
F02124,2021-K,Soybean,2.305
F02125,2021-K,Groundnut,1.914
F02126,2021-K,Groundnut,3.298
F02126,2021-K,Soybean,2.759
F02128,2021-K,Groundnut,5.147
F02129,2021-K,Groundnut,4.36
F02132,2021-K,Groundnut,8.316
F02133,2021-K,Groundnut,2.048
F02134,2021-K,Groundnut,2.527
F02134,2021-K,Soybean,2.03
F02137,2021-K,Groundnut,3.248
F02138,2021-K,Groundnut,1.666
F02139,2021-K,Groundnut,5.634
F02140,2021-K,Groundnut,3.381
F02140,2021-K,Soybean,3.008
F02141,2021-K,Groundnut,2.652
F02141,2021-K,Soybean,2.473
F02144,2021-K,Groundnut,2.618
F02144,2021-K,Soybean,2.082
F02145,2021-K,Groundnut,5.957
F02146,2021-K,Groundnut,1.782
F02147,2021-K,Groundnut,3.676
F02149,2021-K,Groundnut,3.538
F02150,2021-K,Groundnut,4.126
F02150,2021-K,Soybean,3.281
F02151,2021-K,Groundnut,2.455
F02152,2021-K,Groundnut,3.669
F02153,2021-K,Groundnut,4.089
F02154,2021-K,Groundnut,3.754
F02156,2021-K,Groundnut,3.036
F02157,2021-K,Groundnut,4.364
F02158,2021-K,Groundnut,5.122
F02160,2021-K,Groundnut,2.609
F02160,2021-K,Soybean,2.13
F02161,2021-K,Groundnut,8.228
F02162,2021-K,Groundnut,1.368
F02162,2021-K,Soybean,1.071
F02163,2021-K,Groundnut,2.451
F02163,2021-K,Soybean,2.106
F02164,2021-K,Groundnut,3.856
F02165,2021-K,Groundnut,0.791
F02166,2021-K,Groundnut,2.136
F02168,2021-K,Groundnut,10.216
F02174,2021-K,Groundnut,1.465
F02175,2021-K,Groundnut,1.377
F02176,2021-K,Groundnut,1.957
F02177,2021-K,Groundnut,1.741
F02178,2021-K,Groundnut,4.339
F02179,2021-K,Groundnut,2.402
F02180,2021-K,Groundnut,1.835
F02181,2021-K,Groundnut,3.422
F02181,2021-K,Soybean,3.213
F02184,2021-K,Groundnut,5.482
F02184,2021-K,Soybean,4.125
F02185,2021-K,Groundnut,3.122
F02186,2021-K,Groundnut,1.511
F02187,2021-K,Groundnut,8.92
F02189,2021-K,Groundnut,3.62
F02191,2021-K,Groundnut,3.715
F02191,2021-K,Soybean,3.36
F02193,2021-K,Groundnut,3.619
F02195,2021-K,Groundnut,2.126
F02196,2021-K,Groundnut,5.23
F02199,2021-K,Groundnut,2.815
F02200,2021-K,Groundnut,7.204
F02201,2021-K,Groundnut,3.555
F02201,2021-K,Soybean,2.575
F02202,2021-K,Groundnut,6.446
F02203,2021-K,Groundnut,10.023
F02206,2021-K,Groundnut,1.714
F02207,2021-K,Groundnut,2.489
F02208,2021-K,Groundnut,1.397
F02209,2021-K,Groundnut,4.904
F02210,2021-K,Groundnut,2.709
F02211,2021-K,Groundnut,1.556
F02212,2021-K,Groundnut,3.264
F02214,2021-K,Groundnut,2.895
F02214,2021-K,Soybean,2.185
F02215,2021-K,Groundnut,2.862
F02215,2021-K,Soybean,2.558
F02216,2021-K,Groundnut,2.745
F02217,2021-K,Groundnut,5.293
F02218,2021-K,Groundnut,1.379
F02219,2021-K,Soybean,2.73
F02220,2021-K,Soybean,4.195
F02222,2021-K,Soybean,1.933
F02224,2021-K,Soybean,2.624
F02225,2021-K,Cotton,2.83
F02226,2021-K,Soybean,1.981
F02227,2021-K,Soybean,1.758
F02228,2021-K,Soybean,3.703
F02231,2021-K,Soybean,2.615
F02232,2021-K,Cotton,1.362
F02233,2021-K,Cotton,1.598
F02234,2021-K,Soybean,0.813
F02236,2021-K,Soybean,2.929
F02237,2021-K,Paddy,14.682
F02238,2021-K,Soybean,3.045
F02239,2021-K,Soybean,3.673
F02241,2021-K,Paddy,14.263
F02242,2021-K,Soybean,4.776
F02243,2021-K,Soybean,3.189
F02244,2021-K,Soybean,4.159
F02245,2021-K,Soybean,6.635
F02248,2021-K,Paddy,5.334
F02249,2021-K,Soybean,3.558
F02250,2021-K,Soybean,3.416
F02251,2021-K,Groundnut,2.807
F02252,2021-K,Soybean,2.696
F02254,2021-K,Groundnut,2.84
F02255,2021-K,Cotton,1.697
F02256,2021-K,Soybean,1.352
F02257,2021-K,Groundnut,3.859
F02258,2021-K,Cotton,1.268
F02259,2021-K,Soybean,4.123
F02260,2021-K,Paddy,2.492
F02261,2021-K,Soybean,4.41
F02262,2021-K,Soybean,2.441
F02263,2021-K,Cotton,1.662
F02264,2021-K,Soybean,1.217
F02265,2021-K,Groundnut,3.359
F02266,2021-K,Soybean,4.239
F02267,2021-K,Soybean,1.364
F02268,2021-K,Soybean,2.546
F02269,2021-K,Paddy,2.379
F02270,2021-K,Cotton,3.268
F02271,2021-K,Paddy,4.828
F02272,2021-K,Groundnut,4.806
F02273,2021-K,Soybean,1.773
F02274,2021-K,Soybean,0.81
F02275,2021-K,Soybean,1.561
F02276,2021-K,Soybean,2.224
F02277,2021-K,Cotton,0.651
F02278,2021-K,Soybean,2.982
F02279,2021-K,Cotton,1.869
F02280,2021-K,Soybean,1.77
F02281,2021-K,Soybean,3.708
F02282,2021-K,Soybean,1.009
F02283,2021-K,Soybean,3.001
F02285,2021-K,Soybean,1.347
F02286,2021-K,Cotton,1.394
F02287,2021-K,Paddy,4.398
F02288,2021-K,Soybean,3.499
F02289,2021-K,Soybean,1.547
F02290,2021-K,Soybean,2.807
F02291,2021-K,Cotton,3.679
F02292,2021-K,Soybean,4.642
F02293,2021-K,Soybean,2.546
F02294,2021-K,Paddy,10.308
F02295,2021-K,Paddy,5.324
F02296,2021-K,Cotton,1.836
F02297,2021-K,Soybean,3.63
F02298,2021-K,Soybean,3.908
F02299,2021-K,Soybean,2.094
F02300,2021-K,Soybean,0.84
F02301,2021-K,Soybean,1.595
F02302,2021-K,Soybean,2.094
F02303,2021-K,Paddy,4.132
F02304,2021-K,Soybean,4.566
F02305,2021-K,Soybean,2.925
F02306,2021-K,Paddy,2.437
F02307,2021-K,Soybean,2.982
F02308,2021-K,Groundnut,2.841
F02309,2021-K,Soybean,2.128
F02310,2021-K,Soybean,2.849
F02311,2021-K,Soybean,3.994
F02312,2021-K,Soybean,2.528
F02313,2021-K,Soybean,3.318
F02314,2021-K,Soybean,4.959
F02315,2021-K,Cotton,1.25
F02316,2021-K,Groundnut,2.428
F02317,2021-K,Paddy,10.369
F02318,2021-K,Soybean,2.063
F02319,2021-K,Soybean,3.001
F02320,2021-K,Soybean,2.256
F02321,2021-K,Groundnut,2.459
F02322,2021-K,Paddy,9.574
F02323,2021-K,Soybean,0.768
F02324,2021-K,Soybean,2.164
F02325,2021-K,Soybean,3.387
F02326,2021-K,Soybean,4.646
F02327,2021-K,Soybean,2.183
F02328,2021-K,Paddy,18.823
F02329,2021-K,Cotton,1.338
F02330,2021-K,Soybean,3.132
F02331,2021-K,Groundnut,2.46
F02332,2021-K,Groundnut,1.667
F02333,2021-K,Soybean,1.189
F02334,2021-K,Soybean,2.925
F02335,2021-K,Groundnut,2.603
F02336,2021-K,Soybean,1.851
F02337,2021-K,Soybean,3.809
F02338,2021-K,Soybean,3.355
F02339,2021-K,Soybean,3.045
F02340,2021-K,Soybean,6.118
F02341,2021-K,Soybean,0.988
F02342,2021-K,Soybean,1.593
F02343,2021-K,Soybean,1.566
F02344,2021-K,Soybean,2.021
F02345,2021-K,Soybean,1.146
F02346,2021-K,Soybean,1.194
F02347,2021-K,Cotton,1.104
F02348,2021-K,Soybean,2.955
F02349,2021-K,Soybean,7.198
F02350,2021-K,Groundnut,7.103
F02351,2021-K,Soybean,1.633
F02352,2021-K,Groundnut,2.565
F02353,2021-K,Soybean,1.434
F02354,2021-K,Soybean,3.26
F02355,2021-K,Soybean,2.584
F02356,2021-K,Groundnut,4.095
F02357,2021-K,Paddy,4.631
F02358,2021-K,Soybean,2.909
F02359,2021-K,Paddy,6.934
F02360,2021-K,Soybean,3.534
F02361,2021-K,Soybean,1.028
F02362,2021-K,Cotton,2.682
F02363,2021-K,Paddy,12.402
F02364,2021-K,Soybean,3.082
F02365,2021-K,Groundnut,1.379
F02366,2021-K,Soybean,6.977
F02367,2021-K,Cotton,1.423
F02368,2021-K,Cotton,3.139
F02369,2021-K,Soybean,2.267
F02370,2021-K,Soybean,1.109
F02371,2021-K,Paddy,5.143
F02372,2021-K,Cotton,3.299
F02373,2021-K,Soybean,8.801
F02374,2021-K,Soybean,2.422
F02375,2021-K,Soybean,1.305
F02376,2021-K,Soybean,2.776
F02377,2021-K,Soybean,1.961
F02378,2021-K,Soybean,1.862
F02379,2021-K,Soybean,2.638
F02380,2021-K,Soybean,1.387
F02381,2021-K,Soybean,1.546
F02382,2021-K,Cotton,2.181
F02383,2021-K,Groundnut,1.757
F02384,2021-K,Soybean,1.067
F02385,2021-K,Soybean,3.092
F02386,2021-K,Groundnut,2.814
F02387,2021-K,Soybean,1.349
F02388,2021-K,Paddy,5.832
F02389,2021-K,Soybean,1.057
F02390,2021-K,Soybean,0.889
F02391,2021-K,Soybean,3.733
F02392,2021-K,Paddy,7.397
F02393,2021-K,Cotton,2.321
F02394,2021-K,Soybean,3.832
F02395,2021-K,Soybean,4.12
F02396,2021-K,Paddy,2.083
F02397,2021-K,Cotton,0.841
F02398,2021-K,Groundnut,1.323
F02399,2021-K,Soybean,4.058
F02400,2021-K,Soybean,2.817
F02401,2021-K,Groundnut,1.742
F02402,2021-K,Soybean,2.908
F02403,2021-K,Groundnut,3.438
F02404,2021-K,Cotton,0.948
F02405,2021-K,Paddy,6.672
F02406,2021-K,Soybean,6.666
F02407,2021-K,Cotton,2.319
F02408,2021-K,Paddy,7.442
F02409,2021-K,Soybean,4.172
F02410,2021-K,Soybean,1.389
F02411,2021-K,Soybean,9.538
F02412,2021-K,Soybean,4.947
F02413,2021-K,Soybean,2.212
F01003,2021-R,Gram,1.04
F01004,2021-R,Gram,1.111
F01004,2021-R,Wheat,3.095
F01005,2021-R,Gram,3.932
F01008,2021-R,Gram,1.027
F01009,2021-R,Gram,1.105
F01011,2021-R,Gram,3.337
F01011,2021-R,Wheat,9.047
F01013,2021-R,Gram,1.93
F01015,2021-R,Gram,2.812
F01015,2021-R,Wheat,7.482
F01017,2021-R,Gram,2.476
F01017,2021-R,Wheat,6.769
F01019,2021-R,Gram,1.681
F01020,2021-R,Gram,0.504
F01020,2021-R,Wheat,1.451
F01021,2021-R,Gram,1.675
F01021,2021-R,Wheat,3.761
F01022,2021-R,Gram,1.153
F01023,2021-R,Gram,1.227
F01029,2021-R,Gram,1.527
F01030,2021-R,Gram,0.48
F01030,2021-R,Wheat,1.263
F01031,2021-R,Gram,2.294
F01032,2021-R,Gram,1.327
F01032,2021-R,Wheat,3.194
F01035,2021-R,Gram,0.726
F01035,2021-R,Wheat,1.906
F01036,2021-R,Gram,1.391
F01037,2021-R,Gram,0.979
F01037,2021-R,Wheat,2.824
F01038,2021-R,Gram,4.824
F01040,2021-R,Gram,2.257
F01042,2021-R,Gram,2.6
F01043,2021-R,Gram,3.433
F01044,2021-R,Gram,2.744
F01044,2021-R,Wheat,7.732
F01045,2021-R,Gram,1.943
F01046,2021-R,Gram,0.696
F01046,2021-R,Wheat,1.751
F01047,2021-R,Gram,0.946
F01047,2021-R,Wheat,2.495
F01048,2021-R,Gram,0.626
F01050,2021-R,Gram,3.646
F01051,2021-R,Gram,1.696
F01051,2021-R,Wheat,4.85
F01052,2021-R,Gram,2.2
F01053,2021-R,Gram,2.661
F01054,2021-R,Gram,3.595
F01054,2021-R,Wheat,9.682
F01055,2021-R,Gram,2.042
F01055,2021-R,Wheat,5.317
F01057,2021-R,Gram,1.949
F01058,2021-R,Gram,3.481
F01062,2021-R,Gram,2.895
F01062,2021-R,Wheat,7.325
F01063,2021-R,Gram,1.036
F01063,2021-R,Wheat,2.87
F01064,2021-R,Gram,3.299
F01066,2021-R,Gram,2.317
F01066,2021-R,Wheat,6.034
F01067,2021-R,Gram,1.151
F01070,2021-R,Gram,1.386
F01070,2021-R,Wheat,4.011
F01071,2021-R,Gram,1.178
F01074,2021-R,Gram,0.69
F01075,2021-R,Gram,4.351
F01076,2021-R,Gram,1.79
F01076,2021-R,Wheat,4.505
F01078,2021-R,Gram,1.035
F01079,2021-R,Gram,1.331
F01081,2021-R,Gram,1.946
F01081,2021-R,Wheat,5.168
F01082,2021-R,Gram,1.099
F01085,2021-R,Gram,2.386
F01087,2021-R,Gram,2.935
F01088,2021-R,Gram,0.782
F01088,2021-R,Wheat,1.726
F01089,2021-R,Gram,3.457
F01089,2021-R,Wheat,9.29
F01090,2021-R,Gram,1.028
F01091,2021-R,Gram,2.877
F01091,2021-R,Wheat,7.447
F01092,2021-R,Gram,1.77
F01093,2021-R,Gram,4.3
F01095,2021-R,Gram,0.805
F01095,2021-R,Wheat,2.418
F01098,2021-R,Gram,0.93
F01098,2021-R,Wheat,2.626
F01099,2021-R,Gram,2.343
F01099,2021-R,Wheat,6.275
F01100,2021-R,Gram,1.109
F01102,2021-R,Gram,1.809
F01104,2021-R,Gram,3.016
F01105,2021-R,Gram,2.441
F01107,2021-R,Gram,1.879
F01109,2021-R,Gram,1.476
F01110,2021-R,Gram,1.993
F01110,2021-R,Wheat,5.479
F01111,2021-R,Gram,1.556
F01112,2021-R,Gram,2.745
F01112,2021-R,Wheat,6.787
F01113,2021-R,Gram,1.77
F01114,2021-R,Gram,1.85
F01115,2021-R,Gram,2.242
F01115,2021-R,Wheat,6.562
F01116,2021-R,Gram,1.475
F01117,2021-R,Gram,1.556
F01120,2021-R,Gram,2.076
F01120,2021-R,Wheat,5.964
F01121,2021-R,Gram,0.722
F01122,2021-R,Gram,0.525
F01122,2021-R,Wheat,1.44
F01123,2021-R,Gram,1.422
F01125,2021-R,Gram,1.401
F01127,2021-R,Gram,4.697
F01131,2021-R,Gram,1.466
F01131,2021-R,Wheat,3.758
F01132,2021-R,Gram,2.446
F01133,2021-R,Gram,0.813
F01133,2021-R,Wheat,2.197
F01135,2021-R,Gram,1.323
F01138,2021-R,Gram,1.575
F01139,2021-R,Gram,1.058
F01139,2021-R,Wheat,2.946
F01140,2021-R,Gram,1.098
F01141,2021-R,Gram,1.66
F01141,2021-R,Wheat,5.412
F01142,2021-R,Gram,1.076
F01143,2021-R,Gram,1.37
F01143,2021-R,Wheat,4.051
F01146,2021-R,Gram,1.137
F01147,2021-R,Gram,2.46
F01147,2021-R,Wheat,6.517
F01149,2021-R,Gram,1.448
F01149,2021-R,Wheat,3.815
F01150,2021-R,Gram,2.785
F01151,2021-R,Gram,0.476
F01152,2021-R,Gram,2.918
F01153,2021-R,Gram,1.991
F01153,2021-R,Wheat,5.602
F01155,2021-R,Wheat,1.932
F01158,2021-R,Wheat,5.3
F01160,2021-R,Wheat,4.865
F01163,2021-R,Wheat,9.025
F01164,2021-R,Wheat,6.822
F01165,2021-R,Wheat,6.738
F01168,2021-R,Wheat,5.089
F01169,2021-R,Wheat,6.475
F01170,2021-R,Wheat,5.749
F01171,2021-R,Wheat,3.555
F01171,2021-R,Gram,1.145
F01175,2021-R,Wheat,11.754
F01175,2021-R,Gram,3.764
F01176,2021-R,Wheat,2.619
F01179,2021-R,Wheat,7.825
F01179,2021-R,Gram,2.702
F01180,2021-R,Wheat,2.676
F01180,2021-R,Gram,0.923
F01183,2021-R,Wheat,4.295
F01183,2021-R,Gram,1.594
F01191,2021-R,Wheat,4.029
F01193,2021-R,Wheat,10.171
F01193,2021-R,Gram,3.548
F01194,2021-R,Wheat,6.886
F01194,2021-R,Gram,2.551
F01197,2021-R,Wheat,2.595
F01199,2021-R,Wheat,7.478
F01200,2021-R,Wheat,4.373
F01202,2021-R,Wheat,8.174
F01203,2021-R,Wheat,4.106
F01204,2021-R,Wheat,8.068
F01206,2021-R,Wheat,2.56
F01207,2021-R,Wheat,5.335
F01211,2021-R,Wheat,5.765
F01211,2021-R,Gram,2.183
F01213,2021-R,Wheat,8.664
F01213,2021-R,Gram,3.186
F01215,2021-R,Wheat,6.286
F01216,2021-R,Wheat,3.927
F01218,2021-R,Wheat,3.841
F01218,2021-R,Gram,1.373
F01219,2021-R,Wheat,5.54
F01221,2021-R,Wheat,4.384
F01221,2021-R,Gram,1.617
F01223,2021-R,Wheat,13.274
F01223,2021-R,Gram,5.528
F01224,2021-R,Wheat,2.858
F01225,2021-R,Wheat,4.813
F01226,2021-R,Wheat,2.685
F01227,2021-R,Wheat,7.727
F01227,2021-R,Gram,3.304
F01228,2021-R,Wheat,2.42
F01235,2021-R,Wheat,4.66
F01236,2021-R,Wheat,5.692
F01236,2021-R,Gram,2.149
F01237,2021-R,Wheat,10.771
F01237,2021-R,Gram,3.75
F01238,2021-R,Wheat,2.0
F01239,2021-R,Wheat,6.046
F01241,2021-R,Wheat,5.018
F01245,2021-R,Wheat,6.607
F01246,2021-R,Wheat,8.192
F01246,2021-R,Gram,3.117
F01249,2021-R,Wheat,5.104
F01249,2021-R,Gram,1.613
F01251,2021-R,Wheat,4.222
F01262,2021-R,Wheat,6.79
F01263,2021-R,Wheat,3.994
F01263,2021-R,Gram,1.518
F01264,2021-R,Wheat,2.72
F01269,2021-R,Wheat,5.391
F01274,2021-R,Wheat,2.816
F01275,2021-R,Wheat,3.169
F01275,2021-R,Gram,1.166
F01276,2021-R,Wheat,3.113
F01276,2021-R,Gram,1.194
F01280,2021-R,Wheat,9.716
F01280,2021-R,Gram,3.448
F01282,2021-R,Wheat,8.955
F01283,2021-R,Wheat,2.306
F01283,2021-R,Gram,0.849
F01285,2021-R,Wheat,9.358
F01286,2021-R,Wheat,6.73
F01288,2021-R,Wheat,5.793
F01292,2021-R,Wheat,11.847
F01292,2021-R,Gram,4.221
F01293,2021-R,Wheat,6.313
F01295,2021-R,Wheat,2.421
F01295,2021-R,Gram,1.041
F01296,2021-R,Wheat,6.227
F01296,2021-R,Gram,2.317
F01297,2021-R,Wheat,3.126
F01299,2021-R,Wheat,8.254
F01301,2021-R,Wheat,2.65
F01302,2021-R,Wheat,3.449
F01303,2021-R,Wheat,4.722
F01307,2021-R,Wheat,3.159
F01308,2021-R,Wheat,6.246
F01309,2021-R,Wheat,3.748
F01310,2021-R,Wheat,2.874
F01311,2021-R,Wheat,3.519
F01312,2021-R,Wheat,5.904
F01313,2021-R,Wheat,2.123
F01316,2021-R,Wheat,5.141
F01317,2021-R,Wheat,7.772
F01319,2021-R,Wheat,5.997
F01320,2021-R,Wheat,6.41
F01321,2021-R,Wheat,2.487
F01322,2021-R,Wheat,6.755
F01324,2021-R,Wheat,11.13
F01329,2021-R,Wheat,3.308
F01330,2021-R,Wheat,2.76
F01331,2021-R,Wheat,8.521
F01333,2021-R,Wheat,4.702
F01337,2021-R,Wheat,6.492
F01338,2021-R,Wheat,6.363
F01339,2021-R,Wheat,7.938
F01340,2021-R,Wheat,9.97
F01342,2021-R,Wheat,5.13
F01347,2021-R,Wheat,4.84
F01348,2021-R,Wheat,6.831
F01350,2021-R,Wheat,2.121
F01351,2021-R,Wheat,3.124
F01352,2021-R,Wheat,6.094
F01353,2021-R,Wheat,4.661
F01354,2021-R,Wheat,9.201
F01355,2021-R,Wheat,7.771
F01356,2021-R,Wheat,8.277
F01360,2021-R,Wheat,2.839
F01362,2021-R,Wheat,7.586
F01364,2021-R,Wheat,6.212
F01365,2021-R,Wheat,4.032
F01366,2021-R,Wheat,14.656
F01369,2021-R,Wheat,2.0
F01370,2021-R,Wheat,7.768
F01374,2021-R,Wheat,6.455
F01376,2021-R,Wheat,3.662
F01377,2021-R,Wheat,3.052
F01378,2021-R,Wheat,7.429
F01379,2021-R,Wheat,3.024
F01380,2021-R,Wheat,2.478
F01382,2021-R,Wheat,4.45
F01384,2021-R,Wheat,6.205
F01385,2021-R,Wheat,2.351
F01386,2021-R,Wheat,5.133
F01390,2021-R,Wheat,3.295
F01391,2021-R,Wheat,3.76
F01392,2021-R,Wheat,10.089
F01393,2021-R,Wheat,5.406
F01394,2021-R,Wheat,9.069
F01395,2021-R,Wheat,1.606
F01396,2021-R,Wheat,7.151
F01398,2021-R,Wheat,4.676
F01400,2021-R,Wheat,9.112
F01401,2021-R,Wheat,4.33
F01403,2021-R,Wheat,3.672
F01404,2021-R,Wheat,4.983
F01405,2021-R,Wheat,2.872
F01408,2021-R,Wheat,6.245
F01409,2021-R,Wheat,11.432
F01412,2021-R,Wheat,7.739
F01414,2021-R,Wheat,6.565
F01417,2021-R,Wheat,6.356
F01419,2021-R,Wheat,3.955
F01420,2021-R,Wheat,8.325
F01424,2021-R,Wheat,8.381
F01425,2021-R,Wheat,3.309
F01428,2021-R,Wheat,3.385
F01430,2021-R,Wheat,6.75
F01431,2021-R,Wheat,5.2
F01432,2021-R,Wheat,3.177
F01433,2021-R,Wheat,3.392
F01441,2021-R,Wheat,5.187
F01447,2021-R,Wheat,11.669
F01448,2021-R,Wheat,7.524
F01450,2021-R,Wheat,5.028
F01453,2021-R,Wheat,10.799
F01457,2021-R,Wheat,3.592
F01464,2021-R,Mustard,1.159
F01465,2021-R,Mustard,1.337
F01467,2021-R,Mustard,1.638
F01468,2021-R,Mustard,1.326
F01470,2021-R,Mustard,1.743
F01472,2021-R,Mustard,2.311
F01476,2021-R,Mustard,6.971
F01479,2021-R,Mustard,2.172
F01481,2021-R,Mustard,1.845
F01484,2021-R,Mustard,1.622
F01484,2021-R,Wheat,3.805
F01485,2021-R,Mustard,1.084
F01485,2021-R,Wheat,2.544
F01489,2021-R,Mustard,3.723
F01490,2021-R,Mustard,7.879
F01490,2021-R,Wheat,18.288
F01492,2021-R,Mustard,3.736
F01495,2021-R,Mustard,1.694
F01498,2021-R,Mustard,1.904
F01499,2021-R,Mustard,1.212
F01501,2021-R,Mustard,1.083
F01502,2021-R,Mustard,2.321
F01505,2021-R,Mustard,1.591
F01510,2021-R,Mustard,1.166
F01510,2021-R,Wheat,2.849
F01511,2021-R,Mustard,2.311
F01513,2021-R,Mustard,4.685
F01513,2021-R,Wheat,11.843
F01514,2021-R,Mustard,1.608
F01518,2021-R,Mustard,1.119
F01520,2021-R,Mustard,2.171
F01526,2021-R,Mustard,2.468
F01526,2021-R,Wheat,5.929
F01527,2021-R,Mustard,1.503
F01528,2021-R,Mustard,1.061
F01530,2021-R,Mustard,2.809
F01535,2021-R,Mustard,3.222
F01537,2021-R,Mustard,1.417
F01538,2021-R,Mustard,2.572
F01538,2021-R,Wheat,5.964
F01540,2021-R,Mustard,1.886
F01540,2021-R,Wheat,4.49
F01542,2021-R,Mustard,2.391
F01543,2021-R,Mustard,2.632
F01544,2021-R,Mustard,1.528
F01545,2021-R,Mustard,1.812
F01545,2021-R,Wheat,4.274
F01546,2021-R,Mustard,1.565
F01547,2021-R,Mustard,2.274
F01548,2021-R,Mustard,0.917
F01548,2021-R,Wheat,2.159
F01550,2021-R,Mustard,3.883
F01553,2021-R,Mustard,1.051
F01556,2021-R,Mustard,2.972
F01556,2021-R,Wheat,6.558
F01558,2021-R,Mustard,2.903
F01558,2021-R,Wheat,6.883
F01560,2021-R,Mustard,1.403
F01561,2021-R,Mustard,1.582
F01561,2021-R,Wheat,3.861
F01563,2021-R,Mustard,1.844
F01564,2021-R,Mustard,1.588
F01568,2021-R,Mustard,3.024
F01569,2021-R,Mustard,2.17
F01575,2021-R,Mustard,2.593
F01576,2021-R,Mustard,1.157
F01577,2021-R,Mustard,1.01
F01580,2021-R,Mustard,1.303
F01581,2021-R,Mustard,1.25
F01581,2021-R,Wheat,2.815
F01582,2021-R,Mustard,1.854
F01586,2021-R,Mustard,3.126
F01587,2021-R,Mustard,1.503
F01587,2021-R,Wheat,3.797
F01589,2021-R,Mustard,3.446
F01590,2021-R,Mustard,0.893
F01591,2021-R,Mustard,2.233
F01593,2021-R,Mustard,2.453
F01594,2021-R,Mustard,3.072
F01595,2021-R,Mustard,1.402
F01596,2021-R,Mustard,1.878
F01596,2021-R,Wheat,4.365
F01599,2021-R,Mustard,4.746
F01599,2021-R,Wheat,11.151
F01603,2021-R,Mustard,8.301
F01604,2021-R,Mustard,1.147
F01606,2021-R,Mustard,1.336
F01606,2021-R,Wheat,2.752
F01607,2021-R,Mustard,2.414
F01607,2021-R,Wheat,5.55
F01610,2021-R,Mustard,1.671
F01612,2021-R,Mustard,1.678
F01615,2021-R,Mustard,1.5
F01615,2021-R,Wheat,3.442
F01617,2021-R,Mustard,1.356
F01619,2021-R,Wheat,2.036
F01620,2021-R,Wheat,8.825
F01624,2021-R,Wheat,5.943
F01625,2021-R,Wheat,2.67
F01630,2021-R,Wheat,3.619
F01633,2021-R,Wheat,7.711
F01636,2021-R,Wheat,4.657
F01637,2021-R,Wheat,12.411
F01638,2021-R,Wheat,1.519
F01640,2021-R,Wheat,10.983
F01641,2021-R,Wheat,3.59
F01642,2021-R,Wheat,2.915
F01643,2021-R,Wheat,4.004
F01644,2021-R,Wheat,8.249
F01645,2021-R,Wheat,13.596
F01647,2021-R,Wheat,5.65
F01649,2021-R,Wheat,6.494
F01650,2021-R,Wheat,3.802
F01653,2021-R,Wheat,3.22
F01654,2021-R,Wheat,16.855
F01656,2021-R,Wheat,3.032
F01658,2021-R,Wheat,9.734
F01659,2021-R,Wheat,18.243
F01660,2021-R,Wheat,2.914
F01662,2021-R,Wheat,3.522
F01666,2021-R,Wheat,3.846
F01669,2021-R,Wheat,12.96
F01670,2021-R,Wheat,6.286
F01671,2021-R,Wheat,2.614
F01675,2021-R,Wheat,2.997
F01677,2021-R,Wheat,4.213
F01679,2021-R,Wheat,7.115
F01680,2021-R,Wheat,4.295
F01687,2021-R,Wheat,5.126
F01692,2021-R,Wheat,4.141
F01693,2021-R,Wheat,3.669
F01694,2021-R,Wheat,4.216
F01696,2021-R,Wheat,3.96
F01699,2021-R,Wheat,7.271
F01702,2021-R,Wheat,7.018
F01703,2021-R,Wheat,5.215
F01706,2021-R,Wheat,5.545
F01707,2021-R,Wheat,1.674
F01709,2021-R,Wheat,8.73
F01714,2021-R,Wheat,4.629
F01717,2021-R,Wheat,7.556
F01718,2021-R,Wheat,6.092
F01719,2021-R,Wheat,3.584
F01720,2021-R,Wheat,8.369
F01722,2021-R,Wheat,5.518
F01723,2021-R,Wheat,10.447
F01724,2021-R,Wheat,24.693
F01725,2021-R,Wheat,2.792
F01729,2021-R,Wheat,8.132
F01730,2021-R,Wheat,4.741
F01732,2021-R,Wheat,6.792
F01740,2021-R,Wheat,3.586
F01741,2021-R,Wheat,3.1
F01742,2021-R,Wheat,2.99
F01743,2021-R,Wheat,7.817
F01746,2021-R,Wheat,5.797
F01747,2021-R,Wheat,5.369
F01750,2021-R,Wheat,7.043
F01752,2021-R,Wheat,2.839
F01753,2021-R,Wheat,6.382
F01755,2021-R,Wheat,10.114
F01757,2021-R,Wheat,3.026
F01759,2021-R,Wheat,3.104
F01760,2021-R,Wheat,2.598
F01764,2021-R,Wheat,6.072
F01765,2021-R,Wheat,8.863
F01766,2021-R,Wheat,3.384
F01766,2021-R,Gram,1.196
F01770,2021-R,Wheat,3.447
F01772,2021-R,Wheat,6.921
F01774,2021-R,Wheat,5.611
F01775,2021-R,Wheat,7.731
F01777,2021-R,Wheat,1.881
F01777,2021-R,Gram,0.707
F01779,2021-R,Wheat,5.406
F01780,2021-R,Wheat,7.378
F01781,2021-R,Wheat,6.381
F01782,2021-R,Wheat,17.891
F01783,2021-R,Wheat,2.811
F01783,2021-R,Gram,1.058
F01784,2021-R,Wheat,3.605
F01784,2021-R,Gram,1.413
F01786,2021-R,Wheat,6.749
F01787,2021-R,Wheat,5.551
F01788,2021-R,Wheat,14.617
F01789,2021-R,Wheat,9.418
F01789,2021-R,Gram,3.742
F01791,2021-R,Wheat,4.542
F01792,2021-R,Wheat,7.052
F01794,2021-R,Wheat,2.826
F01798,2021-R,Wheat,18.413
F01800,2021-R,Wheat,5.084
F01801,2021-R,Wheat,6.95
F01803,2021-R,Wheat,13.041
F01805,2021-R,Wheat,4.089
F01806,2021-R,Wheat,4.026
F01808,2021-R,Wheat,7.103
F01808,2021-R,Gram,2.897
F01809,2021-R,Wheat,9.738
F01812,2021-R,Wheat,1.45
F01815,2021-R,Wheat,2.716
F01815,2021-R,Gram,0.972
F01817,2021-R,Wheat,1.957
F01817,2021-R,Gram,0.719
F01818,2021-R,Wheat,6.667
F01818,2021-R,Gram,1.855
F01819,2021-R,Wheat,2.791
F01820,2021-R,Wheat,1.548
F01823,2021-R,Wheat,1.576
F01823,2021-R,Gram,0.622
F01824,2021-R,Wheat,7.107
F01825,2021-R,Wheat,10.037
F01827,2021-R,Wheat,2.426
F01829,2021-R,Wheat,8.451
F01831,2021-R,Wheat,7.684
F01833,2021-R,Wheat,3.867
F01833,2021-R,Gram,1.399
F01837,2021-R,Wheat,4.196
F01838,2021-R,Wheat,8.765
F01839,2021-R,Wheat,4.987
F01841,2021-R,Wheat,3.511
F01842,2021-R,Wheat,4.257
F01843,2021-R,Wheat,3.711
F01844,2021-R,Wheat,3.59
F01845,2021-R,Wheat,5.122
F01846,2021-R,Wheat,4.593
F01848,2021-R,Wheat,5.904
F01849,2021-R,Wheat,4.528
F01849,2021-R,Gram,1.686
F01851,2021-R,Wheat,10.101
F01851,2021-R,Gram,3.74
F01852,2021-R,Wheat,18.598
F01852,2021-R,Gram,7.711
F01858,2021-R,Wheat,3.864
F01859,2021-R,Wheat,5.224
F01859,2021-R,Gram,1.839
F01861,2021-R,Wheat,5.815
F01863,2021-R,Wheat,5.717
F01865,2021-R,Wheat,7.664
F01866,2021-R,Wheat,3.555
F01866,2021-R,Gram,1.02
F01867,2021-R,Wheat,2.559
F01869,2021-R,Wheat,4.218
F01870,2021-R,Wheat,4.934
F01872,2021-R,Wheat,3.91
F01872,2021-R,Gram,1.51
F01873,2021-R,Wheat,3.286
F01874,2021-R,Wheat,16.104
F01875,2021-R,Wheat,6.379
F01876,2021-R,Wheat,5.355
F01878,2021-R,Wheat,3.335
F01880,2021-R,Wheat,10.016
F01881,2021-R,Wheat,4.303
F01882,2021-R,Wheat,4.989
F01885,2021-R,Wheat,13.651
F01886,2021-R,Wheat,11.752
F01889,2021-R,Wheat,9.536
F01890,2021-R,Wheat,7.456
F01891,2021-R,Wheat,4.918
F01893,2021-R,Wheat,3.168
F01893,2021-R,Gram,1.239
F01899,2021-R,Wheat,15.541
F01899,2021-R,Gram,5.212
F01900,2021-R,Wheat,2.223
F01901,2021-R,Wheat,3.349
F01902,2021-R,Wheat,5.742
F01903,2021-R,Wheat,3.811
F01903,2021-R,Gram,1.387
F01904,2021-R,Wheat,2.0
F01905,2021-R,Wheat,5.052
F01907,2021-R,Wheat,6.327
F01907,2021-R,Gram,2.322
F01908,2021-R,Wheat,5.204
F01908,2021-R,Gram,2.062
F01909,2021-R,Wheat,18.427
F01910,2021-R,Wheat,2.998
F01912,2021-R,Mustard,6.222
F01913,2021-R,Mustard,1.765
F01914,2021-R,Mustard,1.268
F01914,2021-R,Wheat,2.631
F01915,2021-R,Mustard,2.428
F01915,2021-R,Wheat,6.316
F01916,2021-R,Mustard,4.557
F01917,2021-R,Mustard,0.675
F01918,2021-R,Mustard,1.059
F01920,2021-R,Mustard,1.892
F01921,2021-R,Mustard,1.844
F01921,2021-R,Wheat,4.179
F01922,2021-R,Mustard,2.629
F01922,2021-R,Wheat,6.782
F01924,2021-R,Mustard,2.627
F01925,2021-R,Mustard,3.302
F01926,2021-R,Mustard,2.55
F01927,2021-R,Mustard,1.546
F01927,2021-R,Wheat,3.457
F01928,2021-R,Mustard,3.356
F01929,2021-R,Mustard,1.399
F01931,2021-R,Mustard,1.454
F01931,2021-R,Wheat,3.643
F01932,2021-R,Mustard,2.266
F01933,2021-R,Mustard,1.297
F01933,2021-R,Wheat,3.237
F01934,2021-R,Mustard,2.092
F01934,2021-R,Wheat,4.641
F01935,2021-R,Mustard,4.167
F01935,2021-R,Wheat,9.947
F01937,2021-R,Mustard,2.107
F01939,2021-R,Mustard,2.737
F01940,2021-R,Mustard,1.346
F01948,2021-R,Mustard,2.203
F01948,2021-R,Wheat,5.16
F01949,2021-R,Mustard,1.666
F01951,2021-R,Mustard,3.549
F01952,2021-R,Mustard,2.051
F01954,2021-R,Mustard,1.595
F01954,2021-R,Wheat,4.2
F01957,2021-R,Mustard,1.088
F01958,2021-R,Mustard,1.044
F01959,2021-R,Mustard,1.627
F01963,2021-R,Mustard,2.206
F01963,2021-R,Wheat,5.591
F01964,2021-R,Mustard,1.092
F01966,2021-R,Mustard,4.556
F01966,2021-R,Wheat,11.069
F01969,2021-R,Mustard,1.529
F01970,2021-R,Mustard,1.548
F01970,2021-R,Wheat,3.717
F01972,2021-R,Mustard,1.134
F01973,2021-R,Mustard,2.851
F01974,2021-R,Mustard,1.336
F01976,2021-R,Mustard,1.981
F01978,2021-R,Mustard,3.468
F01978,2021-R,Wheat,9.036
F01979,2021-R,Mustard,1.179
F01982,2021-R,Mustard,2.169
F01983,2021-R,Mustard,2.453
F01986,2021-R,Mustard,2.335
F01989,2021-R,Mustard,1.295
F01989,2021-R,Wheat,3.361
F01990,2021-R,Mustard,3.689
F01991,2021-R,Mustard,1.787
F01993,2021-R,Mustard,2.041
F01994,2021-R,Mustard,2.233
F01997,2021-R,Mustard,0.697
F01997,2021-R,Wheat,1.37
F01998,2021-R,Mustard,3.716
F02002,2021-R,Mustard,1.051
F02002,2021-R,Wheat,2.417
F02008,2021-R,Mustard,0.998
F02012,2021-R,Mustard,2.153
F02013,2021-R,Mustard,1.556
F02016,2021-R,Mustard,2.107
F02016,2021-R,Wheat,4.697
F02019,2021-R,Mustard,4.818
F02020,2021-R,Mustard,4.994
F02021,2021-R,Mustard,2.689
F02022,2021-R,Mustard,3.222
F02024,2021-R,Mustard,1.786
F02026,2021-R,Mustard,1.714
F02028,2021-R,Mustard,4.894
F02029,2021-R,Mustard,1.47
F02030,2021-R,Mustard,1.126
F02030,2021-R,Wheat,3.06
F02031,2021-R,Mustard,1.942
F02031,2021-R,Wheat,4.458
F02033,2021-R,Mustard,1.914
F02033,2021-R,Wheat,4.308
F02035,2021-R,Mustard,2.979
F02036,2021-R,Mustard,2.829
F02036,2021-R,Wheat,6.975
F02038,2021-R,Mustard,4.03
F02038,2021-R,Wheat,10.042
F02041,2021-R,Mustard,1.138
F02042,2021-R,Mustard,1.187
F02042,2021-R,Wheat,3.052
F02043,2021-R,Mustard,1.357
F02043,2021-R,Wheat,2.886
F02044,2021-R,Mustard,3.903
F02046,2021-R,Mustard,2.261
F02049,2021-R,Mustard,2.09
F02052,2021-R,Mustard,2.359
F02052,2021-R,Wheat,5.217
F02053,2021-R,Mustard,1.112
F02055,2021-R,Mustard,1.98
F02057,2021-R,Mustard,1.533
F02057,2021-R,Wheat,3.738
F02058,2021-R,Mustard,0.82
F02060,2021-R,Mustard,6.226
F02060,2021-R,Wheat,12.618
F02061,2021-R,Mustard,2.432
F02064,2021-R,Mustard,3.771
F02065,2021-R,Mustard,5.076
F02066,2021-R,Mustard,1.202
F02067,2021-R,Mustard,1.54
F02067,2021-R,Gram,1.401
F02068,2021-R,Mustard,1.678
F02069,2021-R,Mustard,4.949
F02069,2021-R,Gram,4.604
F02070,2021-R,Mustard,2.523
F02072,2021-R,Mustard,7.469
F02073,2021-R,Mustard,1.685
F02073,2021-R,Gram,1.57
F02074,2021-R,Mustard,2.102
F02074,2021-R,Gram,1.576
F02076,2021-R,Mustard,2.343
F02078,2021-R,Mustard,1.11
F02079,2021-R,Mustard,1.269
F02080,2021-R,Mustard,1.12
F02081,2021-R,Mustard,1.013
F02082,2021-R,Mustard,2.122
F02083,2021-R,Mustard,1.857
F02085,2021-R,Mustard,4.105
F02086,2021-R,Mustard,0.689
F02088,2021-R,Mustard,2.265
F02090,2021-R,Mustard,1.541
F02091,2021-R,Mustard,2.647
F02091,2021-R,Gram,2.097
F02092,2021-R,Mustard,1.591
F02093,2021-R,Mustard,1.175
F02093,2021-R,Gram,1.069
F02094,2021-R,Mustard,3.564
F02094,2021-R,Gram,3.268
F02095,2021-R,Mustard,6.342
F02096,2021-R,Mustard,0.57
F02097,2021-R,Mustard,2.803
F02104,2021-R,Mustard,0.544
F02105,2021-R,Mustard,1.5
F02106,2021-R,Mustard,2.259
F02107,2021-R,Mustard,2.104
F02107,2021-R,Gram,1.751
F02108,2021-R,Mustard,3.395
F02111,2021-R,Mustard,4.229
F02111,2021-R,Gram,3.687
F02118,2021-R,Mustard,2.603
F02118,2021-R,Gram,2.553
F02121,2021-R,Mustard,2.404
F02123,2021-R,Mustard,1.717
F02124,2021-R,Mustard,2.051
F02125,2021-R,Mustard,1.587
F02128,2021-R,Mustard,3.69
F02129,2021-R,Mustard,3.214
F02129,2021-R,Gram,2.751
F02132,2021-R,Mustard,5.796
F02132,2021-R,Gram,5.097
F02133,2021-R,Mustard,1.763
F02133,2021-R,Gram,1.481
F02134,2021-R,Mustard,1.663
F02137,2021-R,Mustard,2.44
F02138,2021-R,Mustard,1.187
F02138,2021-R,Gram,0.973
F02139,2021-R,Mustard,4.586
F02141,2021-R,Mustard,1.832
F02141,2021-R,Gram,1.761
F02144,2021-R,Mustard,1.885
F02145,2021-R,Mustard,4.164
F02146,2021-R,Mustard,1.366
F02147,2021-R,Mustard,2.598
F02147,2021-R,Gram,2.188
F02149,2021-R,Mustard,2.5
F02149,2021-R,Gram,2.165
F02151,2021-R,Mustard,1.599
F02152,2021-R,Mustard,2.501
F02153,2021-R,Mustard,3.234
F02154,2021-R,Mustard,2.911
F02156,2021-R,Mustard,2.221
F02157,2021-R,Mustard,3.112
F02158,2021-R,Mustard,4.004
F02160,2021-R,Mustard,1.923
F02160,2021-R,Gram,1.747
F02161,2021-R,Mustard,5.802
F02162,2021-R,Mustard,0.964
F02162,2021-R,Gram,0.836
F02163,2021-R,Mustard,1.992
F02166,2021-R,Mustard,1.614
F02168,2021-R,Mustard,6.699
F02168,2021-R,Gram,6.732
F02174,2021-R,Mustard,1.047
F02178,2021-R,Mustard,3.384
F02179,2021-R,Mustard,1.872
F02180,2021-R,Mustard,1.303
F02180,2021-R,Gram,1.193
F02181,2021-R,Mustard,2.533
F02184,2021-R,Mustard,3.797
F02185,2021-R,Mustard,2.158
F02186,2021-R,Mustard,0.972
F02187,2021-R,Mustard,6.731
F02189,2021-R,Mustard,2.572
F02189,2021-R,Gram,2.197
F02191,2021-R,Mustard,2.769
F02193,2021-R,Mustard,2.547
F02195,2021-R,Mustard,1.635
F02195,2021-R,Gram,1.288
F02196,2021-R,Mustard,3.736
F02200,2021-R,Mustard,4.822
F02200,2021-R,Gram,4.436
F02201,2021-R,Mustard,2.605
F02202,2021-R,Mustard,4.283
F02207,2021-R,Mustard,2.013
F02208,2021-R,Mustard,1.175
F02208,2021-R,Gram,1.017
F02209,2021-R,Mustard,3.542
F02210,2021-R,Mustard,1.834
F02211,2021-R,Mustard,1.372
F02217,2021-R,Mustard,3.647
F02218,2021-R,Mustard,1.008
F02220,2021-R,Wheat,8.511
F02222,2021-R,Mustard,2.056
F02225,2021-R,Gram,3.081
F02226,2021-R,Wheat,4.165
F02227,2021-R,Mustard,1.605
F02228,2021-R,Wheat,7.206
F02231,2021-R,Mustard,2.153
F02233,2021-R,Gram,1.553
F02234,2021-R,Wheat,1.585
F02237,2021-R,Wheat,13.552
F02239,2021-R,Wheat,7.813
F02241,2021-R,Wheat,11.242
F02242,2021-R,Wheat,10.003
F02243,2021-R,Mustard,2.941
F02244,2021-R,Wheat,9.036
F02245,2021-R,Mustard,5.756
F02248,2021-R,Wheat,4.691
F02249,2021-R,Mustard,3.2
F02250,2021-R,Mustard,2.989
F02251,2021-R,Mustard,1.994
F02252,2021-R,Wheat,5.687
F02255,2021-R,Gram,1.516
F02256,2021-R,Mustard,1.266
F02257,2021-R,Mustard,2.762
F02259,2021-R,Mustard,3.535
F02261,2021-R,Wheat,8.86
F02262,2021-R,Wheat,5.375
F02263,2021-R,Gram,1.804
F02265,2021-R,Mustard,2.55
F02266,2021-R,Wheat,7.567
F02267,2021-R,Mustard,1.255
F02269,2021-R,Wheat,2.052
F02270,2021-R,Gram,2.951
F02272,2021-R,Mustard,3.667
F02273,2021-R,Mustard,1.531
F02274,2021-R,Wheat,1.657
F02275,2021-R,Mustard,1.274
F02278,2021-R,Wheat,6.153
F02279,2021-R,Gram,1.846
F02280,2021-R,Wheat,3.635
F02281,2021-R,Mustard,3.573
F02282,2021-R,Wheat,2.271
F02285,2021-R,Wheat,2.922
F02287,2021-R,Wheat,3.916
F02289,2021-R,Wheat,3.265
F02291,2021-R,Gram,3.474
F02292,2021-R,Wheat,10.319
F02293,2021-R,Mustard,2.365
F02294,2021-R,Wheat,9.22
F02295,2021-R,Wheat,4.584
F02296,2021-R,Gram,1.875
F02297,2021-R,Mustard,3.369
F02298,2021-R,Mustard,3.92
F02299,2021-R,Wheat,4.095
F02300,2021-R,Mustard,0.644
F02301,2021-R,Mustard,1.446
F02302,2021-R,Mustard,1.768
F02303,2021-R,Wheat,3.675
F02304,2021-R,Wheat,7.716
F02305,2021-R,Wheat,6.107
F02306,2021-R,Wheat,2.404
F02307,2021-R,Mustard,2.644
F02308,2021-R,Mustard,1.931
F02309,2021-R,Wheat,4.747
F02310,2021-R,Wheat,5.394
F02311,2021-R,Mustard,3.679
F02312,2021-R,Wheat,5.394
F02313,2021-R,Wheat,6.076
F02314,2021-R,Mustard,4.157
F02315,2021-R,Gram,1.277
F02316,2021-R,Mustard,1.779
F02317,2021-R,Wheat,9.743
F02318,2021-R,Mustard,1.743
F02319,2021-R,Wheat,6.443
F02320,2021-R,Mustard,2.23
F02321,2021-R,Mustard,1.817
F02322,2021-R,Wheat,8.617
F02323,2021-R,Wheat,1.725
F02324,2021-R,Wheat,4.458
F02325,2021-R,Wheat,7.251
F02326,2021-R,Mustard,4.594
F02327,2021-R,Wheat,4.442
F02328,2021-R,Wheat,17.693
F02329,2021-R,Gram,1.286
F02330,2021-R,Wheat,7.377
F02331,2021-R,Mustard,1.704
F02332,2021-R,Mustard,1.391
F02333,2021-R,Wheat,2.744
F02334,2021-R,Mustard,2.636
F02335,2021-R,Mustard,1.852
F02336,2021-R,Wheat,3.665
F02337,2021-R,Wheat,8.265
F02338,2021-R,Wheat,7.264
F02339,2021-R,Mustard,2.466
F02340,2021-R,Wheat,11.476
F02341,2021-R,Mustard,1.01
F02342,2021-R,Mustard,1.429
F02343,2021-R,Mustard,1.442
F02344,2021-R,Wheat,4.606
F02345,2021-R,Wheat,2.359
F02346,2021-R,Mustard,1.077
F02347,2021-R,Gram,1.195
F02348,2021-R,Mustard,3.038
F02349,2021-R,Wheat,16.384
F02350,2021-R,Mustard,5.142
F02351,2021-R,Wheat,3.368
F02352,2021-R,Mustard,1.864
F02353,2021-R,Wheat,3.296
F02354,2021-R,Wheat,6.105
F02355,2021-R,Wheat,5.182
F02356,2021-R,Mustard,2.95
F02357,2021-R,Wheat,4.053
F02358,2021-R,Wheat,5.908
F02359,2021-R,Wheat,6.493
F02360,2021-R,Mustard,3.392
F02361,2021-R,Wheat,2.071
F02362,2021-R,Gram,2.595
F02363,2021-R,Wheat,10.56
F02364,2021-R,Wheat,6.813
F02365,2021-R,Mustard,1.04
F02366,2021-R,Wheat,14.619
F02367,2021-R,Gram,1.41
F02368,2021-R,Gram,2.916
F02369,2021-R,Mustard,2.027
F02370,2021-R,Mustard,1.008
F02371,2021-R,Wheat,4.618
F02372,2021-R,Gram,3.203
F02373,2021-R,Mustard,7.325
F02374,2021-R,Wheat,4.39
F02375,2021-R,Wheat,2.278
F02376,2021-R,Wheat,6.287
F02377,2021-R,Wheat,4.12
F02378,2021-R,Mustard,1.63
F02379,2021-R,Wheat,5.633
F02380,2021-R,Mustard,1.238
F02381,2021-R,Wheat,3.222
F02382,2021-R,Gram,2.027
F02383,2021-R,Mustard,1.176
F02384,2021-R,Mustard,0.954
F02385,2021-R,Mustard,2.964
F02386,2021-R,Mustard,2.184
F02387,2021-R,Wheat,3.181
F02388,2021-R,Wheat,5.496
F02389,2021-R,Wheat,2.267
F02390,2021-R,Wheat,1.908
F02391,2021-R,Wheat,7.409
F02392,2021-R,Wheat,6.66
F02393,2021-R,Gram,2.258
F02394,2021-R,Mustard,3.551
F02395,2021-R,Wheat,8.035
F02396,2021-R,Wheat,1.678
F02397,2021-R,Gram,0.937
F02398,2021-R,Mustard,0.857
F02399,2021-R,Wheat,7.875
F02400,2021-R,Mustard,2.584
F02401,2021-R,Mustard,1.339
F02402,2021-R,Wheat,6.399
F02403,2021-R,Mustard,2.519
F02404,2021-R,Gram,0.874
F02405,2021-R,Wheat,4.84
F02406,2021-R,Mustard,5.566
F02407,2021-R,Gram,2.088
F02408,2021-R,Wheat,6.794
F02409,2021-R,Wheat,8.707
F02410,2021-R,Mustard,1.088
F02411,2021-R,Wheat,17.313
F02412,2021-R,Mustard,4.036
F02413,2021-R,Wheat,4.623
F02414,2021-R,Gram,1.349
F02415,2021-R,Wheat,6.981
F02416,2021-R,Mustard,1.749
F02417,2021-R,Gram,2.063
F02418,2021-R,Wheat,2.989
F02419,2021-R,Mustard,1.297
F02420,2021-R,Wheat,10.061
F02421,2021-R,Wheat,3.301
F02422,2021-R,Mustard,1.41
F02423,2021-R,Mustard,1.882
F02424,2021-R,Mustard,2.889
F02425,2021-R,Wheat,3.777
F02426,2021-R,Wheat,6.809
F02427,2021-R,Gram,1.459
F02428,2021-R,Mustard,3.226
F02429,2021-R,Mustard,3.046
F02430,2021-R,Mustard,1.576
F02431,2021-R,Mustard,3.229
F02432,2021-R,Mustard,1.393
F02433,2021-R,Wheat,5.861
F02434,2021-R,Wheat,7.933
F02435,2021-R,Wheat,4.85
F02436,2021-R,Mustard,1.96
F02437,2021-R,Mustard,1.096
F02438,2021-R,Gram,2.943
F02439,2021-R,Wheat,14.981
F02440,2021-R,Mustard,2.347
F02441,2021-R,Mustard,1.674
F02442,2021-R,Mustard,3.527
F02443,2021-R,Wheat,7.945
F02444,2021-R,Wheat,2.414
F02445,2021-R,Mustard,3.9
F02446,2021-R,Wheat,8.158
F02447,2021-R,Mustard,1.159
F02448,2021-R,Wheat,8.155
F02449,2021-R,Mustard,3.048
F02450,2021-R,Mustard,1.976
F02451,2021-R,Wheat,8.928
F02452,2021-R,Wheat,5.144
F02453,2021-R,Mustard,1.65
F02454,2021-R,Gram,0.663
F01003,2022-K,Cotton,1.014
F01003,2022-K,Soybean,1.261
F01004,2022-K,Cotton,1.137
F01005,2022-K,Cotton,3.816
F01008,2022-K,Cotton,1.024
F01008,2022-K,Soybean,1.3
F01009,2022-K,Cotton,1.059
F01011,2022-K,Cotton,2.972
F01013,2022-K,Cotton,1.997
F01015,2022-K,Cotton,3.054
F01017,2022-K,Cotton,2.495
F01017,2022-K,Soybean,3.5
F01020,2022-K,Cotton,0.481
F01021,2022-K,Cotton,1.59
F01021,2022-K,Soybean,1.794
F01022,2022-K,Cotton,1.089
F01022,2022-K,Soybean,1.634
F01023,2022-K,Cotton,1.284
F01029,2022-K,Cotton,1.646
F01030,2022-K,Cotton,0.507
F01030,2022-K,Soybean,0.636
F01031,2022-K,Cotton,2.302
F01032,2022-K,Cotton,1.26
F01035,2022-K,Cotton,0.758
F01035,2022-K,Soybean,0.867
F01036,2022-K,Cotton,1.29
F01036,2022-K,Soybean,1.574
F01037,2022-K,Cotton,0.959
F01037,2022-K,Soybean,1.21
F01038,2022-K,Cotton,5.589
F01038,2022-K,Soybean,5.986
F01040,2022-K,Cotton,2.29
F01042,2022-K,Cotton,2.441
F01043,2022-K,Cotton,3.418
F01043,2022-K,Soybean,4.608
F01044,2022-K,Cotton,2.853
F01044,2022-K,Soybean,3.724
F01045,2022-K,Cotton,1.728
F01048,2022-K,Cotton,0.624
F01048,2022-K,Soybean,0.926
F01050,2022-K,Cotton,3.802
F01051,2022-K,Cotton,1.779
F01052,2022-K,Cotton,2.178
F01052,2022-K,Soybean,3.192
F01053,2022-K,Cotton,2.815
F01054,2022-K,Cotton,3.511
F01055,2022-K,Cotton,1.964
F01057,2022-K,Cotton,1.96
F01057,2022-K,Soybean,2.323
F01058,2022-K,Cotton,3.344
F01062,2022-K,Cotton,2.754
F01063,2022-K,Cotton,1.097
F01064,2022-K,Cotton,3.475
F01066,2022-K,Cotton,2.4
F01070,2022-K,Cotton,1.551
F01071,2022-K,Cotton,1.247
F01071,2022-K,Soybean,1.567
F01074,2022-K,Cotton,0.771
F01075,2022-K,Cotton,4.564
F01076,2022-K,Cotton,1.597
F01078,2022-K,Cotton,1.121
F01079,2022-K,Cotton,1.215
F01079,2022-K,Soybean,1.722
F01081,2022-K,Cotton,1.867
F01082,2022-K,Cotton,1.173
F01087,2022-K,Cotton,3.09
F01088,2022-K,Cotton,0.657
F01089,2022-K,Cotton,3.45
F01089,2022-K,Soybean,4.256
F01090,2022-K,Cotton,1.084
F01090,2022-K,Soybean,1.488
F01091,2022-K,Cotton,2.85
F01092,2022-K,Cotton,1.695
F01092,2022-K,Soybean,1.987
F01093,2022-K,Cotton,4.818
F01095,2022-K,Cotton,0.899
F01095,2022-K,Soybean,1.158
F01098,2022-K,Cotton,0.897
F01098,2022-K,Soybean,1.271
F01099,2022-K,Cotton,2.394
F01099,2022-K,Soybean,2.732
F01102,2022-K,Cotton,1.883
F01102,2022-K,Soybean,2.199
F01104,2022-K,Cotton,3.527
F01104,2022-K,Soybean,4.172
F01105,2022-K,Cotton,2.752
F01105,2022-K,Soybean,3.438
F01107,2022-K,Cotton,2.037
F01107,2022-K,Soybean,2.514
F01109,2022-K,Cotton,1.476
F01110,2022-K,Cotton,1.893
F01111,2022-K,Cotton,1.729
F01112,2022-K,Cotton,2.535
F01114,2022-K,Cotton,2.02
F01115,2022-K,Cotton,2.095
F01115,2022-K,Soybean,2.866
F01116,2022-K,Cotton,1.421
F01117,2022-K,Cotton,1.534
F01120,2022-K,Cotton,2.069
F01120,2022-K,Soybean,2.802
F01121,2022-K,Cotton,0.714
F01121,2022-K,Soybean,0.945
F01122,2022-K,Cotton,0.555
F01122,2022-K,Soybean,0.752
F01123,2022-K,Cotton,1.477
F01127,2022-K,Cotton,4.841
F01131,2022-K,Cotton,1.415
F01131,2022-K,Soybean,1.814
F01133,2022-K,Cotton,0.801
F01133,2022-K,Soybean,0.982
F01135,2022-K,Cotton,1.27
F01138,2022-K,Cotton,1.546
F01139,2022-K,Cotton,1.103
F01141,2022-K,Cotton,2.032
F01142,2022-K,Cotton,1.115
F01142,2022-K,Soybean,1.293
F01146,2022-K,Cotton,1.05
F01147,2022-K,Cotton,2.461
F01147,2022-K,Soybean,3.065
F01149,2022-K,Cotton,1.337
F01150,2022-K,Cotton,2.99
F01150,2022-K,Soybean,3.617
F01151,2022-K,Cotton,0.474
F01151,2022-K,Soybean,0.608
F01152,2022-K,Cotton,2.558
F01153,2022-K,Cotton,2.091
F01155,2022-K,Soybean,0.949
F01158,2022-K,Soybean,2.692
F01160,2022-K,Soybean,2.064
F01160,2022-K,Cotton,1.817
F01163,2022-K,Soybean,4.709
F01164,2022-K,Soybean,3.24
F01165,2022-K,Soybean,2.87
F01168,2022-K,Soybean,2.437
F01169,2022-K,Soybean,2.994
F01170,2022-K,Soybean,2.758
F01170,2022-K,Cotton,2.034
F01171,2022-K,Soybean,1.546
F01176,2022-K,Soybean,1.155
F01176,2022-K,Cotton,0.931
F01179,2022-K,Soybean,3.336
F01179,2022-K,Cotton,2.561
F01180,2022-K,Soybean,1.214
F01183,2022-K,Soybean,2.016
F01183,2022-K,Cotton,1.593
F01191,2022-K,Soybean,1.812
F01193,2022-K,Soybean,4.622
F01197,2022-K,Soybean,1.249
F01199,2022-K,Soybean,3.677
F01199,2022-K,Cotton,2.686
F01200,2022-K,Soybean,2.154
F01200,2022-K,Cotton,1.707
F01202,2022-K,Soybean,3.681
F01203,2022-K,Soybean,1.606
F01203,2022-K,Cotton,1.236
F01204,2022-K,Soybean,3.704
F01204,2022-K,Cotton,2.723
F01206,2022-K,Soybean,1.284
F01207,2022-K,Soybean,2.764
F01211,2022-K,Soybean,2.789
F01211,2022-K,Cotton,2.22
F01213,2022-K,Soybean,4.557
F01213,2022-K,Cotton,3.25
F01215,2022-K,Soybean,3.167
F01215,2022-K,Cotton,2.421
F01216,2022-K,Soybean,1.907
F01219,2022-K,Soybean,2.827
F01223,2022-K,Soybean,6.86
F01224,2022-K,Soybean,1.35
F01225,2022-K,Soybean,2.19
F01226,2022-K,Soybean,1.269
F01227,2022-K,Soybean,4.06
F01227,2022-K,Cotton,2.953
F01228,2022-K,Soybean,1.112
F01235,2022-K,Soybean,2.172
F01235,2022-K,Cotton,1.661
F01236,2022-K,Soybean,2.468
F01238,2022-K,Soybean,0.908
F01238,2022-K,Cotton,0.808
F01239,2022-K,Soybean,2.94
F01245,2022-K,Soybean,3.247
F01246,2022-K,Soybean,3.738
F01249,2022-K,Soybean,2.186
F01251,2022-K,Soybean,1.991
F01262,2022-K,Soybean,3.087
F01263,2022-K,Soybean,2.132
F01264,2022-K,Soybean,1.427
F01269,2022-K,Soybean,2.5
F01269,2022-K,Cotton,1.991
F01274,2022-K,Soybean,1.403
F01274,2022-K,Cotton,0.993
F01275,2022-K,Soybean,1.301
F01275,2022-K,Cotton,1.153
F01276,2022-K,Soybean,1.512
F01280,2022-K,Soybean,4.523
F01282,2022-K,Soybean,4.257
F01282,2022-K,Cotton,3.349
F01283,2022-K,Soybean,1.07
F01285,2022-K,Soybean,3.768
F01286,2022-K,Soybean,3.347
F01286,2022-K,Cotton,2.481
F01288,2022-K,Soybean,2.895
F01292,2022-K,Soybean,5.206
F01293,2022-K,Soybean,2.758
F01296,2022-K,Soybean,2.923
F01297,2022-K,Soybean,1.615
F01301,2022-K,Paddy,2.82
F01302,2022-K,Paddy,3.764
F01303,2022-K,Paddy,4.941
F01307,2022-K,Paddy,3.845
F01308,2022-K,Paddy,7.456
F01310,2022-K,Paddy,3.278
F01311,2022-K,Paddy,4.106
F01312,2022-K,Paddy,6.776
F01317,2022-K,Paddy,10.059
F01319,2022-K,Paddy,6.533
F01320,2022-K,Paddy,8.357
F01322,2022-K,Paddy,6.537
F01324,2022-K,Paddy,12.977
F01329,2022-K,Paddy,3.748
F01330,2022-K,Paddy,3.133
F01331,2022-K,Paddy,9.775
F01333,2022-K,Paddy,5.254
F01338,2022-K,Paddy,6.441
F01339,2022-K,Paddy,9.653
F01340,2022-K,Paddy,12.245
F01342,2022-K,Paddy,6.127
F01347,2022-K,Paddy,6.005
F01348,2022-K,Paddy,6.874
F01350,2022-K,Paddy,2.469
F01352,2022-K,Paddy,6.234
F01355,2022-K,Paddy,8.67
F01356,2022-K,Paddy,7.706
F01360,2022-K,Paddy,3.806
F01362,2022-K,Paddy,8.049
F01364,2022-K,Paddy,6.717
F01365,2022-K,Paddy,5.121
F01366,2022-K,Paddy,18.072
F01369,2022-K,Paddy,2.129
F01370,2022-K,Paddy,9.51
F01374,2022-K,Paddy,8.019
F01376,2022-K,Paddy,4.526
F01378,2022-K,Paddy,8.071
F01379,2022-K,Paddy,3.629
F01380,2022-K,Paddy,2.918
F01382,2022-K,Paddy,5.433
F01384,2022-K,Paddy,7.553
F01385,2022-K,Paddy,3.13
F01386,2022-K,Paddy,6.458
F01390,2022-K,Paddy,4.187
F01391,2022-K,Paddy,4.153
F01393,2022-K,Paddy,6.339
F01394,2022-K,Paddy,9.494
F01395,2022-K,Paddy,1.779
F01396,2022-K,Paddy,8.724
F01398,2022-K,Paddy,5.031
F01400,2022-K,Paddy,10.42
F01401,2022-K,Paddy,5.037
F01403,2022-K,Paddy,4.036
F01404,2022-K,Paddy,6.011
F01408,2022-K,Paddy,6.963
F01409,2022-K,Paddy,12.234
F01412,2022-K,Paddy,8.688
F01414,2022-K,Paddy,6.647
F01417,2022-K,Paddy,7.359
F01419,2022-K,Paddy,4.623
F01420,2022-K,Paddy,9.709
F01425,2022-K,Paddy,3.57
F01428,2022-K,Paddy,4.263
F01430,2022-K,Paddy,7.3
F01431,2022-K,Paddy,5.901
F01432,2022-K,Paddy,3.798
F01433,2022-K,Paddy,3.866
F01441,2022-K,Paddy,5.839
F01447,2022-K,Paddy,13.085
F01448,2022-K,Paddy,8.788
F01450,2022-K,Paddy,6.493
F01453,2022-K,Paddy,11.126
F01457,2022-K,Paddy,3.695
F01464,2022-K,Soybean,1.335
F01465,2022-K,Soybean,1.642
F01467,2022-K,Soybean,1.795
F01468,2022-K,Soybean,1.455
F01470,2022-K,Soybean,2.144
F01476,2022-K,Soybean,6.765
F01481,2022-K,Soybean,2.186
F01484,2022-K,Soybean,1.799
F01489,2022-K,Soybean,4.106
F01490,2022-K,Soybean,8.112
F01492,2022-K,Soybean,4.023
F01495,2022-K,Soybean,1.656
F01498,2022-K,Soybean,1.878
F01499,2022-K,Soybean,1.255
F01501,2022-K,Soybean,1.281
F01502,2022-K,Soybean,2.483
F01505,2022-K,Soybean,1.722
F01510,2022-K,Soybean,1.379
F01511,2022-K,Soybean,2.464
F01513,2022-K,Soybean,5.326
F01514,2022-K,Soybean,1.622
F01518,2022-K,Soybean,1.385
F01520,2022-K,Soybean,2.657
F01526,2022-K,Soybean,3.219
F01527,2022-K,Soybean,1.663
F01528,2022-K,Soybean,1.049
F01530,2022-K,Soybean,3.169
F01535,2022-K,Soybean,3.161
F01538,2022-K,Soybean,2.694
F01542,2022-K,Soybean,2.544
F01543,2022-K,Soybean,3.45
F01544,2022-K,Soybean,1.648
F01545,2022-K,Soybean,2.04
F01546,2022-K,Soybean,1.589
F01547,2022-K,Soybean,2.737
F01548,2022-K,Soybean,1.068
F01550,2022-K,Soybean,4.369
F01553,2022-K,Soybean,1.159
F01556,2022-K,Soybean,2.979
F01558,2022-K,Soybean,3.219
F01560,2022-K,Soybean,1.415
F01561,2022-K,Soybean,1.869
F01563,2022-K,Soybean,2.203
F01564,2022-K,Soybean,1.899
F01568,2022-K,Soybean,3.862
F01569,2022-K,Soybean,2.362
F01575,2022-K,Soybean,3.021
F01576,2022-K,Soybean,1.297
F01577,2022-K,Soybean,1.066
F01580,2022-K,Soybean,1.393
F01581,2022-K,Soybean,1.492
F01582,2022-K,Soybean,1.796
F01586,2022-K,Soybean,3.904
F01587,2022-K,Soybean,1.596
F01589,2022-K,Soybean,3.727
F01590,2022-K,Soybean,0.868
F01591,2022-K,Soybean,2.566
F01593,2022-K,Soybean,2.712
F01595,2022-K,Soybean,1.538
F01599,2022-K,Soybean,5.243
F01603,2022-K,Soybean,9.413
F01604,2022-K,Soybean,1.429
F01606,2022-K,Soybean,1.484
F01607,2022-K,Soybean,2.882
F01610,2022-K,Soybean,1.978
F01612,2022-K,Soybean,2.067
F01615,2022-K,Soybean,1.667
F01620,2022-K,Soybean,4.058
F01624,2022-K,Soybean,2.801
F01630,2022-K,Soybean,1.737
F01633,2022-K,Soybean,3.559
F01636,2022-K,Soybean,2.219
F01637,2022-K,Soybean,5.681
F01638,2022-K,Soybean,0.679
F01640,2022-K,Soybean,4.891
F01642,2022-K,Soybean,1.386
F01643,2022-K,Soybean,1.959
F01644,2022-K,Soybean,3.983
F01645,2022-K,Soybean,6.598
F01649,2022-K,Soybean,3.423
F01650,2022-K,Soybean,1.843
F01653,2022-K,Soybean,1.383
F01654,2022-K,Soybean,8.016
F01658,2022-K,Soybean,4.237
F01659,2022-K,Soybean,9.682
F01660,2022-K,Soybean,1.367
F01662,2022-K,Soybean,1.731
F01666,2022-K,Soybean,1.884
F01670,2022-K,Soybean,2.811
F01671,2022-K,Soybean,1.173
F01675,2022-K,Soybean,1.295
F01680,2022-K,Soybean,2.08
F01687,2022-K,Soybean,2.308
F01692,2022-K,Soybean,2.05
F01693,2022-K,Soybean,1.562
F01694,2022-K,Soybean,2.083
F01696,2022-K,Soybean,1.89
F01702,2022-K,Soybean,2.915
F01703,2022-K,Soybean,1.973
F01706,2022-K,Soybean,2.544
F01707,2022-K,Soybean,0.814
F01709,2022-K,Soybean,4.326
F01714,2022-K,Soybean,2.09
F01718,2022-K,Soybean,3.019
F01719,2022-K,Soybean,1.504
F01720,2022-K,Soybean,4.11
F01722,2022-K,Soybean,2.267
F01724,2022-K,Soybean,10.985
F01725,2022-K,Soybean,1.223
F01729,2022-K,Soybean,3.554
F01730,2022-K,Soybean,2.236
F01732,2022-K,Soybean,2.924
F01740,2022-K,Soybean,1.627
F01741,2022-K,Soybean,1.401
F01743,2022-K,Soybean,3.717
F01747,2022-K,Soybean,2.677
F01750,2022-K,Soybean,3.42
F01752,2022-K,Soybean,1.441
F01753,2022-K,Soybean,3.155
F01755,2022-K,Soybean,4.852
F01757,2022-K,Soybean,1.531
F01759,2022-K,Soybean,1.492
F01760,2022-K,Soybean,1.226
F01764,2022-K,Soybean,2.888
F01765,2022-K,Soybean,3.917
F01770,2022-K,Soybean,1.503
F01772,2022-K,Soybean,3.181
F01774,2022-K,Soybean,2.9
F01779,2022-K,Soybean,2.6
F01780,2022-K,Soybean,3.46
F01781,2022-K,Soybean,2.907
F01782,2022-K,Soybean,8.651
F01783,2022-K,Soybean,1.28
F01784,2022-K,Soybean,1.795
F01786,2022-K,Soybean,3.36
F01787,2022-K,Soybean,2.563
F01788,2022-K,Soybean,6.89
F01791,2022-K,Soybean,2.102
F01792,2022-K,Soybean,3.388
F01794,2022-K,Soybean,1.451
F01798,2022-K,Soybean,8.868
F01800,2022-K,Soybean,2.38
F01801,2022-K,Soybean,3.15
F01803,2022-K,Soybean,6.047
F01805,2022-K,Soybean,1.869
F01806,2022-K,Soybean,1.934
F01808,2022-K,Soybean,3.711
F01809,2022-K,Soybean,4.333
F01815,2022-K,Soybean,1.167
F01817,2022-K,Soybean,0.966
F01818,2022-K,Soybean,3.239
F01823,2022-K,Soybean,0.803
F01824,2022-K,Soybean,3.34
F01825,2022-K,Soybean,4.968
F01827,2022-K,Soybean,1.29
F01829,2022-K,Soybean,3.878
F01831,2022-K,Soybean,3.633
F01833,2022-K,Soybean,2.017
F01837,2022-K,Soybean,1.925
F01838,2022-K,Soybean,4.331
F01839,2022-K,Soybean,2.115
F01841,2022-K,Soybean,1.596
F01842,2022-K,Soybean,2.134
F01843,2022-K,Soybean,1.685
F01844,2022-K,Soybean,1.662
F01845,2022-K,Soybean,2.495
F01846,2022-K,Soybean,2.425
F01848,2022-K,Soybean,3.045
F01849,2022-K,Soybean,2.195
F01851,2022-K,Soybean,4.685
F01852,2022-K,Soybean,9.411
F01858,2022-K,Soybean,1.728
F01859,2022-K,Soybean,2.362
F01861,2022-K,Soybean,2.714
F01863,2022-K,Soybean,2.688
F01865,2022-K,Soybean,3.381
F01866,2022-K,Soybean,1.545
F01867,2022-K,Soybean,1.26
F01869,2022-K,Soybean,2.03
F01872,2022-K,Soybean,1.801
F01873,2022-K,Soybean,1.555
F01875,2022-K,Soybean,3.09
F01876,2022-K,Soybean,2.395
F01878,2022-K,Soybean,1.786
F01880,2022-K,Soybean,4.921
F01881,2022-K,Soybean,1.938
F01882,2022-K,Soybean,2.202
F01885,2022-K,Soybean,6.695
F01886,2022-K,Soybean,6.981
F01889,2022-K,Soybean,4.802
F01890,2022-K,Soybean,3.058
F01891,2022-K,Soybean,2.59
F01893,2022-K,Soybean,1.672
F01899,2022-K,Soybean,6.778
F01901,2022-K,Soybean,1.835
F01903,2022-K,Soybean,1.736
F01904,2022-K,Soybean,0.903
F01905,2022-K,Soybean,2.486
F01907,2022-K,Soybean,2.709
F01908,2022-K,Soybean,2.801
F01909,2022-K,Soybean,8.103
F01910,2022-K,Soybean,1.4
F01912,2022-K,Soybean,6.81
F01913,2022-K,Soybean,1.962
F01914,2022-K,Soybean,1.484
F01915,2022-K,Soybean,3.003
F01916,2022-K,Soybean,4.692
F01917,2022-K,Soybean,0.792
F01918,2022-K,Soybean,1.187
F01920,2022-K,Soybean,2.04
F01921,2022-K,Soybean,2.104
F01922,2022-K,Soybean,3.075
F01924,2022-K,Soybean,2.707
F01925,2022-K,Soybean,3.742
F01926,2022-K,Soybean,2.663
F01927,2022-K,Soybean,1.768
F01928,2022-K,Soybean,4.479
F01929,2022-K,Soybean,1.545
F01931,2022-K,Soybean,1.674
F01933,2022-K,Soybean,1.535
F01934,2022-K,Soybean,2.219
F01937,2022-K,Soybean,2.45
F01939,2022-K,Soybean,3.106
F01940,2022-K,Soybean,1.613
F01948,2022-K,Soybean,2.358
F01949,2022-K,Soybean,2.028
F01951,2022-K,Soybean,4.252
F01952,2022-K,Soybean,2.364
F01957,2022-K,Soybean,1.217
F01958,2022-K,Soybean,1.249
F01959,2022-K,Soybean,1.915
F01963,2022-K,Soybean,2.588
F01964,2022-K,Soybean,1.119
F01966,2022-K,Soybean,5.175
F01969,2022-K,Soybean,1.762
F01970,2022-K,Soybean,1.705
F01973,2022-K,Soybean,2.736
F01974,2022-K,Soybean,1.551
F01976,2022-K,Soybean,2.469
F01978,2022-K,Soybean,4.26
F01979,2022-K,Soybean,1.475
F01982,2022-K,Soybean,2.527
F01983,2022-K,Soybean,2.723
F01986,2022-K,Soybean,2.526
F01989,2022-K,Soybean,1.593
F01990,2022-K,Soybean,4.006
F01991,2022-K,Soybean,2.185
F01994,2022-K,Soybean,2.474
F01998,2022-K,Soybean,3.939
F02002,2022-K,Soybean,1.174
F02008,2022-K,Soybean,1.195
F02012,2022-K,Soybean,2.315
F02013,2022-K,Soybean,1.789
F02016,2022-K,Soybean,2.056
F02019,2022-K,Soybean,4.971
F02020,2022-K,Soybean,5.041
F02021,2022-K,Soybean,3.11
F02022,2022-K,Soybean,3.727
F02026,2022-K,Soybean,1.647
F02028,2022-K,Soybean,5.75
F02029,2022-K,Soybean,1.757
F02030,2022-K,Soybean,1.174
F02031,2022-K,Soybean,2.321
F02033,2022-K,Soybean,2.117
F02035,2022-K,Soybean,3.613
F02036,2022-K,Soybean,3.319
F02038,2022-K,Soybean,4.268
F02041,2022-K,Soybean,1.161
F02042,2022-K,Soybean,1.37
F02043,2022-K,Soybean,1.665
F02044,2022-K,Soybean,4.164
F02046,2022-K,Soybean,2.492
F02049,2022-K,Soybean,2.279
F02052,2022-K,Soybean,2.378
F02053,2022-K,Soybean,1.279
F02055,2022-K,Soybean,2.006
F02057,2022-K,Soybean,1.882
F02058,2022-K,Soybean,0.972
F02060,2022-K,Soybean,6.47
F02061,2022-K,Soybean,2.674
F02064,2022-K,Groundnut,5.063
F02064,2022-K,Soybean,4.207
F02065,2022-K,Groundnut,7.389
F02066,2022-K,Groundnut,1.598
F02067,2022-K,Groundnut,2.188
F02068,2022-K,Groundnut,2.385
F02069,2022-K,Groundnut,6.672
F02070,2022-K,Groundnut,3.62
F02072,2022-K,Groundnut,11.64
F02072,2022-K,Soybean,9.434
F02073,2022-K,Groundnut,2.448
F02076,2022-K,Groundnut,3.325
F02076,2022-K,Soybean,2.633
F02079,2022-K,Groundnut,1.92
F02080,2022-K,Groundnut,1.411
F02081,2022-K,Groundnut,1.347
F02081,2022-K,Soybean,1.204
F02082,2022-K,Groundnut,3.451
F02083,2022-K,Groundnut,2.518
F02085,2022-K,Groundnut,6.398
F02086,2022-K,Groundnut,0.928
F02086,2022-K,Soybean,0.833
F02088,2022-K,Groundnut,3.112
F02090,2022-K,Groundnut,2.233
F02090,2022-K,Soybean,1.893
F02091,2022-K,Groundnut,3.204
F02092,2022-K,Groundnut,2.22
F02093,2022-K,Groundnut,1.382
F02095,2022-K,Groundnut,8.519
F02096,2022-K,Groundnut,0.779
F02097,2022-K,Groundnut,4.248
F02097,2022-K,Soybean,3.109
F02104,2022-K,Groundnut,0.855
F02105,2022-K,Groundnut,1.892
F02106,2022-K,Groundnut,2.94
F02107,2022-K,Groundnut,3.015
F02108,2022-K,Groundnut,5.012
F02118,2022-K,Groundnut,3.686
F02118,2022-K,Soybean,3.182
F02121,2022-K,Groundnut,3.29
F02123,2022-K,Groundnut,2.371
F02125,2022-K,Groundnut,1.86
F02128,2022-K,Groundnut,4.767
F02129,2022-K,Groundnut,4.235
F02133,2022-K,Groundnut,2.082
F02134,2022-K,Groundnut,2.48
F02134,2022-K,Soybean,1.81
F02137,2022-K,Groundnut,3.23
F02138,2022-K,Groundnut,1.717
F02139,2022-K,Groundnut,5.82
F02141,2022-K,Groundnut,2.852
F02141,2022-K,Soybean,2.435
F02144,2022-K,Groundnut,2.284
F02144,2022-K,Soybean,2.015
F02145,2022-K,Groundnut,6.419
F02146,2022-K,Groundnut,1.738
F02147,2022-K,Groundnut,3.635
F02149,2022-K,Groundnut,3.643
F02151,2022-K,Groundnut,2.248
F02153,2022-K,Groundnut,4.587
F02154,2022-K,Groundnut,3.824
F02156,2022-K,Groundnut,2.913
F02157,2022-K,Groundnut,4.628
F02158,2022-K,Groundnut,4.982
F02161,2022-K,Groundnut,7.707
F02162,2022-K,Groundnut,1.282
F02162,2022-K,Soybean,1.075
F02163,2022-K,Groundnut,2.563
F02163,2022-K,Soybean,2.267
F02168,2022-K,Groundnut,10.045
F02174,2022-K,Groundnut,1.666
F02178,2022-K,Groundnut,4.275
F02179,2022-K,Groundnut,2.483
F02180,2022-K,Groundnut,1.88
F02181,2022-K,Groundnut,3.507
F02181,2022-K,Soybean,3.037
F02184,2022-K,Groundnut,4.731
F02184,2022-K,Soybean,4.203
F02185,2022-K,Groundnut,3.438
F02186,2022-K,Groundnut,1.37
F02189,2022-K,Groundnut,3.776
F02191,2022-K,Groundnut,3.521
F02191,2022-K,Soybean,2.789
F02193,2022-K,Groundnut,3.469
F02195,2022-K,Groundnut,2.06
F02196,2022-K,Groundnut,4.659
F02200,2022-K,Groundnut,6.925
F02201,2022-K,Groundnut,2.963
F02201,2022-K,Soybean,2.718
F02202,2022-K,Groundnut,6.475
F02207,2022-K,Groundnut,2.753
F02208,2022-K,Groundnut,1.476
F02209,2022-K,Groundnut,4.969
F02210,2022-K,Groundnut,2.438
F02211,2022-K,Groundnut,1.594
F02217,2022-K,Groundnut,5.26
F02218,2022-K,Groundnut,1.275
F02220,2022-K,Soybean,4.151
F02222,2022-K,Soybean,2.091
F02225,2022-K,Cotton,3.006
F02226,2022-K,Soybean,1.821
F02227,2022-K,Soybean,1.667
F02228,2022-K,Soybean,3.387
F02231,2022-K,Soybean,2.55
F02233,2022-K,Cotton,1.63
F02234,2022-K,Soybean,0.74
F02237,2022-K,Paddy,14.296
F02239,2022-K,Soybean,4.196
F02241,2022-K,Paddy,13.418
F02242,2022-K,Soybean,4.606
F02243,2022-K,Soybean,3.101
F02244,2022-K,Soybean,4.22
F02245,2022-K,Soybean,6.805
F02248,2022-K,Paddy,5.75
F02249,2022-K,Soybean,3.481
F02250,2022-K,Soybean,3.264
F02251,2022-K,Groundnut,2.514
F02252,2022-K,Soybean,3.052
F02261,2022-K,Soybean,4.239
F02262,2022-K,Soybean,2.345
F02263,2022-K,Cotton,1.605
F02266,2022-K,Soybean,4.189
F02267,2022-K,Soybean,1.465
F02270,2022-K,Cotton,3.621
F02272,2022-K,Groundnut,5.102
F02273,2022-K,Soybean,1.809
F02274,2022-K,Soybean,0.856
F02275,2022-K,Soybean,1.471
F02279,2022-K,Cotton,1.758
F02280,2022-K,Soybean,1.767
F02281,2022-K,Soybean,3.725
F02282,2022-K,Soybean,0.969
F02285,2022-K,Soybean,1.348
F02287,2022-K,Paddy,4.293
F02289,2022-K,Soybean,1.541
F02291,2022-K,Cotton,3.598
F02292,2022-K,Soybean,4.756
F02293,2022-K,Soybean,2.558
F02294,2022-K,Paddy,9.789
F02296,2022-K,Cotton,1.881
F02298,2022-K,Soybean,4.001
F02299,2022-K,Soybean,2.212
F02300,2022-K,Soybean,0.694
F02301,2022-K,Soybean,1.598
F02302,2022-K,Soybean,2.112
F02303,2022-K,Paddy,4.2
F02304,2022-K,Soybean,4.285
F02305,2022-K,Soybean,3.105
F02306,2022-K,Paddy,2.574
F02307,2022-K,Soybean,2.881
F02308,2022-K,Groundnut,2.672
F02309,2022-K,Soybean,2.158
F02310,2022-K,Soybean,2.923
F02311,2022-K,Soybean,4.144
F02312,2022-K,Soybean,2.502
F02313,2022-K,Soybean,2.956
F02316,2022-K,Groundnut,2.49
F02317,2022-K,Paddy,10.381
F02318,2022-K,Soybean,1.922
F02319,2022-K,Soybean,2.99
F02320,2022-K,Soybean,2.029
F02322,2022-K,Paddy,9.768
F02323,2022-K,Soybean,0.807
F02324,2022-K,Soybean,2.143
F02325,2022-K,Soybean,3.418
F02326,2022-K,Soybean,4.852
F02327,2022-K,Soybean,2.189
F02328,2022-K,Paddy,19.981
F02332,2022-K,Groundnut,1.896
F02333,2022-K,Soybean,1.208
F02334,2022-K,Soybean,3.141
F02336,2022-K,Soybean,1.703
F02337,2022-K,Soybean,3.791
F02338,2022-K,Soybean,2.968
F02339,2022-K,Soybean,3.151
F02340,2022-K,Soybean,5.605
F02341,2022-K,Soybean,1.031
F02342,2022-K,Soybean,1.644
F02343,2022-K,Soybean,1.692
F02344,2022-K,Soybean,2.643
F02345,2022-K,Soybean,1.141
F02346,2022-K,Soybean,1.085
F02347,2022-K,Cotton,1.209
F02348,2022-K,Soybean,3.034
F02349,2022-K,Soybean,7.97
F02350,2022-K,Groundnut,7.349
F02351,2022-K,Soybean,1.659
F02352,2022-K,Groundnut,2.761
F02353,2022-K,Soybean,1.533
F02354,2022-K,Soybean,3.012
F02355,2022-K,Soybean,2.724
F02356,2022-K,Groundnut,4.006
F02357,2022-K,Paddy,4.521
F02358,2022-K,Soybean,2.801
F02359,2022-K,Paddy,7.331
F02360,2022-K,Soybean,3.424
F02361,2022-K,Soybean,0.955
F02362,2022-K,Cotton,2.903
F02363,2022-K,Paddy,12.837
F02364,2022-K,Soybean,3.272
F02365,2022-K,Groundnut,1.61
F02366,2022-K,Soybean,7.681
F02367,2022-K,Cotton,1.397
F02368,2022-K,Cotton,2.742
F02369,2022-K,Soybean,2.332
F02370,2022-K,Soybean,1.054
F02371,2022-K,Paddy,5.613
F02372,2022-K,Cotton,3.073
F02373,2022-K,Soybean,9.553
F02374,2022-K,Soybean,2.249
F02375,2022-K,Soybean,1.202
F02376,2022-K,Soybean,2.936
F02377,2022-K,Soybean,1.986
F02378,2022-K,Soybean,1.909
F02379,2022-K,Soybean,2.321
F02380,2022-K,Soybean,1.315
F02381,2022-K,Soybean,1.463
F02382,2022-K,Cotton,2.191
F02383,2022-K,Groundnut,1.747
F02384,2022-K,Soybean,1.214
F02385,2022-K,Soybean,3.335
F02386,2022-K,Groundnut,2.757
F02387,2022-K,Soybean,1.376
F02388,2022-K,Paddy,5.965
F02389,2022-K,Soybean,1.129
F02390,2022-K,Soybean,0.84
F02391,2022-K,Soybean,3.488
F02392,2022-K,Paddy,7.762
F02393,2022-K,Cotton,2.306
F02394,2022-K,Soybean,3.963
F02395,2022-K,Soybean,3.972
F02396,2022-K,Paddy,2.013
F02397,2022-K,Cotton,0.843
F02398,2022-K,Groundnut,1.298
F02399,2022-K,Soybean,4.256
F02400,2022-K,Soybean,2.837
F02401,2022-K,Groundnut,1.839
F02402,2022-K,Soybean,3.371
F02403,2022-K,Groundnut,3.175
F02404,2022-K,Cotton,0.937
F02405,2022-K,Paddy,6.382
F02406,2022-K,Soybean,7.261
F02407,2022-K,Cotton,1.929
F02408,2022-K,Paddy,8.317
F02409,2022-K,Soybean,3.963
F02410,2022-K,Soybean,1.275
F02411,2022-K,Soybean,9.151
F02412,2022-K,Soybean,4.817
F02413,2022-K,Soybean,2.361
F02414,2022-K,Cotton,1.372
F02415,2022-K,Soybean,3.412
F02416,2022-K,Soybean,2.082
F02417,2022-K,Cotton,2.056
F02418,2022-K,Paddy,3.784
F02419,2022-K,Soybean,1.437
F02420,2022-K,Paddy,10.736
F02421,2022-K,Soybean,1.644
F02422,2022-K,Soybean,1.666
F02423,2022-K,Soybean,2.058
F02424,2022-K,Soybean,3.221
F02425,2022-K,Paddy,4.002
F02426,2022-K,Soybean,3.621
F02427,2022-K,Cotton,1.473
F02428,2022-K,Soybean,3.423
F02429,2022-K,Soybean,3.483
F02430,2022-K,Groundnut,2.27
F02431,2022-K,Groundnut,4.757
F02432,2022-K,Soybean,1.459
F02433,2022-K,Soybean,2.602
F02434,2022-K,Paddy,10.299
F02435,2022-K,Paddy,5.852
F02436,2022-K,Soybean,2.148
F02437,2022-K,Groundnut,1.572
F02438,2022-K,Cotton,2.833
F02439,2022-K,Paddy,17.912
F02440,2022-K,Soybean,2.303
F02441,2022-K,Soybean,1.875
F02442,2022-K,Soybean,3.966
F02443,2022-K,Soybean,3.84
F02444,2022-K,Soybean,1.275
F02445,2022-K,Soybean,4.661
F02446,2022-K,Soybean,3.451
F02447,2022-K,Soybean,1.298
F02448,2022-K,Paddy,9.681
F02449,2022-K,Groundnut,3.619
F02450,2022-K,Soybean,2.085
F02451,2022-K,Soybean,4.133
F02452,2022-K,Soybean,2.641
F02453,2022-K,Soybean,1.866
F02454,2022-K,Cotton,0.731
F02455,2022-K,Soybean,1.185
F02456,2022-K,Groundnut,1.165
F02457,2022-K,Soybean,3.733
F02458,2022-K,Soybean,2.083
F02459,2022-K,Paddy,3.006
F02460,2022-K,Groundnut,1.489
F02461,2022-K,Cotton,3.303
F02462,2022-K,Paddy,8.166
F02463,2022-K,Paddy,5.627
F02464,2022-K,Groundnut,1.82
F02465,2022-K,Soybean,2.939
F02466,2022-K,Soybean,2.619
F02467,2022-K,Paddy,12.855
F02468,2022-K,Soybean,1.745
F02469,2022-K,Soybean,2.095
F02470,2022-K,Cotton,1.428
F02471,2022-K,Groundnut,2.606
F02472,2022-K,Soybean,3.354
F02473,2022-K,Soybean,1.73
F02474,2022-K,Soybean,2.237
F02475,2022-K,Soybean,1.236
F02476,2022-K,Soybean,5.793
F02477,2022-K,Soybean,2.781
F02478,2022-K,Soybean,6.067
F02479,2022-K,Cotton,2.005
F02480,2022-K,Groundnut,9.127
F02481,2022-K,Soybean,3.41
F02482,2022-K,Cotton,3.193
F02483,2022-K,Soybean,2.343
F02484,2022-K,Soybean,2.247
F02485,2022-K,Soybean,2.681
F02486,2022-K,Cotton,5.485
F02487,2022-K,Soybean,3.905
F02488,2022-K,Soybean,3.594
F02489,2022-K,Cotton,2.878
F02490,2022-K,Soybean,5.413
F02491,2022-K,Paddy,4.49
F01003,2022-R,Gram,1.1
F01004,2022-R,Gram,1.177
F01004,2022-R,Wheat,2.942
F01005,2022-R,Gram,3.935
F01008,2022-R,Gram,0.989
F01009,2022-R,Gram,1.036
F01011,2022-R,Gram,3.194
F01011,2022-R,Wheat,8.976
F01013,2022-R,Gram,1.867
F01015,2022-R,Gram,2.537
F01015,2022-R,Wheat,7.472
F01017,2022-R,Gram,2.429
F01017,2022-R,Wheat,6.876
F01020,2022-R,Gram,0.533
F01020,2022-R,Wheat,1.375
F01021,2022-R,Gram,1.632
F01021,2022-R,Wheat,4.45
F01022,2022-R,Gram,1.144
F01023,2022-R,Gram,1.338
F01029,2022-R,Gram,1.652
F01030,2022-R,Gram,0.507
F01030,2022-R,Wheat,1.405
F01032,2022-R,Gram,1.27
F01032,2022-R,Wheat,3.342
F01035,2022-R,Gram,0.737
F01035,2022-R,Wheat,1.818
F01036,2022-R,Gram,1.261
F01037,2022-R,Gram,1.026
F01037,2022-R,Wheat,2.53
F01040,2022-R,Gram,2.174
F01042,2022-R,Gram,2.511
F01044,2022-R,Gram,2.73
F01044,2022-R,Wheat,7.37
F01048,2022-R,Gram,0.587
F01050,2022-R,Gram,3.53
F01051,2022-R,Gram,1.644
F01051,2022-R,Wheat,4.966
F01054,2022-R,Gram,3.575
F01054,2022-R,Wheat,10.175
F01055,2022-R,Gram,1.954
F01055,2022-R,Wheat,5.024
F01057,2022-R,Gram,1.917
F01058,2022-R,Gram,3.407
F01062,2022-R,Gram,3.036
F01062,2022-R,Wheat,8.147
F01063,2022-R,Gram,1.004
F01063,2022-R,Wheat,2.753
F01064,2022-R,Gram,3.58
F01066,2022-R,Gram,2.308
F01066,2022-R,Wheat,6.264
F01070,2022-R,Gram,1.485
F01070,2022-R,Wheat,4.056
F01071,2022-R,Gram,1.237
F01074,2022-R,Gram,0.719
F01075,2022-R,Gram,4.278
F01076,2022-R,Gram,1.625
F01076,2022-R,Wheat,4.043
F01079,2022-R,Gram,1.202
F01081,2022-R,Gram,1.979
F01081,2022-R,Wheat,5.262
F01082,2022-R,Gram,1.153
F01087,2022-R,Gram,3.041
F01088,2022-R,Gram,0.67
F01088,2022-R,Wheat,1.827
F01090,2022-R,Gram,1.247
F01091,2022-R,Gram,2.727
F01091,2022-R,Wheat,7.61
F01092,2022-R,Gram,1.597
F01093,2022-R,Gram,4.706
F01095,2022-R,Gram,0.853
F01095,2022-R,Wheat,2.353
F01098,2022-R,Gram,0.917
F01098,2022-R,Wheat,2.514
F01099,2022-R,Gram,2.259
F01099,2022-R,Wheat,6.132
F01102,2022-R,Gram,1.746
F01104,2022-R,Gram,3.194
F01105,2022-R,Gram,2.562
F01107,2022-R,Gram,1.891
F01109,2022-R,Gram,1.279
F01110,2022-R,Gram,1.865
F01110,2022-R,Wheat,5.588
F01111,2022-R,Gram,1.897
F01112,2022-R,Gram,2.709
F01112,2022-R,Wheat,7.335
F01114,2022-R,Gram,1.956
F01115,2022-R,Gram,2.288
F01115,2022-R,Wheat,6.06
F01116,2022-R,Gram,1.514
F01117,2022-R,Gram,1.596
F01120,2022-R,Gram,1.999
F01120,2022-R,Wheat,5.833
F01121,2022-R,Gram,0.743
F01122,2022-R,Gram,0.516
F01122,2022-R,Wheat,1.381
F01123,2022-R,Gram,1.445
F01131,2022-R,Gram,1.46
F01131,2022-R,Wheat,3.775
F01133,2022-R,Gram,0.763
F01133,2022-R,Wheat,2.352
F01135,2022-R,Gram,1.31
F01138,2022-R,Gram,1.403
F01139,2022-R,Gram,1.06
F01139,2022-R,Wheat,3.178
F01141,2022-R,Gram,1.8
F01141,2022-R,Wheat,5.533
F01142,2022-R,Gram,1.059
F01146,2022-R,Gram,1.089
F01147,2022-R,Gram,2.164
F01147,2022-R,Wheat,6.606
F01149,2022-R,Gram,1.351
F01149,2022-R,Wheat,3.583
F01151,2022-R,Gram,0.47
F01152,2022-R,Gram,2.785
F01153,2022-R,Gram,2.015
F01153,2022-R,Wheat,5.955
F01155,2022-R,Wheat,2.039
F01158,2022-R,Wheat,5.204
F01160,2022-R,Wheat,4.696
F01163,2022-R,Wheat,9.67
F01164,2022-R,Wheat,6.686
F01165,2022-R,Wheat,6.6
F01169,2022-R,Wheat,7.028
F01170,2022-R,Wheat,6.196
F01171,2022-R,Wheat,3.31
F01171,2022-R,Gram,1.121
F01176,2022-R,Wheat,2.572
F01179,2022-R,Wheat,6.818
F01179,2022-R,Gram,2.482
F01183,2022-R,Wheat,4.222
F01183,2022-R,Gram,1.671
F01191,2022-R,Wheat,3.593
F01193,2022-R,Wheat,10.322
F01193,2022-R,Gram,3.645
F01197,2022-R,Wheat,2.414
F01199,2022-R,Wheat,7.008
F01200,2022-R,Wheat,4.638
F01202,2022-R,Wheat,7.688
F01203,2022-R,Wheat,3.914
F01204,2022-R,Wheat,7.774
F01206,2022-R,Wheat,2.622
F01207,2022-R,Wheat,5.8
F01211,2022-R,Wheat,6.094
F01211,2022-R,Gram,2.189
F01213,2022-R,Wheat,9.209
F01213,2022-R,Gram,3.268
F01216,2022-R,Wheat,4.189
F01219,2022-R,Wheat,6.029
F01223,2022-R,Wheat,12.742
F01223,2022-R,Gram,5.112
F01224,2022-R,Wheat,2.929
F01225,2022-R,Wheat,4.458
F01226,2022-R,Wheat,2.875
F01227,2022-R,Wheat,9.217
F01227,2022-R,Gram,3.312
F01228,2022-R,Wheat,2.358
F01235,2022-R,Wheat,4.571
F01236,2022-R,Wheat,5.826
F01236,2022-R,Gram,1.964
F01238,2022-R,Wheat,1.872
F01246,2022-R,Wheat,7.978
F01246,2022-R,Gram,3.011
F01249,2022-R,Wheat,4.726
F01249,2022-R,Gram,1.625
F01251,2022-R,Wheat,3.925
F01263,2022-R,Wheat,4.507
F01263,2022-R,Gram,1.61
F01264,2022-R,Wheat,2.603
F01274,2022-R,Wheat,2.741
F01275,2022-R,Wheat,3.191
F01275,2022-R,Gram,1.186
F01276,2022-R,Wheat,3.425
F01276,2022-R,Gram,1.239
F01280,2022-R,Wheat,9.07
F01280,2022-R,Gram,3.371
F01282,2022-R,Wheat,9.561
F01283,2022-R,Wheat,2.389
F01283,2022-R,Gram,0.844
F01285,2022-R,Wheat,8.842
F01286,2022-R,Wheat,6.871
F01288,2022-R,Wheat,5.548
F01292,2022-R,Wheat,11.485
F01292,2022-R,Gram,4.166
F01293,2022-R,Wheat,5.625
F01296,2022-R,Wheat,6.078
F01296,2022-R,Gram,2.037
F01297,2022-R,Wheat,3.827
F01301,2022-R,Wheat,2.425
F01302,2022-R,Wheat,3.35
F01303,2022-R,Wheat,4.766
F01307,2022-R,Wheat,3.398
F01308,2022-R,Wheat,5.82
F01310,2022-R,Wheat,2.959
F01311,2022-R,Wheat,3.42
F01312,2022-R,Wheat,6.095
F01317,2022-R,Wheat,8.124
F01319,2022-R,Wheat,5.897
F01320,2022-R,Wheat,7.726
F01322,2022-R,Wheat,6.271
F01324,2022-R,Wheat,11.925
F01329,2022-R,Wheat,2.915
F01330,2022-R,Wheat,2.92
F01331,2022-R,Wheat,7.912
F01333,2022-R,Wheat,4.254
F01340,2022-R,Wheat,10.89
F01342,2022-R,Wheat,5.234
F01347,2022-R,Wheat,4.848
F01348,2022-R,Wheat,6.251
F01350,2022-R,Wheat,2.237
F01352,2022-R,Wheat,5.513
F01360,2022-R,Wheat,2.844
F01362,2022-R,Wheat,7.363
F01364,2022-R,Wheat,5.395
F01366,2022-R,Wheat,15.316
F01369,2022-R,Wheat,1.973
F01370,2022-R,Wheat,7.149
F01374,2022-R,Wheat,6.927
F01376,2022-R,Wheat,3.721
F01378,2022-R,Wheat,8.423
F01379,2022-R,Wheat,3.151
F01380,2022-R,Wheat,2.664
F01382,2022-R,Wheat,4.69
F01384,2022-R,Wheat,5.869
F01385,2022-R,Wheat,2.417
F01386,2022-R,Wheat,5.36
F01390,2022-R,Wheat,3.528
F01391,2022-R,Wheat,3.593
F01393,2022-R,Wheat,5.541
F01394,2022-R,Wheat,9.268
F01395,2022-R,Wheat,1.478
F01396,2022-R,Wheat,6.891
F01398,2022-R,Wheat,4.752
F01400,2022-R,Wheat,9.811
F01401,2022-R,Wheat,3.95
F01404,2022-R,Wheat,4.699
F01408,2022-R,Wheat,6.361
F01409,2022-R,Wheat,10.132
F01412,2022-R,Wheat,7.822
F01414,2022-R,Wheat,6.48
F01417,2022-R,Wheat,6.006
F01419,2022-R,Wheat,4.346
F01420,2022-R,Wheat,8.168
F01425,2022-R,Wheat,3.289
F01428,2022-R,Wheat,3.55
F01430,2022-R,Wheat,5.921
F01431,2022-R,Wheat,4.935
F01432,2022-R,Wheat,3.388
F01433,2022-R,Wheat,3.397
F01441,2022-R,Wheat,5.164
F01448,2022-R,Wheat,7.854
F01450,2022-R,Wheat,5.366
F01453,2022-R,Wheat,11.169
F01457,2022-R,Wheat,3.475
F01464,2022-R,Mustard,1.072
F01465,2022-R,Mustard,1.392
F01467,2022-R,Mustard,1.525
F01470,2022-R,Mustard,1.821
F01476,2022-R,Mustard,6.261
F01481,2022-R,Mustard,1.995
F01489,2022-R,Mustard,3.672
F01490,2022-R,Mustard,8.046
F01490,2022-R,Wheat,18.859
F01492,2022-R,Mustard,3.92
F01495,2022-R,Mustard,1.541
F01498,2022-R,Mustard,1.598
F01499,2022-R,Mustard,1.207
F01501,2022-R,Mustard,1.184
F01502,2022-R,Mustard,2.2
F01505,2022-R,Mustard,1.636
F01510,2022-R,Mustard,1.342
F01510,2022-R,Wheat,2.85
F01511,2022-R,Mustard,2.153
F01513,2022-R,Mustard,5.223
F01513,2022-R,Wheat,12.415
F01514,2022-R,Mustard,1.534
F01518,2022-R,Mustard,1.191
F01526,2022-R,Mustard,2.35
F01526,2022-R,Wheat,6.181
F01527,2022-R,Mustard,1.489
F01528,2022-R,Mustard,0.958
F01530,2022-R,Mustard,2.444
F01535,2022-R,Mustard,3.029
F01538,2022-R,Mustard,2.642
F01538,2022-R,Wheat,5.77
F01542,2022-R,Mustard,2.49
F01543,2022-R,Mustard,2.966
F01544,2022-R,Mustard,1.445
F01545,2022-R,Mustard,1.996
F01545,2022-R,Wheat,4.137
F01546,2022-R,Mustard,1.686
F01547,2022-R,Mustard,2.181
F01548,2022-R,Mustard,0.893
F01548,2022-R,Wheat,2.3
F01550,2022-R,Mustard,3.659
F01553,2022-R,Mustard,0.971
F01556,2022-R,Mustard,2.656
F01556,2022-R,Wheat,6.241
F01558,2022-R,Mustard,2.73
F01558,2022-R,Wheat,6.951
F01560,2022-R,Mustard,1.369
F01561,2022-R,Mustard,1.795
F01561,2022-R,Wheat,4.065
F01563,2022-R,Mustard,1.889
F01564,2022-R,Mustard,1.571
F01568,2022-R,Mustard,3.114
F01569,2022-R,Mustard,2.338
F01575,2022-R,Mustard,2.74
F01576,2022-R,Mustard,1.309
F01577,2022-R,Mustard,1.065
F01580,2022-R,Mustard,1.287
F01581,2022-R,Mustard,1.275
F01581,2022-R,Wheat,3.224
F01582,2022-R,Mustard,1.697
F01586,2022-R,Mustard,3.119
F01587,2022-R,Mustard,1.428
F01587,2022-R,Wheat,3.502
F01589,2022-R,Mustard,3.504
F01590,2022-R,Mustard,0.768
F01591,2022-R,Mustard,2.104
F01593,2022-R,Mustard,2.452
F01595,2022-R,Mustard,1.383
F01599,2022-R,Mustard,4.875
F01599,2022-R,Wheat,12.107
F01603,2022-R,Mustard,7.649
F01604,2022-R,Mustard,1.206
F01606,2022-R,Mustard,1.132
F01606,2022-R,Wheat,2.907
F01607,2022-R,Mustard,2.456
F01607,2022-R,Wheat,6.195
F01610,2022-R,Mustard,1.802
F01612,2022-R,Mustard,1.662
F01620,2022-R,Wheat,8.66
F01630,2022-R,Wheat,3.718
F01633,2022-R,Wheat,6.714
F01636,2022-R,Wheat,4.562
F01637,2022-R,Wheat,13.054
F01638,2022-R,Wheat,1.447
F01640,2022-R,Wheat,10.773
F01642,2022-R,Wheat,2.86
F01643,2022-R,Wheat,4.233
F01644,2022-R,Wheat,8.878
F01645,2022-R,Wheat,15.278
F01649,2022-R,Wheat,7.055
F01650,2022-R,Wheat,4.281
F01653,2022-R,Wheat,3.093
F01654,2022-R,Wheat,16.166
F01658,2022-R,Wheat,10.015
F01660,2022-R,Wheat,2.599
F01662,2022-R,Wheat,3.365
F01666,2022-R,Wheat,3.809
F01670,2022-R,Wheat,6.598
F01671,2022-R,Wheat,2.574
F01675,2022-R,Wheat,2.685
F01680,2022-R,Wheat,4.545
F01687,2022-R,Wheat,4.841
F01692,2022-R,Wheat,4.09
F01693,2022-R,Wheat,3.288
F01694,2022-R,Wheat,4.413
F01696,2022-R,Wheat,3.803
F01702,2022-R,Wheat,5.742
F01703,2022-R,Wheat,4.369
F01706,2022-R,Wheat,4.695
F01707,2022-R,Wheat,1.767
F01709,2022-R,Wheat,8.776
F01714,2022-R,Wheat,4.802
F01718,2022-R,Wheat,6.043
F01719,2022-R,Wheat,3.266
F01720,2022-R,Wheat,9.27
F01722,2022-R,Wheat,5.388
F01724,2022-R,Wheat,20.744
F01725,2022-R,Wheat,2.867
F01729,2022-R,Wheat,8.393
F01730,2022-R,Wheat,4.911
F01732,2022-R,Wheat,6.366
F01740,2022-R,Wheat,3.787
F01741,2022-R,Wheat,3.198
F01743,2022-R,Wheat,8.641
F01747,2022-R,Wheat,5.434
F01750,2022-R,Wheat,7.19
F01753,2022-R,Wheat,6.312
F01755,2022-R,Wheat,11.213
F01757,2022-R,Wheat,3.104
F01760,2022-R,Wheat,2.612
F01764,2022-R,Wheat,5.862
F01765,2022-R,Wheat,8.266
F01770,2022-R,Wheat,3.513
F01772,2022-R,Wheat,6.212
F01774,2022-R,Wheat,5.83
F01779,2022-R,Wheat,5.763
F01780,2022-R,Wheat,7.243
F01781,2022-R,Wheat,5.87
F01782,2022-R,Wheat,18.808
F01783,2022-R,Wheat,2.777
F01783,2022-R,Gram,0.97
F01784,2022-R,Wheat,3.874
F01784,2022-R,Gram,1.334
F01786,2022-R,Wheat,6.877
F01787,2022-R,Wheat,5.952
F01788,2022-R,Wheat,16.33
F01791,2022-R,Wheat,4.731
F01794,2022-R,Wheat,3.057
F01798,2022-R,Wheat,18.44
F01800,2022-R,Wheat,5.06
F01801,2022-R,Wheat,6.495
F01803,2022-R,Wheat,12.502
F01805,2022-R,Wheat,4.305
F01806,2022-R,Wheat,4.093
F01808,2022-R,Wheat,7.294
F01808,2022-R,Gram,2.573
F01809,2022-R,Wheat,8.796
F01815,2022-R,Wheat,2.552
F01815,2022-R,Gram,1.03
F01817,2022-R,Wheat,1.969
F01817,2022-R,Gram,0.781
F01818,2022-R,Wheat,6.151
F01818,2022-R,Gram,2.395
F01823,2022-R,Wheat,1.623
F01823,2022-R,Gram,0.59
F01825,2022-R,Wheat,10.153
F01829,2022-R,Wheat,8.716
F01831,2022-R,Wheat,7.816
F01833,2022-R,Wheat,3.769
F01833,2022-R,Gram,1.515
F01837,2022-R,Wheat,4.088
F01838,2022-R,Wheat,9.988
F01839,2022-R,Wheat,4.168
F01841,2022-R,Wheat,3.391
F01842,2022-R,Wheat,4.052
F01843,2022-R,Wheat,3.516
F01844,2022-R,Wheat,3.394
F01846,2022-R,Wheat,4.72
F01848,2022-R,Wheat,6.744
F01849,2022-R,Wheat,4.71
F01849,2022-R,Gram,1.851
F01851,2022-R,Wheat,10.14
F01851,2022-R,Gram,3.535
F01852,2022-R,Wheat,22.341
F01852,2022-R,Gram,7.097
F01858,2022-R,Wheat,3.623
F01859,2022-R,Wheat,4.804
F01859,2022-R,Gram,1.882
F01861,2022-R,Wheat,5.591
F01863,2022-R,Wheat,6.037
F01865,2022-R,Wheat,8.237
F01866,2022-R,Wheat,3.56
F01866,2022-R,Gram,1.244
F01867,2022-R,Wheat,2.675
F01872,2022-R,Wheat,3.81
F01872,2022-R,Gram,1.482
F01873,2022-R,Wheat,3.303
F01875,2022-R,Wheat,6.871
F01876,2022-R,Wheat,5.234
F01878,2022-R,Wheat,3.636
F01880,2022-R,Wheat,10.183
F01881,2022-R,Wheat,4.313
F01882,2022-R,Wheat,4.831
F01885,2022-R,Wheat,13.502
F01886,2022-R,Wheat,13.54
F01889,2022-R,Wheat,9.193
F01890,2022-R,Wheat,6.341
F01891,2022-R,Wheat,5.956
F01893,2022-R,Wheat,3.437
F01893,2022-R,Gram,1.375
F01899,2022-R,Wheat,14.94
F01899,2022-R,Gram,5.22
F01901,2022-R,Wheat,3.789
F01903,2022-R,Wheat,3.864
F01903,2022-R,Gram,1.445
F01904,2022-R,Wheat,2.035
F01905,2022-R,Wheat,4.976
F01907,2022-R,Wheat,6.054
F01907,2022-R,Gram,2.308
F01909,2022-R,Wheat,19.564
F01913,2022-R,Mustard,1.637
F01914,2022-R,Mustard,1.231
F01914,2022-R,Wheat,3.017
F01915,2022-R,Mustard,2.395
F01915,2022-R,Wheat,6.265
F01916,2022-R,Mustard,4.058
F01917,2022-R,Mustard,0.698
F01918,2022-R,Mustard,1.061
F01920,2022-R,Mustard,1.414
F01921,2022-R,Mustard,1.952
F01921,2022-R,Wheat,4.332
F01922,2022-R,Mustard,2.513
F01922,2022-R,Wheat,6.588
F01924,2022-R,Mustard,2.589
F01925,2022-R,Mustard,3.223
F01926,2022-R,Mustard,2.452
F01927,2022-R,Mustard,1.352
F01927,2022-R,Wheat,3.692
F01929,2022-R,Mustard,1.348
F01931,2022-R,Mustard,1.474
F01931,2022-R,Wheat,3.775
F01933,2022-R,Mustard,1.275
F01933,2022-R,Wheat,3.155
F01934,2022-R,Mustard,2.111
F01934,2022-R,Wheat,4.805
F01937,2022-R,Mustard,2.084
F01939,2022-R,Mustard,2.795
F01940,2022-R,Mustard,1.391
F01948,2022-R,Mustard,2.151
F01948,2022-R,Wheat,4.804
F01949,2022-R,Mustard,1.789
F01951,2022-R,Mustard,3.346
F01952,2022-R,Mustard,2.035
F01958,2022-R,Mustard,1.008
F01959,2022-R,Mustard,1.406
F01964,2022-R,Mustard,1.106
F01966,2022-R,Mustard,5.042
F01966,2022-R,Wheat,10.939
F01969,2022-R,Mustard,1.646
F01970,2022-R,Mustard,1.45
F01970,2022-R,Wheat,3.35
F01973,2022-R,Mustard,2.53
F01974,2022-R,Mustard,1.351
F01976,2022-R,Mustard,2.041
F01978,2022-R,Mustard,3.227
F01978,2022-R,Wheat,8.759
F01979,2022-R,Mustard,1.216
F01982,2022-R,Mustard,2.268
F01983,2022-R,Mustard,2.463
F01986,2022-R,Mustard,2.295
F01989,2022-R,Mustard,1.386
F01989,2022-R,Wheat,3.368
F01990,2022-R,Mustard,3.862
F01991,2022-R,Mustard,1.772
F01994,2022-R,Mustard,2.413
F01998,2022-R,Mustard,3.856
F02002,2022-R,Mustard,1.188
F02002,2022-R,Wheat,2.525
F02008,2022-R,Mustard,1.146
F02012,2022-R,Mustard,2.173
F02013,2022-R,Mustard,1.647
F02019,2022-R,Mustard,3.974
F02020,2022-R,Mustard,4.815
F02021,2022-R,Mustard,2.483
F02022,2022-R,Mustard,3.166
F02026,2022-R,Mustard,1.781
F02028,2022-R,Mustard,5.253
F02031,2022-R,Mustard,1.945
F02031,2022-R,Wheat,4.503
F02035,2022-R,Mustard,2.964
F02036,2022-R,Mustard,3.07
F02036,2022-R,Wheat,7.135
F02038,2022-R,Mustard,3.691
F02038,2022-R,Wheat,8.533
F02041,2022-R,Mustard,1.002
F02042,2022-R,Mustard,1.142
F02042,2022-R,Wheat,3.08
F02043,2022-R,Mustard,1.4
F02043,2022-R,Wheat,3.214
F02044,2022-R,Mustard,3.661
F02046,2022-R,Mustard,2.3
F02049,2022-R,Mustard,2.202
F02052,2022-R,Mustard,2.398
F02052,2022-R,Wheat,5.425
F02053,2022-R,Mustard,1.076
F02055,2022-R,Mustard,1.911
F02057,2022-R,Mustard,1.688
F02057,2022-R,Wheat,3.96
F02058,2022-R,Mustard,0.87
F02060,2022-R,Mustard,5.423
F02060,2022-R,Wheat,14.446
F02061,2022-R,Mustard,2.429
F02064,2022-R,Mustard,3.863
F02065,2022-R,Mustard,4.965
F02066,2022-R,Mustard,1.169
F02067,2022-R,Mustard,1.511
F02067,2022-R,Gram,1.288
F02068,2022-R,Mustard,1.568
F02069,2022-R,Mustard,4.868
F02069,2022-R,Gram,5.163
F02070,2022-R,Mustard,2.739
F02072,2022-R,Mustard,8.177
F02073,2022-R,Mustard,1.789
F02073,2022-R,Gram,1.553
F02076,2022-R,Mustard,2.377
F02079,2022-R,Mustard,1.376
F02080,2022-R,Mustard,1.086
F02081,2022-R,Mustard,1.065
F02082,2022-R,Mustard,2.29
F02083,2022-R,Mustard,2.075
F02085,2022-R,Mustard,4.984
F02086,2022-R,Mustard,0.727
F02088,2022-R,Mustard,2.164
F02090,2022-R,Mustard,1.635
F02091,2022-R,Mustard,2.602
F02091,2022-R,Gram,2.229
F02092,2022-R,Mustard,1.595
F02093,2022-R,Mustard,1.226
F02093,2022-R,Gram,0.937
F02095,2022-R,Mustard,5.648
F02096,2022-R,Mustard,0.617
F02097,2022-R,Mustard,3.065
F02104,2022-R,Mustard,0.63
F02105,2022-R,Mustard,1.395
F02106,2022-R,Mustard,2.227
F02107,2022-R,Mustard,2.058
F02107,2022-R,Gram,1.697
F02108,2022-R,Mustard,3.366
F02121,2022-R,Mustard,2.405
F02123,2022-R,Mustard,1.665
F02128,2022-R,Mustard,3.588
F02129,2022-R,Mustard,3.011
F02129,2022-R,Gram,2.526
F02133,2022-R,Mustard,1.681
F02133,2022-R,Gram,1.455
F02134,2022-R,Mustard,1.904
F02137,2022-R,Mustard,2.373
F02138,2022-R,Mustard,1.236
F02138,2022-R,Gram,1.029
F02139,2022-R,Mustard,4.628
F02141,2022-R,Mustard,2.021
F02141,2022-R,Gram,1.728
F02144,2022-R,Mustard,1.794
F02145,2022-R,Mustard,3.957
F02146,2022-R,Mustard,1.234
F02147,2022-R,Mustard,2.679
F02147,2022-R,Gram,2.306
F02149,2022-R,Mustard,2.665
F02149,2022-R,Gram,2.102
F02151,2022-R,Mustard,1.714
F02154,2022-R,Mustard,2.802
F02156,2022-R,Mustard,2.107
F02157,2022-R,Mustard,3.437
F02158,2022-R,Mustard,3.56
F02161,2022-R,Mustard,5.972
F02162,2022-R,Mustard,0.964
F02162,2022-R,Gram,0.839
F02163,2022-R,Mustard,2.054
F02168,2022-R,Mustard,7.207
F02168,2022-R,Gram,6.53
F02174,2022-R,Mustard,1.188
F02178,2022-R,Mustard,3.262
F02179,2022-R,Mustard,1.933
F02180,2022-R,Mustard,1.33
F02180,2022-R,Gram,1.187
F02181,2022-R,Mustard,2.856
F02184,2022-R,Mustard,4.09
F02185,2022-R,Mustard,2.223
F02186,2022-R,Mustard,1.076
F02189,2022-R,Mustard,2.574
F02189,2022-R,Gram,2.29
F02191,2022-R,Mustard,2.435
F02195,2022-R,Mustard,1.65
F02195,2022-R,Gram,1.396
F02196,2022-R,Mustard,3.83
F02200,2022-R,Mustard,5.393
F02200,2022-R,Gram,4.311
F02201,2022-R,Mustard,2.35
F02202,2022-R,Mustard,4.439
F02207,2022-R,Mustard,2.0
F02208,2022-R,Mustard,0.999
F02208,2022-R,Gram,1.003
F02209,2022-R,Mustard,3.726
F02210,2022-R,Mustard,1.779
F02211,2022-R,Mustard,1.081
F02217,2022-R,Mustard,3.727
F02220,2022-R,Wheat,8.311
F02222,2022-R,Mustard,2.017
F02225,2022-R,Gram,2.989
F02226,2022-R,Wheat,3.734
F02227,2022-R,Mustard,1.531
F02228,2022-R,Wheat,7.904
F02231,2022-R,Mustard,2.183
F02233,2022-R,Gram,1.534
F02234,2022-R,Wheat,1.665
F02237,2022-R,Wheat,14.025
F02239,2022-R,Wheat,8.363
F02241,2022-R,Wheat,12.156
F02242,2022-R,Wheat,10.207
F02243,2022-R,Mustard,2.889
F02244,2022-R,Wheat,8.849
F02245,2022-R,Mustard,6.128
F02248,2022-R,Wheat,5.271
F02249,2022-R,Mustard,3.266
F02250,2022-R,Mustard,2.931
F02251,2022-R,Mustard,2.055
F02252,2022-R,Wheat,5.89
F02261,2022-R,Wheat,8.574
F02262,2022-R,Wheat,5.293
F02263,2022-R,Gram,1.696
F02266,2022-R,Wheat,8.75
F02267,2022-R,Mustard,1.274
F02270,2022-R,Gram,3.242
F02272,2022-R,Mustard,3.661
F02273,2022-R,Mustard,1.458
F02274,2022-R,Wheat,1.705
F02275,2022-R,Mustard,1.366
F02279,2022-R,Gram,1.807
F02280,2022-R,Wheat,3.46
F02281,2022-R,Mustard,3.311
F02282,2022-R,Wheat,2.037
F02285,2022-R,Wheat,2.804
F02287,2022-R,Wheat,4.122
F02289,2022-R,Wheat,3.434
F02291,2022-R,Gram,3.538
F02292,2022-R,Wheat,10.365
F02293,2022-R,Mustard,2.289
F02294,2022-R,Wheat,8.953
F02296,2022-R,Gram,1.676
F02298,2022-R,Mustard,3.7
F02299,2022-R,Wheat,4.581
F02300,2022-R,Mustard,0.622
F02301,2022-R,Mustard,1.468
F02302,2022-R,Mustard,1.919
F02303,2022-R,Wheat,3.697
F02304,2022-R,Wheat,9.667
F02305,2022-R,Wheat,6.495
F02306,2022-R,Wheat,2.34
F02307,2022-R,Mustard,2.417
F02308,2022-R,Mustard,2.017
F02309,2022-R,Wheat,4.304
F02310,2022-R,Wheat,5.941
F02313,2022-R,Wheat,6.684
F02316,2022-R,Mustard,1.719
F02317,2022-R,Wheat,9.329
F02318,2022-R,Mustard,1.824
F02319,2022-R,Wheat,6.657
F02322,2022-R,Wheat,8.97
F02323,2022-R,Wheat,1.712
F02325,2022-R,Wheat,6.604
F02328,2022-R,Wheat,17.63
F02332,2022-R,Mustard,1.282
F02333,2022-R,Wheat,2.128
F02334,2022-R,Mustard,2.927
F02336,2022-R,Wheat,3.761
F02338,2022-R,Wheat,6.864
F02339,2022-R,Mustard,2.643
F02340,2022-R,Wheat,11.433
F02341,2022-R,Mustard,0.936
F02342,2022-R,Mustard,1.337
F02345,2022-R,Wheat,2.323
F02346,2022-R,Mustard,1.033
F02347,2022-R,Gram,1.235
F02348,2022-R,Mustard,2.767
F02349,2022-R,Wheat,15.25
F02352,2022-R,Mustard,1.97
F02354,2022-R,Wheat,5.422
F02356,2022-R,Mustard,2.868
F02358,2022-R,Wheat,5.615
F02359,2022-R,Wheat,6.004
F02360,2022-R,Mustard,2.908
F02363,2022-R,Wheat,11.046
F02365,2022-R,Mustard,1.099
F02366,2022-R,Wheat,14.555
F02367,2022-R,Gram,1.339
F02368,2022-R,Gram,2.879
F02369,2022-R,Mustard,2.121
F02371,2022-R,Wheat,4.422
F02372,2022-R,Gram,3.157
F02373,2022-R,Mustard,7.336
F02374,2022-R,Wheat,4.703
F02375,2022-R,Wheat,2.589
F02376,2022-R,Wheat,5.939
F02377,2022-R,Wheat,4.127
F02378,2022-R,Mustard,1.814
F02379,2022-R,Wheat,5.53
F02380,2022-R,Mustard,1.212
F02381,2022-R,Wheat,3.037
F02382,2022-R,Gram,2.159
F02383,2022-R,Mustard,1.22
F02384,2022-R,Mustard,1.021
F02385,2022-R,Mustard,3.011
F02386,2022-R,Mustard,2.193
F02387,2022-R,Wheat,3.141
F02388,2022-R,Wheat,5.073
F02389,2022-R,Wheat,2.212
F02390,2022-R,Wheat,1.855
F02391,2022-R,Wheat,7.463
F02392,2022-R,Wheat,6.464
F02393,2022-R,Gram,2.362
F02394,2022-R,Mustard,3.365
F02395,2022-R,Wheat,8.575
F02396,2022-R,Wheat,1.889
F02397,2022-R,Gram,0.83
F02398,2022-R,Mustard,0.9
F02399,2022-R,Wheat,7.92
F02400,2022-R,Mustard,2.417
F02401,2022-R,Mustard,1.293
F02402,2022-R,Wheat,6.478
F02403,2022-R,Mustard,2.486
F02404,2022-R,Gram,0.908
F02405,2022-R,Wheat,5.876
F02406,2022-R,Mustard,6.498
F02407,2022-R,Gram,2.184
F02408,2022-R,Wheat,6.842
F02409,2022-R,Wheat,9.003
F02410,2022-R,Mustard,1.225
F02411,2022-R,Wheat,17.711
F02412,2022-R,Mustard,4.239
F02413,2022-R,Wheat,4.977
F02414,2022-R,Gram,1.422
F02415,2022-R,Wheat,6.816
F02416,2022-R,Mustard,1.76
F02417,2022-R,Gram,2.097
F02418,2022-R,Wheat,3.069
F02419,2022-R,Mustard,1.439
F02420,2022-R,Wheat,9.078
F02421,2022-R,Wheat,3.617
F02422,2022-R,Mustard,1.553
F02423,2022-R,Mustard,1.714
F02424,2022-R,Mustard,2.666
F02425,2022-R,Wheat,3.462
F02426,2022-R,Wheat,7.697
F02427,2022-R,Gram,1.49
F02428,2022-R,Mustard,3.073
F02429,2022-R,Mustard,3.41
F02430,2022-R,Mustard,1.638
F02431,2022-R,Mustard,3.151
F02432,2022-R,Mustard,1.287
F02433,2022-R,Wheat,5.269
F02434,2022-R,Wheat,8.674
F02435,2022-R,Wheat,4.625
F02436,2022-R,Mustard,1.741
F02437,2022-R,Mustard,1.044
F02438,2022-R,Gram,3.12
F02439,2022-R,Wheat,14.642
F02440,2022-R,Mustard,2.142
F02441,2022-R,Mustard,1.695
F02442,2022-R,Mustard,3.794
F02443,2022-R,Wheat,7.795
F02444,2022-R,Wheat,2.593
F02445,2022-R,Mustard,4.345
F02446,2022-R,Wheat,7.852
F02447,2022-R,Mustard,1.17
F02448,2022-R,Wheat,8.353
F02449,2022-R,Mustard,3.057
F02450,2022-R,Mustard,1.892
F02451,2022-R,Wheat,9.605
F02452,2022-R,Wheat,5.73
F02453,2022-R,Mustard,1.672
F02454,2022-R,Gram,0.687
F02455,2022-R,Wheat,2.619
F02456,2022-R,Mustard,0.864
F02457,2022-R,Mustard,3.059
F02458,2022-R,Mustard,2.155
F02459,2022-R,Wheat,2.568
F02460,2022-R,Mustard,1.037
F02461,2022-R,Gram,3.044
F02462,2022-R,Wheat,7.738
F02463,2022-R,Wheat,5.371
F02464,2022-R,Mustard,1.268
F02465,2022-R,Mustard,2.58
F02466,2022-R,Wheat,5.752
F02467,2022-R,Wheat,13.236
F02468,2022-R,Wheat,3.817
F02469,2022-R,Wheat,4.167
F02470,2022-R,Gram,1.496
F02471,2022-R,Mustard,1.834
F02472,2022-R,Mustard,2.719
F02473,2022-R,Wheat,3.501
F02474,2022-R,Mustard,2.058
F02475,2022-R,Wheat,2.59
F02476,2022-R,Wheat,13.878
F02477,2022-R,Mustard,2.638
F02478,2022-R,Mustard,4.917
F02479,2022-R,Gram,2.162
F02480,2022-R,Mustard,6.023
F02481,2022-R,Wheat,6.721
F02482,2022-R,Gram,3.774
F02483,2022-R,Mustard,2.175
F02484,2022-R,Mustard,2.054
F02486,2022-R,Gram,5.515
F02487,2022-R,Wheat,8.733
F02488,2022-R,Wheat,7.89
F02489,2022-R,Gram,2.821
F02490,2022-R,Wheat,10.149
F02491,2022-R,Wheat,3.614
F02492,2022-R,Wheat,6.648
F02493,2022-R,Gram,4.181
F02494,2022-R,Mustard,2.632
F02495,2022-R,Wheat,3.952
F02496,2022-R,Wheat,7.827
F02497,2022-R,Gram,0.928
F02498,2022-R,Wheat,3.996
F02499,2022-R,Wheat,3.75
F02500,2022-R,Gram,3.811
F02501,2022-R,Wheat,5.01
F02502,2022-R,Wheat,2.624
F02503,2022-R,Wheat,7.437
F02504,2022-R,Wheat,5.227
F02505,2022-R,Mustard,1.551
F02506,2022-R,Mustard,1.557
F02507,2022-R,Wheat,6.11
F02508,2022-R,Gram,1.68
F02509,2022-R,Gram,1.938
F02510,2022-R,Mustard,1.655
F02511,2022-R,Wheat,7.371
F02512,2022-R,Gram,1.347
F02513,2022-R,Mustard,8.919
F02514,2022-R,Gram,2.657
F02515,2022-R,Mustard,2.506
F02516,2022-R,Wheat,4.327
F02517,2022-R,Wheat,6.865
F02518,2022-R,Mustard,2.561
F02519,2022-R,Mustard,1.865
F02520,2022-R,Mustard,1.184
F02521,2022-R,Mustard,1.653
F02522,2022-R,Wheat,7.467
F02523,2022-R,Mustard,2.712
F02524,2022-R,Wheat,5.197
F02525,2022-R,Wheat,6.193
F02526,2022-R,Wheat,4.438
F02527,2022-R,Wheat,3.689
F02528,2022-R,Mustard,2.861
F02529,2022-R,Wheat,2.097
F02530,2022-R,Wheat,6.714
F02531,2022-R,Wheat,7.307
F01003,2023-K,Cotton,1.165
F01003,2023-K,Soybean,1.29
F01004,2023-K,Cotton,1.057
F01005,2023-K,Cotton,3.719
F01008,2023-K,Cotton,0.954
F01008,2023-K,Soybean,1.296
F01009,2023-K,Cotton,1.043
F01011,2023-K,Cotton,3.082
F01013,2023-K,Cotton,2.001
F01015,2023-K,Cotton,2.707
F01017,2023-K,Cotton,2.528
F01017,2023-K,Soybean,3.176
F01020,2023-K,Cotton,0.506
F01021,2023-K,Cotton,1.512
F01021,2023-K,Soybean,2.146
F01023,2023-K,Cotton,1.314
F01029,2023-K,Cotton,1.663
F01030,2023-K,Cotton,0.488
F01030,2023-K,Soybean,0.586
F01032,2023-K,Cotton,1.269
F01035,2023-K,Cotton,0.697
F01035,2023-K,Soybean,0.962
F01036,2023-K,Cotton,1.305
F01036,2023-K,Soybean,1.613
F01037,2023-K,Cotton,0.996
F01037,2023-K,Soybean,1.286
F01040,2023-K,Cotton,2.376
F01042,2023-K,Cotton,2.308
F01044,2023-K,Cotton,2.954
F01044,2023-K,Soybean,3.597
F01048,2023-K,Cotton,0.675
F01048,2023-K,Soybean,0.892
F01050,2023-K,Cotton,3.587
F01051,2023-K,Cotton,1.689
F01054,2023-K,Cotton,3.854
F01055,2023-K,Cotton,1.86
F01057,2023-K,Cotton,1.983
F01057,2023-K,Soybean,2.484
F01058,2023-K,Cotton,3.745
F01062,2023-K,Cotton,2.632
F01063,2023-K,Cotton,1.055
F01064,2023-K,Cotton,3.465
F01066,2023-K,Cotton,2.328
F01070,2023-K,Cotton,1.466
F01071,2023-K,Cotton,1.304
F01071,2023-K,Soybean,1.621
F01074,2023-K,Cotton,0.785
F01075,2023-K,Cotton,4.55
F01076,2023-K,Cotton,1.602
F01079,2023-K,Cotton,1.225
F01079,2023-K,Soybean,1.548
F01081,2023-K,Cotton,1.975
F01082,2023-K,Cotton,1.139
F01087,2023-K,Cotton,3.369
F01088,2023-K,Cotton,0.736
F01090,2023-K,Cotton,1.14
F01090,2023-K,Soybean,1.438
F01091,2023-K,Cotton,2.795
F01092,2023-K,Cotton,1.65
F01092,2023-K,Soybean,2.333
F01093,2023-K,Cotton,4.758
F01095,2023-K,Cotton,0.87
F01095,2023-K,Soybean,1.166
F01098,2023-K,Cotton,0.996
F01098,2023-K,Soybean,1.282
F01099,2023-K,Cotton,2.342
F01099,2023-K,Soybean,2.995
F01102,2023-K,Cotton,1.681
F01102,2023-K,Soybean,2.218
F01104,2023-K,Cotton,3.331
F01104,2023-K,Soybean,4.278
F01105,2023-K,Cotton,2.734
F01105,2023-K,Soybean,3.419
F01107,2023-K,Cotton,2.095
F01107,2023-K,Soybean,2.619
F01109,2023-K,Cotton,1.446
F01110,2023-K,Cotton,1.885
F01111,2023-K,Cotton,1.761
F01112,2023-K,Cotton,2.904
F01114,2023-K,Cotton,2.182
F01115,2023-K,Cotton,2.31
F01115,2023-K,Soybean,2.465
F01116,2023-K,Cotton,1.379
F01117,2023-K,Cotton,1.707
F01120,2023-K,Cotton,2.349
F01120,2023-K,Soybean,2.338
F01121,2023-K,Cotton,0.745
F01121,2023-K,Soybean,0.939
F01122,2023-K,Cotton,0.575
F01122,2023-K,Soybean,0.652
F01123,2023-K,Cotton,1.468
F01131,2023-K,Cotton,1.407
F01131,2023-K,Soybean,1.684
F01133,2023-K,Cotton,0.87
F01133,2023-K,Soybean,1.107
F01135,2023-K,Cotton,1.248
F01138,2023-K,Cotton,1.497
F01139,2023-K,Cotton,1.071
F01141,2023-K,Cotton,1.827
F01142,2023-K,Cotton,1.058
F01142,2023-K,Soybean,1.312
F01146,2023-K,Cotton,1.038
F01147,2023-K,Cotton,2.427
F01147,2023-K,Soybean,3.379
F01149,2023-K,Cotton,1.562
F01151,2023-K,Cotton,0.477
F01151,2023-K,Soybean,0.682
F01152,2023-K,Cotton,3.055
F01153,2023-K,Cotton,1.963
F01155,2023-K,Soybean,0.987
F01158,2023-K,Soybean,2.408
F01160,2023-K,Soybean,2.202
F01160,2023-K,Cotton,1.684
F01163,2023-K,Soybean,4.732
F01164,2023-K,Soybean,3.269
F01165,2023-K,Soybean,3.139
F01169,2023-K,Soybean,3.106
F01170,2023-K,Soybean,2.55
F01170,2023-K,Cotton,1.911
F01171,2023-K,Soybean,1.54
F01176,2023-K,Soybean,1.161
F01176,2023-K,Cotton,0.911
F01179,2023-K,Soybean,3.576
F01179,2023-K,Cotton,2.473
F01191,2023-K,Soybean,1.819
F01193,2023-K,Soybean,4.846
F01197,2023-K,Soybean,1.247
F01199,2023-K,Soybean,3.656
F01199,2023-K,Cotton,2.897
F01200,2023-K,Soybean,2.155
F01200,2023-K,Cotton,1.71
F01202,2023-K,Soybean,3.665
F01203,2023-K,Soybean,1.802
F01203,2023-K,Cotton,1.345
F01207,2023-K,Soybean,2.65
F01211,2023-K,Soybean,2.871
F01211,2023-K,Cotton,2.192
F01216,2023-K,Soybean,1.782
F01219,2023-K,Soybean,2.754
F01223,2023-K,Soybean,6.332
F01225,2023-K,Soybean,2.28
F01226,2023-K,Soybean,1.48
F01227,2023-K,Soybean,4.09
F01227,2023-K,Cotton,2.818
F01228,2023-K,Soybean,1.155
F01235,2023-K,Soybean,2.153
F01235,2023-K,Cotton,1.698
F01236,2023-K,Soybean,2.565
F01238,2023-K,Soybean,0.891
F01238,2023-K,Cotton,0.734
F01246,2023-K,Soybean,3.61
F01249,2023-K,Soybean,2.027
F01263,2023-K,Soybean,2.156
F01264,2023-K,Soybean,1.298
F01274,2023-K,Soybean,1.372
F01274,2023-K,Cotton,1.001
F01275,2023-K,Soybean,1.369
F01275,2023-K,Cotton,1.141
F01276,2023-K,Soybean,1.56
F01280,2023-K,Soybean,4.504
F01283,2023-K,Soybean,1.087
F01285,2023-K,Soybean,4.488
F01288,2023-K,Soybean,2.92
F01292,2023-K,Soybean,6.043
F01293,2023-K,Soybean,2.715
F01296,2023-K,Soybean,3.122
F01297,2023-K,Soybean,1.551
F01301,2023-K,Paddy,3.111
F01302,2023-K,Paddy,4.116
F01307,2023-K,Paddy,4.124
F01308,2023-K,Paddy,6.806
F01311,2023-K,Paddy,3.9
F01312,2023-K,Paddy,6.581
F01317,2023-K,Paddy,9.469
F01319,2023-K,Paddy,7.226
F01320,2023-K,Paddy,8.031
F01322,2023-K,Paddy,6.887
F01324,2023-K,Paddy,13.759
F01329,2023-K,Paddy,3.735
F01331,2023-K,Paddy,8.702
F01340,2023-K,Paddy,10.761
F01342,2023-K,Paddy,5.619
F01347,2023-K,Paddy,5.764
F01348,2023-K,Paddy,7.419
F01350,2023-K,Paddy,2.5
F01352,2023-K,Paddy,6.504
F01360,2023-K,Paddy,3.673
F01362,2023-K,Paddy,9.103
F01364,2023-K,Paddy,5.864
F01366,2023-K,Paddy,15.821
F01369,2023-K,Paddy,2.072
F01370,2023-K,Paddy,9.345
F01376,2023-K,Paddy,4.343
F01378,2023-K,Paddy,8.86
F01379,2023-K,Paddy,4.012
F01380,2023-K,Paddy,3.124
F01382,2023-K,Paddy,5.295
F01384,2023-K,Paddy,7.034
F01385,2023-K,Paddy,2.814
F01386,2023-K,Paddy,6.272
F01390,2023-K,Paddy,3.929
F01391,2023-K,Paddy,3.874
F01393,2023-K,Paddy,6.792
F01394,2023-K,Paddy,9.978
F01395,2023-K,Paddy,1.661
F01396,2023-K,Paddy,8.423
F01398,2023-K,Paddy,4.808
F01400,2023-K,Paddy,10.604
F01401,2023-K,Paddy,5.121
F01404,2023-K,Paddy,4.939
F01408,2023-K,Paddy,6.833
F01409,2023-K,Paddy,12.55
F01412,2023-K,Paddy,8.807
F01414,2023-K,Paddy,6.903
F01417,2023-K,Paddy,7.337
F01419,2023-K,Paddy,5.161
F01420,2023-K,Paddy,9.359
F01425,2023-K,Paddy,3.633
F01428,2023-K,Paddy,4.288
F01430,2023-K,Paddy,6.991
F01431,2023-K,Paddy,5.861
F01432,2023-K,Paddy,3.92
F01433,2023-K,Paddy,4.227
F01441,2023-K,Paddy,5.651
F01448,2023-K,Paddy,8.823
F01450,2023-K,Paddy,6.353
F01453,2023-K,Paddy,11.919
F01457,2023-K,Paddy,4.205
F01464,2023-K,Soybean,1.299
F01467,2023-K,Soybean,1.873
F01476,2023-K,Soybean,7.102
F01481,2023-K,Soybean,2.217
F01489,2023-K,Soybean,3.943
F01490,2023-K,Soybean,8.779
F01492,2023-K,Soybean,4.37
F01495,2023-K,Soybean,2.05
F01498,2023-K,Soybean,1.797
F01499,2023-K,Soybean,1.238
F01501,2023-K,Soybean,1.34
F01502,2023-K,Soybean,2.689
F01505,2023-K,Soybean,1.833
F01510,2023-K,Soybean,1.351
F01511,2023-K,Soybean,2.334
F01513,2023-K,Soybean,5.338
F01514,2023-K,Soybean,1.665
F01518,2023-K,Soybean,1.402
F01526,2023-K,Soybean,3.08
F01527,2023-K,Soybean,1.788
F01528,2023-K,Soybean,1.127
F01530,2023-K,Soybean,2.996
F01535,2023-K,Soybean,3.595
F01538,2023-K,Soybean,2.895
F01542,2023-K,Soybean,2.805
F01543,2023-K,Soybean,3.295
F01544,2023-K,Soybean,1.607
F01545,2023-K,Soybean,2.15
F01546,2023-K,Soybean,1.643
F01548,2023-K,Soybean,1.091
F01550,2023-K,Soybean,4.571
F01553,2023-K,Soybean,1.239
F01556,2023-K,Soybean,3.06
F01558,2023-K,Soybean,3.021
F01560,2023-K,Soybean,1.474
F01561,2023-K,Soybean,1.565
F01563,2023-K,Soybean,2.123
F01564,2023-K,Soybean,1.821
F01568,2023-K,Soybean,3.565
F01569,2023-K,Soybean,2.908
F01575,2023-K,Soybean,3.215
F01576,2023-K,Soybean,1.328
F01577,2023-K,Soybean,1.107
F01580,2023-K,Soybean,1.396
F01581,2023-K,Soybean,1.363
F01582,2023-K,Soybean,1.917
F01586,2023-K,Soybean,3.601
F01587,2023-K,Soybean,1.611
F01589,2023-K,Soybean,3.628
F01590,2023-K,Soybean,0.961
F01593,2023-K,Soybean,2.683
F01595,2023-K,Soybean,1.648
F01599,2023-K,Soybean,5.185
F01603,2023-K,Soybean,9.232
F01606,2023-K,Soybean,1.44
F01607,2023-K,Soybean,2.728
F01610,2023-K,Soybean,2.221
F01612,2023-K,Soybean,2.116
F01630,2023-K,Soybean,1.741
F01633,2023-K,Soybean,3.504
F01636,2023-K,Soybean,2.255
F01637,2023-K,Soybean,5.964
F01638,2023-K,Soybean,0.706
F01640,2023-K,Soybean,5.7
F01642,2023-K,Soybean,1.39
F01643,2023-K,Soybean,1.992
F01644,2023-K,Soybean,3.86
F01645,2023-K,Soybean,6.648
F01649,2023-K,Soybean,3.109
F01650,2023-K,Soybean,2.003
F01653,2023-K,Soybean,1.532
F01654,2023-K,Soybean,7.479
F01658,2023-K,Soybean,4.361
F01660,2023-K,Soybean,1.409
F01662,2023-K,Soybean,1.666
F01666,2023-K,Soybean,1.989
F01670,2023-K,Soybean,3.049
F01671,2023-K,Soybean,1.267
F01675,2023-K,Soybean,1.24
F01687,2023-K,Soybean,2.425
F01693,2023-K,Soybean,1.777
F01694,2023-K,Soybean,2.113
F01696,2023-K,Soybean,1.814
F01702,2023-K,Soybean,3.177
F01703,2023-K,Soybean,2.164
F01706,2023-K,Soybean,2.407
F01707,2023-K,Soybean,0.719
F01709,2023-K,Soybean,4.243
F01714,2023-K,Soybean,2.114
F01718,2023-K,Soybean,2.919
F01719,2023-K,Soybean,1.444
F01720,2023-K,Soybean,3.928
F01722,2023-K,Soybean,2.451
F01724,2023-K,Soybean,9.944
F01725,2023-K,Soybean,1.203
F01729,2023-K,Soybean,3.735
F01730,2023-K,Soybean,2.406
F01732,2023-K,Soybean,3.114
F01740,2023-K,Soybean,1.629
F01741,2023-K,Soybean,1.401
F01743,2023-K,Soybean,3.857
F01747,2023-K,Soybean,2.762
F01750,2023-K,Soybean,2.933
F01753,2023-K,Soybean,2.958
F01755,2023-K,Soybean,4.949
F01757,2023-K,Soybean,1.42
F01760,2023-K,Soybean,1.13
F01764,2023-K,Soybean,3.065
F01765,2023-K,Soybean,4.211
F01772,2023-K,Soybean,3.253
F01774,2023-K,Soybean,2.777
F01779,2023-K,Soybean,2.735
F01781,2023-K,Soybean,3.037
F01782,2023-K,Soybean,9.213
F01783,2023-K,Soybean,1.223
F01784,2023-K,Soybean,1.851
F01786,2023-K,Soybean,3.404
F01787,2023-K,Soybean,2.935
F01788,2023-K,Soybean,6.864
F01791,2023-K,Soybean,2.186
F01794,2023-K,Soybean,1.386
F01798,2023-K,Soybean,9.241
F01800,2023-K,Soybean,2.385
F01801,2023-K,Soybean,3.109
F01803,2023-K,Soybean,5.64
F01805,2023-K,Soybean,1.884
F01806,2023-K,Soybean,1.939
F01809,2023-K,Soybean,4.731
F01815,2023-K,Soybean,1.386
F01817,2023-K,Soybean,0.947
F01818,2023-K,Soybean,2.85
F01823,2023-K,Soybean,0.82
F01825,2023-K,Soybean,4.8
F01829,2023-K,Soybean,4.112
F01831,2023-K,Soybean,3.442
F01833,2023-K,Soybean,1.88
F01837,2023-K,Soybean,2.045
F01838,2023-K,Soybean,4.022
F01839,2023-K,Soybean,2.109
F01842,2023-K,Soybean,1.96
F01843,2023-K,Soybean,1.781
F01844,2023-K,Soybean,1.696
F01846,2023-K,Soybean,2.223
F01848,2023-K,Soybean,2.899
F01849,2023-K,Soybean,2.265
F01851,2023-K,Soybean,4.672
F01852,2023-K,Soybean,8.912
F01858,2023-K,Soybean,1.965
F01859,2023-K,Soybean,2.133
F01861,2023-K,Soybean,2.645
F01865,2023-K,Soybean,3.391
F01866,2023-K,Soybean,1.469
F01867,2023-K,Soybean,1.31
F01872,2023-K,Soybean,1.866
F01873,2023-K,Soybean,1.529
F01875,2023-K,Soybean,3.389
F01876,2023-K,Soybean,2.367
F01878,2023-K,Soybean,1.673
F01880,2023-K,Soybean,5.241
F01881,2023-K,Soybean,2.029
F01882,2023-K,Soybean,2.424
F01885,2023-K,Soybean,6.841
F01886,2023-K,Soybean,6.636
F01889,2023-K,Soybean,4.757
F01890,2023-K,Soybean,3.457
F01891,2023-K,Soybean,2.824
F01893,2023-K,Soybean,1.677
F01899,2023-K,Soybean,6.331
F01901,2023-K,Soybean,1.689
F01903,2023-K,Soybean,1.677
F01904,2023-K,Soybean,0.939
F01905,2023-K,Soybean,2.479
F01907,2023-K,Soybean,3.087
F01909,2023-K,Soybean,9.449
F01913,2023-K,Soybean,1.909
F01914,2023-K,Soybean,1.432
F01915,2023-K,Soybean,2.775
F01916,2023-K,Soybean,4.889
F01917,2023-K,Soybean,0.809
F01918,2023-K,Soybean,1.187
F01920,2023-K,Soybean,1.992
F01921,2023-K,Soybean,1.959
F01922,2023-K,Soybean,2.941
F01924,2023-K,Soybean,2.714
F01925,2023-K,Soybean,3.383
F01926,2023-K,Soybean,2.828
F01927,2023-K,Soybean,1.685
F01929,2023-K,Soybean,1.638
F01931,2023-K,Soybean,1.911
F01933,2023-K,Soybean,1.603
F01934,2023-K,Soybean,2.387
F01937,2023-K,Soybean,2.372
F01939,2023-K,Soybean,3.178
F01940,2023-K,Soybean,1.455
F01948,2023-K,Soybean,2.45
F01949,2023-K,Soybean,1.967
F01951,2023-K,Soybean,3.911
F01952,2023-K,Soybean,2.338
F01958,2023-K,Soybean,1.347
F01959,2023-K,Soybean,1.612
F01964,2023-K,Soybean,1.157
F01966,2023-K,Soybean,5.092
F01969,2023-K,Soybean,1.766
F01970,2023-K,Soybean,1.651
F01973,2023-K,Soybean,2.965
F01974,2023-K,Soybean,1.513
F01976,2023-K,Soybean,2.346
F01978,2023-K,Soybean,4.277
F01979,2023-K,Soybean,1.326
F01982,2023-K,Soybean,2.237
F01983,2023-K,Soybean,2.708
F01986,2023-K,Soybean,2.781
F01989,2023-K,Soybean,1.594
F01990,2023-K,Soybean,3.951
F01991,2023-K,Soybean,2.064
F01994,2023-K,Soybean,2.581
F01998,2023-K,Soybean,4.456
F02002,2023-K,Soybean,1.392
F02012,2023-K,Soybean,2.237
F02013,2023-K,Soybean,1.807
F02020,2023-K,Soybean,4.924
F02021,2023-K,Soybean,2.871
F02022,2023-K,Soybean,3.462
F02026,2023-K,Soybean,1.843
F02028,2023-K,Soybean,5.405
F02031,2023-K,Soybean,2.216
F02035,2023-K,Soybean,3.582
F02036,2023-K,Soybean,3.109
F02038,2023-K,Soybean,4.613
F02041,2023-K,Soybean,1.354
F02042,2023-K,Soybean,1.276
F02043,2023-K,Soybean,1.459
F02044,2023-K,Soybean,4.13
F02046,2023-K,Soybean,2.49
F02049,2023-K,Soybean,2.439
F02052,2023-K,Soybean,2.608
F02053,2023-K,Soybean,1.243
F02055,2023-K,Soybean,1.916
F02057,2023-K,Soybean,1.805
F02058,2023-K,Soybean,0.95
F02060,2023-K,Soybean,6.383
F02061,2023-K,Soybean,2.485
F02064,2023-K,Groundnut,5.058
F02064,2023-K,Soybean,4.29
F02065,2023-K,Groundnut,6.925
F02066,2023-K,Groundnut,1.653
F02067,2023-K,Groundnut,2.125
F02068,2023-K,Groundnut,2.135
F02069,2023-K,Groundnut,6.458
F02070,2023-K,Groundnut,3.86
F02072,2023-K,Groundnut,11.506
F02072,2023-K,Soybean,10.152
F02073,2023-K,Groundnut,2.64
F02076,2023-K,Groundnut,2.974
F02076,2023-K,Soybean,2.584
F02079,2023-K,Groundnut,1.847
F02081,2023-K,Groundnut,1.397
F02081,2023-K,Soybean,1.183
F02083,2023-K,Groundnut,2.821
F02085,2023-K,Groundnut,6.254
F02086,2023-K,Groundnut,0.952
F02086,2023-K,Soybean,0.707
F02088,2023-K,Groundnut,3.06
F02090,2023-K,Groundnut,2.327
F02090,2023-K,Soybean,1.665
F02091,2023-K,Groundnut,3.368
F02092,2023-K,Groundnut,2.404
F02093,2023-K,Groundnut,1.613
F02095,2023-K,Groundnut,8.18
F02096,2023-K,Groundnut,0.799
F02097,2023-K,Groundnut,4.018
F02097,2023-K,Soybean,3.13
F02104,2023-K,Groundnut,0.783
F02105,2023-K,Groundnut,1.71
F02106,2023-K,Groundnut,2.922
F02107,2023-K,Groundnut,2.898
F02108,2023-K,Groundnut,4.996
F02121,2023-K,Groundnut,3.232
F02123,2023-K,Groundnut,2.296
F02128,2023-K,Groundnut,4.665
F02129,2023-K,Groundnut,4.59
F02133,2023-K,Groundnut,2.277
F02134,2023-K,Groundnut,2.431
F02134,2023-K,Soybean,1.98
F02137,2023-K,Groundnut,3.251
F02138,2023-K,Groundnut,1.765
F02139,2023-K,Groundnut,5.761
F02141,2023-K,Groundnut,2.774
F02141,2023-K,Soybean,2.495
F02144,2023-K,Groundnut,2.603
F02144,2023-K,Soybean,2.103
F02145,2023-K,Groundnut,6.014
F02146,2023-K,Groundnut,1.738
F02147,2023-K,Groundnut,3.776
F02149,2023-K,Groundnut,3.649
F02151,2023-K,Groundnut,2.486
F02154,2023-K,Groundnut,3.776
F02156,2023-K,Groundnut,2.782
F02157,2023-K,Groundnut,4.687
F02158,2023-K,Groundnut,5.481
F02161,2023-K,Groundnut,7.348
F02162,2023-K,Groundnut,1.377
F02162,2023-K,Soybean,1.11
F02163,2023-K,Groundnut,2.677
F02163,2023-K,Soybean,2.285
F02168,2023-K,Groundnut,10.14
F02174,2023-K,Groundnut,1.564
F02178,2023-K,Groundnut,4.138
F02179,2023-K,Groundnut,2.38
F02180,2023-K,Groundnut,1.858
F02181,2023-K,Groundnut,3.362
F02181,2023-K,Soybean,2.865
F02184,2023-K,Groundnut,5.246
F02184,2023-K,Soybean,4.033
F02185,2023-K,Groundnut,3.216
F02189,2023-K,Groundnut,3.573
F02191,2023-K,Groundnut,3.882
F02191,2023-K,Soybean,2.969
F02195,2023-K,Groundnut,2.328
F02196,2023-K,Groundnut,5.116
F02201,2023-K,Groundnut,3.608
F02201,2023-K,Soybean,2.81
F02202,2023-K,Groundnut,5.902
F02207,2023-K,Groundnut,2.782
F02208,2023-K,Groundnut,1.663
F02209,2023-K,Groundnut,4.746
F02210,2023-K,Groundnut,2.648
F02211,2023-K,Groundnut,1.58
F02217,2023-K,Groundnut,5.897
F02220,2023-K,Soybean,3.997
F02222,2023-K,Soybean,2.303
F02225,2023-K,Cotton,3.055
F02226,2023-K,Soybean,1.966
F02227,2023-K,Soybean,1.828
F02228,2023-K,Soybean,3.329
F02231,2023-K,Soybean,2.333
F02233,2023-K,Cotton,1.577
F02234,2023-K,Soybean,0.769
F02237,2023-K,Paddy,14.604
F02241,2023-K,Paddy,13.255
F02242,2023-K,Soybean,4.578
F02243,2023-K,Soybean,3.053
F02244,2023-K,Soybean,4.015
F02245,2023-K,Soybean,6.71
F02248,2023-K,Paddy,5.87
F02250,2023-K,Soybean,3.369
F02251,2023-K,Groundnut,2.563
F02252,2023-K,Soybean,2.707
F02261,2023-K,Soybean,4.22
F02262,2023-K,Soybean,2.367
F02263,2023-K,Cotton,1.696
F02266,2023-K,Soybean,3.96
F02267,2023-K,Soybean,1.485
F02270,2023-K,Cotton,3.191
F02272,2023-K,Groundnut,5.204
F02273,2023-K,Soybean,1.696
F02274,2023-K,Soybean,0.77
F02275,2023-K,Soybean,1.393
F02279,2023-K,Cotton,1.784
F02280,2023-K,Soybean,1.684
F02281,2023-K,Soybean,3.912
F02285,2023-K,Soybean,1.382
F02287,2023-K,Paddy,4.052
F02289,2023-K,Soybean,1.465
F02292,2023-K,Soybean,4.521
F02293,2023-K,Soybean,2.451
F02294,2023-K,Paddy,9.291
F02296,2023-K,Cotton,1.901
F02298,2023-K,Soybean,4.051
F02299,2023-K,Soybean,1.957
F02300,2023-K,Soybean,0.755
F02301,2023-K,Soybean,1.544
F02302,2023-K,Soybean,2.365
F02304,2023-K,Soybean,4.247
F02305,2023-K,Soybean,2.909
F02306,2023-K,Paddy,2.725
F02307,2023-K,Soybean,2.901
F02308,2023-K,Groundnut,2.615
F02309,2023-K,Soybean,2.067
F02310,2023-K,Soybean,2.746
F02313,2023-K,Soybean,3.152
F02316,2023-K,Groundnut,2.367
F02317,2023-K,Paddy,11.993
F02322,2023-K,Paddy,9.884
F02323,2023-K,Soybean,0.754
F02325,2023-K,Soybean,3.566
F02328,2023-K,Paddy,19.627
F02332,2023-K,Groundnut,1.843
F02333,2023-K,Soybean,1.268
F02334,2023-K,Soybean,3.061
F02336,2023-K,Soybean,1.688
F02338,2023-K,Soybean,3.25
F02339,2023-K,Soybean,2.854
F02340,2023-K,Soybean,5.51
F02341,2023-K,Soybean,0.975
F02342,2023-K,Soybean,1.579
F02345,2023-K,Soybean,1.106
F02347,2023-K,Cotton,1.061
F02348,2023-K,Soybean,3.168
F02349,2023-K,Soybean,7.035
F02352,2023-K,Groundnut,2.473
F02354,2023-K,Soybean,3.062
F02356,2023-K,Groundnut,3.703
F02358,2023-K,Soybean,2.903
F02359,2023-K,Paddy,7.191
F02360,2023-K,Soybean,3.67
F02363,2023-K,Paddy,13.33
F02365,2023-K,Groundnut,1.541
F02366,2023-K,Soybean,6.815
F02367,2023-K,Cotton,1.436
F02368,2023-K,Cotton,2.705
F02369,2023-K,Soybean,2.205
F02371,2023-K,Paddy,6.215
F02372,2023-K,Cotton,3.237
F02374,2023-K,Soybean,2.258
F02375,2023-K,Soybean,1.13
F02378,2023-K,Soybean,1.851
F02380,2023-K,Soybean,1.417
F02382,2023-K,Cotton,2.05
F02383,2023-K,Groundnut,1.735
F02385,2023-K,Soybean,3.249
F02386,2023-K,Groundnut,2.888
F02387,2023-K,Soybean,1.45
F02388,2023-K,Paddy,5.625
F02390,2023-K,Soybean,0.742
F02391,2023-K,Soybean,3.312
F02392,2023-K,Paddy,8.35
F02393,2023-K,Cotton,2.514
F02394,2023-K,Soybean,3.664
F02396,2023-K,Paddy,2.143
F02397,2023-K,Cotton,0.866
F02398,2023-K,Groundnut,1.307
F02400,2023-K,Soybean,2.912
F02401,2023-K,Groundnut,1.775
F02404,2023-K,Cotton,0.895
F02405,2023-K,Paddy,6.426
F02406,2023-K,Soybean,6.835
F02407,2023-K,Cotton,2.44
F02408,2023-K,Paddy,7.828
F02409,2023-K,Soybean,3.854
F02410,2023-K,Soybean,1.251
F02412,2023-K,Soybean,5.006
F02413,2023-K,Soybean,2.188
F02414,2023-K,Cotton,1.448
F02415,2023-K,Soybean,3.394
F02416,2023-K,Soybean,1.957
F02417,2023-K,Cotton,1.895
F02418,2023-K,Paddy,3.916
F02419,2023-K,Soybean,1.532
F02420,2023-K,Paddy,11.572
F02421,2023-K,Soybean,1.609
F02422,2023-K,Soybean,1.801
F02423,2023-K,Soybean,1.961
F02424,2023-K,Soybean,3.506
F02425,2023-K,Paddy,4.185
F02426,2023-K,Soybean,3.258
F02427,2023-K,Cotton,1.425
F02429,2023-K,Soybean,3.484
F02430,2023-K,Groundnut,2.283
F02431,2023-K,Groundnut,4.689
F02432,2023-K,Soybean,1.323
F02433,2023-K,Soybean,2.728
F02434,2023-K,Paddy,10.361
F02435,2023-K,Paddy,5.615
F02436,2023-K,Soybean,2.075
F02437,2023-K,Groundnut,1.55
F02438,2023-K,Cotton,2.974
F02439,2023-K,Paddy,18.09
F02440,2023-K,Soybean,2.66
F02441,2023-K,Soybean,1.911
F02442,2023-K,Soybean,4.238
F02443,2023-K,Soybean,3.746
F02444,2023-K,Soybean,1.116
F02445,2023-K,Soybean,4.614
F02446,2023-K,Soybean,4.056
F02447,2023-K,Soybean,1.355
F02448,2023-K,Paddy,9.365
F02449,2023-K,Groundnut,4.058
F02450,2023-K,Soybean,2.081
F02451,2023-K,Soybean,4.351
F02452,2023-K,Soybean,2.569
F02453,2023-K,Soybean,1.761
F02454,2023-K,Cotton,0.727
F02455,2023-K,Soybean,1.204
F02456,2023-K,Groundnut,1.222
F02457,2023-K,Soybean,3.58
F02458,2023-K,Soybean,2.438
F02459,2023-K,Paddy,2.893
F02460,2023-K,Groundnut,1.48
F02461,2023-K,Cotton,3.301
F02462,2023-K,Paddy,8.296
F02463,2023-K,Paddy,6.059
F02464,2023-K,Groundnut,1.679
F02465,2023-K,Soybean,3.016
F02466,2023-K,Soybean,2.714
F02467,2023-K,Paddy,12.628
F02468,2023-K,Soybean,1.461
F02469,2023-K,Soybean,2.091
F02470,2023-K,Cotton,1.54
F02471,2023-K,Groundnut,2.678
F02472,2023-K,Soybean,3.116
F02473,2023-K,Soybean,1.69
F02474,2023-K,Soybean,2.401
F02475,2023-K,Soybean,1.273
F02476,2023-K,Soybean,6.165
F02477,2023-K,Soybean,2.886
F02478,2023-K,Soybean,6.125
F02479,2023-K,Cotton,2.388
F02480,2023-K,Groundnut,8.483
F02481,2023-K,Soybean,3.231
F02482,2023-K,Cotton,3.212
F02483,2023-K,Soybean,2.306
F02484,2023-K,Soybean,2.188
F02486,2023-K,Cotton,5.715
F02487,2023-K,Soybean,3.658
F02488,2023-K,Soybean,3.527
F02489,2023-K,Cotton,2.719
F02490,2023-K,Soybean,5.1
F02491,2023-K,Paddy,4.449
F02492,2023-K,Soybean,2.739
F02494,2023-K,Soybean,3.252
F02495,2023-K,Paddy,4.245
F02496,2023-K,Soybean,3.373
F02497,2023-K,Cotton,0.987
F02498,2023-K,Soybean,1.685
F02499,2023-K,Paddy,4.377
F02500,2023-K,Cotton,4.37
F02501,2023-K,Soybean,2.097
F02502,2023-K,Soybean,1.203
F02503,2023-K,Paddy,9.136
F02504,2023-K,Soybean,2.336
F02505,2023-K,Groundnut,2.385
F02506,2023-K,Soybean,1.866
F02507,2023-K,Soybean,2.641
F02508,2023-K,Cotton,1.728
F02509,2023-K,Cotton,1.83
F02510,2023-K,Soybean,1.745
F02511,2023-K,Soybean,3.336
F02512,2023-K,Cotton,1.332
F02513,2023-K,Soybean,9.469
F02514,2023-K,Cotton,2.276
F02515,2023-K,Soybean,2.622
F02516,2023-K,Soybean,1.939
F02517,2023-K,Soybean,3.386
F02518,2023-K,Groundnut,3.458
F02519,2023-K,Soybean,2.183
F02520,2023-K,Soybean,1.379
F02521,2023-K,Groundnut,2.543
F02522,2023-K,Soybean,3.583
F02523,2023-K,Soybean,3.178
F02524,2023-K,Soybean,2.33
F02525,2023-K,Soybean,2.742
F02526,2023-K,Paddy,5.268
F02527,2023-K,Soybean,1.625
F02528,2023-K,Soybean,3.481
F02529,2023-K,Soybean,0.988
F02530,2023-K,Soybean,3.113
F02531,2023-K,Paddy,8.957
F02532,2023-K,Soybean,1.075
F02533,2023-K,Groundnut,0.629
F02534,2023-K,Soybean,1.925
F02535,2023-K,Soybean,2.741
F02536,2023-K,Cotton,3.367
F02537,2023-K,Paddy,8.327
F02538,2023-K,Soybean,2.248
F02539,2023-K,Soybean,6.172
F02540,2023-K,Cotton,1.78
F02541,2023-K,Soybean,1.975
F02542,2023-K,Soybean,7.766
F02543,2023-K,Soybean,1.957
F02544,2023-K,Soybean,2.595
F02545,2023-K,Soybean,2.196
F02546,2023-K,Soybean,2.077
F02547,2023-K,Groundnut,4.138
F02548,2023-K,Soybean,1.559
F02549,2023-K,Groundnut,1.05
F02550,2023-K,Soybean,3.362
F02551,2023-K,Soybean,3.465
F02552,2023-K,Soybean,1.477
F02553,2023-K,Paddy,5.287
F02554,2023-K,Paddy,3.08
F02555,2023-K,Soybean,3.912
F02556,2023-K,Paddy,7.684
F02557,2023-K,Soybean,1.72
F02558,2023-K,Soybean,1.103
F02559,2023-K,Cotton,6.28
F02560,2023-K,Soybean,3.549
F02561,2023-K,Soybean,1.208
F02562,2023-K,Soybean,7.282
F02563,2023-K,Paddy,3.676
F02564,2023-K,Paddy,11.303
F02565,2023-K,Soybean,2.283
F02566,2023-K,Soybean,2.984
F02567,2023-K,Soybean,6.106
F02568,2023-K,Soybean,2.078
F02569,2023-K,Soybean,2.944
F02570,2023-K,Cotton,1.684
F02571,2023-K,Soybean,1.864
F02572,2023-K,Soybean,1.031
F01003,2023-R,Gram,1.019
F01005,2023-R,Gram,3.945
F01008,2023-R,Gram,0.975
F01009,2023-R,Gram,1.085
F01013,2023-R,Gram,1.854
F01017,2023-R,Gram,2.564
F01017,2023-R,Wheat,6.802
F01020,2023-R,Gram,0.5
F01020,2023-R,Wheat,1.431
F01021,2023-R,Gram,1.682
F01021,2023-R,Wheat,4.352
F01023,2023-R,Gram,1.27
F01029,2023-R,Gram,1.597
F01030,2023-R,Gram,0.517
F01030,2023-R,Wheat,1.294
F01032,2023-R,Gram,1.25
F01032,2023-R,Wheat,3.086
F01035,2023-R,Gram,0.754
F01035,2023-R,Wheat,2.07
F01036,2023-R,Gram,1.268
F01037,2023-R,Gram,1.023
F01037,2023-R,Wheat,2.447
F01042,2023-R,Gram,2.466
F01044,2023-R,Gram,2.853
F01044,2023-R,Wheat,7.365
F01048,2023-R,Gram,0.678
F01050,2023-R,Gram,3.704
F01051,2023-R,Gram,1.836
F01051,2023-R,Wheat,4.628
F01055,2023-R,Gram,2.067
F01055,2023-R,Wheat,5.48
F01057,2023-R,Gram,1.847
F01058,2023-R,Gram,3.558
F01064,2023-R,Gram,3.474
F01071,2023-R,Gram,1.235
F01075,2023-R,Gram,4.204
F01079,2023-R,Gram,1.331
F01081,2023-R,Gram,1.825
F01081,2023-R,Wheat,4.917
F01082,2023-R,Gram,1.062
F01087,2023-R,Gram,3.128
F01088,2023-R,Gram,0.707
F01088,2023-R,Wheat,1.825
F01090,2023-R,Gram,0.98
F01092,2023-R,Gram,1.543
F01093,2023-R,Gram,4.541
F01095,2023-R,Gram,0.843
F01095,2023-R,Wheat,2.01
F01098,2023-R,Gram,0.927
F01098,2023-R,Wheat,2.475
F01104,2023-R,Gram,3.321
F01105,2023-R,Gram,2.713
F01107,2023-R,Gram,1.956
F01110,2023-R,Gram,1.914
F01110,2023-R,Wheat,5.618
F01111,2023-R,Gram,1.772
F01112,2023-R,Gram,2.429
F01112,2023-R,Wheat,7.496
F01114,2023-R,Gram,1.852
F01115,2023-R,Gram,2.119
F01115,2023-R,Wheat,5.609
F01116,2023-R,Gram,1.604
F01117,2023-R,Gram,1.515
F01120,2023-R,Gram,2.067
F01120,2023-R,Wheat,5.561
F01121,2023-R,Gram,0.772
F01122,2023-R,Gram,0.563
F01122,2023-R,Wheat,1.394
F01131,2023-R,Gram,1.417
F01131,2023-R,Wheat,3.773
F01133,2023-R,Gram,0.799
F01133,2023-R,Wheat,2.306
F01135,2023-R,Gram,1.185
F01139,2023-R,Gram,1.078
F01139,2023-R,Wheat,3.121
F01141,2023-R,Gram,1.833
F01141,2023-R,Wheat,5.369
F01142,2023-R,Gram,1.034
F01146,2023-R,Gram,1.153
F01147,2023-R,Gram,2.445
F01147,2023-R,Wheat,6.477
F01151,2023-R,Gram,0.456
F01152,2023-R,Gram,2.994
F01153,2023-R,Gram,1.851
F01153,2023-R,Wheat,5.476
F01158,2023-R,Wheat,4.756
F01160,2023-R,Wheat,4.88
F01163,2023-R,Wheat,10.41
F01164,2023-R,Wheat,6.686
F01165,2023-R,Wheat,7.0
F01169,2023-R,Wheat,7.467
F01170,2023-R,Wheat,5.96
F01171,2023-R,Wheat,3.264
F01171,2023-R,Gram,1.22
F01176,2023-R,Wheat,2.438
F01179,2023-R,Wheat,6.974
F01179,2023-R,Gram,2.649
F01191,2023-R,Wheat,3.504
F01193,2023-R,Wheat,10.085
F01193,2023-R,Gram,3.631
F01197,2023-R,Wheat,2.616
F01199,2023-R,Wheat,7.427
F01200,2023-R,Wheat,4.532
F01202,2023-R,Wheat,7.649
F01203,2023-R,Wheat,3.558
F01207,2023-R,Wheat,5.321
F01211,2023-R,Wheat,5.732
F01211,2023-R,Gram,2.234
F01216,2023-R,Wheat,3.578
F01219,2023-R,Wheat,6.271
F01223,2023-R,Wheat,13.326
F01223,2023-R,Gram,5.237
F01225,2023-R,Wheat,4.806
F01226,2023-R,Wheat,2.858
F01227,2023-R,Wheat,8.242
F01227,2023-R,Gram,2.991
F01228,2023-R,Wheat,2.402
F01235,2023-R,Wheat,4.298
F01236,2023-R,Wheat,5.6
F01236,2023-R,Gram,1.984
F01238,2023-R,Wheat,1.986
F01246,2023-R,Wheat,8.394
F01246,2023-R,Gram,3.022
F01249,2023-R,Wheat,4.944
F01249,2023-R,Gram,1.884
F01263,2023-R,Wheat,4.424
F01263,2023-R,Gram,1.659
F01264,2023-R,Wheat,2.712
F01274,2023-R,Wheat,2.798
F01275,2023-R,Wheat,3.062
F01275,2023-R,Gram,1.105
F01276,2023-R,Wheat,3.566
F01276,2023-R,Gram,1.165
F01280,2023-R,Wheat,8.875
F01280,2023-R,Gram,3.219
F01283,2023-R,Wheat,2.607
F01283,2023-R,Gram,0.862
F01285,2023-R,Wheat,10.088
F01288,2023-R,Wheat,6.074
F01292,2023-R,Wheat,12.27
F01292,2023-R,Gram,4.653
F01293,2023-R,Wheat,5.913
F01296,2023-R,Wheat,6.255
F01296,2023-R,Gram,2.226
F01297,2023-R,Wheat,3.534
F01301,2023-R,Wheat,2.755
F01307,2023-R,Wheat,3.588
F01308,2023-R,Wheat,6.187
F01311,2023-R,Wheat,3.28
F01312,2023-R,Wheat,6.088
F01317,2023-R,Wheat,7.807
F01319,2023-R,Wheat,5.965
F01320,2023-R,Wheat,7.084
F01329,2023-R,Wheat,3.064
F01331,2023-R,Wheat,8.363
F01340,2023-R,Wheat,9.182
F01342,2023-R,Wheat,4.897
F01347,2023-R,Wheat,4.654
F01348,2023-R,Wheat,6.393
F01350,2023-R,Wheat,2.12
F01352,2023-R,Wheat,5.662
F01360,2023-R,Wheat,2.953
F01362,2023-R,Wheat,7.532
F01364,2023-R,Wheat,5.707
F01366,2023-R,Wheat,14.145
F01369,2023-R,Wheat,1.8
F01370,2023-R,Wheat,7.521
F01376,2023-R,Wheat,3.71
F01378,2023-R,Wheat,7.201
F01379,2023-R,Wheat,3.512
F01380,2023-R,Wheat,2.528
F01382,2023-R,Wheat,4.479
F01384,2023-R,Wheat,6.261
F01385,2023-R,Wheat,2.265
F01386,2023-R,Wheat,4.977
F01390,2023-R,Wheat,3.371
F01391,2023-R,Wheat,3.624
F01393,2023-R,Wheat,5.928
F01394,2023-R,Wheat,8.063
F01395,2023-R,Wheat,1.361
F01396,2023-R,Wheat,7.033
F01398,2023-R,Wheat,4.693
F01400,2023-R,Wheat,8.781
F01401,2023-R,Wheat,4.464
F01404,2023-R,Wheat,4.668
F01408,2023-R,Wheat,6.623
F01409,2023-R,Wheat,10.315
F01412,2023-R,Wheat,8.236
F01414,2023-R,Wheat,6.327
F01417,2023-R,Wheat,5.79
F01419,2023-R,Wheat,4.284
F01420,2023-R,Wheat,8.077
F01425,2023-R,Wheat,2.506
F01428,2023-R,Wheat,3.828
F01430,2023-R,Wheat,6.13
F01432,2023-R,Wheat,3.402
F01433,2023-R,Wheat,3.382
F01441,2023-R,Wheat,5.212
F01448,2023-R,Wheat,7.758
F01450,2023-R,Wheat,5.763
F01453,2023-R,Wheat,10.016
F01457,2023-R,Wheat,3.456
F01464,2023-R,Mustard,1.192
F01476,2023-R,Mustard,6.5
F01481,2023-R,Mustard,1.923
F01489,2023-R,Mustard,3.311
F01490,2023-R,Mustard,7.825
F01490,2023-R,Wheat,19.258
F01492,2023-R,Mustard,3.88
F01495,2023-R,Mustard,1.531
F01499,2023-R,Mustard,1.202
F01501,2023-R,Mustard,1.13
F01502,2023-R,Mustard,2.289
F01505,2023-R,Mustard,1.737
F01510,2023-R,Mustard,1.214
F01510,2023-R,Wheat,3.041
F01511,2023-R,Mustard,2.118
F01513,2023-R,Mustard,4.821
F01513,2023-R,Wheat,12.845
F01514,2023-R,Mustard,1.424
F01518,2023-R,Mustard,1.188
F01526,2023-R,Mustard,2.773
F01526,2023-R,Wheat,5.856
F01527,2023-R,Mustard,1.44
F01528,2023-R,Mustard,1.098
F01530,2023-R,Mustard,2.582
F01535,2023-R,Mustard,3.029
F01538,2023-R,Mustard,2.616
F01538,2023-R,Wheat,5.883
F01542,2023-R,Mustard,2.277
F01543,2023-R,Mustard,2.984
F01544,2023-R,Mustard,1.449
F01545,2023-R,Mustard,1.849
F01545,2023-R,Wheat,4.586
F01546,2023-R,Mustard,1.446
F01548,2023-R,Mustard,0.913
F01548,2023-R,Wheat,2.16
F01550,2023-R,Mustard,4.138
F01553,2023-R,Mustard,1.041
F01556,2023-R,Mustard,2.833
F01556,2023-R,Wheat,6.417
F01560,2023-R,Mustard,1.294
F01561,2023-R,Mustard,1.74
F01561,2023-R,Wheat,3.584
F01563,2023-R,Mustard,1.99
F01564,2023-R,Mustard,1.821
F01568,2023-R,Mustard,3.169
F01569,2023-R,Mustard,2.294
F01575,2023-R,Mustard,2.781
F01576,2023-R,Mustard,1.146
F01577,2023-R,Mustard,0.996
F01580,2023-R,Mustard,1.21
F01581,2023-R,Mustard,1.321
F01581,2023-R,Wheat,3.188
F01582,2023-R,Mustard,1.815
F01586,2023-R,Mustard,3.082
F01587,2023-R,Mustard,1.486
F01587,2023-R,Wheat,3.345
F01590,2023-R,Mustard,0.833
F01593,2023-R,Mustard,2.274
F01595,2023-R,Mustard,1.338
F01599,2023-R,Mustard,5.062
F01599,2023-R,Wheat,11.153
F01603,2023-R,Mustard,8.685
F01606,2023-R,Mustard,1.197
F01606,2023-R,Wheat,2.833
F01607,2023-R,Mustard,2.589
F01607,2023-R,Wheat,6.018
F01610,2023-R,Mustard,1.824
F01612,2023-R,Mustard,1.697
F01633,2023-R,Wheat,7.788
F01636,2023-R,Wheat,4.48
F01637,2023-R,Wheat,12.422
F01638,2023-R,Wheat,1.362
F01640,2023-R,Wheat,10.996
F01642,2023-R,Wheat,3.069
F01643,2023-R,Wheat,4.165
F01644,2023-R,Wheat,9.006
F01649,2023-R,Wheat,6.962
F01650,2023-R,Wheat,3.877
F01653,2023-R,Wheat,3.033
F01654,2023-R,Wheat,16.805
F01658,2023-R,Wheat,10.164
F01660,2023-R,Wheat,2.892
F01662,2023-R,Wheat,3.687
F01666,2023-R,Wheat,4.328
F01670,2023-R,Wheat,6.17
F01671,2023-R,Wheat,2.664
F01675,2023-R,Wheat,2.827
F01687,2023-R,Wheat,5.531
F01693,2023-R,Wheat,3.882
F01694,2023-R,Wheat,4.116
F01696,2023-R,Wheat,3.44
F01702,2023-R,Wheat,6.529
F01703,2023-R,Wheat,4.536
F01706,2023-R,Wheat,4.899
F01707,2023-R,Wheat,1.583
F01709,2023-R,Wheat,9.404
F01714,2023-R,Wheat,4.738
F01718,2023-R,Wheat,6.341
F01719,2023-R,Wheat,3.569
F01722,2023-R,Wheat,5.565
F01724,2023-R,Wheat,23.166
F01725,2023-R,Wheat,2.797
F01729,2023-R,Wheat,7.085
F01730,2023-R,Wheat,4.838
F01732,2023-R,Wheat,7.054
F01740,2023-R,Wheat,3.273
F01741,2023-R,Wheat,3.1
F01747,2023-R,Wheat,5.429
F01750,2023-R,Wheat,7.235
F01753,2023-R,Wheat,6.633
F01760,2023-R,Wheat,2.343
F01765,2023-R,Wheat,9.134
F01772,2023-R,Wheat,6.273
F01774,2023-R,Wheat,6.084
F01779,2023-R,Wheat,5.93
F01781,2023-R,Wheat,6.3
F01782,2023-R,Wheat,18.764
F01783,2023-R,Wheat,2.713
F01783,2023-R,Gram,1.077
F01784,2023-R,Wheat,3.552
F01784,2023-R,Gram,1.343
F01786,2023-R,Wheat,6.659
F01787,2023-R,Wheat,6.08
F01788,2023-R,Wheat,14.659
F01791,2023-R,Wheat,4.446
F01794,2023-R,Wheat,2.782
F01798,2023-R,Wheat,19.643
F01800,2023-R,Wheat,4.881
F01801,2023-R,Wheat,6.428
F01803,2023-R,Wheat,11.746
F01805,2023-R,Wheat,4.026
F01806,2023-R,Wheat,4.425
F01809,2023-R,Wheat,10.388
F01815,2023-R,Wheat,2.785
F01815,2023-R,Gram,0.943
F01817,2023-R,Wheat,1.929
F01817,2023-R,Gram,0.695
F01818,2023-R,Wheat,6.322
F01818,2023-R,Gram,2.46
F01823,2023-R,Wheat,1.789
F01823,2023-R,Gram,0.64
F01825,2023-R,Wheat,10.091
F01829,2023-R,Wheat,9.273
F01831,2023-R,Wheat,7.525
F01833,2023-R,Wheat,4.105
F01833,2023-R,Gram,1.524
F01837,2023-R,Wheat,4.473
F01838,2023-R,Wheat,9.666
F01839,2023-R,Wheat,4.511
F01842,2023-R,Wheat,4.152
F01843,2023-R,Wheat,3.515
F01844,2023-R,Wheat,3.459
F01846,2023-R,Wheat,5.108
F01848,2023-R,Wheat,6.614
F01849,2023-R,Wheat,4.517
F01849,2023-R,Gram,1.815
F01851,2023-R,Wheat,9.42
F01851,2023-R,Gram,3.145
F01852,2023-R,Wheat,19.943
F01852,2023-R,Gram,7.507
F01858,2023-R,Wheat,4.159
F01859,2023-R,Wheat,4.965
F01859,2023-R,Gram,1.644
F01865,2023-R,Wheat,8.17
F01866,2023-R,Wheat,3.097
F01866,2023-R,Gram,1.2
F01867,2023-R,Wheat,2.695
F01873,2023-R,Wheat,3.031
F01875,2023-R,Wheat,6.23
F01876,2023-R,Wheat,4.9
F01878,2023-R,Wheat,3.557
F01880,2023-R,Wheat,8.798
F01881,2023-R,Wheat,4.019
F01882,2023-R,Wheat,4.476
F01886,2023-R,Wheat,13.621
F01889,2023-R,Wheat,10.382
F01890,2023-R,Wheat,6.212
F01891,2023-R,Wheat,5.152
F01893,2023-R,Wheat,3.277
F01893,2023-R,Gram,1.38
F01899,2023-R,Wheat,13.964
F01899,2023-R,Gram,5.172
F01903,2023-R,Wheat,3.544
F01903,2023-R,Gram,1.25
F01904,2023-R,Wheat,2.016
F01905,2023-R,Wheat,5.28
F01907,2023-R,Wheat,6.365
F01907,2023-R,Gram,2.171
F01909,2023-R,Wheat,17.129
F01913,2023-R,Mustard,1.81
F01914,2023-R,Mustard,1.273
F01914,2023-R,Wheat,2.769
F01915,2023-R,Mustard,2.389
F01915,2023-R,Wheat,5.311
F01916,2023-R,Mustard,4.171
F01917,2023-R,Mustard,0.753
F01918,2023-R,Mustard,0.978
F01920,2023-R,Mustard,1.743
F01921,2023-R,Mustard,1.768
F01921,2023-R,Wheat,4.043
F01922,2023-R,Mustard,2.586
F01922,2023-R,Wheat,6.386
F01927,2023-R,Mustard,1.475
F01927,2023-R,Wheat,3.639
F01929,2023-R,Mustard,1.475
F01931,2023-R,Mustard,1.538
F01931,2023-R,Wheat,3.866
F01933,2023-R,Mustard,1.328
F01933,2023-R,Wheat,3.217
F01934,2023-R,Mustard,2.053
F01934,2023-R,Wheat,4.686
F01937,2023-R,Mustard,2.142
F01939,2023-R,Mustard,2.789
F01940,2023-R,Mustard,1.309
F01948,2023-R,Mustard,2.102
F01948,2023-R,Wheat,5.402
F01949,2023-R,Mustard,1.884
F01951,2023-R,Mustard,3.441
F01952,2023-R,Mustard,2.097
F01958,2023-R,Mustard,1.079
F01959,2023-R,Mustard,1.464
F01964,2023-R,Mustard,0.967
F01969,2023-R,Mustard,1.677
F01973,2023-R,Mustard,2.75
F01974,2023-R,Mustard,1.289
F01976,2023-R,Mustard,1.97
F01978,2023-R,Mustard,3.742
F01978,2023-R,Wheat,8.938
F01979,2023-R,Mustard,1.243
F01983,2023-R,Mustard,2.352
F01986,2023-R,Mustard,2.411
F01989,2023-R,Mustard,1.39
F01989,2023-R,Wheat,3.543
F01990,2023-R,Mustard,3.78
F01991,2023-R,Mustard,1.785
F01994,2023-R,Mustard,2.421
F01998,2023-R,Mustard,3.858
F02002,2023-R,Mustard,1.122
F02002,2023-R,Wheat,2.775
F02012,2023-R,Mustard,2.148
F02013,2023-R,Mustard,1.598
F02020,2023-R,Mustard,4.88
F02021,2023-R,Mustard,2.806
F02022,2023-R,Mustard,3.127
F02026,2023-R,Mustard,1.881
F02031,2023-R,Mustard,1.875
F02031,2023-R,Wheat,4.493
F02035,2023-R,Mustard,3.044
F02036,2023-R,Mustard,3.054
F02036,2023-R,Wheat,7.087
F02038,2023-R,Mustard,3.657
F02038,2023-R,Wheat,8.095
F02041,2023-R,Mustard,1.164
F02042,2023-R,Mustard,1.197
F02042,2023-R,Wheat,2.772
F02044,2023-R,Mustard,3.546
F02046,2023-R,Mustard,2.245
F02049,2023-R,Mustard,2.053
F02052,2023-R,Mustard,2.165
F02052,2023-R,Wheat,5.332
F02053,2023-R,Mustard,1.135
F02055,2023-R,Mustard,1.968
F02057,2023-R,Mustard,1.564
F02057,2023-R,Wheat,3.974
F02060,2023-R,Mustard,6.044
F02060,2023-R,Wheat,13.533
F02061,2023-R,Mustard,2.442
F02064,2023-R,Mustard,3.664
F02065,2023-R,Mustard,5.09
F02066,2023-R,Mustard,1.165
F02068,2023-R,Mustard,1.756
F02070,2023-R,Mustard,2.668
F02072,2023-R,Mustard,8.808
F02073,2023-R,Mustard,1.811
F02073,2023-R,Gram,1.515
F02076,2023-R,Mustard,2.322
F02079,2023-R,Mustard,1.334
F02083,2023-R,Mustard,1.906
F02085,2023-R,Mustard,4.013
F02086,2023-R,Mustard,0.689
F02088,2023-R,Mustard,2.174
F02090,2023-R,Mustard,1.731
F02091,2023-R,Mustard,2.502
F02091,2023-R,Gram,2.277
F02092,2023-R,Mustard,1.56
F02093,2023-R,Mustard,1.143
F02093,2023-R,Gram,0.986
F02095,2023-R,Mustard,6.307
F02096,2023-R,Mustard,0.581
F02097,2023-R,Mustard,2.721
F02104,2023-R,Mustard,0.596
F02105,2023-R,Mustard,1.436
F02106,2023-R,Mustard,2.071
F02107,2023-R,Mustard,2.016
F02107,2023-R,Gram,1.69
F02108,2023-R,Mustard,3.509
F02121,2023-R,Mustard,2.613
F02123,2023-R,Mustard,1.55
F02128,2023-R,Mustard,3.532
F02129,2023-R,Mustard,3.196
F02129,2023-R,Gram,2.899
F02133,2023-R,Mustard,1.566
F02133,2023-R,Gram,1.532
F02134,2023-R,Mustard,1.714
F02137,2023-R,Mustard,2.253
F02138,2023-R,Mustard,1.273
F02138,2023-R,Gram,1.02
F02139,2023-R,Mustard,3.926
F02141,2023-R,Mustard,2.087
F02141,2023-R,Gram,1.814
F02144,2023-R,Mustard,2.03
F02145,2023-R,Mustard,4.39
F02146,2023-R,Mustard,1.277
F02147,2023-R,Mustard,2.56
F02147,2023-R,Gram,2.285
F02149,2023-R,Mustard,2.361
F02149,2023-R,Gram,2.012
F02151,2023-R,Mustard,1.776
F02154,2023-R,Mustard,3.061
F02156,2023-R,Mustard,2.083
F02158,2023-R,Mustard,3.946
F02162,2023-R,Mustard,0.993
F02162,2023-R,Gram,0.865
F02163,2023-R,Mustard,1.969
F02168,2023-R,Mustard,7.218
F02168,2023-R,Gram,6.731
F02174,2023-R,Mustard,1.254
F02178,2023-R,Mustard,3.07
F02180,2023-R,Mustard,1.364
F02180,2023-R,Gram,1.111
F02181,2023-R,Mustard,2.625
F02184,2023-R,Mustard,3.628
F02185,2023-R,Mustard,2.197
F02189,2023-R,Mustard,2.604
F02189,2023-R,Gram,2.151
F02191,2023-R,Mustard,2.579
F02195,2023-R,Mustard,1.584
F02195,2023-R,Gram,1.375
F02196,2023-R,Mustard,3.761
F02201,2023-R,Mustard,2.399
F02202,2023-R,Mustard,4.951
F02207,2023-R,Mustard,1.995
F02208,2023-R,Mustard,1.207
F02208,2023-R,Gram,0.859
F02209,2023-R,Mustard,3.408
F02210,2023-R,Mustard,1.819
F02211,2023-R,Mustard,1.131
F02217,2023-R,Mustard,3.748
F02220,2023-R,Wheat,8.432
F02222,2023-R,Mustard,1.805
F02225,2023-R,Gram,3.16
F02226,2023-R,Wheat,3.755
F02227,2023-R,Mustard,1.568
F02231,2023-R,Mustard,2.315
F02233,2023-R,Gram,1.501
F02234,2023-R,Wheat,1.664
F02242,2023-R,Wheat,10.13
F02243,2023-R,Mustard,3.067
F02244,2023-R,Wheat,9.096
F02245,2023-R,Mustard,5.917
F02248,2023-R,Wheat,4.792
F02250,2023-R,Mustard,3.198
F02251,2023-R,Mustard,1.978
F02252,2023-R,Wheat,5.941
F02261,2023-R,Wheat,9.543
F02262,2023-R,Wheat,4.87
F02263,2023-R,Gram,1.796
F02266,2023-R,Wheat,8.308
F02270,2023-R,Gram,3.088
F02272,2023-R,Mustard,3.731
F02273,2023-R,Mustard,1.517
F02274,2023-R,Wheat,1.779
F02275,2023-R,Mustard,1.207
F02279,2023-R,Gram,1.725
F02280,2023-R,Wheat,3.711
F02281,2023-R,Mustard,3.452
F02285,2023-R,Wheat,2.778
F02287,2023-R,Wheat,3.761
F02289,2023-R,Wheat,3.316
F02292,2023-R,Wheat,9.947
F02293,2023-R,Mustard,2.252
F02294,2023-R,Wheat,8.936
F02296,2023-R,Gram,1.71
F02298,2023-R,Mustard,3.436
F02299,2023-R,Wheat,4.715
F02300,2023-R,Mustard,0.662
F02301,2023-R,Mustard,1.339
F02302,2023-R,Mustard,2.02
F02304,2023-R,Wheat,8.625
F02305,2023-R,Wheat,5.987
F02306,2023-R,Wheat,2.2
F02307,2023-R,Mustard,2.607
F02308,2023-R,Mustard,2.082
F02309,2023-R,Wheat,4.59
F02310,2023-R,Wheat,6.568
F02313,2023-R,Wheat,6.445
F02316,2023-R,Mustard,1.687
F02322,2023-R,Wheat,8.431
F02323,2023-R,Wheat,1.607
F02325,2023-R,Wheat,7.074
F02328,2023-R,Wheat,17.856
F02332,2023-R,Mustard,1.389
F02333,2023-R,Wheat,2.691
F02334,2023-R,Mustard,2.619
F02336,2023-R,Wheat,3.622
F02338,2023-R,Wheat,7.337
F02339,2023-R,Mustard,2.795
F02340,2023-R,Wheat,11.221
F02341,2023-R,Mustard,0.95
F02342,2023-R,Mustard,1.417
F02345,2023-R,Wheat,2.354
F02348,2023-R,Mustard,2.824
F02349,2023-R,Wheat,13.509
F02352,2023-R,Mustard,1.881
F02354,2023-R,Wheat,5.961
F02356,2023-R,Mustard,2.927
F02358,2023-R,Wheat,6.03
F02360,2023-R,Mustard,3.489
F02363,2023-R,Wheat,10.545
F02365,2023-R,Mustard,1.141
F02366,2023-R,Wheat,14.436
F02367,2023-R,Gram,1.395
F02368,2023-R,Gram,2.682
F02369,2023-R,Mustard,1.922
F02371,2023-R,Wheat,4.539
F02372,2023-R,Gram,3.141
F02374,2023-R,Wheat,4.611
F02378,2023-R,Mustard,1.746
F02380,2023-R,Mustard,1.237
F02382,2023-R,Gram,2.006
F02383,2023-R,Mustard,1.214
F02385,2023-R,Mustard,3.115
F02386,2023-R,Mustard,2.209
F02388,2023-R,Wheat,5.225
F02390,2023-R,Wheat,1.728
F02391,2023-R,Wheat,7.096
F02392,2023-R,Wheat,6.12
F02394,2023-R,Mustard,3.416
F02396,2023-R,Wheat,1.846
F02397,2023-R,Gram,0.853
F02400,2023-R,Mustard,2.612
F02401,2023-R,Mustard,1.257
F02404,2023-R,Gram,0.894
F02405,2023-R,Wheat,5.478
F02406,2023-R,Mustard,6.09
F02407,2023-R,Gram,2.037
F02408,2023-R,Wheat,6.622
F02412,2023-R,Mustard,4.14
F02415,2023-R,Wheat,7.359
F02417,2023-R,Gram,1.981
F02418,2023-R,Wheat,3.631
F02419,2023-R,Mustard,1.501
F02420,2023-R,Wheat,9.106
F02422,2023-R,Mustard,1.548
F02423,2023-R,Mustard,1.837
F02425,2023-R,Wheat,3.832
F02426,2023-R,Wheat,7.396
F02429,2023-R,Mustard,3.152
F02430,2023-R,Mustard,1.714
F02431,2023-R,Mustard,3.574
F02432,2023-R,Mustard,1.232
F02433,2023-R,Wheat,5.003
F02434,2023-R,Wheat,8.709
F02435,2023-R,Wheat,5.318
F02437,2023-R,Mustard,1.002
F02438,2023-R,Gram,2.835
F02439,2023-R,Wheat,16.019
F02440,2023-R,Mustard,2.122
F02441,2023-R,Mustard,1.483
F02442,2023-R,Mustard,3.541
F02443,2023-R,Wheat,8.358
F02444,2023-R,Wheat,2.682
F02445,2023-R,Mustard,3.885
F02446,2023-R,Wheat,8.366
F02447,2023-R,Mustard,1.143
F02451,2023-R,Wheat,8.92
F02452,2023-R,Wheat,6.016
F02453,2023-R,Mustard,1.634
F02454,2023-R,Gram,0.726
F02455,2023-R,Wheat,2.25
F02456,2023-R,Mustard,0.885
F02457,2023-R,Mustard,3.446
F02458,2023-R,Mustard,2.073
F02459,2023-R,Wheat,2.749
F02460,2023-R,Mustard,1.122
F02461,2023-R,Gram,3.129
F02462,2023-R,Wheat,6.801
F02463,2023-R,Wheat,4.882
F02464,2023-R,Mustard,1.396
F02465,2023-R,Mustard,2.296
F02466,2023-R,Wheat,5.266
F02467,2023-R,Wheat,12.749
F02468,2023-R,Wheat,3.301
F02469,2023-R,Wheat,4.168
F02470,2023-R,Gram,1.636
F02471,2023-R,Mustard,1.914
F02472,2023-R,Mustard,2.621
F02473,2023-R,Wheat,3.843
F02474,2023-R,Mustard,1.914
F02475,2023-R,Wheat,2.685
F02476,2023-R,Wheat,12.56
F02477,2023-R,Mustard,2.751
F02478,2023-R,Mustard,5.334
F02479,2023-R,Gram,2.298
F02480,2023-R,Mustard,6.629
F02481,2023-R,Wheat,6.993
F02482,2023-R,Gram,3.462
F02483,2023-R,Mustard,2.041
F02484,2023-R,Mustard,2.047
F02486,2023-R,Gram,5.361
F02487,2023-R,Wheat,8.777
F02488,2023-R,Wheat,7.271
F02489,2023-R,Gram,2.84
F02490,2023-R,Wheat,9.124
F02491,2023-R,Wheat,4.451
F02492,2023-R,Wheat,6.47
F02495,2023-R,Wheat,3.644
F02496,2023-R,Wheat,7.565
F02497,2023-R,Gram,0.923
F02498,2023-R,Wheat,3.527
F02499,2023-R,Wheat,3.756
F02500,2023-R,Gram,3.977
F02501,2023-R,Wheat,4.745
F02502,2023-R,Wheat,2.492
F02503,2023-R,Wheat,7.925
F02504,2023-R,Wheat,4.93
F02505,2023-R,Mustard,1.594
F02506,2023-R,Mustard,1.666
F02507,2023-R,Wheat,5.792
F02508,2023-R,Gram,1.917
F02509,2023-R,Gram,1.852
F02510,2023-R,Mustard,1.773
F02511,2023-R,Wheat,7.354
F02512,2023-R,Gram,1.442
F02513,2023-R,Mustard,8.893
F02514,2023-R,Gram,2.263
F02515,2023-R,Mustard,2.328
F02516,2023-R,Wheat,3.987
F02517,2023-R,Wheat,7.029
F02518,2023-R,Mustard,2.477
F02519,2023-R,Mustard,1.844
F02520,2023-R,Mustard,1.168
F02521,2023-R,Mustard,1.751
F02522,2023-R,Wheat,6.788
F02523,2023-R,Mustard,2.597
F02524,2023-R,Wheat,5.335
F02525,2023-R,Wheat,6.148
F02526,2023-R,Wheat,4.451
F02527,2023-R,Wheat,3.278
F02528,2023-R,Mustard,2.916
F02529,2023-R,Wheat,1.921
F02530,2023-R,Wheat,6.337
F02531,2023-R,Wheat,7.207
F02532,2023-R,Mustard,0.921
F02533,2023-R,Mustard,0.473
F02534,2023-R,Wheat,4.045
F02535,2023-R,Mustard,2.381
F02536,2023-R,Gram,3.313
F02537,2023-R,Wheat,7.21
F02538,2023-R,Wheat,4.355
F02539,2023-R,Wheat,14.089
F02540,2023-R,Gram,1.914
F02541,2023-R,Mustard,1.861
F02542,2023-R,Mustard,7.2
F02543,2023-R,Wheat,4.195
F02544,2023-R,Wheat,5.32
F02545,2023-R,Mustard,2.103
F02546,2023-R,Mustard,1.723
F02547,2023-R,Mustard,3.158
F02548,2023-R,Wheat,3.434
F02549,2023-R,Mustard,0.767
F02550,2023-R,Wheat,6.928
F02551,2023-R,Mustard,2.751
F02552,2023-R,Mustard,1.248
F02553,2023-R,Wheat,4.182
F02554,2023-R,Wheat,2.37
F02555,2023-R,Mustard,3.845
F02556,2023-R,Wheat,6.458
F02557,2023-R,Mustard,1.637
F02558,2023-R,Mustard,0.935
F02559,2023-R,Gram,6.943
F02560,2023-R,Mustard,3.386
F02561,2023-R,Mustard,1.192
F02562,2023-R,Mustard,5.97
F02563,2023-R,Wheat,3.41
F02564,2023-R,Wheat,8.991
F02565,2023-R,Wheat,5.453
F02566,2023-R,Mustard,2.851
F02567,2023-R,Wheat,13.69
F02568,2023-R,Wheat,4.549
F02569,2023-R,Wheat,5.677
F02570,2023-R,Gram,1.668
F02571,2023-R,Wheat,4.036
F02572,2023-R,Wheat,2.225
F02573,2023-R,Mustard,1.107
F02574,2023-R,Wheat,4.727
F02575,2023-R,Wheat,5.894
F02576,2023-R,Wheat,6.304
F02577,2023-R,Wheat,6.325
F02578,2023-R,Wheat,5.514
F02579,2023-R,Wheat,7.958
F02580,2023-R,Gram,2.023
F02581,2023-R,Wheat,7.895
F02582,2023-R,Gram,2.086
F02583,2023-R,Wheat,10.214
F02584,2023-R,Wheat,5.578
F02585,2023-R,Gram,2.228
F02586,2023-R,Wheat,4.649
F02587,2023-R,Gram,1.415
F02588,2023-R,Mustard,4.075
F02589,2023-R,Wheat,3.865
F02590,2023-R,Wheat,4.505
F02591,2023-R,Wheat,3.362
F02592,2023-R,Wheat,5.864
F02593,2023-R,Gram,2.533
F02594,2023-R,Wheat,2.585
F02595,2023-R,Gram,1.326
F02596,2023-R,Wheat,4.785
F02597,2023-R,Wheat,4.979
F02598,2023-R,Wheat,5.601
F02599,2023-R,Wheat,9.881
F02600,2023-R,Mustard,3.13
F02601,2023-R,Wheat,7.299
F02602,2023-R,Mustard,1.557
F02603,2023-R,Mustard,1.806
F02604,2023-R,Mustard,2.42
F02605,2023-R,Gram,1.388
F02606,2023-R,Mustard,3.318
F02607,2023-R,Mustard,2.804
F02608,2023-R,Mustard,1.042
F02609,2023-R,Mustard,1.238
F02610,2023-R,Mustard,3.275
F01003,2024-K,Cotton,1.073
F01003,2024-K,Soybean,1.42
F01005,2024-K,Cotton,3.752
F01008,2024-K,Cotton,1.04
F01008,2024-K,Soybean,1.234
F01009,2024-K,Cotton,0.971
F01013,2024-K,Cotton,1.96
F01017,2024-K,Cotton,2.49
F01017,2024-K,Soybean,3.374
F01020,2024-K,Cotton,0.518
F01021,2024-K,Cotton,1.702
F01021,2024-K,Soybean,2.085
F01023,2024-K,Cotton,1.192
F01029,2024-K,Cotton,1.699
F01030,2024-K,Cotton,0.489
F01030,2024-K,Soybean,0.623
F01032,2024-K,Cotton,1.3
F01035,2024-K,Cotton,0.788
F01035,2024-K,Soybean,0.938
F01036,2024-K,Cotton,1.242
F01036,2024-K,Soybean,1.747
F01037,2024-K,Cotton,0.979
F01037,2024-K,Soybean,1.235
F01044,2024-K,Cotton,2.609
F01044,2024-K,Soybean,3.359
F01048,2024-K,Cotton,0.666
F01048,2024-K,Soybean,0.854
F01050,2024-K,Cotton,3.439
F01051,2024-K,Cotton,1.719
F01055,2024-K,Cotton,1.74
F01057,2024-K,Cotton,1.855
F01057,2024-K,Soybean,2.559
F01064,2024-K,Cotton,3.614
F01071,2024-K,Cotton,1.241
F01071,2024-K,Soybean,1.605
F01075,2024-K,Cotton,4.462
F01079,2024-K,Cotton,1.307
F01079,2024-K,Soybean,1.593
F01081,2024-K,Cotton,1.942
F01082,2024-K,Cotton,1.083
F01087,2024-K,Cotton,2.979
F01088,2024-K,Cotton,0.756
F01090,2024-K,Cotton,1.18
F01090,2024-K,Soybean,1.269
F01092,2024-K,Cotton,1.73
F01092,2024-K,Soybean,2.12
F01093,2024-K,Cotton,4.357
F01098,2024-K,Cotton,0.915
F01098,2024-K,Soybean,1.192
F01104,2024-K,Cotton,3.096
F01104,2024-K,Soybean,4.075
F01105,2024-K,Cotton,2.61
F01105,2024-K,Soybean,3.309
F01107,2024-K,Cotton,1.954
F01107,2024-K,Soybean,2.554
F01110,2024-K,Cotton,2.032
F01111,2024-K,Cotton,1.829
F01112,2024-K,Cotton,2.537
F01114,2024-K,Cotton,1.82
F01116,2024-K,Cotton,1.514
F01117,2024-K,Cotton,1.54
F01120,2024-K,Cotton,2.068
F01120,2024-K,Soybean,2.637
F01121,2024-K,Cotton,0.744
F01121,2024-K,Soybean,0.99
F01122,2024-K,Cotton,0.526
F01122,2024-K,Soybean,0.685
F01131,2024-K,Cotton,1.378
F01131,2024-K,Soybean,1.935
F01133,2024-K,Cotton,0.809
F01133,2024-K,Soybean,1.104
F01139,2024-K,Cotton,1.091
F01141,2024-K,Cotton,2.083
F01142,2024-K,Cotton,1.092
F01142,2024-K,Soybean,1.255
F01146,2024-K,Cotton,1.168
F01147,2024-K,Cotton,2.599
F01147,2024-K,Soybean,3.214
F01151,2024-K,Cotton,0.504
F01151,2024-K,Soybean,0.651
F01152,2024-K,Cotton,3.093
F01153,2024-K,Cotton,1.996
F01158,2024-K,Soybean,2.567
F01160,2024-K,Soybean,2.205
F01160,2024-K,Cotton,1.799
F01163,2024-K,Soybean,4.467
F01164,2024-K,Soybean,3.27
F01165,2024-K,Soybean,3.139
F01169,2024-K,Soybean,3.237
F01170,2024-K,Soybean,2.611
F01170,2024-K,Cotton,2.151
F01171,2024-K,Soybean,1.539
F01176,2024-K,Soybean,1.147
F01176,2024-K,Cotton,0.893
F01179,2024-K,Soybean,3.464
F01179,2024-K,Cotton,2.571
F01191,2024-K,Soybean,1.755
F01193,2024-K,Soybean,5.068
F01199,2024-K,Soybean,3.567
F01199,2024-K,Cotton,2.749
F01200,2024-K,Soybean,2.038
F01200,2024-K,Cotton,1.662
F01202,2024-K,Soybean,3.615
F01203,2024-K,Soybean,1.753
F01203,2024-K,Cotton,1.373
F01207,2024-K,Soybean,2.606
F01211,2024-K,Soybean,2.825
F01211,2024-K,Cotton,2.097
F01216,2024-K,Soybean,1.862
F01219,2024-K,Soybean,2.541
F01223,2024-K,Soybean,6.962
F01225,2024-K,Soybean,2.358
F01226,2024-K,Soybean,1.273
F01227,2024-K,Soybean,3.706
F01227,2024-K,Cotton,3.207
F01228,2024-K,Soybean,1.164
F01235,2024-K,Soybean,2.292
F01235,2024-K,Cotton,1.675
F01236,2024-K,Soybean,2.652
F01238,2024-K,Soybean,0.941
F01238,2024-K,Cotton,0.772
F01249,2024-K,Soybean,2.235
F01263,2024-K,Soybean,1.99
F01264,2024-K,Soybean,1.274
F01274,2024-K,Soybean,1.378
F01274,2024-K,Cotton,1.04
F01275,2024-K,Soybean,1.535
F01275,2024-K,Cotton,1.208
F01276,2024-K,Soybean,1.439
F01280,2024-K,Soybean,4.486
F01283,2024-K,Soybean,1.161
F01285,2024-K,Soybean,4.234
F01288,2024-K,Soybean,2.729
F01292,2024-K,Soybean,5.263
F01293,2024-K,Soybean,2.747
F01296,2024-K,Soybean,3.03
F01297,2024-K,Soybean,1.559
F01301,2024-K,Paddy,3.056
F01307,2024-K,Paddy,3.868
F01308,2024-K,Paddy,7.613
F01311,2024-K,Paddy,3.877
F01312,2024-K,Paddy,6.79
F01317,2024-K,Paddy,9.966
F01319,2024-K,Paddy,6.675
F01320,2024-K,Paddy,8.493
F01329,2024-K,Paddy,3.334
F01331,2024-K,Paddy,10.092
F01340,2024-K,Paddy,11.145
F01347,2024-K,Paddy,5.518
F01348,2024-K,Paddy,6.674
F01350,2024-K,Paddy,2.647
F01352,2024-K,Paddy,6.886
F01360,2024-K,Paddy,3.406
F01362,2024-K,Paddy,9.565
F01364,2024-K,Paddy,6.243
F01366,2024-K,Paddy,15.161
F01369,2024-K,Paddy,2.12
F01370,2024-K,Paddy,9.264
F01376,2024-K,Paddy,4.187
F01378,2024-K,Paddy,8.595
F01379,2024-K,Paddy,3.924
F01380,2024-K,Paddy,3.127
F01384,2024-K,Paddy,6.858
F01385,2024-K,Paddy,2.713
F01386,2024-K,Paddy,5.941
F01390,2024-K,Paddy,3.833
F01391,2024-K,Paddy,4.17
F01393,2024-K,Paddy,6.53
F01394,2024-K,Paddy,10.666
F01395,2024-K,Paddy,1.767
F01396,2024-K,Paddy,8.524
F01398,2024-K,Paddy,5.558
F01400,2024-K,Paddy,11.355
F01401,2024-K,Paddy,4.967
F01404,2024-K,Paddy,6.083
F01408,2024-K,Paddy,6.578
F01409,2024-K,Paddy,12.964
F01412,2024-K,Paddy,7.748
F01414,2024-K,Paddy,7.608
F01417,2024-K,Paddy,7.09
F01419,2024-K,Paddy,4.951
F01420,2024-K,Paddy,8.623
F01428,2024-K,Paddy,3.816
F01430,2024-K,Paddy,6.854
F01432,2024-K,Paddy,3.976
F01433,2024-K,Paddy,4.3
F01441,2024-K,Paddy,6.293
F01448,2024-K,Paddy,8.048
F01450,2024-K,Paddy,6.831
F01453,2024-K,Paddy,11.593
F01457,2024-K,Paddy,3.889
F01464,2024-K,Soybean,1.267
F01476,2024-K,Soybean,7.264
F01481,2024-K,Soybean,2.009
F01489,2024-K,Soybean,3.88
F01490,2024-K,Soybean,8.417
F01492,2024-K,Soybean,4.75
F01495,2024-K,Soybean,1.689
F01499,2024-K,Soybean,1.413
F01501,2024-K,Soybean,1.29
F01502,2024-K,Soybean,2.695
F01505,2024-K,Soybean,1.739
F01510,2024-K,Soybean,1.419
F01511,2024-K,Soybean,2.418
F01513,2024-K,Soybean,5.256
F01514,2024-K,Soybean,1.758
F01518,2024-K,Soybean,1.257
F01526,2024-K,Soybean,2.673
F01527,2024-K,Soybean,1.605
F01528,2024-K,Soybean,1.21
F01530,2024-K,Soybean,2.822
F01535,2024-K,Soybean,3.36
F01538,2024-K,Soybean,2.795
F01542,2024-K,Soybean,2.714
F01544,2024-K,Soybean,1.696
F01545,2024-K,Soybean,1.949
F01546,2024-K,Soybean,1.681
F01548,2024-K,Soybean,1.06
F01550,2024-K,Soybean,4.289
F01553,2024-K,Soybean,1.12
F01556,2024-K,Soybean,3.13
F01560,2024-K,Soybean,1.558
F01561,2024-K,Soybean,1.948
F01563,2024-K,Soybean,2.152
F01564,2024-K,Soybean,1.895
F01568,2024-K,Soybean,3.425
F01569,2024-K,Soybean,2.282
F01575,2024-K,Soybean,3.003
F01576,2024-K,Soybean,1.306
F01577,2024-K,Soybean,0.976
F01580,2024-K,Soybean,1.454
F01581,2024-K,Soybean,1.344
F01582,2024-K,Soybean,2.067
F01586,2024-K,Soybean,3.722
F01587,2024-K,Soybean,1.695
F01590,2024-K,Soybean,0.9
F01593,2024-K,Soybean,2.658
F01595,2024-K,Soybean,1.622
F01599,2024-K,Soybean,4.868
F01603,2024-K,Soybean,9.882
F01606,2024-K,Soybean,1.42
F01607,2024-K,Soybean,2.709
F01610,2024-K,Soybean,2.049
F01612,2024-K,Soybean,2.034
F01633,2024-K,Soybean,3.51
F01636,2024-K,Soybean,2.292
F01637,2024-K,Soybean,5.458
F01638,2024-K,Soybean,0.719
F01640,2024-K,Soybean,4.662
F01642,2024-K,Soybean,1.415
F01643,2024-K,Soybean,1.883
F01649,2024-K,Soybean,3.099
F01650,2024-K,Soybean,1.939
F01653,2024-K,Soybean,1.299
F01654,2024-K,Soybean,7.319
F01658,2024-K,Soybean,4.783
F01660,2024-K,Soybean,1.326
F01662,2024-K,Soybean,1.753
F01666,2024-K,Soybean,1.948
F01671,2024-K,Soybean,1.154
F01675,2024-K,Soybean,1.282
F01687,2024-K,Soybean,2.426
F01693,2024-K,Soybean,1.646
F01694,2024-K,Soybean,2.127
F01696,2024-K,Soybean,1.746
F01702,2024-K,Soybean,3.28
F01703,2024-K,Soybean,1.931
F01706,2024-K,Soybean,2.514
F01707,2024-K,Soybean,0.783
F01709,2024-K,Soybean,4.188
F01714,2024-K,Soybean,2.282
F01718,2024-K,Soybean,3.019
F01719,2024-K,Soybean,1.509
F01722,2024-K,Soybean,2.267
F01724,2024-K,Soybean,11.001
F01725,2024-K,Soybean,1.3
F01729,2024-K,Soybean,3.775
F01730,2024-K,Soybean,2.286
F01732,2024-K,Soybean,2.82
F01740,2024-K,Soybean,1.729
F01741,2024-K,Soybean,1.478
F01747,2024-K,Soybean,2.442
F01750,2024-K,Soybean,3.102
F01753,2024-K,Soybean,3.074
F01760,2024-K,Soybean,1.117
F01765,2024-K,Soybean,4.062
F01772,2024-K,Soybean,3.002
F01774,2024-K,Soybean,2.721
F01779,2024-K,Soybean,2.414
F01781,2024-K,Soybean,2.835
F01782,2024-K,Soybean,8.384
F01783,2024-K,Soybean,1.193
F01784,2024-K,Soybean,1.68
F01786,2024-K,Soybean,3.318
F01787,2024-K,Soybean,2.915
F01788,2024-K,Soybean,6.859
F01791,2024-K,Soybean,2.168
F01794,2024-K,Soybean,1.525
F01798,2024-K,Soybean,8.637
F01800,2024-K,Soybean,2.477
F01801,2024-K,Soybean,2.932
F01803,2024-K,Soybean,6.492
F01805,2024-K,Soybean,1.986
F01806,2024-K,Soybean,2.103
F01809,2024-K,Soybean,4.541
F01815,2024-K,Soybean,1.297
F01817,2024-K,Soybean,0.934
F01818,2024-K,Soybean,3.093
F01823,2024-K,Soybean,0.747
F01825,2024-K,Soybean,5.589
F01829,2024-K,Soybean,3.896
F01831,2024-K,Soybean,3.793
F01833,2024-K,Soybean,1.882
F01837,2024-K,Soybean,1.97
F01838,2024-K,Soybean,4.815
F01839,2024-K,Soybean,2.206
F01842,2024-K,Soybean,1.986
F01843,2024-K,Soybean,1.504
F01844,2024-K,Soybean,1.67
F01846,2024-K,Soybean,2.243
F01848,2024-K,Soybean,2.82
F01849,2024-K,Soybean,2.328
F01851,2024-K,Soybean,4.315
F01852,2024-K,Soybean,8.631
F01858,2024-K,Soybean,1.724
F01859,2024-K,Soybean,2.258
F01865,2024-K,Soybean,3.716
F01866,2024-K,Soybean,1.7
F01867,2024-K,Soybean,1.237
F01873,2024-K,Soybean,1.532
F01875,2024-K,Soybean,2.855
F01876,2024-K,Soybean,2.707
F01878,2024-K,Soybean,1.837
F01880,2024-K,Soybean,5.157
F01881,2024-K,Soybean,2.0
F01882,2024-K,Soybean,2.177
F01886,2024-K,Soybean,6.259
F01890,2024-K,Soybean,3.402
F01891,2024-K,Soybean,2.525
F01893,2024-K,Soybean,1.592
F01899,2024-K,Soybean,6.903
F01903,2024-K,Soybean,1.983
F01905,2024-K,Soybean,2.53
F01907,2024-K,Soybean,2.947
F01909,2024-K,Soybean,8.855
F01913,2024-K,Soybean,2.083
F01914,2024-K,Soybean,1.308
F01915,2024-K,Soybean,3.152
F01916,2024-K,Soybean,5.178
F01917,2024-K,Soybean,0.845
F01918,2024-K,Soybean,1.173
F01920,2024-K,Soybean,1.9
F01921,2024-K,Soybean,1.871
F01922,2024-K,Soybean,2.942
F01929,2024-K,Soybean,1.721
F01933,2024-K,Soybean,1.549
F01934,2024-K,Soybean,2.165
F01937,2024-K,Soybean,2.29
F01939,2024-K,Soybean,3.288
F01940,2024-K,Soybean,1.44
F01948,2024-K,Soybean,2.574
F01949,2024-K,Soybean,2.123
F01952,2024-K,Soybean,2.319
F01958,2024-K,Soybean,1.145
F01959,2024-K,Soybean,1.854
F01964,2024-K,Soybean,1.213
F01969,2024-K,Soybean,1.869
F01973,2024-K,Soybean,2.903
F01974,2024-K,Soybean,1.426
F01978,2024-K,Soybean,4.374
F01979,2024-K,Soybean,1.541
F01986,2024-K,Soybean,3.047
F01990,2024-K,Soybean,3.906
F01991,2024-K,Soybean,1.994
F01994,2024-K,Soybean,2.753
F01998,2024-K,Soybean,4.199
F02002,2024-K,Soybean,1.211
F02012,2024-K,Soybean,2.337
F02013,2024-K,Soybean,1.844
F02020,2024-K,Soybean,5.032
F02021,2024-K,Soybean,2.885
F02022,2024-K,Soybean,3.793
F02031,2024-K,Soybean,2.223
F02035,2024-K,Soybean,3.65
F02036,2024-K,Soybean,3.277
F02038,2024-K,Soybean,4.333
F02041,2024-K,Soybean,1.194
F02042,2024-K,Soybean,1.074
F02044,2024-K,Soybean,4.359
F02046,2024-K,Soybean,2.421
F02049,2024-K,Soybean,2.142
F02053,2024-K,Soybean,1.192
F02055,2024-K,Soybean,1.961
F02057,2024-K,Soybean,1.852
F02060,2024-K,Soybean,6.801
F02061,2024-K,Soybean,2.632
F02064,2024-K,Groundnut,4.898
F02064,2024-K,Soybean,3.891
F02065,2024-K,Groundnut,7.179
F02066,2024-K,Groundnut,1.699
F02068,2024-K,Groundnut,2.307
F02073,2024-K,Groundnut,2.748
F02076,2024-K,Groundnut,3.47
F02076,2024-K,Soybean,2.68
F02079,2024-K,Groundnut,1.987
F02083,2024-K,Groundnut,2.79
F02085,2024-K,Groundnut,5.964
F02086,2024-K,Groundnut,0.832
F02086,2024-K,Soybean,0.754
F02088,2024-K,Groundnut,2.933
F02090,2024-K,Groundnut,2.252
F02090,2024-K,Soybean,1.794
F02091,2024-K,Groundnut,3.427
F02092,2024-K,Groundnut,2.261
F02093,2024-K,Groundnut,1.437
F02095,2024-K,Groundnut,8.389
F02096,2024-K,Groundnut,0.759
F02097,2024-K,Groundnut,4.268
F02097,2024-K,Soybean,3.28
F02104,2024-K,Groundnut,0.815
F02105,2024-K,Groundnut,1.732
F02106,2024-K,Groundnut,2.811
F02107,2024-K,Groundnut,2.994
F02108,2024-K,Groundnut,4.307
F02121,2024-K,Groundnut,3.599
F02123,2024-K,Groundnut,2.458
F02128,2024-K,Groundnut,5.035
F02129,2024-K,Groundnut,3.899
F02133,2024-K,Groundnut,2.407
F02137,2024-K,Groundnut,3.352
F02138,2024-K,Groundnut,1.727
F02139,2024-K,Groundnut,5.405
F02141,2024-K,Groundnut,2.641
F02141,2024-K,Soybean,2.197
F02144,2024-K,Groundnut,2.667
F02144,2024-K,Soybean,2.003
F02145,2024-K,Groundnut,5.564
F02146,2024-K,Groundnut,1.716
F02147,2024-K,Groundnut,3.272
F02149,2024-K,Groundnut,3.478
F02151,2024-K,Groundnut,2.367
F02154,2024-K,Groundnut,3.655
F02156,2024-K,Groundnut,3.149
F02158,2024-K,Groundnut,4.443
F02162,2024-K,Groundnut,1.513
F02162,2024-K,Soybean,1.088
F02163,2024-K,Groundnut,2.317
F02163,2024-K,Soybean,2.251
F02168,2024-K,Groundnut,9.794
F02174,2024-K,Groundnut,1.583
F02178,2024-K,Groundnut,4.335
F02180,2024-K,Groundnut,1.894
F02181,2024-K,Groundnut,3.419
F02181,2024-K,Soybean,2.721
F02184,2024-K,Groundnut,4.384
F02184,2024-K,Soybean,4.194
F02185,2024-K,Groundnut,2.937
F02189,2024-K,Groundnut,3.307
F02191,2024-K,Groundnut,3.303
F02191,2024-K,Soybean,2.622
F02195,2024-K,Groundnut,2.006
F02196,2024-K,Groundnut,5.339
F02201,2024-K,Groundnut,3.484
F02201,2024-K,Soybean,2.783
F02202,2024-K,Groundnut,6.761
F02207,2024-K,Groundnut,2.871
F02208,2024-K,Groundnut,1.459
F02209,2024-K,Groundnut,5.003
F02210,2024-K,Groundnut,2.808
F02211,2024-K,Groundnut,1.551
F02217,2024-K,Groundnut,5.11
F02220,2024-K,Soybean,3.725
F02222,2024-K,Soybean,2.2
F02225,2024-K,Cotton,2.836
F02226,2024-K,Soybean,1.952
F02227,2024-K,Soybean,1.686
F02231,2024-K,Soybean,2.46
F02233,2024-K,Cotton,1.496
F02234,2024-K,Soybean,0.828
F02242,2024-K,Soybean,4.766
F02243,2024-K,Soybean,3.336
F02244,2024-K,Soybean,3.967
F02245,2024-K,Soybean,5.93
F02248,2024-K,Paddy,5.037
F02250,2024-K,Soybean,3.592
F02251,2024-K,Groundnut,2.514
F02252,2024-K,Soybean,2.685
F02261,2024-K,Soybean,3.935
F02262,2024-K,Soybean,2.557
F02263,2024-K,Cotton,1.776
F02266,2024-K,Soybean,4.25
F02270,2024-K,Cotton,3.269
F02272,2024-K,Groundnut,5.053
F02273,2024-K,Soybean,1.786
F02274,2024-K,Soybean,0.824
F02275,2024-K,Soybean,1.494
F02279,2024-K,Cotton,1.729
F02280,2024-K,Soybean,1.701
F02281,2024-K,Soybean,3.891
F02285,2024-K,Soybean,1.34
F02287,2024-K,Paddy,4.093
F02289,2024-K,Soybean,1.593
F02292,2024-K,Soybean,4.238
F02293,2024-K,Soybean,2.611
F02294,2024-K,Paddy,9.914
F02296,2024-K,Cotton,1.848
F02298,2024-K,Soybean,3.98
F02299,2024-K,Soybean,2.037
F02300,2024-K,Soybean,0.777
F02301,2024-K,Soybean,1.732
F02302,2024-K,Soybean,2.313
F02304,2024-K,Soybean,4.1
F02305,2024-K,Soybean,3.251
F02306,2024-K,Paddy,2.647
F02307,2024-K,Soybean,2.874
F02308,2024-K,Groundnut,2.868
F02309,2024-K,Soybean,2.278
F02310,2024-K,Soybean,2.628
F02313,2024-K,Soybean,3.037
F02316,2024-K,Groundnut,2.592
F02323,2024-K,Soybean,0.758
F02325,2024-K,Soybean,3.713
F02328,2024-K,Paddy,20.913
F02333,2024-K,Soybean,1.231
F02334,2024-K,Soybean,2.88
F02336,2024-K,Soybean,1.86
F02338,2024-K,Soybean,3.141
F02339,2024-K,Soybean,3.158
F02340,2024-K,Soybean,5.333
F02341,2024-K,Soybean,1.04
F02342,2024-K,Soybean,1.797
F02345,2024-K,Soybean,1.054
F02348,2024-K,Soybean,2.972
F02349,2024-K,Soybean,6.491
F02352,2024-K,Groundnut,2.849
F02356,2024-K,Groundnut,3.96
F02358,2024-K,Soybean,2.822
F02360,2024-K,Soybean,3.826
F02363,2024-K,Paddy,12.105
F02365,2024-K,Groundnut,1.478
F02366,2024-K,Soybean,6.966
F02367,2024-K,Cotton,1.36
F02368,2024-K,Cotton,2.817
F02369,2024-K,Soybean,2.217
F02371,2024-K,Paddy,5.239
F02372,2024-K,Cotton,3.342
F02374,2024-K,Soybean,2.383
F02382,2024-K,Cotton,2.171
F02383,2024-K,Groundnut,1.686
F02385,2024-K,Soybean,3.398
F02386,2024-K,Groundnut,2.805
F02388,2024-K,Paddy,6.367
F02390,2024-K,Soybean,0.796
F02391,2024-K,Soybean,3.622
F02392,2024-K,Paddy,8.059
F02394,2024-K,Soybean,4.05
F02396,2024-K,Paddy,2.234
F02397,2024-K,Cotton,0.914
F02400,2024-K,Soybean,2.84
F02401,2024-K,Groundnut,1.838
F02405,2024-K,Paddy,6.116
F02406,2024-K,Soybean,6.528
F02407,2024-K,Cotton,2.245
F02408,2024-K,Paddy,7.581
F02412,2024-K,Soybean,5.012
F02417,2024-K,Cotton,2.107
F02418,2024-K,Paddy,3.756
F02419,2024-K,Soybean,1.587
F02420,2024-K,Paddy,9.902
F02422,2024-K,Soybean,1.658
F02423,2024-K,Soybean,2.131
F02425,2024-K,Paddy,4.388
F02426,2024-K,Soybean,2.957
F02429,2024-K,Soybean,3.822
F02430,2024-K,Groundnut,2.375
F02431,2024-K,Groundnut,4.03
F02432,2024-K,Soybean,1.467
F02434,2024-K,Paddy,9.823
F02435,2024-K,Paddy,5.98
F02437,2024-K,Groundnut,1.565
F02440,2024-K,Soybean,2.538
F02441,2024-K,Soybean,1.804
F02442,2024-K,Soybean,3.746
F02444,2024-K,Soybean,1.197
F02445,2024-K,Soybean,4.894
F02451,2024-K,Soybean,4.346
F02452,2024-K,Soybean,2.832
F02453,2024-K,Soybean,1.722
F02454,2024-K,Cotton,0.629
F02456,2024-K,Groundnut,1.249
F02457,2024-K,Soybean,3.241
F02458,2024-K,Soybean,2.57
F02459,2024-K,Paddy,2.82
F02460,2024-K,Groundnut,1.547
F02461,2024-K,Cotton,3.223
F02464,2024-K,Groundnut,1.764
F02465,2024-K,Soybean,3.267
F02466,2024-K,Soybean,2.467
F02468,2024-K,Soybean,1.589
F02469,2024-K,Soybean,2.025
F02470,2024-K,Cotton,1.404
F02471,2024-K,Groundnut,2.523
F02472,2024-K,Soybean,2.826
F02473,2024-K,Soybean,1.715
F02474,2024-K,Soybean,2.1
F02475,2024-K,Soybean,1.258
F02478,2024-K,Soybean,6.078
F02479,2024-K,Cotton,2.072
F02480,2024-K,Groundnut,8.43
F02481,2024-K,Soybean,3.191
F02483,2024-K,Soybean,2.265
F02484,2024-K,Soybean,2.109
F02486,2024-K,Cotton,5.988
F02487,2024-K,Soybean,4.152
F02488,2024-K,Soybean,3.545
F02489,2024-K,Cotton,2.891
F02491,2024-K,Paddy,4.542
F02492,2024-K,Soybean,2.85
F02495,2024-K,Paddy,4.346
F02496,2024-K,Soybean,3.891
F02497,2024-K,Cotton,0.991
F02498,2024-K,Soybean,1.786
F02499,2024-K,Paddy,4.473
F02500,2024-K,Cotton,4.112
F02501,2024-K,Soybean,2.26
F02502,2024-K,Soybean,1.272
F02503,2024-K,Paddy,9.448
F02504,2024-K,Soybean,2.377
F02505,2024-K,Groundnut,2.105
F02506,2024-K,Soybean,1.738
F02507,2024-K,Soybean,2.896
F02508,2024-K,Cotton,1.819
F02509,2024-K,Cotton,1.912
F02510,2024-K,Soybean,1.801
F02511,2024-K,Soybean,3.332
F02512,2024-K,Cotton,1.364
F02513,2024-K,Soybean,9.218
F02514,2024-K,Cotton,2.259
F02515,2024-K,Soybean,2.662
F02516,2024-K,Soybean,2.135
F02517,2024-K,Soybean,3.128
F02518,2024-K,Groundnut,3.694
F02519,2024-K,Soybean,2.25
F02520,2024-K,Soybean,1.415
F02521,2024-K,Groundnut,2.417
F02522,2024-K,Soybean,3.828
F02523,2024-K,Soybean,3.395
F02524,2024-K,Soybean,2.109
F02525,2024-K,Soybean,2.934
F02526,2024-K,Paddy,6.285
F02527,2024-K,Soybean,1.691
F02528,2024-K,Soybean,3.008
F02529,2024-K,Soybean,1.044
F02530,2024-K,Soybean,3.153
F02531,2024-K,Paddy,8.357
F02532,2024-K,Soybean,1.027
F02533,2024-K,Groundnut,0.589
F02534,2024-K,Soybean,1.645
F02535,2024-K,Soybean,2.544
F02536,2024-K,Cotton,3.351
F02537,2024-K,Paddy,7.956
F02538,2024-K,Soybean,2.249
F02539,2024-K,Soybean,5.504
F02540,2024-K,Cotton,1.868
F02541,2024-K,Soybean,2.154
F02542,2024-K,Soybean,7.75
F02543,2024-K,Soybean,2.108
F02544,2024-K,Soybean,2.849
F02545,2024-K,Soybean,1.996
F02546,2024-K,Soybean,2.054
F02547,2024-K,Groundnut,4.658
F02548,2024-K,Soybean,1.73
F02549,2024-K,Groundnut,1.038
F02550,2024-K,Soybean,3.148
F02551,2024-K,Soybean,3.287
F02552,2024-K,Soybean,1.418
F02553,2024-K,Paddy,4.699
F02554,2024-K,Paddy,2.81
F02555,2024-K,Soybean,3.682
F02556,2024-K,Paddy,7.403
F02557,2024-K,Soybean,1.808
F02558,2024-K,Soybean,1.027
F02559,2024-K,Cotton,6.484
F02560,2024-K,Soybean,3.807
F02561,2024-K,Soybean,1.213
F02562,2024-K,Soybean,7.724
F02563,2024-K,Paddy,3.916
F02564,2024-K,Paddy,9.929
F02565,2024-K,Soybean,2.587
F02566,2024-K,Soybean,3.028
F02567,2024-K,Soybean,7.026
F02568,2024-K,Soybean,2.211
F02569,2024-K,Soybean,2.917
F02570,2024-K,Cotton,1.583
F02571,2024-K,Soybean,1.972
F02572,2024-K,Soybean,1.099
F02573,2024-K,Groundnut,1.624
F02574,2024-K,Paddy,5.44
F02575,2024-K,Paddy,7.718
F02576,2024-K,Soybean,3.111
F02577,2024-K,Soybean,2.884
F02578,2024-K,Soybean,2.497
F02579,2024-K,Soybean,3.985
F02580,2024-K,Cotton,1.798
F02581,2024-K,Soybean,2.998
F02582,2024-K,Cotton,2.086
F02583,2024-K,Soybean,4.868
F02584,2024-K,Soybean,2.762
F02585,2024-K,Cotton,1.856
F02586,2024-K,Paddy,5.452
F02587,2024-K,Cotton,1.533
F02588,2024-K,Groundnut,5.252
F02589,2024-K,Paddy,4.59
F02590,2024-K,Soybean,2.325
F02591,2024-K,Soybean,1.423
F02592,2024-K,Soybean,2.634
F02593,2024-K,Cotton,2.394
F02594,2024-K,Paddy,3.729
F02595,2024-K,Cotton,1.408
F02596,2024-K,Soybean,2.442
F02597,2024-K,Soybean,2.413
F02598,2024-K,Soybean,2.604
F02599,2024-K,Soybean,4.596
F02600,2024-K,Soybean,3.571
F02601,2024-K,Soybean,3.724
F02602,2024-K,Groundnut,2.449
F02603,2024-K,Groundnut,2.418
F02604,2024-K,Groundnut,3.266
F02605,2024-K,Cotton,1.297
F02606,2024-K,Soybean,4.407
F02607,2024-K,Soybean,2.933
F02608,2024-K,Groundnut,1.439
F02609,2024-K,Soybean,1.52
F02610,2024-K,Soybean,3.494
F02611,2024-K,Soybean,1.837
F02612,2024-K,Soybean,2.353
F02613,2024-K,Soybean,2.315
F02614,2024-K,Paddy,5.282
F02615,2024-K,Soybean,2.569
F02616,2024-K,Soybean,1.264
F02617,2024-K,Soybean,2.827
F02618,2024-K,Groundnut,1.098
F02619,2024-K,Soybean,1.701
F02620,2024-K,Groundnut,1.77
F02621,2024-K,Soybean,1.241
F02622,2024-K,Soybean,3.211
F02623,2024-K,Soybean,2.458
F02624,2024-K,Cotton,1.801
F02625,2024-K,Soybean,0.836
F02626,2024-K,Soybean,1.506
F02627,2024-K,Soybean,2.317
F02628,2024-K,Soybean,0.803
F02629,2024-K,Groundnut,3.881
F02630,2024-K,Groundnut,5.45
F02631,2024-K,Soybean,1.009
F02632,2024-K,Paddy,5.552
F02633,2024-K,Cotton,1.748
F02634,2024-K,Soybean,2.491
F02635,2024-K,Soybean,2.205
F02636,2024-K,Cotton,0.966
F02637,2024-K,Cotton,2.092
F02638,2024-K,Paddy,9.47
F02639,2024-K,Soybean,2.081
F02640,2024-K,Soybean,4.971
F02641,2024-K,Cotton,2.763
F02642,2024-K,Soybean,1.778
F02643,2024-K,Paddy,12.489
F02644,2024-K,Groundnut,2.821
F02645,2024-K,Cotton,2.909
F02646,2024-K,Soybean,2.071
F02647,2024-K,Groundnut,1.42
F02648,2024-K,Soybean,1.168
F02649,2024-K,Soybean,2.12
F02650,2024-K,Soybean,1.252
F02651,2024-K,Soybean,3.127
F02652,2024-K,Soybean,3.817
F02653,2024-K,Soybean,1.45
F02654,2024-K,Soybean,0.55
F01003,2024-R,Gram,1.001
F01005,2024-R,Gram,3.751
F01008,2024-R,Gram,0.978
F01009,2024-R,Gram,1.102
F01013,2024-R,Gram,1.97
F01020,2024-R,Gram,0.515
F01020,2024-R,Wheat,1.422
F01021,2024-R,Gram,1.435
F01021,2024-R,Wheat,4.17
F01023,2024-R,Gram,1.348
F01029,2024-R,Gram,1.717
F01030,2024-R,Gram,0.474
F01030,2024-R,Wheat,1.271
F01032,2024-R,Gram,1.297
F01032,2024-R,Wheat,3.577
F01035,2024-R,Gram,0.683
F01035,2024-R,Wheat,2.011
F01036,2024-R,Gram,1.338
F01037,2024-R,Gram,1.036
F01037,2024-R,Wheat,2.705
F01044,2024-R,Gram,2.876
F01044,2024-R,Wheat,7.779
F01048,2024-R,Gram,0.653
F01050,2024-R,Gram,3.136
F01051,2024-R,Gram,1.923
F01051,2024-R,Wheat,4.556
F01055,2024-R,Gram,1.959
F01055,2024-R,Wheat,4.735
F01057,2024-R,Gram,1.885
F01064,2024-R,Gram,3.67
F01071,2024-R,Gram,1.25
F01079,2024-R,Gram,1.297
F01081,2024-R,Gram,1.902
F01081,2024-R,Wheat,5.438
F01082,2024-R,Gram,1.041
F01088,2024-R,Gram,0.724
F01088,2024-R,Wheat,1.759
F01092,2024-R,Gram,1.681
F01098,2024-R,Gram,0.974
F01098,2024-R,Wheat,2.563
F01104,2024-R,Gram,3.433
F01105,2024-R,Gram,2.507
F01107,2024-R,Gram,1.927
F01110,2024-R,Gram,1.971
F01110,2024-R,Wheat,5.115
F01111,2024-R,Gram,1.725
F01112,2024-R,Gram,2.475
F01112,2024-R,Wheat,7.556
F01114,2024-R,Gram,1.942
F01116,2024-R,Gram,1.502
F01117,2024-R,Gram,1.589
F01120,2024-R,Gram,2.236
F01120,2024-R,Wheat,5.621
F01121,2024-R,Gram,0.804
F01122,2024-R,Gram,0.574
F01122,2024-R,Wheat,1.491
F01131,2024-R,Gram,1.443
F01131,2024-R,Wheat,3.682
F01133,2024-R,Gram,0.768
F01133,2024-R,Wheat,2.24
F01139,2024-R,Gram,1.05
F01139,2024-R,Wheat,2.797
F01141,2024-R,Gram,1.869
F01141,2024-R,Wheat,4.676
F01142,2024-R,Gram,1.028
F01147,2024-R,Gram,2.385
F01147,2024-R,Wheat,6.382
F01151,2024-R,Gram,0.492
F01152,2024-R,Gram,3.122
F01153,2024-R,Gram,1.995
F01153,2024-R,Wheat,5.577
F01158,2024-R,Wheat,4.438
F01160,2024-R,Wheat,4.143
F01163,2024-R,Wheat,10.018
F01164,2024-R,Wheat,7.458
F01165,2024-R,Wheat,6.725
F01169,2024-R,Wheat,6.565
F01170,2024-R,Wheat,5.059
F01171,2024-R,Wheat,3.014
F01171,2024-R,Gram,1.134
F01176,2024-R,Wheat,2.493
F01179,2024-R,Wheat,6.6
F01179,2024-R,Gram,2.725
F01191,2024-R,Wheat,3.728
F01193,2024-R,Wheat,9.633
F01193,2024-R,Gram,3.689
F01199,2024-R,Wheat,6.981
F01203,2024-R,Wheat,3.532
F01207,2024-R,Wheat,5.581
F01216,2024-R,Wheat,3.79
F01219,2024-R,Wheat,5.573
F01223,2024-R,Wheat,13.953
F01223,2024-R,Gram,4.799
F01226,2024-R,Wheat,2.866
F01227,2024-R,Wheat,7.999
F01227,2024-R,Gram,2.727
F01228,2024-R,Wheat,2.441
F01235,2024-R,Wheat,4.507
F01236,2024-R,Wheat,5.529
F01236,2024-R,Gram,2.12
F01238,2024-R,Wheat,2.181
F01249,2024-R,Wheat,5.273
F01249,2024-R,Gram,1.956
F01263,2024-R,Wheat,4.346
F01263,2024-R,Gram,1.74
F01264,2024-R,Wheat,2.759
F01274,2024-R,Wheat,3.048
F01275,2024-R,Wheat,3.272
F01275,2024-R,Gram,1.015
F01280,2024-R,Wheat,9.528
F01280,2024-R,Gram,3.746
F01283,2024-R,Wheat,2.369
F01283,2024-R,Gram,0.923
F01285,2024-R,Wheat,9.193
F01288,2024-R,Wheat,5.826
F01292,2024-R,Wheat,11.199
F01292,2024-R,Gram,4.358
F01293,2024-R,Wheat,6.057
F01296,2024-R,Wheat,6.261
F01296,2024-R,Gram,2.204
F01297,2024-R,Wheat,3.472
F01301,2024-R,Wheat,2.657
F01307,2024-R,Wheat,3.603
F01308,2024-R,Wheat,6.101
F01311,2024-R,Wheat,3.415
F01312,2024-R,Wheat,5.575
F01317,2024-R,Wheat,7.96
F01319,2024-R,Wheat,5.978
F01320,2024-R,Wheat,7.751
F01329,2024-R,Wheat,3.202
F01331,2024-R,Wheat,8.701
F01340,2024-R,Wheat,9.345
F01347,2024-R,Wheat,4.898
F01348,2024-R,Wheat,5.874
F01350,2024-R,Wheat,2.146
F01352,2024-R,Wheat,5.508
F01360,2024-R,Wheat,3.083
F01362,2024-R,Wheat,7.899
F01364,2024-R,Wheat,5.562
F01366,2024-R,Wheat,14.752
F01369,2024-R,Wheat,1.864
F01370,2024-R,Wheat,7.813
F01376,2024-R,Wheat,3.41
F01378,2024-R,Wheat,7.816
F01379,2024-R,Wheat,3.461
F01380,2024-R,Wheat,2.693
F01385,2024-R,Wheat,2.238
F01386,2024-R,Wheat,4.756
F01391,2024-R,Wheat,3.589
F01393,2024-R,Wheat,5.467
F01394,2024-R,Wheat,9.013
F01395,2024-R,Wheat,1.428
F01396,2024-R,Wheat,7.648
F01398,2024-R,Wheat,4.63
F01401,2024-R,Wheat,4.204
F01409,2024-R,Wheat,10.58
F01412,2024-R,Wheat,7.556
F01414,2024-R,Wheat,6.029
F01417,2024-R,Wheat,5.569
F01419,2024-R,Wheat,4.175
F01420,2024-R,Wheat,7.892
F01428,2024-R,Wheat,3.674
F01430,2024-R,Wheat,5.903
F01432,2024-R,Wheat,3.288
F01433,2024-R,Wheat,3.578
F01441,2024-R,Wheat,5.246
F01448,2024-R,Wheat,7.315
F01450,2024-R,Wheat,5.301
F01453,2024-R,Wheat,10.784
F01457,2024-R,Wheat,3.711
F01464,2024-R,Mustard,1.128
F01476,2024-R,Mustard,6.385
F01481,2024-R,Mustard,1.857
F01489,2024-R,Mustard,3.745
F01490,2024-R,Mustard,7.835
F01490,2024-R,Wheat,19.44
F01492,2024-R,Mustard,3.597
F01495,2024-R,Mustard,1.56
F01499,2024-R,Mustard,1.123
F01501,2024-R,Mustard,1.215
F01502,2024-R,Mustard,2.469
F01505,2024-R,Mustard,1.677
F01510,2024-R,Mustard,1.262
F01510,2024-R,Wheat,2.947
F01511,2024-R,Mustard,2.144
F01513,2024-R,Mustard,5.113
F01513,2024-R,Wheat,11.026
F01514,2024-R,Mustard,1.395
F01518,2024-R,Mustard,1.136
F01526,2024-R,Mustard,2.504
F01526,2024-R,Wheat,6.2
F01528,2024-R,Mustard,1.091
F01530,2024-R,Mustard,2.612
F01535,2024-R,Mustard,3.077
F01538,2024-R,Mustard,2.441
F01538,2024-R,Wheat,5.82
F01542,2024-R,Mustard,2.292
F01544,2024-R,Mustard,1.381
F01545,2024-R,Mustard,1.797
F01545,2024-R,Wheat,4.352
F01546,2024-R,Mustard,1.508
F01548,2024-R,Mustard,0.943
F01548,2024-R,Wheat,2.06
F01550,2024-R,Mustard,4.064
F01553,2024-R,Mustard,1.086
F01556,2024-R,Mustard,2.523
F01556,2024-R,Wheat,6.037
F01560,2024-R,Mustard,1.288
F01561,2024-R,Mustard,1.616
F01561,2024-R,Wheat,3.992
F01563,2024-R,Mustard,1.849
F01564,2024-R,Mustard,1.693
F01568,2024-R,Mustard,3.181
F01569,2024-R,Mustard,2.314
F01575,2024-R,Mustard,2.815
F01576,2024-R,Mustard,1.24
F01577,2024-R,Mustard,1.042
F01580,2024-R,Mustard,1.08
F01581,2024-R,Mustard,1.413
F01581,2024-R,Wheat,2.936
F01582,2024-R,Mustard,1.835
F01586,2024-R,Mustard,3.083
F01587,2024-R,Mustard,1.585
F01587,2024-R,Wheat,3.331
F01593,2024-R,Mustard,2.536
F01595,2024-R,Mustard,1.236
F01599,2024-R,Mustard,4.472
F01599,2024-R,Wheat,11.202
F01606,2024-R,Mustard,1.135
F01606,2024-R,Wheat,3.134
F01607,2024-R,Mustard,2.1
F01607,2024-R,Wheat,5.874
F01610,2024-R,Mustard,1.695
F01612,2024-R,Mustard,1.922
F01633,2024-R,Wheat,7.407
F01636,2024-R,Wheat,4.698
F01637,2024-R,Wheat,12.144
F01638,2024-R,Wheat,1.343
F01640,2024-R,Wheat,11.113
F01642,2024-R,Wheat,2.899
F01643,2024-R,Wheat,4.061
F01649,2024-R,Wheat,6.813
F01650,2024-R,Wheat,3.647
F01653,2024-R,Wheat,3.085
F01654,2024-R,Wheat,15.899
F01658,2024-R,Wheat,9.905
F01660,2024-R,Wheat,2.812
F01662,2024-R,Wheat,3.62
F01666,2024-R,Wheat,3.751
F01671,2024-R,Wheat,2.725
F01675,2024-R,Wheat,2.883
F01687,2024-R,Wheat,5.192
F01693,2024-R,Wheat,3.926
F01694,2024-R,Wheat,4.092
F01696,2024-R,Wheat,3.799
F01702,2024-R,Wheat,6.545
F01703,2024-R,Wheat,5.007
F01706,2024-R,Wheat,5.334
F01707,2024-R,Wheat,1.622
F01709,2024-R,Wheat,9.183
F01714,2024-R,Wheat,4.445
F01718,2024-R,Wheat,6.267
F01719,2024-R,Wheat,3.133
F01722,2024-R,Wheat,5.15
F01724,2024-R,Wheat,22.917
F01725,2024-R,Wheat,2.723
F01730,2024-R,Wheat,4.796
F01732,2024-R,Wheat,6.846
F01740,2024-R,Wheat,3.547
F01741,2024-R,Wheat,3.322
F01747,2024-R,Wheat,5.484
F01750,2024-R,Wheat,7.245
F01753,2024-R,Wheat,6.408
F01765,2024-R,Wheat,9.126
F01772,2024-R,Wheat,6.51
F01774,2024-R,Wheat,5.256
F01779,2024-R,Wheat,5.331
F01781,2024-R,Wheat,6.452
F01782,2024-R,Wheat,18.657
F01783,2024-R,Wheat,2.522
F01783,2024-R,Gram,0.936
F01784,2024-R,Wheat,3.601
F01784,2024-R,Gram,1.388
F01786,2024-R,Wheat,6.7
F01787,2024-R,Wheat,5.659
F01788,2024-R,Wheat,14.337
F01791,2024-R,Wheat,4.759
F01794,2024-R,Wheat,2.805
F01798,2024-R,Wheat,18.415
F01803,2024-R,Wheat,11.797
F01805,2024-R,Wheat,4.29
F01806,2024-R,Wheat,3.964
F01809,2024-R,Wheat,9.805
F01815,2024-R,Wheat,2.554
F01815,2024-R,Gram,0.982
F01817,2024-R,Wheat,2.073
F01817,2024-R,Gram,0.69
F01818,2024-R,Wheat,6.971
F01818,2024-R,Gram,2.452
F01823,2024-R,Wheat,1.717
F01823,2024-R,Gram,0.597
F01825,2024-R,Wheat,11.066
F01829,2024-R,Wheat,8.82
F01831,2024-R,Wheat,8.03
F01833,2024-R,Wheat,4.094
F01833,2024-R,Gram,1.513
F01837,2024-R,Wheat,4.035
F01838,2024-R,Wheat,8.812
F01839,2024-R,Wheat,4.486
F01842,2024-R,Wheat,4.175
F01843,2024-R,Wheat,3.704
F01848,2024-R,Wheat,6.217
F01849,2024-R,Wheat,4.474
F01849,2024-R,Gram,1.727
F01851,2024-R,Wheat,10.239
F01851,2024-R,Gram,3.707
F01852,2024-R,Wheat,20.335
F01852,2024-R,Gram,7.841
F01858,2024-R,Wheat,3.61
F01859,2024-R,Wheat,4.813
F01859,2024-R,Gram,1.708
F01865,2024-R,Wheat,7.819
F01866,2024-R,Wheat,3.466
F01866,2024-R,Gram,1.127
F01867,2024-R,Wheat,2.639
F01873,2024-R,Wheat,3.471
F01875,2024-R,Wheat,5.937
F01876,2024-R,Wheat,4.889
F01878,2024-R,Wheat,4.058
F01880,2024-R,Wheat,10.287
F01881,2024-R,Wheat,4.441
F01886,2024-R,Wheat,12.605
F01890,2024-R,Wheat,6.66
F01893,2024-R,Wheat,3.798
F01893,2024-R,Gram,1.343
F01899,2024-R,Wheat,14.967
F01899,2024-R,Gram,5.522
F01903,2024-R,Wheat,4.134
F01903,2024-R,Gram,1.322
F01905,2024-R,Wheat,5.5
F01907,2024-R,Wheat,6.192
F01907,2024-R,Gram,2.277
F01909,2024-R,Wheat,18.514
F01913,2024-R,Mustard,1.776
F01914,2024-R,Mustard,1.393
F01914,2024-R,Wheat,2.944
F01915,2024-R,Mustard,2.747
F01915,2024-R,Wheat,5.443
F01917,2024-R,Mustard,0.738
F01918,2024-R,Mustard,1.003
F01920,2024-R,Mustard,1.644
F01921,2024-R,Mustard,1.677
F01921,2024-R,Wheat,3.963
F01929,2024-R,Mustard,1.273
F01933,2024-R,Mustard,1.251
F01933,2024-R,Wheat,3.268
F01934,2024-R,Mustard,2.116
F01934,2024-R,Wheat,4.527
F01937,2024-R,Mustard,2.102
F01939,2024-R,Mustard,2.895
F01940,2024-R,Mustard,1.319
F01948,2024-R,Mustard,2.375
F01948,2024-R,Wheat,5.165
F01958,2024-R,Mustard,1.16
F01959,2024-R,Mustard,1.445
F01964,2024-R,Mustard,1.027
F01969,2024-R,Mustard,1.563
F01973,2024-R,Mustard,2.357
F01974,2024-R,Mustard,1.335
F01978,2024-R,Mustard,3.526
F01978,2024-R,Wheat,8.901
F01979,2024-R,Mustard,1.246
F01986,2024-R,Mustard,2.477
F01990,2024-R,Mustard,3.531
F01991,2024-R,Mustard,1.73
F01994,2024-R,Mustard,2.088
F01998,2024-R,Mustard,3.987
F02002,2024-R,Mustard,1.138
F02002,2024-R,Wheat,2.55
F02012,2024-R,Mustard,2.069
F02013,2024-R,Mustard,1.456
F02021,2024-R,Mustard,2.567
F02031,2024-R,Mustard,1.828
F02031,2024-R,Wheat,4.792
F02035,2024-R,Mustard,3.101
F02036,2024-R,Mustard,3.015
F02036,2024-R,Wheat,6.549
F02038,2024-R,Mustard,3.952
F02038,2024-R,Wheat,9.878
F02041,2024-R,Mustard,1.056
F02042,2024-R,Mustard,1.186
F02042,2024-R,Wheat,2.593
F02044,2024-R,Mustard,3.9
F02046,2024-R,Mustard,2.249
F02049,2024-R,Mustard,1.969
F02053,2024-R,Mustard,1.098
F02055,2024-R,Mustard,1.78
F02060,2024-R,Mustard,5.722
F02060,2024-R,Wheat,13.345
F02061,2024-R,Mustard,2.203
F02064,2024-R,Mustard,3.738
F02065,2024-R,Mustard,5.438
F02066,2024-R,Mustard,1.127
F02068,2024-R,Mustard,1.678
F02073,2024-R,Mustard,1.787
F02073,2024-R,Gram,1.446
F02076,2024-R,Mustard,2.355
F02079,2024-R,Mustard,1.376
F02083,2024-R,Mustard,1.978
F02085,2024-R,Mustard,4.696
F02088,2024-R,Mustard,2.188
F02090,2024-R,Mustard,1.687
F02091,2024-R,Mustard,2.412
F02091,2024-R,Gram,2.217
F02092,2024-R,Mustard,1.542
F02093,2024-R,Mustard,1.277
F02093,2024-R,Gram,1.003
F02095,2024-R,Mustard,5.734
F02096,2024-R,Mustard,0.589
F02104,2024-R,Mustard,0.638
F02105,2024-R,Mustard,1.403
F02106,2024-R,Mustard,2.076
F02107,2024-R,Mustard,2.115
F02107,2024-R,Gram,1.793
F02108,2024-R,Mustard,3.301
F02121,2024-R,Mustard,2.391
F02123,2024-R,Mustard,1.657
F02128,2024-R,Mustard,3.678
F02133,2024-R,Mustard,1.56
F02133,2024-R,Gram,1.576
F02137,2024-R,Mustard,2.531
F02138,2024-R,Mustard,1.193
F02138,2024-R,Gram,1.043
F02141,2024-R,Mustard,2.153
F02141,2024-R,Gram,1.847
F02144,2024-R,Mustard,1.94
F02145,2024-R,Mustard,4.068
F02146,2024-R,Mustard,1.233
F02149,2024-R,Mustard,2.479
F02149,2024-R,Gram,2.242
F02151,2024-R,Mustard,1.735
F02154,2024-R,Mustard,2.677
F02156,2024-R,Mustard,2.159
F02158,2024-R,Mustard,3.59
F02162,2024-R,Mustard,0.989
F02162,2024-R,Gram,0.846
F02163,2024-R,Mustard,1.894
F02168,2024-R,Mustard,6.72
F02168,2024-R,Gram,7.213
F02174,2024-R,Mustard,1.103
F02178,2024-R,Mustard,3.298
F02180,2024-R,Mustard,1.217
F02180,2024-R,Gram,1.05
F02184,2024-R,Mustard,3.71
F02189,2024-R,Mustard,2.456
F02189,2024-R,Gram,2.098
F02195,2024-R,Mustard,1.323
F02195,2024-R,Gram,1.297
F02196,2024-R,Mustard,3.519
F02201,2024-R,Mustard,2.393
F02202,2024-R,Mustard,4.346
F02207,2024-R,Mustard,2.052
F02208,2024-R,Mustard,1.08
F02208,2024-R,Gram,0.98
F02211,2024-R,Mustard,1.137
F02217,2024-R,Mustard,4.148
F02220,2024-R,Wheat,8.338
F02222,2024-R,Mustard,1.925
F02225,2024-R,Gram,3.056
F02226,2024-R,Wheat,4.142
F02227,2024-R,Mustard,1.503
F02231,2024-R,Mustard,2.049
F02233,2024-R,Gram,1.491
F02234,2024-R,Wheat,1.632
F02242,2024-R,Wheat,9.873
F02243,2024-R,Mustard,2.78
F02244,2024-R,Wheat,9.188
F02245,2024-R,Mustard,6.182
F02248,2024-R,Wheat,5.342
F02250,2024-R,Mustard,3.042
F02252,2024-R,Wheat,5.726
F02261,2024-R,Wheat,8.591
F02262,2024-R,Wheat,5.0
F02263,2024-R,Gram,1.761
F02266,2024-R,Wheat,8.953
F02270,2024-R,Gram,2.868
F02272,2024-R,Mustard,3.826
F02273,2024-R,Mustard,1.55
F02274,2024-R,Wheat,1.753
F02275,2024-R,Mustard,1.302
F02279,2024-R,Gram,1.818
F02280,2024-R,Wheat,3.583
F02281,2024-R,Mustard,3.387
F02285,2024-R,Wheat,2.593
F02287,2024-R,Wheat,3.551
F02289,2024-R,Wheat,3.641
F02292,2024-R,Wheat,10.096
F02293,2024-R,Mustard,2.31
F02294,2024-R,Wheat,8.987
F02296,2024-R,Gram,1.823
F02298,2024-R,Mustard,3.86
F02299,2024-R,Wheat,4.75
F02300,2024-R,Mustard,0.623
F02301,2024-R,Mustard,1.544
F02302,2024-R,Mustard,1.759
F02304,2024-R,Wheat,9.04
F02305,2024-R,Wheat,6.759
F02306,2024-R,Wheat,2.349
F02307,2024-R,Mustard,2.557
F02308,2024-R,Mustard,2.005
F02309,2024-R,Wheat,4.545
F02310,2024-R,Wheat,5.423
F02313,2024-R,Wheat,5.916
F02316,2024-R,Mustard,1.617
F02323,2024-R,Wheat,1.626
F02325,2024-R,Wheat,7.183
F02328,2024-R,Wheat,17.065
F02333,2024-R,Wheat,2.637
F02338,2024-R,Wheat,6.813
F02339,2024-R,Mustard,2.714
F02340,2024-R,Wheat,11.758
F02341,2024-R,Mustard,0.902
F02342,2024-R,Mustard,1.579
F02345,2024-R,Wheat,2.725
F02348,2024-R,Mustard,2.874
F02349,2024-R,Wheat,15.686
F02360,2024-R,Mustard,3.293
F02363,2024-R,Wheat,11.614
F02365,2024-R,Mustard,1.106
F02366,2024-R,Wheat,13.403
F02367,2024-R,Gram,1.355
F02368,2024-R,Gram,2.801
F02369,2024-R,Mustard,1.989
F02371,2024-R,Wheat,4.677
F02372,2024-R,Gram,3.157
F02374,2024-R,Wheat,4.815
F02382,2024-R,Gram,2.381
F02383,2024-R,Mustard,1.193
F02385,2024-R,Mustard,3.125
F02386,2024-R,Mustard,2.185
F02390,2024-R,Wheat,1.907
F02391,2024-R,Wheat,7.257
F02392,2024-R,Wheat,6.436
F02394,2024-R,Mustard,3.399
F02396,2024-R,Wheat,1.654
F02397,2024-R,Gram,0.789
F02400,2024-R,Mustard,2.386
F02405,2024-R,Wheat,5.496
F02406,2024-R,Mustard,6.1
F02407,2024-R,Gram,2.21
F02412,2024-R,Mustard,4.453
F02417,2024-R,Gram,2.061
F02418,2024-R,Wheat,3.02
F02419,2024-R,Mustard,1.351
F02420,2024-R,Wheat,9.545
F02422,2024-R,Mustard,1.624
F02423,2024-R,Mustard,1.922
F02425,2024-R,Wheat,3.71
F02426,2024-R,Wheat,6.229
F02429,2024-R,Mustard,3.017
F02430,2024-R,Mustard,1.675
F02434,2024-R,Wheat,8.762
F02435,2024-R,Wheat,5.046
F02440,2024-R,Mustard,2.365
F02441,2024-R,Mustard,1.58
F02442,2024-R,Mustard,3.494
F02444,2024-R,Wheat,2.59
F02445,2024-R,Mustard,3.858
F02451,2024-R,Wheat,9.584
F02452,2024-R,Wheat,5.859
F02453,2024-R,Mustard,1.679
F02454,2024-R,Gram,0.668
F02457,2024-R,Mustard,3.306
F02458,2024-R,Mustard,2.12
F02460,2024-R,Mustard,1.068
F02461,2024-R,Gram,3.084
F02464,2024-R,Mustard,1.183
F02465,2024-R,Mustard,2.586
F02466,2024-R,Wheat,5.143
F02468,2024-R,Wheat,3.361
F02469,2024-R,Wheat,4.665
F02471,2024-R,Mustard,1.79
F02472,2024-R,Mustard,2.85
F02473,2024-R,Wheat,3.768
F02474,2024-R,Mustard,1.849
F02475,2024-R,Wheat,2.871
F02478,2024-R,Mustard,5.463
F02479,2024-R,Gram,2.099
F02481,2024-R,Wheat,5.869
F02483,2024-R,Mustard,2.029
F02486,2024-R,Gram,5.795
F02487,2024-R,Wheat,8.695
F02488,2024-R,Wheat,7.188
F02489,2024-R,Gram,2.92
F02491,2024-R,Wheat,3.751
F02492,2024-R,Wheat,6.031
F02496,2024-R,Wheat,8.043
F02497,2024-R,Gram,0.967
F02498,2024-R,Wheat,3.922
F02499,2024-R,Wheat,3.914
F02500,2024-R,Gram,4.003
F02501,2024-R,Wheat,4.247
F02502,2024-R,Wheat,2.399
F02503,2024-R,Wheat,8.025
F02504,2024-R,Wheat,4.481
F02506,2024-R,Mustard,1.637
F02507,2024-R,Wheat,5.929
F02508,2024-R,Gram,1.796
F02510,2024-R,Mustard,1.576
F02511,2024-R,Wheat,6.657
F02512,2024-R,Gram,1.299
F02513,2024-R,Mustard,8.988
F02514,2024-R,Gram,2.153
F02515,2024-R,Mustard,2.035
F02516,2024-R,Wheat,4.075
F02517,2024-R,Wheat,6.43
F02519,2024-R,Mustard,2.157
F02520,2024-R,Mustard,1.25
F02525,2024-R,Wheat,5.598
F02527,2024-R,Wheat,4.02
F02529,2024-R,Wheat,1.972
F02531,2024-R,Wheat,6.933
F02532,2024-R,Mustard,0.923
F02533,2024-R,Mustard,0.477
F02534,2024-R,Wheat,3.725
F02535,2024-R,Mustard,2.376
F02536,2024-R,Gram,3.173
F02537,2024-R,Wheat,7.14
F02538,2024-R,Wheat,4.348
F02539,2024-R,Wheat,14.268
F02540,2024-R,Gram,1.799
F02541,2024-R,Mustard,1.875
F02542,2024-R,Mustard,7.255
F02543,2024-R,Wheat,4.416
F02544,2024-R,Wheat,5.763
F02545,2024-R,Mustard,1.941
F02546,2024-R,Mustard,1.819
F02547,2024-R,Mustard,3.326
F02548,2024-R,Wheat,3.479
F02549,2024-R,Mustard,0.759
F02550,2024-R,Wheat,7.313
F02551,2024-R,Mustard,2.63
F02552,2024-R,Mustard,1.387
F02553,2024-R,Wheat,4.423
F02554,2024-R,Wheat,2.583
F02555,2024-R,Mustard,3.43
F02556,2024-R,Wheat,6.35
F02558,2024-R,Mustard,0.99
F02559,2024-R,Gram,6.57
F02560,2024-R,Mustard,3.428
F02561,2024-R,Mustard,1.164
F02562,2024-R,Mustard,6.806
F02563,2024-R,Wheat,3.371
F02564,2024-R,Wheat,9.18
F02565,2024-R,Wheat,5.069
F02566,2024-R,Mustard,2.605
F02567,2024-R,Wheat,14.557
F02568,2024-R,Wheat,4.292
F02569,2024-R,Wheat,5.595
F02570,2024-R,Gram,1.715
F02571,2024-R,Wheat,4.158
F02572,2024-R,Wheat,2.368
F02573,2024-R,Mustard,1.012
F02574,2024-R,Wheat,4.481
F02575,2024-R,Wheat,6.208
F02576,2024-R,Wheat,6.97
F02577,2024-R,Wheat,5.884
F02578,2024-R,Wheat,5.305
F02579,2024-R,Wheat,7.912
F02580,2024-R,Gram,1.615
F02581,2024-R,Wheat,6.691
F02582,2024-R,Gram,2.026
F02583,2024-R,Wheat,10.043
F02584,2024-R,Wheat,6.103
F02585,2024-R,Gram,2.0
F02586,2024-R,Wheat,4.629
F02587,2024-R,Gram,1.456
F02588,2024-R,Mustard,3.884
F02589,2024-R,Wheat,3.907
F02590,2024-R,Wheat,4.696
F02591,2024-R,Wheat,3.401
F02592,2024-R,Wheat,5.317
F02593,2024-R,Gram,2.455
F02594,2024-R,Wheat,3.058
F02595,2024-R,Gram,1.41
F02596,2024-R,Wheat,4.743
F02597,2024-R,Wheat,5.132
F02598,2024-R,Wheat,5.991
F02599,2024-R,Wheat,9.864
F02600,2024-R,Mustard,2.889
F02601,2024-R,Wheat,8.17
F02602,2024-R,Mustard,1.575
F02603,2024-R,Mustard,1.731
F02604,2024-R,Mustard,2.531
F02605,2024-R,Gram,1.418
F02606,2024-R,Mustard,3.635
F02607,2024-R,Mustard,2.629
F02608,2024-R,Mustard,0.988
F02609,2024-R,Mustard,1.389
F02610,2024-R,Mustard,3.128
F02611,2024-R,Wheat,3.908
F02612,2024-R,Wheat,4.748
F02613,2024-R,Wheat,5.336
F02614,2024-R,Wheat,4.751
F02615,2024-R,Mustard,2.401
F02616,2024-R,Mustard,1.083
F02617,2024-R,Wheat,5.732
F02618,2024-R,Mustard,0.735
F02619,2024-R,Wheat,3.362
F02620,2024-R,Mustard,1.326
F02621,2024-R,Wheat,2.533
F02622,2024-R,Wheat,7.13
F02623,2024-R,Mustard,2.021
F02624,2024-R,Gram,1.852
F02625,2024-R,Wheat,1.91
F02626,2024-R,Wheat,3.76
F02627,2024-R,Mustard,1.953
F02628,2024-R,Mustard,0.682
F02629,2024-R,Mustard,2.585
F02630,2024-R,Mustard,4.599
F02631,2024-R,Wheat,2.164
F02632,2024-R,Wheat,4.923
F02633,2024-R,Gram,1.497
F02634,2024-R,Mustard,2.213
F02635,2024-R,Mustard,1.892
F02636,2024-R,Gram,0.913
F02637,2024-R,Gram,1.97
F02638,2024-R,Wheat,8.698
F02639,2024-R,Mustard,1.874
F02640,2024-R,Mustard,4.058
F02641,2024-R,Gram,3.165
F02642,2024-R,Mustard,1.535
F02643,2024-R,Wheat,11.823
F02644,2024-R,Mustard,2.024
F02645,2024-R,Gram,2.638
F02646,2024-R,Wheat,4.505
F02647,2024-R,Mustard,0.95
F02648,2024-R,Mustard,1.021
F02649,2024-R,Wheat,4.86
F02650,2024-R,Wheat,2.68
F02651,2024-R,Wheat,6.164
F02652,2024-R,Wheat,8.373
F02653,2024-R,Wheat,2.793
F02654,2024-R,Mustard,0.452
F02655,2024-R,Wheat,4.981
F02656,2024-R,Wheat,3.884
F02657,2024-R,Mustard,3.124
F02658,2024-R,Mustard,3.098
F02659,2024-R,Wheat,1.449
F02660,2024-R,Mustard,1.527
F02661,2024-R,Gram,1.083
F02662,2024-R,Mustard,2.773
F02663,2024-R,Wheat,7.444
F02664,2024-R,Gram,1.791
F02665,2024-R,Wheat,4.594
F02666,2024-R,Mustard,2.099
F02667,2024-R,Wheat,1.713
F02668,2024-R,Wheat,3.085
F02669,2024-R,Mustard,1.494
F02670,2024-R,Wheat,5.403
F02671,2024-R,Wheat,24.24
F02672,2024-R,Wheat,6.571
F02673,2024-R,Wheat,1.969
F02674,2024-R,Mustard,4.067
F02675,2024-R,Mustard,2.036
F02676,2024-R,Mustard,5.098
F02677,2024-R,Wheat,11.613
F02678,2024-R,Wheat,6.378
F02679,2024-R,Gram,5.763
F02680,2024-R,Wheat,10.93
F02681,2024-R,Mustard,4.286
F02682,2024-R,Wheat,4.248
F02683,2024-R,Wheat,1.399
F02684,2024-R,Mustard,1.2
F02685,2024-R,Gram,1.345
F02686,2024-R,Wheat,21.12
F02687,2024-R,Mustard,1.405
F02688,2024-R,Wheat,15.537
F02689,2024-R,Mustard,2.41
F02690,2024-R,Wheat,1.984
