txn_id,txn_date,farmer_id,txn_type,item,qty,rate_inr,amount_inr,gid
T003839,30/11/2019,F02063,delivery,Groundnut,574 kg,"₹ 7,580.00","₹ 43,509.20",BRD-RTL
T003840,16/11/2019,F02063,D,GROUNDNUT (Pods),502 kg,"₹ 7,580.00","₹ 38,051.60",BRD-RTL
T003841,01/06/2019,F02063,FERT_PURCHASE,Fertilizer,192 kgs,₹ 32.00,"₹ 6,144.00",BRD-RTL
T003842,05/10/2019,F02064,D,Groundnut,34.6 qtl,"₹ 7,915.00","₹ 2,74,254.75",BRD-RTL
T003843,14/11/2019,F02064,FPO_DELIVERY,Soybean,2420 kg,"₹ 4,905.00","₹ 1,18,701.00",BRD-RTL
T003844,01/10/2019,F02064,delivery,SOYABEAN,329 kg,"₹ 4,905.00","₹ 16,137.45",BRD-RTL
T003845,09/06/2019,F02064,FERT_PURCHASE,Hybrid Seeds,310 kgs,₹ 83.09,"₹ 25,757.90",BRD-RTL
T003846,05/11/2019,F02065,D,GROUNDNUT (Pods),"1,497.00 kgs","₹ 6,975.00","₹ 1,04,415.75",BRD-RTL
T003847,16/11/2019,F02065,delivery,GROUNDNUT (Pods),53.33 q,"₹ 6,975.00","₹ 3,71,976.75",BRD-RTL
T003848,01/11/2019,F02066,DELIVERY,GROUNDNUT (Pods),5.3 qtl,"₹ 7,560.00","₹ 40,294.80",BRD-RTL
T003849,21/10/2019,F02066,Delivery,Groundnut Pods,1.1 qtl,"₹ 7,560.00","₹ 8,013.60",BRD-RTL
T003850,27/11/2019,F02066,Delivery,Groundnut,345.00 kgs,"₹ 7,560.00","₹ 26,082.00",BRD-RTL
T003851,29/06/2019,F02066,Input Purchase,Bio-pesticide,317 kgs,₹ 683.30,"₹ 2,16,606.10",BRD-RTL
T003852,18/10/2019,F02067,DELIVERY,mungfali,1709 kg,"₹ 7,065.00","₹ 1,20,740.85",BRD-RTL
T003853,02/07/2019,F02067,INPUT_PURCHASE,Hybrid Seeds,288 kgs,₹ 91.55,"₹ 26,366.40",BRD-RTL
T003854,14/06/2019,F02067,INPUT_PURCHASE,Fertilizer,227 kg,₹ 47.21,"₹ 10,716.67",BRD-RTL
T003855,25/11/2019,F02068,delivery,Groundnut Pods,1.28 t,"₹ 6,700.00","₹ 86,028.00",BRD-RTL
T003856,17/10/2019,F02068,Delivery,mungfali,130 kg,"₹ 6,700.00","₹ 8,710.00",BRD-RTL
T003857,23/09/2019,F02068,Loan Repayment,Loan Repayment,,,"₹ 3,700.00",BRD-RTL
T003858,24/11/2019,F02068,loan,Loan Repayment,,,"₹ 2,300.00",BRD-RTL
T003859,04/11/2019,F02068,LOAN_REPAY,Loan Repayment,,,"₹ 5,300.00",BRD-RTL
T003860,13/11/2019,F02069,D,GROUNDNUT (Pods),1.12 t,"₹ 6,270.00","₹ 70,161.30",BRD-RTL
T003861,22/11/2019, F02069 ,delivery,Groundnut,33.75 quintals,"₹ 6,270.00","₹ 2,11,612.50",BRD-RTL
T003862,32/01/2022,F02070,DELIVERY,GROUNDNUT (Pods),2065 kg,"₹ 7,805.00","₹ 1,61,173.25",BRD-RTL
T003863,01/10/2019,F02071,DELIVERY,Groundnut,15.6 qtl,"₹ 7,040.00","₹ 1,10,035.20",BRD-RTL
T003864,23/10/2019,F02071,DELIVERY,soya,649 kg,"₹ 4,640.00","₹ 30,113.60",BRD-RTL
T003865,23/11/2019,F02071,Delivery,SOYABEAN,3.23 quintals,"₹ 4,640.00","₹ 14,987.20",BRD-RTL
T003866,18/11/2019,F02071,delivery,soya,0.2 qtl,"₹ 4,640.00","₹ 1,020.80",BRD-RTL
T003867,30/11/2019,F02072,DELIVERY,Groundnut,4480 kg,"₹ 7,300.00","₹ 3,27,040.00",BRD-RTL
T003868,31/10/2019,F02072,FPO_DELIVERY,Groundnut Pods,"1,538.00 kgs","₹ 7,300.00","₹ 1,12,274.00",BRD-RTL
T003869,02/10/2019,F02072,Delivery,Groundnut Pods,1816 kg,"₹ 7,300.00","₹ 1,32,568.00",BRD-RTL
T003870,27/11/2019,F02072,FPO_DELIVERY,soya,4591 kg,"₹ 4,795.00","₹ 2,20,138.45",BRD-RTL
T003871,08/10/2019,F02072,Delivery,SOYABEAN,1.67 MT,"₹ 4,795.00","₹ 79,932.65",BRD-RTL
T003872,26/06/2019,F02072,FERT_PURCHASE,SEEDS,225 kgs,₹ 49.74,"₹ 11,191.50",BRD-RTL
T003873,19/06/2019,F02072,FERT_PURCHASE,Urea,40 kgs,₹ 43.22,"₹ 1,728.80",BRD-RTL
T003874,09/10/2019,F02073,Delivery,Groundnut Pods,664.00 kgs,"₹ 7,140.00","₹ 47,409.60",BRD-RTL
T003875,17/10/2019,F02073,delivery,GROUNDNUT (Pods),8.21 quintals,"₹ 7,140.00","₹ 58,619.40",BRD-RTL
T003876,10/07/2019,F02073,input,PPC,229 kg,₹ 609.03,"₹ 1,39,467.87",BRD-RTL
T003877,05/07/2019,f02073,input,Bio-pesticide,300 kg,₹ 226.55,"₹ 67,965.00",BRD-RTL
T003878,24/11/2019,F02074,DELIVERY,Groundnut Pods,929.00 kgs,"₹ 7,380.00","₹ 68,560.20",BRD-RTL
T003879,14/06/2019,F02074,Input Purchase,Seeds,161 kgs,₹ 48.63,"₹ 7,829.43",BRD-RTL
T003880,02/06/2019,F02074,INPUT_PURCHASE,DAP,114 kg,₹ 46.03,"₹ 5,247.42",BRD-RTL
T003881,10/10/2019,F02075,D,Groundnut,544 kg,"₹ 7,355.00","₹ 40,011.20",BRD-RTL
T003882,21/11/2019,F02075,FPO_DELIVERY,Groundnut Pods,226 kg,"₹ 7,355.00","₹ 16,622.30",BRD-RTL
T003883,28/10/2019,F02075,D,Groundnut Pods,266.00 kgs,"₹ 7,355.00","₹ 19,564.30",BRD-RTL
T003884,10/06/2019,F02075,loan,Loan Repayment,,,"₹ 7,300.00",BRD-RTL
T003885,24/10/2019,F02076,delivery,Groundnut,15.63 q,"₹ 7,125.00","₹ 1,11,363.75",BRD-RTL
T003886,31/10/2019,F02076,DELIVERY,GROUNDNUT (Pods),719 kg,"₹ 7,125.00","₹ 51,228.75",BRD-RTL
T003887,25/11/2019,F02076,FPO_DELIVERY,SOYABEAN,25 kg,"₹ 4,600.00","₹ 1,150.00",BRD-RTL
T003888,24/11/2019,F02076,D,Soybean (Yellow),1819 kg,"₹ 4,600.00","₹ 83,674.00",BRD-RTL
T003889,04/07/2019,F02076,FERT_PURCHASE,Hybrid Seeds,161 kgs,₹ 53.32,"₹ 8,584.52",BRD-RTL
T003890,24/06/2019,F02076,INPUT_PURCHASE,FERTILIZER 50kg bag,177 kg,₹ 28.46,"₹ 5,037.42",BRD-RTL
T003891,08/07/2019,F02076,input,FERTILIZER 50kg bag,275 kg,₹ 46.96,"₹ 12,914.00",BRD-RTL
T003892,08/10/2019, F02077 ,Delivery,Groundnut Pods,253 kg,"₹ 7,555.00","₹ 19,114.15",BRD-RTL
T003893,13/11/2019,F02077,D,mungfali,1591 kg,"₹ 7,555.00","₹ 1,20,200.05",BRD-RTL
T003894,26/10/2019,F02077,FPO_DELIVERY,GROUNDNUT (Pods),4.4 qtl,"₹ 7,555.00","₹ 33,393.10",BRD-RTL
T003895,12/06/2019,f02077,FERT_PURCHASE,FERTILIZER 50kg bag,116 kgs,₹ 46.19,"₹ 5,358.04",BRD-RTL
T003896,10/06/2019,F02077,input,PP chemicals,172 kg,₹ 165.43,"₹ 28,453.96",BRD-RTL
T003897,12/07/2019,F02077,input,Fertilizer,287 kg,₹ 42.46,"₹ 12,186.02",BRD-RTL
T003898,32/01/2022,F02078,FPO_DELIVERY,GROUNDNUT (Pods),6.8 qtl,"₹ 6,875.00","₹ 46,818.75",BRD-RTL
T003899,17/10/2019,F02078,Delivery,SOYABEAN,3.56 q,"₹ 4,725.00","₹ 16,821.00",BRD-RTL
T003900,02/10/2019,f02078,delivery,Soybean (Yellow),206.00 kgs,"₹ 4,725.00","₹ 9,733.50",BRD-RTL
T003901,20/06/2019,F02078,I,Fertilizer,174 kg,₹ 57.81,"₹ 10,058.94",BRD-RTL
T003902,29/06/2019,F02078,Input Purchase,Seeds,155 kgs,₹ 107.67,"₹ 16,688.85",BRD-RTL
T003903,20/11/2019,F02079,Delivery,Groundnut,11.92 q,"₹ 7,285.00","₹ 86,837.20",BRD-RTL
T003904,08/06/2019,F02079,input,FERTILIZER 50kg bag,70 kg,₹ 50.02,"₹ 3,501.40",BRD-RTL
T003905,21/11/2019,F02080,D,mungfali,3.9 qtl,"₹ 7,080.00","₹ 27,895.20",BRD-RTL
T003906,30/11/2019,F02080,Delivery,Groundnut Pods,636 kg,"₹ 7,080.00","₹ 45,028.80",BRD-RTL
T003907,02/06/2019,F02080,INPUT_PURCHASE,FERTILIZER 50kg bag,210 kgs,₹ 30.83,"₹ 6,474.30",BRD-RTL
T003908,03/06/2019,F02080,input,Hybrid Seeds,118 kg,₹ 46.99,"₹ 5,544.82",BRD-RTL
T003909,23/11/2019,F02081,D,Groundnut,9.5 qtl,"₹ 7,115.00","₹ 67,877.10",BRD-RTL
T003910,15/10/2019,F02081,DELIVERY,SOYABEAN,5.5 qtl,"₹ 4,785.00","₹ 26,173.95",BRD-RTL
T003911,08/10/2019,F02081,FPO_DELIVERY,Soybean (Yellow),1.78 quintals,"₹ 4,785.00","₹ 8,517.30",BRD-RTL
T003912,25/10/2019,F02081,D,SOYABEAN,0.11 t,"₹ 4,785.00","₹ 5,024.25",BRD-RTL
T003913,30/11/2019,f02082,Delivery,mungfali,885 kg,"₹ 6,950.00","₹ 61,507.50",BRD-RTL
T003914,22/11/2019,f02082,FPO_DELIVERY,GROUNDNUT (Pods),693 kg,"₹ 6,950.00","₹ 48,163.50",BRD-RTL
T003915,01/07/2019,F02082,input,Urea,236 kgs,₹ 52.77,"₹ 12,453.72",BRD-RTL
T003916,04/11/2019,F02083,D,mungfali,1979 kg,"₹ 7,660.00","₹ 1,51,591.40",BRD-RTL
T003917,03/07/2019,F02083,input,SEEDS,57 kgs,₹ 50.79,"₹ 2,895.03",BRD-RTL
T003918,17/06/2019,F02083,I,Fertilizer,297 kg,₹ 43.12,"₹ 12,806.64",BRD-RTL
T003919,07/06/2019,F02083,input,Urea,269 kgs,₹ 42.21,"₹ 11,354.49",BRD-RTL
T003920,26/11/2019,F02084,delivery,mungfali,4.13 t,"₹ 7,155.00","₹ 2,95,358.40",BRD-RTL
T003921,20/11/2019,F02084,Delivery,GROUNDNUT (Pods),394.00 kgs,"₹ 7,155.00","₹ 28,190.70",BRD-RTL
T003922,13/10/2019,f02084,FPO_DELIVERY,Soybean (Yellow),963.00 kgs,"₹ 4,710.00","₹ 45,357.30",BRD-RTL
T003923,21/10/2019,F02084,FPO_DELIVERY,Soybean,23.55 q,"₹ 4,710.00","₹ 1,10,920.50",BRD-RTL
T003924,10/11/2019,f02084,FPO_DELIVERY,soya,408.00 kgs,"₹ 4,710.00","₹ 19,216.80",BRD-RTL
T003925,20/06/2019,F02084,FERT_PURCHASE,Fertilizer,57 kg,₹ 37.75,"₹ 2,151.75",BRD-RTL
T003926,20/06/2019,F02084,Input Purchase,SEEDS,71 kg,₹ 104.98,"₹ 7,453.58",BRD-RTL
T003927,19/10/2019,f02085,delivery,Groundnut,"1,302.00 kgs","₹ 6,915.00","₹ 90,033.30",BRD-RTL
T003928,08/10/2019,f02085,delivery,mungfali,"1,929.00 kgs","₹ 6,915.00","₹ 1,33,390.35",BRD-RTL
T003929,10/06/2019,F02085,INPUT_PURCHASE,SEEDS,319 kgs,₹ 67.69,"₹ 21,593.11",BRD-RTL
T003930,22/06/2019,F02085,loan,Loan Repayment,,,"₹ 4,300.00",BRD-RTL
T003931,14/10/2019,F02086,FPO_DELIVERY,mungfali,715.00 kgs,"₹ 7,480.00","₹ 53,482.00",BRD-RTL
T003932,18/10/2019,F02086,D,Soybean (Yellow),225 kg,"₹ 4,830.00","₹ 10,867.50",BRD-RTL
T003933,14/10/2019,F02086,FPO_DELIVERY,SOYABEAN,322 kg,"₹ 4,830.00","₹ 15,552.60",BRD-RTL
T003934,13/06/2019,F02086,input,Bio-pesticide,304 kgs,₹ 592.74,"₹ 1,80,192.96",BRD-RTL
T003935,24/10/2019,F02087,Delivery,mungfali,"1,254.00 kgs","₹ 6,980.00","₹ 87,529.20",BRD-RTL
T003936,08/10/2019,f02087,LOAN_REPAY,EMI,,,"₹ 7,100.00",BRD-RTL
T003937,19/06/2019,F02087,L,Loan Repayment,,,"₹ 1,000.00",BRD-RTL
T003938,16/06/2019,F02087,LOAN_REPAY,EMI,,,"₹ 1,700.00",BRD-RTL
T003939,21/07/2019,F02087,loan,Loan Repayment,,,"₹ 2,700.00",BRD-RTL
T003940,19/06/2019,F02087,loan,EMI,,,"₹ 7,600.00",BRD-RTL
T003941,11/10/2019,F02088,DELIVERY,Groundnut Pods,21.63 q,"₹ 6,000.00","₹ 1,29,780.00",BRD-RTL
T003942,13/07/2019,F02088,input,Hybrid Seeds,81 kgs,₹ 114.55,"₹ 9,278.55",BRD-RTL
T003943,16/10/2019,F02089,Delivery,Groundnut Pods,4.2 qtl,"₹ 7,125.00","₹ 29,640.00",BRD-RTL
T003944,02/10/2019,F02089,FPO_DELIVERY,Groundnut Pods,3.0 qtl,"₹ 7,125.00","₹ 21,161.25",BRD-RTL
T003945,02/10/2019,f02089,delivery,Soybean (Yellow),707.00 kgs,"₹ 4,750.00","₹ 33,582.50",BRD-RTL
T003946,05/06/2019,F02089,INPUT_PURCHASE,SEEDS,193 kg,₹ 94.18,"₹ 18,176.74",BRD-RTL
T003947,13/06/2019,F02089,I,Fertilizer,157 kg,₹ 31.93,"₹ 5,013.01",BRD-RTL
T003948,24/06/2019,F02089,Input Purchase,SEEDS,239 kg,₹ 104.26,"₹ 24,918.14",BRD-RTL
T003949,21/10/2019,F02090,Delivery,Groundnut,8.56 quintals,"₹ 7,430.00","₹ 63,600.80",BRD-RTL
T003950,12/11/2019,F02090,delivery,GROUNDNUT (Pods),8.60 quintals,"₹ 7,430.00","₹ 63,898.00",BRD-RTL
T003951,26/11/2019,F02090,DELIVERY,Soybean (Yellow),13.10 quintals,"₹ 4,695.00","₹ 61,504.50",BRD-RTL
T003952,02/11/2019,F02090,DELIVERY,Soybean,18 kg,"₹ 4,695.00",₹ 845.10,BRD-RTL
T003953,12/07/2019,F02090,INPUT_PURCHASE,Hybrid Seeds,161 kgs,₹ 51.79,"₹ 8,338.19",BRD-RTL
T003954,25/10/2019,F02091,delivery,Groundnut,20.59 q,"₹ 6,405.00","₹ 1,31,878.95",BRD-RTL
T003955,11/10/2019,F02091,DELIVERY,mungfali,5.85 quintals,"₹ 6,405.00","₹ 37,469.25",BRD-RTL
T003956,06/07/2019,F02091,FERT_PURCHASE,Bio-pesticide,177 kgs,₹ 444.58,"₹ 78,690.66",BRD-RTL
T003957,19/06/2019,F02091,INPUT_PURCHASE,DAP,311 kg,₹ 48.15,"₹ 14,974.65",BRD-RTL
T003958,12/07/2019,f02091,INPUT_PURCHASE,Fertilizer,316 kgs,₹ 38.31,"₹ 12,105.96",BRD-RTL
T003959,12/07/2019,F02091,I,FERTILIZER 50kg bag,77 kgs,₹ 36.88,"₹ 2,839.76",BRD-RTL
T003960,12/11/2019,F02092,Delivery,Groundnut,1601 kg,"₹ 7,210.00","₹ 1,15,432.10",BRD-RTL
T003961,08/11/2019,F02092,delivery,GROUNDNUT (Pods),155.00 kgs,"₹ 7,210.00","₹ 11,175.50",BRD-RTL
T003962,12/07/2019,f02092,input,Urea,242 kg,₹ 57.99,"₹ 14,033.58",BRD-RTL
T003963,03/11/2019,F02093,D,mungfali,958.00 kgs,"₹ 7,160.00","₹ 68,592.80",BRD-RTL
T003964,30/11/2019,F02093,Delivery,Groundnut,0.13 t,"₹ 7,160.00","₹ 9,021.60",BRD-RTL
T003965,15/06/2019, F02093 ,Input Purchase,Seeds,185 kg,₹ 71.95,"₹ 13,310.75",BRD-RTL
T003966,07/11/2019,f02094,DELIVERY,Groundnut,430 kg,"₹ 7,005.00","₹ 30,121.50",BRD-RTL
T003967,31/10/2019,f02094,Delivery,mungfali,3.21 MT,"₹ 7,005.00","₹ 2,25,140.70",BRD-RTL
T003968,19/10/2019,F02095,D,GROUNDNUT (Pods),5.17 quintals,"₹ 7,325.00","₹ 37,870.25",BRD-RTL
T003969,21/11/2019,F02095,DELIVERY,Groundnut,6557 kg,"₹ 7,325.00","₹ 4,80,300.25",BRD-RTL
T003970,13/07/2019,F02095,Input Purchase,Seeds,289 kgs,₹ 66.55,"₹ 19,232.95",BRD-RTL
T003971,29/11/2019,F02096,D,GROUNDNUT (Pods),646.00 kgs,"₹ 7,020.00","₹ 45,349.20",BRD-RTL
T003972,15/07/2019,F02096,INPUT_PURCHASE,Fertilizer,114 kgs,₹ 40.67,"₹ 4,636.38",BRD-RTL
T003973,14/06/2019,F02096,INPUT_PURCHASE,Hybrid Seeds,160 kgs,₹ 93.82,"₹ 15,011.20",BRD-RTL
T003974,10/06/2019,F02096,I,Bio-pesticide,250 kgs,₹ 619.15,"₹ 1,54,787.50",BRD-RTL
T003975,07/06/2019,F02096,INPUT_PURCHASE,FERTILIZER 50kg bag,242 kg,₹ 28.96,"₹ 7,008.32",BRD-RTL
T003976,03/09/2019,F02096,L,Loan Repayment,,,"₹ 7,000.00",BRD-RTL
T003977,04/10/2019,F02097,DELIVERY,GROUNDNUT (Pods),"2,269.00 kgs","₹ 6,990.00","₹ 1,58,603.10",BRD-RTL
T003978,15/11/2019,f02097,FPO_DELIVERY,Groundnut Pods,7.06 q,"₹ 6,990.00","₹ 49,349.40",BRD-RTL
T003979,22/10/2019,F02097,Delivery,SOYABEAN,1.97 t,"₹ 5,310.00","₹ 1,04,713.20",BRD-RTL
T003980,06/06/2019,F02097,Input Purchase,NPK 10:26:26,174 kgs,₹ 40.51,"₹ 7,048.74",BRD-RTL
T003981,01/07/2019,F02097,I,Bio-pesticide,247 kg,₹ 491.97,"₹ 1,21,516.59",BRD-RTL
T003982,25/06/2019,f02097,input,Bio-pesticide,44 kgs,₹ 556.97,"₹ 24,506.68",BRD-RTL
T003983,07/10/2019,F02098,Delivery,Groundnut Pods,374.00 kgs,"₹ 6,905.00","₹ 25,824.70",BRD-RTL
T003984,14/11/2019,F02098,FPO_DELIVERY,GROUNDNUT (Pods),523 kg,"₹ 6,905.00","₹ 36,113.15",BRD-RTL
T003985,24/06/2019,F02098,I,Hybrid Seeds,48 kg,₹ 112.67,"₹ 5,408.16",BRD-RTL
T003986,02/10/2019,F02099,FPO_DELIVERY,Groundnut Pods,473 kg,"₹ 7,070.00","₹ 33,441.10",BRD-RTL
T003987,03/10/2019,F02099,delivery,GROUNDNUT (Pods),91 kg,"₹ 7,070.00","₹ 6,433.70",BRD-RTL
T003988,30/11/2019,F02099,DELIVERY,SOYABEAN,4.4 qtl,"₹ 5,095.00","₹ 22,468.95",BRD-RTL
T003989,25/11/2019,f02099,DELIVERY,Soybean (Yellow),19 kg,"₹ 5,095.00",₹ 968.05,BRD-RTL
T003990,30/07/2019, F02099 ,Loan Repayment,Loan Repayment,,,"₹ 6,800.00",BRD-RTL
T003991,18/10/2019,F02099,Loan Repayment,Loan Repayment,,,"₹ 6,800.00",BRD-RTL
T003992,27/09/2019,F02099,Loan Repayment,EMI,,,"₹ 4,500.00",BRD-RTL
T003993,05/11/2019,F02100,Delivery,Groundnut,4.7 qtl,"₹ 6,960.00","₹ 32,503.20",BRD-RTL
T003994,07/10/2019,F02100,D,Groundnut Pods,4.0 qtl,"₹ 6,960.00","₹ 27,631.20",BRD-RTL
T003995,29/11/2019,F02100,D,Groundnut,2.2 qtl,"₹ 6,960.00","₹ 15,033.60",BRD-RTL
T003996,03/07/2019,F02100,I,DAP,40 kgs,₹ 35.92,"₹ 1,436.80",BRD-RTL
T003997,19/11/2019,F02101,Delivery,Groundnut,3.3 qtl,"₹ 7,220.00","₹ 23,537.20",BRD-RTL
T003998,12/10/2019,F02101,DELIVERY,Groundnut,3.58 quintals,"₹ 7,220.00","₹ 25,847.60",BRD-RTL
T003999,16/11/2019,F02102,delivery,Groundnut,602 kg,"₹ 7,015.00","₹ 42,230.30",BRD-RTL
T004000,03/06/2019,F02102,FERT_PURCHASE,SEEDS,127 kgs,₹ 111.79,"₹ 14,197.33",BRD-RTL
T004001,28/06/2019,F02102,I,Fertilizer,238 kg,₹ 54.24,"₹ 12,909.12",BRD-RTL
T004002,05/10/2019,F02103,FPO_DELIVERY,Groundnut,3.80 q,"₹ 6,605.00","₹ 25,099.00",BRD-RTL
T004003,06/10/2019,F02103,Delivery,Groundnut,2.9 qtl,"₹ 6,605.00","₹ 19,418.70",BRD-RTL
T004004,17/11/2019,F02103,DELIVERY,soya,296 kg,"₹ 4,570.00","₹ 13,527.20",BRD-RTL
T004005,05/10/2019,F02103,FPO_DELIVERY,Soybean,249.00 kgs,"₹ 4,570.00","₹ 11,379.30",BRD-RTL
T004006,14/10/2019, F02104 ,D,mungfali,3.25 q,"₹ 7,325.00","₹ 23,806.25",BRD-RTL
T004007,08/11/2019,F02104,delivery,Groundnut,213.00 kgs,"₹ 7,325.00","₹ 15,602.25",BRD-RTL
T004008,29/10/2019,F02104,loan,EMI,,,"₹ 3,000.00",BRD-RTL
T004009,09/08/2019,F02104,loan,Loan Repayment,,,"₹ 5,800.00",BRD-RTL
T004010,25/08/2019,F02104,L,Loan Repayment,,,"₹ 4,000.00",BRD-RTL
T004011,14/11/2019,F02105,D,Groundnut Pods,4.3 qtl,"₹ 7,070.00","₹ 30,188.90",BRD-RTL
T004012,26/11/2019,F02105,Delivery,GROUNDNUT (Pods),5.6 qtl,"₹ 7,070.00","₹ 39,309.20",BRD-RTL
T004013,24/06/2019,F02105,INPUT_PURCHASE,Fertilizer,166 kgs,₹ 43.88,"₹ 7,284.08",BRD-RTL
T004014,06/07/2019,F02105,L,Loan Repayment,,,"₹ 4,900.00",BRD-RTL
T004015,03/07/2019,f02105,loan,EMI,,,"₹ 4,400.00",BRD-RTL
T004016,28/08/2019,F02105,L,EMI,,,"₹ 6,800.00",BRD-RTL
T004017,13/10/2019,f02106,Delivery,Groundnut Pods,10.86 quintals,"₹ 6,995.00","₹ 75,965.70",BRD-RTL
T004018,27/11/2019,F02106,FPO_DELIVERY,GROUNDNUT (Pods),3.80 q,"₹ 6,995.00","₹ 26,581.00",BRD-RTL
T004019,17/06/2019,F02106,input,PP chemicals,202 kg,₹ 520.14,"₹ 1,05,068.28",BRD-RTL
T004020,26/11/2019,F02107,DELIVERY,Groundnut Pods,167.00 kgs,"₹ 7,005.00","₹ 11,698.35",BRD-RTL
T004021,24/10/2019,F02107,Delivery,GROUNDNUT (Pods),16.4 qtl,"₹ 7,005.00","₹ 1,14,952.05",BRD-RTL
T004022,12/06/2019,F02107,INPUT_PURCHASE,DAP,276 kgs,₹ 35.62,"₹ 9,831.12",BRD-RTL
T004023,02/06/2019,F02107,FERT_PURCHASE,Fertilizer,117 kg,₹ 51.77,"₹ 6,057.09",BRD-RTL
T004024,30/06/2019,F02107,I,Seeds,244 kgs,₹ 52.28,"₹ 12,756.32",BRD-RTL
T004025,12/07/2019,F02107,Input Purchase,Seeds,98 kgs,₹ 71.02,"₹ 6,959.96",BRD-RTL
T004026,24/06/2019,F02107,I,NPK 10:26:26,125 kgs,₹ 53.89,"₹ 6,736.25",BRD-RTL
T004027,16/10/2019,F02108,D,mungfali,"1,271.00 kgs","₹ 7,435.00","₹ 94,498.85",BRD-RTL
T004028,21/10/2019,f02108,delivery,mungfali,1.20 q,"₹ 7,435.00","₹ 8,922.00",BRD-RTL
T004029,15/10/2019,F02108,D,Groundnut,1180 kg,"₹ 7,435.00","₹ 87,733.00",BRD-RTL
T004030,21/11/2019,F02109,DELIVERY,Groundnut Pods,1363 kg,"₹ 7,375.00","₹ 1,00,521.25",BRD-RTL
T004031,27/11/2019,F02109,FPO_DELIVERY,GROUNDNUT (Pods),1.3 qtl,"₹ 7,375.00","₹ 9,735.00",BRD-RTL
T004032,08/10/2019,F02109,delivery,soya,889.00 kgs,"₹ 4,730.00","₹ 42,049.70",BRD-RTL
T004033,26/11/2019,F02109,FPO_DELIVERY,Soybean (Yellow),,"₹ 4,730.00","₹ 21,001.20",BRD-RTL
T004034,29/10/2019,f02110,delivery,Groundnut Pods,18.27 quintals,"₹ 7,060.00","₹ 1,28,986.20",BRD-RTL
T004035,07/07/2019, F02110 ,INPUT_PURCHASE,PP chemicals,121 kg,₹ 467.03,"₹ 56,510.63",BRD-RTL
T004036,01/11/2019,F02111,FPO_DELIVERY,Groundnut Pods,"2,120.00 kgs","₹ 6,890.00","₹ 1,46,068.00",BRD-RTL
T004037,03/06/2019,F02111,FERT_PURCHASE,Fertilizer,57 kg,₹ 58.50,"₹ 3,334.50",BRD-RTL
T004038,26/06/2019,f02111,I,Fertilizer,80 kgs,₹ 34.78,"₹ 2,782.40",BRD-RTL
T004039,09/08/2019,F02111,loan,EMI,,,"₹ 6,900.00",BRD-RTL
T004040,15/08/2019, F02111 ,LOAN_REPAY,Loan Repayment,,,"₹ 1,800.00",BRD-RTL
T004041,02/11/2019,f02112,Delivery,Groundnut Pods,2811 kg,"₹ 7,030.00","₹ 1,97,613.30",BRD-RTL
T004042,30/10/2019,F02112,delivery,Groundnut,2.86 quintals,"₹ 7,030.00","₹ 20,105.80",BRD-RTL
T004043,24/06/2019,F02112,I,NPK 10:26:26,85 kgs,₹ 39.03,"₹ 3,317.55",BRD-RTL
T004044,04/07/2019, F02112 ,input,PPC,60 kgs,₹ 444.00,"₹ 26,640.00",BRD-RTL
T004045,03/06/2019,f02112,Loan Repayment,Loan Repayment,,,"₹ 7,100.00",BRD-RTL
T004046,04/11/2019,F02113,Delivery,Groundnut Pods,943 kg,"₹ 7,270.00","₹ 68,556.10",BRD-RTL
T004047,11/06/2019,F02113,Input Purchase,PPC,133 kgs,₹ 328.51,"₹ 43,691.83",BRD-RTL
T004048,02/07/2019,F02113,I,SEEDS,287 kgs,₹ 83.08,"₹ 23,843.96",BRD-RTL
T004049,23/10/2019,F02114,D,Groundnut,19.32 q,"₹ 7,810.00","₹ 1,50,889.20",BRD-RTL
T004050,12/11/2019,F02114,D,GROUNDNUT (Pods),10.83 quintals,"₹ 7,810.00","₹ 84,582.30",BRD-RTL
T004051,14/11/2019,F02114,delivery,Soybean,"1,509.00 kgs","₹ 4,915.00","₹ 74,167.35",BRD-RTL
T004052,27/10/2019,F02114,D,Soybean,4.82 quintals,"₹ 4,915.00","₹ 23,690.30",BRD-RTL
T004053,24/10/2019,F02114,D,Soybean,0.33 t,"₹ 4,915.00","₹ 16,022.90",BRD-RTL
T004054,11/07/2019,F02114,Input Purchase,DAP,123 kgs,₹ 31.58,"₹ 3,884.34",BRD-RTL
T004055,03/11/2019,F02115,DELIVERY,Groundnut,0.59 MT,"₹ 6,940.00","₹ 40,668.40",BRD-RTL
T004056,20/10/2019,F02115,Delivery,mungfali,286.00 kgs,"₹ 6,940.00","₹ 19,848.40",BRD-RTL
T004057,19/10/2019,F02115,delivery,mungfali,359.00 kgs,"₹ 6,940.00","₹ 24,914.60",BRD-RTL
T004058,17/11/2019,F02115,D,soya,327.00 kgs,"₹ 4,775.00","₹ 15,614.25",BRD-RTL
T004059,23/10/2019,F02115,DELIVERY,Soybean (Yellow),1.07 q,"₹ 4,775.00","₹ 5,109.25",BRD-RTL
T004060,06/10/2019,F02115,delivery,soya,354 kg,"₹ 4,775.00","₹ 16,903.50",BRD-RTL
T004061,14/07/2019,F02115,Input Purchase,Fertilizer,188 kg,₹ 45.42,"₹ 8,538.96",BRD-RTL
T004062,17/06/2019,f02115,I,Urea,62 kg,₹ 51.83,"₹ 3,213.46",BRD-RTL
T004063,25/08/2019,F02115,Loan Repayment,Loan Repayment,,,"₹ 6,900.00",BRD-RTL
T004064,22/10/2019, F02116 ,FPO_DELIVERY,GROUNDNUT (Pods),102.00 kgs,"₹ 7,340.00","₹ 7,486.80",BRD-RTL
T004065,27/10/2019,F02116,delivery,Groundnut Pods,188 kg,"₹ 7,340.00","₹ 13,799.20",BRD-RTL
T004066,09/10/2019,F02116,DELIVERY,GROUNDNUT (Pods),11.28 q,"₹ 7,340.00","₹ 82,795.20",BRD-RTL
T004067,01/10/2019,F02116,D,soya,11.14 q,"₹ 4,955.00","₹ 55,198.70",BRD-RTL
T004068,09/06/2019,F02116,Input Purchase,DAP,165 kgs,₹ 44.59,"₹ 7,357.35",BRD-RTL
T004069,01/11/2019,F02117,Delivery,GROUNDNUT (Pods),827 kg,"₹ 7,120.00","₹ 58,882.40",BRD-RTL
T004070,28/10/2019,F02117,Delivery,GROUNDNUT (Pods),6.4 qtl,"₹ 7,120.00","₹ 45,781.60",BRD-RTL
T004071,23/11/2019,F02117,delivery,soya,1014 kg,"₹ 4,760.00","₹ 48,266.40",BRD-RTL
T004072,15/07/2019,F02117,FERT_PURCHASE,Hybrid Seeds,96 kg,₹ 66.92,"₹ 6,424.32",BRD-RTL
T004073,11/10/2019,F02118,D,Groundnut,"1,220.00 kgs","₹ 7,200.00","₹ 87,840.00",BRD-RTL
T004074,11/11/2019,F02118,DELIVERY,Groundnut Pods,1614 kg,"₹ 7,200.00","₹ 1,16,208.00",BRD-RTL
T004075,03/11/2019,F02118,delivery,Soybean,"1,535.00 kgs","₹ 5,200.00","₹ 79,820.00",BRD-RTL
T004076,16/11/2019,F02118,FPO_DELIVERY,Soybean (Yellow),6.74 quintals,"₹ 5,200.00","₹ 35,048.00",BRD-RTL
T004077,03/07/2019,F02118,FERT_PURCHASE,Fertilizer,30 kg,₹ 46.47,"₹ 1,394.10",BRD-RTL
T004078,02/06/2019,f02118,Input Purchase,DAP,311 kgs,₹ 34.63,"₹ 10,769.93",BRD-RTL
T004079,11/06/2019,F02118,INPUT_PURCHASE,Hybrid Seeds,89 kg,₹ 89.44,"₹ 7,960.16",BRD-RTL
T004080,05/10/2019,F02119,DELIVERY,Groundnut Pods,1.78 MT,"₹ 7,200.00","₹ 1,27,944.00",BRD-RTL
T004081,18/11/2019,F02119,FPO_DELIVERY,Groundnut,276.00 kgs,"₹ 7,200.00","₹ 19,872.00",BRD-RTL
T004082,14/11/2019,f02120,D,Groundnut Pods,276.00 kgs,"₹ 7,230.00","₹ 19,954.80",BRD-RTL
T004083,11/11/2019,F02121,D,GROUNDNUT (Pods),2581 kg,"₹ 7,285.00","₹ 1,88,025.85",BRD-RTL
T004084,21/06/2019,F02121,input,FERTILIZER 50kg bag,216 kgs,₹ 38.54,"₹ 8,324.64",BRD-RTL
T004085,18/11/2019,F02122,Delivery,Groundnut,6.16 q,"₹ 7,285.00","₹ 44,875.60",BRD-RTL
T004086,19/10/2019,F02123,D,mungfali,920 kg,"₹ 7,500.00","₹ 69,000.00",BRD-RTL
T004087,04/10/2019,F02123,Delivery,Groundnut Pods,650.00 kgs,"₹ 7,500.00","₹ 48,750.00",BRD-RTL
T004088,30/11/2019,F02124,delivery,Groundnut,19.25 q,"₹ 7,000.00","₹ 1,34,750.00",BRD-RTL
T004089,17/10/2019,F02124,delivery,Soybean (Yellow),0.56 MT,"₹ 4,925.00","₹ 27,678.50",BRD-RTL
T004090,06/10/2019,F02124,FPO_DELIVERY,SOYABEAN,3.29 q,"₹ 4,925.00","₹ 16,203.25",BRD-RTL
T004091,20/11/2019,F02124,DELIVERY,Soybean (Yellow),634.00 kgs,"₹ 4,925.00","₹ 31,224.50",BRD-RTL
T004092,16/06/2019, F02124 ,INPUT_PURCHASE,PPC,246 kg,₹ 294.60,"₹ 72,471.60",BRD-RTL
T004093,28/11/2019,F02125,DELIVERY,Groundnut,1031 kg,"₹ 7,055.00","₹ 72,737.05",BRD-RTL
T004094,05/09/2019,F02125,L,EMI,,,"₹ 1,300.00",BRD-RTL
T004095,20/11/2019,F02125,loan,Loan Repayment,,,"₹ 3,200.00",BRD-RTL
T004096,10/10/2019,F02126,D,mungfali,2.3 qtl,"₹ 7,605.00","₹ 17,491.50",BRD-RTL
T004097,09/10/2019,F02126,DELIVERY,Groundnut Pods,1163 kg,"₹ 7,605.00","₹ 88,446.15",BRD-RTL
T004098,13/11/2019,F02126,DELIVERY,soya,1.7 qtl,"₹ 4,920.00","₹ 8,511.60",BRD-RTL
T004099,25/11/2019,F02126,DELIVERY,Soybean,8.26 q,"₹ 4,920.00","₹ 40,639.20",BRD-RTL
T004100,23/06/2019,F02126,FERT_PURCHASE,SEEDS,208 kg,₹ 93.28,"₹ 19,402.24",BRD-RTL
T004101,03/06/2019,F02126,Input Purchase,Hybrid Seeds,251 kgs,₹ 69.35,"₹ 17,406.85",BRD-RTL
T004102,04/10/2019,F02127,delivery,Groundnut Pods,178 kg,"₹ 7,000.00","₹ 12,460.00",BRD-RTL
T004103,17/11/2019,F02127,Delivery,GROUNDNUT (Pods),4.33 q,"₹ 7,000.00","₹ 30,310.00",BRD-RTL
T004104,03/09/2019,F02127,LOAN_REPAY,Loan Repayment,,,"₹ 1,100.00",BRD-RTL
T004105,30/09/2019,F02127,Loan Repayment,EMI,,,"₹ 1,100.00",BRD-RTL
T004106,08/11/2019,F02128,FPO_DELIVERY,mungfali,574.00 kgs,"₹ 7,200.00","₹ 41,328.00",BRD-RTL
T004107,24/10/2019,F02128,Delivery,Groundnut Pods,24.93 q,"₹ 7,200.00","₹ 1,79,496.00",BRD-RTL
T004108,12/06/2019,F02128,INPUT_PURCHASE,NPK 10:26:26,121 kgs,₹ 57.38,"₹ 6,942.98",BRD-RTL
T004109,12/07/2019,F02128,input,Hybrid Seeds,274 kg,₹ 97.69,"₹ 26,767.06",BRD-RTL
T004110,01/11/2019, F02129 ,D,Groundnut,908 kg,"₹ 6,580.00","₹ 59,746.40",BRD-RTL
T004111,14/10/2019,f02129,D,GROUNDNUT (Pods),14.81 quintals,"₹ 6,580.00","₹ 97,449.80",BRD-RTL
T004112,20/06/2019,F02129,Input Purchase,FERTILIZER 50kg bag,267 kg,₹ 32.02,"₹ 8,549.34",BRD-RTL
T004113,01/06/2019,F02129,FERT_PURCHASE,Fertilizer,175 kgs,₹ 51.43,"₹ 9,000.25",BRD-RTL
T004114,22/06/2019,F02129,INPUT_PURCHASE,Bio-pesticide,180 kgs,₹ 273.59,"₹ 49,246.20",BRD-RTL
T004115,28/11/2019,f02130,delivery,GROUNDNUT (Pods),3.83 quintals,"₹ 7,390.00","₹ 28,303.70",BRD-RTL
T004116,27/10/2019,F02130,DELIVERY,mungfali,16.7 qtl,"₹ 7,390.00","₹ 1,23,486.90",BRD-RTL
T004117,15/06/2019,F02130,I,NPK 10:26:26,259 kg,₹ 32.61,"₹ 8,445.99",BRD-RTL
T004118,26/09/2019,F02130,L,EMI,,,"₹ 4,700.00",BRD-RTL
T004119,08/11/2019,F02131,DELIVERY,Groundnut,376 kg,"₹ 7,470.00","₹ 28,087.20",BRD-RTL
T004120,10/10/2019,F02131,Delivery,Groundnut,2.1 qtl,"₹ 7,470.00","₹ 15,537.60",BRD-RTL
T004121,16/10/2019,F02131,FPO_DELIVERY,soya,57.00 kgs,"₹ 4,745.00","₹ 2,704.65",BRD-RTL
T004122,13/10/2019,F02131,FPO_DELIVERY,Soybean,3.56 quintals,"₹ 4,745.00","₹ 16,892.20",BRD-RTL
T004123,30/10/2019,F02131,Delivery,Soybean (Yellow),0.07 t,"₹ 4,745.00","₹ 3,416.40",BRD-RTL
T004124,24/06/2019,F02131,loan,Loan Repayment,,,"₹ 6,900.00",BRD-RTL
T004125,02/10/2019,f02132,FPO_DELIVERY,GROUNDNUT (Pods),2.4 qtl,"₹ 7,375.00","₹ 17,331.25",BRD-RTL
T004126,12/11/2019,F02132,delivery,GROUNDNUT (Pods),3648 kg,"₹ 7,375.00","₹ 2,69,040.00",BRD-RTL
T004127,02/07/2019,F02132,Input Purchase,Fertilizer,223 kg,₹ 52.05,"₹ 11,607.15",BRD-RTL
T004128,30/11/2019,F02133,DELIVERY,Groundnut,14.58 q,"₹ 6,685.00","₹ 97,467.30",BRD-RTL
T004129,25/06/2019,F02133,Input Purchase,NPK 10:26:26,253 kg,₹ 45.20,"₹ 11,435.60",BRD-RTL
T004130,28/10/2019,F02134,FPO_DELIVERY,mungfali,1287 kg,"₹ 7,770.00","₹ 99,999.90",BRD-RTL
T004131,09/10/2019,F02134,DELIVERY,Soybean,11.2 qtl,"₹ 4,870.00","₹ 54,738.80",BRD-RTL
T004132,25/11/2019,F02134,loan,Loan Repayment,,,"₹ 5,500.00",BRD-RTL
T004133,29/11/2019,F02135,DELIVERY,mungfali,9 kg,"₹ 6,900.00",₹ 621.00,BRD-RTL
T004134,29/10/2019,F02135,Delivery,Groundnut,515 kg,"₹ 6,900.00","₹ 35,535.00",BRD-RTL
T004135,10/11/2019,F02135,Delivery,SOYABEAN,0.71 quintals,"₹ 5,030.00","₹ 3,571.30",BRD-RTL
T004136,17/11/2019,F02135,FPO_DELIVERY,SOYABEAN,382 kg,"₹ 5,030.00","₹ 19,214.60",BRD-RTL
T004137,02/06/2019,F02135,I,Fertilizer,189 kg,₹ 36.89,"₹ 6,972.21",BRD-RTL
T004138,15/07/2019,F02135,INPUT_PURCHASE,SEEDS,244 kg,₹ 102.11,"₹ 24,914.84",BRD-RTL
T004139,16/11/2019,F02136,FPO_DELIVERY,Groundnut,253 kg,"₹ 6,680.00","₹ 16,900.40",BRD-RTL
T004140,05/11/2019,F02136,delivery,Groundnut,1719 kg,"₹ 6,680.00","₹ 1,14,829.20",BRD-RTL
T004141,26/10/2019,F02137,FPO_DELIVERY,mungfali,24.58 q,"₹ 7,425.00","₹ 1,82,506.50",BRD-RTL
T004142,08/10/2019,F02137,FPO_DELIVERY,mungfali,3.23 quintals,"₹ 7,425.00","₹ 23,982.75",BRD-RTL
T004143,09/06/2019,F02137,Input Purchase,Fertilizer,159 kg,₹ 45.01,"₹ 7,156.59",BRD-RTL
T004144,22/06/2019,F02137,I,PPC,212 kg,₹ 524.62,"₹ 1,11,219.44",BRD-RTL
T004145,22/10/2019,F02137,LOAN_REPAY,EMI,,,"₹ 1,700.00",BRD-RTL
T004146,06/11/2019,F02138,FPO_DELIVERY,Groundnut Pods,730 kg,"₹ 6,905.00","₹ 50,406.50",BRD-RTL
T004147,28/11/2019,F02139,FPO_DELIVERY,GROUNDNUT (Pods),35.2 qtl,"₹ 6,725.00","₹ 2,36,451.00",BRD-RTL
T004148,28/06/2019,F02139,Input Purchase,DAP,294 kgs,₹ 32.92,"₹ 9,678.48",BRD-RTL
T004149,04/06/2019,F02139,INPUT_PURCHASE,NPK 10:26:26,160 kgs,₹ 54.08,"₹ 8,652.80",BRD-RTL
T004150,27/06/2019,F02139,input,DAP,236 kg,₹ 56.18,"₹ 13,258.48",BRD-RTL
T004151,07/10/2019,F02139,Loan Repayment,Loan Repayment,,,"₹ 1,900.00",BRD-RTL
T004152,17/11/2019,F02139,Loan Repayment,Loan Repayment,,,"₹ 7,000.00",BRD-RTL
T004153,05/11/2019,F02140,D,mungfali,"1,413.00 kgs","₹ 6,945.00","₹ 98,132.85",BRD-RTL
T004154,18/10/2019,F02140,delivery,soya,939 kg,"₹ 5,220.00","₹ 49,015.80",BRD-RTL
T004155,10/11/2019,F02140,Delivery,soya,1.20 q,"₹ 5,220.00","₹ 6,264.00",BRD-RTL
T004156,19/10/2019,f02141,FPO_DELIVERY,Groundnut,5.2 qtl,"₹ 7,095.00","₹ 36,823.05",BRD-RTL
T004157,04/11/2019,F02141,DELIVERY,GROUNDNUT (Pods),7.3 qtl,"₹ 7,095.00","₹ 51,509.70",BRD-RTL
T004158,23/10/2019,f02141,delivery,GROUNDNUT (Pods),0.73 q,"₹ 7,095.00","₹ 5,179.35",BRD-RTL
T004159,16/10/2019,F02141,Delivery,Soybean,229.00 kgs,"₹ 4,485.00","₹ 10,270.65",BRD-RTL
T004160,05/11/2019,f02141,delivery,SOYABEAN,7.53 q,"₹ 4,485.00","₹ 33,772.05",BRD-RTL
T004161,07/07/2019,F02141,input,FERTILIZER 50kg bag,170 kg,₹ 53.68,"₹ 9,125.60",BRD-RTL
T004162,09/10/2019,F02142,Delivery,Groundnut Pods,114 kg,"₹ 7,575.00","₹ 8,635.50",BRD-RTL
T004163,18/10/2019,F02142,Delivery,Groundnut,780.00 kgs,"₹ 7,575.00","₹ 59,085.00",BRD-RTL
T004164,09/11/2019,F02142,DELIVERY,Groundnut Pods,7.16 quintals,"₹ 7,575.00","₹ 54,237.00",BRD-RTL
T004165,01/10/2019,F02143,FPO_DELIVERY,mungfali,9.06 quintals,"₹ 7,070.00","₹ 64,054.20",BRD-RTL
T004166,04/07/2019,F02143,Input Purchase,Fertilizer,62 kg,₹ 41.32,"₹ 2,561.84",BRD-RTL
T004167,25/10/2019,F02144,FPO_DELIVERY,GROUNDNUT (Pods),1.57 MT,"₹ 7,395.00","₹ 1,16,323.35",BRD-RTL
T004168,16/10/2019,F02144,delivery,SOYABEAN,1.38 MT,"₹ 4,625.00","₹ 63,686.25",BRD-RTL
T004169,26/10/2019,F02145,D,mungfali,7.15 q,"₹ 7,130.00","₹ 50,979.50",BRD-RTL
T004170,07/10/2019,f02145,DELIVERY,GROUNDNUT (Pods),3059 kg,"₹ 7,130.00","₹ 2,18,106.70",BRD-RTL
T004171,02/06/2019,F02145,input,NPK 10:26:26,301 kg,₹ 41.33,"₹ 12,440.33",BRD-RTL
T004172,27/06/2019,F02145,input,Seeds,34 kg,₹ 121.62,"₹ 4,135.08",BRD-RTL
T004173,30/10/2019,F02146,delivery,mungfali,1204 kg,"₹ 7,410.00","₹ 89,216.40",BRD-RTL
T004174,21/10/2019,F02146,DELIVERY,Groundnut,0.35 t,"₹ 7,410.00","₹ 25,638.60",BRD-RTL
T004175,06/07/2019,F02146,INPUT_PURCHASE,Hybrid Seeds,237 kgs,₹ 109.08,"₹ 25,851.96",BRD-RTL
T004176,20/10/2019, F02147 ,delivery,Groundnut Pods,13.19 q,"₹ 6,410.00","₹ 84,547.90",BRD-RTL
T004177,03/11/2019,F02147,DELIVERY,Groundnut Pods,10.6 qtl,"₹ 6,410.00","₹ 67,753.70",BRD-RTL
T004178,15/06/2019,F02147,INPUT_PURCHASE,FERTILIZER 50kg bag,107 kg,₹ 52.40,"₹ 5,606.80",BRD-RTL
T004179,07/07/2019,F02147,Input Purchase,Hybrid Seeds,179 kg,₹ 65.31,"₹ 11,690.49",BRD-RTL
T004180,09/07/2019,F02147,Input Purchase,SEEDS,114 kgs,₹ 106.42,"₹ 12,131.88",BRD-RTL
T004181,16/06/2019,F02147,input,FERTILIZER 50kg bag,289 kg,₹ 53.43,"₹ 15,441.27",BRD-RTL
T004182,12/10/2019,f02148,D,mungfali,5.16 quintals,"₹ 6,745.00","₹ 34,804.20",BRD-RTL
T004183,17/09/2019, F02148 ,Loan Repayment,Loan Repayment,,,"₹ 6,300.00",BRD-RTL
T004184,10/10/2019,F02149,Delivery,Groundnut Pods,2.14 t,"₹ 7,740.00","₹ 1,65,403.80",BRD-RTL
T004185,25/06/2019,f02149,I,PP chemicals,189 kgs,₹ 510.48,"₹ 96,480.72",BRD-RTL
T004186,02/06/2019, F02149 ,I,Urea,283 kg,₹ 38.99,"₹ 11,034.17",BRD-RTL
T004187,11/10/2019,F02150,FPO_DELIVERY,Groundnut Pods,"2,631.00 kgs","₹ 7,595.00","₹ 1,99,824.45",BRD-RTL
T004188,18/11/2019,F02150,delivery,soya,2.53 t,"₹ 4,920.00","₹ 1,24,623.60",BRD-RTL
T004189,18/06/2019,F02150,Input Purchase,SEEDS,147 kg,₹ 87.49,"₹ 12,861.03",BRD-RTL
T004190,30/06/2019,F02150,input,Urea,25 kg,₹ 55.32,"₹ 1,383.00",BRD-RTL
T004191,09/07/2019,F02150,FERT_PURCHASE,DAP,267 kgs,₹ 59.95,"₹ 16,006.65",BRD-RTL
T004192,13/11/2019,f02151,Delivery,GROUNDNUT (Pods),4.11 quintals,"₹ 7,345.00","₹ 30,187.95",BRD-RTL
T004193,22/10/2019,F02151,D,mungfali,14.18 quintals,"₹ 7,345.00","₹ 1,04,152.10",BRD-RTL
T004194,11/07/2019,F02151,I,FERTILIZER 50kg bag,153 kgs,₹ 49.21,"₹ 7,529.13",BRD-RTL
T004195,05/07/2019,F02151,FERT_PURCHASE,PPC,97 kgs,₹ 295.30,"₹ 28,644.10",BRD-RTL
T004196,12/06/2019,f02151,I,Seeds,232 kg,₹ 94.80,"₹ 21,993.60",BRD-RTL
T004197,09/06/2019,F02151,Input Purchase,NPK 10:26:26,85 kgs,₹ 42.65,"₹ 3,625.25",BRD-RTL
T004198,15/07/2019,F02151,INPUT_PURCHASE,Hybrid Seeds,195 kg,₹ 77.68,"₹ 15,147.60",BRD-RTL
T004199,28/07/2019,F02151,Loan Repayment,EMI,,,"₹ 7,100.00",BRD-RTL
T004200,13/11/2019,f02152,Delivery,Groundnut,143.00 kgs,"₹ 7,060.00","₹ 10,095.80",BRD-RTL
T004201,24/11/2019,F02152,delivery,mungfali,15.8 qtl,"₹ 7,060.00","₹ 1,11,548.00",BRD-RTL
T004202,12/07/2019,F02152,I,NPK 10:26:26,170 kgs,₹ 30.13,"₹ 5,122.10",BRD-RTL
T004203,13/07/2019,F02152,Input Purchase,SEEDS,162 kgs,₹ 92.93,"₹ 15,054.66",BRD-RTL
T004204,15/10/2019,F02153,delivery,Groundnut,"1,293.00 kgs","₹ 7,205.00","₹ 93,160.65",BRD-RTL
T004205,12/10/2019,f02153,delivery,GROUNDNUT (Pods),"1,569.00 kgs","₹ 7,205.00","₹ 1,13,046.45",BRD-RTL
T004206,06/07/2019,F02153,FERT_PURCHASE,Urea,123 kgs,₹ 35.80,"₹ 4,403.40",BRD-RTL
T004207,27/11/2019,F02154,FPO_DELIVERY,GROUNDNUT (Pods),1919 kg,"₹ 7,435.00","₹ 1,42,677.65",BRD-RTL
T004208,01/07/2019,F02154,input,Urea,73 kgs,₹ 35.39,"₹ 2,583.47",BRD-RTL
T004209,30/06/2019,F02154,FERT_PURCHASE,DAP,191 kg,₹ 47.25,"₹ 9,024.75",BRD-RTL
T004210,05/10/2019,f02155,D,mungfali,1.3 qtl,"₹ 6,390.00","₹ 8,115.30",BRD-RTL
T004211,31/10/2019,f02155,Delivery,Groundnut Pods,954 kg,"₹ 6,390.00","₹ 60,960.60",BRD-RTL
T004212,06/06/2019,F02155,input,Urea,294 kg,₹ 42.24,"₹ 12,418.56",BRD-RTL
T004213,29/11/2019,f02156,Delivery,Groundnut Pods,18.38 q,"₹ 7,385.00","₹ 1,35,736.30",BRD-RTL
T004214,08/07/2019,F02156,INPUT_PURCHASE,FERTILIZER 50kg bag,107 kgs,₹ 45.76,"₹ 4,896.32",BRD-RTL
T004215,10/10/2019,F02157,Delivery,Groundnut,21.6 qtl,"₹ 6,905.00","₹ 1,49,355.15",BRD-RTL
T004216,23/06/2019,F02157,INPUT_PURCHASE,FERTILIZER 50kg bag,123 kg,₹ 52.68,"₹ 6,479.64",BRD-RTL
T004217,25/08/2019,f02157,loan,EMI,,,"₹ 3,400.00",BRD-RTL
T004218,27/10/2019,F02157,LOAN_REPAY,EMI,,,"₹ 7,100.00",BRD-RTL
T004219,26/07/2019,F02157,LOAN_REPAY,EMI,,,"₹ 7,700.00",BRD-RTL
T004220,28/10/2019, F02158 ,Delivery,Groundnut,3.2 qtl,"₹ 7,040.00","₹ 22,528.00",BRD-RTL
T004221,15/10/2019,F02158,D,GROUNDNUT (Pods),34.76 quintals,"₹ 7,040.00","₹ 2,44,710.40",BRD-RTL
T004222,04/06/2019,f02158,input,FERTILIZER 50kg bag,198 kg,₹ 44.66,"₹ 8,842.68",BRD-RTL
T004223,25/06/2019,F02158,I,NPK 10:26:26,130 kgs,₹ 39.18,"₹ 5,093.40",BRD-RTL
T004224,21/11/2019,F02159,FPO_DELIVERY,Groundnut,101 kg,"₹ 7,015.00","₹ 7,085.15",BRD-RTL
T004225,29/11/2019,F02159,D,Groundnut,0.61 t,"₹ 7,015.00","₹ 43,001.95",BRD-RTL
T004226,09/10/2019,F02159,D,GROUNDNUT (Pods),0.91 q,"₹ 7,015.00","₹ 6,383.65",BRD-RTL
T004227,07/10/2019,F02159,DELIVERY,soya,63.00 kgs,"₹ 4,875.00","₹ 3,071.25",BRD-RTL
T004228,04/10/2019,F02159,D,soya,5.21 quintals,"₹ 4,875.00","₹ 25,398.75",BRD-RTL
T004229,10/11/2019,F02160,delivery,Groundnut Pods,359.00 kgs,"₹ 7,210.00","₹ 25,883.90",BRD-RTL
T004230,07/10/2019,F02160,Delivery,Groundnut,5.8 qtl,"₹ 7,210.00","₹ 42,178.50",BRD-RTL
T004231,27/11/2019,F02160,Delivery,Groundnut Pods,107.00 kgs,"₹ 7,210.00","₹ 7,714.70",BRD-RTL
T004232,17/11/2019,F02160,DELIVERY,Soybean (Yellow),9.75 q,"₹ 5,140.00","₹ 50,115.00",BRD-RTL
T004233,11/07/2019,F02160,input,SEEDS,90 kg,₹ 46.90,"₹ 4,221.00",BRD-RTL
T004234,08/10/2019,F02161,delivery,GROUNDNUT (Pods),38.17 quintals,"₹ 7,040.00","₹ 2,68,716.80",BRD-RTL
T004235,11/11/2019,F02161,DELIVERY,mungfali,19.1 qtl,"₹ 7,040.00","₹ 1,34,675.20",BRD-RTL
T004236,12/10/2019,F02162,D,mungfali,779 kg,"₹ 7,325.00","₹ 57,061.75",BRD-RTL
T004237,14/11/2019,f02162,Delivery,SOYABEAN,5.45 q,"₹ 5,105.00","₹ 27,822.25",BRD-RTL
T004238,29/06/2019,F02162,Input Purchase,Fertilizer,270 kg,₹ 36.08,"₹ 9,741.60",BRD-RTL
T004239,04/10/2019,f02163,DELIVERY,Groundnut,11.72 q,"₹ 7,385.00","₹ 86,552.20",BRD-RTL
T004240,07/11/2019,F02163,DELIVERY,Soybean (Yellow),8.4 qtl,"₹ 4,740.00","₹ 39,863.40",BRD-RTL
T004241,05/10/2019,F02163,delivery,soya,0.28 t,"₹ 4,740.00","₹ 13,082.40",BRD-RTL
T004242,10/07/2019,F02163,Input Purchase,PPC,26 kgs,₹ 457.34,"₹ 11,890.84",BRD-RTL
T004243,20/06/2019,f02163,I,FERTILIZER 50kg bag,285 kg,₹ 42.93,"₹ 12,235.05",BRD-RTL
T004244,12/10/2019, F02164 ,Delivery,Groundnut,"1,803.00 kgs","₹ 7,130.00","₹ 1,28,553.90",BRD-RTL
T004245,03/10/2019,F02164,FPO_DELIVERY,mungfali,240 kg,"₹ 7,130.00","₹ 17,112.00",BRD-RTL
T004246,10/10/2019,f02164,DELIVERY,Groundnut,561.00 kgs,"₹ 7,130.00","₹ 39,999.30",BRD-RTL
T004247,11/07/2019,F02164,Input Purchase,PPC,315 kg,₹ 482.61,"₹ 1,52,022.15",BRD-RTL
T004248,12/06/2019,F02164,FERT_PURCHASE,NPK 10:26:26,50 kg,₹ 46.95,"₹ 2,347.50",BRD-RTL
T004249,12/09/2019,F02164,Loan Repayment,Loan Repayment,,,"₹ 3,800.00",BRD-RTL
T004250,03/11/2019,F02164,L,EMI,,,"₹ 5,800.00",BRD-RTL
T004251,26/11/2019,F02165,DELIVERY,mungfali,0.34 t,"₹ 6,865.00","₹ 23,615.60",BRD-RTL
T004252,29/10/2019,F02166,delivery,Groundnut Pods,0.66 t,"₹ 6,985.00","₹ 46,170.85",BRD-RTL
T004253,16/11/2019,F02166,FPO_DELIVERY,GROUNDNUT (Pods),651.00 kgs,"₹ 6,985.00","₹ 45,472.35",BRD-RTL
T004254,30/11/2019,F02166,loan,Loan Repayment,,,"₹ 3,200.00",BRD-RTL
T004255,01/11/2019,F02167,delivery,GROUNDNUT (Pods),337 kg,"₹ 6,900.00","₹ 23,253.00",BRD-RTL
T004256,04/11/2019,F02167,DELIVERY,GROUNDNUT (Pods),1.33 t,"₹ 6,900.00","₹ 91,701.00",BRD-RTL
T004257,09/06/2019,F02167,Input Purchase,NPK 10:26:26,111 kgs,₹ 31.08,"₹ 3,449.88",BRD-RTL
T004258,11/11/2019,F02168,FPO_DELIVERY,Groundnut Pods,10.7 qtl,"₹ 7,470.00","₹ 79,854.30",BRD-RTL
T004259,22/11/2019,F02168,DELIVERY,Groundnut Pods,"4,541.00 kgs","₹ 7,470.00","₹ 3,39,212.70",BRD-RTL
T004260,02/07/2019,F02168,Input Purchase,Bio-pesticide,292 kg,₹ 572.19,"₹ 1,67,079.48",BRD-RTL
T004261,09/06/2019,F02168,Input Purchase,Seeds,254 kgs,₹ 56.42,"₹ 14,330.68",BRD-RTL
T004262,29/06/2019,F02168,I,DAP,46 kg,₹ 39.99,"₹ 1,839.54",BRD-RTL
T004263,22/06/2019,F02168,input,PPC,48 kg,₹ 629.22,"₹ 30,202.56",BRD-RTL
T004264,30/08/2019,f02168,LOAN_REPAY,EMI,,,"₹ 3,300.00",BRD-RTL
T004265,30/11/2019,f02169,FPO_DELIVERY,Groundnut Pods,1.10 MT,"₹ 6,990.00","₹ 76,680.30",BRD-RTL
T004266,08/11/2019,F02169,delivery,Groundnut,107 kg,"₹ 6,990.00","₹ 7,479.30",BRD-RTL
T004267,18/06/2019,F02169,FERT_PURCHASE,Urea,239 kg,₹ 29.76,"₹ 7,112.64",BRD-RTL
T004268,21/11/2019,F02170,D,Groundnut Pods,3.0 qtl,"₹ 7,205.00","₹ 21,615.00",BRD-RTL
T004269,09/10/2019,F02170,D,Groundnut,0.6 qtl,"₹ 7,205.00","₹ 4,178.90",BRD-RTL
T004270,27/10/2019,F02170,FPO_DELIVERY,Groundnut,360 kg,"₹ 7,205.00","₹ 25,938.00",BRD-RTL
T004271,07/06/2019,F02170,FERT_PURCHASE,FERTILIZER 50kg bag,73 kg,₹ 50.78,"₹ 3,706.94",BRD-RTL
T004272,02/11/2019,F02171,delivery,Groundnut,8.46 quintals,"₹ 7,310.00","₹ 61,842.60",BRD-RTL
T004273,27/11/2019,F02171,FPO_DELIVERY,Groundnut Pods,1175 kg,"₹ 7,310.00","₹ 85,892.50",BRD-RTL
T004274,21/11/2019,F02171,FPO_DELIVERY,soya,4.67 q,"₹ 4,530.00","₹ 21,155.10",BRD-RTL
T004275,05/10/2019,F02171,D,Soybean (Yellow),"1,082.00 kgs","₹ 4,530.00","₹ 49,014.60",BRD-RTL
T004276,07/06/2019,F02171,I,Fertilizer,293 kg,₹ 46.40,"₹ 13,595.20",BRD-RTL
T004277,22/11/2019,F02172,D,Groundnut,470.00 kgs,"₹ 6,585.00","₹ 30,949.50",BRD-RTL
T004278,27/06/2019,F02172,INPUT_PURCHASE,DAP,158 kgs,₹ 55.70,"₹ 8,800.60",BRD-RTL
T004279,07/07/2019,F02172,I,PP chemicals,250 kgs,₹ 257.38,"₹ 64,345.00",BRD-RTL
T004280,07/06/2019,F02172,Input Purchase,Urea,56 kg,₹ 43.94,"₹ 2,460.64",BRD-RTL
T004281,06/08/2019,F02172,L,EMI,,,"₹ 2,000.00",BRD-RTL
T004282,19/10/2019,F02173,DELIVERY,mungfali,2.25 quintals,"₹ 7,005.00","₹ 15,761.25",BRD-RTL
T004283,11/11/2019,F02173,Delivery,Groundnut,107.00 kgs,"₹ 7,005.00","₹ 7,495.35",BRD-RTL
T004284,09/11/2019,F02174,Delivery,Groundnut,0.87 MT,"₹ 7,235.00","₹ 63,233.90",BRD-RTL
T004285,04/07/2019,F02174,I,NPK 10:26:26,180 kgs,₹ 56.34,"₹ 10,141.20",BRD-RTL
T004286,29/11/2019,F02175,delivery,Groundnut Pods,530.00 kgs,"₹ 7,080.00","₹ 37,524.00",BRD-RTL
T004287,12/07/2019,F02175,Input Purchase,Fertilizer,211 kgs,₹ 28.61,"₹ 6,036.71",BRD-RTL
T004288,05/10/2019,F02175,Loan Repayment,Loan Repayment,,,"₹ 6,500.00",BRD-RTL
T004289,23/06/2019,F02175,L,EMI,,,"₹ 7,500.00",BRD-RTL
T004290,05/07/2019,F02175,loan,EMI,,,"₹ 1,100.00",BRD-RTL
T004291,03/11/2019,f02176,FPO_DELIVERY,GROUNDNUT (Pods),"1,369.00 kgs","₹ 7,365.00","₹ 1,00,826.85",BRD-RTL
T004292,04/07/2019,F02176,FERT_PURCHASE,Bio-pesticide,182 kgs,₹ 621.64,"₹ 1,13,138.48",BRD-RTL
T004293,23/06/2019,F02176,Input Purchase,Urea,140 kg,₹ 56.66,"₹ 7,932.40",BRD-RTL
T004294,19/11/2019,F02177,Delivery,GROUNDNUT (Pods),1.6 qtl,"₹ 6,925.00","₹ 11,287.75",BRD-RTL
T004295,27/10/2019,f02177,D,mungfali,506 kg,"₹ 6,925.00","₹ 35,040.50",BRD-RTL
T004296,03/10/2019,F02178,delivery,mungfali,27.01 quintals,"₹ 7,705.00","₹ 2,08,112.05",BRD-RTL
T004297,02/11/2019,F02178,Delivery,GROUNDNUT (Pods),81.00 kgs,"₹ 7,705.00","₹ 6,241.05",BRD-RTL
T004298,04/07/2019,f02178,FERT_PURCHASE,Fertilizer,193 kg,₹ 31.24,"₹ 6,029.32",BRD-RTL
T004299,23/06/2019,F02178,FERT_PURCHASE,Urea,296 kgs,₹ 40.73,"₹ 12,056.08",BRD-RTL
T004300,13/06/2019,F02178,FERT_PURCHASE,NPK 10:26:26,258 kg,₹ 39.67,"₹ 10,234.86",BRD-RTL
T004301,23/08/2019,F02178,LOAN_REPAY,EMI,,,"₹ 2,700.00",BRD-RTL
T004302,12/11/2019,F02179,FPO_DELIVERY,Groundnut,14.9 qtl,"₹ 6,780.00","₹ 1,01,361.00",BRD-RTL
T004303,06/10/2019, F02180 ,DELIVERY,GROUNDNUT (Pods),1.00 t,"₹ 6,810.00","₹ 67,895.70",BRD-RTL
T004304,01/07/2019,F02180,Input Purchase,Hybrid Seeds,75 kgs,₹ 76.42,"₹ 5,731.50",BRD-RTL
T004305,11/10/2019, F02181 ,Delivery,Groundnut Pods,14.99 quintals,"₹ 7,120.00","₹ 1,06,728.80",BRD-RTL
T004306,11/11/2019,F02181,D,mungfali,499.00 kgs,"₹ 7,120.00","₹ 35,528.80",BRD-RTL
T004307,04/10/2019,f02181,D,Soybean (Yellow),5.1 qtl,"₹ 5,035.00","₹ 25,779.20",BRD-RTL
T004308,18/11/2019,f02181,delivery,SOYABEAN,718 kg,"₹ 5,035.00","₹ 36,151.30",BRD-RTL
T004309,04/11/2019,F02181,FPO_DELIVERY,SOYABEAN,262.00 kgs,"₹ 5,035.00","₹ 13,191.70",BRD-RTL
T004310,28/06/2019,F02181,I,PPC,98 kg,₹ 321.15,"₹ 31,472.70",BRD-RTL
T004311,13/06/2019,F02181,I,FERTILIZER 50kg bag,279 kgs,₹ 34.07,"₹ 9,505.53",BRD-RTL
T004312,08/10/2019,F02182,D,Groundnut Pods,10.3 qtl,"₹ 7,655.00","₹ 79,229.25",BRD-RTL
T004313,16/10/2019,F02182,D,Groundnut,0.07 quintals,"₹ 7,655.00",₹ 535.85,BRD-RTL
T004314,09/11/2019,F02182,delivery,Soybean (Yellow),1.5 qtl,"₹ 5,195.00","₹ 8,000.30",BRD-RTL
T004315,16/11/2019,F02182,Delivery,Soybean (Yellow),7.2 qtl,"₹ 5,195.00","₹ 37,507.90",BRD-RTL
T004316,20/11/2019,F02183,DELIVERY,Groundnut,335.00 kgs,"₹ 7,275.00","₹ 24,371.25",BRD-RTL
T004317,06/10/2019,f02183,FPO_DELIVERY,GROUNDNUT (Pods),2.0 qtl,"₹ 7,275.00","₹ 14,477.25",BRD-RTL
T004318,12/06/2019,F02183,INPUT_PURCHASE,Fertilizer,230 kg,₹ 38.75,"₹ 8,912.50",BRD-RTL
T004319,08/06/2019,F02183,I,PPC,181 kgs,₹ 200.21,"₹ 36,238.01",BRD-RTL
T004320,05/11/2019,F02184,D,Groundnut,1.52 quintals,"₹ 7,310.00","₹ 11,111.20",BRD-RTL
T004321,11/11/2019,f02184,delivery,mungfali,2.26 MT,"₹ 7,310.00","₹ 1,64,913.60",BRD-RTL
T004322,26/10/2019,F02184,delivery,soya,1887 kg,"₹ 4,845.00","₹ 91,425.15",BRD-RTL
T004323,08/07/2019,F02184,I,PPC,57 kg,₹ 226.84,"₹ 12,929.88",BRD-RTL
T004324,08/06/2019,F02184,FERT_PURCHASE,FERTILIZER 50kg bag,171 kgs,₹ 48.69,"₹ 8,325.99",BRD-RTL
T004325,11/06/2019,F02184,Loan Repayment,Loan Repayment,,,"₹ 4,300.00",BRD-RTL
T004326,30/10/2019,F02185,DELIVERY,mungfali,13.2 qtl,"₹ 7,015.00","₹ 92,247.25",BRD-RTL
T004327,30/10/2019,F02185,FPO_DELIVERY,Groundnut,3.89 quintals,"₹ 7,015.00","₹ 27,288.35",BRD-RTL
T004328,21/06/2019,F02185,FERT_PURCHASE,PP chemicals,147 kg,₹ 628.55,"₹ 92,396.85",BRD-RTL
T004329,14/11/2019,F02186,delivery,GROUNDNUT (Pods),0.67 t,"₹ 7,105.00","₹ 47,603.50",BRD-RTL
T004330,07/11/2019,F02186,delivery,GROUNDNUT (Pods),0.46 q,"₹ 7,105.00","₹ 3,268.30",BRD-RTL
T004331,25/11/2019,F02187,Delivery,mungfali,32.4 qtl,"₹ 7,035.00","₹ 2,28,074.70",BRD-RTL
T004332,23/11/2019,F02187,FPO_DELIVERY,Groundnut Pods,18.37 q,"₹ 7,035.00","₹ 1,29,232.95",BRD-RTL
T004333,25/06/2019,F02187,FERT_PURCHASE,NPK 10:26:26,98 kg,₹ 32.06,"₹ 3,141.88",BRD-RTL
T004334,12/11/2019,F02188,DELIVERY,Groundnut Pods,7.78 q,"₹ 7,110.00","₹ 55,315.80",BRD-RTL
T004335,03/10/2019, F02188 ,DELIVERY,Groundnut Pods,0.17 t,"₹ 7,110.00","₹ 11,944.80",BRD-RTL
T004336,11/10/2019,F02188,DELIVERY,Soybean (Yellow),7.7 qtl,"₹ 4,820.00","₹ 36,873.00",BRD-RTL
T004337,20/10/2019,F02189,D,mungfali,"2,267.00 kgs","₹ 7,220.00","₹ 1,63,677.40",BRD-RTL
T004338,01/11/2019,F02189,DELIVERY,mungfali,128 kg,"₹ 7,220.00","₹ 9,241.60",BRD-RTL
T004339,04/07/2019,F02189,FERT_PURCHASE,Bio-pesticide,316 kgs,₹ 147.86,"₹ 46,723.76",BRD-RTL
T004340,07/06/2019,F02189,Input Purchase,Hybrid Seeds,31 kgs,₹ 96.07,"₹ 2,978.17",BRD-RTL
T004341,30/10/2019,F02190,delivery,Groundnut,0.9 qtl,"₹ 7,230.00","₹ 6,868.50",BRD-RTL
T004342,14/11/2019,F02190,delivery,Groundnut Pods,7.9 qtl,"₹ 7,230.00","₹ 57,333.90",BRD-RTL
T004343,28/11/2019, F02190 ,DELIVERY,SOYABEAN,934.00 kgs,"₹ 4,635.00","₹ 43,290.90",BRD-RTL
T004344,13/11/2019,F02191,D,mungfali,1836 kg,"₹ 7,305.00","₹ 1,34,119.80",BRD-RTL
T004345,28/11/2019,F02191,D,Groundnut Pods,1.57 quintals,"₹ 7,305.00","₹ 11,468.85",BRD-RTL
T004346,29/10/2019,F02191,DELIVERY,Soybean (Yellow),1.74 MT,"₹ 4,795.00","₹ 83,193.25",BRD-RTL
T004347,22/09/2019,F02191,Loan Repayment,EMI,,,₹ 800.00,BRD-RTL
T004348,30/10/2019,f02191,L,Loan Repayment,,,"₹ 3,600.00",BRD-RTL
T004349,26/10/2019,F02192,delivery,Groundnut,103 kg,"₹ 7,635.00","₹ 7,864.05",BRD-RTL
T004350,11/11/2019,F02192,DELIVERY,Groundnut Pods,357.00 kgs,"₹ 7,635.00","₹ 27,256.95",BRD-RTL
T004351,15/06/2019,F02192,I,NPK 10:26:26,31 kgs,₹ 31.31,₹ 970.61,BRD-RTL
T004352,29/06/2019, F02192 ,FERT_PURCHASE,NPK 10:26:26,240 kg,₹ 41.79,"₹ 10,029.60",BRD-RTL
T004353,23/11/2019,F02192,Loan Repayment,Loan Repayment,,,"₹ 2,300.00",BRD-RTL
T004354,13/10/2019,F02193,delivery,GROUNDNUT (Pods),14.46 q,"₹ 7,105.00","₹ 1,02,738.30",BRD-RTL
T004355,01/11/2019,f02193,FPO_DELIVERY,Groundnut Pods,2.5 qtl,"₹ 7,105.00","₹ 17,904.60",BRD-RTL
T004356,16/06/2019,F02193,input,Urea,262 kgs,₹ 40.32,"₹ 10,563.84",BRD-RTL
T004357,11/10/2019,F02194,DELIVERY,GROUNDNUT (Pods),2.66 quintals,"₹ 7,315.00","₹ 19,457.90",BRD-RTL
T004358,08/10/2019,F02194,delivery,Groundnut,4.11 q,"₹ 7,315.00","₹ 30,064.65",BRD-RTL
T004359,18/11/2019,F02194,Delivery,mungfali,6.71 quintals,"₹ 7,315.00","₹ 49,083.65",BRD-RTL
T004360,12/06/2019,F02194,FERT_PURCHASE,Seeds,130 kg,₹ 128.50,"₹ 16,705.00",BRD-RTL
T004361,08/07/2019,F02194,FERT_PURCHASE,PPC,96 kg,₹ 420.76,"₹ 40,392.96",BRD-RTL
T004362,22/06/2019,F02194,INPUT_PURCHASE,Urea,261 kg,₹ 32.06,"₹ 8,367.66",BRD-RTL
T004363,14/11/2019,F02195,FPO_DELIVERY,Groundnut Pods,1.66 t,"₹ 7,585.00","₹ 1,26,062.70",BRD-RTL
T004364,19/06/2019,F02195,input,Seeds,55 kg,₹ 90.41,"₹ 4,972.55",BRD-RTL
T004365,09/10/2019,F02195,L,EMI,,,"₹ 3,000.00",BRD-RTL
T004366,09/11/2019,F02196,FPO_DELIVERY,Groundnut Pods,"2,588.00 kgs","₹ 6,920.00","₹ 1,79,089.60",BRD-RTL
T004367,12/07/2019,F02196,INPUT_PURCHASE,SEEDS,310 kgs,₹ 46.50,"₹ 14,415.00",BRD-RTL
T004368,01/06/2019,F02196,FERT_PURCHASE,Seeds,116 kgs,₹ 61.69,"₹ 7,156.04",BRD-RTL
T004369,09/06/2019,F02196,I,Hybrid Seeds,238 kg,₹ 78.72,"₹ 18,735.36",BRD-RTL
T004370,20/10/2019,F02197,delivery,GROUNDNUT (Pods),1.2 qtl,"₹ 6,930.00","₹ 8,038.80",BRD-RTL
T004371,14/11/2019,F02197,Delivery,GROUNDNUT (Pods),8.00 kgs,"₹ 6,930.00",₹ 554.40,BRD-RTL
T004372,27/11/2019,F02197,Delivery,Groundnut,4.65 quintals,"₹ 6,930.00","₹ 32,224.50",BRD-RTL
T004373,10/07/2019,F02197,I,Hybrid Seeds,152 kg,₹ 91.48,"₹ 13,904.96",BRD-RTL
T004374,12/10/2019,F02198,delivery,mungfali,2.73 quintals,"₹ 7,385.00","₹ 20,161.05",BRD-RTL
T004375,08/11/2019,F02198,delivery,mungfali,11.63 q,"₹ 7,385.00","₹ 85,887.55",BRD-RTL
T004376,13/11/2019,F02199,D,GROUNDNUT (Pods),1013 kg,"₹ 7,135.00","₹ 72,277.55",BRD-RTL
T004377,03/11/2019,F02199,DELIVERY,GROUNDNUT (Pods),1.0 qtl,"₹ 7,135.00","₹ 7,063.65",BRD-RTL
T004378,11/07/2019,F02199,input,Seeds,315 kg,₹ 65.72,"₹ 20,701.80",BRD-RTL
T004379,02/11/2019,F02200,delivery,Groundnut,"2,384.00 kgs","₹ 6,900.00","₹ 1,64,496.00",BRD-RTL
T004380,13/11/2019,F02200,FPO_DELIVERY,Groundnut Pods,"2,148.00 kgs","₹ 6,900.00","₹ 1,48,212.00",BRD-RTL
T004381,10/06/2019,F02200,I,FERTILIZER 50kg bag,181 kg,₹ 41.32,"₹ 7,478.92",BRD-RTL
T004382,24/11/2019,F02201,Delivery,GROUNDNUT (Pods),7.2 qtl,"₹ 6,945.00","₹ 50,004.00",BRD-RTL
T004383,13/10/2019,F02201,Delivery,GROUNDNUT (Pods),"1,173.00 kgs","₹ 6,945.00","₹ 81,464.85",BRD-RTL
T004384,29/11/2019,F02201,DELIVERY,GROUNDNUT (Pods),235.00 kgs,"₹ 6,945.00","₹ 16,320.75",BRD-RTL
T004385,26/11/2019,F02201,Delivery,Soybean (Yellow),1983 kg,"₹ 4,595.00","₹ 91,118.85",BRD-RTL
T004386,08/06/2019,F02201,I,PPC,296 kgs,₹ 451.19,"₹ 1,33,552.24",BRD-RTL
T004387,25/11/2019,F02202,FPO_DELIVERY,GROUNDNUT (Pods),21.79 quintals,"₹ 7,220.00","₹ 1,57,323.80",BRD-RTL
T004388,03/11/2019,F02202,delivery,Groundnut,482 kg,"₹ 7,220.00","₹ 34,800.40",BRD-RTL
T004389,23/11/2019,F02202,FPO_DELIVERY,GROUNDNUT (Pods),8.8 qtl,"₹ 7,220.00","₹ 63,175.00",BRD-RTL
T004390,01/07/2019,F02202,FERT_PURCHASE,Seeds,206 kg,₹ 72.15,"₹ 14,862.90",BRD-RTL
T004391,14/07/2019,F02202,Input Purchase,Bio-pesticide,27 kg,₹ 311.88,"₹ 8,420.76",BRD-RTL
T004392,02/06/2019,f02202,FERT_PURCHASE,Hybrid Seeds,278 kgs,₹ 91.70,"₹ 25,492.60",BRD-RTL
T004393,26/06/2019,F02202,I,Fertilizer,176 kg,₹ 46.76,"₹ 8,229.76",BRD-RTL
T004394,14/06/2019,f02202,INPUT_PURCHASE,NPK 10:26:26,70 kgs,₹ 34.21,"₹ 2,394.70",BRD-RTL
T004395,26/07/2019,F02202,LOAN_REPAY,EMI,,,"₹ 5,400.00",BRD-RTL
T004396,05/10/2019,F02203,delivery,mungfali,"2,317.00 kgs","₹ 6,820.00","₹ 1,58,019.40",BRD-RTL
T004397,15/11/2019,F02203,delivery,Groundnut Pods,5.94 MT,"₹ 6,820.00","₹ 4,05,244.40",BRD-RTL
T004398,14/06/2019,F02203,I,SEEDS,319 kg,₹ 80.25,"₹ 25,599.75",BRD-RTL
T004399,27/10/2019,F02203,LOAN_REPAY,Loan Repayment,,,"₹ 7,800.00",BRD-RTL
T004400,30/08/2019,F02203,LOAN_REPAY,EMI,,,"₹ 5,500.00",BRD-RTL
T004401,10/08/2019,f02203,L,Loan Repayment,,,"₹ 5,000.00",BRD-RTL
T004402,26/11/2019,F02204,D,Groundnut,1.9 qtl,"₹ 7,015.00","₹ 13,538.95",BRD-RTL
T004403,18/10/2019,F02204,Delivery,SOYABEAN,114 kg,"₹ 4,630.00","₹ 5,278.20",BRD-RTL
T004404,17/11/2019,f02204,DELIVERY,SOYABEAN,0.42 q,"₹ 4,630.00","₹ 1,944.60",BRD-RTL
T004405,13/11/2019,F02205,DELIVERY,Groundnut Pods,218 kg,"₹ 7,255.00","₹ 15,815.90",BRD-RTL
T004406,07/10/2019,F02205,D,Groundnut,1.11 quintals,"₹ 7,255.00","₹ 8,053.05",BRD-RTL
T004407,11/10/2019,f02205,delivery,Soybean (Yellow),1.0 qtl,"₹ 5,115.00","₹ 5,166.15",BRD-RTL
T004408,27/11/2019,f02205,DELIVERY,Soybean (Yellow),204 kg,"₹ 5,115.00","₹ 10,434.60",BRD-RTL
T004409,15/07/2019,F02205,I,SEEDS,125 kgs,₹ 48.47,"₹ 6,058.75",BRD-RTL
T004410,23/11/2019,F02206,DELIVERY,Groundnut,533.00 kgs,"₹ 7,135.00","₹ 38,029.55",BRD-RTL
T004411,17/11/2019,f02206,FPO_DELIVERY,mungfali,709 kg,"₹ 7,135.00","₹ 50,587.15",BRD-RTL
T004412,07/06/2019, F02206 ,input,Seeds,205 kg,₹ 49.41,"₹ 10,129.05",BRD-RTL
T004413,05/11/2019,F02207,D,Groundnut,434.00 kgs,"₹ 7,505.00","₹ 32,571.70",BRD-RTL
T004414,15/11/2019,F02207,FPO_DELIVERY,mungfali,1676 kg,"₹ 7,505.00","₹ 1,25,783.80",BRD-RTL
T004415,04/06/2019,F02207,input,Hybrid Seeds,92 kg,₹ 105.61,"₹ 9,716.12",BRD-RTL
T004416,03/07/2019,F02207,input,Seeds,223 kg,₹ 100.99,"₹ 22,520.77",BRD-RTL
T004417,13/07/2019,F02207,input,NPK 10:26:26,78 kg,₹ 30.71,"₹ 2,395.38",BRD-RTL
T004418,18/06/2019,F02207,LOAN_REPAY,EMI,,,"₹ 3,000.00",BRD-RTL
T004419,20/08/2019,F02207,L,Loan Repayment,,,"₹ 4,600.00",BRD-RTL
T004420,18/11/2019,F02208,Delivery,GROUNDNUT (Pods),0.20 MT,"₹ 7,450.00","₹ 14,825.50",BRD-RTL
T004421,17/10/2019,f02208,FPO_DELIVERY,Groundnut,5.71 quintals,"₹ 7,450.00","₹ 42,539.50",BRD-RTL
T004422,14/06/2019,F02208,I,DAP,270 kg,₹ 52.20,"₹ 14,094.00",BRD-RTL
T004423,08/06/2019,f02208,I,FERTILIZER 50kg bag,232 kgs,₹ 43.30,"₹ 10,045.60",BRD-RTL
T004424,23/10/2019, F02208 ,LOAN_REPAY,Loan Repayment,,,"₹ 1,700.00",BRD-RTL
T004425,17/06/2019,F02208,L,Loan Repayment,,,"₹ 2,100.00",BRD-RTL
T004426,27/10/2019,F02209,DELIVERY,Groundnut,5.15 quintals,"₹ 6,490.00","₹ 33,423.50",BRD-RTL
T004427,30/10/2019,F02209,delivery,GROUNDNUT (Pods),34.7 qtl,"₹ 6,490.00","₹ 2,25,332.80",BRD-RTL
T004428,13/06/2019,F02209,input,NPK 10:26:26,264 kgs,₹ 30.98,"₹ 8,178.72",BRD-RTL
T004429,12/10/2019,F02210,delivery,GROUNDNUT (Pods),17.8 qtl,"₹ 6,760.00","₹ 1,20,530.80",BRD-RTL
T004430,14/07/2019,F02210,input,Seeds,184 kg,₹ 67.06,"₹ 12,339.04",BRD-RTL
T004431,02/10/2019,F02211,D,GROUNDNUT (Pods),63 kg,"₹ 6,840.00","₹ 4,309.20",BRD-RTL
T004432,11/10/2019,F02211,Delivery,Groundnut Pods,6.95 q,"₹ 6,840.00","₹ 47,538.00",BRD-RTL
T004433,11/06/2019,F02211,INPUT_PURCHASE,Fertilizer,90 kgs,₹ 34.58,"₹ 3,112.20",BRD-RTL
T004434,12/07/2019,F02211,Input Purchase,NPK 10:26:26,92 kg,₹ 45.59,"₹ 4,194.28",BRD-RTL
T004435,08/08/2019, F02211 ,Loan Repayment,Loan Repayment,,,"₹ 3,600.00",BRD-RTL
T004436,20/09/2019,F02211,Loan Repayment,Loan Repayment,,,"₹ 2,000.00",BRD-RTL
T004437,22/11/2019,F02212,delivery,GROUNDNUT (Pods),12.00 kgs,"₹ 7,185.00",₹ 862.20,BRD-RTL
T004438,11/10/2019,F02212,D,GROUNDNUT (Pods),13.70 quintals,"₹ 7,185.00","₹ 98,434.50",BRD-RTL
T004439,13/10/2019,F02213,delivery,GROUNDNUT (Pods),885 kg,"₹ 6,510.00","₹ 57,613.50",BRD-RTL
T004440,21/11/2019,F02213,delivery,mungfali,532 kg,"₹ 6,510.00","₹ 34,633.20",BRD-RTL
T004441,01/10/2019,F02213,DELIVERY,mungfali,1.74 quintals,"₹ 6,510.00","₹ 11,327.40",BRD-RTL
T004442,15/06/2019,F02213,input,NPK 10:26:26,87 kg,₹ 46.90,"₹ 4,080.30",BRD-RTL
T004443,30/06/2019,F02213,FERT_PURCHASE,FERTILIZER 50kg bag,79 kgs,₹ 51.98,"₹ 4,106.42",BRD-RTL
T004444,24/06/2019,F02213,Input Purchase,PPC,281 kg,₹ 254.63,"₹ 71,551.03",BRD-RTL
T004445,22/09/2019,F02213,loan,EMI,,,"₹ 2,900.00",BRD-RTL
T004446,09/11/2019,F02213,loan,Loan Repayment,,,"₹ 7,700.00",BRD-RTL
T004447,24/10/2019,F02214,delivery,Groundnut Pods,3.61 q,"₹ 6,815.00","₹ 24,602.15",BRD-RTL
T004448,28/11/2019,F02214,delivery,GROUNDNUT (Pods),0.70 t,"₹ 6,815.00","₹ 47,364.25",BRD-RTL
T004449,06/11/2019,F02214,DELIVERY,SOYABEAN,8.51 q,"₹ 4,555.00","₹ 38,763.05",BRD-RTL
T004450,05/06/2019,F02214,INPUT_PURCHASE,PPC,100 kg,₹ 502.63,"₹ 50,263.00",BRD-RTL
T004451,04/06/2019,F02214,input,Seeds,50 kgs,₹ 73.60,"₹ 3,680.00",BRD-RTL
T004452,18/10/2019,F02215,delivery,Groundnut,1256 kg,"₹ 7,560.00","₹ 94,953.60",BRD-RTL
T004453,16/10/2019,F02215,delivery,Soybean (Yellow),189.00 kgs,"₹ 4,950.00","₹ 9,355.50",BRD-RTL
T004454,19/11/2019,F02215,Delivery,SOYABEAN,7.8 qtl,"₹ 4,950.00","₹ 38,362.50",BRD-RTL
T004455,08/07/2019,F02215,INPUT_PURCHASE,SEEDS,113 kg,₹ 84.64,"₹ 9,564.32",BRD-RTL
T004456,01/06/2019,f02215,FERT_PURCHASE,SEEDS,311 kgs,₹ 61.41,"₹ 19,098.51",BRD-RTL
T004457,21/06/2019,F02215,input,SEEDS,227 kg,₹ 83.19,"₹ 18,884.13",BRD-RTL
T004458,12/11/2019,F02216,Delivery,Groundnut,13.57 quintals,"₹ 6,905.00","₹ 93,700.85",BRD-RTL
T004459,21/06/2019, F02216 ,Input Purchase,Seeds,269 kg,₹ 111.86,"₹ 30,090.34",BRD-RTL
T004460,16/06/2019,F02216,input,SEEDS,216 kg,₹ 75.92,"₹ 16,398.72",BRD-RTL
T004461,03/10/2019,F02217,delivery,Groundnut,34.83 quintals,"₹ 7,115.00","₹ 2,47,815.45",BRD-RTL
T004462,10/06/2019,F02217,I,SEEDS,147 kg,₹ 117.37,"₹ 17,253.39",BRD-RTL
T004463,07/07/2019,F02217,FERT_PURCHASE,FERTILIZER 50kg bag,262 kgs,₹ 54.70,"₹ 14,331.40",BRD-RTL
T004464,18/10/2019,f02218,D,Groundnut,4.03 q,"₹ 7,730.00","₹ 31,151.90",BRD-RTL
T004465,15/11/2019,F02218,FPO_DELIVERY,Groundnut,452.00 kgs,"₹ 7,730.00","₹ 34,939.60",BRD-RTL
T004466,18/06/2019,F02218,Input Purchase,Seeds,255 kg,₹ 100.09,"₹ 25,522.95",BRD-RTL
T004467,18/06/2019,F02218,FERT_PURCHASE,PP chemicals,72 kg,₹ 565.88,"₹ 40,743.36",BRD-RTL
T004468,18/06/2019,F02218,input,Hybrid Seeds,44 kgs,₹ 73.41,"₹ 3,230.04",BRD-RTL
T004574,19/11/2019,F02251,D,Groundnut Pods,552.00 kgs,"₹ 7,055.00","₹ 38,943.60",BRD-RTL
T004575,01/10/2019,F02251,Delivery,Groundnut Pods,7.31 quintals,"₹ 7,055.00","₹ 51,572.05",BRD-RTL
T004578,22/11/2019, F02253 ,DELIVERY,Groundnut,725 kg,"₹ 7,525.00","₹ 54,556.25",BRD-RTL
T004579,09/06/2019,F02253,input,NPK 10:26:26,247 kgs,₹ 43.78,"₹ 10,813.66",BRD-RTL
T004580,07/10/2019,F02254,DELIVERY,GROUNDNUT (Pods),20.06 quintals,"₹ 6,915.00","₹ 1,38,714.90",BRD-RTL
T004581,05/06/2019,F02254,input,Hybrid Seeds,63 kg,₹ 86.72,"₹ 5,463.36",BRD-RTL
T007437,07/05/2020,F02063,delivery,mustard (Yellow),0.35 t,"₹ 5,480.00","₹ 19,234.80",BRD-RTL
T007438,10/03/2020,F02063,DELIVERY,mustard (Yellow),216 kg,"₹ 5,480.00","₹ 11,836.80",BRD-RTL
T007439,16/03/2020,F02064,Delivery,Sarson,23.6 qtl,"₹ 5,890.00","₹ 1,38,709.50",BRD-RTL
T007440,18/03/2020,F02065,delivery,mustard (Yellow),"4,461.00 kgs","₹ 5,710.00","₹ 2,54,723.10",BRD-RTL
T007441,08/12/2019,F02065,INPUT_PURCHASE,Seeds,215 kg,₹ 96.93,"₹ 20,839.95",BRD-RTL
T007442,14/01/2020,F02065,FERT_PURCHASE,FERTILIZER 50kg bag,147 kgs,₹ 47.90,"₹ 7,041.30",BRD-RTL
T007443,16/04/2020,F02066,D,Mustard,0.3 qtl,"₹ 6,085.00","₹ 1,703.80",BRD-RTL
T007444,04/05/2020,F02066,delivery,Yellow Mustard,765.00 kgs,"₹ 6,085.00","₹ 46,550.25",BRD-RTL
T007445,02/01/2020,F02066,I,PP chemicals,286 kg,₹ 677.35,"₹ 1,93,722.10",BRD-RTL
T007446,07/01/2020,F02066,Input Purchase,FERTILIZER 50kg bag,271 kgs,₹ 45.87,"₹ 12,430.77",BRD-RTL
T007447,10/04/2020,F02067,Delivery,MUSTARD,13.49 quintals,"₹ 5,680.00","₹ 76,623.20",BRD-RTL
T007448,23/03/2020,f02067,DELIVERY,Bengal Gram,12.08 quintals,"₹ 5,980.00","₹ 72,238.40",BRD-RTL
T007449,18/12/2019,F02067,FERT_PURCHASE,Fertilizer,186 kg,₹ 47.32,"₹ 8,801.52",BRD-RTL
T007450,11/05/2020,F02068,delivery,Mustard,8.92 quintals,"₹ 6,230.00","₹ 55,571.60",BRD-RTL
T007451,11/03/2020,F02068,delivery,MUSTARD,154 kg,"₹ 6,230.00","₹ 9,594.20",BRD-RTL
T007452,09/12/2019,f02068,FERT_PURCHASE,NPK 10:26:26,29 kgs,₹ 36.84,"₹ 1,068.36",BRD-RTL
T007453,13/01/2020,F02068,FERT_PURCHASE,Seeds,160 kgs,₹ 112.14,"₹ 17,942.40",BRD-RTL
T007454,06/02/2020,F02068,Loan Repayment,Loan Repayment,,,"₹ 6,000.00",BRD-RTL
T007455,30/04/2020,F02069,DELIVERY,mustard (Yellow),3165 kg,"₹ 5,955.00","₹ 1,88,475.75",BRD-RTL
T007456,07/03/2020,F02069,FPO_DELIVERY,Bengal Gram,15.61 q,"₹ 5,525.00","₹ 86,245.25",BRD-RTL
T007457,26/03/2020,F02069,D,GRAM (Chana),"1,409.00 kgs","₹ 5,525.00","₹ 77,847.25",BRD-RTL
T007458,24/03/2020,F02070,Delivery,Yellow Mustard,1398 kg,"₹ 6,295.00","₹ 88,004.10",BRD-RTL
T007459,14/01/2020,F02070,Input Purchase,DAP,125 kgs,₹ 46.71,"₹ 5,838.75",BRD-RTL
T007460,09/05/2020, F02072 ,delivery,MUSTARD,17.42 q,"₹ 5,990.00","₹ 1,04,345.80",BRD-RTL
T007461,29/04/2020,F02072,D,Yellow Mustard,34.80 quintals,"₹ 5,990.00","₹ 2,08,452.00",BRD-RTL
T007462,10/12/2019,F02072,I,Fertilizer,228 kgs,₹ 50.75,"₹ 11,571.00",BRD-RTL
T007463,30/12/2019,F02072,Input Purchase,PP chemicals,84 kgs,₹ 393.22,"₹ 33,030.48",BRD-RTL
T007464,11/04/2020,F02073,delivery,MUSTARD,828.00 kgs,"₹ 5,785.00","₹ 47,899.80",BRD-RTL
T007465,15/04/2020,F02073,FPO_DELIVERY,Yellow Mustard,54.00 kgs,"₹ 5,785.00","₹ 3,123.90",BRD-RTL
T007466,27/04/2020,F02073,DELIVERY,chana,830.00 kgs,"₹ 5,825.00","₹ 48,347.50",BRD-RTL
T007467,13/05/2020,f02074,D,Mustard,349.00 kgs,"₹ 5,875.00","₹ 20,503.75",BRD-RTL
T007468,13/04/2020,F02074,FPO_DELIVERY,Mustard,305.00 kgs,"₹ 5,875.00","₹ 17,918.75",BRD-RTL
T007469,17/03/2020,F02074,delivery,Bengal Gram,2.2 qtl,"₹ 5,550.00","₹ 12,432.00",BRD-RTL
T007470,19/03/2020,F02074,Delivery,GRAM (Chana),3.27 quintals,"₹ 5,550.00","₹ 18,148.50",BRD-RTL
T007471,11/01/2020,f02074,Input Purchase,FERTILIZER 50kg bag,128 kg,₹ 38.76,"₹ 4,961.28",BRD-RTL
T007472,11/12/2019,F02074,input,SEEDS,151 kg,₹ 115.69,"₹ 17,469.19",BRD-RTL
T007473,09/12/2019,F02074,INPUT_PURCHASE,PPC,109 kg,₹ 260.93,"₹ 28,441.37",BRD-RTL
T007474,03/01/2020,F02074,Input Purchase,PPC,189 kg,₹ 237.52,"₹ 44,891.28",BRD-RTL
T007475,06/05/2020,f02076,FPO_DELIVERY,Mustard,14.06 quintals,"₹ 5,245.00","₹ 73,744.70",BRD-RTL
T007476,04/03/2020,F02076,Delivery,mustard (Yellow),528 kg,"₹ 5,245.00","₹ 27,693.60",BRD-RTL
T007477,08/05/2020,F02076,Delivery,Sarson,1.07 quintals,"₹ 5,245.00","₹ 5,612.15",BRD-RTL
T007478,04/12/2019,F02076,Input Purchase,Seeds,209 kgs,₹ 102.57,"₹ 21,437.13",BRD-RTL
T007479,15/01/2020,F02076,input,DAP,39 kgs,₹ 41.63,"₹ 1,623.57",BRD-RTL
T007480,04/04/2020,F02077,Delivery,Yellow Mustard,4.64 q,"₹ 5,915.00","₹ 27,445.60",BRD-RTL
T007481,20/04/2020,F02077,D,Gram,3.8 qtl,"₹ 5,790.00","₹ 22,059.90",BRD-RTL
T007482,16/03/2020,f02078,DELIVERY,Yellow Mustard,24 kg,"₹ 5,885.00","₹ 1,412.40",BRD-RTL
T007483,26/04/2020,f02078,delivery,Yellow Mustard,16.00 kgs,"₹ 5,885.00",₹ 941.60,BRD-RTL
T007484,12/04/2020,F02078,DELIVERY,mustard (Yellow),484 kg,"₹ 5,885.00","₹ 28,483.40",BRD-RTL
T007485,11/05/2020,F02079,delivery,MUSTARD,121.00 kgs,"₹ 6,060.00","₹ 7,332.60",BRD-RTL
T007486,23/03/2020,F02079,Delivery,Yellow Mustard,814.00 kgs,"₹ 6,060.00","₹ 49,328.40",BRD-RTL
T007487,04/12/2019,F02079,input,NPK 10:26:26,267 kg,₹ 54.13,"₹ 14,452.71",BRD-RTL
T007488,12/03/2020,F02080,FPO_DELIVERY,MUSTARD,488 kg,"₹ 5,890.00","₹ 28,743.20",BRD-RTL
T007489,29/04/2020,F02080,DELIVERY,Sarson,324.00 kgs,"₹ 5,890.00","₹ 19,083.60",BRD-RTL
T007490,09/01/2020,f02080,INPUT_PURCHASE,Hybrid Seeds,98 kg,₹ 90.43,"₹ 8,862.14",BRD-RTL
T007491,17/12/2019,F02080,Input Purchase,Hybrid Seeds,268 kg,₹ 55.93,"₹ 14,989.24",BRD-RTL
T007492,18/04/2020,F02081,D,Yellow Mustard,643.00 kgs,"₹ 6,300.00","₹ 40,509.00",BRD-RTL
T007493,16/04/2020,F02081,DELIVERY,mustard (Yellow),0.60 quintals,"₹ 6,300.00","₹ 3,780.00",BRD-RTL
T007494,12/01/2020,F02081,I,Bio-pesticide,236 kg,₹ 466.69,"₹ 1,10,138.84",BRD-RTL
T007495,11/02/2020,F02081,LOAN_REPAY,EMI,,,"₹ 1,800.00",BRD-RTL
T007496,30/03/2020,F02082,delivery,Yellow Mustard,"1,120.00 kgs","₹ 5,730.00","₹ 64,176.00",BRD-RTL
T007497,06/05/2020,F02083,delivery,Mustard,15.86 quintals,"₹ 5,455.00","₹ 86,516.30",BRD-RTL
T007498,06/12/2019,F02083,Input Purchase,FERTILIZER 50kg bag,118 kgs,₹ 32.26,"₹ 3,806.68",BRD-RTL
T007499,30/12/2019,F02083,I,FERTILIZER 50kg bag,291 kgs,₹ 38.66,"₹ 11,250.06",BRD-RTL
T007500,25/04/2020,F02084,delivery,Yellow Mustard,"1,186.00 kgs","₹ 6,230.00","₹ 73,887.80",BRD-RTL
T007501,25/04/2020, F02084 ,DELIVERY,GRAM (Chana),8.6 qtl,"₹ 5,355.00","₹ 45,785.25",BRD-RTL
T007502,08/03/2020,f02084,FPO_DELIVERY,GRAM (Chana),77.00 kgs,"₹ 5,355.00","₹ 4,123.35",BRD-RTL
T007503,07/05/2020,F02085,FPO_DELIVERY,Yellow Mustard,1.74 t,"₹ 5,970.00","₹ 1,04,116.80",BRD-RTL
T007504,31/03/2020,f02085,DELIVERY,Yellow Mustard,9.13 quintals,"₹ 5,970.00","₹ 54,506.10",BRD-RTL
T007505,30/12/2019,F02085,Input Purchase,PPC,61 kg,₹ 617.40,"₹ 37,661.40",BRD-RTL
T007506,07/01/2020,F02085,loan,EMI,,,₹ 900.00,BRD-RTL
T007507,23/12/2019,F02085,Loan Repayment,Loan Repayment,,,"₹ 4,000.00",BRD-RTL
T007508,18/04/2020,F02086,FPO_DELIVERY,MUSTARD,29.00 kgs,"₹ 6,065.00","₹ 1,758.85",BRD-RTL
T007509,05/04/2020,F02086,delivery,Mustard,4.7 qtl,"₹ 6,065.00","₹ 28,323.55",BRD-RTL
T007510,09/12/2019,F02086,FERT_PURCHASE,Urea,315 kg,₹ 56.41,"₹ 17,769.15",BRD-RTL
T007511,11/12/2019,F02086,FERT_PURCHASE,PPC,80 kg,₹ 211.67,"₹ 16,933.60",BRD-RTL
T007512,13/03/2020,F02087,delivery,mustard (Yellow),194.00 kgs,"₹ 6,060.00","₹ 11,756.40",BRD-RTL
T007513,15/03/2020,f02087,FPO_DELIVERY,MUSTARD,628.00 kgs,"₹ 6,060.00","₹ 38,056.80",BRD-RTL
T007514,04/01/2020,F02087,FERT_PURCHASE,DAP,227 kgs,₹ 29.19,"₹ 6,626.13",BRD-RTL
T007515,10/01/2020,F02087,INPUT_PURCHASE,NPK 10:26:26,25 kg,₹ 28.24,₹ 706.00,BRD-RTL
T007516,31/03/2020,F02087,LOAN_REPAY,EMI,,,"₹ 1,500.00",BRD-RTL
T007517,16/02/2020,F02087,LOAN_REPAY,EMI,,,"₹ 2,100.00",BRD-RTL
T007518,13/02/2020,F02087,L,EMI,,,"₹ 4,100.00",BRD-RTL
T007519,18/03/2020,F02087,Loan Repayment,Loan Repayment,,,"₹ 1,500.00",BRD-RTL
T007520,29/03/2020,F02088,D,Sarson,"1,795.00 kgs","₹ 5,500.00","₹ 98,725.00",BRD-RTL
T007521,03/01/2020,F02088,Input Purchase,PP chemicals,89 kg,₹ 132.80,"₹ 11,819.20",BRD-RTL
T007522,05/01/2020,F02088,FERT_PURCHASE,Urea,59 kg,₹ 39.68,"₹ 2,341.12",BRD-RTL
T007523,14/01/2020,F02088,Input Purchase,PPC,293 kg,₹ 250.43,"₹ 73,375.99",BRD-RTL
T007524,02/12/2019,F02088,I,Urea,299 kg,₹ 43.40,"₹ 12,976.60",BRD-RTL
T007525,29/04/2020,F02090,DELIVERY,Mustard,698 kg,"₹ 6,325.00","₹ 44,148.50",BRD-RTL
T007526,17/03/2020,F02090,DELIVERY,MUSTARD,0.42 t,"₹ 6,325.00","₹ 26,312.00",BRD-RTL
T007527,28/12/2019,F02090,Input Purchase,Hybrid Seeds,304 kgs,₹ 84.81,"₹ 25,782.24",BRD-RTL
T007528,10/12/2019,F02090,input,DAP,113 kg,₹ 37.87,"₹ 4,279.31",BRD-RTL
T007529,07/12/2019,F02090,I,Bio-pesticide,249 kg,₹ 186.87,"₹ 46,530.63",BRD-RTL
T007530,01/03/2020,F02091,FPO_DELIVERY,Yellow Mustard,16.55 quintals,"₹ 5,830.00","₹ 96,486.50",BRD-RTL
T007531,24/04/2020, F02091 ,delivery,Yellow Mustard,0.50 t,"₹ 5,830.00","₹ 28,975.10",BRD-RTL
T007532,02/04/2020,F02091,D,Bengal Gram,62 kg,"₹ 5,740.00","₹ 3,558.80",BRD-RTL
T007533,13/05/2020,f02091,D,Bengal Gram,1.26 q,"₹ 5,740.00","₹ 7,232.40",BRD-RTL
T007534,18/03/2020,F02091,Delivery,Bengal Gram,1809 kg,"₹ 5,740.00","₹ 1,03,836.60",BRD-RTL
T007535,07/01/2020,F02091,input,FERTILIZER 50kg bag,315 kg,₹ 29.57,"₹ 9,314.55",BRD-RTL
T007536,18/04/2020,F02092,D,MUSTARD,304 kg,"₹ 5,850.00","₹ 17,784.00",BRD-RTL
T007537,20/04/2020,F02092,FPO_DELIVERY,mustard (Yellow),897.00 kgs,"₹ 5,850.00","₹ 52,474.50",BRD-RTL
T007538,03/12/2019,F02092,FERT_PURCHASE,Fertilizer,100 kgs,₹ 55.94,"₹ 5,594.00",BRD-RTL
T007539,20/12/2019,F02092,FERT_PURCHASE,Seeds,105 kgs,₹ 97.77,"₹ 10,265.85",BRD-RTL
T007540,31/03/2020,F02093,delivery,mustard (Yellow),7.47 quintals,"₹ 5,885.00","₹ 43,960.95",BRD-RTL
T007541,24/04/2020,,FPO_DELIVERY,Bengal Gram,4.33 q,"₹ 5,765.00","₹ 24,962.45",BRD-RTL
T007542,03/05/2020,f02093,delivery,GRAM (Chana),0.49 q,"₹ 5,765.00","₹ 2,824.85",BRD-RTL
T007543,27/04/2020,F02093,D,chana,0.14 t,"₹ 5,765.00","₹ 8,071.00",BRD-RTL
T007544,03/01/2020,F02093,Input Purchase,Fertilizer,48 kgs,₹ 56.52,"₹ 2,712.96",BRD-RTL
T007545,16/04/2020,F02093,L,EMI,,,"₹ 1,200.00",BRD-RTL
T007546,10/04/2020,F02094,delivery,mustard (Yellow),25.96 quintals,"₹ 5,980.00","₹ 1,55,240.80",BRD-RTL
T007547,11/05/2020,F02094,Delivery,Bengal Gram,938 kg,"₹ 6,130.00","₹ 57,499.40",BRD-RTL
T007548,23/03/2020,F02094,D,Bengal Gram,1362 kg,"₹ 6,130.00","₹ 83,490.60",BRD-RTL
T007549,27/12/2019,F02094,FERT_PURCHASE,Urea,257 kgs,₹ 32.83,"₹ 8,437.31",BRD-RTL
T007550,02/01/2020,f02094,Input Purchase,FERTILIZER 50kg bag,192 kg,₹ 34.36,"₹ 6,597.12",BRD-RTL
T007551,02/04/2020,F02095,delivery,mustard (Yellow),4834 kg,"₹ 5,385.00","₹ 2,60,310.90",BRD-RTL
T007552,11/01/2020,F02095,input,PP chemicals,83 kg,₹ 516.94,"₹ 42,906.02",BRD-RTL
T007553,02/01/2020,f02095,Input Purchase,Bio-pesticide,189 kgs,₹ 435.17,"₹ 82,247.13",BRD-RTL
T007554,27/04/2020,F02096,D,MUSTARD,0.58 q,"₹ 5,530.00","₹ 3,207.40",BRD-RTL
T007555,21/03/2020,F02096,DELIVERY,Sarson,402 kg,"₹ 5,530.00","₹ 22,230.60",BRD-RTL
T007556,11/04/2020,F02096,L,EMI,,,"₹ 1,100.00",BRD-RTL
T007557,21/04/2020,F02097,FPO_DELIVERY,MUSTARD,0.48 MT,"₹ 5,850.00","₹ 28,255.50",BRD-RTL
T007558,20/04/2020,F02097,FPO_DELIVERY,Sarson,1604 kg,"₹ 5,850.00","₹ 93,834.00",BRD-RTL
T007559,09/03/2020,F02097,D,MUSTARD,54.00 kgs,"₹ 5,850.00","₹ 3,159.00",BRD-RTL
T007560,02/04/2020,F02100,Delivery,Mustard,638.00 kgs,"₹ 5,760.00","₹ 36,748.80",BRD-RTL
T007561,25/04/2020,F02100,D,Bengal Gram,626 kg,"₹ 5,770.00","₹ 36,120.20",BRD-RTL
T007562,19/03/2020,F02104,FPO_DELIVERY,Mustard,3.95 q,"₹ 5,855.00","₹ 23,127.25",BRD-RTL
T007563,14/12/2019,F02104,FERT_PURCHASE,Hybrid Seeds,277 kgs,₹ 104.04,"₹ 28,819.08",BRD-RTL
T007564,11/12/2019,F02104,Input Purchase,DAP,135 kgs,₹ 52.12,"₹ 7,036.20",BRD-RTL
T007565,28/03/2020,F02104,Loan Repayment,Loan Repayment,,,"₹ 2,100.00",BRD-RTL
T007566,07/04/2020,F02105,delivery,Mustard,4.09 q,"₹ 6,185.00","₹ 25,296.65",BRD-RTL
T007567,22/04/2020,F02105,DELIVERY,Mustard,0.32 MT,"₹ 6,185.00","₹ 19,482.75",BRD-RTL
T007568,10/01/2020,F02105,FERT_PURCHASE,Hybrid Seeds,179 kg,₹ 120.46,"₹ 21,562.34",BRD-RTL
T007569,14/12/2019,F02105,I,Fertilizer,217 kgs,₹ 52.34,"₹ 11,357.78",BRD-RTL
T007570,18/12/2019,F02105,INPUT_PURCHASE,SEEDS,151 kgs,₹ 92.37,"₹ 13,947.87",BRD-RTL
T007571,24/02/2020,F02105,loan,Loan Repayment,,,₹ 800.00,BRD-RTL
T007572,15/01/2020,F02105,LOAN_REPAY,Loan Repayment,,,"₹ 1,600.00",BRD-RTL
T007573,14/03/2020,F02106,Delivery,mustard (Yellow),9.15 quintals,"₹ 6,020.00","₹ 55,083.00",BRD-RTL
T007574,15/12/2019,F02106,INPUT_PURCHASE,Bio-pesticide,260 kg,₹ 195.37,"₹ 50,796.20",BRD-RTL
T007575,26/12/2019,F02106,FERT_PURCHASE,Urea,138 kg,₹ 39.80,"₹ 5,492.40",BRD-RTL
T007576,13/05/2020,F02107,FPO_DELIVERY,Sarson,12.11 q,"₹ 5,770.00","₹ 69,874.70",BRD-RTL
T007577,15/04/2020,F02107,Delivery,Gram,9.09 quintals,"₹ 5,155.00","₹ 46,858.95",BRD-RTL
T007578,13/05/2020,f02107,DELIVERY,GRAM (Chana),0.30 t,"₹ 5,155.00","₹ 15,568.10",BRD-RTL
T007579,08/01/2020,F02107,INPUT_PURCHASE,Urea,307 kg,₹ 42.01,"₹ 12,897.07",BRD-RTL
T007580,30/12/2019,F02107,input,DAP,298 kg,₹ 29.84,"₹ 8,892.32",BRD-RTL
T007581,29/12/2019,F02107,I,PP chemicals,225 kgs,₹ 437.35,"₹ 98,403.75",BRD-RTL
T007582,02/04/2020,F02108,D,Mustard,1.58 t,"₹ 5,775.00","₹ 91,360.50",BRD-RTL
T007583,18/04/2020,F02110,FPO_DELIVERY,mustard (Yellow),6.05 q,"₹ 5,815.00","₹ 35,180.75",BRD-RTL
T007584,24/03/2020,F02110,Delivery,Bengal Gram,210.00 kgs,"₹ 5,815.00","₹ 12,211.50",BRD-RTL
T007585,22/03/2020,F02110,FPO_DELIVERY,GRAM (Chana),3.69 q,"₹ 5,815.00","₹ 21,457.35",BRD-RTL
T007586,25/12/2019,F02110,input,NPK 10:26:26,199 kg,₹ 52.45,"₹ 10,437.55",BRD-RTL
T007587,10/12/2019,F02110,Input Purchase,Seeds,303 kgs,₹ 86.59,"₹ 26,236.77",BRD-RTL
T007588,09/03/2020,F02111,FPO_DELIVERY,Yellow Mustard,1.77 t,"₹ 6,025.00","₹ 1,06,522.00",BRD-RTL
T007589,25/03/2020,F02111,FPO_DELIVERY,Gram,39 kg,"₹ 5,420.00","₹ 2,113.80",BRD-RTL
T007590,17/03/2020,F02111,Delivery,Gram,3.3 qtl,"₹ 5,420.00","₹ 17,994.40",BRD-RTL
T007591,10/04/2020,F02111,D,GRAM (Chana),"1,163.00 kgs","₹ 5,420.00","₹ 63,034.60",BRD-RTL
T007592,02/12/2019,F02111,L,Loan Repayment,,,"₹ 1,300.00",BRD-RTL
T007593,16/03/2020,F02114,Delivery,MUSTARD,17.4 qtl,"₹ 6,245.00","₹ 1,08,475.65",BRD-RTL
T007594,27/12/2019,F02114,Input Purchase,PPC,317 kg,₹ 254.23,"₹ 80,590.91",BRD-RTL
T007595,26/04/2020,f02115,DELIVERY,Sarson,125.00 kgs,"₹ 6,255.00","₹ 7,818.75",BRD-RTL
T007596,19/04/2020,F02115,DELIVERY,mustard (Yellow),6.97 q,"₹ 6,255.00","₹ 43,597.35",BRD-RTL
T007597,16/12/2019,F02115,INPUT_PURCHASE,DAP,165 kgs,₹ 57.60,"₹ 9,504.00",BRD-RTL
T007598,01/12/2019,F02115,LOAN_REPAY,EMI,,,₹ 900.00,BRD-RTL
T007599,02/04/2020,F02117,FPO_DELIVERY,Sarson,647.00 kgs,"₹ 5,695.00","₹ 36,846.65",BRD-RTL
T007600,04/12/2019,F02117,I,SEEDS,229 kgs,₹ 118.72,"₹ 27,186.88",BRD-RTL
T007601,13/12/2019,F02117,input,FERTILIZER 50kg bag,268 kgs,₹ 46.32,"₹ 12,413.76",BRD-RTL
T007602,21/03/2020,F02118,delivery,mustard (Yellow),"2,019.00 kgs","₹ 6,100.00","₹ 1,23,159.00",BRD-RTL
T007603,14/04/2020,F02118,DELIVERY,GRAM (Chana),135 kg,"₹ 6,010.00","₹ 8,113.50",BRD-RTL
T007604,11/05/2020,F02118,Delivery,chana,1.30 t,"₹ 6,010.00","₹ 78,069.90",BRD-RTL
T007605,01/12/2019,F02118,Input Purchase,Fertilizer,130 kg,₹ 48.30,"₹ 6,279.00",BRD-RTL
T007606,08/05/2020,F02121,Delivery,Sarson,5.54 q,"₹ 5,830.00","₹ 32,298.20",BRD-RTL
T007607,29/03/2020,F02121,Delivery,Yellow Mustard,1040 kg,"₹ 5,830.00","₹ 60,632.00",BRD-RTL
T007608,32/01/2022,F02121,Input Purchase,Urea,256 kg,₹ 37.97,"₹ 9,720.32",BRD-RTL
T007609,09/01/2020, F02121 ,input,Urea,81 kgs,₹ 59.75,"₹ 4,839.75",BRD-RTL
T007610,06/01/2020,F02121,input,SEEDS,99 kgs,₹ 104.98,"₹ 10,393.02",BRD-RTL
T007611,02/12/2019,F02121,I,PP chemicals,177 kgs,₹ 436.09,"₹ 77,187.93",BRD-RTL
T007612,15/01/2020, F02121 ,INPUT_PURCHASE,FERTILIZER 50kg bag,237 kg,₹ 30.97,"₹ 7,339.89",BRD-RTL
T007613,06/03/2020,f02122,FPO_DELIVERY,Mustard,0.18 t,"₹ 5,345.00","₹ 9,567.55",BRD-RTL
T007614,18/04/2020,f02122,FPO_DELIVERY,mustard (Yellow),125.00 kgs,"₹ 5,345.00","₹ 6,681.25",BRD-RTL
T007615,07/12/2019,F02122,FERT_PURCHASE,Urea,27 kg,₹ 50.24,"₹ 1,356.48",BRD-RTL
T007616,29/12/2019,F02122,FERT_PURCHASE,SEEDS,113 kg,₹ 122.64,"₹ 13,858.32",BRD-RTL
T007617,28/12/2019,F02122,I,NPK 10:26:26,187 kgs,₹ 57.11,"₹ 10,679.57",BRD-RTL
T007618,05/01/2020,F02122,INPUT_PURCHASE,PP chemicals,89 kg,₹ 570.15,"₹ 50,743.35",BRD-RTL
T007619,08/12/2019,F02122,I,Bio-pesticide,118 kgs,₹ 205.08,"₹ 24,199.44",BRD-RTL
T007620,27/03/2020,F02123,delivery,Sarson,"1,077.00 kgs","₹ 6,380.00","₹ 68,712.60",BRD-RTL
T007621,14/03/2020,F02124,FPO_DELIVERY,MUSTARD,1221 kg,"₹ 5,730.00","₹ 69,963.30",BRD-RTL
T007622,12/01/2020,F02124,FERT_PURCHASE,Hybrid Seeds,314 kg,₹ 48.38,"₹ 15,191.32",BRD-RTL
T007623,01/12/2019,F02124,FERT_PURCHASE,SEEDS,159 kg,₹ 114.89,"₹ 18,267.51",BRD-RTL
T007624,24/04/2020,F02125,delivery,Sarson,339.00 kgs,"₹ 5,810.00","₹ 19,695.90",BRD-RTL
T007625,29/03/2020,F02125,delivery,Yellow Mustard,4.18 q,"₹ 5,810.00","₹ 24,285.80",BRD-RTL
T007626,05/12/2019,F02125,input,Fertilizer,109 kgs,₹ 46.25,"₹ 5,041.25",BRD-RTL
T007627,15/01/2020,F02125,FERT_PURCHASE,Urea,178 kgs,₹ 29.27,"₹ 5,210.06",BRD-RTL
T007628,09/12/2019,F02125,INPUT_PURCHASE,Hybrid Seeds,84 kgs,₹ 96.88,"₹ 8,137.92",BRD-RTL
T007629,06/12/2019,F02125,FERT_PURCHASE,SEEDS,174 kg,₹ 112.10,"₹ 19,505.40",BRD-RTL
T007630,11/04/2020,F02125,L,EMI,,,"₹ 6,500.00",BRD-RTL
T007631,31/03/2020, F02126 ,FPO_DELIVERY,Sarson,788.00 kgs,"₹ 6,045.00","₹ 47,634.60",BRD-RTL
T007632,19/03/2020,f02126,delivery,Bengal Gram,2.74 quintals,"₹ 5,410.00","₹ 14,823.40",BRD-RTL
T007633,30/04/2020,f02126,DELIVERY,Bengal Gram,3.5 qtl,"₹ 5,410.00","₹ 18,935.00",BRD-RTL
T007634,13/12/2019, F02126 ,Input Purchase,Fertilizer,199 kgs,₹ 48.92,"₹ 9,735.08",BRD-RTL
T007635,22/04/2020,f02128,delivery,Mustard,11.25 quintals,"₹ 6,040.00","₹ 67,950.00",BRD-RTL
T007636,21/04/2020,F02128,D,MUSTARD,819.00 kgs,"₹ 6,040.00","₹ 49,467.60",BRD-RTL
T007637,10/01/2020,F02128,input,PPC,27 kgs,₹ 242.48,"₹ 6,546.96",BRD-RTL
T007638,29/12/2019, F02128 ,I,Bio-pesticide,100 kg,₹ 563.07,"₹ 56,307.00",BRD-RTL
T007639,14/12/2019,F02128,Input Purchase,NPK 10:26:26,253 kgs,₹ 33.58,"₹ 8,495.74",BRD-RTL
T007640,02/03/2020, F02129 ,Delivery,Yellow Mustard,0.6 qtl,"₹ 5,910.00","₹ 3,486.90",BRD-RTL
T007641,13/04/2020,F02129,FPO_DELIVERY,Yellow Mustard,1647 kg,"₹ 5,910.00","₹ 97,337.70",BRD-RTL
T007642,16/03/2020,F02129,D,Gram,1246 kg,"₹ 5,450.00",₹ N/A,BRD-RTL
T007643,14/01/2020,F02129,input,Fertilizer,267 kgs,₹ 32.80,"₹ 8,757.60",BRD-RTL
T007644,02/12/2019,F02129,FERT_PURCHASE,Seeds,290 kgs,₹ 67.48,"₹ 19,569.20",BRD-RTL
T007645,05/03/2020,F02132,FPO_DELIVERY,mustard (Yellow),195 kg,"₹ 5,285.00","₹ 10,305.75",BRD-RTL
T007646,04/04/2020,F02132,Delivery,Mustard,"2,215.00 kgs","₹ 5,285.00","₹ 1,17,062.75",BRD-RTL
T007647,06/04/2020,F02132,Delivery,Bengal Gram,21.7 qtl,"₹ 5,500.00","₹ 1,19,570.00",BRD-RTL
T007648,08/03/2020,F02133,D,MUSTARD,7.80 quintals,"₹ 5,840.00","₹ 45,552.00",BRD-RTL
T007649,26/03/2020,F02133,DELIVERY,mustard (Yellow),121.00 kgs,"₹ 5,840.00","₹ 7,066.40",BRD-RTL
T007650,20/03/2020,F02133,DELIVERY,MUSTARD,1.15 q,"₹ 5,840.00","₹ 6,716.00",BRD-RTL
T007651,19/04/2020,F02133,Delivery,Gram,834.00 kgs,"₹ 5,565.00","₹ 46,412.10",BRD-RTL
T007652,01/04/2020,f02134,FPO_DELIVERY,mustard (Yellow),9.95 q,"₹ 5,995.00","₹ 59,650.25",BRD-RTL
T007653,23/12/2019,F02134,Input Purchase,PP chemicals,233 kgs,₹ 574.90,"₹ 1,33,951.70",BRD-RTL
T007654,17/03/2020,F02137,Delivery,Sarson,0.58 t,"₹ 5,820.00","₹ 33,872.40",BRD-RTL
T007655,14/03/2020,F02137,delivery,Yellow Mustard,11.0 qtl,"₹ 5,820.00","₹ 64,020.00",BRD-RTL
T007656,06/12/2019,F02137,Input Purchase,DAP,141 kgs,₹ 49.15,"₹ 6,930.15",BRD-RTL
T007657,28/12/2019,F02137,Input Purchase,Fertilizer,239 kgs,₹ 30.49,"₹ 7,287.11",BRD-RTL
T007658,29/12/2019,F02137,FERT_PURCHASE,DAP,302 kgs,₹ 29.17,"₹ 8,809.34",BRD-RTL
T007659,22/12/2019,F02137,input,Fertilizer,285 kg,₹ 33.63,"₹ 9,584.55",BRD-RTL
T007660,22/03/2020, F02137 ,Loan Repayment,Loan Repayment,,,"₹ 6,600.00",BRD-RTL
T007661,29/05/2020,f02137,loan,EMI,,,"₹ 3,200.00",BRD-RTL
T007662,20/01/2020,F02137,Loan Repayment,EMI,,,"₹ 3,500.00",BRD-RTL
T007663,30/03/2020,F02138,D,Mustard,658 kg,"₹ 6,100.00","₹ 40,138.00",BRD-RTL
T007664,11/03/2020,F02138,DELIVERY,Gram,0.6 qtl,"₹ 5,785.00","₹ 3,586.70",BRD-RTL
T007665,24/03/2020,F02138,delivery,Gram,4.6 qtl,"₹ 5,785.00","₹ 26,379.60",BRD-RTL
T007666,18/12/2019,F02138,I,Bio-pesticide,125 kg,₹ 579.46,"₹ 72,432.50",BRD-RTL
T007667,22/12/2019,F02138,I,Hybrid Seeds,131 kgs,₹ 75.85,"₹ 9,936.35",BRD-RTL
T007668,04/05/2020,F02139,FPO_DELIVERY,MUSTARD,159.00 kgs,"₹ 5,890.00","₹ 9,365.10",BRD-RTL
T007669,03/05/2020,F02139,DELIVERY,mustard (Yellow),0.19 MT,"₹ 5,890.00","₹ 11,191.00",BRD-RTL
T007670,12/04/2020,F02139,D,Mustard,"2,252.00 kgs","₹ 5,890.00","₹ 1,32,642.80",BRD-RTL
T007671,27/12/2019,F02139,FERT_PURCHASE,Hybrid Seeds,308 kg,₹ 52.81,"₹ 16,265.48",BRD-RTL
T007672,04/12/2019,F02139,INPUT_PURCHASE,FERTILIZER 50kg bag,279 kgs,₹ 56.51,"₹ 15,766.29",BRD-RTL
T007673,12/05/2020,F02140,delivery,MUSTARD,229 kg,"₹ 6,160.00","₹ 14,106.40",BRD-RTL
T007674,25/04/2020,F02140,delivery,Sarson,7.8 qtl,"₹ 6,160.00","₹ 47,986.40",BRD-RTL
T007675,31/12/2019,F02140,Input Purchase,Fertilizer,312 kgs,₹ 40.95,"₹ 12,776.40",BRD-RTL
T007676,06/05/2020,F02141,D,Mustard,255 kg,"₹ 6,250.00","₹ 15,937.50",BRD-RTL
T007677,16/04/2020,F02141,Delivery,mustard (Yellow),6.14 quintals,"₹ 6,250.00","₹ 38,375.00",BRD-RTL
T007678,17/04/2020,F02141,DELIVERY,chana,8.82 q,"₹ 5,965.00","₹ 52,611.30",BRD-RTL
T007679,07/03/2020,F02144,Delivery,Yellow Mustard,14.3 qtl,"₹ 5,840.00","₹ 83,336.80",BRD-RTL
T007680,26/12/2019,F02144,I,Bio-pesticide,205 kgs,₹ 225.51,"₹ 46,229.55",BRD-RTL
T007681,26/12/2019,F02144,Input Purchase,PPC,132 kgs,₹ 439.57,"₹ 58,023.24",BRD-RTL
T007682,01/01/2020,F02144,input,Fertilizer,305 kgs,₹ 58.94,"₹ 17,976.70",BRD-RTL
T007683,20/03/2020,f02145,Delivery,mustard (Yellow),17.9 qtl,"₹ 6,090.00","₹ 1,09,071.90",BRD-RTL
T007684,13/03/2020,F02145,Delivery,mustard (Yellow),8.84 quintals,"₹ 6,090.00","₹ 53,835.60",BRD-RTL
T007685,04/12/2019,F02145,I,Seeds,56 kg,₹ 104.36,"₹ 5,844.16",BRD-RTL
T007686,07/01/2020,F02145,input,SEEDS,259 kg,₹ 88.88,"₹ 23,019.92",BRD-RTL
T007687,25/03/2020,F02146,Delivery,MUSTARD,"1,062.00 kgs","₹ 6,315.00","₹ 67,065.30",BRD-RTL
T007688,03/05/2020,f02146,delivery,Sarson,50 kg,"₹ 6,315.00","₹ 3,157.50",BRD-RTL
T007689,13/01/2020,F02146,Input Purchase,FERTILIZER 50kg bag,132 kg,₹ 52.76,"₹ 6,964.32",BRD-RTL
T007690,14/04/2020,F02147,delivery,Sarson,1.95 q,"₹ 5,930.00","₹ 11,563.50",BRD-RTL
T007691,07/03/2020,F02147,delivery,Sarson,"1,404.00 kgs","₹ 5,930.00","₹ 83,257.20",BRD-RTL
T007692,08/05/2020,F02147,Delivery,Gram,"1,281.00 kgs","₹ 5,805.00","₹ 74,362.05",BRD-RTL
T007693,03/12/2019,F02147,INPUT_PURCHASE,PP chemicals,51 kgs,₹ 246.17,"₹ 12,554.67",BRD-RTL
T007694,19/12/2019,F02147,input,SEEDS,82 kgs,₹ 111.28,"₹ 9,124.96",BRD-RTL
T007695,13/12/2019,F02147,input,Fertilizer,204 kg,₹ 43.39,"₹ 8,851.56",BRD-RTL
T007696,23/03/2020, F02149 ,D,Yellow Mustard,"1,433.00 kgs","₹ 6,055.00","₹ 86,768.15",BRD-RTL
T007697,02/05/2020,F02149,DELIVERY,Sarson,86.00 kgs,"₹ 6,055.00","₹ 5,207.30",BRD-RTL
T007698,16/04/2020,F02149,Delivery,chana,2.60 q,"₹ 5,640.00","₹ 14,664.00",BRD-RTL
T007699,29/03/2020,f02149,delivery,GRAM (Chana),8.16 q,"₹ 5,640.00","₹ 46,022.40",BRD-RTL
T007700,03/03/2020,F02149,Delivery,Bengal Gram,0.99 quintals,"₹ 5,640.00","₹ 5,583.60",BRD-RTL
T007701,18/12/2019,F02149,FERT_PURCHASE,Fertilizer,254 kg,₹ 33.87,"₹ 8,602.98",BRD-RTL
T007702,15/12/2019,F02149,FERT_PURCHASE,FERTILIZER 50kg bag,234 kgs,₹ 50.38,"₹ 11,788.92",BRD-RTL
T007703,13/12/2019,F02149,FERT_PURCHASE,Bio-pesticide,152 kgs,₹ 247.45,"₹ 37,612.40",BRD-RTL
T007704,07/01/2020,F02149,I,Urea,138 kg,₹ 34.05,"₹ 4,698.90",BRD-RTL
T007705,10/12/2019,F02149,L,EMI,,,"₹ 1,900.00",BRD-RTL
T007706,05/03/2020,F02149,Loan Repayment,Loan Repayment,,,"₹ 6,200.00",BRD-RTL
T007707,07/03/2020,F02150,FPO_DELIVERY,Mustard,7.3 qtl,"₹ 5,900.00","₹ 43,129.00",BRD-RTL
T007708,08/05/2020,F02150,delivery,Bengal Gram,526 kg,"₹ 6,135.00","₹ 32,270.10",BRD-RTL
T007709,17/12/2019,F02150,input,Seeds,55 kg,₹ 122.92,"₹ 6,760.60",BRD-RTL
T007710,13/04/2020,F02151,delivery,Yellow Mustard,10.87 q,"₹ 5,860.00","₹ 63,698.20",BRD-RTL
T007711,29/03/2020,F02151,D,Mustard,1.49 q,"₹ 5,860.00","₹ 8,731.40",BRD-RTL
T007712,29/12/2019,F02151,FERT_PURCHASE,Seeds,263 kg,₹ 71.60,"₹ 18,830.80",BRD-RTL
T007713,15/04/2020,F02151,loan,EMI,,,"₹ 6,200.00",BRD-RTL
T007714,07/05/2020,f02151,Loan Repayment,Loan Repayment,,,"₹ 2,500.00",BRD-RTL
T007715,28/12/2019,F02151,LOAN_REPAY,EMI,,,"₹ 7,700.00",BRD-RTL
T007716,29/03/2020,F02151,LOAN_REPAY,EMI,,,"₹ 3,900.00",BRD-RTL
T007717,17/02/2020,F02151,LOAN_REPAY,EMI,,,"₹ 1,100.00",BRD-RTL
T007718,01/04/2020,F02152,D,Sarson,"1,146.00 kgs","₹ 5,465.00","₹ 62,628.90",BRD-RTL
T007719,22/12/2019,F02152,FERT_PURCHASE,Hybrid Seeds,203 kgs,₹ 75.28,"₹ 15,281.84",BRD-RTL
T007720,02/12/2019,F02152,FERT_PURCHASE,NPK 10:26:26,205 kgs,₹ 32.73,"₹ 6,709.65",BRD-RTL
T007721,01/04/2020,F02153,FPO_DELIVERY,mustard (Yellow),558.00 kgs,"₹ 6,125.00","₹ 34,177.50",BRD-RTL
T007722,24/03/2020,F02153,DELIVERY,Yellow Mustard,16.07 quintals,"₹ 6,125.00","₹ 98,428.75",BRD-RTL
T007723,03/01/2020,F02153,I,NPK 10:26:26,68 kgs,₹ 31.62,"₹ 2,150.16",BRD-RTL
T007724,14/12/2019,f02153,Input Purchase,Seeds,35 kgs,₹ 51.15,"₹ 1,790.25",BRD-RTL
T007725,07/01/2020,F02153,input,Seeds,135 kg,₹ 53.51,"₹ 7,223.85",BRD-RTL
T007726,18/04/2020,F02154,Delivery,Yellow Mustard,"1,744.00 kgs","₹ 5,460.00","₹ 95,222.40",BRD-RTL
T007727,08/12/2019,F02154,INPUT_PURCHASE,Urea,294 kg,₹ 37.75,"₹ 11,098.50",BRD-RTL
T007728,02/12/2019,F02154,FERT_PURCHASE,Hybrid Seeds,296 kgs,₹ 107.97,"₹ 31,959.12",BRD-RTL
T007729,18/03/2020,F02156,Delivery,Yellow Mustard,14.72 quintals,"₹ 5,790.00","₹ 85,228.80",BRD-RTL
T007730,11/01/2020,F02156,I,DAP,200 kgs,₹ 51.92,"₹ 10,384.00",BRD-RTL
T007731,28/04/2020,F02157,DELIVERY,Mustard,0.27 t,"₹ 5,760.00","₹ 15,494.40",BRD-RTL
T007732,16/04/2020, F02157 ,DELIVERY,Mustard,721 kg,"₹ 5,760.00","₹ 41,529.60",BRD-RTL
T007733,16/03/2020,F02157,Delivery,mustard (Yellow),697.00 kgs,"₹ 5,760.00","₹ 40,147.20",BRD-RTL
T007734,03/12/2019,F02157,Input Purchase,SEEDS,172 kgs,₹ 103.33,"₹ 17,772.76",BRD-RTL
T007735,23/12/2019,F02157,input,FERTILIZER 50kg bag,78 kgs,₹ 34.96,"₹ 2,726.88",BRD-RTL
T007736,22/03/2020,f02158,Delivery,Yellow Mustard,1.09 MT,"₹ 5,920.00","₹ 64,291.20",BRD-RTL
T007737,11/03/2020,F02158,Delivery,Sarson,17.43 q,"₹ 5,920.00","₹ 1,03,185.60",BRD-RTL
T007738,05/01/2020,F02158,Input Purchase,Fertilizer,27 kg,₹ 53.65,"₹ 1,448.55",BRD-RTL
T007739,30/03/2020,F02160,Delivery,mustard (Yellow),1.12 q,"₹ 5,600.00","₹ 6,272.00",BRD-RTL
T007740,29/03/2020,F02160,D,Yellow Mustard,271.00 kgs,"₹ 5,600.00","₹ 15,176.00",BRD-RTL
T007741,02/05/2020,F02160,Delivery,Sarson,1.60 q,"₹ 5,600.00","₹ 8,960.00",BRD-RTL
T007742,27/04/2020,f02160,D,Gram,5.62 quintals,"₹ 5,930.00","₹ 33,326.60",BRD-RTL
T007743,02/03/2020,F02160,D,chana,0.14 quintals,"₹ 5,930.00",₹ 830.20,BRD-RTL
T007744,03/01/2020,F02160,Input Purchase,DAP,283 kgs,₹ 40.41,"₹ 11,436.03",BRD-RTL
T007745,25/04/2020,F02161,DELIVERY,Yellow Mustard,20.89 quintals,"₹ 6,120.00","₹ 1,27,846.80",BRD-RTL
T007746,05/05/2020,F02161,delivery,Yellow Mustard,14.4 qtl,"₹ 6,120.00","₹ 88,250.40",BRD-RTL
T007747,10/01/2020,F02161,INPUT_PURCHASE,NPK 10:26:26,183 kg,₹ 57.72,"₹ 10,562.76",BRD-RTL
T007748,16/12/2019,F02161,I,NPK 10:26:26,62 kg,₹ 44.79,"₹ 2,776.98",BRD-RTL
T007749,23/12/2019,f02161,I,DAP,136 kg,₹ 31.49,"₹ 4,282.64",BRD-RTL
T007750,30/03/2020,F02162,FPO_DELIVERY,mustard (Yellow),0.28 t,"₹ 5,665.00","₹ 15,578.75",BRD-RTL
T007751,04/03/2020,F02162,delivery,MUSTARD,0.31 quintals,"₹ 5,665.00","₹ 1,756.15",BRD-RTL
T007752,01/04/2020,F02162,DELIVERY,Sarson,2.30 q,"₹ 5,665.00","₹ 13,029.50",BRD-RTL
T007753,25/04/2020, F02162 ,FPO_DELIVERY,chana,1.03 q,"₹ 5,670.00","₹ 5,840.10",BRD-RTL
T007754,07/03/2020,F02162,Delivery,Bengal Gram,4.27 quintals,"₹ 5,670.00","₹ 24,210.90",BRD-RTL
T007755,23/04/2020,F02163,FPO_DELIVERY,Sarson,8.2 qtl,"₹ 5,605.00","₹ 46,073.10",BRD-RTL
T007756,10/04/2020, F02163 ,DELIVERY,Mustard,49.00 kgs,"₹ 5,605.00","₹ 2,746.45",BRD-RTL
T007757,31/05/2020,f02163,loan,Loan Repayment,,,"₹ 5,100.00",BRD-RTL
T007758,02/04/2020,F02164,D,mustard (Yellow),7.58 q,"₹ 5,985.00","₹ 45,366.30",BRD-RTL
T007759,29/03/2020,F02164,D,Yellow Mustard,112 kg,"₹ 5,985.00","₹ 6,703.20",BRD-RTL
T007760,10/05/2020,f02164,DELIVERY,GRAM (Chana),689.00 kgs,"₹ 5,420.00","₹ 37,343.80",BRD-RTL
T007761,05/12/2019,F02164,I,PP chemicals,249 kg,₹ 299.60,"₹ 74,600.40",BRD-RTL
T007762,26/12/2019,F02164,FERT_PURCHASE,Urea,164 kg,₹ 56.64,"₹ 9,288.96",BRD-RTL
T007763,08/03/2020,F02164,loan,EMI,,,"₹ 5,100.00",BRD-RTL
T007764,01/03/2020,f02165,FPO_DELIVERY,Yellow Mustard,193 kg,"₹ 6,095.00","₹ 11,763.35",BRD-RTL
T007765,11/03/2020,F02165,D,chana,1.80 quintals,"₹ 5,820.00","₹ 10,476.00",BRD-RTL
T007766,17/12/2019,F02165,input,Urea,82 kgs,₹ 29.92,"₹ 2,453.44",BRD-RTL
T007767,13/03/2020,F02166,D,Yellow Mustard,8.8 qtl,"₹ 5,445.00","₹ 47,861.55",BRD-RTL
T007768,27/04/2020,F02166,Delivery,MUSTARD,1.15 q,"₹ 5,445.00","₹ 6,261.75",BRD-RTL
T007769,15/03/2020,F02166,Loan Repayment,Loan Repayment,,,"₹ 5,800.00",BRD-RTL
T007770,32/01/2022,f02166,loan,Loan Repayment,,,"₹ 4,100.00",BRD-RTL
T007771,27/04/2020,f02168,FPO_DELIVERY,MUSTARD,16.1 qtl,"₹ 6,300.00","₹ 1,01,115.00",BRD-RTL
T007772,03/05/2020,F02168,D,Yellow Mustard,424 kg,"₹ 6,300.00","₹ 26,712.00",BRD-RTL
T007773,04/03/2020,F02168,D,GRAM (Chana),4.34 q,"₹ 5,490.00","₹ 23,826.60",BRD-RTL
T007774,01/03/2020,f02168,FPO_DELIVERY,chana,4.43 q,"₹ 5,490.00","₹ 24,320.70",BRD-RTL
T007775,15/04/2020,F02168,FPO_DELIVERY,Bengal Gram,890.00 kgs,"₹ 5,490.00","₹ 48,861.00",BRD-RTL
T007776,05/04/2020,F02171,D,Yellow Mustard,163 kg,"₹ 6,010.00","₹ 9,796.30",BRD-RTL
T007777,17/03/2020,F02171,delivery,MUSTARD,"1,107.00 kgs","₹ 6,010.00","₹ 66,530.70",BRD-RTL
T007778,26/03/2020,F02171,delivery,Sarson,124.00 kgs,"₹ 6,010.00","₹ 7,452.40",BRD-RTL
T007779,12/12/2019,F02171,INPUT_PURCHASE,Seeds,44 kg,₹ 122.88,"₹ 5,406.72",BRD-RTL
T007780,06/01/2020,F02171,Input Purchase,Fertilizer,33 kg,₹ 58.00,"₹ 1,914.00",BRD-RTL
T007781,08/04/2020,F02174,DELIVERY,mustard (Yellow),2.39 quintals,"₹ 5,970.00","₹ 14,268.30",BRD-RTL
T007782,10/05/2020, F02174 ,D,Mustard,75 kg,"₹ 5,970.00","₹ 4,477.50",BRD-RTL
T007783,02/05/2020,F02174,DELIVERY,Mustard,389.00 kgs,"₹ 5,970.00","₹ 23,223.30",BRD-RTL
T007784,13/01/2020,F02174,I,Seeds,298 kgs,₹ 86.71,"₹ 25,839.58",BRD-RTL
T007785,14/12/2019,F02174,FERT_PURCHASE,FERTILIZER 50kg bag,96 kgs,₹ 36.07,"₹ 3,462.72",BRD-RTL
T007786,18/03/2020,F02175,D,Yellow Mustard,0.28 t,"₹ 5,785.00","₹ 16,024.45",BRD-RTL
T007787,10/05/2020,F02175,Delivery,Yellow Mustard,0.26 quintals,"₹ 5,785.00","₹ 1,504.10",BRD-RTL
T007788,11/03/2020,f02175,delivery,Bengal Gram,0.27 MT,"₹ 6,115.00","₹ 16,755.10",BRD-RTL
T007789,28/05/2020,F02175,loan,EMI,,,"₹ 6,900.00",BRD-RTL
T007790,30/03/2020,F02176,D,Mustard,121.00 kgs,"₹ 5,975.00","₹ 7,229.75",BRD-RTL
T007791,27/04/2020,F02176,DELIVERY,Sarson,1.79 quintals,"₹ 5,975.00","₹ 10,695.25",BRD-RTL
T007792,02/03/2020,F02176,Delivery,Sarson,85.00 kgs,"₹ 5,975.00","₹ 5,078.75",BRD-RTL
T007793,23/03/2020,F02176,Delivery,Gram,3.07 quintals,"₹ 5,650.00","₹ 17,345.50",BRD-RTL
T007794,20/03/2020,F02176,Delivery,Gram,21 kg,"₹ 5,650.00","₹ 1,186.50",BRD-RTL
T007795,30/03/2020,F02177,Delivery,Mustard,48.00 kgs,"₹ 6,240.00","₹ 2,995.20",BRD-RTL
T007796,28/04/2020,f02177,delivery,Yellow Mustard,3.16 quintals,"₹ 6,240.00","₹ 19,718.40",BRD-RTL
T007797,21/03/2020,F02178,delivery,MUSTARD,1653 kg,"₹ 5,915.00","₹ 97,774.95",BRD-RTL
T007798,12/04/2020,F02178,D,mustard (Yellow),176.00 kgs,"₹ 5,915.00","₹ 10,410.40",BRD-RTL
T007799,11/12/2019,F02178,I,SEEDS,257 kgs,₹ 50.08,"₹ 12,870.56",BRD-RTL
T007800,25/12/2019,F02178,input,SEEDS,234 kg,₹ 129.36,"₹ 30,270.24",BRD-RTL
T007801,28/12/2019, F02178 ,INPUT_PURCHASE,NPK 10:26:26,211 kg,₹ 28.24,"₹ 5,958.64",BRD-RTL
T007802,23/04/2020,F02178,Loan Repayment,Loan Repayment,,,"₹ 1,500.00",BRD-RTL
T007803,07/04/2020,F02179,FPO_DELIVERY,mustard (Yellow),3.38 quintals,"₹ 5,775.00","₹ 19,519.50",BRD-RTL
T007804,03/03/2020,F02179,FPO_DELIVERY,mustard (Yellow),6.61 quintals,"₹ 5,775.00","₹ 38,172.75",BRD-RTL
T007805,09/03/2020,F02179,FPO_DELIVERY,Mustard,113 kg,"₹ 5,775.00","₹ 6,525.75",BRD-RTL
T007806,18/12/2019,F02179,input,SEEDS,75 kgs,₹ 72.09,"₹ 5,406.75",BRD-RTL
T007807,09/05/2020,F02180,delivery,Sarson,0.86 MT,"₹ 5,815.00","₹ 49,950.85",BRD-RTL
T007808,03/03/2020,F02180,Delivery,chana,20 kg,"₹ 5,700.00","₹ 1,140.00",BRD-RTL
T007809,12/03/2020,F02180,D,chana,7.59 quintals,"₹ 5,700.00","₹ 43,263.00",BRD-RTL
T007810,28/03/2020,f02181,delivery,Yellow Mustard,1191 kg,"₹ 6,000.00","₹ 71,460.00",BRD-RTL
T007811,10/12/2019,f02181,INPUT_PURCHASE,FERTILIZER 50kg bag,113 kgs,₹ 55.09,"₹ 6,225.17",BRD-RTL
T007812,10/12/2019,F02181,FERT_PURCHASE,DAP,27 kg,₹ 29.36,₹ 792.72,BRD-RTL
T007813,26/04/2020,F02184,delivery,Mustard,16.1 qtl,"₹ 5,730.00","₹ 92,253.00",BRD-RTL
T007814,15/03/2020, F02184 ,D,mustard (Yellow),3.54 quintals,"₹ 5,730.00","₹ 20,284.20",BRD-RTL
T007815,06/12/2019,F02184,input,Fertilizer,32 kgs,₹ 30.88,₹ 988.16,BRD-RTL
T007816,27/12/2019,F02184,I,Seeds,39 kg,₹ 108.50,"₹ 4,231.50",BRD-RTL
T007817,04/03/2020,F02184,LOAN_REPAY,Loan Repayment,,,"₹ 5,700.00",BRD-RTL
T007818,27/12/2019,F02184,loan,Loan Repayment,,,"₹ 5,900.00",BRD-RTL
T007819,26/03/2020,F02185,Delivery,mustard (Yellow),1522 kg,"₹ 5,975.00","₹ 90,939.50",BRD-RTL
T007820,23/12/2019,F02185,input,NPK 10:26:26,110 kg,₹ 57.71,"₹ 6,348.10",BRD-RTL
T007821,30/12/2019,F02185,INPUT_PURCHASE,Hybrid Seeds,272 kgs,₹ 50.71,"₹ 13,793.12",BRD-RTL
T007822,20/03/2020,F02186,delivery,mustard (Yellow),93 kg,"₹ 6,065.00","₹ 5,640.45",BRD-RTL
T007823,05/05/2020,f02186,DELIVERY,mustard (Yellow),0.11 t,"₹ 6,065.00","₹ 6,550.20",BRD-RTL
T007824,26/03/2020,F02186,FPO_DELIVERY,Yellow Mustard,1.81 q,"₹ 6,065.00","₹ 10,977.65",BRD-RTL
T007825,15/01/2020,F02186,I,Hybrid Seeds,290 kgs,₹ 50.33,"₹ 14,595.70",BRD-RTL
T007826,08/01/2020, F02186 ,INPUT_PURCHASE,PPC,151 kg,₹ 243.13,"₹ 36,712.63",BRD-RTL
T007827,07/01/2020,F02186,I,Seeds,94 kg,₹ 100.18,"₹ 9,416.92",BRD-RTL
T007828,02/03/2020,F02187,FPO_DELIVERY,MUSTARD,3371 kg,"₹ 6,165.00","₹ 2,07,822.15",BRD-RTL
T007829,05/12/2019,F02187,INPUT_PURCHASE,NPK 10:26:26,163 kgs,₹ 47.63,"₹ 7,763.69",BRD-RTL
T007830,07/03/2020, F02189 ,DELIVERY,mustard (Yellow),770.00 kgs,"₹ 5,915.00","₹ 45,545.50",BRD-RTL
T007831,06/05/2020,F02189,delivery,mustard (Yellow),8.75 quintals,"₹ 5,915.00","₹ 51,756.25",BRD-RTL
T007832,17/04/2020,F02189,D,GRAM (Chana),12.9 qtl,"₹ 6,125.00","₹ 78,767.50",BRD-RTL
T007833,15/03/2020,F02191,D,Yellow Mustard,15.8 qtl,"₹ 5,820.00","₹ 91,665.00",BRD-RTL
T007834,24/12/2019,F02191,INPUT_PURCHASE,Fertilizer,140 kg,₹ 45.56,"₹ 6,378.40",BRD-RTL
T007835,04/12/2019,F02191,input,Seeds,139 kgs,₹ 119.73,"₹ 16,642.47",BRD-RTL
T007836,09/01/2020,F02191,INPUT_PURCHASE,Hybrid Seeds,155 kg,₹ 66.29,"₹ 10,274.95",BRD-RTL
T007837,05/02/2020,F02191,L,EMI,,,"₹ 3,600.00",BRD-RTL
T007838,01/01/2020,F02191,loan,Loan Repayment,,,"₹ 4,900.00",BRD-RTL
T007839,10/05/2020,F02193,DELIVERY,Mustard,"1,073.00 kgs","₹ 5,795.00","₹ 62,180.35",BRD-RTL
T007840,05/04/2020,f02194,FPO_DELIVERY,Yellow Mustard,10.6 qtl,"₹ 6,135.00","₹ 65,276.40",BRD-RTL
T007841,23/03/2020,F02194,DELIVERY,Sarson,2.3 qtl,"₹ 6,135.00","₹ 14,233.20",BRD-RTL
T007842,21/12/2019,f02194,I,NPK 10:26:26,250 kgs,₹ 47.46,"₹ 11,865.00",BRD-RTL
T007843,31/03/2020,F02195,Delivery,Yellow Mustard,631 kg,"₹ 6,500.00","₹ 41,015.00",BRD-RTL
T007844,05/04/2020,F02195,Delivery,MUSTARD,5.51 q,"₹ 6,500.00","₹ 35,815.00",BRD-RTL
T007845,28/03/2020,F02195,Delivery,Sarson,0.20 t,"₹ 6,500.00","₹ 12,675.00",BRD-RTL
T007846,06/04/2020,F02195,D,Bengal Gram,5.36 q,"₹ 5,515.00","₹ 29,560.40",BRD-RTL
T007847,29/02/2020, F02195 ,delivery,chana,552 kg,"₹ 5,515.00","₹ 30,442.80",BRD-RTL
T007848,07/01/2020,F02195,FERT_PURCHASE,NPK 10:26:26,240 kg,₹ 53.08,"₹ 12,739.20",BRD-RTL
T007849,15/01/2020,F02195,FERT_PURCHASE,PPC,169 kg,₹ 234.71,"₹ 39,665.99",BRD-RTL
T007850,04/12/2019,F02195,input,Hybrid Seeds,44 kg,₹ 45.74,"₹ 2,012.56",BRD-RTL
T007851,26/02/2020,F02195,Loan Repayment,Loan Repayment,,,"₹ 7,300.00",BRD-RTL
T007852,25/04/2020,F02195,LOAN_REPAY,EMI,,,"₹ 2,900.00",BRD-RTL
T007853,11/05/2020,F02196,DELIVERY,MUSTARD,1.76 t,"₹ 6,125.00","₹ 1,07,677.50",BRD-RTL
T007854,03/01/2020,F02196,INPUT_PURCHASE,PP chemicals,120 kgs,₹ 676.83,"₹ 81,219.60",BRD-RTL
T007855,25/12/2019,F02196,I,SEEDS,260 kg,₹ 57.28,"₹ 14,892.80",BRD-RTL
T007856,11/12/2019,F02196,input,SEEDS,152 kg,₹ 123.22,"₹ 18,729.44",BRD-RTL
T007857,11/01/2020,F02196,I,Seeds,155 kgs,₹ 64.68,"₹ 10,025.40",BRD-RTL
T007858,03/03/2020,F02199,Delivery,MUSTARD,0.34 MT,"₹ 6,040.00","₹ 20,717.20",BRD-RTL
T007859,22/03/2020,F02199,Delivery,Sarson,2.17 q,"₹ 6,040.00","₹ 13,106.80",BRD-RTL
T007860,21/12/2019,F02199,FERT_PURCHASE,FERTILIZER 50kg bag,189 kgs,₹ 43.31,"₹ 8,185.59",BRD-RTL
T007861,15/12/2019,F02199,LOAN_REPAY,EMI,,,"₹ 6,600.00",BRD-RTL
T007862,05/03/2020,F02199,LOAN_REPAY,Loan Repayment,,,"₹ 3,200.00",BRD-RTL
T007863,20/05/2020,F02199,Loan Repayment,EMI,,,"₹ 5,500.00",BRD-RTL
T007864,04/04/2020,F02199,L,Loan Repayment,,,"₹ 7,400.00",BRD-RTL
T007865,08/03/2020,F02200,delivery,Mustard,33.83 quintals,"₹ 6,235.00","₹ 2,10,930.05",BRD-RTL
T007866,09/03/2020,F02200,Delivery,GRAM (Chana),2.95 MT,"₹ 5,350.00","₹ 1,57,985.50",BRD-RTL
T007867,21/04/2020,F02201,D,MUSTARD,5.21 quintals,"₹ 5,875.00","₹ 30,608.75",BRD-RTL
T007868,10/05/2020,F02201,delivery,Mustard,1149 kg,"₹ 5,875.00","₹ 67,503.75",BRD-RTL
T007869,25/12/2019,F02201,FERT_PURCHASE,Urea,236 kg,₹ 57.19,"₹ 13,496.84",BRD-RTL
T007870,06/12/2019,F02201,FERT_PURCHASE,Hybrid Seeds,125 kg,₹ 95.90,"₹ 11,987.50",BRD-RTL
T007871,13/12/2019,F02201,I,Fertilizer,239 kgs,₹ 41.68,"₹ 9,961.52",BRD-RTL
T007872,21/04/2020,F02202,DELIVERY,MUSTARD,360.00 kgs,"₹ 5,765.00","₹ 20,754.00",BRD-RTL
T007873,05/05/2020,F02202,DELIVERY,Sarson,"2,290.00 kgs","₹ 5,765.00","₹ 1,32,018.50",BRD-RTL
T007874,24/12/2019,F02202,I,Hybrid Seeds,296 kgs,₹ 125.73,"₹ 37,216.08",BRD-RTL
T007875,07/01/2020,F02202,Input Purchase,DAP,114 kg,₹ 48.46,"₹ 5,524.44",BRD-RTL
T007876,10/12/2019,F02202,I,Hybrid Seeds,211 kg,₹ 77.46,"₹ 16,344.06",BRD-RTL
T007877,03/01/2020,f02202,loan,EMI,,,"₹ 2,700.00",BRD-RTL
T007878,29/05/2020,f02202,L,Loan Repayment,,,"₹ 5,100.00",BRD-RTL
T007879,17/04/2020,F02203,FPO_DELIVERY,MUSTARD,22.7 qtl,"₹ 6,140.00","₹ 1,39,255.20",BRD-RTL
T007880,22/03/2020,F02203,DELIVERY,chana,855.00 kgs,"₹ 5,460.00","₹ 46,683.00",BRD-RTL
T007881,10/04/2020,F02203,FPO_DELIVERY,GRAM (Chana),10.3 qtl,"₹ 5,460.00","₹ 56,401.80",BRD-RTL
T007882,10/12/2019,F02203,I,SEEDS,78 kg,₹ 98.60,"₹ 7,690.80",BRD-RTL
T007883,28/03/2020,F02203,LOAN_REPAY,EMI,,,"₹ 7,000.00",BRD-RTL
T007884,07/04/2020,f02203,Loan Repayment,Loan Repayment,,,"₹ 3,000.00",BRD-RTL
T007885,05/04/2020,F02206,D,Yellow Mustard,0.09 MT,"₹ 5,835.00","₹ 5,134.80",BRD-RTL
T007886,15/03/2020,F02206,FPO_DELIVERY,MUSTARD,197.00 kgs,"₹ 5,835.00","₹ 11,494.95",BRD-RTL
T007887,04/04/2020,F02207,FPO_DELIVERY,Yellow Mustard,10.6 qtl,"₹ 5,485.00","₹ 58,360.40",BRD-RTL
T007888,29/02/2020,F02207,DELIVERY,Yellow Mustard,5.2 qtl,"₹ 5,485.00","₹ 28,247.75",BRD-RTL
T007889,13/03/2020,F02208,delivery,Yellow Mustard,413.00 kgs,"₹ 5,855.00","₹ 24,181.15",BRD-RTL
T007890,05/03/2020,F02208,FPO_DELIVERY,Mustard,1.25 quintals,"₹ 5,855.00","₹ 7,318.75",BRD-RTL
T007891,30/04/2020,F02208,delivery,GRAM (Chana),78.00 kgs,"₹ 5,990.00","₹ 4,672.20",BRD-RTL
T007892,11/03/2020,F02208,delivery,chana,4.30 quintals,"₹ 5,990.00","₹ 25,757.00",BRD-RTL
T007893,10/04/2020,F02208,L,EMI,,,"₹ 6,800.00",BRD-RTL
T007894,01/03/2020, F02209 ,DELIVERY,Mustard,2641 kg,"₹ 5,815.00","₹ 1,53,574.15",BRD-RTL
T007895,11/01/2020,F02209,FERT_PURCHASE,FERTILIZER 50kg bag,82 kgs,₹ 47.55,"₹ 3,899.10",BRD-RTL
T007896,30/12/2019,f02209,FERT_PURCHASE,Hybrid Seeds,102 kg,₹ 88.56,"₹ 9,033.12",BRD-RTL
T007897,05/05/2020,F02210,D,Yellow Mustard,6.60 q,"₹ 6,110.00","₹ 40,326.00",BRD-RTL
T007898,25/04/2020,F02210,Delivery,Mustard,7.4 qtl,"₹ 6,110.00","₹ 45,336.20",BRD-RTL
T007899,31/03/2020,F02211,DELIVERY,Yellow Mustard,0.27 t,"₹ 5,890.00","₹ 16,138.60",BRD-RTL
T007900,02/05/2020,F02211,FPO_DELIVERY,mustard (Yellow),4.5 qtl,"₹ 5,890.00","₹ 26,799.50",BRD-RTL
T007901,30/03/2020,F02212,FPO_DELIVERY,MUSTARD,192 kg,"₹ 5,685.00","₹ 10,915.20",BRD-RTL
T007902,19/03/2020, F02212 ,DELIVERY,Sarson,0.57 t,"₹ 5,685.00","₹ 32,120.25",BRD-RTL
T007903,19/12/2019,F02212,Input Purchase,FERTILIZER 50kg bag,293 kgs,₹ 37.58,"₹ 11,010.94",BRD-RTL
T007904,18/04/2020,F02213,DELIVERY,MUSTARD,3.6 qtl,"₹ 6,015.00","₹ 21,774.30",BRD-RTL
T007905,14/04/2020,F02213,FPO_DELIVERY,Yellow Mustard,165.00 kgs,"₹ 6,015.00","₹ 9,924.75",BRD-RTL
T007906,02/03/2020,F02213,DELIVERY,GRAM (Chana),134.00 kgs,"₹ 5,705.00","₹ 7,644.70",BRD-RTL
T007907,04/04/2020,F02213,FPO_DELIVERY,Gram,0.33 t,"₹ 5,705.00","₹ 18,940.60",BRD-RTL
T007908,15/03/2020,F02214,DELIVERY,Mustard,6.10 q,"₹ 5,890.00","₹ 35,929.00",BRD-RTL
T007909,17/03/2020,F02214,FPO_DELIVERY,chana,227.00 kgs,"₹ 5,945.00","₹ 13,495.15",BRD-RTL
T007910,11/05/2020,f02214,FPO_DELIVERY,Gram,3.17 quintals,"₹ 5,945.00","₹ 18,845.65",BRD-RTL
T007911,07/04/2020,F02215,Delivery,mustard (Yellow),3.82 quintals,"₹ 6,195.00","₹ 23,664.90",BRD-RTL
T007912,13/04/2020,F02215,D,MUSTARD,2.23 q,"₹ 6,195.00","₹ 13,814.85",BRD-RTL
T007913,09/12/2019,F02215,Input Purchase,Bio-pesticide,252 kg,₹ 549.89,"₹ 1,38,572.28",BRD-RTL
T007914,05/12/2019,f02215,I,SEEDS,56 kg,₹ 129.06,"₹ 7,227.36",BRD-RTL
T007915,17/04/2020,F02216,FPO_DELIVERY,Sarson,180.00 kgs,"₹ 5,835.00","₹ 10,503.00",BRD-RTL
T007916,24/03/2020, F02216 ,Delivery,Yellow Mustard,3.3 qtl,"₹ 5,835.00","₹ 19,313.85",BRD-RTL
T007917,14/04/2020,F02216,DELIVERY,GRAM (Chana),380.00 kgs,"₹ 5,590.00","₹ 21,242.00",BRD-RTL
T007918,08/03/2020,F02216,DELIVERY,Gram,127.00 kgs,"₹ 5,590.00","₹ 7,099.30",BRD-RTL
T007919,07/12/2019,f02216,I,Urea,144 kg,₹ 49.69,"₹ 7,155.36",BRD-RTL
T007920,18/12/2019,F02216,INPUT_PURCHASE,PPC,120 kg,₹ 317.87,"₹ 38,144.40",BRD-RTL
T007921,29/04/2020,F02217,Delivery,Mustard,"2,264.00 kgs","₹ 5,465.00","₹ 1,23,727.60",BRD-RTL
T007922,26/04/2020,f02218,D,MUSTARD,288.00 kgs,"₹ 6,285.00","₹ 18,100.80",BRD-RTL
T007923,22/04/2020,F02218,FPO_DELIVERY,Sarson,3.44 q,"₹ 6,285.00","₹ 21,620.40",BRD-RTL
T007924,14/12/2019,F02218,I,Urea,29 kgs,₹ 41.65,"₹ 1,207.85",BRD-RTL
T007925,06/01/2020,F02218,Input Purchase,PPC,53 kgs,₹ 182.64,"₹ 9,679.92",BRD-RTL
T008017,03/04/2020,F02251,DELIVERY,Mustard,1.01 MT,"₹ 6,105.00","₹ 61,843.65",BRD-RTL
T008018,11/05/2020, F02251 ,D,Yellow Mustard,2.3 qtl,"₹ 6,105.00","₹ 14,285.70",BRD-RTL
T008019,05/01/2020,F02251,INPUT_PURCHASE,Seeds,38 kgs,₹ 71.11,"₹ 2,702.18",BRD-RTL
T008031,02/04/2020,F02254,DELIVERY,Sarson,1.22 MT,"₹ 5,655.00","₹ 69,217.20",BRD-RTL
T008032,13/12/2019,F02254,Input Purchase,Fertilizer,203 kgs,₹ 46.94,"₹ 9,528.82",BRD-RTL
T008033,13/12/2019,F02254,input,Fertilizer,105 kgs,₹ 57.82,"₹ 6,071.10",BRD-RTL
T008034,08/12/2019, F02254 ,input,NPK 10:26:26,149 kgs,₹ 28.12,"₹ 4,189.88",BRD-RTL
T008040,31/03/2020,F02257,DELIVERY,mustard (Yellow),"1,537.00 kgs","₹ 6,035.00","₹ 92,757.95",BRD-RTL
T008041,24/12/2019,F02257,FERT_PURCHASE,Fertilizer,241 kg,₹ 51.32,"₹ 12,368.12",BRD-RTL
T008072,10/05/2020,F02265,DELIVERY,MUSTARD,1.09 t,"₹ 5,710.00","₹ 62,524.50",BRD-RTL
T008073,18/04/2020,f02265,DELIVERY,Yellow Mustard,375.00 kgs,"₹ 5,710.00","₹ 21,412.50",BRD-RTL
T008074,01/12/2019,F02265,FERT_PURCHASE,Urea,235 kg,₹ 33.99,"₹ 7,987.65",BRD-RTL
T008075,13/12/2019,F02265,L,EMI,,,"₹ 7,700.00",BRD-RTL
T008097,06/03/2020,f02272,D,MUSTARD,1.9 qtl,"₹ 6,345.00","₹ 11,992.05",BRD-RTL
T008098,12/04/2020,F02272,D,Yellow Mustard,"1,756.00 kgs","₹ 6,345.00","₹ 1,11,418.20",BRD-RTL
T008099,23/12/2019,F02272,input,DAP,208 kgs,₹ 59.74,"₹ 12,425.92",BRD-RTL
T008100,03/01/2020,F02272,Input Purchase,NPK 10:26:26,74 kg,₹ 52.75,"₹ 3,903.50",BRD-RTL
T008101,15/01/2020,f02272,I,Seeds,258 kg,₹ 95.82,"₹ 24,721.56",BRD-RTL
T008102,01/12/2019,F02272,Input Purchase,FERTILIZER 50kg bag,53 kg,₹ 34.88,"₹ 1,848.64",BRD-RTL
T010370,31/10/2020,F02064,Delivery,mungfali,"3,565.00 kgs","₹ 7,140.00","₹ 2,54,541.00",BRD-RTL
T010371,18/10/2020,f02064,delivery,SOYABEAN,0.97 MT,"₹ 5,060.00","₹ 48,930.20",BRD-RTL
T010372,02/11/2020,F02064,D,soya,1839 kg,"₹ 5,060.00","₹ 93,053.40",BRD-RTL
T010373,07/11/2020,F02065,delivery,Groundnut,35.71 quintals,"₹ 7,170.00","₹ 2,56,040.70",BRD-RTL
T010374,15/10/2020,F02065,delivery,mungfali,34.76 q,"₹ 7,170.00","₹ 2,49,229.20",BRD-RTL
T010375,24/06/2020,F02065,INPUT_PURCHASE,Seeds,314 kgs,₹ 99.80,"₹ 31,337.20",BRD-RTL
T010376,13/10/2020,F02066,Delivery,Groundnut Pods,954.00 kgs,"₹ 7,615.00","₹ 72,647.10",BRD-RTL
T010377,16/10/2020,F02066,delivery,mungfali,0.25 MT,"₹ 7,615.00","₹ 18,732.90",BRD-RTL
T010378,15/11/2020, F02067 ,Delivery,Groundnut Pods,17.69 quintals,"₹ 6,905.00","₹ 1,22,149.45",BRD-RTL
T010379,14/07/2020,F02067,FERT_PURCHASE,Urea,27 kgs,₹ 46.02,"₹ 1,242.54",BRD-RTL
T010380,15/06/2020,F02067,Input Purchase,Hybrid Seeds,269 kgs,₹ 59.69,"₹ 16,056.61",BRD-RTL
T010381,05/07/2020,F02067,I,PPC,210 kgs,₹ 412.01,"₹ 86,522.10",BRD-RTL
T010382,04/10/2020,F02068,delivery,Groundnut Pods,6.85 quintals,"₹ 7,250.00","₹ 49,662.50",BRD-RTL
T010383,06/10/2020,F02068,D,Groundnut Pods,0.77 MT,"₹ 7,250.00","₹ 55,680.00",BRD-RTL
T010384,15/07/2020,F02068,Input Purchase,Urea,43 kg,₹ 46.39,"₹ 1,994.77",BRD-RTL
T010385,20/06/2020,f02068,input,DAP,91 kg,₹ 54.76,"₹ 4,983.16",BRD-RTL
T010386,14/07/2020,F02068,Input Purchase,Urea,60 kg,₹ 38.64,"₹ 2,318.40",BRD-RTL
T010387,19/06/2020,F02068,I,Seeds,186 kgs,₹ 126.41,"₹ 23,512.26",BRD-RTL
T010388,12/08/2020,F02068,L,EMI,,,"₹ 5,200.00",BRD-RTL
T010389,01/06/2020,F02068,loan,Loan Repayment,,,"₹ 3,600.00",BRD-RTL
T010390,08/10/2020,F02069,Delivery,Groundnut,"3,187.00 kgs","₹ 7,660.00","₹ 2,44,124.20",BRD-RTL
T010391,09/11/2020,F02069,FPO_DELIVERY,mungfali,18.41 q,"₹ 7,660.00","₹ 1,41,020.60",BRD-RTL
T010392,08/06/2020,F02069,input,FERTILIZER 50kg bag,130 kg,₹ 51.88,"₹ 6,744.40",BRD-RTL
T010393,29/06/2020,F02069,FERT_PURCHASE,Fertilizer,296 kgs,₹ 32.30,"₹ 9,560.80",BRD-RTL
T010394,23/06/2020,F02069,Input Purchase,FERTILIZER 50kg bag,314 kgs,₹ 48.93,"₹ 15,364.02",BRD-RTL
T010395,11/11/2020,F02070,Delivery,GROUNDNUT (Pods),436.00 kgs,"₹ 7,630.00","₹ 33,266.80",BRD-RTL
T010396,09/10/2020,F02070,delivery,GROUNDNUT (Pods),"1,489.00 kgs","₹ 7,630.00","₹ 1,13,610.70",BRD-RTL
T010397,04/06/2020,f02070,FERT_PURCHASE,Fertilizer,212 kgs,₹ 49.47,"₹ 10,487.64",BRD-RTL
T010398,01/07/2020,F02070,INPUT_PURCHASE,NPK 10:26:26,58 kgs,₹ 52.30,"₹ 3,033.40",BRD-RTL
T010399,09/10/2020,F02072,DELIVERY,Groundnut,89.43 q,"₹ 7,380.00","₹ 6,59,993.40",BRD-RTL
T010400,28/10/2020,F02072,FPO_DELIVERY,Soybean,1.97 t,"₹ 5,170.00","₹ 1,01,952.40",BRD-RTL
T010401,26/10/2020,F02072,D,Soybean,56.0 qtl,"₹ 5,170.00","₹ 2,89,675.10",BRD-RTL
T010402,13/06/2020,F02072,I,PP chemicals,310 kg,₹ 564.29,"₹ 1,74,929.90",BRD-RTL
T010403,07/07/2020,F02072,INPUT_PURCHASE,NPK 10:26:26,73 kgs,₹ 59.06,"₹ 4,311.38",BRD-RTL
T010404,02/11/2020,F02073,D,mungfali,0.29 t,"₹ 6,970.00","₹ 20,352.40",BRD-RTL
T010405,18/11/2020,F02073,FPO_DELIVERY,Groundnut Pods,12.03 quintals,"₹ 6,970.00","₹ 83,849.10",BRD-RTL
T010406,28/06/2020,F02073,INPUT_PURCHASE,Seeds,230 kg,₹ 82.57,"₹ 18,991.10",BRD-RTL
T010407,19/06/2020,F02073,INPUT_PURCHASE,Seeds,69 kgs,₹ 122.99,"₹ 8,486.31",BRD-RTL
T010408,21/11/2020,F02074,delivery,mungfali,681 kg,"₹ 7,625.00","₹ 51,926.25",BRD-RTL
T010409,15/06/2020,F02074,I,NPK 10:26:26,173 kgs,₹ 48.53,"₹ 8,395.69",BRD-RTL
T010410,04/06/2020,F02074,INPUT_PURCHASE,Seeds,71 kg,₹ 68.33,"₹ 4,851.43",BRD-RTL
T010411,12/11/2020,F02076,D,GROUNDNUT (Pods),"2,884.00 kgs","₹ 7,265.00","₹ 2,09,522.60",BRD-RTL
T010412,18/11/2020,F02076,FPO_DELIVERY,Soybean,24.87 quintals,"₹ 4,780.00","₹ 1,18,878.60",BRD-RTL
T010413,06/06/2020, F02076 ,FERT_PURCHASE,Fertilizer,219 kgs,₹ 42.25,"₹ 9,252.75",BRD-RTL
T010414,09/10/2020,F02078,DELIVERY,Groundnut Pods,0.6 qtl,"₹ 6,975.00","₹ 4,464.00",BRD-RTL
T010415,14/11/2020,F02078,delivery,mungfali,2.4 qtl,"₹ 6,975.00","₹ 16,530.75",BRD-RTL
T010416,03/10/2020,F02078,FPO_DELIVERY,SOYABEAN,233.00 kgs,"₹ 5,150.00","₹ 11,999.50",BRD-RTL
T010417,06/06/2020,F02078,FERT_PURCHASE,Fertilizer,295 kg,₹ 59.27,"₹ 17,484.65",BRD-RTL
T010418,12/10/2020,F02079,Delivery,mungfali,772.00 kgs,"₹ 6,465.00","₹ 49,909.80",BRD-RTL
T010419,16/11/2020,F02079,delivery,mungfali,0.18 t,"₹ 6,465.00","₹ 11,895.60",BRD-RTL
T010420,08/11/2020,F02079,Delivery,Groundnut,0.35 t,"₹ 6,465.00","₹ 22,886.10",BRD-RTL
T010421,17/11/2020,F02080,Delivery,Groundnut,431 kg,"₹ 7,130.00","₹ 30,730.30",BRD-RTL
T010422,02/10/2020,F02080,DELIVERY,GROUNDNUT (Pods),0.78 MT,"₹ 7,130.00","₹ 55,471.40",BRD-RTL
T010423,14/10/2020,F02080,delivery,Groundnut Pods,96.00 kgs,"₹ 7,130.00","₹ 6,844.80",BRD-RTL
T010424,13/06/2020,F02080,INPUT_PURCHASE,FERTILIZER 50kg bag,217 kg,₹ 56.75,"₹ 12,314.75",BRD-RTL
T010425,01/06/2020,F02080,FERT_PURCHASE,Bio-pesticide,197 kg,₹ 496.71,"₹ 97,851.87",BRD-RTL
T010426,01/07/2020,F02080,input,FERTILIZER 50kg bag,98 kgs,₹ 43.09,"₹ 4,222.82",BRD-RTL
T010427,17/06/2020,F02080,I,NPK 10:26:26,149 kgs,₹ 29.62,"₹ 4,413.38",BRD-RTL
T010428,13/10/2020,F02081,Delivery,Groundnut Pods,7.54 quintals,"₹ 7,545.00","₹ 56,889.30",BRD-RTL
T010429,24/10/2020,F02081,Delivery,SOYABEAN,775.00 kgs,"₹ 5,115.00","₹ 39,641.25",BRD-RTL
T010430,12/06/2020,F02081,I,DAP,85 kg,₹ 56.62,"₹ 4,812.70",BRD-RTL
T010431,15/07/2020,F02081,input,Urea,225 kg,₹ 32.63,"₹ 7,341.75",BRD-RTL
T010432,18/11/2020,F02081,LOAN_REPAY,EMI,,,"₹ 2,100.00",BRD-RTL
T010433,26/11/2020,f02081,Loan Repayment,EMI,,,"₹ 7,600.00",BRD-RTL
T010434,08/10/2020,F02082,delivery,Groundnut Pods,577.00 kgs,"₹ 8,140.00","₹ 46,967.80",BRD-RTL
T010435,17/10/2020,F02082,DELIVERY,mungfali,819.00 kgs,"₹ 8,140.00","₹ 66,666.60",BRD-RTL
T010436,20/10/2020, F02083 ,delivery,GROUNDNUT (Pods),93.00 kgs,"₹ 6,760.00","₹ 6,286.80",BRD-RTL
T010437,17/10/2020,F02083,FPO_DELIVERY,Groundnut,2.08 MT,"₹ 6,760.00","₹ 1,40,878.40",BRD-RTL
T010438,14/06/2020,F02083,input,SEEDS,148 kgs,₹ 103.99,"₹ 15,390.52",BRD-RTL
T010439,22/10/2020,F02085,Delivery,mungfali,11.77 quintals,"₹ 7,350.00","₹ 86,509.50",BRD-RTL
T010440,25/11/2020,f02085,FPO_DELIVERY,Groundnut Pods,2463 kg,"₹ 7,350.00","₹ 1,81,030.50",BRD-RTL
T010441,25/06/2020,F02085,LOAN_REPAY,Loan Repayment,,,"₹ 4,100.00",BRD-RTL
T010442,18/10/2020,F02086,D,GROUNDNUT (Pods),684 kg,"₹ 7,020.00","₹ 48,016.80",BRD-RTL
T010443,13/10/2020,F02086,delivery,Soybean,658.00 kgs,"₹ 4,895.00","₹ 32,209.10",BRD-RTL
T010444,06/07/2020,F02086,INPUT_PURCHASE,Hybrid Seeds,45 kg,₹ 107.58,"₹ 4,841.10",BRD-RTL
T010445,24/06/2020,F02086,input,FERTILIZER 50kg bag,179 kgs,₹ 59.33,"₹ 10,620.07",BRD-RTL
T010446,18/06/2020, F02086 ,I,Hybrid Seeds,272 kgs,₹ 107.90,"₹ 29,348.80",BRD-RTL
T010447,28/11/2020,F02088,Delivery,Groundnut,948 kg,"₹ 7,905.00","₹ 74,939.40",BRD-RTL
T010448,30/11/2020,F02088,delivery,mungfali,1130 kg,"₹ 7,905.00","₹ 89,326.50",BRD-RTL
T010449,25/11/2020,F02090,D,Groundnut,252.00 kgs,"₹ 7,075.00","₹ 17,829.00",BRD-RTL
T010450,12/11/2020,F02090,DELIVERY,mungfali,1699 kg,"₹ 7,075.00","₹ 1,20,204.25",BRD-RTL
T010451,20/11/2020,F02090,D,Soybean,190 kg,"₹ 5,050.00","₹ 9,595.00",BRD-RTL
T010452,04/11/2020,F02090,Delivery,SOYABEAN,1.22 MT,"₹ 5,050.00","₹ 61,458.50",BRD-RTL
T010453,09/06/2020,F02090,Input Purchase,Urea,160 kg,₹ 40.85,"₹ 6,536.00",BRD-RTL
T010454,08/10/2020,F02091,D,GROUNDNUT (Pods),19.39 q,"₹ 7,450.00","₹ 1,44,455.50",BRD-RTL
T010455,08/11/2020,F02091,DELIVERY,Groundnut,14.57 q,"₹ 7,450.00","₹ 1,08,546.50",BRD-RTL
T010456,27/06/2020,F02091,input,Fertilizer,175 kg,₹ 29.08,"₹ 5,089.00",BRD-RTL
T010457,23/10/2020,F02092,DELIVERY,mungfali,19.25 quintals,"₹ 7,950.00","₹ 1,53,037.50",BRD-RTL
T010458,17/10/2020,F02093,delivery,Groundnut Pods,0.07 t,"₹ 7,620.00","₹ 5,410.20",BRD-RTL
T010459,15/10/2020,F02093,DELIVERY,mungfali,1001 kg,"₹ 7,620.00","₹ 76,276.20",BRD-RTL
T010460,14/07/2020,f02093,input,NPK 10:26:26,98 kgs,₹ 44.45,"₹ 4,356.10",BRD-RTL
T010461,15/07/2020,F02093,Input Purchase,NPK 10:26:26,180 kg,₹ 29.11,"₹ 5,239.80",BRD-RTL
T010462,18/06/2020,F02093,FERT_PURCHASE,NPK 10:26:26,148 kg,₹ 33.55,"₹ 4,965.40",BRD-RTL
T010463,14/06/2020,F02093,LOAN_REPAY,Loan Repayment,,,"₹ 2,100.00",BRD-RTL
T010464,07/10/2020,F02093,L,EMI,,,"₹ 4,700.00",BRD-RTL
T010465,21/11/2020,F02094,Delivery,Groundnut,3990 kg,"₹ 7,305.00","₹ 2,91,469.50",BRD-RTL
T010466,14/07/2020,F02094,Input Purchase,Seeds,87 kgs,₹ 73.20,"₹ 6,368.40",BRD-RTL
T010467,29/06/2020,F02094,FERT_PURCHASE,PPC,319 kgs,₹ 455.02,"₹ 1,45,151.38",BRD-RTL
T010468,29/06/2020,f02094,I,Bio-pesticide,206 kg,₹ 177.88,"₹ 36,643.28",BRD-RTL
T010469,06/10/2020,F02095,FPO_DELIVERY,mungfali,33.27 q,"₹ 7,785.00","₹ 2,59,006.95",BRD-RTL
T010470,05/10/2020,F02095,Delivery,mungfali,21.36 quintals,"₹ 7,785.00","₹ 1,66,287.60",BRD-RTL
T010471,21/10/2020,F02095,Delivery,GROUNDNUT (Pods),19.80 quintals,"₹ 7,785.00","₹ 1,54,143.00",BRD-RTL
T010472,13/07/2020,F02095,I,Bio-pesticide,213 kgs,₹ 365.73,"₹ 77,900.49",BRD-RTL
T010473,07/10/2020,f02096,DELIVERY,mungfali,0.50 q,"₹ 7,015.00","₹ 3,507.50",BRD-RTL
T010474,22/11/2020,F02096,Delivery,GROUNDNUT (Pods),0.65 t,"₹ 7,015.00","₹ 45,597.50",BRD-RTL
T010475,13/07/2020, F02096 ,INPUT_PURCHASE,Seeds,228 kg,₹ 126.58,"₹ 28,860.24",BRD-RTL
T010476,06/07/2020,F02096,input,PPC,304 kgs,₹ 333.63,"₹ 1,01,423.52",BRD-RTL
T010477,19/06/2020,F02096,loan,Loan Repayment,,,"₹ 5,300.00",BRD-RTL
T010478,13/10/2020,F02097,DELIVERY,Groundnut Pods,33.93 q,"₹ 7,630.00","₹ 2,58,885.90",BRD-RTL
T010479,25/11/2020,F02097,FPO_DELIVERY,Soybean,2066 kg,"₹ 4,785.00","₹ 98,858.10",BRD-RTL
T010480,11/10/2020,F02097,delivery,Soybean (Yellow),110.00 kgs,"₹ 4,785.00","₹ 5,263.50",BRD-RTL
T010481,07/06/2020,F02097,FERT_PURCHASE,Bio-pesticide,106 kgs,₹ 586.32,"₹ 62,149.92",BRD-RTL
T010482,11/07/2020,F02097,I,Urea,309 kgs,₹ 48.44,"₹ 14,967.96",BRD-RTL
T010483,19/06/2020,F02097,FERT_PURCHASE,NPK 10:26:26,35 kgs,₹ 41.60,"₹ 1,456.00",BRD-RTL
T010484,03/11/2020,F02104,Delivery,Groundnut,0.18 quintals,"₹ 7,275.00","₹ 1,309.50",BRD-RTL
T010485,08/11/2020,F02104,Delivery,Groundnut,4.88 quintals,"₹ 7,275.00","₹ 35,502.00",BRD-RTL
T010486,19/08/2020,F02104,LOAN_REPAY,EMI,,,"₹ 5,300.00",BRD-RTL
T010487,09/10/2020,F02104,Loan Repayment,Loan Repayment,,,₹ 800.00,BRD-RTL
T010488,03/11/2020,F02104,Loan Repayment,Loan Repayment,,,"₹ 7,200.00",BRD-RTL
T010489,04/10/2020,F02105,delivery,Groundnut Pods,11.12 quintals,"₹ 7,185.00","₹ 79,897.20",BRD-RTL
T010490,12/06/2020,F02105,INPUT_PURCHASE,Fertilizer,257 kgs,₹ 56.38,"₹ 14,489.66",BRD-RTL
T010491,13/06/2020,F02105,FERT_PURCHASE,Fertilizer,158 kgs,₹ 32.47,"₹ 5,130.26",BRD-RTL
T010492,22/06/2020,f02105,FERT_PURCHASE,DAP,313 kg,₹ 43.27,"₹ 13,543.51",BRD-RTL
T010493,12/09/2020,F02105,loan,Loan Repayment,,,"₹ 5,400.00",BRD-RTL
T010494,30/11/2020,F02106,delivery,Groundnut Pods,823 kg,"₹ 7,275.00","₹ 59,873.25",BRD-RTL
T010495,03/10/2020,F02106,Delivery,mungfali,561.00 kgs,"₹ 7,275.00","₹ 40,812.75",BRD-RTL
T010496,30/10/2020,F02107,Delivery,GROUNDNUT (Pods),1348 kg,"₹ 7,655.00","₹ 1,03,189.40",BRD-RTL
T010497,16/10/2020,F02107,delivery,Groundnut Pods,8.17 q,"₹ 7,655.00","₹ 62,541.35",BRD-RTL
T010498,17/06/2020,f02107,I,DAP,60 kg,₹ 44.48,"₹ 2,668.80",BRD-RTL
T010499,14/07/2020,f02107,Input Purchase,Hybrid Seeds,102 kgs,₹ 107.58,"₹ 10,973.16",BRD-RTL
T010500,17/11/2020,F02108,D,GROUNDNUT (Pods),2646 kg,"₹ 7,490.00","₹ 1,98,185.40",BRD-RTL
T010501,01/06/2020,F02108,Input Purchase,NPK 10:26:26,299 kgs,₹ 49.90,"₹ 14,920.10",BRD-RTL
T010502,01/06/2020,F02108,INPUT_PURCHASE,Urea,67 kg,₹ 54.90,"₹ 3,678.30",BRD-RTL
T010503,07/07/2020,F02108,INPUT_PURCHASE,Hybrid Seeds,138 kg,₹ 68.86,"₹ 9,502.68",BRD-RTL
T010504,21/11/2020,F02111,D,mungfali,11.1 qtl,"₹ 7,280.00","₹ 80,516.80",BRD-RTL
T010505,10/11/2020,F02111,FPO_DELIVERY,Groundnut Pods,860.00 kgs,"₹ 7,280.00","₹ 62,608.00",BRD-RTL
T010506,08/06/2020,F02111,loan,EMI,,,"₹ 3,200.00",BRD-RTL
T010507,15/11/2020,F02115,FPO_DELIVERY,Groundnut,13.38 quintals,"₹ 7,020.00","₹ 93,927.60",BRD-RTL
T010508,03/11/2020,f02115,D,Soybean,5.3 qtl,"₹ 5,115.00","₹ 27,160.65",BRD-RTL
T010509,16/11/2020,F02115,D,Soybean,5.66 quintals,"₹ 5,115.00","₹ 28,950.90",BRD-RTL
T010510,10/07/2020,f02115,INPUT_PURCHASE,Urea,99 kgs,₹ 44.53,"₹ 4,408.47",BRD-RTL
T010511,26/06/2020,F02115,INPUT_PURCHASE,Fertilizer,228 kg,₹ 52.96,"₹ 12,074.88",BRD-RTL
T010512,02/06/2020,F02115,I,Hybrid Seeds,192 kg,₹ 93.91,"₹ 18,030.72",BRD-RTL
T010513,17/10/2020, F02118 ,Delivery,Groundnut Pods,"2,069.00 kgs","₹ 7,185.00","₹ 1,48,657.65",BRD-RTL
T010514,02/10/2020,F02118,D,Groundnut,6.52 quintals,"₹ 7,185.00","₹ 46,846.20",BRD-RTL
T010515,16/11/2020,F02118,Delivery,Soybean,"1,925.00 kgs","₹ 5,180.00","₹ 99,715.00",BRD-RTL
T010516,10/06/2020,F02118,Input Purchase,DAP,266 kg,₹ 31.75,"₹ 8,445.50",BRD-RTL
T010517,15/06/2020,F02118,INPUT_PURCHASE,PP chemicals,96 kgs,₹ 530.93,"₹ 50,969.28",BRD-RTL
T010518,30/10/2020,f02121,DELIVERY,GROUNDNUT (Pods),"1,110.00 kgs","₹ 6,735.00","₹ 74,758.50",BRD-RTL
T010519,04/11/2020,f02121,FPO_DELIVERY,Groundnut,331.00 kgs,"₹ 6,735.00","₹ 22,292.85",BRD-RTL
T010520,13/06/2020,F02121,Input Purchase,SEEDS,269 kgs,₹ 59.18,"₹ 15,919.42",BRD-RTL
T010521,02/07/2020, F02121 ,Input Purchase,FERTILIZER 50kg bag,288 kg,₹ 50.51,"₹ 14,546.88",BRD-RTL
T010522,28/10/2020,F02123,FPO_DELIVERY,Groundnut,14.33 quintals,"₹ 7,865.00","₹ 1,12,705.45",BRD-RTL
T010523,30/06/2020,F02123,INPUT_PURCHASE,FERTILIZER 50kg bag,30 kgs,₹ 39.60,"₹ 1,188.00",BRD-RTL
T010524,13/07/2020,f02123,I,NPK 10:26:26,101 kg,₹ 30.69,"₹ 3,099.69",BRD-RTL
T010525,24/06/2020,F02123,input,Fertilizer,156 kg,₹ 34.52,"₹ 5,385.12",BRD-RTL
T010526,12/06/2020,f02123,INPUT_PURCHASE,SEEDS,118 kg,₹ 93.24,"₹ 11,002.32",BRD-RTL
T010527,04/08/2020,F02123,LOAN_REPAY,Loan Repayment,,,"₹ 2,700.00",BRD-RTL
T010528,06/10/2020,F02124,D,mungfali,297.00 kgs,"₹ 7,990.00","₹ 23,730.30",BRD-RTL
T010529,15/11/2020,F02124,D,mungfali,402 kg,"₹ 7,990.00","₹ 32,119.80",BRD-RTL
T010530,19/10/2020,F02124,D,GROUNDNUT (Pods),130.00 kgs,"₹ 7,990.00","₹ 10,387.00",BRD-RTL
T010531,22/10/2020,F02124,Delivery,Soybean (Yellow),301.00 kgs,"₹ 4,990.00","₹ 15,019.90",BRD-RTL
T010532,29/11/2020,F02124,Delivery,soya,203.00 kgs,"₹ 4,990.00","₹ 10,129.70",BRD-RTL
T010533,19/06/2020,F02124,I,Urea,137 kg,₹ 39.60,"₹ 5,425.20",BRD-RTL
T010534,19/11/2020,F02125,delivery,mungfali,178.00 kgs,"₹ 7,485.00","₹ 13,323.30",BRD-RTL
T010535,21/11/2020, F02125 ,D,GROUNDNUT (Pods),0.97 MT,"₹ 7,485.00","₹ 72,529.65",BRD-RTL
T010536,04/07/2020,F02125,I,Hybrid Seeds,165 kgs,₹ 88.26,"₹ 14,562.90",BRD-RTL
T010537,19/06/2020,F02125,FERT_PURCHASE,Urea,96 kg,₹ 45.57,"₹ 4,374.72",BRD-RTL
T010538,19/06/2020,F02125,I,NPK 10:26:26,147 kg,₹ 42.73,"₹ 6,281.31",BRD-RTL
T010539,27/08/2020,F02125,L,EMI,,,"₹ 2,500.00",BRD-RTL
T010540,15/09/2020,F02125,loan,Loan Repayment,,,"₹ 4,500.00",BRD-RTL
T010541,08/11/2020,F02128,FPO_DELIVERY,mungfali,12.5 qtl,"₹ 7,420.00","₹ 92,898.40",BRD-RTL
T010542,07/10/2020,F02128,Delivery,GROUNDNUT (Pods),1.47 t,"₹ 7,420.00","₹ 1,08,925.60",BRD-RTL
T010543,11/06/2020,F02128,Input Purchase,Urea,210 kgs,₹ 45.14,"₹ 9,479.40",BRD-RTL
T010544,14/06/2020,F02128,INPUT_PURCHASE,Urea,126 kg,₹ 34.95,"₹ 4,403.70",BRD-RTL
T010545,09/07/2020,F02128,FERT_PURCHASE,NPK 10:26:26,168 kgs,₹ 50.62,"₹ 8,504.16",BRD-RTL
T010546,30/10/2020,F02129,D,Groundnut Pods,16.79 q,"₹ 7,730.00","₹ 1,29,786.70",BRD-RTL
T010547,02/11/2020,F02129,D,Groundnut Pods,54 kg,"₹ 7,730.00","₹ 4,174.20",BRD-RTL
T010548,30/06/2020,F02129,INPUT_PURCHASE,DAP,105 kgs,₹ 58.60,"₹ 6,153.00",BRD-RTL
T010549,06/06/2020,F02129,Input Purchase,Seeds,37 kgs,₹ 59.05,"₹ 2,184.85",BRD-RTL
T010550,29/06/2020,F02129,FERT_PURCHASE,SEEDS,311 kg,₹ 109.73,"₹ 34,126.03",BRD-RTL
T010551,21/11/2020,F02132,D,GROUNDNUT (Pods),27.90 q,"₹ 7,385.00","₹ 2,06,041.50",BRD-RTL
T010552,05/11/2020,F02132,DELIVERY,Groundnut Pods,5.18 q,"₹ 7,385.00","₹ 38,254.30",BRD-RTL
T010553,07/06/2020,F02132,I,SEEDS,312 kg,₹ 82.03,"₹ 25,593.36",BRD-RTL
T010554,14/10/2020,F02133,delivery,Groundnut,16.3 qtl,"₹ 7,290.00","₹ 1,18,899.90",BRD-RTL
T010555,16/06/2020,F02133,INPUT_PURCHASE,Seeds,306 kgs,₹ 61.94,"₹ 18,953.64",BRD-RTL
T010556,23/11/2020,f02134,FPO_DELIVERY,Groundnut Pods,14.4 qtl,"₹ 7,005.00","₹ 1,00,731.90",BRD-RTL
T010557,20/11/2020,F02134,D,Soybean,302.00 kgs,"₹ 5,255.00","₹ 15,870.10",BRD-RTL
T010558,14/10/2020,f02134,Delivery,soya,748 kg,"₹ 5,255.00","₹ 39,307.40",BRD-RTL
T010559,03/10/2020,F02134,delivery,Soybean (Yellow),127.00 kgs,"₹ 5,255.00","₹ 6,673.85",BRD-RTL
T010560,07/07/2020,F02134,input,Urea,29 kgs,₹ 29.53,₹ 856.37,BRD-RTL
T010561,11/06/2020,F02134,LOAN_REPAY,EMI,,,"₹ 4,200.00",BRD-RTL
T010562,04/07/2020,F02134,L,Loan Repayment,,,"₹ 7,200.00",BRD-RTL
T010563,29/09/2020,F02134,Loan Repayment,Loan Repayment,,,"₹ 4,900.00",BRD-RTL
T010564,24/11/2020,F02137,DELIVERY,GROUNDNUT (Pods),13.54 quintals,"₹ 7,405.00","₹ 1,00,263.70",BRD-RTL
T010565,16/10/2020,F02137,FPO_DELIVERY,Groundnut Pods,1.02 t,"₹ 7,405.00","₹ 75,456.95",BRD-RTL
T010566,27/11/2020,f02138,FPO_DELIVERY,Groundnut Pods,9.70 q,"₹ 7,375.00","₹ 71,537.50",BRD-RTL
T010567,15/06/2020,F02138,FERT_PURCHASE,FERTILIZER 50kg bag,277 kgs,₹ 39.79,"₹ 11,021.83",BRD-RTL
T010568,09/06/2020,F02138,LOAN_REPAY,EMI,,,"₹ 6,900.00",BRD-RTL
T010569,28/11/2020,F02139,DELIVERY,Groundnut Pods,38.78 q,"₹ 7,460.00","₹ 2,89,298.80",BRD-RTL
T010570,07/07/2020,F02139,I,Fertilizer,168 kgs,₹ 53.43,"₹ 8,976.24",BRD-RTL
T010571,08/06/2020,F02139,I,Bio-pesticide,204 kg,₹ 612.80,"₹ 1,25,011.20",BRD-RTL
T010572,23/11/2020,F02141,delivery,Groundnut,1.27 MT,"₹ 8,085.00","₹ 1,02,436.95",BRD-RTL
T010573,19/10/2020,F02141,Delivery,Soybean,0.43 quintals,"₹ 4,775.00","₹ 2,053.25",BRD-RTL
T010574,25/11/2020,F02141,DELIVERY,Soybean (Yellow),936 kg,"₹ 4,775.00","₹ 44,694.00",BRD-RTL
T010575,24/06/2020,F02141,I,DAP,130 kgs,₹ 52.37,"₹ 6,808.10",BRD-RTL
T010576,05/07/2020,f02141,FERT_PURCHASE,Fertilizer,279 kgs,₹ 49.23,"₹ 13,735.17",BRD-RTL
T010577,03/06/2020,F02141,I,SEEDS,319 kg,₹ 70.17,"₹ 22,384.23",BRD-RTL
T010578,11/10/2020,F02144,D,Groundnut Pods,591 kg,"₹ 7,350.00","₹ 43,438.50",BRD-RTL
T010579,02/10/2020, F02144 ,DELIVERY,Groundnut Pods,14.43 q,"₹ 7,350.00","₹ 1,06,060.50",BRD-RTL
T010580,28/10/2020,F02144,Delivery,SOYABEAN,15.58 q,"₹ 4,980.00","₹ 77,588.40",BRD-RTL
T010581,15/07/2020,F02144,I,Bio-pesticide,249 kgs,₹ 369.61,"₹ 92,032.89",BRD-RTL
T010582,28/10/2020,F02145,Delivery,GROUNDNUT (Pods),4120 kg,"₹ 7,410.00","₹ 3,05,292.00",BRD-RTL
T010583,03/11/2020,F02146,FPO_DELIVERY,Groundnut Pods,1605 kg,"₹ 7,430.00","₹ 1,19,251.50",BRD-RTL
T010584,10/06/2020,F02146,input,Bio-pesticide,283 kgs,₹ 617.80,"₹ 1,74,837.40",BRD-RTL
T010585,10/11/2020,F02147,DELIVERY,Groundnut,21.8 qtl,"₹ 6,935.00","₹ 1,51,321.70",BRD-RTL
T010586,25/10/2020,f02147,Delivery,GROUNDNUT (Pods),3.2 qtl,"₹ 6,935.00","₹ 21,983.95",BRD-RTL
T010587,12/06/2020,F02147,Input Purchase,Bio-pesticide,309 kg,₹ 398.62,"₹ 1,23,173.58",BRD-RTL
T010588,04/06/2020,f02147,FERT_PURCHASE,SEEDS,299 kg,₹ 105.48,"₹ 31,538.52",BRD-RTL
T010589,13/11/2020, F02149 ,delivery,Groundnut,22.32 quintals,"₹ 7,565.00","₹ 1,68,850.80",BRD-RTL
T010590,03/07/2020,F02149,input,DAP,173 kg,₹ 57.90,"₹ 10,016.70",BRD-RTL
T010591,14/06/2020,F02149,INPUT_PURCHASE,Urea,231 kgs,₹ 37.42,"₹ 8,644.02",BRD-RTL
T010592,29/07/2020,f02149,LOAN_REPAY,EMI,,,"₹ 3,000.00",BRD-RTL
T010593,20/10/2020,F02151,D,Groundnut Pods,8 kg,"₹ 7,335.00",₹ 586.80,BRD-RTL
T010594,28/11/2020,F02151,delivery,Groundnut,18.55 quintals,"₹ 7,335.00","₹ 1,36,064.25",BRD-RTL
T010595,28/06/2020,F02151,FERT_PURCHASE,Seeds,135 kg,₹ 74.24,"₹ 10,022.40",BRD-RTL
T010596,14/11/2020,F02152,DELIVERY,GROUNDNUT (Pods),82 kg,"₹ 7,275.00","₹ 5,965.50",BRD-RTL
T010597,07/10/2020,f02152,delivery,Groundnut Pods,452 kg,"₹ 7,275.00","₹ 32,883.00",BRD-RTL
T010598,08/10/2020,F02153,D,mungfali,433 kg,"₹ 7,195.00","₹ 31,154.35",BRD-RTL
T010599,22/10/2020,F02153,FPO_DELIVERY,GROUNDNUT (Pods),1.82 MT,"₹ 7,195.00","₹ 1,30,805.10",BRD-RTL
T010600,08/06/2020,f02153,I,NPK 10:26:26,267 kg,₹ 46.65,"₹ 12,455.55",BRD-RTL
T010601,03/10/2020,F02154,delivery,mungfali,0.1 qtl,"₹ 7,185.00",₹ 502.95,BRD-RTL
T010602,09/10/2020,F02154,Delivery,mungfali,20.09 q,"₹ 7,185.00","₹ 1,44,346.65",BRD-RTL
T010603,12/10/2020,F02154,Delivery,GROUNDNUT (Pods),8.66 quintals,"₹ 7,185.00","₹ 62,222.10",BRD-RTL
T010604,17/09/2020,F02154,Loan Repayment,EMI,,,"₹ 1,100.00",BRD-RTL
T010605,10/08/2020,F02154,L,EMI,,,"₹ 5,100.00",BRD-RTL
T010606,32/01/2022,F02156,DELIVERY,Groundnut,11.19 q,"₹ 7,810.00","₹ 87,393.90",BRD-RTL
T010607,16/10/2020,F02156,FPO_DELIVERY,GROUNDNUT (Pods),9.08 quintals,"₹ 7,810.00","₹ 70,914.80",BRD-RTL
T010608,06/06/2020,F02156,Input Purchase,DAP,194 kgs,₹ 42.55,"₹ 8,254.70",BRD-RTL
T010609,16/06/2020,F02156,FERT_PURCHASE,Seeds,122 kg,₹ 54.94,"₹ 6,702.68",BRD-RTL
T010610,30/06/2020,F02156,input,NPK 10:26:26,231 kgs,₹ 30.79,"₹ 7,112.49",BRD-RTL
T010611,15/10/2020,F02157,D,Groundnut,2462 kg,"₹ 6,780.00","₹ 1,66,923.60",BRD-RTL
T010612,18/06/2020,f02157,I,PPC,180 kgs,₹ 589.73,"₹ 1,06,151.40",BRD-RTL
T010613,24/06/2020,F02157,input,NPK 10:26:26,253 kgs,₹ 43.44,"₹ 10,990.32",BRD-RTL
T010614,24/11/2020,F02158,FPO_DELIVERY,mungfali,39.28 quintals,"₹ 6,755.00","₹ 2,65,336.40",BRD-RTL
T010615,04/10/2020,F02158,FPO_DELIVERY,mungfali,0.3 qtl,"₹ 6,755.00","₹ 2,161.60",BRD-RTL
T010616,07/06/2020,F02158,INPUT_PURCHASE,Bio-pesticide,253 kg,₹ 387.33,"₹ 97,994.49",BRD-RTL
T010617,01/06/2020,F02158,I,DAP,239 kg,₹ 46.31,"₹ 11,068.09",BRD-RTL
T010618,20/10/2020,F02158,L,EMI,,,"₹ 7,100.00",BRD-RTL
T010619,30/10/2020,F02160,D,Groundnut Pods,8.48 quintals,"₹ 7,820.00","₹ 66,313.60",BRD-RTL
T010620,03/10/2020,F02160,delivery,soya,4.6 qtl,"₹ 4,970.00","₹ 22,862.00",BRD-RTL
T010621,28/11/2020,F02160,Delivery,soya,1.38 q,"₹ 4,970.00","₹ 6,858.60",BRD-RTL
T010622,02/07/2020,F02160,Input Purchase,FERTILIZER 50kg bag,234 kgs,₹ 50.82,"₹ 11,891.88",BRD-RTL
T010623,03/07/2020,F02160,INPUT_PURCHASE,FERTILIZER 50kg bag,184 kgs,₹ 57.16,"₹ 10,517.44",BRD-RTL
T010624,22/10/2020,F02161,D,Groundnut,3.53 MT,"₹ 7,255.00","₹ 2,55,956.40",BRD-RTL
T010625,11/10/2020,F02161,Delivery,Groundnut,2174 kg,"₹ 7,255.00","₹ 1,57,723.70",BRD-RTL
T010626,12/07/2020,F02161,Input Purchase,PPC,,₹ 342.55,"₹ 62,001.55",BRD-RTL
T010627,28/06/2020,F02161,input,SEEDS,173 kgs,₹ 100.98,"₹ 17,469.54",BRD-RTL
T010628,28/10/2020,F02162,D,Groundnut,6.3 qtl,"₹ 6,860.00","₹ 43,355.20",BRD-RTL
T010629,16/10/2020,F02162,DELIVERY,GROUNDNUT (Pods),292.00 kgs,"₹ 6,860.00","₹ 20,031.20",BRD-RTL
T010630,15/11/2020,F02162,FPO_DELIVERY,SOYABEAN,4.8 qtl,"₹ 4,945.00","₹ 23,933.80",BRD-RTL
T010631,06/10/2020,F02162,DELIVERY,SOYABEAN,178 kg,"₹ 4,945.00","₹ 8,802.10",BRD-RTL
T010632,10/06/2020,F02162,I,DAP,302 kgs,₹ 34.33,"₹ 10,367.66",BRD-RTL
T010633,15/07/2020,F02162,Input Purchase,Bio-pesticide,224 kgs,₹ 548.53,"₹ 1,22,870.72",BRD-RTL
T010634,23/11/2020,f02163,Delivery,mungfali,0.31 MT,"₹ 7,475.00","₹ 23,172.50",BRD-RTL
T010635,07/10/2020,F02163,DELIVERY,Groundnut Pods,0.90 t,"₹ 7,475.00","₹ 67,050.75",BRD-RTL
T010636,09/10/2020,F02163,Delivery,Soybean (Yellow),3.2 qtl,"₹ 4,860.00","₹ 15,649.20",BRD-RTL
T010637,16/11/2020,F02163,Delivery,Soybean (Yellow),784.00 kgs,"₹ 4,860.00","₹ 38,102.40",BRD-RTL
T010638,30/06/2020,F02163,Input Purchase,Fertilizer,240 kg,₹ 57.92,"₹ 13,900.80",BRD-RTL
T010639,15/07/2020,F02163,input,Hybrid Seeds,283 kgs,₹ 122.37,"₹ 34,630.71",BRD-RTL
T010640,09/10/2020,F02166,DELIVERY,Groundnut Pods,517.00 kgs,"₹ 7,145.00","₹ 36,939.65",BRD-RTL
T010641,26/10/2020,F02166,loan,EMI,,,"₹ 6,400.00",BRD-RTL
T010642,25/10/2020,F02168,Delivery,GROUNDNUT (Pods),53.9 qtl,"₹ 7,920.00","₹ 4,26,571.20",BRD-RTL
T010643,21/11/2020,F02168,L,EMI,,,"₹ 6,600.00",BRD-RTL
T010644,18/10/2020,F02168,Loan Repayment,Loan Repayment,,,"₹ 6,900.00",BRD-RTL
T010645,06/11/2020, F02174 ,delivery,mungfali,994.00 kgs,"₹ 8,105.00","₹ 80,563.70",BRD-RTL
T010646,16/06/2020,F02174,input,Fertilizer,149 kg,₹ 47.53,"₹ 7,081.97",BRD-RTL
T010647,04/10/2020,F02178,D,Groundnut,2990 kg,"₹ 7,325.00","₹ 2,19,017.50",BRD-RTL
T010648,27/06/2020,F02178,input,DAP,99 kgs,₹ 53.67,"₹ 5,313.33",BRD-RTL
T010649,02/06/2020,F02178,LOAN_REPAY,Loan Repayment,,,"₹ 3,200.00",BRD-RTL
T010650,19/10/2020,F02179,Delivery,GROUNDNUT (Pods),12.3 qtl,"₹ 7,295.00","₹ 89,582.60",BRD-RTL
T010651,16/06/2020,F02179,I,Urea,302 kg,₹ 59.26,"₹ 17,896.52",BRD-RTL
T010652,30/10/2020,F02180,Delivery,Groundnut Pods,1.77 quintals,"₹ 7,410.00","₹ 13,115.70",BRD-RTL
T010653,14/10/2020,F02180,Delivery,Groundnut Pods,10.9 qtl,"₹ 7,410.00","₹ 80,694.90",BRD-RTL
T010654,14/07/2020,f02180,INPUT_PURCHASE,NPK 10:26:26,232 kgs,₹ 42.85,"₹ 9,941.20",BRD-RTL
T010655,08/06/2020,F02180,INPUT_PURCHASE,DAP,42 kg,₹ 36.72,"₹ 1,542.24",BRD-RTL
T010656,02/07/2020,F02180,FERT_PURCHASE,SEEDS,215 kgs,₹ 89.59,"₹ 19,261.85",BRD-RTL
T010657,13/11/2020,F02181,FPO_DELIVERY,Groundnut,"1,738.00 kgs","₹ 7,370.00","₹ 1,28,090.60",BRD-RTL
T010658,12/11/2020,F02181,Delivery,soya,1442 kg,"₹ 4,720.00","₹ 68,062.40",BRD-RTL
T010659,01/06/2020,F02181,Input Purchase,DAP,32 kgs,₹ 43.78,"₹ 1,400.96",BRD-RTL
T010660,14/07/2020,F02181,I,NPK 10:26:26,182 kg,₹ 35.09,"₹ 6,386.38",BRD-RTL
T010661,30/10/2020,F02184,FPO_DELIVERY,GROUNDNUT (Pods),11.99 quintals,"₹ 7,665.00","₹ 91,903.35",BRD-RTL
T010662,09/11/2020,F02184,FPO_DELIVERY,Groundnut Pods,14.11 q,"₹ 7,665.00","₹ 1,08,153.15",BRD-RTL
T010663,19/11/2020,F02184,FPO_DELIVERY,Soybean (Yellow),8.26 quintals,"₹ 5,130.00","₹ 42,373.80",BRD-RTL
T010664,07/11/2020,F02184,delivery,Soybean (Yellow),1.43 t,"₹ 5,130.00","₹ 73,153.80",BRD-RTL
T010665,05/07/2020,F02184,INPUT_PURCHASE,DAP,97 kg,₹ 31.63,"₹ 3,068.11",BRD-RTL
T010666,24/11/2020,F02185,Delivery,mungfali,7.42 quintals,"₹ 7,770.00","₹ 57,653.40",BRD-RTL
T010667,27/11/2020,F02185,D,mungfali,15.00 quintals,"₹ 7,770.00","₹ 1,16,550.00",BRD-RTL
T010668,03/07/2020,F02185,input,NPK 10:26:26,181 kg,₹ 49.15,"₹ 8,896.15",BRD-RTL
T010669,12/11/2020,F02186,FPO_DELIVERY,Groundnut Pods,496 kg,"₹ 7,135.00","₹ 35,389.60",BRD-RTL
T010670,24/11/2020,F02186,FPO_DELIVERY,mungfali,60 kg,"₹ 7,135.00","₹ 4,281.00",BRD-RTL
T010671,15/06/2020,F02186,INPUT_PURCHASE,FERTILIZER 50kg bag,58 kg,₹ 49.11,"₹ 2,848.38",BRD-RTL
T010672,08/11/2020,F02187,D,GROUNDNUT (Pods),1528 kg,"₹ 7,775.00","₹ 1,18,802.00",BRD-RTL
T010673,29/10/2020,f02187,delivery,mungfali,266 kg,"₹ 7,775.00","₹ 20,681.50",BRD-RTL
T010674,03/10/2020,F02189,Delivery,Groundnut Pods,9.8 qtl,"₹ 7,985.00","₹ 78,013.45",BRD-RTL
T010675,12/10/2020,F02189,Delivery,Groundnut Pods,11.7 qtl,"₹ 7,985.00","₹ 93,025.25",BRD-RTL
T010676,03/06/2020, F02189 ,INPUT_PURCHASE,Hybrid Seeds,41 kg,₹ 120.76,"₹ 4,951.16",BRD-RTL
T010677,12/11/2020,F02191,DELIVERY,GROUNDNUT (Pods),6.90 q,"₹ 7,465.00","₹ 51,508.50",BRD-RTL
T010678,15/10/2020,F02191,Delivery,GROUNDNUT (Pods),"1,144.00 kgs","₹ 7,465.00","₹ 85,399.60",BRD-RTL
T010679,19/10/2020,f02191,FPO_DELIVERY,Soybean,807.00 kgs,"₹ 4,735.00","₹ 38,211.45",BRD-RTL
T010680,30/10/2020,F02191,D,Soybean (Yellow),391.00 kgs,"₹ 4,735.00","₹ 18,513.85",BRD-RTL
T010681,01/11/2020,F02191,Delivery,soya,0.91 q,"₹ 4,735.00","₹ 4,308.85",BRD-RTL
T010682,19/06/2020,F02191,I,NPK 10:26:26,294 kg,₹ 36.45,"₹ 10,716.30",BRD-RTL
T010683,25/06/2020,f02191,Input Purchase,Urea,205 kg,₹ 47.18,"₹ 9,671.90",BRD-RTL
T010684,08/07/2020,F02191,I,Fertilizer,33 kg,₹ 49.13,"₹ 1,621.29",BRD-RTL
T010685,30/06/2020,f02191,FERT_PURCHASE,Urea,290 kgs,₹ 54.55,"₹ 15,819.50",BRD-RTL
T010686,13/07/2020,F02191,Loan Repayment,Loan Repayment,,,"₹ 5,700.00",BRD-RTL
T010687,16/11/2020,F02191,loan,EMI,,,"₹ 4,800.00",BRD-RTL
T010688,11/11/2020, F02193 ,delivery,Groundnut Pods,1.18 t,"₹ 7,545.00","₹ 88,880.10",BRD-RTL
T010689,28/10/2020,F02193,delivery,mungfali,218.00 kgs,"₹ 7,545.00","₹ 16,448.10",BRD-RTL
T010690,12/11/2020,f02194,Delivery,Groundnut Pods,17.6 qtl,"₹ 7,645.00","₹ 1,34,704.90",BRD-RTL
T010691,26/06/2020,f02194,I,NPK 10:26:26,96 kgs,₹ 44.58,"₹ 4,279.68",BRD-RTL
T010692,15/07/2020,f02194,FERT_PURCHASE,Hybrid Seeds,141 kgs,₹ 49.62,"₹ 6,996.42",BRD-RTL
T010693,11/06/2020,F02194,FERT_PURCHASE,Fertilizer,40 kg,₹ 49.09,"₹ 1,963.60",BRD-RTL
T010694,07/07/2020,F02194,Loan Repayment,EMI,,,"₹ 5,300.00",BRD-RTL
T010695,14/10/2020,F02195,FPO_DELIVERY,mungfali,887 kg,"₹ 7,250.00","₹ 64,307.50",BRD-RTL
T010696,09/11/2020, F02195 ,DELIVERY,mungfali,875.00 kgs,"₹ 7,250.00","₹ 63,437.50",BRD-RTL
T010697,30/06/2020,F02195,Input Purchase,FERTILIZER 50kg bag,86 kg,₹ 48.13,"₹ 4,139.18",BRD-RTL
T010698,13/06/2020,F02195,INPUT_PURCHASE,Seeds,270 kg,₹ 72.45,"₹ 19,561.50",BRD-RTL
T010699,18/09/2020,F02195,LOAN_REPAY,EMI,,,"₹ 3,800.00",BRD-RTL
T010700,17/10/2020,F02196,delivery,GROUNDNUT (Pods),24.00 quintals,"₹ 7,900.00","₹ 1,89,600.00",BRD-RTL
T010701,15/10/2020,f02196,FPO_DELIVERY,mungfali,0.20 t,"₹ 7,900.00","₹ 15,405.00",BRD-RTL
T010702,06/07/2020,f02196,I,NPK 10:26:26,136 kg,₹ 57.28,"₹ 7,790.08",BRD-RTL
T010703,10/07/2020,F02196,Input Purchase,DAP,89 kgs,₹ 32.86,"₹ 2,924.54",BRD-RTL
T010704,28/10/2020,F02200,Delivery,GROUNDNUT (Pods),4319 kg,"₹ 7,010.00","₹ 3,02,761.90",BRD-RTL
T010705,14/06/2020,F02200,I,SEEDS,233 kg,₹ 75.25,"₹ 17,533.25",BRD-RTL
T010706,07/10/2020,f02201,D,Groundnut,26.7 qtl,"₹ 7,240.00","₹ 1,93,308.00",BRD-RTL
T010707,28/10/2020,F02201,DELIVERY,soya,1143 kg,"₹ 5,040.00","₹ 57,607.20",BRD-RTL
T010708,24/10/2020,f02201,delivery,Soybean,9.20 q,"₹ 5,040.00","₹ 46,368.00",BRD-RTL
T010709,19/06/2020,f02201,FERT_PURCHASE,PP chemicals,116 kg,₹ 187.78,"₹ 21,782.48",BRD-RTL
T010710,26/06/2020,F02201,INPUT_PURCHASE,Hybrid Seeds,229 kgs,₹ 103.38,"₹ 23,674.02",BRD-RTL
T010711,09/11/2020,F02202,Delivery,GROUNDNUT (Pods),"3,874.00 kgs","₹ 7,355.00","₹ 2,84,932.70",BRD-RTL
T010712,17/06/2020,F02202,input,DAP,120 kgs,₹ 51.31,"₹ 6,157.20",BRD-RTL
T010713,04/06/2020,f02202,input,Urea,256 kg,₹ 39.15,"₹ 10,022.40",BRD-RTL
T010714,25/06/2020,F02202,input,DAP,244 kg,₹ 49.41,"₹ 12,056.04",BRD-RTL
T010715,08/06/2020,F02202,I,NPK 10:26:26,79 kgs,₹ 40.23,"₹ 3,178.17",BRD-RTL
T010716,21/07/2020,f02202,Loan Repayment,EMI,,,"₹ 6,600.00",BRD-RTL
T010717,05/08/2020,F02202,LOAN_REPAY,Loan Repayment,,,"₹ 2,900.00",BRD-RTL
T010718,09/11/2020,F02202,Loan Repayment,Loan Repayment,,,"₹ 5,600.00",BRD-RTL
T010719,19/07/2020,F02202,loan,EMI,,,₹ 800.00,BRD-RTL
T010720,31/07/2020,F02202,LOAN_REPAY,Loan Repayment,,,"₹ 2,600.00",BRD-RTL
T010721,09/11/2020,F02207,DELIVERY,GROUNDNUT (Pods),0.39 q,"₹ 7,695.00","₹ 3,001.05",BRD-RTL
T010722,13/11/2020,F02207,Delivery,Groundnut Pods,867.00 kgs,"₹ 7,695.00","₹ 66,715.65",BRD-RTL
T010723,24/10/2020,F02207,D,mungfali,12.66 q,"₹ 7,695.00","₹ 97,418.70",BRD-RTL
T010724,07/07/2020,F02207,INPUT_PURCHASE,Urea,196 kgs,₹ 54.75,"₹ 10,731.00",BRD-RTL
T010725,02/07/2020,F02207,INPUT_PURCHASE,Fertilizer,147 kgs,₹ 43.17,"₹ 6,345.99",BRD-RTL
T010726,11/11/2020,f02208,FPO_DELIVERY,Groundnut Pods,666.00 kgs,"₹ 7,740.00","₹ 51,548.40",BRD-RTL
T010727,01/10/2020,F02208,FPO_DELIVERY,mungfali,1.04 q,"₹ 7,740.00","₹ 8,049.60",BRD-RTL
T010728,09/06/2020,f02208,INPUT_PURCHASE,Bio-pesticide,69 kgs,₹ 264.99,"₹ 18,284.31",BRD-RTL
T010729,03/07/2020,F02208,FERT_PURCHASE,SEEDS,114 kgs,₹ 124.35,"₹ 14,175.90",BRD-RTL
T010730,13/11/2020,F02208,loan,Loan Repayment,,,"₹ 7,200.00",BRD-RTL
T010731,20/10/2020,F02209,DELIVERY,Groundnut Pods,2495 kg,"₹ 7,435.00","₹ 1,85,503.25",BRD-RTL
T010732,13/10/2020,F02209,FPO_DELIVERY,Groundnut Pods,"1,398.00 kgs","₹ 7,435.00","₹ 1,03,941.30",BRD-RTL
T010733,03/06/2020,F02209,FERT_PURCHASE,DAP,159 kgs,₹ 33.65,"₹ 5,350.35",BRD-RTL
T010734,26/06/2020,F02209,FERT_PURCHASE,Urea,192 kg,₹ 33.68,"₹ 6,466.56",BRD-RTL
T010735,08/07/2020,F02209,I,SEEDS,290 kgs,₹ 127.51,"₹ 36,977.90",BRD-RTL
T010736,09/11/2020,F02210,delivery,Groundnut Pods,"1,717.00 kgs","₹ 7,835.00","₹ 1,34,526.95",BRD-RTL
T010737,20/11/2020,F02210,delivery,Groundnut Pods,2.75 q,"₹ 7,835.00","₹ 21,546.25",BRD-RTL
T010738,13/07/2020,F02210,INPUT_PURCHASE,Bio-pesticide,81 kgs,₹ 574.76,"₹ 46,555.56",BRD-RTL
T010739,11/06/2020,F02210,INPUT_PURCHASE,Hybrid Seeds,249 kg,₹ 66.16,"₹ 16,473.84",BRD-RTL
T010740,02/07/2020, F02210 ,Input Purchase,NPK 10:26:26,318 kgs,₹ 38.58,"₹ 12,268.44",BRD-RTL
T010741,07/11/2020, F02210 ,Loan Repayment,EMI,,,"₹ 4,600.00",BRD-RTL
T010742,10/10/2020,F02211,Delivery,Groundnut Pods,273 kg,"₹ 7,635.00","₹ 20,843.55",BRD-RTL
T010743,20/11/2020,F02211,D,Groundnut,5.93 q,"₹ 7,635.00","₹ 45,275.55",BRD-RTL
T010744,17/06/2020,F02211,INPUT_PURCHASE,Urea,134 kgs,₹ 30.68,"₹ 4,111.12",BRD-RTL
T010745,21/06/2020,F02211,INPUT_PURCHASE,NPK 10:26:26,66 kg,₹ 45.65,"₹ 3,012.90",BRD-RTL
T010746,12/06/2020,F02211,FERT_PURCHASE,Urea,197 kg,₹ 40.05,"₹ 7,889.85",BRD-RTL
T010747,14/07/2020,F02211,I,DAP,142 kg,₹ 41.52,"₹ 5,895.84",BRD-RTL
T010748,08/08/2020,F02211,LOAN_REPAY,EMI,,,"₹ 1,700.00",BRD-RTL
T010749,13/10/2020,F02217,delivery,mungfali,3.15 t,"₹ 7,275.00","₹ 2,28,944.25",BRD-RTL
T010750,19/11/2020,F02218,D,GROUNDNUT (Pods),0.64 t,"₹ 7,990.00","₹ 51,455.60",BRD-RTL
T010751,09/11/2020,F02218,Delivery,Groundnut,394 kg,"₹ 7,990.00","₹ 31,480.60",BRD-RTL
T010752,10/07/2020,F02218,Input Purchase,NPK 10:26:26,220 kgs,₹ 51.92,"₹ 11,422.40",BRD-RTL
T010753,18/06/2020,F02218,INPUT_PURCHASE,SEEDS,232 kgs,₹ 96.39,"₹ 22,362.48",BRD-RTL
T010754,18/06/2020,F02218,INPUT_PURCHASE,Fertilizer,199 kgs,₹ 59.03,"₹ 11,746.97",BRD-RTL
T010835,15/11/2020,F02251,delivery,mungfali,5.19 q,"₹ 8,595.00","₹ 44,608.05",BRD-RTL
T010836,18/11/2020,F02251,FPO_DELIVERY,Groundnut Pods,12.5 qtl,"₹ 8,595.00","₹ 1,07,093.70",BRD-RTL
T010849,11/10/2020,F02257,DELIVERY,Groundnut,368.00 kgs,"₹ 7,490.00","₹ 27,563.20",BRD-RTL
T010850,14/10/2020,F02257,delivery,GROUNDNUT (Pods),2068 kg,"₹ 7,490.00","₹ 1,54,893.20",BRD-RTL
T010851,05/06/2020,F02257,input,Bio-pesticide,113 kg,₹ 170.09,"₹ 19,220.17",BRD-RTL
T010852,16/06/2020,F02257,Input Purchase,FERTILIZER 50kg bag,151 kgs,₹ 48.71,"₹ 7,355.21",BRD-RTL
T010853,27/06/2020,F02257,input,Urea,275 kg,₹ 32.23,"₹ 8,863.25",BRD-RTL
T010854,13/06/2020,f02257,INPUT_PURCHASE,Fertilizer,262 kgs,₹ 31.80,"₹ 8,331.60",BRD-RTL
T010871,22/11/2020,F02265,FPO_DELIVERY,GROUNDNUT (Pods),0.01 t,"₹ 7,615.00",₹ 837.65,BRD-RTL
T010872,25/10/2020,F02265,FPO_DELIVERY,mungfali,42.00 kgs,"₹ 7,615.00","₹ 3,198.30",BRD-RTL
T010873,12/11/2020,F02265,D,Groundnut Pods,725.00 kgs,"₹ 7,615.00","₹ 55,208.75",BRD-RTL
T010874,07/11/2020,F02265,L,Loan Repayment,,,"₹ 1,200.00",BRD-RTL
T010875,30/06/2020,F02265,LOAN_REPAY,EMI,,,"₹ 3,100.00",BRD-RTL
T010876,16/11/2020,F02265,loan,Loan Repayment,,,"₹ 5,700.00",BRD-RTL
T010889,21/11/2020,F02272,DELIVERY,GROUNDNUT (Pods),1.71 t,"₹ 7,405.00","₹ 1,26,329.30",BRD-RTL
T010890,25/11/2020,F02272,DELIVERY,mungfali,9.35 q,"₹ 7,405.00","₹ 69,236.75",BRD-RTL
T010891,15/07/2020,F02272,input,Fertilizer,155 kg,₹ 59.45,"₹ 9,214.75",BRD-RTL
T010892,07/06/2020,F02272,L,Loan Repayment,,,"₹ 1,000.00",BRD-RTL
T010893,21/09/2020,F02272,Loan Repayment,EMI,,,"₹ 3,700.00",BRD-RTL
T010894,26/06/2020,F02272,loan,EMI,,,"₹ 4,200.00",BRD-RTL
T010989,25/10/2020,f02308,FPO_DELIVERY,GROUNDNUT (Pods),10.33 quintals,"₹ 7,390.00","₹ 76,338.70",BRD-RTL
T010990,21/10/2020,f02308,DELIVERY,GROUNDNUT (Pods),7.81 quintals,"₹ 7,390.00","₹ 57,715.90",BRD-RTL
T010991,05/06/2020,F02308,INPUT_PURCHASE,FERTILIZER 50kg bag,148 kg,₹ 54.13,"₹ 8,011.24",BRD-RTL
T010992,08/07/2020,F02308,I,PPC,299 kgs,₹ 626.27,"₹ 1,87,254.73",BRD-RTL
T011011,25/11/2020,F02316,DELIVERY,Groundnut,12.9 qtl,"₹ 7,640.00","₹ 98,403.20",BRD-RTL
T011012,18/06/2020,f02316,Input Purchase,NPK 10:26:26,221 kgs,₹ 50.18,"₹ 11,089.78",BRD-RTL
T011013,03/07/2020,F02316,input,Urea,298 kgs,₹ 48.44,"₹ 14,435.12",BRD-RTL
T011014,28/07/2020, F02316 ,loan,Loan Repayment,,,₹ 900.00,BRD-RTL
T011027,28/10/2020,F02321,D,Groundnut Pods,807 kg,"₹ 7,505.00","₹ 60,565.35",BRD-RTL
T011061,13/11/2020,F02331,Delivery,GROUNDNUT (Pods),2.23 quintals,"₹ 7,505.00","₹ 16,736.15",BRD-RTL
T011062,09/10/2020,f02331,delivery,GROUNDNUT (Pods),356.00 kgs,"₹ 7,505.00","₹ 26,717.80",BRD-RTL
T011063,19/06/2020,F02331,INPUT_PURCHASE,Seeds,279 kg,₹ 94.72,"₹ 26,426.88",BRD-RTL
T011064,29/11/2020,F02331,Loan Repayment,Loan Repayment,,,"₹ 2,000.00",BRD-RTL
T011065,05/10/2020,F02332,FPO_DELIVERY,GROUNDNUT (Pods),13.75 quintals,"₹ 7,515.00","₹ 1,03,331.25",BRD-RTL
T011066,12/06/2020,F02332,INPUT_PURCHASE,Fertilizer,301 kg,₹ 44.20,"₹ 13,304.20",BRD-RTL
T011074,19/11/2020,F02335,FPO_DELIVERY,GROUNDNUT (Pods),0.21 t,"₹ 7,190.00","₹ 15,314.70",BRD-RTL
T011075,09/11/2020,F02335,FPO_DELIVERY,Groundnut Pods,386 kg,"₹ 7,190.00","₹ 27,753.40",BRD-RTL
T011076,02/10/2020,F02335,LOAN_REPAY,Loan Repayment,,,"₹ 2,400.00",BRD-RTL
T011077,11/09/2020,F02335,L,EMI,,,"₹ 5,000.00",BRD-RTL
T011078,03/09/2020,F02335,loan,Loan Repayment,,,"₹ 7,000.00",BRD-RTL
T013210,10/04/2021,F02064,DELIVERY,MUSTARD,1759 kg,"₹ 6,250.00","₹ 1,09,937.50",BRD-RTL
T013211,08/03/2021,F02064,DELIVERY,Sarson,6.3 qtl,"₹ 6,250.00","₹ 39,437.50",BRD-RTL
T013212,07/05/2021,F02064,Delivery,Sarson,5.58 quintals,"₹ 6,250.00","₹ 34,875.00",BRD-RTL
T013213,06/12/2020, F02064 ,I,Hybrid Seeds,280 kgs,₹ 103.76,"₹ 29,052.80",BRD-RTL
T013214,22/04/2021,F02065,delivery,Sarson,2.85 quintals,"₹ 5,900.00","₹ 16,815.00",BRD-RTL
T013215,24/03/2021,F02065,D,mustard (Yellow),42.28 q,"₹ 5,900.00","₹ 2,49,452.00",BRD-RTL
T013216,18/12/2020,F02065,FERT_PURCHASE,PP chemicals,258 kg,₹ 221.52,"₹ 57,152.16",BRD-RTL
T013217,17/03/2021,F02066,FPO_DELIVERY,mustard (Yellow),769.00 kgs,"₹ 6,225.00","₹ 47,870.25",BRD-RTL
T013218,28/04/2021,F02066,Delivery,MUSTARD,0.8 qtl,"₹ 6,225.00","₹ 5,166.75",BRD-RTL
T013219,15/05/2021,f02067,D,mustard (Yellow),1.15 t,"₹ 6,215.00","₹ 71,410.35",BRD-RTL
T013220,17/03/2021,F02067,delivery,Gram,855.00 kgs,"₹ 6,070.00","₹ 51,898.50",BRD-RTL
T013221,27/03/2021,F02067,delivery,GRAM (Chana),309 kg,"₹ 6,070.00","₹ 18,756.30",BRD-RTL
T013222,10/12/2020,F02067,input,DAP,59 kgs,₹ 54.29,"₹ 3,203.11",BRD-RTL
T013223,28/03/2021,F02068,Delivery,Mustard,1040 kg,"₹ 6,050.00","₹ 62,920.00",BRD-RTL
T013224,07/12/2020,F02068,Loan Repayment,Loan Repayment,,,"₹ 6,300.00",BRD-RTL
T013225,31/12/2020,F02068,LOAN_REPAY,Loan Repayment,,,"₹ 3,900.00",BRD-RTL
T013226,15/05/2021,F02069,Delivery,mustard (Yellow),9.96 q,"₹ 6,220.00","₹ 61,951.20",BRD-RTL
T013227,07/05/2021,F02069,DELIVERY,Yellow Mustard,18.67 quintals,"₹ 6,220.00","₹ 1,16,127.40",BRD-RTL
T013228,04/05/2021,F02069,FPO_DELIVERY,Bengal Gram,1766 kg,"₹ 6,005.00","₹ 1,06,048.30",BRD-RTL
T013229,06/03/2021,f02069,FPO_DELIVERY,chana,1191 kg,"₹ 6,005.00","₹ 71,519.55",BRD-RTL
T013230,12/01/2021,F02069,FERT_PURCHASE,Bio-pesticide,45 kg,₹ 502.13,"₹ 22,595.85",BRD-RTL
T013231,10/12/2020,F02069,FERT_PURCHASE,Seeds,132 kgs,₹ 45.00,"₹ 5,940.00",BRD-RTL
T013232,31/12/2020,F02069,INPUT_PURCHASE,Urea,271 kgs,₹ 38.59,"₹ 10,457.89",BRD-RTL
T013233,08/12/2020,f02069,INPUT_PURCHASE,SEEDS,54 kg,₹ 71.62,"₹ 3,867.48",BRD-RTL
T013234,13/03/2021,f02070,delivery,Sarson,1.31 t,"₹ 6,370.00","₹ 83,574.40",BRD-RTL
T013235,25/04/2021, F02072 ,FPO_DELIVERY,mustard (Yellow),2.25 q,"₹ 6,210.00","₹ 13,972.50",BRD-RTL
T013236,15/04/2021,f02072,FPO_DELIVERY,Yellow Mustard,9.62 quintals,"₹ 6,210.00","₹ 59,740.20",BRD-RTL
T013237,12/03/2021,F02072,delivery,Sarson,"4,345.00 kgs","₹ 6,210.00","₹ 2,69,824.50",BRD-RTL
T013238,11/12/2020,F02072,input,SEEDS,276 kg,₹ 45.57,"₹ 12,577.32",BRD-RTL
T013239,05/03/2021,F02073,DELIVERY,MUSTARD,876 kg,"₹ 6,105.00","₹ 53,479.80",BRD-RTL
T013240,30/03/2021,F02073,DELIVERY,Gram,3.68 quintals,"₹ 6,220.00","₹ 22,889.60",BRD-RTL
T013241,27/03/2021,F02073,FPO_DELIVERY,GRAM (Chana),0.31 MT,"₹ 6,220.00","₹ 19,344.20",BRD-RTL
T013242,04/04/2021,F02073,DELIVERY,Gram,1.59 q,"₹ 6,220.00","₹ 9,889.80",BRD-RTL
T013243,30/12/2020,F02073,input,DAP,92 kg,₹ 50.88,"₹ 4,680.96",BRD-RTL
T013244,23/12/2020,F02073,I,Bio-pesticide,124 kgs,₹ 165.12,"₹ 20,474.88",BRD-RTL
T013245,14/03/2021,F02076,delivery,mustard (Yellow),"1,927.00 kgs","₹ 6,695.00","₹ 1,29,012.65",BRD-RTL
T013246,09/12/2020,f02076,Input Purchase,SEEDS,308 kgs,₹ 121.33,"₹ 37,369.64",BRD-RTL
T013247,17/12/2020,F02076,INPUT_PURCHASE,Seeds,113 kg,₹ 60.83,"₹ 6,873.79",BRD-RTL
T013248,30/12/2020,F02076,Input Purchase,Seeds,122 kgs,₹ 76.85,"₹ 9,375.70",BRD-RTL
T013249,08/12/2020,F02076,input,Hybrid Seeds,166 kgs,₹ 113.58,"₹ 18,854.28",BRD-RTL
T013250,08/05/2021,f02079,DELIVERY,Mustard,7.6 qtl,"₹ 6,000.00","₹ 45,420.00",BRD-RTL
T013251,30/04/2021,F02079,DELIVERY,MUSTARD,2.22 quintals,"₹ 6,000.00","₹ 13,320.00",BRD-RTL
T013252,09/01/2021,f02079,Input Purchase,PP chemicals,36 kgs,₹ 275.21,"₹ 9,907.56",BRD-RTL
T013253,07/05/2021,F02080,FPO_DELIVERY,Sarson,0.20 t,"₹ 5,815.00","₹ 11,513.70",BRD-RTL
T013254,30/03/2021,F02080,Delivery,Sarson,5.48 quintals,"₹ 5,815.00","₹ 31,866.20",BRD-RTL
T013255,22/03/2021,F02080,FPO_DELIVERY,Mustard,0.23 quintals,"₹ 5,815.00","₹ 1,337.45",BRD-RTL
T013256,31/12/2020, F02080 ,input,Fertilizer,112 kgs,₹ 43.83,"₹ 4,908.96",BRD-RTL
T013257,10/01/2021,f02080,INPUT_PURCHASE,Bio-pesticide,275 kgs,₹ 457.64,"₹ 1,25,851.00",BRD-RTL
T013258,13/12/2020, F02080 ,I,FERTILIZER 50kg bag,160 kg,₹ 45.66,"₹ 7,305.60",BRD-RTL
T013259,02/04/2021,f02081,DELIVERY,Mustard,6.61 quintals,"₹ 6,545.00","₹ 43,262.45",BRD-RTL
T013260,08/01/2021,F02081,I,Urea,254 kgs,₹ 51.70,"₹ 13,131.80",BRD-RTL
T013261,18/12/2020,F02081,I,Urea,262 kgs,₹ 36.35,"₹ 9,523.70",BRD-RTL
T013262,31/03/2021,F02081,L,Loan Repayment,,,₹ 900.00,BRD-RTL
T013263,13/05/2021,F02082,D,mustard (Yellow),269 kg,"₹ 6,315.00","₹ 16,987.35",BRD-RTL
T013264,07/05/2021,F02082,D,MUSTARD,816.00 kgs,"₹ 6,315.00","₹ 51,530.40",BRD-RTL
T013265,05/12/2020,F02082,FERT_PURCHASE,Fertilizer,84 kgs,₹ 52.41,"₹ 4,402.44",BRD-RTL
T013266,24/03/2021,F02083,Delivery,MUSTARD,18.17 q,"₹ 5,940.00","₹ 1,07,929.80",BRD-RTL
T013267,13/01/2021,F02083,input,PP chemicals,177 kgs,₹ 317.98,"₹ 56,282.46",BRD-RTL
T013268,09/01/2021,F02083,I,NPK 10:26:26,190 kgs,₹ 51.94,"₹ 9,868.60",BRD-RTL
T013269,27/04/2021,f02085,Delivery,Sarson,13.8 qtl,"₹ 6,040.00","₹ 83,170.80",BRD-RTL
T013270,30/04/2021,F02085,FPO_DELIVERY,Yellow Mustard,10.5 qtl,"₹ 6,040.00","₹ 63,480.40",BRD-RTL
T013271,24/03/2021,F02085,D,MUSTARD,0.04 MT,"₹ 6,040.00","₹ 2,416.00",BRD-RTL
T013272,04/01/2021,F02085,Input Purchase,NPK 10:26:26,97 kgs,₹ 36.54,"₹ 3,544.38",BRD-RTL
T013273,22/03/2021,F02086,D,MUSTARD,554 kg,"₹ 6,225.00","₹ 34,486.50",BRD-RTL
T013274,14/12/2020,F02086,input,NPK 10:26:26,85 kg,₹ 28.92,"₹ 2,458.20",BRD-RTL
T013275,03/01/2021,F02086,Input Purchase,Fertilizer,131 kg,₹ 49.80,"₹ 6,523.80",BRD-RTL
T013276,03/04/2021,F02088,D,Sarson,1567 kg,"₹ 6,210.00","₹ 97,310.70",BRD-RTL
T013277,03/05/2021,F02088,DELIVERY,MUSTARD,0.6 qtl,"₹ 6,210.00","₹ 3,601.80",BRD-RTL
T013278,09/01/2021,F02088,INPUT_PURCHASE,DAP,141 kg,₹ 59.20,"₹ 8,347.20",BRD-RTL
T013279,20/03/2021,F02090,D,Mustard,456 kg,"₹ 6,025.00","₹ 27,474.00",BRD-RTL
T013280,02/03/2021,F02090,Delivery,Mustard,0.97 q,"₹ 6,025.00","₹ 5,844.25",BRD-RTL
T013281,13/04/2021,F02090,DELIVERY,Sarson,626 kg,"₹ 6,025.00","₹ 37,716.50",BRD-RTL
T013282,06/12/2020,F02090,INPUT_PURCHASE,FERTILIZER 50kg bag,208 kg,₹ 34.40,"₹ 7,155.20",BRD-RTL
T013283,11/01/2021,F02090,FERT_PURCHASE,DAP,27 kgs,₹ 56.41,"₹ 1,523.07",BRD-RTL
T013284,13/12/2020,F02090,Input Purchase,Fertilizer,147 kgs,₹ 41.23,"₹ 6,060.81",BRD-RTL
T013285,08/01/2021,F02090,I,Hybrid Seeds,74 kg,₹ 69.63,"₹ 5,152.62",BRD-RTL
T013286,09/12/2020,F02090,FERT_PURCHASE,Fertilizer,113 kg,₹ 55.26,"₹ 6,244.38",BRD-RTL
T013287,13/04/2021,F02091,FPO_DELIVERY,Sarson,828 kg,"₹ 6,580.00","₹ 54,482.40",BRD-RTL
T013288,02/03/2021,,DELIVERY,Sarson,1386 kg,"₹ 6,580.00","₹ 91,198.80",BRD-RTL
T013289,08/05/2021,F02091,Delivery,GRAM (Chana),4.18 q,"₹ 5,865.00","₹ 24,515.70",BRD-RTL
T013290,22/03/2021,F02091,D,chana,13.0 qtl,"₹ 5,865.00","₹ 76,069.05",BRD-RTL
T013291,09/12/2020,F02091,I,Fertilizer,297 kgs,₹ 39.58,"₹ 11,755.26",BRD-RTL
T013292,07/05/2021,F02092,Delivery,MUSTARD,13.7 qtl,"₹ 6,200.00","₹ 85,188.00",BRD-RTL
T013293,09/12/2020,F02092,I,Seeds,152 kg,₹ 71.80,"₹ 10,913.60",BRD-RTL
T013294,05/05/2021,F02093,Delivery,Sarson,311 kg,"₹ 6,170.00","₹ 19,188.70",BRD-RTL
T013295,14/04/2021,F02093,FPO_DELIVERY,Yellow Mustard,515.00 kgs,"₹ 6,170.00","₹ 31,775.50",BRD-RTL
T013296,04/05/2021,F02093,D,Gram,673.00 kgs,"₹ 6,080.00","₹ 40,918.40",BRD-RTL
T013297,28/05/2021,F02093,LOAN_REPAY,EMI,,,"₹ 7,600.00",BRD-RTL
T013298,04/04/2021,F02095,D,Yellow Mustard,"5,322.00 kgs","₹ 5,955.00","₹ 3,16,925.10",BRD-RTL
T013299,16/12/2020,F02095,input,PP chemicals,174 kg,₹ 570.19,"₹ 99,213.06",BRD-RTL
T013300,30/03/2021,F02096,DELIVERY,Yellow Mustard,451.00 kgs,"₹ 6,395.00","₹ 28,841.45",BRD-RTL
T013301,18/04/2021,F02096,Loan Repayment,EMI,,,"₹ 3,000.00",BRD-RTL
T013302,15/05/2021,F02097,Delivery,MUSTARD,2345 kg,"₹ 6,245.00","₹ 1,46,445.25",BRD-RTL
T013303,11/01/2021,F02097,input,PP chemicals,41 kgs,₹ 160.87,"₹ 6,595.67",BRD-RTL
T013304,15/01/2021,F02097,I,NPK 10:26:26,26 kg,₹ 53.26,"₹ 1,384.76",BRD-RTL
T013305,05/01/2021,F02097,I,NPK 10:26:26,300 kgs,₹ 30.57,"₹ 9,171.00",BRD-RTL
T013306,29/12/2020,f02097,I,NPK 10:26:26,72 kgs,₹ 47.43,"₹ 3,414.96",BRD-RTL
T013307,04/12/2020,f02097,FERT_PURCHASE,DAP,75 kg,₹ 30.31,"₹ 2,273.25",BRD-RTL
T013308,18/04/2021,F02104,Delivery,Yellow Mustard,1.95 quintals,"₹ 6,165.00","₹ 12,021.75",BRD-RTL
T013309,08/05/2021,F02104,FPO_DELIVERY,Yellow Mustard,280 kg,"₹ 6,165.00","₹ 17,262.00",BRD-RTL
T013310,21/12/2020,F02104,Input Purchase,Fertilizer,90 kgs,₹ 53.38,"₹ 4,804.20",BRD-RTL
T013311,15/05/2021,F02104,Loan Repayment,EMI,,,₹ 900.00,BRD-RTL
T013312,03/05/2021,F02105,Delivery,Mustard,2.08 q,"₹ 6,810.00","₹ 14,164.80",BRD-RTL
T013313,19/04/2021,F02105,D,MUSTARD,1.40 quintals,"₹ 6,810.00","₹ 9,534.00",BRD-RTL
T013314,05/04/2021,F02105,D,Yellow Mustard,422.00 kgs,"₹ 6,810.00","₹ 28,738.20",BRD-RTL
T013315,12/01/2021,F02105,INPUT_PURCHASE,Bio-pesticide,139 kg,₹ 316.42,"₹ 43,982.38",BRD-RTL
T013316,28/02/2021,f02105,L,Loan Repayment,,,"₹ 2,000.00",BRD-RTL
T013317,17/03/2021,f02105,LOAN_REPAY,Loan Repayment,,,"₹ 2,400.00",BRD-RTL
T013318,13/05/2021, F02105 ,Loan Repayment,EMI,,,"₹ 7,200.00",BRD-RTL
T013319,09/05/2021,F02106,delivery,MUSTARD,1049 kg,"₹ 6,355.00","₹ 66,663.95",BRD-RTL
T013320,24/04/2021,f02106,FPO_DELIVERY,Yellow Mustard,0.89 quintals,"₹ 6,355.00","₹ 5,655.95",BRD-RTL
T013321,28/04/2021,F02107,Delivery,Mustard,0.9 qtl,"₹ 6,005.00","₹ 5,584.65",BRD-RTL
T013322,17/04/2021,F02107,FPO_DELIVERY,MUSTARD,1142 kg,"₹ 6,005.00","₹ 68,577.10",BRD-RTL
T013323,15/04/2021,F02107,DELIVERY,Bengal Gram,1097 kg,"₹ 5,755.00","₹ 63,132.35",BRD-RTL
T013324,14/01/2021,f02107,FERT_PURCHASE,SEEDS,127 kgs,₹ 116.46,"₹ 14,790.42",BRD-RTL
T013325,22/12/2020,F02107,INPUT_PURCHASE,Bio-pesticide,273 kgs,₹ 246.49,"₹ 67,291.77",BRD-RTL
T013326,04/04/2021,F02108,FPO_DELIVERY,mustard (Yellow),1.74 t,"₹ 6,530.00","₹ 1,13,883.20",BRD-RTL
T013327,17/03/2021,F02115,DELIVERY,Mustard,502 kg,"₹ 6,055.00","₹ 30,396.10",BRD-RTL
T013328,04/05/2021,F02115,D,MUSTARD,5.3 qtl,"₹ 6,055.00","₹ 32,152.05",BRD-RTL
T013329,08/02/2021,F02115,Loan Repayment,Loan Repayment,,,"₹ 7,200.00",BRD-RTL
T013330,05/05/2021,F02118,delivery,Sarson,763.00 kgs,"₹ 6,030.00","₹ 46,008.90",BRD-RTL
T013331,16/03/2021,F02118,Delivery,Gram,599 kg,"₹ 5,595.00","₹ 33,514.05",BRD-RTL
T013332,20/12/2020,f02118,INPUT_PURCHASE,Seeds,103 kg,₹ 127.00,"₹ 13,081.00",BRD-RTL
T013333,15/03/2021,F02121,Delivery,Sarson,0.08 MT,"₹ 6,475.00","₹ 4,985.75",BRD-RTL
T013334,19/04/2021,F02121,delivery,Mustard,"1,023.00 kgs","₹ 6,475.00","₹ 66,239.25",BRD-RTL
T013335,04/01/2021,F02121,Input Purchase,Seeds,174 kgs,₹ 119.02,"₹ 20,709.48",BRD-RTL
T013336,17/12/2020, F02121 ,Input Purchase,Hybrid Seeds,121 kgs,₹ 91.07,"₹ 11,019.47",BRD-RTL
T013337,08/03/2021,F02123,FPO_DELIVERY,Mustard,596 kg,"₹ 6,740.00","₹ 40,170.40",BRD-RTL
T013338,02/04/2021,F02123,DELIVERY,MUSTARD,6.25 q,"₹ 6,740.00","₹ 42,125.00",BRD-RTL
T013339,27/12/2020,F02123,INPUT_PURCHASE,Fertilizer,33 kg,₹ 38.71,"₹ 1,277.43",BRD-RTL
T013340,25/12/2020,F02123,Input Purchase,SEEDS,56 kgs,₹ 95.32,"₹ 5,337.92",BRD-RTL
T013341,11/01/2021,F02123,Input Purchase,FERTILIZER 50kg bag,301 kgs,₹ 47.39,"₹ 14,264.39",BRD-RTL
T013342,31/05/2021,F02123,L,EMI,,,"₹ 2,200.00",BRD-RTL
T013343,26/02/2021,F02123,L,Loan Repayment,,,"₹ 1,900.00",BRD-RTL
T013344,02/03/2021,f02125,delivery,Yellow Mustard,0.10 t,"₹ 6,160.00","₹ 5,852.00",BRD-RTL
T013345,30/04/2021,f02125,Delivery,Yellow Mustard,534.00 kgs,"₹ 6,160.00","₹ 32,894.40",BRD-RTL
T013346,22/12/2020,F02125,input,Fertilizer,181 kgs,₹ 35.30,"₹ 6,389.30",BRD-RTL
T013347,24/12/2020,f02125,INPUT_PURCHASE,Bio-pesticide,183 kg,₹ 634.28,"₹ 1,16,073.24",BRD-RTL
T013348,22/04/2021,F02128,Delivery,Sarson,1.95 t,"₹ 6,305.00","₹ 1,22,821.40",BRD-RTL
T013349,24/12/2020,f02128,I,Hybrid Seeds,56 kgs,₹ 76.80,"₹ 4,300.80",BRD-RTL
T013350,11/04/2021,F02129,FPO_DELIVERY,MUSTARD,16.0 qtl,"₹ 6,405.00","₹ 1,02,351.90",BRD-RTL
T013351,06/03/2021,F02129,delivery,chana,13.70 quintals,"₹ 5,730.00","₹ 78,501.00",BRD-RTL
T013352,09/04/2021,F02133,delivery,mustard (Yellow),3.05 quintals,"₹ 6,085.00","₹ 18,559.25",BRD-RTL
T013353,16/04/2021,F02133,D,Sarson,998.00 kgs,"₹ 6,085.00","₹ 60,728.30",BRD-RTL
T013354,05/03/2021,F02133,D,GRAM (Chana),1.01 MT,"₹ 6,070.00","₹ 61,307.00",BRD-RTL
T013355,01/12/2020,f02133,INPUT_PURCHASE,Urea,183 kg,₹ 28.90,"₹ 5,288.70",BRD-RTL
T013356,14/12/2020,F02133,Input Purchase,SEEDS,226 kgs,₹ 88.20,"₹ 19,933.20",BRD-RTL
T013357,28/04/2021, F02134 ,FPO_DELIVERY,Yellow Mustard,9.6 qtl,"₹ 5,885.00","₹ 56,437.15",BRD-RTL
T013358,18/04/2021,F02134,FPO_DELIVERY,Sarson,111.00 kgs,"₹ 5,885.00","₹ 6,532.35",BRD-RTL
T013359,15/12/2020,f02134,FERT_PURCHASE,NPK 10:26:26,131 kgs,₹ 44.65,"₹ 5,849.15",BRD-RTL
T013360,15/04/2021,F02137,D,Yellow Mustard,19.5 qtl,"₹ 6,150.00","₹ 1,19,679.00",BRD-RTL
T013361,13/12/2020,F02137,input,Urea,192 kgs,₹ 39.59,"₹ 7,601.28",BRD-RTL
T013362,03/02/2021,F02137,loan,Loan Repayment,,,"₹ 1,800.00",BRD-RTL
T013363,10/04/2021,F02138,delivery,Mustard,248 kg,"₹ 6,205.00","₹ 15,388.40",BRD-RTL
T013364,28/04/2021,F02138,DELIVERY,Yellow Mustard,319.00 kgs,"₹ 6,205.00","₹ 19,793.95",BRD-RTL
T013365,22/03/2021,F02138,delivery,GRAM (Chana),517 kg,"₹ 5,945.00","₹ 30,735.65",BRD-RTL
T013366,31/01/2021,F02138,loan,Loan Repayment,,,"₹ 3,600.00",BRD-RTL
T013367,01/03/2021,F02138,LOAN_REPAY,EMI,,,"₹ 5,600.00",BRD-RTL
T013368,27/03/2021,F02139,Delivery,MUSTARD,15.88 quintals,"₹ 6,210.00","₹ 98,614.80",BRD-RTL
T013369,23/03/2021,F02139,Delivery,Mustard,15.08 quintals,"₹ 6,210.00","₹ 93,646.80",BRD-RTL
T013370,25/12/2020,F02139,INPUT_PURCHASE,Bio-pesticide,76 kg,₹ 300.05,"₹ 22,803.80",BRD-RTL
T013371,07/05/2021,F02141,D,mustard (Yellow),7.85 quintals,"₹ 5,960.00","₹ 46,786.00",BRD-RTL
T013372,09/04/2021,F02141,delivery,GRAM (Chana),5.55 quintals,"₹ 6,395.00","₹ 35,492.25",BRD-RTL
T013373,30/04/2021,F02141,D,GRAM (Chana),2.0 qtl,"₹ 6,395.00","₹ 12,534.20",BRD-RTL
T013374,26/12/2020,F02141,I,NPK 10:26:26,243 kgs,₹ 34.22,"₹ 8,315.46",BRD-RTL
T013375,15/12/2020,F02141,input,Seeds,36 kg,₹ 65.60,"₹ 2,361.60",BRD-RTL
T013376,13/05/2021,F02141,Loan Repayment,EMI,,,"₹ 4,900.00",BRD-RTL
T013377,02/03/2021,F02141,Loan Repayment,Loan Repayment,,,"₹ 7,100.00",BRD-RTL
T013378,03/05/2021,F02144,Delivery,Sarson,8.2 qtl,"₹ 6,410.00","₹ 52,690.20",BRD-RTL
T013379,28/04/2021,F02144,D,Sarson,566.00 kgs,"₹ 6,410.00","₹ 36,280.60",BRD-RTL
T013380,04/01/2021,F02144,I,DAP,245 kg,₹ 35.81,"₹ 8,773.45",BRD-RTL
T013381,07/05/2021,F02145,D,mustard (Yellow),"2,446.00 kgs","₹ 6,250.00","₹ 1,52,875.00",BRD-RTL
T013382,26/03/2021,F02145,DELIVERY,Mustard,1.18 quintals,"₹ 6,250.00","₹ 7,375.00",BRD-RTL
T013383,17/12/2020,f02145,FERT_PURCHASE,Urea,140 kg,₹ 36.00,"₹ 5,040.00",BRD-RTL
T013384,02/01/2021,F02145,FERT_PURCHASE,Hybrid Seeds,107 kg,₹ 52.11,"₹ 5,575.77",BRD-RTL
T013385,10/04/2021,F02146,D,Mustard,1297 kg,"₹ 6,545.00","₹ 84,888.65",BRD-RTL
T013386,03/01/2021, F02146 ,I,Fertilizer,289 kgs,₹ 51.99,"₹ 15,025.11",BRD-RTL
T013387,03/01/2021, F02146 ,I,NPK 10:26:26,317 kg,₹ 33.91,"₹ 10,749.47",BRD-RTL
T013388,22/03/2021,F02147,D,Mustard,16.15 q,"₹ 5,905.00","₹ 95,365.75",BRD-RTL
T013389,05/04/2021,F02147,Delivery,GRAM (Chana),4.19 quintals,"₹ 5,800.00","₹ 24,302.00",BRD-RTL
T013390,26/03/2021,F02147,delivery,GRAM (Chana),12.11 quintals,"₹ 5,800.00","₹ 70,238.00",BRD-RTL
T013391,03/03/2021,f02149,FPO_DELIVERY,Yellow Mustard,451.00 kgs,"₹ 6,130.00","₹ 27,646.30",BRD-RTL
T013392,10/04/2021,F02149,Delivery,Yellow Mustard,1.16 MT,"₹ 6,130.00","₹ 70,985.40",BRD-RTL
T013393,14/03/2021,F02149,Delivery,MUSTARD,398.00 kgs,"₹ 6,130.00","₹ 24,397.40",BRD-RTL
T013394,23/04/2021,F02149,delivery,Gram,14.00 quintals,"₹ 6,025.00","₹ 84,350.00",BRD-RTL
T013395,26/04/2021,F02149,Delivery,GRAM (Chana),0.25 t,"₹ 6,025.00","₹ 14,761.25",BRD-RTL
T013396,09/12/2020,F02149,input,Urea,101 kg,₹ 31.64,"₹ 3,195.64",BRD-RTL
T013397,10/12/2020,F02149,loan,Loan Repayment,,,"₹ 7,400.00",BRD-RTL
T013398,10/04/2021,F02151,DELIVERY,mustard (Yellow),12.3 qtl,"₹ 6,300.00","₹ 77,742.00",BRD-RTL
T013399,28/04/2021, F02151 ,D,MUSTARD,154 kg,"₹ 6,300.00","₹ 9,702.00",BRD-RTL
T013400,18/12/2020,F02151,FERT_PURCHASE,Hybrid Seeds,112 kgs,₹ 64.95,"₹ 7,274.40",BRD-RTL
T013401,07/04/2021,F02151,L,Loan Repayment,,,"₹ 4,200.00",BRD-RTL
T013402,30/05/2021,F02151,loan,EMI,,,"₹ 2,200.00",BRD-RTL
T013403,11/03/2021,F02153,DELIVERY,MUSTARD,13.92 q,"₹ 5,580.00","₹ 77,673.60",BRD-RTL
T013404,11/03/2021,F02153,Delivery,Sarson,7.05 quintals,"₹ 5,580.00","₹ 39,339.00",BRD-RTL
T013405,23/12/2020,F02153,I,SEEDS,301 kgs,₹ 90.74,"₹ 27,312.74",BRD-RTL
T013406,06/03/2021,F02154,D,Yellow Mustard,0.73 t,"₹ 6,155.00","₹ 44,746.85",BRD-RTL
T013407,05/03/2021,F02154,D,Yellow Mustard,9.84 q,"₹ 6,155.00","₹ 60,565.20",BRD-RTL
T013408,07/05/2021,F02154,LOAN_REPAY,EMI,,,"₹ 3,100.00",BRD-RTL
T013409,19/03/2021,F02156,Delivery,MUSTARD,1426 kg,"₹ 6,265.00","₹ 89,338.90",BRD-RTL
T013410,29/04/2021,F02157,Delivery,Sarson,11 kg,"₹ 6,175.00",₹ 679.25,BRD-RTL
T013411,18/04/2021,F02157,D,mustard (Yellow),1.45 t,"₹ 6,175.00","₹ 89,290.50",BRD-RTL
T013412,24/12/2020,F02157,FERT_PURCHASE,FERTILIZER 50kg bag,210 kg,₹ 47.01,"₹ 9,872.10",BRD-RTL
T013413,16/03/2021,F02157,L,Loan Repayment,,,"₹ 2,600.00",BRD-RTL
T013414,26/01/2021,F02157,LOAN_REPAY,EMI,,,₹ 800.00,BRD-RTL
T013415,07/01/2021,f02157,L,EMI,,,"₹ 1,500.00",BRD-RTL
T013416,10/04/2021,F02158,DELIVERY,MUSTARD,1.6 qtl,"₹ 5,995.00","₹ 9,651.95",BRD-RTL
T013417,24/04/2021,F02158,D,Mustard,28.47 quintals,"₹ 5,995.00","₹ 1,70,677.65",BRD-RTL
T013418,08/12/2020,F02158,INPUT_PURCHASE,DAP,290 kgs,₹ 40.08,"₹ 11,623.20",BRD-RTL
T013419,07/04/2021,F02158,LOAN_REPAY,Loan Repayment,,,"₹ 4,300.00",BRD-RTL
T013420,14/04/2021,F02161,delivery,Yellow Mustard,47.0 qtl,"₹ 6,135.00","₹ 2,88,345.00",BRD-RTL
T013421,08/01/2021,F02161,INPUT_PURCHASE,SEEDS,278 kgs,₹ 49.43,"₹ 13,741.54",BRD-RTL
T013422,15/12/2020,f02161,Input Purchase,Urea,29 kgs,₹ 39.98,"₹ 1,159.42",BRD-RTL
T013423,05/05/2021,F02162,DELIVERY,Yellow Mustard,211.00 kgs,"₹ 5,930.00","₹ 12,512.30",BRD-RTL
T013424,02/03/2021, F02162 ,DELIVERY,Yellow Mustard,421.00 kgs,"₹ 5,930.00","₹ 24,965.30",BRD-RTL
T013425,10/04/2021,f02162,DELIVERY,chana,577.00 kgs,"₹ 5,875.00","₹ 33,898.75",BRD-RTL
T013426,31/03/2021,F02162,DELIVERY,Bengal Gram,0.02 t,"₹ 5,875.00","₹ 1,057.50",BRD-RTL
T013427,08/12/2020,F02162,input,FERTILIZER 50kg bag,30 kgs,₹ 59.26,"₹ 1,777.80",BRD-RTL
T013428,07/05/2021,F02163,D,MUSTARD,8.94 quintals,"₹ 6,185.00","₹ 55,293.90",BRD-RTL
T013429,04/01/2021,F02163,Input Purchase,Seeds,151 kgs,₹ 77.31,"₹ 11,673.81",BRD-RTL
T013430,16/04/2021,F02163,LOAN_REPAY,Loan Repayment,,,"₹ 3,900.00",BRD-RTL
T013431,11/05/2021,f02168,DELIVERY,Yellow Mustard,"4,346.00 kgs","₹ 6,340.00","₹ 2,75,536.40",BRD-RTL
T013432,03/04/2021,F02168,DELIVERY,Gram,1904 kg,"₹ 6,215.00","₹ 1,18,333.60",BRD-RTL
T013433,30/04/2021,F02168,D,GRAM (Chana),"1,348.00 kgs","₹ 6,215.00","₹ 83,778.20",BRD-RTL
T013434,10/01/2021,F02168,I,FERTILIZER 50kg bag,238 kg,₹ 55.34,"₹ 13,170.92",BRD-RTL
T013435,19/12/2020,F02168,Input Purchase,NPK 10:26:26,88 kgs,₹ 56.21,"₹ 4,946.48",BRD-RTL
T013436,06/01/2021,f02168,I,PPC,293 kg,₹ 510.36,"₹ 1,49,535.48",BRD-RTL
T013437,08/03/2021,F02174,delivery,Sarson,440.00 kgs,"₹ 6,590.00","₹ 28,996.00",BRD-RTL
T013438,07/05/2021, F02174 ,DELIVERY,Mustard,224.00 kgs,"₹ 6,590.00","₹ 14,761.60",BRD-RTL
T013439,15/12/2020,F02174,INPUT_PURCHASE,Fertilizer,137 kg,₹ 29.42,"₹ 4,030.54",BRD-RTL
T013440,06/12/2020,F02174,FERT_PURCHASE,SEEDS,281 kg,₹ 117.63,"₹ 33,054.03",BRD-RTL
T013441,09/12/2020,F02174,FERT_PURCHASE,Hybrid Seeds,297 kgs,₹ 75.20,"₹ 22,334.40",BRD-RTL
T013442,08/03/2021,F02178,FPO_DELIVERY,Sarson,536.00 kgs,"₹ 6,120.00","₹ 32,803.20",BRD-RTL
T013443,21/04/2021,F02178,FPO_DELIVERY,Yellow Mustard,18.3 qtl,"₹ 6,120.00","₹ 1,11,873.60",BRD-RTL
T013444,03/12/2020,F02178,FERT_PURCHASE,Fertilizer,229 kgs,₹ 45.80,"₹ 10,488.20",BRD-RTL
T013445,16/12/2020,F02178,INPUT_PURCHASE,DAP,189 kgs,₹ 59.68,"₹ 11,279.52",BRD-RTL
T013446,06/01/2021,F02178,Input Purchase,Bio-pesticide,70 kgs,₹ 490.05,"₹ 34,303.50",BRD-RTL
T013447,04/01/2021,F02178,input,Fertilizer,179 kg,₹ 47.81,"₹ 8,557.99",BRD-RTL
T013448,23/01/2021,f02178,L,EMI,,,"₹ 1,800.00",BRD-RTL
T013449,11/05/2021,F02178,Loan Repayment,Loan Repayment,,,"₹ 5,600.00",BRD-RTL
T013450,31/01/2021,F02178,Loan Repayment,Loan Repayment,,,"₹ 7,900.00",BRD-RTL
T013451,32/01/2022,F02179,D,Sarson,1151 kg,"₹ 6,210.00","₹ 71,477.10",BRD-RTL
T013452,02/01/2021,f02179,INPUT_PURCHASE,Fertilizer,277 kg,₹ 55.50,"₹ 15,373.50",BRD-RTL
T013453,21/04/2021,f02180,DELIVERY,Mustard,"1,062.00 kgs","₹ 5,800.00","₹ 61,596.00",BRD-RTL
T013454,03/03/2021,F02180,DELIVERY,chana,5.6 qtl,"₹ 5,560.00","₹ 31,358.40",BRD-RTL
T013455,02/05/2021,f02180,FPO_DELIVERY,GRAM (Chana),326.00 kgs,"₹ 5,560.00","₹ 18,125.60",BRD-RTL
T013456,09/12/2020,F02180,INPUT_PURCHASE,SEEDS,164 kg,₹ 94.32,"₹ 15,468.48",BRD-RTL
T013457,06/01/2021,f02180,I,Seeds,183 kgs,₹ 64.31,"₹ 11,768.73",BRD-RTL
T013458,12/01/2021,F02180,input,SEEDS,103 kg,₹ 83.17,"₹ 8,566.51",BRD-RTL
T013459,16/03/2021,f02181,FPO_DELIVERY,Sarson,506 kg,"₹ 6,375.00","₹ 32,257.50",BRD-RTL
T013460,13/04/2021,F02181,D,mustard (Yellow),6.0 qtl,"₹ 6,375.00","₹ 38,505.00",BRD-RTL
T013461,18/12/2020,F02181,FERT_PURCHASE,PPC,110 kg,₹ 652.46,"₹ 71,770.60",BRD-RTL
T013462,02/12/2020,F02181,input,FERTILIZER 50kg bag,188 kgs,₹ 37.67,"₹ 7,081.96",BRD-RTL
T013463,24/12/2020,F02181,FERT_PURCHASE,NPK 10:26:26,295 kgs,₹ 29.20,"₹ 8,614.00",BRD-RTL
T013464,13/04/2021,F02184,Delivery,Mustard,18.4 qtl,"₹ 6,070.00","₹ 1,11,384.50",BRD-RTL
T013465,16/12/2020,F02184,FERT_PURCHASE,DAP,142 kgs,₹ 39.96,"₹ 5,674.32",BRD-RTL
T013466,24/01/2021,F02184,L,Loan Repayment,,,"₹ 4,400.00",BRD-RTL
T013467,03/02/2021,F02184,L,Loan Repayment,,,"₹ 3,600.00",BRD-RTL
T013468,29/04/2021,F02184,Loan Repayment,Loan Repayment,,,"₹ 3,200.00",BRD-RTL
T013469,12/03/2021,F02185,DELIVERY,Sarson,"1,449.00 kgs","₹ 6,350.00","₹ 92,011.50",BRD-RTL
T013470,25/12/2020, F02185 ,INPUT_PURCHASE,Fertilizer,299 kgs,₹ 29.95,"₹ 8,955.05",BRD-RTL
T013471,10/12/2020,F02185,input,Bio-pesticide,89 kgs,₹ 642.98,"₹ 57,225.22",BRD-RTL
T013472,04/12/2020,f02185,FERT_PURCHASE,NPK 10:26:26,39 kg,₹ 47.15,"₹ 1,838.85",BRD-RTL
T013473,03/05/2021,F02186,D,Yellow Mustard,3.36 q,"₹ 6,560.00","₹ 22,041.60",BRD-RTL
T013474,02/03/2021,F02186,DELIVERY,Sarson,125 kg,"₹ 6,560.00","₹ 8,200.00",BRD-RTL
T013475,11/12/2020,F02186,INPUT_PURCHASE,DAP,310 kgs,₹ 53.61,"₹ 16,619.10",BRD-RTL
T013476,03/05/2021,F02189,Delivery,mustard (Yellow),769.00 kgs,"₹ 6,050.00","₹ 46,524.50",BRD-RTL
T013477,24/03/2021,F02189,Delivery,mustard (Yellow),828.00 kgs,"₹ 6,050.00","₹ 50,094.00",BRD-RTL
T013478,20/03/2021,F02189,Delivery,Gram,5.47 q,"₹ 6,130.00","₹ 33,531.10",BRD-RTL
T013479,18/03/2021,F02189,Delivery,GRAM (Chana),"1,046.00 kgs","₹ 6,130.00","₹ 64,119.80",BRD-RTL
T013480,28/12/2020,F02189,INPUT_PURCHASE,Urea,126 kg,₹ 52.21,"₹ 6,578.46",BRD-RTL
T013481,08/12/2020, F02189 ,FERT_PURCHASE,SEEDS,271 kgs,₹ 62.23,"₹ 16,864.33",BRD-RTL
T013482,21/12/2020,F02189,input,SEEDS,126 kgs,₹ 49.66,"₹ 6,257.16",BRD-RTL
T013483,01/04/2021,F02191,delivery,Mustard,4.28 q,"₹ 6,315.00","₹ 27,028.20",BRD-RTL
T013484,24/04/2021,F02191,D,Mustard,10.65 quintals,"₹ 6,315.00","₹ 67,254.75",BRD-RTL
T013485,29/12/2020,F02191,FERT_PURCHASE,PPC,262 kgs,₹ 151.09,"₹ 39,585.58",BRD-RTL
T013486,13/12/2020,F02191,input,DAP,203 kg,₹ 54.66,"₹ 11,095.98",BRD-RTL
T013487,31/03/2021,F02193,Delivery,mustard (Yellow),9.7 qtl,"₹ 5,945.00","₹ 57,904.30",BRD-RTL
T013488,09/01/2021,f02193,Input Purchase,SEEDS,174 kg,₹ 78.96,"₹ 13,739.04",BRD-RTL
T013489,25/12/2020,F02193,FERT_PURCHASE,Seeds,280 kgs,₹ 47.95,"₹ 13,426.00",BRD-RTL
T013490,01/04/2021,F02195,DELIVERY,Mustard,14.9 qtl,"₹ 6,345.00","₹ 94,413.60",BRD-RTL
T013491,03/05/2021,f02195,delivery,Bengal Gram,11.3 qtl,"₹ 6,035.00","₹ 68,195.50",BRD-RTL
T013492,05/01/2021,F02195,input,Fertilizer,190 kg,₹ 52.32,"₹ 9,940.80",BRD-RTL
T013493,13/01/2021,f02195,Input Purchase,Fertilizer,124 kgs,₹ 54.24,"₹ 6,725.76",BRD-RTL
T013494,30/04/2021,f02196,D,Yellow Mustard,16.13 quintals,"₹ 5,805.00","₹ 93,634.65",BRD-RTL
T013495,14/12/2020,F02196,FERT_PURCHASE,Urea,254 kg,₹ 51.63,"₹ 13,114.02",BRD-RTL
T013496,05/05/2021,F02200,DELIVERY,Yellow Mustard,6.11 quintals,"₹ 6,250.00","₹ 38,187.50",BRD-RTL
T013497,25/03/2021,f02200,DELIVERY,Yellow Mustard,2432 kg,"₹ 6,250.00","₹ 1,52,000.00",BRD-RTL
T013498,28/03/2021,F02200,Delivery,Bengal Gram,2089 kg,"₹ 5,745.00","₹ 1,20,013.05",BRD-RTL
T013499,28/03/2021,F02200,Delivery,Gram,7.47 q,"₹ 5,745.00","₹ 42,915.15",BRD-RTL
T013500,10/05/2021,f02201,delivery,Mustard,18.72 quintals,"₹ 6,455.00","₹ 1,20,837.60",BRD-RTL
T013501,09/03/2021,F02202,DELIVERY,mustard (Yellow),2978 kg,"₹ 6,615.00","₹ 1,96,994.70",BRD-RTL
T013502,08/01/2021,F02202,FERT_PURCHASE,Bio-pesticide,158 kgs,₹ 601.56,"₹ 95,046.48",BRD-RTL
T013503,08/02/2021,F02202,LOAN_REPAY,Loan Repayment,,,"₹ 6,000.00",BRD-RTL
T013504,23/12/2020,F02202,L,Loan Repayment,,,"₹ 6,700.00",BRD-RTL
T013505,24/04/2021,F02207,D,Mustard,463.00 kgs,"₹ 6,120.00","₹ 28,335.60",BRD-RTL
T013506,07/04/2021,F02207,DELIVERY,Sarson,964 kg,"₹ 6,120.00","₹ 58,996.80",BRD-RTL
T013507,09/12/2020,F02207,Input Purchase,NPK 10:26:26,206 kg,₹ 39.74,"₹ 8,186.44",BRD-RTL
T013508,25/03/2021,F02208,DELIVERY,Mustard,471 kg,"₹ 6,085.00","₹ 28,660.35",BRD-RTL
T013509,14/03/2021,F02208,FPO_DELIVERY,GRAM (Chana),4.50 quintals,"₹ 5,810.00","₹ 26,145.00",BRD-RTL
T013510,26/12/2020,F02208,I,SEEDS,300 kgs,₹ 50.42,"₹ 15,126.00",BRD-RTL
T013511,06/01/2021,F02208,INPUT_PURCHASE,NPK 10:26:26,243 kg,₹ 31.51,"₹ 7,656.93",BRD-RTL
T013512,04/12/2020,F02208,FERT_PURCHASE,Seeds,301 kgs,₹ 101.88,"₹ 30,665.88",BRD-RTL
T013513,31/03/2021,F02209,DELIVERY,Yellow Mustard,"1,711.00 kgs","₹ 6,120.00","₹ 1,04,713.20",BRD-RTL
T013514,01/03/2021,F02209,FPO_DELIVERY,MUSTARD,0.93 t,"₹ 6,120.00","₹ 56,916.00",BRD-RTL
T013515,05/01/2021,F02209,FERT_PURCHASE,DAP,256 kgs,₹ 33.31,"₹ 8,527.36",BRD-RTL
T013516,27/04/2021,F02210,D,Yellow Mustard,10.42 quintals,"₹ 6,595.00","₹ 68,719.90",BRD-RTL
T013517,21/03/2021,F02210,FPO_DELIVERY,MUSTARD,4.83 quintals,"₹ 6,595.00","₹ 31,853.85",BRD-RTL
T013518,04/01/2021,F02210,Input Purchase,DAP,47 kg,₹ 45.94,"₹ 2,159.18",BRD-RTL
T013519,30/12/2020, F02210 ,input,PP chemicals,157 kgs,₹ 601.84,"₹ 94,488.88",BRD-RTL
T013520,23/12/2020,F02210,input,NPK 10:26:26,291 kg,₹ 55.93,"₹ 16,275.63",BRD-RTL
T013521,01/01/2021,F02210,FERT_PURCHASE,DAP,107 kgs,₹ 47.18,"₹ 5,048.26",BRD-RTL
T013522,25/12/2020,F02210,INPUT_PURCHASE,NPK 10:26:26,103 kgs,₹ 49.27,"₹ 5,074.81",BRD-RTL
T013523,01/02/2021,F02210,loan,Loan Repayment,,,"₹ 4,500.00",BRD-RTL
T013524,28/03/2021,f02211,delivery,Yellow Mustard,7.10 quintals,"₹ 5,670.00","₹ 40,257.00",BRD-RTL
T013525,10/12/2020,F02211,loan,Loan Repayment,,,"₹ 6,800.00",BRD-RTL
T013526,28/03/2021,f02217,delivery,mustard (Yellow),2282 kg,"₹ 6,240.00","₹ 1,42,396.80",BRD-RTL
T013527,26/12/2020,F02217,I,Urea,35 kgs,₹ 40.90,"₹ 1,431.50",BRD-RTL
T013528,08/12/2020,F02217,input,DAP,251 kg,₹ 53.46,"₹ 13,418.46",BRD-RTL
T013529,23/03/2021, F02218 ,DELIVERY,Mustard,362.00 kgs,"₹ 6,130.00","₹ 22,190.60",BRD-RTL
T013530,17/04/2021,F02218,Delivery,mustard (Yellow),3.16 q,"₹ 6,130.00","₹ 19,370.80",BRD-RTL
T013531,05/12/2020,F02218,Input Purchase,PP chemicals,254 kgs,₹ 552.56,"₹ 1,40,350.24",BRD-RTL
T013606,23/04/2021,F02251,DELIVERY,MUSTARD,334 kg,"₹ 5,905.00","₹ 19,722.70",BRD-RTL
T013607,30/03/2021,F02251,delivery,Mustard,9.20 q,"₹ 5,905.00","₹ 54,326.00",BRD-RTL
T013608,26/12/2020,F02251,I,SEEDS,279 kgs,₹ 94.08,"₹ 26,248.32",BRD-RTL
T013609,12/12/2020,F02251,input,SEEDS,102 kgs,₹ 60.53,"₹ 6,174.06",BRD-RTL
T013610,15/01/2021,F02251,Input Purchase,Urea,36 kg,₹ 32.67,"₹ 1,176.12",BRD-RTL
T013639,06/05/2021,F02272,delivery,MUSTARD,18.56 quintals,"₹ 6,305.00","₹ 1,17,020.80",BRD-RTL
T013737,11/03/2021,F02308,delivery,mustard (Yellow),"1,264.00 kgs","₹ 6,590.00","₹ 83,297.60",BRD-RTL
T013757,07/05/2021,F02316,FPO_DELIVERY,Sarson,0.43 t,"₹ 6,265.00","₹ 26,876.85",BRD-RTL
T013758,12/05/2021,f02316,D,Sarson,5.0 qtl,"₹ 6,265.00","₹ 31,512.95",BRD-RTL
T013759,08/12/2020,F02316,loan,EMI,,,"₹ 3,000.00",BRD-RTL
T013760,05/02/2021,F02316,L,Loan Repayment,,,"₹ 1,700.00",BRD-RTL
T013799,10/04/2021,F02332,Delivery,Sarson,3.77 q,"₹ 6,100.00","₹ 22,997.00",BRD-RTL
T013800,19/03/2021,F02332,DELIVERY,mustard (Yellow),145 kg,"₹ 6,100.00","₹ 8,845.00",BRD-RTL
T013801,29/04/2021,F02332,FPO_DELIVERY,MUSTARD,3.68 quintals,"₹ 6,100.00","₹ 22,448.00",BRD-RTL
T013856,32/01/2022,F02350,D,Mustard,12.57 quintals,"₹ 6,255.00","₹ 78,625.35",BRD-RTL
T013857,06/12/2020,F02350,Input Purchase,Urea,273 kg,₹ 47.32,"₹ 12,918.36",BRD-RTL
T013860,05/05/2021,F02352,FPO_DELIVERY,Mustard,13.28 quintals,"₹ 6,345.00","₹ 84,261.60",BRD-RTL
T013861,22/12/2020,F02352,I,Bio-pesticide,131 kg,₹ 393.64,"₹ 51,566.84",BRD-RTL
T013862,07/01/2021,F02352,Input Purchase,NPK 10:26:26,261 kgs,₹ 45.38,"₹ 11,844.18",BRD-RTL
T013863,08/01/2021,F02352,FERT_PURCHASE,Seeds,75 kgs,₹ 82.25,"₹ 6,168.75",BRD-RTL
T013874,15/04/2021,F02356,delivery,Yellow Mustard,1.4 qtl,"₹ 5,955.00","₹ 8,575.20",BRD-RTL
T013875,13/04/2021,F02356,delivery,mustard (Yellow),935.00 kgs,"₹ 5,955.00","₹ 55,679.25",BRD-RTL
T013876,02/01/2021,F02356,Input Purchase,NPK 10:26:26,194 kg,₹ 43.95,"₹ 8,526.30",BRD-RTL
T013877,06/01/2021,F02356,Input Purchase,Bio-pesticide,156 kgs,₹ 353.07,"₹ 55,078.92",BRD-RTL
T013878,05/05/2021,F02356,loan,Loan Repayment,,,"₹ 7,500.00",BRD-RTL
T013879,14/05/2021,F02356,Loan Repayment,EMI,,,"₹ 4,500.00",BRD-RTL
T013880,09/02/2021,F02356,L,Loan Repayment,,,"₹ 2,600.00",BRD-RTL
T013881,02/05/2021,F02356,Loan Repayment,EMI,,,"₹ 1,000.00",BRD-RTL
T013912,25/04/2021,F02365,Delivery,Sarson,5.7 qtl,"₹ 6,360.00","₹ 36,442.80",BRD-RTL
T013913,17/03/2021,F02365,FPO_DELIVERY,Yellow Mustard,0.67 q,"₹ 6,360.00","₹ 4,261.20",BRD-RTL
T015702,01/11/2021,F02064,D,Groundnut Pods,"3,158.00 kgs","₹ 8,165.00","₹ 2,57,850.70",BRD-RTL
T015703,21/11/2021,F02064,DELIVERY,Soybean (Yellow),6.4 qtl,"₹ 4,990.00","₹ 32,085.70",BRD-RTL
T015704,26/11/2021,F02064,FPO_DELIVERY,soya,"2,254.00 kgs","₹ 4,990.00","₹ 1,12,474.60",BRD-RTL
T015705,09/06/2021,F02064,I,Urea,289 kgs,₹ 28.92,"₹ 8,357.88",BRD-RTL
T015706,19/06/2021,f02064,input,SEEDS,125 kg,₹ 73.41,"₹ 9,176.25",BRD-RTL
T015707,32/01/2022,f02065,delivery,GROUNDNUT (Pods),41.77 quintals,"₹ 8,065.00","₹ 3,36,875.05",BRD-RTL
T015708,18/10/2021,F02065,Delivery,GROUNDNUT (Pods),17.56 quintals,"₹ 8,065.00","₹ 1,41,621.40",BRD-RTL
T015709,02/11/2021,F02066,DELIVERY,Groundnut,"1,024.00 kgs","₹ 7,495.00","₹ 76,748.80",BRD-RTL
T015710,11/11/2021,F02066,FPO_DELIVERY,Groundnut,1.36 q,"₹ 7,495.00","₹ 10,193.20",BRD-RTL
T015711,14/07/2021,F02066,INPUT_PURCHASE,Urea,292 kg,₹ 52.73,"₹ 15,397.16",BRD-RTL
T015712,11/11/2021,F02067,DELIVERY,Groundnut,373 kg,"₹ 7,490.00","₹ 27,937.70",BRD-RTL
T015713,15/11/2021,F02067,D,GROUNDNUT (Pods),1568 kg,"₹ 7,490.00","₹ 1,17,443.20",BRD-RTL
T015714,29/06/2021,F02067,input,Hybrid Seeds,260 kgs,₹ 83.82,"₹ 21,793.20",BRD-RTL
T015715,05/06/2021,F02067,FERT_PURCHASE,Hybrid Seeds,193 kg,₹ 73.43,"₹ 14,171.99",BRD-RTL
T015716,03/07/2021,F02067,FERT_PURCHASE,Hybrid Seeds,243 kgs,₹ 127.71,"₹ 31,033.53",BRD-RTL
T015717,16/10/2021,F02068,delivery,Groundnut,6.07 q,"₹ 7,975.00","₹ 48,408.25",BRD-RTL
T015718,08/11/2021,F02068,D,Groundnut Pods,982 kg,"₹ 7,975.00","₹ 78,314.50",BRD-RTL
T015719,08/06/2021,F02068,Input Purchase,Hybrid Seeds,160 kg,₹ 84.97,"₹ 13,595.20",BRD-RTL
T015720,09/06/2021,F02068,input,Fertilizer,122 kg,₹ 38.45,"₹ 4,690.90",BRD-RTL
T015721,21/10/2021,F02068,Loan Repayment,EMI,,,"₹ 1,100.00",BRD-RTL
T015722,21/11/2021,F02069,delivery,Groundnut,"4,729.00 kgs","₹ 8,050.00","₹ 3,80,684.50",BRD-RTL
T015723,10/06/2021,F02069,Input Purchase,Hybrid Seeds,218 kg,₹ 90.25,"₹ 19,674.50",BRD-RTL
T015724,28/06/2021,F02069,INPUT_PURCHASE,SEEDS,149 kgs,₹ 103.25,"₹ 15,384.25",BRD-RTL
T015725,16/06/2021,f02069,FERT_PURCHASE,Fertilizer,246 kg,₹ 55.19,"₹ 13,576.74",BRD-RTL
T015726,30/06/2021,F02069,FERT_PURCHASE,DAP,137 kgs,₹ 49.25,"₹ 6,747.25",BRD-RTL
T015727,21/11/2021,F02070,DELIVERY,Groundnut,0.80 t,"₹ 7,945.00","₹ 63,242.20",BRD-RTL
T015728,29/10/2021,F02070,delivery,Groundnut Pods,964.00 kgs,"₹ 7,945.00","₹ 76,589.80",BRD-RTL
T015729,04/07/2021,F02070,Input Purchase,NPK 10:26:26,35 kgs,₹ 41.09,"₹ 1,438.15",BRD-RTL
T015730,04/07/2021,F02070,INPUT_PURCHASE,DAP,151 kgs,₹ 57.37,"₹ 8,662.87",BRD-RTL
T015731,11/06/2021,F02070,FERT_PURCHASE,SEEDS,65 kgs,₹ 57.06,"₹ 3,708.90",BRD-RTL
T015732,12/10/2021,F02072,Delivery,Groundnut,81.02 q,"₹ 7,385.00","₹ 5,98,332.70",BRD-RTL
T015733,28/10/2021,f02072,DELIVERY,Soybean (Yellow),79.2 qtl,"₹ 5,410.00","₹ 4,28,255.60",BRD-RTL
T015734,03/07/2021,,I,Seeds,110 kg,₹ 127.98,"₹ 14,077.80",BRD-RTL
T015735,04/06/2021,F02072,Input Purchase,PP chemicals,244 kg,₹ 452.86,"₹ 1,10,497.84",BRD-RTL
T015736,29/10/2021,F02073,DELIVERY,GROUNDNUT (Pods),14.56 quintals,"₹ 7,660.00","₹ 1,11,529.60",BRD-RTL
T015737,10/07/2021,F02073,Input Purchase,Fertilizer,285 kgs,₹ 42.72,"₹ 12,175.20",BRD-RTL
T015738,18/11/2021,F02076,Delivery,Groundnut Pods,3.01 MT,"₹ 7,970.00","₹ 2,39,737.60",BRD-RTL
T015739,01/11/2021, F02076 ,D,SOYABEAN,99 kg,"₹ 5,090.00","₹ 5,039.10",BRD-RTL
T015740,23/11/2021,F02076,FPO_DELIVERY,SOYABEAN,6.75 quintals,"₹ 5,090.00","₹ 34,357.50",BRD-RTL
T015741,02/10/2021,F02076,FPO_DELIVERY,Soybean (Yellow),14.45 quintals,"₹ 5,090.00","₹ 73,550.50",BRD-RTL
T015742,23/06/2021,F02076,I,Fertilizer,164 kgs,₹ 56.60,"₹ 9,282.40",BRD-RTL
T015743,14/06/2021,F02076,input,FERTILIZER 50kg bag,160 kg,₹ 47.11,"₹ 7,537.60",BRD-RTL
T015744,19/06/2021, F02076 ,Input Purchase,FERTILIZER 50kg bag,238 kgs,₹ 43.79,"₹ 10,422.02",BRD-RTL
T015745,16/11/2021,F02079,Delivery,Groundnut Pods,9.73 quintals,"₹ 8,045.00","₹ 78,277.85",BRD-RTL
T015746,15/10/2021,F02079,D,mungfali,6.52 q,"₹ 8,045.00","₹ 52,453.40",BRD-RTL
T015747,09/07/2021,f02079,INPUT_PURCHASE,DAP,179 kg,₹ 52.91,"₹ 9,470.89",BRD-RTL
T015748,16/11/2021,f02080,delivery,GROUNDNUT (Pods),"1,258.00 kgs","₹ 7,340.00","₹ 92,337.20",BRD-RTL
T015749,19/11/2021,F02081,FPO_DELIVERY,Groundnut,"1,118.00 kgs","₹ 7,755.00","₹ 86,700.90",BRD-RTL
T015750,14/11/2021,F02081,delivery,SOYABEAN,913 kg,"₹ 5,470.00","₹ 49,941.10",BRD-RTL
T015751,13/07/2021,F02081,FERT_PURCHASE,DAP,179 kgs,₹ 45.95,"₹ 8,225.05",BRD-RTL
T015752,03/07/2021,F02081,input,Fertilizer,182 kg,₹ 55.64,"₹ 10,126.48",BRD-RTL
T015753,18/11/2021,F02082,D,Groundnut,"1,367.00 kgs","₹ 7,805.00","₹ 1,06,694.35",BRD-RTL
T015754,13/06/2021,F02082,input,Urea,100 kgs,₹ 52.01,"₹ 5,201.00",BRD-RTL
T015755,17/06/2021,f02082,I,Fertilizer,176 kg,₹ 34.35,"₹ 6,045.60",BRD-RTL
T015756,06/06/2021,F02082,I,Fertilizer,312 kg,₹ 29.73,"₹ 9,275.76",BRD-RTL
T015757,07/11/2021,F02083,FPO_DELIVERY,Groundnut Pods,2577 kg,"₹ 7,800.00","₹ 2,01,006.00",BRD-RTL
T015758,21/06/2021,f02083,I,PPC,236 kgs,₹ 683.30,"₹ 1,61,258.80",BRD-RTL
T015759,08/07/2021,F02083,input,Hybrid Seeds,247 kgs,₹ 123.31,"₹ 30,457.57",BRD-RTL
T015760,14/10/2021,F02085,delivery,mungfali,876 kg,"₹ 7,580.00","₹ 66,400.80",BRD-RTL
T015761,14/10/2021,F02085,Delivery,Groundnut Pods,24.1 qtl,"₹ 7,580.00","₹ 1,82,981.20",BRD-RTL
T015762,23/06/2021,f02085,FERT_PURCHASE,Fertilizer,291 kg,₹ 33.42,"₹ 9,725.22",BRD-RTL
T015763,16/08/2021,F02085,loan,EMI,,,"₹ 5,000.00",BRD-RTL
T015764,20/11/2021, F02086 ,FPO_DELIVERY,mungfali,798.00 kgs,"₹ 8,010.00","₹ 63,919.80",BRD-RTL
T015765,30/11/2021, F02086 ,D,soya,0.18 t,"₹ 5,085.00","₹ 9,407.25",BRD-RTL
T015766,25/11/2021,F02086,DELIVERY,Soybean,4.51 q,"₹ 5,085.00","₹ 22,933.35",BRD-RTL
T015767,01/06/2021,F02086,Input Purchase,NPK 10:26:26,185 kgs,₹ 55.15,"₹ 10,202.75",BRD-RTL
T015768,08/07/2021,F02086,FERT_PURCHASE,DAP,47 kg,₹ 42.21,"₹ 1,983.87",BRD-RTL
T015769,16/10/2021,F02088,DELIVERY,GROUNDNUT (Pods),21.95 quintals,"₹ 7,910.00","₹ 1,73,624.50",BRD-RTL
T015770,16/11/2021,f02088,FPO_DELIVERY,mungfali,724.00 kgs,"₹ 7,910.00","₹ 57,268.40",BRD-RTL
T015771,24/06/2021,F02088,input,NPK 10:26:26,121 kgs,₹ 47.92,"₹ 5,798.32",BRD-RTL
T015772,16/10/2021,F02090,delivery,GROUNDNUT (Pods),907 kg,"₹ 8,235.00","₹ 74,691.45",BRD-RTL
T015773,10/11/2021,f02090,DELIVERY,Groundnut Pods,896.00 kgs,"₹ 8,235.00","₹ 73,785.60",BRD-RTL
T015774,02/11/2021,F02090,Delivery,Soybean,12.73 quintals,"₹ 5,250.00","₹ 66,832.50",BRD-RTL
T015775,05/06/2021,F02090,FERT_PURCHASE,Seeds,81 kg,₹ 82.76,"₹ 6,703.56",BRD-RTL
T015776,10/06/2021,F02090,Input Purchase,Seeds,306 kgs,₹ 116.34,"₹ 35,600.04",BRD-RTL
T015777,08/06/2021,F02090,I,SEEDS,270 kg,₹ 120.59,"₹ 32,559.30",BRD-RTL
T015778,10/07/2021,F02090,Input Purchase,Seeds,221 kgs,₹ 89.31,"₹ 19,737.51",BRD-RTL
T015779,24/10/2021,F02091,D,Groundnut,1.88 MT,"₹ 7,855.00","₹ 1,47,752.55",BRD-RTL
T015780,11/10/2021,F02091,DELIVERY,GROUNDNUT (Pods),12.92 quintals,"₹ 7,855.00","₹ 1,01,486.60",BRD-RTL
T015781,08/11/2021,F02091,delivery,Groundnut,11.00 kgs,"₹ 7,855.00",₹ 864.05,BRD-RTL
T015782,03/06/2021,f02091,I,NPK 10:26:26,308 kg,₹ 48.94,"₹ 15,073.52",BRD-RTL
T015783,28/06/2021,F02091,input,DAP,147 kg,₹ 34.73,"₹ 5,105.31",BRD-RTL
T015784,01/11/2021,F02092,DELIVERY,Groundnut,967.00 kgs,"₹ 7,695.00","₹ 74,410.65",BRD-RTL
T015785,21/11/2021,F02092,FPO_DELIVERY,mungfali,1108 kg,"₹ 7,695.00","₹ 85,260.60",BRD-RTL
T015786,12/07/2021,F02092,Input Purchase,NPK 10:26:26,243 kg,₹ 41.05,"₹ 9,975.15",BRD-RTL
T015787,03/06/2021, F02092 ,input,SEEDS,62 kg,₹ 82.53,"₹ 5,116.86",BRD-RTL
T015788,26/11/2021,F02093,FPO_DELIVERY,mungfali,1.36 t,"₹ 7,870.00","₹ 1,07,425.50",BRD-RTL
T015789,28/06/2021,F02093,INPUT_PURCHASE,NPK 10:26:26,122 kgs,₹ 38.68,"₹ 4,718.96",BRD-RTL
T015790,03/09/2021,F02093,LOAN_REPAY,Loan Repayment,,,"₹ 6,100.00",BRD-RTL
T015791,05/10/2021,F02095,DELIVERY,mungfali,"6,126.00 kgs","₹ 7,405.00","₹ 4,53,630.30",BRD-RTL
T015792,05/10/2021,F02095,FPO_DELIVERY,Groundnut Pods,835 kg,"₹ 7,405.00","₹ 61,831.75",BRD-RTL
T015793,01/07/2021,F02095,INPUT_PURCHASE,SEEDS,192 kg,₹ 108.08,"₹ 20,751.36",BRD-RTL
T015794,23/10/2021,F02096,D,Groundnut,1.7 qtl,"₹ 7,320.00","₹ 12,151.20",BRD-RTL
T015795,09/11/2021,F02096,D,Groundnut,4.85 quintals,"₹ 7,320.00","₹ 35,502.00",BRD-RTL
T015796,25/06/2021, F02096 ,FERT_PURCHASE,Fertilizer,192 kg,₹ 44.35,"₹ 8,515.20",BRD-RTL
T015797,08/06/2021,F02096,Input Purchase,PPC,50 kgs,₹ 594.40,"₹ 29,720.00",BRD-RTL
T015798,23/06/2021,F02096,L,Loan Repayment,,,"₹ 7,900.00",BRD-RTL
T015799,25/11/2021,f02097,D,Groundnut Pods,26.3 qtl,"₹ 8,070.00","₹ 2,12,241.00",BRD-RTL
T015800,02/10/2021,F02097,FPO_DELIVERY,mungfali,10.38 q,"₹ 8,070.00","₹ 83,766.60",BRD-RTL
T015801,09/11/2021,F02097,FPO_DELIVERY,Soybean (Yellow),4.43 quintals,"₹ 5,390.00","₹ 23,877.70",BRD-RTL
T015802,21/10/2021,F02097,Delivery,Soybean (Yellow),2.00 MT,"₹ 5,390.00","₹ 1,07,584.40",BRD-RTL
T015803,02/11/2021,f02104,D,GROUNDNUT (Pods),544.00 kgs,"₹ 8,050.00","₹ 43,792.00",BRD-RTL
T015804,26/09/2021,f02104,L,Loan Repayment,,,"₹ 4,200.00",BRD-RTL
T015805,20/09/2021,F02104,LOAN_REPAY,EMI,,,"₹ 3,300.00",BRD-RTL
T015806,14/11/2021,f02105,delivery,Groundnut Pods,9.7 qtl,"₹ 7,825.00","₹ 76,137.25",BRD-RTL
T015807,06/06/2021,F02105,INPUT_PURCHASE,DAP,118 kg,₹ 52.15,"₹ 6,153.70",BRD-RTL
T015808,04/07/2021,F02105,I,DAP,165 kgs,₹ 32.92,"₹ 5,431.80",BRD-RTL
T015809,14/07/2021,F02105,input,Fertilizer,97 kg,₹ 41.64,"₹ 4,039.08",BRD-RTL
T015810,05/06/2021,F02105,INPUT_PURCHASE,Hybrid Seeds,192 kgs,₹ 102.04,"₹ 19,591.68",BRD-RTL
T015811,14/06/2021,F02105,INPUT_PURCHASE,Seeds,134 kgs,₹ 112.07,"₹ 15,017.38",BRD-RTL
T015812,03/06/2021,F02105,input,FERTILIZER 50kg bag,83 kgs,₹ 28.25,"₹ 2,344.75",BRD-RTL
T015813,31/07/2021,F02105,Loan Repayment,Loan Repayment,,,"₹ 3,700.00",BRD-RTL
T015814,06/11/2021,F02106,Delivery,mungfali,0.40 q,"₹ 8,010.00","₹ 3,204.00",BRD-RTL
T015815,09/11/2021,f02106,Delivery,mungfali,702.00 kgs,"₹ 8,010.00","₹ 56,230.20",BRD-RTL
T015816,01/10/2021,F02106,Delivery,mungfali,0.80 MT,"₹ 8,010.00","₹ 63,999.90",BRD-RTL
T015817,07/06/2021,F02106,input,Fertilizer,91 kg,₹ 49.95,"₹ 4,545.45",BRD-RTL
T015818,11/07/2021,F02106,input,NPK 10:26:26,152 kgs,₹ 48.29,"₹ 7,340.08",BRD-RTL
T015819,29/11/2021,F02107,Delivery,GROUNDNUT (Pods),19.21 quintals,"₹ 7,315.00","₹ 1,40,521.15",BRD-RTL
T015820,05/06/2021,F02107,INPUT_PURCHASE,NPK 10:26:26,253 kg,₹ 34.79,"₹ 8,801.87",BRD-RTL
T015821,04/06/2021,F02107,I,SEEDS,48 kg,₹ 90.71,"₹ 4,354.08",BRD-RTL
T015822,19/06/2021, F02107 ,input,DAP,207 kg,₹ 51.98,"₹ 10,759.86",BRD-RTL
T015823,06/11/2021,F02108,DELIVERY,GROUNDNUT (Pods),"2,775.00 kgs","₹ 7,960.00","₹ 2,20,890.00",BRD-RTL
T015824,07/06/2021,F02108,I,PP chemicals,198 kg,₹ 406.62,"₹ 80,510.76",BRD-RTL
T015825,01/07/2021,F02108,input,SEEDS,169 kgs,₹ 125.65,"₹ 21,234.85",BRD-RTL
T015826,25/11/2021,F02115,FPO_DELIVERY,GROUNDNUT (Pods),1.26 t,"₹ 7,090.00","₹ 89,192.20",BRD-RTL
T015827,26/11/2021,F02115,delivery,GROUNDNUT (Pods),1.9 qtl,"₹ 7,090.00","₹ 13,612.80",BRD-RTL
T015828,29/10/2021,f02115,delivery,soya,1251 kg,"₹ 5,265.00","₹ 65,865.15",BRD-RTL
T015829,10/11/2021, F02121 ,delivery,GROUNDNUT (Pods),"1,680.00 kgs","₹ 7,245.00","₹ 1,21,716.00",BRD-RTL
T015830,22/11/2021,F02121,FPO_DELIVERY,Groundnut Pods,293 kg,"₹ 7,245.00","₹ 21,227.85",BRD-RTL
T015831,01/06/2021,F02121,INPUT_PURCHASE,Fertilizer,290 kgs,₹ 38.83,"₹ 11,260.70",BRD-RTL
T015832,13/07/2021,F02121,INPUT_PURCHASE,Seeds,263 kgs,₹ 122.08,"₹ 32,107.04",BRD-RTL
T015833,24/11/2021,F02123,Delivery,mungfali,0.4 qtl,"₹ 8,085.00","₹ 3,557.40",BRD-RTL
T015834,27/10/2021,F02123,Delivery,GROUNDNUT (Pods),18.8 qtl,"₹ 8,085.00","₹ 1,51,836.30",BRD-RTL
T015835,12/06/2021,F02123,FERT_PURCHASE,PP chemicals,172 kg,₹ 298.96,"₹ 51,421.12",BRD-RTL
T015836,17/10/2021,F02128,delivery,Groundnut Pods,17.55 q,"₹ 8,300.00","₹ 1,45,665.00",BRD-RTL
T015837,05/10/2021,F02128,FPO_DELIVERY,Groundnut Pods,6.5 qtl,"₹ 8,300.00","₹ 54,116.00",BRD-RTL
T015838,11/07/2021,F02128,FERT_PURCHASE,DAP,158 kgs,₹ 29.77,"₹ 4,703.66",BRD-RTL
T015839,07/07/2021,F02128,input,Fertilizer,214 kg,₹ 48.21,"₹ 10,316.94",BRD-RTL
T015840,16/06/2021,F02128,INPUT_PURCHASE,Urea,158 kgs,₹ 52.60,"₹ 8,310.80",BRD-RTL
T015841,13/10/2021,F02129,D,Groundnut Pods,1122 kg,"₹ 7,625.00","₹ 85,552.50",BRD-RTL
T015842,20/11/2021,F02129,DELIVERY,Groundnut,8.66 q,"₹ 7,625.00","₹ 66,032.50",BRD-RTL
T015843,32/01/2022,F02129,FERT_PURCHASE,FERTILIZER 50kg bag,87 kgs,₹ 48.71,"₹ 4,237.77",BRD-RTL
T015844,16/10/2021,F02133,DELIVERY,Groundnut Pods,407 kg,"₹ 7,515.00","₹ 30,586.05",BRD-RTL
T015845,08/11/2021,F02133,FPO_DELIVERY,GROUNDNUT (Pods),1239 kg,"₹ 7,515.00","₹ 93,110.85",BRD-RTL
T015846,01/10/2021,F02134,FPO_DELIVERY,GROUNDNUT (Pods),14.07 q,"₹ 7,515.00","₹ 1,05,736.05",BRD-RTL
T015847,05/10/2021,F02134,delivery,Soybean,1159 kg,"₹ 5,400.00","₹ 62,586.00",BRD-RTL
T015848,06/06/2021,F02134,INPUT_PURCHASE,PP chemicals,129 kgs,₹ 273.57,"₹ 35,290.53",BRD-RTL
T015849,01/07/2021,f02134,FERT_PURCHASE,Fertilizer,115 kgs,₹ 30.69,"₹ 3,529.35",BRD-RTL
T015850,03/06/2021,F02134,INPUT_PURCHASE,Hybrid Seeds,305 kg,₹ 109.15,"₹ 33,290.75",BRD-RTL
T015851,24/06/2021,F02134,input,Seeds,253 kg,₹ 88.52,"₹ 22,395.56",BRD-RTL
T015852,12/06/2021,F02134,Input Purchase,SEEDS,103 kg,₹ 82.95,"₹ 8,543.85",BRD-RTL
T015853,12/06/2021,F02134,Input Purchase,PP chemicals,99 kgs,₹ 274.54,"₹ 27,179.46",BRD-RTL
T015854,05/06/2021,F02134,LOAN_REPAY,EMI,,,"₹ 6,500.00",BRD-RTL
T015855,08/09/2021,F02134,LOAN_REPAY,Loan Repayment,,,"₹ 4,700.00",BRD-RTL
T015856,19/10/2021,F02134,LOAN_REPAY,EMI,,,"₹ 5,200.00",BRD-RTL
T015857,29/10/2021,F02137,DELIVERY,Groundnut,16.8 qtl,"₹ 7,810.00","₹ 1,31,051.80",BRD-RTL
T015858,24/11/2021,F02137,Delivery,Groundnut Pods,10.9 qtl,"₹ 7,810.00","₹ 84,816.60",BRD-RTL
T015859,24/06/2021,F02137,I,FERTILIZER 50kg bag,147 kgs,₹ 54.55,"₹ 8,018.85",BRD-RTL
T015860,02/10/2021,F02138,delivery,Groundnut,742.00 kgs,"₹ 7,510.00","₹ 55,724.20",BRD-RTL
T015861,09/06/2021,F02138,Input Purchase,Fertilizer,306 kgs,₹ 30.84,"₹ 9,437.04",BRD-RTL
T015862,30/06/2021,f02138,I,Fertilizer,229 kg,₹ 30.17,"₹ 6,908.93",BRD-RTL
T015863,09/11/2021, F02138 ,LOAN_REPAY,Loan Repayment,,,"₹ 6,900.00",BRD-RTL
T015864,19/11/2021, F02139 ,D,Groundnut Pods,"2,631.00 kgs","₹ 7,945.00","₹ 2,09,032.95",BRD-RTL
T015865,25/10/2021,F02139,FPO_DELIVERY,Groundnut Pods,1.60 MT,"₹ 7,945.00","₹ 1,27,278.90",BRD-RTL
T015866,08/06/2021,F02139,INPUT_PURCHASE,Urea,183 kgs,₹ 50.29,"₹ 9,203.07",BRD-RTL
T015867,09/06/2021,F02139,input,Fertilizer,72 kg,₹ 38.16,"₹ 2,747.52",BRD-RTL
T015868,08/07/2021,F02139,Input Purchase,NPK 10:26:26,257 kg,₹ 54.32,"₹ 13,960.24",BRD-RTL
T015869,24/11/2021,F02141,Delivery,mungfali,1069 kg,"₹ 7,535.00","₹ 80,549.15",BRD-RTL
T015870,06/11/2021, F02141 ,D,GROUNDNUT (Pods),88.00 kgs,"₹ 7,535.00","₹ 6,630.80",BRD-RTL
T015871,19/10/2021,F02141,DELIVERY,soya,53 kg,"₹ 5,400.00","₹ 2,862.00",BRD-RTL
T015872,28/11/2021,F02141,DELIVERY,Soybean,11.2 qtl,"₹ 5,400.00","₹ 60,318.00",BRD-RTL
T015873,02/09/2021,F02141,loan,Loan Repayment,,,"₹ 2,900.00",BRD-RTL
T015874,27/11/2021,F02144,delivery,GROUNDNUT (Pods),2.03 MT,"₹ 7,505.00","₹ 1,52,051.30",BRD-RTL
T015875,02/11/2021,F02144,FPO_DELIVERY,soya,1530 kg,"₹ 5,440.00","₹ 83,232.00",BRD-RTL
T015876,06/06/2021,F02144,input,Urea,56 kgs,₹ 41.69,"₹ 2,334.64",BRD-RTL
T015877,17/06/2021,F02144,input,SEEDS,318 kgs,₹ 98.95,"₹ 31,466.10",BRD-RTL
T015878,07/10/2021,F02145,D,Groundnut,3.5 qtl,"₹ 8,210.00","₹ 28,735.00",BRD-RTL
T015879,12/11/2021,F02145,D,Groundnut,36.8 qtl,"₹ 8,210.00","₹ 3,01,717.50",BRD-RTL
T015880,09/06/2021,F02145,INPUT_PURCHASE,Fertilizer,132 kgs,₹ 31.57,"₹ 4,167.24",BRD-RTL
T015881,21/06/2021,F02145,FERT_PURCHASE,Urea,311 kg,₹ 28.94,"₹ 9,000.34",BRD-RTL
T015882,14/06/2021,F02145,Input Purchase,Seeds,110 kg,₹ 103.64,"₹ 11,400.40",BRD-RTL
T015883,12/10/2021,F02146,delivery,GROUNDNUT (Pods),14.1 qtl,"₹ 7,850.00","₹ 1,10,685.00",BRD-RTL
T015884,20/06/2021,F02146,input,Bio-pesticide,30 kg,₹ 372.64,"₹ 11,179.20",BRD-RTL
T015885,27/06/2021,F02146,input,Hybrid Seeds,285 kgs,₹ 62.98,"₹ 17,949.30",BRD-RTL
T015886,02/11/2021,F02147,FPO_DELIVERY,mungfali,12.5 qtl,"₹ 7,445.00","₹ 92,764.70",BRD-RTL
T015887,25/11/2021,F02147,D,mungfali,"1,240.00 kgs","₹ 7,445.00","₹ 92,318.00",BRD-RTL
T015888,05/07/2021,F02147,FERT_PURCHASE,Urea,129 kgs,₹ 29.71,"₹ 3,832.59",BRD-RTL
T015889,30/10/2021,F02149,delivery,mungfali,529.00 kgs,"₹ 7,835.00","₹ 41,447.15",BRD-RTL
T015890,18/11/2021,F02149,DELIVERY,Groundnut,"2,064.00 kgs","₹ 7,835.00","₹ 1,61,714.40",BRD-RTL
T015891,19/06/2021,F02149,I,PP chemicals,137 kg,₹ 503.50,"₹ 68,979.50",BRD-RTL
T015892,04/06/2021,F02149,input,NPK 10:26:26,141 kgs,₹ 34.55,"₹ 4,871.55",BRD-RTL
T015893,04/06/2021,F02149,FERT_PURCHASE,SEEDS,75 kg,₹ 52.07,"₹ 3,905.25",BRD-RTL
T015894,21/07/2021,f02149,Loan Repayment,Loan Repayment,,,"₹ 3,900.00",BRD-RTL
T015895,08/10/2021,F02149,loan,EMI,,,"₹ 1,100.00",BRD-RTL
T015896,18/10/2021,f02151,FPO_DELIVERY,mungfali,2266 kg,"₹ 7,935.00","₹ 1,79,807.10",BRD-RTL
T015897,29/06/2021,F02151,Input Purchase,Fertilizer,289 kgs,₹ 53.09,"₹ 15,343.01",BRD-RTL
T015898,30/08/2021,F02151,Loan Repayment,Loan Repayment,,,"₹ 7,300.00",BRD-RTL
T015899,04/10/2021,,FPO_DELIVERY,GROUNDNUT (Pods),26.77 q,"₹ 7,285.00","₹ 1,95,019.45",BRD-RTL
T015900,26/06/2021,F02154,Input Purchase,Fertilizer,248 kgs,₹ 40.61,"₹ 10,071.28",BRD-RTL
T015901,07/07/2021,F02154,Input Purchase,Seeds,26 kgs,₹ 127.17,"₹ 3,306.42",BRD-RTL
T015902,17/10/2021,f02156,D,Groundnut,1960 kg,"₹ 7,735.00","₹ 1,51,606.00",BRD-RTL
T015903,29/10/2021,f02156,delivery,GROUNDNUT (Pods),0.46 MT,"₹ 7,735.00","₹ 35,271.60",BRD-RTL
T015904,30/06/2021,F02156,Input Purchase,SEEDS,271 kg,₹ 49.93,"₹ 13,531.03",BRD-RTL
T015905,13/11/2021,F02157,FPO_DELIVERY,mungfali,2222 kg,"₹ 7,880.00","₹ 1,75,093.60",BRD-RTL
T015906,24/06/2021,f02157,L,EMI,,,"₹ 6,700.00",BRD-RTL
T015907,07/11/2021,F02158,delivery,Groundnut Pods,4565 kg,"₹ 7,925.00","₹ 3,61,776.25",BRD-RTL
T015908,04/07/2021,F02158,FERT_PURCHASE,DAP,214 kg,₹ 38.87,"₹ 8,318.18",BRD-RTL
T015909,23/08/2021,F02158,L,EMI,,,"₹ 5,400.00",BRD-RTL
T015910,23/11/2021,F02158,loan,EMI,,,"₹ 4,100.00",BRD-RTL
T015911,24/09/2021,F02158,Loan Repayment,Loan Repayment,,,"₹ 5,900.00",BRD-RTL
T015912,09/11/2021, F02161 ,FPO_DELIVERY,mungfali,7375 kg,"₹ 7,635.00","₹ 5,63,081.25",BRD-RTL
T015913,05/06/2021,f02161,FERT_PURCHASE,Hybrid Seeds,223 kg,₹ 74.54,"₹ 16,622.42",BRD-RTL
T015914,02/07/2021,F02161,Input Purchase,PP chemicals,238 kgs,₹ 512.58,"₹ 1,21,994.04",BRD-RTL
T015915,24/06/2021,F02161,INPUT_PURCHASE,SEEDS,46 kg,₹ 75.00,"₹ 3,450.00",BRD-RTL
T015916,20/10/2021,F02162,delivery,GROUNDNUT (Pods),9.99 quintals,"₹ 7,590.00","₹ 75,824.10",BRD-RTL
T015917,25/11/2021,F02162,Delivery,Soybean,696 kg,"₹ 5,670.00","₹ 39,463.20",BRD-RTL
T015918,15/06/2021,F02162,Input Purchase,NPK 10:26:26,224 kgs,₹ 40.96,"₹ 9,175.04",BRD-RTL
T015919,19/06/2021,F02162,I,Bio-pesticide,182 kgs,₹ 120.48,"₹ 21,927.36",BRD-RTL
T015920,14/11/2021,F02163,delivery,Groundnut Pods,"1,199.00 kgs","₹ 7,755.00","₹ 92,982.45",BRD-RTL
T015921,09/11/2021,F02163,Delivery,SOYABEAN,609.00 kgs,"₹ 5,300.00","₹ 32,277.00",BRD-RTL
T015922,10/11/2021,F02163,FPO_DELIVERY,Soybean,1.10 quintals,"₹ 5,300.00","₹ 5,830.00",BRD-RTL
T015923,07/11/2021,F02163,D,Soybean,2.23 quintals,"₹ 5,300.00","₹ 11,819.00",BRD-RTL
T015924,25/07/2021, F02163 ,L,EMI,,,"₹ 5,800.00",BRD-RTL
T015925,06/11/2021,F02168,DELIVERY,GROUNDNUT (Pods),36.3 qtl,"₹ 7,535.00","₹ 2,73,520.50",BRD-RTL
T015926,21/11/2021,f02168,DELIVERY,Groundnut,24.77 quintals,"₹ 7,535.00","₹ 1,86,641.95",BRD-RTL
T015927,02/07/2021,F02168,I,PP chemicals,253 kgs,₹ 161.73,"₹ 40,917.69",BRD-RTL
T015928,23/11/2021, F02174 ,DELIVERY,mungfali,450 kg,"₹ 8,230.00","₹ 37,035.00",BRD-RTL
T015929,23/11/2021,F02174,FPO_DELIVERY,Groundnut Pods,610 kg,"₹ 8,230.00","₹ 50,203.00",BRD-RTL
T015930,30/06/2021,F02174,input,NPK 10:26:26,35 kg,₹ 34.64,"₹ 1,212.40",BRD-RTL
T015931,26/06/2021,F02174,FERT_PURCHASE,PP chemicals,79 kg,₹ 223.32,"₹ 17,642.28",BRD-RTL
T015932,10/07/2021,F02174,FERT_PURCHASE,Hybrid Seeds,305 kg,₹ 88.90,"₹ 27,114.50",BRD-RTL
T015933,18/11/2021,F02178,delivery,GROUNDNUT (Pods),64.00 kgs,"₹ 7,995.00","₹ 5,116.80",BRD-RTL
T015934,11/10/2021,F02178,delivery,mungfali,"2,954.00 kgs","₹ 7,995.00","₹ 2,36,172.30",BRD-RTL
T015935,05/10/2021,F02178,Loan Repayment,EMI,,,"₹ 6,900.00",BRD-RTL
T015936,05/10/2021,F02179,delivery,Groundnut Pods,279.00 kgs,"₹ 8,075.00","₹ 22,529.25",BRD-RTL
T015937,01/10/2021,F02179,delivery,GROUNDNUT (Pods),1.07 t,"₹ 8,075.00","₹ 86,321.75",BRD-RTL
T015938,23/06/2021,F02179,FERT_PURCHASE,DAP,28 kgs,₹ 47.26,"₹ 1,323.28",BRD-RTL
T015939,30/11/2021,F02180,Delivery,Groundnut Pods,103 kg,"₹ 8,125.00","₹ 8,368.75",BRD-RTL
T015940,04/11/2021,F02180,delivery,Groundnut Pods,5.03 quintals,"₹ 8,125.00","₹ 40,868.75",BRD-RTL
T015941,12/11/2021,F02180,DELIVERY,GROUNDNUT (Pods),696.00 kgs,"₹ 8,125.00","₹ 56,550.00",BRD-RTL
T015942,04/07/2021,F02180,input,FERTILIZER 50kg bag,206 kg,₹ 56.43,"₹ 11,624.58",BRD-RTL
T015943,27/06/2021,F02180,input,Seeds,171 kgs,₹ 77.19,"₹ 13,199.49",BRD-RTL
T015944,16/10/2021,F02181,D,Groundnut Pods,12.21 quintals,"₹ 7,980.00","₹ 97,435.80",BRD-RTL
T015945,13/11/2021,F02181,Delivery,Groundnut Pods,276.00 kgs,"₹ 7,980.00","₹ 22,024.80",BRD-RTL
T015946,27/11/2021,F02181,FPO_DELIVERY,mungfali,444.00 kgs,"₹ 7,980.00","₹ 35,431.20",BRD-RTL
T015947,07/11/2021,F02181,D,Soybean (Yellow),"1,288.00 kgs","₹ 5,700.00","₹ 73,416.00",BRD-RTL
T015948,01/10/2021,F02181,FPO_DELIVERY,SOYABEAN,544 kg,"₹ 5,700.00","₹ 31,008.00",BRD-RTL
T015949,20/06/2021,F02181,I,Hybrid Seeds,79 kgs,₹ 65.66,"₹ 5,187.14",BRD-RTL
T015950,29/11/2021,F02184,FPO_DELIVERY,Groundnut,80 kg,"₹ 7,885.00","₹ 6,308.00",BRD-RTL
T015951,15/11/2021,F02184,Delivery,Groundnut,2437 kg,"₹ 7,885.00","₹ 1,92,157.45",BRD-RTL
T015952,26/10/2021,F02184,Delivery,Soybean (Yellow),1.76 t,"₹ 4,880.00","₹ 85,741.60",BRD-RTL
T015953,22/06/2021, F02184 ,Input Purchase,Fertilizer,42 kgs,₹ 56.24,"₹ 2,362.08",BRD-RTL
T015954,05/07/2021,F02184,Input Purchase,SEEDS,108 kgs,₹ 74.70,"₹ 8,067.60",BRD-RTL
T015955,06/07/2021,F02184,Input Purchase,PP chemicals,166 kg,₹ 178.59,"₹ 29,645.94",BRD-RTL
T015956,21/06/2021,F02184,Loan Repayment,Loan Repayment,,,"₹ 1,000.00",BRD-RTL
T015957,13/07/2021,F02184,L,EMI,,,"₹ 1,200.00",BRD-RTL
T015958,02/10/2021,F02185,DELIVERY,Groundnut Pods,14.2 qtl,"₹ 7,685.00","₹ 1,08,742.75",BRD-RTL
T015959,08/11/2021,F02185,Delivery,mungfali,428.00 kgs,"₹ 7,685.00","₹ 32,891.80",BRD-RTL
T015960,01/10/2021,f02185,Delivery,Groundnut Pods,0.3 qtl,"₹ 7,685.00","₹ 2,151.80",BRD-RTL
T015961,26/11/2021,f02186,FPO_DELIVERY,Groundnut Pods,2.27 quintals,"₹ 7,575.00","₹ 17,195.25",BRD-RTL
T015962,18/10/2021, F02186 ,DELIVERY,Groundnut Pods,0.1 qtl,"₹ 7,575.00",₹ 833.25,BRD-RTL
T015963,13/11/2021,F02189,D,Groundnut Pods,20.1 qtl,"₹ 8,270.00","₹ 1,66,640.50",BRD-RTL
T015964,29/10/2021,f02189,DELIVERY,Groundnut Pods,6.01 q,"₹ 8,270.00","₹ 49,702.70",BRD-RTL
T015965,02/11/2021,F02191,Delivery,Groundnut Pods,20.9 qtl,"₹ 8,135.00","₹ 1,69,696.10",BRD-RTL
T015966,03/11/2021,F02191,DELIVERY,soya,1520 kg,"₹ 5,190.00","₹ 78,888.00",BRD-RTL
T015967,10/10/2021,F02191,Delivery,soya,1.3 qtl,"₹ 5,190.00","₹ 6,539.40",BRD-RTL
T015968,10/09/2021,F02191,LOAN_REPAY,EMI,,,"₹ 1,100.00",BRD-RTL
T015969,08/10/2021,F02195,delivery,Groundnut Pods,14.21 quintals,"₹ 7,665.00","₹ 1,08,919.65",BRD-RTL
T015970,15/11/2021,F02195,D,mungfali,2.9 qtl,"₹ 7,665.00","₹ 21,845.25",BRD-RTL
T015971,19/06/2021,F02195,input,Seeds,305 kgs,₹ 54.33,"₹ 16,570.65",BRD-RTL
T015972,11/06/2021,F02195,INPUT_PURCHASE,NPK 10:26:26,183 kg,₹ 50.69,"₹ 9,276.27",BRD-RTL
T015973,09/06/2021,F02195,I,SEEDS,118 kgs,₹ 95.17,"₹ 11,230.06",BRD-RTL
T015974,22/08/2021,F02195,L,Loan Repayment,,,"₹ 7,700.00",BRD-RTL
T015975,19/08/2021,F02195,loan,Loan Repayment,,,"₹ 6,300.00",BRD-RTL
T015976,28/11/2021,F02196,FPO_DELIVERY,GROUNDNUT (Pods),1.44 MT,"₹ 7,940.00","₹ 1,14,415.40",BRD-RTL
T015977,03/10/2021,F02196,D,Groundnut,1.06 t,"₹ 7,940.00","₹ 84,322.80",BRD-RTL
T015978,21/06/2021,F02196,Input Purchase,Hybrid Seeds,240 kg,₹ 98.40,"₹ 23,616.00",BRD-RTL
T015979,11/10/2021,F02200,DELIVERY,mungfali,19.74 quintals,"₹ 7,235.00","₹ 1,42,818.90",BRD-RTL
T015980,26/10/2021,F02201,delivery,Groundnut Pods,7.35 q,"₹ 8,205.00","₹ 60,306.75",BRD-RTL
T015981,28/10/2021,F02201,Delivery,Groundnut,22.03 q,"₹ 8,205.00","₹ 1,80,756.15",BRD-RTL
T015982,16/11/2021,f02201,delivery,Soybean,13.1 qtl,"₹ 5,305.00","₹ 69,336.35",BRD-RTL
T015983,26/11/2021,F02201,delivery,SOYABEAN,773 kg,"₹ 5,305.00","₹ 41,007.65",BRD-RTL
T015984,01/06/2021,F02201,Input Purchase,Hybrid Seeds,108 kgs,₹ 76.39,"₹ 8,250.12",BRD-RTL
T015985,14/11/2021,F02202,Delivery,mungfali,17.4 qtl,"₹ 7,610.00","₹ 1,32,490.10",BRD-RTL
T015986,17/11/2021,F02202,DELIVERY,Groundnut,17.93 q,"₹ 7,610.00","₹ 1,36,447.30",BRD-RTL
T015987,07/06/2021,F02202,input,Seeds,53 kgs,₹ 58.50,"₹ 3,100.50",BRD-RTL
T015988,12/06/2021,F02202,INPUT_PURCHASE,Fertilizer,258 kgs,₹ 34.01,"₹ 8,774.58",BRD-RTL
T015989,17/06/2021,F02202,INPUT_PURCHASE,Seeds,176 kg,₹ 83.53,"₹ 14,701.28",BRD-RTL
T015990,20/06/2021, F02202 ,input,SEEDS,194 kg,₹ 126.13,"₹ 24,469.22",BRD-RTL
T015991,08/09/2021,F02202,loan,Loan Repayment,,,"₹ 7,800.00",BRD-RTL
T015992,12/10/2021,F02207,D,GROUNDNUT (Pods),18.59 quintals,"₹ 7,560.00","₹ 1,40,540.40",BRD-RTL
T015993,02/07/2021,F02207,input,Seeds,229 kgs,₹ 82.41,"₹ 18,871.89",BRD-RTL
T015994,07/06/2021,F02207,I,Hybrid Seeds,277 kgs,₹ 77.62,"₹ 21,500.74",BRD-RTL
T015995,09/06/2021,F02207,FERT_PURCHASE,Hybrid Seeds,261 kgs,₹ 94.75,"₹ 24,729.75",BRD-RTL
T015996,02/08/2021,F02207,Loan Repayment,EMI,,,"₹ 5,400.00",BRD-RTL
T015997,03/09/2021,f02207,LOAN_REPAY,EMI,,,"₹ 4,700.00",BRD-RTL
T015998,10/10/2021,F02208,Delivery,Groundnut,747.00 kgs,"₹ 7,845.00","₹ 58,602.15",BRD-RTL
T015999,01/07/2021,F02208,Input Purchase,Seeds,159 kgs,₹ 107.35,"₹ 17,068.65",BRD-RTL
T016000,22/06/2021,F02208,FERT_PURCHASE,PP chemicals,75 kgs,₹ 207.19,"₹ 15,539.25",BRD-RTL
T016001,14/10/2021,F02208,Loan Repayment,EMI,,,"₹ 4,500.00",BRD-RTL
T016002,28/06/2021,F02208,L,Loan Repayment,,,"₹ 5,500.00",BRD-RTL
T016003,16/11/2021,F02209,D,GROUNDNUT (Pods),15.8 qtl,"₹ 7,770.00","₹ 1,22,766.00",BRD-RTL
T016004,05/10/2021,F02209,FPO_DELIVERY,Groundnut,26.18 q,"₹ 7,770.00","₹ 2,03,418.60",BRD-RTL
T016005,02/10/2021,F02209,delivery,GROUNDNUT (Pods),3.23 quintals,"₹ 7,770.00","₹ 25,097.10",BRD-RTL
T016006,13/06/2021,F02209,FERT_PURCHASE,Urea,227 kg,₹ 49.53,"₹ 11,243.31",BRD-RTL
T016007,07/07/2021,F02209,FERT_PURCHASE,DAP,248 kg,₹ 53.16,"₹ 13,183.68",BRD-RTL
T016008,28/06/2021,F02209,I,SEEDS,246 kg,₹ 71.96,"₹ 17,702.16",BRD-RTL
T016009,14/06/2021,F02209,I,PP chemicals,317 kgs,₹ 691.24,"₹ 2,19,123.08",BRD-RTL
T016010,06/06/2021,F02209,Input Purchase,PPC,84 kgs,₹ 589.15,"₹ 49,488.60",BRD-RTL
T016011,22/11/2021,F02210,DELIVERY,Groundnut Pods,2.00 MT,"₹ 7,155.00","₹ 1,43,457.75",BRD-RTL
T016012,09/06/2021,F02210,input,Hybrid Seeds,157 kgs,₹ 51.92,"₹ 8,151.44",BRD-RTL
T016013,05/07/2021,F02210,I,Urea,310 kg,₹ 54.71,"₹ 16,960.10",BRD-RTL
T016014,15/06/2021,F02210,I,Seeds,158 kgs,₹ 67.51,"₹ 10,666.58",BRD-RTL
T016015,17/11/2021, F02211 ,Delivery,Groundnut,0.66 t,"₹ 8,055.00","₹ 52,760.25",BRD-RTL
T016016,17/11/2021,F02211,DELIVERY,mungfali,0.36 MT,"₹ 8,055.00","₹ 29,400.75",BRD-RTL
T016017,19/06/2021,F02211,Input Purchase,FERTILIZER 50kg bag,296 kg,₹ 59.80,"₹ 17,700.80",BRD-RTL
T016018,30/06/2021,F02211,I,NPK 10:26:26,30 kgs,₹ 42.49,"₹ 1,274.70",BRD-RTL
T016019,20/06/2021,F02211,Input Purchase,DAP,216 kg,₹ 40.29,"₹ 8,702.64",BRD-RTL
T016020,19/10/2021,F02211,L,Loan Repayment,,,"₹ 1,300.00",BRD-RTL
T016021,03/10/2021,F02217,Delivery,GROUNDNUT (Pods),2064 kg,"₹ 8,455.00","₹ 1,74,511.20",BRD-RTL
T016022,31/10/2021,F02217,delivery,GROUNDNUT (Pods),11.85 q,"₹ 8,455.00","₹ 1,00,191.75",BRD-RTL
T016023,17/06/2021,F02217,I,PP chemicals,251 kgs,₹ 509.42,"₹ 1,27,864.42",BRD-RTL
T016024,16/06/2021,F02217,INPUT_PURCHASE,Urea,,₹ 49.91,"₹ 9,333.17",BRD-RTL
T016090,17/11/2021,F02251,DELIVERY,Groundnut Pods,17.68 quintals,"₹ 8,545.00","₹ 1,51,075.60",BRD-RTL
T016091,18/06/2021,F02251,Input Purchase,FERTILIZER 50kg bag,139 kg,₹ 51.82,"₹ 7,202.98",BRD-RTL
T016092,26/06/2021,F02251,FERT_PURCHASE,Seeds,306 kg,₹ 100.59,"₹ 30,780.54",BRD-RTL
T016122,25/10/2021,F02272,FPO_DELIVERY,GROUNDNUT (Pods),2620 kg,"₹ 7,770.00","₹ 2,03,574.00",BRD-RTL
T016123,07/06/2021,F02272,I,Bio-pesticide,297 kg,₹ 202.49,"₹ 60,139.53",BRD-RTL
T016124,25/07/2021, F02272 ,loan,Loan Repayment,,,"₹ 3,500.00",BRD-RTL
T016208,01/10/2021,F02308,Delivery,GROUNDNUT (Pods),4.0 qtl,"₹ 7,490.00","₹ 30,034.90",BRD-RTL
T016209,28/10/2021,F02308,delivery,Groundnut,1414 kg,"₹ 7,490.00","₹ 1,05,908.60",BRD-RTL
T016210,03/07/2021,F02308,Input Purchase,FERTILIZER 50kg bag,42 kg,₹ 29.69,"₹ 1,246.98",BRD-RTL
T016211,20/06/2021,F02308,I,Bio-pesticide,50 kg,₹ 320.74,"₹ 16,037.00",BRD-RTL
T016212,10/06/2021,F02308,FERT_PURCHASE,DAP,308 kg,₹ 41.24,"₹ 12,701.92",BRD-RTL
T016228,31/10/2021,F02316,FPO_DELIVERY,Groundnut,554 kg,"₹ 7,940.00","₹ 43,987.60",BRD-RTL
T016229,03/10/2021,F02316,delivery,GROUNDNUT (Pods),"1,125.00 kgs","₹ 7,940.00","₹ 89,325.00",BRD-RTL
T016230,05/07/2021,f02316,Input Purchase,Hybrid Seeds,150 kgs,₹ 57.52,"₹ 8,628.00",BRD-RTL
T016231,07/08/2021,F02316,Loan Repayment,EMI,,,"₹ 2,500.00",BRD-RTL
T016258,14/10/2021,F02332,FPO_DELIVERY,Groundnut Pods,41 kg,"₹ 8,100.00","₹ 3,321.00",BRD-RTL
T016259,10/10/2021,f02332,FPO_DELIVERY,mungfali,10.5 qtl,"₹ 8,100.00","₹ 84,726.00",BRD-RTL
T016260,08/06/2021,F02332,FERT_PURCHASE,NPK 10:26:26,314 kg,₹ 52.77,"₹ 16,569.78",BRD-RTL
T016307,10/10/2021,F02352,Delivery,Groundnut Pods,20.07 quintals,"₹ 7,895.00","₹ 1,58,452.65",BRD-RTL
T016308,11/06/2021,F02352,input,Urea,84 kgs,₹ 49.58,"₹ 4,164.72",BRD-RTL
T016309,13/07/2021,F02352,FERT_PURCHASE,PPC,217 kg,₹ 206.36,"₹ 44,780.12",BRD-RTL
T016310,05/06/2021,F02352,FERT_PURCHASE,SEEDS,199 kg,₹ 103.80,"₹ 20,656.20",BRD-RTL
T016314,19/10/2021,F02356,DELIVERY,Groundnut,14.46 q,"₹ 7,380.00","₹ 1,06,714.80",BRD-RTL
T016315,17/11/2021,F02356,FPO_DELIVERY,GROUNDNUT (Pods),0.89 MT,"₹ 7,380.00","₹ 65,386.80",BRD-RTL
T016316,02/06/2021,F02356,Input Purchase,SEEDS,297 kg,₹ 45.89,"₹ 13,629.33",BRD-RTL
T016317,13/06/2021,F02356,Input Purchase,DAP,143 kgs,₹ 58.32,"₹ 8,339.76",BRD-RTL
T016318,02/10/2021,F02356,Loan Repayment,Loan Repayment,,,"₹ 7,300.00",BRD-RTL
T016334,29/11/2021,f02365,D,mungfali,294.00 kgs,"₹ 7,665.00","₹ 22,535.10",BRD-RTL
T016335,22/11/2021,F02365,DELIVERY,mungfali,4.94 quintals,"₹ 7,665.00","₹ 37,865.10",BRD-RTL
T016336,20/06/2021,F02365,INPUT_PURCHASE,Seeds,161 kg,₹ 123.41,"₹ 19,869.01",BRD-RTL
T016337,01/07/2021,f02365,INPUT_PURCHASE,Hybrid Seeds,275 kgs,₹ 53.47,"₹ 14,704.25",BRD-RTL
T016390,25/10/2021,F02383,FPO_DELIVERY,GROUNDNUT (Pods),10.11 q,"₹ 8,040.00","₹ 81,284.40",BRD-RTL
T016391,12/10/2021,f02383,FPO_DELIVERY,Groundnut Pods,59.00 kgs,"₹ 8,040.00","₹ 4,743.60",BRD-RTL
T016392,21/06/2021,f02383,Input Purchase,Fertilizer,167 kgs,₹ 49.28,"₹ 8,229.76",BRD-RTL
T016399,17/10/2021,F02386,D,GROUNDNUT (Pods),1009 kg,"₹ 7,905.00","₹ 79,761.45",BRD-RTL
T016400,28/11/2021,F02386,FPO_DELIVERY,Groundnut,1.94 quintals,"₹ 7,905.00","₹ 15,335.70",BRD-RTL
T016401,08/07/2021,F02386,FERT_PURCHASE,Fertilizer,147 kg,₹ 55.51,"₹ 8,159.97",BRD-RTL
T016440,04/10/2021,F02398,FPO_DELIVERY,Groundnut Pods,756 kg,"₹ 7,590.00","₹ 57,380.40",BRD-RTL
T016441,01/07/2021,F02398,input,SEEDS,204 kgs,₹ 124.67,"₹ 25,432.68",BRD-RTL
T016442,26/06/2021,F02398,input,Urea,304 kg,₹ 34.19,"₹ 10,393.76",BRD-RTL
T016443,19/07/2021,F02398,L,Loan Repayment,,,"₹ 7,300.00",BRD-RTL
T016450,19/10/2021,F02401,Delivery,GROUNDNUT (Pods),1.06 quintals,"₹ 7,540.00","₹ 7,992.40",BRD-RTL
T016451,17/10/2021,F02401,DELIVERY,Groundnut Pods,642 kg,"₹ 7,540.00","₹ 48,406.80",BRD-RTL
T016452,04/07/2021,F02401,I,FERTILIZER 50kg bag,195 kgs,₹ 44.14,"₹ 8,607.30",BRD-RTL
T016456,21/10/2021, F02403 ,DELIVERY,Groundnut,"1,008.00 kgs","₹ 7,210.00","₹ 72,676.80",BRD-RTL
T016457,26/06/2021,F02403,INPUT_PURCHASE,NPK 10:26:26,38 kg,₹ 58.09,"₹ 2,207.42",BRD-RTL
T018284,19/04/2022,F02064,D,Sarson,434 kg,"₹ 6,495.00","₹ 28,188.30",BRD-RTL
T018285,27/03/2022,F02064,FPO_DELIVERY,mustard (Yellow),20.54 quintals,"₹ 6,495.00","₹ 1,33,407.30",BRD-RTL
T018286,03/04/2022,F02064,Delivery,Mustard,0.18 MT,"₹ 6,495.00","₹ 11,691.00",BRD-RTL
T018287,12/01/2022,F02064,FERT_PURCHASE,Fertilizer,192 kg,₹ 30.64,"₹ 5,882.88",BRD-RTL
T018288,12/01/2022,F02064,Input Purchase,SEEDS,157 kgs,₹ 46.85,"₹ 7,355.45",BRD-RTL
T018289,04/12/2021,F02064,Input Purchase,SEEDS,58 kg,₹ 75.89,"₹ 4,401.62",BRD-RTL
T018290,08/12/2021,F02064,Input Purchase,SEEDS,261 kg,₹ 85.23,"₹ 22,245.03",BRD-RTL
T018291,07/12/2021,F02064,FERT_PURCHASE,Seeds,45 kg,₹ 84.47,"₹ 3,801.15",BRD-RTL
T018292,13/05/2022,F02065,DELIVERY,Mustard,2640 kg,"₹ 6,560.00","₹ 1,73,184.00",BRD-RTL
T018293,14/04/2022,f02065,D,mustard (Yellow),"1,148.00 kgs","₹ 6,560.00","₹ 75,308.80",BRD-RTL
T018294,12/12/2021,F02065,I,SEEDS,241 kgs,₹ 64.21,"₹ 15,474.61",BRD-RTL
T018295,02/12/2021,f02065,Input Purchase,SEEDS,179 kgs,₹ 104.23,"₹ 18,657.17",BRD-RTL
T018296,07/12/2021,F02065,FERT_PURCHASE,Bio-pesticide,83 kgs,₹ 419.60,"₹ 34,826.80",BRD-RTL
T018297,30/12/2021,F02065,Input Purchase,Hybrid Seeds,163 kgs,₹ 56.15,"₹ 9,152.45",BRD-RTL
T018298,22/04/2022,F02066,FPO_DELIVERY,Mustard,9.1 qtl,"₹ 6,545.00","₹ 59,232.25",BRD-RTL
T018299,09/12/2021, F02066 ,FERT_PURCHASE,Bio-pesticide,37 kg,₹ 182.06,"₹ 6,736.22",BRD-RTL
T018300,23/12/2021,f02066,input,PP chemicals,217 kgs,₹ 163.10,"₹ 35,392.70",BRD-RTL
T018301,09/04/2022,F02067,delivery,Sarson,4.91 quintals,"₹ 6,250.00","₹ 30,687.50",BRD-RTL
T018302,01/05/2022,F02067,FPO_DELIVERY,Yellow Mustard,7.20 quintals,"₹ 6,250.00","₹ 45,000.00",BRD-RTL
T018303,29/04/2022,F02067,FPO_DELIVERY,Gram,9.57 q,"₹ 5,820.00","₹ 55,697.40",BRD-RTL
T018304,25/04/2022,F02067,delivery,GRAM (Chana),217 kg,"₹ 5,820.00","₹ 12,629.40",BRD-RTL
T018305,09/12/2021,F02067,Input Purchase,Urea,162 kg,₹ 28.64,"₹ 4,639.68",BRD-RTL
T018306,30/04/2022,F02068,FPO_DELIVERY,Sarson,0.39 t,"₹ 6,790.00","₹ 26,752.60",BRD-RTL
T018307,25/04/2022,F02068,D,Yellow Mustard,794 kg,"₹ 6,790.00","₹ 53,912.60",BRD-RTL
T018308,06/12/2021,f02068,I,Bio-pesticide,30 kg,₹ 297.38,"₹ 8,921.40",BRD-RTL
T018309,01/12/2021,F02068,FERT_PURCHASE,NPK 10:26:26,216 kg,₹ 47.04,"₹ 10,160.64",BRD-RTL
T018310,27/03/2022,f02068,L,EMI,,,"₹ 7,000.00",BRD-RTL
T018311,29/03/2022,F02069,delivery,MUSTARD,1.02 quintals,"₹ 6,720.00","₹ 6,854.40",BRD-RTL
T018312,17/03/2022,F02069,D,mustard (Yellow),12.65 q,"₹ 6,720.00","₹ 85,008.00",BRD-RTL
T018313,12/05/2022,F02069,delivery,GRAM (Chana),0.88 t,"₹ 5,735.00","₹ 50,697.40",BRD-RTL
T018314,22/03/2022,F02069,FPO_DELIVERY,Gram,376 kg,"₹ 5,735.00","₹ 21,563.60",BRD-RTL
T018315,04/12/2021,F02069,INPUT_PURCHASE,DAP,43 kgs,₹ 42.21,"₹ 1,815.03",BRD-RTL
T018316,13/03/2022,F02070,FPO_DELIVERY,Sarson,11.79 quintals,"₹ 6,800.00","₹ 80,172.00",BRD-RTL
T018317,15/05/2022,F02070,D,mustard (Yellow),0.07 t,"₹ 6,800.00","₹ 4,964.00",BRD-RTL
T018318,19/12/2021,f02070,I,NPK 10:26:26,194 kgs,₹ 51.31,"₹ 9,954.14",BRD-RTL
T018319,28/04/2022,F02072,DELIVERY,Mustard,4667 kg,"₹ 6,185.00","₹ 2,88,653.95",BRD-RTL
T018320,15/05/2022,F02072,FPO_DELIVERY,Yellow Mustard,3.86 quintals,"₹ 6,185.00","₹ 23,874.10",BRD-RTL
T018321,09/05/2022,F02073,FPO_DELIVERY,Sarson,968 kg,"₹ 6,400.00","₹ 61,952.00",BRD-RTL
T018322,15/05/2022,F02073,D,Gram,3.6 qtl,"₹ 6,170.00","₹ 22,150.30",BRD-RTL
T018323,12/04/2022,F02073,Delivery,chana,554 kg,"₹ 6,170.00","₹ 34,181.80",BRD-RTL
T018324,23/12/2021,F02073,FERT_PURCHASE,FERTILIZER 50kg bag,156 kg,₹ 39.25,"₹ 6,123.00",BRD-RTL
T018325,13/03/2022,F02076,FPO_DELIVERY,Yellow Mustard,15.34 quintals,"₹ 6,250.00","₹ 95,875.00",BRD-RTL
T018326,01/03/2022,F02076,Delivery,Mustard,78.00 kgs,"₹ 6,250.00","₹ 4,875.00",BRD-RTL
T018327,08/04/2022,F02076,delivery,mustard (Yellow),5.8 qtl,"₹ 6,250.00","₹ 36,437.50",BRD-RTL
T018328,09/12/2021,F02076,FERT_PURCHASE,DAP,311 kgs,₹ 54.96,"₹ 17,092.56",BRD-RTL
T018329,12/01/2022,F02076,input,DAP,84 kg,₹ 39.87,"₹ 3,349.08",BRD-RTL
T018330,07/05/2022,F02079,DELIVERY,Yellow Mustard,641 kg,"₹ 6,595.00","₹ 42,273.95",BRD-RTL
T018331,22/04/2022,f02079,D,Yellow Mustard,249 kg,"₹ 6,595.00","₹ 16,421.55",BRD-RTL
T018332,08/12/2021,f02079,Input Purchase,Seeds,200 kgs,₹ 94.20,"₹ 18,840.00",BRD-RTL
T018333,23/12/2021,F02079,input,SEEDS,55 kg,₹ 104.55,"₹ 5,750.25",BRD-RTL
T018334,14/03/2022,F02080,delivery,mustard (Yellow),656.00 kgs,"₹ 6,185.00","₹ 40,573.60",BRD-RTL
T018335,13/05/2022,F02080,FPO_DELIVERY,Sarson,2.28 q,"₹ 6,185.00","₹ 14,101.80",BRD-RTL
T018336,10/12/2021,F02080,INPUT_PURCHASE,Seeds,96 kgs,₹ 93.91,"₹ 9,015.36",BRD-RTL
T018337,21/12/2021,F02080,FERT_PURCHASE,Urea,123 kgs,₹ 54.59,"₹ 6,714.57",BRD-RTL
T018338,01/12/2021,F02080,Input Purchase,NPK 10:26:26,258 kgs,₹ 56.46,"₹ 14,566.68",BRD-RTL
T018339,11/04/2022,F02081,D,Yellow Mustard,2.58 quintals,"₹ 7,045.00","₹ 18,176.10",BRD-RTL
T018340,25/03/2022,f02083,D,MUSTARD,1.58 q,"₹ 6,600.00","₹ 10,428.00",BRD-RTL
T018341,14/03/2022,F02083,FPO_DELIVERY,Yellow Mustard,13.65 q,"₹ 6,600.00","₹ 90,090.00",BRD-RTL
T018342,06/04/2022,F02085,delivery,MUSTARD,5.97 q,"₹ 6,580.00","₹ 39,282.60",BRD-RTL
T018343,13/03/2022,F02085,delivery,Yellow Mustard,1967 kg,"₹ 6,580.00","₹ 1,29,428.60",BRD-RTL
T018344,15/02/2022,F02085,L,EMI,,,"₹ 2,000.00",BRD-RTL
T018345,04/05/2022,F02085,LOAN_REPAY,Loan Repayment,,,"₹ 4,000.00",BRD-RTL
T018346,10/05/2022,F02085,loan,Loan Repayment,,,"₹ 1,700.00",BRD-RTL
T018347,15/04/2022,F02086,Delivery,Mustard,3.8 qtl,"₹ 6,230.00","₹ 23,362.50",BRD-RTL
T018348,07/05/2022,F02086,FPO_DELIVERY,mustard (Yellow),148 kg,"₹ 6,230.00","₹ 9,220.40",BRD-RTL
T018349,04/01/2022,F02086,I,NPK 10:26:26,50 kg,₹ 36.64,"₹ 1,832.00",BRD-RTL
T018350,11/01/2022,F02086,FERT_PURCHASE,Fertilizer,91 kgs,₹ 49.95,"₹ 4,545.45",BRD-RTL
T018351,26/04/2022,F02088,D,MUSTARD,0.03 MT,"₹ 7,085.00","₹ 1,771.25",BRD-RTL
T018352,21/04/2022,F02088,FPO_DELIVERY,Sarson,1568 kg,"₹ 7,085.00","₹ 1,11,092.80",BRD-RTL
T018353,07/12/2021,F02088,INPUT_PURCHASE,PP chemicals,87 kgs,₹ 242.38,"₹ 21,087.06",BRD-RTL
T018354,11/12/2021,F02088,FERT_PURCHASE,Seeds,59 kg,₹ 47.52,"₹ 2,803.68",BRD-RTL
T018355,31/12/2021,F02088,I,PPC,144 kgs,₹ 202.69,"₹ 29,187.36",BRD-RTL
T018356,16/04/2022,F02090,FPO_DELIVERY,MUSTARD,12.63 q,"₹ 6,385.00","₹ 80,642.55",BRD-RTL
T018357,27/12/2021,f02090,FERT_PURCHASE,PPC,147 kg,₹ 377.12,"₹ 55,436.64",BRD-RTL
T018358,14/12/2021,F02090,Input Purchase,SEEDS,311 kg,₹ 90.07,"₹ 28,011.77",BRD-RTL
T018359,14/01/2022,F02090,Input Purchase,Hybrid Seeds,41 kg,₹ 117.19,"₹ 4,804.79",BRD-RTL
T018360,30/12/2021,f02090,FERT_PURCHASE,Urea,255 kg,₹ 36.78,"₹ 9,378.90",BRD-RTL
T018361,32/01/2022,F02090,FERT_PURCHASE,Fertilizer,224 kg,₹ 51.74,"₹ 11,589.76",BRD-RTL
T018362,09/05/2022,F02091,Delivery,MUSTARD,23.25 quintals,"₹ 5,900.00","₹ 1,37,175.00",BRD-RTL
T018363,12/05/2022,f02091,Delivery,Gram,"1,457.00 kgs","₹ 6,755.00","₹ 98,420.35",BRD-RTL
T018364,03/03/2022,F02091,DELIVERY,GRAM (Chana),39.00 kgs,"₹ 6,755.00","₹ 2,634.45",BRD-RTL
T018365,14/03/2022,F02092,D,Mustard,0.07 MT,"₹ 6,295.00","₹ 4,532.40",BRD-RTL
T018366,06/05/2022, F02092 ,FPO_DELIVERY,mustard (Yellow),8.11 q,"₹ 6,295.00","₹ 51,052.45",BRD-RTL
T018367,27/03/2022,F02092,DELIVERY,MUSTARD,5.0 qtl,"₹ 6,295.00","₹ 31,412.05",BRD-RTL
T018368,13/12/2021,F02092,FERT_PURCHASE,Hybrid Seeds,197 kgs,₹ 124.68,"₹ 24,561.96",BRD-RTL
T018369,05/05/2022,F02093,delivery,Sarson,8.7 qtl,"₹ 6,900.00","₹ 59,961.00",BRD-RTL
T018370,22/04/2022,F02093,Delivery,Bengal Gram,1.57 quintals,"₹ 6,910.00","₹ 10,848.70",BRD-RTL
T018371,19/04/2022, F02093 ,delivery,chana,6.13 q,"₹ 6,910.00","₹ 42,358.30",BRD-RTL
T018372,12/02/2022,F02093,Loan Repayment,Loan Repayment,,,"₹ 2,900.00",BRD-RTL
T018373,14/04/2022,F02093,L,Loan Repayment,,,"₹ 7,300.00",BRD-RTL
T018374,17/04/2022,f02095,DELIVERY,Sarson,4.90 t,"₹ 6,540.00","₹ 3,20,329.20",BRD-RTL
T018375,14/12/2021,F02095,FERT_PURCHASE,Urea,264 kgs,₹ 43.48,"₹ 11,478.72",BRD-RTL
T018376,19/12/2021,F02095,Input Purchase,FERTILIZER 50kg bag,316 kgs,₹ 28.04,"₹ 8,860.64",BRD-RTL
T018377,18/04/2022,F02096,Delivery,mustard (Yellow),254.00 kgs,"₹ 6,340.00","₹ 16,103.60",BRD-RTL
T018378,06/04/2022,f02096,D,mustard (Yellow),2.4 qtl,"₹ 6,340.00","₹ 15,406.20",BRD-RTL
T018379,07/12/2021,F02096,Loan Repayment,Loan Repayment,,,"₹ 1,300.00",BRD-RTL
T018380,10/01/2022,f02096,LOAN_REPAY,Loan Repayment,,,"₹ 1,700.00",BRD-RTL
T018381,10/04/2022,F02097,Delivery,Sarson,151.00 kgs,"₹ 6,385.00","₹ 9,641.35",BRD-RTL
T018382,13/05/2022,F02097,D,Mustard,6.43 quintals,"₹ 6,385.00","₹ 41,055.55",BRD-RTL
T018383,06/04/2022,f02097,FPO_DELIVERY,Yellow Mustard,13.88 quintals,"₹ 6,385.00","₹ 88,623.80",BRD-RTL
T018384,07/01/2022,F02097,FERT_PURCHASE,Bio-pesticide,121 kg,₹ 167.33,"₹ 20,246.93",BRD-RTL
T018385,04/03/2022,F02104,FPO_DELIVERY,mustard (Yellow),0.05 t,"₹ 6,745.00","₹ 3,439.95",BRD-RTL
T018386,21/04/2022,F02104,FPO_DELIVERY,Mustard,3.47 q,"₹ 6,745.00","₹ 23,405.15",BRD-RTL
T018387,06/01/2022,F02104,Input Purchase,FERTILIZER 50kg bag,40 kgs,₹ 51.04,"₹ 2,041.60",BRD-RTL
T018388,09/01/2022,F02104,FERT_PURCHASE,FERTILIZER 50kg bag,191 kg,₹ 55.67,"₹ 10,632.97",BRD-RTL
T018389,10/12/2021,F02104,I,FERTILIZER 50kg bag,243 kg,₹ 48.04,"₹ 11,673.72",BRD-RTL
T018390,21/12/2021,F02104,Input Purchase,DAP,238 kg,₹ 45.57,"₹ 10,845.66",BRD-RTL
T018391,12/12/2021,F02104,Input Purchase,DAP,308 kgs,₹ 39.91,"₹ 12,292.28",BRD-RTL
T018392,18/03/2022,F02104,loan,EMI,,,"₹ 3,200.00",BRD-RTL
T018393,23/03/2022,F02104,loan,Loan Repayment,,,"₹ 7,100.00",BRD-RTL
T018394,12/03/2022,F02105,DELIVERY,MUSTARD,0.67 q,"₹ 6,450.00","₹ 4,321.50",BRD-RTL
T018395,14/05/2022,F02105,FPO_DELIVERY,MUSTARD,6.79 q,"₹ 6,450.00","₹ 43,795.50",BRD-RTL
T018396,05/12/2021,F02105,Input Purchase,FERTILIZER 50kg bag,73 kgs,₹ 40.20,"₹ 2,934.60",BRD-RTL
T018397,06/01/2022,F02105,FERT_PURCHASE,Urea,37 kg,₹ 38.15,"₹ 1,411.55",BRD-RTL
T018398,01/03/2022,F02105,L,EMI,,,"₹ 4,900.00",BRD-RTL
T018399,21/03/2022,F02106,DELIVERY,Mustard,7.59 quintals,"₹ 6,660.00","₹ 50,549.40",BRD-RTL
T018400,18/03/2022,F02106,FPO_DELIVERY,mustard (Yellow),371.00 kgs,"₹ 6,660.00","₹ 24,708.60",BRD-RTL
T018401,11/04/2022,F02107,D,Sarson,15.6 qtl,"₹ 6,545.00","₹ 1,02,036.55",BRD-RTL
T018402,09/04/2022,F02107,D,Mustard,0.6 qtl,"₹ 6,545.00","₹ 3,599.75",BRD-RTL
T018403,16/03/2022,F02107,D,Bengal Gram,1335 kg,"₹ 6,690.00","₹ 89,311.50",BRD-RTL
T018404,06/12/2021,F02107,INPUT_PURCHASE,SEEDS,283 kg,₹ 113.42,"₹ 32,097.86",BRD-RTL
T018405,08/01/2022,F02107,Input Purchase,Fertilizer,55 kg,₹ 30.78,"₹ 1,692.90",BRD-RTL
T018406,17/12/2021,F02107,FERT_PURCHASE,NPK 10:26:26,254 kgs,₹ 57.82,"₹ 14,686.28",BRD-RTL
T018407,24/04/2022,f02108,delivery,mustard (Yellow),1.09 MT,"₹ 6,410.00","₹ 69,740.80",BRD-RTL
T018408,22/04/2022,F02108,Delivery,MUSTARD,9.42 q,"₹ 6,410.00","₹ 60,382.20",BRD-RTL
T018409,13/01/2022,F02108,input,Urea,307 kgs,₹ 59.97,"₹ 18,410.79",BRD-RTL
T018410,10/12/2021,F02108,Input Purchase,Hybrid Seeds,215 kg,₹ 122.35,"₹ 26,305.25",BRD-RTL
T018411,06/01/2022,F02108,Input Purchase,DAP,83 kgs,₹ 47.81,"₹ 3,968.23",BRD-RTL
T018412,01/12/2021,F02108,input,NPK 10:26:26,233 kgs,₹ 58.23,"₹ 13,567.59",BRD-RTL
T018413,12/05/2022,F02121,D,Mustard,923.00 kgs,"₹ 6,745.00","₹ 62,256.35",BRD-RTL
T018414,10/03/2022,f02121,D,MUSTARD,0.19 t,"₹ 6,745.00","₹ 12,882.95",BRD-RTL
T018415,15/05/2022,F02121,D,Mustard,1.98 quintals,"₹ 6,745.00","₹ 13,355.10",BRD-RTL
T018416,05/12/2021, F02121 ,I,Urea,107 kg,₹ 51.56,"₹ 5,516.92",BRD-RTL
T018417,20/12/2021,F02121,Input Purchase,PP chemicals,82 kgs,₹ 442.74,"₹ 36,304.68",BRD-RTL
T018418,05/04/2022,F02123,Delivery,mustard (Yellow),10.85 q,"₹ 6,580.00","₹ 71,393.00",BRD-RTL
T018419,14/01/2022,F02123,Input Purchase,SEEDS,66 kg,₹ 86.86,"₹ 5,732.76",BRD-RTL
T018420,25/03/2022,F02128,delivery,Sarson,503 kg,"₹ 6,535.00","₹ 32,871.05",BRD-RTL
T018421,13/03/2022,F02128,delivery,Sarson,16.41 q,"₹ 6,535.00","₹ 1,07,239.35",BRD-RTL
T018422,09/01/2022,F02128,input,PPC,266 kgs,₹ 419.22,"₹ 1,11,512.52",BRD-RTL
T018423,19/04/2022,f02129,DELIVERY,Sarson,408 kg,"₹ 6,495.00","₹ 26,499.60",BRD-RTL
T018424,13/05/2022,F02129,Delivery,Mustard,50 kg,"₹ 6,495.00","₹ 3,247.50",BRD-RTL
T018425,14/03/2022,F02129,DELIVERY,Yellow Mustard,"1,071.00 kgs","₹ 6,495.00","₹ 69,561.45",BRD-RTL
T018426,10/04/2022,F02129,DELIVERY,Gram,11.64 q,"₹ 6,435.00","₹ 74,903.40",BRD-RTL
T018427,09/04/2022,F02129,DELIVERY,GRAM (Chana),0.60 q,"₹ 6,435.00","₹ 3,861.00",BRD-RTL
T018428,10/01/2022,F02129,Input Purchase,FERTILIZER 50kg bag,69 kg,₹ 28.24,"₹ 1,948.56",BRD-RTL
T018429,13/01/2022,F02129,Input Purchase,Hybrid Seeds,72 kgs,₹ 124.02,"₹ 8,929.44",BRD-RTL
T018430,22/12/2021,F02129,input,DAP,151 kgs,₹ 32.88,"₹ 4,964.88",BRD-RTL
T018431,01/05/2022,f02133,delivery,mustard (Yellow),1.08 MT,"₹ 5,970.00","₹ 64,714.80",BRD-RTL
T018432,02/03/2022,F02133,FPO_DELIVERY,Sarson,161 kg,"₹ 5,970.00","₹ 9,611.70",BRD-RTL
T018433,10/03/2022,F02133,FPO_DELIVERY,GRAM (Chana),1.10 t,"₹ 6,030.00","₹ 66,330.00",BRD-RTL
T018434,27/12/2021, F02133 ,I,Seeds,42 kg,₹ 80.59,"₹ 3,384.78",BRD-RTL
T018435,30/12/2021,f02133,FERT_PURCHASE,FERTILIZER 50kg bag,55 kgs,₹ 30.32,"₹ 1,667.60",BRD-RTL
T018436,15/05/2022,F02134,delivery,Yellow Mustard,8.62 quintals,"₹ 6,730.00","₹ 58,012.60",BRD-RTL
T018437,26/12/2021,F02134,Input Purchase,Seeds,111 kgs,₹ 60.48,"₹ 6,713.28",BRD-RTL
T018438,01/12/2021,F02134,I,Fertilizer,236 kgs,₹ 35.91,"₹ 8,474.76",BRD-RTL
T018439,06/03/2022,F02137,DELIVERY,mustard (Yellow),2154 kg,"₹ 6,455.00","₹ 1,39,040.70",BRD-RTL
T018440,22/12/2021, F02137 ,I,FERTILIZER 50kg bag,308 kg,₹ 42.70,"₹ 13,151.60",BRD-RTL
T018441,24/12/2021,F02137,L,Loan Repayment,,,"₹ 7,000.00",BRD-RTL
T018442,13/05/2022, F02138 ,delivery,Sarson,617.00 kgs,"₹ 6,510.00","₹ 40,166.70",BRD-RTL
T018443,29/04/2022,F02138,delivery,Gram,4.8 qtl,"₹ 5,935.00","₹ 28,784.75",BRD-RTL
T018444,08/12/2021,F02138,input,FERTILIZER 50kg bag,296 kgs,₹ 49.03,"₹ 14,512.88",BRD-RTL
T018445,27/12/2021,F02138,INPUT_PURCHASE,Bio-pesticide,149 kg,₹ 502.67,"₹ 74,897.83",BRD-RTL
T018446,23/01/2022,F02138,Loan Repayment,Loan Repayment,,,"₹ 4,400.00",BRD-RTL
T018447,10/04/2022,f02139,FPO_DELIVERY,MUSTARD,9.10 q,"₹ 6,110.00","₹ 55,601.00",BRD-RTL
T018448,30/03/2022,F02139,FPO_DELIVERY,MUSTARD,28.27 quintals,"₹ 6,110.00","₹ 1,72,729.70",BRD-RTL
T018449,08/12/2021,F02139,input,Hybrid Seeds,284 kg,₹ 117.06,"₹ 33,245.04",BRD-RTL
T018450,14/01/2022,F02139,INPUT_PURCHASE,Urea,105 kg,₹ 33.99,"₹ 3,568.95",BRD-RTL
T018451,06/01/2022,f02139,I,NPK 10:26:26,162 kgs,₹ 42.90,"₹ 6,949.80",BRD-RTL
T018452,05/02/2022,F02139,loan,Loan Repayment,,,"₹ 7,500.00",BRD-RTL
T018453,05/03/2022,f02141,Delivery,mustard (Yellow),4.63 quintals,"₹ 6,650.00","₹ 30,789.50",BRD-RTL
T018454,03/04/2022,F02141,FPO_DELIVERY,mustard (Yellow),490.00 kgs,"₹ 6,650.00","₹ 32,585.00",BRD-RTL
T018455,16/03/2022,F02141,delivery,Gram,8.51 quintals,"₹ 6,010.00","₹ 51,145.10",BRD-RTL
T018456,05/04/2022,F02141,Loan Repayment,EMI,,,"₹ 2,800.00",BRD-RTL
T018457,14/04/2022,F02144,delivery,Mustard,17.37 quintals,"₹ 6,570.00","₹ 1,14,120.90",BRD-RTL
T018458,22/12/2021,F02144,input,NPK 10:26:26,297 kgs,₹ 54.23,"₹ 16,106.31",BRD-RTL
T018459,01/12/2021,F02144,Input Purchase,SEEDS,151 kgs,₹ 68.03,"₹ 10,272.53",BRD-RTL
T018460,15/05/2022,F02145,D,Sarson,3060 kg,"₹ 6,155.00","₹ 1,88,343.00",BRD-RTL
T018461,13/01/2022,f02145,input,FERTILIZER 50kg bag,302 kg,₹ 34.92,"₹ 10,545.84",BRD-RTL
T018462,02/01/2022,F02145,INPUT_PURCHASE,Seeds,281 kg,₹ 73.85,"₹ 20,751.85",BRD-RTL
T018463,05/04/2022,F02146,delivery,Yellow Mustard,10.1 qtl,"₹ 6,070.00","₹ 61,064.20",BRD-RTL
T018464,27/03/2022,F02146,Delivery,mustard (Yellow),1.1 qtl,"₹ 6,070.00","₹ 6,677.00",BRD-RTL
T018465,20/12/2021,F02146,I,Urea,311 kg,₹ 52.24,"₹ 16,246.64",BRD-RTL
T018466,13/12/2021,F02146,FERT_PURCHASE,Urea,256 kg,₹ 28.35,"₹ 7,257.60",BRD-RTL
T018467,14/01/2022,F02146,I,Fertilizer,247 kgs,₹ 55.90,"₹ 13,807.30",BRD-RTL
T018468,28/12/2021,F02146,input,Hybrid Seeds,210 kg,₹ 74.40,"₹ 15,624.00",BRD-RTL
T018469,27/04/2022, F02147 ,DELIVERY,mustard (Yellow),1.2 qtl,"₹ 6,440.00","₹ 7,856.80",BRD-RTL
T018470,11/04/2022,f02147,DELIVERY,Sarson,18.29 q,"₹ 6,440.00","₹ 1,17,787.60",BRD-RTL
T018471,09/05/2022,f02147,DELIVERY,GRAM (Chana),0.79 q,"₹ 6,595.00","₹ 5,210.05",BRD-RTL
T018472,13/05/2022,F02147,D,GRAM (Chana),"1,278.00 kgs","₹ 6,595.00","₹ 84,284.10",BRD-RTL
T018473,17/12/2021,F02147,INPUT_PURCHASE,Fertilizer,255 kgs,₹ 40.50,"₹ 10,327.50",BRD-RTL
T018474,13/12/2021,F02147,FERT_PURCHASE,Hybrid Seeds,291 kgs,₹ 115.66,"₹ 33,657.06",BRD-RTL
T018475,11/04/2022,F02149,D,mustard (Yellow),1.82 MT,"₹ 7,060.00","₹ 1,28,703.80",BRD-RTL
T018476,20/04/2022,F02149,D,Bengal Gram,7.0 qtl,"₹ 6,280.00","₹ 43,897.20",BRD-RTL
T018477,26/04/2022,F02149,Delivery,chana,902.00 kgs,"₹ 6,280.00","₹ 56,645.60",BRD-RTL
T018478,02/01/2022,F02149,I,NPK 10:26:26,92 kg,₹ 56.92,"₹ 5,236.64",BRD-RTL
T018479,08/01/2022,F02149,L,Loan Repayment,,,"₹ 3,800.00",BRD-RTL
T018480,02/04/2022, F02151 ,DELIVERY,Mustard,12.1 qtl,"₹ 6,560.00","₹ 79,441.60",BRD-RTL
T018481,11/12/2021,F02151,I,Seeds,289 kgs,₹ 90.93,"₹ 26,278.77",BRD-RTL
T018482,19/12/2021,f02151,Input Purchase,Seeds,204 kgs,₹ 90.06,"₹ 18,372.24",BRD-RTL
T018483,13/01/2022,F02151,FERT_PURCHASE,Bio-pesticide,198 kg,₹ 546.66,"₹ 1,08,238.68",BRD-RTL
T018484,08/05/2022, F02154 ,D,Sarson,21.70 quintals,"₹ 6,050.00","₹ 1,31,285.00",BRD-RTL
T018485,06/12/2021,F02154,Input Purchase,PP chemicals,43 kg,₹ 304.32,"₹ 13,085.76",BRD-RTL
T018486,02/04/2022,F02154,LOAN_REPAY,EMI,,,"₹ 6,300.00",BRD-RTL
T018487,02/05/2022,F02154,loan,EMI,,,"₹ 4,900.00",BRD-RTL
T018488,06/04/2022,f02156,FPO_DELIVERY,Sarson,"1,108.00 kgs","₹ 6,440.00","₹ 71,355.20",BRD-RTL
T018489,02/05/2022,f02156,Delivery,Yellow Mustard,575 kg,"₹ 6,440.00","₹ 37,030.00",BRD-RTL
T018490,09/01/2022,F02156,INPUT_PURCHASE,Urea,294 kgs,₹ 58.13,"₹ 17,090.22",BRD-RTL
T018491,03/12/2021, F02156 ,INPUT_PURCHASE,Urea,64 kg,₹ 44.89,"₹ 2,872.96",BRD-RTL
T018492,14/04/2022,F02157,D,Mustard,335.00 kgs,"₹ 6,175.00","₹ 20,686.25",BRD-RTL
T018493,28/04/2022,F02157,delivery,Sarson,1.26 MT,"₹ 6,175.00","₹ 77,619.75",BRD-RTL
T018494,17/12/2021,F02157,I,NPK 10:26:26,63 kgs,₹ 47.90,"₹ 3,017.70",BRD-RTL
T018495,21/02/2022,F02157,LOAN_REPAY,EMI,,,"₹ 3,900.00",BRD-RTL
T018496,05/12/2021,F02157,loan,Loan Repayment,,,"₹ 3,300.00",BRD-RTL
T018497,27/03/2022,F02158,FPO_DELIVERY,MUSTARD,28.67 quintals,"₹ 6,370.00","₹ 1,82,627.90",BRD-RTL
T018498,11/03/2022,F02158,Delivery,MUSTARD,0.38 quintals,"₹ 6,370.00","₹ 2,420.60",BRD-RTL
T018499,06/12/2021,F02158,LOAN_REPAY,Loan Repayment,,,"₹ 5,600.00",BRD-RTL
T018500,05/05/2022,F02158,LOAN_REPAY,Loan Repayment,,,"₹ 5,900.00",BRD-RTL
T018501,18/03/2022,F02161,delivery,Yellow Mustard,4.4 qtl,"₹ 6,350.00","₹ 27,749.50",BRD-RTL
T018502,18/03/2022,F02161,FPO_DELIVERY,Mustard,12.1 qtl,"₹ 6,350.00","₹ 76,581.00",BRD-RTL
T018503,13/03/2022,F02162,D,MUSTARD,2.0 qtl,"₹ 6,165.00","₹ 12,145.05",BRD-RTL
T018504,26/03/2022,f02162,Delivery,Sarson,4.58 quintals,"₹ 6,165.00","₹ 28,235.70",BRD-RTL
T018505,20/04/2022,F02162,Delivery,Gram,1.48 quintals,"₹ 5,655.00","₹ 8,369.40",BRD-RTL
T018506,01/05/2022,F02162,FPO_DELIVERY,Bengal Gram,442.00 kgs,"₹ 5,655.00","₹ 24,995.10",BRD-RTL
T018507,05/03/2022,F02163,delivery,Sarson,8.5 qtl,"₹ 6,970.00","₹ 59,175.30",BRD-RTL
T018508,26/03/2022,F02163,Delivery,Mustard,1.58 quintals,"₹ 6,970.00","₹ 11,012.60",BRD-RTL
T018509,29/12/2021,F02163,I,Hybrid Seeds,165 kg,₹ 68.28,"₹ 11,266.20",BRD-RTL
T018510,18/12/2021,F02163,I,SEEDS,234 kg,₹ 80.39,"₹ 18,811.26",BRD-RTL
T018511,06/12/2021,F02163,Input Purchase,Urea,178 kgs,₹ 34.07,"₹ 6,064.46",BRD-RTL
T018512,10/12/2021,F02163,LOAN_REPAY,Loan Repayment,,,₹ 800.00,BRD-RTL
T018513,12/03/2022,F02168,delivery,Yellow Mustard,39.3 qtl,"₹ 6,090.00","₹ 2,39,276.10",BRD-RTL
T018514,02/04/2022,F02168,delivery,chana,37.8 qtl,"₹ 6,715.00","₹ 2,53,558.40",BRD-RTL
T018515,31/12/2021,F02168,input,Urea,264 kgs,₹ 36.24,"₹ 9,567.36",BRD-RTL
T018516,07/04/2022,F02168,Loan Repayment,Loan Repayment,,,"₹ 6,300.00",BRD-RTL
T018517,11/05/2022,F02174,DELIVERY,mustard (Yellow),199.00 kgs,"₹ 6,830.00","₹ 13,591.70",BRD-RTL
T018518,06/03/2022,F02174,Delivery,MUSTARD,510.00 kgs,"₹ 6,830.00","₹ 34,833.00",BRD-RTL
T018519,25/12/2021,F02174,INPUT_PURCHASE,Hybrid Seeds,200 kg,₹ 73.73,"₹ 14,746.00",BRD-RTL
T018520,16/12/2021,F02174,INPUT_PURCHASE,Urea,195 kg,₹ 38.90,"₹ 7,585.50",BRD-RTL
T018521,25/04/2022,f02178,delivery,Mustard,25.86 q,"₹ 6,225.00","₹ 1,60,978.50",BRD-RTL
T018522,16/12/2021,F02178,Input Purchase,Bio-pesticide,118 kgs,₹ 648.37,"₹ 76,507.66",BRD-RTL
T018523,31/01/2022,f02178,loan,Loan Repayment,,,"₹ 7,900.00",BRD-RTL
T018524,23/02/2022,F02178,Loan Repayment,Loan Repayment,,,"₹ 2,600.00",BRD-RTL
T018525,30/01/2022,F02178,LOAN_REPAY,Loan Repayment,,,"₹ 3,900.00",BRD-RTL
T018526,03/03/2022,F02178,Loan Repayment,Loan Repayment,,,"₹ 6,000.00",BRD-RTL
T018527,02/05/2022,F02179,Delivery,MUSTARD,127 kg,"₹ 6,595.00","₹ 8,375.65",BRD-RTL
T018528,20/04/2022,F02179,delivery,MUSTARD,235 kg,"₹ 6,595.00","₹ 15,498.25",BRD-RTL
T018529,24/04/2022,f02180,D,Yellow Mustard,11.76 quintals,"₹ 6,445.00","₹ 75,793.20",BRD-RTL
T018530,08/03/2022,F02180,FPO_DELIVERY,GRAM (Chana),8.33 quintals,"₹ 6,590.00","₹ 54,894.70",BRD-RTL
T018531,29/04/2022,F02181,D,Mustard,5.1 qtl,"₹ 7,290.00","₹ 37,033.20",BRD-RTL
T018532,30/04/2022,F02181,FPO_DELIVERY,Sarson,273 kg,"₹ 7,290.00","₹ 19,901.70",BRD-RTL
T018533,12/04/2022,F02181,Delivery,Sarson,4.89 quintals,"₹ 7,290.00","₹ 35,648.10",BRD-RTL
T018534,11/03/2022,F02184,delivery,Yellow Mustard,"1,928.00 kgs","₹ 6,665.00","₹ 1,28,501.20",BRD-RTL
T018535,11/12/2021,F02184,L,Loan Repayment,,,"₹ 3,200.00",BRD-RTL
T018536,31/05/2022,F02184,L,EMI,,,"₹ 1,500.00",BRD-RTL
T018537,16/02/2022,F02184,loan,Loan Repayment,,,"₹ 4,400.00",BRD-RTL
T018538,09/01/2022,F02184,loan,EMI,,,"₹ 7,900.00",BRD-RTL
T018539,09/04/2022,F02185,D,Mustard,"1,294.00 kgs","₹ 6,605.00","₹ 85,468.70",BRD-RTL
T018540,17/12/2021,F02185,INPUT_PURCHASE,Hybrid Seeds,67 kg,₹ 96.47,"₹ 6,463.49",BRD-RTL
T018541,01/01/2022,f02185,I,Urea,189 kg,₹ 28.40,"₹ 5,367.60",BRD-RTL
T018542,24/04/2022,F02189,delivery,MUSTARD,"1,184.00 kgs","₹ 6,750.00","₹ 79,920.00",BRD-RTL
T018543,26/04/2022,F02189,delivery,mustard (Yellow),701.00 kgs,"₹ 6,750.00","₹ 47,317.50",BRD-RTL
T018544,13/03/2022,F02189,Delivery,chana,14.4 qtl,"₹ 6,380.00","₹ 91,808.20",BRD-RTL
T018545,09/01/2022,F02189,FERT_PURCHASE,FERTILIZER 50kg bag,246 kgs,₹ 50.07,"₹ 12,317.22",BRD-RTL
T018546,14/12/2021,F02189,FERT_PURCHASE,Fertilizer,314 kg,₹ 34.07,"₹ 10,697.98",BRD-RTL
T018547,03/04/2022,F02191,delivery,MUSTARD,876.00 kgs,"₹ 6,455.00","₹ 56,545.80",BRD-RTL
T018548,29/04/2022,f02191,DELIVERY,mustard (Yellow),542.00 kgs,"₹ 6,455.00","₹ 34,986.10",BRD-RTL
T018549,15/01/2022,F02191,I,FERTILIZER 50kg bag,134 kg,₹ 37.19,"₹ 4,983.46",BRD-RTL
T018550,18/03/2022,F02195,FPO_DELIVERY,MUSTARD,828.00 kgs,"₹ 6,560.00","₹ 54,316.80",BRD-RTL
T018551,04/03/2022,F02195,delivery,Sarson,3.77 quintals,"₹ 6,560.00","₹ 24,731.20",BRD-RTL
T018552,10/05/2022,f02195,Delivery,GRAM (Chana),6.74 q,"₹ 6,500.00","₹ 43,810.00",BRD-RTL
T018553,01/05/2022,F02195,FPO_DELIVERY,GRAM (Chana),273.00 kgs,"₹ 6,500.00","₹ 17,745.00",BRD-RTL
T018554,10/12/2021,F02195,Input Purchase,Fertilizer,205 kg,₹ 33.26,"₹ 6,818.30",BRD-RTL
T018555,09/01/2022,F02195,input,SEEDS,226 kg,₹ 121.86,"₹ 27,540.36",BRD-RTL
T018556,09/04/2022, F02196 ,Delivery,MUSTARD,17.5 qtl,"₹ 5,785.00","₹ 1,01,121.80",BRD-RTL
T018557,30/04/2022,F02201,delivery,mustard (Yellow),2.05 MT,"₹ 6,135.00","₹ 1,25,890.20",BRD-RTL
T018558,27/04/2022,f02201,DELIVERY,Mustard,0.2 qtl,"₹ 6,135.00","₹ 1,349.70",BRD-RTL
T018559,20/12/2021,f02201,INPUT_PURCHASE,Urea,115 kgs,₹ 34.80,"₹ 4,002.00",BRD-RTL
T018560,06/05/2022,F02202,Delivery,Mustard,2060 kg,"₹ 6,055.00","₹ 1,24,733.00",BRD-RTL
T018561,20/04/2022,F02202,FPO_DELIVERY,Mustard,148.00 kgs,"₹ 6,055.00","₹ 8,961.40",BRD-RTL
T018562,20/12/2021,F02202,INPUT_PURCHASE,DAP,107 kg,₹ 37.90,"₹ 4,055.30",BRD-RTL
T018563,07/01/2022,f02202,Input Purchase,PP chemicals,306 kg,₹ 256.96,"₹ 78,629.76",BRD-RTL
T018564,27/04/2022,F02202,L,EMI,,,"₹ 2,500.00",BRD-RTL
T018565,22/03/2022,f02207,D,mustard (Yellow),15.88 quintals,"₹ 6,520.00","₹ 1,03,537.60",BRD-RTL
T018566,13/12/2021,F02207,Input Purchase,Fertilizer,113 kg,₹ 48.04,"₹ 5,428.52",BRD-RTL
T018567,09/12/2021,,INPUT_PURCHASE,Seeds,287 kg,₹ 107.58,"₹ 30,875.46",BRD-RTL
T018568,13/12/2021,F02207,input,DAP,243 kgs,₹ 41.78,"₹ 10,152.54",BRD-RTL
T018569,21/01/2022,F02207,L,Loan Repayment,,,"₹ 4,600.00",BRD-RTL
T018570,18/03/2022,f02208,D,Mustard,15 kg,"₹ 6,290.00",₹ 943.50,BRD-RTL
T018571,10/03/2022,F02208,Delivery,Sarson,6.22 q,"₹ 6,290.00","₹ 39,123.80",BRD-RTL
T018572,08/05/2022,F02208,FPO_DELIVERY,Bengal Gram,5.7 qtl,"₹ 5,950.00","₹ 33,617.50",BRD-RTL
T018573,26/12/2021,F02208,Input Purchase,SEEDS,121 kg,₹ 84.04,"₹ 10,168.84",BRD-RTL
T018574,21/12/2021,F02208,INPUT_PURCHASE,SEEDS,30 kgs,₹ 47.90,"₹ 1,437.00",BRD-RTL
T018575,11/01/2022,F02208,FERT_PURCHASE,PPC,169 kgs,₹ 641.58,"₹ 1,08,427.02",BRD-RTL
T018576,26/12/2021,F02208,input,FERTILIZER 50kg bag,49 kg,₹ 41.68,"₹ 2,042.32",BRD-RTL
T018577,20/12/2021,F02208,INPUT_PURCHASE,SEEDS,141 kgs,₹ 51.54,"₹ 7,267.14",BRD-RTL
T018578,11/01/2022,F02208,I,Urea,241 kgs,₹ 45.05,"₹ 10,857.05",BRD-RTL
T018579,12/04/2022,F02208,L,Loan Repayment,,,₹ 900.00,BRD-RTL
T018580,08/05/2022,F02209,Delivery,Yellow Mustard,"2,993.00 kgs","₹ 6,315.00","₹ 1,89,007.95",BRD-RTL
T018581,04/03/2022,F02210,Delivery,MUSTARD,0.2 qtl,"₹ 6,290.00","₹ 1,446.70",BRD-RTL
T018582,29/03/2022,F02210,delivery,Mustard,1298 kg,"₹ 6,290.00","₹ 81,644.20",BRD-RTL
T018583,20/12/2021,F02210,Input Purchase,PPC,301 kg,₹ 130.73,"₹ 39,349.73",BRD-RTL
T018584,13/01/2022,f02210,I,DAP,168 kgs,₹ 30.65,"₹ 5,149.20",BRD-RTL
T018585,23/03/2022,f02210,loan,EMI,,,"₹ 7,800.00",BRD-RTL
T018586,05/04/2022,F02211,D,Yellow Mustard,1.04 MT,"₹ 6,625.00","₹ 68,635.00",BRD-RTL
T018587,19/12/2021,F02211,INPUT_PURCHASE,Hybrid Seeds,193 kg,₹ 104.15,"₹ 20,100.95",BRD-RTL
T018588,06/12/2021,F02211,Input Purchase,FERTILIZER 50kg bag,27 kgs,₹ 40.31,"₹ 1,088.37",BRD-RTL
T018589,23/12/2021,f02211,I,SEEDS,76 kgs,₹ 120.51,"₹ 9,158.76",BRD-RTL
T018590,07/01/2022,F02211,input,Fertilizer,204 kgs,₹ 36.30,"₹ 7,405.20",BRD-RTL
T018591,05/01/2022,F02211,input,DAP,123 kgs,₹ 41.19,"₹ 5,066.37",BRD-RTL
T018592,07/01/2022,F02211,INPUT_PURCHASE,DAP,225 kg,₹ 53.33,"₹ 11,999.25",BRD-RTL
T018593,28/12/2021,F02211,L,EMI,,,"₹ 1,300.00",BRD-RTL
T018594,29/04/2022,F02211,loan,Loan Repayment,,,"₹ 1,300.00",BRD-RTL
T018595,07/03/2022,F02211,L,Loan Repayment,,,"₹ 3,000.00",BRD-RTL
T018596,06/03/2022,F02217,FPO_DELIVERY,Yellow Mustard,"2,527.00 kgs","₹ 7,010.00","₹ 1,77,142.70",BRD-RTL
T018597,13/12/2021,F02217,I,SEEDS,261 kgs,₹ 122.30,"₹ 31,920.30",BRD-RTL
T018598,09/01/2022,F02217,Input Purchase,Hybrid Seeds,102 kg,₹ 127.92,"₹ 13,047.84",BRD-RTL
T018599,22/12/2021,F02217,FERT_PURCHASE,Hybrid Seeds,96 kgs,₹ 49.16,"₹ 4,719.36",BRD-RTL
T018600,01/12/2021,F02217,I,PP chemicals,94 kg,₹ 398.53,"₹ 37,461.82",BRD-RTL
T018661,13/03/2022,F02251,D,Yellow Mustard,1383 kg,"₹ 6,375.00","₹ 88,166.25",BRD-RTL
T018662,22/12/2021, F02251 ,Input Purchase,NPK 10:26:26,187 kg,₹ 56.61,"₹ 10,586.07",BRD-RTL
T018663,24/12/2021,F02251,input,Bio-pesticide,175 kg,₹ 210.77,"₹ 36,884.75",BRD-RTL
T018693,14/04/2022,f02272,DELIVERY,Sarson,1.59 t,"₹ 6,105.00","₹ 96,825.30",BRD-RTL
T018694,22/03/2022, F02272 ,loan,EMI,,,"₹ 6,200.00",BRD-RTL
T018778,21/04/2022,f02308,DELIVERY,Sarson,8.9 qtl,"₹ 6,745.00","₹ 59,895.60",BRD-RTL
T018779,30/03/2022,F02308,D,mustard (Yellow),4.3 qtl,"₹ 6,745.00","₹ 29,070.95",BRD-RTL
T018780,14/01/2022,F02308,input,Urea,106 kgs,₹ 48.59,"₹ 5,150.54",BRD-RTL
T018781,14/01/2022,F02308,INPUT_PURCHASE,Seeds,36 kg,₹ 68.09,"₹ 2,451.24",BRD-RTL
T018792,28/04/2022,F02316,FPO_DELIVERY,Yellow Mustard,3.61 quintals,"₹ 6,860.00","₹ 24,764.60",BRD-RTL
T018793,07/05/2022,F02316,DELIVERY,Sarson,63.00 kgs,"₹ 6,860.00","₹ 4,321.80",BRD-RTL
T018794,15/04/2022,F02316,delivery,Yellow Mustard,0.68 t,"₹ 6,860.00","₹ 46,579.40",BRD-RTL
T018795,18/12/2021,F02316,Input Purchase,NPK 10:26:26,282 kg,₹ 55.79,"₹ 15,732.78",BRD-RTL
T018796,12/12/2021,F02316,FERT_PURCHASE,Hybrid Seeds,198 kgs,₹ 99.72,"₹ 19,744.56",BRD-RTL
T018797,15/01/2022,F02316,INPUT_PURCHASE,PP chemicals,70 kgs,₹ 172.97,"₹ 12,107.90",BRD-RTL
T018815,28/04/2022,f02332,delivery,MUSTARD,9.61 q,"₹ 6,555.00","₹ 62,993.55",BRD-RTL
T018816,17/12/2021,F02332,input,FERTILIZER 50kg bag,251 kgs,₹ 49.70,"₹ 12,474.70",BRD-RTL
T018817,26/12/2021,F02332,FERT_PURCHASE,SEEDS,166 kg,₹ 55.55,"₹ 9,221.30",BRD-RTL
T018869,29/04/2022,F02352,delivery,mustard (Yellow),14.06 q,"₹ 6,850.00","₹ 96,311.00",BRD-RTL
T018870,10/01/2022,F02352,FERT_PURCHASE,FERTILIZER 50kg bag,160 kg,₹ 46.50,"₹ 7,440.00",BRD-RTL
T018871,04/01/2022,F02352,I,Hybrid Seeds,126 kgs,₹ 51.61,"₹ 6,502.86",BRD-RTL
T018876,06/04/2022,F02356,delivery,Sarson,1369 kg,"₹ 6,220.00","₹ 85,151.80",BRD-RTL
T018877,30/12/2021,F02356,FERT_PURCHASE,NPK 10:26:26,91 kg,₹ 58.80,"₹ 5,350.80",BRD-RTL
T018878,18/12/2021,f02356,I,Fertilizer,221 kgs,₹ 36.38,"₹ 8,039.98",BRD-RTL
T018879,17/12/2021,F02356,input,Bio-pesticide,251 kg,₹ 550.35,"₹ 1,38,137.85",BRD-RTL
T018880,16/12/2021,f02356,input,PPC,126 kgs,₹ 586.70,"₹ 73,924.20",BRD-RTL
T018881,01/03/2022,F02356,Loan Repayment,Loan Repayment,,,"₹ 6,700.00",BRD-RTL
T018882,30/05/2022,F02356,Loan Repayment,EMI,,,"₹ 4,600.00",BRD-RTL
T018901,09/04/2022,F02365,DELIVERY,mustard (Yellow),521 kg,"₹ 6,570.00","₹ 34,229.70",BRD-RTL
T018902,12/12/2021,F02365,I,NPK 10:26:26,41 kgs,₹ 55.51,"₹ 2,275.91",BRD-RTL
T018903,27/12/2021,f02365,Input Purchase,DAP,246 kgs,₹ 54.40,"₹ 13,382.40",BRD-RTL
T018950,28/03/2022,f02383,FPO_DELIVERY,Sarson,844.00 kgs,"₹ 6,300.00","₹ 53,172.00",BRD-RTL
T018951,13/12/2021,f02383,I,SEEDS,116 kg,₹ 56.81,"₹ 6,589.96",BRD-RTL
T018953,14/04/2022,F02386,Delivery,mustard (Yellow),1104 kg,"₹ 6,740.00","₹ 74,409.60",BRD-RTL
T018954,17/12/2021,F02386,FERT_PURCHASE,Bio-pesticide,187 kgs,₹ 346.85,"₹ 64,860.95",BRD-RTL
T018977,06/05/2022,F02398,D,Yellow Mustard,4.80 quintals,"₹ 6,250.00","₹ 30,000.00",BRD-RTL
T018978,29/12/2021,F02398,input,DAP,30 kgs,₹ 40.11,"₹ 1,203.30",BRD-RTL
T018979,02/05/2022,F02398,LOAN_REPAY,Loan Repayment,,,"₹ 1,600.00",BRD-RTL
T018980,22/12/2021, F02398 ,loan,Loan Repayment,,,"₹ 4,000.00",BRD-RTL
T018981,22/04/2022,F02398,LOAN_REPAY,Loan Repayment,,,₹ 800.00,BRD-RTL
T018984,12/05/2022,F02401,FPO_DELIVERY,mustard (Yellow),4.95 q,"₹ 6,880.00","₹ 34,056.00",BRD-RTL
T018985,25/03/2022,F02401,Delivery,Yellow Mustard,131.00 kgs,"₹ 6,880.00","₹ 9,012.80",BRD-RTL
T019061,20/04/2022,F02430,D,mustard (Yellow),4.77 q,"₹ 6,840.00","₹ 32,626.80",BRD-RTL
T019062,12/03/2022,F02430,delivery,Sarson,5.89 q,"₹ 6,840.00","₹ 40,287.60",BRD-RTL
T019063,11/12/2021,F02430,Input Purchase,SEEDS,152 kgs,₹ 111.37,"₹ 16,928.24",BRD-RTL
T019064,22/04/2022,F02431,DELIVERY,MUSTARD,"1,126.00 kgs","₹ 6,585.00","₹ 74,147.10",BRD-RTL
T019065,26/04/2022,F02431,DELIVERY,mustard (Yellow),0.9 qtl,"₹ 6,585.00","₹ 5,728.95",BRD-RTL
T019066,15/01/2022,F02431,Loan Repayment,Loan Repayment,,,"₹ 6,900.00",BRD-RTL
T019080,11/04/2022,F02437,FPO_DELIVERY,Yellow Mustard,0.70 MT,"₹ 6,675.00","₹ 46,391.25",BRD-RTL
T019081,30/12/2021,F02437,input,Seeds,234 kg,₹ 45.43,"₹ 10,630.62",BRD-RTL
T019082,06/02/2022,f02437,L,Loan Repayment,,,"₹ 1,000.00",BRD-RTL
T019119,06/03/2022,F02449,FPO_DELIVERY,Yellow Mustard,5.0 qtl,"₹ 6,510.00","₹ 32,289.60",BRD-RTL
T019120,27/03/2022,F02449,DELIVERY,Sarson,0.77 t,"₹ 6,510.00","₹ 50,061.90",BRD-RTL
T019121,12/12/2021, F02449 ,Input Purchase,DAP,53 kgs,₹ 48.44,"₹ 2,567.32",BRD-RTL
T020597,27/10/2022,F02064,D,mungfali,0.11 t,"₹ 8,810.00","₹ 9,338.60",BRD-RTL
T020598,10/11/2022,f02064,Delivery,GROUNDNUT (Pods),1.96 q,"₹ 8,810.00","₹ 17,267.60",BRD-RTL
T020599,03/10/2022,F02064,Delivery,soya,258.00 kgs,"₹ 5,540.00","₹ 14,293.20",BRD-RTL
T020600,10/10/2022,F02065,DELIVERY,Groundnut,779 kg,"₹ 8,455.00","₹ 65,864.45",BRD-RTL
T020601,30/11/2022,f02065,DELIVERY,Groundnut,102 kg,"₹ 8,455.00","₹ 8,624.10",BRD-RTL
T020602,07/07/2022,F02065,input,Bio-pesticide,279 kg,₹ 690.91,"₹ 1,92,763.89",BRD-RTL
T020603,05/10/2022,F02066,Delivery,GROUNDNUT (Pods),2.75 quintals,"₹ 8,700.00","₹ 23,925.00",BRD-RTL
T020604,07/07/2022,F02066,input,NPK 10:26:26,103 kg,₹ 32.04,"₹ 3,300.12",BRD-RTL
T020605,09/10/2022,F02067,FPO_DELIVERY,Groundnut,324 kg,"₹ 7,900.00","₹ 25,596.00",BRD-RTL
T020606,22/11/2022,F02067,delivery,Groundnut Pods,1.45 quintals,"₹ 7,900.00","₹ 11,455.00",BRD-RTL
T020607,22/11/2022,F02067,DELIVERY,Groundnut Pods,1.21 quintals,"₹ 7,900.00","₹ 9,559.00",BRD-RTL
T020608,23/06/2022,F02067,FERT_PURCHASE,SEEDS,50 kgs,₹ 62.75,"₹ 3,137.50",BRD-RTL
T020609,20/10/2022,F02068,D,Groundnut Pods,2.10 q,"₹ 8,685.00","₹ 18,238.50",BRD-RTL
T020610,02/11/2022,F02068,Delivery,Groundnut Pods,119.00 kgs,"₹ 8,685.00","₹ 10,335.15",BRD-RTL
T020611,10/11/2022,F02068,delivery,GROUNDNUT (Pods),11 kg,"₹ 8,685.00",₹ 955.35,BRD-RTL
T020612,10/07/2022,f02068,I,Hybrid Seeds,174 kgs,₹ 84.42,"₹ 14,689.08",BRD-RTL
T020613,26/06/2022,F02068,input,PP chemicals,231 kgs,₹ 249.21,"₹ 57,567.51",BRD-RTL
T020614,14/07/2022,F02068,I,SEEDS,122 kg,₹ 67.59,"₹ 8,245.98",BRD-RTL
T020615,08/07/2022,F02068,FERT_PURCHASE,PPC,115 kgs,₹ 124.03,"₹ 14,263.45",BRD-RTL
T020616,14/10/2022,F02070,D,GROUNDNUT (Pods),3.8 qtl,"₹ 8,400.00","₹ 32,172.00",BRD-RTL
T020617,08/06/2022,F02070,input,NPK 10:26:26,211 kgs,₹ 30.87,"₹ 6,513.57",BRD-RTL
T020618,05/11/2022,F02072,delivery,mungfali,0.11 quintals,"₹ 8,150.00",₹ 896.50,BRD-RTL
T020619,02/11/2022,F02072,DELIVERY,Groundnut Pods,471 kg,"₹ 8,150.00","₹ 38,386.50",BRD-RTL
T020620,01/11/2022,F02072,delivery,Soybean (Yellow),0.08 t,"₹ 5,405.00","₹ 4,486.15",BRD-RTL
T020621,29/11/2022,F02072,D,Soybean,325.00 kgs,"₹ 5,405.00","₹ 17,566.25",BRD-RTL
T020622,31/10/2022,F02073,Delivery,Groundnut,2.30 q,"₹ 8,340.00","₹ 19,182.00",BRD-RTL
T020623,30/11/2022,F02073,Delivery,mungfali,0.8 qtl,"₹ 8,340.00","₹ 6,755.40",BRD-RTL
T020624,11/06/2022,F02073,FERT_PURCHASE,Hybrid Seeds,161 kgs,₹ 98.24,"₹ 15,816.64",BRD-RTL
T020625,11/07/2022,f02073,Input Purchase,NPK 10:26:26,72 kgs,₹ 56.07,"₹ 4,037.04",BRD-RTL
T020626,21/06/2022,F02073,input,Seeds,160 kgs,₹ 82.94,"₹ 13,270.40",BRD-RTL
T020627,19/10/2022,F02076,D,Groundnut Pods,492 kg,"₹ 8,185.00","₹ 40,270.20",BRD-RTL
T020628,05/10/2022,F02076,delivery,soya,3.8 qtl,"₹ 5,345.00","₹ 20,150.65",BRD-RTL
T020629,04/11/2022,F02079,D,Groundnut Pods,2.81 quintals,"₹ 7,690.00","₹ 21,608.90",BRD-RTL
T020630,18/11/2022,F02079,delivery,Groundnut Pods,93.00 kgs,"₹ 7,690.00","₹ 7,151.70",BRD-RTL
T020631,13/10/2022,F02079,FPO_DELIVERY,mungfali,43 kg,"₹ 7,690.00","₹ 3,306.70",BRD-RTL
T020632,25/06/2022,F02079,Input Purchase,Hybrid Seeds,140 kgs,₹ 102.18,"₹ 14,305.20",BRD-RTL
T020633,21/10/2022,F02080,delivery,GROUNDNUT (Pods),209 kg,"₹ 7,395.00","₹ 15,455.55",BRD-RTL
T020634,05/07/2022,F02080,FERT_PURCHASE,Fertilizer,78 kg,₹ 53.31,"₹ 4,158.18",BRD-RTL
T020635,07/06/2022,F02080,Input Purchase,NPK 10:26:26,193 kg,₹ 30.27,"₹ 5,842.11",BRD-RTL
T020636,16/10/2022,f02083,FPO_DELIVERY,mungfali,1.33 q,"₹ 7,900.00","₹ 10,507.00",BRD-RTL
T020637,22/10/2022,f02083,DELIVERY,Groundnut Pods,0.51 t,"₹ 7,900.00","₹ 40,369.00",BRD-RTL
T020638,09/06/2022,F02083,I,SEEDS,35 kg,₹ 62.35,"₹ 2,182.25",BRD-RTL
T020639,10/06/2022,f02083,INPUT_PURCHASE,PP chemicals,228 kg,₹ 512.83,"₹ 1,16,925.24",BRD-RTL
T020640,05/11/2022,F02085,delivery,mungfali,6.6 qtl,"₹ 7,945.00","₹ 52,754.80",BRD-RTL
T020641,02/06/2022,f02085,Input Purchase,Urea,192 kgs,₹ 38.05,"₹ 7,305.60",BRD-RTL
T020642,13/06/2022,F02085,INPUT_PURCHASE,SEEDS,87 kg,₹ 69.76,"₹ 6,069.12",BRD-RTL
T020643,28/06/2022,F02085,input,SEEDS,97 kgs,₹ 115.48,"₹ 11,201.56",BRD-RTL
T020644,06/06/2022,F02085,FERT_PURCHASE,NPK 10:26:26,234 kg,₹ 42.44,"₹ 9,930.96",BRD-RTL
T020645,02/06/2022,F02085,I,DAP,119 kg,₹ 37.89,"₹ 4,508.91",BRD-RTL
T020646,09/10/2022,F02086,Delivery,Groundnut Pods,2.01 q,"₹ 8,270.00","₹ 16,622.70",BRD-RTL
T020647,10/10/2022,f02086,FPO_DELIVERY,Soybean,1.85 quintals,"₹ 5,465.00","₹ 10,110.25",BRD-RTL
T020648,26/06/2022,F02086,FERT_PURCHASE,Hybrid Seeds,30 kgs,₹ 106.63,"₹ 3,198.90",BRD-RTL
T020649,15/07/2022, F02086 ,input,DAP,227 kg,₹ 33.85,"₹ 7,683.95",BRD-RTL
T020650,06/10/2022,F02088,D,mungfali,7.28 q,"₹ 8,125.00","₹ 59,150.00",BRD-RTL
T020651,07/07/2022,F02088,Input Purchase,SEEDS,96 kgs,₹ 69.02,"₹ 6,625.92",BRD-RTL
T020652,03/06/2022,F02088,input,Urea,109 kgs,₹ 55.13,"₹ 6,009.17",BRD-RTL
T020653,05/06/2022,F02088,Input Purchase,Seeds,173 kg,₹ 85.64,"₹ 14,815.72",BRD-RTL
T020654,16/06/2022,F02088,I,FERTILIZER 50kg bag,158 kgs,₹ 59.25,"₹ 9,361.50",BRD-RTL
T020655,30/11/2022,f02090,D,mungfali,145.00 kgs,"₹ 8,650.00","₹ 12,542.50",BRD-RTL
T020656,25/11/2022,F02090,DELIVERY,GROUNDNUT (Pods),92 kg,"₹ 8,650.00","₹ 7,958.00",BRD-RTL
T020657,19/11/2022,F02090,FPO_DELIVERY,GROUNDNUT (Pods),0.11 t,"₹ 8,650.00","₹ 9,947.50",BRD-RTL
T020658,19/10/2022,f02090,Delivery,Soybean,0.30 MT,"₹ 5,640.00","₹ 17,145.60",BRD-RTL
T020659,02/07/2022,F02090,INPUT_PURCHASE,Urea,309 kg,₹ 45.56,"₹ 14,078.04",BRD-RTL
T020660,10/11/2022,F02091,D,Groundnut,5.7 qtl,"₹ 8,455.00","₹ 48,447.15",BRD-RTL
T020661,21/11/2022,F02091,DELIVERY,Groundnut,1.54 q,"₹ 8,455.00","₹ 13,020.70",BRD-RTL
T020662,23/10/2022,F02092,D,Groundnut Pods,91 kg,"₹ 8,475.00","₹ 7,712.25",BRD-RTL
T020663,13/11/2022,F02092,FPO_DELIVERY,GROUNDNUT (Pods),4.29 quintals,"₹ 8,475.00","₹ 36,357.75",BRD-RTL
T020664,06/07/2022,F02092,I,SEEDS,27 kgs,₹ 89.17,"₹ 2,407.59",BRD-RTL
T020665,18/06/2022,F02092,FERT_PURCHASE,Seeds,67 kgs,₹ 98.25,"₹ 6,582.75",BRD-RTL
T020666,14/10/2022,F02093,delivery,GROUNDNUT (Pods),105 kg,"₹ 8,445.00","₹ 8,867.25",BRD-RTL
T020667,15/11/2022,F02093,FPO_DELIVERY,Groundnut,88 kg,"₹ 8,445.00","₹ 7,431.60",BRD-RTL
T020668,01/07/2022,F02093,Input Purchase,NPK 10:26:26,119 kg,₹ 32.56,"₹ 3,874.64",BRD-RTL
T020669,19/06/2022,F02093,Input Purchase,Urea,101 kgs,₹ 51.80,"₹ 5,231.80",BRD-RTL
T020670,04/06/2022,F02093,I,DAP,209 kgs,₹ 58.31,"₹ 12,186.79",BRD-RTL
T020671,12/10/2022,F02093,Loan Repayment,Loan Repayment,,,"₹ 4,700.00",BRD-RTL
T020672,26/10/2022,F02095,DELIVERY,Groundnut,1.30 MT,"₹ 7,855.00","₹ 1,02,350.65",BRD-RTL
T020673,12/11/2022,F02095,D,Groundnut,3.2 qtl,"₹ 7,855.00","₹ 25,371.65",BRD-RTL
T020674,12/06/2022,F02095,I,Hybrid Seeds,218 kg,₹ 119.86,"₹ 26,129.48",BRD-RTL
T020675,29/10/2022,F02096,D,mungfali,1.07 q,"₹ 7,540.00","₹ 8,067.80",BRD-RTL
T020676,16/06/2022,F02096,input,NPK 10:26:26,131 kg,₹ 56.97,"₹ 7,463.07",BRD-RTL
T020677,11/06/2022,F02096,input,NPK 10:26:26,150 kgs,₹ 52.48,"₹ 7,872.00",BRD-RTL
T020678,15/06/2022,F02096,Input Purchase,Bio-pesticide,144 kg,₹ 182.93,"₹ 26,341.92",BRD-RTL
T020679,05/11/2022,F02097,FPO_DELIVERY,Groundnut,1235 kg,"₹ 8,375.00","₹ 1,03,431.25",BRD-RTL
T020680,25/10/2022,F02097,D,SOYABEAN,5.14 q,"₹ 5,250.00","₹ 26,985.00",BRD-RTL
T020681,15/10/2022,F02097,DELIVERY,soya,1.74 quintals,"₹ 5,250.00","₹ 9,135.00",BRD-RTL
T020682,20/10/2022,f02097,delivery,SOYABEAN,1.54 q,"₹ 5,250.00","₹ 8,085.00",BRD-RTL
T020683,03/06/2022,F02097,Input Purchase,Hybrid Seeds,248 kg,₹ 101.21,"₹ 25,100.08",BRD-RTL
T020684,31/10/2022,f02104,Delivery,mungfali,172 kg,"₹ 8,345.00","₹ 14,353.40",BRD-RTL
T020685,03/07/2022,F02104,INPUT_PURCHASE,PPC,283 kgs,₹ 414.85,"₹ 1,17,402.55",BRD-RTL
T020686,19/06/2022,F02104,input,PPC,73 kg,₹ 386.06,"₹ 28,182.38",BRD-RTL
T020687,02/07/2022,F02104,Loan Repayment,Loan Repayment,,,"₹ 6,200.00",BRD-RTL
T020688,24/10/2022,F02104,Loan Repayment,Loan Repayment,,,"₹ 6,000.00",BRD-RTL
T020689,18/11/2022,f02105,Delivery,Groundnut Pods,2.47 quintals,"₹ 8,370.00","₹ 20,673.90",BRD-RTL
T020690,12/11/2022,f02105,delivery,mungfali,0.38 quintals,"₹ 8,370.00","₹ 3,180.60",BRD-RTL
T020691,09/06/2022,f02105,INPUT_PURCHASE,Urea,100 kg,₹ 36.19,"₹ 3,619.00",BRD-RTL
T020692,26/10/2022,F02106,D,mungfali,410.00 kgs,"₹ 8,225.00","₹ 33,722.50",BRD-RTL
T020693,27/06/2022,F02106,Input Purchase,DAP,88 kg,₹ 58.33,"₹ 5,133.04",BRD-RTL
T020694,13/06/2022, F02106 ,I,Hybrid Seeds,216 kgs,₹ 90.23,"₹ 19,489.68",BRD-RTL
T020695,10/06/2022,F02106,I,Seeds,57 kgs,₹ 106.40,"₹ 6,064.80",BRD-RTL
T020696,01/10/2022,F02107,FPO_DELIVERY,Groundnut Pods,747.00 kgs,"₹ 7,755.00","₹ 57,929.85",BRD-RTL
T020697,17/06/2022,F02107,INPUT_PURCHASE,PPC,94 kg,₹ 288.99,"₹ 27,165.06",BRD-RTL
T020698,25/06/2022,F02107,I,Urea,43 kgs,₹ 50.50,"₹ 2,171.50",BRD-RTL
T020699,32/01/2022,F02108,D,mungfali,4.08 q,"₹ 8,040.00","₹ 32,803.20",BRD-RTL
T020700,03/07/2022,F02108,Input Purchase,Urea,96 kgs,₹ 59.03,"₹ 5,666.88",BRD-RTL
T020701,03/07/2022,F02108,I,Bio-pesticide,130 kg,₹ 618.52,"₹ 80,407.60",BRD-RTL
T020702,03/07/2022,F02108,input,FERTILIZER 50kg bag,127 kg,₹ 44.55,"₹ 5,657.85",BRD-RTL
T020703,02/10/2022,F02121,delivery,Groundnut Pods,3.37 q,"₹ 8,045.00","₹ 27,111.65",BRD-RTL
T020704,23/06/2022,F02121,Input Purchase,SEEDS,267 kg,₹ 120.01,"₹ 32,042.67",BRD-RTL
T020705,12/07/2022,F02121,Input Purchase,Urea,316 kgs,₹ 50.64,"₹ 16,002.24",BRD-RTL
T020706,17/10/2022,F02123,Delivery,GROUNDNUT (Pods),495.00 kgs,"₹ 8,040.00","₹ 39,798.00",BRD-RTL
T020707,04/11/2022,F02128,D,mungfali,0.47 MT,"₹ 8,075.00","₹ 37,548.75",BRD-RTL
T020708,16/11/2022,F02129,delivery,Groundnut,6.2 qtl,"₹ 8,165.00","₹ 50,296.40",BRD-RTL
T020709,15/06/2022,f02129,input,Fertilizer,221 kgs,₹ 50.65,"₹ 11,193.65",BRD-RTL
T020710,11/06/2022,F02129,FERT_PURCHASE,Hybrid Seeds,267 kgs,₹ 88.34,"₹ 23,586.78",BRD-RTL
T020711,15/10/2022,F02133,FPO_DELIVERY,Groundnut Pods,29 kg,"₹ 8,360.00","₹ 2,424.40",BRD-RTL
T020712,04/10/2022,F02133,D,GROUNDNUT (Pods),2.52 q,"₹ 8,360.00","₹ 21,067.20",BRD-RTL
T020713,30/06/2022,F02133,I,Fertilizer,222 kgs,₹ 47.12,"₹ 10,460.64",BRD-RTL
T020714,10/07/2022,F02133,Input Purchase,SEEDS,177 kgs,₹ 46.30,"₹ 8,195.10",BRD-RTL
T020715,05/06/2022,F02133,FERT_PURCHASE,Bio-pesticide,253 kgs,₹ 457.74,"₹ 1,15,808.22",BRD-RTL
T020716,15/10/2022,F02134,D,Groundnut,4.21 quintals,"₹ 7,680.00","₹ 32,332.80",BRD-RTL
T020717,14/11/2022,F02134,FPO_DELIVERY,Soybean,0.6 qtl,"₹ 5,590.00","₹ 3,298.10",BRD-RTL
T020718,29/11/2022,F02134,Delivery,Soybean,223.00 kgs,"₹ 5,590.00","₹ 12,465.70",BRD-RTL
T020719,21/10/2022,F02137,DELIVERY,Groundnut Pods,315.00 kgs,"₹ 8,385.00","₹ 26,412.75",BRD-RTL
T020720,04/10/2022,F02137,delivery,GROUNDNUT (Pods),286 kg,"₹ 8,385.00","₹ 23,981.10",BRD-RTL
T020721,09/06/2022, F02137 ,Input Purchase,DAP,164 kgs,₹ 35.55,"₹ 5,830.20",BRD-RTL
T020722,04/07/2022,F02137,input,Seeds,276 kg,₹ 70.18,"₹ 19,369.68",BRD-RTL
T020723,22/10/2022,F02137,L,Loan Repayment,,,"₹ 2,000.00",BRD-RTL
T020724,19/06/2022,F02137,Loan Repayment,EMI,,,"₹ 7,000.00",BRD-RTL
T020725,23/10/2022,F02138,FPO_DELIVERY,Groundnut Pods,0.87 quintals,"₹ 8,350.00","₹ 7,264.50",BRD-RTL
T020726,17/11/2022,F02138,Delivery,Groundnut Pods,0.97 q,"₹ 8,350.00","₹ 8,099.50",BRD-RTL
T020727,07/07/2022,F02138,I,Seeds,253 kg,₹ 46.06,"₹ 11,653.18",BRD-RTL
T020728,24/10/2022,F02139,delivery,mungfali,431.00 kgs,"₹ 7,965.00","₹ 34,329.15",BRD-RTL
T020729,09/11/2022,F02139,delivery,Groundnut Pods,9.1 qtl,"₹ 7,965.00","₹ 72,481.50",BRD-RTL
T020730,19/06/2022,f02139,Input Purchase,DAP,272 kg,₹ 48.57,"₹ 13,211.04",BRD-RTL
T020731,03/06/2022, F02139 ,FERT_PURCHASE,Urea,302 kgs,₹ 31.53,"₹ 9,522.06",BRD-RTL
T020732,20/06/2022,F02139,FERT_PURCHASE,FERTILIZER 50kg bag,215 kgs,₹ 56.25,"₹ 12,093.75",BRD-RTL
T020733,30/10/2022,F02139,Loan Repayment,Loan Repayment,,,"₹ 1,600.00",BRD-RTL
T020734,22/11/2022,F02141,DELIVERY,mungfali,1.4 qtl,"₹ 8,120.00","₹ 11,692.80",BRD-RTL
T020735,20/10/2022,F02141,FPO_DELIVERY,GROUNDNUT (Pods),0.15 t,"₹ 8,120.00","₹ 12,180.00",BRD-RTL
T020736,07/11/2022,f02141,delivery,soya,9 kg,"₹ 5,685.00",₹ 511.65,BRD-RTL
T020737,06/11/2022,F02141,DELIVERY,soya,126.00 kgs,"₹ 5,685.00","₹ 7,163.10",BRD-RTL
T020738,17/10/2022,f02141,delivery,Soybean (Yellow),0.85 quintals,"₹ 5,685.00","₹ 4,832.25",BRD-RTL
T020739,11/06/2022,F02141,I,Seeds,316 kg,₹ 86.22,"₹ 27,245.52",BRD-RTL
T020740,01/07/2022,F02141,I,PP chemicals,159 kgs,₹ 246.73,"₹ 39,230.07",BRD-RTL
T020741,06/10/2022,f02144,DELIVERY,GROUNDNUT (Pods),0.8 qtl,"₹ 8,145.00","₹ 6,271.65",BRD-RTL
T020742,03/10/2022,F02144,delivery,GROUNDNUT (Pods),4.2 qtl,"₹ 8,145.00","₹ 33,964.65",BRD-RTL
T020743,22/11/2022, F02144 ,Delivery,SOYABEAN,96 kg,"₹ 5,425.00","₹ 5,208.00",BRD-RTL
T020744,23/10/2022,F02144,D,Soybean,352 kg,"₹ 5,425.00","₹ 19,096.00",BRD-RTL
T020745,03/06/2022,F02144,Input Purchase,FERTILIZER 50kg bag,211 kgs,₹ 45.67,"₹ 9,636.37",BRD-RTL
T020746,01/07/2022,F02144,I,Hybrid Seeds,311 kgs,₹ 94.24,"₹ 29,308.64",BRD-RTL
T020747,21/06/2022,F02144,input,Seeds,211 kgs,₹ 87.50,"₹ 18,462.50",BRD-RTL
T020748,12/11/2022,F02145,delivery,Groundnut Pods,2.68 q,"₹ 7,870.00","₹ 21,091.60",BRD-RTL
T020749,30/11/2022,F02145,delivery,Groundnut,"1,041.00 kgs","₹ 7,870.00","₹ 81,926.70",BRD-RTL
T020750,03/07/2022,F02145,input,Urea,213 kg,₹ 59.72,"₹ 12,720.36",BRD-RTL
T020751,05/07/2022,F02145,INPUT_PURCHASE,Fertilizer,120 kg,₹ 35.44,"₹ 4,252.80",BRD-RTL
T020752,16/06/2022,F02145,Input Purchase,Seeds,65 kg,₹ 113.76,"₹ 7,394.40",BRD-RTL
T020753,05/10/2022,f02146,D,Groundnut,0.49 q,"₹ 8,315.00","₹ 4,074.35",BRD-RTL
T020754,20/11/2022,F02146,DELIVERY,mungfali,1.43 q,"₹ 8,315.00","₹ 11,890.45",BRD-RTL
T020755,16/11/2022,F02146,FPO_DELIVERY,GROUNDNUT (Pods),26 kg,"₹ 8,315.00","₹ 2,161.90",BRD-RTL
T020756,01/10/2022,F02147,delivery,Groundnut,2.61 q,"₹ 8,340.00","₹ 21,767.40",BRD-RTL
T020757,04/06/2022,f02147,FERT_PURCHASE,Seeds,160 kg,₹ 45.23,"₹ 7,236.80",BRD-RTL
T020758,13/06/2022,F02147,Input Purchase,Seeds,100 kgs,₹ 103.58,"₹ 10,358.00",BRD-RTL
T020759,28/11/2022,F02149,delivery,mungfali,7.49 quintals,"₹ 7,830.00","₹ 58,646.70",BRD-RTL
T020760,01/10/2022,F02151,FPO_DELIVERY,mungfali,0.14 MT,"₹ 7,760.00","₹ 10,708.80",BRD-RTL
T020761,13/11/2022,F02151,FPO_DELIVERY,Groundnut,0.45 MT,"₹ 7,760.00","₹ 34,920.00",BRD-RTL
T020762,04/06/2022,F02151,input,Urea,310 kgs,₹ 45.40,"₹ 14,074.00",BRD-RTL
T020763,04/08/2022,F02151,Loan Repayment,Loan Repayment,,,"₹ 5,000.00",BRD-RTL
T020764,02/10/2022,F02154,delivery,GROUNDNUT (Pods),8.60 q,"₹ 7,965.00","₹ 68,499.00",BRD-RTL
T020765,01/06/2022,F02154,I,NPK 10:26:26,229 kgs,₹ 30.45,"₹ 6,973.05",BRD-RTL
T020766,14/07/2022,F02154,FERT_PURCHASE,NPK 10:26:26,39 kg,₹ 57.30,"₹ 2,234.70",BRD-RTL
T020767,16/10/2022,F02156,FPO_DELIVERY,GROUNDNUT (Pods),144 kg,"₹ 8,110.00","₹ 11,678.40",BRD-RTL
T020768,27/10/2022,F02156,DELIVERY,GROUNDNUT (Pods),5.00 q,"₹ 8,110.00","₹ 40,550.00",BRD-RTL
T020769,02/07/2022,F02156,Input Purchase,SEEDS,217 kgs,₹ 87.52,"₹ 18,991.84",BRD-RTL
T020770,14/11/2022, F02158 ,FPO_DELIVERY,mungfali,0.89 t,"₹ 7,995.00","₹ 70,915.65",BRD-RTL
T020771,20/06/2022,F02158,Input Purchase,Bio-pesticide,208 kg,₹ 661.50,"₹ 1,37,592.00",BRD-RTL
T020772,03/10/2022,f02162,FPO_DELIVERY,Groundnut Pods,223.00 kgs,"₹ 7,520.00","₹ 16,769.60",BRD-RTL
T020773,04/11/2022,F02162,FPO_DELIVERY,soya,0.91 quintals,"₹ 5,290.00","₹ 4,813.90",BRD-RTL
T020774,24/11/2022,F02162,FPO_DELIVERY,SOYABEAN,0.09 t,"₹ 5,290.00","₹ 4,919.70",BRD-RTL
T020775,10/06/2022,F02162,FERT_PURCHASE,PP chemicals,193 kg,₹ 568.36,"₹ 1,09,693.48",BRD-RTL
T020776,20/11/2022,F02163,delivery,GROUNDNUT (Pods),48.00 kgs,"₹ 8,300.00","₹ 3,984.00",BRD-RTL
T020777,28/10/2022,F02163,FPO_DELIVERY,GROUNDNUT (Pods),136 kg,"₹ 8,300.00","₹ 11,288.00",BRD-RTL
T020778,12/10/2022,F02163,D,Soybean (Yellow),0.82 quintals,"₹ 5,660.00","₹ 4,641.20",BRD-RTL
T020779,08/11/2022,F02163,FPO_DELIVERY,Soybean,0.7 qtl,"₹ 5,660.00","₹ 4,131.80",BRD-RTL
T020780,19/06/2022,F02163,I,Seeds,225 kg,₹ 103.47,"₹ 23,280.75",BRD-RTL
T020781,10/07/2022,F02163,LOAN_REPAY,EMI,,,"₹ 4,300.00",BRD-RTL
T020782,16/09/2022,F02163,L,Loan Repayment,,,"₹ 3,000.00",BRD-RTL
T020783,27/11/2022,F02168,FPO_DELIVERY,Groundnut Pods,14.3 qtl,"₹ 8,795.00","₹ 1,25,856.45",BRD-RTL
T020784,30/06/2022,F02168,Input Purchase,NPK 10:26:26,58 kg,₹ 52.41,"₹ 3,039.78",BRD-RTL
T020785,28/07/2022,f02168,Loan Repayment,Loan Repayment,,,"₹ 7,300.00",BRD-RTL
T020786,13/07/2022,f02168,loan,EMI,,,"₹ 4,400.00",BRD-RTL
T020787,02/07/2022,f02168,loan,EMI,,,"₹ 5,200.00",BRD-RTL
T020788,09/11/2022,F02174,FPO_DELIVERY,mungfali,129.00 kgs,"₹ 8,425.00","₹ 10,868.25",BRD-RTL
T020789,29/10/2022,F02174,D,Groundnut,33 kg,"₹ 8,425.00","₹ 2,780.25",BRD-RTL
T020790,20/06/2022,F02174,INPUT_PURCHASE,FERTILIZER 50kg bag,258 kg,₹ 34.47,"₹ 8,893.26",BRD-RTL
T020791,03/07/2022,F02174,INPUT_PURCHASE,DAP,25 kg,₹ 57.44,"₹ 1,436.00",BRD-RTL
T020792,10/06/2022,F02174,input,FERTILIZER 50kg bag,296 kg,₹ 37.91,"₹ 11,221.36",BRD-RTL
T020793,20/06/2022,f02174,Input Purchase,NPK 10:26:26,209 kgs,₹ 44.92,"₹ 9,388.28",BRD-RTL
T020794,11/11/2022,F02178,D,Groundnut,24.00 kgs,"₹ 7,830.00","₹ 1,879.20",BRD-RTL
T020795,26/11/2022,f02178,Delivery,Groundnut Pods,840.00 kgs,"₹ 7,830.00","₹ 65,772.00",BRD-RTL
T020796,11/06/2022,F02178,INPUT_PURCHASE,NPK 10:26:26,262 kg,₹ 32.21,"₹ 8,439.02",BRD-RTL
T020797,03/07/2022,F02178,input,PPC,43 kg,₹ 162.80,"₹ 7,000.40",BRD-RTL
T020798,21/10/2022,F02178,Loan Repayment,Loan Repayment,,,"₹ 3,000.00",BRD-RTL
T020799,16/10/2022,f02180,delivery,GROUNDNUT (Pods),74.00 kgs,"₹ 8,735.00","₹ 6,463.90",BRD-RTL
T020800,15/11/2022,F02180,D,mungfali,190.00 kgs,"₹ 8,735.00","₹ 16,596.50",BRD-RTL
T020801,13/07/2022,F02180,Input Purchase,Seeds,166 kg,₹ 81.16,"₹ 13,472.56",BRD-RTL
T020802,26/11/2022, F02181 ,D,Groundnut Pods,321.00 kgs,"₹ 8,400.00","₹ 26,964.00",BRD-RTL
T020803,27/11/2022,F02181,D,SOYABEAN,,"₹ 5,570.00","₹ 15,206.10",BRD-RTL
T020804,28/06/2022,F02181,Input Purchase,Seeds,225 kgs,₹ 108.71,"₹ 24,459.75",BRD-RTL
T020805,12/07/2022,F02181,I,NPK 10:26:26,86 kgs,₹ 37.56,"₹ 3,230.16",BRD-RTL
T020806,02/06/2022,F02181,input,FERTILIZER 50kg bag,52 kg,₹ 37.00,"₹ 1,924.00",BRD-RTL
T020807,05/11/2022,F02184,delivery,mungfali,0.78 quintals,"₹ 8,335.00","₹ 6,501.30",BRD-RTL
T020808,30/11/2022,F02184,DELIVERY,GROUNDNUT (Pods),1.2 qtl,"₹ 8,335.00","₹ 9,751.95",BRD-RTL
T020809,29/10/2022,F02184,delivery,mungfali,4.40 quintals,"₹ 8,335.00","₹ 36,674.00",BRD-RTL
T020810,07/11/2022,F02184,delivery,Soybean,319 kg,"₹ 5,500.00","₹ 17,545.00",BRD-RTL
T020811,16/10/2022,F02184,FPO_DELIVERY,SOYABEAN,0.27 t,"₹ 5,500.00","₹ 15,070.00",BRD-RTL
T020812,03/06/2022,F02184,Input Purchase,PP chemicals,44 kg,₹ 677.10,"₹ 29,792.40",BRD-RTL
T020813,05/07/2022,f02184,INPUT_PURCHASE,NPK 10:26:26,58 kg,₹ 59.93,"₹ 3,475.94",BRD-RTL
T020814,07/11/2022,F02185,FPO_DELIVERY,mungfali,4.27 quintals,"₹ 8,390.00","₹ 35,825.30",BRD-RTL
T020815,14/10/2022,F02185,DELIVERY,mungfali,3.44 q,"₹ 8,390.00","₹ 28,861.60",BRD-RTL
T020816,19/06/2022,F02185,Input Purchase,Urea,134 kg,₹ 44.48,"₹ 5,960.32",BRD-RTL
T020817,15/07/2022,F02185,I,PPC,79 kg,₹ 476.15,"₹ 37,615.85",BRD-RTL
T020818,03/10/2022,F02189,Delivery,GROUNDNUT (Pods),0.20 t,"₹ 7,785.00","₹ 15,258.60",BRD-RTL
T020819,17/11/2022,F02189,DELIVERY,Groundnut,2.44 q,"₹ 7,785.00","₹ 18,995.40",BRD-RTL
T020820,14/07/2022,f02189,Input Purchase,PP chemicals,235 kgs,₹ 635.10,"₹ 1,49,248.50",BRD-RTL
T020821,20/06/2022,F02189,input,DAP,109 kg,₹ 50.47,"₹ 5,501.23",BRD-RTL
T020822,02/11/2022,F02191,FPO_DELIVERY,GROUNDNUT (Pods),267.00 kgs,"₹ 7,720.00","₹ 20,612.40",BRD-RTL
T020823,14/10/2022,F02191,Delivery,SOYABEAN,28 kg,"₹ 5,385.00","₹ 1,507.80",BRD-RTL
T020824,11/10/2022, F02191 ,Delivery,SOYABEAN,0.22 MT,"₹ 5,385.00","₹ 11,847.00",BRD-RTL
T020825,06/06/2022,f02191,Input Purchase,DAP,135 kgs,₹ 57.93,"₹ 7,820.55",BRD-RTL
T020826,08/07/2022,F02191,Input Purchase,FERTILIZER 50kg bag,186 kgs,₹ 38.28,"₹ 7,120.08",BRD-RTL
T020827,10/07/2022,F02191,input,FERTILIZER 50kg bag,201 kgs,₹ 52.20,"₹ 10,492.20",BRD-RTL
T020828,13/06/2022,f02191,FERT_PURCHASE,SEEDS,100 kgs,₹ 109.84,"₹ 10,984.00",BRD-RTL
T020829,22/11/2022,F02195,FPO_DELIVERY,mungfali,259.00 kgs,"₹ 8,350.00","₹ 21,626.50",BRD-RTL
T020830,13/07/2022,f02195,input,PPC,219 kgs,₹ 480.66,"₹ 1,05,264.54",BRD-RTL
T020831,23/06/2022,F02195,Input Purchase,Seeds,308 kg,₹ 97.62,"₹ 30,066.96",BRD-RTL
T020832,11/07/2022,F02195,INPUT_PURCHASE,FERTILIZER 50kg bag,89 kgs,₹ 31.61,"₹ 2,813.29",BRD-RTL
T020833,12/10/2022,F02196,D,mungfali,0.85 quintals,"₹ 7,970.00","₹ 6,774.50",BRD-RTL
T020834,23/10/2022,F02196,Delivery,GROUNDNUT (Pods),0.27 t,"₹ 7,970.00","₹ 21,678.40",BRD-RTL
T020835,14/11/2022,F02196,Delivery,Groundnut,1.75 q,"₹ 7,970.00","₹ 13,947.50",BRD-RTL
T020836,22/06/2022,F02196,I,PPC,254 kg,₹ 314.07,"₹ 79,773.78",BRD-RTL
T020837,12/06/2022,F02196,I,Seeds,103 kg,₹ 85.62,"₹ 8,818.86",BRD-RTL
T020838,11/06/2022,F02196,I,SEEDS,147 kg,₹ 118.77,"₹ 17,459.19",BRD-RTL
T020839,25/10/2022,f02201,Delivery,Groundnut Pods,489.00 kgs,"₹ 7,775.00","₹ 38,019.75",BRD-RTL
T020840,28/10/2022,F02201,D,Soybean (Yellow),1.0 qtl,"₹ 5,375.00","₹ 5,375.00",BRD-RTL
T020841,28/10/2022,F02201,D,SOYABEAN,247.00 kgs,"₹ 5,375.00","₹ 13,276.25",BRD-RTL
T020842,04/11/2022,f02202,delivery,Groundnut Pods,125 kg,"₹ 8,425.00","₹ 10,531.25",BRD-RTL
T020843,18/10/2022,F02202,DELIVERY,GROUNDNUT (Pods),8.8 qtl,"₹ 8,425.00","₹ 74,224.25",BRD-RTL
T020844,10/06/2022,F02202,input,Fertilizer,303 kg,₹ 40.97,"₹ 12,413.91",BRD-RTL
T020845,18/09/2022,F02202,loan,EMI,,,"₹ 1,900.00",BRD-RTL
T020846,07/11/2022,F02207,Delivery,GROUNDNUT (Pods),0.63 t,"₹ 7,850.00","₹ 49,533.50",BRD-RTL
T020847,05/06/2022,F02207,Input Purchase,Urea,194 kgs,₹ 58.82,"₹ 11,411.08",BRD-RTL
T020848,26/06/2022, F02207 ,I,Fertilizer,39 kgs,₹ 44.71,"₹ 1,743.69",BRD-RTL
T020849,13/07/2022,F02207,I,Urea,194 kgs,₹ 37.06,"₹ 7,189.64",BRD-RTL
T020850,10/11/2022,F02207,loan,Loan Repayment,,,"₹ 3,000.00",BRD-RTL
T020851,16/11/2022,F02208,delivery,Groundnut Pods,0.69 quintals,"₹ 7,915.00","₹ 5,461.35",BRD-RTL
T020852,21/10/2022,F02208,FPO_DELIVERY,Groundnut Pods,0.9 qtl,"₹ 7,915.00","₹ 7,281.80",BRD-RTL
T020853,04/07/2022,F02208,INPUT_PURCHASE,SEEDS,281 kg,₹ 84.74,"₹ 23,811.94",BRD-RTL
T020854,08/06/2022,F02208,I,DAP,282 kg,₹ 52.83,"₹ 14,898.06",BRD-RTL
T020855,20/06/2022,F02208,INPUT_PURCHASE,FERTILIZER 50kg bag,185 kgs,₹ 41.41,"₹ 7,660.85",BRD-RTL
T020856,10/11/2022,F02209,delivery,Groundnut,11.07 quintals,"₹ 8,110.00","₹ 89,777.70",BRD-RTL
T020857,20/11/2022,F02209,Delivery,GROUNDNUT (Pods),109.00 kgs,"₹ 8,110.00","₹ 8,839.90",BRD-RTL
T020858,20/11/2022,F02210,Delivery,Groundnut,3.14 q,"₹ 8,665.00","₹ 27,208.10",BRD-RTL
T020859,08/07/2022,F02210,Input Purchase,SEEDS,129 kg,₹ 106.31,"₹ 13,713.99",BRD-RTL
T020860,13/08/2022,F02210,L,Loan Repayment,,,"₹ 7,700.00",BRD-RTL
T020861,19/11/2022,F02210,L,Loan Repayment,,,"₹ 7,700.00",BRD-RTL
T020862,03/10/2022,f02211,FPO_DELIVERY,Groundnut Pods,0.10 MT,"₹ 7,925.00","₹ 7,766.50",BRD-RTL
T020863,13/10/2022,F02211,Delivery,Groundnut Pods,210.00 kgs,"₹ 7,925.00","₹ 16,642.50",BRD-RTL
T020864,28/06/2022,F02211,FERT_PURCHASE,Hybrid Seeds,234 kgs,₹ 103.23,"₹ 24,155.82",BRD-RTL
T020865,29/06/2022,F02211,FERT_PURCHASE,Seeds,303 kgs,₹ 105.38,"₹ 31,930.14",BRD-RTL
T020866,27/10/2022,F02217,DELIVERY,mungfali,737.00 kgs,"₹ 8,075.00","₹ 59,512.75",BRD-RTL
T020867,15/10/2022,F02217,delivery,mungfali,36 kg,"₹ 8,075.00","₹ 2,907.00",BRD-RTL
T020868,04/06/2022,F02217,Input Purchase,Fertilizer,222 kgs,₹ 40.76,"₹ 9,048.72",BRD-RTL
T020915,03/11/2022,F02251,Delivery,Groundnut Pods,0.40 MT,"₹ 8,465.00","₹ 34,029.30",BRD-RTL
T020941,26/11/2022,F02272,FPO_DELIVERY,Groundnut Pods,381 kg,"₹ 7,650.00","₹ 29,146.50",BRD-RTL
T020942,27/11/2022,F02272,DELIVERY,GROUNDNUT (Pods),375.00 kgs,"₹ 7,650.00","₹ 28,687.50",BRD-RTL
T020943,06/08/2022,F02272,L,Loan Repayment,,,"₹ 5,500.00",BRD-RTL
T020944,01/11/2022,F02272,LOAN_REPAY,Loan Repayment,,,"₹ 5,300.00",BRD-RTL
T020945,22/06/2022,F02272,loan,Loan Repayment,,,"₹ 3,400.00",BRD-RTL
T021014,02/10/2022,F02308,Delivery,Groundnut,6.63 q,"₹ 8,370.00","₹ 55,493.10",BRD-RTL
T021015,24/06/2022,F02308,I,Urea,99 kg,₹ 36.51,"₹ 3,614.49",BRD-RTL
T021027,30/11/2022,F02316,D,Groundnut Pods,375.00 kgs,"₹ 8,400.00","₹ 31,500.00",BRD-RTL
T021028,01/07/2022,f02316,INPUT_PURCHASE,FERTILIZER 50kg bag,212 kgs,₹ 42.87,"₹ 9,088.44",BRD-RTL
T021044,12/11/2022,F02332,DELIVERY,Groundnut Pods,225 kg,"₹ 8,225.00","₹ 18,506.25",BRD-RTL
T021087,05/10/2022,F02352,FPO_DELIVERY,mungfali,441 kg,"₹ 7,905.00","₹ 34,861.05",BRD-RTL
T021088,15/06/2022,F02352,I,FERTILIZER 50kg bag,79 kg,₹ 57.40,"₹ 4,534.60",BRD-RTL
T021089,05/07/2022,F02352,I,Fertilizer,141 kg,₹ 46.21,"₹ 6,515.61",BRD-RTL
T021090,30/06/2022,F02352,Input Purchase,NPK 10:26:26,96 kg,₹ 38.10,"₹ 3,657.60",BRD-RTL
T021092,09/10/2022,F02356,DELIVERY,mungfali,159.00 kgs,"₹ 7,810.00","₹ 12,417.90",BRD-RTL
T021093,01/11/2022,,DELIVERY,mungfali,0.80 q,"₹ 7,810.00","₹ 6,248.00",BRD-RTL
T021094,30/11/2022, F02356 ,DELIVERY,GROUNDNUT (Pods),41.00 kgs,"₹ 7,810.00","₹ 3,202.10",BRD-RTL
T021095,05/06/2022,F02356,INPUT_PURCHASE,Hybrid Seeds,124 kgs,₹ 85.35,"₹ 10,583.40",BRD-RTL
T021096,26/06/2022,F02356,I,PP chemicals,215 kg,₹ 513.82,"₹ 1,10,471.30",BRD-RTL
T021097,10/09/2022, F02356 ,LOAN_REPAY,EMI,,,"₹ 6,200.00",BRD-RTL
T021111,06/10/2022,F02365,D,GROUNDNUT (Pods),0.07 t,"₹ 7,915.00","₹ 5,540.50",BRD-RTL
T021112,07/11/2022,F02365,Delivery,GROUNDNUT (Pods),59 kg,"₹ 7,915.00","₹ 4,669.85",BRD-RTL
T021113,11/10/2022,f02365,FPO_DELIVERY,GROUNDNUT (Pods),0.8 qtl,"₹ 7,915.00","₹ 6,015.40",BRD-RTL
T021114,30/06/2022,F02365,Input Purchase,FERTILIZER 50kg bag,146 kg,₹ 51.02,"₹ 7,448.92",BRD-RTL
T021115,27/06/2022,F02365,input,NPK 10:26:26,165 kgs,₹ 42.66,"₹ 7,038.90",BRD-RTL
T021154,29/10/2022,F02383,DELIVERY,GROUNDNUT (Pods),43.00 kgs,"₹ 7,950.00","₹ 3,418.50",BRD-RTL
T021155,07/11/2022,f02383,delivery,mungfali,133.00 kgs,"₹ 7,950.00","₹ 10,573.50",BRD-RTL
T021156,19/06/2022, F02383 ,INPUT_PURCHASE,PPC,318 kgs,₹ 678.65,"₹ 2,15,810.70",BRD-RTL
T021157,16/06/2022,F02383,I,Hybrid Seeds,118 kgs,₹ 95.99,"₹ 11,326.82",BRD-RTL
T021158,03/06/2022,f02383,input,DAP,178 kg,₹ 57.42,"₹ 10,220.76",BRD-RTL
T021159,13/07/2022,F02383,FERT_PURCHASE,DAP,254 kgs,₹ 42.73,"₹ 10,853.42",BRD-RTL
T021162,19/11/2022,F02386,FPO_DELIVERY,Groundnut Pods,2.03 q,"₹ 8,235.00","₹ 16,717.05",BRD-RTL
T021184,30/11/2022,F02398,delivery,mungfali,63.00 kgs,"₹ 8,560.00","₹ 5,392.80",BRD-RTL
T021185,11/10/2022, F02398 ,delivery,Groundnut,152.00 kgs,"₹ 8,560.00","₹ 13,011.20",BRD-RTL
T021186,22/06/2022,F02398,I,FERTILIZER 50kg bag,314 kgs,₹ 30.52,"₹ 9,583.28",BRD-RTL
T021190,28/11/2022,F02401,D,GROUNDNUT (Pods),1.05 quintals,"₹ 8,235.00","₹ 8,646.75",BRD-RTL
T021191,22/11/2022,F02401,delivery,GROUNDNUT (Pods),130.00 kgs,"₹ 8,235.00","₹ 10,705.50",BRD-RTL
T021192,14/07/2022,F02401,input,DAP,231 kgs,₹ 47.84,"₹ 11,051.04",BRD-RTL
T021193,15/07/2022,F02401,I,PP chemicals,27 kg,₹ 341.20,"₹ 9,212.40",BRD-RTL
T021274,02/11/2022,F02430,DELIVERY,Groundnut Pods,3.42 quintals,"₹ 8,320.00","₹ 28,454.40",BRD-RTL
T021275,08/10/2022,F02430,Delivery,Groundnut Pods,112 kg,"₹ 8,320.00","₹ 9,318.40",BRD-RTL
T021276,23/06/2022,F02430,FERT_PURCHASE,PP chemicals,78 kg,₹ 392.61,"₹ 30,623.58",BRD-RTL
T021277,17/10/2022,F02431,D,mungfali,243 kg,"₹ 8,035.00","₹ 19,525.05",BRD-RTL
T021278,06/06/2022,F02431,INPUT_PURCHASE,Seeds,114 kg,₹ 57.64,"₹ 6,570.96",BRD-RTL
T021289,26/10/2022,F02437,Delivery,mungfali,2.38 q,"₹ 7,745.00","₹ 18,433.10",BRD-RTL
T021339,12/10/2022,F02456,FPO_DELIVERY,GROUNDNUT (Pods),99.00 kgs,"₹ 8,110.00","₹ 8,028.90",BRD-RTL
T021340,05/06/2022,f02456,FERT_PURCHASE,NPK 10:26:26,215 kgs,₹ 47.51,"₹ 10,214.65",BRD-RTL
T021341,26/06/2022,F02456,INPUT_PURCHASE,SEEDS,248 kgs,₹ 95.52,"₹ 23,688.96",BRD-RTL
T021342,15/06/2022,F02456,INPUT_PURCHASE,PP chemicals,231 kg,₹ 129.29,"₹ 29,865.99",BRD-RTL
T021343,27/06/2022,F02456,input,Urea,72 kgs,₹ 36.61,"₹ 2,635.92",BRD-RTL
T021344,05/06/2022,F02456,input,Hybrid Seeds,101 kgs,₹ 89.15,"₹ 9,004.15",BRD-RTL
T021345,06/06/2022,f02456,Input Purchase,Hybrid Seeds,218 kgs,₹ 93.17,"₹ 20,311.06",BRD-RTL
T021346,01/06/2022,F02456,FERT_PURCHASE,DAP,139 kg,₹ 54.53,"₹ 7,579.67",BRD-RTL
T021364,15/11/2022,F02460,delivery,GROUNDNUT (Pods),69.00 kgs,"₹ 8,400.00","₹ 5,796.00",BRD-RTL
T021365,10/11/2022,F02460,Delivery,mungfali,1.1 qtl,"₹ 8,400.00","₹ 9,660.00",BRD-RTL
T021366,11/07/2022,F02460,INPUT_PURCHASE,SEEDS,136 kgs,₹ 122.68,"₹ 16,684.48",BRD-RTL
T021367,22/06/2022,F02460,INPUT_PURCHASE,Seeds,294 kg,₹ 59.33,"₹ 17,443.02",BRD-RTL
T021368,20/06/2022,F02460,L,EMI,,,"₹ 3,400.00",BRD-RTL
T021369,24/11/2022,F02460,Loan Repayment,EMI,,,"₹ 5,100.00",BRD-RTL
T021383,25/11/2022,F02464,delivery,Groundnut,0.01 MT,"₹ 8,585.00",₹ 686.80,BRD-RTL
T021384,18/11/2022,F02464,Delivery,GROUNDNUT (Pods),128 kg,"₹ 8,585.00","₹ 10,988.80",BRD-RTL
T021385,01/11/2022,F02464,FPO_DELIVERY,GROUNDNUT (Pods),200.00 kgs,"₹ 8,585.00","₹ 17,170.00",BRD-RTL
T021386,05/07/2022,F02464,Input Purchase,Fertilizer,111 kgs,₹ 38.87,"₹ 4,314.57",BRD-RTL
T021405,20/11/2022,f02471,DELIVERY,Groundnut,1.05 quintals,"₹ 8,010.00","₹ 8,410.50",BRD-RTL
T021406,12/10/2022,F02471,DELIVERY,GROUNDNUT (Pods),532 kg,"₹ 8,010.00","₹ 42,613.20",BRD-RTL
T021434,29/11/2022,f02480,D,mungfali,9.32 q,"₹ 8,470.00","₹ 78,940.40",BRD-RTL
T021435,22/11/2022,F02480,D,mungfali,1.74 q,"₹ 8,470.00","₹ 14,737.80",BRD-RTL
T021436,21/06/2022,F02480,I,Urea,151 kg,₹ 54.96,"₹ 8,298.96",BRD-RTL
T021437,10/06/2022,F02480,INPUT_PURCHASE,DAP,177 kgs,₹ 47.82,"₹ 8,464.14",BRD-RTL
T022969,23/04/2023,F02064,D,mustard (Yellow),"1,833.00 kgs","₹ 7,350.00","₹ 1,34,725.50",BRD-RTL
T022970,10/12/2022,F02064,FERT_PURCHASE,Hybrid Seeds,272 kgs,₹ 90.33,"₹ 24,569.76",BRD-RTL
T022971,21/12/2022,F02064,Input Purchase,Seeds,163 kg,₹ 75.54,"₹ 12,313.02",BRD-RTL
T022972,15/01/2023,F02064,INPUT_PURCHASE,SEEDS,51 kgs,₹ 96.61,"₹ 4,927.11",BRD-RTL
T022973,26/12/2022,F02064,INPUT_PURCHASE,DAP,314 kgs,₹ 55.53,"₹ 17,436.42",BRD-RTL
T022974,29/03/2023,F02065,Delivery,Mustard,21.00 q,"₹ 6,695.00","₹ 1,40,595.00",BRD-RTL
T022975,06/05/2023,F02065,Delivery,MUSTARD,19.88 q,"₹ 6,695.00","₹ 1,33,096.60",BRD-RTL
T022976,02/12/2022,F02065,INPUT_PURCHASE,Bio-pesticide,279 kg,₹ 502.90,"₹ 1,40,309.10",BRD-RTL
T022977,26/04/2023,F02066,FPO_DELIVERY,MUSTARD,929 kg,"₹ 7,160.00","₹ 66,516.40",BRD-RTL
T022978,26/04/2023,F02067,D,mustard (Yellow),1355 kg,"₹ 6,165.00","₹ 83,535.75",BRD-RTL
T022979,17/03/2023,f02067,FPO_DELIVERY,Gram,0.78 quintals,"₹ 6,895.00","₹ 5,378.10",BRD-RTL
T022980,05/03/2023, F02067 ,D,Bengal Gram,10.78 quintals,"₹ 6,895.00","₹ 74,328.10",BRD-RTL
T022981,29/12/2022,F02067,INPUT_PURCHASE,NPK 10:26:26,205 kg,₹ 39.56,"₹ 8,109.80",BRD-RTL
T022982,03/01/2023,F02067,INPUT_PURCHASE,NPK 10:26:26,38 kgs,₹ 49.61,"₹ 1,885.18",BRD-RTL
T022983,08/05/2023,F02068,Delivery,Yellow Mustard,13.38 quintals,"₹ 6,735.00","₹ 90,114.30",BRD-RTL
T022984,06/01/2023,F02068,loan,Loan Repayment,,,₹ 800.00,BRD-RTL
T022985,13/03/2023,F02073,Delivery,Sarson,"1,086.00 kgs","₹ 7,080.00","₹ 76,888.80",BRD-RTL
T022986,19/03/2023,F02073,DELIVERY,GRAM (Chana),2.0 qtl,"₹ 6,565.00","₹ 13,458.25",BRD-RTL
T022987,03/03/2023,f02073,Delivery,GRAM (Chana),7.98 quintals,"₹ 6,565.00","₹ 52,388.70",BRD-RTL
T022988,24/03/2023,F02076,delivery,Yellow Mustard,912.00 kgs,"₹ 6,420.00","₹ 58,550.40",BRD-RTL
T022989,27/03/2023,F02076,delivery,mustard (Yellow),1133 kg,"₹ 6,420.00","₹ 72,738.60",BRD-RTL
T022990,11/01/2023,F02076,FERT_PURCHASE,DAP,51 kgs,₹ 46.42,"₹ 2,367.42",BRD-RTL
T022991,02/04/2023,f02079,FPO_DELIVERY,Sarson,552 kg,"₹ 6,650.00","₹ 36,708.00",BRD-RTL
T022992,12/04/2023, F02079 ,D,Yellow Mustard,654 kg,"₹ 6,650.00","₹ 43,491.00",BRD-RTL
T022993,24/12/2022,F02079,Input Purchase,DAP,227 kgs,₹ 49.52,"₹ 11,241.04",BRD-RTL
T022994,03/03/2023,F02080,D,Sarson,222 kg,"₹ 6,475.00","₹ 14,374.50",BRD-RTL
T022995,04/03/2023,F02080,DELIVERY,Yellow Mustard,558 kg,"₹ 6,475.00","₹ 36,130.50",BRD-RTL
T022996,12/05/2023,F02080,delivery,MUSTARD,80 kg,"₹ 6,475.00","₹ 5,180.00",BRD-RTL
T022997,31/12/2022,F02080,input,DAP,189 kgs,₹ 53.78,"₹ 10,164.42",BRD-RTL
T022998,29/12/2022,F02080,FERT_PURCHASE,NPK 10:26:26,136 kg,₹ 28.24,"₹ 3,840.64",BRD-RTL
T022999,01/03/2023,F02083,Delivery,Yellow Mustard,10.49 quintals,"₹ 6,375.00","₹ 66,873.75",BRD-RTL
T023000,21/04/2023,F02083,FPO_DELIVERY,Yellow Mustard,6.7 qtl,"₹ 6,375.00","₹ 42,903.75",BRD-RTL
T023001,09/01/2023,F02083,FERT_PURCHASE,Hybrid Seeds,277 kgs,₹ 52.18,"₹ 14,453.86",BRD-RTL
T023002,06/01/2023,F02083,INPUT_PURCHASE,PP chemicals,132 kg,₹ 486.38,"₹ 64,202.16",BRD-RTL
T023003,15/05/2023,f02085,delivery,MUSTARD,"1,463.00 kgs","₹ 6,730.00","₹ 98,459.90",BRD-RTL
T023004,25/03/2023,f02085,FPO_DELIVERY,MUSTARD,10.59 q,"₹ 6,730.00","₹ 71,270.70",BRD-RTL
T023005,10/12/2022,F02085,Loan Repayment,Loan Repayment,,,₹ 800.00,BRD-RTL
T023006,06/03/2023,F02085,L,Loan Repayment,,,₹ 900.00,BRD-RTL
T023007,08/05/2023,F02086,D,Yellow Mustard,121 kg,"₹ 7,025.00","₹ 8,500.25",BRD-RTL
T023008,28/04/2023,F02086,D,MUSTARD,115.00 kgs,"₹ 7,025.00","₹ 8,078.75",BRD-RTL
T023009,11/04/2023,F02088,FPO_DELIVERY,Sarson,1720 kg,"₹ 6,215.00","₹ 1,06,898.00",BRD-RTL
T023010,21/12/2022,F02088,INPUT_PURCHASE,DAP,208 kg,₹ 44.99,"₹ 9,357.92",BRD-RTL
T023011,16/03/2023,F02090,Delivery,mustard (Yellow),1.50 t,"₹ 6,750.00","₹ 1,00,980.00",BRD-RTL
T023012,28/12/2022,F02090,FERT_PURCHASE,FERTILIZER 50kg bag,60 kg,₹ 43.12,"₹ 2,587.20",BRD-RTL
T023013,07/12/2022,f02090,I,Bio-pesticide,176 kg,₹ 582.22,"₹ 1,02,470.72",BRD-RTL
T023014,15/01/2023, F02090 ,FERT_PURCHASE,SEEDS,154 kgs,₹ 84.18,"₹ 12,963.72",BRD-RTL
T023015,08/05/2023,F02091,delivery,Yellow Mustard,538 kg,"₹ 6,675.00","₹ 35,911.50",BRD-RTL
T023016,01/03/2023,F02091,delivery,mustard (Yellow),1.60 MT,"₹ 6,675.00","₹ 1,07,067.00",BRD-RTL
T023017,04/05/2023,F02091,D,Gram,1509 kg,"₹ 6,490.00","₹ 97,934.10",BRD-RTL
T023018,14/05/2023,F02091,delivery,Gram,230 kg,"₹ 6,490.00","₹ 14,927.00",BRD-RTL
T023019,28/04/2023,F02091,DELIVERY,chana,2.2 qtl,"₹ 6,490.00","₹ 14,602.50",BRD-RTL
T023020,08/01/2023,F02091,FERT_PURCHASE,Hybrid Seeds,53 kg,₹ 91.11,"₹ 4,828.83",BRD-RTL
T023021,02/12/2022,F02091,I,NPK 10:26:26,252 kg,₹ 41.81,"₹ 10,536.12",BRD-RTL
T023022,11/01/2023,f02091,input,FERTILIZER 50kg bag,240 kg,₹ 45.00,"₹ 10,800.00",BRD-RTL
T023023,14/12/2022,f02091,INPUT_PURCHASE,Seeds,216 kg,₹ 100.67,"₹ 21,744.72",BRD-RTL
T023024,07/05/2023,F02092,delivery,Yellow Mustard,13.7 qtl,"₹ 6,890.00","₹ 94,668.60",BRD-RTL
T023025,07/12/2022,F02092,I,FERTILIZER 50kg bag,225 kgs,₹ 48.22,"₹ 10,849.50",BRD-RTL
T023026,13/12/2022,F02092,Input Purchase,PP chemicals,67 kg,₹ 325.98,"₹ 21,840.66",BRD-RTL
T023027,22/12/2022,F02092,FERT_PURCHASE,DAP,289 kg,₹ 54.68,"₹ 15,802.52",BRD-RTL
T023028,29/12/2022,F02092,Input Purchase,Bio-pesticide,64 kgs,₹ 390.02,"₹ 24,961.28",BRD-RTL
T023029,21/03/2023,f02093,delivery,mustard (Yellow),1.8 qtl,"₹ 6,650.00","₹ 12,103.00",BRD-RTL
T023030,11/05/2023,F02093,Delivery,Yellow Mustard,0.77 t,"₹ 6,650.00","₹ 51,138.50",BRD-RTL
T023031,19/04/2023,F02093,delivery,Bengal Gram,0.73 t,"₹ 6,535.00","₹ 47,444.10",BRD-RTL
T023032,24/12/2022,F02093,FERT_PURCHASE,FERTILIZER 50kg bag,313 kgs,₹ 34.47,"₹ 10,789.11",BRD-RTL
T023033,09/12/2022,f02093,Input Purchase,Urea,134 kg,₹ 28.65,"₹ 3,839.10",BRD-RTL
T023034,06/01/2023,F02093,I,SEEDS,156 kg,₹ 56.32,"₹ 8,785.92",BRD-RTL
T023035,18/12/2022,F02093,input,Fertilizer,264 kg,₹ 36.18,"₹ 9,551.52",BRD-RTL
T023036,08/01/2023,f02093,Loan Repayment,Loan Repayment,,,"₹ 6,600.00",BRD-RTL
T023037,18/04/2023,F02095,FPO_DELIVERY,MUSTARD,46.3 qtl,"₹ 6,785.00","₹ 3,14,009.80",BRD-RTL
T023038,07/01/2023,F02095,I,NPK 10:26:26,150 kgs,₹ 43.96,"₹ 6,594.00",BRD-RTL
T023039,11/12/2022,F02095,FERT_PURCHASE,Bio-pesticide,77 kgs,₹ 569.79,"₹ 43,873.83",BRD-RTL
T023040,14/12/2022,F02095,I,DAP,236 kg,₹ 54.60,"₹ 12,885.60",BRD-RTL
T023041,08/03/2023,F02096,FPO_DELIVERY,mustard (Yellow),5.09 q,"₹ 6,950.00","₹ 35,375.50",BRD-RTL
T023042,12/01/2023,F02096,input,Hybrid Seeds,147 kgs,₹ 75.40,"₹ 11,083.80",BRD-RTL
T023043,29/03/2023,F02096,loan,Loan Repayment,,,"₹ 1,800.00",BRD-RTL
T023044,14/04/2023,F02096,LOAN_REPAY,EMI,,,"₹ 7,700.00",BRD-RTL
T023045,16/03/2023,F02097,delivery,Yellow Mustard,565 kg,"₹ 7,065.00","₹ 39,917.25",BRD-RTL
T023046,14/05/2023,F02097,FPO_DELIVERY,Sarson,393 kg,"₹ 7,065.00","₹ 27,765.45",BRD-RTL
T023047,20/04/2023,F02104,Delivery,Sarson,165.00 kgs,"₹ 6,265.00","₹ 10,337.25",BRD-RTL
T023048,28/04/2023,F02104,FPO_DELIVERY,Sarson,253.00 kgs,"₹ 6,265.00","₹ 15,850.45",BRD-RTL
T023049,02/12/2022,F02104,FERT_PURCHASE,NPK 10:26:26,306 kgs,₹ 31.83,"₹ 9,739.98",BRD-RTL
T023050,17/12/2022,F02104,INPUT_PURCHASE,Bio-pesticide,256 kg,₹ 334.23,"₹ 85,562.88",BRD-RTL
T023051,23/12/2022,F02104,FERT_PURCHASE,SEEDS,265 kgs,₹ 83.53,"₹ 22,135.45",BRD-RTL
T023052,10/03/2023,F02105,FPO_DELIVERY,Yellow Mustard,3.15 quintals,"₹ 7,090.00","₹ 22,333.50",BRD-RTL
T023053,28/04/2023,f02105,D,Yellow Mustard,0.39 MT,"₹ 7,090.00","₹ 27,509.20",BRD-RTL
T023054,01/03/2023,F02106,DELIVERY,MUSTARD,1.13 t,"₹ 6,665.00","₹ 75,514.45",BRD-RTL
T023055,31/12/2022,F02106,input,Fertilizer,122 kg,₹ 58.96,"₹ 7,193.12",BRD-RTL
T023056,16/12/2022,,input,Urea,275 kg,₹ 32.93,"₹ 9,055.75",BRD-RTL
T023057,21/03/2023,F02107,delivery,Yellow Mustard,16.59 q,"₹ 6,320.00","₹ 1,04,848.80",BRD-RTL
T023058,30/04/2023,F02107,D,Gram,5.23 q,"₹ 6,670.00","₹ 34,884.10",BRD-RTL
T023059,25/04/2023,F02107,D,Bengal Gram,7.91 q,"₹ 6,670.00","₹ 52,759.70",BRD-RTL
T023060,12/01/2023,F02107,FERT_PURCHASE,FERTILIZER 50kg bag,237 kg,₹ 59.22,"₹ 14,035.14",BRD-RTL
T023061,09/12/2022,F02107,FERT_PURCHASE,Urea,177 kgs,₹ 29.78,"₹ 5,271.06",BRD-RTL
T023062,05/01/2023,F02107,input,DAP,242 kgs,₹ 35.47,"₹ 8,583.74",BRD-RTL
T023063,08/12/2022,F02107,INPUT_PURCHASE,Seeds,112 kg,₹ 106.01,"₹ 11,873.12",BRD-RTL
T023064,02/03/2023,F02108,FPO_DELIVERY,Sarson,2091 kg,"₹ 6,790.00","₹ 1,41,978.90",BRD-RTL
T023065,13/12/2022,f02108,Input Purchase,PP chemicals,61 kg,₹ 399.67,"₹ 24,379.87",BRD-RTL
T023066,04/12/2022,f02108,Input Purchase,SEEDS,231 kgs,₹ 73.54,"₹ 16,987.74",BRD-RTL
T023067,15/05/2023,f02121,DELIVERY,Yellow Mustard,0.94 quintals,"₹ 6,375.00","₹ 5,992.50",BRD-RTL
T023068,10/03/2023,F02121,DELIVERY,Sarson,1156 kg,"₹ 6,375.00",₹ N/A,BRD-RTL
T023069,01/01/2023,F02121,input,SEEDS,281 kgs,₹ 122.44,"₹ 34,405.64",BRD-RTL
T023070,04/01/2023,F02121,I,Hybrid Seeds,125 kg,₹ 105.05,"₹ 13,131.25",BRD-RTL
T023071,19/12/2022,F02121,INPUT_PURCHASE,NPK 10:26:26,35 kgs,₹ 46.78,"₹ 1,637.30",BRD-RTL
T023072,09/03/2023,F02123,DELIVERY,Sarson,591.00 kgs,"₹ 7,160.00","₹ 42,315.60",BRD-RTL
T023073,08/05/2023,F02123,DELIVERY,Mustard,711 kg,"₹ 7,160.00","₹ 50,907.60",BRD-RTL
T023074,09/12/2022,f02123,INPUT_PURCHASE,Urea,210 kgs,₹ 58.04,"₹ 12,188.40",BRD-RTL
T023075,07/12/2022,F02123,Input Purchase,Seeds,33 kg,₹ 100.75,"₹ 3,324.75",BRD-RTL
T023076,08/01/2023,F02123,Loan Repayment,Loan Repayment,,,"₹ 7,100.00",BRD-RTL
T023077,02/05/2023, F02128 ,Delivery,mustard (Yellow),19.0 qtl,"₹ 6,890.00","₹ 1,31,185.60",BRD-RTL
T023078,20/12/2022,F02128,input,Fertilizer,304 kg,₹ 49.91,"₹ 15,172.64",BRD-RTL
T023079,04/01/2023,f02128,I,Bio-pesticide,204 kg,₹ 286.57,"₹ 58,460.28",BRD-RTL
T023080,21/12/2022,F02128,FERT_PURCHASE,PP chemicals,110 kg,₹ 698.37,"₹ 76,820.70",BRD-RTL
T023081,08/12/2022,F02128,input,Bio-pesticide,88 kgs,₹ 593.28,"₹ 52,208.64",BRD-RTL
T023082,12/04/2023,F02129,D,MUSTARD,"1,160.00 kgs","₹ 6,290.00","₹ 72,964.00",BRD-RTL
T023083,09/03/2023,F02129,DELIVERY,Gram,0.1 qtl,"₹ 6,630.00",₹ 331.50,BRD-RTL
T023084,09/04/2023,F02129,D,chana,0.84 q,"₹ 6,630.00","₹ 5,569.20",BRD-RTL
T023085,10/03/2023,F02129,FPO_DELIVERY,GRAM (Chana),842 kg,"₹ 6,630.00","₹ 55,824.60",BRD-RTL
T023086,08/01/2023,F02129,INPUT_PURCHASE,Seeds,154 kgs,₹ 118.58,"₹ 18,261.32",BRD-RTL
T023087,31/12/2022,F02129,FERT_PURCHASE,SEEDS,161 kgs,₹ 99.13,"₹ 15,959.93",BRD-RTL
T023088,05/01/2023,F02129,I,DAP,105 kgs,₹ 46.99,"₹ 4,933.95",BRD-RTL
T023089,30/03/2023,F02133,delivery,Sarson,5.95 quintals,"₹ 6,635.00","₹ 39,478.25",BRD-RTL
T023090,08/05/2023,f02133,Delivery,MUSTARD,8.60 quintals,"₹ 6,635.00","₹ 57,061.00",BRD-RTL
T023091,12/03/2023,F02133,delivery,chana,4.9 qtl,"₹ 6,365.00","₹ 31,061.20",BRD-RTL
T023092,28/04/2023,F02133,FPO_DELIVERY,GRAM (Chana),6.71 q,"₹ 6,365.00","₹ 42,709.15",BRD-RTL
T023093,11/01/2023,F02133,I,DAP,229 kgs,₹ 31.96,"₹ 7,318.84",BRD-RTL
T023094,20/03/2023,f02137,FPO_DELIVERY,Mustard,19.52 q,"₹ 6,905.00","₹ 1,34,785.60",BRD-RTL
T023095,05/01/2023,F02137,Input Purchase,PP chemicals,93 kg,₹ 526.74,"₹ 48,986.82",BRD-RTL
T023096,12/01/2023,F02137,LOAN_REPAY,EMI,,,₹ 800.00,BRD-RTL
T023097,09/05/2023,F02137,Loan Repayment,Loan Repayment,,,"₹ 3,900.00",BRD-RTL
T023098,14/03/2023,F02138,D,Yellow Mustard,4.64 quintals,"₹ 6,420.00","₹ 29,788.80",BRD-RTL
T023099,17/03/2023,F02138,FPO_DELIVERY,mustard (Yellow),64.00 kgs,"₹ 6,420.00","₹ 4,108.80",BRD-RTL
T023100,08/05/2023,F02138,DELIVERY,GRAM (Chana),4.6 qtl,"₹ 6,855.00","₹ 31,327.35",BRD-RTL
T023101,11/01/2023,F02138,INPUT_PURCHASE,SEEDS,46 kg,₹ 69.15,"₹ 3,180.90",BRD-RTL
T023102,11/05/2023,F02138,LOAN_REPAY,Loan Repayment,,,"₹ 1,900.00",BRD-RTL
T023103,16/05/2023,F02138,Loan Repayment,Loan Repayment,,,"₹ 1,000.00",BRD-RTL
T023104,13/01/2023,f02138,L,Loan Repayment,,,"₹ 7,700.00",BRD-RTL
T023105,26/03/2023,f02139,D,Mustard,13.40 quintals,"₹ 6,750.00","₹ 90,450.00",BRD-RTL
T023106,14/12/2022,F02139,INPUT_PURCHASE,FERTILIZER 50kg bag,208 kgs,₹ 54.81,"₹ 11,400.48",BRD-RTL
T023107,03/04/2023,f02141,Delivery,Mustard,3.25 quintals,"₹ 6,975.00","₹ 22,668.75",BRD-RTL
T023108,06/04/2023,F02141,delivery,Sarson,0.01 MT,"₹ 6,975.00",₹ 906.75,BRD-RTL
T023109,26/03/2023,F02141,Delivery,chana,165.00 kgs,"₹ 6,700.00","₹ 11,055.00",BRD-RTL
T023110,28/03/2023,F02141,delivery,Bengal Gram,1.19 q,"₹ 6,700.00","₹ 7,973.00",BRD-RTL
T023111,30/03/2023,F02144,D,MUSTARD,12.3 qtl,"₹ 6,350.00","₹ 78,232.00",BRD-RTL
T023112,28/04/2023,F02144,Delivery,mustard (Yellow),396 kg,"₹ 6,350.00","₹ 25,146.00",BRD-RTL
T023113,09/12/2022,F02144,I,Fertilizer,243 kgs,₹ 52.24,"₹ 12,694.32",BRD-RTL
T023114,09/01/2023,f02144,FERT_PURCHASE,DAP,159 kg,₹ 50.12,"₹ 7,969.08",BRD-RTL
T023115,03/03/2023,F02145,delivery,mustard (Yellow),"2,706.00 kgs","₹ 7,230.00","₹ 1,95,643.80",BRD-RTL
T023116,21/12/2022,F02145,FERT_PURCHASE,Hybrid Seeds,190 kg,₹ 111.68,"₹ 21,219.20",BRD-RTL
T023117,09/12/2022,F02145,Input Purchase,FERTILIZER 50kg bag,125 kgs,₹ 41.53,"₹ 5,191.25",BRD-RTL
T023118,04/03/2023,F02146,DELIVERY,MUSTARD,11.9 qtl,"₹ 6,930.00","₹ 82,674.90",BRD-RTL
T023119,02/01/2023,F02146,Input Purchase,Seeds,282 kg,₹ 91.25,"₹ 25,732.50",BRD-RTL
T023120,11/03/2023,F02147,DELIVERY,Yellow Mustard,0.15 t,"₹ 7,180.00","₹ 10,626.40",BRD-RTL
T023121,07/04/2023,F02147,FPO_DELIVERY,Mustard,420.00 kgs,"₹ 7,180.00","₹ 30,156.00",BRD-RTL
T023122,28/03/2023, F02147 ,Delivery,GRAM (Chana),651.00 kgs,"₹ 6,325.00","₹ 41,175.75",BRD-RTL
T023123,21/12/2022,F02147,INPUT_PURCHASE,DAP,71 kg,₹ 35.90,"₹ 2,548.90",BRD-RTL
T023124,08/05/2023,F02149,D,Yellow Mustard,5.2 qtl,"₹ 7,075.00","₹ 36,790.00",BRD-RTL
T023125,17/03/2023, F02149 ,Delivery,mustard (Yellow),1559 kg,"₹ 7,075.00","₹ 1,10,299.25",BRD-RTL
T023126,28/03/2023,F02149,DELIVERY,chana,17.14 quintals,"₹ 6,635.00","₹ 1,13,723.90",BRD-RTL
T023127,08/12/2022,F02149,I,NPK 10:26:26,246 kg,₹ 52.84,"₹ 12,998.64",BRD-RTL
T023128,07/03/2023,f02149,Loan Repayment,EMI,,,"₹ 6,100.00",BRD-RTL
T023129,25/03/2023,F02149,LOAN_REPAY,EMI,,,"₹ 1,200.00",BRD-RTL
T023130,11/04/2023,F02149,LOAN_REPAY,EMI,,,"₹ 7,500.00",BRD-RTL
T023131,23/04/2023,F02151,D,Sarson,8.80 q,"₹ 6,795.00","₹ 59,796.00",BRD-RTL
T023132,14/03/2023,F02151,D,MUSTARD,4.9 qtl,"₹ 6,795.00","₹ 33,023.70",BRD-RTL
T023133,13/12/2022,F02151,input,DAP,317 kgs,₹ 43.78,"₹ 13,878.26",BRD-RTL
T023134,12/12/2022,F02151,Input Purchase,Seeds,179 kgs,₹ 120.93,"₹ 21,646.47",BRD-RTL
T023135,13/05/2023,F02154,DELIVERY,Sarson,23.6 qtl,"₹ 6,475.00","₹ 1,52,486.25",BRD-RTL
T023136,24/12/2022,F02154,I,FERTILIZER 50kg bag,192 kg,₹ 52.31,"₹ 10,043.52",BRD-RTL
T023137,01/01/2023,F02154,INPUT_PURCHASE,DAP,132 kg,₹ 32.28,"₹ 4,260.96",BRD-RTL
T023138,23/04/2023,F02156,D,Mustard,11.3 qtl,"₹ 6,630.00","₹ 74,852.70",BRD-RTL
T023139,26/04/2023,F02156,DELIVERY,mustard (Yellow),6.15 q,"₹ 6,630.00","₹ 40,774.50",BRD-RTL
T023140,03/03/2023,F02158,delivery,Yellow Mustard,"1,247.00 kgs","₹ 6,830.00","₹ 85,170.10",BRD-RTL
T023141,30/04/2023,F02158,Delivery,Yellow Mustard,"1,673.00 kgs","₹ 6,830.00","₹ 1,14,265.90",BRD-RTL
T023142,10/12/2022,F02158,input,Urea,58 kgs,₹ 47.12,"₹ 2,732.96",BRD-RTL
T023143,24/04/2023,F02158,loan,Loan Repayment,,,"₹ 5,700.00",BRD-RTL
T023144,08/05/2023,F02162,FPO_DELIVERY,mustard (Yellow),731 kg,"₹ 6,770.00","₹ 49,488.70",BRD-RTL
T023145,21/04/2023,F02162,delivery,GRAM (Chana),5.95 quintals,"₹ 6,715.00","₹ 39,954.25",BRD-RTL
T023146,28/04/2023,F02163,FPO_DELIVERY,MUSTARD,8.0 qtl,"₹ 6,645.00","₹ 53,292.90",BRD-RTL
T023147,31/03/2023,F02168,DELIVERY,Sarson,13.50 q,"₹ 7,005.00","₹ 94,567.50",BRD-RTL
T023148,04/04/2023,F02168,Delivery,Sarson,24.64 quintals,"₹ 7,005.00","₹ 1,72,603.20",BRD-RTL
T023149,25/03/2023,F02168,delivery,chana,3440 kg,"₹ 6,565.00","₹ 2,25,836.00",BRD-RTL
T023150,04/03/2023,F02174,FPO_DELIVERY,MUSTARD,668.00 kgs,"₹ 6,685.00","₹ 44,655.80",BRD-RTL
T023151,23/03/2023,f02174,D,mustard (Yellow),229 kg,"₹ 6,685.00","₹ 15,308.65",BRD-RTL
T023152,29/12/2022,f02174,INPUT_PURCHASE,Fertilizer,307 kg,₹ 36.01,"₹ 11,055.07",BRD-RTL
T023153,27/04/2023,F02178,FPO_DELIVERY,Mustard,2437 kg,"₹ 6,915.00","₹ 1,68,518.55",BRD-RTL
T023154,16/12/2022,F02178,input,Seeds,59 kg,₹ 86.41,"₹ 5,098.19",BRD-RTL
T023155,14/12/2022,F02178,input,Fertilizer,118 kg,₹ 29.85,"₹ 3,522.30",BRD-RTL
T023156,24/02/2023,F02178,loan,Loan Repayment,,,"₹ 6,000.00",BRD-RTL
T023157,21/04/2023,F02178,Loan Repayment,Loan Repayment,,,"₹ 5,300.00",BRD-RTL
T023158,08/04/2023,F02180,D,MUSTARD,896 kg,"₹ 7,135.00","₹ 63,929.60",BRD-RTL
T023159,07/04/2023, F02180 ,Delivery,GRAM (Chana),6.8 qtl,"₹ 6,825.00","₹ 46,614.75",BRD-RTL
T023160,04/05/2023,F02180,DELIVERY,Gram,186.00 kgs,"₹ 6,825.00","₹ 12,694.50",BRD-RTL
T023161,22/12/2022,F02180,I,PP chemicals,288 kg,₹ 389.66,"₹ 1,12,222.08",BRD-RTL
T023162,15/05/2023,F02181,Delivery,Sarson,0.33 MT,"₹ 6,785.00","₹ 22,661.90",BRD-RTL
T023163,21/04/2023,f02181,Delivery,mustard (Yellow),150.00 kgs,"₹ 6,785.00","₹ 10,177.50",BRD-RTL
T023164,02/01/2023,F02181,Input Purchase,Urea,78 kgs,₹ 43.73,"₹ 3,410.94",BRD-RTL
T023165,26/04/2023,F02184,Delivery,Mustard,6.42 q,"₹ 6,555.00","₹ 42,083.10",BRD-RTL
T023166,12/04/2023,F02184,Delivery,Mustard,"1,169.00 kgs","₹ 6,555.00","₹ 76,627.95",BRD-RTL
T023167,12/05/2023,F02184,DELIVERY,Mustard,0.33 MT,"₹ 6,555.00","₹ 21,369.30",BRD-RTL
T023168,08/01/2023,F02184,I,Urea,237 kg,₹ 49.10,"₹ 11,636.70",BRD-RTL
T023169,22/12/2022,F02184,INPUT_PURCHASE,Hybrid Seeds,129 kg,₹ 50.44,"₹ 6,506.76",BRD-RTL
T023170,06/02/2023, F02184 ,LOAN_REPAY,EMI,,,"₹ 6,800.00",BRD-RTL
T023171,15/03/2023,F02185,delivery,Yellow Mustard,16.8 qtl,"₹ 6,860.00","₹ 1,15,385.20",BRD-RTL
T023172,04/12/2022,F02185,I,NPK 10:26:26,267 kgs,₹ 55.38,"₹ 14,786.46",BRD-RTL
T023173,18/03/2023,F02189,FPO_DELIVERY,Yellow Mustard,6.94 quintals,"₹ 7,305.00","₹ 50,696.70",BRD-RTL
T023174,02/04/2023, F02189 ,DELIVERY,Mustard,1.32 MT,"₹ 7,305.00","₹ 96,206.85",BRD-RTL
T023175,30/04/2023,F02189,DELIVERY,Bengal Gram,5.48 quintals,"₹ 6,630.00","₹ 36,332.40",BRD-RTL
T023176,21/03/2023,F02189,delivery,Bengal Gram,961.00 kgs,"₹ 6,630.00","₹ 63,714.30",BRD-RTL
T023177,07/03/2023,F02191,delivery,mustard (Yellow),320.00 kgs,"₹ 6,685.00","₹ 21,392.00",BRD-RTL
T023178,09/03/2023,F02191,D,MUSTARD,1.91 quintals,"₹ 6,685.00","₹ 12,768.35",BRD-RTL
T023179,10/03/2023,F02195,Delivery,Sarson,51.00 kgs,"₹ 6,835.00","₹ 3,485.85",BRD-RTL
T023180,14/03/2023, F02195 ,Delivery,Sarson,12.95 q,"₹ 6,835.00","₹ 88,513.25",BRD-RTL
T023181,27/03/2023,F02195,DELIVERY,Bengal Gram,"1,103.00 kgs","₹ 6,400.00","₹ 70,592.00",BRD-RTL
T023182,29/12/2022,F02195,input,Seeds,319 kg,₹ 47.50,"₹ 15,152.50",BRD-RTL
T023183,27/12/2022,F02195,Input Purchase,SEEDS,127 kg,₹ 70.63,"₹ 8,970.01",BRD-RTL
T023184,28/04/2023,F02195,L,Loan Repayment,,,"₹ 2,700.00",BRD-RTL
T023185,18/04/2023,F02196,FPO_DELIVERY,Sarson,"1,886.00 kgs","₹ 6,585.00","₹ 1,24,193.10",BRD-RTL
T023186,10/12/2022,F02196,FERT_PURCHASE,SEEDS,116 kg,₹ 99.32,"₹ 11,521.12",BRD-RTL
T023187,10/01/2023,F02196,INPUT_PURCHASE,PP chemicals,150 kg,₹ 661.75,"₹ 99,262.50",BRD-RTL
T023188,16/03/2023,f02201,FPO_DELIVERY,Sarson,"1,016.00 kgs","₹ 6,880.00","₹ 69,900.80",BRD-RTL
T023189,08/04/2023,F02201,Delivery,Yellow Mustard,9.42 quintals,"₹ 6,880.00","₹ 64,809.60",BRD-RTL
T023190,30/04/2023,F02202,DELIVERY,Yellow Mustard,13.87 quintals,"₹ 6,645.00","₹ 92,166.15",BRD-RTL
T023191,02/05/2023,F02202,delivery,Mustard,137.00 kgs,"₹ 6,645.00","₹ 9,103.65",BRD-RTL
T023192,23/04/2023,F02202,FPO_DELIVERY,Sarson,10.64 quintals,"₹ 6,645.00","₹ 70,702.80",BRD-RTL
T023193,27/12/2022,F02202,I,Urea,272 kg,₹ 47.84,"₹ 13,012.48",BRD-RTL
T023194,23/12/2022,F02202,Input Purchase,FERTILIZER 50kg bag,287 kgs,₹ 43.93,"₹ 12,607.91",BRD-RTL
T023195,24/04/2023,F02202,L,Loan Repayment,,,"₹ 6,400.00",BRD-RTL
T023196,14/05/2023,f02202,LOAN_REPAY,EMI,,,"₹ 7,000.00",BRD-RTL
T023197,16/03/2023,F02207,DELIVERY,Yellow Mustard,7.10 quintals,"₹ 6,410.00","₹ 45,511.00",BRD-RTL
T023198,14/04/2023,F02207,delivery,MUSTARD,10.37 quintals,"₹ 6,410.00","₹ 66,471.70",BRD-RTL
T023199,08/01/2023,F02207,I,Fertilizer,66 kgs,₹ 36.68,"₹ 2,420.88",BRD-RTL
T023200,21/12/2022,f02207,LOAN_REPAY,EMI,,,"₹ 3,800.00",BRD-RTL
T023201,22/03/2023,f02208,DELIVERY,Mustard,492 kg,"₹ 6,685.00","₹ 32,890.20",BRD-RTL
T023202,03/04/2023,F02208,delivery,chana,424 kg,"₹ 6,425.00","₹ 27,242.00",BRD-RTL
T023203,08/03/2023,F02208,DELIVERY,Bengal Gram,86 kg,"₹ 6,425.00","₹ 5,525.50",BRD-RTL
T023204,29/12/2022,F02208,input,Urea,289 kgs,₹ 36.00,"₹ 10,404.00",BRD-RTL
T023205,01/01/2023,F02208,Input Purchase,Seeds,298 kg,₹ 69.23,"₹ 20,630.54",BRD-RTL
T023206,01/05/2023,f02208,loan,EMI,,,"₹ 5,300.00",BRD-RTL
T023207,21/03/2023,F02209,DELIVERY,Yellow Mustard,"1,548.00 kgs","₹ 6,810.00","₹ 1,05,418.80",BRD-RTL
T023208,17/03/2023,F02209,Delivery,mustard (Yellow),16.6 qtl,"₹ 6,810.00","₹ 1,13,046.00",BRD-RTL
T023209,04/01/2023,F02209,INPUT_PURCHASE,SEEDS,166 kg,₹ 113.99,"₹ 18,922.34",BRD-RTL
T023210,21/03/2023,F02210,DELIVERY,Mustard,573.00 kgs,"₹ 7,060.00","₹ 40,453.80",BRD-RTL
T023211,12/03/2023,F02211,D,MUSTARD,8.09 q,"₹ 6,965.00","₹ 56,346.85",BRD-RTL
T023212,11/04/2023,f02211,D,Mustard,12 kg,"₹ 6,965.00",₹ 835.80,BRD-RTL
T023213,25/12/2022,F02211,INPUT_PURCHASE,DAP,263 kg,₹ 32.89,"₹ 8,650.07",BRD-RTL
T023214,04/01/2023,F02211,INPUT_PURCHASE,Fertilizer,163 kg,₹ 45.63,"₹ 7,437.69",BRD-RTL
T023215,09/12/2022,f02211,FERT_PURCHASE,Fertilizer,46 kg,₹ 30.27,"₹ 1,392.42",BRD-RTL
T023216,29/03/2023, F02211 ,loan,Loan Repayment,,,"₹ 4,500.00",BRD-RTL
T023217,31/03/2023,F02217,Delivery,mustard (Yellow),2.64 q,"₹ 6,945.00","₹ 18,334.80",BRD-RTL
T023218,10/05/2023,F02217,Delivery,Yellow Mustard,2416 kg,"₹ 6,945.00","₹ 1,67,791.20",BRD-RTL
T023219,06/12/2022,f02217,Input Purchase,Fertilizer,272 kg,₹ 45.40,"₹ 12,348.80",BRD-RTL
T023270,31/03/2023,f02251,Delivery,MUSTARD,192 kg,"₹ 6,685.00","₹ 12,835.20",BRD-RTL
T023271,26/03/2023,F02251,delivery,Mustard,0.48 t,"₹ 6,685.00","₹ 32,154.85",BRD-RTL
T023272,22/12/2022,F02251,FERT_PURCHASE,Urea,187 kgs,₹ 31.37,"₹ 5,866.19",BRD-RTL
T023295,22/03/2023,F02272,D,Mustard,17.6 qtl,"₹ 6,535.00","₹ 1,15,016.00",BRD-RTL
T023296,28/12/2022,f02272,INPUT_PURCHASE,SEEDS,255 kgs,₹ 83.83,"₹ 21,376.65",BRD-RTL
T023297,04/01/2023,F02272,Input Purchase,Urea,262 kg,₹ 30.98,"₹ 8,116.76",BRD-RTL
T023298,27/12/2022,f02272,INPUT_PURCHASE,NPK 10:26:26,282 kgs,₹ 41.61,"₹ 11,734.02",BRD-RTL
T023299,23/12/2022,F02272,Input Purchase,Urea,124 kgs,₹ 28.42,"₹ 3,524.08",BRD-RTL
T023300,23/03/2023,F02272,loan,EMI,,,"₹ 7,000.00",BRD-RTL
T023379,12/05/2023,F02308,DELIVERY,mustard (Yellow),673 kg,"₹ 6,095.00","₹ 41,019.35",BRD-RTL
T023380,30/03/2023,F02308,Delivery,Mustard,8.94 q,"₹ 6,095.00","₹ 54,489.30",BRD-RTL
T023381,06/12/2022,F02308,FERT_PURCHASE,PP chemicals,71 kgs,₹ 190.16,"₹ 13,501.36",BRD-RTL
T023382,24/12/2022,F02308,input,FERTILIZER 50kg bag,155 kg,₹ 37.13,"₹ 5,755.15",BRD-RTL
T023390,09/03/2023,F02316,delivery,mustard (Yellow),11.94 q,"₹ 6,550.00","₹ 78,207.00",BRD-RTL
T023391,10/12/2022,F02316,input,SEEDS,302 kgs,₹ 80.16,"₹ 24,208.32",BRD-RTL
T023392,17/12/2022,F02316,Input Purchase,Fertilizer,139 kgs,₹ 33.80,"₹ 4,698.20",BRD-RTL
T023393,27/12/2022,F02316,I,DAP,314 kgs,₹ 56.23,"₹ 17,656.22",BRD-RTL
T023394,09/05/2023,F02316,loan,Loan Repayment,,,"₹ 4,900.00",BRD-RTL
T023449,06/04/2023,F02352,D,Yellow Mustard,0.43 t,"₹ 7,280.00","₹ 31,085.60",BRD-RTL
T023450,27/03/2023,F02352,D,Mustard,2.2 qtl,"₹ 7,280.00","₹ 15,943.20",BRD-RTL
T023451,22/04/2023,F02356,delivery,mustard (Yellow),"1,017.00 kgs","₹ 6,535.00","₹ 66,460.95",BRD-RTL
T023452,07/01/2023,F02356,INPUT_PURCHASE,NPK 10:26:26,251 kgs,₹ 37.31,"₹ 9,364.81",BRD-RTL
T023453,04/01/2023,F02356,I,FERTILIZER 50kg bag,117 kg,₹ 36.67,"₹ 4,290.39",BRD-RTL
T023454,25/12/2022,F02356,input,FERTILIZER 50kg bag,106 kgs,₹ 42.99,"₹ 4,556.94",BRD-RTL
T023455,22/12/2022,F02356,input,FERTILIZER 50kg bag,214 kgs,₹ 39.43,"₹ 8,438.02",BRD-RTL
T023456,28/03/2023,F02356,L,EMI,,,"₹ 4,800.00",BRD-RTL
T023457,11/03/2023,F02356,Loan Repayment,EMI,,,"₹ 7,700.00",BRD-RTL
T023472,06/03/2023,F02365,DELIVERY,Yellow Mustard,5.7 qtl,"₹ 6,655.00","₹ 37,866.95",BRD-RTL
T023499,10/03/2023,F02383,DELIVERY,Mustard,425.00 kgs,"₹ 6,475.00","₹ 27,518.75",BRD-RTL
T023500,15/04/2023,F02383,D,Sarson,4.36 quintals,"₹ 6,475.00","₹ 28,231.00",BRD-RTL
T023501,01/05/2023,F02383,Delivery,MUSTARD,100 kg,"₹ 6,475.00","₹ 6,475.00",BRD-RTL
T023502,01/12/2022,F02383,I,Bio-pesticide,316 kgs,₹ 275.96,"₹ 87,203.36",BRD-RTL
T023505,10/03/2023,F02386,Delivery,Sarson,3.6 qtl,"₹ 6,910.00","₹ 24,806.90",BRD-RTL
T023506,16/03/2023,F02386,FPO_DELIVERY,Mustard,658.00 kgs,"₹ 6,910.00","₹ 45,467.80",BRD-RTL
T023507,24/12/2022,F02386,FERT_PURCHASE,Fertilizer,147 kg,₹ 47.77,"₹ 7,022.19",BRD-RTL
T023527,16/03/2023,F02398,delivery,Mustard,208.00 kgs,"₹ 6,615.00","₹ 13,759.20",BRD-RTL
T023528,05/04/2023,F02398,D,mustard (Yellow),212.00 kgs,"₹ 6,615.00","₹ 14,023.80",BRD-RTL
T023529,13/05/2023,F02398,DELIVERY,Mustard,1.5 qtl,"₹ 6,615.00","₹ 10,120.95",BRD-RTL
T023530,10/12/2022,F02398,INPUT_PURCHASE,NPK 10:26:26,299 kgs,₹ 59.31,"₹ 17,733.69",BRD-RTL
T023531,21/12/2022,F02398,FERT_PURCHASE,PP chemicals,175 kgs,₹ 693.79,"₹ 1,21,413.25",BRD-RTL
T023537,09/03/2023,f02401,D,Sarson,218 kg,"₹ 6,805.00","₹ 14,834.90",BRD-RTL
T023538,13/04/2023,F02401,D,Sarson,2.84 quintals,"₹ 6,805.00","₹ 19,326.20",BRD-RTL
T023592,10/03/2023,f02430,DELIVERY,Yellow Mustard,11.81 quintals,"₹ 6,930.00","₹ 81,843.30",BRD-RTL
T023593,11/04/2023,F02430,FPO_DELIVERY,MUSTARD,0.32 quintals,"₹ 6,930.00","₹ 2,217.60",BRD-RTL
T023594,15/12/2022,F02430,Input Purchase,Bio-pesticide,45 kg,₹ 564.52,"₹ 25,403.40",BRD-RTL
T023595,14/01/2023,F02430,I,DAP,165 kg,₹ 30.90,"₹ 5,098.50",BRD-RTL
T023596,12/05/2023,F02431,Delivery,mustard (Yellow),5.1 qtl,"₹ 6,455.00","₹ 32,726.85",BRD-RTL
T023597,16/04/2023,F02431,FPO_DELIVERY,MUSTARD,1.93 q,"₹ 6,455.00","₹ 12,458.15",BRD-RTL
T023598,31/05/2023,f02431,Loan Repayment,EMI,,,"₹ 1,100.00",BRD-RTL
T023599,15/02/2023,F02431,LOAN_REPAY,Loan Repayment,,,"₹ 1,600.00",BRD-RTL
T023617,02/03/2023,F02437,D,Mustard,175.00 kgs,"₹ 6,340.00","₹ 11,095.00",BRD-RTL
T023618,09/04/2023,F02437,D,MUSTARD,74 kg,"₹ 6,340.00","₹ 4,691.60",BRD-RTL
T023619,11/03/2023,F02437,Delivery,Sarson,72 kg,"₹ 6,340.00","₹ 4,564.80",BRD-RTL
T023620,10/12/2022,F02437,FERT_PURCHASE,Hybrid Seeds,302 kgs,₹ 51.05,"₹ 15,417.10",BRD-RTL
T023656,15/04/2023,f02456,DELIVERY,MUSTARD,94 kg,"₹ 6,995.00","₹ 6,575.30",BRD-RTL
T023657,24/03/2023,F02456,delivery,Sarson,1.68 quintals,"₹ 6,995.00","₹ 11,751.60",BRD-RTL
T023667,26/03/2023,F02460,DELIVERY,Sarson,91 kg,"₹ 6,430.00","₹ 5,851.30",BRD-RTL
T023668,13/04/2023,F02460,DELIVERY,mustard (Yellow),8.04 q,"₹ 6,430.00","₹ 51,697.20",BRD-RTL
T023669,22/12/2022,F02460,Input Purchase,PP chemicals,138 kgs,₹ 448.18,"₹ 61,848.84",BRD-RTL
T023673,03/04/2023, F02464 ,delivery,Mustard,122.00 kgs,"₹ 6,640.00","₹ 8,100.80",BRD-RTL
T023674,13/05/2023,F02464,FPO_DELIVERY,Sarson,2.44 q,"₹ 6,640.00","₹ 16,201.60",BRD-RTL
T023675,30/04/2023,F02464,DELIVERY,mustard (Yellow),0.73 q,"₹ 6,640.00","₹ 4,847.20",BRD-RTL
T023676,15/01/2023,F02464,input,Fertilizer,70 kgs,₹ 59.77,"₹ 4,183.90",BRD-RTL
T023693,12/03/2023,F02471,D,mustard (Yellow),454 kg,"₹ 6,700.00","₹ 30,418.00",BRD-RTL
T023694,18/03/2023,F02471,FPO_DELIVERY,Mustard,63.00 kgs,"₹ 6,700.00","₹ 4,221.00",BRD-RTL
T023695,02/03/2023,F02471,DELIVERY,Mustard,8.68 quintals,"₹ 6,700.00","₹ 58,156.00",BRD-RTL
T023696,03/12/2022,F02471,I,Hybrid Seeds,74 kgs,₹ 129.09,"₹ 9,552.66",BRD-RTL
T023697,05/01/2023,F02471,input,Seeds,122 kgs,₹ 64.85,"₹ 7,911.70",BRD-RTL
T023719,10/03/2023,F02480,FPO_DELIVERY,MUSTARD,13.23 q,"₹ 6,485.00","₹ 85,796.55",BRD-RTL
T023720,12/12/2022,F02480,input,FERTILIZER 50kg bag,183 kg,₹ 59.98,"₹ 10,976.34",BRD-RTL
T023721,13/01/2023,F02480,FERT_PURCHASE,PP chemicals,188 kgs,₹ 178.21,"₹ 33,503.48",BRD-RTL
T023800,04/04/2023,F02505,Delivery,Sarson,1.3 qtl,"₹ 6,635.00","₹ 8,492.80",BRD-RTL
T023801,30/04/2023,F02505,Delivery,mustard (Yellow),2.62 quintals,"₹ 6,635.00","₹ 17,383.70",BRD-RTL
T023802,13/01/2023,F02505,I,PPC,55 kgs,₹ 309.06,"₹ 16,998.30",BRD-RTL
T023803,11/01/2023,F02505,Input Purchase,NPK 10:26:26,285 kg,₹ 46.68,"₹ 13,303.80",BRD-RTL
T023845,10/05/2023,F02518,D,Sarson,7.67 q,"₹ 6,690.00","₹ 51,312.30",BRD-RTL
T023846,13/01/2023,F02518,FERT_PURCHASE,DAP,185 kg,₹ 34.83,"₹ 6,443.55",BRD-RTL
T023847,23/12/2022,F02518,FERT_PURCHASE,Urea,46 kgs,₹ 36.99,"₹ 1,701.54",BRD-RTL
T023848,02/01/2023,F02518,input,SEEDS,44 kgs,₹ 128.90,"₹ 5,671.60",BRD-RTL
T023849,24/12/2022,F02518,Input Purchase,Fertilizer,101 kgs,₹ 33.83,"₹ 3,416.83",BRD-RTL
T023850,08/01/2023,F02518,input,DAP,168 kgs,₹ 54.97,"₹ 9,234.96",BRD-RTL
T023858,04/05/2023,F02521,D,Mustard,0.13 quintals,"₹ 7,065.00",₹ 918.45,BRD-RTL
T023859,17/04/2023,F02521,FPO_DELIVERY,Yellow Mustard,70.00 kgs,"₹ 7,065.00","₹ 4,945.50",BRD-RTL
T023860,11/05/2023,F02521,FPO_DELIVERY,Mustard,0.38 q,"₹ 7,065.00","₹ 2,684.70",BRD-RTL
T025153,18/11/2023,F02064,Delivery,Groundnut Pods,"3,171.00 kgs","₹ 8,575.00","₹ 2,71,913.25",BRD-RTL
T025154,11/11/2023,F02064,DELIVERY,SOYABEAN,0.76 MT,"₹ 5,655.00","₹ 43,204.20",BRD-RTL
T025155,23/10/2023,f02064,DELIVERY,Soybean,16.61 q,"₹ 5,655.00","₹ 93,929.55",BRD-RTL
T025156,07/07/2023,F02064,Input Purchase,NPK 10:26:26,168 kg,₹ 43.12,"₹ 7,244.16",BRD-RTL
T025157,07/10/2023,F02065,DELIVERY,GROUNDNUT (Pods),3167 kg,"₹ 8,810.00","₹ 2,79,012.70",BRD-RTL
T025158,14/11/2023,F02065,FPO_DELIVERY,mungfali,26.39 q,"₹ 8,810.00","₹ 2,32,495.90",BRD-RTL
T025159,14/07/2023,F02065,Input Purchase,DAP,310 kg,₹ 41.34,"₹ 12,815.40",BRD-RTL
T025160,06/06/2023,f02065,Input Purchase,DAP,144 kgs,₹ 38.52,"₹ 5,546.88",BRD-RTL
T025161,04/06/2023,f02065,FERT_PURCHASE,Seeds,37 kg,₹ 75.28,"₹ 2,785.36",BRD-RTL
T025162,12/07/2023,F02065,INPUT_PURCHASE,Urea,82 kg,₹ 42.23,"₹ 3,462.86",BRD-RTL
T025163,08/07/2023,F02065,input,Bio-pesticide,125 kg,₹ 343.59,"₹ 42,948.75",BRD-RTL
T025164,17/06/2023, F02065 ,I,Fertilizer,229 kgs,₹ 47.97,"₹ 10,985.13",BRD-RTL
T025165,27/11/2023,f02066,FPO_DELIVERY,Groundnut Pods,14.1 qtl,"₹ 8,460.00","₹ 1,18,947.60",BRD-RTL
T025166,23/06/2023,F02066,FERT_PURCHASE,FERTILIZER 50kg bag,130 kgs,₹ 36.72,"₹ 4,773.60",BRD-RTL
T025167,07/11/2023,F02067,D,GROUNDNUT (Pods),1.60 MT,"₹ 8,355.00","₹ 1,33,930.65",BRD-RTL
T025168,23/11/2023,F02068,DELIVERY,GROUNDNUT (Pods),13.4 qtl,"₹ 8,690.00","₹ 1,16,793.60",BRD-RTL
T025169,10/11/2023,F02068,Delivery,mungfali,124 kg,"₹ 8,690.00","₹ 10,775.60",BRD-RTL
T025170,12/07/2023,F02068,I,DAP,127 kg,₹ 34.33,"₹ 4,359.91",BRD-RTL
T025171,07/07/2023,F02068,FERT_PURCHASE,Hybrid Seeds,312 kgs,₹ 115.00,"₹ 35,880.00",BRD-RTL
T025172,22/11/2023,f02073,FPO_DELIVERY,mungfali,1017 kg,"₹ 8,755.00","₹ 89,038.35",BRD-RTL
T025173,14/10/2023,f02073,DELIVERY,GROUNDNUT (Pods),0.35 MT,"₹ 8,755.00","₹ 30,467.40",BRD-RTL
T025174,12/10/2023,F02076,FPO_DELIVERY,Groundnut Pods,1.5 qtl,"₹ 8,515.00","₹ 13,113.10",BRD-RTL
T025175,20/10/2023,F02076,D,Groundnut Pods,2.04 MT,"₹ 8,515.00","₹ 1,73,876.30",BRD-RTL
T025176,21/11/2023,F02076,DELIVERY,soya,22.5 qtl,"₹ 6,095.00","₹ 1,36,893.70",BRD-RTL
T025177,22/06/2023,F02076,input,FERTILIZER 50kg bag,203 kg,₹ 37.24,"₹ 7,559.72",BRD-RTL
T025178,08/06/2023,F02076,I,SEEDS,51 kgs,₹ 101.24,"₹ 5,163.24",BRD-RTL
T025179,04/10/2023,F02079,Delivery,GROUNDNUT (Pods),1515 kg,"₹ 7,880.00","₹ 1,19,382.00",BRD-RTL
T025180,11/06/2023,F02079,input,Urea,250 kg,₹ 37.34,"₹ 9,335.00",BRD-RTL
T025181,04/06/2023,F02079,I,NPK 10:26:26,47 kgs,₹ 45.66,"₹ 2,146.02",BRD-RTL
T025182,22/06/2023,F02079,I,Urea,128 kgs,₹ 52.43,"₹ 6,711.04",BRD-RTL
T025183,03/06/2023,F02079,input,DAP,92 kg,₹ 36.58,"₹ 3,365.36",BRD-RTL
T025184,28/11/2023,F02083,D,Groundnut Pods,20.98 quintals,"₹ 8,540.00","₹ 1,79,169.20",BRD-RTL
T025185,07/06/2023,F02083,I,Fertilizer,189 kgs,₹ 58.79,"₹ 11,111.31",BRD-RTL
T025186,10/06/2023,F02083,INPUT_PURCHASE,SEEDS,221 kgs,₹ 81.46,"₹ 18,002.66",BRD-RTL
T025187,08/10/2023,f02085,DELIVERY,Groundnut Pods,37.50 quintals,"₹ 8,375.00","₹ 3,14,062.50",BRD-RTL
T025188,08/08/2023,F02085,LOAN_REPAY,Loan Repayment,,,"₹ 7,400.00",BRD-RTL
T025189,02/11/2023, F02088 ,delivery,Groundnut,26.8 qtl,"₹ 8,735.00","₹ 2,34,098.00",BRD-RTL
T025190,19/10/2023,F02088,Delivery,Groundnut Pods,252.00 kgs,"₹ 8,735.00","₹ 22,012.20",BRD-RTL
T025191,25/06/2023,F02088,I,DAP,80 kgs,₹ 28.49,"₹ 2,279.20",BRD-RTL
T025192,15/06/2023,f02088,I,Fertilizer,312 kgs,₹ 32.94,"₹ 10,277.28",BRD-RTL
T025193,23/06/2023,F02088,I,Urea,67 kgs,₹ 41.18,"₹ 2,759.06",BRD-RTL
T025194,11/07/2023,F02088,Input Purchase,Seeds,68 kg,₹ 72.32,"₹ 4,917.76",BRD-RTL
T025195,03/11/2023,F02090,D,GROUNDNUT (Pods),"1,772.00 kgs","₹ 8,670.00","₹ 1,53,632.40",BRD-RTL
T025196,10/11/2023,f02090,delivery,SOYABEAN,0.73 quintals,"₹ 6,105.00","₹ 4,456.65",BRD-RTL
T025197,06/11/2023,F02090,delivery,soya,14.36 quintals,"₹ 6,105.00","₹ 87,667.80",BRD-RTL
T025198,01/07/2023, F02090 ,INPUT_PURCHASE,NPK 10:26:26,48 kgs,₹ 31.45,"₹ 1,509.60",BRD-RTL
T025199,08/07/2023,F02090,Input Purchase,FERTILIZER 50kg bag,101 kg,₹ 57.45,"₹ 5,802.45",BRD-RTL
T025200,13/07/2023,F02090,FERT_PURCHASE,FERTILIZER 50kg bag,232 kg,₹ 31.28,"₹ 7,256.96",BRD-RTL
T025201,02/11/2023,f02091,Delivery,mungfali,33.4 qtl,"₹ 8,665.00","₹ 2,89,237.70",BRD-RTL
T025202,01/10/2023,F02092,DELIVERY,Groundnut,"1,527.00 kgs","₹ 8,475.00","₹ 1,29,413.25",BRD-RTL
T025203,28/10/2023,F02092,DELIVERY,Groundnut,6.8 qtl,"₹ 8,475.00","₹ 57,714.75",BRD-RTL
T025204,12/07/2023, F02092 ,I,Hybrid Seeds,160 kg,₹ 54.06,"₹ 8,649.60",BRD-RTL
T025205,26/10/2023, F02093 ,FPO_DELIVERY,Groundnut,256 kg,"₹ 9,035.00","₹ 23,129.60",BRD-RTL
T025206,17/11/2023,F02093,delivery,Groundnut Pods,8.8 qtl,"₹ 9,035.00","₹ 79,327.30",BRD-RTL
T025207,15/08/2023,F02093,Loan Repayment,Loan Repayment,,,"₹ 4,300.00",BRD-RTL
T025208,10/11/2023,F02095,DELIVERY,GROUNDNUT (Pods),0.74 q,"₹ 8,960.00","₹ 6,630.40",BRD-RTL
T025209,22/10/2023,F02095,delivery,Groundnut,6.68 MT,"₹ 8,960.00","₹ 5,98,438.40",BRD-RTL
T025210,15/06/2023,F02095,I,Hybrid Seeds,273 kg,₹ 79.72,"₹ 21,763.56",BRD-RTL
T025211,09/10/2023,F02096,FPO_DELIVERY,Groundnut,6.78 quintals,"₹ 8,610.00","₹ 58,375.80",BRD-RTL
T025212,15/06/2023,F02096,INPUT_PURCHASE,FERTILIZER 50kg bag,202 kgs,₹ 33.41,"₹ 6,748.82",BRD-RTL
T025213,09/07/2023,F02096,FERT_PURCHASE,FERTILIZER 50kg bag,65 kgs,₹ 35.26,"₹ 2,291.90",BRD-RTL
T025214,29/08/2023,F02096,L,EMI,,,"₹ 7,100.00",BRD-RTL
T025215,06/11/2023,F02096,loan,EMI,,,"₹ 7,400.00",BRD-RTL
T025216,08/10/2023,F02104,delivery,GROUNDNUT (Pods),6.6 qtl,"₹ 8,305.00","₹ 54,480.80",BRD-RTL
T025217,30/06/2023,F02104,FERT_PURCHASE,Hybrid Seeds,145 kg,₹ 87.51,"₹ 12,688.95",BRD-RTL
T025218,22/06/2023,F02104,FERT_PURCHASE,NPK 10:26:26,162 kgs,₹ 48.43,"₹ 7,845.66",BRD-RTL
T025219,13/10/2023,F02105,delivery,mungfali,0.54 q,"₹ 8,255.00","₹ 4,457.70",BRD-RTL
T025220,12/11/2023,F02105,FPO_DELIVERY,mungfali,12 kg,"₹ 8,255.00",₹ 990.60,BRD-RTL
T025221,11/11/2023,F02105,FPO_DELIVERY,mungfali,264.00 kgs,"₹ 8,255.00","₹ 21,793.20",BRD-RTL
T025222,26/11/2023,F02105,Loan Repayment,Loan Repayment,,,"₹ 1,100.00",BRD-RTL
T025223,03/11/2023,F02105,LOAN_REPAY,EMI,,,"₹ 5,700.00",BRD-RTL
T025224,07/10/2023,F02105,loan,EMI,,,"₹ 5,300.00",BRD-RTL
T025225,13/11/2023,F02106,delivery,GROUNDNUT (Pods),618.00 kgs,"₹ 8,715.00","₹ 53,858.70",BRD-RTL
T025226,26/10/2023,f02106,DELIVERY,GROUNDNUT (Pods),0.7 qtl,"₹ 8,715.00","₹ 6,187.65",BRD-RTL
T025227,01/10/2023,F02106,delivery,Groundnut,5.9 qtl,"₹ 8,715.00","₹ 51,331.35",BRD-RTL
T025228,10/06/2023,F02106,FERT_PURCHASE,DAP,100 kgs,₹ 34.60,"₹ 3,460.00",BRD-RTL
T025229,02/06/2023,f02106,FERT_PURCHASE,Hybrid Seeds,119 kgs,₹ 56.31,"₹ 6,700.89",BRD-RTL
T025230,26/10/2023,,DELIVERY,Groundnut Pods,"1,215.00 kgs","₹ 8,445.00","₹ 1,02,606.75",BRD-RTL
T025231,26/10/2023,F02107,D,GROUNDNUT (Pods),9.55 q,"₹ 8,445.00","₹ 80,649.75",BRD-RTL
T025232,03/07/2023,F02107,FERT_PURCHASE,PP chemicals,247 kgs,₹ 589.48,"₹ 1,45,601.56",BRD-RTL
T025233,27/06/2023,F02107,input,DAP,90 kg,₹ 52.59,"₹ 4,733.10",BRD-RTL
T025234,25/11/2023,f02108,delivery,mungfali,13.14 q,"₹ 8,435.00","₹ 1,10,835.90",BRD-RTL
T025235,29/11/2023,F02108,D,Groundnut,"1,351.00 kgs","₹ 8,435.00","₹ 1,13,956.85",BRD-RTL
T025236,01/07/2023,F02108,Input Purchase,PPC,259 kg,₹ 616.18,"₹ 1,59,590.62",BRD-RTL
T025237,22/11/2023,F02121,Delivery,Groundnut Pods,15.94 quintals,"₹ 8,630.00","₹ 1,37,562.20",BRD-RTL
T025238,12/11/2023,F02123,D,Groundnut,18.56 q,"₹ 9,240.00","₹ 1,71,494.40",BRD-RTL
T025239,28/11/2023, F02123 ,D,Groundnut,0.4 qtl,"₹ 9,240.00","₹ 3,511.20",BRD-RTL
T025240,02/07/2023,F02123,INPUT_PURCHASE,Hybrid Seeds,301 kgs,₹ 47.14,"₹ 14,189.14",BRD-RTL
T025241,12/06/2023,F02123,I,Fertilizer,149 kg,₹ 28.99,"₹ 4,319.51",BRD-RTL
T025242,10/07/2023,f02123,I,FERTILIZER 50kg bag,312 kg,₹ 42.76,"₹ 13,341.12",BRD-RTL
T025243,04/07/2023,F02123,Input Purchase,PPC,104 kgs,₹ 394.61,"₹ 41,039.44",BRD-RTL
T025244,13/07/2023,F02123,loan,Loan Repayment,,,"₹ 1,600.00",BRD-RTL
T025245,02/07/2023,F02123,Loan Repayment,EMI,,,"₹ 4,700.00",BRD-RTL
T025246,02/10/2023,F02128,Delivery,Groundnut Pods,26.22 q,"₹ 8,335.00","₹ 2,18,543.70",BRD-RTL
T025247,25/11/2023,F02133,delivery,GROUNDNUT (Pods),"1,817.00 kgs","₹ 7,940.00","₹ 1,44,269.80",BRD-RTL
T025248,02/06/2023,F02133,INPUT_PURCHASE,PP chemicals,221 kgs,₹ 576.36,"₹ 1,27,375.56",BRD-RTL
T025249,12/07/2023,F02133,FERT_PURCHASE,SEEDS,291 kg,₹ 100.02,"₹ 29,105.82",BRD-RTL
T025250,03/06/2023,F02133,INPUT_PURCHASE,SEEDS,179 kg,₹ 62.77,"₹ 11,235.83",BRD-RTL
T025251,02/06/2023,F02133,FERT_PURCHASE,DAP,146 kgs,₹ 32.85,"₹ 4,796.10",BRD-RTL
T025252,08/10/2023,F02137,DELIVERY,mungfali,2931 kg,"₹ 8,940.00","₹ 2,62,031.40",BRD-RTL
T025253,17/06/2023,F02137,FERT_PURCHASE,PPC,186 kgs,₹ 523.32,"₹ 97,337.52",BRD-RTL
T025254,09/10/2023,F02137,L,Loan Repayment,,,"₹ 7,500.00",BRD-RTL
T025255,22/11/2023,F02138,FPO_DELIVERY,GROUNDNUT (Pods),6.01 q,"₹ 8,055.00","₹ 48,410.55",BRD-RTL
T025256,08/06/2023,F02138,input,Bio-pesticide,230 kg,₹ 549.37,"₹ 1,26,355.10",BRD-RTL
T025257,25/06/2023,F02138,Loan Repayment,EMI,,,"₹ 3,200.00",BRD-RTL
T025258,13/07/2023,F02138,Loan Repayment,Loan Repayment,,,"₹ 7,700.00",BRD-RTL
T025259,20/06/2023,F02138,LOAN_REPAY,EMI,,,"₹ 2,400.00",BRD-RTL
T025260,27/11/2023,F02141,DELIVERY,Groundnut,19.00 kgs,"₹ 8,595.00","₹ 1,633.05",BRD-RTL
T025261,30/10/2023,F02141,DELIVERY,mungfali,290.00 kgs,"₹ 8,595.00","₹ 24,925.50",BRD-RTL
T025262,12/10/2023,f02141,Delivery,SOYABEAN,113 kg,"₹ 6,170.00","₹ 6,972.10",BRD-RTL
T025263,25/10/2023,f02141,DELIVERY,Soybean (Yellow),173 kg,"₹ 6,170.00","₹ 10,674.10",BRD-RTL
T025264,30/06/2023,F02141,FERT_PURCHASE,Bio-pesticide,97 kg,₹ 495.55,"₹ 48,068.35",BRD-RTL
T025265,29/06/2023,F02141,FERT_PURCHASE,SEEDS,56 kgs,₹ 54.89,"₹ 3,073.84",BRD-RTL
T025266,23/11/2023,F02144,Delivery,Groundnut,2.33 MT,"₹ 8,425.00","₹ 1,95,881.25",BRD-RTL
T025267,30/11/2023,F02144,delivery,SOYABEAN,15.74 q,"₹ 5,525.00","₹ 86,963.50",BRD-RTL
T025268,21/06/2023,F02144,input,Urea,316 kg,₹ 38.61,"₹ 12,200.76",BRD-RTL
T025269,14/07/2023,f02144,I,NPK 10:26:26,178 kg,₹ 39.92,"₹ 7,105.76",BRD-RTL
T025270,12/06/2023,F02144,FERT_PURCHASE,Urea,47 kg,₹ 47.67,"₹ 2,240.49",BRD-RTL
T025271,14/07/2023,F02144,Input Purchase,SEEDS,148 kgs,₹ 118.62,"₹ 17,555.76",BRD-RTL
T025272,03/11/2023,F02145,D,GROUNDNUT (Pods),3.91 quintals,"₹ 8,695.00","₹ 33,997.45",BRD-RTL
T025273,17/11/2023, F02145 ,FPO_DELIVERY,Groundnut,3926 kg,"₹ 8,695.00","₹ 3,41,365.70",BRD-RTL
T025274,32/01/2022,F02146,DELIVERY,mungfali,1.43 t,"₹ 8,585.00","₹ 1,22,422.10",BRD-RTL
T025275,07/07/2023,F02146,I,FERTILIZER 50kg bag,40 kg,₹ 39.18,"₹ 1,567.20",BRD-RTL
T025276,07/06/2023,F02146,Input Purchase,FERTILIZER 50kg bag,163 kgs,₹ 47.43,"₹ 7,731.09",BRD-RTL
T025277,24/06/2023, F02146 ,INPUT_PURCHASE,FERTILIZER 50kg bag,204 kgs,₹ 36.66,"₹ 7,478.64",BRD-RTL
T025278,23/11/2023,F02149,D,Groundnut Pods,10.54 quintals,"₹ 9,045.00","₹ 95,334.30",BRD-RTL
T025279,31/10/2023,F02149,D,Groundnut Pods,17.08 quintals,"₹ 9,045.00","₹ 1,54,488.60",BRD-RTL
T025280,10/07/2023,F02149,I,Hybrid Seeds,100 kg,₹ 129.75,"₹ 12,975.00",BRD-RTL
T025281,08/06/2023,F02149,FERT_PURCHASE,Hybrid Seeds,215 kgs,₹ 55.23,"₹ 11,874.45",BRD-RTL
T025282,07/07/2023,F02149,FERT_PURCHASE,NPK 10:26:26,293 kg,₹ 55.14,"₹ 16,156.02",BRD-RTL
T025283,09/07/2023,F02149,Input Purchase,DAP,142 kgs,₹ 59.03,"₹ 8,382.26",BRD-RTL
T025284,02/07/2023,F02149,input,DAP,240 kg,₹ 31.45,"₹ 7,548.00",BRD-RTL
T025285,19/06/2023,F02149,Input Purchase,DAP,52 kg,₹ 39.93,"₹ 2,076.36",BRD-RTL
T025286,10/06/2023,F02149,Loan Repayment,Loan Repayment,,,"₹ 5,600.00",BRD-RTL
T025287,17/10/2023,F02151,Delivery,Groundnut,946.00 kgs,"₹ 8,360.00","₹ 79,085.60",BRD-RTL
T025288,27/11/2023,F02151,Delivery,mungfali,"1,424.00 kgs","₹ 8,360.00","₹ 1,19,046.40",BRD-RTL
T025289,25/06/2023,f02151,input,Fertilizer,266 kg,₹ 33.32,"₹ 8,863.12",BRD-RTL
T025290,20/06/2023,F02151,Input Purchase,PPC,114 kg,₹ 607.70,"₹ 69,277.80",BRD-RTL
T025291,08/06/2023,F02151,input,PPC,92 kgs,₹ 398.74,"₹ 36,684.08",BRD-RTL
T025292,21/06/2023,F02151,I,SEEDS,259 kg,₹ 94.12,"₹ 24,377.08",BRD-RTL
T025293,11/11/2023,F02151,LOAN_REPAY,Loan Repayment,,,"₹ 1,700.00",BRD-RTL
T025294,24/11/2023,F02154,DELIVERY,mungfali,2.20 t,"₹ 8,720.00","₹ 1,91,491.20",BRD-RTL
T025295,21/10/2023,F02154,FPO_DELIVERY,mungfali,689 kg,"₹ 8,720.00","₹ 60,080.80",BRD-RTL
T025296,04/06/2023,F02154,input,Fertilizer,286 kgs,₹ 29.41,"₹ 8,411.26",BRD-RTL
T025297,24/09/2023,F02154,LOAN_REPAY,Loan Repayment,,,"₹ 6,100.00",BRD-RTL
T025298,06/11/2023,F02154,LOAN_REPAY,EMI,,,"₹ 6,300.00",BRD-RTL
T025299,28/08/2023,F02154,Loan Repayment,Loan Repayment,,,"₹ 5,700.00",BRD-RTL
T025300,28/11/2023,F02154,LOAN_REPAY,Loan Repayment,,,"₹ 4,100.00",BRD-RTL
T025301,28/11/2023,F02156,D,Groundnut Pods,1744 kg,"₹ 7,990.00","₹ 1,39,345.60",BRD-RTL
T025302,19/10/2023,F02156,DELIVERY,GROUNDNUT (Pods),4.83 quintals,"₹ 7,990.00","₹ 38,591.70",BRD-RTL
T025303,19/10/2023,F02158,FPO_DELIVERY,mungfali,"1,490.00 kgs","₹ 7,770.00","₹ 1,15,773.00",BRD-RTL
T025304,17/10/2023,F02158,FPO_DELIVERY,Groundnut,3294 kg,"₹ 7,770.00","₹ 2,55,943.80",BRD-RTL
T025305,04/06/2023,F02158,Input Purchase,FERTILIZER 50kg bag,268 kgs,₹ 45.99,"₹ 12,325.32",BRD-RTL
T025306,07/07/2023,F02158,I,Hybrid Seeds,85 kgs,₹ 66.86,"₹ 5,683.10",BRD-RTL
T025307,28/06/2023,F02158,I,FERTILIZER 50kg bag,216 kgs,₹ 49.00,"₹ 10,584.00",BRD-RTL
T025308,26/06/2023,F02158,input,Urea,272 kgs,₹ 59.37,"₹ 16,148.64",BRD-RTL
T025309,15/07/2023,F02158,loan,EMI,,,"₹ 4,800.00",BRD-RTL
T025310,15/07/2023,F02158,L,Loan Repayment,,,"₹ 6,500.00",BRD-RTL
T025311,04/11/2023,F02162,DELIVERY,GROUNDNUT (Pods),348 kg,"₹ 7,560.00","₹ 26,308.80",BRD-RTL
T025312,06/11/2023,F02162,FPO_DELIVERY,Groundnut Pods,5.02 quintals,"₹ 7,560.00","₹ 37,951.20",BRD-RTL
T025313,20/10/2023,F02162,D,Soybean,7.62 quintals,"₹ 5,440.00","₹ 41,452.80",BRD-RTL
T025314,17/11/2023, F02163 ,D,mungfali,6.82 quintals,"₹ 8,720.00","₹ 59,470.40",BRD-RTL
T025315,04/10/2023,F02163,delivery,Soybean,5.4 qtl,"₹ 5,570.00","₹ 30,245.10",BRD-RTL
T025316,15/11/2023,F02163,delivery,soya,0.55 q,"₹ 5,570.00","₹ 3,063.50",BRD-RTL
T025317,17/10/2023,F02163,delivery,Soybean,80 kg,"₹ 5,570.00","₹ 4,456.00",BRD-RTL
T025318,18/10/2023,F02163,loan,Loan Repayment,,,"₹ 2,700.00",BRD-RTL
T025319,25/10/2023,F02163,loan,EMI,,,"₹ 3,600.00",BRD-RTL
T025320,14/10/2023,F02168,FPO_DELIVERY,Groundnut,58.24 quintals,"₹ 8,640.00","₹ 5,03,193.60",BRD-RTL
T025321,10/07/2023,F02168,input,Hybrid Seeds,155 kg,₹ 61.77,"₹ 9,574.35",BRD-RTL
T025322,14/10/2023,F02168,LOAN_REPAY,EMI,,,"₹ 2,900.00",BRD-RTL
T025323,11/11/2023,F02174,FPO_DELIVERY,Groundnut,10.27 q,"₹ 8,440.00","₹ 86,678.80",BRD-RTL
T025324,06/07/2023,F02174,INPUT_PURCHASE,NPK 10:26:26,185 kg,₹ 35.40,"₹ 6,549.00",BRD-RTL
T025325,26/10/2023,F02178,delivery,Groundnut,666.00 kgs,"₹ 8,355.00","₹ 55,644.30",BRD-RTL
T025326,29/10/2023,F02178,Delivery,Groundnut,29.08 q,"₹ 8,355.00","₹ 2,42,963.40",BRD-RTL
T025327,11/07/2023,F02178,I,Seeds,296 kg,₹ 88.37,"₹ 26,157.52",BRD-RTL
T025328,19/06/2023,F02178,L,EMI,,,"₹ 5,700.00",BRD-RTL
T025329,29/10/2023,F02178,L,EMI,,,"₹ 4,400.00",BRD-RTL
T025330,06/10/2023, F02180 ,DELIVERY,GROUNDNUT (Pods),"1,515.00 kgs","₹ 7,825.00","₹ 1,18,548.75",BRD-RTL
T025331,13/07/2023,F02180,I,Fertilizer,94 kg,₹ 48.17,"₹ 4,527.98",BRD-RTL
T025332,06/06/2023,F02180,input,Seeds,175 kgs,₹ 114.86,"₹ 20,100.50",BRD-RTL
T025333,25/10/2023,F02184,D,GROUNDNUT (Pods),"2,584.00 kgs","₹ 8,855.00","₹ 2,28,813.20",BRD-RTL
T025334,11/11/2023,F02184,FPO_DELIVERY,SOYABEAN,0.94 quintals,"₹ 5,615.00","₹ 5,278.10",BRD-RTL
T025335,05/11/2023, F02184 ,Delivery,Soybean,2.8 qtl,"₹ 5,615.00","₹ 15,609.70",BRD-RTL
T025336,19/10/2023,F02184,FPO_DELIVERY,Soybean (Yellow),21.48 quintals,"₹ 5,615.00","₹ 1,20,610.20",BRD-RTL
T025337,02/09/2023,F02184,L,Loan Repayment,,,"₹ 5,700.00",BRD-RTL
T025338,13/10/2023,F02189,Delivery,GROUNDNUT (Pods),"2,824.00 kgs","₹ 9,060.00","₹ 2,55,854.40",BRD-RTL
T025339,30/06/2023,F02189,input,NPK 10:26:26,276 kg,₹ 38.03,"₹ 10,496.28",BRD-RTL
T025340,24/11/2023,F02195,Delivery,GROUNDNUT (Pods),"1,769.00 kgs","₹ 8,825.00","₹ 1,56,114.25",BRD-RTL
T025341,12/06/2023,f02195,FERT_PURCHASE,Bio-pesticide,150 kg,₹ 444.32,"₹ 66,648.00",BRD-RTL
T025342,22/06/2023,F02195,L,EMI,,,"₹ 5,900.00",BRD-RTL
T025343,04/09/2023,F02195,L,EMI,,,"₹ 4,100.00",BRD-RTL
T025344,23/10/2023,f02196,Delivery,Groundnut,22.7 qtl,"₹ 8,920.00","₹ 2,02,394.80",BRD-RTL
T025345,05/10/2023,F02201,FPO_DELIVERY,Groundnut,"2,515.00 kgs","₹ 8,425.00","₹ 2,11,888.75",BRD-RTL
T025346,18/10/2023,F02201,FPO_DELIVERY,Soybean,20.7 qtl,"₹ 5,725.00","₹ 1,18,507.50",BRD-RTL
T025347,02/06/2023,F02201,INPUT_PURCHASE,DAP,102 kg,₹ 59.85,"₹ 6,104.70",BRD-RTL
T025348,23/11/2023,f02202,D,Groundnut,16.39 q,"₹ 8,345.00","₹ 1,36,774.55",BRD-RTL
T025349,12/11/2023,F02202,FPO_DELIVERY,Groundnut Pods,1832 kg,"₹ 8,345.00","₹ 1,52,880.40",BRD-RTL
T025350,06/06/2023,F02202,Input Purchase,Urea,229 kgs,₹ 28.44,"₹ 6,512.76",BRD-RTL
T025351,28/06/2023,f02202,input,Seeds,304 kg,₹ 101.53,"₹ 30,865.12",BRD-RTL
T025352,31/07/2023,F02202,L,EMI,,,"₹ 7,500.00",BRD-RTL
T025353,14/11/2023,F02207,FPO_DELIVERY,mungfali,1157 kg,"₹ 8,885.00","₹ 1,02,799.45",BRD-RTL
T025354,23/10/2023,f02207,DELIVERY,Groundnut,673 kg,"₹ 8,885.00","₹ 59,796.05",BRD-RTL
T025355,18/10/2023,F02208,D,Groundnut,0.16 t,"₹ 8,810.00","₹ 13,743.60",BRD-RTL
T025356,25/10/2023,F02208,DELIVERY,mungfali,754 kg,"₹ 8,810.00","₹ 66,427.40",BRD-RTL
T025357,14/06/2023,F02208,Input Purchase,Hybrid Seeds,257 kgs,₹ 119.16,"₹ 30,624.12",BRD-RTL
T025358,18/06/2023,f02208,FERT_PURCHASE,Fertilizer,221 kg,₹ 29.20,"₹ 6,453.20",BRD-RTL
T025359,03/06/2023,F02208,input,Hybrid Seeds,103 kg,₹ 82.53,"₹ 8,500.59",BRD-RTL
T025360,07/06/2023,F02208,I,FERTILIZER 50kg bag,232 kg,₹ 53.97,"₹ 12,521.04",BRD-RTL
T025361,06/11/2023,F02209,delivery,GROUNDNUT (Pods),28.77 quintals,"₹ 8,070.00","₹ 2,32,173.90",BRD-RTL
T025362,28/11/2023,F02209,D,GROUNDNUT (Pods),523 kg,"₹ 8,070.00","₹ 42,206.10",BRD-RTL
T025363,02/07/2023,F02209,I,Hybrid Seeds,108 kg,₹ 54.37,"₹ 5,871.96",BRD-RTL
T025364,01/07/2023,F02209,I,Seeds,262 kg,₹ 47.18,"₹ 12,361.16",BRD-RTL
T025365,10/06/2023,F02209,INPUT_PURCHASE,Urea,268 kg,₹ 35.15,"₹ 9,420.20",BRD-RTL
T025366,08/11/2023, F02211 ,D,mungfali,12.52 quintals,"₹ 8,230.00","₹ 1,03,039.60",BRD-RTL
T025367,23/06/2023,f02211,FERT_PURCHASE,Hybrid Seeds,135 kg,₹ 46.77,"₹ 6,313.95",BRD-RTL
T025368,30/06/2023,F02211,Input Purchase,Urea,104 kgs,₹ 40.09,"₹ 4,169.36",BRD-RTL
T025369,21/07/2023,F02211,L,Loan Repayment,,,"₹ 5,700.00",BRD-RTL
T025370,15/10/2023,F02217,delivery,GROUNDNUT (Pods),46.0 qtl,"₹ 8,385.00","₹ 3,85,793.85",BRD-RTL
T025371,21/06/2023,f02217,Input Purchase,SEEDS,165 kgs,₹ 78.54,"₹ 12,959.10",BRD-RTL
T025372,14/06/2023,F02217,INPUT_PURCHASE,Bio-pesticide,268 kgs,₹ 247.38,"₹ 66,297.84",BRD-RTL
T025454,04/10/2023,F02272,delivery,Groundnut,529 kg,"₹ 8,650.00","₹ 45,758.50",BRD-RTL
T025455,26/11/2023,F02272,Delivery,GROUNDNUT (Pods),20.58 q,"₹ 8,650.00","₹ 1,78,017.00",BRD-RTL
T025456,02/06/2023,F02272,Input Purchase,Hybrid Seeds,60 kg,₹ 59.90,"₹ 3,594.00",BRD-RTL
T025457,17/06/2023,F02272,INPUT_PURCHASE,Urea,271 kg,₹ 51.15,"₹ 13,861.65",BRD-RTL
T025458,28/06/2023,F02272,Input Purchase,PPC,169 kg,₹ 595.36,"₹ 1,00,615.84",BRD-RTL
T025537,22/11/2023,F02308,Delivery,GROUNDNUT (Pods),796 kg,"₹ 8,335.00","₹ 66,346.60",BRD-RTL
T025546,01/11/2023,f02316,D,GROUNDNUT (Pods),16.3 qtl,"₹ 8,110.00","₹ 1,31,949.70",BRD-RTL
T025547,22/09/2023,F02316,loan,Loan Repayment,,,"₹ 3,000.00",BRD-RTL
T025587,24/11/2023,F02365,delivery,GROUNDNUT (Pods),9.1 qtl,"₹ 8,765.00","₹ 80,024.45",BRD-RTL
T025588,15/06/2023,F02365,FERT_PURCHASE,SEEDS,204 kgs,₹ 62.85,"₹ 12,821.40",BRD-RTL
T025589,06/07/2023,F02365,Input Purchase,Hybrid Seeds,114 kgs,₹ 121.93,"₹ 13,900.02",BRD-RTL
T025617,31/10/2023,F02383,Delivery,mungfali,6.32 quintals,"₹ 8,175.00","₹ 51,666.00",BRD-RTL
T025618,09/10/2023,F02383,FPO_DELIVERY,Groundnut Pods,6.2 qtl,"₹ 8,175.00","₹ 50,848.50",BRD-RTL
T025619,13/06/2023, F02383 ,Input Purchase,Seeds,137 kg,₹ 98.88,"₹ 13,546.56",BRD-RTL
T025620,01/06/2023,F02383,I,NPK 10:26:26,219 kg,₹ 29.18,"₹ 6,390.42",BRD-RTL
T025621,17/06/2023,F02383,Input Purchase,FERTILIZER 50kg bag,313 kg,₹ 44.04,"₹ 13,784.52",BRD-RTL
T025622,05/07/2023,F02383,input,SEEDS,206 kgs,₹ 85.40,"₹ 17,592.40",BRD-RTL
T025623,06/07/2023,F02383,input,FERTILIZER 50kg bag,96 kgs,₹ 28.38,"₹ 2,724.48",BRD-RTL
T025627,19/11/2023,F02386,FPO_DELIVERY,Groundnut Pods,247 kg,"₹ 8,430.00","₹ 20,822.10",BRD-RTL
T025628,23/11/2023,F02386,delivery,Groundnut Pods,11.59 quintals,"₹ 8,430.00","₹ 97,703.70",BRD-RTL
T025629,03/06/2023,F02386,FERT_PURCHASE,FERTILIZER 50kg bag,313 kg,₹ 37.47,"₹ 11,728.11",BRD-RTL
T025645,10/11/2023,F02398,delivery,mungfali,9.47 q,"₹ 8,590.00","₹ 81,347.30",BRD-RTL
T025646,03/06/2023,F02398,INPUT_PURCHASE,PP chemicals,184 kg,₹ 124.98,"₹ 22,996.32",BRD-RTL
T025647,01/06/2023,F02398,I,SEEDS,29 kgs,₹ 122.78,"₹ 3,560.62",BRD-RTL
T025699,26/11/2023,F02430,delivery,Groundnut,8.20 q,"₹ 8,950.00","₹ 73,390.00",BRD-RTL
T025700,02/10/2023, F02430 ,D,Groundnut,0.4 qtl,"₹ 8,950.00","₹ 3,938.00",BRD-RTL
T025701,10/11/2023,F02430,FPO_DELIVERY,mungfali,6.64 q,"₹ 8,950.00","₹ 59,428.00",BRD-RTL
T025702,03/07/2023,F02430,input,Urea,301 kg,₹ 57.06,"₹ 17,175.06",BRD-RTL
T025703,12/06/2023,F02430,FERT_PURCHASE,Hybrid Seeds,215 kg,₹ 114.81,"₹ 24,684.15",BRD-RTL
T025765,09/11/2023,F02460,Delivery,GROUNDNUT (Pods),"1,319.00 kgs","₹ 8,005.00","₹ 1,05,585.95",BRD-RTL
T025766,07/06/2023,F02460,FERT_PURCHASE,Fertilizer,25 kgs,₹ 53.91,"₹ 1,347.75",BRD-RTL
T025767,18/11/2023,F02460,LOAN_REPAY,EMI,,,"₹ 5,700.00",BRD-RTL
T025774,17/11/2023,F02464,DELIVERY,Groundnut,40.00 kgs,"₹ 7,905.00","₹ 3,162.00",BRD-RTL
T025775,06/10/2023,F02464,Delivery,GROUNDNUT (Pods),1.45 q,"₹ 7,905.00","₹ 11,462.25",BRD-RTL
T025776,20/11/2023,F02464,FPO_DELIVERY,Groundnut,195.00 kgs,"₹ 7,905.00","₹ 15,414.75",BRD-RTL
T025777,13/07/2023,F02464,input,NPK 10:26:26,106 kg,₹ 39.56,"₹ 4,193.36",BRD-RTL
T025778,10/06/2023,F02464,INPUT_PURCHASE,DAP,293 kgs,₹ 50.15,"₹ 14,693.95",BRD-RTL
T025787,23/11/2023,F02471,Delivery,mungfali,2432 kg,"₹ 8,735.00","₹ 2,12,435.20",BRD-RTL
T025788,04/07/2023,F02471,INPUT_PURCHASE,Fertilizer,269 kgs,₹ 46.41,"₹ 12,484.29",BRD-RTL
T025789,21/06/2023,F02471,Input Purchase,DAP,61 kgs,₹ 32.85,"₹ 2,003.85",BRD-RTL
T025790,13/06/2023,F02471,INPUT_PURCHASE,Fertilizer,128 kgs,₹ 55.00,"₹ 7,040.00",BRD-RTL
T025943,29/10/2023,f02533,DELIVERY,mungfali,321.00 kgs,"₹ 7,915.00","₹ 25,407.15",BRD-RTL
T025944,02/06/2023,F02533,I,PP chemicals,288 kg,₹ 476.25,"₹ 1,37,160.00",BRD-RTL
T025992,14/11/2023,F02547,DELIVERY,mungfali,2.59 MT,"₹ 8,225.00","₹ 2,12,863.00",BRD-RTL
T025993,25/06/2023, F02547 ,Input Purchase,Seeds,51 kgs,₹ 102.53,"₹ 5,229.03",BRD-RTL
T025994,02/06/2023,F02547,Input Purchase,SEEDS,147 kgs,₹ 61.96,"₹ 9,108.12",BRD-RTL
T025995,10/06/2023,F02547,FERT_PURCHASE,PPC,228 kgs,₹ 503.48,"₹ 1,14,793.44",BRD-RTL
T026001,24/11/2023,F02549,delivery,Groundnut,529 kg,"₹ 8,850.00","₹ 46,816.50",BRD-RTL
T026002,27/06/2023,F02549,FERT_PURCHASE,Hybrid Seeds,33 kg,₹ 94.52,"₹ 3,119.16",BRD-RTL
T027329,02/04/2024,F02064,D,Yellow Mustard,2.27 MT,"₹ 6,835.00","₹ 1,55,291.20",BRD-RTL
T027330,11/01/2024,F02064,I,Fertilizer,75 kgs,₹ 57.04,"₹ 4,278.00",BRD-RTL
T027331,14/01/2024,F02064,Input Purchase,FERTILIZER 50kg bag,216 kgs,₹ 50.70,"₹ 10,951.20",BRD-RTL
T027332,29/02/2024,F02065,D,Sarson,"4,160.00 kgs","₹ 7,310.00","₹ 3,04,096.00",BRD-RTL
T027333,18/12/2023,f02065,I,Hybrid Seeds,258 kg,₹ 106.72,"₹ 27,533.76",BRD-RTL
T027334,30/04/2024,F02066,Delivery,mustard (Yellow),1030 kg,"₹ 7,760.00","₹ 79,928.00",BRD-RTL
T027335,14/03/2024,F02066,D,Sarson,7.00 kgs,"₹ 7,760.00",₹ 543.20,BRD-RTL
T027336,06/03/2024,F02066,FPO_DELIVERY,Sarson,42 kg,"₹ 7,760.00","₹ 3,259.20",BRD-RTL
T027337,06/01/2024,F02066,INPUT_PURCHASE,Fertilizer,303 kgs,₹ 28.68,"₹ 8,690.04",BRD-RTL
T027338,14/05/2024,F02068,D,Sarson,1.0 qtl,"₹ 7,150.00","₹ 7,293.00",BRD-RTL
T027339,16/04/2024,F02068,delivery,MUSTARD,13.3 qtl,"₹ 7,150.00","₹ 95,381.00",BRD-RTL
T027340,14/12/2023,F02068,FERT_PURCHASE,DAP,143 kgs,₹ 30.62,"₹ 4,378.66",BRD-RTL
T027341,18/12/2023,F02068,Input Purchase,Seeds,46 kgs,₹ 122.77,"₹ 5,647.42",BRD-RTL
T027342,13/01/2024,F02068,I,DAP,47 kgs,₹ 56.71,"₹ 2,665.37",BRD-RTL
T027343,17/04/2024,F02073,Delivery,Yellow Mustard,2.03 q,"₹ 6,860.00","₹ 13,925.80",BRD-RTL
T027344,06/03/2024,F02073,FPO_DELIVERY,Mustard,773 kg,"₹ 6,860.00","₹ 53,027.80",BRD-RTL
T027345,31/03/2024, F02073 ,Delivery,chana,7.64 q,"₹ 6,615.00","₹ 50,538.60",BRD-RTL
T027346,09/04/2024,F02073,delivery,GRAM (Chana),77.00 kgs,"₹ 6,615.00","₹ 5,093.55",BRD-RTL
T027347,10/01/2024,F02073,I,DAP,68 kg,₹ 59.38,"₹ 4,037.84",BRD-RTL
T027348,17/04/2024,F02076,delivery,Sarson,1921 kg,"₹ 6,895.00","₹ 1,32,452.95",BRD-RTL
T027349,11/05/2024,F02076,DELIVERY,mustard (Yellow),0.7 qtl,"₹ 6,895.00","₹ 4,964.40",BRD-RTL
T027350,05/05/2024,F02079,D,mustard (Yellow),8.40 q,"₹ 7,315.00","₹ 61,446.00",BRD-RTL
T027351,27/04/2024,f02079,DELIVERY,Mustard,2.9 qtl,"₹ 7,315.00","₹ 20,994.05",BRD-RTL
T027352,25/12/2023,F02079,INPUT_PURCHASE,Hybrid Seeds,71 kg,₹ 113.41,"₹ 8,052.11",BRD-RTL
T027353,04/12/2023,F02079,input,FERTILIZER 50kg bag,240 kgs,₹ 37.92,"₹ 9,100.80",BRD-RTL
T027354,17/12/2023,F02079,FERT_PURCHASE,SEEDS,166 kg,₹ 86.27,"₹ 14,320.82",BRD-RTL
T027355,28/03/2024, F02083 ,FPO_DELIVERY,MUSTARD,10.1 qtl,"₹ 7,305.00","₹ 73,488.30",BRD-RTL
T027356,07/05/2024,f02083,DELIVERY,Mustard,5.35 quintals,"₹ 7,305.00","₹ 39,081.75",BRD-RTL
T027357,25/12/2023,f02083,input,SEEDS,210 kgs,₹ 62.27,"₹ 13,076.70",BRD-RTL
T027358,03/01/2024, F02083 ,input,PP chemicals,59 kg,₹ 669.12,"₹ 39,478.08",BRD-RTL
T027359,31/12/2023,F02083,I,SEEDS,280 kgs,₹ 97.37,"₹ 27,263.60",BRD-RTL
T027360,07/01/2024,f02083,Input Purchase,SEEDS,143 kg,₹ 118.41,"₹ 16,932.63",BRD-RTL
T027361,24/12/2023,F02083,input,Urea,97 kg,₹ 57.13,"₹ 5,541.61",BRD-RTL
T027362,10/05/2024,F02085,Delivery,Yellow Mustard,24.75 quintals,"₹ 7,215.00","₹ 1,78,571.25",BRD-RTL
T027363,25/03/2024,F02088,D,Mustard,1.12 t,"₹ 7,400.00","₹ 82,584.00",BRD-RTL
T027364,15/04/2024,F02088,Delivery,MUSTARD,598.00 kgs,"₹ 7,400.00","₹ 44,252.00",BRD-RTL
T027365,05/04/2024,F02090,D,MUSTARD,"1,512.00 kgs","₹ 7,370.00","₹ 1,11,434.40",BRD-RTL
T027366,13/04/2024,F02091,DELIVERY,Yellow Mustard,23.08 quintals,"₹ 7,090.00","₹ 1,63,637.20",BRD-RTL
T027367,19/03/2024,F02091,DELIVERY,GRAM (Chana),"1,674.00 kgs","₹ 6,420.00","₹ 1,07,470.80",BRD-RTL
T027368,19/03/2024,F02091,FPO_DELIVERY,chana,102.00 kgs,"₹ 6,420.00","₹ 6,548.40",BRD-RTL
T027369,28/12/2023,F02091,I,SEEDS,129 kg,₹ 50.44,"₹ 6,506.76",BRD-RTL
T027370,15/12/2023,f02091,I,FERTILIZER 50kg bag,288 kg,₹ 58.42,"₹ 16,824.96",BRD-RTL
T027371,07/01/2024,F02091,input,DAP,313 kg,₹ 53.10,"₹ 16,620.30",BRD-RTL
T027372,27/03/2024,F02092,FPO_DELIVERY,mustard (Yellow),0.96 MT,"₹ 7,580.00","₹ 73,071.20",BRD-RTL
T027373,20/03/2024,F02092,D,Yellow Mustard,254 kg,"₹ 7,580.00","₹ 19,253.20",BRD-RTL
T027374,23/12/2023, F02092 ,INPUT_PURCHASE,PP chemicals,127 kgs,₹ 322.53,"₹ 40,961.31",BRD-RTL
T027375,10/12/2023,F02092,FERT_PURCHASE,Seeds,309 kg,₹ 89.82,"₹ 27,754.38",BRD-RTL
T027376,15/04/2024,F02093,D,Yellow Mustard,912 kg,"₹ 7,050.00","₹ 64,296.00",BRD-RTL
T027377,30/03/2024,F02093,Delivery,GRAM (Chana),7.44 quintals,"₹ 7,540.00","₹ 56,097.60",BRD-RTL
T027378,21/12/2023, F02093 ,input,Hybrid Seeds,293 kgs,₹ 76.09,"₹ 22,294.37",BRD-RTL
T027379,18/12/2023,f02093,Input Purchase,SEEDS,37 kg,₹ 101.61,"₹ 3,759.57",BRD-RTL
T027380,17/05/2024, F02093 ,Loan Repayment,EMI,,,"₹ 5,800.00",BRD-RTL
T027381,03/05/2024,F02093,loan,EMI,,,"₹ 2,100.00",BRD-RTL
T027382,26/04/2024,F02095,FPO_DELIVERY,mustard (Yellow),32.5 qtl,"₹ 7,400.00","₹ 2,40,574.00",BRD-RTL
T027383,02/04/2024,F02095,DELIVERY,Sarson,2573 kg,"₹ 7,400.00","₹ 1,90,402.00",BRD-RTL
T027384,17/12/2023,F02095,FERT_PURCHASE,SEEDS,25 kg,₹ 117.80,"₹ 2,945.00",BRD-RTL
T027385,02/03/2024,F02096,Delivery,mustard (Yellow),1.51 quintals,"₹ 7,655.00","₹ 11,559.05",BRD-RTL
T027386,07/03/2024,,DELIVERY,mustard (Yellow),3.45 q,"₹ 7,655.00","₹ 26,409.75",BRD-RTL
T027387,14/01/2024,F02096,I,FERTILIZER 50kg bag,230 kgs,₹ 46.37,"₹ 10,665.10",BRD-RTL
T027388,29/02/2024,F02104,delivery,mustard (Yellow),2.29 q,"₹ 6,925.00","₹ 15,858.25",BRD-RTL
T027389,08/05/2024,F02104,DELIVERY,mustard (Yellow),34.00 kgs,"₹ 6,925.00","₹ 2,354.50",BRD-RTL
T027390,28/03/2024,F02104,DELIVERY,MUSTARD,0.22 MT,"₹ 6,925.00","₹ 15,304.25",BRD-RTL
T027391,06/12/2023,F02104,INPUT_PURCHASE,Urea,264 kg,₹ 59.29,"₹ 15,652.56",BRD-RTL
T027392,22/02/2024, F02104 ,LOAN_REPAY,EMI,,,"₹ 5,100.00",BRD-RTL
T027393,15/04/2024,F02104,L,EMI,,,"₹ 7,900.00",BRD-RTL
T027394,08/12/2023,F02104,L,Loan Repayment,,,"₹ 5,700.00",BRD-RTL
T027395,22/01/2024,F02104,L,Loan Repayment,,,"₹ 5,000.00",BRD-RTL
T027396,18/04/2024,,FPO_DELIVERY,Mustard,424.00 kgs,"₹ 7,240.00","₹ 30,697.60",BRD-RTL
T027397,05/03/2024,f02107,Delivery,Mustard,13.41 q,"₹ 7,240.00","₹ 97,088.40",BRD-RTL
T027398,20/03/2024,F02107,D,Gram,"1,425.00 kgs","₹ 6,800.00","₹ 96,900.00",BRD-RTL
T027399,22/03/2024,f02107,FPO_DELIVERY,Bengal Gram,0.4 qtl,"₹ 6,800.00","₹ 2,788.00",BRD-RTL
T027400,14/01/2024,F02107,INPUT_PURCHASE,Urea,258 kg,₹ 49.47,"₹ 12,763.26",BRD-RTL
T027401,15/04/2024,F02108,FPO_DELIVERY,Yellow Mustard,"1,527.00 kgs","₹ 7,315.00","₹ 1,11,700.05",BRD-RTL
T027402,14/04/2024,F02108,D,Sarson,2.70 q,"₹ 7,315.00","₹ 19,750.50",BRD-RTL
T027403,30/12/2023,F02108,input,DAP,38 kgs,₹ 40.97,"₹ 1,556.86",BRD-RTL
T027404,08/05/2024,F02121,FPO_DELIVERY,mustard (Yellow),1139 kg,"₹ 6,870.00","₹ 78,249.30",BRD-RTL
T027405,07/05/2024,f02121,Delivery,MUSTARD,106.00 kgs,"₹ 6,870.00","₹ 7,282.20",BRD-RTL
T027406,22/03/2024,F02121,D,Sarson,0.84 q,"₹ 6,870.00","₹ 5,770.80",BRD-RTL
T027407,24/12/2023,F02121,input,PPC,47 kg,₹ 525.88,"₹ 24,716.36",BRD-RTL
T027408,18/12/2023,F02121,I,Hybrid Seeds,78 kg,₹ 112.68,"₹ 8,789.04",BRD-RTL
T027409,05/04/2024,F02123,Delivery,MUSTARD,10.05 quintals,"₹ 6,780.00","₹ 68,139.00",BRD-RTL
T027410,15/03/2024,F02123,delivery,MUSTARD,0.31 q,"₹ 6,780.00","₹ 2,101.80",BRD-RTL
T027411,21/04/2024,,delivery,Mustard,1.48 quintals,"₹ 6,780.00","₹ 10,034.40",BRD-RTL
T027412,21/05/2024,F02123,L,Loan Repayment,,,"₹ 7,700.00",BRD-RTL
T027413,14/05/2024,F02123,Loan Repayment,Loan Repayment,,,"₹ 4,900.00",BRD-RTL
T027414,11/03/2024,F02128,D,MUSTARD,1.43 t,"₹ 7,395.00","₹ 1,05,896.40",BRD-RTL
T027415,09/04/2024,F02128,delivery,Mustard,0.51 quintals,"₹ 7,395.00","₹ 3,771.45",BRD-RTL
T027416,23/04/2024,f02128,D,Mustard,2.52 quintals,"₹ 7,395.00","₹ 18,635.40",BRD-RTL
T027417,26/12/2023,F02128,input,DAP,137 kgs,₹ 59.14,"₹ 8,102.18",BRD-RTL
T027418,25/12/2023,F02128,input,Fertilizer,140 kg,₹ 40.08,"₹ 5,611.20",BRD-RTL
T027419,08/01/2024,F02128,input,FERTILIZER 50kg bag,40 kg,₹ 30.13,"₹ 1,205.20",BRD-RTL
T027420,30/04/2024,F02133,FPO_DELIVERY,Sarson,"1,231.00 kgs","₹ 7,095.00","₹ 87,339.45",BRD-RTL
T027421,02/04/2024,F02133,Delivery,chana,11.50 q,"₹ 6,755.00","₹ 77,682.50",BRD-RTL
T027422,09/04/2024,F02133,D,GRAM (Chana),0.04 MT,"₹ 6,755.00","₹ 2,769.55",BRD-RTL
T027423,05/01/2024,F02133,input,Urea,93 kgs,₹ 58.43,"₹ 5,433.99",BRD-RTL
T027424,14/01/2024,F02133,I,Hybrid Seeds,185 kg,₹ 71.70,"₹ 13,264.50",BRD-RTL
T027425,12/01/2024, F02133 ,INPUT_PURCHASE,Urea,153 kg,₹ 35.14,"₹ 5,376.42",BRD-RTL
T027426,12/01/2024,F02133,input,SEEDS,177 kgs,₹ 67.66,"₹ 11,975.82",BRD-RTL
T027427,18/03/2024,f02137,D,Sarson,7.6 qtl,"₹ 7,080.00","₹ 53,524.80",BRD-RTL
T027428,09/12/2023,F02137,I,Hybrid Seeds,271 kg,₹ 84.70,"₹ 22,953.70",BRD-RTL
T027429,18/12/2023,F02137,input,Seeds,137 kg,₹ 119.10,"₹ 16,316.70",BRD-RTL
T027430,02/12/2023,F02137,FERT_PURCHASE,SEEDS,250 kg,₹ 75.11,"₹ 18,777.50",BRD-RTL
T027431,16/03/2024,F02137,Loan Repayment,EMI,,,"₹ 2,200.00",BRD-RTL
T027432,13/04/2024,F02144,delivery,MUSTARD,"1,931.00 kgs","₹ 7,220.00","₹ 1,39,418.20",BRD-RTL
T027433,13/12/2023,F02144,INPUT_PURCHASE,PP chemicals,52 kg,₹ 684.62,"₹ 35,600.24",BRD-RTL
T027434,29/12/2023,F02144,FERT_PURCHASE,FERTILIZER 50kg bag,292 kgs,₹ 36.66,"₹ 10,704.72",BRD-RTL
T027435,14/12/2023,F02144,Input Purchase,Hybrid Seeds,86 kgs,₹ 103.03,"₹ 8,860.58",BRD-RTL
T027436,11/04/2024,f02145,Delivery,mustard (Yellow),3137 kg,"₹ 7,095.00","₹ 2,22,570.15",BRD-RTL
T027437,25/04/2024,F02145,delivery,Mustard,727 kg,"₹ 7,095.00","₹ 51,580.65",BRD-RTL
T027438,04/01/2024,F02145,input,Hybrid Seeds,109 kg,₹ 85.04,"₹ 9,269.36",BRD-RTL
T027439,14/05/2024, F02146 ,FPO_DELIVERY,mustard (Yellow),2.33 q,"₹ 6,750.00","₹ 15,727.50",BRD-RTL
T027440,20/03/2024,F02146,D,mustard (Yellow),8.5 qtl,"₹ 6,750.00","₹ 57,172.50",BRD-RTL
T027441,11/01/2024,F02146,INPUT_PURCHASE,Urea,216 kgs,₹ 56.82,"₹ 12,273.12",BRD-RTL
T027442,31/12/2023,F02146,FERT_PURCHASE,PPC,257 kgs,₹ 343.18,"₹ 88,197.26",BRD-RTL
T027443,08/03/2024,F02149,DELIVERY,MUSTARD,8.9 qtl,"₹ 7,540.00","₹ 67,030.60",BRD-RTL
T027444,04/05/2024,f02149,delivery,Yellow Mustard,10.9 qtl,"₹ 7,540.00","₹ 82,110.60",BRD-RTL
T027445,25/03/2024,F02149,delivery,mustard (Yellow),62 kg,"₹ 7,540.00","₹ 4,674.80",BRD-RTL
T027446,29/02/2024,F02149,DELIVERY,GRAM (Chana),1547 kg,"₹ 6,475.00","₹ 1,00,168.25",BRD-RTL
T027447,04/01/2024,F02149,Input Purchase,DAP,46 kgs,₹ 28.57,"₹ 1,314.22",BRD-RTL
T027448,28/12/2023,F02149,loan,EMI,,,"₹ 4,300.00",BRD-RTL
T027449,10/05/2024,F02151,FPO_DELIVERY,mustard (Yellow),494.00 kgs,"₹ 7,725.00","₹ 38,161.50",BRD-RTL
T027450,04/04/2024,F02151,Delivery,Yellow Mustard,1.07 MT,"₹ 7,725.00","₹ 82,580.25",BRD-RTL
T027451,24/12/2023,F02151,Input Purchase,Hybrid Seeds,262 kg,₹ 120.28,"₹ 31,513.36",BRD-RTL
T027452,21/01/2024,F02151,loan,EMI,,,"₹ 2,200.00",BRD-RTL
T027453,11/04/2024,F02154,D,Sarson,4.71 q,"₹ 7,340.00","₹ 34,571.40",BRD-RTL
T027454,02/05/2024,F02154,DELIVERY,Yellow Mustard,22.22 q,"₹ 7,340.00","₹ 1,63,094.80",BRD-RTL
T027455,01/01/2024,F02154,I,Urea,187 kgs,₹ 42.64,"₹ 7,973.68",BRD-RTL
T027456,22/12/2023,F02154,input,Hybrid Seeds,137 kg,₹ 85.17,"₹ 11,668.29",BRD-RTL
T027457,03/02/2024,F02154,Loan Repayment,Loan Repayment,,,"₹ 4,700.00",BRD-RTL
T027458,16/05/2024,F02154,loan,EMI,,,"₹ 1,100.00",BRD-RTL
T027459,10/04/2024,F02156,FPO_DELIVERY,Yellow Mustard,8.77 quintals,"₹ 6,870.00","₹ 60,249.90",BRD-RTL
T027460,06/03/2024,F02156,FPO_DELIVERY,Mustard,8.29 q,"₹ 6,870.00","₹ 56,952.30",BRD-RTL
T027461,09/01/2024, F02156 ,Input Purchase,PPC,38 kgs,₹ 677.18,"₹ 25,732.84",BRD-RTL
T027462,18/12/2023,F02156,input,NPK 10:26:26,229 kgs,₹ 43.26,"₹ 9,906.54",BRD-RTL
T027463,09/03/2024,F02158,D,Mustard,0.69 MT,"₹ 7,445.00","₹ 51,519.40",BRD-RTL
T027464,16/04/2024,F02158,FPO_DELIVERY,mustard (Yellow),680.00 kgs,"₹ 7,445.00","₹ 50,626.00",BRD-RTL
T027465,16/12/2023,F02158,INPUT_PURCHASE,Urea,61 kg,₹ 56.77,"₹ 3,462.97",BRD-RTL
T027466,07/01/2024,F02158,FERT_PURCHASE,DAP,27 kgs,₹ 57.40,"₹ 1,549.80",BRD-RTL
T027467,08/12/2023,F02158,I,Seeds,36 kgs,₹ 68.02,"₹ 2,448.72",BRD-RTL
T027468,08/01/2024,F02158,L,EMI,,,"₹ 3,400.00",BRD-RTL
T027469,20/12/2023, F02158 ,Loan Repayment,Loan Repayment,,,"₹ 6,500.00",BRD-RTL
T027470,27/04/2024,F02162,Delivery,Mustard,724.00 kgs,"₹ 6,845.00","₹ 49,557.80",BRD-RTL
T027471,07/04/2024,F02162,DELIVERY,chana,0.31 t,"₹ 7,050.00","₹ 21,573.00",BRD-RTL
T027472,02/04/2024,F02162,delivery,chana,316.00 kgs,"₹ 7,050.00","₹ 22,278.00",BRD-RTL
T027473,03/05/2024,F02168,delivery,Yellow Mustard,19.4 qtl,"₹ 7,105.00","₹ 1,38,121.20",BRD-RTL
T027474,22/04/2024,F02168,FPO_DELIVERY,MUSTARD,18.9 qtl,"₹ 7,105.00","₹ 1,34,497.65",BRD-RTL
T027475,01/04/2024,F02168,delivery,chana,1.48 MT,"₹ 6,545.00","₹ 96,604.20",BRD-RTL
T027476,15/04/2024,F02168,delivery,Gram,22.63 quintals,"₹ 6,545.00","₹ 1,48,113.35",BRD-RTL
T027477,10/12/2023,F02168,input,Urea,29 kgs,₹ 32.73,₹ 949.17,BRD-RTL
T027478,09/01/2024,F02168,I,Seeds,289 kgs,₹ 87.03,"₹ 25,151.67",BRD-RTL
T027479,06/01/2024, F02168 ,FERT_PURCHASE,Seeds,35 kg,₹ 62.46,"₹ 2,186.10",BRD-RTL
T027480,05/02/2024,F02168,loan,Loan Repayment,,,"₹ 5,700.00",BRD-RTL
T027481,13/05/2024, F02174 ,Delivery,mustard (Yellow),874 kg,"₹ 7,010.00","₹ 61,267.40",BRD-RTL
T027482,04/12/2023,F02174,I,Urea,159 kgs,₹ 52.25,"₹ 8,307.75",BRD-RTL
T027483,06/01/2024,f02174,input,Urea,200 kg,₹ 49.61,"₹ 9,922.00",BRD-RTL
T027484,14/01/2024,f02174,INPUT_PURCHASE,Seeds,163 kg,₹ 89.56,"₹ 14,598.28",BRD-RTL
T027485,19/12/2023,F02174,I,Urea,98 kg,₹ 58.24,"₹ 5,707.52",BRD-RTL
T027486,09/12/2023,F02174,input,NPK 10:26:26,236 kgs,₹ 30.85,"₹ 7,280.60",BRD-RTL
T027487,18/04/2024,F02178,Delivery,mustard (Yellow),22.85 q,"₹ 7,665.00","₹ 1,75,145.25",BRD-RTL
T027488,03/12/2023,F02178,INPUT_PURCHASE,FERTILIZER 50kg bag,157 kg,₹ 55.96,"₹ 8,785.72",BRD-RTL
T027489,19/12/2023,F02178,FERT_PURCHASE,Fertilizer,288 kg,₹ 38.41,"₹ 11,062.08",BRD-RTL
T027490,15/12/2023,F02178,Loan Repayment,Loan Repayment,,,"₹ 6,600.00",BRD-RTL
T027491,12/05/2024,F02180,DELIVERY,Mustard,392.00 kgs,"₹ 6,870.00","₹ 26,930.40",BRD-RTL
T027492,04/04/2024,F02180,Delivery,Gram,317.00 kgs,"₹ 7,140.00","₹ 22,633.80",BRD-RTL
T027493,24/03/2024,f02180,DELIVERY,chana,57.00 kgs,"₹ 7,140.00","₹ 4,069.80",BRD-RTL
T027494,13/12/2023,F02180,INPUT_PURCHASE,DAP,211 kgs,₹ 59.49,"₹ 12,552.39",BRD-RTL
T027495,26/04/2024,F02184,FPO_DELIVERY,Sarson,17.0 qtl,"₹ 7,285.00","₹ 1,23,917.85",BRD-RTL
T027496,32/01/2022,F02184,Delivery,MUSTARD,1.3 qtl,"₹ 7,285.00","₹ 9,543.35",BRD-RTL
T027497,06/12/2023,F02184,INPUT_PURCHASE,Fertilizer,298 kgs,₹ 56.39,"₹ 16,804.22",BRD-RTL
T027498,18/04/2024,f02189,Delivery,mustard (Yellow),"1,785.00 kgs","₹ 6,905.00","₹ 1,23,254.25",BRD-RTL
T027499,13/05/2024,F02189,delivery,chana,279 kg,"₹ 6,740.00","₹ 18,804.60",BRD-RTL
T027500,07/05/2024,f02189,FPO_DELIVERY,Gram,1025 kg,"₹ 6,740.00","₹ 69,085.00",BRD-RTL
T027501,27/04/2024,F02189,FPO_DELIVERY,Bengal Gram,0.14 MT,"₹ 6,740.00","₹ 9,233.80",BRD-RTL
T027502,21/12/2023,F02189,FERT_PURCHASE,Urea,110 kgs,₹ 34.32,"₹ 3,775.20",BRD-RTL
T027503,15/04/2024,f02195,D,Yellow Mustard,"1,247.00 kgs","₹ 6,440.00","₹ 80,306.80",BRD-RTL
T027504,17/03/2024,F02195,delivery,Sarson,1.19 q,"₹ 6,440.00","₹ 7,663.60",BRD-RTL
T027505,18/03/2024,F02195,D,Gram,992 kg,"₹ 7,135.00","₹ 70,779.20",BRD-RTL
T027506,22/04/2024,F02195,FPO_DELIVERY,Gram,3.75 q,"₹ 7,135.00","₹ 26,756.25",BRD-RTL
T027507,08/12/2023, F02195 ,I,NPK 10:26:26,261 kgs,₹ 52.01,"₹ 13,574.61",BRD-RTL
T027508,10/03/2024,F02195,L,EMI,,,"₹ 2,300.00",BRD-RTL
T027509,12/01/2024,F02195,Loan Repayment,Loan Repayment,,,"₹ 4,700.00",BRD-RTL
T027510,15/12/2023,F02195,loan,Loan Repayment,,,"₹ 1,500.00",BRD-RTL
T027511,30/03/2024,F02196,Delivery,mustard (Yellow),0.17 MT,"₹ 7,160.00","₹ 12,458.40",BRD-RTL
T027512,26/03/2024,F02196,delivery,mustard (Yellow),15.74 q,"₹ 7,160.00","₹ 1,12,698.40",BRD-RTL
T027513,11/12/2023,f02196,I,Hybrid Seeds,232 kgs,₹ 78.02,"₹ 18,100.64",BRD-RTL
T027514,12/03/2024,f02201,DELIVERY,MUSTARD,1045 kg,"₹ 7,390.00","₹ 77,225.50",BRD-RTL
T027515,02/03/2024, F02201 ,DELIVERY,Sarson,6.25 q,"₹ 7,390.00","₹ 46,187.50",BRD-RTL
T027516,22/03/2024,F02201,delivery,mustard (Yellow),232 kg,"₹ 7,390.00","₹ 17,144.80",BRD-RTL
T027517,10/03/2024, F02202 ,delivery,MUSTARD,28.12 q,"₹ 7,125.00","₹ 2,00,355.00",BRD-RTL
T027518,12/01/2024,F02202,input,Urea,56 kg,₹ 43.67,"₹ 2,445.52",BRD-RTL
T027519,21/12/2023,f02202,I,Hybrid Seeds,279 kg,₹ 94.40,"₹ 26,337.60",BRD-RTL
T027520,15/05/2024,f02202,Loan Repayment,Loan Repayment,,,"₹ 6,700.00",BRD-RTL
T027521,21/05/2024,F02202,loan,EMI,,,"₹ 3,500.00",BRD-RTL
T027522,30/03/2024,f02207,FPO_DELIVERY,Yellow Mustard,7.13 quintals,"₹ 7,155.00","₹ 51,015.15",BRD-RTL
T027523,07/03/2024, F02207 ,D,mustard (Yellow),8.5 qtl,"₹ 7,155.00","₹ 60,674.40",BRD-RTL
T027524,03/12/2023,F02207,Input Purchase,Hybrid Seeds,314 kgs,₹ 105.13,"₹ 33,010.82",BRD-RTL
T027525,26/04/2024,F02208,Delivery,MUSTARD,6.84 q,"₹ 7,230.00","₹ 49,453.20",BRD-RTL
T027526,04/04/2024,F02208,DELIVERY,GRAM (Chana),4.79 q,"₹ 7,770.00","₹ 37,218.30",BRD-RTL
T027527,19/12/2023,F02208,Input Purchase,DAP,60 kg,₹ 37.93,"₹ 2,275.80",BRD-RTL
T027528,05/03/2024,F02208,LOAN_REPAY,EMI,,,"₹ 7,200.00",BRD-RTL
T027529,08/05/2024,F02209,D,mustard (Yellow),937.00 kgs,"₹ 7,090.00","₹ 66,433.30",BRD-RTL
T027530,30/03/2024,F02209,delivery,Mustard,16.7 qtl,"₹ 7,090.00","₹ 1,18,403.00",BRD-RTL
T027531,06/01/2024,F02209,input,Urea,234 kgs,₹ 43.66,"₹ 10,216.44",BRD-RTL
T027532,04/12/2023,F02209,I,SEEDS,184 kg,₹ 107.60,"₹ 19,798.40",BRD-RTL
T027533,08/01/2024,F02209,input,Seeds,161 kgs,₹ 94.80,"₹ 15,262.80",BRD-RTL
T027534,03/03/2024,F02211,FPO_DELIVERY,Yellow Mustard,5.2 qtl,"₹ 7,235.00","₹ 37,404.95",BRD-RTL
T027535,08/04/2024,F02211,Delivery,MUSTARD,142.00 kgs,"₹ 7,235.00","₹ 10,273.70",BRD-RTL
T027536,02/03/2024,F02211,Delivery,MUSTARD,0.22 MT,"₹ 7,235.00","₹ 15,627.60",BRD-RTL
T027537,27/12/2023,f02211,FERT_PURCHASE,DAP,81 kg,₹ 47.10,"₹ 3,815.10",BRD-RTL
T027538,27/12/2023,F02211,input,NPK 10:26:26,239 kgs,₹ 42.34,"₹ 10,119.26",BRD-RTL
T027539,17/05/2024,F02211,LOAN_REPAY,EMI,,,"₹ 1,900.00",BRD-RTL
T027540,08/03/2024,f02217,Delivery,MUSTARD,2345 kg,"₹ 7,365.00","₹ 1,72,709.25",BRD-RTL
T027541,02/01/2024, F02217 ,FERT_PURCHASE,FERTILIZER 50kg bag,248 kgs,₹ 56.16,"₹ 13,927.68",BRD-RTL
T027542,07/12/2023,F02217,input,Seeds,162 kg,₹ 100.65,"₹ 16,305.30",BRD-RTL
T027614,30/04/2024, F02272 ,Delivery,mustard (Yellow),2.1 qtl,"₹ 6,910.00","₹ 14,856.50",BRD-RTL
T027615,26/04/2024,F02272,DELIVERY,Yellow Mustard,"1,605.00 kgs","₹ 6,910.00","₹ 1,10,905.50",BRD-RTL
T027616,22/12/2023,f02272,FERT_PURCHASE,NPK 10:26:26,243 kg,₹ 49.88,"₹ 12,120.84",BRD-RTL
T027617,22/12/2023,F02272,I,NPK 10:26:26,307 kg,₹ 57.32,"₹ 17,597.24",BRD-RTL
T027707,06/05/2024,F02316,Delivery,Mustard,58 kg,"₹ 6,935.00","₹ 4,022.30",BRD-RTL
T027708,04/05/2024, F02316 ,Delivery,mustard (Yellow),12.54 q,"₹ 6,935.00","₹ 86,964.90",BRD-RTL
T027709,12/01/2024,F02316,I,Hybrid Seeds,78 kg,₹ 101.39,"₹ 7,908.42",BRD-RTL
T027710,10/12/2023,F02316,input,Fertilizer,274 kg,₹ 49.27,"₹ 13,499.98",BRD-RTL
T027711,30/12/2023,F02316,Input Purchase,Seeds,165 kg,₹ 102.79,"₹ 16,960.35",BRD-RTL
T027750,17/03/2024, F02365 ,FPO_DELIVERY,MUSTARD,0.69 quintals,"₹ 7,185.00","₹ 4,957.65",BRD-RTL
T027751,17/03/2024,F02365,D,Mustard,5.59 quintals,"₹ 7,185.00","₹ 40,164.15",BRD-RTL
T027785,27/03/2024,F02383,Delivery,Yellow Mustard,746 kg,"₹ 6,860.00","₹ 51,175.60",BRD-RTL
T027786,22/04/2024,F02383,delivery,Sarson,97 kg,"₹ 6,860.00","₹ 6,654.20",BRD-RTL
T027835,13/03/2024,F02430,delivery,MUSTARD,135 kg,"₹ 7,015.00","₹ 9,470.25",BRD-RTL
T027836,08/03/2024,F02430,D,Mustard,3.77 q,"₹ 7,015.00","₹ 26,446.55",BRD-RTL
T027889,03/03/2024,F02460,D,Sarson,9.13 q,"₹ 6,905.00","₹ 63,042.65",BRD-RTL
T027890,15/12/2023,F02460,Input Purchase,Seeds,188 kgs,₹ 93.95,"₹ 17,662.60",BRD-RTL
T027891,14/12/2023,f02460,INPUT_PURCHASE,Seeds,180 kgs,₹ 66.25,"₹ 11,925.00",BRD-RTL
T027892,08/12/2023,f02460,input,Fertilizer,292 kgs,₹ 39.78,"₹ 11,615.76",BRD-RTL
T027893,27/03/2024,F02460,LOAN_REPAY,EMI,,,"₹ 5,700.00",BRD-RTL
T027908,02/04/2024,f02471,Delivery,Yellow Mustard,0.60 MT,"₹ 7,115.00","₹ 42,476.55",BRD-RTL
T027909,10/04/2024,F02471,FPO_DELIVERY,Mustard,"1,009.00 kgs","₹ 7,115.00","₹ 71,790.35",BRD-RTL
T027910,06/12/2023,F02471,INPUT_PURCHASE,FERTILIZER 50kg bag,186 kgs,₹ 28.62,"₹ 5,323.32",BRD-RTL
T027911,07/12/2023,F02471,I,PP chemicals,28 kgs,₹ 241.33,"₹ 6,757.24",BRD-RTL
T028064,09/04/2024,F02533,DELIVERY,mustard (Yellow),42 kg,"₹ 7,180.00","₹ 3,015.60",BRD-RTL
T028065,28/03/2024,F02533,Delivery,Yellow Mustard,133 kg,"₹ 7,180.00","₹ 9,549.40",BRD-RTL
T028066,15/12/2023,F02533,INPUT_PURCHASE,NPK 10:26:26,134 kg,₹ 50.05,"₹ 6,706.70",BRD-RTL
T028067,26/12/2023,F02533,INPUT_PURCHASE,SEEDS,48 kg,₹ 67.11,"₹ 3,221.28",BRD-RTL
T028087,12/03/2024,F02547,D,Sarson,1798 kg,"₹ 7,120.00","₹ 1,28,017.60",BRD-RTL
T028088,24/12/2023,F02547,I,FERTILIZER 50kg bag,280 kgs,₹ 37.55,"₹ 10,514.00",BRD-RTL
T028089,14/04/2024,F02549,Delivery,MUSTARD,3.70 quintals,"₹ 6,970.00","₹ 25,789.00",BRD-RTL
T028139,21/03/2024,F02573,FPO_DELIVERY,MUSTARD,5.40 quintals,"₹ 7,705.00","₹ 41,607.00",BRD-RTL
T028140,06/01/2024,F02573,I,Seeds,207 kg,₹ 123.54,"₹ 25,572.78",BRD-RTL
T028141,15/01/2024,f02573,I,NPK 10:26:26,236 kg,₹ 42.64,"₹ 10,063.04",BRD-RTL
T028142,24/12/2023,F02573,Input Purchase,FERTILIZER 50kg bag,304 kgs,₹ 50.83,"₹ 15,452.32",BRD-RTL
T028200,23/03/2024,F02588,DELIVERY,Sarson,1940 kg,"₹ 6,640.00","₹ 1,28,816.00",BRD-RTL
T028201,22/03/2024,F02588,FPO_DELIVERY,Mustard,0.07 t,"₹ 6,640.00","₹ 4,382.40",BRD-RTL
T028202,21/12/2023, F02588 ,INPUT_PURCHASE,Seeds,66 kgs,₹ 81.34,"₹ 5,368.44",BRD-RTL
T028244,02/03/2024,F02602,Delivery,Yellow Mustard,0.43 MT,"₹ 7,285.00","₹ 31,689.75",BRD-RTL
T028245,10/01/2024,F02602,INPUT_PURCHASE,Urea,118 kg,₹ 45.25,"₹ 5,339.50",BRD-RTL
T028246,10/01/2024,f02602,input,PPC,202 kg,₹ 591.22,"₹ 1,19,426.44",BRD-RTL
T028247,03/03/2024,F02603,DELIVERY,Mustard,554.00 kgs,"₹ 7,005.00","₹ 38,807.70",BRD-RTL
T028248,12/01/2024,F02603,I,Urea,72 kgs,₹ 38.28,"₹ 2,756.16",BRD-RTL
T028249,21/12/2023,f02603,FERT_PURCHASE,NPK 10:26:26,38 kg,₹ 58.67,"₹ 2,229.46",BRD-RTL
T028250,02/04/2024,F02604,Delivery,MUSTARD,138.00 kgs,"₹ 6,660.00","₹ 9,190.80",BRD-RTL
T028251,09/03/2024,F02604,delivery,Mustard,180.00 kgs,"₹ 6,660.00","₹ 11,988.00",BRD-RTL
T028252,28/03/2024,F02604,delivery,Yellow Mustard,947 kg,"₹ 6,660.00","₹ 63,070.20",BRD-RTL
T028264,17/04/2024,F02608,delivery,Sarson,2.78 quintals,"₹ 7,190.00","₹ 19,988.20",BRD-RTL
T028265,21/03/2024,F02608,D,mustard (Yellow),2.06 quintals,"₹ 7,190.00","₹ 14,811.40",BRD-RTL
T028266,21/12/2023,F02608,I,SEEDS,141 kg,₹ 51.90,"₹ 7,317.90",BRD-RTL
T029372,02/11/2024,F02064,D,Groundnut,"1,164.00 kgs","₹ 9,350.00","₹ 1,08,834.00",BRD-RTL
T029373,30/10/2024,F02064,delivery,Groundnut,"2,056.00 kgs","₹ 9,350.00","₹ 1,92,236.00",BRD-RTL
T029374,25/10/2024,F02064,delivery,Soybean (Yellow),2.62 t,"₹ 5,935.00","₹ 1,55,437.65",BRD-RTL
T029375,24/06/2024,F02064,INPUT_PURCHASE,NPK 10:26:26,182 kgs,₹ 44.33,"₹ 8,068.06",BRD-RTL
T029376,20/06/2024,F02064,input,Seeds,225 kgs,₹ 90.01,"₹ 20,252.25",BRD-RTL
T029377,23/10/2024,F02065,Delivery,GROUNDNUT (Pods),40.8 qtl,"₹ 9,125.00","₹ 3,72,208.75",BRD-RTL
T029378,15/10/2024,F02065,FPO_DELIVERY,mungfali,12.15 q,"₹ 9,125.00","₹ 1,10,868.75",BRD-RTL
T029379,05/07/2024,F02065,FERT_PURCHASE,Seeds,311 kgs,₹ 122.67,"₹ 38,150.37",BRD-RTL
T029380,08/06/2024,F02065,input,FERTILIZER 50kg bag,162 kgs,₹ 47.81,"₹ 7,745.22",BRD-RTL
T029381,29/06/2024,f02065,input,Urea,101 kgs,₹ 35.42,"₹ 3,577.42",BRD-RTL
T029382,18/11/2024, F02066 ,delivery,Groundnut,7.81 quintals,"₹ 8,375.00","₹ 65,408.75",BRD-RTL
T029383,15/10/2024,F02066,DELIVERY,Groundnut Pods,908.00 kgs,"₹ 8,375.00","₹ 76,045.00",BRD-RTL
T029384,14/06/2024, F02066 ,input,Urea,64 kg,₹ 55.31,"₹ 3,539.84",BRD-RTL
T029385,12/07/2024,F02066,I,FERTILIZER 50kg bag,241 kg,₹ 31.49,"₹ 7,589.09",BRD-RTL
T029386,03/10/2024, F02068 ,D,Groundnut Pods,19.72 q,"₹ 8,455.00","₹ 1,66,732.60",BRD-RTL
T029387,13/06/2024,F02068,FERT_PURCHASE,Fertilizer,135 kgs,₹ 34.79,"₹ 4,696.65",BRD-RTL
T029388,08/06/2024,F02068,FERT_PURCHASE,Seeds,240 kgs,₹ 101.38,"₹ 24,331.20",BRD-RTL
T029389,18/06/2024,F02068,FERT_PURCHASE,Hybrid Seeds,182 kgs,₹ 121.82,₹ N/A,BRD-RTL
T029390,14/06/2024,F02068,input,Hybrid Seeds,225 kg,₹ 54.95,"₹ 12,363.75",BRD-RTL
T029391,29/11/2024,F02068,Loan Repayment,EMI,,,"₹ 1,900.00",BRD-RTL
T029392,08/06/2024, F02068 ,loan,EMI,,,"₹ 4,100.00",BRD-RTL
T029393,06/10/2024,F02068,loan,EMI,,,"₹ 4,300.00",BRD-RTL
T029394,12/11/2024, F02073 ,FPO_DELIVERY,Groundnut,17.5 qtl,"₹ 8,870.00","₹ 1,55,579.80",BRD-RTL
T029395,20/06/2024,F02073,I,Hybrid Seeds,169 kgs,₹ 95.43,"₹ 16,127.67",BRD-RTL
T029396,19/06/2024,F02073,FERT_PURCHASE,FERTILIZER 50kg bag,277 kg,₹ 28.39,"₹ 7,864.03",BRD-RTL
T029397,16/06/2024,F02073,Input Purchase,DAP,244 kg,₹ 37.45,"₹ 9,137.80",BRD-RTL
T029398,27/10/2024,F02076,DELIVERY,Groundnut,1038 kg,"₹ 8,965.00","₹ 93,056.70",BRD-RTL
T029399,19/11/2024,F02076,DELIVERY,soya,0.13 t,"₹ 6,380.00","₹ 8,357.80",BRD-RTL
T029400,20/11/2024, F02076 ,D,SOYABEAN,707.00 kgs,"₹ 6,380.00","₹ 45,106.60",BRD-RTL
T029401,05/10/2024,F02079,D,GROUNDNUT (Pods),1802 kg,"₹ 9,020.00","₹ 1,62,540.40",BRD-RTL
T029402,28/11/2024,F02079,Delivery,mungfali,0.04 MT,"₹ 9,020.00","₹ 3,608.00",BRD-RTL
T029403,08/07/2024,F02079,FERT_PURCHASE,Seeds,73 kg,₹ 83.72,"₹ 6,111.56",BRD-RTL
T029404,03/07/2024,F02079,Input Purchase,DAP,184 kg,₹ 47.29,"₹ 8,701.36",BRD-RTL
T029405,22/06/2024,F02079,INPUT_PURCHASE,Hybrid Seeds,98 kg,₹ 107.50,"₹ 10,535.00",BRD-RTL
T029406,30/06/2024,F02079,I,Fertilizer,195 kgs,₹ 44.96,"₹ 8,767.20",BRD-RTL
T029407,02/10/2024, F02083 ,DELIVERY,Groundnut,6.72 q,"₹ 9,315.00","₹ 62,596.80",BRD-RTL
T029408,21/11/2024,F02083,delivery,Groundnut Pods,20.0 qtl,"₹ 9,315.00","₹ 1,86,672.60",BRD-RTL
T029409,10/06/2024,F02083,Input Purchase,Fertilizer,319 kgs,₹ 58.10,"₹ 18,533.90",BRD-RTL
T029410,06/07/2024,F02083,Input Purchase,Urea,200 kgs,₹ 45.67,"₹ 9,134.00",BRD-RTL
T029411,04/06/2024,F02083,Input Purchase,Seeds,153 kg,₹ 57.19,"₹ 8,750.07",BRD-RTL
T029412,02/10/2024,F02085,Delivery,Groundnut Pods,11.67 quintals,"₹ 9,430.00","₹ 1,10,048.10",BRD-RTL
T029413,14/06/2024,F02085,Input Purchase,FERTILIZER 50kg bag,299 kgs,₹ 57.92,"₹ 17,318.08",BRD-RTL
T029414,05/10/2024,F02088,DELIVERY,Groundnut,0.99 t,"₹ 9,120.00","₹ 90,288.00",BRD-RTL
T029415,20/10/2024,f02090,FPO_DELIVERY,Groundnut,20.08 quintals,"₹ 8,610.00","₹ 1,72,888.80",BRD-RTL
T029416,11/11/2024,F02090,DELIVERY,Soybean,1419 kg,"₹ 6,135.00","₹ 87,055.65",BRD-RTL
T029417,04/07/2024,F02090,input,Bio-pesticide,164 kg,₹ 474.33,"₹ 77,790.12",BRD-RTL
T029418,30/11/2024,F02091,delivery,mungfali,"3,634.00 kgs","₹ 9,280.00","₹ 3,37,235.20",BRD-RTL
T029419,03/07/2024,F02091,input,FERTILIZER 50kg bag,236 kg,₹ 48.78,"₹ 11,512.08",BRD-RTL
T029420,13/07/2024,,I,PP chemicals,241 kg,₹ 588.28,"₹ 1,41,775.48",BRD-RTL
T029421,11/11/2024,F02092,FPO_DELIVERY,Groundnut,"1,665.00 kgs","₹ 8,820.00","₹ 1,46,853.00",BRD-RTL
T029422,17/06/2024,F02092,Input Purchase,Urea,286 kgs,₹ 54.12,"₹ 15,478.32",BRD-RTL
T029423,30/10/2024,F02093,delivery,GROUNDNUT (Pods),1.5 qtl,"₹ 9,120.00","₹ 13,588.80",BRD-RTL
T029424,05/10/2024, F02093 ,delivery,Groundnut Pods,3.6 qtl,"₹ 9,120.00","₹ 32,740.80",BRD-RTL
T029425,28/06/2024,F02093,input,PPC,76 kgs,₹ 263.85,"₹ 20,052.60",BRD-RTL
T029426,04/10/2024,F02095,Delivery,GROUNDNUT (Pods),46.5 qtl,"₹ 8,375.00","₹ 3,89,772.50",BRD-RTL
T029427,18/11/2024,F02095,D,mungfali,2443 kg,"₹ 8,375.00","₹ 2,04,601.25",BRD-RTL
T029428,15/07/2024,f02095,FERT_PURCHASE,PP chemicals,43 kgs,₹ 477.19,"₹ 20,519.17",BRD-RTL
T029429,30/06/2024,F02095,input,SEEDS,317 kg,₹ 105.41,"₹ 33,414.97",BRD-RTL
T029430,10/11/2024,F02096,delivery,GROUNDNUT (Pods),3.14 quintals,"₹ 8,775.00","₹ 27,553.50",BRD-RTL
T029431,07/11/2024,f02096,DELIVERY,GROUNDNUT (Pods),3.1 qtl,"₹ 8,775.00","₹ 27,553.50",BRD-RTL
T029432,10/07/2024,F02096,INPUT_PURCHASE,SEEDS,44 kgs,₹ 88.64,"₹ 3,900.16",BRD-RTL
T029433,05/07/2024,F02096,INPUT_PURCHASE,DAP,313 kg,₹ 54.98,"₹ 17,208.74",BRD-RTL
T029434,09/06/2024,F02096,INPUT_PURCHASE,SEEDS,93 kg,₹ 68.07,"₹ 6,330.51",BRD-RTL
T029435,14/07/2024,F02096,FERT_PURCHASE,Seeds,171 kgs,₹ 104.91,"₹ 17,939.61",BRD-RTL
T029436,29/06/2024,f02096,I,Urea,208 kg,₹ 50.78,"₹ 10,562.24",BRD-RTL
T029437,29/07/2024,F02096,L,EMI,,,"₹ 2,700.00",BRD-RTL
T029438,03/11/2024,F02104,Delivery,Groundnut Pods,4.0 qtl,"₹ 8,730.00","₹ 35,356.50",BRD-RTL
T029439,28/10/2024,F02104,Delivery,mungfali,279.00 kgs,"₹ 8,730.00","₹ 24,356.70",BRD-RTL
T029440,20/06/2024,F02104,INPUT_PURCHASE,Seeds,211 kg,₹ 54.69,"₹ 11,539.59",BRD-RTL
T029441,30/06/2024,F02104,INPUT_PURCHASE,NPK 10:26:26,30 kg,₹ 31.48,₹ 944.40,BRD-RTL
T029442,12/07/2024,F02104,FERT_PURCHASE,Seeds,56 kg,₹ 73.32,"₹ 4,105.92",BRD-RTL
T029443,15/11/2024,F02107,D,mungfali,750 kg,"₹ 8,985.00","₹ 67,387.50",BRD-RTL
T029444,23/10/2024,F02107,Delivery,mungfali,5.11 quintals,"₹ 8,985.00","₹ 45,913.35",BRD-RTL
T029445,25/10/2024,F02107,D,GROUNDNUT (Pods),12.91 quintals,"₹ 8,985.00","₹ 1,15,996.35",BRD-RTL
T029446,14/06/2024,F02107,INPUT_PURCHASE,PPC,35 kg,₹ 143.86,"₹ 5,035.10",BRD-RTL
T029447,11/07/2024,F02107,Input Purchase,Urea,234 kg,₹ 51.83,"₹ 12,128.22",BRD-RTL
T029448,11/11/2024,F02108,D,mungfali,1864 kg,"₹ 9,090.00","₹ 1,69,437.60",BRD-RTL
T029449,12/11/2024,F02108,D,mungfali,0.60 t,"₹ 9,090.00","₹ 54,903.60",BRD-RTL
T029450,04/07/2024,f02108,input,Seeds,74 kg,₹ 64.80,"₹ 4,795.20",BRD-RTL
T029451,23/10/2024,F02121,D,Groundnut,18.93 q,"₹ 8,915.00","₹ 1,68,760.95",BRD-RTL
T029452,21/06/2024,F02121,FERT_PURCHASE,Urea,220 kg,₹ 43.78,"₹ 9,631.60",BRD-RTL
T029453,13/10/2024,F02123,delivery,mungfali,1332 kg,"₹ 9,655.00","₹ 1,28,604.60",BRD-RTL
T029454,08/10/2024,F02123,Delivery,mungfali,0.75 t,"₹ 9,655.00","₹ 72,122.85",BRD-RTL
T029455,11/06/2024,F02123,input,Seeds,267 kgs,₹ 105.92,"₹ 28,280.64",BRD-RTL
T029456,22/07/2024,F02123,Loan Repayment,EMI,,,"₹ 2,900.00",BRD-RTL
T029457,12/09/2024,F02123,LOAN_REPAY,EMI,,,"₹ 5,400.00",BRD-RTL
T029458,16/07/2024,F02123,Loan Repayment,Loan Repayment,,,"₹ 1,700.00",BRD-RTL
T029459,13/11/2024,F02128,Delivery,GROUNDNUT (Pods),30.03 q,"₹ 9,380.00","₹ 2,81,681.40",BRD-RTL
T029460,31/10/2024,f02133,delivery,Groundnut,8.74 quintals,"₹ 8,990.00","₹ 78,572.60",BRD-RTL
T029461,03/10/2024,F02133,Delivery,mungfali,10.3 qtl,"₹ 8,990.00","₹ 92,597.00",BRD-RTL
T029462,14/06/2024,F02133,Input Purchase,Urea,221 kgs,₹ 43.60,"₹ 9,635.60",BRD-RTL
T029463,10/06/2024,F02133,I,NPK 10:26:26,183 kgs,₹ 49.79,"₹ 9,111.57",BRD-RTL
T029464,12/06/2024,F02133,FERT_PURCHASE,PPC,128 kg,₹ 251.62,"₹ 32,207.36",BRD-RTL
T029465,27/06/2024,F02133,input,Urea,124 kgs,₹ 59.99,"₹ 7,438.76",BRD-RTL
T029466,14/10/2024,F02137,Delivery,GROUNDNUT (Pods),285.00 kgs,"₹ 8,745.00","₹ 24,923.25",BRD-RTL
T029467,14/10/2024, F02137 ,FPO_DELIVERY,Groundnut,426.00 kgs,"₹ 8,745.00","₹ 37,253.70",BRD-RTL
T029468,19/10/2024,F02144,Delivery,Groundnut Pods,26.0 qtl,"₹ 9,055.00","₹ 2,35,158.35",BRD-RTL
T029469,26/10/2024,F02144,DELIVERY,Soybean (Yellow),17.17 q,"₹ 5,710.00","₹ 98,040.70",BRD-RTL
T029470,09/06/2024,F02144,I,DAP,172 kg,₹ 36.28,"₹ 6,240.16",BRD-RTL
T029471,15/06/2024,F02144,I,Fertilizer,132 kgs,₹ 43.60,"₹ 5,755.20",BRD-RTL
T029472,29/10/2024,F02145,DELIVERY,Groundnut Pods,20.40 q,"₹ 9,200.00","₹ 1,87,680.00",BRD-RTL
T029473,16/11/2024,F02145,D,mungfali,0.11 q,"₹ 9,200.00","₹ 1,012.00",BRD-RTL
T029474,18/11/2024,f02145,D,Groundnut,28.7 qtl,"₹ 9,200.00","₹ 2,63,672.00",BRD-RTL
T029475,11/07/2024,F02145,INPUT_PURCHASE,Fertilizer,191 kgs,₹ 35.71,"₹ 6,820.61",BRD-RTL
T029476,21/11/2024,F02146,D,Groundnut,866.00 kgs,"₹ 9,155.00","₹ 79,282.30",BRD-RTL
T029477,28/11/2024,F02146,D,Groundnut,4.58 q,"₹ 9,155.00","₹ 41,929.90",BRD-RTL
T029478,07/10/2024,F02146,D,Groundnut,60.00 kgs,"₹ 9,155.00","₹ 5,493.00",BRD-RTL
T029479,08/06/2024,F02146,input,FERTILIZER 50kg bag,38 kgs,₹ 38.95,"₹ 1,480.10",BRD-RTL
T029480,08/07/2024,F02146,FERT_PURCHASE,FERTILIZER 50kg bag,60 kgs,₹ 53.79,"₹ 3,227.40",BRD-RTL
T029481,04/07/2024,F02146,FERT_PURCHASE,PP chemicals,77 kgs,₹ 677.56,"₹ 52,172.12",BRD-RTL
T029482,19/10/2024,F02149,FPO_DELIVERY,Groundnut,477 kg,"₹ 9,295.00","₹ 44,337.15",BRD-RTL
T029483,23/10/2024,F02149,delivery,GROUNDNUT (Pods),873 kg,"₹ 9,295.00","₹ 81,145.35",BRD-RTL
T029484,27/10/2024,f02149,DELIVERY,Groundnut,15.9 qtl,"₹ 9,295.00","₹ 1,47,511.65",BRD-RTL
T029485,07/07/2024,F02149,I,Urea,216 kgs,₹ 40.19,"₹ 8,681.04",BRD-RTL
T029486,06/10/2024,F02151,delivery,mungfali,"1,951.00 kgs","₹ 8,745.00","₹ 1,70,614.95",BRD-RTL
T029487,07/06/2024,F02151,Input Purchase,SEEDS,25 kgs,₹ 60.96,"₹ 1,524.00",BRD-RTL
T029488,10/06/2024,F02151,INPUT_PURCHASE,Urea,257 kgs,₹ 30.68,"₹ 7,884.76",BRD-RTL
T029489,01/07/2024,F02151,FERT_PURCHASE,SEEDS,83 kgs,₹ 70.03,"₹ 5,812.49",BRD-RTL
T029490,23/06/2024,F02151,Input Purchase,Hybrid Seeds,113 kg,₹ 78.76,"₹ 8,899.88",BRD-RTL
T029491,15/06/2024,F02151,I,NPK 10:26:26,53 kg,₹ 49.33,"₹ 2,614.49",BRD-RTL
T029492,09/09/2024,F02151,loan,EMI,,,"₹ 1,400.00",BRD-RTL
T029493,06/06/2024,F02151,loan,Loan Repayment,,,"₹ 4,900.00",BRD-RTL
T029494,29/11/2024, F02154 ,delivery,Groundnut,6.9 qtl,"₹ 8,530.00","₹ 59,198.20",BRD-RTL
T029495,13/10/2024,F02154,D,Groundnut Pods,26.9 qtl,"₹ 8,530.00","₹ 2,29,371.70",BRD-RTL
T029496,13/06/2024,F02154,FERT_PURCHASE,NPK 10:26:26,124 kgs,₹ 56.73,"₹ 7,034.52",BRD-RTL
T029497,15/06/2024,F02154,FERT_PURCHASE,Fertilizer,136 kgs,₹ 40.28,"₹ 5,478.08",BRD-RTL
T029498,28/06/2024,F02154,I,Urea,236 kgs,₹ 35.78,"₹ 8,444.08",BRD-RTL
T029499,21/10/2024,F02154,loan,EMI,,,₹ N/A,BRD-RTL
T029500,13/07/2024,F02154,loan,Loan Repayment,,,"₹ 3,600.00",BRD-RTL
T029501,30/08/2024,F02154,Loan Repayment,EMI,,,"₹ 5,600.00",BRD-RTL
T029502,07/11/2024,F02156,DELIVERY,Groundnut,20.64 q,"₹ 9,040.00","₹ 1,86,585.60",BRD-RTL
T029503,08/11/2024,F02156,Delivery,Groundnut Pods,0.67 MT,"₹ 9,040.00","₹ 60,387.20",BRD-RTL
T029504,30/06/2024, F02156 ,I,Fertilizer,210 kgs,₹ 34.08,"₹ 7,156.80",BRD-RTL
T029505,24/06/2024,F02156,FERT_PURCHASE,PPC,114 kgs,₹ 447.02,"₹ 50,960.28",BRD-RTL
T029506,27/06/2024,F02156,INPUT_PURCHASE,PP chemicals,174 kg,₹ 597.97,"₹ 1,04,046.78",BRD-RTL
T029507,28/11/2024,F02162,DELIVERY,Groundnut,11.83 quintals,"₹ 9,255.00","₹ 1,09,486.65",BRD-RTL
T029508,18/11/2024,F02162,DELIVERY,soya,5.82 q,"₹ 6,170.00","₹ 35,909.40",BRD-RTL
T029509,22/10/2024,F02162,DELIVERY,Soybean (Yellow),209.00 kgs,"₹ 6,170.00","₹ 12,895.30",BRD-RTL
T029510,15/07/2024,F02162,input,DAP,101 kg,₹ 56.66,"₹ 5,722.66",BRD-RTL
T029511,18/10/2024,F02168,delivery,mungfali,"3,928.00 kgs","₹ 8,985.00","₹ 3,52,930.80",BRD-RTL
T029512,31/10/2024,F02168,DELIVERY,Groundnut Pods,16.9 qtl,"₹ 8,985.00","₹ 1,51,487.10",BRD-RTL
T029513,12/07/2024,f02168,input,SEEDS,56 kgs,₹ 128.68,"₹ 7,206.08",BRD-RTL
T029514,13/07/2024,F02168,I,PP chemicals,282 kg,₹ 528.65,"₹ 1,49,079.30",BRD-RTL
T029515,08/06/2024,f02168,FERT_PURCHASE,Hybrid Seeds,103 kg,₹ 84.15,"₹ 8,667.45",BRD-RTL
T029516,28/08/2024,F02168,L,EMI,,,"₹ 6,700.00",BRD-RTL
T029517,25/11/2024,F02174,FPO_DELIVERY,Groundnut,3.38 quintals,"₹ 9,015.00","₹ 30,470.70",BRD-RTL
T029518,07/11/2024,F02174,Delivery,Groundnut,8.07 q,"₹ 9,015.00","₹ 72,751.05",BRD-RTL
T029519,09/07/2024,F02174,INPUT_PURCHASE,Fertilizer,196 kgs,₹ 53.36,"₹ 10,458.56",BRD-RTL
T029520,12/11/2024,F02178,FPO_DELIVERY,mungfali,27.91 quintals,"₹ 8,765.00","₹ 2,44,631.15",BRD-RTL
T029521,22/11/2024,F02178,DELIVERY,Groundnut,8.19 q,"₹ 8,765.00","₹ 71,785.35",BRD-RTL
T029522,25/06/2024,F02178,INPUT_PURCHASE,NPK 10:26:26,307 kgs,₹ 56.97,"₹ 17,489.79",BRD-RTL
T029523,15/07/2024,F02178,LOAN_REPAY,EMI,,,"₹ 2,400.00",BRD-RTL
T029524,03/10/2024, F02184 ,FPO_DELIVERY,GROUNDNUT (Pods),10.7 qtl,"₹ 8,685.00","₹ 93,276.90",BRD-RTL
T029525,04/10/2024,F02184,D,mungfali,1.18 t,"₹ 8,685.00","₹ 1,02,396.15",BRD-RTL
T029526,08/10/2024, F02184 ,D,SOYABEAN,0.56 MT,"₹ 5,700.00","₹ 32,034.00",BRD-RTL
T029527,07/10/2024,F02184,delivery,Soybean,851 kg,"₹ 5,700.00","₹ 48,507.00",BRD-RTL
T029528,18/10/2024,F02184,delivery,soya,514 kg,"₹ 5,700.00","₹ 29,298.00",BRD-RTL
T029529,09/07/2024,F02184,Input Purchase,NPK 10:26:26,62 kg,₹ 53.21,"₹ 3,299.02",BRD-RTL
T029530,03/07/2024,F02184,input,Hybrid Seeds,58 kgs,₹ 99.69,"₹ 5,782.02",BRD-RTL
T029531,17/09/2024,F02184,LOAN_REPAY,EMI,,,"₹ 1,200.00",BRD-RTL
T029532,10/10/2024,f02184,LOAN_REPAY,Loan Repayment,,,"₹ 5,800.00",BRD-RTL
T029533,21/11/2024,F02189,D,GROUNDNUT (Pods),2361 kg,"₹ 8,155.00","₹ 1,92,539.55",BRD-RTL
T029534,14/06/2024,F02189,FERT_PURCHASE,SEEDS,26 kgs,₹ 99.54,"₹ 2,588.04",BRD-RTL
T029535,12/07/2024,F02189,I,Fertilizer,159 kg,₹ 56.33,"₹ 8,956.47",BRD-RTL
T029536,01/07/2024,F02189,Input Purchase,DAP,120 kgs,₹ 48.78,"₹ 5,853.60",BRD-RTL
T029537,23/11/2024,F02195,D,mungfali,9.5 qtl,"₹ 9,370.00","₹ 89,389.80",BRD-RTL
T029538,30/10/2024,F02195,Delivery,mungfali,216.00 kgs,"₹ 9,370.00","₹ 20,239.20",BRD-RTL
T029539,20/10/2024,F02195,Delivery,Groundnut,669 kg,"₹ 9,370.00","₹ 62,685.30",BRD-RTL
T029540,28/11/2024,F02195,L,EMI,,,"₹ 4,300.00",BRD-RTL
T029541,30/11/2024,F02196,Delivery,Groundnut Pods,"2,527.00 kgs","₹ 8,775.00","₹ 2,21,744.25",BRD-RTL
T029542,11/10/2024,F02201,D,mungfali,2.87 t,"₹ 8,770.00","₹ 2,51,699.00",BRD-RTL
T029543,29/10/2024,F02201,DELIVERY,soya,5.7 qtl,"₹ 5,875.00","₹ 33,428.75",BRD-RTL
T029544,22/11/2024,F02201,DELIVERY,Soybean,1027 kg,"₹ 5,875.00","₹ 60,336.25",BRD-RTL
T029545,24/10/2024,F02201,FPO_DELIVERY,SOYABEAN,248 kg,"₹ 5,875.00","₹ 14,570.00",BRD-RTL
T029546,24/06/2024,F02201,I,Bio-pesticide,171 kgs,₹ 533.83,"₹ 91,284.93",BRD-RTL
T029547,26/10/2024,F02202,FPO_DELIVERY,GROUNDNUT (Pods),3769 kg,"₹ 9,315.00","₹ 3,51,082.35",BRD-RTL
T029548,09/06/2024,F02202,I,NPK 10:26:26,119 kgs,₹ 59.92,"₹ 7,130.48",BRD-RTL
T029549,03/06/2024,F02202,input,Hybrid Seeds,108 kgs,₹ 85.60,"₹ 9,244.80",BRD-RTL
T029550,18/10/2024,F02207,delivery,Groundnut,3.12 quintals,"₹ 8,675.00","₹ 27,066.00",BRD-RTL
T029551,23/11/2024,F02207,D,Groundnut Pods,628 kg,"₹ 8,675.00","₹ 54,479.00",BRD-RTL
T029552,10/10/2024,F02207,FPO_DELIVERY,GROUNDNUT (Pods),16.71 quintals,"₹ 8,675.00","₹ 1,44,959.25",BRD-RTL
T029553,08/06/2024,,FERT_PURCHASE,PP chemicals,152 kg,₹ 618.69,"₹ 94,040.88",BRD-RTL
T029554,11/07/2024,F02207,input,SEEDS,106 kg,₹ 104.26,"₹ 11,051.56",BRD-RTL
T029555,06/09/2024,,loan,Loan Repayment,,,"₹ 5,900.00",BRD-RTL
T029556,29/10/2024,F02208,Delivery,mungfali,9.27 quintals,"₹ 9,245.00","₹ 85,701.15",BRD-RTL
T029557,29/06/2024,F02208,Input Purchase,Urea,194 kg,₹ 36.79,"₹ 7,137.26",BRD-RTL
T029558,14/07/2024,f02208,L,EMI,,,"₹ 3,500.00",BRD-RTL
T029559,10/10/2024,F02208,loan,EMI,,,"₹ 7,900.00",BRD-RTL
T029560,23/10/2024,F02208,loan,EMI,,,"₹ 6,500.00",BRD-RTL
T029561,14/11/2024,F02209,FPO_DELIVERY,Groundnut Pods,2.14 quintals,"₹ 9,125.00","₹ 19,527.50",BRD-RTL
T029562,05/11/2024,F02209,DELIVERY,mungfali,"3,962.00 kgs","₹ 9,125.00","₹ 3,61,532.50",BRD-RTL
T029563,12/06/2024,F02209,FERT_PURCHASE,Hybrid Seeds,60 kgs,₹ 80.33,"₹ 4,819.80",BRD-RTL
T029564,04/06/2024,F02209,INPUT_PURCHASE,Seeds,214 kg,₹ 109.88,"₹ 23,514.32",BRD-RTL
T029565,13/10/2024,F02211,FPO_DELIVERY,Groundnut,0.60 quintals,"₹ 8,225.00","₹ 4,935.00",BRD-RTL
T029566,04/10/2024,F02211,DELIVERY,Groundnut Pods,"1,238.00 kgs","₹ 8,225.00","₹ 1,01,825.50",BRD-RTL
T029567,13/07/2024,F02211,I,FERTILIZER 50kg bag,194 kg,₹ 29.47,"₹ 5,717.18",BRD-RTL
T029568,12/06/2024,F02211,I,FERTILIZER 50kg bag,41 kgs,₹ 37.51,"₹ 1,537.91",BRD-RTL
T029569,20/09/2024,F02211,loan,EMI,,,"₹ 3,800.00",BRD-RTL
T029570,28/11/2024,F02217,DELIVERY,GROUNDNUT (Pods),"4,023.00 kgs","₹ 9,085.00","₹ 3,65,489.55",BRD-RTL
T029571,23/06/2024,f02217,input,Hybrid Seeds,112 kgs,₹ 65.57,"₹ 7,343.84",BRD-RTL
T029646,14/10/2024,F02272,DELIVERY,Groundnut Pods,20.82 q,"₹ 8,890.00","₹ 1,85,089.80",BRD-RTL
T029647,19/06/2024,f02272,Input Purchase,PPC,217 kgs,₹ 393.89,"₹ 85,474.13",BRD-RTL
T029648,15/06/2024,F02272,INPUT_PURCHASE,Hybrid Seeds,81 kgs,₹ 116.53,"₹ 9,438.93",BRD-RTL
T029649,21/10/2024,F02272,loan,EMI,,,"₹ 5,800.00",BRD-RTL
T029650,20/10/2024, F02272 ,Loan Repayment,EMI,,,"₹ 6,300.00",BRD-RTL
T029741,06/11/2024,F02316,Delivery,mungfali,"1,736.00 kgs","₹ 8,635.00","₹ 1,49,903.60",BRD-RTL
T029742,23/06/2024,F02316,input,SEEDS,109 kg,₹ 123.50,"₹ 13,461.50",BRD-RTL
T029743,23/06/2024,f02316,FERT_PURCHASE,DAP,182 kgs,₹ 52.99,"₹ 9,644.18",BRD-RTL
T029744,18/10/2024,F02316,L,EMI,,,"₹ 2,000.00",BRD-RTL
T029783,26/10/2024,f02365,Delivery,Groundnut Pods,0.91 t,"₹ 9,115.00","₹ 82,490.75",BRD-RTL
T029784,14/07/2024,F02365,INPUT_PURCHASE,Seeds,274 kgs,₹ 48.82,"₹ 13,376.68",BRD-RTL
T029805,26/11/2024,F02383,delivery,GROUNDNUT (Pods),1259 kg,"₹ 9,000.00","₹ 1,13,310.00",BRD-RTL
T029806,30/06/2024,F02383,FERT_PURCHASE,DAP,34 kg,₹ 38.55,"₹ 1,310.70",BRD-RTL
T029807,10/06/2024,F02383,input,SEEDS,237 kg,₹ 52.11,"₹ 12,350.07",BRD-RTL
T029887,14/10/2024,f02460,D,Groundnut,961.00 kgs,"₹ 9,235.00","₹ 88,748.35",BRD-RTL
T029888,16/11/2024,F02460,DELIVERY,Groundnut Pods,483 kg,"₹ 9,235.00","₹ 44,605.05",BRD-RTL
T029889,05/06/2024,F02460,INPUT_PURCHASE,FERTILIZER 50kg bag,151 kg,₹ 59.80,"₹ 9,029.80",BRD-RTL
T029890,12/06/2024,F02460,FERT_PURCHASE,SEEDS,158 kgs,₹ 71.97,"₹ 11,371.26",BRD-RTL
T029891,28/06/2024,F02460,FERT_PURCHASE,SEEDS,83 kg,₹ 111.00,"₹ 9,213.00",BRD-RTL
T029907,18/10/2024,F02471,Delivery,GROUNDNUT (Pods),4.77 quintals,"₹ 8,385.00","₹ 39,996.45",BRD-RTL
T029908,19/11/2024,f02471,FPO_DELIVERY,GROUNDNUT (Pods),3.12 q,"₹ 8,385.00","₹ 26,161.20",BRD-RTL
T029909,13/07/2024,F02471,I,DAP,214 kgs,₹ 40.32,"₹ 8,628.48",BRD-RTL
T029910,13/06/2024,F02471,FERT_PURCHASE,FERTILIZER 50kg bag,65 kg,₹ 30.40,"₹ 1,976.00",BRD-RTL
T030049,13/11/2024,F02533,FPO_DELIVERY,Groundnut,0.11 t,"₹ 8,820.00","₹ 9,613.80",BRD-RTL
T030050,13/10/2024,F02533,delivery,Groundnut,1.1 qtl,"₹ 8,820.00","₹ 9,790.20",BRD-RTL
T030051,03/10/2024,F02533,Delivery,GROUNDNUT (Pods),43.00 kgs,"₹ 8,820.00","₹ 3,792.60",BRD-RTL
T030071,24/10/2024,F02547,delivery,mungfali,0.64 MT,"₹ 9,835.00","₹ 63,337.40",BRD-RTL
T030072,17/10/2024,F02547,Delivery,mungfali,21.92 q,"₹ 9,835.00","₹ 2,15,583.20",BRD-RTL
T030073,28/10/2024,F02549,delivery,mungfali,383.00 kgs,"₹ 8,165.00","₹ 31,271.95",BRD-RTL
T030074,30/10/2024,F02549,FPO_DELIVERY,mungfali,0.18 t,"₹ 8,165.00","₹ 14,778.65",BRD-RTL
T030075,09/06/2024,F02549,Input Purchase,DAP,179 kg,₹ 43.34,"₹ 7,757.86",BRD-RTL
T030120,10/11/2024,F02573,D,Groundnut,21.00 kgs,"₹ 8,430.00","₹ 1,770.30",BRD-RTL
T030121,18/11/2024,F02573,FPO_DELIVERY,mungfali,7.99 quintals,"₹ 8,430.00","₹ 67,355.70",BRD-RTL
T030158,23/10/2024,F02588,DELIVERY,Groundnut Pods,"1,601.00 kgs","₹ 8,080.00","₹ 1,29,360.80",BRD-RTL
T030159,23/11/2024,F02588,DELIVERY,Groundnut,"1,110.00 kgs","₹ 8,080.00","₹ 89,688.00",BRD-RTL
T030160,10/07/2024,F02588,input,FERTILIZER 50kg bag,293 kgs,₹ 40.65,"₹ 11,910.45",BRD-RTL
T030161,09/06/2024,f02588,I,Seeds,156 kgs,₹ 123.55,"₹ 19,273.80",BRD-RTL
T030162,01/06/2024,F02588,input,Seeds,42 kgs,₹ 54.23,"₹ 2,277.66",BRD-RTL
T030163,24/06/2024,f02588,INPUT_PURCHASE,FERTILIZER 50kg bag,102 kg,₹ 36.18,"₹ 3,690.36",BRD-RTL
T030164,09/07/2024,F02588,INPUT_PURCHASE,SEEDS,289 kgs,₹ 80.00,"₹ 23,120.00",BRD-RTL
T030203,13/10/2024,f02608,D,Groundnut,6.65 q,"₹ 8,695.00","₹ 57,821.75",BRD-RTL
T030239,04/11/2024, F02618 ,FPO_DELIVERY,GROUNDNUT (Pods),59.00 kgs,"₹ 9,055.00","₹ 5,342.45",BRD-RTL
T030240,13/10/2024,F02618,delivery,Groundnut Pods,1.12 quintals,"₹ 9,055.00","₹ 10,141.60",BRD-RTL
T030241,14/06/2024,F02618,FERT_PURCHASE,DAP,76 kgs,₹ 44.80,"₹ 3,404.80",BRD-RTL
T030242,12/06/2024,F02618,FERT_PURCHASE,Urea,149 kg,₹ 29.75,"₹ 4,432.75",BRD-RTL
T030243,25/06/2024,F02618,I,SEEDS,217 kgs,₹ 99.48,"₹ 21,587.16",BRD-RTL
T030244,09/06/2024,F02618,INPUT_PURCHASE,Seeds,296 kg,₹ 91.72,"₹ 27,149.12",BRD-RTL
T030245,03/06/2024,f02618,FERT_PURCHASE,Urea,179 kg,₹ 28.45,"₹ 5,092.55",BRD-RTL
T030251,11/11/2024,F02620,FPO_DELIVERY,GROUNDNUT (Pods),901 kg,"₹ 8,995.00","₹ 81,044.95",BRD-RTL
T030252,14/07/2024,F02620,INPUT_PURCHASE,Seeds,72 kgs,₹ 77.11,"₹ 5,551.92",BRD-RTL
T030253,05/06/2024,F02620,Loan Repayment,Loan Repayment,,,"₹ 7,300.00",BRD-RTL
T030280,30/11/2024,F02629,D,Groundnut Pods,942 kg,"₹ 9,255.00","₹ 87,182.10",BRD-RTL
T030281,12/11/2024,F02629,D,GROUNDNUT (Pods),301 kg,"₹ 9,255.00","₹ 27,857.55",BRD-RTL
T030282,20/06/2024,F02629,INPUT_PURCHASE,PPC,117 kg,₹ 212.47,"₹ 24,858.99",BRD-RTL
T030283,11/07/2024,f02629,input,Seeds,294 kgs,₹ 47.87,"₹ 14,073.78",BRD-RTL
T030284,14/10/2024, F02630 ,FPO_DELIVERY,Groundnut,"2,969.00 kgs","₹ 8,930.00","₹ 2,65,131.70",BRD-RTL
T030285,28/06/2024,F02630,input,PP chemicals,284 kg,₹ 587.84,"₹ 1,66,946.56",BRD-RTL
T030286,01/06/2024,F02630,input,SEEDS,235 kgs,₹ 111.44,"₹ 26,188.40",BRD-RTL
T030347,10/11/2024,F02644,D,Groundnut,865 kg,"₹ 9,495.00","₹ 82,131.75",BRD-RTL
T030356,11/10/2024,F02647,Delivery,mungfali,0.61 t,"₹ 9,720.00","₹ 59,194.80",BRD-RTL
T030357,09/10/2024,f02647,DELIVERY,Groundnut Pods,404.00 kgs,"₹ 9,720.00","₹ 39,268.80",BRD-RTL
T030358,29/06/2024,F02647,input,Fertilizer,139 kg,₹ 29.92,"₹ 4,158.88",BRD-RTL
T030359,12/06/2024,F02647,INPUT_PURCHASE,Hybrid Seeds,,₹ 122.78,"₹ 19,276.46",BRD-RTL
T030360,01/06/2024,F02647,FERT_PURCHASE,Hybrid Seeds,278 kg,₹ 116.30,"₹ 32,331.40",BRD-RTL
T031478,06/04/2025,F02064,Delivery,mustard (Yellow),"2,593.00 kgs","₹ 7,435.00","₹ 1,92,789.55",BRD-RTL
T031479,26/12/2024,F02064,FERT_PURCHASE,DAP,150 kg,₹ 56.99,"₹ 8,548.50",BRD-RTL
T031480,15/12/2024,F02064,FERT_PURCHASE,Bio-pesticide,272 kg,₹ 608.68,"₹ 1,65,560.96",BRD-RTL
T031481,27/03/2025, F02065 ,D,Mustard,15.4 qtl,"₹ 7,225.00","₹ 1,11,337.25",BRD-RTL
T031482,18/04/2025,F02065,FPO_DELIVERY,Mustard,"3,289.00 kgs","₹ 7,225.00","₹ 2,37,630.25",BRD-RTL
T031483,22/12/2024, F02065 ,FERT_PURCHASE,Hybrid Seeds,117 kgs,₹ 73.20,"₹ 8,564.40",BRD-RTL
T031484,13/01/2025,F02065,input,NPK 10:26:26,239 kgs,₹ 36.07,"₹ 8,620.73",BRD-RTL
T031485,29/12/2024,F02065,input,FERTILIZER 50kg bag,317 kg,₹ 44.58,"₹ 14,131.86",BRD-RTL
T031486,02/03/2025,F02066,Delivery,Yellow Mustard,5.5 qtl,"₹ 7,450.00","₹ 40,826.00",BRD-RTL
T031487,05/05/2025, F02066 ,D,Mustard,3.9 qtl,"₹ 7,450.00","₹ 28,682.50",BRD-RTL
T031488,17/12/2024,F02066,I,Seeds,32 kg,₹ 113.13,"₹ 3,620.16",BRD-RTL
T031489,20/12/2024,F02066,FERT_PURCHASE,SEEDS,173 kg,₹ 45.33,"₹ 7,842.09",BRD-RTL
T031490,05/03/2025,f02068,D,Mustard,5.93 quintals,"₹ 7,895.00","₹ 46,817.35",BRD-RTL
T031491,31/12/2024,F02068,Loan Repayment,EMI,,,"₹ 4,800.00",BRD-RTL
T031492,16/03/2025,F02068,LOAN_REPAY,EMI,,,"₹ 4,100.00",BRD-RTL
T031493,22/12/2024,f02068,L,Loan Repayment,,,"₹ 5,400.00",BRD-RTL
T031494,13/04/2025,f02079,D,MUSTARD,11.9 qtl,"₹ 7,640.00","₹ 91,145.20",BRD-RTL
T031495,11/01/2025,F02079,INPUT_PURCHASE,Seeds,315 kgs,₹ 127.05,"₹ 40,020.75",BRD-RTL
T031496,13/03/2025,F02083,FPO_DELIVERY,Yellow Mustard,"1,458.00 kgs","₹ 7,170.00","₹ 1,04,538.60",BRD-RTL
T031497,25/03/2025, F02083 ,DELIVERY,Yellow Mustard,1.88 quintals,"₹ 7,170.00","₹ 13,479.60",BRD-RTL
T031498,13/12/2024,F02083,Input Purchase,Hybrid Seeds,33 kg,₹ 79.82,"₹ 2,634.06",BRD-RTL
T031499,11/01/2025,f02083,input,PPC,210 kgs,₹ 680.96,"₹ 1,43,001.60",BRD-RTL
T031500,11/05/2025,F02088,Delivery,Yellow Mustard,2.3 qtl,"₹ 6,950.00","₹ 15,776.50",BRD-RTL
T031501,19/04/2025,F02088,DELIVERY,Sarson,13.08 q,"₹ 6,950.00","₹ 90,906.00",BRD-RTL
T031502,02/01/2025, F02088 ,input,PPC,46 kgs,₹ 395.74,"₹ 18,204.04",BRD-RTL
T031503,06/04/2025,F02090,FPO_DELIVERY,mustard (Yellow),"1,367.00 kgs","₹ 7,370.00","₹ 1,00,747.90",BRD-RTL
T031504,03/12/2024,F02090,I,NPK 10:26:26,111 kg,₹ 44.26,"₹ 4,912.86",BRD-RTL
T031505,06/12/2024,F02090,input,FERTILIZER 50kg bag,245 kgs,₹ 45.27,"₹ 11,091.15",BRD-RTL
T031506,02/05/2025,F02091,delivery,mustard (Yellow),"2,133.00 kgs","₹ 6,830.00","₹ 1,45,683.90",BRD-RTL
T031507,04/05/2025,F02091,Delivery,chana,19.62 quintals,"₹ 7,195.00","₹ 1,41,165.90",BRD-RTL
T031508,07/12/2024,F02091,Input Purchase,DAP,115 kgs,₹ 47.58,"₹ 5,471.70",BRD-RTL
T031509,14/01/2025,F02091,I,Urea,174 kgs,₹ 53.12,"₹ 9,242.88",BRD-RTL
T031510,11/03/2025, F02092 ,delivery,Yellow Mustard,13.3 qtl,"₹ 7,440.00","₹ 98,728.80",BRD-RTL
T031511,01/01/2025, F02092 ,I,Seeds,149 kg,₹ 61.68,"₹ 9,190.32",BRD-RTL
T031512,29/12/2024,f02092,input,Fertilizer,55 kgs,₹ 55.77,"₹ 3,067.35",BRD-RTL
T031513,11/03/2025,f02095,FPO_DELIVERY,mustard (Yellow),"4,599.00 kgs","₹ 7,150.00","₹ 3,28,828.50",BRD-RTL
T031514,25/03/2025,F02096,DELIVERY,Sarson,506.00 kgs,"₹ 7,705.00","₹ 38,987.30",BRD-RTL
T031515,03/12/2024, F02096 ,I,Hybrid Seeds,167 kgs,₹ 115.24,"₹ 19,245.08",BRD-RTL
T031516,09/12/2024,F02096,FERT_PURCHASE,Bio-pesticide,32 kgs,₹ 683.01,"₹ 21,856.32",BRD-RTL
T031517,31/03/2025,,LOAN_REPAY,EMI,,,"₹ 4,200.00",BRD-RTL
T031518,15/04/2025,F02096,Loan Repayment,EMI,,,"₹ 3,700.00",BRD-RTL
T031519,05/04/2025,F02104,DELIVERY,mustard (Yellow),5.23 q,"₹ 6,450.00","₹ 33,733.50",BRD-RTL
T031520,03/12/2024,f02104,FERT_PURCHASE,NPK 10:26:26,120 kgs,₹ 51.92,"₹ 6,230.40",BRD-RTL
T031521,18/12/2024,F02104,FERT_PURCHASE,PP chemicals,306 kg,₹ 246.91,"₹ 75,554.46",BRD-RTL
T031522,11/01/2025,F02104,Input Purchase,PP chemicals,195 kgs,₹ 578.27,"₹ 1,12,762.65",BRD-RTL
T031523,24/12/2024,F02104,FERT_PURCHASE,SEEDS,291 kg,₹ 59.56,"₹ 17,331.96",BRD-RTL
T031524,28/05/2025,,L,Loan Repayment,,,"₹ 3,100.00",BRD-RTL
T031525,12/03/2025,F02107,FPO_DELIVERY,Yellow Mustard,"1,701.00 kgs","₹ 6,960.00","₹ 1,18,389.60",BRD-RTL
T031526,02/05/2025,F02107,FPO_DELIVERY,GRAM (Chana),31 kg,"₹ 6,625.00","₹ 2,053.75",BRD-RTL
T031527,19/03/2025,F02107,D,chana,1640 kg,"₹ 6,625.00","₹ 1,08,650.00",BRD-RTL
T031528,12/01/2025,F02107,FERT_PURCHASE,Seeds,246 kgs,₹ 48.76,"₹ 11,994.96",BRD-RTL
T031529,21/12/2024,F02107,input,Fertilizer,247 kg,₹ 50.83,"₹ 12,555.01",BRD-RTL
T031530,08/01/2025,f02107,FERT_PURCHASE,Urea,74 kgs,₹ 42.94,"₹ 3,177.56",BRD-RTL
T031531,11/03/2025,F02108,delivery,Yellow Mustard,407 kg,"₹ 7,770.00","₹ 31,623.90",BRD-RTL
T031532,17/03/2025,F02108,Delivery,Sarson,11.45 quintals,"₹ 7,770.00","₹ 88,966.50",BRD-RTL
T031533,17/04/2025, F02108 ,D,MUSTARD,207.00 kgs,"₹ 7,770.00","₹ 16,083.90",BRD-RTL
T031534,08/03/2025,F02121,DELIVERY,Sarson,5.06 q,"₹ 6,800.00","₹ 34,408.00",BRD-RTL
T031535,11/05/2025,F02121,Delivery,Mustard,8.3 qtl,"₹ 6,800.00","₹ 56,236.00",BRD-RTL
T031536,02/12/2024,F02121,INPUT_PURCHASE,Fertilizer,294 kg,₹ 30.88,"₹ 9,078.72",BRD-RTL
T031537,12/03/2025,F02123,delivery,mustard (Yellow),410.00 kgs,"₹ 7,400.00","₹ 30,340.00",BRD-RTL
T031538,01/05/2025,f02123,FPO_DELIVERY,Sarson,9.24 quintals,"₹ 7,400.00","₹ 68,376.00",BRD-RTL
T031539,19/04/2025,F02123,L,EMI,,,"₹ 4,700.00",BRD-RTL
T031540,13/04/2025,F02123,Loan Repayment,EMI,,,"₹ 1,900.00",BRD-RTL
T031541,01/03/2025,F02123,loan,Loan Repayment,,,"₹ 3,900.00",BRD-RTL
T031542,24/04/2025,F02128,Delivery,Yellow Mustard,1588 kg,"₹ 7,460.00","₹ 1,18,464.80",BRD-RTL
T031543,02/03/2025,F02128,D,MUSTARD,4.07 q,"₹ 7,460.00","₹ 30,362.20",BRD-RTL
T031544,23/12/2024,F02128,I,Hybrid Seeds,269 kgs,₹ 61.52,"₹ 16,548.88",BRD-RTL
T031545,09/03/2025,F02133,FPO_DELIVERY,MUSTARD,1154 kg,"₹ 6,655.00","₹ 76,798.70",BRD-RTL
T031546,19/04/2025,F02133,D,chana,12.10 q,"₹ 7,025.00","₹ 85,002.50",BRD-RTL
T031547,04/01/2025,F02133,I,Bio-pesticide,57 kgs,₹ 279.55,"₹ 15,934.35",BRD-RTL
T031548,13/04/2025,F02144,Delivery,MUSTARD,1714 kg,"₹ 7,295.00","₹ 1,25,036.30",BRD-RTL
T031549,06/12/2024,F02144,FERT_PURCHASE,FERTILIZER 50kg bag,133 kgs,₹ 57.33,"₹ 7,624.89",BRD-RTL
T031550,18/12/2024,F02144,I,Seeds,27 kgs,₹ 100.58,"₹ 2,715.66",BRD-RTL
T031551,10/01/2025,F02144,INPUT_PURCHASE,FERTILIZER 50kg bag,241 kgs,₹ 42.46,"₹ 10,232.86",BRD-RTL
T031552,27/04/2025,F02145,D,Sarson,30.9 qtl,"₹ 7,475.00","₹ 2,30,678.50",BRD-RTL
T031553,26/12/2024,F02145,Input Purchase,Fertilizer,124 kg,₹ 43.87,"₹ 5,439.88",BRD-RTL
T031554,27/12/2024,F02145,INPUT_PURCHASE,SEEDS,89 kg,₹ 129.79,"₹ 11,551.31",BRD-RTL
T031555,09/01/2025,F02145,Input Purchase,DAP,123 kgs,₹ 37.08,"₹ 4,560.84",BRD-RTL
T031556,09/04/2025,F02146,Delivery,Sarson,12.21 q,"₹ 8,215.00","₹ 1,00,305.15",BRD-RTL
T031557,15/12/2024,F02146,FERT_PURCHASE,Hybrid Seeds,232 kg,₹ 62.14,"₹ 14,416.48",BRD-RTL
T031558,04/01/2025,F02146,I,PP chemicals,170 kgs,₹ 517.18,"₹ 87,920.60",BRD-RTL
T031559,07/05/2025,F02149,Delivery,Mustard,493 kg,"₹ 7,415.00","₹ 36,555.95",BRD-RTL
T031560,18/04/2025,F02149,FPO_DELIVERY,Mustard,16.1 qtl,"₹ 7,415.00","₹ 1,19,529.80",BRD-RTL
T031561,21/03/2025,F02149,Delivery,Bengal Gram,18.1 qtl,"₹ 7,345.00","₹ 1,33,238.30",BRD-RTL
T031562,07/01/2025,F02149,FERT_PURCHASE,Urea,166 kgs,₹ 55.15,"₹ 9,154.90",BRD-RTL
T031563,04/02/2025,F02149,Loan Repayment,Loan Repayment,,,"₹ 4,600.00",BRD-RTL
T031564,23/01/2025,F02149,L,EMI,,,"₹ 7,600.00",BRD-RTL
T031565,16/03/2025,F02151,delivery,Yellow Mustard,5.05 q,"₹ 7,325.00","₹ 36,991.25",BRD-RTL
T031566,27/04/2025,F02151,delivery,mustard (Yellow),7.9 qtl,"₹ 7,325.00","₹ 57,647.75",BRD-RTL
T031567,31/12/2024,F02151,INPUT_PURCHASE,FERTILIZER 50kg bag,200 kg,₹ 52.69,"₹ 10,538.00",BRD-RTL
T031568,15/01/2025,F02151,I,Urea,96 kgs,₹ 53.59,"₹ 5,144.64",BRD-RTL
T031569,05/12/2024,F02151,I,PP chemicals,78 kg,₹ 130.17,"₹ 10,153.26",BRD-RTL
T031570,30/12/2024,F02151,INPUT_PURCHASE,Seeds,313 kgs,₹ 82.15,"₹ 25,712.95",BRD-RTL
T031571,18/04/2025,F02151,Loan Repayment,EMI,,,"₹ 2,300.00",BRD-RTL
T031572,12/03/2025,F02154,delivery,Yellow Mustard,0.11 MT,"₹ 6,850.00","₹ 7,535.00",BRD-RTL
T031573,07/05/2025,F02154,Delivery,MUSTARD,21.34 quintals,"₹ 6,850.00","₹ 1,46,179.00",BRD-RTL
T031574,24/12/2024,F02154,Input Purchase,Fertilizer,254 kg,₹ 31.91,"₹ 8,105.14",BRD-RTL
T031575,27/12/2024, F02154 ,I,SEEDS,37 kgs,₹ 88.66,"₹ 3,280.42",BRD-RTL
T031576,05/01/2025,F02154,Input Purchase,Bio-pesticide,176 kg,₹ 698.73,"₹ 1,22,976.48",BRD-RTL
T031577,23/03/2025,F02156,Delivery,Yellow Mustard,"1,787.00 kgs","₹ 7,780.00","₹ 1,39,028.60",BRD-RTL
T031578,04/03/2025,F02156,FPO_DELIVERY,Mustard,1.32 quintals,"₹ 7,780.00","₹ 10,269.60",BRD-RTL
T031579,05/01/2025,F02156,I,DAP,135 kg,₹ 51.08,"₹ 6,895.80",BRD-RTL
T031580,02/12/2024,F02156,I,Seeds,315 kgs,₹ 75.67,"₹ 23,836.05",BRD-RTL
T031581,20/03/2025,F02162,DELIVERY,MUSTARD,195 kg,"₹ 7,115.00","₹ 13,874.25",BRD-RTL
T031582,31/03/2025,F02162,Delivery,Mustard,5.9 qtl,"₹ 7,115.00","₹ 41,693.90",BRD-RTL
T031583,08/04/2025,F02162,FPO_DELIVERY,GRAM (Chana),6.7 qtl,"₹ 6,740.00","₹ 45,023.20",BRD-RTL
T031584,14/03/2025,F02168,D,mustard (Yellow),"2,123.00 kgs","₹ 7,960.00","₹ 1,68,990.80",BRD-RTL
T031585,05/04/2025,F02168,D,Yellow Mustard,16.08 quintals,"₹ 7,960.00","₹ 1,27,996.80",BRD-RTL
T031586,11/03/2025,F02168,D,Gram,41.9 qtl,"₹ 7,505.00","₹ 3,14,759.70",BRD-RTL
T031587,24/12/2024,F02168,LOAN_REPAY,EMI,,,"₹ 4,700.00",BRD-RTL
T031588,20/02/2025,F02168,loan,Loan Repayment,,,"₹ 6,900.00",BRD-RTL
T031589,02/03/2025,F02174,Delivery,MUSTARD,955.00 kgs,"₹ 7,470.00","₹ 71,338.50",BRD-RTL
T031590,19/12/2024,F02174,INPUT_PURCHASE,Fertilizer,110 kg,₹ 46.60,"₹ 5,126.00",BRD-RTL
T031591,13/01/2025,F02174,FERT_PURCHASE,Fertilizer,31 kgs,₹ 35.89,"₹ 1,112.59",BRD-RTL
T031592,01/04/2025,F02178,FPO_DELIVERY,Yellow Mustard,1366 kg,"₹ 7,555.00","₹ 1,03,201.30",BRD-RTL
T031593,01/03/2025,,D,Yellow Mustard,4.94 q,"₹ 7,555.00","₹ 37,321.70",BRD-RTL
T031594,16/04/2025,f02178,Delivery,mustard (Yellow),621.00 kgs,"₹ 7,555.00","₹ 46,916.55",BRD-RTL
T031595,11/01/2025,F02178,input,NPK 10:26:26,242 kgs,₹ 55.68,"₹ 13,474.56",BRD-RTL
T031596,13/12/2024,F02178,Input Purchase,DAP,237 kg,₹ 53.45,"₹ 12,667.65",BRD-RTL
T031597,02/03/2025,f02178,loan,EMI,,,"₹ 7,100.00",BRD-RTL
T031598,18/04/2025,F02184,DELIVERY,MUSTARD,1.88 MT,"₹ 7,065.00","₹ 1,32,963.30",BRD-RTL
T031599,30/03/2025,F02189,FPO_DELIVERY,Mustard,"1,979.00 kgs","₹ 7,315.00","₹ 1,44,763.85",BRD-RTL
T031600,09/05/2025,F02189,D,Bengal Gram,11.3 qtl,"₹ 7,360.00","₹ 82,873.60",BRD-RTL
T031601,03/04/2025,f02189,Delivery,chana,579 kg,"₹ 7,360.00","₹ 42,614.40",BRD-RTL
T031602,30/04/2025,F02195,DELIVERY,Mustard,10.62 q,"₹ 7,055.00","₹ 74,924.10",BRD-RTL
T031603,10/05/2025,f02195,delivery,GRAM (Chana),882.00 kgs,"₹ 7,155.00","₹ 63,107.10",BRD-RTL
T031604,18/03/2025,F02195,delivery,chana,29.00 kgs,"₹ 7,155.00","₹ 2,074.95",BRD-RTL
T031605,05/12/2024,F02195,input,SEEDS,152 kg,₹ 55.76,"₹ 8,475.52",BRD-RTL
T031606,13/12/2024,F02195,FERT_PURCHASE,DAP,297 kg,₹ 45.68,"₹ 13,566.96",BRD-RTL
T031607,01/01/2025,F02195,FERT_PURCHASE,DAP,259 kgs,₹ 37.28,"₹ 9,655.52",BRD-RTL
T031608,15/12/2024,F02195,INPUT_PURCHASE,FERTILIZER 50kg bag,174 kgs,₹ 38.28,"₹ 6,660.72",BRD-RTL
T031609,19/04/2025,F02195,L,Loan Repayment,,,"₹ 2,900.00",BRD-RTL
T031610,10/05/2025,F02195,L,EMI,,,"₹ 5,300.00",BRD-RTL
T031611,19/05/2025,F02195,LOAN_REPAY,Loan Repayment,,,₹ 800.00,BRD-RTL
T031612,05/04/2025,F02196,D,Sarson,7.43 q,"₹ 7,505.00","₹ 55,762.15",BRD-RTL
T031613,25/04/2025,F02196,Delivery,mustard (Yellow),7.04 q,"₹ 7,505.00","₹ 52,835.20",BRD-RTL
T031614,20/12/2024,F02196,input,Urea,29 kgs,₹ 46.74,"₹ 1,355.46",BRD-RTL
T031615,15/05/2025,F02201,delivery,Yellow Mustard,0.24 t,"₹ 6,945.00","₹ 16,945.80",BRD-RTL
T031616,21/03/2025,F02201,DELIVERY,mustard (Yellow),1699 kg,"₹ 6,945.00","₹ 1,17,995.55",BRD-RTL
T031617,27/12/2024,F02201,I,PP chemicals,65 kgs,₹ 152.97,"₹ 9,943.05",BRD-RTL
T031618,10/01/2025,F02201,Input Purchase,FERTILIZER 50kg bag,191 kg,₹ 54.96,"₹ 10,497.36",BRD-RTL
T031619,07/12/2024,f02201,INPUT_PURCHASE,FERTILIZER 50kg bag,26 kgs,₹ 43.45,"₹ 1,129.70",BRD-RTL
T031620,07/12/2024,F02201,FERT_PURCHASE,Hybrid Seeds,172 kgs,₹ 60.49,"₹ 10,404.28",BRD-RTL
T031621,10/04/2025,F02202,delivery,MUSTARD,"1,107.00 kgs","₹ 7,485.00","₹ 82,858.95",BRD-RTL
T031622,08/03/2025,f02202,D,Mustard,1327 kg,"₹ 7,485.00","₹ 99,325.95",BRD-RTL
T031623,10/05/2025,f02202,L,EMI,,,"₹ 4,300.00",BRD-RTL
T031624,03/12/2024,F02202,loan,EMI,,,"₹ 1,200.00",BRD-RTL
T031625,30/12/2024,F02202,loan,EMI,,,"₹ 6,700.00",BRD-RTL
T031626,02/04/2025,F02207,D,Mustard,834.00 kgs,"₹ 7,325.00","₹ 61,090.50",BRD-RTL
T031627,25/04/2025,F02207,DELIVERY,mustard (Yellow),0.82 t,"₹ 7,325.00","₹ 60,065.00",BRD-RTL
T031628,02/05/2025,F02207,DELIVERY,MUSTARD,67 kg,"₹ 7,325.00","₹ 4,907.75",BRD-RTL
T031629,12/01/2025,F02207,Input Purchase,Bio-pesticide,110 kg,₹ 219.51,"₹ 24,146.10",BRD-RTL
T031630,20/12/2024,F02207,input,NPK 10:26:26,176 kg,₹ 34.12,"₹ 6,005.12",BRD-RTL
T031631,13/05/2025,F02208,D,Mustard,537.00 kgs,"₹ 7,455.00","₹ 40,033.35",BRD-RTL
T031632,24/03/2025,F02208,FPO_DELIVERY,Bengal Gram,2.32 q,"₹ 7,455.00","₹ 17,295.60",BRD-RTL
T031633,11/05/2025,F02208,DELIVERY,Gram,3.04 q,"₹ 7,455.00","₹ 22,663.20",BRD-RTL
T031634,08/04/2025,F02208,Loan Repayment,Loan Repayment,,,"₹ 2,800.00",BRD-RTL
T031635,22/05/2025,F02208,L,Loan Repayment,,,"₹ 1,200.00",BRD-RTL
T031636,21/04/2025,F02211,D,Sarson,2.32 q,"₹ 6,945.00","₹ 16,112.40",BRD-RTL
T031637,02/04/2025,F02211,DELIVERY,MUSTARD,759 kg,"₹ 6,945.00","₹ 52,712.55",BRD-RTL
T031638,03/01/2025,F02211,Input Purchase,SEEDS,235 kgs,₹ 52.17,"₹ 12,259.95",BRD-RTL
T031639,24/12/2024,F02211,INPUT_PURCHASE,SEEDS,274 kgs,₹ 60.10,"₹ 16,467.40",BRD-RTL
T031640,03/05/2025,F02217,FPO_DELIVERY,MUSTARD,41.1 qtl,"₹ 7,655.00","₹ 3,14,390.85",BRD-RTL
T031641,28/12/2024,F02217,I,Hybrid Seeds,40 kgs,₹ 105.50,"₹ 4,220.00",BRD-RTL
T031642,12/01/2025,f02217,Input Purchase,FERTILIZER 50kg bag,209 kgs,₹ 29.91,"₹ 6,251.19",BRD-RTL
T031643,16/12/2024,F02217,FERT_PURCHASE,NPK 10:26:26,126 kgs,₹ 54.96,"₹ 6,924.96",BRD-RTL
T031710,09/04/2025,F02272,FPO_DELIVERY,MUSTARD,1.69 MT,"₹ 7,050.00","₹ 1,19,286.00",BRD-RTL
T031711,17/12/2024,F02272,Input Purchase,FERTILIZER 50kg bag,309 kgs,₹ 53.63,"₹ 16,571.67",BRD-RTL
T031712,31/12/2024,F02272,INPUT_PURCHASE,Urea,275 kg,₹ 32.88,"₹ 9,042.00",BRD-RTL
T031713,18/12/2024,F02272,input,Fertilizer,168 kg,₹ 35.15,"₹ 5,905.20",BRD-RTL
T031714,13/03/2025,F02272,loan,Loan Repayment,,,"₹ 2,400.00",BRD-RTL
T031715,09/03/2025,F02272,L,EMI,,,"₹ 3,600.00",BRD-RTL
T031789,12/03/2025,f02316,D,Sarson,1439 kg,"₹ 7,765.00","₹ 1,11,738.35",BRD-RTL
T031790,12/12/2024,F02316,Input Purchase,NPK 10:26:26,249 kg,₹ 46.75,"₹ 11,640.75",BRD-RTL
T031791,12/01/2025,F02316,FERT_PURCHASE,SEEDS,159 kgs,₹ 71.68,"₹ 11,397.12",BRD-RTL
T031792,09/01/2025,f02316,input,SEEDS,43 kg,₹ 96.53,"₹ 4,150.79",BRD-RTL
T031793,26/04/2025,F02316,LOAN_REPAY,Loan Repayment,,,"₹ 7,400.00",BRD-RTL
T031821,11/05/2025,F02365,delivery,MUSTARD,1.8 qtl,"₹ 7,690.00","₹ 13,611.30",BRD-RTL
T031822,30/03/2025,F02365,delivery,MUSTARD,0.39 q,"₹ 7,690.00","₹ 2,999.10",BRD-RTL
T031823,10/03/2025,F02365,DELIVERY,mustard (Yellow),0.3 qtl,"₹ 7,690.00","₹ 2,153.20",BRD-RTL
T031852,13/05/2025,F02383,Delivery,Mustard,22 kg,"₹ 7,405.00","₹ 1,629.10",BRD-RTL
T031853,19/03/2025,F02383,D,mustard (Yellow),3.96 q,"₹ 7,405.00","₹ 29,323.80",BRD-RTL
T031854,03/03/2025,F02383,DELIVERY,MUSTARD,4.74 quintals,"₹ 7,405.00","₹ 35,099.70",BRD-RTL
T031855,12/12/2024,F02383,I,PP chemicals,233 kg,₹ 537.92,"₹ 1,25,335.36",BRD-RTL
T031954,05/03/2025,F02460,FPO_DELIVERY,MUSTARD,972.00 kgs,"₹ 6,800.00","₹ 66,096.00",BRD-RTL
T031955,19/12/2024,F02460,I,PP chemicals,79 kg,₹ 261.31,"₹ 20,643.49",BRD-RTL
T031956,30/05/2025,F02460,Loan Repayment,Loan Repayment,,,"₹ 6,100.00",BRD-RTL
T031957,16/01/2025,F02460,loan,Loan Repayment,,,"₹ 5,600.00",BRD-RTL
T032081,17/04/2025,F02533,Delivery,Yellow Mustard,209.00 kgs,"₹ 7,485.00","₹ 15,643.65",BRD-RTL
T032082,02/01/2025,F02533,I,Fertilizer,141 kg,₹ 55.54,"₹ 7,831.14",BRD-RTL
T032083,06/01/2025,F02533,FERT_PURCHASE,SEEDS,314 kgs,₹ 102.54,"₹ 32,197.56",BRD-RTL
T032084,23/12/2024,F02533,input,SEEDS,32 kgs,₹ 57.93,"₹ 1,853.76",BRD-RTL
T032108,14/05/2025,F02547,D,Mustard,23.0 qtl,"₹ 8,035.00","₹ 1,84,885.35",BRD-RTL
T032109,26/12/2024,f02547,Input Purchase,DAP,148 kg,₹ 46.96,"₹ 6,950.08",BRD-RTL
T032110,20/12/2024,f02547,input,Hybrid Seeds,198 kg,₹ 60.83,"₹ 12,044.34",BRD-RTL
T032111,20/12/2024,F02547,FERT_PURCHASE,DAP,27 kgs,₹ 41.02,"₹ 1,107.54",BRD-RTL
T032112,21/03/2025,F02549,D,Sarson,1.38 quintals,"₹ 7,115.00","₹ 9,818.70",BRD-RTL
T032151,08/03/2025,F02573,Delivery,mustard (Yellow),335 kg,"₹ 7,510.00","₹ 25,158.50",BRD-RTL
T032152,13/04/2025,F02573,FPO_DELIVERY,Sarson,0.21 t,"₹ 7,510.00","₹ 15,996.30",BRD-RTL
T032153,20/12/2024,F02573,Input Purchase,Urea,136 kg,₹ 51.20,"₹ 6,963.20",BRD-RTL
T032154,10/01/2025,F02573,FERT_PURCHASE,Seeds,256 kg,₹ 105.62,"₹ 27,038.72",BRD-RTL
T032185,20/03/2025,F02588,DELIVERY,Sarson,1.15 MT,"₹ 7,065.00","₹ 81,459.45",BRD-RTL
T032186,12/03/2025,F02588,Delivery,Yellow Mustard,8.53 quintals,"₹ 7,065.00","₹ 60,264.45",BRD-RTL
T032217,27/04/2025,F02608,FPO_DELIVERY,mustard (Yellow),403.00 kgs,"₹ 7,350.00","₹ 29,620.50",BRD-RTL
T032249,02/03/2025,F02620,DELIVERY,Sarson,5.5 qtl,"₹ 7,375.00","₹ 40,783.75",BRD-RTL
T032250,07/05/2025,F02620,DELIVERY,MUSTARD,85.00 kgs,"₹ 7,375.00","₹ 6,268.75",BRD-RTL
T032251,14/12/2024,F02620,INPUT_PURCHASE,Fertilizer,269 kg,₹ 41.67,"₹ 11,209.23",BRD-RTL
T032252,19/12/2024,F02620,I,FERTILIZER 50kg bag,251 kg,₹ 48.29,"₹ 12,120.79",BRD-RTL
T032253,04/01/2025,F02620,input,PP chemicals,202 kg,₹ 360.87,"₹ 72,895.74",BRD-RTL
T032254,13/12/2024,F02620,input,PP chemicals,139 kg,₹ 402.12,"₹ 55,894.68",BRD-RTL
T032255,17/12/2024,F02620,Loan Repayment,Loan Repayment,,,"₹ 5,400.00",BRD-RTL
T032278,10/03/2025,f02630,delivery,MUSTARD,"1,213.00 kgs","₹ 7,215.00","₹ 87,517.95",BRD-RTL
T032279,28/04/2025,F02630,DELIVERY,mustard (Yellow),1.21 t,"₹ 7,215.00","₹ 87,085.05",BRD-RTL
T032280,16/12/2024,F02630,INPUT_PURCHASE,FERTILIZER 50kg bag,207 kg,₹ 40.29,"₹ 8,340.03",BRD-RTL
T032332,11/05/2025,F02647,DELIVERY,MUSTARD,0.69 t,"₹ 7,110.00","₹ 48,987.90",BRD-RTL
T032333,16/12/2024,F02647,input,Urea,245 kgs,₹ 39.14,"₹ 9,589.30",BRD-RTL
T032361,17/04/2025,F02657,DELIVERY,MUSTARD,6.4 qtl,"₹ 7,390.00","₹ 47,296.00",BRD-RTL
T032362,03/01/2025,f02657,Input Purchase,DAP,165 kgs,₹ 37.87,"₹ 6,248.55",BRD-RTL
T032368,14/03/2025,F02660,delivery,Sarson,932 kg,"₹ 7,095.00","₹ 66,125.40",BRD-RTL
T032369,04/05/2025,F02660,FPO_DELIVERY,MUSTARD,9 kg,"₹ 7,095.00",₹ 638.55,BRD-RTL
T032370,04/12/2024,F02660,Input Purchase,SEEDS,139 kg,₹ 102.93,"₹ 14,307.27",BRD-RTL
T032371,20/05/2025,F02660,loan,Loan Repayment,,,"₹ 1,700.00",BRD-RTL
T032378,03/05/2025,F02662,DELIVERY,Mustard,17.87 q,"₹ 7,640.00","₹ 1,36,526.80",BRD-RTL
T032379,06/01/2025,F02662,I,DAP,28 kgs,₹ 40.60,"₹ 1,136.80",BRD-RTL
T032380,27/12/2024,F02662,Input Purchase,PP chemicals,264 kg,₹ 642.65,"₹ 1,69,659.60",BRD-RTL
T032381,26/12/2024,F02662,INPUT_PURCHASE,Urea,259 kgs,₹ 47.94,"₹ 12,416.46",BRD-RTL
T032433,12/03/2025,F02681,DELIVERY,MUSTARD,4.7 qtl,"₹ 7,495.00","₹ 35,151.55",BRD-RTL
T032434,19/03/2025,F02681,Delivery,Yellow Mustard,0.23 MT,"₹ 7,495.00","₹ 17,463.35",BRD-RTL
T032435,17/03/2025,F02681,DELIVERY,Sarson,2.77 quintals,"₹ 7,495.00","₹ 20,761.15",BRD-RTL
T032443,21/04/2025,F02684,D,Yellow Mustard,206.00 kgs,"₹ 7,325.00","₹ 15,089.50",BRD-RTL
T032455,13/03/2025,F02689,FPO_DELIVERY,Mustard,0.01 t,"₹ 7,225.00","₹ 1,083.75",BRD-RTL
T032456,13/05/2025,F02689,Delivery,Mustard,857 kg,"₹ 7,225.00","₹ 61,918.25",BRD-RTL
T032457,07/01/2025,F02689,input,SEEDS,303 kgs,₹ 76.35,"₹ 23,134.05",BRD-RTL
T004414,15/11/2019,F02207,FPO_DELIVERY,mungfali,1676 kg,"₹ 7,505.00","₹ 1,25,783.80",BRD-RTL
T020796,11/06/2022,F02178,INPUT_PURCHASE,NPK 10:26:26,262 kg,₹ 32.21,"₹ 8,439.02",BRD-RTL
T018392,18/03/2022,F02104,loan,EMI,,,"₹ 3,200.00",BRD-RTL
T020638,09/06/2022,F02083,I,SEEDS,35 kg,₹ 62.35,"₹ 2,182.25",BRD-RTL
T018379,07/12/2021,F02096,Loan Repayment,Loan Repayment,,,"₹ 1,300.00",BRD-RTL
T008033,13/12/2019,F02254,input,Fertilizer,105 kgs,₹ 57.82,"₹ 6,071.10",BRD-RTL
T028139,21/03/2024,F02573,FPO_DELIVERY,MUSTARD,5.40 quintals,"₹ 7,705.00","₹ 41,607.00",BRD-RTL
T016258,14/10/2021,F02332,FPO_DELIVERY,Groundnut Pods,41 kg,"₹ 8,100.00","₹ 3,321.00",BRD-RTL
T004348,30/10/2019,f02191,L,Loan Repayment,,,"₹ 3,600.00",BRD-RTL
T003972,15/07/2019,F02096,INPUT_PURCHASE,Fertilizer,114 kgs,₹ 40.67,"₹ 4,636.38",BRD-RTL
T003908,03/06/2019,F02080,input,Hybrid Seeds,118 kg,₹ 46.99,"₹ 5,544.82",BRD-RTL
T027426,12/01/2024,F02133,input,SEEDS,177 kgs,₹ 67.66,"₹ 11,975.82",BRD-RTL
T007441,08/12/2019,F02065,INPUT_PURCHASE,Seeds,215 kg,₹ 96.93,"₹ 20,839.95",BRD-RTL
T016007,07/07/2021,F02209,FERT_PURCHASE,DAP,248 kg,₹ 53.16,"₹ 13,183.68",BRD-RTL
T018877,30/12/2021,F02356,FERT_PURCHASE,NPK 10:26:26,91 kg,₹ 58.80,"₹ 5,350.80",BRD-RTL
T018694,22/03/2022, F02272 ,loan,EMI,,,"₹ 6,200.00",BRD-RTL
T010636,09/10/2020,F02163,Delivery,Soybean (Yellow),3.2 qtl,"₹ 4,860.00","₹ 15,649.20",BRD-RTL
T025366,08/11/2023, F02211 ,D,mungfali,12.52 quintals,"₹ 8,230.00","₹ 1,03,039.60",BRD-RTL
T003969,21/11/2019,F02095,DELIVERY,Groundnut,6557 kg,"₹ 7,325.00","₹ 4,80,300.25",BRD-RTL
T013210,10/04/2021,F02064,DELIVERY,MUSTARD,1759 kg,"₹ 6,250.00","₹ 1,09,937.50",BRD-RTL
T013442,08/03/2021,F02178,FPO_DELIVERY,Sarson,536.00 kgs,"₹ 6,120.00","₹ 32,803.20",BRD-RTL
T010529,15/11/2020,F02124,D,mungfali,402 kg,"₹ 7,990.00","₹ 32,119.80",BRD-RTL
T007778,26/03/2020,F02171,delivery,Sarson,124.00 kgs,"₹ 6,010.00","₹ 7,452.40",BRD-RTL
T004037,03/06/2019,F02111,FERT_PURCHASE,Fertilizer,57 kg,₹ 58.50,"₹ 3,334.50",BRD-RTL
T013344,02/03/2021,f02125,delivery,Yellow Mustard,0.10 t,"₹ 6,160.00","₹ 5,852.00",BRD-RTL
T031569,05/12/2024,F02151,I,PP chemicals,78 kg,₹ 130.17,"₹ 10,153.26",BRD-RTL
T018475,11/04/2022,F02149,D,mustard (Yellow),1.82 MT,"₹ 7,060.00","₹ 1,28,703.80",BRD-RTL
T018320,15/05/2022,F02072,FPO_DELIVERY,Yellow Mustard,3.86 quintals,"₹ 6,185.00","₹ 23,874.10",BRD-RTL
T025206,17/11/2023,F02093,delivery,Groundnut Pods,8.8 qtl,"₹ 9,035.00","₹ 79,327.30",BRD-RTL
T003850,27/11/2019,F02066,Delivery,Groundnut,345.00 kgs,"₹ 7,560.00","₹ 26,082.00",BRD-RTL
