txn_id,txn_date,farmer_id,txn_type,item,qty,rate_inr,amount_inr,gid
T003309,11/08/2019,F01911,FPO_DELIVERY,SOYABEAN,7.2 qtl,"INR 4,515/-","INR 32,373/-",BRD-DWS
T003310,06/17/2019,F01911,I,Fertilizer,148 kgs,INR 44/-,"INR 6,502/-",BRD-DWS
T003311,06/14/2019,F01911,Input Purchase,SEEDS,319 kg,INR 126/-,"INR 40,213/-",BRD-DWS
T003312,10/20/2019,F01912,Delivery,soya,1396 kg,"INR 4,835/-","INR 67,497/-",BRD-DWS
T003313,24/10/2019,F01912,D,soya,1.3 qtl,"INR 4,835/-","INR 6,286/-",BRD-DWS
T003314,10/08/2019,F01912,DELIVERY,Soybean,"2,056.00 kgs","INR 4,835/-","INR 99,408/-",BRD-DWS
T003315,11/14/2019,F01913,D,SOYABEAN,8.72 quintals,"INR 5,150/-","INR 44,908/-",BRD-DWS
T003316,11/07/2019,F01913,FERT_PURCHASE,Seeds,295 kg,INR 46/-,"INR 13,608/-",BRD-DWS
T003317,10/26/2019,F01914,delivery,Soybean (Yellow),1.8 qtl,"INR 5,015/-","INR 8,826/-",BRD-DWS
T003318,11/25/2019,F01914,D,soya,4.42 quintals,"INR 5,015/-","INR 22,166/-",BRD-DWS
T003319,06/05/2019,F01914,FERT_PURCHASE,PPC,289 kg,INR 357/-,"INR 1,03,052/-",BRD-DWS
T003320,07/02/2019,F01914,Input Purchase,NPK 10:26:26,193 kgs,INR 47/-,"INR 9,144/-",BRD-DWS
T003321,06/29/2019,f01914,Input Purchase,Hybrid Seeds,80 kg,INR 67/-,"INR 5,368/-",BRD-DWS
T003322,10/11/2019, F01915 ,Delivery,SOYABEAN,4.1 qtl,"INR 4,640/-","INR 19,210/-",BRD-DWS
T003323,11/03/2019,F01915,delivery,soya,19.99 q,"INR 4,640/-","INR 92,754/-",BRD-DWS
T003324,06/28/2019,f01915,I,NPK 10:26:26,269 kgs,INR 46/-,"INR 12,261/-",BRD-DWS
T003325,06/05/2019,f01915,input,FERTILIZER 50kg bag,298 kg,INR 60/-,"INR 17,740/-",BRD-DWS
T003326,12/07/2019,F01915,Input Purchase,DAP,233 kgs,INR 58/-,"INR 13,551/-",BRD-DWS
T003327,11/06/2019,F01916,D,Soybean,17.49 quintals,"INR 4,875/-","INR 85,264/-",BRD-DWS
T003328,10/30/2019,F01916,D,Soybean (Yellow),10.3 qtl,"INR 4,875/-","INR 50,310/-",BRD-DWS
T003329,06/02/2019, F01916 ,input,Seeds,57 kg,INR 94/-,"INR 5,365/-",BRD-DWS
T003330,06/23/2019,F01916,FERT_PURCHASE,Urea,301 kg,INR 49/-,"INR 14,617/-",BRD-DWS
T003331,31/10/2019,F01917,Delivery,soya,595.00 kgs,"INR 4,730/-","INR 28,144/-",BRD-DWS
T003332,06/04/2019,F01917,FERT_PURCHASE,Hybrid Seeds,69 kgs,INR 49/-,"INR 3,406/-",BRD-DWS
T003333,06/26/2019,f01917,input,Bio-pesticide,301 kgs,INR 364/-,"INR 1,09,570/-",BRD-DWS
T003334,07/29/2019,F01917,Loan Repayment,EMI,,,"INR 4,100/-",BRD-DWS
T003335,11/16/2019,F01918,delivery,Soybean,7.58 quintals,"INR 4,930/-","INR 37,369/-",BRD-DWS
T003336,14/11/2019, F01918 ,LOAN_REPAY,Loan Repayment,,,"INR 5,000/-",BRD-DWS
T003337,10/17/2019,F01919,Delivery,Soybean,1.34 q,"INR 5,040/-","INR 6,754/-",BRD-DWS
T003338,11/23/2019,F01919,FPO_DELIVERY,Soybean (Yellow),0.42 t,"INR 5,040/-","INR 21,067/-",BRD-DWS
T003339,11/19/2019,F01919,FPO_DELIVERY,Soybean (Yellow),116 kg,"INR 5,040/-","INR 5,846/-",BRD-DWS
T003340,07/09/2019,F01919,Input Purchase,PPC,313 kg,INR 234/-,"INR 73,095/-",BRD-DWS
T003341,06/17/2019,F01919,input,Fertilizer,44 kgs,INR 58/-,"INR 2,534/-",BRD-DWS
T003342,11/20/2019,F01920,D,Soybean (Yellow),10.71 q,"INR 5,010/-","INR 53,657/-",BRD-DWS
T003343,04/07/2019,F01920,FERT_PURCHASE,Urea,280 kg,INR 51/-,"INR 14,308/-",BRD-DWS
T003344,04/06/2019,F01920,FERT_PURCHASE,NPK 10:26:26,175 kgs,INR 29/-,"INR 5,077/-",BRD-DWS
T003345,06/04/2019,F01920,I,Fertilizer,248 kgs,INR 53/-,"INR 13,092/-",BRD-DWS
T003346,10/18/2019,F01921,Delivery,Soybean (Yellow),5.27 q,"INR 4,630/-","INR 24,400/-",BRD-DWS
T003347,11/21/2019,F01921,DELIVERY,SOYABEAN,0.62 MT,"INR 4,630/-","INR 28,938/-",BRD-DWS
T003348,10/18/2019,F01922,FPO_DELIVERY,Soybean,20.41 q,"INR 4,570/-","INR 93,274/-",BRD-DWS
T003349,09/30/2019,F01922,LOAN_REPAY,EMI,,,"INR 6,000/-",BRD-DWS
T003350,08/11/2019,F01922,L,EMI,,,"INR 5,200/-",BRD-DWS
T003351,10/16/2019,F01923,FPO_DELIVERY,Soybean (Yellow),23.45 quintals,"INR 4,800/-","INR 1,12,560/-",BRD-DWS
T003352,11/06/2019,F01923,Delivery,Soybean (Yellow),8.96 quintals,"INR 4,800/-","INR 43,008/-",BRD-DWS
T003353,21/06/2019,F01923,FERT_PURCHASE,Hybrid Seeds,251 kgs,INR 103/-,"INR 25,818/-",BRD-DWS
T003354,08/01/2019,F01923,LOAN_REPAY,Loan Repayment,,,"INR 7,100/-",BRD-DWS
T003355,27/10/2019,F01924,delivery,SOYABEAN,347.00 kgs,"INR 5,215/-","INR 18,096/-",BRD-DWS
T003356,10/13/2019,f01924,Delivery,Soybean (Yellow),15.37 quintals,"INR 5,215/-","INR 80,155/-",BRD-DWS
T003357,10/03/2019,F01925,FPO_DELIVERY,Soybean (Yellow),1815 kg,"INR 4,695/-","INR 85,214/-",BRD-DWS
T003358,07/04/2019,F01925,input,Urea,289 kgs,INR 36/-,"INR 10,317/-",BRD-DWS
T003359,06/19/2019,F01925,FERT_PURCHASE,Hybrid Seeds,38 kg,INR 59/-,"INR 2,232/-",BRD-DWS
T003360,07/23/2019,F01925,Loan Repayment,EMI,,,"INR 5,300/-",BRD-DWS
T003361,06/10/2019,F01925,L,EMI,,,"INR 6,500/-",BRD-DWS
T003362,25/11/2019,F01926,Delivery,SOYABEAN,467 kg,"INR 4,490/-","INR 20,968/-",BRD-DWS
T003363,10/02/2019,F01926,DELIVERY,soya,"1,977.00 kgs","INR 4,490/-","INR 88,767/-",BRD-DWS
T003364,06/28/2019,F01926,INPUT_PURCHASE,NPK 10:26:26,290 kg,INR 51/-,"INR 14,729/-",BRD-DWS
T003365,07/06/2019,F01926,FERT_PURCHASE,SEEDS,247 kgs,INR 68/-,"INR 16,714/-",BRD-DWS
T003366,11/01/2019, F01927 ,FPO_DELIVERY,SOYABEAN,3.94 q,"INR 4,885/-","INR 19,247/-",BRD-DWS
T003367,11/06/2019,F01927,D,soya,938 kg,"INR 4,885/-","INR 45,821/-",BRD-DWS
T003368,06/17/2019,F01927,INPUT_PURCHASE,SEEDS,181 kgs,INR 77/-,"INR 13,852/-",BRD-DWS
T003369,22/06/2019,F01927,input,FERTILIZER 50kg bag,134 kgs,INR 54/-,"INR 7,225/-",BRD-DWS
T003370,10/27/2019,F01928,FPO_DELIVERY,Soybean,1.02 MT,"INR 5,080/-","INR 51,714/-",BRD-DWS
T003371,10/28/2019,F01928,D,Soybean,"2,761.00 kgs","INR 5,080/-","INR 1,40,259/-",BRD-DWS
T003372,06/16/2019, F01928 ,FERT_PURCHASE,Urea,215 kgs,INR 42/-,"INR 9,052/-",BRD-DWS
T003373,06/09/2019,F01928,FERT_PURCHASE,Bio-pesticide,115 kgs,INR 127/-,"INR 14,572/-",BRD-DWS
T003374,10/19/2019,F01929,D,Soybean,792.00 kgs,"INR 4,815/-","INR 38,135/-",BRD-DWS
T003375,06/09/2019,F01929,Input Purchase,SEEDS,65 kgs,INR 120/-,"INR 7,832/-",BRD-DWS
T003376,06/05/2019,f01929,FERT_PURCHASE,Hybrid Seeds,63 kg,INR 93/-,"INR 5,848/-",BRD-DWS
T003377,06/08/2019,f01929,I,Fertilizer,220 kgs,INR 58/-,"INR 12,681/-",BRD-DWS
T003378,10/15/2019,F01929,L,EMI,,,"INR 2,700/-",BRD-DWS
T003379,10/26/2019,F01930,D,Soybean (Yellow),0.12 MT,"INR 4,780/-","INR 5,688/-",BRD-DWS
T003380,22/11/2019,F01930,delivery,SOYABEAN,1730 kg,"INR 4,780/-","INR 82,694/-",BRD-DWS
T003381,06/23/2019,F01930,Input Purchase,Seeds,231 kgs,INR 110/-,"INR 25,329/-",BRD-DWS
T003382,11/15/2019,F01931,delivery,SOYABEAN,"1,078.00 kgs","INR 5,160/-","INR 55,625/-",BRD-DWS
T003383,07/03/2019,f01931,FERT_PURCHASE,PPC,179 kg,INR 373/-,"INR 66,704/-",BRD-DWS
T003384,11/22/2019,F01932,DELIVERY,SOYABEAN,0.59 MT,"INR 4,890/-","INR 28,851/-",BRD-DWS
T003385,10/20/2019,F01932,DELIVERY,Soybean (Yellow),3.31 q,"INR 4,890/-","INR 16,186/-",BRD-DWS
T003386,06/21/2019,F01932,I,Fertilizer,146 kg,INR 32/-,"INR 4,618/-",BRD-DWS
T003387,06/10/2019,F01933,D,Soybean (Yellow),0.62 MT,"INR 5,025/-","INR 30,954/-",BRD-DWS
T003388,11/07/2019,F01933,delivery,soya,0.07 t,"INR 5,025/-","INR 3,467/-",BRD-DWS
T003389,06/08/2019,F01933,INPUT_PURCHASE,PP chemicals,124 kg,INR 219/-,"INR 27,170/-",BRD-DWS
T003390,11/08/2019,F01933,LOAN_REPAY,Loan Repayment,,,"INR 5,400/-",BRD-DWS
T003391,11/22/2019,F01934,Delivery,SOYABEAN,1003 kg,"INR 4,810/-","INR 48,244/-",BRD-DWS
T003392,11/28/2019,F01934,LOAN_REPAY,EMI,,,"INR 4,500/-",BRD-DWS
T003393,10/11/2019,f01935,D,Soybean,9.66 quintals,"INR 4,735/-","INR 45,740/-",BRD-DWS
T003394,10/01/2019,f01935,D,SOYABEAN,30.80 quintals,"INR 4,735/-","INR 1,45,838/-",BRD-DWS
T003395,01/11/2019,F01936,delivery,Soybean (Yellow),3.04 q,"INR 4,870/-","INR 14,805/-",BRD-DWS
T003396,05/10/2019,F01936,Delivery,Soybean (Yellow),"1,356.00 kgs","INR 4,870/-","INR 66,037/-",BRD-DWS
T003397,06/03/2019,F01936,input,Fertilizer,68 kg,INR 45/-,"INR 3,064/-",BRD-DWS
T003398,08/28/2019,F01936,LOAN_REPAY,Loan Repayment,,,"INR 7,200/-",BRD-DWS
T003399,11/12/2019,F01936,loan,Loan Repayment,,,"INR 6,000/-",BRD-DWS
T003400,11/26/2019,F01937,DELIVERY,Soybean (Yellow),850.00 kgs,"INR 4,855/-","INR 41,268/-",BRD-DWS
T003401,11/19/2019,F01937,DELIVERY,Soybean,5.72 quintals,"INR 4,855/-","INR 27,771/-",BRD-DWS
T003402,07/05/2019,F01937,I,PPC,26 kg,INR 592/-,"INR 15,395/-",BRD-DWS
T003403,10/30/2019,,LOAN_REPAY,EMI,,,"INR 3,000/-",BRD-DWS
T003404,11/07/2019,F01937,L,EMI,,,"INR 3,400/-",BRD-DWS
T003405,31/10/2019,f01937,loan,Loan Repayment,,,"INR 4,300/-",BRD-DWS
T003406,10/17/2019,F01938,Delivery,soya,0.04 t,"INR 4,785/-","INR 2,010/-",BRD-DWS
T003407,11/26/2019,F01938,delivery,soya,2.72 quintals,"INR 4,785/-","INR 13,015/-",BRD-DWS
T003408,10/31/2019,F01938,FPO_DELIVERY,Soybean,30 kg,"INR 4,785/-","INR 1,436/-",BRD-DWS
T003409,11/24/2019,F01939,DELIVERY,soya,1029 kg,"INR 5,070/-","INR 52,170/-",BRD-DWS
T003410,10/16/2019,F01939,D,SOYABEAN,6.37 quintals,"INR 5,070/-","INR 32,296/-",BRD-DWS
T003411,04/06/2019,F01939,INPUT_PURCHASE,Fertilizer,313 kg,INR 30/-,"INR 9,312/-",BRD-DWS
T003412,06/02/2019,F01939,FERT_PURCHASE,NPK 10:26:26,251 kg,INR 59/-,"INR 14,887/-",BRD-DWS
T003413,06/09/2019,F01939,INPUT_PURCHASE,Urea,280 kgs,INR 33/-,"INR 9,142/-",BRD-DWS
T003414,10/30/2019,F01940,D,Soybean (Yellow),1089 kg,"INR 4,545/-","INR 49,495/-",BRD-DWS
T003415,06/03/2019,F01940,Input Purchase,DAP,319 kgs,INR 48/-,"INR 15,248/-",BRD-DWS
T003416,06/27/2019,F01940,INPUT_PURCHASE,SEEDS,182 kgs,INR 97/-,"INR 17,632/-",BRD-DWS
T003417,06/24/2019,F01940,Input Purchase,Fertilizer,40 kg,INR 29/-,"INR 1,152/-",BRD-DWS
T003418,11/12/2019,f01941,Delivery,Soybean (Yellow),395.00 kgs,"INR 4,890/-","INR 19,316/-",BRD-DWS
T003419,10/22/2019,F01941,delivery,SOYABEAN,1.99 q,"INR 4,890/-","INR 9,731/-",BRD-DWS
T003420,14/07/2019,F01941,input,Hybrid Seeds,282 kg,INR 113/-,"INR 31,863/-",BRD-DWS
T003421,10/17/2019,F01941,loan,EMI,,,"INR 2,100/-",BRD-DWS
T003422,11/14/2019,f01942,DELIVERY,SOYABEAN,415.00 kgs,"INR 4,800/-","INR 19,920/-",BRD-DWS
T003423,11/22/2019, F01942 ,D,Soybean,5.8 qtl,"INR 4,800/-","INR 27,792/-",BRD-DWS
T003424,06/14/2019, F01942 ,INPUT_PURCHASE,NPK 10:26:26,280 kg,INR 53/-,"INR 14,834/-",BRD-DWS
T003425,06/08/2019,F01942,I,PP chemicals,279 kgs,INR 628/-,"INR 1,75,237/-",BRD-DWS
T003426,05/10/2019,F01943,delivery,SOYABEAN,242 kg,"INR 4,760/-","INR 11,519/-",BRD-DWS
T003427,10/27/2019,F01943,D,soya,35.00 kgs,"INR 4,760/-","INR 1,666/-",BRD-DWS
T003428,10/25/2019,f01944,D,soya,3.6 qtl,"INR 5,110/-","INR 18,192/-",BRD-DWS
T003429,10/29/2019,F01944,FPO_DELIVERY,Soybean (Yellow),3.75 q,"INR 5,110/-","INR 19,162/-",BRD-DWS
T003430,07/02/2019,F01944,FERT_PURCHASE,NPK 10:26:26,152 kg,INR 44/-,"INR 6,686/-",BRD-DWS
T003431,11/29/2019, F01945 ,FPO_DELIVERY,Soybean (Yellow),0.26 t,"INR 4,395/-","INR 11,295/-",BRD-DWS
T003432,06/07/2019,F01945,Input Purchase,Urea,105 kgs,INR 59/-,"INR 6,171/-",BRD-DWS
T003433,08/17/2019,F01945,LOAN_REPAY,EMI,,,"INR 4,500/-",BRD-DWS
T003434,10/29/2019,F01946,DELIVERY,Soybean,311 kg,"INR 4,830/-","INR 15,021/-",BRD-DWS
T003435,11/15/2019,f01946,DELIVERY,Soybean (Yellow),398 kg,"INR 4,830/-","INR 19,223/-",BRD-DWS
T003436,11/25/2019,F01946,Delivery,Soybean (Yellow),153 kg,"INR 4,830/-","INR 7,390/-",BRD-DWS
T003437,06/01/2019,F01946,INPUT_PURCHASE,Fertilizer,89 kg,INR 51/-,"INR 4,530/-",BRD-DWS
T003438,06/21/2019,F01946,I,PP chemicals,318 kg,INR 431/-,"INR 1,37,188/-",BRD-DWS
T003439,11/13/2019,F01947,delivery,SOYABEAN,0.12 t,"INR 4,735/-","INR 5,871/-",BRD-DWS
T003440,11/03/2019,F01947,D,Soybean,6.30 q,"INR 4,735/-","INR 29,830/-",BRD-DWS
T003441,10/06/2019,F01947,FPO_DELIVERY,Soybean,2.53 quintals,"INR 4,735/-","INR 11,980/-",BRD-DWS
T003442,07/18/2019,F01947,loan,Loan Repayment,,,"INR 7,900/-",BRD-DWS
T003443,10/30/2019,F01948,delivery,SOYABEAN,"1,565.00 kgs","INR 5,075/-","INR 79,424/-",BRD-DWS
T003444,06/02/2019,F01948,INPUT_PURCHASE,Bio-pesticide,260 kgs,INR 194/-,"INR 50,450/-",BRD-DWS
T003445,06/05/2019,F01948,input,DAP,128 kgs,INR 48/-,"INR 6,104/-",BRD-DWS
T003446,10/01/2019,F01948,Loan Repayment,EMI,,,"INR 6,800/-",BRD-DWS
T003447,09/04/2019,f01948,Loan Repayment,EMI,,,"INR 7,500/-",BRD-DWS
T003448,11/25/2019,F01949,Delivery,SOYABEAN,11.74 quintals,"INR 5,110/-","INR 59,991/-",BRD-DWS
T003449,07/14/2019,F01949,input,Seeds,187 kgs,INR 52/-,"INR 9,670/-",BRD-DWS
T003450,11/19/2019,F01950,D,soya,6.82 quintals,"INR 4,810/-","INR 32,804/-",BRD-DWS
T003451,06/01/2019,F01950,Input Purchase,DAP,104 kg,INR 40/-,"INR 4,175/-",BRD-DWS
T003452,11/11/2019,F01951,D,soya,,"INR 5,100/-","INR 53,652/-",BRD-DWS
T003453,11/23/2019,F01951,DELIVERY,Soybean,387 kg,"INR 5,100/-","INR 19,737/-",BRD-DWS
T003454,11/10/2019,F01951,delivery,soya,15.7 qtl,"INR 5,100/-","INR 80,172/-",BRD-DWS
T003455,06/17/2019,F01951,I,PPC,313 kgs,INR 215/-,"INR 67,236/-",BRD-DWS
T003456,07/09/2019,F01951,input,NPK 10:26:26,178 kg,INR 41/-,"INR 7,243/-",BRD-DWS
T003457,06/09/2019,F01951,INPUT_PURCHASE,Seeds,88 kgs,INR 79/-,"INR 6,911/-",BRD-DWS
T003458,07/04/2019,F01951,I,DAP,193 kg,INR 55/-,"INR 10,665/-",BRD-DWS
T003459,06/16/2019,F01951,L,EMI,,,"INR 3,600/-",BRD-DWS
T003460,10/29/2019, F01952 ,D,Soybean (Yellow),8.71 quintals,"INR 4,965/-","INR 43,245/-",BRD-DWS
T003461,10/24/2019,F01952,Delivery,soya,2.27 quintals,"INR 4,965/-","INR 11,271/-",BRD-DWS
T003462,06/13/2019,F01952,input,NPK 10:26:26,188 kgs,INR 33/-,"INR 6,243/-",BRD-DWS
T003463,06/01/2019,F01952,input,PPC,181 kgs,INR 154/-,"INR 27,883/-",BRD-DWS
T003464,07/28/2019,F01952,L,Loan Repayment,,,"INR 1,700/-",BRD-DWS
T003465,26/10/2019,F01952,Loan Repayment,Loan Repayment,,,"INR 7,600/-",BRD-DWS
T003466,07/24/2019,F01952,LOAN_REPAY,EMI,,,"INR 4,700/-",BRD-DWS
T003467,10/18/2019,F01953,DELIVERY,Soybean,3.58 q,"INR 4,820/-","INR 17,256/-",BRD-DWS
T003468,10/02/2019,F01953,Delivery,soya,3.54 quintals,"INR 4,820/-","INR 17,063/-",BRD-DWS
T003469,07/11/2019,F01953,FERT_PURCHASE,Urea,257 kg,INR 31/-,"INR 7,977/-",BRD-DWS
T003470,11/28/2019,F01954,D,soya,11.4 qtl,"INR 4,495/-","INR 51,288/-",BRD-DWS
T003471,01/10/2019,f01955,DELIVERY,SOYABEAN,10.25 quintals,"INR 4,840/-","INR 49,610/-",BRD-DWS
T003472,11/01/2019,F01956,delivery,soya,1389 kg,"INR 5,145/-","INR 71,464/-",BRD-DWS
T003473,11/03/2019,F01956,delivery,Soybean (Yellow),3.0 qtl,"INR 5,145/-","INR 15,229/-",BRD-DWS
T003474,06/05/2019,F01956,input,FERTILIZER 50kg bag,161 kg,INR 60/-,"INR 9,613/-",BRD-DWS
T003475,06/16/2019,F01956,FERT_PURCHASE,FERTILIZER 50kg bag,235 kg,INR 33/-,"INR 7,692/-",BRD-DWS
T003476,10/06/2019,F01956,LOAN_REPAY,EMI,,,"INR 6,600/-",BRD-DWS
T003477,10/09/2019,F01957,DELIVERY,SOYABEAN,5.53 q,"INR 5,010/-","INR 27,705/-",BRD-DWS
T003478,30/10/2019,F01957,D,Soybean,1.11 quintals,"INR 5,010/-","INR 5,561/-",BRD-DWS
T003479,06/27/2019,F01957,FERT_PURCHASE,DAP,170 kgs,INR 38/-,"INR 6,508/-",BRD-DWS
T003480,11/16/2019,f01958,delivery,SOYABEAN,5.92 q,"INR 4,760/-","INR 28,179/-",BRD-DWS
T003481,11/24/2019,F01959,DELIVERY,Soybean,935.00 kgs,"INR 4,820/-","INR 45,067/-",BRD-DWS
T003482,08/06/2019,F01959,Input Purchase,SEEDS,68 kg,INR 116/-,"INR 7,904/-",BRD-DWS
T003483,03/07/2019,F01959,FERT_PURCHASE,FERTILIZER 50kg bag,58 kgs,INR 33/-,"INR 1,939/-",BRD-DWS
T003484,10/16/2019,F01960,D,Soybean (Yellow),414 kg,"INR 4,660/-","INR 19,292/-",BRD-DWS
T003485,06/02/2019,F01960,Input Purchase,Seeds,213 kgs,INR 62/-,"INR 13,202/-",BRD-DWS
T003486,06/29/2019,F01960,INPUT_PURCHASE,NPK 10:26:26,95 kgs,INR 36/-,"INR 3,410/-",BRD-DWS
T003487,06/29/2019,F01960,FERT_PURCHASE,DAP,37 kg,INR 36/-,"INR 1,329/-",BRD-DWS
T003488,16/06/2019,F01960,I,Urea,81 kgs,INR 33/-,"INR 2,657/-",BRD-DWS
T003489,10/19/2019,F01961,Delivery,SOYABEAN,133.00 kgs,"INR 4,525/-","INR 6,018/-",BRD-DWS
T003490,11/19/2019,f01961,FPO_DELIVERY,Soybean (Yellow),428.00 kgs,"INR 4,525/-","INR 19,367/-",BRD-DWS
T003491,11/04/2019,F01961,DELIVERY,SOYABEAN,6.90 q,"INR 4,525/-","INR 31,222/-",BRD-DWS
T003492,06/04/2019, F01961 ,input,FERTILIZER 50kg bag,259 kgs,INR 41/-,"INR 10,671/-",BRD-DWS
T003493,07/28/2019,F01961,loan,Loan Repayment,,,"INR 3,800/-",BRD-DWS
T003494,11/07/2019,F01961,LOAN_REPAY,EMI,,,"INR 7,200/-",BRD-DWS
T003495,09/17/2019,F01961,loan,Loan Repayment,,,"INR 1,000/-",BRD-DWS
T003496,10/15/2019,F01962,delivery,soya,900 kg,"INR 4,795/-","INR 43,155/-",BRD-DWS
T003497,10/16/2019,F01963,DELIVERY,soya,18.5 qtl,"INR 4,665/-","INR 86,349/-",BRD-DWS
T003498,06/01/2019,F01963,I,NPK 10:26:26,305 kg,INR 59/-,"INR 18,090/-",BRD-DWS
T003499,06/28/2019,F01963,FERT_PURCHASE,Seeds,249 kg,INR 70/-,"INR 17,318/-",BRD-DWS
T003500,10/28/2019,F01964,Delivery,soya,10.2 qtl,"INR 4,700/-","INR 47,940/-",BRD-DWS
T003501,08/24/2019,F01964,LOAN_REPAY,Loan Repayment,,,"INR 6,200/-",BRD-DWS
T003502,11/27/2019,F01965,D,Soybean,258.00 kgs,"INR 4,950/-","INR 12,771/-",BRD-DWS
T003503,08/30/2019,F01965,Loan Repayment,Loan Repayment,,,"INR 2,900/-",BRD-DWS
T003504,11/03/2019,F01965,Loan Repayment,EMI,,,"INR 4,300/-",BRD-DWS
T003505,11/06/2019,F01966,FPO_DELIVERY,Soybean (Yellow),28.3 qtl,"INR 5,170/-","INR 1,46,363/-",BRD-DWS
T003506,06/03/2019,F01966,I,SEEDS,262 kg,INR 107/-,"INR 27,961/-",BRD-DWS
T003507,08/28/2019,f01966,LOAN_REPAY,EMI,,,"INR 1,100/-",BRD-DWS
T003508,20/10/2019,F01966,loan,Loan Repayment,,,"INR 4,200/-",BRD-DWS
T003509,24/10/2019,F01967,FPO_DELIVERY,soya,5.64 q,"INR 4,880/-","INR 27,523/-",BRD-DWS
T003510,10/24/2019,F01967,FPO_DELIVERY,Soybean,45 kg,"INR 4,880/-","INR 2,196/-",BRD-DWS
T003511,10/31/2019,F01968,DELIVERY,soya,188.00 kgs,"INR 4,925/-","INR 9,259/-",BRD-DWS
T003512,19/10/2019,F01968,FPO_DELIVERY,Soybean (Yellow),6.01 q,"INR 4,925/-","INR 29,599/-",BRD-DWS
T003513,27/06/2019,F01968,Input Purchase,PP chemicals,75 kgs,INR 408/-,"INR 30,608/-",BRD-DWS
T003514,07/07/2019,F01968,INPUT_PURCHASE,Hybrid Seeds,101 kgs,INR 90/-,"INR 9,055/-",BRD-DWS
T003515,10/12/2019,F01969,delivery,Soybean,10.89 q,"INR 4,735/-","INR 51,564/-",BRD-DWS
T003516,06/23/2019,F01969,Input Purchase,SEEDS,149 kg,INR 82/-,"INR 12,148/-",BRD-DWS
T003517,06/16/2019,F01969,INPUT_PURCHASE,Hybrid Seeds,65 kg,INR 117/-,"INR 7,608/-",BRD-DWS
T003518,10/17/2019,F01970,Delivery,Soybean,789.00 kgs,"INR 4,635/-","INR 36,570/-",BRD-DWS
T003519,11/03/2019,F01971,FPO_DELIVERY,Soybean,12.6 qtl,"INR 5,280/-","INR 66,581/-",BRD-DWS
T003520,10/21/2019,f01971,delivery,Soybean,5.35 q,"INR 5,280/-","INR 28,248/-",BRD-DWS
T003521,06/27/2019,F01971,I,Fertilizer,43 kg,INR 52/-,"INR 2,242/-",BRD-DWS
T003522,07/12/2019,F01971,INPUT_PURCHASE,Hybrid Seeds,175 kg,INR 128/-,"INR 22,316/-",BRD-DWS
T003523,09/20/2019,F01971,Loan Repayment,EMI,,,"INR 7,400/-",BRD-DWS
T003524,10/07/2019,F01972,Delivery,SOYABEAN,4.8 qtl,"INR 4,590/-","INR 22,078/-",BRD-DWS
T003525,04/10/2019,F01972,delivery,SOYABEAN,82 kg,"INR 4,590/-","INR 3,764/-",BRD-DWS
T003526,07/01/2019,F01972,input,PPC,248 kg,INR 199/-,"INR 49,335/-",BRD-DWS
T003527,06/25/2019,F01972,INPUT_PURCHASE,NPK 10:26:26,288 kg,INR 42/-,"INR 12,188/-",BRD-DWS
T003528,11/09/2019,F01973,delivery,Soybean,1473 kg,"INR 4,690/-","INR 69,084/-",BRD-DWS
T003529,10/24/2019,F01973,delivery,Soybean,1.2 qtl,"INR 4,690/-","INR 5,816/-",BRD-DWS
T003530,06/07/2019, F01973 ,I,NPK 10:26:26,154 kgs,INR 35/-,"INR 5,465/-",BRD-DWS
T003531,06/16/2019,F01973,FERT_PURCHASE,NPK 10:26:26,244 kg,INR 59/-,"INR 14,467/-",BRD-DWS
T003532,11/30/2019,F01974,Delivery,Soybean (Yellow),0.86 MT,"INR 4,885/-","INR 41,962/-",BRD-DWS
T003533,07/10/2019,F01974,Input Purchase,Seeds,263 kg,INR 106/-,"INR 27,988/-",BRD-DWS
T003534,07/14/2019,F01974,Input Purchase,Hybrid Seeds,174 kg,INR 73/-,"INR 12,709/-",BRD-DWS
T003535,08/26/2019,F01974,Loan Repayment,Loan Repayment,,,"INR 2,000/-",BRD-DWS
T003536,10/09/2019, F01975 ,D,soya,522 kg,"INR 4,700/-","INR 24,534/-",BRD-DWS
T003537,11/16/2019,F01975,delivery,SOYABEAN,51.00 kgs,"INR 4,700/-","INR 2,397/-",BRD-DWS
T003538,14/06/2019,F01975,I,Seeds,246 kgs,INR 111/-,"INR 27,404/-",BRD-DWS
T003539,07/09/2019,F01975,input,DAP,180 kg,INR 33/-,"INR 6,014/-",BRD-DWS
T003540,06/29/2019,f01975,INPUT_PURCHASE,Urea,46 kgs,INR 49/-,"INR 2,259/-",BRD-DWS
T003541,11/27/2019,F01976,DELIVERY,Soybean (Yellow),0.91 MT,"INR 5,070/-","INR 45,884/-",BRD-DWS
T003542,11/06/2019,F01976,D,Soybean (Yellow),223.00 kgs,"INR 5,070/-","INR 11,306/-",BRD-DWS
T003543,06/19/2019,F01976,Input Purchase,FERTILIZER 50kg bag,32 kgs,INR 47/-,"INR 1,513/-",BRD-DWS
T003544,10/28/2019,f01977,DELIVERY,Soybean (Yellow),0.21 q,"INR 4,625/-",INR 971/-,BRD-DWS
T003545,06/10/2019, F01977 ,delivery,Soybean (Yellow),7.5 qtl,"INR 4,625/-","INR 34,595/-",BRD-DWS
T003546,07/04/2019,F01977,input,Urea,167 kgs,INR 36/-,"INR 6,032/-",BRD-DWS
T003547,11/23/2019,F01977,Loan Repayment,EMI,,,"INR 5,300/-",BRD-DWS
T003548,15/07/2019,F01977,LOAN_REPAY,Loan Repayment,,,"INR 6,700/-",BRD-DWS
T003549,08/09/2019,F01977,L,EMI,,,"INR 1,400/-",BRD-DWS
T003550,10/11/2019,F01978,FPO_DELIVERY,Soybean (Yellow),9.36 quintals,"INR 4,640/-","INR 43,430/-",BRD-DWS
T003551,10/22/2019,F01978,FPO_DELIVERY,Soybean,"1,981.00 kgs","INR 4,640/-","INR 91,918/-",BRD-DWS
T003552,32/01/2022,F01978,FERT_PURCHASE,DAP,276 kg,INR 37/-,"INR 10,154/-",BRD-DWS
T003553,06/04/2019,F01978,FERT_PURCHASE,FERTILIZER 50kg bag,258 kgs,INR 48/-,"INR 12,258/-",BRD-DWS
T003554,04/07/2019,F01978,Input Purchase,PP chemicals,30 kg,INR 138/-,"INR 4,146/-",BRD-DWS
T003555,06/12/2019,F01978,Input Purchase,Seeds,316 kgs,INR 60/-,"INR 19,023/-",BRD-DWS
T003556,06/19/2019,F01978,Input Purchase,Urea,42 kgs,INR 36/-,"INR 1,518/-",BRD-DWS
T003557,06/07/2019,F01978,I,NPK 10:26:26,190 kgs,INR 30/-,"INR 5,770/-",BRD-DWS
T003558,11/18/2019,f01979,D,Soybean,825.00 kgs,"INR 4,985/-","INR 41,126/-",BRD-DWS
T003559,11/06/2019,F01979,Delivery,soya,0.29 quintals,"INR 4,985/-","INR 1,446/-",BRD-DWS
T003560,06/08/2019,F01979,INPUT_PURCHASE,Bio-pesticide,144 kg,INR 516/-,"INR 74,321/-",BRD-DWS
T003561,10/10/2019,F01980,DELIVERY,Soybean,1.07 quintals,"INR 4,650/-","INR 4,976/-",BRD-DWS
T003562,10/01/2019,F01980,D,Soybean,3.0 qtl,"INR 4,650/-","INR 13,996/-",BRD-DWS
T003563,11/03/2019,f01980,D,Soybean (Yellow),2.62 q,"INR 4,650/-","INR 12,183/-",BRD-DWS
T003564,10/30/2019,F01981,delivery,SOYABEAN,0.56 quintals,"INR 4,685/-","INR 2,624/-",BRD-DWS
T003565,11/24/2019,F01981,Delivery,Soybean,361.00 kgs,"INR 4,685/-","INR 16,913/-",BRD-DWS
T003566,07/12/2019,F01981,INPUT_PURCHASE,Fertilizer,120 kg,INR 56/-,"INR 6,698/-",BRD-DWS
T003567,11/12/2019,F01982,DELIVERY,soya,13.62 quintals,"INR 4,920/-","INR 67,010/-",BRD-DWS
T003568,10/08/2019,F01983,DELIVERY,Soybean (Yellow),11.13 q,"INR 4,595/-","INR 51,142/-",BRD-DWS
T003569,11/22/2019, F01983 ,DELIVERY,Soybean,0.19 t,"INR 4,595/-","INR 8,730/-",BRD-DWS
T003570,15/10/2019,F01984,delivery,soya,595 kg,"INR 4,850/-","INR 28,858/-",BRD-DWS
T003571,11/02/2019,F01985,delivery,soya,8.1 qtl,"INR 5,085/-","INR 41,239/-",BRD-DWS
T003572,10/18/2019,F01985,Delivery,soya,4.7 qtl,"INR 5,085/-","INR 23,696/-",BRD-DWS
T003573,10/07/2019,F01985,FERT_PURCHASE,DAP,302 kg,INR 29/-,"INR 8,716/-",BRD-DWS
T003574,11/11/2019,f01986,D,Soybean (Yellow),1.86 MT,"INR 4,640/-","INR 86,258/-",BRD-DWS
T003575,06/15/2019,F01986,I,Urea,28 kgs,INR 51/-,"INR 1,440/-",BRD-DWS
T003576,06/29/2019,F01986,I,NPK 10:26:26,65 kg,INR 46/-,"INR 2,994/-",BRD-DWS
T003577,11/29/2019,F01987,DELIVERY,SOYABEAN,26.99 q,"INR 4,610/-","INR 1,24,424/-",BRD-DWS
T003578,10/17/2019,f01987,FPO_DELIVERY,Soybean (Yellow),26.97 q,"INR 4,610/-","INR 1,24,332/-",BRD-DWS
T003579,11/28/2019,F01988,Delivery,SOYABEAN,1589 kg,"INR 4,650/-","INR 73,888/-",BRD-DWS
T003580,11/26/2019,F01988,FPO_DELIVERY,Soybean,5.70 quintals,"INR 4,650/-","INR 26,505/-",BRD-DWS
T003581,07/15/2019,F01988,INPUT_PURCHASE,Hybrid Seeds,191 kgs,INR 96/-,"INR 18,305/-",BRD-DWS
T003582,10/08/2019,F01989,DELIVERY,soya,146.00 kgs,"INR 4,870/-","INR 7,110/-",BRD-DWS
T003583,10/02/2019,F01989,D,soya,1118 kg,"INR 4,870/-","INR 54,447/-",BRD-DWS
T003584,07/03/2019,f01989,input,Hybrid Seeds,41 kg,INR 85/-,"INR 3,473/-",BRD-DWS
T003585,06/11/2019,F01989,I,NPK 10:26:26,247 kgs,INR 29/-,"INR 7,099/-",BRD-DWS
T003586,07/04/2019,F01989,Input Purchase,DAP,58 kg,INR 48/-,"INR 2,811/-",BRD-DWS
T003587,06/21/2019,F01989,loan,EMI,,,"INR 1,700/-",BRD-DWS
T003588,23/11/2019,f01990,D,soya,19.7 qtl,"INR 4,555/-","INR 89,779/-",BRD-DWS
T003589,08/06/2019,F01990,LOAN_REPAY,EMI,,,"INR 5,600/-",BRD-DWS
T003590,10/29/2019,F01990,loan,Loan Repayment,,,"INR 2,600/-",BRD-DWS
T003591,08/02/2019,f01990,LOAN_REPAY,Loan Repayment,,,"INR 4,800/-",BRD-DWS
T003592,10/18/2019,F01991,FPO_DELIVERY,Soybean (Yellow),9.7 qtl,"INR 5,080/-","INR 49,428/-",BRD-DWS
T003593,07/03/2019,F01991,Input Purchase,Bio-pesticide,168 kg,INR 160/-,"INR 26,959/-",BRD-DWS
T003594,06/21/2019,F01991,input,Hybrid Seeds,128 kgs,INR 94/-,"INR 12,064/-",BRD-DWS
T003595,07/09/2019,F01991,INPUT_PURCHASE,DAP,263 kgs,INR 56/-,"INR 14,654/-",BRD-DWS
T003596,11/27/2019,F01992,D,Soybean,601 kg,"INR 4,710/-","INR 28,307/-",BRD-DWS
T003597,06/05/2019,F01992,Input Purchase,NPK 10:26:26,172 kgs,INR 41/-,"INR 7,064/-",BRD-DWS
T003598,08/30/2019,F01992,LOAN_REPAY,Loan Repayment,,,"INR 6,300/-",BRD-DWS
T003599,09/08/2019,F01992,L,EMI,,,"INR 5,600/-",BRD-DWS
T003600,07/20/2019,F01992,LOAN_REPAY,EMI,,,"INR 1,200/-",BRD-DWS
T003601,11/08/2019,F01993,delivery,SOYABEAN,471.00 kgs,"INR 5,125/-","INR 24,139/-",BRD-DWS
T003602,10/18/2019,F01993,FPO_DELIVERY,Soybean,511.00 kgs,"INR 5,125/-","INR 26,189/-",BRD-DWS
T003603,06/11/2019,F01993,I,Fertilizer,98 kg,INR 44/-,"INR 4,341/-",BRD-DWS
T003604,11/28/2019,F01994,FPO_DELIVERY,SOYABEAN,9.34 q,"INR 4,865/-","INR 45,439/-",BRD-DWS
T003605,10/27/2019,F01994,Delivery,Soybean,817.00 kgs,"INR 4,865/-","INR 39,747/-",BRD-DWS
T003606,06/28/2019,F01994,input,DAP,284 kgs,INR 56/-,"INR 15,842/-",BRD-DWS
T003607,06/13/2019,F01994,I,NPK 10:26:26,117 kgs,INR 42/-,"INR 4,887/-",BRD-DWS
T003608,07/02/2019,F01994,FERT_PURCHASE,SEEDS,97 kg,INR 56/-,"INR 5,445/-",BRD-DWS
T003609,03/11/2019,F01995,DELIVERY,Soybean,"1,561.00 kgs","INR 4,965/-","INR 77,504/-",BRD-DWS
T003610,06/19/2019,F01995,input,SEEDS,190 kg,INR 102/-,"INR 19,298/-",BRD-DWS
T003611,10/07/2019,f01996,Delivery,Soybean (Yellow),4.60 quintals,"INR 4,830/-","INR 22,218/-",BRD-DWS
T003612,06/11/2019,f01996,delivery,soya,224 kg,"INR 4,830/-","INR 10,819/-",BRD-DWS
T003613,10/16/2019,F01997,Delivery,Soybean (Yellow),476.00 kgs,"INR 4,800/-","INR 22,848/-",BRD-DWS
T003614,07/02/2019,F01997,INPUT_PURCHASE,DAP,255 kg,INR 55/-,"INR 13,915/-",BRD-DWS
T003615,09/11/2019,F01997,L,Loan Repayment,,,"INR 2,900/-",BRD-DWS
T003616,10/01/2019,F01997,LOAN_REPAY,Loan Repayment,,,"INR 6,700/-",BRD-DWS
T003617,09/18/2019,F01997,Loan Repayment,Loan Repayment,,,"INR 5,500/-",BRD-DWS
T003618,15/10/2019, F01998 ,DELIVERY,soya,26.16 q,"INR 4,880/-","INR 1,27,661/-",BRD-DWS
T003619,06/30/2019,F01998,Input Purchase,FERTILIZER 50kg bag,126 kgs,INR 38/-,"INR 4,748/-",BRD-DWS
T003620,10/23/2019,F01999,Delivery,Soybean (Yellow),5.28 quintals,"INR 4,795/-","INR 25,318/-",BRD-DWS
T003621,10/19/2019, F01999 ,DELIVERY,Soybean (Yellow),136.00 kgs,"INR 4,795/-","INR 6,521/-",BRD-DWS
T003622,06/01/2019, F01999 ,INPUT_PURCHASE,FERTILIZER 50kg bag,64 kgs,INR 58/-,"INR 3,684/-",BRD-DWS
T003623,29/10/2019,F01999,L,Loan Repayment,,,"INR 7,400/-",BRD-DWS
T003624,31/08/2019,F01999,loan,Loan Repayment,,,"INR 3,800/-",BRD-DWS
T003625,11/26/2019,f02000,Delivery,Soybean,3.83 quintals,"INR 4,960/-","INR 18,997/-",BRD-DWS
T003626,11/21/2019, F02000 ,FPO_DELIVERY,Soybean,65 kg,"INR 4,960/-","INR 3,224/-",BRD-DWS
T003627,06/10/2019,F02000,input,SEEDS,273 kg,INR 93/-,"INR 25,318/-",BRD-DWS
T003628,06/19/2019,f02000,Input Purchase,DAP,184 kgs,INR 45/-,"INR 8,269/-",BRD-DWS
T003629,10/19/2019,F02001,Delivery,Soybean,0.89 q,"INR 4,705/-","INR 4,187/-",BRD-DWS
T003630,10/31/2019,F02001,Delivery,SOYABEAN,3.45 quintals,"INR 4,705/-","INR 16,232/-",BRD-DWS
T003631,10/21/2019,F02002,FPO_DELIVERY,SOYABEAN,0.79 MT,"INR 4,930/-","INR 38,799/-",BRD-DWS
T003632,08/02/2019,f02002,loan,EMI,,,"INR 1,100/-",BRD-DWS
T003633,11/22/2019,F02003,Delivery,SOYABEAN,159.00 kgs,"INR 4,720/-","INR 7,505/-",BRD-DWS
T003634,11/23/2019,F02003,Delivery,SOYABEAN,3.90 quintals,"INR 4,720/-","INR 18,408/-",BRD-DWS
T003635,15/06/2019,F02003,FERT_PURCHASE,Urea,189 kgs,INR 41/-,"INR 7,723/-",BRD-DWS
T003636,07/13/2019,F02003,I,PPC,179 kgs,INR 162/-,"INR 28,926/-",BRD-DWS
T003637,07/02/2019,f02003,FERT_PURCHASE,PPC,156 kg,INR 329/-,"INR 51,372/-",BRD-DWS
T003638,10/07/2019,F02003,I,Hybrid Seeds,269 kgs,INR 91/-,"INR 24,371/-",BRD-DWS
T003639,11/02/2019,F02004,Delivery,SOYABEAN,4.17 q,"INR 4,700/-","INR 19,599/-",BRD-DWS
T003640,07/14/2019, F02004 ,I,DAP,291 kgs,INR 42/-,"INR 12,254/-",BRD-DWS
T003641,20/10/2019,F02005,DELIVERY,Soybean (Yellow),0.51 t,"INR 4,805/-","INR 24,650/-",BRD-DWS
T003642,10/29/2019,F02006,D,SOYABEAN,902.00 kgs,"INR 4,725/-","INR 42,620/-",BRD-DWS
T003643,10/30/2019,F02006,DELIVERY,SOYABEAN,7.60 quintals,"INR 4,725/-","INR 35,910/-",BRD-DWS
T003644,06/20/2019,F02006,FERT_PURCHASE,NPK 10:26:26,251 kg,INR 41/-,"INR 10,261/-",BRD-DWS
T003645,10/06/2019,F02006,input,Hybrid Seeds,44 kg,INR 113/-,"INR 4,979/-",BRD-DWS
T003646,11/29/2019,F02007,delivery,Soybean (Yellow),0.53 MT,"INR 5,460/-","INR 28,720/-",BRD-DWS
T003647,10/23/2019,F02007,delivery,Soybean (Yellow),0.57 t,"INR 5,460/-","INR 31,013/-",BRD-DWS
T003648,11/24/2019,F02007,LOAN_REPAY,Loan Repayment,,,"INR 2,900/-",BRD-DWS
T003649,11/27/2019,F02008,D,Soybean (Yellow),6.2 qtl,"INR 4,750/-","INR 29,545/-",BRD-DWS
T003650,06/18/2019,F02008,INPUT_PURCHASE,FERTILIZER 50kg bag,290 kgs,INR 29/-,"INR 8,410/-",BRD-DWS
T003651,06/17/2019,F02008,input,Urea,307 kg,INR 39/-,"INR 12,087/-",BRD-DWS
T003652,11/29/2019, F02009 ,D,SOYABEAN,0.05 MT,"INR 4,770/-","INR 2,337/-",BRD-DWS
T003653,11/21/2019,F02009,Delivery,Soybean,8.19 quintals,"INR 4,770/-","INR 39,066/-",BRD-DWS
T003654,06/18/2019,F02009,INPUT_PURCHASE,Seeds,32 kg,INR 68/-,"INR 2,183/-",BRD-DWS
T003655,06/16/2019,F02009,I,PP chemicals,238 kgs,INR 583/-,"INR 1,38,856/-",BRD-DWS
T003656,10/11/2019,F02010,Delivery,Soybean (Yellow),354 kg,"INR 4,520/-","INR 16,001/-",BRD-DWS
T003657,11/20/2019,F02010,DELIVERY,SOYABEAN,25.00 kgs,"INR 4,520/-","INR 1,130/-",BRD-DWS
T003658,06/12/2019,F02010,FERT_PURCHASE,SEEDS,270 kgs,INR 92/-,"INR 24,837/-",BRD-DWS
T003659,06/30/2019,F02010,FERT_PURCHASE,Hybrid Seeds,212 kg,INR 118/-,"INR 25,065/-",BRD-DWS
T003660,06/13/2019,F02010,INPUT_PURCHASE,Hybrid Seeds,114 kg,INR 118/-,"INR 13,466/-",BRD-DWS
T003661,11/17/2019,F02011,delivery,SOYABEAN,1.07 quintals,"INR 4,820/-","INR 5,157/-",BRD-DWS
T003662,32/01/2022,F02011,D,Soybean (Yellow),52 kg,"INR 4,820/-","INR 2,506/-",BRD-DWS
T003663,06/29/2019,f02011,INPUT_PURCHASE,SEEDS,236 kg,INR 92/-,"INR 21,705/-",BRD-DWS
T003664,11/14/2019,F02012,delivery,Soybean,"1,087.00 kgs","INR 4,875/-","INR 52,991/-",BRD-DWS
T003665,11/24/2019,F02013,D,SOYABEAN,"1,067.00 kgs","INR 4,835/-","INR 51,589/-",BRD-DWS
T003666,06/01/2019,F02013,Input Purchase,PP chemicals,305 kgs,INR 458/-,"INR 1,39,830/-",BRD-DWS
T003667,07/13/2019,F02013,Input Purchase,Urea,49 kgs,INR 49/-,"INR 2,392/-",BRD-DWS
T003668,11/21/2019,F02014,delivery,SOYABEAN,0.10 q,"INR 4,985/-",INR 498/-,BRD-DWS
T003669,11/06/2019,F02014,DELIVERY,Soybean,370 kg,"INR 4,985/-","INR 18,444/-",BRD-DWS
T003670,10/01/2019,F02014,FPO_DELIVERY,Soybean,1.09 q,"INR 4,985/-","INR 5,434/-",BRD-DWS
T003671,28/10/2019,F02015,Delivery,SOYABEAN,3.55 quintals,"INR 5,015/-","INR 17,803/-",BRD-DWS
T003672,11/06/2019,F02015,delivery,soya,535.00 kgs,"INR 5,015/-","INR 26,830/-",BRD-DWS
T003673,07/10/2019,F02015,Input Purchase,Fertilizer,260 kg,INR 32/-,"INR 8,315/-",BRD-DWS
T003674,10/06/2019,F02016,D,Soybean,1.63 t,"INR 5,150/-","INR 83,894/-",BRD-DWS
T003675,07/07/2019,F02016,FERT_PURCHASE,FERTILIZER 50kg bag,261 kg,INR 30/-,"INR 7,838/-",BRD-DWS
T003676,07/06/2019,F02016,FERT_PURCHASE,Seeds,180 kgs,INR 112/-,"INR 20,241/-",BRD-DWS
T003677,20/06/2019,F02016,INPUT_PURCHASE,FERTILIZER 50kg bag,95 kg,INR 34/-,"INR 3,246/-",BRD-DWS
T003678,06/29/2019,F02016,I,FERTILIZER 50kg bag,186 kgs,INR 28/-,"INR 5,230/-",BRD-DWS
T003679,11/07/2019,F02017,delivery,Soybean,"1,408.00 kgs","INR 4,790/-","INR 67,443/-",BRD-DWS
T003680,11/18/2019,F02018,D,Soybean (Yellow),0.43 t,"INR 5,035/-","INR 21,499/-",BRD-DWS
T003681,07/10/2019,F02018,delivery,Soybean (Yellow),1.68 quintals,"INR 5,035/-","INR 8,459/-",BRD-DWS
T003682,10/21/2019,F02018,D,soya,6.40 q,"INR 5,035/-","INR 32,224/-",BRD-DWS
T003683,06/14/2019,F02018,Input Purchase,DAP,275 kg,INR 40/-,"INR 11,091/-",BRD-DWS
T003684,06/04/2019,f02018,FERT_PURCHASE,NPK 10:26:26,177 kgs,INR 51/-,"INR 9,029/-",BRD-DWS
T003685,11/27/2019,f02018,LOAN_REPAY,Loan Repayment,,,"INR 3,000/-",BRD-DWS
T003686,03/10/2019,F02019,FPO_DELIVERY,Soybean,23.1 qtl,"INR 4,870/-","INR 1,12,643/-",BRD-DWS
T003687,11/07/2019,F02019,FPO_DELIVERY,soya,0.11 quintals,"INR 4,870/-",INR 536/-,BRD-DWS
T003688,06/06/2019,F02019,INPUT_PURCHASE,NPK 10:26:26,243 kgs,INR 48/-,"INR 11,708/-",BRD-DWS
T003689,06/02/2019,F02019,Input Purchase,FERTILIZER 50kg bag,193 kg,INR 46/-,"INR 8,903/-",BRD-DWS
T003690,11/18/2019,F02020,Delivery,Soybean (Yellow),583 kg,"INR 4,790/-","INR 27,926/-",BRD-DWS
T003691,10/22/2019,F02020,FPO_DELIVERY,soya,2.65 t,"INR 4,790/-","INR 1,26,887/-",BRD-DWS
T003692,25/07/2019,F02020,LOAN_REPAY,Loan Repayment,,,"INR 6,800/-",BRD-DWS
T003693,11/26/2019,F02020,Loan Repayment,Loan Repayment,,,"INR 5,500/-",BRD-DWS
T003694,06/01/2019,F02020,loan,Loan Repayment,,,"INR 5,600/-",BRD-DWS
T003695,11/24/2019,F02021,FPO_DELIVERY,SOYABEAN,2218 kg,"INR 4,835/-","INR 1,07,240/-",BRD-DWS
T003696,06/15/2019, F02021 ,Input Purchase,Urea,285 kg,INR 39/-,"INR 11,183/-",BRD-DWS
T003697,11/13/2019,F02022,DELIVERY,soya,810 kg,"INR 4,790/-","INR 38,799/-",BRD-DWS
T003698,10/08/2019, F02022 ,D,SOYABEAN,"1,886.00 kgs","INR 4,790/-","INR 90,339/-",BRD-DWS
T003699,07/15/2019,F02022,input,Bio-pesticide,313 kgs,INR 601/-,"INR 1,88,066/-",BRD-DWS
T003700,11/26/2019,F02023,FPO_DELIVERY,Soybean,8.00 kgs,"INR 5,255/-",INR 420/-,BRD-DWS
T003701,11/14/2019,F02023,Delivery,Soybean (Yellow),0.96 q,"INR 5,255/-","INR 5,045/-",BRD-DWS
T003702,07/07/2019,F02023,I,FERTILIZER 50kg bag,297 kg,INR 56/-,"INR 16,599/-",BRD-DWS
T003703,10/20/2019,F02024,D,soya,1619 kg,"INR 5,045/-","INR 81,679/-",BRD-DWS
T003704,02/07/2019,F02024,I,DAP,255 kg,INR 34/-,"INR 8,683/-",BRD-DWS
T003705,06/17/2019,F02024,FERT_PURCHASE,Fertilizer,220 kgs,INR 37/-,"INR 8,158/-",BRD-DWS
T003706,10/16/2019,F02025,DELIVERY,Soybean (Yellow),0.83 t,"INR 4,825/-","INR 39,951/-",BRD-DWS
T003707,07/05/2019,F02025,INPUT_PURCHASE,PPC,25 kg,INR 355/-,"INR 8,871/-",BRD-DWS
T003708,11/11/2019,F02026,DELIVERY,soya,"1,288.00 kgs","INR 4,970/-","INR 64,014/-",BRD-DWS
T003709,06/16/2019, F02026 ,INPUT_PURCHASE,Hybrid Seeds,154 kgs,INR 76/-,"INR 11,706/-",BRD-DWS
T003710,07/12/2019,F02026,input,Urea,69 kg,INR 55/-,"INR 3,763/-",BRD-DWS
T003711,07/11/2019,F02026,input,DAP,98 kgs,INR 42/-,"INR 4,137/-",BRD-DWS
T003712,11/13/2019,F02027,Delivery,Soybean (Yellow),0.49 t,"INR 4,750/-","INR 23,322/-",BRD-DWS
T003713,06/21/2019,f02027,FERT_PURCHASE,Urea,60 kg,INR 42/-,"INR 2,538/-",BRD-DWS
T003714,07/19/2019,F02027,Loan Repayment,Loan Repayment,,,"INR 1,100/-",BRD-DWS
T003715,11/10/2019,F02028,DELIVERY,soya,13.22 q,"INR 5,050/-","INR 66,761/-",BRD-DWS
T003716,10/28/2019,f02028,Delivery,soya,1155 kg,"INR 5,050/-","INR 58,328/-",BRD-DWS
T003717,06/19/2019, F02028 ,input,Fertilizer,260 kgs,INR 44/-,"INR 11,391/-",BRD-DWS
T003718,10/30/2019,F02029,Delivery,Soybean (Yellow),8.2 qtl,"INR 5,055/-","INR 41,704/-",BRD-DWS
T003719,07/09/2019,F02029,FERT_PURCHASE,FERTILIZER 50kg bag,197 kgs,INR 48/-,"INR 9,507/-",BRD-DWS
T003720,07/09/2019,F02029,Input Purchase,DAP,52 kgs,INR 54/-,"INR 2,808/-",BRD-DWS
T003721,10/19/2019,f02030,D,soya,627 kg,"INR 4,805/-","INR 30,127/-",BRD-DWS
T003722,10/30/2019,F02030,delivery,SOYABEAN,7.7 qtl,"INR 4,805/-","INR 37,095/-",BRD-DWS
T003723,21/06/2019,F02030,input,NPK 10:26:26,103 kg,INR 60/-,"INR 6,173/-",BRD-DWS
T003724,07/11/2019,F02030,INPUT_PURCHASE,Hybrid Seeds,65 kgs,INR 89/-,"INR 5,785/-",BRD-DWS
T003725,07/07/2019,F02030,FERT_PURCHASE,DAP,266 kgs,INR 35/-,"INR 9,244/-",BRD-DWS
T003726,06/11/2019,F02030,I,Hybrid Seeds,84 kg,INR 68/-,"INR 5,676/-",BRD-DWS
T003727,06/11/2019,F02030,INPUT_PURCHASE,SEEDS,116 kgs,INR 49/-,"INR 5,681/-",BRD-DWS
T003728,11/12/2019,F02031,D,SOYABEAN,13.8 qtl,"INR 5,055/-","INR 69,759/-",BRD-DWS
T003729,10/21/2019,F02031,delivery,soya,1.66 quintals,"INR 5,055/-","INR 8,391/-",BRD-DWS
T003730,07/03/2019,F02031,INPUT_PURCHASE,Seeds,36 kgs,INR 102/-,"INR 3,669/-",BRD-DWS
T003731,06/25/2019,F02031,FERT_PURCHASE,PPC,199 kg,INR 208/-,"INR 41,458/-",BRD-DWS
T003732,11/15/2019,F02032,DELIVERY,Soybean (Yellow),5.4 qtl,"INR 4,945/-","INR 26,555/-",BRD-DWS
T003733,10/07/2019,f02032,DELIVERY,SOYABEAN,0.17 quintals,"INR 4,945/-",INR 841/-,BRD-DWS
T003734,06/03/2019,f02032,INPUT_PURCHASE,DAP,51 kg,INR 56/-,"INR 2,862/-",BRD-DWS
T003735,06/27/2019,F02032,INPUT_PURCHASE,Urea,162 kgs,INR 50/-,"INR 8,029/-",BRD-DWS
T003736,06/01/2019,F02032,Input Purchase,SEEDS,171 kgs,INR 89/-,"INR 15,284/-",BRD-DWS
T003737,10/19/2019,f02033,FPO_DELIVERY,Soybean,1.17 t,"INR 4,565/-","INR 53,274/-",BRD-DWS
T003738,07/01/2019,f02033,I,Bio-pesticide,95 kgs,INR 640/-,"INR 60,753/-",BRD-DWS
T003739,07/05/2019,F02033,input,NPK 10:26:26,30 kgs,INR 54/-,"INR 1,608/-",BRD-DWS
T003740,11/17/2019,F02034,delivery,Soybean (Yellow),3.81 q,"INR 4,815/-","INR 18,345/-",BRD-DWS
T003741,11/21/2019,F02034,D,soya,5.23 quintals,"INR 4,815/-","INR 25,182/-",BRD-DWS
T003742,10/17/2019,F02035,DELIVERY,soya,2511 kg,"INR 5,110/-","INR 1,28,312/-",BRD-DWS
T003743,06/14/2019,F02035,input,PP chemicals,317 kg,INR 334/-,"INR 1,06,027/-",BRD-DWS
T003744,04/07/2019,F02035,Input Purchase,NPK 10:26:26,223 kgs,INR 37/-,"INR 8,289/-",BRD-DWS
T003745,27/11/2019,F02036,DELIVERY,SOYABEAN,344.00 kgs,"INR 4,675/-","INR 16,082/-",BRD-DWS
T003746,10/04/2019,F02036,D,Soybean,14.31 q,"INR 4,675/-","INR 66,899/-",BRD-DWS
T003747,06/17/2019,F02036,I,NPK 10:26:26,158 kg,INR 40/-,"INR 6,290/-",BRD-DWS
T003748,06/12/2019,F02036,input,NPK 10:26:26,223 kg,INR 46/-,"INR 10,218/-",BRD-DWS
T003749,07/04/2019,F02036,I,Fertilizer,242 kgs,INR 58/-,"INR 14,101/-",BRD-DWS
T003750,10/22/2019,f02037,FPO_DELIVERY,Soybean,422 kg,"INR 4,915/-","INR 20,741/-",BRD-DWS
T003751,10/21/2019,F02037,Delivery,Soybean (Yellow),13.00 kgs,"INR 4,915/-",INR 639/-,BRD-DWS
T003752,06/16/2019,f02037,I,Seeds,245 kg,INR 64/-,"INR 15,704/-",BRD-DWS
T003753,10/18/2019,F02038,D,Soybean,314 kg,"INR 4,785/-","INR 15,025/-",BRD-DWS
T003754,10/17/2019,F02038,delivery,SOYABEAN,"2,538.00 kgs","INR 4,785/-","INR 1,21,443/-",BRD-DWS
T003755,06/26/2019,F02038,FERT_PURCHASE,PPC,261 kgs,INR 388/-,"INR 1,01,323/-",BRD-DWS
T003756,06/18/2019,F02038,FERT_PURCHASE,SEEDS,42 kg,INR 111/-,"INR 4,659/-",BRD-DWS
T003757,10/20/2019,F02039,delivery,Soybean,0.14 q,"INR 4,840/-",INR 678/-,BRD-DWS
T003758,10/15/2019,F02039,D,Soybean,0.69 t,"INR 4,840/-","INR 33,493/-",BRD-DWS
T003759,10/20/2019,F02040,DELIVERY,soya,596 kg,"INR 5,085/-","INR 30,307/-",BRD-DWS
T003760,11/10/2019,F02041,D,SOYABEAN,1.2 qtl,"INR 4,825/-","INR 5,694/-",BRD-DWS
T003761,11/24/2019,F02041,delivery,Soybean (Yellow),5.96 q,"INR 4,825/-","INR 28,757/-",BRD-DWS
T003762,06/12/2019,F02041,input,PPC,243 kg,INR 231/-,"INR 56,087/-",BRD-DWS
T003763,10/27/2019,F02042,D,Soybean,878.00 kgs,"INR 4,705/-","INR 41,310/-",BRD-DWS
T003764,11/22/2019,F02043,FPO_DELIVERY,soya,11.87 q,"INR 4,705/-","INR 55,848/-",BRD-DWS
T003765,09/13/2019, F02043 ,LOAN_REPAY,Loan Repayment,,,"INR 2,600/-",BRD-DWS
T003766,19/07/2019,F02043,Loan Repayment,EMI,,,"INR 6,100/-",BRD-DWS
T003767,10/27/2019,F02043,LOAN_REPAY,EMI,,,"INR 2,100/-",BRD-DWS
T003768,11/29/2019,F02044,DELIVERY,Soybean,3.45 MT,"INR 4,590/-","INR 1,58,263/-",BRD-DWS
T003769,06/11/2019,F02044,INPUT_PURCHASE,Hybrid Seeds,284 kg,INR 79/-,"INR 22,507/-",BRD-DWS
T003770,10/16/2019,F02045,DELIVERY,soya,437.00 kgs,"INR 4,925/-","INR 21,522/-",BRD-DWS
T003771,10/24/2019,F02046,D,Soybean,0.52 t,"INR 5,005/-","INR 26,026/-",BRD-DWS
T003772,11/02/2019,F02046,DELIVERY,soya,2.66 quintals,"INR 5,005/-","INR 13,313/-",BRD-DWS
T003773,11/06/2019,F02046,FPO_DELIVERY,soya,10.39 q,"INR 5,005/-","INR 52,002/-",BRD-DWS
T003774,06/14/2019,F02046,Input Purchase,NPK 10:26:26,80 kgs,INR 45/-,"INR 3,615/-",BRD-DWS
T003775,11/10/2019,F02047,Delivery,soya,135 kg,"INR 4,805/-","INR 6,487/-",BRD-DWS
T003776,31/10/2019,F02047,DELIVERY,soya,3.87 q,"INR 4,805/-","INR 18,595/-",BRD-DWS
T003777,25/11/2019,F02047,delivery,Soybean,0.81 q,"INR 4,805/-","INR 3,892/-",BRD-DWS
T003778,10/20/2019,F02048,Delivery,soya,"1,443.00 kgs","INR 4,815/-","INR 69,480/-",BRD-DWS
T003779,11/14/2019,F02048,DELIVERY,soya,416.00 kgs,"INR 4,815/-","INR 20,030/-",BRD-DWS
T003780,11/25/2019,F02048,L,Loan Repayment,,,"INR 7,400/-",BRD-DWS
T003781,11/05/2019,F02049,FPO_DELIVERY,SOYABEAN,14.6 qtl,"INR 5,010/-","INR 72,996/-",BRD-DWS
T003782,11/23/2019,F02049,LOAN_REPAY,EMI,,,"INR 3,100/-",BRD-DWS
T003783,07/25/2019,F02049,LOAN_REPAY,EMI,,,"INR 1,700/-",BRD-DWS
T003784,06/02/2019,F02049,Loan Repayment,Loan Repayment,,,"INR 3,300/-",BRD-DWS
T003785,07/16/2019,F02049,LOAN_REPAY,EMI,,,"INR 7,200/-",BRD-DWS
T003786,11/10/2019,F02050,FPO_DELIVERY,Soybean (Yellow),803.00 kgs,"INR 4,975/-","INR 39,949/-",BRD-DWS
T003787,06/15/2019,F02050,Input Purchase,Fertilizer,85 kg,INR 37/-,"INR 3,130/-",BRD-DWS
T003788,11/20/2019,F02051,Delivery,soya,267.00 kgs,"INR 4,365/-","INR 11,655/-",BRD-DWS
T003789,11/06/2019,F02051,FPO_DELIVERY,SOYABEAN,2.79 q,"INR 4,365/-","INR 12,178/-",BRD-DWS
T003790,11/18/2019,F02052,FPO_DELIVERY,Soybean (Yellow),195 kg,"INR 5,215/-","INR 10,169/-",BRD-DWS
T003791,11/15/2019,F02052,delivery,SOYABEAN,1343 kg,"INR 5,215/-","INR 70,037/-",BRD-DWS
T003792,11/07/2019,F02052,FERT_PURCHASE,Hybrid Seeds,43 kgs,INR 82/-,"INR 3,505/-",BRD-DWS
T003793,11/09/2019,F02053,FPO_DELIVERY,SOYABEAN,400.00 kgs,"INR 4,695/-","INR 18,780/-",BRD-DWS
T003794,11/05/2019,F02053,delivery,Soybean,1.28 quintals,"INR 4,695/-","INR 6,010/-",BRD-DWS
T003795,10/17/2019,F02053,delivery,SOYABEAN,214 kg,"INR 4,695/-","INR 10,047/-",BRD-DWS
T003796,07/07/2019,f02053,I,FERTILIZER 50kg bag,276 kgs,INR 49/-,"INR 13,477/-",BRD-DWS
T003797,13/06/2019,f02053,FERT_PURCHASE,NPK 10:26:26,265 kg,INR 55/-,"INR 14,681/-",BRD-DWS
T003798,06/14/2019,F02053,FERT_PURCHASE,SEEDS,282 kgs,INR 95/-,"INR 26,835/-",BRD-DWS
T003799,13/06/2019,,I,PP chemicals,229 kgs,INR 616/-,"INR 1,41,094/-",BRD-DWS
T003800,06/02/2019,F02053,input,Hybrid Seeds,290 kg,INR 54/-,"INR 15,657/-",BRD-DWS
T003801,10/17/2019,F02054,DELIVERY,Soybean,3874 kg,"INR 4,810/-","INR 1,86,339/-",BRD-DWS
T003802,11/25/2019,F02055,FPO_DELIVERY,Soybean,11.1 qtl,"INR 5,025/-","INR 55,778/-",BRD-DWS
T003803,07/06/2019,F02055,Loan Repayment,Loan Repayment,,,"INR 2,500/-",BRD-DWS
T003804,10/27/2019,F02056,DELIVERY,Soybean (Yellow),4.05 q,"INR 5,070/-","INR 20,534/-",BRD-DWS
T003805,20/10/2019,F02056,delivery,Soybean (Yellow),"1,011.00 kgs","INR 5,070/-","INR 51,258/-",BRD-DWS
T003806,06/02/2019,F02056,I,FERTILIZER 50kg bag,162 kgs,INR 50/-,"INR 8,098/-",BRD-DWS
T003807,07/10/2019,F02056,FERT_PURCHASE,Seeds,53 kgs,INR 102/-,"INR 5,397/-",BRD-DWS
T003808,10/24/2019,f02057,D,Soybean (Yellow),2.3 qtl,"INR 5,100/-","INR 11,526/-",BRD-DWS
T003809,10/13/2019,F02057,Delivery,Soybean,8.87 quintals,"INR 5,100/-","INR 45,237/-",BRD-DWS
T003810,11/06/2019,F02057,FERT_PURCHASE,Fertilizer,38 kgs,INR 42/-,"INR 1,601/-",BRD-DWS
T003811,07/08/2019,F02057,I,Urea,205 kgs,INR 34/-,"INR 6,904/-",BRD-DWS
T003812,06/15/2019,F02057,input,Urea,186 kgs,INR 54/-,"INR 10,003/-",BRD-DWS
T003813,06/17/2019,F02057,I,Seeds,307 kg,INR 88/-,"INR 26,872/-",BRD-DWS
T003814,06/03/2019,F02057,INPUT_PURCHASE,Bio-pesticide,213 kgs,INR 326/-,"INR 69,357/-",BRD-DWS
T003815,06/05/2019,F02057,Loan Repayment,Loan Repayment,,,"INR 2,000/-",BRD-DWS
T003816,09/08/2019,F02057,LOAN_REPAY,Loan Repayment,,,"INR 5,200/-",BRD-DWS
T003817,06/22/2019,F02057,L,EMI,,,"INR 4,300/-",BRD-DWS
T003818,10/08/2019,F02058,D,Soybean,2.6 qtl,"INR 4,940/-","INR 12,893/-",BRD-DWS
T003819,11/20/2019,F02058,D,Soybean,2.5 qtl,"INR 4,940/-","INR 12,449/-",BRD-DWS
T003820,06/13/2019,F02058,I,Hybrid Seeds,103 kgs,INR 117/-,"INR 12,031/-",BRD-DWS
T003821,11/04/2019,F02059,FPO_DELIVERY,Soybean,139 kg,"INR 5,390/-","INR 7,492/-",BRD-DWS
T003822,19/11/2019,F02059,Delivery,SOYABEAN,322.00 kgs,"INR 5,390/-","INR 17,356/-",BRD-DWS
T003823,07/08/2019,F02059,INPUT_PURCHASE,Fertilizer,41 kgs,INR 48/-,"INR 1,963/-",BRD-DWS
T003824,06/05/2019,f02059,input,PPC,205 kg,INR 608/-,"INR 1,24,634/-",BRD-DWS
T003825,11/12/2019,F02060,delivery,SOYABEAN,50.1 qtl,"INR 5,195/-","INR 2,60,477/-",BRD-DWS
T003826,06/02/2019,F02060,FERT_PURCHASE,DAP,181 kgs,INR 52/-,"INR 9,466/-",BRD-DWS
T003827,06/13/2019,F02060,input,Fertilizer,248 kg,INR 52/-,"INR 12,814/-",BRD-DWS
T003828,06/04/2019,f02060,input,NPK 10:26:26,253 kgs,INR 44/-,"INR 11,185/-",BRD-DWS
T003829,02/06/2019,F02060,FERT_PURCHASE,Hybrid Seeds,137 kg,INR 115/-,"INR 15,740/-",BRD-DWS
T003830,10/29/2019,F02061,DELIVERY,SOYABEAN,0.10 t,"INR 4,660/-","INR 4,707/-",BRD-DWS
T003831,10/08/2019,F02061,Delivery,SOYABEAN,569.00 kgs,"INR 4,660/-","INR 26,515/-",BRD-DWS
T003832,10/02/2019,F02061,Delivery,soya,15.2 qtl,"INR 4,660/-","INR 71,065/-",BRD-DWS
T003833,07/05/2019,F02061,I,Fertilizer,246 kgs,INR 31/-,"INR 7,515/-",BRD-DWS
T003834,06/18/2019,F02061,Input Purchase,Hybrid Seeds,163 kg,INR 113/-,"INR 18,342/-",BRD-DWS
T003835,07/14/2019,F02061,FERT_PURCHASE,Seeds,272 kgs,INR 52/-,"INR 14,130/-",BRD-DWS
T003836,11/30/2019,F02062,FPO_DELIVERY,Soybean,0.96 MT,"INR 4,925/-","INR 47,428/-",BRD-DWS
T003837,11/25/2019,f02062,Delivery,Soybean,57.00 kgs,"INR 4,925/-","INR 2,807/-",BRD-DWS
T003838,07/14/2019,F02062,INPUT_PURCHASE,NPK 10:26:26,207 kg,INR 47/-,"INR 9,818/-",BRD-DWS
T004497,10/06/2019,F02227,DELIVERY,soya,923 kg,"INR 5,045/-","INR 46,565/-",BRD-DWS
T004498,07/09/2019,F02227,I,PPC,310 kgs,INR 280/-,"INR 86,741/-",BRD-DWS
T004499,07/13/2019,f02227,I,PP chemicals,195 kg,INR 321/-,"INR 62,609/-",BRD-DWS
T004500,06/24/2019,F02227,Input Purchase,FERTILIZER 50kg bag,175 kgs,INR 60/-,"INR 10,414/-",BRD-DWS
T004517,11/12/2019,F02231,delivery,SOYABEAN,5.64 q,"INR 4,910/-","INR 27,692/-",BRD-DWS
T004518,11/10/2019,F02231,Delivery,Soybean (Yellow),1.11 MT,"INR 4,910/-","INR 54,452/-",BRD-DWS
T004519,09/13/2019,F02231,Loan Repayment,EMI,,,"INR 7,500/-",BRD-DWS
T004558,11/19/2019,F02243,FPO_DELIVERY,SOYABEAN,20.8 qtl,"INR 4,815/-","INR 1,00,008/-",BRD-DWS
T004570,10/02/2019,F02249,FPO_DELIVERY,Soybean (Yellow),"2,242.00 kgs","INR 4,715/-","INR 1,05,710/-",BRD-DWS
T004571,06/28/2019,F02249,input,SEEDS,192 kgs,INR 94/-,"INR 18,038/-",BRD-DWS
T004572,10/23/2019,F02250,DELIVERY,SOYABEAN,"1,931.00 kgs","INR 5,015/-","INR 96,840/-",BRD-DWS
T004573,07/05/2019,F02250,I,DAP,135 kg,INR 28/-,"INR 3,843/-",BRD-DWS
T007025,03/28/2020,F01911,D,Sarson,466 kg,"INR 5,755/-","INR 26,818/-",BRD-DWS
T007026,11/01/2020,F01911,input,DAP,300 kg,INR 38/-,"INR 11,331/-",BRD-DWS
T007027,04/29/2020,F01912,delivery,Yellow Mustard,5.48 q,"INR 5,920/-","INR 32,442/-",BRD-DWS
T007028,04/13/2020,F01912,delivery,Sarson,2534 kg,"INR 5,920/-","INR 1,50,013/-",BRD-DWS
T007029,01/05/2020,F01912,Input Purchase,FERTILIZER 50kg bag,305 kg,INR 34/-,"INR 10,291/-",BRD-DWS
T007030,05/09/2020,F01913,Delivery,Yellow Mustard,8.23 q,"INR 5,840/-","INR 48,063/-",BRD-DWS
T007031,25/12/2019,F01913,input,Urea,252 kg,INR 34/-,"INR 8,634/-",BRD-DWS
T007032,01/15/2020,F01913,INPUT_PURCHASE,FERTILIZER 50kg bag,117 kgs,INR 33/-,"INR 3,819/-",BRD-DWS
T007033,04/21/2020, F01914 ,delivery,Sarson,5.89 quintals,"INR 6,190/-","INR 36,459/-",BRD-DWS
T007034,05/06/2020,F01914,FPO_DELIVERY,Wheat,1403 kg,"INR 2,425/-","INR 34,023/-",BRD-DWS
T007035,01/04/2020,F01914,I,Seeds,154 kg,INR 112/-,"INR 17,236/-",BRD-DWS
T007036,01/06/2020,F01914,input,Fertilizer,252 kg,INR 42/-,"INR 10,468/-",BRD-DWS
T007037,03/04/2020,F01915,D,Mustard,1329 kg,"INR 5,800/-","INR 77,082/-",BRD-DWS
T007038,05/03/2020,F01915,FPO_DELIVERY,mustard (Yellow),655 kg,"INR 5,800/-","INR 37,990/-",BRD-DWS
T007039,22/03/2020,F01915,FPO_DELIVERY,WHEAT,58.8 qtl,"INR 2,275/-","INR 1,33,747/-",BRD-DWS
T007040,01/05/2020,F01916,D,Mustard,0.47 q,"INR 5,820/-","INR 2,735/-",BRD-DWS
T007041,04/20/2020,F01916,delivery,Mustard,24.28 q,"INR 5,820/-","INR 1,41,310/-",BRD-DWS
T007042,03/12/2019,f01916,INPUT_PURCHASE,Bio-pesticide,254 kgs,INR 654/-,"INR 1,66,134/-",BRD-DWS
T007043,12/13/2019,F01916,INPUT_PURCHASE,FERTILIZER 50kg bag,178 kg,INR 42/-,"INR 7,513/-",BRD-DWS
T007044,04/19/2020,f01917,D,mustard (Yellow),4.2 qtl,"INR 6,075/-","INR 25,576/-",BRD-DWS
T007045,05/01/2020,F01917,I,FERTILIZER 50kg bag,154 kg,INR 57/-,"INR 8,775/-",BRD-DWS
T007046,05/22/2020,F01917,LOAN_REPAY,Loan Repayment,,,"INR 7,100/-",BRD-DWS
T007047,12/13/2019, F01917 ,loan,Loan Repayment,,,"INR 1,800/-",BRD-DWS
T007048,02/12/2020,F01917,L,Loan Repayment,,,"INR 5,500/-",BRD-DWS
T007049,05/01/2020,F01917,LOAN_REPAY,EMI,,,"INR 3,000/-",BRD-DWS
T007050,03/15/2020,F01918,D,mustard (Yellow),5.10 quintals,"INR 6,120/-","INR 31,212/-",BRD-DWS
T007051,02/04/2020,F01918,D,mustard (Yellow),360.00 kgs,"INR 6,120/-","INR 22,032/-",BRD-DWS
T007052,12/14/2019,F01918,Input Purchase,Seeds,113 kg,INR 47/-,"INR 5,294/-",BRD-DWS
T007053,10/12/2019,F01918,LOAN_REPAY,EMI,,,"INR 1,800/-",BRD-DWS
T007054,05/04/2020,F01920,DELIVERY,Sarson,822 kg,"INR 5,985/-","INR 49,197/-",BRD-DWS
T007055,04/04/2020,F01921,DELIVERY,mustard (Yellow),"1,046.00 kgs","INR 5,880/-","INR 61,505/-",BRD-DWS
T007056,04/15/2020,F01921,D,Wheat,1582 kg,"INR 2,385/-","INR 37,731/-",BRD-DWS
T007057,03/24/2020,F01921,DELIVERY,Wheat (Durum),862 kg,"INR 2,385/-","INR 20,559/-",BRD-DWS
T007058,12/15/2019,F01921,INPUT_PURCHASE,DAP,86 kg,INR 56/-,"INR 4,831/-",BRD-DWS
T007059,12/05/2019,F01921,input,FERTILIZER 50kg bag,316 kgs,INR 36/-,"INR 11,395/-",BRD-DWS
T007060,05/12/2020,F01922,D,Mustard,11.1 qtl,"INR 6,305/-","INR 70,175/-",BRD-DWS
T007061,05/05/2020,F01922,delivery,Sarson,816.00 kgs,"INR 6,305/-","INR 51,449/-",BRD-DWS
T007062,03/27/2020,F01922,delivery,wheat,4.13 MT,"INR 2,220/-","INR 91,797/-",BRD-DWS
T007063,01/05/2020,F01922,INPUT_PURCHASE,SEEDS,238 kg,INR 91/-,"INR 21,577/-",BRD-DWS
T007064,05/11/2020,F01924,DELIVERY,Yellow Mustard,15.90 q,"INR 5,755/-","INR 91,504/-",BRD-DWS
T007065,03/07/2020,F01924,FPO_DELIVERY,Sarson,126.00 kgs,"INR 5,755/-","INR 7,251/-",BRD-DWS
T007066,03/25/2020,f01925,Delivery,mustard (Yellow),"1,459.00 kgs","INR 6,215/-","INR 90,677/-",BRD-DWS
T007067,05/09/2020,f01925,Delivery,Mustard,0.13 MT,"INR 6,215/-","INR 8,204/-",BRD-DWS
T007068,12/22/2019,F01925,I,Fertilizer,114 kgs,INR 53/-,"INR 5,990/-",BRD-DWS
T007069,12/22/2019,F01925,L,EMI,,,"INR 1,200/-",BRD-DWS
T007070,02/27/2020,F01925,loan,EMI,,,"INR 4,100/-",BRD-DWS
T007071,18/03/2020,F01926,delivery,MUSTARD,0.6 qtl,"INR 5,990/-","INR 3,354/-",BRD-DWS
T007072,04/03/2020,F01926,DELIVERY,mustard (Yellow),73.00 kgs,"INR 5,990/-","INR 4,373/-",BRD-DWS
T007073,04/03/2020,F01926,delivery,Sarson,1.95 t,"INR 5,990/-","INR 1,16,865/-",BRD-DWS
T007074,08/12/2019,F01926,Input Purchase,Seeds,264 kg,INR 83/-,"INR 21,941/-",BRD-DWS
T007075,12/07/2019,F01926,INPUT_PURCHASE,Fertilizer,172 kg,INR 29/-,"INR 4,962/-",BRD-DWS
T007076,04/23/2020,F01927,delivery,Yellow Mustard,667 kg,"INR 6,255/-","INR 41,721/-",BRD-DWS
T007077,05/08/2020,F01927,Delivery,Sarson,694 kg,"INR 6,255/-","INR 43,410/-",BRD-DWS
T007078,03/05/2020,f01927,D,Wheat (Durum),2.82 MT,"INR 2,415/-","INR 68,031/-",BRD-DWS
T007079,01/08/2020,F01927,INPUT_PURCHASE,Urea,147 kg,INR 37/-,"INR 5,474/-",BRD-DWS
T007080,04/12/2020,f01928,delivery,Yellow Mustard,"3,252.00 kgs","INR 6,035/-","INR 1,96,258/-",BRD-DWS
T007081,12/09/2019,f01928,FERT_PURCHASE,DAP,270 kg,INR 32/-,"INR 8,508/-",BRD-DWS
T007082,01/02/2020,F01928,I,Seeds,171 kgs,INR 57/-,"INR 9,814/-",BRD-DWS
T007083,04/23/2020,F01929,delivery,Yellow Mustard,243.00 kgs,"INR 5,845/-","INR 14,203/-",BRD-DWS
T007084,05/02/2020,F01929,delivery,MUSTARD,553.00 kgs,"INR 5,845/-","INR 32,323/-",BRD-DWS
T007085,12/07/2019,F01929,INPUT_PURCHASE,Urea,226 kg,INR 59/-,"INR 13,381/-",BRD-DWS
T007086,02/17/2020,F01929,Loan Repayment,Loan Repayment,,,"INR 6,800/-",BRD-DWS
T007087,01/18/2020,F01929,Loan Repayment,EMI,,,"INR 2,900/-",BRD-DWS
T007088,12/14/2019,F01929,L,Loan Repayment,,,"INR 4,600/-",BRD-DWS
T007089,03/14/2020,F01930,delivery,Yellow Mustard,0.6 qtl,"INR 5,530/-","INR 3,207/-",BRD-DWS
T007090,24/04/2020, F01930 ,delivery,Sarson,929 kg,"INR 5,530/-","INR 51,374/-",BRD-DWS
T007091,03/16/2020,F01930,delivery,Yellow Mustard,475.00 kgs,"INR 5,530/-","INR 26,268/-",BRD-DWS
T007092,05/02/2020,F01930,delivery,Wheat (Durum),"3,626.00 kgs","INR 2,275/-","INR 82,492/-",BRD-DWS
T007093,04/28/2020,F01931,delivery,mustard (Yellow),0.86 q,"INR 6,000/-","INR 5,160/-",BRD-DWS
T007094,23/03/2020,F01931,delivery,Mustard,423.00 kgs,"INR 6,000/-","INR 25,380/-",BRD-DWS
T007095,04/02/2020,F01931,Delivery,Mustard,0.28 MT,"INR 6,000/-","INR 17,040/-",BRD-DWS
T007096,04/09/2020,f01931,Delivery,WHEAT,"2,283.00 kgs","INR 2,195/-","INR 50,112/-",BRD-DWS
T007097,12/11/2019,F01931,Input Purchase,DAP,260 kgs,INR 50/-,"INR 12,945/-",BRD-DWS
T007098,04/29/2020,F01932,DELIVERY,MUSTARD,0.32 MT,"INR 5,855/-","INR 18,619/-",BRD-DWS
T007099,04/19/2020,F01932,Delivery,MUSTARD,0.64 MT,"INR 5,855/-","INR 37,413/-",BRD-DWS
T007100,01/11/2020,F01932,input,NPK 10:26:26,61 kg,INR 41/-,"INR 2,521/-",BRD-DWS
T007101,04/23/2020,F01933,D,mustard (Yellow),45 kg,"INR 5,680/-","INR 2,556/-",BRD-DWS
T007102,03/11/2020,F01933,Delivery,Mustard,1.78 q,"INR 5,680/-","INR 10,110/-",BRD-DWS
T007103,03/12/2020,F01933,D,Mustard,3.0 qtl,"INR 5,680/-","INR 16,756/-",BRD-DWS
T007104,03/08/2020,F01933,Delivery,Wheat (Durum),14.04 q,"INR 2,105/-","INR 29,554/-",BRD-DWS
T007105,02/01/2020,F01933,I,Fertilizer,110 kg,INR 43/-,"INR 4,704/-",BRD-DWS
T007106,03/31/2020,F01934,DELIVERY,mustard (Yellow),8.28 q,"INR 6,015/-","INR 49,804/-",BRD-DWS
T007107,04/18/2020,F01934,FPO_DELIVERY,wheat,427.00 kgs,"INR 2,180/-","INR 9,309/-",BRD-DWS
T007108,04/23/2020,F01934,delivery,Lokwan Wheat,1877 kg,"INR 2,180/-","INR 40,919/-",BRD-DWS
T007109,12/06/2019,F01934,I,Urea,209 kg,INR 31/-,"INR 6,500/-",BRD-DWS
T007110,05/05/2020,F01934,LOAN_REPAY,EMI,,,"INR 7,400/-",BRD-DWS
T007111,05/12/2020,F01935,DELIVERY,mustard (Yellow),2.43 t,"INR 5,655/-","INR 1,37,360/-",BRD-DWS
T007112,03/03/2020,F01935,FPO_DELIVERY,Wheat (Durum),25.9 qtl,"INR 2,340/-","INR 60,723/-",BRD-DWS
T007113,04/16/2020,F01935,FPO_DELIVERY,wheat,270.00 kgs,"INR 2,340/-","INR 6,318/-",BRD-DWS
T007114,04/08/2020,F01935,delivery,WHEAT,33.12 q,"INR 2,340/-","INR 77,501/-",BRD-DWS
T007115,12/15/2019,F01935,FERT_PURCHASE,SEEDS,228 kg,INR 55/-,₹ N/A,BRD-DWS
T007116,12/09/2019,f01935,input,Urea,232 kg,INR 52/-,"INR 11,997/-",BRD-DWS
T007117,01/04/2020,F01935,FERT_PURCHASE,Seeds,231 kgs,INR 93/-,"INR 21,465/-",BRD-DWS
T007118,03/25/2020,F01937,FPO_DELIVERY,Sarson,1391 kg,"INR 6,065/-","INR 84,364/-",BRD-DWS
T007119,01/11/2020,F01937,Input Purchase,Seeds,155 kg,INR 46/-,"INR 7,198/-",BRD-DWS
T007120,07/04/2020,F01939,delivery,Yellow Mustard,15.72 q,"INR 5,845/-","INR 91,883/-",BRD-DWS
T007121,01/10/2020,F01939,Input Purchase,Seeds,310 kg,INR 66/-,"INR 20,348/-",BRD-DWS
T007122,01/13/2020,F01939,FERT_PURCHASE,Fertilizer,44 kg,INR 59/-,"INR 2,591/-",BRD-DWS
T007123,04/04/2020,F01940,DELIVERY,MUSTARD,561.00 kgs,"INR 5,905/-","INR 33,127/-",BRD-DWS
T007124,05/08/2020, F01940 ,DELIVERY,Sarson,378 kg,"INR 5,905/-","INR 22,321/-",BRD-DWS
T007125,05/13/2020,F01942,Delivery,mustard (Yellow),547 kg,"INR 5,960/-","INR 32,601/-",BRD-DWS
T007126,04/06/2020,F01942,Delivery,wheat,13.04 quintals,"INR 2,135/-","INR 27,840/-",BRD-DWS
T007127,03/13/2020,F01942,FPO_DELIVERY,WHEAT,2.7 qtl,"INR 2,135/-","INR 5,722/-",BRD-DWS
T007128,28/12/2019,F01942,INPUT_PURCHASE,FERTILIZER 50kg bag,249 kg,INR 32/-,"INR 7,951/-",BRD-DWS
T007129,01/17/2020,F01942,L,EMI,,,"INR 3,800/-",BRD-DWS
T007130,01/03/2020,F01942,Loan Repayment,EMI,,,"INR 1,900/-",BRD-DWS
T007131,04/02/2020, F01945 ,delivery,MUSTARD,40.00 kgs,"INR 5,800/-","INR 2,320/-",BRD-DWS
T007132,05/13/2020,F01945,DELIVERY,Sarson,1.63 q,"INR 5,800/-","INR 9,454/-",BRD-DWS
T007133,12/10/2019,F01945,FERT_PURCHASE,FERTILIZER 50kg bag,65 kgs,INR 39/-,"INR 2,528/-",BRD-DWS
T007134,03/20/2020,F01945,L,Loan Repayment,,,"INR 4,300/-",BRD-DWS
T007135,03/12/2020,F01945,LOAN_REPAY,Loan Repayment,,,"INR 1,600/-",BRD-DWS
T007136,28/03/2020,F01948,FPO_DELIVERY,Mustard,422.00 kgs,"INR 6,290/-","INR 26,544/-",BRD-DWS
T007137,04/30/2020,F01948,Delivery,mustard (Yellow),595 kg,"INR 6,290/-","INR 37,426/-",BRD-DWS
T007138,05/11/2020,F01948,DELIVERY,Mustard,2.0 qtl,"INR 6,290/-","INR 12,517/-",BRD-DWS
T007139,05/11/2020,F01948,delivery,Lokwan Wheat,2378 kg,"INR 2,240/-","INR 53,267/-",BRD-DWS
T007140,12/23/2019,F01948,input,NPK 10:26:26,173 kgs,INR 42/-,"INR 7,266/-",BRD-DWS
T007141,01/13/2020,F01948,L,EMI,,,"INR 7,500/-",BRD-DWS
T007142,12/11/2019,F01948,loan,EMI,,,"INR 6,400/-",BRD-DWS
T007143,01/12/2020,F01948,L,Loan Repayment,,,"INR 7,700/-",BRD-DWS
T007144,04/24/2020,F01949,D,MUSTARD,0.99 t,"INR 5,870/-","INR 57,996/-",BRD-DWS
T007145,12/19/2019,F01949,Input Purchase,NPK 10:26:26,205 kg,INR 38/-,"INR 7,765/-",BRD-DWS
T007146,12/01/2019,F01949,FERT_PURCHASE,SEEDS,265 kgs,INR 62/-,"INR 16,406/-",BRD-DWS
T007147,12/20/2019,F01949,FERT_PURCHASE,NPK 10:26:26,259 kg,INR 58/-,"INR 14,903/-",BRD-DWS
T007148,04/06/2020,F01950,Delivery,Yellow Mustard,1.15 q,"INR 6,000/-","INR 6,900/-",BRD-DWS
T007149,03/05/2020,F01950,FPO_DELIVERY,mustard (Yellow),5.3 qtl,"INR 6,000/-","INR 31,620/-",BRD-DWS
T007150,06/01/2020,F01950,I,Bio-pesticide,169 kg,INR 583/-,"INR 98,513/-",BRD-DWS
T007151,03/12/2019,F01950,FERT_PURCHASE,FERTILIZER 50kg bag,183 kgs,INR 47/-,"INR 8,689/-",BRD-DWS
T007152,05/06/2020,F01951,DELIVERY,MUSTARD,26.5 qtl,"INR 5,385/-","INR 1,42,702/-",BRD-DWS
T007153,12/04/2019,F01951,I,FERTILIZER 50kg bag,129 kg,INR 42/-,"INR 5,412/-",BRD-DWS
T007154,04/03/2020, F01951 ,Loan Repayment,EMI,,,"INR 3,300/-",BRD-DWS
T007155,04/05/2020,F01952,DELIVERY,mustard (Yellow),62 kg,"INR 5,915/-","INR 3,667/-",BRD-DWS
T007156,03/18/2020,F01952,delivery,Mustard,802 kg,"INR 5,915/-","INR 47,438/-",BRD-DWS
T007157,12/08/2019,F01952,FERT_PURCHASE,Seeds,177 kg,INR 105/-,"INR 18,504/-",BRD-DWS
T007158,01/01/2020,F01952,INPUT_PURCHASE,SEEDS,73 kgs,INR 103/-,"INR 7,553/-",BRD-DWS
T007159,01/02/2020,F01952,I,PP chemicals,197 kgs,INR 163/-,"INR 32,176/-",BRD-DWS
T007160,12/05/2019,f01952,LOAN_REPAY,Loan Repayment,,,"INR 6,800/-",BRD-DWS
T007161,12/23/2019,F01952,LOAN_REPAY,Loan Repayment,,,"INR 1,200/-",BRD-DWS
T007162,04/05/2020,F01952,L,EMI,,,"INR 6,700/-",BRD-DWS
T007163,03/17/2020,f01953,FPO_DELIVERY,mustard (Yellow),382.00 kgs,"INR 5,685/-","INR 21,717/-",BRD-DWS
T007164,12/22/2019,F01953,Input Purchase,Bio-pesticide,215 kgs,INR 648/-,"INR 1,39,397/-",BRD-DWS
T007165,24/03/2020,F01954,FPO_DELIVERY,Sarson,3.62 quintals,"INR 6,160/-","INR 22,299/-",BRD-DWS
T007166,03/12/2020,F01954,delivery,Sarson,6.4 qtl,"INR 6,160/-","INR 39,239/-",BRD-DWS
T007167,03/03/2020,F01954,D,Wheat,1858 kg,"INR 2,155/-","INR 40,040/-",BRD-DWS
T007168,12/22/2019,F01954,I,Bio-pesticide,260 kgs,INR 243/-,"INR 63,097/-",BRD-DWS
T007169,12/23/2019,F01954,INPUT_PURCHASE,NPK 10:26:26,133 kg,INR 58/-,"INR 7,693/-",BRD-DWS
T007170,12/29/2019,F01954,input,FERTILIZER 50kg bag,154 kg,INR 59/-,"INR 9,091/-",BRD-DWS
T007171,12/28/2019,f01954,FERT_PURCHASE,Urea,276 kgs,INR 33/-,"INR 9,240/-",BRD-DWS
T007172,05/10/2020,F01954,loan,Loan Repayment,,,"INR 1,300/-",BRD-DWS
T007173,15/03/2020,F01957,Delivery,Yellow Mustard,420 kg,"INR 6,015/-","INR 25,263/-",BRD-DWS
T007174,03/26/2020,f01957,FPO_DELIVERY,Yellow Mustard,0.11 t,"INR 6,015/-","INR 6,496/-",BRD-DWS
T007175,12/24/2019,F01957,INPUT_PURCHASE,DAP,174 kg,INR 35/-,"INR 6,139/-",BRD-DWS
T007176,01/14/2020,F01957,INPUT_PURCHASE,NPK 10:26:26,121 kgs,INR 32/-,"INR 3,814/-",BRD-DWS
T007177,04/14/2020,F01958,D,Mustard,5.29 quintals,"INR 5,920/-","INR 31,317/-",BRD-DWS
T007178,12/03/2019,F01958,input,NPK 10:26:26,79 kgs,INR 34/-,"INR 2,709/-",BRD-DWS
T007179,01/10/2020,f01958,Input Purchase,PP chemicals,26 kg,INR 665/-,"INR 17,293/-",BRD-DWS
T007180,01/13/2020,F01958,input,FERTILIZER 50kg bag,267 kgs,INR 46/-,"INR 12,370/-",BRD-DWS
T007181,04/05/2020,f01959,Delivery,Yellow Mustard,910.00 kgs,"INR 5,715/-","INR 52,006/-",BRD-DWS
T007182,05/12/2020,f01960,DELIVERY,Yellow Mustard,158.00 kgs,"INR 5,800/-","INR 9,164/-",BRD-DWS
T007183,12/28/2019,F01960,INPUT_PURCHASE,Fertilizer,169 kgs,INR 41/-,"INR 6,927/-",BRD-DWS
T007184,04/07/2020,F01962,Delivery,mustard (Yellow),6.4 qtl,"INR 5,785/-","INR 37,198/-",BRD-DWS
T007185,12/11/2019,F01962,L,EMI,,,"INR 7,300/-",BRD-DWS
T007186,09/05/2020,F01963,D,MUSTARD,226.00 kgs,"INR 5,875/-","INR 13,277/-",BRD-DWS
T007187,03/16/2020,F01963,DELIVERY,Mustard,"1,110.00 kgs","INR 5,875/-","INR 65,212/-",BRD-DWS
T007188,03/21/2020,F01963,D,Yellow Mustard,2.25 q,"INR 5,875/-","INR 13,219/-",BRD-DWS
T007189,03/25/2020, F01963 ,DELIVERY,WHEAT,750 kg,"INR 2,370/-","INR 17,775/-",BRD-DWS
T007190,05/11/2020,F01963,FPO_DELIVERY,Wheat (Durum),224 kg,"INR 2,370/-","INR 5,309/-",BRD-DWS
T007191,04/02/2020,F01963,Delivery,Wheat,3118 kg,"INR 2,370/-","INR 73,897/-",BRD-DWS
T007192,12/04/2019,F01963,input,Hybrid Seeds,65 kg,INR 127/-,"INR 8,252/-",BRD-DWS
T007193,03/24/2020,F01964,FPO_DELIVERY,Mustard,3.52 q,"INR 6,115/-","INR 21,525/-",BRD-DWS
T007194,03/28/2020,F01964,DELIVERY,mustard (Yellow),5.23 q,"INR 6,115/-","INR 31,981/-",BRD-DWS
T007195,12/06/2019,F01964,Input Purchase,NPK 10:26:26,60 kg,INR 41/-,"INR 2,470/-",BRD-DWS
T007196,12/24/2019,F01964,INPUT_PURCHASE,NPK 10:26:26,66 kg,INR 50/-,"INR 3,311/-",BRD-DWS
T007197,12/11/2019,F01964,FERT_PURCHASE,Hybrid Seeds,77 kg,INR 90/-,"INR 6,895/-",BRD-DWS
T007198,12/20/2019, F01964 ,I,DAP,180 kgs,INR 47/-,"INR 8,478/-",BRD-DWS
T007199,01/08/2020,F01964,INPUT_PURCHASE,Hybrid Seeds,126 kgs,INR 127/-,"INR 16,030/-",BRD-DWS
T007200,05/29/2020,f01964,LOAN_REPAY,EMI,,,"INR 5,800/-",BRD-DWS
T007201,01/16/2020,F01964,L,Loan Repayment,,,"INR 1,400/-",BRD-DWS
T007202,12/22/2019,F01964,L,Loan Repayment,,,"INR 3,000/-",BRD-DWS
T007203,04/06/2020,F01966,Delivery,Yellow Mustard,21.72 q,"INR 6,320/-","INR 1,37,270/-",BRD-DWS
T007204,04/01/2020, F01966 ,Delivery,WHEAT,0.34 quintals,"INR 2,410/-",INR 819/-,BRD-DWS
T007205,03/11/2020,F01966,FPO_DELIVERY,Lokwan Wheat,6.84 t,"INR 2,410/-","INR 1,64,844/-",BRD-DWS
T007206,01/11/2020,F01966,FERT_PURCHASE,SEEDS,263 kg,INR 111/-,"INR 29,190/-",BRD-DWS
T007207,12/17/2019,F01966,input,NPK 10:26:26,229 kg,INR 38/-,"INR 8,663/-",BRD-DWS
T007208,05/10/2020, F01968 ,D,Sarson,839 kg,"INR 6,135/-","INR 51,473/-",BRD-DWS
T007209,03/15/2020,F01969,FPO_DELIVERY,MUSTARD,9.67 q,"INR 6,240/-","INR 60,341/-",BRD-DWS
T007210,12/28/2019,F01969,I,PP chemicals,225 kgs,INR 619/-,"INR 1,39,275/-",BRD-DWS
T007211,05/02/2020,F01970,delivery,MUSTARD,814 kg,"INR 5,460/-","INR 44,444/-",BRD-DWS
T007212,05/13/2020,F01970,DELIVERY,Wheat,10.45 quintals,"INR 2,240/-","INR 23,408/-",BRD-DWS
T007213,04/22/2020,F01970,FPO_DELIVERY,Wheat,7.38 quintals,"INR 2,240/-","INR 16,531/-",BRD-DWS
T007214,09/03/2020,F01971,delivery,MUSTARD,475.00 kgs,"INR 6,120/-","INR 29,070/-",BRD-DWS
T007215,04/07/2020,F01971,FPO_DELIVERY,Mustard,164.00 kgs,"INR 6,120/-","INR 10,037/-",BRD-DWS
T007216,01/10/2020,F01971,FERT_PURCHASE,Seeds,54 kg,INR 103/-,"INR 5,571/-",BRD-DWS
T007217,04/06/2020,F01971,loan,Loan Repayment,,,"INR 1,900/-",BRD-DWS
T007218,04/05/2020,F01972,DELIVERY,mustard (Yellow),579.00 kgs,"INR 6,015/-","INR 34,827/-",BRD-DWS
T007219,04/09/2020,F01973,delivery,Sarson,131 kg,"INR 6,370/-","INR 8,345/-",BRD-DWS
T007220,04/30/2020,F01973,FPO_DELIVERY,mustard (Yellow),"1,407.00 kgs","INR 6,370/-","INR 89,626/-",BRD-DWS
T007221,04/28/2020,F01974,Delivery,Yellow Mustard,0.9 qtl,"INR 6,210/-","INR 5,465/-",BRD-DWS
T007222,03/16/2020,f01974,Delivery,Sarson,529.00 kgs,"INR 6,210/-","INR 32,851/-",BRD-DWS
T007223,31/12/2019,F01974,INPUT_PURCHASE,Urea,76 kgs,INR 48/-,"INR 3,641/-",BRD-DWS
T007224,01/06/2020,F01974,input,DAP,271 kg,INR 54/-,"INR 14,761/-",BRD-DWS
T007225,01/18/2020,F01974,L,Loan Repayment,,,"INR 2,600/-",BRD-DWS
T007226,02/21/2020,F01974,L,EMI,,,"INR 2,900/-",BRD-DWS
T007227,05/04/2020,f01975,DELIVERY,MUSTARD,3.52 q,"INR 6,650/-","INR 23,408/-",BRD-DWS
T007228,03/30/2020,F01975,Delivery,mustard (Yellow),0.12 MT,"INR 6,650/-","INR 8,180/-",BRD-DWS
T007229,03/06/2020,F01975,D,Wheat (Durum),9.8 qtl,"INR 2,355/-","INR 22,985/-",BRD-DWS
T007230,04/07/2020,F01976,DELIVERY,mustard (Yellow),0.48 q,"INR 5,840/-","INR 2,803/-",BRD-DWS
T007231,04/03/2020,F01976,delivery,Sarson,10.1 qtl,"INR 5,840/-","INR 59,218/-",BRD-DWS
T007232,12/05/2019,F01976,input,FERTILIZER 50kg bag,53 kg,INR 51/-,"INR 2,727/-",BRD-DWS
T007233,03/18/2020, F01978 ,delivery,mustard (Yellow),970.00 kgs,"INR 5,570/-","INR 54,029/-",BRD-DWS
T007234,05/13/2020,F01978,FPO_DELIVERY,Sarson,9.54 quintals,"INR 5,570/-","INR 53,138/-",BRD-DWS
T007235,04/25/2020,F01978,DELIVERY,WHEAT,16.65 q,"INR 2,385/-","INR 39,710/-",BRD-DWS
T007236,05/03/2020,F01978,DELIVERY,Lokwan Wheat,37.8 qtl,"INR 2,385/-","INR 90,177/-",BRD-DWS
T007237,12/08/2019,F01978,input,FERTILIZER 50kg bag,82 kgs,INR 53/-,"INR 4,349/-",BRD-DWS
T007238,03/12/2019,F01978,Input Purchase,FERTILIZER 50kg bag,140 kg,INR 53/-,"INR 7,451/-",BRD-DWS
T007239,03/05/2020,F01979,delivery,Yellow Mustard,586.00 kgs,"INR 5,725/-","INR 33,548/-",BRD-DWS
T007240,03/04/2020,F01979,Delivery,mustard (Yellow),308.00 kgs,"INR 5,725/-","INR 17,633/-",BRD-DWS
T007241,05/06/2020,F01982,FPO_DELIVERY,Sarson,10.8 qtl,"INR 6,120/-","INR 65,974/-",BRD-DWS
T007242,03/28/2020,F01982,delivery,mustard (Yellow),0.26 q,"INR 6,120/-","INR 1,591/-",BRD-DWS
T007243,04/18/2020,F01983,DELIVERY,mustard (Yellow),929 kg,"INR 5,470/-","INR 50,816/-",BRD-DWS
T007244,04/29/2020,f01983,delivery,Sarson,0.14 t,"INR 5,470/-","INR 7,385/-",BRD-DWS
T007245,12/24/2019,F01983,FERT_PURCHASE,Seeds,190 kg,INR 117/-,"INR 22,175/-",BRD-DWS
T007246,01/03/2020,F01983,I,SEEDS,146 kgs,INR 101/-,"INR 14,801/-",BRD-DWS
T007247,04/27/2020,F01986,delivery,Sarson,4.2 qtl,"INR 5,960/-","INR 24,853/-",BRD-DWS
T007248,03/29/2020,f01986,delivery,MUSTARD,"1,167.00 kgs","INR 5,960/-","INR 69,553/-",BRD-DWS
T007249,12/16/2019,F01986,I,Seeds,218 kg,INR 52/-,"INR 11,380/-",BRD-DWS
T007250,04/12/2020,F01987,DELIVERY,MUSTARD,6.5 qtl,"INR 5,265/-","INR 34,065/-",BRD-DWS
T007251,03/07/2020,F01987,DELIVERY,mustard (Yellow),"1,174.00 kgs","INR 5,265/-","INR 61,811/-",BRD-DWS
T007252,12/16/2019,F01987,INPUT_PURCHASE,Hybrid Seeds,53 kg,INR 45/-,"INR 2,400/-",BRD-DWS
T007253,15/12/2019,f01987,input,Urea,80 kgs,INR 57/-,"INR 4,529/-",BRD-DWS
T007254,12/22/2019,F01987,INPUT_PURCHASE,FERTILIZER 50kg bag,115 kg,INR 40/-,"INR 4,610/-",BRD-DWS
T007255,05/11/2020,F01988,Delivery,MUSTARD,275 kg,"INR 6,050/-","INR 16,638/-",BRD-DWS
T007256,03/10/2020,F01988,Delivery,mustard (Yellow),1200 kg,"INR 6,050/-","INR 72,600/-",BRD-DWS
T007257,03/05/2020,F01989,DELIVERY,mustard (Yellow),11.8 qtl,"INR 5,655/-","INR 66,446/-",BRD-DWS
T007258,28/03/2020,F01989,FPO_DELIVERY,Lokwan Wheat,24.41 q,"INR 2,215/-","INR 54,068/-",BRD-DWS
T007259,12/01/2019,F01989,I,Urea,66 kgs,INR 57/-,"INR 3,746/-",BRD-DWS
T007260,02/13/2020,F01989,LOAN_REPAY,Loan Repayment,,,"INR 3,400/-",BRD-DWS
T007261,12/25/2019,F01989,loan,EMI,,,"INR 4,400/-",BRD-DWS
T007262,12/14/2019,F01989,Loan Repayment,Loan Repayment,,,"INR 1,400/-",BRD-DWS
T007263,02/01/2020,f01989,loan,Loan Repayment,,,"INR 6,500/-",BRD-DWS
T007264,12/08/2019,F01989,loan,Loan Repayment,,,"INR 6,800/-",BRD-DWS
T007265,04/20/2020,F01990,Delivery,Yellow Mustard,16.89 quintals,"INR 5,985/-","INR 1,01,087/-",BRD-DWS
T007266,04/03/2020,F01991,D,Mustard,9.61 q,"INR 6,320/-","INR 60,735/-",BRD-DWS
T007267,01/02/2020,F01991,input,Seeds,63 kgs,INR 93/-,"INR 5,838/-",BRD-DWS
T007268,12/31/2019,F01991,INPUT_PURCHASE,FERTILIZER 50kg bag,272 kgs,INR 50/-,"INR 13,728/-",BRD-DWS
T007269,03/06/2020,F01993,delivery,mustard (Yellow),961.00 kgs,"INR 5,940/-","INR 57,083/-",BRD-DWS
T007270,12/11/2019,F01993,Input Purchase,Urea,177 kgs,INR 35/-,"INR 6,278/-",BRD-DWS
T007271,12/06/2019,F01993,input,Hybrid Seeds,47 kgs,INR 50/-,"INR 2,373/-",BRD-DWS
T007272,01/11/2020,F01993,input,Urea,70 kgs,INR 39/-,"INR 2,762/-",BRD-DWS
T007273,01/02/2020,F01993,INPUT_PURCHASE,SEEDS,171 kg,INR 67/-,"INR 11,498/-",BRD-DWS
T007274,05/13/2020,F01994,D,Yellow Mustard,652.00 kgs,"INR 6,090/-","INR 39,707/-",BRD-DWS
T007275,03/17/2020,F01994,D,mustard (Yellow),7.80 q,"INR 6,090/-","INR 47,502/-",BRD-DWS
T007276,01/03/2020,F01994,FERT_PURCHASE,PPC,144 kg,INR 502/-,"INR 72,220/-",BRD-DWS
T007277,02/29/2020,F01997,FPO_DELIVERY,MUSTARD,117 kg,"INR 6,085/-","INR 7,119/-",BRD-DWS
T007278,05/13/2020,F01997,Delivery,mustard (Yellow),100 kg,"INR 6,085/-","INR 6,085/-",BRD-DWS
T007279,04/03/2020,F01997,Delivery,Yellow Mustard,253 kg,"INR 6,085/-","INR 15,395/-",BRD-DWS
T007280,03/16/2020,F01997,D,wheat,0.96 q,"INR 2,420/-","INR 2,323/-",BRD-DWS
T007281,03/31/2020,F01997,D,WHEAT,"1,016.00 kgs","INR 2,420/-","INR 24,587/-",BRD-DWS
T007282,12/28/2019,F01997,INPUT_PURCHASE,SEEDS,223 kg,INR 79/-,"INR 17,566/-",BRD-DWS
T007283,03/31/2020, F01997 ,L,Loan Repayment,,,"INR 7,500/-",BRD-DWS
T007284,03/28/2020,F01997,loan,Loan Repayment,,,"INR 6,300/-",BRD-DWS
T007285,04/02/2020,F01997,Loan Repayment,EMI,,,"INR 1,400/-",BRD-DWS
T007286,03/26/2020,F01998,delivery,MUSTARD,227.00 kgs,"INR 5,645/-","INR 12,814/-",BRD-DWS
T007287,04/24/2020,F01998,D,Mustard,638.00 kgs,"INR 5,645/-","INR 36,015/-",BRD-DWS
T007288,05/07/2020,f01998,D,mustard (Yellow),2041 kg,"INR 5,645/-","INR 1,15,214/-",BRD-DWS
T007289,12/18/2019, F01998 ,I,FERTILIZER 50kg bag,33 kg,INR 55/-,"INR 1,814/-",BRD-DWS
T007290,12/15/2019,f01998,FERT_PURCHASE,FERTILIZER 50kg bag,154 kgs,INR 46/-,"INR 7,038/-",BRD-DWS
T007291,12/28/2019,F01998,Input Purchase,Hybrid Seeds,153 kg,INR 112/-,"INR 17,173/-",BRD-DWS
T007292,04/14/2020,f01999,FPO_DELIVERY,Sarson,1.36 q,"INR 5,505/-","INR 7,487/-",BRD-DWS
T007293,05/01/2020,F01999,delivery,Sarson,0.49 q,"INR 5,505/-","INR 2,697/-",BRD-DWS
T007294,12/17/2019, F01999 ,input,Fertilizer,244 kgs,INR 37/-,"INR 9,126/-",BRD-DWS
T007295,03/30/2020,F02000,Delivery,mustard (Yellow),384.00 kgs,"INR 5,795/-","INR 22,253/-",BRD-DWS
T007296,12/04/2020,F02002,D,Mustard,4.19 quintals,"INR 5,785/-","INR 24,239/-",BRD-DWS
T007297,04/08/2020,F02002,FPO_DELIVERY,mustard (Yellow),245 kg,"INR 5,785/-","INR 14,173/-",BRD-DWS
T007298,03/31/2020,F02002,Delivery,mustard (Yellow),0.38 q,"INR 5,785/-","INR 2,198/-",BRD-DWS
T007299,04/30/2020,F02002,FPO_DELIVERY,WHEAT,"1,215.00 kgs","INR 2,340/-","INR 28,431/-",BRD-DWS
T007300,04/05/2020,F02002,loan,EMI,,,"INR 2,000/-",BRD-DWS
T007301,04/20/2020,F02008,FPO_DELIVERY,mustard (Yellow),5.0 qtl,"INR 6,000/-","INR 30,180/-",BRD-DWS
T007302,05/08/2020,F02008,D,Mustard,0.05 quintals,"INR 6,000/-",INR 300/-,BRD-DWS
T007303,01/07/2020,F02008,Input Purchase,Urea,93 kg,INR 55/-,"INR 5,080/-",BRD-DWS
T007304,12/27/2019,F02008,Input Purchase,Fertilizer,253 kgs,INR 35/-,"INR 8,847/-",BRD-DWS
T007305,12/05/2019,F02008,FERT_PURCHASE,SEEDS,44 kg,INR 123/-,"INR 5,409/-",BRD-DWS
T007306,01/06/2020,F02008,I,PPC,128 kgs,INR 605/-,"INR 77,469/-",BRD-DWS
T007307,03/10/2020,F02012,Delivery,MUSTARD,540 kg,"INR 5,740/-","INR 30,996/-",BRD-DWS
T007308,04/22/2020,F02012,FPO_DELIVERY,MUSTARD,589 kg,"INR 5,740/-","INR 33,809/-",BRD-DWS
T007309,01/12/2020,f02012,FERT_PURCHASE,Urea,148 kg,INR 58/-,"INR 8,588/-",BRD-DWS
T007310,12/28/2019,f02012,I,SEEDS,290 kg,INR 71/-,"INR 20,451/-",BRD-DWS
T007311,05/08/2020,f02012,loan,Loan Repayment,,,"INR 5,300/-",BRD-DWS
T007312,03/01/2020,F02012,L,EMI,,,"INR 2,000/-",BRD-DWS
T007313,04/14/2020,F02013,D,Sarson,11.46 q,"INR 6,135/-","INR 70,307/-",BRD-DWS
T007314,12/30/2019,F02013,Input Purchase,SEEDS,169 kg,INR 60/-,"INR 10,201/-",BRD-DWS
T007315,05/08/2020,F02016,FPO_DELIVERY,Sarson,"1,468.00 kgs","INR 5,940/-","INR 87,199/-",BRD-DWS
T007316,06/03/2020,F02016,FPO_DELIVERY,Lokwan Wheat,25.86 quintals,"INR 2,370/-","INR 61,288/-",BRD-DWS
T007317,03/06/2020,F02016,FPO_DELIVERY,Wheat,0.1 qtl,"INR 2,370/-",INR 284/-,BRD-DWS
T007318,04/03/2020,F02016,FPO_DELIVERY,Lokwan Wheat,13.62 q,"INR 2,370/-","INR 32,279/-",BRD-DWS
T007319,12/24/2019,F02016,input,FERTILIZER 50kg bag,96 kg,INR 50/-,"INR 4,754/-",BRD-DWS
T007320,01/12/2019,F02016,INPUT_PURCHASE,Hybrid Seeds,38 kgs,INR 61/-,"INR 2,305/-",BRD-DWS
T007321,12/09/2019,F02016,FERT_PURCHASE,PP chemicals,30 kgs,INR 438/-,"INR 13,138/-",BRD-DWS
T007322,26/04/2020,F02017,DELIVERY,MUSTARD,438 kg,"INR 5,865/-","INR 25,689/-",BRD-DWS
T007323,12/25/2019,F02017,input,NPK 10:26:26,119 kg,INR 43/-,"INR 5,123/-",BRD-DWS
T007324,12/07/2019,F02017,Input Purchase,Hybrid Seeds,314 kg,INR 103/-,"INR 32,348/-",BRD-DWS
T007325,12/07/2019,F02017,I,Urea,275 kgs,INR 54/-,"INR 14,880/-",BRD-DWS
T007326,03/30/2020,F02019,delivery,Yellow Mustard,1.46 t,"INR 6,005/-","INR 87,793/-",BRD-DWS
T007327,03/10/2020,f02019,Delivery,Yellow Mustard,"1,036.00 kgs","INR 6,005/-","INR 62,212/-",BRD-DWS
T007328,04/18/2020,F02020,delivery,mustard (Yellow),2820 kg,"INR 5,645/-","INR 1,59,189/-",BRD-DWS
T007329,03/11/2020,F02020,D,Yellow Mustard,766 kg,"INR 5,645/-","INR 43,241/-",BRD-DWS
T007330,12/27/2019,F02020,FERT_PURCHASE,NPK 10:26:26,278 kgs,INR 43/-,"INR 11,857/-",BRD-DWS
T007331,12/13/2019,F02020,I,SEEDS,308 kg,INR 115/-,"INR 35,506/-",BRD-DWS
T007332,01/09/2020,f02020,input,Fertilizer,282 kgs,INR 43/-,"INR 12,134/-",BRD-DWS
T007333,03/29/2020,F02021,DELIVERY,Mustard,5.56 quintals,"INR 5,615/-","INR 31,219/-",BRD-DWS
T007334,04/21/2020,F02021,D,MUSTARD,"1,234.00 kgs","INR 5,615/-","INR 69,289/-",BRD-DWS
T007335,05/12/2020,F02022,FPO_DELIVERY,MUSTARD,423 kg,"INR 5,735/-","INR 24,259/-",BRD-DWS
T007336,04/13/2020,F02022,D,Sarson,2000 kg,"INR 5,735/-","INR 1,14,700/-",BRD-DWS
T007337,03/19/2020,F02024,delivery,mustard (Yellow),4.20 q,"INR 5,985/-","INR 25,137/-",BRD-DWS
T007338,03/23/2020,F02024,FPO_DELIVERY,Yellow Mustard,1233 kg,"INR 5,985/-","INR 73,795/-",BRD-DWS
T007339,17/03/2020,F02026,FPO_DELIVERY,mustard (Yellow),1251 kg,"INR 5,240/-","INR 65,552/-",BRD-DWS
T007340,05/12/2020,F02027,Delivery,Mustard,212.00 kgs,"INR 5,960/-","INR 12,635/-",BRD-DWS
T007341,04/11/2020,F02027,DELIVERY,Sarson,89.00 kgs,"INR 5,960/-","INR 5,304/-",BRD-DWS
T007342,04/18/2020,F02027,FPO_DELIVERY,mustard (Yellow),0.41 q,"INR 5,960/-","INR 2,444/-",BRD-DWS
T007343,12/31/2019,F02027,input,PP chemicals,149 kg,INR 614/-,"INR 91,449/-",BRD-DWS
T007344,03/01/2020,F02027,INPUT_PURCHASE,Fertilizer,178 kg,INR 31/-,"INR 5,564/-",BRD-DWS
T007345,05/31/2020,F02027,loan,EMI,,,"INR 5,300/-",BRD-DWS
T007346,01/23/2020,F02027,LOAN_REPAY,Loan Repayment,,,"INR 3,000/-",BRD-DWS
T007347,03/02/2020,F02028,D,Mustard,20.96 q,"INR 6,215/-","INR 1,30,266/-",BRD-DWS
T007348,03/02/2020,F02029,delivery,mustard (Yellow),7.2 qtl,"INR 5,920/-","INR 42,920/-",BRD-DWS
T007349,04/07/2020,F02030,FPO_DELIVERY,Sarson,383 kg,"INR 5,695/-","INR 21,812/-",BRD-DWS
T007350,04/04/2020,F02030,delivery,Mustard,443.00 kgs,"INR 5,695/-","INR 25,229/-",BRD-DWS
T007351,05/12/2020,F02030,delivery,wheat,19.03 quintals,"INR 2,345/-","INR 44,625/-",BRD-DWS
T007352,04/11/2020,F02030,DELIVERY,Lokwan Wheat,1.49 q,"INR 2,345/-","INR 3,494/-",BRD-DWS
T007353,01/03/2020,F02030,I,FERTILIZER 50kg bag,211 kg,INR 58/-,"INR 12,135/-",BRD-DWS
T007354,12/10/2019,F02030,FERT_PURCHASE,Hybrid Seeds,153 kgs,INR 81/-,"INR 12,379/-",BRD-DWS
T007355,12/13/2019,F02030,INPUT_PURCHASE,NPK 10:26:26,105 kg,INR 38/-,"INR 3,941/-",BRD-DWS
T007356,12/15/2019,f02030,Input Purchase,Seeds,266 kgs,INR 117/-,"INR 31,199/-",BRD-DWS
T007357,04/28/2020,F02031,DELIVERY,MUSTARD,96.00 kgs,"INR 5,935/-","INR 5,698/-",BRD-DWS
T007358,03/06/2020,F02031,D,Yellow Mustard,1401 kg,"INR 5,935/-","INR 83,149/-",BRD-DWS
T007359,05/09/2020,F02031,FPO_DELIVERY,WHEAT,21.84 q,"INR 2,220/-","INR 48,485/-",BRD-DWS
T007360,03/17/2020,F02031,delivery,wheat,17.87 q,"INR 2,220/-","INR 39,671/-",BRD-DWS
T007361,01/13/2020,F02031,input,Fertilizer,197 kgs,INR 29/-,"INR 5,660/-",BRD-DWS
T007362,32/01/2022,F02032,Delivery,Mustard,5.34 quintals,"INR 6,340/-","INR 33,856/-",BRD-DWS
T007363,05/12/2020,F02032,D,Mustard,0.36 q,"INR 6,340/-","INR 2,282/-",BRD-DWS
T007364,12/27/2019,F02032,input,DAP,148 kgs,INR 47/-,"INR 6,978/-",BRD-DWS
T007365,03/30/2020,F02033,DELIVERY,MUSTARD,4.7 qtl,"INR 6,470/-","INR 30,086/-",BRD-DWS
T007366,03/10/2020,F02033,D,Yellow Mustard,7.93 q,"INR 6,470/-","INR 51,307/-",BRD-DWS
T007367,03/18/2020,F02033,DELIVERY,wheat,27.03 q,"INR 2,350/-","INR 63,520/-",BRD-DWS
T007368,03/05/2020,F02033,delivery,WHEAT,1.66 q,"INR 2,350/-","INR 3,901/-",BRD-DWS
T007369,12/29/2019,F02033,INPUT_PURCHASE,DAP,310 kg,INR 40/-,"INR 12,341/-",BRD-DWS
T007370,05/01/2020,F02035,DELIVERY,mustard (Yellow),9.68 q,"INR 6,095/-","INR 59,000/-",BRD-DWS
T007371,04/29/2020,F02035,DELIVERY,MUSTARD,11.5 qtl,"INR 6,095/-","INR 69,910/-",BRD-DWS
T007372,04/05/2020,F02036,Delivery,Sarson,15.66 q,"INR 5,625/-","INR 88,088/-",BRD-DWS
T007373,30/03/2020,F02036,D,WHEAT,43.43 q,"INR 2,310/-","INR 1,00,323/-",BRD-DWS
T007374,22/12/2019,F02036,FERT_PURCHASE,Urea,95 kg,INR 32/-,"INR 3,038/-",BRD-DWS
T007375,05/01/2020, F02038 ,Delivery,Sarson,"1,979.00 kgs","INR 6,300/-","INR 1,24,677/-",BRD-DWS
T007376,17/04/2020,F02038,delivery,Mustard,0.62 MT,"INR 6,300/-","INR 39,249/-",BRD-DWS
T007377,05/03/2020,F02038,Delivery,Lokwan Wheat,6.87 MT,"INR 2,270/-","INR 1,55,904/-",BRD-DWS
T007378,01/07/2020,F02038,INPUT_PURCHASE,SEEDS,252 kg,INR 53/-,"INR 13,301/-",BRD-DWS
T007379,14/12/2019,F02038,Input Purchase,Fertilizer,204 kg,INR 32/-,"INR 6,530/-",BRD-DWS
T007380,03/04/2020,F02038,L,Loan Repayment,,,"INR 7,700/-",BRD-DWS
T007381,03/21/2020,F02038,LOAN_REPAY,Loan Repayment,,,"INR 2,200/-",BRD-DWS
T007382,03/31/2020,F02041,DELIVERY,Mustard,6.17 q,"INR 6,155/-","INR 37,976/-",BRD-DWS
T007383,03/25/2020,F02042,DELIVERY,MUSTARD,6.96 quintals,"INR 5,990/-","INR 41,690/-",BRD-DWS
T007384,04/01/2020,f02042,D,wheat,380.00 kgs,"INR 2,215/-","INR 8,417/-",BRD-DWS
T007385,04/23/2020,F02042,Delivery,wheat,13.36 q,"INR 2,215/-","INR 29,592/-",BRD-DWS
T007386,01/05/2020,F02042,INPUT_PURCHASE,SEEDS,110 kgs,INR 122/-,"INR 13,440/-",BRD-DWS
T007387,03/18/2020,F02043,FPO_DELIVERY,MUSTARD,7.5 qtl,"INR 5,815/-","INR 43,729/-",BRD-DWS
T007388,05/11/2020,F02043,DELIVERY,MUSTARD,209 kg,"INR 5,815/-","INR 12,153/-",BRD-DWS
T007389,03/11/2020,F02043,delivery,Wheat (Durum),1828 kg,"INR 2,220/-","INR 40,582/-",BRD-DWS
T007390,04/28/2020,f02043,Delivery,WHEAT,40.00 kgs,"INR 2,220/-",INR 888/-,BRD-DWS
T007391,12/03/2019,F02043,Input Purchase,SEEDS,229 kgs,INR 114/-,"INR 26,088/-",BRD-DWS
T007392,05/16/2020,F02043,Loan Repayment,Loan Repayment,,,"INR 4,700/-",BRD-DWS
T007393,15/01/2020,F02043,LOAN_REPAY,Loan Repayment,,,"INR 5,600/-",BRD-DWS
T007394,02/28/2020,F02043,loan,EMI,,,"INR 6,200/-",BRD-DWS
T007395,04/24/2020,F02044,delivery,Mustard,132.00 kgs,"INR 6,280/-","INR 8,290/-",BRD-DWS
T007396,05/14/2020,F02044,delivery,Mustard,25.73 quintals,"INR 6,280/-","INR 1,61,584/-",BRD-DWS
T007397,12/12/2019, F02044 ,INPUT_PURCHASE,DAP,64 kg,INR 46/-,"INR 2,936/-",BRD-DWS
T007398,04/02/2020,F02046,D,Yellow Mustard,0.31 MT,"INR 6,255/-","INR 19,140/-",BRD-DWS
T007399,03/12/2020,F02046,D,MUSTARD,"1,241.00 kgs","INR 6,255/-","INR 77,625/-",BRD-DWS
T007400,01/09/2020,F02046,INPUT_PURCHASE,Urea,96 kg,INR 50/-,"INR 4,776/-",BRD-DWS
T007401,03/10/2020,F02046,loan,EMI,,,"INR 4,000/-",BRD-DWS
T007402,04/22/2020,F02049,Delivery,Yellow Mustard,12.74 quintals,"INR 5,680/-","INR 72,363/-",BRD-DWS
T007403,02/26/2020,F02049,L,EMI,,,INR 800/-,BRD-DWS
T007404,03/06/2020,F02050,DELIVERY,MUSTARD,6.2 qtl,"INR 5,800/-","INR 35,960/-",BRD-DWS
T007405,05/09/2020,F02050,FPO_DELIVERY,Lokwan Wheat,6.62 quintals,"INR 2,350/-","INR 15,557/-",BRD-DWS
T007406,03/08/2020,F02050,FPO_DELIVERY,WHEAT,6.4 qtl,"INR 2,350/-","INR 15,134/-",BRD-DWS
T007407,03/17/2020,F02050,FPO_DELIVERY,Lokwan Wheat,2.23 quintals,"INR 2,350/-","INR 5,240/-",BRD-DWS
T007408,01/03/2020,F02050,FERT_PURCHASE,DAP,84 kgs,INR 60/-,"INR 5,026/-",BRD-DWS
T007409,05/11/2020,F02051,delivery,MUSTARD,0.49 t,"INR 5,605/-","INR 27,465/-",BRD-DWS
T007410,12/12/2019,F02051,INPUT_PURCHASE,Seeds,173 kg,INR 52/-,"INR 9,077/-",BRD-DWS
T007411,05/01/2020,F02052,FPO_DELIVERY,Yellow Mustard,1196 kg,"INR 6,060/-","INR 72,478/-",BRD-DWS
T007412,04/27/2020,F02052,delivery,wheat,3044 kg,"INR 2,210/-","INR 67,272/-",BRD-DWS
T007413,01/01/2020,F02052,FERT_PURCHASE,PPC,200 kg,INR 544/-,"INR 1,08,758/-",BRD-DWS
T007414,12/02/2019,F02052,FERT_PURCHASE,NPK 10:26:26,309 kg,INR 34/-,"INR 10,645/-",BRD-DWS
T007415,25/12/2019,F02052,input,FERTILIZER 50kg bag,106 kg,INR 42/-,"INR 4,489/-",BRD-DWS
T007416,01/15/2020,f02052,FERT_PURCHASE,PP chemicals,302 kgs,INR 629/-,"INR 1,90,100/-",BRD-DWS
T007417,04/11/2020,F02053,DELIVERY,Mustard,563.00 kgs,"INR 5,845/-","INR 32,907/-",BRD-DWS
T007418,05/09/2020,f02053,DELIVERY,Sarson,0.9 qtl,"INR 5,845/-","INR 5,319/-",BRD-DWS
T007419,12/13/2019,F02053,I,FERTILIZER 50kg bag,285 kgs,INR 53/-,"INR 15,173/-",BRD-DWS
T007420,04/21/2020,F02054,DELIVERY,MUSTARD,"3,243.00 kgs","INR 5,785/-","INR 1,87,608/-",BRD-DWS
T007421,12/30/2019,F02054,Input Purchase,Fertilizer,292 kgs,INR 42/-,"INR 12,214/-",BRD-DWS
T007422,01/08/2020,F02054,INPUT_PURCHASE,Fertilizer,166 kgs,INR 51/-,"INR 8,537/-",BRD-DWS
T007423,21/03/2020,F02055,D,Mustard,923 kg,"INR 6,165/-","INR 56,903/-",BRD-DWS
T007424,02/06/2020,F02055,Loan Repayment,Loan Repayment,,,"INR 5,300/-",BRD-DWS
T007425,04/20/2020,f02057,D,mustard (Yellow),784 kg,"INR 5,910/-","INR 46,334/-",BRD-DWS
T007426,03/15/2020,F02057,Delivery,WHEAT,"1,899.00 kgs","INR 2,380/-","INR 45,196/-",BRD-DWS
T007427,12/31/2019,F02057,Loan Repayment,Loan Repayment,,,"INR 5,500/-",BRD-DWS
T007428,02/26/2020,F02057,L,Loan Repayment,,,"INR 7,700/-",BRD-DWS
T007429,05/12/2019,F02057,LOAN_REPAY,EMI,,,₹ N/A,BRD-DWS
T007430,05/02/2020,F02058,DELIVERY,Yellow Mustard,4.2 qtl,"INR 6,000/-","INR 25,140/-",BRD-DWS
T007431,04/10/2020,f02060,Delivery,Sarson,22.3 qtl,"INR 6,220/-","INR 1,38,519/-",BRD-DWS
T007432,03/31/2020,F02060,delivery,Yellow Mustard,13.05 quintals,"INR 6,220/-","INR 81,171/-",BRD-DWS
T007433,04/13/2020,F02060,DELIVERY,WHEAT,"7,686.00 kgs","INR 2,305/-","INR 1,77,162/-",BRD-DWS
T007434,12/31/2019,F02060,INPUT_PURCHASE,DAP,314 kg,INR 47/-,"INR 14,843/-",BRD-DWS
T007435,02/29/2020,f02061,D,Yellow Mustard,"1,464.00 kgs","INR 5,990/-","INR 87,694/-",BRD-DWS
T007436,12/23/2019,F02061,I,Seeds,45 kgs,INR 48/-,"INR 2,146/-",BRD-DWS
T007949,04/30/2020,F02227,delivery,MUSTARD,205 kg,"INR 5,580/-","INR 11,439/-",BRD-DWS
T007950,04/24/2020,f02227,DELIVERY,mustard (Yellow),562 kg,"INR 5,580/-","INR 31,360/-",BRD-DWS
T007951,03/18/2020,F02227,FPO_DELIVERY,mustard (Yellow),497.00 kgs,"INR 5,580/-","INR 27,733/-",BRD-DWS
T007958,04/10/2020,F02231,FPO_DELIVERY,MUSTARD,0.32 q,"INR 5,765/-","INR 1,845/-",BRD-DWS
T007959,03/06/2020, F02231 ,Delivery,Mustard,8.4 qtl,"INR 5,765/-","INR 48,599/-",BRD-DWS
T007960,03/22/2020, F02231 ,DELIVERY,Yellow Mustard,4.91 quintals,"INR 5,765/-","INR 28,306/-",BRD-DWS
T007961,12/15/2019,F02231,input,Seeds,257 kgs,INR 67/-,"INR 17,173/-",BRD-DWS
T007962,12/15/2019,F02231,FERT_PURCHASE,Hybrid Seeds,39 kgs,INR 55/-,"INR 2,158/-",BRD-DWS
T007963,12/14/2019,F02231,input,Fertilizer,97 kg,INR 54/-,"INR 5,218/-",BRD-DWS
T007964,02/25/2020,F02231,Loan Repayment,EMI,,,"INR 4,700/-",BRD-DWS
T007995,05/08/2020,F02243,FPO_DELIVERY,Mustard,383 kg,"INR 6,130/-","INR 23,478/-",BRD-DWS
T007996,05/03/2020,f02243,FPO_DELIVERY,mustard (Yellow),17.55 q,"INR 6,130/-","INR 1,07,582/-",BRD-DWS
T007997,12/31/2019,F02243,FERT_PURCHASE,Seeds,315 kg,INR 121/-,"INR 38,187/-",BRD-DWS
T007998,02/20/2020,F02243,L,Loan Repayment,,,"INR 6,400/-",BRD-DWS
T007999,03/22/2020,f02243,LOAN_REPAY,EMI,,,"INR 5,200/-",BRD-DWS
T008013,04/15/2020,F02249,D,Sarson,847 kg,"INR 5,710/-","INR 48,364/-",BRD-DWS
T008014,03/25/2020,F02249,DELIVERY,Mustard,"1,480.00 kgs","INR 5,710/-","INR 84,508/-",BRD-DWS
T008015,12/08/2019,F02249,Input Purchase,SEEDS,239 kgs,INR 112/-,"INR 26,840/-",BRD-DWS
T008016,04/25/2020,F02250,DELIVERY,Sarson,1452 kg,"INR 5,645/-","INR 81,965/-",BRD-DWS
T008044,04/30/2020,f02259,D,Mustard,824.00 kgs,"INR 5,855/-","INR 48,245/-",BRD-DWS
T008045,04/23/2020,F02259,delivery,Sarson,8.34 quintals,"INR 5,855/-","INR 48,831/-",BRD-DWS
T008046,01/10/2020,F02259,I,FERTILIZER 50kg bag,163 kgs,INR 46/-,"INR 7,441/-",BRD-DWS
T008047,12/11/2019,F02259,FERT_PURCHASE,DAP,94 kg,INR 40/-,"INR 3,765/-",BRD-DWS
T008048,10/12/2019,F02259,input,Bio-pesticide,119 kg,INR 389/-,"INR 46,327/-",BRD-DWS
T008049,01/02/2020,F02259,FERT_PURCHASE,Urea,197 kgs,INR 56/-,"INR 10,943/-",BRD-DWS
T008050,12/12/2019,F02259,FERT_PURCHASE,DAP,191 kg,INR 48/-,"INR 9,153/-",BRD-DWS
T008051,01/22/2020,F02259,loan,EMI,,,"INR 7,700/-",BRD-DWS
T008080,03/26/2020,F02267,DELIVERY,Yellow Mustard,0.80 MT,"INR 6,005/-","INR 48,160/-",BRD-DWS
T008081,03/24/2020,F02267,Delivery,MUSTARD,1.5 qtl,"INR 6,005/-","INR 9,008/-",BRD-DWS
T008082,01/12/2020,F02267,INPUT_PURCHASE,Seeds,307 kg,INR 89/-,"INR 27,443/-",BRD-DWS
T008083,01/09/2020, F02267 ,Input Purchase,Bio-pesticide,215 kg,INR 438/-,"INR 94,222/-",BRD-DWS
T008115,04/18/2020,F02275,Delivery,Mustard,570 kg,"INR 6,010/-","INR 34,257/-",BRD-DWS
T008116,03/05/2020,F02275,delivery,Mustard,2.89 q,"INR 6,010/-","INR 17,369/-",BRD-DWS
T008117,01/04/2020,f02275,INPUT_PURCHASE,FERTILIZER 50kg bag,245 kgs,INR 39/-,"INR 9,614/-",BRD-DWS
T008152,04/16/2020,F02284,FPO_DELIVERY,Sarson,0.81 MT,"INR 5,965/-","INR 48,078/-",BRD-DWS
T008153,03/11/2020,F02284,Delivery,MUSTARD,571.00 kgs,"INR 5,965/-","INR 34,060/-",BRD-DWS
T008154,12/04/2019,F02284,I,Hybrid Seeds,204 kgs,INR 47/-,"INR 9,682/-",BRD-DWS
T008182,03/19/2020,f02293,delivery,Mustard,0.1 qtl,"INR 5,855/-",INR 586/-,BRD-DWS
T008183,03/15/2020,F02293,FPO_DELIVERY,Mustard,13.40 q,"INR 5,855/-","INR 78,457/-",BRD-DWS
T008184,12/25/2019,F02293,INPUT_PURCHASE,FERTILIZER 50kg bag,226 kgs,INR 33/-,"INR 7,372/-",BRD-DWS
T010048,10/28/2020,F01912,FPO_DELIVERY,SOYABEAN,31.95 q,"INR 5,205/-","INR 1,66,300/-",BRD-DWS
T010049,11/15/2020,f01912,DELIVERY,SOYABEAN,0.43 MT,"INR 5,205/-","INR 22,642/-",BRD-DWS
T010050,06/16/2020,F01912,Input Purchase,SEEDS,58 kgs,INR 58/-,"INR 3,358/-",BRD-DWS
T010051,11/18/2020, F01913 ,Delivery,Soybean,945.00 kgs,"INR 5,285/-","INR 49,943/-",BRD-DWS
T010052,06/28/2020,f01913,I,DAP,120 kgs,INR 42/-,"INR 4,984/-",BRD-DWS
T010053,06/23/2020,F01913,input,Urea,269 kg,INR 55/-,"INR 14,771/-",BRD-DWS
T010054,06/22/2020,F01913,I,NPK 10:26:26,311 kgs,INR 30/-,"INR 9,461/-",BRD-DWS
T010055,10/29/2020,F01914,DELIVERY,soya,9.31 q,"INR 5,130/-","INR 47,760/-",BRD-DWS
T010056,06/13/2020,F01914,I,DAP,135 kg,INR 42/-,"INR 5,716/-",BRD-DWS
T010057,11/08/2020, F01915 ,delivery,Soybean,20.46 quintals,"INR 4,555/-","INR 93,195/-",BRD-DWS
T010058,11/22/2020,F01916,FPO_DELIVERY,soya,3684 kg,"INR 4,990/-","INR 1,83,832/-",BRD-DWS
T010059,06/12/2020,F01916,I,SEEDS,177 kg,INR 89/-,"INR 15,744/-",BRD-DWS
T010060,04/07/2020,F01916,I,Bio-pesticide,38 kgs,INR 645/-,"INR 24,502/-",BRD-DWS
T010061,11/24/2020,f01917,delivery,Soybean,216 kg,"INR 4,860/-","INR 10,498/-",BRD-DWS
T010062,10/09/2020,F01917,D,Soybean,0.30 MT,"INR 4,860/-","INR 14,580/-",BRD-DWS
T010063,10/05/2020,F01918,FPO_DELIVERY,Soybean (Yellow),2.5 qtl,"INR 4,810/-","INR 11,833/-",BRD-DWS
T010064,10/12/2020,F01918,DELIVERY,soya,604.00 kgs,"INR 4,810/-","INR 29,052/-",BRD-DWS
T010065,07/14/2020,f01918,FERT_PURCHASE,DAP,278 kg,INR 34/-,"INR 9,505/-",BRD-DWS
T010066,06/05/2020,F01918,I,FERTILIZER 50kg bag,201 kgs,INR 39/-,"INR 7,909/-",BRD-DWS
T010067,11/27/2020,F01918,LOAN_REPAY,Loan Repayment,,,"INR 2,800/-",BRD-DWS
T010068,11/01/2020,f01918,Loan Repayment,EMI,,,"INR 1,800/-",BRD-DWS
T010069,09/06/2020,F01918,Loan Repayment,Loan Repayment,,,"INR 3,600/-",BRD-DWS
T010070,10/03/2020,F01920,D,Soybean (Yellow),1069 kg,"INR 4,770/-","INR 50,991/-",BRD-DWS
T010071,11/25/2020,F01920,DELIVERY,Soybean (Yellow),0.1 qtl,"INR 4,770/-",INR 382/-,BRD-DWS
T010072,11/12/2020,F01921,Delivery,soya,444 kg,"INR 5,115/-","INR 22,711/-",BRD-DWS
T010073,10/14/2020,F01921,delivery,Soybean,880 kg,"INR 5,115/-","INR 45,012/-",BRD-DWS
T010074,06/12/2020,F01921,input,SEEDS,79 kgs,INR 105/-,"INR 8,299/-",BRD-DWS
T010075,10/31/2020,F01922,D,Soybean (Yellow),7.97 q,"INR 4,820/-","INR 38,415/-",BRD-DWS
T010076,11/04/2020,f01922,DELIVERY,SOYABEAN,2.77 quintals,"INR 4,820/-","INR 13,351/-",BRD-DWS
T010077,10/20/2020,f01922,FPO_DELIVERY,Soybean (Yellow),1231 kg,"INR 4,820/-","INR 59,334/-",BRD-DWS
T010078,07/05/2020,F01922,INPUT_PURCHASE,NPK 10:26:26,86 kg,INR 48/-,"INR 4,090/-",BRD-DWS
T010079,11/13/2020,F01922,loan,Loan Repayment,,,"INR 2,600/-",BRD-DWS
T010080,06/15/2020,F01922,loan,EMI,,,"INR 4,500/-",BRD-DWS
T010081,11/19/2020,F01922,loan,EMI,,,"INR 7,100/-",BRD-DWS
T010082,23/07/2020, F01922 ,L,Loan Repayment,,,"INR 3,600/-",BRD-DWS
T010083,10/10/2020,F01924,Delivery,Soybean (Yellow),1689 kg,"INR 5,190/-","INR 87,659/-",BRD-DWS
T010084,11/06/2020,F01924,delivery,SOYABEAN,252 kg,"INR 5,190/-","INR 13,079/-",BRD-DWS
T010085,06/23/2020,F01924,FERT_PURCHASE,Fertilizer,287 kgs,INR 58/-,"INR 16,778/-",BRD-DWS
T010086,06/23/2020,F01924,Input Purchase,Hybrid Seeds,255 kgs,INR 102/-,"INR 26,138/-",BRD-DWS
T010087,10/07/2020,F01925,Delivery,Soybean,13.48 q,"INR 5,165/-","INR 69,624/-",BRD-DWS
T010088,11/26/2020,F01925,Delivery,soya,99 kg,"INR 5,165/-","INR 5,113/-",BRD-DWS
T010089,07/22/2020,F01925,L,EMI,,,"INR 4,100/-",BRD-DWS
T010090,10/26/2020,F01926,Delivery,soya,761 kg,"INR 4,960/-","INR 37,746/-",BRD-DWS
T010091,11/13/2020,F01926,DELIVERY,Soybean,15.18 q,"INR 4,960/-","INR 75,293/-",BRD-DWS
T010092,06/21/2020,F01926,I,NPK 10:26:26,98 kg,INR 59/-,"INR 5,771/-",BRD-DWS
T010093,06/26/2020,F01926,FERT_PURCHASE,PP chemicals,44 kgs,INR 589/-,"INR 25,897/-",BRD-DWS
T010094,06/16/2020,f01926,input,DAP,49 kgs,INR 59/-,"INR 2,870/-",BRD-DWS
T010095,06/28/2020,F01926,input,DAP,301 kg,INR 55/-,"INR 16,657/-",BRD-DWS
T010096,06/28/2020,F01926,Input Purchase,DAP,45 kgs,INR 37/-,"INR 1,658/-",BRD-DWS
T010097,06/11/2020,F01926,FERT_PURCHASE,DAP,298 kg,INR 39/-,"INR 11,708/-",BRD-DWS
T010098,10/09/2020,F01927,delivery,Soybean (Yellow),0.60 MT,"INR 4,990/-","INR 30,040/-",BRD-DWS
T010099,11/03/2020,F01927,D,SOYABEAN,704.00 kgs,"INR 4,990/-","INR 35,130/-",BRD-DWS
T010100,06/22/2020,F01927,input,Urea,206 kgs,INR 57/-,"INR 11,641/-",BRD-DWS
T010101,11/29/2020,f01928,FPO_DELIVERY,Soybean,155.00 kgs,"INR 4,880/-","INR 7,564/-",BRD-DWS
T010102,18/11/2020,F01928,D,Soybean,27.56 q,"INR 4,880/-","INR 1,34,493/-",BRD-DWS
T010103,07/03/2020,F01928,Input Purchase,SEEDS,151 kgs,INR 52/-,"INR 7,887/-",BRD-DWS
T010104,11/05/2020,F01929,delivery,soya,782 kg,"INR 4,905/-","INR 38,357/-",BRD-DWS
T010105,06/22/2020,F01929,I,SEEDS,89 kg,INR 101/-,"INR 9,023/-",BRD-DWS
T010106,07/11/2020,F01929,Input Purchase,Seeds,217 kg,INR 66/-,"INR 14,331/-",BRD-DWS
T010107,10/10/2020,F01929,L,Loan Repayment,,,"INR 4,400/-",BRD-DWS
T010108,11/10/2020,f01931,D,Soybean,11.01 q,"INR 5,230/-","INR 57,582/-",BRD-DWS
T010109,07/06/2020,F01931,I,Fertilizer,78 kgs,INR 40/-,"INR 3,083/-",BRD-DWS
T010110,06/10/2020,F01931,Input Purchase,Seeds,198 kgs,INR 108/-,"INR 21,334/-",BRD-DWS
T010111,27/10/2020,f01932,delivery,Soybean (Yellow),8.6 qtl,"INR 5,225/-","INR 44,935/-",BRD-DWS
T010112,10/23/2020,F01932,Delivery,Soybean (Yellow),2.13 q,"INR 5,225/-","INR 11,129/-",BRD-DWS
T010113,05/06/2020,F01932,I,NPK 10:26:26,55 kgs,INR 36/-,"INR 1,999/-",BRD-DWS
T010114,07/12/2020,F01932,I,SEEDS,254 kg,INR 60/-,"INR 15,189/-",BRD-DWS
T010115,10/19/2020,F01933,Delivery,SOYABEAN,0.32 t,"INR 5,055/-","INR 16,277/-",BRD-DWS
T010116,10/27/2020,F01933,delivery,soya,360.00 kgs,"INR 5,055/-","INR 18,198/-",BRD-DWS
T010117,06/12/2020,F01933,FERT_PURCHASE,Bio-pesticide,126 kg,INR 265/-,"INR 33,372/-",BRD-DWS
T010118,02/07/2020,f01933,I,DAP,137 kg,INR 30/-,"INR 4,066/-",BRD-DWS
T010119,09/19/2020,F01933,Loan Repayment,EMI,,,"INR 3,800/-",BRD-DWS
T010120,11/17/2020,F01933,Loan Repayment,EMI,,,"INR 6,000/-",BRD-DWS
T010121,06/10/2020,F01933,Loan Repayment,EMI,,,"INR 2,300/-",BRD-DWS
T010122,11/14/2020,F01934,D,Soybean (Yellow),3.46 q,"INR 5,415/-","INR 18,736/-",BRD-DWS
T010123,11/24/2020,F01934,D,SOYABEAN,5.81 q,"INR 5,415/-","INR 31,461/-",BRD-DWS
T010124,11/15/2020,F01934,Delivery,Soybean,4.35 quintals,"INR 5,415/-","INR 23,555/-",BRD-DWS
T010125,06/23/2020,F01934,FERT_PURCHASE,SEEDS,182 kgs,INR 94/-,"INR 17,132/-",BRD-DWS
T010126,10/08/2020,F01934,LOAN_REPAY,Loan Repayment,,,"INR 3,500/-",BRD-DWS
T010127,11/10/2020,F01934,Loan Repayment,Loan Repayment,,,"INR 6,100/-",BRD-DWS
T010128,11/27/2020,F01935,FPO_DELIVERY,Soybean (Yellow),11.11 quintals,"INR 5,200/-","INR 57,772/-",BRD-DWS
T010129,06/30/2020,f01935,Input Purchase,Urea,217 kgs,INR 53/-,"INR 11,564/-",BRD-DWS
T010130,06/19/2020,F01935,FERT_PURCHASE,Hybrid Seeds,36 kg,INR 113/-,"INR 4,083/-",BRD-DWS
T010131,10/13/2020,F01937,Delivery,Soybean (Yellow),8.7 qtl,"INR 5,160/-","INR 45,098/-",BRD-DWS
T010132,10/27/2020,F01937,DELIVERY,Soybean (Yellow),9.45 q,"INR 5,160/-","INR 48,762/-",BRD-DWS
T010133,06/27/2020,F01937,INPUT_PURCHASE,NPK 10:26:26,112 kg,INR 39/-,"INR 4,328/-",BRD-DWS
T010134,06/11/2020,F01937,FERT_PURCHASE,DAP,271 kgs,INR 41/-,"INR 11,114/-",BRD-DWS
T010135,06/27/2020,F01937,input,PPC,122 kgs,INR 182/-,"INR 22,171/-",BRD-DWS
T010136,06/05/2020,F01937,Input Purchase,FERTILIZER 50kg bag,312 kgs,INR 31/-,"INR 9,538/-",BRD-DWS
T010137,10/12/2020,F01937,LOAN_REPAY,EMI,,,"INR 5,900/-",BRD-DWS
T010138,08/24/2020,F01937,L,Loan Repayment,,,"INR 2,000/-",BRD-DWS
T010139,09/05/2020,F01937,Loan Repayment,Loan Repayment,,,"INR 7,100/-",BRD-DWS
T010140,08/27/2020,F01937,loan,Loan Repayment,,,"INR 4,100/-",BRD-DWS
T010141,10/26/2020,F01937,L,EMI,,,"INR 7,700/-",BRD-DWS
T010142,11/30/2020,F01939,FPO_DELIVERY,Soybean,1452 kg,"INR 5,040/-","INR 73,181/-",BRD-DWS
T010143,10/10/2020,F01939,delivery,Soybean (Yellow),290.00 kgs,"INR 5,040/-","INR 14,616/-",BRD-DWS
T010144,06/08/2020,F01939,Input Purchase,DAP,157 kgs,INR 49/-,"INR 7,746/-",BRD-DWS
T010145,06/05/2020,F01939,Input Purchase,DAP,305 kg,INR 58/-,"INR 17,717/-",BRD-DWS
T010146,11/08/2020,F01940,FPO_DELIVERY,soya,1188 kg,"INR 5,180/-","INR 61,538/-",BRD-DWS
T010147,06/28/2020,F01940,INPUT_PURCHASE,DAP,307 kg,INR 48/-,"INR 14,797/-",BRD-DWS
T010148,06/03/2020,F01940,Input Purchase,Bio-pesticide,163 kg,INR 663/-,"INR 1,08,146/-",BRD-DWS
T010149,07/08/2020, F01940 ,FERT_PURCHASE,FERTILIZER 50kg bag,122 kgs,INR 38/-,"INR 4,620/-",BRD-DWS
T010150,06/08/2020,F01940,input,Bio-pesticide,202 kgs,INR 626/-,"INR 1,26,490/-",BRD-DWS
T010151,07/14/2020,f01940,INPUT_PURCHASE,NPK 10:26:26,117 kg,INR 58/-,"INR 6,767/-",BRD-DWS
T010152,10/13/2020,F01948,FPO_DELIVERY,SOYABEAN,14.27 q,"INR 4,980/-","INR 71,065/-",BRD-DWS
T010153,06/22/2020,F01948,loan,Loan Repayment,,,"INR 7,500/-",BRD-DWS
T010154,11/10/2020,F01949,DELIVERY,soya,4.3 qtl,"INR 4,955/-","INR 21,207/-",BRD-DWS
T010155,11/18/2020,F01949,D,Soybean,516.00 kgs,"INR 4,955/-","INR 25,568/-",BRD-DWS
T010156,11/29/2020,F01949,Delivery,Soybean (Yellow),0.70 q,"INR 4,955/-","INR 3,468/-",BRD-DWS
T010157,07/10/2020,F01949,input,DAP,54 kg,INR 31/-,"INR 1,656/-",BRD-DWS
T010158,11/03/2020,F01951,Delivery,Soybean,45 kg,"INR 5,265/-","INR 2,369/-",BRD-DWS
T010159,11/26/2020,F01951,FPO_DELIVERY,Soybean,2797 kg,"INR 5,265/-","INR 1,47,262/-",BRD-DWS
T010160,06/24/2020,F01951,FERT_PURCHASE,Hybrid Seeds,30 kg,INR 46/-,"INR 1,369/-",BRD-DWS
T010161,06/19/2020,F01951,I,FERTILIZER 50kg bag,153 kg,INR 57/-,"INR 8,660/-",BRD-DWS
T010162,11/22/2020,F01952,D,SOYABEAN,"1,240.00 kgs","INR 5,155/-","INR 63,922/-",BRD-DWS
T010163,06/11/2020,F01952,LOAN_REPAY,Loan Repayment,,,"INR 5,100/-",BRD-DWS
T010164,11/21/2020,F01952,L,EMI,,,"INR 4,900/-",BRD-DWS
T010165,10/08/2020,F01952,Loan Repayment,Loan Repayment,,,"INR 6,900/-",BRD-DWS
T010166,10/20/2020,F01954,D,soya,74.00 kgs,"INR 4,885/-","INR 3,615/-",BRD-DWS
T010167,11/10/2020,F01954,Delivery,SOYABEAN,295 kg,"INR 4,885/-","INR 14,411/-",BRD-DWS
T010168,06/01/2020,F01954,input,Seeds,309 kg,INR 77/-,"INR 23,706/-",BRD-DWS
T010169,06/03/2020,F01954,I,Seeds,230 kg,INR 66/-,"INR 15,070/-",BRD-DWS
T010170,10/20/2020,F01957,delivery,Soybean,5.60 quintals,"INR 5,395/-","INR 30,212/-",BRD-DWS
T010171,10/16/2020,F01957,FPO_DELIVERY,soya,37.00 kgs,"INR 5,395/-","INR 1,996/-",BRD-DWS
T010172,07/01/2020, F01957 ,FERT_PURCHASE,PPC,124 kg,INR 490/-,"INR 60,705/-",BRD-DWS
T010173,11/26/2020, F01958 ,D,soya,723 kg,"INR 5,080/-","INR 36,728/-",BRD-DWS
T010174,10/31/2020, F01959 ,Delivery,SOYABEAN,1080 kg,"INR 5,365/-","INR 57,942/-",BRD-DWS
T010175,11/19/2020,F01959,FPO_DELIVERY,SOYABEAN,185 kg,"INR 5,365/-","INR 9,925/-",BRD-DWS
T010176,07/10/2020,F01963,DELIVERY,Soybean,1.32 MT,"INR 4,980/-","INR 65,786/-",BRD-DWS
T010177,25/10/2020,F01963,D,Soybean (Yellow),0.34 t,"INR 4,980/-","INR 16,783/-",BRD-DWS
T010178,10/13/2020,F01963,delivery,Soybean (Yellow),460.00 kgs,"INR 4,980/-","INR 22,908/-",BRD-DWS
T010179,07/05/2020,F01963,INPUT_PURCHASE,Hybrid Seeds,81 kg,INR 85/-,"INR 6,918/-",BRD-DWS
T010180,11/02/2020,F01964,DELIVERY,SOYABEAN,8.82 quintals,"INR 5,115/-","INR 45,114/-",BRD-DWS
T010181,11/04/2020,F01964,FPO_DELIVERY,Soybean,140.00 kgs,"INR 5,115/-","INR 7,161/-",BRD-DWS
T010182,06/18/2020,F01964,input,SEEDS,173 kg,INR 49/-,"INR 8,489/-",BRD-DWS
T010183,07/09/2020,F01964,I,Fertilizer,310 kgs,INR 32/-,"INR 9,970/-",BRD-DWS
T010184,06/27/2020,F01964,input,Fertilizer,198 kg,INR 59/-,"INR 11,682/-",BRD-DWS
T010185,07/12/2020,F01964,Loan Repayment,EMI,,,"INR 5,000/-",BRD-DWS
T010186,11/27/2020, F01966 ,DELIVERY,Soybean (Yellow),26.53 q,"INR 5,250/-","INR 1,39,282/-",BRD-DWS
T010187,07/29/2020,F01966,L,EMI,,,"INR 5,800/-",BRD-DWS
T010188,11/19/2020, F01968 ,FPO_DELIVERY,soya,337 kg,"INR 5,015/-","INR 16,901/-",BRD-DWS
T010189,14/10/2020,f01968,D,SOYABEAN,5.40 quintals,"INR 5,015/-","INR 27,081/-",BRD-DWS
T010190,10/11/2020,F01969,D,Soybean (Yellow),718 kg,"INR 5,010/-","INR 35,972/-",BRD-DWS
T010191,10/14/2020,F01969,D,Soybean (Yellow),0.1 qtl,"INR 5,010/-",INR 551/-,BRD-DWS
T010192,10/05/2020,F01969,FPO_DELIVERY,Soybean (Yellow),282 kg,"INR 5,010/-","INR 14,128/-",BRD-DWS
T010193,10/16/2020,F01970,DELIVERY,soya,372 kg,"INR 5,165/-","INR 19,214/-",BRD-DWS
T010194,10/01/2020,F01970,FPO_DELIVERY,Soybean,6.10 q,"INR 5,165/-","INR 31,506/-",BRD-DWS
T010195,06/05/2020,F01970,Input Purchase,FERTILIZER 50kg bag,218 kg,INR 53/-,"INR 11,626/-",BRD-DWS
T010196,10/03/2020,F01972,delivery,Soybean,573.00 kgs,"INR 4,910/-","INR 28,134/-",BRD-DWS
T010197,20/06/2020,F01972,Input Purchase,Seeds,249 kgs,INR 75/-,"INR 18,625/-",BRD-DWS
T010198,07/12/2020,F01972,INPUT_PURCHASE,Seeds,112 kg,INR 109/-,"INR 12,154/-",BRD-DWS
T010199,20/10/2020,F01973,Delivery,SOYABEAN,"2,129.00 kgs","INR 5,350/-","INR 1,13,902/-",BRD-DWS
T010200,11/19/2020,F01974,Delivery,soya,6.32 quintals,"INR 5,125/-","INR 32,390/-",BRD-DWS
T010201,06/12/2020,F01974,Input Purchase,Seeds,233 kg,INR 91/-,"INR 21,121/-",BRD-DWS
T010202,06/04/2020,F01974,Input Purchase,Urea,257 kg,INR 47/-,"INR 11,966/-",BRD-DWS
T010203,06/27/2020,F01974,FERT_PURCHASE,FERTILIZER 50kg bag,259 kgs,INR 36/-,"INR 9,293/-",BRD-DWS
T010204,06/07/2020,F01974,LOAN_REPAY,EMI,,,"INR 1,000/-",BRD-DWS
T010205,10/01/2020,F01976,DELIVERY,SOYABEAN,7.1 qtl,"INR 5,320/-","INR 37,985/-",BRD-DWS
T010206,11/08/2020,f01976,FPO_DELIVERY,SOYABEAN,0.23 t,"INR 5,320/-","INR 12,183/-",BRD-DWS
T010207,11/18/2020,F01976,delivery,Soybean (Yellow),1.6 qtl,"INR 5,320/-","INR 8,406/-",BRD-DWS
T010208,06/04/2020,F01976,I,PP chemicals,38 kg,INR 588/-,"INR 22,360/-",BRD-DWS
T010209,06/19/2020,F01976,I,SEEDS,262 kgs,INR 119/-,"INR 31,262/-",BRD-DWS
T010210,03/11/2020,F01978,DELIVERY,Soybean,"3,178.00 kgs","INR 5,475/-","INR 1,73,996/-",BRD-DWS
T010211,06/08/2020,F01978,FERT_PURCHASE,Fertilizer,318 kg,INR 32/-,"INR 10,322/-",BRD-DWS
T010212,06/21/2020,F01978,FERT_PURCHASE,FERTILIZER 50kg bag,85 kgs,INR 28/-,"INR 2,383/-",BRD-DWS
T010213,07/15/2020,F01978,input,Hybrid Seeds,127 kg,INR 61/-,"INR 7,799/-",BRD-DWS
T010214,06/25/2020,F01978,input,NPK 10:26:26,203 kgs,INR 43/-,"INR 8,666/-",BRD-DWS
T010215,11/05/2020,F01979,FPO_DELIVERY,soya,2.60 q,"INR 4,985/-","INR 12,961/-",BRD-DWS
T010216,11/01/2020,F01979,D,Soybean (Yellow),613 kg,"INR 4,985/-","INR 30,558/-",BRD-DWS
T010217,06/03/2020,f01979,input,DAP,214 kgs,INR 31/-,"INR 6,559/-",BRD-DWS
T010218,06/25/2020,F01979,I,Seeds,187 kg,INR 107/-,"INR 20,026/-",BRD-DWS
T010219,06/18/2020,F01979,INPUT_PURCHASE,FERTILIZER 50kg bag,51 kg,INR 55/-,"INR 2,817/-",BRD-DWS
T010220,23/10/2020,F01982,DELIVERY,Soybean (Yellow),21.00 kgs,"INR 5,095/-","INR 1,070/-",BRD-DWS
T010221,11/13/2020,F01982,delivery,soya,1275 kg,"INR 5,095/-","INR 64,961/-",BRD-DWS
T010222,12/06/2020,F01982,INPUT_PURCHASE,Urea,205 kg,INR 60/-,"INR 12,275/-",BRD-DWS
T010223,07/03/2020, F01982 ,INPUT_PURCHASE,Hybrid Seeds,174 kg,INR 87/-,"INR 15,175/-",BRD-DWS
T010224,10/04/2020,F01983,delivery,Soybean,7.5 qtl,"INR 5,040/-","INR 38,052/-",BRD-DWS
T010225,10/19/2020,F01983,D,Soybean (Yellow),452.00 kgs,"INR 5,040/-","INR 22,781/-",BRD-DWS
T010226,08/11/2020,F01986,FPO_DELIVERY,Soybean (Yellow),6.0 qtl,"INR 4,940/-","INR 29,492/-",BRD-DWS
T010227,21/11/2020,F01986,D,Soybean,"1,029.00 kgs","INR 4,940/-","INR 50,833/-",BRD-DWS
T010228,06/17/2020,F01986,input,Fertilizer,267 kg,INR 38/-,"INR 10,079/-",BRD-DWS
T010229,25/06/2020,F01986,FERT_PURCHASE,Hybrid Seeds,196 kgs,INR 128/-,"INR 25,027/-",BRD-DWS
T010230,10/23/2020,F01989,DELIVERY,SOYABEAN,13.3 qtl,"INR 4,905/-","INR 65,335/-",BRD-DWS
T010231,08/08/2020,F01989,L,EMI,,,"INR 4,500/-",BRD-DWS
T010232,06/24/2020, F01989 ,L,EMI,,,"INR 2,900/-",BRD-DWS
T010233,07/06/2020,F01989,LOAN_REPAY,Loan Repayment,,,"INR 5,800/-",BRD-DWS
T010234,08/04/2020,F01989,L,Loan Repayment,,,"INR 6,800/-",BRD-DWS
T010235,07/02/2020,F01989,Loan Repayment,Loan Repayment,,,"INR 4,500/-",BRD-DWS
T010236,10/26/2020,F01990,D,Soybean,"2,510.00 kgs","INR 5,245/-","INR 1,31,650/-",BRD-DWS
T010237,07/05/2020,F01990,Input Purchase,DAP,127 kgs,INR 48/-,"INR 6,157/-",BRD-DWS
T010238,09/12/2020,F01990,LOAN_REPAY,Loan Repayment,,,"INR 1,500/-",BRD-DWS
T010239,31/10/2020,F01991,DELIVERY,SOYABEAN,"1,009.00 kgs","INR 4,835/-","INR 48,785/-",BRD-DWS
T010240,06/10/2020,F01991,FERT_PURCHASE,Urea,218 kg,INR 46/-,"INR 9,941/-",BRD-DWS
T010241,06/17/2020,f01991,INPUT_PURCHASE,DAP,169 kgs,INR 40/-,"INR 6,689/-",BRD-DWS
T010242,22/11/2020,F01993,Delivery,SOYABEAN,381.00 kgs,"INR 4,910/-","INR 18,707/-",BRD-DWS
T010243,11/19/2020,F01994,D,Soybean (Yellow),19.92 q,"INR 4,870/-","INR 97,010/-",BRD-DWS
T010244,06/18/2020,f01994,I,Hybrid Seeds,236 kg,INR 73/-,"INR 17,322/-",BRD-DWS
T010245,07/01/2020,F01994,input,DAP,275 kgs,INR 48/-,"INR 13,178/-",BRD-DWS
T010246,06/13/2020,F01994,FERT_PURCHASE,SEEDS,224 kg,INR 122/-,"INR 27,344/-",BRD-DWS
T010247,10/10/2020,f01997,D,Soybean (Yellow),7.00 kgs,"INR 5,245/-",INR 367/-,BRD-DWS
T010248,11/25/2020,F01997,Delivery,Soybean (Yellow),185.00 kgs,"INR 5,245/-","INR 9,703/-",BRD-DWS
T010249,10/18/2020,F01998,delivery,Soybean,10.71 q,"INR 5,230/-","INR 56,013/-",BRD-DWS
T010250,10/29/2020,F01998,D,Soybean (Yellow),2.45 quintals,"INR 5,230/-","INR 12,814/-",BRD-DWS
T010251,10/11/2020,F01998,DELIVERY,soya,13.94 quintals,"INR 5,230/-","INR 72,906/-",BRD-DWS
T010252,06/28/2020,F01998,Input Purchase,Urea,153 kg,INR 44/-,"INR 6,677/-",BRD-DWS
T010253,06/30/2020, F01998 ,INPUT_PURCHASE,Urea,78 kg,INR 47/-,"INR 3,678/-",BRD-DWS
T010254,10/03/2020,F02000,FPO_DELIVERY,Soybean,2.1 qtl,"INR 5,310/-","INR 11,257/-",BRD-DWS
T010255,11/11/2020,F02000,D,Soybean,283 kg,"INR 5,310/-","INR 15,027/-",BRD-DWS
T010256,09/06/2020,F02000,Input Purchase,Urea,26 kg,INR 38/-,INR 999/-,BRD-DWS
T010257,10/13/2020,f02002,delivery,SOYABEAN,713 kg,"INR 5,015/-","INR 35,757/-",BRD-DWS
T010258,07/05/2020,F02002,I,NPK 10:26:26,89 kg,INR 45/-,"INR 3,972/-",BRD-DWS
T010259,06/13/2020,F02002,INPUT_PURCHASE,Urea,174 kg,INR 51/-,"INR 8,879/-",BRD-DWS
T010260,06/28/2020,F02002,Input Purchase,Seeds,191 kg,INR 55/-,"INR 10,438/-",BRD-DWS
T010261,06/06/2020, F02002 ,INPUT_PURCHASE,SEEDS,115 kg,INR 50/-,"INR 5,786/-",BRD-DWS
T010262,07/05/2020,F02002,Input Purchase,FERTILIZER 50kg bag,38 kgs,INR 56/-,"INR 2,144/-",BRD-DWS
T010263,10/12/2020,F02008,delivery,Soybean,463 kg,"INR 5,085/-","INR 23,544/-",BRD-DWS
T010264,07/10/2020,F02008,input,Hybrid Seeds,226 kgs,INR 81/-,"INR 18,351/-",BRD-DWS
T010265,10/29/2020,F02012,FPO_DELIVERY,soya,1.39 MT,"INR 5,530/-","INR 76,646/-",BRD-DWS
T010266,10/10/2020,F02012,L,Loan Repayment,,,"INR 6,500/-",BRD-DWS
T010267,11/29/2020,F02013,delivery,Soybean,1.10 MT,"INR 4,960/-","INR 54,510/-",BRD-DWS
T010268,06/16/2020,F02013,INPUT_PURCHASE,Bio-pesticide,40 kg,INR 339/-,"INR 13,545/-",BRD-DWS
T010269,10/28/2020,F02016,DELIVERY,Soybean,0.73 MT,"INR 4,510/-","INR 33,103/-",BRD-DWS
T010270,08/10/2020,F02016,Delivery,SOYABEAN,8.92 quintals,"INR 4,510/-","INR 40,229/-",BRD-DWS
T010271,07/05/2020,F02016,I,DAP,152 kgs,INR 35/-,"INR 5,369/-",BRD-DWS
T010272,06/13/2020,F02016,FERT_PURCHASE,DAP,302 kg,INR 51/-,"INR 15,493/-",BRD-DWS
T010273,10/13/2020,F02019,FPO_DELIVERY,SOYABEAN,"3,147.00 kgs","INR 4,865/-","INR 1,53,102/-",BRD-DWS
T010274,07/07/2020, F02019 ,Input Purchase,Seeds,165 kgs,INR 66/-,"INR 10,826/-",BRD-DWS
T010275,06/25/2020,F02019,input,NPK 10:26:26,190 kg,INR 55/-,"INR 10,433/-",BRD-DWS
T010276,06/28/2020,F02019,INPUT_PURCHASE,Urea,274 kgs,INR 57/-,"INR 15,593/-",BRD-DWS
T010277,11/22/2020,f02020,D,Soybean,36.8 qtl,"INR 4,620/-","INR 1,70,155/-",BRD-DWS
T010278,07/15/2020, F02020 ,FERT_PURCHASE,FERTILIZER 50kg bag,85 kg,INR 34/-,"INR 2,848/-",BRD-DWS
T010279,13/07/2020,F02020,Input Purchase,Urea,34 kg,INR 42/-,"INR 1,415/-",BRD-DWS
T010280,10/13/2020,F02021,DELIVERY,soya,25.46 q,"INR 4,760/-","INR 1,21,190/-",BRD-DWS
T010281,07/09/2020,F02021,FERT_PURCHASE,Urea,89 kgs,INR 35/-,"INR 3,073/-",BRD-DWS
T010282,06/26/2020,F02021,FERT_PURCHASE,FERTILIZER 50kg bag,93 kgs,INR 37/-,"INR 3,399/-",BRD-DWS
T010283,10/26/2020,F02022,DELIVERY,Soybean (Yellow),7.80 quintals,"INR 5,035/-","INR 39,273/-",BRD-DWS
T010284,10/16/2020,F02022,D,soya,889 kg,"INR 5,035/-","INR 44,761/-",BRD-DWS
T010285,11/10/2020,F02022,delivery,soya,519.00 kgs,"INR 5,035/-","INR 26,132/-",BRD-DWS
T010286,11/09/2020,F02024,DELIVERY,Soybean (Yellow),1.09 q,"INR 5,270/-","INR 5,744/-",BRD-DWS
T010287,11/04/2020,F02024,DELIVERY,Soybean (Yellow),"1,808.00 kgs","INR 5,270/-","INR 95,282/-",BRD-DWS
T010288,06/22/2020,F02024,I,Fertilizer,250 kgs,INR 29/-,"INR 7,348/-",BRD-DWS
T010289,07/05/2020,F02024,I,NPK 10:26:26,39 kg,INR 39/-,"INR 1,502/-",BRD-DWS
T010290,06/01/2020,F02024,Input Purchase,NPK 10:26:26,167 kgs,INR 54/-,"INR 8,951/-",BRD-DWS
T010291,11/16/2020,f02026,FPO_DELIVERY,Soybean (Yellow),101 kg,"INR 4,910/-","INR 4,959/-",BRD-DWS
T010292,13/10/2020,F02026,Delivery,Soybean (Yellow),1281 kg,"INR 4,910/-","INR 62,897/-",BRD-DWS
T010293,06/04/2020,f02026,input,Urea,48 kgs,INR 37/-,"INR 1,771/-",BRD-DWS
T010294,02/07/2020,F02026,input,Bio-pesticide,298 kg,INR 150/-,"INR 44,664/-",BRD-DWS
T010295,10/16/2020,F02028,FPO_DELIVERY,Soybean,"2,821.00 kgs","INR 4,945/-","INR 1,39,498/-",BRD-DWS
T010296,07/07/2020,F02028,Input Purchase,Bio-pesticide,179 kg,INR 526/-,"INR 94,158/-",BRD-DWS
T010297,01/10/2020,F02029,Delivery,Soybean (Yellow),8.60 q,"INR 5,290/-","INR 45,494/-",BRD-DWS
T010298,27/10/2020,f02029,FPO_DELIVERY,SOYABEAN,0.77 q,"INR 5,290/-","INR 4,073/-",BRD-DWS
T010299,10/22/2020,F02030,delivery,Soybean,1.22 t,"INR 5,480/-","INR 66,856/-",BRD-DWS
T010300,10/19/2020,F02031,DELIVERY,Soybean (Yellow),10.03 q,"INR 5,190/-","INR 52,056/-",BRD-DWS
T010301,02/10/2020,F02031,FPO_DELIVERY,soya,7.52 q,"INR 5,190/-","INR 39,029/-",BRD-DWS
T010302,07/05/2020,F02031,input,FERTILIZER 50kg bag,160 kgs,INR 32/-,"INR 5,136/-",BRD-DWS
T010303,06/09/2020,F02031,input,FERTILIZER 50kg bag,45 kg,INR 36/-,"INR 1,627/-",BRD-DWS
T010304,11/16/2020,F02032,DELIVERY,SOYABEAN,4.67 q,"INR 4,565/-","INR 21,319/-",BRD-DWS
T010305,06/29/2020,F02032,input,PP chemicals,132 kg,INR 544/-,"INR 71,867/-",BRD-DWS
T010306,11/21/2020,F02033,D,SOYABEAN,641 kg,"INR 5,385/-","INR 34,518/-",BRD-DWS
T010307,11/29/2020,f02033,delivery,soya,5.6 qtl,"INR 5,385/-","INR 30,156/-",BRD-DWS
T010308,06/30/2020,F02033,input,SEEDS,89 kg,INR 97/-,"INR 8,597/-",BRD-DWS
T010309,10/29/2020,F02035,FPO_DELIVERY,Soybean (Yellow),2308 kg,"INR 5,090/-","INR 1,17,477/-",BRD-DWS
T010310,11/09/2020,f02035,Delivery,soya,153.00 kgs,"INR 5,090/-","INR 7,788/-",BRD-DWS
T010311,06/17/2020,f02035,INPUT_PURCHASE,Fertilizer,234 kgs,INR 34/-,"INR 8,026/-",BRD-DWS
T010312,06/21/2020,F02035,FERT_PURCHASE,NPK 10:26:26,120 kgs,INR 30/-,"INR 3,546/-",BRD-DWS
T010313,10/05/2020,F02036,Delivery,Soybean,10.35 q,"INR 5,095/-","INR 52,733/-",BRD-DWS
T010314,10/27/2020,F02036,delivery,Soybean,9.0 qtl,"INR 5,095/-","INR 45,753/-",BRD-DWS
T010315,06/05/2020,F02036,INPUT_PURCHASE,Urea,191 kgs,INR 53/-,"INR 10,096/-",BRD-DWS
T010316,06/22/2020,F02036,INPUT_PURCHASE,SEEDS,234 kg,INR 97/-,"INR 22,749/-",BRD-DWS
T010317,11/02/2020,F02038,Delivery,SOYABEAN,580.00 kgs,"INR 4,835/-","INR 28,043/-",BRD-DWS
T010318,16/10/2020,F02038,FPO_DELIVERY,Soybean,3088 kg,"INR 4,835/-","INR 1,49,305/-",BRD-DWS
T010319,11/19/2020,F02041,D,Soybean,1.9 qtl,"INR 5,390/-","INR 10,295/-",BRD-DWS
T010320,10/27/2020,f02041,DELIVERY,soya,0.18 q,"INR 5,390/-",INR 970/-,BRD-DWS
T010321,10/05/2020,f02041,DELIVERY,Soybean,5.7 qtl,"INR 5,390/-","INR 30,831/-",BRD-DWS
T010322,06/18/2020,F02041,INPUT_PURCHASE,Urea,282 kgs,INR 35/-,"INR 9,743/-",BRD-DWS
T010323,07/08/2020,F02041,FERT_PURCHASE,Hybrid Seeds,93 kgs,INR 49/-,"INR 4,581/-",BRD-DWS
T010324,07/13/2020,F02041,I,Bio-pesticide,162 kg,INR 288/-,"INR 46,612/-",BRD-DWS
T010325,10/17/2020,f02042,D,Soybean (Yellow),9.40 q,"INR 5,260/-","INR 49,444/-",BRD-DWS
T010326,07/07/2020,F02042,input,Urea,309 kg,INR 59/-,"INR 18,376/-",BRD-DWS
T010327,07/03/2020,F02042,Input Purchase,Bio-pesticide,166 kgs,INR 312/-,"INR 51,814/-",BRD-DWS
T010328,06/18/2020,F02042,INPUT_PURCHASE,Urea,241 kgs,INR 31/-,"INR 7,493/-",BRD-DWS
T010329,06/20/2020,F02042,input,FERTILIZER 50kg bag,286 kg,INR 51/-,"INR 14,452/-",BRD-DWS
T010330,06/08/2020,F02042,input,NPK 10:26:26,86 kgs,INR 60/-,"INR 5,126/-",BRD-DWS
T010331,10/09/2020,F02043,DELIVERY,SOYABEAN,7.09 quintals,"INR 5,160/-","INR 36,584/-",BRD-DWS
T010332,11/17/2020,F02043,DELIVERY,Soybean,383.00 kgs,"INR 5,160/-","INR 19,763/-",BRD-DWS
T010333,06/02/2020,F02043,INPUT_PURCHASE,FERTILIZER 50kg bag,223 kg,INR 32/-,"INR 7,076/-",BRD-DWS
T010334,06/07/2020,F02043,I,NPK 10:26:26,179 kg,INR 34/-,"INR 6,013/-",BRD-DWS
T010335,06/06/2020,F02043,INPUT_PURCHASE,PPC,202 kg,INR 377/-,"INR 76,190/-",BRD-DWS
T010336,07/06/2020,F02043,Loan Repayment,EMI,,,"INR 1,500/-",BRD-DWS
T010337,11/01/2020,F02044,D,Soybean (Yellow),0.83 q,"INR 5,235/-","INR 4,345/-",BRD-DWS
T010338,10/19/2020,F02044,delivery,soya,2900 kg,"INR 5,235/-","INR 1,51,815/-",BRD-DWS
T010339,11/02/2020,F02046,FPO_DELIVERY,soya,"1,731.00 kgs","INR 4,960/-","INR 85,858/-",BRD-DWS
T010340,06/25/2020,F02046,FERT_PURCHASE,Seeds,163 kgs,INR 75/-,"INR 12,285/-",BRD-DWS
T010341,07/06/2020,F02046,INPUT_PURCHASE,DAP,313 kgs,INR 39/-,"INR 12,126/-",BRD-DWS
T010342,07/25/2020,F02046,LOAN_REPAY,EMI,,,"INR 2,900/-",BRD-DWS
T010343,11/09/2020,f02049,FPO_DELIVERY,Soybean,"1,436.00 kgs","INR 4,695/-","INR 67,420/-",BRD-DWS
T010344,07/03/2020,F02049,I,FERTILIZER 50kg bag,90 kg,INR 41/-,"INR 3,708/-",BRD-DWS
T010345,11/21/2020, F02052 ,D,soya,90 kg,"INR 4,845/-","INR 4,360/-",BRD-DWS
T010346,11/03/2020,F02052,DELIVERY,Soybean,12.08 q,"INR 4,845/-","INR 58,528/-",BRD-DWS
T010347,10/26/2020,f02052,delivery,SOYABEAN,0.12 t,"INR 4,845/-","INR 6,056/-",BRD-DWS
T010348,11/22/2020,F02053,FPO_DELIVERY,SOYABEAN,8.17 q,"INR 4,860/-","INR 39,706/-",BRD-DWS
T010349,07/10/2020,F02053,INPUT_PURCHASE,FERTILIZER 50kg bag,271 kg,INR 39/-,"INR 10,436/-",BRD-DWS
T010350,10/04/2020,F02054,delivery,soya,0.27 MT,"INR 5,200/-","INR 13,832/-",BRD-DWS
T010351,11/03/2020,f02054,delivery,SOYABEAN,4079 kg,"INR 5,200/-","INR 2,12,108/-",BRD-DWS
T010352,26/06/2020,f02054,input,NPK 10:26:26,150 kgs,INR 40/-,"INR 6,009/-",BRD-DWS
T010353,11/27/2020,F02055,DELIVERY,Soybean,11.19 quintals,"INR 5,095/-","INR 57,013/-",BRD-DWS
T010354,06/18/2020,F02055,input,SEEDS,32 kgs,INR 94/-,"INR 3,014/-",BRD-DWS
T010355,06/30/2020,F02055,I,Seeds,32 kgs,INR 50/-,"INR 1,614/-",BRD-DWS
T010356,06/25/2020,F02055,L,EMI,,,"INR 4,700/-",BRD-DWS
T010357,08/07/2020,F02055,Loan Repayment,Loan Repayment,,,"INR 3,100/-",BRD-DWS
T010358,11/28/2020,f02057,Delivery,SOYABEAN,849 kg,"INR 5,060/-","INR 42,959/-",BRD-DWS
T010359,10/31/2020,F02057,Delivery,Soybean (Yellow),2.52 q,"INR 5,060/-","INR 12,751/-",BRD-DWS
T010360,06/16/2020,F02057,Input Purchase,Urea,277 kg,INR 32/-,"INR 8,950/-",BRD-DWS
T010361,06/19/2020,F02057,Input Purchase,FERTILIZER 50kg bag,222 kg,INR 53/-,"INR 11,659/-",BRD-DWS
T010362,06/04/2020,F02057,INPUT_PURCHASE,Fertilizer,44 kgs,INR 58/-,"INR 2,556/-",BRD-DWS
T010363,07/18/2020,F02057,LOAN_REPAY,EMI,,,"INR 1,100/-",BRD-DWS
T010364,11/28/2020,f02058,DELIVERY,Soybean,560.00 kgs,"INR 4,745/-","INR 26,572/-",BRD-DWS
T010365,07/04/2020,F02058,LOAN_REPAY,EMI,,,"INR 7,600/-",BRD-DWS
T010366,11/29/2020,F02060,D,Soybean,200 kg,"INR 5,010/-","INR 10,020/-",BRD-DWS
T010367,10/19/2020, F02060 ,FPO_DELIVERY,Soybean (Yellow),4.14 t,"INR 5,010/-","INR 2,07,464/-",BRD-DWS
T010368,10/01/2020,F02061,DELIVERY,SOYABEAN,18.70 q,"INR 5,060/-","INR 94,622/-",BRD-DWS
T010369,10/26/2020,F02061,Delivery,SOYABEAN,0.76 quintals,"INR 5,060/-","INR 3,846/-",BRD-DWS
T010765,10/03/2020,F02227,D,Soybean (Yellow),"1,007.00 kgs","INR 5,190/-","INR 52,263/-",BRD-DWS
T010766,06/23/2020,F02227,FERT_PURCHASE,NPK 10:26:26,233 kg,INR 36/-,"INR 8,460/-",BRD-DWS
T010767,06/13/2020,F02227,FERT_PURCHASE,PP chemicals,76 kgs,INR 285/-,"INR 21,692/-",BRD-DWS
T010768,06/11/2020,F02227,FERT_PURCHASE,SEEDS,144 kg,INR 66/-,"INR 9,490/-",BRD-DWS
T010778,10/05/2020,f02231,FPO_DELIVERY,SOYABEAN,15.60 quintals,"INR 5,175/-","INR 80,730/-",BRD-DWS
T010779,06/27/2020,F02231,Input Purchase,FERTILIZER 50kg bag,221 kgs,INR 36/-,"INR 8,060/-",BRD-DWS
T010780,06/20/2020,F02231,input,Bio-pesticide,156 kg,INR 492/-,"INR 76,774/-",BRD-DWS
T010809,14/10/2020,F02243,delivery,Soybean,291.00 kgs,"INR 5,060/-","INR 14,725/-",BRD-DWS
T010810,10/30/2020,F02243,DELIVERY,Soybean,1707 kg,"INR 5,060/-","INR 86,374/-",BRD-DWS
T010811,06/10/2020,F02243,Input Purchase,Urea,34 kgs,INR 52/-,"INR 1,753/-",BRD-DWS
T010812,06/13/2020,F02243,input,NPK 10:26:26,246 kg,INR 43/-,"INR 10,595/-",BRD-DWS
T010813,08/03/2020,F02243,loan,EMI,,,"INR 4,500/-",BRD-DWS
T010826,11/21/2020,F02249,D,SOYABEAN,13.8 qtl,"INR 5,010/-","INR 69,038/-",BRD-DWS
T010827,11/20/2020,F02249,D,soya,0.71 MT,"INR 5,010/-","INR 35,421/-",BRD-DWS
T010828,06/20/2020,F02249,Input Purchase,Bio-pesticide,249 kg,INR 622/-,"INR 1,54,873/-",BRD-DWS
T010829,02/07/2020,F02249,INPUT_PURCHASE,Urea,63 kgs,INR 28/-,"INR 1,765/-",BRD-DWS
T010830,07/01/2020,f02249,I,Hybrid Seeds,101 kg,INR 70/-,"INR 7,074/-",BRD-DWS
T010831,06/07/2020,F02249,Input Purchase,Fertilizer,302 kg,INR 35/-,"INR 10,570/-",BRD-DWS
T010832,10/03/2020,F02250,delivery,Soybean (Yellow),331.00 kgs,"INR 4,860/-","INR 16,087/-",BRD-DWS
T010833,10/07/2020,F02250,DELIVERY,Soybean,"1,660.00 kgs","INR 4,860/-","INR 80,676/-",BRD-DWS
T010834,06/01/2020,F02250,FERT_PURCHASE,PP chemicals,311 kg,INR 548/-,"INR 1,70,372/-",BRD-DWS
T010855,10/24/2020,F02259,FPO_DELIVERY,soya,345.00 kgs,"INR 4,880/-","INR 16,836/-",BRD-DWS
T010856,09/11/2020, F02259 ,Delivery,Soybean,7.5 qtl,"INR 4,880/-","INR 36,746/-",BRD-DWS
T010857,10/10/2020,F02259,LOAN_REPAY,EMI,,,"INR 6,100/-",BRD-DWS
T010880,10/14/2020,F02267,Delivery,SOYABEAN,1.12 MT,"INR 5,170/-","INR 57,801/-",BRD-DWS
T010881,06/24/2020,f02267,INPUT_PURCHASE,Fertilizer,213 kgs,INR 42/-,"INR 8,986/-",BRD-DWS
T010901,11/02/2020,F02275,delivery,SOYABEAN,653.00 kgs,"INR 4,825/-","INR 31,507/-",BRD-DWS
T010902,11/14/2020,F02275,Delivery,Soybean,352 kg,"INR 4,825/-","INR 16,984/-",BRD-DWS
T010903,06/27/2020,F02275,input,DAP,48 kg,INR 32/-,"INR 1,549/-",BRD-DWS
T010904,07/26/2020,F02275,Loan Repayment,Loan Repayment,,,"INR 4,000/-",BRD-DWS
T010919,11/26/2020,F02284,FPO_DELIVERY,SOYABEAN,0.48 t,"INR 4,975/-","INR 23,980/-",BRD-DWS
T010920,11/08/2020,F02284,DELIVERY,soya,5.2 qtl,"INR 4,975/-","INR 25,820/-",BRD-DWS
T010921,09/10/2020,F02284,Delivery,SOYABEAN,609 kg,"INR 4,975/-","INR 30,298/-",BRD-DWS
T010922,06/22/2020,F02284,INPUT_PURCHASE,PP chemicals,285 kg,INR 439/-,"INR 1,25,010/-",BRD-DWS
T010923,07/06/2020,F02284,I,NPK 10:26:26,94 kg,INR 32/-,"INR 2,985/-",BRD-DWS
T010938,10/26/2020,F02293,Delivery,Soybean,"1,061.00 kgs","INR 5,440/-","INR 57,718/-",BRD-DWS
T010939,10/12/2020,F02293,Delivery,Soybean (Yellow),4.0 qtl,"INR 5,440/-","INR 21,597/-",BRD-DWS
T010940,10/03/2020,F02293,D,Soybean (Yellow),312 kg,"INR 5,440/-","INR 16,973/-",BRD-DWS
T010941,07/06/2020,F02293,input,NPK 10:26:26,178 kgs,INR 39/-,"INR 7,011/-",BRD-DWS
T010952,10/04/2020,F02298,DELIVERY,Soybean,2426 kg,"INR 5,250/-","INR 1,27,365/-",BRD-DWS
T010964,10/03/2020,F02301,DELIVERY,Soybean,839 kg,"INR 5,160/-","INR 43,292/-",BRD-DWS
T010965,06/29/2020,F02301,input,SEEDS,80 kg,INR 81/-,"INR 6,447/-",BRD-DWS
T010966,06/01/2020,F02301,FERT_PURCHASE,Fertilizer,90 kg,INR 50/-,"INR 4,540/-",BRD-DWS
T010967,06/08/2020,F02301,FERT_PURCHASE,PPC,195 kgs,INR 511/-,"INR 99,711/-",BRD-DWS
T011025,10/04/2020,F02320,D,Soybean,779.00 kgs,"INR 4,830/-","INR 37,626/-",BRD-DWS
T011026,10/20/2020,F02320,D,Soybean,3.91 quintals,"INR 4,830/-","INR 18,885/-",BRD-DWS
T011044,11/02/2020,F02326,D,Soybean (Yellow),12.50 quintals,"INR 5,250/-","INR 65,625/-",BRD-DWS
T011045,10/17/2020,f02326,Delivery,Soybean (Yellow),742 kg,"INR 5,250/-","INR 38,955/-",BRD-DWS
T011046,06/07/2020,F02326,INPUT_PURCHASE,Urea,153 kgs,INR 42/-,"INR 6,388/-",BRD-DWS
T011047,05/10/2020,F02326,loan,EMI,,,"INR 4,400/-",BRD-DWS
T011069,11/23/2020,F02334,delivery,Soybean (Yellow),2217 kg,"INR 5,675/-","INR 1,25,815/-",BRD-DWS
T011070,06/06/2020,F02334,input,Bio-pesticide,271 kg,INR 392/-,"INR 1,06,316/-",BRD-DWS
T011071,07/02/2020,F02334,I,FERTILIZER 50kg bag,117 kgs,INR 44/-,"INR 5,114/-",BRD-DWS
T011072,09/29/2020,f02334,loan,EMI,,,"INR 3,100/-",BRD-DWS
T011073,07/21/2020,F02334,Loan Repayment,Loan Repayment,,,"INR 3,100/-",BRD-DWS
T012888,05/13/2021,f01912,Delivery,Mustard,"2,742.00 kgs","INR 6,165/-","INR 1,69,044/-",BRD-DWS
T012889,05/12/2021,F01913,FPO_DELIVERY,Yellow Mustard,6.26 quintals,"INR 6,200/-","INR 38,812/-",BRD-DWS
T012890,03/16/2021, F01913 ,FPO_DELIVERY,MUSTARD,133 kg,"INR 6,200/-","INR 8,246/-",BRD-DWS
T012891,03/24/2021,F01914,Delivery,Mustard,4.74 quintals,"INR 6,045/-","INR 28,653/-",BRD-DWS
T012892,04/30/2021,F01914,DELIVERY,Yellow Mustard,1.1 qtl,"INR 6,045/-","INR 6,468/-",BRD-DWS
T012893,04/01/2021,F01914,delivery,Wheat (Durum),14.94 q,"INR 2,420/-","INR 36,155/-",BRD-DWS
T012894,05/13/2021,F01915,FPO_DELIVERY,MUSTARD,5.05 q,"INR 6,735/-","INR 34,012/-",BRD-DWS
T012895,03/16/2021, F01915 ,Delivery,mustard (Yellow),1934 kg,"INR 6,735/-","INR 1,30,255/-",BRD-DWS
T012896,04/21/2021,F01915,D,WHEAT,"1,463.00 kgs","INR 2,180/-","INR 31,893/-",BRD-DWS
T012897,04/05/2021,F01915,DELIVERY,wheat,36.1 qtl,"INR 2,180/-","INR 78,633/-",BRD-DWS
T012898,12/30/2020,F01915,I,Fertilizer,29 kgs,INR 32/-,INR 928/-,BRD-DWS
T012899,02/01/2021,F01915,INPUT_PURCHASE,SEEDS,280 kg,INR 129/-,"INR 35,991/-",BRD-DWS
T012900,04/30/2021, F01916 ,DELIVERY,Mustard,380 kg,"INR 6,040/-","INR 22,952/-",BRD-DWS
T012901,04/27/2021,F01916,Delivery,Yellow Mustard,22.84 q,"INR 6,040/-","INR 1,37,954/-",BRD-DWS
T012902,04/29/2021,F01917,DELIVERY,mustard (Yellow),0.9 qtl,"INR 5,990/-","INR 5,571/-",BRD-DWS
T012903,04/27/2021,F01917,Delivery,MUSTARD,3.57 quintals,"INR 5,990/-","INR 21,384/-",BRD-DWS
T012904,01/06/2021,F01917,FERT_PURCHASE,FERTILIZER 50kg bag,66 kg,INR 32/-,"INR 2,127/-",BRD-DWS
T012905,12/11/2020,F01917,Input Purchase,NPK 10:26:26,298 kgs,INR 54/-,"INR 16,131/-",BRD-DWS
T012906,03/10/2021,f01917,L,EMI,,,"INR 7,000/-",BRD-DWS
T012907,03/19/2021,F01918,D,Yellow Mustard,5.35 q,"INR 5,700/-","INR 30,495/-",BRD-DWS
T012908,03/11/2021,F01918,DELIVERY,MUSTARD,2.28 quintals,"INR 5,700/-","INR 12,996/-",BRD-DWS
T012909,12/17/2020,F01918,I,SEEDS,207 kgs,INR 82/-,"INR 17,059/-",BRD-DWS
T012910,04/01/2021,F01918,Loan Repayment,Loan Repayment,,,"INR 7,200/-",BRD-DWS
T012911,01/28/2021,F01918,loan,Loan Repayment,,,"INR 5,600/-",BRD-DWS
T012912,01/17/2021,F01918,loan,Loan Repayment,,,"INR 7,600/-",BRD-DWS
T012913,03/06/2021,F01920,DELIVERY,MUSTARD,80.00 kgs,"INR 6,210/-","INR 4,968/-",BRD-DWS
T012914,03/23/2021,F01920,DELIVERY,Mustard,9.06 q,"INR 6,210/-","INR 56,263/-",BRD-DWS
T012915,12/07/2020,F01920,input,NPK 10:26:26,252 kgs,INR 48/-,"INR 12,005/-",BRD-DWS
T012916,12/18/2020,f01920,I,Bio-pesticide,266 kg,INR 669/-,"INR 1,77,933/-",BRD-DWS
T012917,17/03/2021,F01921,Delivery,Yellow Mustard,9.0 qtl,"INR 6,055/-","INR 54,434/-",BRD-DWS
T012918,05/04/2021,F01921,DELIVERY,MUSTARD,417 kg,"INR 6,055/-","INR 25,249/-",BRD-DWS
T012919,04/27/2021,F01921,FPO_DELIVERY,Wheat (Durum),2.74 t,"INR 2,465/-","INR 67,640/-",BRD-DWS
T012920,03/17/2021,f01921,LOAN_REPAY,Loan Repayment,,,"INR 2,000/-",BRD-DWS
T012921,04/15/2021,F01922,delivery,MUSTARD,2.45 q,"INR 6,055/-","INR 14,835/-",BRD-DWS
T012922,04/22/2021,F01922,D,Yellow Mustard,16.5 qtl,"INR 6,055/-","INR 99,665/-",BRD-DWS
T012923,04/12/2021,F01922,D,Lokwan Wheat,9.23 quintals,"INR 2,315/-","INR 21,367/-",BRD-DWS
T012924,02/03/2021,F01922,Delivery,Lokwan Wheat,31.14 quintals,"INR 2,315/-","INR 72,089/-",BRD-DWS
T012925,12/09/2020,F01922,Input Purchase,Urea,148 kg,INR 31/-,"INR 4,643/-",BRD-DWS
T012926,12/12/2020,F01922,Input Purchase,Fertilizer,85 kgs,INR 40/-,"INR 3,427/-",BRD-DWS
T012927,02/15/2021,F01922,L,EMI,,,"INR 1,600/-",BRD-DWS
T012928,03/21/2021,F01924,D,Sarson,698 kg,"INR 6,005/-","INR 41,915/-",BRD-DWS
T012929,04/19/2021,F01924,FPO_DELIVERY,Mustard,11.30 quintals,"INR 6,005/-","INR 67,856/-",BRD-DWS
T012930,12/13/2020,F01924,I,FERTILIZER 50kg bag,47 kgs,INR 59/-,"INR 2,792/-",BRD-DWS
T012931,01/11/2021,F01924,Input Purchase,DAP,77 kgs,INR 50/-,"INR 3,888/-",BRD-DWS
T012932,05/08/2021,F01925,Delivery,Sarson,1.52 MT,"INR 5,835/-","INR 88,459/-",BRD-DWS
T012933,03/25/2021,F01926,D,Sarson,1015 kg,"INR 6,085/-","INR 61,763/-",BRD-DWS
T012934,05/08/2021,F01926,Delivery,MUSTARD,2.9 qtl,"INR 6,085/-","INR 17,646/-",BRD-DWS
T012935,03/26/2021,F01926,Delivery,Yellow Mustard,7.8 qtl,"INR 6,085/-","INR 47,280/-",BRD-DWS
T012936,12/14/2020,F01926,FERT_PURCHASE,Seeds,186 kgs,INR 96/-,"INR 17,810/-",BRD-DWS
T012937,04/03/2021,f01927,DELIVERY,MUSTARD,11.7 qtl,"INR 6,115/-","INR 71,301/-",BRD-DWS
T012938,05/13/2021,F01927,D,Lokwan Wheat,2855 kg,"INR 2,360/-","INR 67,378/-",BRD-DWS
T012939,04/30/2021,F01928,DELIVERY,mustard (Yellow),"2,555.00 kgs","INR 6,060/-","INR 1,54,833/-",BRD-DWS
T012940,12/23/2020,f01928,Input Purchase,PPC,191 kgs,INR 281/-,"INR 53,702/-",BRD-DWS
T012941,01/05/2021,F01928,I,Seeds,303 kg,INR 110/-,"INR 33,315/-",BRD-DWS
T012942,05/14/2021,F01929,D,MUSTARD,6.13 quintals,"INR 5,915/-","INR 36,259/-",BRD-DWS
T012943,17/03/2021,F01929,DELIVERY,Yellow Mustard,0.13 MT,"INR 5,915/-","INR 7,630/-",BRD-DWS
T012944,12/07/2020,F01929,INPUT_PURCHASE,Urea,78 kgs,INR 32/-,"INR 2,475/-",BRD-DWS
T012945,05/31/2021,F01929,L,Loan Repayment,,,"INR 3,600/-",BRD-DWS
T012946,05/05/2021,F01931,delivery,Mustard,0.2 qtl,"INR 6,410/-","INR 1,218/-",BRD-DWS
T012947,20/03/2021,F01931,delivery,Yellow Mustard,296.00 kgs,"INR 6,410/-","INR 18,974/-",BRD-DWS
T012948,04/22/2021,f01931,DELIVERY,Sarson,6.2 qtl,"INR 6,410/-","INR 39,934/-",BRD-DWS
T012949,02/03/2021,F01931,DELIVERY,Wheat,542 kg,"INR 2,225/-","INR 12,060/-",BRD-DWS
T012950,04/18/2021,F01931,FPO_DELIVERY,WHEAT,1512 kg,"INR 2,225/-","INR 33,642/-",BRD-DWS
T012951,04/16/2021,F01933,D,Yellow Mustard,642 kg,"INR 6,375/-","INR 40,928/-",BRD-DWS
T012952,05/12/2021,F01933,FPO_DELIVERY,WHEAT,12.71 q,"INR 2,345/-","INR 29,805/-",BRD-DWS
T012953,04/04/2021,F01933,L,Loan Repayment,,,"INR 7,100/-",BRD-DWS
T012954,04/28/2021,F01934,Delivery,MUSTARD,8.00 quintals,"INR 6,060/-","INR 48,480/-",BRD-DWS
T012955,04/06/2021,f01934,FPO_DELIVERY,MUSTARD,0.29 q,"INR 6,060/-","INR 1,757/-",BRD-DWS
T012956,13/04/2021,F01934,FPO_DELIVERY,wheat,1029 kg,"INR 2,455/-","INR 25,262/-",BRD-DWS
T012957,03/05/2021,F01934,delivery,Wheat,12.16 quintals,"INR 2,455/-","INR 29,853/-",BRD-DWS
T012958,01/14/2021,F01934,LOAN_REPAY,Loan Repayment,,,"INR 1,000/-",BRD-DWS
T012959,05/09/2021,f01937,D,Mustard,3.62 quintals,"INR 6,040/-","INR 21,865/-",BRD-DWS
T012960,04/24/2021,f01937,DELIVERY,MUSTARD,1433 kg,"INR 6,040/-","INR 86,553/-",BRD-DWS
T012961,12/07/2020,F01937,INPUT_PURCHASE,SEEDS,203 kg,INR 109/-,"INR 22,159/-",BRD-DWS
T012962,19/12/2020, F01937 ,Input Purchase,PPC,156 kg,INR 581/-,"INR 90,648/-",BRD-DWS
T012963,12/10/2020,f01937,Input Purchase,Fertilizer,93 kgs,INR 38/-,"INR 3,518/-",BRD-DWS
T012964,02/26/2021, F01937 ,Loan Repayment,Loan Repayment,,,INR 900/-,BRD-DWS
T012965,03/16/2021,F01939,delivery,Yellow Mustard,1498 kg,"INR 6,180/-","INR 92,576/-",BRD-DWS
T012966,12/09/2020,F01939,Input Purchase,FERTILIZER 50kg bag,272 kgs,INR 33/-,"INR 8,884/-",BRD-DWS
T012967,04/04/2021,F01940,delivery,Yellow Mustard,0.40 t,"INR 5,850/-","INR 23,576/-",BRD-DWS
T012968,04/12/2021,F01940,D,Mustard,606.00 kgs,"INR 5,850/-","INR 35,451/-",BRD-DWS
T012969,04/06/2021,F01948,D,Yellow Mustard,5.6 qtl,"INR 6,030/-","INR 33,708/-",BRD-DWS
T012970,04/21/2021, F01948 ,delivery,Yellow Mustard,7.7 qtl,"INR 6,030/-","INR 46,250/-",BRD-DWS
T012971,04/03/2021,F01948,DELIVERY,Lokwan Wheat,"2,850.00 kgs","INR 2,465/-","INR 70,252/-",BRD-DWS
T012972,01/13/2021,F01948,input,Seeds,135 kg,INR 104/-,"INR 14,016/-",BRD-DWS
T012973,12/29/2020,F01948,I,Seeds,212 kg,INR 47/-,"INR 10,062/-",BRD-DWS
T012974,01/11/2021,F01948,INPUT_PURCHASE,FERTILIZER 50kg bag,44 kg,INR 34/-,"INR 1,477/-",BRD-DWS
T012975,03/12/2020,F01948,INPUT_PURCHASE,DAP,229 kgs,INR 59/-,"INR 13,557/-",BRD-DWS
T012976,04/29/2021,f01949,D,Yellow Mustard,9.12 quintals,"INR 6,595/-","INR 60,146/-",BRD-DWS
T012977,04/12/2020,f01949,input,FERTILIZER 50kg bag,269 kgs,INR 40/-,"INR 10,886/-",BRD-DWS
T012978,18/12/2020,F01949,Input Purchase,FERTILIZER 50kg bag,297 kgs,INR 44/-,"INR 12,946/-",BRD-DWS
T012979,12/16/2020,F01949,FERT_PURCHASE,SEEDS,138 kg,INR 78/-,"INR 10,818/-",BRD-DWS
T012980,03/30/2021,F01951,Delivery,mustard (Yellow),2.09 t,"INR 6,090/-","INR 1,27,342/-",BRD-DWS
T012981,04/27/2021,F01951,Delivery,Mustard,493.00 kgs,"INR 6,090/-","INR 30,024/-",BRD-DWS
T012982,01/06/2021, F01951 ,FERT_PURCHASE,Seeds,66 kg,INR 123/-,"INR 8,136/-",BRD-DWS
T012983,29/12/2020,F01951,FERT_PURCHASE,Seeds,53 kg,INR 124/-,"INR 6,562/-",BRD-DWS
T012984,12/25/2020,F01951,Input Purchase,FERTILIZER 50kg bag,143 kg,INR 57/-,"INR 8,118/-",BRD-DWS
T012985,12/15/2020,F01951,L,EMI,,,"INR 7,600/-",BRD-DWS
T012986,01/26/2021,F01951,loan,EMI,,,"INR 1,800/-",BRD-DWS
T012987,04/21/2021,F01952,delivery,Sarson,10.4 qtl,"INR 6,545/-","INR 68,264/-",BRD-DWS
T012988,01/08/2021, F01952 ,L,Loan Repayment,,,"INR 6,700/-",BRD-DWS
T012989,03/24/2021, F01957 ,Delivery,Sarson,0.63 quintals,"INR 5,995/-","INR 3,777/-",BRD-DWS
T012990,04/24/2021,F01957,Delivery,mustard (Yellow),1.8 qtl,"INR 5,995/-","INR 10,851/-",BRD-DWS
T012991,12/30/2020,F01957,I,PP chemicals,212 kgs,INR 206/-,"INR 43,742/-",BRD-DWS
T012992,03/17/2021, F01958 ,Delivery,Mustard,3.11 quintals,"INR 6,200/-","INR 19,282/-",BRD-DWS
T012993,20/03/2021,F01958,delivery,mustard (Yellow),249 kg,"INR 6,200/-","INR 15,438/-",BRD-DWS
T012994,15/12/2020,F01958,input,SEEDS,145 kg,INR 89/-,"INR 12,867/-",BRD-DWS
T012995,03/24/2021,F01959,delivery,mustard (Yellow),11.40 q,"INR 6,190/-","INR 70,566/-",BRD-DWS
T012996,03/22/2021,f01963,Delivery,Sarson,5.50 quintals,"INR 6,440/-","INR 35,420/-",BRD-DWS
T012997,03/14/2021,F01963,FPO_DELIVERY,Mustard,63.00 kgs,"INR 6,440/-","INR 4,057/-",BRD-DWS
T012998,04/07/2021, F01963 ,Delivery,Wheat (Durum),11.1 qtl,"INR 2,470/-","INR 27,442/-",BRD-DWS
T012999,04/18/2021,F01963,D,Wheat (Durum),562 kg,"INR 2,470/-","INR 13,881/-",BRD-DWS
T013000,12/29/2020,f01963,input,Fertilizer,80 kgs,INR 40/-,"INR 3,195/-",BRD-DWS
T013001,01/10/2021,F01963,input,NPK 10:26:26,172 kg,INR 37/-,"INR 6,378/-",BRD-DWS
T013002,04/22/2021,F01964,DELIVERY,Mustard,19.00 kgs,"INR 6,180/-","INR 1,174/-",BRD-DWS
T013003,03/26/2021,F01964,delivery,Sarson,566 kg,"INR 6,180/-","INR 34,979/-",BRD-DWS
T013004,03/21/2021,F01964,DELIVERY,Mustard,235 kg,"INR 6,180/-","INR 14,523/-",BRD-DWS
T013005,12/02/2020,F01964,INPUT_PURCHASE,Bio-pesticide,59 kgs,INR 203/-,"INR 11,963/-",BRD-DWS
T013006,01/08/2021,F01964,I,FERTILIZER 50kg bag,226 kg,INR 42/-,"INR 9,469/-",BRD-DWS
T013007,12/11/2020,f01964,L,Loan Repayment,,,"INR 6,800/-",BRD-DWS
T013008,02/04/2021,F01964,LOAN_REPAY,EMI,,,"INR 3,500/-",BRD-DWS
T013009,03/27/2021, F01966 ,DELIVERY,Sarson,19.75 q,"INR 6,075/-","INR 1,19,981/-",BRD-DWS
T013010,04/19/2021,f01966,delivery,Sarson,540 kg,"INR 6,075/-","INR 32,805/-",BRD-DWS
T013011,03/19/2021,F01966,FPO_DELIVERY,Wheat (Durum),55.43 q,"INR 2,315/-","INR 1,28,320/-",BRD-DWS
T013012,01/11/2021,F01966,Input Purchase,FERTILIZER 50kg bag,216 kg,INR 34/-,"INR 7,379/-",BRD-DWS
T013013,12/29/2020, F01966 ,INPUT_PURCHASE,NPK 10:26:26,223 kgs,INR 46/-,"INR 10,327/-",BRD-DWS
T013014,02/18/2021,F01966,L,Loan Repayment,,,"INR 3,600/-",BRD-DWS
T013015,02/18/2021,F01966,loan,Loan Repayment,,,"INR 5,600/-",BRD-DWS
T013016,04/16/2021,F01966,LOAN_REPAY,EMI,,,"INR 4,200/-",BRD-DWS
T013017,17/03/2021,F01966,L,Loan Repayment,,,"INR 6,700/-",BRD-DWS
T013018,04/22/2021,F01966,Loan Repayment,EMI,,,"INR 2,600/-",BRD-DWS
T013019,03/31/2021,F01969,delivery,Mustard,708.00 kgs,"INR 6,165/-","INR 43,648/-",BRD-DWS
T013020,12/25/2020,F01969,Input Purchase,DAP,59 kgs,INR 52/-,"INR 3,052/-",BRD-DWS
T013021,28/12/2020,F01969,input,Urea,178 kg,INR 49/-,"INR 8,708/-",BRD-DWS
T013022,12/15/2020,F01969,Input Purchase,Hybrid Seeds,184 kg,INR 50/-,"INR 9,288/-",BRD-DWS
T013023,12/23/2020,F01969,I,DAP,290 kgs,INR 48/-,"INR 13,943/-",BRD-DWS
T013024,04/15/2021,F01970,DELIVERY,MUSTARD,621.00 kgs,"INR 6,360/-","INR 39,496/-",BRD-DWS
T013025,04/26/2021,F01970,FPO_DELIVERY,Wheat,639.00 kgs,"INR 2,210/-","INR 14,122/-",BRD-DWS
T013026,03/22/2021,F01970,FPO_DELIVERY,WHEAT,10.3 qtl,"INR 2,210/-","INR 22,741/-",BRD-DWS
T013027,04/21/2021,F01973,D,Mustard,6.5 qtl,"INR 6,005/-","INR 39,153/-",BRD-DWS
T013028,23/04/2021,F01973,FPO_DELIVERY,Mustard,542.00 kgs,"INR 6,005/-","INR 32,547/-",BRD-DWS
T013029,03/21/2021,f01973,Delivery,Mustard,470.00 kgs,"INR 6,005/-","INR 28,224/-",BRD-DWS
T013030,12/30/2020,F01973,INPUT_PURCHASE,NPK 10:26:26,173 kgs,INR 37/-,"INR 6,479/-",BRD-DWS
T013031,12/25/2020,F01973,I,DAP,44 kg,INR 34/-,"INR 1,492/-",BRD-DWS
T013032,05/26/2021,F01973,Loan Repayment,Loan Repayment,,,"INR 7,500/-",BRD-DWS
T013033,02/03/2021,F01973,loan,EMI,,,"INR 3,800/-",BRD-DWS
T013034,12/31/2020,F01973,loan,EMI,,,"INR 6,000/-",BRD-DWS
T013035,19/03/2021,F01974,DELIVERY,MUSTARD,0.19 t,"INR 6,120/-","INR 11,506/-",BRD-DWS
T013036,03/23/2021,f01974,D,Sarson,4.1 qtl,"INR 6,120/-","INR 25,276/-",BRD-DWS
T013037,11/12/2020,F01974,FERT_PURCHASE,Urea,300 kg,INR 55/-,"INR 16,587/-",BRD-DWS
T013038,01/08/2021,F01974,I,Seeds,155 kgs,INR 93/-,"INR 14,358/-",BRD-DWS
T013039,04/04/2021,f01976,Delivery,mustard (Yellow),980 kg,"INR 5,965/-","INR 58,457/-",BRD-DWS
T013040,03/10/2021,F01978,D,MUSTARD,"1,206.00 kgs","INR 5,900/-","INR 71,154/-",BRD-DWS
T013041,04/04/2021,f01978,D,mustard (Yellow),1501 kg,"INR 5,900/-","INR 88,559/-",BRD-DWS
T013042,04/05/2021,F01978,Delivery,Wheat (Durum),"4,851.00 kgs","INR 2,420/-","INR 1,17,394/-",BRD-DWS
T013043,08/04/2021,f01978,D,wheat,1786 kg,"INR 2,420/-","INR 43,221/-",BRD-DWS
T013044,01/08/2021,F01978,input,NPK 10:26:26,281 kg,INR 50/-,"INR 14,140/-",BRD-DWS
T013045,01/12/2020,F01978,INPUT_PURCHASE,NPK 10:26:26,252 kgs,INR 29/-,"INR 7,300/-",BRD-DWS
T013046,04/11/2021,F01979,delivery,mustard (Yellow),6.20 quintals,"INR 5,655/-","INR 35,061/-",BRD-DWS
T013047,04/03/2021,F01979,Delivery,MUSTARD,0.15 t,"INR 5,655/-","INR 8,539/-",BRD-DWS
T013048,12/03/2020,F01979,FERT_PURCHASE,Urea,96 kgs,INR 43/-,"INR 4,159/-",BRD-DWS
T013049,06/03/2021,F01982,FPO_DELIVERY,Mustard,13.56 q,"INR 6,560/-","INR 88,954/-",BRD-DWS
T013050,12/01/2020,F01982,Input Purchase,FERTILIZER 50kg bag,121 kg,INR 56/-,"INR 6,798/-",BRD-DWS
T013051,05/12/2020, F01982 ,input,NPK 10:26:26,193 kg,INR 34/-,"INR 6,641/-",BRD-DWS
T013052,04/13/2021,F01983,DELIVERY,Mustard,1133 kg,"INR 6,435/-","INR 72,909/-",BRD-DWS
T013053,15/05/2021,f01986,FPO_DELIVERY,Mustard,1343 kg,"INR 6,375/-","INR 85,616/-",BRD-DWS
T013054,03/17/2021,F01986,delivery,Sarson,615 kg,"INR 6,375/-","INR 39,206/-",BRD-DWS
T013055,04/03/2021,F01989,delivery,Yellow Mustard,6.48 quintals,"INR 5,780/-","INR 37,454/-",BRD-DWS
T013056,04/11/2021,F01989,delivery,mustard (Yellow),653.00 kgs,"INR 5,780/-","INR 37,743/-",BRD-DWS
T013057,03/28/2021, F01989 ,delivery,wheat,"3,115.00 kgs","INR 2,365/-","INR 73,670/-",BRD-DWS
T013058,01/13/2021,F01989,FERT_PURCHASE,SEEDS,137 kg,INR 72/-,"INR 9,875/-",BRD-DWS
T013059,12/20/2020,F01989,LOAN_REPAY,Loan Repayment,,,"INR 3,500/-",BRD-DWS
T013060,02/11/2021,F01989,Loan Repayment,EMI,,,"INR 4,200/-",BRD-DWS
T013061,05/11/2021,f01989,Loan Repayment,Loan Repayment,,,"INR 6,700/-",BRD-DWS
T013062,17/04/2021,F01990,DELIVERY,Yellow Mustard,147.00 kgs,"INR 6,245/-","INR 9,180/-",BRD-DWS
T013063,04/13/2021,F01990,delivery,Sarson,1.36 t,"INR 6,245/-","INR 84,745/-",BRD-DWS
T013064,01/09/2021,F01990,LOAN_REPAY,Loan Repayment,,,"INR 1,200/-",BRD-DWS
T013065,04/20/2021,F01991,D,Mustard,0.93 t,"INR 6,195/-","INR 57,737/-",BRD-DWS
T013066,12/19/2020,F01991,INPUT_PURCHASE,Fertilizer,241 kg,INR 53/-,"INR 12,840/-",BRD-DWS
T013067,03/05/2021,F01994,FPO_DELIVERY,Yellow Mustard,1.43 MT,"INR 6,195/-","INR 88,588/-",BRD-DWS
T013068,04/13/2021,f01998,D,Sarson,26.9 qtl,"INR 6,245/-","INR 1,67,803/-",BRD-DWS
T013069,01/11/2021,F01998,Input Purchase,DAP,317 kgs,INR 35/-,"INR 11,044/-",BRD-DWS
T013070,04/03/2021,F02002,DELIVERY,Yellow Mustard,705.00 kgs,"INR 6,095/-","INR 42,970/-",BRD-DWS
T013071,03/31/2021,F02002,delivery,Wheat (Durum),"1,107.00 kgs","INR 2,250/-","INR 24,908/-",BRD-DWS
T013072,05/06/2021,F02002,delivery,WHEAT,742.00 kgs,"INR 2,250/-","INR 16,695/-",BRD-DWS
T013073,12/17/2020,f02002,input,Seeds,110 kg,INR 76/-,"INR 8,400/-",BRD-DWS
T013074,14/02/2021, F02002 ,LOAN_REPAY,EMI,,,"INR 3,500/-",BRD-DWS
T013075,05/03/2021,F02002,Loan Repayment,EMI,,,"INR 4,700/-",BRD-DWS
T013076,03/07/2021,F02008,DELIVERY,Mustard,417 kg,"INR 6,490/-","INR 27,063/-",BRD-DWS
T013077,01/03/2021,F02008,INPUT_PURCHASE,Bio-pesticide,158 kgs,INR 329/-,"INR 52,048/-",BRD-DWS
T013078,01/02/2021,F02008,FERT_PURCHASE,NPK 10:26:26,280 kgs,INR 46/-,"INR 12,743/-",BRD-DWS
T013079,12/29/2020,F02008,INPUT_PURCHASE,Hybrid Seeds,305 kg,INR 56/-,"INR 16,976/-",BRD-DWS
T013080,01/11/2021,F02008,Input Purchase,PPC,284 kgs,INR 289/-,"INR 82,113/-",BRD-DWS
T013081,03/18/2021,F02012,D,Yellow Mustard,"1,074.00 kgs","INR 5,990/-","INR 64,333/-",BRD-DWS
T013082,05/01/2021,F02012,Input Purchase,Urea,285 kgs,INR 59/-,"INR 16,821/-",BRD-DWS
T013083,12/31/2020,F02012,FERT_PURCHASE,SEEDS,125 kgs,INR 73/-,"INR 9,145/-",BRD-DWS
T013084,03/02/2021,F02013,delivery,MUSTARD,11.6 qtl,"INR 6,060/-","INR 70,175/-",BRD-DWS
T013085,01/09/2021,F02013,INPUT_PURCHASE,SEEDS,306 kg,INR 84/-,"INR 25,658/-",BRD-DWS
T013086,12/09/2020,F02013,I,Fertilizer,155 kg,INR 44/-,"INR 6,792/-",BRD-DWS
T013087,03/28/2021,F02016,Delivery,Mustard,450 kg,"INR 6,405/-","INR 28,822/-",BRD-DWS
T013088,03/24/2021,F02016,D,Sarson,205.00 kgs,"INR 6,405/-","INR 13,130/-",BRD-DWS
T013089,08/04/2021,F02016,Delivery,Lokwan Wheat,931.00 kgs,"INR 2,445/-","INR 22,763/-",BRD-DWS
T013090,03/16/2021,F02016,DELIVERY,Lokwan Wheat,0.30 t,"INR 2,445/-","INR 7,433/-",BRD-DWS
T013091,11/01/2021,F02016,INPUT_PURCHASE,Seeds,281 kg,INR 79/-,"INR 22,073/-",BRD-DWS
T013092,08/12/2020,F02016,INPUT_PURCHASE,SEEDS,228 kgs,INR 83/-,"INR 18,844/-",BRD-DWS
T013093,12/31/2020,F02016,FERT_PURCHASE,Urea,269 kg,INR 55/-,"INR 14,666/-",BRD-DWS
T013094,01/03/2021,F02016,input,FERTILIZER 50kg bag,216 kgs,INR 46/-,"INR 9,988/-",BRD-DWS
T013095,04/15/2021,F02019,Delivery,MUSTARD,23.81 quintals,"INR 6,155/-","INR 1,46,551/-",BRD-DWS
T013096,05/10/2021,F02019,FPO_DELIVERY,Yellow Mustard,529 kg,"INR 6,155/-","INR 32,560/-",BRD-DWS
T013097,12/01/2020,F02019,I,Fertilizer,251 kgs,INR 39/-,"INR 9,824/-",BRD-DWS
T013098,12/23/2020,F02019,input,SEEDS,226 kg,INR 87/-,"INR 19,698/-",BRD-DWS
T013099,05/14/2021,F02020,D,Sarson,3628 kg,"INR 5,825/-","INR 2,11,331/-",BRD-DWS
T013100,01/01/2021,F02020,INPUT_PURCHASE,SEEDS,62 kg,INR 47/-,"INR 2,895/-",BRD-DWS
T013101,12/12/2020,F02020,INPUT_PURCHASE,DAP,93 kgs,INR 53/-,"INR 4,942/-",BRD-DWS
T013102,02/12/2020,F02020,INPUT_PURCHASE,Fertilizer,163 kgs,INR 54/-,"INR 8,830/-",BRD-DWS
T013103,01/01/2021,F02020,input,Urea,75 kgs,INR 55/-,"INR 4,149/-",BRD-DWS
T013104,05/12/2020,F02020,Loan Repayment,Loan Repayment,,,"INR 2,400/-",BRD-DWS
T013105,05/14/2021,F02020,LOAN_REPAY,Loan Repayment,,,"INR 7,300/-",BRD-DWS
T013106,04/20/2021,f02021,Delivery,Mustard,17.43 q,"INR 6,325/-","INR 1,10,245/-",BRD-DWS
T013107,03/20/2021,f02022,DELIVERY,mustard (Yellow),1.46 q,"INR 6,410/-","INR 9,359/-",BRD-DWS
T013108,03/04/2021, F02022 ,delivery,Mustard,1.90 MT,"INR 6,410/-","INR 1,21,598/-",BRD-DWS
T013109,01/07/2021,F02022,FERT_PURCHASE,SEEDS,219 kg,INR 81/-,"INR 17,640/-",BRD-DWS
T013110,12/24/2020,F02022,I,NPK 10:26:26,75 kg,INR 48/-,"INR 3,588/-",BRD-DWS
T013111,12/22/2020,F02022,Input Purchase,PPC,310 kg,INR 452/-,"INR 1,40,204/-",BRD-DWS
T013112,03/04/2021,F02024,DELIVERY,mustard (Yellow),1.51 t,"INR 6,365/-","INR 95,921/-",BRD-DWS
T013113,12/19/2020,f02024,input,SEEDS,305 kgs,INR 112/-,"INR 34,041/-",BRD-DWS
T013114,04/19/2021,F02026,Delivery,Sarson,1.78 q,"INR 6,465/-","INR 11,508/-",BRD-DWS
T013115,04/05/2021,F02026,Delivery,Yellow Mustard,841 kg,"INR 6,465/-","INR 54,371/-",BRD-DWS
T013116,12/22/2020,F02026,Input Purchase,Fertilizer,80 kg,INR 43/-,"INR 3,432/-",BRD-DWS
T013117,01/02/2021,f02026,I,Hybrid Seeds,76 kgs,INR 114/-,"INR 8,637/-",BRD-DWS
T013118,05/15/2021,F02028,Delivery,Sarson,26.7 qtl,"INR 6,395/-","INR 1,70,810/-",BRD-DWS
T013119,12/12/2020,f02028,INPUT_PURCHASE,Seeds,310 kg,INR 98/-,"INR 30,411/-",BRD-DWS
T013120,01/07/2021,F02028,INPUT_PURCHASE,Urea,206 kg,INR 44/-,"INR 8,965/-",BRD-DWS
T013121,04/16/2021,F02029,Delivery,MUSTARD,2.8 qtl,"INR 6,515/-","INR 17,981/-",BRD-DWS
T013122,03/04/2021,F02029,delivery,mustard (Yellow),2.84 q,"INR 6,515/-","INR 18,503/-",BRD-DWS
T013123,12/29/2020,F02029,FERT_PURCHASE,SEEDS,136 kg,INR 48/-,"INR 6,475/-",BRD-DWS
T013124,03/25/2021,F02030,FPO_DELIVERY,MUSTARD,82 kg,"INR 6,450/-","INR 5,289/-",BRD-DWS
T013125,04/19/2021,F02030,D,mustard (Yellow),157 kg,"INR 6,450/-","INR 10,126/-",BRD-DWS
T013126,29/04/2021,F02030,Delivery,Mustard,1.6 qtl,"INR 6,450/-","INR 10,256/-",BRD-DWS
T013127,03/11/2021,F02030,delivery,WHEAT,0.88 MT,"INR 2,540/-","INR 22,250/-",BRD-DWS
T013128,04/24/2021,F02030,Delivery,Wheat,1.43 q,"INR 2,540/-","INR 3,632/-",BRD-DWS
T013129,12/19/2020,f02030,FERT_PURCHASE,Fertilizer,275 kg,INR 48/-,"INR 13,126/-",BRD-DWS
T013130,12/12/2020,F02030,Input Purchase,DAP,295 kgs,INR 41/-,"INR 12,071/-",BRD-DWS
T013131,12/31/2020,f02030,Input Purchase,Fertilizer,250 kg,INR 48/-,"INR 12,108/-",BRD-DWS
T013132,03/04/2021,F02031,delivery,Sarson,0.94 q,"INR 5,935/-","INR 5,579/-",BRD-DWS
T013133,04/17/2021,F02031,delivery,MUSTARD,1383 kg,"INR 5,935/-","INR 82,081/-",BRD-DWS
T013134,04/16/2021,F02031,DELIVERY,Wheat (Durum),33.27 quintals,"INR 2,455/-","INR 81,678/-",BRD-DWS
T013135,12/23/2020,F02031,FERT_PURCHASE,Hybrid Seeds,312 kgs,INR 98/-,"INR 30,504/-",BRD-DWS
T013136,12/08/2020,F02031,input,DAP,98 kgs,INR 57/-,"INR 5,613/-",BRD-DWS
T013137,12/16/2020,F02031,INPUT_PURCHASE,Seeds,114 kgs,INR 56/-,"INR 6,337/-",BRD-DWS
T013138,05/15/2021,F02032,D,Mustard,403 kg,"INR 6,105/-","INR 24,603/-",BRD-DWS
T013139,12/01/2020,F02032,Input Purchase,Urea,302 kg,INR 42/-,"INR 12,693/-",BRD-DWS
T013140,19/03/2021,F02033,FPO_DELIVERY,Yellow Mustard,400.00 kgs,"INR 6,605/-","INR 26,420/-",BRD-DWS
T013141,18/03/2021,f02033,D,wheat,228 kg,"INR 2,475/-","INR 5,643/-",BRD-DWS
T013142,04/27/2021,f02033,DELIVERY,Wheat,280.00 kgs,"INR 2,475/-","INR 6,930/-",BRD-DWS
T013143,03/31/2021,F02033,delivery,Lokwan Wheat,427 kg,"INR 2,475/-","INR 10,568/-",BRD-DWS
T013144,04/15/2021,F02035,Delivery,Sarson,1.81 MT,"INR 6,295/-","INR 1,14,191/-",BRD-DWS
T013145,05/05/2021,F02035,D,mustard (Yellow),5.7 qtl,"INR 6,295/-","INR 36,007/-",BRD-DWS
T013146,04/21/2021,F02036,delivery,Sarson,"1,656.00 kgs","INR 6,125/-","INR 1,01,430/-",BRD-DWS
T013147,03/28/2021,F02036,D,WHEAT,909.00 kgs,"INR 2,310/-","INR 20,998/-",BRD-DWS
T013148,03/05/2021,F02036,Delivery,Wheat (Durum),32.77 q,"INR 2,310/-","INR 75,699/-",BRD-DWS
T013149,01/05/2021,F02036,I,Bio-pesticide,253 kgs,INR 674/-,"INR 1,70,552/-",BRD-DWS
T013150,03/13/2021,F02038,FPO_DELIVERY,Mustard,1510 kg,"INR 5,955/-","INR 89,920/-",BRD-DWS
T013151,04/02/2021,f02038,D,MUSTARD,"1,231.00 kgs","INR 5,955/-","INR 73,306/-",BRD-DWS
T013152,04/21/2021,F02038,DELIVERY,wheat,64.66 quintals,"INR 2,305/-","INR 1,49,041/-",BRD-DWS
T013153,03/23/2021,F02038,L,Loan Repayment,,,"INR 2,200/-",BRD-DWS
T013154,03/09/2021,F02041,Delivery,mustard (Yellow),0.12 t,"INR 6,080/-","INR 7,053/-",BRD-DWS
T013155,04/15/2021,F02041,FPO_DELIVERY,Mustard,531 kg,"INR 6,080/-","INR 32,285/-",BRD-DWS
T013156,12/29/2020,F02041,I,Seeds,194 kgs,INR 59/-,"INR 11,363/-",BRD-DWS
T013157,01/14/2021,F02041,Input Purchase,Urea,193 kg,INR 56/-,"INR 10,879/-",BRD-DWS
T013158,04/27/2021,F02042,D,Yellow Mustard,4.13 quintals,"INR 5,820/-","INR 24,037/-",BRD-DWS
T013159,12/03/2021,F02042,D,Yellow Mustard,209.00 kgs,"INR 5,820/-","INR 12,164/-",BRD-DWS
T013160,04/03/2021,F02042,DELIVERY,MUSTARD,1.86 q,"INR 5,820/-","INR 10,825/-",BRD-DWS
T013161,03/04/2021,f02042,delivery,Wheat,1.54 q,"INR 2,295/-","INR 3,534/-",BRD-DWS
T013162,04/04/2021,F02042,FPO_DELIVERY,wheat,15.18 quintals,"INR 2,295/-","INR 34,838/-",BRD-DWS
T013163,03/26/2021,F02042,D,WHEAT,326.00 kgs,"INR 2,295/-","INR 7,482/-",BRD-DWS
T013164,05/04/2021,F02043,DELIVERY,Mustard,"1,023.00 kgs","INR 5,975/-","INR 61,124/-",BRD-DWS
T013165,05/04/2021,F02043,Delivery,WHEAT,2224 kg,"INR 2,470/-","INR 54,933/-",BRD-DWS
T013166,12/07/2020, F02043 ,FERT_PURCHASE,Bio-pesticide,294 kg,INR 611/-,"INR 1,79,690/-",BRD-DWS
T013167,05/13/2021,F02044,D,mustard (Yellow),78 kg,"INR 5,750/-","INR 4,485/-",BRD-DWS
T013168,04/04/2021,F02044,Delivery,mustard (Yellow),2282 kg,"INR 5,750/-","INR 1,31,215/-",BRD-DWS
T013169,04/22/2021,f02044,FPO_DELIVERY,Sarson,0.38 t,"INR 5,750/-","INR 22,080/-",BRD-DWS
T013170,12/15/2020,F02044,input,NPK 10:26:26,264 kgs,INR 30/-,"INR 8,026/-",BRD-DWS
T013171,12/20/2020,F02044,Input Purchase,SEEDS,27 kgs,INR 98/-,"INR 2,638/-",BRD-DWS
T013172,12/21/2020,F02044,FERT_PURCHASE,Fertilizer,44 kgs,INR 51/-,"INR 2,233/-",BRD-DWS
T013173,03/10/2021,F02046,D,Yellow Mustard,1326 kg,"INR 6,200/-","INR 82,212/-",BRD-DWS
T013174,22/03/2021,F02046,loan,Loan Repayment,,,"INR 3,900/-",BRD-DWS
T013175,05/15/2021,F02046,L,EMI,,,"INR 1,300/-",BRD-DWS
T013176,05/20/2021,F02046,L,EMI,,,"INR 1,300/-",BRD-DWS
T013177,04/24/2021,F02049,D,Yellow Mustard,15.53 q,"INR 6,300/-","INR 97,839/-",BRD-DWS
T013178,05/10/2021,f02052,Delivery,mustard (Yellow),652.00 kgs,"INR 5,715/-","INR 37,262/-",BRD-DWS
T013179,05/14/2021,F02052,D,Mustard,4.95 quintals,"INR 5,715/-","INR 28,289/-",BRD-DWS
T013180,04/26/2021,F02052,delivery,wheat,531 kg,"INR 2,200/-","INR 11,682/-",BRD-DWS
T013181,03/07/2021, F02052 ,Delivery,Wheat (Durum),24.45 q,"INR 2,200/-","INR 53,790/-",BRD-DWS
T013182,03/20/2021,F02053,Delivery,Sarson,122.00 kgs,"INR 5,870/-","INR 7,161/-",BRD-DWS
T013183,05/11/2021,F02053,Delivery,mustard (Yellow),5.8 qtl,"INR 5,870/-","INR 34,163/-",BRD-DWS
T013184,14/12/2020,F02053,input,PPC,53 kgs,INR 335/-,"INR 17,775/-",BRD-DWS
T013185,12/31/2020,F02053,INPUT_PURCHASE,NPK 10:26:26,165 kgs,INR 42/-,"INR 6,960/-",BRD-DWS
T013186,04/23/2021,F02054,FPO_DELIVERY,Mustard,3001 kg,"INR 6,335/-","INR 1,90,113/-",BRD-DWS
T013187,03/19/2021, F02054 ,DELIVERY,MUSTARD,423.00 kgs,"INR 6,335/-","INR 26,797/-",BRD-DWS
T013188,04/15/2021,F02055,DELIVERY,Mustard,953 kg,"INR 6,245/-","INR 59,515/-",BRD-DWS
T013189,05/04/2021,F02055,Delivery,Mustard,107 kg,"INR 6,245/-","INR 6,682/-",BRD-DWS
T013190,03/15/2021,F02057,D,Mustard,510.00 kgs,"INR 6,780/-","INR 34,578/-",BRD-DWS
T013191,14/05/2021,f02057,DELIVERY,MUSTARD,1.66 quintals,"INR 6,780/-","INR 11,255/-",BRD-DWS
T013192,05/07/2021,F02057,Delivery,Mustard,2.1 qtl,"INR 6,780/-","INR 14,238/-",BRD-DWS
T013193,05/12/2021,F02057,DELIVERY,wheat,0.05 quintals,"INR 2,365/-",INR 118/-,BRD-DWS
T013194,03/27/2021,F02057,FPO_DELIVERY,Wheat (Durum),"1,385.00 kgs","INR 2,365/-","INR 32,755/-",BRD-DWS
T013195,05/06/2021,F02057,D,Wheat,381 kg,"INR 2,365/-","INR 9,011/-",BRD-DWS
T013196,01/10/2021,F02057,INPUT_PURCHASE,FERTILIZER 50kg bag,44 kg,INR 54/-,"INR 2,371/-",BRD-DWS
T013197,02/02/2021,F02057,Loan Repayment,Loan Repayment,,,"INR 7,700/-",BRD-DWS
T013198,05/29/2021,f02057,LOAN_REPAY,EMI,,,"INR 4,700/-",BRD-DWS
T013199,02/21/2021,F02057,loan,EMI,,,"INR 1,400/-",BRD-DWS
T013200,04/16/2021,F02057,L,EMI,,,"INR 7,600/-",BRD-DWS
T013201,05/15/2021,F02058,delivery,MUSTARD,88.00 kgs,"INR 5,980/-","INR 5,262/-",BRD-DWS
T013202,03/06/2021,F02058,D,mustard (Yellow),3.43 q,"INR 5,980/-","INR 20,511/-",BRD-DWS
T013203,03/17/2021,F02058,LOAN_REPAY,Loan Repayment,,,"INR 2,300/-",BRD-DWS
T013204,03/21/2021, F02060 ,DELIVERY,MUSTARD,2253 kg,"INR 6,540/-","INR 1,47,346/-",BRD-DWS
T013205,03/18/2021,F02060,Delivery,Sarson,21.38 quintals,"INR 6,540/-","INR 1,39,825/-",BRD-DWS
T013206,04/19/2021,F02060,FPO_DELIVERY,Lokwan Wheat,9085 kg,"INR 2,480/-","INR 2,25,308/-",BRD-DWS
T013207,01/08/2021,F02060,input,SEEDS,34 kg,INR 79/-,"INR 2,692/-",BRD-DWS
T013208,12/29/2020,F02060,I,PPC,45 kgs,INR 372/-,"INR 16,719/-",BRD-DWS
T013209,03/15/2021,F02061,DELIVERY,Yellow Mustard,18.95 quintals,"INR 5,950/-","INR 1,12,752/-",BRD-DWS
T013544,05/09/2021,F02227,DELIVERY,MUSTARD,8.7 qtl,"INR 6,795/-","INR 59,320/-",BRD-DWS
T013545,05/04/2021,F02227,delivery,Sarson,3.4 qtl,"INR 6,795/-","INR 22,899/-",BRD-DWS
T013546,12/07/2020,F02227,input,Urea,35 kg,INR 34/-,"INR 1,176/-",BRD-DWS
T013547,12/04/2020,F02227,Input Purchase,Hybrid Seeds,189 kgs,INR 61/-,"INR 11,535/-",BRD-DWS
T013548,12/03/2020,F02227,INPUT_PURCHASE,DAP,96 kgs,INR 31/-,"INR 3,004/-",BRD-DWS
T013554,03/16/2021,F02231,Delivery,Sarson,15.13 quintals,"INR 6,530/-","INR 98,799/-",BRD-DWS
T013555,12/13/2020,F02231,INPUT_PURCHASE,DAP,151 kg,INR 30/-,"INR 4,598/-",BRD-DWS
T013556,01/06/2021,F02231,FERT_PURCHASE,PP chemicals,310 kg,INR 543/-,"INR 1,68,364/-",BRD-DWS
T013579,04/15/2021,F02243,DELIVERY,Mustard,5.8 qtl,"INR 6,355/-","INR 37,113/-",BRD-DWS
T013580,04/16/2021,F02243,delivery,Sarson,14.58 quintals,"INR 6,355/-","INR 92,656/-",BRD-DWS
T013581,22/03/2021,F02243,FPO_DELIVERY,Yellow Mustard,0.16 q,"INR 6,355/-","INR 1,017/-",BRD-DWS
T013582,12/01/2020,F02243,INPUT_PURCHASE,PP chemicals,181 kgs,INR 668/-,"INR 1,20,830/-",BRD-DWS
T013583,05/06/2021,F02243,loan,EMI,,,"INR 1,100/-",BRD-DWS
T013584,12/24/2020,F02243,Loan Repayment,Loan Repayment,,,"INR 5,800/-",BRD-DWS
T013585,32/01/2022,f02243,LOAN_REPAY,Loan Repayment,,,"INR 3,800/-",BRD-DWS
T013601,03/16/2021, F02249 ,D,Sarson,822 kg,"INR 6,105/-","INR 50,183/-",BRD-DWS
T013602,01/11/2021,F02249,I,FERTILIZER 50kg bag,33 kg,INR 41/-,"INR 1,364/-",BRD-DWS
T013603,04/17/2021,F02250,D,mustard (Yellow),"1,096.00 kgs","INR 6,515/-","INR 71,404/-",BRD-DWS
T013604,03/04/2021,F02250,D,mustard (Yellow),804.00 kgs,"INR 6,515/-","INR 52,381/-",BRD-DWS
T013605,12/29/2020,f02250,I,Seeds,162 kgs,INR 56/-,"INR 9,020/-",BRD-DWS
T013632,03/07/2021,F02267,D,Mustard,6.2 qtl,"INR 5,370/-","INR 33,240/-",BRD-DWS
T013633,04/16/2021, F02267 ,D,Yellow Mustard,63 kg,"INR 5,370/-","INR 3,383/-",BRD-DWS
T013634,05/13/2021,F02267,delivery,Yellow Mustard,2.63 q,"INR 5,370/-","INR 14,123/-",BRD-DWS
T013635,12/13/2020,F02267,Input Purchase,FERTILIZER 50kg bag,25 kg,INR 56/-,"INR 1,412/-",BRD-DWS
T013649,03/16/2021,F02275,D,Mustard,151.00 kgs,"INR 6,485/-","INR 9,792/-",BRD-DWS
T013650,04/06/2021,F02275,FPO_DELIVERY,MUSTARD,449 kg,"INR 6,485/-","INR 29,118/-",BRD-DWS
T013651,04/20/2021,F02275,FPO_DELIVERY,Mustard,308 kg,"INR 6,485/-","INR 19,974/-",BRD-DWS
T013652,01/12/2021,f02275,I,Seeds,177 kgs,INR 126/-,"INR 22,297/-",BRD-DWS
T013653,12/19/2020,F02275,Loan Repayment,EMI,,,"INR 3,400/-",BRD-DWS
T013668,03/12/2021,F02284,delivery,mustard (Yellow),14.89 quintals,"INR 6,045/-","INR 90,010/-",BRD-DWS
T013669,12/22/2020,F02284,FERT_PURCHASE,Fertilizer,169 kgs,INR 42/-,"INR 7,083/-",BRD-DWS
T013689,03/16/2021,F02293,FPO_DELIVERY,Mustard,15.8 qtl,"INR 5,945/-","INR 93,753/-",BRD-DWS
T013690,01/13/2021,F02293,Input Purchase,NPK 10:26:26,158 kg,INR 41/-,"INR 6,402/-",BRD-DWS
T013691,12/26/2020,F02293,input,Fertilizer,80 kg,INR 51/-,"INR 4,089/-",BRD-DWS
T013699,05/13/2021, F02298 ,D,Mustard,"1,852.00 kgs","INR 6,275/-","INR 1,16,213/-",BRD-DWS
T013700,12/09/2020,F02298,I,Urea,31 kg,INR 58/-,"INR 1,809/-",BRD-DWS
T013701,01/13/2021,F02298,FERT_PURCHASE,Fertilizer,161 kgs,INR 38/-,"INR 6,063/-",BRD-DWS
T013702,12/17/2020,F02298,FERT_PURCHASE,PPC,28 kg,INR 508/-,"INR 14,222/-",BRD-DWS
T013708,10/05/2021,F02301,FPO_DELIVERY,Yellow Mustard,929 kg,"INR 6,385/-","INR 59,317/-",BRD-DWS
T013709,01/05/2021,F02301,FERT_PURCHASE,Seeds,214 kg,INR 112/-,"INR 24,054/-",BRD-DWS
T013710,12/01/2020,F02301,I,DAP,129 kg,INR 46/-,"INR 5,890/-",BRD-DWS
T013770,04/27/2021,F02320,FPO_DELIVERY,Yellow Mustard,1175 kg,"INR 6,075/-","INR 71,381/-",BRD-DWS
T013771,01/06/2021,F02320,I,Urea,25 kgs,INR 36/-,INR 894/-,BRD-DWS
T013772,12/10/2020,F02320,Input Purchase,DAP,281 kg,INR 43/-,"INR 12,058/-",BRD-DWS
T013773,12/03/2020,F02320,INPUT_PURCHASE,Hybrid Seeds,126 kgs,INR 61/-,"INR 7,639/-",BRD-DWS
T013790,07/04/2021,F02326,FPO_DELIVERY,MUSTARD,174.00 kgs,"INR 6,195/-","INR 10,779/-",BRD-DWS
T013791,04/03/2021,F02326,D,Mustard,6.7 qtl,"INR 6,195/-","INR 41,506/-",BRD-DWS
T013792,04/25/2021,F02326,Delivery,Sarson,5.8 qtl,"INR 6,195/-","INR 35,745/-",BRD-DWS
T013793,03/08/2021,F02326,L,Loan Repayment,,,"INR 7,700/-",BRD-DWS
T013794,05/26/2021, F02326 ,L,EMI,,,"INR 1,500/-",BRD-DWS
T013806,05/02/2021,F02334,DELIVERY,Sarson,22.28 q,"INR 6,325/-","INR 1,40,921/-",BRD-DWS
T013807,02/21/2021,F02334,loan,EMI,,,"INR 7,200/-",BRD-DWS
T013808,01/05/2021,F02334,Loan Repayment,EMI,,,"INR 5,000/-",BRD-DWS
T013809,04/05/2021,F02334,L,Loan Repayment,,,"INR 7,500/-",BRD-DWS
T013829,03/16/2021,F02341,Delivery,MUSTARD,774.00 kgs,"INR 6,375/-","INR 49,342/-",BRD-DWS
T013830,04/03/2021,F02341,Delivery,mustard (Yellow),28.00 kgs,"INR 6,375/-","INR 1,785/-",BRD-DWS
T013831,12/27/2020,F02341,I,NPK 10:26:26,53 kgs,INR 36/-,"INR 1,934/-",BRD-DWS
T013832,01/10/2021,F02341,Input Purchase,Fertilizer,116 kgs,INR 50/-,"INR 5,843/-",BRD-DWS
T013833,01/01/2021,F02341,INPUT_PURCHASE,Hybrid Seeds,276 kg,INR 123/-,"INR 33,907/-",BRD-DWS
T013834,04/22/2021,F02342,Delivery,MUSTARD,6.0 qtl,"INR 6,035/-","INR 35,908/-",BRD-DWS
T013835,10/12/2020, F02342 ,FERT_PURCHASE,Seeds,150 kg,INR 62/-,"INR 9,262/-",BRD-DWS
T013850,03/06/2021,F02348,DELIVERY,Mustard,670.00 kgs,"INR 6,455/-","INR 43,248/-",BRD-DWS
T013851,04/22/2021,F02348,DELIVERY,MUSTARD,5.25 quintals,"INR 6,455/-","INR 33,889/-",BRD-DWS
T013893,04/20/2021,F02360,FPO_DELIVERY,Sarson,695.00 kgs,"INR 6,335/-","INR 44,028/-",BRD-DWS
T013894,03/14/2021,F02360,delivery,MUSTARD,1494 kg,"INR 6,335/-","INR 94,645/-",BRD-DWS
T013895,12/13/2020,F02360,INPUT_PURCHASE,FERTILIZER 50kg bag,118 kgs,INR 41/-,"INR 4,876/-",BRD-DWS
T013896,12/11/2020,f02360,L,EMI,,,"INR 6,300/-",BRD-DWS
T013897,05/11/2021,f02360,LOAN_REPAY,Loan Repayment,,,"INR 1,700/-",BRD-DWS
T015435,10/10/2021,F01913,delivery,Soybean (Yellow),5.0 qtl,"INR 5,175/-","INR 25,616/-",BRD-DWS
T015436,11/27/2021,f01913,delivery,SOYABEAN,151 kg,"INR 5,175/-","INR 7,814/-",BRD-DWS
T015437,06/16/2021,f01913,input,Seeds,214 kg,INR 65/-,"INR 13,921/-",BRD-DWS
T015438,10/01/2021,f01914,DELIVERY,SOYABEAN,1.4 qtl,"INR 5,570/-","INR 7,631/-",BRD-DWS
T015439,20/11/2021,F01914,Delivery,soya,7.1 qtl,"INR 5,570/-","INR 39,770/-",BRD-DWS
T015440,06/28/2021, F01914 ,FERT_PURCHASE,FERTILIZER 50kg bag,117 kgs,INR 54/-,"INR 6,265/-",BRD-DWS
T015441,06/14/2021,F01914,FERT_PURCHASE,SEEDS,268 kg,INR 124/-,"INR 33,211/-",BRD-DWS
T015442,06/27/2021,F01914,I,Seeds,264 kgs,INR 88/-,"INR 23,235/-",BRD-DWS
T015443,07/12/2021, F01914 ,INPUT_PURCHASE,SEEDS,237 kgs,INR 88/-,"INR 20,830/-",BRD-DWS
T015444,28/06/2021,F01914,I,DAP,215 kg,INR 44/-,"INR 9,550/-",BRD-DWS
T015445,10/11/2021,F01915,Delivery,SOYABEAN,0.30 q,"INR 5,310/-","INR 1,593/-",BRD-DWS
T015446,11/22/2021,F01915,Delivery,SOYABEAN,"2,192.00 kgs","INR 5,310/-","INR 1,16,395/-",BRD-DWS
T015447,07/12/2021,F01915,Input Purchase,Hybrid Seeds,56 kgs,INR 105/-,"INR 5,887/-",BRD-DWS
T015448,06/30/2021,F01915,INPUT_PURCHASE,FERTILIZER 50kg bag,294 kg,INR 54/-,"INR 15,973/-",BRD-DWS
T015449,10/07/2021,f01916,DELIVERY,soya,"1,530.00 kgs","INR 5,515/-","INR 84,380/-",BRD-DWS
T015450,11/12/2021,F01916,delivery,SOYABEAN,19.71 q,"INR 5,515/-","INR 1,08,701/-",BRD-DWS
T015451,10/25/2021, F01917 ,Delivery,SOYABEAN,372 kg,"INR 5,565/-","INR 20,702/-",BRD-DWS
T015452,11/21/2021,F01917,D,Soybean,0.10 t,"INR 5,565/-","INR 5,788/-",BRD-DWS
T015453,11/22/2021,F01917,L,EMI,,,"INR 4,300/-",BRD-DWS
T015454,10/09/2021,F01918,delivery,Soybean,9.24 q,"INR 5,360/-","INR 49,526/-",BRD-DWS
T015455,06/05/2021,F01918,FERT_PURCHASE,SEEDS,96 kg,INR 116/-,"INR 11,130/-",BRD-DWS
T015456,06/03/2021,F01918,input,DAP,58 kg,INR 39/-,"INR 2,285/-",BRD-DWS
T015457,06/26/2021,F01918,INPUT_PURCHASE,Urea,249 kgs,INR 40/-,"INR 9,873/-",BRD-DWS
T015458,06/12/2021,F01918,I,Hybrid Seeds,209 kg,INR 120/-,"INR 24,992/-",BRD-DWS
T015459,07/28/2021,f01918,L,Loan Repayment,,,"INR 4,000/-",BRD-DWS
T015460,11/06/2021,F01920,Delivery,soya,"1,348.00 kgs","INR 5,270/-","INR 71,040/-",BRD-DWS
T015461,02/07/2021,F01920,FERT_PURCHASE,NPK 10:26:26,270 kgs,INR 59/-,"INR 15,887/-",BRD-DWS
T015462,06/02/2021,F01920,I,FERTILIZER 50kg bag,68 kg,INR 39/-,"INR 2,668/-",BRD-DWS
T015463,07/06/2021, F01920 ,I,Bio-pesticide,191 kgs,INR 249/-,"INR 47,578/-",BRD-DWS
T015464,06/12/2021,F01920,INPUT_PURCHASE,SEEDS,275 kgs,INR 56/-,"INR 15,282/-",BRD-DWS
T015465,10/09/2021,f01921,delivery,Soybean (Yellow),2.81 quintals,"INR 5,575/-","INR 15,666/-",BRD-DWS
T015466,13/11/2021,F01921,D,SOYABEAN,0.02 MT,"INR 5,575/-","INR 1,282/-",BRD-DWS
T015467,10/08/2021,F01921,delivery,Soybean (Yellow),1095 kg,"INR 5,575/-","INR 61,046/-",BRD-DWS
T015468,10/09/2021,F01921,LOAN_REPAY,EMI,,,"INR 6,800/-",BRD-DWS
T015469,11/09/2021,F01922,D,SOYABEAN,373 kg,"INR 5,130/-","INR 19,135/-",BRD-DWS
T015470,11/04/2021,f01922,delivery,Soybean,1.03 t,"INR 5,130/-","INR 52,942/-",BRD-DWS
T015471,10/29/2021,F01922,delivery,Soybean,1320 kg,"INR 5,130/-","INR 67,716/-",BRD-DWS
T015472,06/18/2021,F01922,loan,Loan Repayment,,,"INR 3,300/-",BRD-DWS
T015473,10/28/2021,F01924,DELIVERY,Soybean,11.14 quintals,"INR 5,630/-","INR 62,718/-",BRD-DWS
T015474,09/11/2021,F01924,Delivery,SOYABEAN,890 kg,"INR 5,630/-","INR 50,107/-",BRD-DWS
T015475,03/07/2021,F01924,INPUT_PURCHASE,Seeds,254 kgs,INR 122/-,"INR 30,924/-",BRD-DWS
T015476,04/07/2021,F01924,I,NPK 10:26:26,309 kg,INR 57/-,"INR 17,635/-",BRD-DWS
T015477,11/06/2021,F01925,FPO_DELIVERY,soya,19.74 quintals,"INR 5,265/-","INR 1,03,931/-",BRD-DWS
T015478,06/26/2021,F01925,INPUT_PURCHASE,FERTILIZER 50kg bag,36 kgs,INR 32/-,"INR 1,156/-",BRD-DWS
T015479,07/30/2021,F01925,LOAN_REPAY,Loan Repayment,,,"INR 2,400/-",BRD-DWS
T015480,10/25/2021,F01926,FPO_DELIVERY,soya,235.00 kgs,"INR 5,285/-","INR 12,420/-",BRD-DWS
T015481,10/29/2021,F01926,D,Soybean,955.00 kgs,"INR 5,285/-","INR 50,472/-",BRD-DWS
T015482,10/14/2021,F01926,DELIVERY,soya,1055 kg,"INR 5,285/-","INR 55,757/-",BRD-DWS
T015483,07/02/2021,F01926,Input Purchase,PP chemicals,219 kgs,INR 691/-,"INR 1,51,307/-",BRD-DWS
T015484,06/03/2021,F01926,Input Purchase,DAP,53 kg,INR 46/-,"INR 2,458/-",BRD-DWS
T015485,10/07/2021,F01927,delivery,Soybean (Yellow),10.71 quintals,"INR 5,355/-","INR 57,352/-",BRD-DWS
T015486,10/26/2021,F01927,delivery,SOYABEAN,0.13 MT,"INR 5,355/-","INR 6,962/-",BRD-DWS
T015487,07/11/2021,F01927,delivery,SOYABEAN,0.89 quintals,"INR 5,355/-","INR 4,766/-",BRD-DWS
T015488,10/11/2021,F01929,Delivery,Soybean,126 kg,"INR 5,030/-","INR 6,338/-",BRD-DWS
T015489,10/25/2021,F01929,delivery,soya,886.00 kgs,"INR 5,030/-","INR 44,566/-",BRD-DWS
T015490,11/23/2021,F01931,delivery,SOYABEAN,"1,309.00 kgs","INR 5,015/-","INR 65,646/-",BRD-DWS
T015491,06/01/2021,F01931,FERT_PURCHASE,FERTILIZER 50kg bag,,INR 39/-,"INR 6,095/-",BRD-DWS
T015492,06/15/2021,f01931,FERT_PURCHASE,NPK 10:26:26,203 kgs,INR 41/-,"INR 8,276/-",BRD-DWS
T015493,10/16/2021,F01933,delivery,soya,6.23 q,"INR 5,110/-","INR 31,835/-",BRD-DWS
T015494,06/14/2021,F01933,input,FERTILIZER 50kg bag,296 kg,INR 40/-,"INR 11,722/-",BRD-DWS
T015495,10/08/2021,F01934,DELIVERY,Soybean,0.05 t,"INR 5,220/-","INR 2,662/-",BRD-DWS
T015496,10/17/2021,F01934,D,Soybean (Yellow),9.5 qtl,"INR 5,220/-","INR 49,486/-",BRD-DWS
T015497,07/10/2021,F01934,input,SEEDS,88 kg,INR 115/-,"INR 10,093/-",BRD-DWS
T015498,11/29/2021,f01934,L,EMI,,,"INR 6,300/-",BRD-DWS
T015499,06/12/2021,F01934,LOAN_REPAY,Loan Repayment,,,"INR 2,800/-",BRD-DWS
T015500,10/23/2021,F01937,DELIVERY,Soybean (Yellow),319 kg,"INR 5,080/-","INR 16,205/-",BRD-DWS
T015501,10/01/2021,F01937,FPO_DELIVERY,soya,"1,574.00 kgs","INR 5,080/-","INR 79,959/-",BRD-DWS
T015502,06/30/2021,F01937,Input Purchase,NPK 10:26:26,135 kgs,INR 51/-,"INR 6,950/-",BRD-DWS
T015503,07/05/2021,F01937,Input Purchase,FERTILIZER 50kg bag,107 kgs,INR 56/-,"INR 5,981/-",BRD-DWS
T015504,09/17/2021, F01937 ,L,EMI,,,"INR 2,400/-",BRD-DWS
T015505,07/16/2021,F01937,loan,EMI,,,"INR 1,600/-",BRD-DWS
T015506,10/09/2021,F01939,Delivery,Soybean (Yellow),0.1 qtl,"INR 5,675/-",INR 681/-,BRD-DWS
T015507,11/14/2021,F01939,Delivery,SOYABEAN,15.36 q,"INR 5,675/-","INR 87,168/-",BRD-DWS
T015508,11/23/2021,F01940,delivery,Soybean,"1,372.00 kgs","INR 5,175/-","INR 71,001/-",BRD-DWS
T015509,06/03/2021,F01940,FERT_PURCHASE,FERTILIZER 50kg bag,103 kg,INR 29/-,"INR 3,019/-",BRD-DWS
T015510,06/26/2021,F01940,input,Hybrid Seeds,204 kgs,INR 94/-,"INR 19,196/-",BRD-DWS
T015511,06/05/2021,F01940,INPUT_PURCHASE,SEEDS,112 kgs,INR 103/-,"INR 11,577/-",BRD-DWS
T015512,06/04/2021,F01940,FERT_PURCHASE,DAP,189 kgs,INR 32/-,"INR 6,065/-",BRD-DWS
T015513,07/09/2021,F01940,input,SEEDS,158 kg,INR 58/-,"INR 9,243/-",BRD-DWS
T015514,11/06/2021,F01948,Delivery,SOYABEAN,303.00 kgs,"INR 5,485/-","INR 16,620/-",BRD-DWS
T015515,20/10/2021,F01948,DELIVERY,SOYABEAN,958 kg,"INR 5,485/-","INR 52,546/-",BRD-DWS
T015516,06/25/2021,F01948,input,NPK 10:26:26,78 kg,INR 53/-,"INR 4,099/-",BRD-DWS
T015517,08/03/2021,F01948,L,Loan Repayment,,,"INR 5,600/-",BRD-DWS
T015518,06/12/2021,F01948,Loan Repayment,EMI,,,"INR 5,600/-",BRD-DWS
T015519,10/01/2021,F01949,delivery,Soybean,569.00 kgs,"INR 5,475/-","INR 31,153/-",BRD-DWS
T015520,11/21/2021,F01949,delivery,Soybean,562 kg,"INR 5,475/-","INR 30,770/-",BRD-DWS
T015521,06/05/2021,F01949,Input Purchase,Fertilizer,316 kg,INR 53/-,"INR 16,874/-",BRD-DWS
T015522,11/24/2021,F01951,delivery,SOYABEAN,"3,085.00 kgs","INR 5,670/-","INR 1,74,920/-",BRD-DWS
T015523,06/03/2021, F01951 ,FERT_PURCHASE,Fertilizer,112 kgs,INR 38/-,"INR 4,253/-",BRD-DWS
T015524,07/10/2021,F01951,input,Urea,225 kgs,INR 35/-,"INR 7,893/-",BRD-DWS
T015525,10/19/2021,F01952,DELIVERY,Soybean (Yellow),3.3 qtl,"INR 5,640/-","INR 18,668/-",BRD-DWS
T015526,11/05/2021,F01952,D,soya,8.2 qtl,"INR 5,640/-","INR 46,248/-",BRD-DWS
T015527,06/18/2021,f01952,input,FERTILIZER 50kg bag,186 kgs,INR 45/-,"INR 8,355/-",BRD-DWS
T015528,06/28/2021,F01952,INPUT_PURCHASE,DAP,46 kgs,INR 46/-,"INR 2,113/-",BRD-DWS
T015529,06/26/2021,F01952,FERT_PURCHASE,Bio-pesticide,284 kgs,INR 474/-,"INR 1,34,704/-",BRD-DWS
T015530,09/19/2021,F01952,LOAN_REPAY,EMI,,,"INR 4,400/-",BRD-DWS
T015531,10/01/2021,F01952,L,Loan Repayment,,,"INR 6,200/-",BRD-DWS
T015532,10/26/2021,F01958,delivery,Soybean,501 kg,"INR 5,360/-","INR 26,854/-",BRD-DWS
T015533,10/25/2021,F01958,FPO_DELIVERY,SOYABEAN,47 kg,"INR 5,360/-","INR 2,519/-",BRD-DWS
T015534,06/17/2021,F01958,I,NPK 10:26:26,185 kg,INR 34/-,"INR 6,262/-",BRD-DWS
T015535,06/20/2021,F01958,I,Hybrid Seeds,218 kg,INR 113/-,"INR 24,643/-",BRD-DWS
T015536,06/10/2021,f01958,Input Purchase,PPC,201 kgs,INR 211/-,"INR 42,335/-",BRD-DWS
T015537,10/05/2021,F01959,Delivery,Soybean (Yellow),0.10 t,"INR 5,310/-","INR 5,363/-",BRD-DWS
T015538,10/01/2021,F01959,DELIVERY,Soybean,"1,301.00 kgs","INR 5,310/-","INR 69,083/-",BRD-DWS
T015539,06/30/2021,F01959,I,FERTILIZER 50kg bag,238 kg,INR 54/-,"INR 12,852/-",BRD-DWS
T015540,06/17/2021,F01959,Input Purchase,Bio-pesticide,183 kg,INR 240/-,"INR 43,958/-",BRD-DWS
T015541,07/02/2021,F01959,FERT_PURCHASE,PP chemicals,206 kgs,INR 652/-,"INR 1,34,335/-",BRD-DWS
T015542,10/03/2021,F01964,FPO_DELIVERY,SOYABEAN,8.45 quintals,"INR 5,385/-","INR 45,503/-",BRD-DWS
T015543,06/12/2021,F01964,I,Hybrid Seeds,281 kgs,INR 65/-,"INR 18,192/-",BRD-DWS
T015544,07/02/2021,F01964,INPUT_PURCHASE,DAP,53 kgs,INR 41/-,"INR 2,164/-",BRD-DWS
T015545,06/03/2021,F01964,I,SEEDS,80 kg,INR 79/-,"INR 6,328/-",BRD-DWS
T015546,06/04/2021,F01964,Input Purchase,NPK 10:26:26,212 kgs,INR 41/-,"INR 8,611/-",BRD-DWS
T015547,11/28/2021,F01966,delivery,soya,"2,630.00 kgs","INR 5,580/-","INR 1,46,754/-",BRD-DWS
T015548,11/08/2021,F01966,loan,Loan Repayment,,,"INR 3,600/-",BRD-DWS
T015549,06/06/2021, F01966 ,LOAN_REPAY,Loan Repayment,,,INR 800/-,BRD-DWS
T015550,09/08/2021,F01966,L,Loan Repayment,,,"INR 7,900/-",BRD-DWS
T015551,10/27/2021,F01969,D,SOYABEAN,385 kg,"INR 5,115/-","INR 19,693/-",BRD-DWS
T015552,10/09/2021, F01969 ,Delivery,Soybean (Yellow),860.00 kgs,"INR 5,115/-","INR 43,989/-",BRD-DWS
T015553,06/22/2021,F01969,INPUT_PURCHASE,Hybrid Seeds,144 kgs,INR 123/-,"INR 17,745/-",BRD-DWS
T015554,11/09/2021,F01970,D,SOYABEAN,5.88 quintals,"INR 5,185/-","INR 30,488/-",BRD-DWS
T015555,11/14/2021,F01970,DELIVERY,Soybean (Yellow),218 kg,"INR 5,185/-","INR 11,303/-",BRD-DWS
T015556,10/29/2021,F01970,FPO_DELIVERY,Soybean (Yellow),7 kg,"INR 5,185/-",INR 363/-,BRD-DWS
T015557,13/07/2021,F01970,FERT_PURCHASE,DAP,182 kgs,INR 59/-,"INR 10,667/-",BRD-DWS
T015558,07/03/2021,F01970,I,NPK 10:26:26,138 kgs,INR 35/-,"INR 4,858/-",BRD-DWS
T015559,10/03/2021,F01973,D,SOYABEAN,12.75 quintals,"INR 5,405/-","INR 68,914/-",BRD-DWS
T015560,10/31/2021,F01973,D,Soybean (Yellow),6.4 qtl,"INR 5,405/-","INR 34,592/-",BRD-DWS
T015561,04/07/2021,F01973,I,Fertilizer,304 kgs,INR 29/-,"INR 8,922/-",BRD-DWS
T015562,24/11/2021,f01973,LOAN_REPAY,EMI,,,"INR 1,500/-",BRD-DWS
T015563,10/13/2021,F01973,L,Loan Repayment,,,"INR 4,700/-",BRD-DWS
T015564,11/24/2021,F01974,DELIVERY,soya,88.00 kgs,"INR 5,590/-","INR 4,919/-",BRD-DWS
T015565,10/24/2021,F01974,DELIVERY,SOYABEAN,6.55 quintals,"INR 5,590/-","INR 36,614/-",BRD-DWS
T015566,06/23/2021,F01974,INPUT_PURCHASE,FERTILIZER 50kg bag,64 kgs,INR 34/-,"INR 2,148/-",BRD-DWS
T015567,10/06/2021,F01974,Loan Repayment,Loan Repayment,,,"INR 4,800/-",BRD-DWS
T015568,06/08/2021,f01974,loan,Loan Repayment,,,"INR 5,100/-",BRD-DWS
T015569,10/22/2021,F01976,Delivery,SOYABEAN,"1,121.00 kgs","INR 5,365/-","INR 60,142/-",BRD-DWS
T015570,11/19/2021,F01978,DELIVERY,Soybean,11.22 q,"INR 5,595/-","INR 62,776/-",BRD-DWS
T015571,10/07/2021,F01978,FPO_DELIVERY,Soybean (Yellow),1.26 t,"INR 5,595/-","INR 70,609/-",BRD-DWS
T015572,11/22/2021,F01978,delivery,Soybean,231 kg,"INR 5,595/-","INR 12,924/-",BRD-DWS
T015573,07/14/2021, F01978 ,I,DAP,201 kgs,INR 36/-,"INR 7,254/-",BRD-DWS
T015574,07/10/2021,F01978,FERT_PURCHASE,NPK 10:26:26,179 kg,INR 38/-,"INR 6,743/-",BRD-DWS
T015575,06/25/2021,F01978,Input Purchase,Urea,,INR 42/-,"INR 1,944/-",BRD-DWS
T015576,06/11/2021,F01978,FERT_PURCHASE,Seeds,249 kg,INR 113/-,"INR 28,249/-",BRD-DWS
T015577,06/29/2021,F01978,FERT_PURCHASE,FERTILIZER 50kg bag,243 kgs,INR 51/-,"INR 12,318/-",BRD-DWS
T015578,07/10/2021,F01979,FPO_DELIVERY,Soybean,9.22 q,"INR 5,285/-","INR 48,728/-",BRD-DWS
T015579,06/16/2021, F01979 ,input,Fertilizer,175 kg,INR 31/-,"INR 5,386/-",BRD-DWS
T015580,06/22/2021,F01979,Input Purchase,PPC,155 kgs,INR 443/-,"INR 68,702/-",BRD-DWS
T015581,11/07/2021,F01982,delivery,SOYABEAN,943.00 kgs,"INR 5,205/-","INR 49,083/-",BRD-DWS
T015582,10/19/2021,F01982,delivery,SOYABEAN,4.5 qtl,"INR 5,205/-","INR 23,475/-",BRD-DWS
T015583,11/03/2021,F01983,Delivery,soya,12.97 q,"INR 5,325/-","INR 69,065/-",BRD-DWS
T015584,07/02/2021,f01983,input,DAP,266 kgs,INR 44/-,"INR 11,776/-",BRD-DWS
T015585,05/07/2021,F01983,FERT_PURCHASE,Urea,45 kg,INR 57/-,"INR 2,583/-",BRD-DWS
T015586,10/20/2021,F01986,delivery,soya,21.49 q,"INR 5,300/-","INR 1,13,897/-",BRD-DWS
T015587,07/07/2021,f01986,INPUT_PURCHASE,DAP,99 kgs,INR 38/-,"INR 3,729/-",BRD-DWS
T015588,10/05/2021,f01989,Delivery,SOYABEAN,1272 kg,"INR 5,630/-","INR 71,614/-",BRD-DWS
T015589,06/04/2021,F01989,input,FERTILIZER 50kg bag,38 kgs,INR 51/-,"INR 1,954/-",BRD-DWS
T015590,07/17/2021,F01989,L,Loan Repayment,,,"INR 3,400/-",BRD-DWS
T015591,10/15/2021,F01989,LOAN_REPAY,EMI,,,"INR 1,600/-",BRD-DWS
T015592,10/13/2021,f01990,delivery,soya,0.68 q,"INR 5,360/-","INR 3,645/-",BRD-DWS
T015593,10/01/2021,F01990,delivery,SOYABEAN,"1,986.00 kgs","INR 5,360/-","INR 1,06,450/-",BRD-DWS
T015594,18/06/2021,F01990,Input Purchase,FERTILIZER 50kg bag,237 kg,INR 56/-,"INR 13,388/-",BRD-DWS
T015595,07/09/2021,F01990,I,NPK 10:26:26,268 kg,INR 46/-,"INR 12,218/-",BRD-DWS
T015596,07/11/2021,F01990,INPUT_PURCHASE,PP chemicals,189 kgs,INR 427/-,"INR 80,763/-",BRD-DWS
T015597,10/20/2021,F01991,D,SOYABEAN,175 kg,"INR 5,290/-","INR 9,258/-",BRD-DWS
T015598,11/11/2021,F01991,Delivery,SOYABEAN,8.3 qtl,"INR 5,290/-","INR 43,695/-",BRD-DWS
T015599,06/11/2021,F01991,input,PPC,56 kgs,INR 363/-,"INR 20,311/-",BRD-DWS
T015600,10/09/2021,F01994,delivery,Soybean (Yellow),324 kg,"INR 5,155/-","INR 16,702/-",BRD-DWS
T015601,10/18/2021,F01994,delivery,Soybean,16.10 q,"INR 5,155/-","INR 82,996/-",BRD-DWS
T015602,06/10/2021,f01994,I,NPK 10:26:26,284 kg,INR 39/-,"INR 10,945/-",BRD-DWS
T015603,06/22/2021,F01994,input,Hybrid Seeds,211 kg,INR 75/-,"INR 15,810/-",BRD-DWS
T015604,07/10/2021,F01994,INPUT_PURCHASE,FERTILIZER 50kg bag,288 kg,INR 28/-,"INR 8,136/-",BRD-DWS
T015605,07/09/2021,F01994,Input Purchase,Fertilizer,82 kgs,INR 42/-,"INR 3,458/-",BRD-DWS
T015606,11/09/2021,f01998,DELIVERY,SOYABEAN,18.47 quintals,"INR 5,515/-","INR 1,01,862/-",BRD-DWS
T015607,11/20/2021,F01998,FPO_DELIVERY,Soybean (Yellow),13.84 q,"INR 5,515/-","INR 76,328/-",BRD-DWS
T015608,06/23/2021,F01998,INPUT_PURCHASE,NPK 10:26:26,42 kg,INR 30/-,"INR 1,268/-",BRD-DWS
T015609,11/07/2021,F02002,delivery,Soybean (Yellow),517 kg,"INR 5,465/-","INR 28,254/-",BRD-DWS
T015610,11/26/2021,F02002,FPO_DELIVERY,Soybean,308 kg,"INR 5,465/-","INR 16,832/-",BRD-DWS
T015611,10/19/2021,f02008,DELIVERY,SOYABEAN,6.11 q,"INR 5,510/-","INR 33,666/-",BRD-DWS
T015612,07/07/2021,f02008,FERT_PURCHASE,NPK 10:26:26,303 kgs,INR 55/-,"INR 16,583/-",BRD-DWS
T015613,07/07/2021,F02008,INPUT_PURCHASE,DAP,256 kg,INR 31/-,"INR 7,992/-",BRD-DWS
T015614,10/05/2021,F02012,FPO_DELIVERY,soya,"1,099.00 kgs","INR 5,505/-","INR 60,500/-",BRD-DWS
T015615,11/17/2021,F02012,D,soya,1.63 quintals,"INR 5,505/-","INR 8,973/-",BRD-DWS
T015616,06/08/2021,F02012,FERT_PURCHASE,Hybrid Seeds,61 kgs,INR 95/-,"INR 5,794/-",BRD-DWS
T015617,02/07/2021,F02012,input,DAP,142 kgs,INR 48/-,"INR 6,837/-",BRD-DWS
T015618,10/23/2021,F02012,L,Loan Repayment,,,"INR 6,500/-",BRD-DWS
T015619,10/01/2021,F02012,loan,Loan Repayment,,,"INR 6,600/-",BRD-DWS
T015620,10/20/2021,F02013,FPO_DELIVERY,soya,1334 kg,"INR 5,435/-","INR 72,503/-",BRD-DWS
T015621,06/22/2021,F02013,I,NPK 10:26:26,224 kg,INR 52/-,"INR 11,673/-",BRD-DWS
T015622,07/15/2021,f02013,I,Bio-pesticide,241 kgs,INR 333/-,"INR 80,193/-",BRD-DWS
T015623,06/06/2021,F02013,I,PPC,50 kgs,INR 422/-,"INR 21,116/-",BRD-DWS
T015624,11/27/2021,F02019,DELIVERY,Soybean (Yellow),"1,126.00 kgs","INR 5,220/-","INR 58,777/-",BRD-DWS
T015625,10/02/2021,F02020,DELIVERY,Soybean (Yellow),38.18 q,"INR 5,235/-","INR 1,99,872/-",BRD-DWS
T015626,07/05/2021,f02020,input,Fertilizer,70 kgs,INR 46/-,"INR 3,231/-",BRD-DWS
T015627,09/30/2021,F02020,L,EMI,,,"INR 6,100/-",BRD-DWS
T015628,11/06/2021,F02021,delivery,Soybean,6.5 qtl,"INR 5,445/-","INR 35,556/-",BRD-DWS
T015629,06/11/2021,F02021,DELIVERY,SOYABEAN,1.54 t,"INR 5,445/-","INR 83,690/-",BRD-DWS
T015630,11/01/2021,f02021,D,soya,70.00 kgs,"INR 5,445/-","INR 3,811/-",BRD-DWS
T015631,06/07/2021,F02021,input,SEEDS,96 kg,INR 128/-,"INR 12,252/-",BRD-DWS
T015632,03/06/2021,F02021,INPUT_PURCHASE,FERTILIZER 50kg bag,140 kgs,INR 40/-,"INR 5,530/-",BRD-DWS
T015633,10/14/2021,F02022,D,soya,24.8 qtl,"INR 5,075/-","INR 1,25,911/-",BRD-DWS
T015634,19/06/2021,f02022,Input Purchase,Hybrid Seeds,104 kg,INR 98/-,"INR 10,165/-",BRD-DWS
T015635,10/10/2021,F02024,delivery,soya,15.74 quintals,"INR 5,350/-","INR 84,209/-",BRD-DWS
T015636,10/17/2021,F02026,Delivery,SOYABEAN,6.49 quintals,"INR 5,265/-","INR 34,170/-",BRD-DWS
T015637,10/16/2021,F02026,DELIVERY,Soybean (Yellow),5.3 qtl,"INR 5,265/-","INR 28,010/-",BRD-DWS
T015638,07/07/2021,F02026,input,FERTILIZER 50kg bag,72 kg,INR 55/-,"INR 3,987/-",BRD-DWS
T015639,06/12/2021,F02026,Input Purchase,FERTILIZER 50kg bag,78 kgs,INR 54/-,"INR 4,174/-",BRD-DWS
T015640,11/29/2021,F02028,D,SOYABEAN,480.00 kgs,"INR 5,070/-","INR 24,336/-",BRD-DWS
T015641,11/11/2021,F02028,FPO_DELIVERY,Soybean,"1,909.00 kgs","INR 5,070/-","INR 96,786/-",BRD-DWS
T015642,11/01/2021,F02031,delivery,soya,4.8 qtl,"INR 5,460/-","INR 26,208/-",BRD-DWS
T015643,11/22/2021,F02031,FPO_DELIVERY,SOYABEAN,936 kg,"INR 5,460/-","INR 51,106/-",BRD-DWS
T015644,01/06/2021,F02031,FERT_PURCHASE,Seeds,280 kg,INR 69/-,"INR 19,312/-",BRD-DWS
T015645,21/11/2021, F02035 ,D,Soybean (Yellow),"1,364.00 kgs","INR 5,080/-","INR 69,291/-",BRD-DWS
T015646,11/03/2021,F02035,Delivery,soya,2.12 MT,"INR 5,080/-","INR 1,07,798/-",BRD-DWS
T015647,06/11/2021,f02035,FERT_PURCHASE,FERTILIZER 50kg bag,125 kg,INR 41/-,"INR 5,129/-",BRD-DWS
T015648,11/25/2021,F02036,delivery,SOYABEAN,1.73 t,"INR 4,875/-","INR 84,094/-",BRD-DWS
T015649,06/06/2021,f02036,Input Purchase,FERTILIZER 50kg bag,187 kg,INR 59/-,"INR 11,080/-",BRD-DWS
T015650,06/06/2021,F02036,INPUT_PURCHASE,Seeds,257 kgs,INR 108/-,"INR 27,761/-",BRD-DWS
T015651,06/10/2021,f02036,Input Purchase,FERTILIZER 50kg bag,82 kgs,INR 57/-,"INR 4,669/-",BRD-DWS
T015652,10/04/2021, F02038 ,D,Soybean (Yellow),711.00 kgs,"INR 5,650/-","INR 40,172/-",BRD-DWS
T015653,10/07/2021,F02038,DELIVERY,Soybean (Yellow),32.31 quintals,"INR 5,650/-","INR 1,82,552/-",BRD-DWS
T015654,06/09/2021,F02038,I,Hybrid Seeds,194 kg,INR 105/-,"INR 20,420/-",BRD-DWS
T015655,07/14/2021,f02038,INPUT_PURCHASE,Urea,98 kgs,INR 28/-,"INR 2,776/-",BRD-DWS
T015656,11/06/2021,F02038,FERT_PURCHASE,Urea,260 kgs,INR 60/-,"INR 15,470/-",BRD-DWS
T015657,07/08/2021,F02038,INPUT_PURCHASE,PPC,180 kgs,INR 276/-,"INR 49,669/-",BRD-DWS
T015658,11/14/2021,F02041,Delivery,soya,3.6 qtl,"INR 4,560/-","INR 16,325/-",BRD-DWS
T015659,11/26/2021,F02041,Delivery,SOYABEAN,3.51 q,"INR 4,560/-","INR 16,006/-",BRD-DWS
T015660,06/01/2021,F02041,INPUT_PURCHASE,Hybrid Seeds,285 kg,INR 77/-,"INR 21,993/-",BRD-DWS
T015661,11/04/2021,F02042,DELIVERY,soya,2.91 q,"INR 5,410/-","INR 15,743/-",BRD-DWS
T015662,11/26/2021,F02042,DELIVERY,soya,610.00 kgs,"INR 5,410/-","INR 33,001/-",BRD-DWS
T015663,07/06/2021,F02042,INPUT_PURCHASE,Fertilizer,312 kg,INR 56/-,"INR 17,572/-",BRD-DWS
T015664,05/10/2021,F02043,DELIVERY,SOYABEAN,5.3 qtl,"INR 5,205/-","INR 27,430/-",BRD-DWS
T015665,10/28/2021,F02043,Delivery,soya,301.00 kgs,"INR 5,205/-","INR 15,667/-",BRD-DWS
T015666,11/27/2021,F02043,FPO_DELIVERY,Soybean,0.69 q,"INR 5,205/-","INR 3,591/-",BRD-DWS
T015667,07/02/2021, F02043 ,FERT_PURCHASE,SEEDS,224 kg,INR 119/-,"INR 26,640/-",BRD-DWS
T015668,07/02/2021,F02043,INPUT_PURCHASE,Fertilizer,94 kg,INR 30/-,"INR 2,859/-",BRD-DWS
T015669,10/06/2021,F02043,loan,Loan Repayment,,,"INR 2,200/-",BRD-DWS
T015670,06/28/2021, F02043 ,L,Loan Repayment,,,"INR 6,900/-",BRD-DWS
T015671,10/15/2021,F02044,D,SOYABEAN,29.9 qtl,"INR 4,605/-","INR 1,37,597/-",BRD-DWS
T015672,10/01/2021,F02044,delivery,Soybean (Yellow),6.00 kgs,"INR 4,605/-",INR 276/-,BRD-DWS
T015673,10/03/2021,F02046,D,SOYABEAN,19.0 qtl,"INR 5,040/-","INR 95,659/-",BRD-DWS
T015674,06/02/2021,f02046,input,Urea,63 kgs,INR 43/-,"INR 2,711/-",BRD-DWS
T015675,09/03/2021,F02046,Loan Repayment,EMI,,,"INR 1,200/-",BRD-DWS
T015676,09/23/2021,F02046,LOAN_REPAY,EMI,,,"INR 6,200/-",BRD-DWS
T015677,10/31/2021,F02049,FPO_DELIVERY,Soybean,16.76 quintals,"INR 5,365/-","INR 89,917/-",BRD-DWS
T015678,06/12/2021,F02049,FERT_PURCHASE,SEEDS,136 kg,INR 103/-,"INR 13,975/-",BRD-DWS
T015679,10/20/2021,F02052,delivery,SOYABEAN,5.71 q,"INR 5,470/-","INR 31,234/-",BRD-DWS
T015680,10/01/2021,F02052,Delivery,Soybean,8.3 qtl,"INR 5,470/-","INR 45,565/-",BRD-DWS
T015681,11/28/2021,F02053,delivery,Soybean (Yellow),361 kg,"INR 5,160/-","INR 18,628/-",BRD-DWS
T015682,11/11/2021,F02053,D,SOYABEAN,3.46 quintals,"INR 5,160/-","INR 17,854/-",BRD-DWS
T015683,09/06/2021,,Input Purchase,FERTILIZER 50kg bag,230 kg,INR 37/-,"INR 8,542/-",BRD-DWS
T015684,10/14/2021,F02054,Delivery,Soybean (Yellow),"4,264.00 kgs","INR 5,760/-","INR 2,45,606/-",BRD-DWS
T015685,10/31/2021,F02054,DELIVERY,SOYABEAN,0.13 MT,"INR 5,760/-","INR 7,603/-",BRD-DWS
T015686,06/23/2021,F02054,I,SEEDS,316 kgs,INR 104/-,"INR 32,832/-",BRD-DWS
T015687,11/01/2021,F02055,delivery,Soybean (Yellow),3.51 q,"INR 5,705/-","INR 20,025/-",BRD-DWS
T015688,10/23/2021,F02055,delivery,soya,578 kg,"INR 5,705/-","INR 32,975/-",BRD-DWS
T015689,06/15/2021,F02055,INPUT_PURCHASE,Seeds,193 kgs,INR 113/-,"INR 21,741/-",BRD-DWS
T015690,06/28/2021,f02055,I,Urea,211 kgs,INR 31/-,"INR 6,533/-",BRD-DWS
T015691,10/05/2021,F02057,DELIVERY,Soybean,595.00 kgs,"INR 5,670/-","INR 33,736/-",BRD-DWS
T015692,11/09/2021,F02057,Delivery,SOYABEAN,3.71 quintals,"INR 5,670/-","INR 21,036/-",BRD-DWS
T015693,11/25/2021,F02057,L,EMI,,,"INR 4,900/-",BRD-DWS
T015694,09/13/2021,F02057,loan,EMI,,,"INR 1,500/-",BRD-DWS
T015695,11/19/2021,F02058,delivery,Soybean (Yellow),471.00 kgs,"INR 5,280/-","INR 24,869/-",BRD-DWS
T015696,06/13/2021,F02058,L,EMI,,,"INR 1,200/-",BRD-DWS
T015697,10/01/2021,F02060,FPO_DELIVERY,Soybean (Yellow),54.7 qtl,"INR 5,275/-","INR 2,88,595/-",BRD-DWS
T015698,06/20/2021,F02060,I,Fertilizer,47 kgs,INR 58/-,"INR 2,733/-",BRD-DWS
T015699,06/19/2021, F02060 ,Input Purchase,DAP,289 kgs,INR 50/-,"INR 14,392/-",BRD-DWS
T015700,11/02/2021,F02061,Delivery,Soybean (Yellow),24.5 qtl,"INR 4,790/-","INR 1,17,403/-",BRD-DWS
T015701,05/06/2021,f02061,input,Bio-pesticide,38 kgs,INR 185/-,"INR 7,021/-",BRD-DWS
T016038,11/10/2021,F02227,Delivery,Soybean,415 kg,"INR 4,970/-","INR 20,626/-",BRD-DWS
T016039,10/28/2021,F02227,Delivery,SOYABEAN,9.40 quintals,"INR 4,970/-","INR 46,718/-",BRD-DWS
T016042,10/24/2021,F02231,delivery,soya,"1,990.00 kgs","INR 5,475/-","INR 1,08,952/-",BRD-DWS
T016043,09/23/2021,F02231,Loan Repayment,EMI,,,"INR 3,900/-",BRD-DWS
T016044,10/28/2021,F02231,L,Loan Repayment,,,"INR 1,700/-",BRD-DWS
T016067,10/01/2021,F02243,delivery,SOYABEAN,16.00 kgs,"INR 4,965/-",INR 794/-,BRD-DWS
T016068,10/20/2021,f02243,D,Soybean (Yellow),2521 kg,"INR 4,965/-","INR 1,25,168/-",BRD-DWS
T016069,11/23/2021, F02243 ,Loan Repayment,EMI,,,"INR 2,000/-",BRD-DWS
T016084,20/11/2021,F02249,DELIVERY,SOYABEAN,536 kg,"INR 5,240/-","INR 28,086/-",BRD-DWS
T016085,11/04/2021,f02249,FPO_DELIVERY,Soybean (Yellow),0.5 qtl,"INR 5,240/-","INR 2,777/-",BRD-DWS
T016086,10/22/2021,F02249,DELIVERY,Soybean,0.16 t,"INR 5,240/-","INR 8,227/-",BRD-DWS
T016087,10/06/2021,F02250,FPO_DELIVERY,soya,"1,433.00 kgs","INR 5,320/-","INR 76,236/-",BRD-DWS
T016088,10/24/2021,F02250,D,Soybean (Yellow),261 kg,"INR 5,320/-","INR 13,885/-",BRD-DWS
T016089,07/01/2021,F02250,FERT_PURCHASE,Urea,203 kg,INR 55/-,"INR 11,074/-",BRD-DWS
T016118,10/12/2021,F02267,DELIVERY,soya,11.84 quintals,"INR 5,555/-","INR 65,771/-",BRD-DWS
T016137,11/17/2021,F02275,delivery,SOYABEAN,387 kg,"INR 5,195/-","INR 20,105/-",BRD-DWS
T016138,10/01/2021,F02275,delivery,Soybean,0.67 t,"INR 5,195/-","INR 34,703/-",BRD-DWS
T016139,06/04/2021,F02275,INPUT_PURCHASE,NPK 10:26:26,289 kgs,INR 45/-,"INR 13,092/-",BRD-DWS
T016165,10/23/2021,F02293,FPO_DELIVERY,Soybean,"1,845.00 kgs","INR 5,255/-","INR 96,955/-",BRD-DWS
T016166,06/28/2021,F02293,FERT_PURCHASE,FERTILIZER 50kg bag,269 kg,INR 48/-,"INR 12,907/-",BRD-DWS
T016174,10/23/2021,F02298,delivery,Soybean,1710 kg,"INR 5,580/-","INR 95,418/-",BRD-DWS
T016175,10/11/2021, F02298 ,DELIVERY,soya,0.42 MT,"INR 5,580/-","INR 23,659/-",BRD-DWS
T016176,07/05/2021,F02298,input,Fertilizer,262 kgs,INR 54/-,"INR 14,221/-",BRD-DWS
T016177,07/03/2021,F02298,input,FERTILIZER 50kg bag,89 kgs,INR 29/-,"INR 2,592/-",BRD-DWS
T016182,10/19/2021,F02301,Delivery,Soybean,381.00 kgs,"INR 5,370/-","INR 20,460/-",BRD-DWS
T016183,10/23/2021,F02301,Delivery,SOYABEAN,727.00 kgs,"INR 5,370/-","INR 39,040/-",BRD-DWS
T016184,06/01/2021,F02301,input,SEEDS,227 kg,INR 48/-,"INR 10,998/-",BRD-DWS
T016185,06/04/2021,F02301,input,Urea,40 kgs,INR 30/-,"INR 1,195/-",BRD-DWS
T016263,10/15/2021,F02334,delivery,SOYABEAN,1881 kg,"INR 5,260/-","INR 98,941/-",BRD-DWS
T016264,11/17/2021,F02334,FPO_DELIVERY,SOYABEAN,674.00 kgs,"INR 5,260/-","INR 35,452/-",BRD-DWS
T016265,06/10/2021,F02334,INPUT_PURCHASE,Fertilizer,289 kg,INR 36/-,"INR 10,277/-",BRD-DWS
T016266,06/09/2021,F02334,Input Purchase,Hybrid Seeds,284 kg,INR 64/-,"INR 18,261/-",BRD-DWS
T016267,01/10/2021,f02334,Loan Repayment,Loan Repayment,,,"INR 1,300/-",BRD-DWS
T016268,06/28/2021,F02334,Loan Repayment,Loan Repayment,,,"INR 7,200/-",BRD-DWS
T016269,08/12/2021,F02334,L,Loan Repayment,,,"INR 6,900/-",BRD-DWS
T016283,19/10/2021,F02341,D,soya,4.04 q,"INR 5,270/-","INR 21,291/-",BRD-DWS
T016284,11/20/2021,F02341,delivery,SOYABEAN,606 kg,"INR 5,270/-","INR 31,936/-",BRD-DWS
T016285,06/18/2021,F02341,input,Seeds,289 kgs,INR 100/-,"INR 28,805/-",BRD-DWS
T016286,06/27/2021,F02341,FERT_PURCHASE,NPK 10:26:26,307 kg,INR 46/-,"INR 14,061/-",BRD-DWS
T016287,10/14/2021,F02342,Delivery,Soybean,0.80 t,"INR 5,180/-","INR 41,336/-",BRD-DWS
T016288,06/23/2021,F02342,Input Purchase,Seeds,257 kgs,INR 98/-,"INR 25,181/-",BRD-DWS
T016289,09/01/2021,f02342,Loan Repayment,Loan Repayment,,,"INR 2,000/-",BRD-DWS
T016297,10/31/2021,F02348,D,Soybean (Yellow),14.7 qtl,"INR 5,295/-","INR 77,625/-",BRD-DWS
T016298,06/10/2021,F02348,FERT_PURCHASE,FERTILIZER 50kg bag,103 kgs,INR 38/-,"INR 3,936/-",BRD-DWS
T016299,06/29/2021, F02348 ,Input Purchase,DAP,64 kgs,INR 46/-,"INR 2,918/-",BRD-DWS
T016325,11/12/2021,F02360,D,Soybean,1562 kg,"INR 5,430/-","INR 84,817/-",BRD-DWS
T016326,11/12/2021,F02360,D,Soybean (Yellow),18.6 qtl,"INR 5,430/-","INR 1,00,835/-",BRD-DWS
T016327,07/11/2021,F02360,input,FERTILIZER 50kg bag,70 kgs,INR 30/-,"INR 2,079/-",BRD-DWS
T016328,06/11/2021,F02360,FERT_PURCHASE,PPC,294 kg,INR 464/-,"INR 1,36,487/-",BRD-DWS
T016329,06/02/2021,F02360,FERT_PURCHASE,Fertilizer,237 kgs,INR 36/-,"INR 8,511/-",BRD-DWS
T016330,07/27/2021,F02360,LOAN_REPAY,EMI,,,"INR 6,500/-",BRD-DWS
T016382,11/28/2021,F02380,Delivery,soya,59.00 kgs,"INR 5,015/-","INR 2,959/-",BRD-DWS
T016383,10/15/2021,F02380,delivery,soya,439 kg,"INR 5,015/-","INR 22,016/-",BRD-DWS
T016384,25/11/2021,f02380,Delivery,Soybean (Yellow),0.17 t,"INR 5,015/-","INR 8,676/-",BRD-DWS
T016393,10/02/2021,F02384,FPO_DELIVERY,Soybean,257 kg,"INR 5,465/-","INR 14,045/-",BRD-DWS
T016394,06/25/2021,f02384,FERT_PURCHASE,Fertilizer,133 kgs,INR 34/-,"INR 4,457/-",BRD-DWS
T016395,06/30/2021,f02384,Input Purchase,PP chemicals,293 kg,INR 385/-,"INR 1,12,858/-",BRD-DWS
T016396,06/22/2021,F02384,Input Purchase,Urea,201 kg,INR 55/-,"INR 11,079/-",BRD-DWS
T016427,11/02/2021,F02394,delivery,Soybean (Yellow),19.1 qtl,"INR 5,010/-","INR 95,541/-",BRD-DWS
T016428,06/10/2021,F02394,FERT_PURCHASE,Bio-pesticide,210 kg,INR 233/-,"INR 48,947/-",BRD-DWS
T016429,07/01/2021,F02394,input,Hybrid Seeds,229 kg,INR 69/-,"INR 15,755/-",BRD-DWS
T016464,23/11/2021,F02406,delivery,Soybean,1989 kg,"INR 5,230/-","INR 1,04,025/-",BRD-DWS
T016465,26/10/2021,F02406,D,Soybean,32.6 qtl,"INR 5,230/-","INR 1,70,760/-",BRD-DWS
T016466,06/12/2021,F02406,FERT_PURCHASE,NPK 10:26:26,80 kg,INR 42/-,"INR 3,382/-",BRD-DWS
T016467,06/11/2021,f02406,Input Purchase,Seeds,283 kg,INR 119/-,"INR 33,663/-",BRD-DWS
T016468,10/24/2021,F02406,LOAN_REPAY,EMI,,,"INR 7,100/-",BRD-DWS
T016484,10/19/2021,F02410,D,Soybean,2.2 qtl,"INR 4,940/-","INR 11,115/-",BRD-DWS
T016486,10/18/2021,F02412,DELIVERY,Soybean (Yellow),69 kg,"INR 5,160/-","INR 3,560/-",BRD-DWS
T016487,10/30/2021,F02412,D,Soybean,6.31 quintals,"INR 5,160/-","INR 32,560/-",BRD-DWS
T016488,11/23/2021,F02412,Delivery,soya,32.66 quintals,"INR 5,160/-","INR 1,68,526/-",BRD-DWS
T016489,06/08/2021,F02412,I,PPC,253 kgs,INR 551/-,"INR 1,39,342/-",BRD-DWS
T017988,03/24/2022,F01913,DELIVERY,mustard (Yellow),441 kg,"INR 6,235/-","INR 27,496/-",BRD-DWS
T017989,04/24/2022,F01913,delivery,MUSTARD,3.40 quintals,"INR 6,235/-","INR 21,199/-",BRD-DWS
T017990,10/01/2022,F01913,input,DAP,97 kg,INR 40/-,"INR 3,863/-",BRD-DWS
T017991,03/18/2022,F01914,Delivery,mustard (Yellow),604.00 kgs,"INR 6,655/-","INR 40,196/-",BRD-DWS
T017992,03/29/2022,F01914,D,Wheat,1045 kg,"INR 2,725/-","INR 28,476/-",BRD-DWS
T017993,03/24/2022,F01914,D,WHEAT,3.8 qtl,"INR 2,725/-","INR 10,219/-",BRD-DWS
T017994,03/25/2022,F01915,FPO_DELIVERY,Yellow Mustard,9.6 qtl,"INR 6,395/-","INR 61,584/-",BRD-DWS
T017995,03/18/2022,F01915,FPO_DELIVERY,mustard (Yellow),15 kg,"INR 6,395/-",INR 959/-,BRD-DWS
T017996,04/25/2022,F01915,D,Yellow Mustard,0.89 t,"INR 6,395/-","INR 56,596/-",BRD-DWS
T017997,01/05/2022,F01915,Delivery,Wheat,54.2 qtl,"INR 2,475/-","INR 1,34,096/-",BRD-DWS
T017998,01/04/2022,F01915,I,SEEDS,211 kgs,INR 64/-,"INR 13,462/-",BRD-DWS
T017999,12/08/2021,F01915,INPUT_PURCHASE,Urea,229 kg,INR 54/-,"INR 12,322/-",BRD-DWS
T018000,03/08/2022,F01916,Delivery,Yellow Mustard,29.91 quintals,"INR 6,235/-","INR 1,86,489/-",BRD-DWS
T018001,12/19/2021,F01916,FERT_PURCHASE,PPC,45 kgs,INR 700/-,"INR 31,487/-",BRD-DWS
T018002,12/30/2021,F01916,INPUT_PURCHASE,Seeds,53 kg,INR 59/-,"INR 3,151/-",BRD-DWS
T018003,12/25/2021,F01916,I,Urea,246 kg,INR 44/-,"INR 10,925/-",BRD-DWS
T018004,01/12/2022,F01916,Input Purchase,Urea,152 kgs,INR 52/-,"INR 7,937/-",BRD-DWS
T018005,01/13/2022,F01916,input,FERTILIZER 50kg bag,55 kg,INR 58/-,"INR 3,187/-",BRD-DWS
T018006,03/28/2022,F01917,D,Mustard,308 kg,"INR 6,200/-","INR 19,096/-",BRD-DWS
T018007,04/22/2022,F01917,DELIVERY,Mustard,0.20 MT,"INR 6,200/-","INR 12,710/-",BRD-DWS
T018008,12/25/2021,F01917,L,Loan Repayment,,,"INR 6,500/-",BRD-DWS
T018009,02/06/2022,F01917,loan,Loan Repayment,,,"INR 6,000/-",BRD-DWS
T018010,03/14/2022,F01918,DELIVERY,Yellow Mustard,6.2 qtl,"INR 6,735/-","INR 41,824/-",BRD-DWS
T018011,03/09/2022,f01918,delivery,Mustard,1.42 quintals,"INR 6,735/-","INR 9,564/-",BRD-DWS
T018012,01/06/2022,F01918,FERT_PURCHASE,Seeds,152 kg,INR 55/-,"INR 8,372/-",BRD-DWS
T018013,12/26/2021,F01918,Input Purchase,DAP,253 kg,INR 57/-,"INR 14,426/-",BRD-DWS
T018014,04/01/2022,F01918,L,Loan Repayment,,,"INR 2,200/-",BRD-DWS
T018015,12/04/2022,F01918,loan,Loan Repayment,,,"INR 4,200/-",BRD-DWS
T018016,05/10/2022,F01918,LOAN_REPAY,EMI,,,"INR 6,500/-",BRD-DWS
T018017,03/18/2022,f01920,FPO_DELIVERY,Yellow Mustard,678 kg,"INR 6,395/-","INR 43,358/-",BRD-DWS
T018018,04/24/2022,F01920,delivery,Mustard,3.58 q,"INR 6,395/-","INR 22,894/-",BRD-DWS
T018019,12/19/2021,F01920,FERT_PURCHASE,Hybrid Seeds,30 kgs,INR 96/-,"INR 2,870/-",BRD-DWS
T018020,01/08/2022,F01920,FERT_PURCHASE,Bio-pesticide,258 kgs,INR 658/-,"INR 1,69,663/-",BRD-DWS
T018021,04/19/2022,F01921,FPO_DELIVERY,Yellow Mustard,0.27 MT,"INR 6,950/-","INR 18,904/-",BRD-DWS
T018022,03/13/2022,F01921,FPO_DELIVERY,mustard (Yellow),446.00 kgs,"INR 6,950/-","INR 30,997/-",BRD-DWS
T018023,03/05/2022,F01921,FPO_DELIVERY,Mustard,700.00 kgs,"INR 6,950/-","INR 48,650/-",BRD-DWS
T018024,04/09/2022,f01921,DELIVERY,Lokwan Wheat,1847 kg,"INR 2,430/-","INR 44,882/-",BRD-DWS
T018025,04/25/2022,F01921,FPO_DELIVERY,Wheat,6.96 q,"INR 2,430/-","INR 16,913/-",BRD-DWS
T018026,04/18/2022,F01921,Delivery,Wheat,3.63 q,"INR 2,430/-","INR 8,821/-",BRD-DWS
T018027,12/23/2021,F01921,INPUT_PURCHASE,NPK 10:26:26,311 kg,INR 31/-,"INR 9,762/-",BRD-DWS
T018028,12/20/2021,F01921,I,Seeds,161 kg,INR 69/-,"INR 11,085/-",BRD-DWS
T018029,05/15/2022, F01921 ,L,Loan Repayment,,,"INR 1,500/-",BRD-DWS
T018030,02/23/2022,F01921,loan,Loan Repayment,,,"INR 2,000/-",BRD-DWS
T018031,03/08/2022, F01922 ,FPO_DELIVERY,mustard (Yellow),22.17 quintals,"INR 6,560/-","INR 1,45,435/-",BRD-DWS
T018032,03/30/2022,F01922,DELIVERY,wheat,4.93 t,"INR 2,465/-","INR 1,21,549/-",BRD-DWS
T018033,03/07/2022,F01922,delivery,Lokwan Wheat,587.00 kgs,"INR 2,465/-","INR 14,470/-",BRD-DWS
T018034,12/14/2021,F01922,L,EMI,,,INR 800/-,BRD-DWS
T018035,04/06/2022,F01924,delivery,MUSTARD,356.00 kgs,"INR 6,515/-","INR 23,193/-",BRD-DWS
T018036,20/04/2022, F01924 ,FPO_DELIVERY,Sarson,0.44 t,"INR 6,515/-","INR 28,731/-",BRD-DWS
T018037,01/10/2022,f01924,INPUT_PURCHASE,DAP,156 kgs,INR 28/-,"INR 4,398/-",BRD-DWS
T018038,03/01/2022,f01925,D,Mustard,0.08 t,"INR 5,820/-","INR 4,889/-",BRD-DWS
T018039,04/27/2022,F01925,FPO_DELIVERY,Mustard,0.54 MT,"INR 5,820/-","INR 31,195/-",BRD-DWS
T018040,12/10/2021,F01925,FERT_PURCHASE,DAP,70 kg,INR 56/-,"INR 3,901/-",BRD-DWS
T018041,12/31/2021,F01925,input,NPK 10:26:26,290 kg,INR 32/-,"INR 9,260/-",BRD-DWS
T018042,12/02/2021,F01925,Input Purchase,SEEDS,215 kgs,INR 123/-,"INR 26,507/-",BRD-DWS
T018043,12/18/2021,F01925,Input Purchase,FERTILIZER 50kg bag,114 kg,INR 35/-,"INR 3,981/-",BRD-DWS
T018044,12/01/2021,F01925,INPUT_PURCHASE,Bio-pesticide,53 kg,INR 242/-,"INR 12,847/-",BRD-DWS
T018045,08/05/2022,F01926,D,Sarson,901 kg,"INR 6,495/-","INR 58,520/-",BRD-DWS
T018046,04/19/2022,F01927,FPO_DELIVERY,mustard (Yellow),3.38 quintals,"INR 6,665/-","INR 22,528/-",BRD-DWS
T018047,03/03/2022,F01927,FPO_DELIVERY,MUSTARD,7.8 qtl,"INR 6,665/-","INR 52,120/-",BRD-DWS
T018048,03/20/2022, F01927 ,FPO_DELIVERY,Wheat,26.8 qtl,"INR 2,460/-","INR 65,854/-",BRD-DWS
T018049,04/15/2022,F01929,DELIVERY,Yellow Mustard,776 kg,"INR 6,575/-","INR 51,022/-",BRD-DWS
T018050,08/01/2022,F01929,Input Purchase,DAP,45 kgs,INR 57/-,"INR 2,586/-",BRD-DWS
T018051,03/11/2022,F01929,Loan Repayment,Loan Repayment,,,"INR 5,700/-",BRD-DWS
T018052,04/07/2022,F01929,LOAN_REPAY,Loan Repayment,,,"INR 4,200/-",BRD-DWS
T018053,03/06/2022,F01931,D,Yellow Mustard,9.80 quintals,"INR 6,175/-","INR 60,515/-",BRD-DWS
T018054,11/03/2022,f01931,FPO_DELIVERY,WHEAT,21.55 quintals,"INR 2,445/-","INR 52,690/-",BRD-DWS
T018055,04/10/2022,F01931,delivery,Lokwan Wheat,1.75 quintals,"INR 2,445/-","INR 4,279/-",BRD-DWS
T018056,01/09/2022,F01931,Input Purchase,SEEDS,29 kg,INR 86/-,"INR 2,490/-",BRD-DWS
T018057,01/06/2022,F01931,Input Purchase,Urea,151 kgs,INR 37/-,"INR 5,601/-",BRD-DWS
T018058,12/05/2021,F01931,Input Purchase,FERTILIZER 50kg bag,314 kgs,INR 52/-,"INR 16,174/-",BRD-DWS
T018059,03/28/2022,F01933,DELIVERY,Sarson,2.81 quintals,"INR 5,990/-","INR 16,832/-",BRD-DWS
T018060,04/25/2022,F01933,DELIVERY,Sarson,2.6 qtl,"INR 5,990/-","INR 15,694/-",BRD-DWS
T018061,03/10/2022,F01933,delivery,Mustard,52 kg,"INR 5,990/-","INR 3,115/-",BRD-DWS
T018062,04/10/2022,F01933,D,Lokwan Wheat,1571 kg,"INR 2,510/-","INR 39,432/-",BRD-DWS
T018063,12/02/2021,F01933,Input Purchase,PPC,217 kgs,INR 421/-,"INR 91,370/-",BRD-DWS
T018064,01/12/2022,F01933,Input Purchase,Seeds,197 kg,INR 126/-,"INR 24,725/-",BRD-DWS
T018065,12/05/2021, F01933 ,Input Purchase,Fertilizer,313 kg,INR 59/-,"INR 18,583/-",BRD-DWS
T018066,04/19/2022,F01933,Loan Repayment,Loan Repayment,,,"INR 5,300/-",BRD-DWS
T018067,04/03/2022, F01933 ,loan,Loan Repayment,,,"INR 7,900/-",BRD-DWS
T018068,04/22/2022,F01934,D,mustard (Yellow),2.8 qtl,"INR 6,790/-","INR 18,672/-",BRD-DWS
T018069,05/04/2022,F01934,D,Yellow Mustard,627.00 kgs,"INR 6,790/-","INR 42,573/-",BRD-DWS
T018070,04/05/2022, F01934 ,FPO_DELIVERY,WHEAT,17.9 qtl,"INR 2,405/-","INR 42,953/-",BRD-DWS
T018071,03/13/2022,F01934,Delivery,Lokwan Wheat,2.61 q,"INR 2,405/-","INR 6,277/-",BRD-DWS
T018072,01/12/2022,F01934,Input Purchase,Hybrid Seeds,312 kg,INR 117/-,"INR 36,635/-",BRD-DWS
T018073,12/02/2021,F01934,Input Purchase,Bio-pesticide,35 kgs,INR 618/-,"INR 21,624/-",BRD-DWS
T018074,04/18/2022,F01934,Loan Repayment,Loan Repayment,,,"INR 6,900/-",BRD-DWS
T018075,12/04/2021,F01934,Loan Repayment,EMI,,,INR 800/-,BRD-DWS
T018076,02/09/2022,F01934,LOAN_REPAY,Loan Repayment,,,"INR 1,000/-",BRD-DWS
T018077,04/24/2022,F01937,FPO_DELIVERY,MUSTARD,157 kg,"INR 6,510/-","INR 10,221/-",BRD-DWS
T018078,05/07/2022,F01937,FPO_DELIVERY,MUSTARD,"1,386.00 kgs","INR 6,510/-","INR 90,229/-",BRD-DWS
T018079,12/24/2021,F01937,FERT_PURCHASE,NPK 10:26:26,43 kgs,INR 38/-,"INR 1,619/-",BRD-DWS
T018080,09/01/2022,F01937,Input Purchase,Urea,255 kg,INR 31/-,"INR 7,844/-",BRD-DWS
T018081,12/21/2021,F01937,I,FERTILIZER 50kg bag,43 kgs,INR 54/-,"INR 2,340/-",BRD-DWS
T018082,03/31/2022,F01937,Loan Repayment,EMI,,,"INR 2,500/-",BRD-DWS
T018083,03/05/2022,f01937,loan,Loan Repayment,,,"INR 1,000/-",BRD-DWS
T018084,05/07/2022,F01939,DELIVERY,Sarson,"1,434.00 kgs","INR 6,725/-","INR 96,436/-",BRD-DWS
T018085,12/04/2021,F01939,input,Bio-pesticide,295 kg,INR 188/-,"INR 55,366/-",BRD-DWS
T018086,12/26/2021,F01939,I,DAP,246 kgs,INR 32/-,"INR 7,887/-",BRD-DWS
T018087,12/16/2021,f01939,I,Fertilizer,267 kg,INR 38/-,"INR 10,082/-",BRD-DWS
T018088,12/16/2021,F01939,INPUT_PURCHASE,DAP,198 kgs,INR 58/-,"INR 11,541/-",BRD-DWS
T018089,12/08/2021,F01939,FERT_PURCHASE,DAP,152 kgs,INR 39/-,"INR 5,969/-",BRD-DWS
T018090,12/21/2021,F01939,FERT_PURCHASE,PP chemicals,170 kg,INR 278/-,"INR 47,190/-",BRD-DWS
T018091,03/05/2022,F01940,Delivery,Sarson,1110 kg,"INR 5,980/-","INR 66,378/-",BRD-DWS
T018092,12/23/2021,F01940,input,NPK 10:26:26,59 kg,INR 39/-,"INR 2,326/-",BRD-DWS
T018093,01/05/2022,F01940,FERT_PURCHASE,DAP,220 kgs,INR 34/-,"INR 7,548/-",BRD-DWS
T018094,04/17/2022,F01948,FPO_DELIVERY,mustard (Yellow),751.00 kgs,"INR 6,380/-","INR 47,914/-",BRD-DWS
T018095,03/26/2022,F01948,DELIVERY,Mustard,473.00 kgs,"INR 6,380/-","INR 30,177/-",BRD-DWS
T018096,05/02/2022,F01948,delivery,Wheat,7.0 qtl,"INR 2,440/-","INR 17,031/-",BRD-DWS
T018097,03/24/2022,F01948,DELIVERY,Wheat (Durum),"2,282.00 kgs","INR 2,440/-","INR 55,681/-",BRD-DWS
T018098,12/11/2021,F01948,Input Purchase,DAP,101 kgs,INR 52/-,"INR 5,299/-",BRD-DWS
T018099,02/02/2022,F01948,Loan Repayment,Loan Repayment,,,"INR 7,500/-",BRD-DWS
T018100,04/14/2022,F01949,FPO_DELIVERY,MUSTARD,0.77 t,"INR 6,315/-","INR 48,310/-",BRD-DWS
T018101,04/20/2022,F01949,Delivery,MUSTARD,125.00 kgs,"INR 6,315/-","INR 7,894/-",BRD-DWS
T018102,12/26/2021,F01949,I,Fertilizer,132 kg,INR 48/-,"INR 6,353/-",BRD-DWS
T018103,01/15/2022,F01949,I,SEEDS,124 kg,INR 76/-,"INR 9,383/-",BRD-DWS
T018104,03/13/2022,F01951,DELIVERY,mustard (Yellow),9.75 quintals,"INR 6,335/-","INR 61,766/-",BRD-DWS
T018105,05/05/2022,F01951,FPO_DELIVERY,MUSTARD,7.15 quintals,"INR 6,335/-","INR 45,295/-",BRD-DWS
T018106,04/12/2022, F01951 ,delivery,Yellow Mustard,11.40 quintals,"INR 6,335/-","INR 72,219/-",BRD-DWS
T018107,01/10/2022,F01951,input,Seeds,171 kg,INR 74/-,"INR 12,603/-",BRD-DWS
T018108,01/09/2022,F01951,INPUT_PURCHASE,Fertilizer,312 kg,INR 41/-,"INR 12,823/-",BRD-DWS
T018109,01/04/2022,F01951,I,FERTILIZER 50kg bag,192 kgs,INR 32/-,"INR 6,071/-",BRD-DWS
T018110,05/20/2022,F01951,Loan Repayment,EMI,,,"INR 6,100/-",BRD-DWS
T018111,05/01/2022,F01952,Delivery,MUSTARD,0.4 qtl,"INR 6,055/-","INR 2,240/-",BRD-DWS
T018112,04/29/2022,F01952,delivery,mustard (Yellow),10.33 quintals,"INR 6,055/-","INR 62,548/-",BRD-DWS
T018113,12/31/2021,F01952,I,SEEDS,136 kg,INR 120/-,"INR 16,366/-",BRD-DWS
T018114,12/12/2021,F01952,FERT_PURCHASE,Fertilizer,115 kgs,INR 42/-,"INR 4,823/-",BRD-DWS
T018115,03/03/2022,f01958,Delivery,MUSTARD,0.8 qtl,"INR 6,070/-","INR 4,552/-",BRD-DWS
T018116,04/23/2022,F01958,FPO_DELIVERY,MUSTARD,4.59 quintals,"INR 6,070/-","INR 27,861/-",BRD-DWS
T018117,05/08/2022,F01959,DELIVERY,Mustard,1081 kg,"INR 7,125/-","INR 77,021/-",BRD-DWS
T018118,05/01/2022,F01959,DELIVERY,Mustard,19.00 kgs,"INR 7,125/-","INR 1,354/-",BRD-DWS
T018119,12/20/2021,F01959,FERT_PURCHASE,Bio-pesticide,33 kgs,INR 303/-,"INR 10,003/-",BRD-DWS
T018120,18/12/2021,F01959,input,Fertilizer,134 kgs,INR 30/-,"INR 4,063/-",BRD-DWS
T018121,04/21/2022,F01964,delivery,Mustard,8.28 quintals,"INR 6,425/-","INR 53,199/-",BRD-DWS
T018122,12/14/2021, F01964 ,I,Seeds,79 kgs,INR 112/-,"INR 8,862/-",BRD-DWS
T018123,12/29/2021,F01964,FERT_PURCHASE,Seeds,197 kgs,INR 72/-,"INR 14,162/-",BRD-DWS
T018124,05/10/2022,F01966,DELIVERY,mustard (Yellow),228.00 kgs,"INR 6,710/-","INR 15,299/-",BRD-DWS
T018125,03/30/2022,F01966,FPO_DELIVERY,MUSTARD,7.4 qtl,"INR 6,710/-","INR 49,654/-",BRD-DWS
T018126,04/28/2022,F01966,DELIVERY,wheat,"2,241.00 kgs","INR 2,650/-","INR 59,386/-",BRD-DWS
T018127,04/08/2022,f01969,FPO_DELIVERY,mustard (Yellow),0.92 MT,"INR 6,665/-","INR 61,451/-",BRD-DWS
T018128,01/03/2022,f01969,FERT_PURCHASE,PP chemicals,85 kgs,INR 270/-,"INR 22,919/-",BRD-DWS
T018129,01/05/2022,F01969,input,FERTILIZER 50kg bag,155 kgs,INR 49/-,"INR 7,662/-",BRD-DWS
T018130,12/21/2021,F01969,FERT_PURCHASE,Bio-pesticide,136 kg,INR 663/-,"INR 90,101/-",BRD-DWS
T018131,04/19/2022, F01970 ,DELIVERY,mustard (Yellow),0.5 qtl,"INR 6,395/-","INR 3,070/-",BRD-DWS
T018132,03/02/2022,f01970,D,Sarson,2.73 q,"INR 6,395/-","INR 17,458/-",BRD-DWS
T018133,04/02/2022,F01970,D,Lokwan Wheat,7.5 qtl,"INR 2,295/-","INR 17,304/-",BRD-DWS
T018134,04/11/2022,F01973,Delivery,Mustard,"1,993.00 kgs","INR 6,505/-","INR 1,29,645/-",BRD-DWS
T018135,12/14/2021,F01973,Input Purchase,NPK 10:26:26,228 kg,INR 32/-,"INR 7,255/-",BRD-DWS
T018136,12/17/2021,f01973,LOAN_REPAY,Loan Repayment,,,"INR 6,500/-",BRD-DWS
T018137,19/03/2022,F01974,D,Yellow Mustard,803.00 kgs,"INR 6,620/-","INR 53,159/-",BRD-DWS
T018138,12/11/2021,F01974,FERT_PURCHASE,DAP,244 kgs,INR 48/-,"INR 11,631/-",BRD-DWS
T018139,04/15/2022,F01974,loan,EMI,,,"INR 6,800/-",BRD-DWS
T018140,03/24/2022,F01976,DELIVERY,Mustard,6.9 qtl,"INR 6,260/-","INR 43,257/-",BRD-DWS
T018141,03/09/2022,F01976,Delivery,MUSTARD,143 kg,"INR 6,260/-","INR 8,952/-",BRD-DWS
T018142,01/14/2022,F01976,I,Urea,73 kg,INR 51/-,"INR 3,713/-",BRD-DWS
T018143,05/13/2022,F01978,D,mustard (Yellow),25.23 quintals,"INR 6,255/-","INR 1,57,814/-",BRD-DWS
T018144,03/07/2022,F01978,delivery,Lokwan Wheat,62.3 qtl,"INR 2,265/-","INR 1,41,200/-",BRD-DWS
T018145,01/13/2022,F01978,FERT_PURCHASE,Bio-pesticide,267 kg,INR 505/-,"INR 1,34,939/-",BRD-DWS
T018146,04/10/2022,F01979,Delivery,Sarson,5.2 qtl,"INR 6,565/-","INR 34,072/-",BRD-DWS
T018147,03/16/2022,F01979,FPO_DELIVERY,Yellow Mustard,0.21 t,"INR 6,565/-","INR 13,918/-",BRD-DWS
T018148,03/25/2022,F01979,FPO_DELIVERY,MUSTARD,0.45 quintals,"INR 6,565/-","INR 2,954/-",BRD-DWS
T018149,01/12/2022,F01979,Input Purchase,NPK 10:26:26,251 kg,INR 30/-,"INR 7,442/-",BRD-DWS
T018150,12/31/2021, F01979 ,I,Urea,244 kgs,INR 36/-,"INR 8,821/-",BRD-DWS
T018151,05/01/2022,F01982,DELIVERY,Mustard,1.48 quintals,"INR 6,835/-","INR 10,116/-",BRD-DWS
T018152,03/15/2022,F01982,D,Mustard,3.05 q,"INR 6,835/-","INR 20,847/-",BRD-DWS
T018153,03/22/2022,F01983,delivery,Sarson,11.10 quintals,"INR 6,130/-","INR 68,043/-",BRD-DWS
T018154,12/26/2021,f01983,INPUT_PURCHASE,Fertilizer,44 kg,INR 54/-,"INR 2,391/-",BRD-DWS
T018155,03/01/2022,f01986,FPO_DELIVERY,mustard (Yellow),17.20 quintals,"INR 6,320/-","INR 1,08,704/-",BRD-DWS
T018156,12/14/2021,F01986,Input Purchase,Urea,215 kgs,INR 50/-,"INR 10,686/-",BRD-DWS
T018157,03/31/2022,F01989,DELIVERY,Sarson,4.45 quintals,"INR 6,865/-","INR 30,549/-",BRD-DWS
T018158,05/08/2022,F01989,DELIVERY,mustard (Yellow),0.61 MT,"INR 6,865/-","INR 41,808/-",BRD-DWS
T018159,04/11/2022,F01989,delivery,Mustard,0.74 quintals,"INR 6,865/-","INR 5,080/-",BRD-DWS
T018160,03/29/2022,,D,WHEAT,10.43 quintals,"INR 2,500/-","INR 26,075/-",BRD-DWS
T018161,03/15/2022,F01989,FPO_DELIVERY,wheat,20.64 quintals,"INR 2,500/-","INR 51,600/-",BRD-DWS
T018162,01/01/2022,F01989,Input Purchase,NPK 10:26:26,232 kg,INR 31/-,"INR 7,190/-",BRD-DWS
T018163,12/24/2021,F01989,input,Fertilizer,129 kg,INR 52/-,"INR 6,772/-",BRD-DWS
T018164,03/06/2022, F01990 ,DELIVERY,Sarson,1.13 q,"INR 6,520/-","INR 7,368/-",BRD-DWS
T018165,04/17/2022,F01990,FPO_DELIVERY,Sarson,"1,683.00 kgs","INR 6,520/-","INR 1,09,732/-",BRD-DWS
T018166,12/18/2021, F01990 ,FERT_PURCHASE,Seeds,198 kgs,INR 61/-,"INR 12,078/-",BRD-DWS
T018167,01/06/2022,f01990,I,FERTILIZER 50kg bag,191 kgs,INR 44/-,"INR 8,492/-",BRD-DWS
T018168,03/07/2022,F01990,loan,Loan Repayment,,,"INR 5,400/-",BRD-DWS
T018169,04/25/2022,F01991,FPO_DELIVERY,Yellow Mustard,957.00 kgs,"INR 6,690/-","INR 64,023/-",BRD-DWS
T018170,07/12/2021,F01991,I,Urea,159 kgs,INR 51/-,"INR 8,076/-",BRD-DWS
T018171,03/18/2022,F01994,delivery,Yellow Mustard,3.8 qtl,"INR 6,395/-","INR 24,301/-",BRD-DWS
T018172,18/04/2022,F01994,delivery,MUSTARD,174.00 kgs,"INR 6,395/-","INR 11,127/-",BRD-DWS
T018173,04/03/2022, F01994 ,Delivery,Sarson,0.94 t,"INR 6,395/-","INR 60,433/-",BRD-DWS
T018174,03/24/2022,F01998,DELIVERY,Sarson,1698 kg,"INR 6,355/-","INR 1,07,908/-",BRD-DWS
T018175,04/18/2022,F01998,FPO_DELIVERY,MUSTARD,883.00 kgs,"INR 6,355/-","INR 56,115/-",BRD-DWS
T018176,03/26/2022,f01998,delivery,mustard (Yellow),423.00 kgs,"INR 6,355/-","INR 26,882/-",BRD-DWS
T018177,01/12/2022,F01998,FERT_PURCHASE,Fertilizer,96 kgs,INR 55/-,₹ N/A,BRD-DWS
T018178,05/13/2022, F02002 ,FPO_DELIVERY,Mustard,,"INR 7,040/-","INR 48,506/-",BRD-DWS
T018179,04/15/2022,F02002,DELIVERY,Wheat (Durum),1.67 t,"INR 2,520/-","INR 42,059/-",BRD-DWS
T018180,05/06/2022,F02002,loan,Loan Repayment,,,"INR 2,900/-",BRD-DWS
T018181,04/14/2022,F02002,loan,EMI,,,"INR 5,500/-",BRD-DWS
T018182,02/18/2022,,L,EMI,,,"INR 4,900/-",BRD-DWS
T018183,05/03/2022,F02012,delivery,MUSTARD,1.09 MT,"INR 6,525/-","INR 70,992/-",BRD-DWS
T018184,04/21/2022,F02012,DELIVERY,Mustard,0.06 q,"INR 6,525/-",INR 392/-,BRD-DWS
T018185,12/31/2021,F02012,FERT_PURCHASE,FERTILIZER 50kg bag,87 kgs,INR 41/-,"INR 3,569/-",BRD-DWS
T018186,03/10/2022,f02013,delivery,Sarson,6.5 qtl,"INR 6,630/-","INR 43,095/-",BRD-DWS
T018187,03/19/2022,F02013,D,Yellow Mustard,354 kg,"INR 6,630/-","INR 23,470/-",BRD-DWS
T018188,12/16/2021,F02013,INPUT_PURCHASE,FERTILIZER 50kg bag,199 kgs,INR 38/-,"INR 7,474/-",BRD-DWS
T018189,04/09/2022,f02020,delivery,Sarson,3.9 qtl,"INR 7,140/-","INR 27,489/-",BRD-DWS
T018190,05/08/2022,F02020,D,mustard (Yellow),3025 kg,"INR 7,140/-","INR 2,15,985/-",BRD-DWS
T018191,04/13/2022,F02021,D,Mustard,440.00 kgs,"INR 6,675/-","INR 29,370/-",BRD-DWS
T018192,04/11/2022,F02021,Delivery,MUSTARD,19.3 qtl,"INR 6,675/-","INR 1,28,627/-",BRD-DWS
T018193,01/10/2022,F02021,Input Purchase,Bio-pesticide,159 kg,INR 658/-,"INR 1,04,695/-",BRD-DWS
T018194,12/26/2021,F02021,FERT_PURCHASE,FERTILIZER 50kg bag,312 kg,INR 57/-,"INR 17,815/-",BRD-DWS
T018195,03/11/2022,F02022,Delivery,mustard (Yellow),4.33 quintals,"INR 6,740/-","INR 29,184/-",BRD-DWS
T018196,03/31/2022,F02022,delivery,Sarson,18.90 quintals,"INR 6,740/-","INR 1,27,386/-",BRD-DWS
T018197,12/22/2021,F02022,I,Urea,152 kgs,INR 32/-,"INR 4,840/-",BRD-DWS
T018198,12/30/2021, F02022 ,INPUT_PURCHASE,Urea,170 kgs,INR 47/-,"INR 7,956/-",BRD-DWS
T018199,21/12/2021,F02022,FERT_PURCHASE,Seeds,256 kgs,INR 70/-,"INR 18,020/-",BRD-DWS
T018200,03/11/2022,F02024,D,Sarson,1.51 MT,"INR 6,625/-","INR 1,00,104/-",BRD-DWS
T018201,01/06/2022,f02024,FERT_PURCHASE,Hybrid Seeds,125 kgs,INR 55/-,"INR 6,885/-",BRD-DWS
T018202,03/20/2022,F02026,Delivery,Sarson,825.00 kgs,"INR 6,370/-","INR 52,552/-",BRD-DWS
T018203,04/13/2022,f02026,DELIVERY,Sarson,4.76 quintals,"INR 6,370/-","INR 30,321/-",BRD-DWS
T018204,12/08/2021,F02026,Input Purchase,SEEDS,313 kg,INR 102/-,"INR 31,851/-",BRD-DWS
T018205,24/12/2021,f02026,Input Purchase,DAP,83 kgs,INR 31/-,"INR 2,551/-",BRD-DWS
T018206,04/23/2022,F02028,D,Mustard,8.1 qtl,"INR 6,800/-","INR 54,944/-",BRD-DWS
T018207,12/13/2021,f02028,Input Purchase,Seeds,53 kgs,INR 93/-,"INR 4,952/-",BRD-DWS
T018208,12/30/2021,F02028,Input Purchase,Fertilizer,262 kg,INR 39/-,"INR 10,260/-",BRD-DWS
T018209,12/16/2021,f02028,FERT_PURCHASE,Fertilizer,46 kg,INR 34/-,"INR 1,570/-",BRD-DWS
T018210,04/18/2022,F02031,D,mustard (Yellow),1.56 t,"INR 6,360/-","INR 99,280/-",BRD-DWS
T018211,11/03/2022,F02031,D,Wheat,18.23 quintals,"INR 2,475/-","INR 45,119/-",BRD-DWS
T018212,05/06/2022,F02031,DELIVERY,Wheat,1463 kg,"INR 2,475/-","INR 36,209/-",BRD-DWS
T018213,12/12/2021,f02031,INPUT_PURCHASE,NPK 10:26:26,65 kg,INR 44/-,"INR 2,859/-",BRD-DWS
T018214,12/01/2021,f02031,Input Purchase,Hybrid Seeds,237 kgs,INR 63/-,"INR 14,929/-",BRD-DWS
T018215,03/01/2022,F02035,FPO_DELIVERY,Sarson,1813 kg,"INR 6,435/-","INR 1,16,667/-",BRD-DWS
T018216,03/23/2022,f02035,D,Yellow Mustard,423 kg,"INR 6,435/-","INR 27,220/-",BRD-DWS
T018217,04/23/2022,f02036,D,Sarson,1500 kg,"INR 6,305/-","INR 94,575/-",BRD-DWS
T018218,04/26/2022, F02036 ,Delivery,WHEAT,2149 kg,"INR 2,490/-","INR 53,510/-",BRD-DWS
T018219,05/08/2022,F02036,delivery,wheat,1.20 t,"INR 2,490/-","INR 29,880/-",BRD-DWS
T018220,04/12/2022,F02038,DELIVERY,Sarson,31.11 q,"INR 6,635/-","INR 2,06,415/-",BRD-DWS
T018221,04/07/2022,F02038,D,Wheat (Durum),75.79 q,"INR 2,460/-","INR 1,86,443/-",BRD-DWS
T018222,01/12/2022,F02038,Loan Repayment,EMI,,,"INR 3,900/-",BRD-DWS
T018223,04/16/2022,F02041,FPO_DELIVERY,Yellow Mustard,1.7 qtl,"INR 6,265/-","INR 10,525/-",BRD-DWS
T018224,04/02/2022,f02041,DELIVERY,MUSTARD,533 kg,"INR 6,265/-","INR 33,392/-",BRD-DWS
T018225,12/04/2021, F02041 ,INPUT_PURCHASE,FERTILIZER 50kg bag,195 kgs,INR 35/-,"INR 6,755/-",BRD-DWS
T018226,04/05/2022,F02042,DELIVERY,mustard (Yellow),718.00 kgs,"INR 6,165/-","INR 44,265/-",BRD-DWS
T018227,11/04/2022,F02042,delivery,WHEAT,23.6 qtl,"INR 2,520/-","INR 59,447/-",BRD-DWS
T018228,01/06/2022,F02042,input,PP chemicals,154 kg,INR 268/-,"INR 41,335/-",BRD-DWS
T018229,12/17/2021,F02042,INPUT_PURCHASE,PP chemicals,243 kgs,INR 452/-,"INR 1,09,938/-",BRD-DWS
T018230,05/14/2022,F02043,D,Sarson,7.75 quintals,"INR 6,395/-","INR 49,561/-",BRD-DWS
T018231,04/25/2022,F02043,delivery,Sarson,323 kg,"INR 6,395/-","INR 20,656/-",BRD-DWS
T018232,05/05/2022,f02043,DELIVERY,WHEAT,"2,166.00 kgs","INR 2,590/-","INR 56,099/-",BRD-DWS
T018233,08/12/2021,F02043,I,Fertilizer,150 kgs,INR 32/-,"INR 4,749/-",BRD-DWS
T018234,05/12/2021,F02043,I,Seeds,138 kgs,INR 74/-,"INR 10,209/-",BRD-DWS
T018235,12/27/2021,F02043,FERT_PURCHASE,SEEDS,279 kgs,INR 61/-,"INR 17,075/-",BRD-DWS
T018236,05/23/2022, F02043 ,loan,EMI,,,"INR 7,800/-",BRD-DWS
T018237,03/03/2022,F02043,Loan Repayment,Loan Repayment,,,"INR 1,300/-",BRD-DWS
T018238,03/13/2022,F02044,FPO_DELIVERY,Mustard,"2,619.00 kgs","INR 6,080/-","INR 1,59,235/-",BRD-DWS
T018239,03/08/2022,F02044,DELIVERY,mustard (Yellow),352 kg,"INR 6,080/-","INR 21,402/-",BRD-DWS
T018240,12/09/2021, F02044 ,FERT_PURCHASE,Hybrid Seeds,307 kgs,INR 92/-,"INR 28,394/-",BRD-DWS
T018241,01/01/2022,F02044,Input Purchase,Seeds,107 kg,INR 68/-,"INR 7,224/-",BRD-DWS
T018242,03/02/2022,F02046,Delivery,MUSTARD,0.81 MT,"INR 6,650/-","INR 53,666/-",BRD-DWS
T018243,05/07/2022,F02046,delivery,Sarson,8.17 quintals,"INR 6,650/-","INR 54,330/-",BRD-DWS
T018244,11/12/2021,F02046,Input Purchase,Bio-pesticide,247 kg,INR 650/-,"INR 1,60,533/-",BRD-DWS
T018245,01/12/2022,F02046,INPUT_PURCHASE,Seeds,37 kg,INR 71/-,"INR 2,615/-",BRD-DWS
T018246,01/03/2022,F02046,I,Bio-pesticide,233 kg,INR 127/-,"INR 29,575/-",BRD-DWS
T018247,05/21/2022,F02046,loan,Loan Repayment,,,"INR 3,900/-",BRD-DWS
T018248,05/26/2022,F02046,Loan Repayment,Loan Repayment,,,"INR 7,000/-",BRD-DWS
T018249,12/27/2021,F02046,LOAN_REPAY,Loan Repayment,,,"INR 7,000/-",BRD-DWS
T018250,03/13/2022,F02049,DELIVERY,Sarson,8.96 q,"INR 6,565/-","INR 58,822/-",BRD-DWS
T018251,08/03/2022,F02049,DELIVERY,Mustard,5.5 qtl,"INR 6,565/-","INR 35,976/-",BRD-DWS
T018252,12/09/2021,F02049,L,Loan Repayment,,,"INR 7,100/-",BRD-DWS
T018253,03/12/2022,f02049,L,Loan Repayment,,,"INR 6,200/-",BRD-DWS
T018254,04/15/2022,F02052,FPO_DELIVERY,Yellow Mustard,1.51 t,"INR 6,430/-","INR 96,772/-",BRD-DWS
T018255,04/01/2022,F02052,Delivery,wheat,26.01 q,"INR 2,415/-","INR 62,814/-",BRD-DWS
T018256,03/04/2022,F02052,delivery,wheat,2.68 quintals,"INR 2,415/-","INR 6,472/-",BRD-DWS
T018257,01/15/2022,f02052,Input Purchase,Fertilizer,31 kgs,INR 32/-,INR 981/-,BRD-DWS
T018258,03/01/2022,F02053,DELIVERY,MUSTARD,0.25 t,"INR 6,085/-","INR 14,969/-",BRD-DWS
T018259,04/15/2022,F02053,D,MUSTARD,4.8 qtl,"INR 6,085/-","INR 29,147/-",BRD-DWS
T018260,12/05/2021,F02053,input,SEEDS,42 kg,INR 58/-,"INR 2,420/-",BRD-DWS
T018261,04/13/2022,F02055,DELIVERY,Yellow Mustard,978.00 kgs,"INR 6,455/-","INR 63,130/-",BRD-DWS
T018262,12/14/2021,F02055,INPUT_PURCHASE,NPK 10:26:26,290 kg,INR 54/-,"INR 15,802/-",BRD-DWS
T018263,01/10/2022,f02055,Input Purchase,NPK 10:26:26,252 kgs,INR 53/-,"INR 13,384/-",BRD-DWS
T018264,12/05/2021,F02055,Input Purchase,Hybrid Seeds,164 kg,INR 126/-,"INR 20,607/-",BRD-DWS
T018265,12/16/2021,F02055,input,PP chemicals,165 kg,INR 153/-,"INR 25,288/-",BRD-DWS
T018266,03/04/2022,F02055,loan,Loan Repayment,,,"INR 2,700/-",BRD-DWS
T018267,04/11/2022,F02057,FPO_DELIVERY,mustard (Yellow),9.00 quintals,"INR 6,480/-","INR 58,320/-",BRD-DWS
T018268,03/21/2022,F02057,DELIVERY,Lokwan Wheat,17.1 qtl,"INR 2,545/-","INR 43,418/-",BRD-DWS
T018269,04/11/2022, F02057 ,delivery,Wheat,0.43 quintals,"INR 2,545/-","INR 1,094/-",BRD-DWS
T018270,04/15/2022, F02057 ,delivery,wheat,0.29 t,"INR 2,545/-","INR 7,355/-",BRD-DWS
T018271,12/03/2021,F02057,I,Seeds,26 kg,INR 106/-,"INR 2,755/-",BRD-DWS
T018272,03/02/2022,F02058,FPO_DELIVERY,MUSTARD,2.98 q,"INR 6,350/-","INR 18,923/-",BRD-DWS
T018273,03/22/2022,F02058,Delivery,MUSTARD,81 kg,"INR 6,350/-","INR 5,144/-",BRD-DWS
T018274,04/24/2022,F02058,LOAN_REPAY,Loan Repayment,,,"INR 2,000/-",BRD-DWS
T018275,03/02/2022,f02060,Delivery,mustard (Yellow),"3,942.00 kgs","INR 6,475/-","INR 2,55,244/-",BRD-DWS
T018276,04/03/2022,F02060,delivery,MUSTARD,319 kg,"INR 6,475/-","INR 20,655/-",BRD-DWS
T018277,04/05/2022,F02060,D,wheat,5629 kg,"INR 2,465/-","INR 1,38,755/-",BRD-DWS
T018278,04/06/2022, F02060 ,D,wheat,2456 kg,"INR 2,465/-","INR 60,540/-",BRD-DWS
T018279,12/17/2021,F02060,I,PP chemicals,149 kgs,INR 359/-,"INR 53,436/-",BRD-DWS
T018280,12/15/2021,F02060,FERT_PURCHASE,FERTILIZER 50kg bag,99 kgs,INR 49/-,"INR 4,814/-",BRD-DWS
T018281,12/06/2021,F02060,FERT_PURCHASE,SEEDS,38 kg,INR 83/-,"INR 3,166/-",BRD-DWS
T018282,05/10/2022,F02061,FPO_DELIVERY,Yellow Mustard,0.45 t,"INR 5,980/-","INR 26,731/-",BRD-DWS
T018283,13/03/2022,F02061,delivery,Mustard,16.61 q,"INR 5,980/-","INR 99,328/-",BRD-DWS
T018617,03/13/2022,f02227,D,Sarson,8.84 q,"INR 6,385/-","INR 56,443/-",BRD-DWS
T018618,03/17/2022,F02227,D,Mustard,5.0 qtl,"INR 6,385/-","INR 31,733/-",BRD-DWS
T018619,23/12/2021,F02227,I,Hybrid Seeds,138 kgs,INR 50/-,"INR 6,952/-",BRD-DWS
T018620,12/22/2021, F02227 ,Input Purchase,Hybrid Seeds,101 kg,INR 105/-,"INR 10,571/-",BRD-DWS
T018622,03/04/2022,F02231,delivery,Yellow Mustard,17.0 qtl,"INR 5,920/-","INR 1,00,522/-",BRD-DWS
T018623,12/15/2021,F02231,input,FERTILIZER 50kg bag,165 kg,INR 58/-,"INR 9,621/-",BRD-DWS
T018624,01/01/2022, F02231 ,I,Hybrid Seeds,191 kgs,INR 129/-,"INR 24,681/-",BRD-DWS
T018625,03/08/2022,F02231,LOAN_REPAY,EMI,,,"INR 4,300/-",BRD-DWS
T018626,04/13/2022,F02231,loan,Loan Repayment,,,"INR 2,000/-",BRD-DWS
T018627,04/22/2022,F02231,loan,EMI,,,"INR 7,700/-",BRD-DWS
T018641,04/13/2022,F02243,FPO_DELIVERY,Sarson,275.00 kgs,"INR 6,400/-","INR 17,600/-",BRD-DWS
T018642,03/22/2022,f02243,Delivery,mustard (Yellow),19.9 qtl,"INR 6,400/-","INR 1,27,296/-",BRD-DWS
T018643,12/08/2021,F02243,Input Purchase,NPK 10:26:26,139 kgs,INR 49/-,"INR 6,800/-",BRD-DWS
T018644,12/31/2021,F02243,I,FERTILIZER 50kg bag,298 kg,INR 57/-,"INR 16,840/-",BRD-DWS
T018645,05/07/2022,F02243,L,EMI,,,"INR 1,900/-",BRD-DWS
T018646,02/21/2022,F02243,loan,Loan Repayment,,,"INR 7,500/-",BRD-DWS
T018658,05/13/2022,F02250,FPO_DELIVERY,Yellow Mustard,165.00 kgs,"INR 6,640/-","INR 10,956/-",BRD-DWS
T018659,05/08/2022,F02250,FPO_DELIVERY,Mustard,713.00 kgs,"INR 6,640/-","INR 47,343/-",BRD-DWS
T018660,04/17/2022,F02250,DELIVERY,MUSTARD,590 kg,"INR 6,640/-","INR 39,176/-",BRD-DWS
T018685,03/28/2022,F02267,Delivery,MUSTARD,0.28 MT,"INR 6,280/-","INR 17,458/-",BRD-DWS
T018686,05/15/2022,F02267,D,MUSTARD,0.43 q,"INR 6,280/-","INR 2,700/-",BRD-DWS
T018687,09/12/2021,f02267,FERT_PURCHASE,Hybrid Seeds,310 kg,INR 112/-,"INR 34,642/-",BRD-DWS
T018701,05/12/2022,F02275,FPO_DELIVERY,Sarson,2.27 q,"INR 6,125/-","INR 13,904/-",BRD-DWS
T018702,05/04/2022,F02275,D,Mustard,5.5 qtl,"INR 6,125/-","INR 33,504/-",BRD-DWS
T018703,12/12/2021,F02275,FERT_PURCHASE,NPK 10:26:26,67 kgs,INR 50/-,"INR 3,384/-",BRD-DWS
T018704,12/29/2021,F02275,loan,Loan Repayment,,,"INR 4,100/-",BRD-DWS
T018735,04/26/2022,F02293,FPO_DELIVERY,MUSTARD,0.92 t,"INR 6,135/-","INR 56,258/-",BRD-DWS
T018736,04/30/2022,F02293,D,Yellow Mustard,6.9 qtl,"INR 6,135/-","INR 42,393/-",BRD-DWS
T018737,01/14/2022,F02293,I,FERTILIZER 50kg bag,204 kg,INR 49/-,"INR 10,071/-",BRD-DWS
T018744,03/31/2022,F02298,DELIVERY,Yellow Mustard,19.92 quintals,"INR 6,170/-","INR 1,22,906/-",BRD-DWS
T018750,04/06/2022,F02301,FPO_DELIVERY,Sarson,0.81 quintals,"INR 6,315/-","INR 5,115/-",BRD-DWS
T018751,03/01/2022,f02301,DELIVERY,Yellow Mustard,296 kg,"INR 6,315/-","INR 18,692/-",BRD-DWS
T018752,04/01/2022,F02301,DELIVERY,MUSTARD,5.6 qtl,"INR 6,315/-","INR 35,427/-",BRD-DWS
T018753,01/02/2022,F02301,input,NPK 10:26:26,88 kg,INR 33/-,"INR 2,878/-",BRD-DWS
T018754,12/07/2021,F02301,INPUT_PURCHASE,PPC,45 kg,INR 662/-,"INR 29,786/-",BRD-DWS
T018755,12/02/2021,f02301,INPUT_PURCHASE,PPC,43 kg,INR 342/-,"INR 14,690/-",BRD-DWS
T018822,05/14/2022,F02334,DELIVERY,Yellow Mustard,276.00 kgs,"INR 6,670/-","INR 18,409/-",BRD-DWS
T018823,05/06/2022,F02334,DELIVERY,Mustard,"1,992.00 kgs","INR 6,670/-","INR 1,32,866/-",BRD-DWS
T018824,12/04/2021,F02334,I,SEEDS,151 kgs,INR 93/-,"INR 13,986/-",BRD-DWS
T018825,12/08/2021,F02334,I,PPC,244 kgs,INR 673/-,"INR 1,64,312/-",BRD-DWS
T018826,03/18/2022,F02334,Loan Repayment,Loan Repayment,,,"INR 1,000/-",BRD-DWS
T018827,03/16/2022,F02334,loan,EMI,,,"INR 3,500/-",BRD-DWS
T018843,05/13/2022,F02341,delivery,Sarson,806 kg,"INR 7,015/-","INR 56,541/-",BRD-DWS
T018844,03/06/2022,F02341,D,MUSTARD,0.08 MT,"INR 7,015/-","INR 5,472/-",BRD-DWS
T018845,22/03/2022, F02342 ,DELIVERY,Yellow Mustard,0.52 MT,"INR 6,265/-","INR 32,829/-",BRD-DWS
T018846,03/16/2022,F02342,delivery,Sarson,1.69 quintals,"INR 6,265/-","INR 10,588/-",BRD-DWS
T018847,01/21/2022,f02342,Loan Repayment,EMI,,,"INR 7,100/-",BRD-DWS
T018861,03/15/2022,F02348,delivery,Sarson,10.34 quintals,"INR 6,225/-","INR 64,366/-",BRD-DWS
T018862,03/27/2022, F02348 ,DELIVERY,Mustard,2.53 q,"INR 6,225/-","INR 15,749/-",BRD-DWS
T018863,12/16/2021,f02348,INPUT_PURCHASE,Seeds,279 kg,INR 47/-,"INR 13,013/-",BRD-DWS
T018864,01/09/2022,F02348,FERT_PURCHASE,DAP,153 kg,INR 36/-,"INR 5,549/-",BRD-DWS
T018890,04/18/2022,F02360,FPO_DELIVERY,Yellow Mustard,2.2 qtl,"INR 6,640/-","INR 14,475/-",BRD-DWS
T018891,04/13/2022,F02360,DELIVERY,MUSTARD,"1,086.00 kgs","INR 6,640/-","INR 72,110/-",BRD-DWS
T018892,03/08/2022,F02360,FPO_DELIVERY,Mustard,14.54 quintals,"INR 6,640/-","INR 96,546/-",BRD-DWS
T018893,01/12/2022,F02360,I,Urea,261 kgs,INR 36/-,"INR 9,482/-",BRD-DWS
T018894,12/02/2021,F02360,Input Purchase,DAP,26 kg,INR 48/-,"INR 1,245/-",BRD-DWS
T018895,12/16/2021,f02360,FERT_PURCHASE,Seeds,37 kg,INR 118/-,"INR 4,370/-",BRD-DWS
T018896,01/12/2022,F02360,INPUT_PURCHASE,SEEDS,226 kgs,INR 79/-,"INR 17,899/-",BRD-DWS
T018897,12/11/2021,F02360,L,EMI,,,"INR 7,300/-",BRD-DWS
T018943,03/17/2022,F02380,FPO_DELIVERY,MUSTARD,77.00 kgs,"INR 6,395/-","INR 4,924/-",BRD-DWS
T018944,04/26/2022,F02380,DELIVERY,Mustard,3.90 q,"INR 6,395/-","INR 24,940/-",BRD-DWS
T018945,12/06/2021,F02380,I,Seeds,70 kgs,INR 79/-,"INR 5,547/-",BRD-DWS
T018968,04/16/2022,F02394,DELIVERY,MUSTARD,13.9 qtl,"INR 6,385/-","INR 88,815/-",BRD-DWS
T018969,04/09/2022,F02394,DELIVERY,mustard (Yellow),170 kg,"INR 6,385/-","INR 10,854/-",BRD-DWS
T018970,01/10/2022,F02394,input,Fertilizer,311 kg,INR 37/-,"INR 11,460/-",BRD-DWS
T018971,12/19/2021,F02394,input,Seeds,207 kgs,INR 93/-,"INR 19,232/-",BRD-DWS
T018972,05/19/2022,F02394,loan,EMI,,,"INR 2,100/-",BRD-DWS
T018990,03/05/2022,F02406,FPO_DELIVERY,Sarson,650.00 kgs,"INR 6,925/-","INR 45,012/-",BRD-DWS
T018991,04/20/2022,F02406,Delivery,Mustard,"3,725.00 kgs","INR 6,925/-","INR 2,57,956/-",BRD-DWS
T018992,12/12/2021,F02406,Input Purchase,Urea,143 kg,INR 47/-,"INR 6,691/-",BRD-DWS
T018993,01/13/2022,F02406,Input Purchase,FERTILIZER 50kg bag,192 kg,INR 55/-,"INR 10,564/-",BRD-DWS
T018994,12/08/2021,F02406,I,Fertilizer,83 kg,INR 43/-,"INR 3,592/-",BRD-DWS
T018995,12/14/2021,F02406,FERT_PURCHASE,PPC,91 kg,INR 527/-,"INR 47,950/-",BRD-DWS
T018996,01/13/2022,F02406,LOAN_REPAY,EMI,,,"INR 7,700/-",BRD-DWS
T019007,22/03/2022,F02410,Delivery,Mustard,4.04 quintals,"INR 6,890/-","INR 27,836/-",BRD-DWS
T019008,05/01/2022,F02412,DELIVERY,mustard (Yellow),26.36 q,"INR 6,740/-","INR 1,77,666/-",BRD-DWS
T019009,04/20/2022,f02412,delivery,Sarson,353.00 kgs,"INR 6,740/-","INR 23,792/-",BRD-DWS
T019010,01/09/2022,F02412,FERT_PURCHASE,NPK 10:26:26,57 kg,INR 39/-,"INR 2,223/-",BRD-DWS
T019011,12/05/2021,F02412,INPUT_PURCHASE,Fertilizer,220 kg,INR 32/-,"INR 6,967/-",BRD-DWS
T019018,04/29/2022,f02416,DELIVERY,Yellow Mustard,6.19 q,"INR 6,835/-","INR 42,309/-",BRD-DWS
T019024,04/19/2022,F02419,delivery,Mustard,285 kg,"INR 6,775/-","INR 19,309/-",BRD-DWS
T019025,04/13/2022,f02419,FPO_DELIVERY,MUSTARD,410.00 kgs,"INR 6,775/-","INR 27,777/-",BRD-DWS
T019026,12/14/2021,F02419,FERT_PURCHASE,PP chemicals,169 kgs,INR 196/-,"INR 33,104/-",BRD-DWS
T019027,01/09/2022,F02419,input,SEEDS,110 kgs,INR 116/-,"INR 12,729/-",BRD-DWS
T019033,03/24/2022,F02422,Delivery,Mustard,424 kg,"INR 6,265/-","INR 26,564/-",BRD-DWS
T019034,03/07/2022,F02422,delivery,Mustard,5.65 quintals,"INR 6,265/-","INR 35,397/-",BRD-DWS
T019035,12/06/2021,F02422,INPUT_PURCHASE,PP chemicals,40 kg,INR 525/-,"INR 21,009/-",BRD-DWS
T019036,12/06/2021,f02422,Input Purchase,Bio-pesticide,305 kg,INR 303/-,"INR 92,531/-",BRD-DWS
T019037,18/12/2021,F02422,INPUT_PURCHASE,DAP,37 kg,INR 39/-,"INR 1,425/-",BRD-DWS
T019038,12/02/2021,F02422,I,Urea,34 kg,INR 43/-,"INR 1,457/-",BRD-DWS
T019039,01/12/2022,F02422,INPUT_PURCHASE,PPC,188 kgs,INR 592/-,"INR 1,11,362/-",BRD-DWS
T019053,03/18/2022,f02428,DELIVERY,Sarson,19.46 quintals,"INR 6,750/-","INR 1,31,355/-",BRD-DWS
T019054,04/09/2022,F02428,delivery,Mustard,0.3 qtl,"INR 6,750/-","INR 2,025/-",BRD-DWS
T019055,03/26/2022,F02428,LOAN_REPAY,EMI,,,"INR 1,200/-",BRD-DWS
T019056,03/08/2022,F02429,Delivery,Mustard,"1,369.00 kgs","INR 6,675/-","INR 91,381/-",BRD-DWS
T019057,03/02/2022, F02429 ,Delivery,Sarson,4.07 quintals,"INR 6,675/-","INR 27,167/-",BRD-DWS
T019058,01/09/2022,F02429,L,EMI,,,"INR 3,700/-",BRD-DWS
T019059,02/25/2022, F02429 ,LOAN_REPAY,Loan Repayment,,,"INR 1,300/-",BRD-DWS
T019060,28/03/2022,f02429,loan,EMI,,,"INR 3,100/-",BRD-DWS
T019067,05/05/2022,f02432,FPO_DELIVERY,Sarson,488.00 kgs,"INR 6,435/-","INR 31,403/-",BRD-DWS
T019068,04/27/2022,F02432,DELIVERY,MUSTARD,3.34 quintals,"INR 6,435/-","INR 21,493/-",BRD-DWS
T019089,03/18/2022,F02440,delivery,Sarson,1.04 MT,"INR 6,675/-","INR 69,420/-",BRD-DWS
T019090,05/11/2022,F02440,DELIVERY,Mustard,776 kg,"INR 6,675/-","INR 51,798/-",BRD-DWS
T019100,03/11/2022,F02445,DELIVERY,MUSTARD,924 kg,"INR 6,095/-","INR 56,318/-",BRD-DWS
T019101,04/01/2022,F02445,DELIVERY,Mustard,21.8 qtl,"INR 6,095/-","INR 1,32,993/-",BRD-DWS
T019102,01/10/2022, F02445 ,input,Urea,59 kg,INR 50/-,"INR 2,943/-",BRD-DWS
T019103,12/23/2021,F02445,INPUT_PURCHASE,Urea,183 kgs,INR 38/-,"INR 6,934/-",BRD-DWS
T019104,12/29/2021,F02445,INPUT_PURCHASE,PPC,230 kgs,INR 458/-,"INR 1,05,439/-",BRD-DWS
T019105,05/27/2022,F02445,Loan Repayment,EMI,,,"INR 5,700/-",BRD-DWS
T019106,05/31/2022,F02445,Loan Repayment,EMI,,,"INR 4,800/-",BRD-DWS
T019107,03/30/2022,F02445,Loan Repayment,Loan Repayment,,,"INR 4,000/-",BRD-DWS
T019112,03/04/2022,F02447,delivery,MUSTARD,45.00 kgs,"INR 6,050/-","INR 2,722/-",BRD-DWS
T019113,09/04/2022,F02447,Delivery,mustard (Yellow),238 kg,"INR 6,050/-","INR 14,399/-",BRD-DWS
T019114,01/04/2022, F02447 ,INPUT_PURCHASE,FERTILIZER 50kg bag,254 kgs,INR 50/-,"INR 12,652/-",BRD-DWS
T019136,05/08/2022, F02453 ,D,MUSTARD,3.34 quintals,"INR 6,180/-","INR 20,641/-",BRD-DWS
T019137,24/03/2022,F02453,FPO_DELIVERY,MUSTARD,3.9 qtl,"INR 6,180/-","INR 24,287/-",BRD-DWS
T019138,03/28/2022,F02453,DELIVERY,Yellow Mustard,195 kg,"INR 6,180/-","INR 12,051/-",BRD-DWS
T019139,01/13/2022,F02453,INPUT_PURCHASE,Fertilizer,31 kg,INR 54/-,"INR 1,681/-",BRD-DWS
T019140,12/12/2021,F02453,FERT_PURCHASE,Urea,181 kg,INR 33/-,"INR 5,948/-",BRD-DWS
T019141,01/04/2022,F02453,INPUT_PURCHASE,DAP,283 kgs,INR 58/-,"INR 16,301/-",BRD-DWS
T019142,01/05/2022,F02453,Input Purchase,NPK 10:26:26,102 kgs,INR 48/-,"INR 4,914/-",BRD-DWS
T019143,07/12/2021,F02453,input,Seeds,143 kg,INR 76/-,"INR 10,894/-",BRD-DWS
T020385,11/28/2022,F01913,delivery,Soybean (Yellow),8.80 quintals,"INR 5,620/-","INR 49,456/-",BRD-DWS
T020386,10/31/2022,F01914,Delivery,Soybean,854.00 kgs,"INR 5,250/-","INR 44,835/-",BRD-DWS
T020387,07/04/2022,F01914,input,Hybrid Seeds,106 kg,INR 129/-,"INR 13,702/-",BRD-DWS
T020388,06/23/2022,F01914,Input Purchase,Seeds,193 kg,INR 74/-,"INR 14,303/-",BRD-DWS
T020389,11/29/2022,F01915,DELIVERY,soya,2448 kg,"INR 5,610/-","INR 1,37,333/-",BRD-DWS
T020390,06/23/2022,F01915,FERT_PURCHASE,NPK 10:26:26,124 kgs,INR 54/-,"INR 6,703/-",BRD-DWS
T020391,11/11/2022,F01916,delivery,Soybean (Yellow),3256 kg,"INR 5,620/-","INR 1,82,987/-",BRD-DWS
T020392,06/18/2022,f01916,INPUT_PURCHASE,SEEDS,238 kg,INR 111/-,"INR 26,320/-",BRD-DWS
T020393,13/10/2022,F01917,DELIVERY,soya,5.7 qtl,"INR 5,225/-","INR 29,782/-",BRD-DWS
T020394,06/13/2022,F01917,Input Purchase,SEEDS,84 kgs,INR 61/-,"INR 5,147/-",BRD-DWS
T020395,06/16/2022, F01917 ,input,PP chemicals,311 kg,INR 500/-,"INR 1,55,438/-",BRD-DWS
T020396,10/23/2022,f01917,L,Loan Repayment,,,"INR 7,700/-",BRD-DWS
T020397,11/04/2022,F01918,FPO_DELIVERY,Soybean (Yellow),0.91 MT,"INR 5,700/-","INR 51,699/-",BRD-DWS
T020398,10/18/2022,F01920,DELIVERY,SOYABEAN,0.26 t,"INR 5,565/-","INR 14,191/-",BRD-DWS
T020399,11/09/2022,F01920,Delivery,Soybean (Yellow),0.81 MT,"INR 5,565/-","INR 44,910/-",BRD-DWS
T020400,06/25/2022,F01920,INPUT_PURCHASE,Seeds,134 kg,INR 127/-,"INR 17,030/-",BRD-DWS
T020401,07/05/2022,F01920,Input Purchase,NPK 10:26:26,217 kg,INR 36/-,"INR 7,834/-",BRD-DWS
T020402,10/02/2022,F01921,FPO_DELIVERY,SOYABEAN,"1,241.00 kgs","INR 5,670/-","INR 70,365/-",BRD-DWS
T020403,10/30/2022,F01921,DELIVERY,Soybean,228 kg,"INR 5,670/-","INR 12,928/-",BRD-DWS
T020404,11/30/2022,F01921,loan,EMI,,,"INR 3,200/-",BRD-DWS
T020405,11/04/2022,f01922,Delivery,SOYABEAN,7.4 qtl,"INR 5,905/-","INR 43,520/-",BRD-DWS
T020406,11/01/2022,F01922,delivery,Soybean,19.92 quintals,"INR 5,905/-","INR 1,17,628/-",BRD-DWS
T020407,06/10/2022,F01922,INPUT_PURCHASE,PP chemicals,67 kg,INR 544/-,"INR 36,477/-",BRD-DWS
T020408,07/03/2022,F01922,input,FERTILIZER 50kg bag,36 kg,INR 51/-,"INR 1,823/-",BRD-DWS
T020409,07/06/2022,F01922,FERT_PURCHASE,DAP,271 kg,INR 43/-,"INR 11,786/-",BRD-DWS
T020410,11/06/2022,F01922,loan,EMI,,,"INR 6,000/-",BRD-DWS
T020411,11/23/2022,F01927,FPO_DELIVERY,Soybean,84.00 kgs,"INR 5,435/-","INR 4,565/-",BRD-DWS
T020412,10/19/2022,F01927,Delivery,soya,513.00 kgs,"INR 5,435/-","INR 27,882/-",BRD-DWS
T020413,10/05/2022,F01929,delivery,SOYABEAN,1.44 q,"INR 5,345/-","INR 7,697/-",BRD-DWS
T020414,10/10/2022,F01929,D,Soybean (Yellow),7.27 quintals,"INR 5,345/-","INR 38,858/-",BRD-DWS
T020415,06/12/2022,F01929,Input Purchase,Urea,30 kgs,INR 52/-,"INR 1,545/-",BRD-DWS
T020416,06/27/2022,F01929,FERT_PURCHASE,FERTILIZER 50kg bag,311 kg,INR 46/-,"INR 14,452/-",BRD-DWS
T020417,22/11/2022, F01929 ,L,Loan Repayment,,,"INR 2,700/-",BRD-DWS
T020418,10/21/2022,F01931,delivery,soya,1087 kg,"INR 5,550/-","INR 60,328/-",BRD-DWS
T020419,07/03/2022,F01931,I,DAP,61 kgs,INR 38/-,"INR 2,304/-",BRD-DWS
T020420,10/20/2022,F01933,Delivery,SOYABEAN,144 kg,"INR 5,345/-","INR 7,697/-",BRD-DWS
T020421,11/22/2022,F01933,D,Soybean,601 kg,"INR 5,345/-","INR 32,123/-",BRD-DWS
T020422,07/06/2022,F01933,FERT_PURCHASE,Hybrid Seeds,157 kg,INR 118/-,"INR 18,572/-",BRD-DWS
T020423,06/04/2022,f01933,I,Fertilizer,184 kgs,INR 52/-,"INR 9,507/-",BRD-DWS
T020424,08/28/2022,F01933,L,Loan Repayment,,,"INR 1,800/-",BRD-DWS
T020425,09/16/2022,F01933,L,EMI,,,"INR 4,300/-",BRD-DWS
T020426,11/22/2022,F01934,Delivery,soya,0.74 t,"INR 5,155/-","INR 38,095/-",BRD-DWS
T020427,11/15/2022,F01934,delivery,soya,162 kg,"INR 5,155/-","INR 8,351/-",BRD-DWS
T020428,06/17/2022, F01934 ,I,PP chemicals,38 kg,INR 206/-,"INR 7,832/-",BRD-DWS
T020429,07/13/2022,F01934,input,PP chemicals,280 kg,INR 319/-,"INR 89,421/-",BRD-DWS
T020430,07/02/2022,F01934,I,Seeds,257 kgs,INR 104/-,"INR 26,800/-",BRD-DWS
T020431,11/05/2022,F01934,Loan Repayment,Loan Repayment,,,"INR 1,900/-",BRD-DWS
T020432,08/25/2022,F01934,loan,Loan Repayment,,,"INR 1,200/-",BRD-DWS
T020433,10/14/2022,F01937,D,SOYABEAN,12.19 q,"INR 5,480/-","INR 66,801/-",BRD-DWS
T020434,10/07/2022,F01937,Delivery,soya,9.10 q,"INR 5,480/-","INR 49,868/-",BRD-DWS
T020435,08/04/2022,F01937,L,Loan Repayment,,,"INR 3,400/-",BRD-DWS
T020436,06/07/2022,F01937,LOAN_REPAY,EMI,,,"INR 4,200/-",BRD-DWS
T020437,11/28/2022,F01939,DELIVERY,Soybean (Yellow),10.00 q,"INR 5,360/-","INR 53,600/-",BRD-DWS
T020438,10/16/2022,F01939,Delivery,soya,0.37 t,"INR 5,360/-","INR 20,046/-",BRD-DWS
T020439,04/07/2022,F01939,FERT_PURCHASE,NPK 10:26:26,179 kgs,INR 49/-,"INR 8,764/-",BRD-DWS
T020440,06/28/2022,f01939,Input Purchase,FERTILIZER 50kg bag,38 kg,INR 48/-,"INR 1,830/-",BRD-DWS
T020441,06/22/2022,F01939,Input Purchase,Fertilizer,291 kg,INR 40/-,"INR 11,733/-",BRD-DWS
T020442,11/16/2022,F01940,DELIVERY,Soybean,9.45 quintals,"INR 5,655/-","INR 53,440/-",BRD-DWS
T020443,11/15/2022, F01940 ,delivery,Soybean,0.57 t,"INR 5,655/-","INR 32,290/-",BRD-DWS
T020444,06/24/2022,F01940,INPUT_PURCHASE,Seeds,106 kg,INR 126/-,"INR 13,375/-",BRD-DWS
T020445,11/02/2022,F01948,D,Soybean (Yellow),"1,382.00 kgs","INR 5,705/-","INR 78,843/-",BRD-DWS
T020446,11/03/2022,F01948,DELIVERY,Soybean (Yellow),39 kg,"INR 5,705/-","INR 2,225/-",BRD-DWS
T020447,06/13/2022,F01948,Input Purchase,PP chemicals,118 kg,INR 363/-,"INR 42,834/-",BRD-DWS
T020448,09/07/2022,F01948,LOAN_REPAY,Loan Repayment,,,"INR 2,400/-",BRD-DWS
T020449,10/20/2022,F01949,DELIVERY,SOYABEAN,10.74 q,"INR 5,735/-","INR 61,594/-",BRD-DWS
T020450,07/15/2022,F01949,input,SEEDS,90 kg,INR 109/-,"INR 9,847/-",BRD-DWS
T020451,30/06/2022,F01949,Input Purchase,SEEDS,193 kg,INR 66/-,"INR 12,676/-",BRD-DWS
T020452,10/27/2022, F01951 ,FPO_DELIVERY,soya,6.26 q,"INR 5,245/-","INR 32,834/-",BRD-DWS
T020453,10/15/2022,F01951,DELIVERY,soya,7.5 qtl,"INR 5,245/-","INR 39,075/-",BRD-DWS
T020454,10/31/2022,f01952,DELIVERY,Soybean,4.75 q,"INR 5,880/-","INR 27,930/-",BRD-DWS
T020455,10/09/2022,f01958,Delivery,SOYABEAN,60.00 kgs,"INR 5,615/-","INR 3,369/-",BRD-DWS
T020456,11/25/2022,F01958,D,soya,4.4 qtl,"INR 5,615/-","INR 24,538/-",BRD-DWS
T020457,07/11/2022,F01958,FERT_PURCHASE,NPK 10:26:26,66 kg,INR 29/-,"INR 1,936/-",BRD-DWS
T020458,10/10/2022,F01959,FPO_DELIVERY,soya,14.35 q,"INR 5,530/-","INR 79,356/-",BRD-DWS
T020459,10/10/2022,f01959,D,SOYABEAN,264 kg,"INR 5,530/-","INR 14,599/-",BRD-DWS
T020460,07/04/2022,F01959,I,FERTILIZER 50kg bag,59 kgs,INR 38/-,"INR 2,263/-",BRD-DWS
T020461,06/22/2022,F01959,input,NPK 10:26:26,301 kg,INR 35/-,"INR 10,448/-",BRD-DWS
T020462,15/07/2022,F01959,Input Purchase,Urea,130 kgs,INR 29/-,"INR 3,771/-",BRD-DWS
T020463,18/10/2022,F01964,FPO_DELIVERY,soya,6.05 quintals,"INR 5,720/-","INR 34,606/-",BRD-DWS
T020464,11/08/2022,F01964,FPO_DELIVERY,SOYABEAN,3.0 qtl,"INR 5,720/-","INR 17,103/-",BRD-DWS
T020465,06/17/2022,f01964,input,PPC,112 kgs,INR 678/-,"INR 75,880/-",BRD-DWS
T020466,07/10/2022,F01964,FERT_PURCHASE,Fertilizer,277 kg,INR 29/-,"INR 8,102/-",BRD-DWS
T020467,07/20/2022,F01964,LOAN_REPAY,Loan Repayment,,,"INR 1,000/-",BRD-DWS
T020468,01/11/2022, F01969 ,DELIVERY,Soybean (Yellow),10.21 quintals,"INR 5,720/-","INR 58,401/-",BRD-DWS
T020469,06/26/2022,F01969,input,Fertilizer,200 kg,INR 55/-,"INR 11,096/-",BRD-DWS
T020470,06/11/2022,F01969,I,FERTILIZER 50kg bag,30 kg,INR 54/-,"INR 1,618/-",BRD-DWS
T020471,11/05/2022,F01973,delivery,soya,19.2 qtl,"INR 5,640/-","INR 1,08,514/-",BRD-DWS
T020472,10/23/2022,F01973,D,SOYABEAN,352.00 kgs,"INR 5,640/-","INR 19,853/-",BRD-DWS
T020473,07/14/2022,F01973,INPUT_PURCHASE,Urea,245 kgs,INR 36/-,"INR 8,746/-",BRD-DWS
T020474,10/04/2022, F01973 ,loan,EMI,,,"INR 4,100/-",BRD-DWS
T020475,10/29/2022,F01974,Delivery,soya,7.1 qtl,"INR 5,515/-","INR 39,322/-",BRD-DWS
T020476,07/14/2022,F01974,FERT_PURCHASE,Seeds,105 kg,INR 82/-,"INR 8,569/-",BRD-DWS
T020477,06/08/2022,F01974,I,PPC,294 kgs,INR 580/-,"INR 1,70,420/-",BRD-DWS
T020478,04/08/2022,F01974,Loan Repayment,Loan Repayment,,,"INR 1,500/-",BRD-DWS
T020479,06/20/2022,f01974,L,EMI,,,"INR 3,400/-",BRD-DWS
T020480,10/26/2022,F01976,FPO_DELIVERY,SOYABEAN,5.00 quintals,"INR 5,375/-","INR 26,875/-",BRD-DWS
T020481,10/31/2022,F01976,DELIVERY,Soybean (Yellow),7.16 q,"INR 5,375/-","INR 38,485/-",BRD-DWS
T020482,11/05/2022,F01978,FPO_DELIVERY,Soybean,1644 kg,"INR 5,670/-","INR 93,215/-",BRD-DWS
T020483,10/09/2022,F01978,Delivery,Soybean (Yellow),"1,734.00 kgs","INR 5,670/-","INR 98,318/-",BRD-DWS
T020484,07/02/2022,F01978,INPUT_PURCHASE,PP chemicals,198 kgs,INR 415/-,"INR 82,158/-",BRD-DWS
T020485,06/02/2022,F01978,FERT_PURCHASE,PP chemicals,251 kg,INR 671/-,"INR 1,68,439/-",BRD-DWS
T020486,07/11/2022,F01978,FERT_PURCHASE,PP chemicals,97 kg,INR 615/-,"INR 59,621/-",BRD-DWS
T020487,07/06/2022,F01978,input,Hybrid Seeds,316 kg,INR 59/-,"INR 18,511/-",BRD-DWS
T020488,11/15/2022,F01979,delivery,soya,807.00 kgs,"INR 5,330/-","INR 43,013/-",BRD-DWS
T020489,11/06/2022,f01979,D,Soybean,0.45 MT,"INR 5,330/-","INR 24,038/-",BRD-DWS
T020490,07/02/2022,F01979,input,SEEDS,268 kg,INR 111/-,"INR 29,641/-",BRD-DWS
T020491,11/14/2022,F01983,Delivery,soya,5.3 qtl,"INR 5,465/-","INR 28,855/-",BRD-DWS
T020492,06/09/2022,F01983,input,FERTILIZER 50kg bag,201 kg,INR 34/-,"INR 6,832/-",BRD-DWS
T020493,11/27/2022,F01986,delivery,Soybean (Yellow),11.4 qtl,"INR 5,825/-","INR 66,522/-",BRD-DWS
T020494,10/05/2022,F01986,Delivery,SOYABEAN,7.07 q,"INR 5,825/-","INR 41,183/-",BRD-DWS
T020495,06/19/2022,F01986,FERT_PURCHASE,SEEDS,285 kgs,INR 98/-,"INR 27,813/-",BRD-DWS
T020496,07/08/2022,f01986,INPUT_PURCHASE,Seeds,106 kgs,INR 104/-,"INR 11,001/-",BRD-DWS
T020497,22/10/2022,F01989,delivery,soya,,"INR 5,535/-","INR 80,147/-",BRD-DWS
T020498,06/19/2022,F01989,INPUT_PURCHASE,FERTILIZER 50kg bag,256 kg,INR 49/-,"INR 12,506/-",BRD-DWS
T020499,06/19/2022,F01989,I,PPC,84 kg,INR 549/-,"INR 46,118/-",BRD-DWS
T020500,06/03/2022,F01989,Input Purchase,Urea,69 kg,INR 54/-,"INR 3,713/-",BRD-DWS
T020501,07/27/2022,f01989,L,EMI,,,INR 800/-,BRD-DWS
T020502,22/08/2022,F01989,L,Loan Repayment,,,"INR 7,300/-",BRD-DWS
T020503,11/19/2022,F01990,DELIVERY,soya,578.00 kgs,"INR 5,515/-","INR 31,877/-",BRD-DWS
T020504,27/10/2022,F01990,Delivery,Soybean (Yellow),"1,447.00 kgs","INR 5,515/-","INR 79,802/-",BRD-DWS
T020505,06/22/2022,f01990,input,Hybrid Seeds,283 kg,INR 68/-,"INR 19,111/-",BRD-DWS
T020506,11/28/2022,F01991,DELIVERY,Soybean,1113 kg,"INR 6,040/-","INR 67,225/-",BRD-DWS
T020507,06/02/2022,F01991,FERT_PURCHASE,Bio-pesticide,254 kgs,INR 476/-,"INR 1,20,866/-",BRD-DWS
T020508,10/22/2022,F01994,DELIVERY,SOYABEAN,16.08 q,"INR 5,650/-","INR 90,852/-",BRD-DWS
T020509,10/07/2022,F01998,DELIVERY,SOYABEAN,6.87 quintals,"INR 5,535/-","INR 38,025/-",BRD-DWS
T020510,11/06/2022,f01998,Delivery,Soybean,2448 kg,"INR 5,535/-","INR 1,35,497/-",BRD-DWS
T020511,07/14/2022,F01998,I,Fertilizer,62 kgs,INR 37/-,"INR 2,307/-",BRD-DWS
T020512,06/07/2022,F01998,INPUT_PURCHASE,Hybrid Seeds,181 kgs,INR 122/-,"INR 22,158/-",BRD-DWS
T020513,06/07/2022, F01998 ,FERT_PURCHASE,DAP,182 kg,INR 45/-,"INR 8,194/-",BRD-DWS
T020514,10/12/2022,F02002,FPO_DELIVERY,soya,6.07 q,"INR 5,520/-","INR 33,506/-",BRD-DWS
T020515,10/02/2022,F02002,Delivery,Soybean,145.00 kgs,"INR 5,520/-","INR 8,004/-",BRD-DWS
T020516,06/28/2022,F02002,INPUT_PURCHASE,SEEDS,103 kgs,INR 48/-,"INR 4,896/-",BRD-DWS
T020517,10/09/2022,F02012,D,SOYABEAN,"1,253.00 kgs","INR 5,630/-","INR 70,544/-",BRD-DWS
T020518,06/19/2022,F02012,FERT_PURCHASE,DAP,179 kg,INR 58/-,"INR 10,395/-",BRD-DWS
T020519,08/06/2022,f02012,input,Fertilizer,26 kgs,INR 59/-,"INR 1,530/-",BRD-DWS
T020520,11/07/2022,F02012,INPUT_PURCHASE,SEEDS,190 kgs,INR 67/-,"INR 12,812/-",BRD-DWS
T020521,06/07/2022,F02012,INPUT_PURCHASE,PPC,27 kgs,INR 579/-,"INR 15,641/-",BRD-DWS
T020522,15/07/2022,F02012,INPUT_PURCHASE,FERTILIZER 50kg bag,44 kg,INR 43/-,"INR 1,905/-",BRD-DWS
T020523,30/06/2022, F02012 ,Loan Repayment,Loan Repayment,,,"INR 7,500/-",BRD-DWS
T020524,10/24/2022,f02013,D,soya,"1,509.00 kgs","INR 5,410/-","INR 81,637/-",BRD-DWS
T020525,06/13/2022,F02013,input,PPC,179 kg,INR 299/-,"INR 53,541/-",BRD-DWS
T020526,11/23/2022,F02020,FPO_DELIVERY,SOYABEAN,"2,054.00 kgs","INR 5,380/-","INR 1,10,505/-",BRD-DWS
T020527,11/09/2022,F02020,delivery,Soybean,2.22 MT,"INR 5,380/-","INR 1,19,221/-",BRD-DWS
T020528,06/15/2022,f02020,FERT_PURCHASE,SEEDS,51 kgs,INR 95/-,"INR 4,866/-",BRD-DWS
T020529,07/04/2022,F02020,input,DAP,174 kgs,INR 49/-,"INR 8,449/-",BRD-DWS
T020530,08/10/2022,F02020,Loan Repayment,EMI,,,"INR 3,100/-",BRD-DWS
T020531,29/06/2022,F02020,LOAN_REPAY,EMI,,,"INR 1,500/-",BRD-DWS
T020532,11/15/2022,F02021,Delivery,SOYABEAN,24.16 quintals,"INR 5,575/-","INR 1,34,692/-",BRD-DWS
T020533,07/04/2022,F02021,Input Purchase,Fertilizer,45 kgs,INR 58/-,"INR 2,596/-",BRD-DWS
T020534,26/06/2022, F02021 ,Input Purchase,DAP,195 kgs,INR 43/-,"INR 8,319/-",BRD-DWS
T020535,07/15/2022,F02021,input,Urea,162 kg,INR 37/-,"INR 6,005/-",BRD-DWS
T020536,07/05/2022,F02021,INPUT_PURCHASE,Bio-pesticide,156 kgs,INR 379/-,"INR 59,169/-",BRD-DWS
T020537,07/15/2022,F02021,I,NPK 10:26:26,162 kg,INR 57/-,"INR 9,197/-",BRD-DWS
T020538,07/01/2022,F02021,INPUT_PURCHASE,Bio-pesticide,120 kg,INR 665/-,"INR 79,843/-",BRD-DWS
T020539,11/01/2022,F02022,delivery,Soybean,1996 kg,"INR 5,625/-","INR 1,12,275/-",BRD-DWS
T020540,10/18/2022,F02022,DELIVERY,Soybean,401 kg,"INR 5,625/-","INR 22,556/-",BRD-DWS
T020541,10/22/2022,F02022,D,SOYABEAN,4.1 qtl,"INR 5,625/-","INR 22,950/-",BRD-DWS
T020542,06/22/2022,F02022,I,Seeds,132 kgs,INR 73/-,"INR 9,676/-",BRD-DWS
T020543,06/27/2022,F02022,I,Hybrid Seeds,66 kg,INR 106/-,"INR 6,966/-",BRD-DWS
T020544,10/06/2022,f02026,D,SOYABEAN,"1,185.00 kgs","INR 5,435/-","INR 64,405/-",BRD-DWS
T020545,11/15/2022,F02031,DELIVERY,Soybean,13.07 q,"INR 5,680/-","INR 74,238/-",BRD-DWS
T020546,10/20/2022,F02031,FPO_DELIVERY,SOYABEAN,618.00 kgs,"INR 5,680/-","INR 35,102/-",BRD-DWS
T020547,07/02/2022,F02031,FERT_PURCHASE,NPK 10:26:26,123 kg,INR 59/-,"INR 7,223/-",BRD-DWS
T020548,06/14/2022,F02031,INPUT_PURCHASE,DAP,155 kgs,INR 55/-,"INR 8,517/-",BRD-DWS
T020549,11/06/2022,F02031,I,Hybrid Seeds,167 kgs,INR 53/-,"INR 8,791/-",BRD-DWS
T020550,11/10/2022,F02035,delivery,Soybean,757.00 kgs,"INR 5,470/-","INR 41,408/-",BRD-DWS
T020551,11/02/2022,F02035,D,Soybean (Yellow),334 kg,"INR 5,470/-","INR 18,270/-",BRD-DWS
T020552,11/01/2022,F02035,delivery,Soybean (Yellow),2066 kg,"INR 5,470/-","INR 1,13,010/-",BRD-DWS
T020553,07/12/2022,F02035,INPUT_PURCHASE,PPC,234 kgs,INR 571/-,"INR 1,33,665/-",BRD-DWS
T020554,06/05/2022,F02035,input,Hybrid Seeds,182 kg,INR 54/-,"INR 9,784/-",BRD-DWS
T020555,11/23/2022,F02036,DELIVERY,Soybean,11.4 qtl,"INR 5,875/-","INR 66,916/-",BRD-DWS
T020556,10/07/2022,f02036,FPO_DELIVERY,soya,5.28 quintals,"INR 5,875/-","INR 31,020/-",BRD-DWS
T020557,06/09/2022,F02036,INPUT_PURCHASE,Urea,193 kgs,INR 51/-,"INR 9,858/-",BRD-DWS
T020558,11/05/2022,F02038,delivery,SOYABEAN,38.18 q,"INR 5,380/-","INR 2,05,408/-",BRD-DWS
T020559,10/05/2022,F02038,Loan Repayment,EMI,,,"INR 1,600/-",BRD-DWS
T020560,06/29/2022,F02038,LOAN_REPAY,EMI,,,"INR 1,700/-",BRD-DWS
T020561,11/09/2022,F02041,FPO_DELIVERY,Soybean,171 kg,"INR 5,625/-","INR 9,619/-",BRD-DWS
T020562,11/30/2022,F02041,Delivery,SOYABEAN,0.66 MT,"INR 5,625/-","INR 37,238/-",BRD-DWS
T020563,24/06/2022,F02041,input,Urea,166 kg,INR 53/-,"INR 8,778/-",BRD-DWS
T020564,10/18/2022,F02042,FPO_DELIVERY,SOYABEAN,119.00 kgs,"INR 5,350/-","INR 6,366/-",BRD-DWS
T020565,11/19/2022,F02042,delivery,SOYABEAN,778 kg,"INR 5,350/-","INR 41,623/-",BRD-DWS
T020566,07/05/2022,F02042,input,Urea,27 kgs,INR 51/-,"INR 1,366/-",BRD-DWS
T020567,07/05/2022,F02042,Input Purchase,NPK 10:26:26,152 kg,INR 35/-,"INR 5,308/-",BRD-DWS
T020568,16/06/2022,F02042,input,FERTILIZER 50kg bag,169 kgs,INR 47/-,"INR 8,022/-",BRD-DWS
T020569,07/06/2022,F02042,Input Purchase,Bio-pesticide,295 kg,INR 673/-,"INR 1,98,441/-",BRD-DWS
T020570,10/12/2022,F02044,DELIVERY,Soybean,"2,968.00 kgs","INR 5,605/-","INR 1,66,356/-",BRD-DWS
T020571,07/07/2022,F02044,input,Bio-pesticide,124 kg,INR 541/-,"INR 67,063/-",BRD-DWS
T020572,07/08/2022,F02044,Input Purchase,DAP,174 kgs,INR 49/-,"INR 8,495/-",BRD-DWS
T020573,06/18/2022,F02044,INPUT_PURCHASE,FERTILIZER 50kg bag,108 kg,INR 41/-,"INR 4,391/-",BRD-DWS
T020574,06/18/2022,f02044,Input Purchase,FERTILIZER 50kg bag,269 kgs,INR 33/-,"INR 8,960/-",BRD-DWS
T020575,10/06/2022,f02046,Delivery,Soybean (Yellow),"1,861.00 kgs","INR 5,455/-","INR 1,01,518/-",BRD-DWS
T020576,10/23/2022,F02046,D,Soybean,0.2 qtl,"INR 5,455/-","INR 1,091/-",BRD-DWS
T020577,06/10/2022,F02046,INPUT_PURCHASE,Seeds,233 kgs,INR 60/-,"INR 13,864/-",BRD-DWS
T020578,10/28/2022,F02049,DELIVERY,SOYABEAN,1176 kg,"INR 5,465/-","INR 64,268/-",BRD-DWS
T020579,11/01/2022,F02049,D,soya,4.07 quintals,"INR 5,465/-","INR 22,243/-",BRD-DWS
T020580,06/30/2022,f02049,INPUT_PURCHASE,SEEDS,86 kgs,INR 65/-,"INR 5,575/-",BRD-DWS
T020581,06/26/2022,F02049,INPUT_PURCHASE,FERTILIZER 50kg bag,125 kg,INR 34/-,"INR 4,242/-",BRD-DWS
T020582,10/04/2022,F02052,D,SOYABEAN,365 kg,"INR 5,600/-","INR 20,440/-",BRD-DWS
T020583,11/17/2022,F02052,DELIVERY,Soybean (Yellow),74 kg,"INR 5,600/-","INR 4,144/-",BRD-DWS
T020584,11/08/2022,F02052,DELIVERY,Soybean,0.03 t,"INR 5,600/-","INR 1,960/-",BRD-DWS
T020585,06/29/2022,F02052,input,DAP,257 kg,INR 38/-,"INR 9,720/-",BRD-DWS
T020586,10/04/2022,F02053,delivery,SOYABEAN,8.2 qtl,"INR 5,830/-","INR 48,098/-",BRD-DWS
T020587,06/24/2022,F02053,Input Purchase,Fertilizer,261 kgs,INR 51/-,"INR 13,340/-",BRD-DWS
T020588,07/12/2022,F02053,FERT_PURCHASE,Urea,284 kgs,INR 39/-,"INR 11,144/-",BRD-DWS
T020589,22/06/2022,F02053,INPUT_PURCHASE,Urea,232 kgs,INR 35/-,"INR 8,208/-",BRD-DWS
T020590,11/28/2022,F02055,FPO_DELIVERY,Soybean,8.41 quintals,"INR 5,615/-","INR 47,222/-",BRD-DWS
T020591,11/06/2022,F02055,Delivery,soya,182.00 kgs,"INR 5,615/-","INR 10,219/-",BRD-DWS
T020592,11/21/2022, F02055 ,LOAN_REPAY,Loan Repayment,,,"INR 5,800/-",BRD-DWS
T020593,10/11/2022,F02057,D,Soybean (Yellow),412.00 kgs,"INR 5,485/-","INR 22,598/-",BRD-DWS
T020594,11/24/2022,F02060,D,Soybean (Yellow),4972 kg,"INR 5,645/-","INR 2,80,669/-",BRD-DWS
T020595,06/08/2022,f02060,FERT_PURCHASE,PP chemicals,216 kgs,INR 366/-,"INR 79,030/-",BRD-DWS
T020596,10/03/2022,F02061,DELIVERY,Soybean,20.3 qtl,"INR 5,200/-","INR 1,05,716/-",BRD-DWS
T020886,14/10/2022,F02227,D,Soybean,1.29 t,"INR 5,385/-","INR 69,628/-",BRD-DWS
T020887,07/14/2022,F02227,INPUT_PURCHASE,SEEDS,76 kgs,INR 50/-,"INR 3,776/-",BRD-DWS
T020888,06/07/2022,f02227,input,NPK 10:26:26,234 kg,INR 39/-,"INR 9,159/-",BRD-DWS
T020889,10/28/2022,F02231,FPO_DELIVERY,SOYABEAN,10.3 qtl,"INR 6,020/-","INR 61,946/-",BRD-DWS
T020890,10/07/2022,F02231,DELIVERY,Soybean (Yellow),10.19 quintals,"INR 6,020/-","INR 61,344/-",BRD-DWS
T020904,11/09/2022,F02243,DELIVERY,Soybean,7.28 quintals,"INR 5,945/-","INR 43,280/-",BRD-DWS
T020905,10/19/2022,F02243,FPO_DELIVERY,SOYABEAN,15.50 quintals,"INR 5,945/-","INR 92,148/-",BRD-DWS
T020906,06/18/2022,F02243,FERT_PURCHASE,DAP,67 kgs,INR 31/-,"INR 2,076/-",BRD-DWS
T020914,11/01/2022,F02250,delivery,soya,1597 kg,"INR 5,605/-","INR 89,512/-",BRD-DWS
T020955,11/16/2022,F02275,Delivery,SOYABEAN,11.49 quintals,"INR 5,440/-","INR 62,506/-",BRD-DWS
T020956,11/19/2022,f02275,DELIVERY,soya,31.00 kgs,"INR 5,440/-","INR 1,686/-",BRD-DWS
T020957,08/29/2022,f02275,Loan Repayment,EMI,,,"INR 7,000/-",BRD-DWS
T020982,10/27/2022,F02293,FPO_DELIVERY,SOYABEAN,1347 kg,"INR 5,540/-","INR 74,624/-",BRD-DWS
T020983,10/27/2022,F02293,delivery,SOYABEAN,6.0 qtl,"INR 5,540/-","INR 32,963/-",BRD-DWS
T020984,06/26/2022,F02293,I,FERTILIZER 50kg bag,253 kgs,INR 43/-,"INR 10,851/-",BRD-DWS
T020992,11/11/2022,F02298,DELIVERY,soya,7.37 quintals,"INR 5,615/-","INR 41,383/-",BRD-DWS
T020993,10/27/2022,F02298,delivery,SOYABEAN,"1,377.00 kgs","INR 5,615/-","INR 77,319/-",BRD-DWS
T020999,11/03/2022,F02301,delivery,SOYABEAN,0.22 t,"INR 5,730/-","INR 12,549/-",BRD-DWS
T021000,10/26/2022,F02301,Delivery,Soybean (Yellow),0.72 MT,"INR 5,730/-","INR 41,084/-",BRD-DWS
T021001,06/26/2022,F02301,FERT_PURCHASE,NPK 10:26:26,101 kg,INR 31/-,"INR 3,136/-",BRD-DWS
T021002,07/15/2022,F02301,Input Purchase,Urea,309 kg,INR 56/-,"INR 17,357/-",BRD-DWS
T021048,10/11/2022,F02334,DELIVERY,SOYABEAN,7.6 qtl,"INR 5,255/-","INR 40,148/-",BRD-DWS
T021049,10/20/2022, F02334 ,D,SOYABEAN,19.67 quintals,"INR 5,255/-","INR 1,03,366/-",BRD-DWS
T021050,06/25/2022,f02334,I,Urea,282 kg,INR 56/-,"INR 15,722/-",BRD-DWS
T021051,06/30/2022,F02334,I,FERTILIZER 50kg bag,250 kgs,INR 33/-,"INR 8,215/-",BRD-DWS
T021052,06/11/2022,F02334,input,Hybrid Seeds,252 kg,INR 96/-,"INR 24,315/-",BRD-DWS
T021053,23/06/2022,F02334,I,Seeds,182 kgs,INR 126/-,"INR 23,014/-",BRD-DWS
T021054,06/20/2022,F02334,I,SEEDS,210 kg,INR 67/-,"INR 14,087/-",BRD-DWS
T021055,16/09/2022,F02334,L,Loan Repayment,,,"INR 2,600/-",BRD-DWS
T021068,11/17/2022,F02341,D,Soybean (Yellow),288 kg,"INR 5,905/-","INR 17,006/-",BRD-DWS
T021069,11/03/2022,F02341,D,soya,0.22 MT,"INR 5,905/-","INR 13,168/-",BRD-DWS
T021070,11/09/2022, F02341 ,Delivery,soya,3.87 q,"INR 5,905/-","INR 22,852/-",BRD-DWS
T021071,06/08/2022,F02341,INPUT_PURCHASE,SEEDS,109 kgs,INR 66/-,"INR 7,228/-",BRD-DWS
T021072,06/21/2022,F02341,I,SEEDS,147 kg,INR 61/-,"INR 8,976/-",BRD-DWS
T021073,07/11/2022,F02341,I,FERTILIZER 50kg bag,61 kg,INR 31/-,"INR 1,896/-",BRD-DWS
T021074,10/12/2022, F02342 ,delivery,Soybean,563 kg,"INR 5,700/-","INR 32,091/-",BRD-DWS
T021075,10/04/2022,F02342,Delivery,Soybean (Yellow),105 kg,"INR 5,700/-","INR 5,985/-",BRD-DWS
T021076,10/06/2022,F02342,Delivery,Soybean (Yellow),0.16 t,"INR 5,700/-","INR 9,063/-",BRD-DWS
T021077,07/09/2022,F02342,Input Purchase,FERTILIZER 50kg bag,235 kgs,INR 50/-,"INR 11,842/-",BRD-DWS
T021078,07/07/2022,F02342,input,SEEDS,143 kg,INR 98/-,"INR 13,942/-",BRD-DWS
T021079,17/10/2022,F02342,Loan Repayment,Loan Repayment,,,"INR 7,600/-",BRD-DWS
T021082,11/26/2022,F02348,DELIVERY,SOYABEAN,4.9 qtl,"INR 5,760/-","INR 28,224/-",BRD-DWS
T021083,11/23/2022,F02348,Delivery,Soybean,0.62 MT,"INR 5,760/-","INR 35,827/-",BRD-DWS
T021084,10/31/2022,f02348,FPO_DELIVERY,Soybean,98.00 kgs,"INR 5,760/-","INR 5,645/-",BRD-DWS
T021085,06/05/2022,F02348,I,Urea,240 kgs,INR 34/-,"INR 8,100/-",BRD-DWS
T021102,11/06/2022,F02360,DELIVERY,Soybean (Yellow),1022 kg,"INR 5,160/-","INR 52,735/-",BRD-DWS
T021103,10/08/2022,F02360,delivery,Soybean (Yellow),1983 kg,"INR 5,160/-","INR 1,02,323/-",BRD-DWS
T021104,06/14/2022,F02360,I,Fertilizer,238 kg,INR 45/-,"INR 10,601/-",BRD-DWS
T021105,06/08/2022,F02360,Input Purchase,Fertilizer,52 kg,INR 33/-,"INR 1,732/-",BRD-DWS
T021106,06/11/2022, F02360 ,INPUT_PURCHASE,DAP,85 kgs,INR 30/-,"INR 2,552/-",BRD-DWS
T021107,06/19/2022,F02360,FERT_PURCHASE,PP chemicals,71 kg,INR 370/-,"INR 26,266/-",BRD-DWS
T021108,08/26/2022,F02360,loan,Loan Repayment,,,"INR 5,000/-",BRD-DWS
T021146,11/17/2022,F02380,FPO_DELIVERY,Soybean (Yellow),385.00 kgs,"INR 5,430/-","INR 20,906/-",BRD-DWS
T021147,07/14/2022,F02380,input,Hybrid Seeds,312 kgs,INR 58/-,"INR 18,009/-",BRD-DWS
T021177,10/15/2022,F02394,FPO_DELIVERY,SOYABEAN,2013 kg,"INR 5,255/-","INR 1,05,783/-",BRD-DWS
T021178,06/19/2022,F02394,input,NPK 10:26:26,172 kg,INR 30/-,"INR 5,108/-",BRD-DWS
T021204,11/07/2022, F02406 ,D,Soybean (Yellow),"5,018.00 kgs","INR 5,380/-","INR 2,69,968/-",BRD-DWS
T021205,10/10/2022,F02406,Delivery,Soybean (Yellow),11.2 qtl,"INR 5,380/-","INR 60,310/-",BRD-DWS
T021206,10/05/2022, F02406 ,loan,EMI,,,"INR 6,400/-",BRD-DWS
T021207,09/07/2022,F02406,loan,Loan Repayment,,,"INR 2,000/-",BRD-DWS
T021222,11/17/2022,F02412,FPO_DELIVERY,Soybean,36.71 q,"INR 5,515/-","INR 2,02,456/-",BRD-DWS
T021223,06/01/2022,F02412,FERT_PURCHASE,FERTILIZER 50kg bag,261 kg,INR 32/-,"INR 8,462/-",BRD-DWS
T021243,06/11/2022,F02419,FPO_DELIVERY,SOYABEAN,0.72 t,"INR 5,400/-","INR 38,934/-",BRD-DWS
T021244,06/30/2022,F02419,FERT_PURCHASE,DAP,266 kg,INR 29/-,"INR 7,773/-",BRD-DWS
T021247,11/05/2022,F02422,Delivery,SOYABEAN,214 kg,"INR 5,485/-","INR 11,738/-",BRD-DWS
T021248,23/10/2022,F02422,Delivery,SOYABEAN,6.6 qtl,"INR 5,485/-","INR 36,366/-",BRD-DWS
T021249,11/14/2022,F02422,delivery,SOYABEAN,338 kg,"INR 5,485/-","INR 18,539/-",BRD-DWS
T021250,06/11/2022,F02422,FERT_PURCHASE,DAP,267 kg,INR 43/-,"INR 11,518/-",BRD-DWS
T021251,06/16/2022,f02422,INPUT_PURCHASE,Fertilizer,242 kgs,INR 53/-,"INR 12,870/-",BRD-DWS
T021252,06/28/2022,F02422,INPUT_PURCHASE,Urea,166 kg,INR 47/-,"INR 7,805/-",BRD-DWS
T021264,11/23/2022,F02428,D,Soybean,15.23 quintals,"INR 5,805/-","INR 88,410/-",BRD-DWS
T021265,10/11/2022,F02428,delivery,SOYABEAN,0.07 quintals,"INR 5,805/-",INR 406/-,BRD-DWS
T021266,11/09/2022, F02428 ,FPO_DELIVERY,SOYABEAN,10.0 qtl,"INR 5,805/-","INR 57,876/-",BRD-DWS
T021267,07/04/2022,F02428,INPUT_PURCHASE,Fertilizer,82 kg,INR 34/-,"INR 2,822/-",BRD-DWS
T021268,16/06/2022,F02428,I,NPK 10:26:26,128 kg,INR 33/-,"INR 4,224/-",BRD-DWS
T021269,11/30/2022,F02429,Delivery,SOYABEAN,16.98 quintals,"INR 6,100/-","INR 1,03,578/-",BRD-DWS
T021270,06/16/2022,F02429,Input Purchase,NPK 10:26:26,167 kg,INR 54/-,"INR 9,098/-",BRD-DWS
T021271,26/06/2022,F02429,FERT_PURCHASE,Fertilizer,270 kg,INR 45/-,"INR 12,061/-",BRD-DWS
T021272,07/14/2022,F02429,Input Purchase,Bio-pesticide,125 kg,INR 336/-,"INR 42,034/-",BRD-DWS
T021273,07/19/2022,F02429,L,Loan Repayment,,,"INR 2,300/-",BRD-DWS
T021279,11/01/2022,F02432,Delivery,SOYABEAN,5.11 quintals,"INR 5,580/-","INR 28,514/-",BRD-DWS
T021280,11/04/2022,F02432,D,soya,4.2 qtl,"INR 5,580/-","INR 23,324/-",BRD-DWS
T021295,10/11/2022,F02440,delivery,SOYABEAN,16.4 qtl,"INR 5,570/-","INR 91,515/-",BRD-DWS
T021296,06/22/2022,F02440,INPUT_PURCHASE,PPC,181 kg,INR 537/-,"INR 97,204/-",BRD-DWS
T021297,07/04/2022, F02440 ,input,FERTILIZER 50kg bag,163 kgs,INR 40/-,"INR 6,483/-",BRD-DWS
T021298,07/07/2022,F02440,input,DAP,153 kg,INR 48/-,"INR 7,385/-",BRD-DWS
T021311,10/05/2022,F02445,FPO_DELIVERY,Soybean,37.7 qtl,"INR 5,430/-","INR 2,04,820/-",BRD-DWS
T021312,06/03/2022,F02445,INPUT_PURCHASE,PP chemicals,197 kg,INR 585/-,"INR 1,15,217/-",BRD-DWS
T021316,10/07/2022,F02447,DELIVERY,soya,2.7 qtl,"INR 5,835/-","INR 15,755/-",BRD-DWS
T021317,06/08/2022,f02447,FERT_PURCHASE,Urea,180 kg,INR 30/-,"INR 5,323/-",BRD-DWS
T021318,06/01/2022,F02447,Input Purchase,Seeds,219 kgs,INR 112/-,"INR 24,548/-",BRD-DWS
T021319,07/13/2022,F02447,L,Loan Repayment,,,"INR 4,700/-",BRD-DWS
T021320,11/27/2022,F02447,LOAN_REPAY,EMI,,,"INR 3,200/-",BRD-DWS
T021321,08/29/2022,f02447,LOAN_REPAY,Loan Repayment,,,"INR 7,000/-",BRD-DWS
T021331,10/25/2022,F02453,Delivery,Soybean (Yellow),1.7 qtl,"INR 5,485/-","INR 9,489/-",BRD-DWS
T021332,10/21/2022,f02453,Delivery,soya,745.00 kgs,"INR 5,485/-","INR 40,863/-",BRD-DWS
T021333,06/30/2022,F02453,INPUT_PURCHASE,Fertilizer,221 kg,INR 39/-,"INR 8,557/-",BRD-DWS
T021387,11/05/2022,F02465,delivery,soya,20.30 q,"INR 5,395/-","INR 1,09,518/-",BRD-DWS
T021416,11/18/2022,F02474,DELIVERY,Soybean,12.22 q,"INR 5,245/-","INR 64,094/-",BRD-DWS
T021417,11/20/2022,F02474,D,soya,129 kg,"INR 5,245/-","INR 6,766/-",BRD-DWS
T021418,07/09/2022,F02474,Input Purchase,PPC,111 kg,INR 352/-,"INR 39,098/-",BRD-DWS
T021425,11/02/2022,F02477,DELIVERY,Soybean,437.00 kgs,"INR 6,035/-","INR 26,373/-",BRD-DWS
T021426,11/28/2022,F02477,D,Soybean,132.00 kgs,"INR 6,035/-","INR 7,966/-",BRD-DWS
T021427,12/10/2022,F02478,Delivery,SOYABEAN,40.02 q,"INR 5,360/-","INR 2,14,507/-",BRD-DWS
T021428,06/12/2022,F02478,loan,EMI,,,"INR 7,300/-",BRD-DWS
T021429,08/14/2022,f02478,loan,EMI,,,"INR 5,200/-",BRD-DWS
T021447,11/11/2022,F02484,DELIVERY,Soybean (Yellow),4.6 qtl,"INR 5,355/-","INR 24,794/-",BRD-DWS
T021448,11/16/2022,f02484,delivery,SOYABEAN,8.59 q,"INR 5,355/-","INR 45,999/-",BRD-DWS
T021449,06/28/2022,F02484,Input Purchase,NPK 10:26:26,147 kgs,INR 45/-,"INR 6,678/-",BRD-DWS
T021450,09/06/2022,F02484,INPUT_PURCHASE,PPC,185 kg,INR 249/-,"INR 46,137/-",BRD-DWS
T021451,11/01/2022, F02484 ,L,EMI,,,"INR 7,700/-",BRD-DWS
T021452,07/18/2022,F02484,LOAN_REPAY,EMI,,,"INR 1,100/-",BRD-DWS
T021453,09/16/2022,F02484,LOAN_REPAY,EMI,,,"INR 6,400/-",BRD-DWS
T022760,05/06/2023,F01913,delivery,MUSTARD,0.38 MT,"INR 7,015/-","INR 26,938/-",BRD-DWS
T022761,20/04/2023,F01913,DELIVERY,MUSTARD,389 kg,"INR 7,015/-","INR 27,288/-",BRD-DWS
T022762,05/04/2023, F01914 ,D,Sarson,132.00 kgs,"INR 6,505/-","INR 8,587/-",BRD-DWS
T022763,04/24/2023,F01914,delivery,Mustard,324.00 kgs,"INR 6,505/-","INR 21,076/-",BRD-DWS
T022764,03/29/2023,F01914,DELIVERY,Sarson,136.00 kgs,"INR 6,505/-","INR 8,847/-",BRD-DWS
T022765,04/16/2023,F01914,Delivery,Wheat,17.05 q,"INR 2,625/-","INR 44,756/-",BRD-DWS
T022766,12/03/2022,f01914,I,Fertilizer,82 kg,INR 58/-,"INR 4,736/-",BRD-DWS
T022767,05/03/2023,F01915,D,MUSTARD,20.21 q,"INR 6,655/-","INR 1,34,498/-",BRD-DWS
T022768,03/23/2023,F01915,DELIVERY,wheat,46.32 quintals,"INR 2,605/-","INR 1,20,664/-",BRD-DWS
T022769,03/08/2023,F01915,Delivery,Wheat,4.70 quintals,"INR 2,605/-","INR 12,244/-",BRD-DWS
T022770,03/25/2023,F01916,delivery,MUSTARD,11.93 quintals,"INR 7,245/-","INR 86,433/-",BRD-DWS
T022771,03/10/2023,F01917,DELIVERY,mustard (Yellow),90 kg,"INR 6,485/-","INR 5,836/-",BRD-DWS
T022772,05/01/2023,F01917,DELIVERY,Yellow Mustard,4.47 q,"INR 6,485/-","INR 28,988/-",BRD-DWS
T022773,18/04/2023,F01918,DELIVERY,Mustard,1.42 q,"INR 6,300/-","INR 8,946/-",BRD-DWS
T022774,04/21/2023,F01918,Delivery,Yellow Mustard,649.00 kgs,"INR 6,300/-","INR 40,887/-",BRD-DWS
T022775,01/01/2023,F01918,INPUT_PURCHASE,PP chemicals,81 kgs,INR 224/-,"INR 18,151/-",BRD-DWS
T022776,03/31/2023,F01920,FPO_DELIVERY,mustard (Yellow),0.73 t,"INR 6,575/-","INR 48,260/-",BRD-DWS
T022777,18/12/2022,F01920,FERT_PURCHASE,NPK 10:26:26,58 kg,INR 32/-,"INR 1,829/-",BRD-DWS
T022778,01/01/2023,f01920,Input Purchase,Hybrid Seeds,184 kgs,INR 81/-,"INR 14,860/-",BRD-DWS
T022779,04/26/2023,F01921,FPO_DELIVERY,mustard (Yellow),730 kg,"INR 7,030/-","INR 51,319/-",BRD-DWS
T022780,04/25/2023,F01921,DELIVERY,Sarson,695.00 kgs,"INR 7,030/-","INR 48,858/-",BRD-DWS
T022781,03/29/2023,F01921,FPO_DELIVERY,Wheat,7.33 quintals,"INR 2,560/-","INR 18,765/-",BRD-DWS
T022782,04/08/2023,F01921,Delivery,Wheat (Durum),24.24 quintals,"INR 2,560/-","INR 62,054/-",BRD-DWS
T022783,01/07/2023,F01921,FERT_PURCHASE,PP chemicals,134 kgs,INR 700/-,"INR 93,779/-",BRD-DWS
T022784,12/06/2022,f01921,INPUT_PURCHASE,PP chemicals,166 kgs,INR 622/-,"INR 1,03,171/-",BRD-DWS
T022785,12/11/2022,f01921,input,Seeds,295 kgs,INR 73/-,"INR 21,491/-",BRD-DWS
T022786,04/10/2023,F01921,L,EMI,,,"INR 6,700/-",BRD-DWS
T022787,01/13/2023,f01921,LOAN_REPAY,Loan Repayment,,,INR 900/-,BRD-DWS
T022788,18/01/2023,F01921,LOAN_REPAY,EMI,,,"INR 3,300/-",BRD-DWS
T022789,03/16/2023,F01922,DELIVERY,Yellow Mustard,1.87 q,"INR 7,085/-","INR 13,249/-",BRD-DWS
T022790,03/01/2023,f01922,FPO_DELIVERY,mustard (Yellow),650 kg,"INR 7,085/-","INR 46,052/-",BRD-DWS
T022791,04/15/2023,F01922,delivery,Wheat (Durum),1249 kg,"INR 2,775/-","INR 34,660/-",BRD-DWS
T022792,04/22/2023,F01922,D,Wheat (Durum),746 kg,"INR 2,775/-","INR 20,702/-",BRD-DWS
T022793,03/18/2023,f01929,DELIVERY,Sarson,689 kg,"INR 6,740/-","INR 46,439/-",BRD-DWS
T022794,01/12/2023,F01929,Input Purchase,NPK 10:26:26,58 kgs,INR 55/-,"INR 3,203/-",BRD-DWS
T022795,01/02/2023,F01929,input,DAP,35 kg,INR 48/-,"INR 1,695/-",BRD-DWS
T022796,12/29/2022,F01929,INPUT_PURCHASE,FERTILIZER 50kg bag,243 kg,INR 46/-,"INR 11,190/-",BRD-DWS
T022797,01/15/2023, F01929 ,INPUT_PURCHASE,Urea,74 kgs,INR 57/-,"INR 4,216/-",BRD-DWS
T022798,05/23/2023,F01929,loan,EMI,,,"INR 5,700/-",BRD-DWS
T022799,05/05/2023,F01933,delivery,mustard (Yellow),5.60 quintals,"INR 6,285/-","INR 35,196/-",BRD-DWS
T022800,05/13/2023,F01933,Delivery,Sarson,0.8 qtl,"INR 6,285/-","INR 4,902/-",BRD-DWS
T022801,05/10/2023,F01933,DELIVERY,Wheat (Durum),12.7 qtl,"INR 2,795/-","INR 35,385/-",BRD-DWS
T022802,03/13/2023,F01934,Delivery,Yellow Mustard,1032 kg,"INR 7,035/-","INR 72,601/-",BRD-DWS
T022803,04/01/2023,F01934,delivery,WHEAT,"2,402.00 kgs","INR 2,535/-","INR 60,891/-",BRD-DWS
T022804,12/20/2022,F01934,Input Purchase,FERTILIZER 50kg bag,169 kg,INR 53/-,"INR 8,962/-",BRD-DWS
T022805,01/04/2023,F01934,LOAN_REPAY,Loan Repayment,,,"INR 5,000/-",BRD-DWS
T022806,05/12/2023,F01937,D,Sarson,613 kg,"INR 6,805/-","INR 41,715/-",BRD-DWS
T022807,04/11/2023,F01937,D,Mustard,11.56 q,"INR 6,805/-","INR 78,666/-",BRD-DWS
T022808,12/21/2022,F01937,input,FERTILIZER 50kg bag,148 kg,INR 57/-,"INR 8,460/-",BRD-DWS
T022809,01/06/2023,F01937,INPUT_PURCHASE,DAP,284 kg,INR 53/-,"INR 15,112/-",BRD-DWS
T022810,12/05/2022,F01937,FERT_PURCHASE,FERTILIZER 50kg bag,254 kgs,INR 39/-,"INR 9,916/-",BRD-DWS
T022811,12/20/2022,F01937,INPUT_PURCHASE,FERTILIZER 50kg bag,304 kgs,INR 54/-,"INR 16,504/-",BRD-DWS
T022812,05/06/2023,F01937,loan,EMI,,,"INR 4,300/-",BRD-DWS
T022813,02/16/2023,F01937,L,EMI,,,"INR 4,300/-",BRD-DWS
T022814,04/30/2023,F01939,FPO_DELIVERY,MUSTARD,9.27 q,"INR 6,520/-","INR 60,440/-",BRD-DWS
T022815,04/11/2023,F01939,D,mustard (Yellow),0.37 t,"INR 6,520/-","INR 24,059/-",BRD-DWS
T022816,12/09/2022,F01939,FERT_PURCHASE,DAP,253 kg,INR 58/-,"INR 14,555/-",BRD-DWS
T022817,09/05/2023,F01940,delivery,Yellow Mustard,1000 kg,"INR 6,820/-","INR 68,200/-",BRD-DWS
T022818,28/12/2022,f01940,Input Purchase,DAP,126 kgs,INR 32/-,"INR 4,092/-",BRD-DWS
T022819,01/09/2023,f01940,Input Purchase,NPK 10:26:26,77 kgs,INR 46/-,"INR 3,519/-",BRD-DWS
T022820,03/18/2023,F01948,DELIVERY,MUSTARD,12.1 qtl,"INR 6,460/-","INR 78,424/-",BRD-DWS
T022821,05/09/2023,F01948,DELIVERY,Wheat (Durum),1581 kg,"INR 2,535/-","INR 40,078/-",BRD-DWS
T022822,19/04/2023, F01948 ,FPO_DELIVERY,Wheat,11.1 qtl,"INR 2,535/-","INR 28,189/-",BRD-DWS
T022823,12/13/2022,F01948,FERT_PURCHASE,SEEDS,175 kgs,INR 82/-,"INR 14,336/-",BRD-DWS
T022824,04/12/2022,F01948,INPUT_PURCHASE,Seeds,137 kgs,INR 60/-,"INR 8,183/-",BRD-DWS
T022825,15/05/2023,F01949,delivery,Yellow Mustard,"1,033.00 kgs","INR 6,515/-","INR 67,300/-",BRD-DWS
T022826,01/05/2023,F01949,I,Fertilizer,72 kgs,INR 31/-,"INR 2,242/-",BRD-DWS
T022827,01/13/2023,F01949,I,Fertilizer,178 kg,INR 33/-,"INR 5,952/-",BRD-DWS
T022828,04/12/2023,F01952,DELIVERY,mustard (Yellow),2.45 quintals,"INR 7,060/-","INR 17,297/-",BRD-DWS
T022829,04/11/2023,f01958,delivery,MUSTARD,323.00 kgs,"INR 6,605/-","INR 21,334/-",BRD-DWS
T022830,04/26/2023,F01958,Delivery,mustard (Yellow),200 kg,"INR 6,605/-","INR 13,210/-",BRD-DWS
T022831,12/13/2022, F01958 ,I,DAP,153 kgs,INR 54/-,"INR 8,198/-",BRD-DWS
T022832,07/12/2022,F01958,Input Purchase,PPC,158 kgs,INR 224/-,"INR 35,397/-",BRD-DWS
T022833,03/22/2023,F01959,D,mustard (Yellow),10.05 q,"INR 6,645/-","INR 66,782/-",BRD-DWS
T022834,04/20/2023,F01964,delivery,mustard (Yellow),1014 kg,"INR 6,850/-","INR 69,459/-",BRD-DWS
T022835,12/18/2022,F01964,I,Urea,265 kg,INR 42/-,"INR 11,032/-",BRD-DWS
T022836,12/19/2022,F01964,I,Urea,132 kg,INR 48/-,"INR 6,353/-",BRD-DWS
T022837,12/21/2022,F01964,FERT_PURCHASE,Seeds,273 kg,INR 124/-,"INR 33,907/-",BRD-DWS
T022838,01/07/2023,F01964,Input Purchase,Seeds,81 kgs,INR 116/-,"INR 9,398/-",BRD-DWS
T022839,05/01/2023,F01969,FPO_DELIVERY,Yellow Mustard,359 kg,"INR 7,165/-","INR 25,722/-",BRD-DWS
T022840,03/21/2023,F01969,D,MUSTARD,413 kg,"INR 7,165/-","INR 29,591/-",BRD-DWS
T022841,12/15/2022,F01969,I,SEEDS,72 kgs,INR 93/-,"INR 6,710/-",BRD-DWS
T022842,12/30/2022,F01969,input,SEEDS,302 kgs,INR 122/-,"INR 36,768/-",BRD-DWS
T022843,04/12/2023,F01973,Delivery,Yellow Mustard,1192 kg,"INR 7,115/-","INR 84,811/-",BRD-DWS
T022844,03/07/2023,F01973,D,Yellow Mustard,763.00 kgs,"INR 7,115/-","INR 54,287/-",BRD-DWS
T022845,12/23/2022,F01973,FERT_PURCHASE,FERTILIZER 50kg bag,265 kgs,INR 46/-,"INR 12,280/-",BRD-DWS
T022846,07/01/2023,F01973,INPUT_PURCHASE,NPK 10:26:26,102 kg,INR 56/-,"INR 5,703/-",BRD-DWS
T022847,12/07/2022,F01973,input,Hybrid Seeds,163 kgs,INR 58/-,"INR 9,477/-",BRD-DWS
T022848,01/09/2023,F01973,L,Loan Repayment,,,"INR 4,100/-",BRD-DWS
T022849,01/08/2023,F01973,L,EMI,,,"INR 7,700/-",BRD-DWS
T022850,26/04/2023,F01974,FPO_DELIVERY,Mustard,344.00 kgs,"INR 7,110/-","INR 24,458/-",BRD-DWS
T022851,04/09/2023,f01974,D,Mustard,3.4 qtl,"INR 7,110/-","INR 23,890/-",BRD-DWS
T022852,01/14/2023,F01974,FERT_PURCHASE,Fertilizer,47 kgs,INR 42/-,"INR 1,952/-",BRD-DWS
T022853,01/08/2023,F01974,input,NPK 10:26:26,269 kg,INR 31/-,"INR 8,398/-",BRD-DWS
T022854,04/17/2023,F01978,DELIVERY,mustard (Yellow),17.77 q,"INR 6,715/-",₹ N/A,BRD-DWS
T022855,03/27/2023,F01978,DELIVERY,Mustard,5.29 q,"INR 6,715/-","INR 35,522/-",BRD-DWS
T022856,04/22/2023,F01978,DELIVERY,Lokwan Wheat,55.35 q,"INR 2,675/-","INR 1,48,061/-",BRD-DWS
T022857,05/03/2023,F01978,FPO_DELIVERY,wheat,1925 kg,"INR 2,675/-","INR 51,494/-",BRD-DWS
T022858,12/22/2022,F01978,input,Fertilizer,233 kgs,INR 53/-,"INR 12,438/-",BRD-DWS
T022859,05/04/2023,F01979,DELIVERY,MUSTARD,882 kg,"INR 6,330/-","INR 55,831/-",BRD-DWS
T022860,03/11/2023,f01979,DELIVERY,mustard (Yellow),0.9 qtl,"INR 6,330/-","INR 5,570/-",BRD-DWS
T022861,12/18/2022,F01979,Input Purchase,Urea,59 kgs,INR 51/-,"INR 3,008/-",BRD-DWS
T022862,01/03/2023,F01979,INPUT_PURCHASE,Fertilizer,275 kg,INR 55/-,"INR 15,076/-",BRD-DWS
T022863,06/04/2023,F01986,Delivery,Sarson,881 kg,"INR 7,215/-","INR 63,564/-",BRD-DWS
T022864,03/02/2023,f01986,delivery,Yellow Mustard,891 kg,"INR 7,215/-","INR 64,286/-",BRD-DWS
T022865,12/27/2022,F01986,Input Purchase,Hybrid Seeds,192 kgs,INR 97/-,"INR 18,630/-",BRD-DWS
T022866,04/02/2023,F01990,Delivery,MUSTARD,1483 kg,"INR 6,710/-","INR 99,509/-",BRD-DWS
T022867,03/25/2023,F01990,Delivery,MUSTARD,2.4 qtl,"INR 6,710/-","INR 15,970/-",BRD-DWS
T022868,12/21/2022,F01990,FERT_PURCHASE,Seeds,114 kgs,INR 107/-,"INR 12,244/-",BRD-DWS
T022869,12/05/2022,F01990,FERT_PURCHASE,PP chemicals,32 kgs,INR 612/-,"INR 19,576/-",BRD-DWS
T022870,12/30/2022,F01990,input,Hybrid Seeds,100 kgs,INR 122/-,"INR 12,160/-",BRD-DWS
T022871,04/14/2023, F01990 ,LOAN_REPAY,EMI,,,"INR 7,400/-",BRD-DWS
T022872,04/17/2023,F01991,FPO_DELIVERY,Sarson,8.86 quintals,"INR 6,910/-","INR 61,223/-",BRD-DWS
T022873,01/04/2023,f01991,input,DAP,240 kgs,INR 32/-,"INR 7,620/-",BRD-DWS
T022874,04/15/2023,f01994,DELIVERY,MUSTARD,1732 kg,"INR 6,630/-","INR 1,14,832/-",BRD-DWS
T022875,12/20/2022,f01994,I,Bio-pesticide,290 kg,INR 347/-,"INR 1,00,494/-",BRD-DWS
T022876,12/09/2022,F01994,INPUT_PURCHASE,Seeds,182 kgs,INR 117/-,"INR 21,274/-",BRD-DWS
T022877,04/03/2023,F01998,delivery,Yellow Mustard,25.50 q,"INR 6,910/-","INR 1,76,205/-",BRD-DWS
T022878,05/15/2023,F01998,FPO_DELIVERY,MUSTARD,104 kg,"INR 6,910/-","INR 7,186/-",BRD-DWS
T022879,12/31/2022,F01998,I,DAP,83 kg,INR 39/-,"INR 3,235/-",BRD-DWS
T022880,12/08/2022,F01998,Input Purchase,NPK 10:26:26,294 kg,INR 38/-,₹ N/A,BRD-DWS
T022881,14/01/2023,F01998,input,Urea,64 kgs,INR 36/-,"INR 2,301/-",BRD-DWS
T022882,01/06/2023,F01998,FERT_PURCHASE,NPK 10:26:26,292 kg,INR 38/-,"INR 11,198/-",BRD-DWS
T022883,05/01/2023,F02002,FPO_DELIVERY,Sarson,932.00 kgs,"INR 6,845/-","INR 63,795/-",BRD-DWS
T022884,05/10/2023,F02002,delivery,Wheat,2.08 q,"INR 2,760/-","INR 5,741/-",BRD-DWS
T022885,04/30/2023,F02002,delivery,WHEAT,1209 kg,"INR 2,760/-","INR 33,368/-",BRD-DWS
T022886,03/15/2023,F02002,FPO_DELIVERY,Wheat (Durum),86 kg,"INR 2,760/-","INR 2,374/-",BRD-DWS
T022887,12/05/2022,F02002,Input Purchase,NPK 10:26:26,111 kgs,INR 54/-,"INR 6,034/-",BRD-DWS
T022888,05/10/2023,F02002,L,EMI,,,"INR 7,000/-",BRD-DWS
T022889,02/03/2023,F02002,Loan Repayment,EMI,,,"INR 5,900/-",BRD-DWS
T022890,03/23/2023,F02012,delivery,mustard (Yellow),9.71 q,"INR 6,975/-","INR 67,727/-",BRD-DWS
T022891,12/08/2022,F02012,Input Purchase,Seeds,197 kg,INR 117/-,"INR 22,974/-",BRD-DWS
T022892,05/12/2022,F02012,Input Purchase,Urea,318 kgs,INR 37/-,"INR 11,629/-",BRD-DWS
T022893,04/26/2023,f02012,Loan Repayment,EMI,,,"INR 2,700/-",BRD-DWS
T022894,01/25/2023,F02012,loan,Loan Repayment,,,"INR 2,900/-",BRD-DWS
T022895,04/02/2023,F02013,D,MUSTARD,14.7 qtl,"INR 6,755/-","INR 99,231/-",BRD-DWS
T022896,01/02/2023,F02013,INPUT_PURCHASE,Urea,132 kg,INR 30/-,"INR 4,023/-",BRD-DWS
T022897,12/21/2022,F02013,I,FERTILIZER 50kg bag,149 kg,INR 52/-,"INR 7,741/-",BRD-DWS
T022898,16/04/2023,f02020,delivery,Yellow Mustard,0.60 MT,"INR 6,505/-","INR 39,095/-",BRD-DWS
T022899,04/24/2023,F02020,Delivery,MUSTARD,8.84 q,"INR 6,505/-","INR 57,504/-",BRD-DWS
T022900,12/23/2022,F02020,input,NPK 10:26:26,202 kg,INR 60/-,"INR 12,055/-",BRD-DWS
T022901,12/24/2022,F02020,input,Fertilizer,308 kg,INR 44/-,"INR 13,460/-",BRD-DWS
T022902,12/22/2022,F02020,FERT_PURCHASE,FERTILIZER 50kg bag,33 kg,INR 48/-,"INR 1,584/-",BRD-DWS
T022903,03/11/2023,F02021,Delivery,Mustard,21.5 qtl,"INR 6,540/-","INR 1,40,675/-",BRD-DWS
T022904,01/11/2023,F02021,Input Purchase,FERTILIZER 50kg bag,283 kg,INR 52/-,"INR 14,838/-",BRD-DWS
T022905,03/24/2023,F02022,DELIVERY,Yellow Mustard,8.4 qtl,"INR 7,445/-","INR 62,910/-",BRD-DWS
T022906,03/10/2023,F02022,delivery,Mustard,0.3 qtl,"INR 7,445/-","INR 2,085/-",BRD-DWS
T022907,03/02/2023,F02026,Delivery,MUSTARD,7.0 qtl,"INR 7,365/-","INR 51,776/-",BRD-DWS
T022908,03/14/2023,F02026,Delivery,MUSTARD,4.8 qtl,"INR 7,365/-","INR 35,720/-",BRD-DWS
T022909,05/10/2023,f02031,Delivery,MUSTARD,17.97 quintals,"INR 7,750/-","INR 1,39,268/-",BRD-DWS
T022910,03/03/2023,F02031,DELIVERY,Lokwan Wheat,9.81 quintals,"INR 2,765/-","INR 27,125/-",BRD-DWS
T022911,04/04/2023, F02031 ,DELIVERY,Lokwan Wheat,153 kg,"INR 2,765/-","INR 4,230/-",BRD-DWS
T022912,03/11/2023,F02031,Delivery,Wheat,21.86 q,"INR 2,765/-","INR 60,443/-",BRD-DWS
T022913,12/30/2022,F02031,INPUT_PURCHASE,DAP,58 kg,INR 49/-,"INR 2,844/-",BRD-DWS
T022914,12/07/2022, F02031 ,input,FERTILIZER 50kg bag,128 kg,INR 29/-,"INR 3,658/-",BRD-DWS
T022915,04/19/2023,F02035,D,Mustard,5.93 quintals,"INR 6,195/-","INR 36,736/-",BRD-DWS
T022916,05/13/2023, F02035 ,DELIVERY,mustard (Yellow),16.77 q,"INR 6,195/-","INR 1,03,890/-",BRD-DWS
T022917,12/26/2022, F02035 ,INPUT_PURCHASE,DAP,290 kgs,INR 39/-,"INR 11,275/-",BRD-DWS
T022918,12/19/2022,F02035,I,PP chemicals,231 kg,INR 406/-,"INR 93,811/-",BRD-DWS
T022919,12/17/2022,F02035,I,SEEDS,287 kg,INR 107/-,"INR 30,640/-",BRD-DWS
T022920,12/27/2022,F02035,I,Urea,153 kgs,INR 45/-,"INR 6,908/-",BRD-DWS
T022921,12/05/2023, F02036 ,D,Sarson,799 kg,"INR 6,765/-","INR 54,052/-",BRD-DWS
T022922,04/12/2023,F02036,DELIVERY,Mustard,948.00 kgs,"INR 6,765/-","INR 64,132/-",BRD-DWS
T022923,04/19/2023, F02036 ,DELIVERY,wheat,3041 kg,"INR 2,440/-","INR 74,200/-",BRD-DWS
T022924,05/13/2023,F02036,Delivery,wheat,1203 kg,"INR 2,440/-","INR 29,353/-",BRD-DWS
T022925,01/06/2023,F02036,INPUT_PURCHASE,Hybrid Seeds,33 kgs,INR 62/-,"INR 2,042/-",BRD-DWS
T022926,12/27/2022,F02036,input,Urea,220 kg,INR 36/-,"INR 7,847/-",BRD-DWS
T022927,01/08/2023,f02036,I,NPK 10:26:26,88 kg,INR 40/-,"INR 3,516/-",BRD-DWS
T022928,05/02/2023,F02038,DELIVERY,MUSTARD,17.73 q,"INR 6,815/-","INR 1,20,830/-",BRD-DWS
T022929,03/13/2023, F02038 ,FPO_DELIVERY,mustard (Yellow),11.87 q,"INR 6,815/-","INR 80,894/-",BRD-DWS
T022930,04/02/2023,F02038,DELIVERY,Wheat (Durum),"5,581.00 kgs","INR 2,735/-","INR 1,52,640/-",BRD-DWS
T022931,04/06/2023, F02038 ,DELIVERY,WHEAT,"1,931.00 kgs","INR 2,735/-","INR 52,813/-",BRD-DWS
T022932,01/01/2023,F02038,I,Seeds,61 kg,INR 115/-,"INR 7,025/-",BRD-DWS
T022933,03/21/2023,f02038,LOAN_REPAY,Loan Repayment,,,"INR 1,100/-",BRD-DWS
T022934,05/10/2023,F02041,FPO_DELIVERY,Mustard,242 kg,"INR 6,495/-","INR 15,718/-",BRD-DWS
T022935,03/10/2023,f02041,delivery,mustard (Yellow),524.00 kgs,"INR 6,495/-","INR 34,034/-",BRD-DWS
T022936,12/30/2022,F02041,Input Purchase,NPK 10:26:26,309 kgs,INR 46/-,"INR 14,121/-",BRD-DWS
T022937,03/17/2023,F02042,DELIVERY,Sarson,9.05 q,"INR 7,085/-","INR 64,119/-",BRD-DWS
T022938,04/10/2023,F02042,FPO_DELIVERY,Wheat,2172 kg,"INR 2,410/-","INR 52,345/-",BRD-DWS
T022939,20/04/2023,F02042,delivery,wheat,217 kg,"INR 2,410/-","INR 5,230/-",BRD-DWS
T022940,12/06/2022,F02042,FERT_PURCHASE,Seeds,127 kgs,INR 82/-,"INR 10,444/-",BRD-DWS
T022941,01/04/2023,F02042,I,Hybrid Seeds,250 kg,INR 73/-,"INR 18,165/-",BRD-DWS
T022942,01/09/2023,F02042,input,Seeds,272 kg,INR 126/-,"INR 34,258/-",BRD-DWS
T022943,03/01/2023,F02044,DELIVERY,Sarson,"1,737.00 kgs","INR 6,680/-","INR 1,16,032/-",BRD-DWS
T022944,05/10/2023,F02044,Delivery,Sarson,18.9 qtl,"INR 6,680/-","INR 1,25,918/-",BRD-DWS
T022945,29/03/2023, F02046 ,delivery,Yellow Mustard,19.1 qtl,"INR 7,100/-","INR 1,35,397/-",BRD-DWS
T022946,12/06/2022,F02046,input,DAP,131 kg,INR 56/-,"INR 7,316/-",BRD-DWS
T022947,05/12/2022,F02046,Input Purchase,SEEDS,164 kgs,INR 120/-,"INR 19,655/-",BRD-DWS
T022948,12/18/2022,F02046,Input Purchase,DAP,67 kg,INR 50/-,"INR 3,352/-",BRD-DWS
T022949,12/20/2022,F02046,Input Purchase,Seeds,153 kgs,INR 93/-,"INR 14,185/-",BRD-DWS
T022950,03/24/2023,F02046,loan,Loan Repayment,,,"INR 1,300/-",BRD-DWS
T022951,14/03/2023,F02049,Delivery,Mustard,"1,625.00 kgs","INR 6,820/-","INR 1,10,825/-",BRD-DWS
T022952,03/27/2023,F02049,D,mustard (Yellow),0.5 qtl,"INR 6,820/-","INR 3,410/-",BRD-DWS
T022953,03/28/2023,F02053,DELIVERY,Yellow Mustard,6.4 qtl,"INR 6,480/-","INR 41,666/-",BRD-DWS
T022954,03/06/2023,F02055,Delivery,Yellow Mustard,0.75 q,"INR 6,675/-","INR 5,006/-",BRD-DWS
T022955,03/15/2023,F02055,FPO_DELIVERY,Mustard,407 kg,"INR 6,675/-","INR 27,167/-",BRD-DWS
T022956,17/03/2023,F02055,D,Yellow Mustard,536.00 kgs,"INR 6,675/-","INR 35,778/-",BRD-DWS
T022957,12/10/2022,F02055,FERT_PURCHASE,Bio-pesticide,71 kgs,INR 305/-,"INR 21,652/-",BRD-DWS
T022958,12/06/2022,F02055,LOAN_REPAY,EMI,,,"INR 6,600/-",BRD-DWS
T022959,16/04/2023,F02057,delivery,mustard (Yellow),0.21 MT,"INR 6,500/-","INR 13,780/-",BRD-DWS
T022960,03/24/2023,F02057,delivery,Mustard,0.7 qtl,"INR 6,500/-","INR 4,615/-",BRD-DWS
T022961,03/27/2023,F02057,D,Lokwan Wheat,4.61 quintals,"INR 2,600/-","INR 11,986/-",BRD-DWS
T022962,03/08/2023,F02057,FPO_DELIVERY,Wheat,2.12 quintals,"INR 2,600/-","INR 5,512/-",BRD-DWS
T022963,04/09/2023, F02060 ,DELIVERY,MUSTARD,42.80 quintals,"INR 6,520/-","INR 2,79,056/-",BRD-DWS
T022964,03/14/2023,f02060,D,Wheat (Durum),"10,161.00 kgs","INR 2,655/-","INR 2,69,775/-",BRD-DWS
T022965,03/13/2023,F02061,DELIVERY,Yellow Mustard,0.4 qtl,"INR 6,590/-","INR 2,900/-",BRD-DWS
T022966,21/04/2023,F02061,DELIVERY,MUSTARD,2075 kg,"INR 6,590/-","INR 1,36,742/-",BRD-DWS
T022967,02/12/2022,F02061,INPUT_PURCHASE,Urea,153 kgs,INR 54/-,"INR 8,329/-",BRD-DWS
T022968,12/03/2022,F02061,FERT_PURCHASE,Fertilizer,152 kg,INR 47/-,"INR 7,079/-",BRD-DWS
T023232,03/19/2023,F02227,D,MUSTARD,14.5 qtl,"INR 6,570/-","INR 95,265/-",BRD-DWS
T023233,12/26/2022,f02227,input,DAP,266 kg,INR 54/-,"INR 14,423/-",BRD-DWS
T023234,04/06/2023,F02231,delivery,Sarson,6.3 qtl,"INR 6,705/-","INR 42,443/-",BRD-DWS
T023235,03/21/2023,f02231,D,Mustard,11.4 qtl,"INR 6,705/-","INR 76,236/-",BRD-DWS
T023236,01/05/2023,f02231,FERT_PURCHASE,SEEDS,129 kgs,INR 82/-,"INR 10,597/-",BRD-DWS
T023252,04/19/2023,F02243,delivery,mustard (Yellow),2.07 t,"INR 6,715/-","INR 1,39,068/-",BRD-DWS
T023253,03/09/2023,F02243,delivery,MUSTARD,385.00 kgs,"INR 6,715/-","INR 25,853/-",BRD-DWS
T023254,12/10/2022,F02243,input,DAP,128 kg,INR 39/-,"INR 4,952/-",BRD-DWS
T023255,01/13/2023,F02243,INPUT_PURCHASE,Urea,176 kg,INR 38/-,"INR 6,713/-",BRD-DWS
T023256,12/16/2022,F02243,I,Seeds,220 kgs,INR 78/-,"INR 17,217/-",BRD-DWS
T023257,12/14/2022,f02243,INPUT_PURCHASE,PP chemicals,238 kg,INR 215/-,"INR 51,132/-",BRD-DWS
T023258,02/10/2023,F02243,L,EMI,,,"INR 6,200/-",BRD-DWS
T023268,17/03/2023,F02250,FPO_DELIVERY,Mustard,4.5 qtl,"INR 7,395/-","INR 32,982/-",BRD-DWS
T023269,05/10/2023,F02250,D,Yellow Mustard,12.2 qtl,"INR 7,395/-","INR 90,589/-",BRD-DWS
T023311,04/14/2023,F02275,D,Yellow Mustard,1.90 q,"INR 6,815/-","INR 12,948/-",BRD-DWS
T023312,03/03/2023,F02275,FPO_DELIVERY,mustard (Yellow),7.07 quintals,"INR 6,815/-","INR 48,182/-",BRD-DWS
T023313,01/09/2023,f02275,I,Hybrid Seeds,239 kgs,INR 115/-,"INR 27,588/-",BRD-DWS
T023314,02/08/2023,f02275,loan,EMI,,,"INR 7,700/-",BRD-DWS
T023340,05/01/2023,F02293,Delivery,Mustard,1800 kg,"INR 6,930/-","INR 1,24,740/-",BRD-DWS
T023341,01/09/2023,F02293,I,SEEDS,207 kgs,INR 123/-,"INR 25,527/-",BRD-DWS
T023350,05/04/2023, F02298 ,DELIVERY,Yellow Mustard,0.91 quintals,"INR 6,775/-","INR 6,165/-",BRD-DWS
T023351,13/04/2023,F02298,DELIVERY,MUSTARD,"1,840.00 kgs","INR 6,775/-","INR 1,24,660/-",BRD-DWS
T023352,12/31/2022,F02298,FERT_PURCHASE,Urea,75 kgs,INR 35/-,"INR 2,635/-",BRD-DWS
T023360,05/12/2023,F02301,FPO_DELIVERY,Yellow Mustard,0.50 quintals,"INR 6,825/-","INR 3,412/-",BRD-DWS
T023361,03/16/2023,F02301,D,mustard (Yellow),1.10 t,"INR 6,825/-","INR 75,007/-",BRD-DWS
T023406,04/16/2023,F02334,FPO_DELIVERY,Mustard,9.6 qtl,"INR 6,645/-","INR 63,792/-",BRD-DWS
T023407,08/04/2023,F02334,DELIVERY,Mustard,0.10 t,"INR 6,645/-","INR 6,911/-",BRD-DWS
T023408,23/12/2022,F02334,input,SEEDS,173 kgs,INR 96/-,"INR 16,639/-",BRD-DWS
T023409,04/01/2023,F02334,input,PP chemicals,77 kgs,INR 493/-,"INR 37,941/-",BRD-DWS
T023410,01/05/2023,f02334,FERT_PURCHASE,SEEDS,187 kg,INR 86/-,"INR 16,095/-",BRD-DWS
T023411,01/07/2023,F02334,input,Fertilizer,82 kg,INR 49/-,"INR 3,991/-",BRD-DWS
T023412,12/30/2022,F02334,Input Purchase,Fertilizer,284 kgs,INR 34/-,"INR 9,523/-",BRD-DWS
T023427,03/15/2023,f02341,delivery,MUSTARD,7.9 qtl,"INR 6,200/-","INR 48,732/-",BRD-DWS
T023428,03/19/2023,F02341,D,MUSTARD,87 kg,"INR 6,200/-","INR 5,394/-",BRD-DWS
T023429,12/01/2022,F02341,I,FERTILIZER 50kg bag,192 kgs,INR 36/-,"INR 6,822/-",BRD-DWS
T023430,12/16/2022,F02341,I,Fertilizer,157 kgs,INR 45/-,"INR 7,118/-",BRD-DWS
T023431,03/29/2023,F02342,D,MUSTARD,2.10 quintals,"INR 6,725/-","INR 14,122/-",BRD-DWS
T023432,03/15/2023,f02342,delivery,mustard (Yellow),4.3 qtl,"INR 6,725/-","INR 29,119/-",BRD-DWS
T023433,12/28/2022,F02342,Input Purchase,NPK 10:26:26,231 kgs,INR 39/-,"INR 8,935/-",BRD-DWS
T023434,12/14/2022,F02342,input,FERTILIZER 50kg bag,168 kg,INR 37/-,"INR 6,184/-",BRD-DWS
T023435,01/13/2023,F02342,I,SEEDS,305 kg,INR 68/-,"INR 20,722/-",BRD-DWS
T023436,05/13/2023,F02342,loan,Loan Repayment,,,"INR 3,400/-",BRD-DWS
T023437,03/26/2023, F02342 ,LOAN_REPAY,EMI,,,"INR 3,200/-",BRD-DWS
T023438,26/04/2023,F02342,Loan Repayment,EMI,,,"INR 4,100/-",BRD-DWS
T023442,03/23/2023,F02348,DELIVERY,MUSTARD,245 kg,"INR 6,125/-","INR 15,006/-",BRD-DWS
T023443,03/10/2023,F02348,Delivery,mustard (Yellow),10.23 quintals,"INR 6,125/-","INR 62,659/-",BRD-DWS
T023444,01/06/2023,F02348,FERT_PURCHASE,Fertilizer,64 kg,INR 38/-,"INR 2,407/-",BRD-DWS
T023461,04/12/2023,F02360,D,MUSTARD,22.26 quintals,"INR 6,680/-","INR 1,48,697/-",BRD-DWS
T023462,04/23/2023,F02360,loan,EMI,,,"INR 7,000/-",BRD-DWS
T023463,04/03/2023,F02360,loan,EMI,,,"INR 1,900/-",BRD-DWS
T023464,12/25/2022, F02360 ,L,EMI,,,"INR 3,700/-",BRD-DWS
T023519,04/03/2023,F02394,delivery,Yellow Mustard,1565 kg,"INR 6,835/-","INR 1,06,968/-",BRD-DWS
T023520,12/10/2022,F02394,INPUT_PURCHASE,SEEDS,251 kgs,INR 120/-,"INR 30,165/-",BRD-DWS
T023542,03/06/2023,F02406,delivery,Sarson,39.07 q,"INR 6,590/-","INR 2,57,471/-",BRD-DWS
T023543,04/01/2023,F02406,Delivery,MUSTARD,7.9 qtl,"INR 6,590/-","INR 51,797/-",BRD-DWS
T023544,12/15/2022,F02406,I,Hybrid Seeds,280 kgs,INR 80/-,"INR 22,414/-",BRD-DWS
T023545,01/18/2023,F02406,loan,EMI,,,"INR 2,600/-",BRD-DWS
T023551,03/13/2023,F02412,FPO_DELIVERY,MUSTARD,2351 kg,"INR 6,455/-","INR 1,51,757/-",BRD-DWS
T023552,03/16/2023,F02412,DELIVERY,Yellow Mustard,13.9 qtl,"INR 6,455/-","INR 89,789/-",BRD-DWS
T023553,01/09/2023,F02412,FERT_PURCHASE,Urea,47 kg,INR 29/-,"INR 1,365/-",BRD-DWS
T023554,12/20/2022,F02412,FERT_PURCHASE,Fertilizer,262 kg,INR 35/-,"INR 9,186/-",BRD-DWS
T023563,03/23/2023,f02419,FPO_DELIVERY,Sarson,2.81 q,"INR 6,270/-","INR 17,619/-",BRD-DWS
T023564,05/09/2023,F02419,DELIVERY,Sarson,471.00 kgs,"INR 6,270/-","INR 29,532/-",BRD-DWS
T023565,12/10/2022,F02419,FERT_PURCHASE,DAP,59 kg,INR 31/-,"INR 1,815/-",BRD-DWS
T023566,12/27/2022,F02419,input,Urea,129 kgs,INR 38/-,"INR 4,957/-",BRD-DWS
T023567,06/12/2022,F02419,I,FERTILIZER 50kg bag,235 kgs,INR 52/-,"INR 12,258/-",BRD-DWS
T023571,03/26/2023,F02422,delivery,mustard (Yellow),"1,178.00 kgs","INR 6,490/-","INR 76,452/-",BRD-DWS
T023572,12/16/2022,F02422,input,FERTILIZER 50kg bag,38 kgs,INR 31/-,"INR 1,188/-",BRD-DWS
T023573,12/24/2022,F02422,INPUT_PURCHASE,DAP,144 kg,INR 48/-,"INR 6,970/-",BRD-DWS
T023574,12/09/2022,F02422,Input Purchase,PPC,127 kgs,INR 644/-,"INR 81,733/-",BRD-DWS
T023575,12/08/2022,F02422,input,DAP,93 kg,INR 39/-,"INR 3,581/-",BRD-DWS
T023586,05/02/2023,F02428,delivery,Yellow Mustard,20.52 q,"INR 6,855/-","INR 1,40,665/-",BRD-DWS
T023587,12/27/2022,F02428,I,FERTILIZER 50kg bag,99 kg,INR 30/-,"INR 2,940/-",BRD-DWS
T023588,05/12/2023,F02429,FPO_DELIVERY,mustard (Yellow),440.00 kgs,"INR 7,240/-","INR 31,856/-",BRD-DWS
T023589,03/18/2023,F02429,delivery,Mustard,13.97 quintals,"INR 7,240/-","INR 1,01,143/-",BRD-DWS
T023590,01/09/2023,F02429,FERT_PURCHASE,Urea,183 kg,INR 58/-,"INR 10,579/-",BRD-DWS
T023591,06/01/2023,F02429,Input Purchase,SEEDS,313 kgs,INR 52/-,"INR 16,329/-",BRD-DWS
T023600,28/04/2023,F02432,FPO_DELIVERY,Sarson,0.52 q,"INR 6,720/-","INR 3,494/-",BRD-DWS
T023601,04/30/2023,F02432,delivery,Mustard,7.62 quintals,"INR 6,720/-","INR 51,206/-",BRD-DWS
T023602,12/24/2022,F02432,INPUT_PURCHASE,SEEDS,195 kg,INR 66/-,"INR 12,804/-",BRD-DWS
T023603,01/15/2023,F02432,Input Purchase,Hybrid Seeds,109 kgs,INR 126/-,"INR 13,697/-",BRD-DWS
T023604,12/17/2022,F02432,I,Fertilizer,163 kg,INR 46/-,"INR 7,495/-",BRD-DWS
T023625,03/31/2023,F02440,Delivery,Mustard,171.00 kgs,"INR 6,160/-","INR 10,534/-",BRD-DWS
T023626,08/03/2023,F02440,D,Mustard,15.75 quintals,"INR 6,160/-","INR 97,020/-",BRD-DWS
T023627,12/15/2022,F02440,I,Seeds,225 kgs,INR 93/-,"INR 20,844/-",BRD-DWS
T023628,01/09/2023,F02440,I,FERTILIZER 50kg bag,61 kgs,INR 46/-,"INR 2,829/-",BRD-DWS
T023629,01/02/2023,F02440,input,Fertilizer,45 kgs,INR 51/-,"INR 2,315/-",BRD-DWS
T023630,12/29/2022,F02440,Input Purchase,Fertilizer,282 kg,INR 57/-,"INR 15,989/-",BRD-DWS
T023639,04/15/2023,F02445,delivery,Mustard,"2,550.00 kgs","INR 6,920/-","INR 1,76,460/-",BRD-DWS
T023640,04/30/2023,f02445,FPO_DELIVERY,mustard (Yellow),"1,594.00 kgs","INR 6,920/-","INR 1,10,305/-",BRD-DWS
T023641,12/20/2022,F02445,INPUT_PURCHASE,FERTILIZER 50kg bag,301 kg,INR 54/-,"INR 16,122/-",BRD-DWS
T023642,12/22/2022,F02445,FERT_PURCHASE,Seeds,30 kg,INR 66/-,"INR 1,983/-",BRD-DWS
T023643,01/04/2023,F02445,INPUT_PURCHASE,Seeds,218 kgs,INR 83/-,"INR 18,135/-",BRD-DWS
T023653,04/05/2023,F02453,FPO_DELIVERY,Yellow Mustard,7.58 quintals,"INR 6,490/-","INR 49,194/-",BRD-DWS
T023654,01/11/2023,F02453,Input Purchase,Urea,316 kgs,INR 43/-,"INR 13,522/-",BRD-DWS
T023677,04/01/2023,F02465,DELIVERY,mustard (Yellow),"1,984.00 kgs","INR 6,220/-","INR 1,23,405/-",BRD-DWS
T023678,01/14/2023, F02465 ,FERT_PURCHASE,Hybrid Seeds,141 kgs,INR 82/-,"INR 11,623/-",BRD-DWS
T023679,12/28/2022, F02465 ,Input Purchase,NPK 10:26:26,275 kg,INR 40/-,"INR 11,132/-",BRD-DWS
T023704,04/27/2023,F02474,Delivery,Yellow Mustard,2.8 qtl,"INR 7,070/-","INR 20,079/-",BRD-DWS
T023705,04/11/2023,F02474,FPO_DELIVERY,Yellow Mustard,37.00 kgs,"INR 7,070/-","INR 2,616/-",BRD-DWS
T023706,04/29/2023, F02474 ,D,MUSTARD,836.00 kgs,"INR 7,070/-","INR 59,105/-",BRD-DWS
T023712,05/10/2023, F02478 ,FPO_DELIVERY,Sarson,1418 kg,"INR 6,330/-","INR 89,759/-",BRD-DWS
T023713,04/15/2023,F02478,DELIVERY,Mustard,14.7 qtl,"INR 6,330/-","INR 92,924/-",BRD-DWS
T023714,12/09/2022,F02478,FERT_PURCHASE,DAP,292 kg,INR 59/-,"INR 17,260/-",BRD-DWS
T023734,04/01/2023,F02484,Delivery,Sarson,2.1 qtl,"INR 6,380/-","INR 13,270/-",BRD-DWS
T023735,03/02/2023,F02484,D,Yellow Mustard,2.50 quintals,"INR 6,380/-","INR 15,950/-",BRD-DWS
T023736,12/31/2022,F02484,loan,Loan Repayment,,,"INR 7,400/-",BRD-DWS
T023816,03/25/2023,F02510,D,Mustard,754 kg,"INR 6,745/-","INR 50,857/-",BRD-DWS
T023817,12/09/2022,F02510,I,Fertilizer,277 kgs,INR 34/-,"INR 9,473/-",BRD-DWS
T023823,04/25/2023,F02513,FPO_DELIVERY,Sarson,2589 kg,"INR 6,465/-","INR 1,67,379/-",BRD-DWS
T023824,05/10/2023,F02513,D,Sarson,35.95 q,"INR 6,465/-","INR 2,32,417/-",BRD-DWS
T023825,12/01/2022,F02513,FERT_PURCHASE,DAP,318 kgs,INR 41/-,"INR 13,048/-",BRD-DWS
T023826,03/17/2023,F02513,Loan Repayment,EMI,,,"INR 1,900/-",BRD-DWS
T023851,03/08/2023,f02519,D,MUSTARD,6.86 q,"INR 6,495/-","INR 44,556/-",BRD-DWS
T023865,03/06/2023,F02523,FPO_DELIVERY,Yellow Mustard,0.78 t,"INR 6,705/-","INR 52,232/-",BRD-DWS
T023866,12/27/2022, F02523 ,Input Purchase,Fertilizer,125 kgs,INR 49/-,"INR 6,138/-",BRD-DWS
T024979,11/18/2023,F01913,DELIVERY,SOYABEAN,7.0 qtl,"INR 6,000/-","INR 41,760/-",BRD-DWS
T024980,11/01/2023,F01913,Delivery,Soybean,1.5 qtl,"INR 6,000/-","INR 9,060/-",BRD-DWS
T024981,26/06/2023,F01913,input,DAP,201 kgs,INR 58/-,"INR 11,726/-",BRD-DWS
T024982,07/04/2023,F01913,I,SEEDS,119 kgs,INR 118/-,"INR 14,006/-",BRD-DWS
T024983,06/17/2023,F01913,Input Purchase,PP chemicals,108 kgs,INR 165/-,"INR 17,770/-",BRD-DWS
T024984,06/18/2023,F01913,input,SEEDS,71 kg,INR 128/-,"INR 9,086/-",BRD-DWS
T024985,11/25/2023, F01914 ,Delivery,Soybean,805.00 kgs,"INR 5,815/-","INR 46,811/-",BRD-DWS
T024986,06/29/2023,F01914,INPUT_PURCHASE,Bio-pesticide,161 kgs,INR 137/-,"INR 22,125/-",BRD-DWS
T024987,10/21/2023,F01915,FPO_DELIVERY,soya,449 kg,"INR 5,545/-","INR 24,897/-",BRD-DWS
T024988,11/21/2023,F01915,FPO_DELIVERY,Soybean (Yellow),"1,872.00 kgs","INR 5,545/-","INR 1,03,802/-",BRD-DWS
T024989,06/17/2023,F01915,FERT_PURCHASE,DAP,231 kg,INR 48/-,"INR 10,972/-",BRD-DWS
T024990,11/03/2023,F01917,DELIVERY,soya,0.49 MT,"INR 5,870/-","INR 28,998/-",BRD-DWS
T024991,10/19/2023,F01917,D,Soybean,113 kg,"INR 5,870/-","INR 6,633/-",BRD-DWS
T024992,07/07/2023,F01917,Input Purchase,FERTILIZER 50kg bag,203 kg,INR 51/-,"INR 10,448/-",BRD-DWS
T024993,07/18/2023,f01917,LOAN_REPAY,Loan Repayment,,,"INR 5,500/-",BRD-DWS
T024994,10/22/2023,F01918,FPO_DELIVERY,Soybean (Yellow),4.56 q,"INR 6,135/-","INR 27,976/-",BRD-DWS
T024995,10/01/2023,F01918,FPO_DELIVERY,Soybean,475 kg,"INR 6,135/-","INR 29,141/-",BRD-DWS
T024996,07/01/2023,F01918,I,Bio-pesticide,174 kgs,INR 540/-,"INR 93,896/-",BRD-DWS
T024997,09/18/2023,F01918,Loan Repayment,Loan Repayment,,,"INR 5,800/-",BRD-DWS
T024998,10/31/2023,F01918,Loan Repayment,Loan Repayment,,,"INR 5,000/-",BRD-DWS
T024999,10/12/2023,F01920,Delivery,soya,0.40 MT,"INR 6,135/-","INR 24,417/-",BRD-DWS
T025000,10/02/2023,F01920,FPO_DELIVERY,soya,500 kg,"INR 6,135/-","INR 30,675/-",BRD-DWS
T025001,11/07/2023,f01920,delivery,Soybean,1.77 quintals,"INR 6,135/-","INR 10,859/-",BRD-DWS
T025002,06/18/2023,f01920,input,Fertilizer,28 kgs,INR 38/-,"INR 1,060/-",BRD-DWS
T025003,06/29/2023,F01920,I,FERTILIZER 50kg bag,64 kgs,INR 33/-,"INR 2,114/-",BRD-DWS
T025004,11/10/2023,F01921,Delivery,soya,"1,483.00 kgs","INR 5,995/-","INR 88,906/-",BRD-DWS
T025005,06/09/2023,F01921,Input Purchase,NPK 10:26:26,300 kgs,INR 60/-,"INR 17,943/-",BRD-DWS
T025006,11/25/2023,f01921,L,EMI,,,"INR 7,000/-",BRD-DWS
T025007,04/09/2023,F01921,LOAN_REPAY,EMI,,,"INR 1,900/-",BRD-DWS
T025008,10/23/2023,F01929,delivery,soya,778.00 kgs,"INR 5,465/-","INR 42,518/-",BRD-DWS
T025009,10/04/2023,F01929,delivery,Soybean (Yellow),0.65 quintals,"INR 5,465/-","INR 3,552/-",BRD-DWS
T025010,06/21/2023,F01929,Input Purchase,FERTILIZER 50kg bag,92 kgs,INR 30/-,"INR 2,800/-",BRD-DWS
T025011,06/17/2023,F01929,INPUT_PURCHASE,Seeds,142 kgs,INR 46/-,"INR 6,570/-",BRD-DWS
T025012,07/05/2023,F01929,INPUT_PURCHASE,FERTILIZER 50kg bag,93 kgs,INR 39/-,"INR 3,672/-",BRD-DWS
T025013,06/18/2023,F01929,FERT_PURCHASE,PP chemicals,236 kg,INR 231/-,"INR 54,603/-",BRD-DWS
T025014,11/12/2023,F01933,DELIVERY,Soybean,8.38 q,"INR 6,140/-","INR 51,453/-",BRD-DWS
T025015,06/18/2023,F01933,input,Fertilizer,174 kgs,INR 41/-,"INR 7,117/-",BRD-DWS
T025016,08/07/2023,F01933,INPUT_PURCHASE,Urea,106 kgs,INR 31/-,"INR 3,308/-",BRD-DWS
T025017,06/22/2023,F01933,FERT_PURCHASE,Fertilizer,110 kgs,INR 48/-,"INR 5,273/-",BRD-DWS
T025018,08/03/2023,F01933,loan,EMI,,,"INR 7,400/-",BRD-DWS
T025019,10/23/2023,F01934,DELIVERY,soya,182.00 kgs,"INR 5,655/-","INR 10,292/-",BRD-DWS
T025020,11/11/2023,F01934,Delivery,SOYABEAN,0.92 MT,"INR 5,655/-","INR 52,026/-",BRD-DWS
T025021,06/16/2023,F01934,FERT_PURCHASE,Urea,105 kg,INR 29/-,"INR 3,009/-",BRD-DWS
T025022,07/07/2023,F01934,FERT_PURCHASE,SEEDS,234 kgs,INR 104/-,"INR 24,385/-",BRD-DWS
T025023,08/06/2023,F01934,INPUT_PURCHASE,FERTILIZER 50kg bag,196 kgs,INR 45/-,"INR 8,910/-",BRD-DWS
T025024,11/02/2023,F01934,Loan Repayment,Loan Repayment,,,"INR 1,000/-",BRD-DWS
T025025,10/07/2023,F01937,FPO_DELIVERY,SOYABEAN,1558 kg,"INR 5,550/-","INR 86,469/-",BRD-DWS
T025026,10/20/2023,F01937,DELIVERY,Soybean,478.00 kgs,"INR 5,550/-","INR 26,529/-",BRD-DWS
T025027,02/11/2023,F01937,DELIVERY,Soybean (Yellow),0.29 quintals,"INR 5,550/-","INR 1,610/-",BRD-DWS
T025028,07/03/2023,F01937,I,Bio-pesticide,39 kg,INR 159/-,"INR 6,207/-",BRD-DWS
T025029,06/17/2023,F01937,FERT_PURCHASE,PPC,256 kg,INR 330/-,"INR 84,608/-",BRD-DWS
T025030,07/02/2023,F01937,INPUT_PURCHASE,Hybrid Seeds,136 kgs,INR 49/-,"INR 6,601/-",BRD-DWS
T025031,06/27/2023,F01937,I,Hybrid Seeds,271 kgs,INR 68/-,"INR 18,339/-",BRD-DWS
T025032,09/26/2023,F01937,Loan Repayment,Loan Repayment,,,"INR 3,300/-",BRD-DWS
T025033,06/01/2023,F01937,LOAN_REPAY,EMI,,,"INR 5,600/-",BRD-DWS
T025034,10/17/2023,F01939,DELIVERY,soya,18.33 quintals,"INR 5,275/-","INR 96,691/-",BRD-DWS
T025035,07/05/2023,F01939,I,Urea,74 kg,INR 48/-,"INR 3,575/-",BRD-DWS
T025036,10/29/2023,F01940,FPO_DELIVERY,Soybean (Yellow),3.5 qtl,"INR 5,300/-","INR 18,656/-",BRD-DWS
T025037,11/09/2023,F01940,FPO_DELIVERY,Soybean (Yellow),10.03 quintals,"INR 5,300/-","INR 53,159/-",BRD-DWS
T025038,06/22/2023,F01940,I,FERTILIZER 50kg bag,124 kgs,INR 41/-,"INR 5,036/-",BRD-DWS
T025039,10/02/2023,F01948,FPO_DELIVERY,Soybean,308 kg,"INR 5,740/-","INR 17,679/-",BRD-DWS
T025040,11/22/2023,F01948,FPO_DELIVERY,soya,7.91 q,"INR 5,740/-","INR 45,403/-",BRD-DWS
T025041,10/11/2023,F01948,delivery,Soybean,175.00 kgs,"INR 5,740/-","INR 10,045/-",BRD-DWS
T025042,07/02/2023,F01948,Input Purchase,Fertilizer,242 kgs,INR 46/-,"INR 11,166/-",BRD-DWS
T025043,06/14/2023,F01948,INPUT_PURCHASE,Bio-pesticide,259 kg,INR 497/-,"INR 1,28,751/-",BRD-DWS
T025044,07/05/2023, F01948 ,I,FERTILIZER 50kg bag,197 kg,INR 50/-,"INR 9,895/-",BRD-DWS
T025045,06/25/2023,F01948,Input Purchase,DAP,118 kg,INR 56/-,"INR 6,634/-",BRD-DWS
T025046,08/02/2023,f01948,LOAN_REPAY,Loan Repayment,,,INR 800/-,BRD-DWS
T025047,11/21/2023,F01958,D,Soybean,281 kg,"INR 5,540/-","INR 15,567/-",BRD-DWS
T025048,11/25/2023, F01958 ,delivery,SOYABEAN,261 kg,"INR 5,540/-","INR 14,459/-",BRD-DWS
T025049,06/10/2023,F01958,INPUT_PURCHASE,Seeds,228 kg,INR 84/-,"INR 19,234/-",BRD-DWS
T025050,10/25/2023,f01959,Delivery,SOYABEAN,1.66 quintals,"INR 6,110/-","INR 10,143/-",BRD-DWS
T025051,10/19/2023,F01959,FPO_DELIVERY,Soybean (Yellow),9.96 quintals,"INR 6,110/-","INR 60,856/-",BRD-DWS
T025052,06/10/2023,F01959,INPUT_PURCHASE,Hybrid Seeds,146 kg,INR 69/-,"INR 10,083/-",BRD-DWS
T025053,31/10/2023,f01964,FPO_DELIVERY,Soybean,4.77 quintals,"INR 5,715/-","INR 27,261/-",BRD-DWS
T025054,11/26/2023,F01964,delivery,Soybean,346.00 kgs,"INR 5,715/-","INR 19,774/-",BRD-DWS
T025055,07/13/2023,f01964,input,Fertilizer,167 kgs,INR 55/-,"INR 9,172/-",BRD-DWS
T025056,07/12/2023,F01964,INPUT_PURCHASE,Fertilizer,52 kg,INR 34/-,"INR 1,779/-",BRD-DWS
T025057,06/01/2023,F01964,FERT_PURCHASE,Bio-pesticide,37 kg,INR 172/-,"INR 6,350/-",BRD-DWS
T025058,09/17/2023,f01964,Loan Repayment,EMI,,,"INR 5,800/-",BRD-DWS
T025059,06/13/2023,F01964,Loan Repayment,EMI,,,"INR 1,700/-",BRD-DWS
T025060,11/30/2023,F01969,FPO_DELIVERY,soya,"1,095.00 kgs","INR 5,830/-","INR 63,838/-",BRD-DWS
T025061,06/20/2023, F01969 ,I,DAP,77 kgs,INR 30/-,"INR 2,316/-",BRD-DWS
T025062,06/26/2023,F01969,input,DAP,226 kgs,INR 49/-,"INR 11,002/-",BRD-DWS
T025063,11/24/2023,F01973,D,Soybean,21.69 q,"INR 5,965/-","INR 1,29,381/-",BRD-DWS
T025064,12/06/2023,f01973,Input Purchase,DAP,179 kgs,INR 39/-,"INR 6,967/-",BRD-DWS
T025065,06/21/2023,F01973,input,NPK 10:26:26,221 kg,INR 44/-,"INR 9,793/-",BRD-DWS
T025066,02/06/2023,f01973,L,Loan Repayment,,,"INR 3,400/-",BRD-DWS
T025067,08/21/2023,F01973,loan,EMI,,,"INR 3,000/-",BRD-DWS
T025068,09/17/2023,f01973,Loan Repayment,EMI,,,"INR 5,000/-",BRD-DWS
T025069,10/23/2023,f01974,Delivery,soya,3.02 quintals,"INR 5,830/-","INR 17,607/-",BRD-DWS
T025070,11/03/2023,,Delivery,soya,389 kg,"INR 5,830/-","INR 22,679/-",BRD-DWS
T025071,06/26/2023,F01974,INPUT_PURCHASE,PP chemicals,58 kgs,INR 686/-,"INR 39,808/-",BRD-DWS
T025072,06/06/2023,F01974,INPUT_PURCHASE,DAP,189 kg,INR 38/-,"INR 7,108/-",BRD-DWS
T025073,11/13/2023,F01978,DELIVERY,SOYABEAN,1.42 MT,"INR 5,830/-","INR 82,961/-",BRD-DWS
T025074,10/06/2023,F01978,Delivery,soya,379 kg,"INR 5,830/-","INR 22,096/-",BRD-DWS
T025075,11/13/2023,F01978,FPO_DELIVERY,Soybean (Yellow),13.09 quintals,"INR 5,830/-","INR 76,315/-",BRD-DWS
T025076,06/09/2023,F01978,FERT_PURCHASE,NPK 10:26:26,272 kgs,INR 59/-,"INR 16,176/-",BRD-DWS
T025077,24/10/2023,F01979,FPO_DELIVERY,SOYABEAN,1152 kg,"INR 5,435/-","INR 62,611/-",BRD-DWS
T025078,06/15/2023,F01979,input,SEEDS,82 kg,INR 86/-,"INR 7,071/-",BRD-DWS
T025079,24/11/2023,F01986,DELIVERY,SOYABEAN,20.3 qtl,"INR 5,750/-","INR 1,16,840/-",BRD-DWS
T025080,10/04/2023,f01986,D,Soybean,506.00 kgs,"INR 5,750/-","INR 29,095/-",BRD-DWS
T025081,10/30/2023,F01990,DELIVERY,soya,336.00 kgs,"INR 5,860/-","INR 19,690/-",BRD-DWS
T025082,10/06/2023,F01990,DELIVERY,SOYABEAN,14.86 quintals,"INR 5,860/-","INR 87,080/-",BRD-DWS
T025083,10/03/2023,F01991,delivery,SOYABEAN,3.9 qtl,"INR 5,870/-","INR 22,600/-",BRD-DWS
T025084,10/06/2023,F01991,D,Soybean (Yellow),71.00 kgs,"INR 5,870/-","INR 4,168/-",BRD-DWS
T025085,10/18/2023,F01994,FPO_DELIVERY,soya,1690 kg,"INR 6,680/-","INR 1,12,892/-",BRD-DWS
T025086,21/06/2023,F01994,input,SEEDS,318 kgs,INR 96/-,"INR 30,471/-",BRD-DWS
T025087,10/27/2023,F01998,D,Soybean (Yellow),2.7 qtl,"INR 6,290/-","INR 17,235/-",BRD-DWS
T025088,11/12/2023, F01998 ,DELIVERY,Soybean (Yellow),3.75 t,"INR 6,290/-","INR 2,35,686/-",BRD-DWS
T025089,10/06/2023,f02002,FPO_DELIVERY,SOYABEAN,54 kg,"INR 5,525/-","INR 2,984/-",BRD-DWS
T025090,11/02/2023, F02002 ,D,Soybean,148.00 kgs,"INR 5,525/-","INR 8,177/-",BRD-DWS
T025091,11/13/2023,F02002,delivery,Soybean,8.13 q,"INR 5,525/-","INR 44,918/-",BRD-DWS
T025092,06/13/2023,F02002,INPUT_PURCHASE,Urea,25 kgs,INR 48/-,"INR 1,209/-",BRD-DWS
T025093,09/08/2023,F02002,L,EMI,,,"INR 4,200/-",BRD-DWS
T025094,08/18/2023,F02002,Loan Repayment,EMI,,,"INR 6,600/-",BRD-DWS
T025095,11/19/2023,F02012,Delivery,soya,1149 kg,"INR 5,870/-","INR 67,446/-",BRD-DWS
T025096,07/07/2023,F02012,INPUT_PURCHASE,PP chemicals,265 kgs,INR 699/-,"INR 1,85,227/-",BRD-DWS
T025097,09/13/2023,F02012,L,EMI,,,"INR 1,000/-",BRD-DWS
T025098,06/24/2023,F02012,loan,Loan Repayment,,,"INR 4,400/-",BRD-DWS
T025099,10/10/2023,F02013,FPO_DELIVERY,soya,0.91 q,"INR 6,080/-","INR 5,533/-",BRD-DWS
T025100,11/26/2023,F02013,delivery,Soybean (Yellow),13.94 q,"INR 6,080/-","INR 84,755/-",BRD-DWS
T025101,07/01/2023,F02013,input,Fertilizer,48 kg,INR 39/-,"INR 1,864/-",BRD-DWS
T025102,06/22/2023,F02013,Input Purchase,Seeds,170 kg,INR 108/-,"INR 18,278/-",BRD-DWS
T025103,10/24/2023,F02021,D,Soybean,1.49 t,"INR 5,970/-","INR 89,252/-",BRD-DWS
T025104,10/27/2023,F02021,Delivery,SOYABEAN,13.26 quintals,"INR 5,970/-","INR 79,162/-",BRD-DWS
T025105,06/05/2023,F02021,FERT_PURCHASE,Fertilizer,114 kg,INR 49/-,"INR 5,570/-",BRD-DWS
T025106,06/03/2023,F02021,input,DAP,293 kgs,INR 46/-,"INR 13,519/-",BRD-DWS
T025107,06/12/2023,F02021,I,Fertilizer,243 kg,INR 39/-,"INR 9,496/-",BRD-DWS
T025108,11/26/2023,f02026,D,soya,0.23 MT,"INR 5,310/-","INR 12,001/-",BRD-DWS
T025109,11/10/2023,f02026,FPO_DELIVERY,Soybean,10.78 q,"INR 5,310/-","INR 57,242/-",BRD-DWS
T025110,10/19/2023,F02031,Delivery,Soybean (Yellow),1.50 MT,"INR 5,660/-","INR 84,674/-",BRD-DWS
T025111,31/10/2023,F02031,FPO_DELIVERY,SOYABEAN,146 kg,"INR 5,660/-","INR 8,264/-",BRD-DWS
T025112,04/06/2023, F02031 ,FERT_PURCHASE,FERTILIZER 50kg bag,135 kg,INR 58/-,"INR 7,853/-",BRD-DWS
T025113,11/02/2023,F02035,Delivery,SOYABEAN,208.00 kgs,"INR 6,265/-","INR 13,031/-",BRD-DWS
T025114,03/10/2023,F02035,FPO_DELIVERY,Soybean (Yellow),2802 kg,"INR 6,265/-","INR 1,75,545/-",BRD-DWS
T025115,06/10/2023,F02035,INPUT_PURCHASE,DAP,217 kgs,INR 30/-,"INR 6,458/-",BRD-DWS
T025116,10/24/2023,F02036,delivery,soya,1734 kg,"INR 6,030/-","INR 1,04,560/-",BRD-DWS
T025117,11/04/2023,F02038,DELIVERY,SOYABEAN,9.47 quintals,"INR 5,765/-","INR 54,595/-",BRD-DWS
T025118,11/14/2023,F02038,delivery,soya,2294 kg,"INR 5,765/-","INR 1,32,249/-",BRD-DWS
T025119,11/13/2023, F02038 ,D,soya,9.23 quintals,"INR 5,765/-","INR 53,211/-",BRD-DWS
T025120,06/28/2023,F02038,Input Purchase,Fertilizer,64 kg,INR 43/-,"INR 2,782/-",BRD-DWS
T025121,06/07/2023,F02038,input,PP chemicals,111 kgs,INR 380/-,"INR 42,160/-",BRD-DWS
T025122,10/04/2023,F02041,D,SOYABEAN,"1,033.00 kgs","INR 5,665/-","INR 58,519/-",BRD-DWS
T025123,15/06/2023,F02041,input,Urea,53 kgs,INR 32/-,"INR 1,690/-",BRD-DWS
T025124,25/11/2023,F02042,Delivery,Soybean (Yellow),7.17 q,"INR 6,000/-","INR 43,020/-",BRD-DWS
T025125,08/10/2023,f02042,delivery,Soybean (Yellow),241 kg,"INR 6,000/-","INR 14,460/-",BRD-DWS
T025126,29/11/2023, F02044 ,DELIVERY,Soybean,611 kg,"INR 5,590/-","INR 34,155/-",BRD-DWS
T025127,10/22/2023,F02044,delivery,SOYABEAN,2.69 t,"INR 5,590/-","INR 1,50,427/-",BRD-DWS
T025128,29/06/2023,F02044,FERT_PURCHASE,SEEDS,119 kgs,INR 50/-,"INR 5,951/-",BRD-DWS
T025129,06/21/2023,F02044,I,Urea,109 kgs,INR 53/-,"INR 5,749/-",BRD-DWS
T025130,06/22/2023,F02044,FERT_PURCHASE,NPK 10:26:26,269 kg,INR 58/-,"INR 15,610/-",BRD-DWS
T025131,07/13/2023,F02044,input,Urea,297 kgs,INR 50/-,"INR 14,779/-",BRD-DWS
T025132,06/14/2023,f02044,input,Fertilizer,98 kgs,INR 54/-,"INR 5,246/-",BRD-DWS
T025133,10/06/2023,F02046,delivery,Soybean (Yellow),"2,100.00 kgs","INR 5,865/-","INR 1,23,165/-",BRD-DWS
T025134,06/30/2023,F02046,input,DAP,168 kg,INR 54/-,"INR 9,101/-",BRD-DWS
T025135,06/08/2023,F02046,FERT_PURCHASE,FERTILIZER 50kg bag,227 kg,INR 44/-,"INR 9,938/-",BRD-DWS
T025136,10/20/2023,F02049,FPO_DELIVERY,Soybean (Yellow),387.00 kgs,"INR 5,710/-","INR 22,098/-",BRD-DWS
T025137,10/03/2023,F02049,delivery,soya,13.2 qtl,"INR 5,710/-","INR 75,658/-",BRD-DWS
T025138,07/04/2023,F02049,INPUT_PURCHASE,Hybrid Seeds,174 kgs,INR 98/-,"INR 17,033/-",BRD-DWS
T025139,07/03/2023,F02049,FERT_PURCHASE,DAP,141 kgs,INR 34/-,"INR 4,826/-",BRD-DWS
T025140,10/13/2023,F02053,FPO_DELIVERY,Soybean (Yellow),2.7 qtl,"INR 5,760/-","INR 15,610/-",BRD-DWS
T025141,10/01/2023, F02053 ,DELIVERY,soya,0.7 qtl,"INR 5,760/-","INR 3,859/-",BRD-DWS
T025142,06/20/2023,F02053,Input Purchase,Fertilizer,128 kg,INR 54/-,"INR 6,877/-",BRD-DWS
T025143,06/05/2023,F02053,Input Purchase,Fertilizer,195 kgs,INR 43/-,"INR 8,330/-",BRD-DWS
T025144,06/11/2023,F02053,FERT_PURCHASE,FERTILIZER 50kg bag,175 kgs,INR 53/-,"INR 9,359/-",BRD-DWS
T025145,11/15/2023,F02055,D,SOYABEAN,2.14 q,"INR 5,690/-","INR 12,177/-",BRD-DWS
T025146,10/31/2023,F02055,FPO_DELIVERY,Soybean (Yellow),74 kg,"INR 5,690/-","INR 4,211/-",BRD-DWS
T025147,11/13/2023,F02055,delivery,Soybean,1.22 q,"INR 5,690/-","INR 6,942/-",BRD-DWS
T025148,07/01/2023,F02055,LOAN_REPAY,EMI,,,"INR 4,200/-",BRD-DWS
T025149,11/25/2023,f02060,D,Soybean,"3,214.00 kgs","INR 5,945/-","INR 1,91,072/-",BRD-DWS
T025150,10/27/2023,f02060,delivery,Soybean,1766 kg,"INR 5,945/-","INR 1,04,989/-",BRD-DWS
T025151,11/25/2023,F02061,Delivery,Soybean,1957 kg,"INR 6,050/-","INR 1,18,398/-",BRD-DWS
T025152,06/20/2023,F02061,INPUT_PURCHASE,Fertilizer,197 kgs,INR 46/-,"INR 8,977/-",BRD-DWS
T025389,10/24/2023,F02227,D,Soybean,3.1 qtl,"INR 5,500/-","INR 17,105/-",BRD-DWS
T025390,10/10/2023,F02227,delivery,Soybean,893.00 kgs,"INR 5,500/-","INR 49,115/-",BRD-DWS
T025391,07/15/2023,F02227,Input Purchase,FERTILIZER 50kg bag,31 kgs,INR 57/-,"INR 1,769/-",BRD-DWS
T025392,06/16/2023,F02227,Input Purchase,SEEDS,106 kgs,INR 97/-,"INR 10,280/-",BRD-DWS
T025393,15/07/2023, F02227 ,I,PPC,242 kg,INR 421/-,"INR 1,01,984/-",BRD-DWS
T025394,10/18/2023,F02231,delivery,soya,1088 kg,"INR 5,935/-","INR 64,573/-",BRD-DWS
T025395,26/10/2023,F02231,Delivery,SOYABEAN,876.00 kgs,"INR 5,935/-","INR 51,991/-",BRD-DWS
T025396,06/20/2023,F02231,FERT_PURCHASE,SEEDS,159 kg,INR 73/-,"INR 11,556/-",BRD-DWS
T025397,08/27/2023,F02231,loan,Loan Repayment,,,"INR 4,400/-",BRD-DWS
T025406,11/24/2023,f02243,DELIVERY,soya,2480 kg,"INR 5,960/-","INR 1,47,808/-",BRD-DWS
T025423,11/23/2023,F02250,FPO_DELIVERY,soya,1167 kg,"INR 5,435/-","INR 63,426/-",BRD-DWS
T025424,10/06/2023,F02250,D,Soybean (Yellow),5.2 qtl,"INR 5,435/-","INR 28,099/-",BRD-DWS
T025425,10/31/2023,F02250,DELIVERY,Soybean (Yellow),248 kg,"INR 5,435/-","INR 13,479/-",BRD-DWS
T025465,10/14/2023,F02275,FPO_DELIVERY,Soybean (Yellow),10.75 quintals,"INR 5,795/-","INR 62,296/-",BRD-DWS
T025466,06/12/2023,F02275,FERT_PURCHASE,Hybrid Seeds,142 kg,INR 61/-,"INR 8,706/-",BRD-DWS
T025467,06/07/2023,F02275,INPUT_PURCHASE,Hybrid Seeds,43 kgs,INR 53/-,"INR 2,283/-",BRD-DWS
T025468,07/06/2023,F02275,input,Hybrid Seeds,168 kgs,INR 52/-,"INR 8,791/-",BRD-DWS
T025495,10/04/2023, F02293 ,FPO_DELIVERY,Soybean (Yellow),19.60 quintals,"INR 5,870/-","INR 1,15,052/-",BRD-DWS
T025496,07/06/2023,f02293,FERT_PURCHASE,Seeds,33 kgs,INR 60/-,"INR 1,964/-",BRD-DWS
T025497,07/12/2023,F02293,I,Seeds,283 kg,INR 89/-,"INR 25,150/-",BRD-DWS
T025498,06/23/2023,F02293,FERT_PURCHASE,SEEDS,41 kgs,INR 125/-,"INR 5,122/-",BRD-DWS
T025499,13/07/2023,F02293,FERT_PURCHASE,FERTILIZER 50kg bag,37 kgs,INR 41/-,"INR 1,520/-",BRD-DWS
T025508,11/04/2023,F02298,D,Soybean,1861 kg,"INR 5,980/-","INR 1,11,288/-",BRD-DWS
T025509,07/14/2023,F02298,INPUT_PURCHASE,Bio-pesticide,277 kgs,INR 359/-,"INR 99,490/-",BRD-DWS
T025510,07/03/2023,F02298,FERT_PURCHASE,DAP,96 kg,INR 34/-,"INR 3,254/-",BRD-DWS
T025516,11/15/2023,F02301,delivery,Soybean,14.43 q,"INR 6,050/-","INR 87,302/-",BRD-DWS
T025517,06/18/2023, F02301 ,input,Fertilizer,57 kgs,INR 35/-,"INR 2,005/-",BRD-DWS
T025569,10/14/2023,F02341,Delivery,SOYABEAN,338 kg,"INR 5,790/-","INR 19,570/-",BRD-DWS
T025570,06/26/2023,F02341,Input Purchase,PPC,88 kg,INR 220/-,"INR 19,364/-",BRD-DWS
T025571,06/01/2023,f02341,I,Urea,96 kgs,INR 53/-,"INR 5,112/-",BRD-DWS
T025572,08/11/2023,F02342,Delivery,Soybean (Yellow),0.22 MT,"INR 5,420/-","INR 11,816/-",BRD-DWS
T025573,10/02/2023,F02342,D,SOYABEAN,56 kg,"INR 5,420/-","INR 3,035/-",BRD-DWS
T025574,06/06/2023,F02342,Input Purchase,Urea,106 kgs,INR 52/-,"INR 5,535/-",BRD-DWS
T025575,06/17/2023,F02342,INPUT_PURCHASE,FERTILIZER 50kg bag,228 kg,INR 49/-,"INR 11,099/-",BRD-DWS
T025577,10/04/2023,F02348,DELIVERY,Soybean,1615 kg,"INR 5,700/-","INR 92,055/-",BRD-DWS
T025578,06/05/2023,F02348,I,Seeds,46 kg,INR 130/-,"INR 5,968/-",BRD-DWS
T025581,10/19/2023,F02360,delivery,Soybean,30.38 q,"INR 5,840/-","INR 1,77,419/-",BRD-DWS
T025582,11/04/2023,f02360,delivery,Soybean (Yellow),1.8 qtl,"INR 5,840/-","INR 10,746/-",BRD-DWS
T025637,11/12/2023,F02394,DELIVERY,soya,"1,710.00 kgs","INR 5,630/-","INR 96,273/-",BRD-DWS
T025638,06/03/2023,F02394,input,Hybrid Seeds,265 kgs,INR 74/-,"INR 19,578/-",BRD-DWS
T025639,09/01/2023,f02394,L,Loan Repayment,,,"INR 5,000/-",BRD-DWS
T025640,10/19/2023,F02394,loan,Loan Repayment,,,"INR 5,300/-",BRD-DWS
T025657,11/03/2023,F02406,FPO_DELIVERY,SOYABEAN,3.99 quintals,"INR 5,685/-","INR 22,683/-",BRD-DWS
T025658,11/07/2023,F02406,DELIVERY,SOYABEAN,52.2 qtl,"INR 5,685/-","INR 2,97,041/-",BRD-DWS
T025659,06/13/2023,F02406,I,Urea,188 kgs,INR 50/-,"INR 9,455/-",BRD-DWS
T025660,06/03/2023,F02406,FERT_PURCHASE,Fertilizer,65 kg,INR 41/-,"INR 2,696/-",BRD-DWS
T025661,09/23/2023,F02406,Loan Repayment,Loan Repayment,,,"INR 3,300/-",BRD-DWS
T025662,10/07/2023,F02406,Loan Repayment,Loan Repayment,,,"INR 7,800/-",BRD-DWS
T025663,06/26/2023,F02406,Loan Repayment,Loan Repayment,,,"INR 2,500/-",BRD-DWS
T025664,07/03/2023, F02406 ,Loan Repayment,Loan Repayment,,,"INR 5,400/-",BRD-DWS
T025665,11/08/2023,f02406,LOAN_REPAY,EMI,,,"INR 6,100/-",BRD-DWS
T025669,11/22/2023,F02412,Delivery,soya,6.95 q,"INR 6,050/-","INR 42,048/-",BRD-DWS
T025670,11/05/2023,F02412,D,SOYABEAN,3123 kg,"INR 6,050/-","INR 1,88,942/-",BRD-DWS
T025671,06/16/2023,F02412,FERT_PURCHASE,Urea,170 kgs,INR 46/-,"INR 7,852/-",BRD-DWS
T025679,11/05/2023,F02419,DELIVERY,soya,0.18 quintals,"INR 6,225/-","INR 1,120/-",BRD-DWS
T025680,10/07/2023,F02419,delivery,Soybean (Yellow),8.05 quintals,"INR 6,225/-","INR 50,111/-",BRD-DWS
T025681,06/03/2023,f02419,Input Purchase,Urea,273 kg,INR 31/-,"INR 8,594/-",BRD-DWS
T025684,15/10/2023,F02422,delivery,SOYABEAN,13.5 qtl,"INR 5,930/-","INR 79,877/-",BRD-DWS
T025685,06/18/2023,F02422,FERT_PURCHASE,NPK 10:26:26,180 kg,INR 51/-,"INR 9,112/-",BRD-DWS
T025697,11/11/2023, F02429 ,D,Soybean,1913 kg,"INR 5,865/-",₹ N/A,BRD-DWS
T025698,06/24/2023,F02429,I,Fertilizer,44 kg,INR 36/-,"INR 1,572/-",BRD-DWS
T025716,10/26/2023,F02440,D,soya,2068 kg,"INR 5,815/-","INR 1,20,254/-",BRD-DWS
T025725,11/04/2023,F02445,Delivery,soya,11.69 q,"INR 5,915/-","INR 69,146/-",BRD-DWS
T025726,10/22/2023,F02445,Delivery,soya,28.2 qtl,"INR 5,915/-","INR 1,67,099/-",BRD-DWS
T025727,06/25/2023,F02445,Input Purchase,Fertilizer,309 kgs,INR 59/-,"INR 18,206/-",BRD-DWS
T025728,06/11/2023,F02445,INPUT_PURCHASE,FERTILIZER 50kg bag,60 kg,INR 56/-,"INR 3,332/-",BRD-DWS
T025729,11/09/2023,F02445,LOAN_REPAY,EMI,,,"INR 1,900/-",BRD-DWS
T025730,21/08/2023,f02445,L,EMI,,,"INR 7,000/-",BRD-DWS
T025731,06/04/2023,F02445,loan,Loan Repayment,,,"INR 5,400/-",BRD-DWS
T025751,12/11/2023,F02453,FPO_DELIVERY,Soybean,9.34 quintals,"INR 5,960/-","INR 55,666/-",BRD-DWS
T025779,10/28/2023,F02465,Delivery,Soybean (Yellow),371 kg,"INR 5,780/-","INR 21,444/-",BRD-DWS
T025780,10/20/2023,F02465,Delivery,Soybean,18.73 quintals,"INR 5,780/-","INR 1,08,259/-",BRD-DWS
T025799,28/11/2023,F02474,delivery,SOYABEAN,701 kg,"INR 5,925/-","INR 41,534/-",BRD-DWS
T025800,11/10/2023,f02474,Delivery,SOYABEAN,539.00 kgs,"INR 5,925/-","INR 31,936/-",BRD-DWS
T025801,06/01/2023,F02474,input,Seeds,207 kgs,INR 99/-,"INR 20,423/-",BRD-DWS
T025802,06/24/2023,F02474,Input Purchase,NPK 10:26:26,202 kg,INR 47/-,"INR 9,466/-",BRD-DWS
T025803,17/06/2023,f02474,FERT_PURCHASE,Urea,139 kg,INR 44/-,"INR 6,103/-",BRD-DWS
T025809,11/24/2023,F02478,delivery,SOYABEAN,1829 kg,"INR 5,945/-","INR 1,08,734/-",BRD-DWS
T025810,11/27/2023,F02478,DELIVERY,SOYABEAN,29.33 quintals,"INR 5,945/-","INR 1,74,367/-",BRD-DWS
T025811,07/02/2023,F02478,LOAN_REPAY,EMI,,,"INR 2,100/-",BRD-DWS
T025812,29/11/2023,F02478,L,Loan Repayment,,,"INR 6,800/-",BRD-DWS
T025889,11/05/2023,F02510,delivery,Soybean (Yellow),8.4 qtl,"INR 5,870/-","INR 49,543/-",BRD-DWS
T025890,11/04/2023,F02510,delivery,soya,38.00 kgs,"INR 5,870/-","INR 2,231/-",BRD-DWS
T025891,07/09/2023, F02510 ,loan,EMI,,,"INR 3,000/-",BRD-DWS
T025892,11/10/2023,f02510,loan,EMI,,,"INR 1,600/-",BRD-DWS
T025893,08/15/2023,F02510,Loan Repayment,Loan Repayment,,,"INR 6,200/-",BRD-DWS
T025902,11/22/2023,F02513,FPO_DELIVERY,Soybean (Yellow),30.50 quintals,"INR 6,025/-","INR 1,83,762/-",BRD-DWS
T025903,10/09/2023,F02513,DELIVERY,Soybean (Yellow),36.9 qtl,"INR 6,025/-","INR 2,22,021/-",BRD-DWS
T025904,02/06/2023,F02513,input,Bio-pesticide,58 kg,INR 209/-,"INR 12,115/-",BRD-DWS
T025905,06/01/2023,F02513,FERT_PURCHASE,NPK 10:26:26,307 kgs,INR 53/-,"INR 16,326/-",BRD-DWS
T025922,11/01/2023,F02519,D,Soybean (Yellow),6.1 qtl,"INR 6,230/-","INR 37,754/-",BRD-DWS
T025976,11/23/2023,F02542,FPO_DELIVERY,SOYABEAN,11.92 q,"INR 6,250/-","INR 74,500/-",BRD-DWS
T025977,08/11/2023, F02542 ,delivery,Soybean (Yellow),4.66 t,"INR 6,250/-","INR 2,91,250/-",BRD-DWS
T025978,06/13/2023,F02542,FERT_PURCHASE,Seeds,307 kg,INR 83/-,"INR 25,392/-",BRD-DWS
T025979,06/07/2023,F02542,INPUT_PURCHASE,FERTILIZER 50kg bag,174 kgs,INR 33/-,"INR 5,718/-",BRD-DWS
T025980,06/01/2023,F02542,I,FERTILIZER 50kg bag,205 kg,INR 58/-,"INR 11,962/-",BRD-DWS
T025988,11/02/2023,f02546,delivery,Soybean (Yellow),244.00 kgs,"INR 5,900/-","INR 14,396/-",BRD-DWS
T025989,11/16/2023,F02546,D,Soybean,397.00 kgs,"INR 5,900/-","INR 23,423/-",BRD-DWS
T025990,24/06/2023,F02546,Input Purchase,Bio-pesticide,252 kg,INR 323/-,"INR 81,469/-",BRD-DWS
T025991,07/16/2023, F02546 ,LOAN_REPAY,EMI,,,INR 900/-,BRD-DWS
T026006,10/10/2023,F02551,Delivery,soya,6.8 qtl,"INR 5,500/-","INR 37,290/-",BRD-DWS
T026018,11/15/2023,F02555,DELIVERY,Soybean,964.00 kgs,"INR 5,800/-","INR 55,912/-",BRD-DWS
T026019,11/30/2023,F02555,delivery,soya,8.5 qtl,"INR 5,800/-","INR 49,358/-",BRD-DWS
T026020,06/22/2023,F02555,I,Urea,174 kg,INR 29/-,"INR 5,037/-",BRD-DWS
T026021,04/06/2023,F02555,FERT_PURCHASE,Bio-pesticide,236 kgs,INR 385/-,"INR 90,773/-",BRD-DWS
T026026,04/10/2023,F02557,D,Soybean (Yellow),0.82 MT,"INR 5,845/-","INR 47,812/-",BRD-DWS
T026027,06/09/2023,F02557,LOAN_REPAY,Loan Repayment,,,"INR 4,300/-",BRD-DWS
T026028,06/10/2023,F02557,L,EMI,,,"INR 2,600/-",BRD-DWS
T026039,11/26/2023,F02561,delivery,SOYABEAN,818 kg,"INR 5,715/-","INR 46,749/-",BRD-DWS
T026040,11/06/2023,f02561,Delivery,soya,99 kg,"INR 5,715/-","INR 5,658/-",BRD-DWS
T026041,07/09/2023, F02561 ,input,Bio-pesticide,317 kgs,INR 308/-,"INR 97,528/-",BRD-DWS
T026042,06/23/2023,F02561,Input Purchase,PP chemicals,74 kgs,INR 394/-,"INR 29,171/-",BRD-DWS
T026043,06/04/2023,F02561,Input Purchase,Fertilizer,114 kgs,INR 52/-,"INR 5,923/-",BRD-DWS
T026044,07/02/2023,f02561,input,Fertilizer,269 kgs,INR 37/-,"INR 9,980/-",BRD-DWS
T026045,06/13/2023,F02561,I,NPK 10:26:26,31 kg,INR 60/-,"INR 1,845/-",BRD-DWS
T026046,11/04/2023,,delivery,Soybean,0.7 qtl,"INR 5,900/-","INR 4,189/-",BRD-DWS
T026047,10/06/2023,F02562,FPO_DELIVERY,soya,18.3 qtl,"INR 5,900/-","INR 1,07,970/-",BRD-DWS
T026048,21/06/2023,F02562,FERT_PURCHASE,NPK 10:26:26,113 kg,INR 55/-,"INR 6,231/-",BRD-DWS
T026057,19/11/2023,F02566,delivery,Soybean,1.12 MT,"INR 5,450/-","INR 61,095/-",BRD-DWS
T026058,11/10/2023,F02566,delivery,SOYABEAN,904.00 kgs,"INR 5,450/-","INR 49,268/-",BRD-DWS
T026059,06/26/2023,F02566,I,Seeds,25 kgs,INR 87/-,"INR 2,166/-",BRD-DWS
T026060,06/16/2023,F02566,input,Fertilizer,101 kg,INR 44/-,"INR 4,489/-",BRD-DWS
T027160,05/10/2024,F01913,FPO_DELIVERY,Sarson,265 kg,"INR 7,575/-","INR 20,074/-",BRD-DWS
T027161,04/17/2024,F01913,FPO_DELIVERY,mustard (Yellow),0.05 t,"INR 7,575/-","INR 3,560/-",BRD-DWS
T027162,03/18/2024,f01913,delivery,mustard (Yellow),469.00 kgs,"INR 7,575/-","INR 35,527/-",BRD-DWS
T027163,12/04/2023,F01913,FERT_PURCHASE,Fertilizer,226 kg,INR 31/-,"INR 6,898/-",BRD-DWS
T027164,05/08/2024,F01914,delivery,Sarson,630 kg,"INR 7,470/-","INR 47,061/-",BRD-DWS
T027165,04/18/2024,F01914,Delivery,Sarson,0.9 qtl,"INR 7,470/-","INR 6,723/-",BRD-DWS
T027166,03/23/2024,f01914,Delivery,Lokwan Wheat,2.83 q,"INR 2,835/-","INR 8,023/-",BRD-DWS
T027167,21/03/2024,F01914,FPO_DELIVERY,WHEAT,12.82 q,"INR 2,835/-","INR 36,345/-",BRD-DWS
T027168,12/10/2023,F01914,FERT_PURCHASE,NPK 10:26:26,125 kg,INR 43/-,"INR 5,355/-",BRD-DWS
T027169,05/07/2024,F01915,Delivery,MUSTARD,"1,447.00 kgs","INR 7,070/-","INR 1,02,303/-",BRD-DWS
T027170,04/21/2024,F01915,Delivery,Mustard,577.00 kgs,"INR 7,070/-","INR 40,794/-",BRD-DWS
T027171,04/14/2024,F01915,FPO_DELIVERY,Lokwan Wheat,44.0 qtl,"INR 2,915/-","INR 1,28,173/-",BRD-DWS
T027172,04/30/2024,F01915,DELIVERY,Lokwan Wheat,2.7 qtl,"INR 2,915/-","INR 7,871/-",BRD-DWS
T027173,12/20/2023,F01915,INPUT_PURCHASE,Seeds,309 kgs,INR 51/-,"INR 15,669/-",BRD-DWS
T027174,12/02/2023,F01915,Input Purchase,Seeds,284 kg,INR 78/-,"INR 22,246/-",BRD-DWS
T027175,03/26/2024,f01917,DELIVERY,mustard (Yellow),5.94 quintals,"INR 6,980/-","INR 41,461/-",BRD-DWS
T027176,05/08/2024,F01917,L,EMI,,,"INR 1,000/-",BRD-DWS
T027177,03/17/2024, F01918 ,FPO_DELIVERY,Sarson,0.54 q,"INR 7,005/-","INR 3,783/-",BRD-DWS
T027178,03/20/2024,F01918,Delivery,mustard (Yellow),7.7 qtl,"INR 7,005/-","INR 54,149/-",BRD-DWS
T027179,12/03/2023,F01918,FERT_PURCHASE,DAP,59 kg,INR 36/-,"INR 2,107/-",BRD-DWS
T027180,01/09/2024,F01918,input,Hybrid Seeds,175 kg,INR 102/-,"INR 17,894/-",BRD-DWS
T027181,14/12/2023,F01918,INPUT_PURCHASE,Hybrid Seeds,302 kgs,INR 55/-,"INR 16,601/-",BRD-DWS
T027182,03/05/2024,F01920,DELIVERY,Yellow Mustard,9.44 q,"INR 7,355/-","INR 69,431/-",BRD-DWS
T027183,05/04/2024,F01920,Delivery,Yellow Mustard,66 kg,"INR 7,355/-","INR 4,854/-",BRD-DWS
T027184,01/02/2024,,Input Purchase,PPC,160 kg,INR 437/-,"INR 69,965/-",BRD-DWS
T027185,04/23/2024,F01921,delivery,mustard (Yellow),0.76 quintals,"INR 7,035/-","INR 5,347/-",BRD-DWS
T027186,03/10/2024,F01921,FPO_DELIVERY,mustard (Yellow),"1,264.00 kgs","INR 7,035/-","INR 88,922/-",BRD-DWS
T027187,04/05/2024,F01921,D,wheat,15.27 quintals,"INR 2,600/-","INR 39,702/-",BRD-DWS
T027188,14/03/2024,F01921,FPO_DELIVERY,Wheat,14.80 quintals,"INR 2,600/-","INR 38,480/-",BRD-DWS
T027189,12/27/2023,f01921,INPUT_PURCHASE,Urea,138 kg,INR 50/-,"INR 6,963/-",BRD-DWS
T027190,12/14/2023, F01921 ,FERT_PURCHASE,Bio-pesticide,82 kg,INR 394/-,"INR 32,323/-",BRD-DWS
T027191,12/02/2023,F01921,I,Hybrid Seeds,314 kgs,INR 61/-,"INR 19,185/-",BRD-DWS
T027192,12/07/2023,F01921,INPUT_PURCHASE,Seeds,147 kgs,INR 56/-,"INR 8,270/-",BRD-DWS
T027193,04/19/2024,F01929,D,Sarson,0.7 qtl,"INR 6,680/-","INR 4,476/-",BRD-DWS
T027194,32/01/2022,F01929,DELIVERY,Mustard,705.00 kgs,"INR 6,680/-","INR 47,094/-",BRD-DWS
T027195,03/16/2024,F01929,L,Loan Repayment,,,"INR 2,500/-",BRD-DWS
T027196,05/14/2024,f01934,delivery,mustard (Yellow),727.00 kgs,"INR 6,910/-","INR 50,236/-",BRD-DWS
T027197,05/11/2024,F01934,DELIVERY,Mustard,183 kg,"INR 6,910/-","INR 12,645/-",BRD-DWS
T027198,04/15/2024,F01934,FPO_DELIVERY,Lokwan Wheat,1711 kg,"INR 2,860/-","INR 48,935/-",BRD-DWS
T027199,26/04/2024,F01934,DELIVERY,Lokwan Wheat,576 kg,"INR 2,860/-","INR 16,474/-",BRD-DWS
T027200,01/06/2024,F01934,FERT_PURCHASE,FERTILIZER 50kg bag,96 kg,INR 47/-,"INR 4,524/-",BRD-DWS
T027201,03/23/2024, F01934 ,LOAN_REPAY,Loan Repayment,,,"INR 3,500/-",BRD-DWS
T027202,04/09/2024,F01934,L,EMI,,,"INR 2,500/-",BRD-DWS
T027203,04/05/2024,f01937,Delivery,MUSTARD,19.21 q,"INR 6,970/-","INR 1,33,894/-",BRD-DWS
T027204,12/25/2023,F01937,input,NPK 10:26:26,126 kgs,INR 34/-,"INR 4,313/-",BRD-DWS
T027205,12/18/2023,F01937,Loan Repayment,EMI,,,"INR 1,200/-",BRD-DWS
T027206,03/08/2024,F01939,FPO_DELIVERY,Sarson,"1,537.00 kgs","INR 6,925/-","INR 1,06,437/-",BRD-DWS
T027207,12/24/2023,F01939,Input Purchase,Seeds,299 kgs,INR 57/-,"INR 16,980/-",BRD-DWS
T027208,03/25/2024,F01940,FPO_DELIVERY,mustard (Yellow),10.5 qtl,"INR 6,875/-","INR 72,050/-",BRD-DWS
T027209,12/13/2023,F01940,FERT_PURCHASE,Seeds,100 kg,INR 96/-,"INR 9,647/-",BRD-DWS
T027210,05/08/2024, F01948 ,Delivery,mustard (Yellow),191.00 kgs,"INR 6,940/-","INR 13,255/-",BRD-DWS
T027211,20/03/2024,F01948,DELIVERY,MUSTARD,315.00 kgs,"INR 6,940/-","INR 21,861/-",BRD-DWS
T027212,04/26/2024,F01948,delivery,MUSTARD,588 kg,"INR 6,940/-","INR 40,807/-",BRD-DWS
T027213,03/19/2024,f01948,DELIVERY,Wheat,"3,283.00 kgs","INR 2,770/-","INR 90,939/-",BRD-DWS
T027214,03/24/2024,F01958,delivery,Mustard,5.7 qtl,"INR 7,165/-","INR 41,127/-",BRD-DWS
T027215,12/11/2023,F01958,input,Bio-pesticide,124 kgs,INR 403/-,"INR 49,937/-",BRD-DWS
T027216,12/04/2023,F01958,I,Fertilizer,48 kg,INR 48/-,"INR 2,305/-",BRD-DWS
T027217,24/04/2024, F01959 ,Delivery,Sarson,989 kg,"INR 7,220/-","INR 71,406/-",BRD-DWS
T027218,05/13/2024,F01959,DELIVERY,mustard (Yellow),173.00 kgs,"INR 7,220/-","INR 12,491/-",BRD-DWS
T027219,12/19/2023,F01959,input,Hybrid Seeds,180 kgs,INR 124/-,"INR 22,322/-",BRD-DWS
T027220,03/14/2024,F01964,DELIVERY,mustard (Yellow),539.00 kgs,"INR 7,395/-","INR 39,859/-",BRD-DWS
T027221,11/04/2024,F01964,delivery,mustard (Yellow),2.4 qtl,"INR 7,395/-","INR 17,452/-",BRD-DWS
T027222,12/24/2023,F01964,I,PPC,195 kgs,INR 444/-,"INR 86,522/-",BRD-DWS
T027223,04/20/2024,F01969,delivery,Yellow Mustard,886.00 kgs,"INR 7,120/-","INR 63,083/-",BRD-DWS
T027224,01/15/2024,F01969,input,Fertilizer,298 kgs,INR 59/-,"INR 17,588/-",BRD-DWS
T027225,03/11/2024,F01973,delivery,mustard (Yellow),2723 kg,"INR 7,385/-","INR 2,01,094/-",BRD-DWS
T027226,12/13/2023,F01973,Input Purchase,Seeds,33 kgs,INR 103/-,"INR 3,398/-",BRD-DWS
T027227,03/27/2024,F01974,Delivery,Sarson,0.45 t,"INR 7,180/-","INR 32,382/-",BRD-DWS
T027228,28/03/2024,F01974,D,Mustard,258 kg,"INR 7,180/-","INR 18,524/-",BRD-DWS
T027229,12/28/2023,F01974,FERT_PURCHASE,PP chemicals,128 kgs,INR 452/-,"INR 57,851/-",BRD-DWS
T027230,05/19/2024,F01974,LOAN_REPAY,Loan Repayment,,,"INR 3,300/-",BRD-DWS
T027231,04/22/2024,F01974,Loan Repayment,Loan Repayment,,,"INR 3,000/-",BRD-DWS
T027232,03/28/2024,F01978,D,Sarson,29.55 q,"INR 6,820/-","INR 2,01,531/-",BRD-DWS
T027233,03/01/2024,F01978,DELIVERY,wheat,55.38 q,"INR 2,650/-","INR 1,46,757/-",BRD-DWS
T027234,04/01/2024,F01978,DELIVERY,Lokwan Wheat,1019 kg,"INR 2,650/-","INR 27,004/-",BRD-DWS
T027235,12/30/2023,F01978,input,DAP,225 kg,INR 32/-,"INR 7,114/-",BRD-DWS
T027236,12/02/2023,F01978,FERT_PURCHASE,Urea,225 kg,INR 42/-,"INR 9,410/-",BRD-DWS
T027237,12/30/2023,F01978,input,Urea,173 kg,INR 57/-,"INR 9,920/-",BRD-DWS
T027238,12/25/2023,F01978,Input Purchase,Bio-pesticide,199 kg,INR 684/-,"INR 1,36,106/-",BRD-DWS
T027239,04/28/2024,F01979,Delivery,Yellow Mustard,10.00 quintals,"INR 6,815/-","INR 68,150/-",BRD-DWS
T027240,12/22/2023,F01979,Input Purchase,NPK 10:26:26,126 kgs,INR 57/-,"INR 7,154/-",BRD-DWS
T027241,05/03/2024,F01986,DELIVERY,mustard (Yellow),0.05 t,"INR 7,040/-","INR 3,520/-",BRD-DWS
T027242,18/04/2024,F01986,DELIVERY,Yellow Mustard,18.20 q,"INR 7,040/-","INR 1,28,128/-",BRD-DWS
T027243,04/19/2024,F01990,Delivery,Yellow Mustard,"1,056.00 kgs","INR 7,070/-","INR 74,659/-",BRD-DWS
T027244,03/15/2024,F01990,Delivery,Mustard,900 kg,"INR 7,070/-","INR 63,630/-",BRD-DWS
T027245,12/14/2023,F01990,input,PP chemicals,42 kgs,INR 550/-,"INR 23,086/-",BRD-DWS
T027246,02/12/2024,f01990,loan,Loan Repayment,,,"INR 2,500/-",BRD-DWS
T027247,01/04/2024,F01990,LOAN_REPAY,EMI,,,"INR 6,200/-",BRD-DWS
T027248,04/29/2024,F01994,delivery,Sarson,18.0 qtl,"INR 6,875/-","INR 1,23,612/-",BRD-DWS
T027249,12/23/2023,F01994,FERT_PURCHASE,Fertilizer,198 kg,INR 58/-,"INR 11,522/-",BRD-DWS
T027250,01/01/2024,F01994,Input Purchase,Fertilizer,106 kgs,INR 52/-,"INR 5,564/-",BRD-DWS
T027251,05/03/2024,F01998,DELIVERY,Yellow Mustard,399.00 kgs,"INR 6,725/-","INR 26,833/-",BRD-DWS
T027252,05/08/2024,F01998,FPO_DELIVERY,Yellow Mustard,27.91 quintals,"INR 6,725/-","INR 1,87,695/-",BRD-DWS
T027253,03/27/2024,f02002,DELIVERY,mustard (Yellow),5.05 q,"INR 7,250/-","INR 36,612/-",BRD-DWS
T027254,04/08/2024,f02002,delivery,Mustard,3.89 quintals,"INR 7,250/-","INR 28,202/-",BRD-DWS
T027255,04/10/2024,f02002,DELIVERY,WHEAT,1.01 quintals,"INR 2,765/-","INR 2,793/-",BRD-DWS
T027256,03/14/2024,F02002,DELIVERY,Wheat (Durum),2.01 t,"INR 2,765/-","INR 55,604/-",BRD-DWS
T027257,12/28/2023,F02002,INPUT_PURCHASE,Hybrid Seeds,38 kgs,INR 56/-,"INR 2,137/-",BRD-DWS
T027258,03/18/2024,f02002,L,EMI,,,"INR 6,700/-",BRD-DWS
T027259,03/14/2024,F02002,LOAN_REPAY,EMI,,,"INR 3,400/-",BRD-DWS
T027260,04/20/2024,F02002,Loan Repayment,EMI,,,"INR 6,300/-",BRD-DWS
T027261,01/25/2024,F02002,L,EMI,,,"INR 3,300/-",BRD-DWS
T027262,03/14/2024,F02012,delivery,mustard (Yellow),236 kg,"INR 7,050/-","INR 16,638/-",BRD-DWS
T027263,03/04/2024,F02012,FPO_DELIVERY,Yellow Mustard,845 kg,"INR 7,050/-","INR 59,572/-",BRD-DWS
T027264,01/10/2024,F02012,FERT_PURCHASE,Urea,219 kgs,INR 46/-,"INR 10,122/-",BRD-DWS
T027265,12/15/2023,F02012,Input Purchase,FERTILIZER 50kg bag,308 kg,INR 49/-,"INR 15,209/-",BRD-DWS
T027266,02/14/2024,F02012,loan,EMI,,,"INR 5,100/-",BRD-DWS
T027267,26/03/2024,f02021,D,Yellow Mustard,4.8 qtl,"INR 6,650/-","INR 31,654/-",BRD-DWS
T027268,03/04/2024,F02021,Delivery,MUSTARD,21.8 qtl,"INR 6,650/-","INR 1,44,704/-",BRD-DWS
T027269,08/01/2024,F02021,FERT_PURCHASE,Hybrid Seeds,253 kg,INR 111/-,"INR 28,177/-",BRD-DWS
T027270,03/04/2024,f02026,delivery,mustard (Yellow),826 kg,"INR 6,775/-","INR 55,962/-",BRD-DWS
T027271,03/31/2024,f02026,D,Mustard,795.00 kgs,"INR 6,775/-","INR 53,861/-",BRD-DWS
T027272,04/08/2024,F02031,DELIVERY,MUSTARD,392 kg,"INR 8,020/-","INR 31,438/-",BRD-DWS
T027273,03/01/2024,F02031,FPO_DELIVERY,MUSTARD,1323 kg,"INR 8,020/-","INR 1,06,105/-",BRD-DWS
T027274,05/03/2024,F02031,FPO_DELIVERY,wheat,3452 kg,"INR 2,820/-","INR 97,346/-",BRD-DWS
T027275,12/15/2023,F02031,input,NPK 10:26:26,165 kg,INR 55/-,"INR 9,100/-",BRD-DWS
T027276,01/08/2024,F02031,input,SEEDS,163 kg,INR 87/-,"INR 14,184/-",BRD-DWS
T027277,12/04/2023,F02031,Input Purchase,PP chemicals,38 kgs,INR 304/-,"INR 11,539/-",BRD-DWS
T027278,04/17/2024,f02035,FPO_DELIVERY,Yellow Mustard,20.04 q,"INR 7,275/-","INR 1,45,791/-",BRD-DWS
T027279,03/15/2024,F02035,delivery,Yellow Mustard,351.00 kgs,"INR 7,275/-","INR 25,535/-",BRD-DWS
T027280,28/12/2023,F02035,Input Purchase,DAP,68 kg,INR 43/-,"INR 2,904/-",BRD-DWS
T027281,13/12/2023,F02035,Input Purchase,Fertilizer,130 kgs,INR 43/-,"INR 5,641/-",BRD-DWS
T027282,12/26/2023,F02035,input,FERTILIZER 50kg bag,259 kg,INR 54/-,"INR 14,084/-",BRD-DWS
T027283,23/12/2023,F02035,Input Purchase,PPC,276 kg,INR 128/-,"INR 35,242/-",BRD-DWS
T027284,03/16/2024,F02036,Delivery,Sarson,14.2 qtl,"INR 6,835/-","INR 97,262/-",BRD-DWS
T027285,05/12/2024,F02036,FPO_DELIVERY,MUSTARD,230 kg,"INR 6,835/-","INR 15,720/-",BRD-DWS
T027286,02/29/2024,F02036,delivery,Wheat,"3,707.00 kgs","INR 2,520/-","INR 93,416/-",BRD-DWS
T027287,04/27/2024,F02038,FPO_DELIVERY,Mustard,3.10 MT,"INR 7,650/-","INR 2,37,380/-",BRD-DWS
T027288,03/30/2024,F02038,DELIVERY,Yellow Mustard,88.00 kgs,"INR 7,650/-","INR 6,732/-",BRD-DWS
T027289,04/29/2024,F02038,DELIVERY,Wheat (Durum),6453 kg,"INR 2,620/-","INR 1,69,069/-",BRD-DWS
T027290,12/26/2023,f02038,FERT_PURCHASE,Urea,221 kgs,INR 37/-,"INR 8,144/-",BRD-DWS
T027291,12/15/2023,F02038,Input Purchase,SEEDS,193 kgs,INR 68/-,"INR 13,093/-",BRD-DWS
T027292,01/13/2024, F02038 ,Input Purchase,NPK 10:26:26,45 kgs,INR 31/-,"INR 1,378/-",BRD-DWS
T027293,04/04/2024,F02038,loan,EMI,,,"INR 5,000/-",BRD-DWS
T027294,03/09/2024,F02041,D,MUSTARD,0.63 MT,"INR 6,730/-","INR 42,197/-",BRD-DWS
T027295,04/29/2024,F02041,DELIVERY,Yellow Mustard,38.00 kgs,"INR 6,730/-","INR 2,557/-",BRD-DWS
T027296,05/08/2024,F02041,FPO_DELIVERY,Yellow Mustard,1.3 qtl,"INR 6,730/-","INR 8,480/-",BRD-DWS
T027297,12/15/2023,F02041,FERT_PURCHASE,Seeds,123 kg,INR 65/-,"INR 8,047/-",BRD-DWS
T027298,04/28/2024,F02042,FPO_DELIVERY,Yellow Mustard,88 kg,"INR 7,070/-","INR 6,222/-",BRD-DWS
T027299,03/25/2024,F02042,delivery,Mustard,0.81 MT,"INR 7,070/-","INR 57,479/-",BRD-DWS
T027300,03/03/2024,F02042,D,wheat,2.40 MT,"INR 2,695/-","INR 64,545/-",BRD-DWS
T027301,12/15/2023,F02042,INPUT_PURCHASE,FERTILIZER 50kg bag,315 kg,INR 49/-,"INR 15,473/-",BRD-DWS
T027302,12/07/2023,F02042,FERT_PURCHASE,NPK 10:26:26,215 kg,INR 42/-,"INR 8,998/-",BRD-DWS
T027303,05/06/2024,F02044,Delivery,Yellow Mustard,3.84 q,"INR 6,550/-","INR 25,152/-",BRD-DWS
T027304,03/21/2024,F02044,FPO_DELIVERY,Yellow Mustard,2.72 MT,"INR 6,550/-","INR 1,78,291/-",BRD-DWS
T027305,12/02/2023,f02044,INPUT_PURCHASE,FERTILIZER 50kg bag,145 kg,INR 29/-,"INR 4,233/-",BRD-DWS
T027306,12/22/2023,F02044,Input Purchase,Fertilizer,51 kgs,INR 37/-,"INR 1,871/-",BRD-DWS
T027307,04/20/2024,F02046,Delivery,Yellow Mustard,3.72 quintals,"INR 6,480/-","INR 24,106/-",BRD-DWS
T027308,03/19/2024,F02046,DELIVERY,mustard (Yellow),1054 kg,"INR 6,480/-","INR 68,299/-",BRD-DWS
T027309,04/14/2024,F02046,DELIVERY,Yellow Mustard,34 kg,"INR 6,480/-","INR 2,203/-",BRD-DWS
T027310,13/01/2024,F02046,input,DAP,146 kg,INR 49/-,"INR 7,176/-",BRD-DWS
T027311,12/13/2023,F02046,L,Loan Repayment,,,"INR 6,800/-",BRD-DWS
T027312,03/30/2024,f02049,D,Sarson,10.53 quintals,"INR 6,945/-","INR 73,131/-",BRD-DWS
T027313,29/02/2024,F02049,DELIVERY,Sarson,6.45 quintals,"INR 6,945/-","INR 44,795/-",BRD-DWS
T027314,12/27/2023,F02049,INPUT_PURCHASE,DAP,105 kg,INR 43/-,"INR 4,482/-",BRD-DWS
T027315,01/09/2024,F02049,I,Bio-pesticide,280 kg,INR 519/-,"INR 1,45,286/-",BRD-DWS
T027316,12/12/2023,F02049,Input Purchase,DAP,,INR 36/-,"INR 8,878/-",BRD-DWS
T027317,01/10/2024,F02049,I,Fertilizer,151 kgs,INR 42/-,"INR 6,372/-",BRD-DWS
T027318,12/16/2023,F02049,L,EMI,,,"INR 1,500/-",BRD-DWS
T027319,27/02/2024,F02049,Loan Repayment,EMI,,,"INR 4,100/-",BRD-DWS
T027320,12/27/2023,f02049,Loan Repayment,EMI,,,"INR 6,800/-",BRD-DWS
T027321,04/09/2024,F02060,Delivery,mustard (Yellow),46.38 quintals,"INR 6,880/-","INR 3,19,094/-",BRD-DWS
T027322,05/08/2024,F02060,delivery,Wheat (Durum),119.2 qtl,"INR 2,805/-","INR 3,34,496/-",BRD-DWS
T027323,12/01/2023,F02060,FERT_PURCHASE,NPK 10:26:26,255 kg,INR 43/-,"INR 10,904/-",BRD-DWS
T027324,12/24/2023,F02060,INPUT_PURCHASE,NPK 10:26:26,87 kg,INR 40/-,"INR 3,452/-",BRD-DWS
T027325,12/10/2023,F02060,INPUT_PURCHASE,NPK 10:26:26,233 kgs,INR 35/-,"INR 8,106/-",BRD-DWS
T027326,03/10/2024,F02061,DELIVERY,MUSTARD,"2,162.00 kgs","INR 7,410/-","INR 1,60,204/-",BRD-DWS
T027327,12/18/2023,,I,Urea,150 kg,INR 42/-,"INR 6,336/-",BRD-DWS
T027328,12/25/2023,F02061,I,NPK 10:26:26,272 kg,INR 49/-,"INR 13,276/-",BRD-DWS
T027558,04/18/2024,F02227,DELIVERY,Mustard,1118 kg,"INR 7,325/-","INR 81,894/-",BRD-DWS
T027559,01/05/2024,F02227,I,Urea,207 kg,INR 30/-,"INR 6,206/-",BRD-DWS
T027560,01/12/2024,F02227,I,PP chemicals,55 kg,INR 269/-,"INR 14,769/-",BRD-DWS
T027561,04/07/2024,F02231,FPO_DELIVERY,mustard (Yellow),758.00 kgs,"INR 7,215/-","INR 54,690/-",BRD-DWS
T027562,03/13/2024,F02231,Delivery,Yellow Mustard,1.06 t,"INR 7,215/-","INR 76,190/-",BRD-DWS
T027563,12/16/2023,F02231,I,DAP,273 kgs,INR 51/-,"INR 13,855/-",BRD-DWS
T027564,12/30/2023,F02231,Input Purchase,NPK 10:26:26,152 kgs,INR 36/-,"INR 5,483/-",BRD-DWS
T027565,12/16/2023,F02231,FERT_PURCHASE,Fertilizer,248 kgs,INR 33/-,"INR 8,117/-",BRD-DWS
T027566,12/11/2023,F02231,input,DAP,247 kgs,INR 32/-,"INR 7,968/-",BRD-DWS
T027574,03/27/2024,F02243,delivery,MUSTARD,"3,071.00 kgs","INR 7,335/-","INR 2,25,258/-",BRD-DWS
T027575,12/22/2023,F02243,INPUT_PURCHASE,Seeds,310 kgs,INR 95/-,₹ N/A,BRD-DWS
T027576,12/03/2023,F02243,I,Fertilizer,61 kg,INR 35/-,"INR 2,125/-",BRD-DWS
T027577,02/09/2024,F02243,L,Loan Repayment,,,"INR 4,300/-",BRD-DWS
T027589,04/20/2024,F02250,DELIVERY,Sarson,14.57 quintals,"INR 7,325/-","INR 1,06,725/-",BRD-DWS
T027590,03/26/2024,F02250,DELIVERY,Mustard,76.00 kgs,"INR 7,325/-","INR 5,567/-",BRD-DWS
T027591,12/28/2023,F02250,INPUT_PURCHASE,Fertilizer,111 kg,INR 54/-,"INR 6,045/-",BRD-DWS
T027592,12/16/2023,F02250,input,PP chemicals,136 kg,INR 473/-,"INR 64,302/-",BRD-DWS
T027593,12/10/2023,F02250,Input Purchase,Fertilizer,311 kgs,INR 57/-,"INR 17,677/-",BRD-DWS
T027628,03/27/2024,F02275,delivery,Yellow Mustard,128 kg,"INR 7,465/-","INR 9,555/-",BRD-DWS
T027629,27/03/2024,F02275,DELIVERY,Mustard,387 kg,"INR 7,465/-","INR 28,890/-",BRD-DWS
T027630,03/25/2024,f02275,FPO_DELIVERY,MUSTARD,370 kg,"INR 7,465/-","INR 27,620/-",BRD-DWS
T027631,12/04/2023, F02275 ,I,Fertilizer,145 kg,INR 35/-,"INR 5,075/-",BRD-DWS
T027632,31/12/2023,F02275,Input Purchase,NPK 10:26:26,161 kgs,INR 51/-,"INR 8,180/-",BRD-DWS
T027633,05/17/2024,F02275,L,Loan Repayment,,,"INR 3,400/-",BRD-DWS
T027634,04/17/2024,F02275,LOAN_REPAY,EMI,,,"INR 4,300/-",BRD-DWS
T027663,02/29/2024,F02293,DELIVERY,Mustard,658 kg,"INR 6,510/-","INR 42,836/-",BRD-DWS
T027664,12/31/2023,F02293,input,SEEDS,42 kg,INR 46/-,"INR 1,916/-",BRD-DWS
T027671,04/10/2024, F02298 ,Delivery,Sarson,1.69 t,"INR 6,965/-","INR 1,17,639/-",BRD-DWS
T027672,12/23/2023,F02298,FERT_PURCHASE,Bio-pesticide,300 kgs,INR 591/-,"INR 1,77,201/-",BRD-DWS
T027673,01/03/2024,F02298,INPUT_PURCHASE,Fertilizer,206 kgs,INR 33/-,"INR 6,730/-",BRD-DWS
T027677,04/02/2024,F02301,Delivery,Sarson,0.6 qtl,"INR 6,800/-","INR 3,808/-",BRD-DWS
T027678,04/09/2024,F02301,FPO_DELIVERY,Mustard,8.64 q,"INR 6,800/-","INR 58,752/-",BRD-DWS
T027679,12/03/2023,F02301,INPUT_PURCHASE,Seeds,,INR 49/-,"INR 10,211/-",BRD-DWS
T027680,12/30/2023,F02301,I,Fertilizer,31 kg,INR 58/-,"INR 1,795/-",BRD-DWS
T027742,03/27/2024,F02360,DELIVERY,MUSTARD,1.10 quintals,"INR 6,965/-","INR 7,662/-",BRD-DWS
T027743,04/01/2024,F02360,FPO_DELIVERY,Yellow Mustard,23.25 quintals,"INR 6,965/-","INR 1,61,936/-",BRD-DWS
T027744,03/27/2024,F02360,DELIVERY,Mustard,176.00 kgs,"INR 6,965/-","INR 12,258/-",BRD-DWS
T027745,03/16/2024,F02360,LOAN_REPAY,Loan Repayment,,,"INR 4,400/-",BRD-DWS
T027800,05/08/2024,F02394,delivery,Sarson,900 kg,"INR 6,995/-","INR 62,955/-",BRD-DWS
T027801,03/19/2024,F02394,delivery,mustard (Yellow),8.66 q,"INR 6,995/-","INR 60,577/-",BRD-DWS
T027802,12/30/2023,F02394,loan,EMI,,,"INR 1,500/-",BRD-DWS
T027803,05/18/2024,F02394,loan,EMI,,,"INR 1,900/-",BRD-DWS
T027804,03/25/2024,F02394,LOAN_REPAY,Loan Repayment,,,"INR 3,400/-",BRD-DWS
T027805,03/31/2024,f02394,L,EMI,,,"INR 2,300/-",BRD-DWS
T027808,04/28/2024,F02406,D,mustard (Yellow),48.4 qtl,"INR 6,990/-","INR 3,38,386/-",BRD-DWS
T027811,03/07/2024, F02412 ,DELIVERY,mustard (Yellow),"3,026.00 kgs","INR 7,155/-","INR 2,16,510/-",BRD-DWS
T027812,05/04/2024, F02412 ,FPO_DELIVERY,Yellow Mustard,550.00 kgs,"INR 7,155/-","INR 39,352/-",BRD-DWS
T027813,25/04/2024,F02419,FPO_DELIVERY,mustard (Yellow),6.71 quintals,"INR 7,065/-","INR 47,406/-",BRD-DWS
T027818,03/21/2024, F02422 ,Delivery,Mustard,6.5 qtl,"INR 7,395/-","INR 48,141/-",BRD-DWS
T027819,04/05/2024,f02422,D,Mustard,5.59 q,"INR 7,395/-","INR 41,338/-",BRD-DWS
T027820,01/02/2024,F02422,FERT_PURCHASE,Urea,285 kgs,INR 59/-,"INR 16,789/-",BRD-DWS
T027821,12/26/2023,F02422,Input Purchase,Urea,137 kg,INR 54/-,"INR 7,331/-",BRD-DWS
T027822,12/25/2023,F02422,FERT_PURCHASE,FERTILIZER 50kg bag,72 kgs,INR 51/-,"INR 3,676/-",BRD-DWS
T027830,05/01/2024,F02429,DELIVERY,MUSTARD,11.34 q,"INR 7,080/-",₹ N/A,BRD-DWS
T027831,03/02/2024,F02429,D,Mustard,701 kg,"INR 7,080/-","INR 49,631/-",BRD-DWS
T027832,12/18/2023,F02429,L,EMI,,,"INR 5,500/-",BRD-DWS
T027833,12/06/2023,F02429,L,EMI,,,"INR 6,300/-",BRD-DWS
T027834,05/06/2024,F02429,loan,EMI,,,"INR 4,300/-",BRD-DWS
T027857,22/03/2024,F02440,FPO_DELIVERY,Yellow Mustard,16.89 q,"INR 7,115/-","INR 1,20,172/-",BRD-DWS
T027866,03/28/2024,F02445,DELIVERY,MUSTARD,10.7 qtl,"INR 6,685/-","INR 71,463/-",BRD-DWS
T027867,04/14/2024,F02445,D,Mustard,"2,646.00 kgs","INR 6,685/-","INR 1,76,885/-",BRD-DWS
T027868,12/24/2023,f02445,INPUT_PURCHASE,Fertilizer,35 kgs,INR 54/-,"INR 1,901/-",BRD-DWS
T027869,13/12/2023,F02445,input,NPK 10:26:26,297 kg,INR 49/-,"INR 14,482/-",BRD-DWS
T027870,01/03/2024,f02445,Input Purchase,Seeds,202 kg,INR 51/-,"INR 10,306/-",BRD-DWS
T027871,01/07/2024,F02445,L,EMI,,,INR 800/-,BRD-DWS
T027872,12/04/2023,F02445,L,EMI,,,"INR 6,000/-",BRD-DWS
T027873,28/05/2024,F02445,L,EMI,,,"INR 5,100/-",BRD-DWS
T027881,03/13/2024,F02453,Delivery,Yellow Mustard,8.4 qtl,"INR 6,710/-","INR 56,230/-",BRD-DWS
T027882,01/03/2024, F02453 ,Input Purchase,DAP,291 kg,INR 48/-,"INR 13,831/-",BRD-DWS
T027883,12/18/2023,f02453,input,FERTILIZER 50kg bag,162 kg,INR 48/-,"INR 7,836/-",BRD-DWS
T027896,04/16/2024,f02465,D,Mustard,"1,671.00 kgs","INR 7,415/-","INR 1,23,905/-",BRD-DWS
T027897,05/02/2024,F02465,delivery,mustard (Yellow),0.37 MT,"INR 7,415/-","INR 27,287/-",BRD-DWS
T027898,01/11/2024, F02465 ,I,SEEDS,194 kgs,INR 50/-,"INR 9,752/-",BRD-DWS
T027924,03/27/2024,F02474,Delivery,Yellow Mustard,558 kg,"INR 7,555/-","INR 42,157/-",BRD-DWS
T027925,04/03/2024,F02474,DELIVERY,Yellow Mustard,4.58 quintals,"INR 7,555/-","INR 34,602/-",BRD-DWS
T027926,12/12/2023,F02474,I,SEEDS,259 kgs,INR 104/-,"INR 26,939/-",BRD-DWS
T027931,03/06/2024,F02478,delivery,MUSTARD,"3,066.00 kgs","INR 6,335/-","INR 1,94,231/-",BRD-DWS
T027932,04/05/2024,F02478,D,Sarson,13.9 qtl,"INR 6,335/-","INR 88,373/-",BRD-DWS
T027933,04/12/2024,F02478,Loan Repayment,Loan Repayment,,,"INR 2,900/-",BRD-DWS
T027934,03/31/2024,F02478,Loan Repayment,Loan Repayment,,,"INR 3,500/-",BRD-DWS
T028013,03/31/2024,F02510,Delivery,Mustard,973.00 kgs,"INR 6,920/-","INR 67,332/-",BRD-DWS
T028014,22/12/2023,F02510,I,Seeds,48 kgs,INR 55/-,"INR 2,637/-",BRD-DWS
T028015,18/12/2023,F02510,input,FERTILIZER 50kg bag,71 kgs,INR 34/-,"INR 2,415/-",BRD-DWS
T028016,03/10/2024,F02513,DELIVERY,Yellow Mustard,5558 kg,"INR 6,545/-","INR 3,63,771/-",BRD-DWS
T028017,04/12/2024,F02513,Delivery,mustard (Yellow),757 kg,"INR 6,545/-","INR 49,546/-",BRD-DWS
T028018,05/16/2024,F02513,LOAN_REPAY,EMI,,,"INR 4,600/-",BRD-DWS
T028019,01/21/2024,F02513,Loan Repayment,Loan Repayment,,,"INR 2,200/-",BRD-DWS
T028020,01/15/2024,F02513,Loan Repayment,EMI,,,"INR 4,400/-",BRD-DWS
T028080,03/27/2024,F02542,FPO_DELIVERY,Mustard,2441 kg,"INR 7,625/-","INR 1,86,126/-",BRD-DWS
T028081,03/16/2024,F02542,FPO_DELIVERY,Mustard,2605 kg,"INR 7,625/-","INR 1,98,631/-",BRD-DWS
T028082,01/12/2024,F02542,I,Bio-pesticide,178 kgs,INR 609/-,"INR 1,08,361/-",BRD-DWS
T028083,01/07/2024,F02542,INPUT_PURCHASE,Seeds,219 kgs,INR 85/-,"INR 18,696/-",BRD-DWS
T028102,26/04/2024, F02557 ,Delivery,mustard (Yellow),6.58 q,"INR 7,370/-","INR 48,495/-",BRD-DWS
T028103,04/16/2024,F02557,D,mustard (Yellow),177.00 kgs,"INR 7,370/-","INR 13,045/-",BRD-DWS
T028104,12/14/2023,F02557,FERT_PURCHASE,FERTILIZER 50kg bag,291 kg,INR 60/-,"INR 17,317/-",BRD-DWS
T028105,05/29/2024,f02557,Loan Repayment,Loan Repayment,,,"INR 5,900/-",BRD-DWS
T028106,13/03/2024,F02557,L,Loan Repayment,,,"INR 4,900/-",BRD-DWS
T028114,05/10/2024,F02561,Delivery,Mustard,195 kg,"INR 7,155/-","INR 13,952/-",BRD-DWS
T028115,14/04/2024,F02561,DELIVERY,Yellow Mustard,6.5 qtl,"INR 7,155/-","INR 46,722/-",BRD-DWS
T028129,03/15/2024,F02566,FPO_DELIVERY,MUSTARD,35 kg,"INR 7,085/-","INR 2,480/-",BRD-DWS
T028130,04/06/2024,F02566,FPO_DELIVERY,Mustard,"1,638.00 kgs","INR 7,085/-","INR 1,16,052/-",BRD-DWS
T028131,12/11/2023,F02566,Input Purchase,DAP,138 kgs,INR 59/-,"INR 8,175/-",BRD-DWS
T028132,08/04/2024, F02566 ,loan,EMI,,,"INR 3,400/-",BRD-DWS
T028237,04/10/2024,f02600,D,Mustard,154.00 kgs,"INR 7,070/-","INR 10,888/-",BRD-DWS
T028238,02/29/2024, F02600 ,D,Mustard,592.00 kgs,"INR 7,070/-","INR 41,854/-",BRD-DWS
T028239,12/13/2023,F02600,LOAN_REPAY,Loan Repayment,,,"INR 6,300/-",BRD-DWS
T028261,03/08/2024,F02607,delivery,MUSTARD,1.07 t,"INR 6,875/-","INR 73,906/-",BRD-DWS
T028262,02/29/2024,F02607,DELIVERY,Mustard,7.09 q,"INR 6,875/-","INR 48,744/-",BRD-DWS
T028263,12/19/2023,F02607,Input Purchase,DAP,314 kgs,INR 50/-,"INR 15,562/-",BRD-DWS
T029216,10/03/2024,f01913,D,SOYABEAN,4.93 quintals,"INR 6,390/-","INR 31,503/-",BRD-DWS
T029217,06/06/2024,F01913,I,FERTILIZER 50kg bag,110 kgs,INR 50/-,"INR 5,522/-",BRD-DWS
T029218,17/10/2024,F01914,Delivery,SOYABEAN,421 kg,"INR 5,995/-","INR 25,239/-",BRD-DWS
T029219,06/10/2024,f01914,I,Urea,112 kgs,INR 31/-,"INR 3,482/-",BRD-DWS
T029220,06/24/2024, F01914 ,I,DAP,281 kg,INR 43/-,"INR 12,122/-",BRD-DWS
T029221,10/11/2024,F01915,FPO_DELIVERY,Soybean,6.3 qtl,"INR 6,005/-","INR 37,952/-",BRD-DWS
T029222,11/02/2024,F01915,FPO_DELIVERY,Soybean,10.40 q,"INR 6,005/-","INR 62,452/-",BRD-DWS
T029223,06/02/2024,F01915,INPUT_PURCHASE,NPK 10:26:26,196 kgs,INR 35/-,"INR 6,905/-",BRD-DWS
T029224,06/02/2024,f01915,Input Purchase,Urea,32 kgs,INR 56/-,"INR 1,796/-",BRD-DWS
T029225,11/20/2024,F01917,DELIVERY,Soybean (Yellow),0.83 quintals,"INR 6,090/-","INR 5,055/-",BRD-DWS
T029226,10/23/2024,F01917,delivery,Soybean (Yellow),3.74 q,"INR 6,090/-","INR 22,777/-",BRD-DWS
T029227,01/06/2024,F01917,I,Fertilizer,43 kgs,INR 43/-,"INR 1,838/-",BRD-DWS
T029228,06/11/2024,F01917,FERT_PURCHASE,Hybrid Seeds,84 kgs,INR 67/-,"INR 5,666/-",BRD-DWS
T029229,08/28/2024,F01917,Loan Repayment,Loan Repayment,,,"INR 5,100/-",BRD-DWS
T029230,09/22/2024,F01917,LOAN_REPAY,Loan Repayment,,,"INR 3,000/-",BRD-DWS
T029231,11/08/2024,F01917,Loan Repayment,EMI,,,"INR 2,600/-",BRD-DWS
T029232,08/17/2024,F01917,loan,Loan Repayment,,,"INR 7,300/-",BRD-DWS
T029233,10/08/2024,F01918,FPO_DELIVERY,soya,3.44 q,"INR 6,425/-",₹ N/A,BRD-DWS
T029234,11/06/2024,F01918,DELIVERY,soya,2.42 q,"INR 6,425/-","INR 15,548/-",BRD-DWS
T029235,06/29/2024,F01918,INPUT_PURCHASE,Urea,190 kgs,INR 58/-,"INR 11,024/-",BRD-DWS
T029236,06/20/2024,F01918,INPUT_PURCHASE,Urea,227 kgs,INR 54/-,"INR 12,288/-",BRD-DWS
T029237,07/02/2024,f01918,I,Fertilizer,302 kgs,INR 44/-,"INR 13,155/-",BRD-DWS
T029238,10/31/2024,F01918,LOAN_REPAY,EMI,,,"INR 2,500/-",BRD-DWS
T029239,07/31/2024,F01918,L,EMI,,,"INR 3,300/-",BRD-DWS
T029240,13/10/2024,F01920,FPO_DELIVERY,Soybean,681 kg,"INR 5,890/-","INR 40,111/-",BRD-DWS
T029241,30/11/2024,F01920,DELIVERY,Soybean,0.9 qtl,"INR 5,890/-","INR 5,242/-",BRD-DWS
T029242,10/06/2024, F01921 ,DELIVERY,soya,388.00 kgs,"INR 6,310/-","INR 24,483/-",BRD-DWS
T029243,17/10/2024,F01921,FPO_DELIVERY,Soybean (Yellow),6.06 quintals,"INR 6,310/-","INR 38,239/-",BRD-DWS
T029244,06/22/2024,F01921,FERT_PURCHASE,Hybrid Seeds,263 kg,INR 49/-,"INR 12,842/-",BRD-DWS
T029245,07/14/2024,F01921,input,PP chemicals,269 kg,INR 304/-,"INR 81,886/-",BRD-DWS
T029246,06/25/2024,F01921,Input Purchase,FERTILIZER 50kg bag,290 kgs,INR 47/-,"INR 13,642/-",BRD-DWS
T029247,07/09/2024,F01921,input,Hybrid Seeds,179 kg,INR 125/-,"INR 22,386/-",BRD-DWS
T029248,10/15/2024,F01929,Delivery,Soybean (Yellow),38.00 kgs,"INR 5,930/-","INR 2,253/-",BRD-DWS
T029249,11/05/2024,F01929,DELIVERY,Soybean,434.00 kgs,"INR 5,930/-","INR 25,736/-",BRD-DWS
T029250,07/14/2024,F01929,I,SEEDS,134 kgs,INR 126/-,"INR 16,833/-",BRD-DWS
T029251,07/10/2024,F01929,FERT_PURCHASE,Seeds,277 kg,INR 86/-,"INR 23,761/-",BRD-DWS
T029252,09/05/2024,F01929,loan,Loan Repayment,,,"INR 2,000/-",BRD-DWS
T029253,10/16/2024,F01934,delivery,Soybean (Yellow),141 kg,"INR 6,125/-","INR 8,636/-",BRD-DWS
T029254,10/23/2024,F01934,D,Soybean (Yellow),509.00 kgs,"INR 6,125/-","INR 31,176/-",BRD-DWS
T029255,06/10/2024,F01934,I,Urea,120 kg,INR 39/-,"INR 4,645/-",BRD-DWS
T029256,06/23/2024,F01934,Input Purchase,FERTILIZER 50kg bag,197 kgs,INR 43/-,"INR 8,426/-",BRD-DWS
T029257,06/05/2024,f01934,INPUT_PURCHASE,Bio-pesticide,309 kgs,INR 560/-,"INR 1,72,892/-",BRD-DWS
T029258,06/21/2024,F01934,Input Purchase,Fertilizer,318 kg,INR 51/-,"INR 16,215/-",BRD-DWS
T029259,10/25/2024,F01934,loan,Loan Repayment,,,"INR 2,000/-",BRD-DWS
T029260,11/01/2024,f01934,LOAN_REPAY,EMI,,,"INR 1,100/-",BRD-DWS
T029261,08/18/2024,F01934,Loan Repayment,Loan Repayment,,,"INR 6,500/-",BRD-DWS
T029262,10/31/2024,F01937,DELIVERY,SOYABEAN,397.00 kgs,"INR 5,945/-","INR 23,602/-",BRD-DWS
T029263,10/26/2024,F01937,D,Soybean (Yellow),6.26 quintals,"INR 5,945/-","INR 37,216/-",BRD-DWS
T029264,10/06/2024,F01937,delivery,Soybean,0.10 MT,"INR 5,945/-","INR 5,945/-",BRD-DWS
T029265,07/04/2024,F01937,Input Purchase,SEEDS,133 kg,INR 74/-,"INR 9,838/-",BRD-DWS
T029266,06/24/2024,F01937,INPUT_PURCHASE,DAP,110 kgs,INR 42/-,"INR 4,661/-",BRD-DWS
T029267,09/01/2024,F01937,loan,Loan Repayment,,,"INR 6,800/-",BRD-DWS
T029268,11/18/2024,F01937,LOAN_REPAY,Loan Repayment,,,"INR 3,800/-",BRD-DWS
T029269,09/18/2024,f01937,L,EMI,,,"INR 3,900/-",BRD-DWS
T029270,10/12/2024,F01939,DELIVERY,Soybean (Yellow),927 kg,"INR 5,940/-","INR 55,064/-",BRD-DWS
T029271,07/09/2024,F01939,I,Hybrid Seeds,290 kg,INR 102/-,"INR 29,664/-",BRD-DWS
T029272,06/19/2024,F01939,Input Purchase,Seeds,177 kg,INR 98/-,"INR 17,373/-",BRD-DWS
T029273,10/14/2024,F01940,delivery,Soybean (Yellow),6.3 qtl,"INR 5,915/-","INR 37,146/-",BRD-DWS
T029274,07/10/2024, F01940 ,input,Seeds,130 kg,INR 76/-,"INR 9,918/-",BRD-DWS
T029275,11/10/2024, F01948 ,delivery,soya,633.00 kgs,"INR 5,660/-","INR 35,828/-",BRD-DWS
T029276,10/26/2024,F01948,Delivery,Soybean (Yellow),254 kg,"INR 5,660/-","INR 14,376/-",BRD-DWS
T029277,02/06/2024,f01948,Input Purchase,Urea,254 kg,INR 39/-,"INR 9,883/-",BRD-DWS
T029278,06/15/2024,F01948,input,DAP,39 kg,INR 41/-,"INR 1,602/-",BRD-DWS
T029279,06/10/2024,f01948,L,EMI,,,"INR 5,700/-",BRD-DWS
T029280,22/11/2024,F01948,LOAN_REPAY,EMI,,,"INR 5,400/-",BRD-DWS
T029281,11/08/2024,f01958,D,Soybean (Yellow),8 kg,"INR 5,995/-",INR 480/-,BRD-DWS
T029282,11/09/2024,F01958,delivery,Soybean (Yellow),0.08 MT,"INR 5,995/-","INR 4,796/-",BRD-DWS
T029283,10/23/2024,F01958,delivery,Soybean,0.25 t,"INR 5,995/-","INR 14,748/-",BRD-DWS
T029284,07/07/2024,F01958,Input Purchase,Urea,295 kgs,INR 47/-,"INR 13,871/-",BRD-DWS
T029285,10/31/2024,F01959,FPO_DELIVERY,Soybean (Yellow),0.28 MT,"INR 5,900/-","INR 16,225/-",BRD-DWS
T029286,06/24/2024,F01959,input,Bio-pesticide,222 kg,INR 438/-,"INR 97,267/-",BRD-DWS
T029287,07/03/2024,F01959,Input Purchase,SEEDS,297 kg,INR 73/-,"INR 21,639/-",BRD-DWS
T029288,10/01/2024,F01964,DELIVERY,SOYABEAN,5.00 q,"INR 6,140/-","INR 30,700/-",BRD-DWS
T029289,07/13/2024,F01964,INPUT_PURCHASE,PP chemicals,55 kg,INR 632/-,"INR 34,748/-",BRD-DWS
T029290,06/29/2024,F01964,INPUT_PURCHASE,DAP,209 kgs,INR 54/-,"INR 11,342/-",BRD-DWS
T029291,03/08/2024,F01964,LOAN_REPAY,EMI,,,"INR 4,600/-",BRD-DWS
T029292,08/14/2024,F01964,Loan Repayment,EMI,,,"INR 1,300/-",BRD-DWS
T029293,27/07/2024,F01964,Loan Repayment,EMI,,,"INR 6,200/-",BRD-DWS
T029294,08/15/2024,F01964,loan,Loan Repayment,,,"INR 2,400/-",BRD-DWS
T029295,11/27/2024,f01969,delivery,Soybean,7.2 qtl,"INR 6,680/-","INR 48,029/-",BRD-DWS
T029296,06/21/2024,F01969,I,NPK 10:26:26,203 kgs,INR 32/-,"INR 6,593/-",BRD-DWS
T029297,06/21/2024,F01969,FERT_PURCHASE,Fertilizer,156 kgs,INR 46/-,"INR 7,243/-",BRD-DWS
T029298,11/04/2024,f01973,D,Soybean (Yellow),"1,380.00 kgs","INR 5,790/-","INR 79,902/-",BRD-DWS
T029299,07/12/2024,F01973,I,Seeds,87 kg,INR 94/-,"INR 8,143/-",BRD-DWS
T029300,09/13/2024,F01973,loan,Loan Repayment,,,"INR 3,200/-",BRD-DWS
T029301,06/24/2024,F01973,LOAN_REPAY,EMI,,,"INR 4,800/-",BRD-DWS
T029302,11/12/2024, F01973 ,loan,EMI,,,"INR 2,400/-",BRD-DWS
T029303,25/10/2024,f01974,D,SOYABEAN,2.25 q,"INR 5,980/-","INR 13,455/-",BRD-DWS
T029304,10/03/2024,f01974,DELIVERY,soya,188.00 kgs,"INR 5,980/-","INR 11,242/-",BRD-DWS
T029305,14/06/2024,F01974,INPUT_PURCHASE,Bio-pesticide,74 kg,INR 309/-,"INR 22,833/-",BRD-DWS
T029306,06/23/2024,F01974,INPUT_PURCHASE,SEEDS,71 kg,INR 49/-,"INR 3,485/-",BRD-DWS
T029307,11/11/2024,F01974,LOAN_REPAY,Loan Repayment,,,"INR 3,500/-",BRD-DWS
T029308,06/30/2024,F01974,LOAN_REPAY,Loan Repayment,,,"INR 6,200/-",BRD-DWS
T029309,09/01/2024,F01974,loan,Loan Repayment,,,"INR 7,100/-",BRD-DWS
T029310,10/25/2024,F01978,delivery,Soybean,"2,464.00 kgs","INR 5,910/-","INR 1,45,622/-",BRD-DWS
T029311,10/03/2024,F01979,D,Soybean (Yellow),730.00 kgs,"INR 6,015/-","INR 43,910/-",BRD-DWS
T029312,07/09/2024,F01979,input,PPC,261 kgs,INR 177/-,"INR 46,103/-",BRD-DWS
T029313,10/04/2024,F01986,FPO_DELIVERY,Soybean,1296 kg,"INR 5,795/-","INR 75,103/-",BRD-DWS
T029314,06/20/2024,F01986,input,Bio-pesticide,148 kgs,INR 409/-,"INR 60,496/-",BRD-DWS
T029315,06/03/2024,F01986,INPUT_PURCHASE,Fertilizer,73 kg,INR 28/-,"INR 2,048/-",BRD-DWS
T029316,10/21/2024,F01990,DELIVERY,SOYABEAN,"1,257.00 kgs","INR 6,260/-","INR 78,688/-",BRD-DWS
T029317,06/07/2024,F01990,INPUT_PURCHASE,PPC,213 kg,INR 236/-,"INR 50,306/-",BRD-DWS
T029318,06/01/2024,F01990,input,FERTILIZER 50kg bag,289 kgs,INR 52/-,"INR 14,970/-",BRD-DWS
T029319,10/12/2024,F01994,delivery,soya,438.00 kgs,"INR 6,220/-","INR 27,244/-",BRD-DWS
T029320,10/30/2024,f01994,D,Soybean (Yellow),10.43 quintals,"INR 6,220/-","INR 64,875/-",BRD-DWS
T029321,07/11/2024,F01994,Input Purchase,Urea,243 kgs,INR 47/-,"INR 11,528/-",BRD-DWS
T029322,10/04/2024,F01998,FPO_DELIVERY,SOYABEAN,750 kg,"INR 6,485/-","INR 48,638/-",BRD-DWS
T029323,10/28/2024,F01998,Delivery,Soybean,"1,358.00 kgs","INR 6,485/-","INR 88,066/-",BRD-DWS
T029324,06/30/2024,F01998,INPUT_PURCHASE,PP chemicals,201 kg,INR 691/-,"INR 1,38,855/-",BRD-DWS
T029325,06/20/2024,F01998,input,SEEDS,64 kgs,INR 103/-,"INR 6,592/-",BRD-DWS
T029326,11/07/2024,F01998,input,FERTILIZER 50kg bag,83 kgs,INR 38/-,"INR 3,120/-",BRD-DWS
T029327,06/03/2024,F01998,Input Purchase,Hybrid Seeds,35 kg,INR 101/-,"INR 3,522/-",BRD-DWS
T029328,06/21/2024,F01998,input,FERTILIZER 50kg bag,150 kg,INR 45/-,"INR 6,684/-",BRD-DWS
T029329,10/22/2024,F02002,D,soya,7.4 qtl,"INR 6,025/-","INR 44,706/-",BRD-DWS
T029330,10/07/2024, F02002 ,LOAN_REPAY,Loan Repayment,,,"INR 7,200/-",BRD-DWS
T029331,08/29/2024,f02002,LOAN_REPAY,EMI,,,"INR 2,700/-",BRD-DWS
T029332,10/31/2024,f02012,D,soya,807 kg,"INR 6,465/-","INR 52,173/-",BRD-DWS
T029333,06/22/2024,F02012,input,Urea,271 kg,INR 49/-,"INR 13,406/-",BRD-DWS
T029334,13/06/2024,F02012,loan,EMI,,,"INR 3,200/-",BRD-DWS
T029335,11/14/2024,F02021,Delivery,SOYABEAN,"1,723.00 kgs","INR 6,560/-","INR 1,13,029/-",BRD-DWS
T029336,06/24/2024,F02021,I,DAP,135 kg,INR 47/-,"INR 6,411/-",BRD-DWS
T029337,05/06/2024,F02021,FERT_PURCHASE,DAP,86 kg,INR 36/-,"INR 3,112/-",BRD-DWS
T029338,11/19/2024,F02031,Delivery,SOYABEAN,631 kg,"INR 6,205/-","INR 39,154/-",BRD-DWS
T029339,15/10/2024,F02031,D,Soybean (Yellow),177 kg,"INR 6,205/-","INR 10,983/-",BRD-DWS
T029340,11/24/2024,F02031,delivery,Soybean,5.76 q,"INR 6,205/-","INR 35,741/-",BRD-DWS
T029341,27/11/2024,F02035,DELIVERY,Soybean (Yellow),23.1 qtl,"INR 6,215/-","INR 1,43,380/-",BRD-DWS
T029342,27/06/2024,f02035,I,Urea,234 kg,INR 49/-,"INR 11,464/-",BRD-DWS
T029343,10/20/2024,f02036,Delivery,Soybean (Yellow),12.80 q,"INR 6,190/-","INR 79,232/-",BRD-DWS
T029344,07/08/2024,F02036,FERT_PURCHASE,Bio-pesticide,180 kg,INR 556/-,"INR 1,00,150/-",BRD-DWS
T029345,06/12/2024,F02036,input,SEEDS,73 kgs,INR 125/-,"INR 9,140/-",BRD-DWS
T029346,11/23/2024,F02038,DELIVERY,SOYABEAN,"1,803.00 kgs","INR 6,255/-","INR 1,12,778/-",BRD-DWS
T029347,11/28/2024,F02038,DELIVERY,SOYABEAN,938 kg,"INR 6,255/-","INR 58,672/-",BRD-DWS
T029348,06/16/2024,f02038,INPUT_PURCHASE,PP chemicals,230 kg,INR 623/-,"INR 1,43,327/-",BRD-DWS
T029349,06/21/2024,F02038,INPUT_PURCHASE,NPK 10:26:26,26 kg,INR 36/-,INR 942/-,BRD-DWS
T029350,10/10/2024,f02041,D,Soybean,25 kg,"INR 6,410/-","INR 1,602/-",BRD-DWS
T029351,11/30/2024, F02041 ,DELIVERY,Soybean,1.0 qtl,"INR 6,410/-","INR 6,410/-",BRD-DWS
T029352,10/13/2024,F02041,delivery,soya,387 kg,"INR 6,410/-","INR 24,807/-",BRD-DWS
T029353,06/09/2024,F02041,Input Purchase,FERTILIZER 50kg bag,66 kg,INR 31/-,"INR 2,023/-",BRD-DWS
T029354,06/01/2024, F02041 ,Input Purchase,Bio-pesticide,61 kgs,INR 433/-,"INR 26,398/-",BRD-DWS
T029355,10/17/2024,f02042,delivery,Soybean,559 kg,"INR 6,390/-","INR 35,720/-",BRD-DWS
T029356,07/06/2024,F02042,INPUT_PURCHASE,SEEDS,229 kg,INR 99/-,"INR 22,747/-",BRD-DWS
T029357,10/11/2024, F02044 ,DELIVERY,SOYABEAN,798 kg,"INR 6,125/-","INR 48,878/-",BRD-DWS
T029358,06/18/2024,f02044,Input Purchase,Urea,93 kgs,INR 50/-,"INR 4,657/-",BRD-DWS
T029359,06/16/2024,f02044,FERT_PURCHASE,Seeds,57 kgs,INR 114/-,"INR 6,507/-",BRD-DWS
T029360,06/09/2024,F02044,Input Purchase,Bio-pesticide,313 kg,INR 362/-,"INR 1,13,225/-",BRD-DWS
T029361,11/10/2024,f02046,D,Soybean,148 kg,"INR 6,245/-","INR 9,243/-",BRD-DWS
T029362,10/26/2024,F02046,FPO_DELIVERY,SOYABEAN,2.36 q,"INR 6,245/-","INR 14,738/-",BRD-DWS
T029363,11/01/2024,F02049,DELIVERY,Soybean,1.2 qtl,"INR 6,085/-","INR 7,606/-",BRD-DWS
T029364,10/08/2024,F02049,DELIVERY,Soybean (Yellow),0.87 t,"INR 6,085/-","INR 53,122/-",BRD-DWS
T029365,06/01/2024,F02049,Input Purchase,Hybrid Seeds,275 kg,INR 99/-,"INR 27,186/-",BRD-DWS
T029366,07/02/2024,F02049,Input Purchase,NPK 10:26:26,114 kgs,INR 57/-,"INR 6,552/-",BRD-DWS
T029367,11/14/2024,F02049,loan,Loan Repayment,,,"INR 1,400/-",BRD-DWS
T029368,11/27/2024,F02060,Delivery,SOYABEAN,3767 kg,"INR 6,040/-","INR 2,27,527/-",BRD-DWS
T029369,06/26/2024,F02060,input,Seeds,314 kg,INR 116/-,"INR 36,430/-",BRD-DWS
T029370,11/07/2024,F02061,Delivery,Soybean,15.9 qtl,"INR 6,055/-","INR 96,153/-",BRD-DWS
T029371,07/06/2024, F02061 ,INPUT_PURCHASE,Urea,246 kg,INR 45/-,"INR 10,989/-",BRD-DWS
T029581,11/19/2024,f02227,D,SOYABEAN,546.00 kgs,"INR 6,015/-","INR 32,842/-",BRD-DWS
T029582,10/25/2024,f02227,delivery,SOYABEAN,4.03 quintals,"INR 6,015/-","INR 24,240/-",BRD-DWS
T029583,07/12/2024,F02227,INPUT_PURCHASE,SEEDS,253 kg,INR 55/-,"INR 13,806/-",BRD-DWS
T029584,06/15/2024,F02227,I,FERTILIZER 50kg bag,303 kg,INR 38/-,"INR 11,447/-",BRD-DWS
T029585,06/25/2024,F02227,FERT_PURCHASE,SEEDS,272 kgs,INR 61/-,"INR 16,543/-",BRD-DWS
T029586,10/19/2024,f02231,D,Soybean (Yellow),252 kg,"INR 6,745/-","INR 16,997/-",BRD-DWS
T029587,10/17/2024,F02231,D,Soybean,920 kg,"INR 6,745/-","INR 62,054/-",BRD-DWS
T029588,07/08/2024,F02231,I,Fertilizer,289 kgs,INR 52/-,"INR 14,990/-",BRD-DWS
T029589,07/17/2024,f02231,L,Loan Repayment,,,"INR 1,200/-",BRD-DWS
T029590,10/29/2024,F02231,LOAN_REPAY,Loan Repayment,,,"INR 2,300/-",BRD-DWS
T029597,11/09/2024,F02243,delivery,soya,5.1 qtl,"INR 6,275/-","INR 32,002/-",BRD-DWS
T029598,11/29/2024,F02243,DELIVERY,SOYABEAN,11.85 q,"INR 6,275/-","INR 74,359/-",BRD-DWS
T029599,06/30/2024,f02243,Input Purchase,SEEDS,184 kgs,INR 74/-,"INR 13,548/-",BRD-DWS
T029614,10/22/2024,F02250,DELIVERY,Soybean,43.00 kgs,"INR 6,185/-","INR 2,660/-",BRD-DWS
T029615,11/01/2024,F02250,D,SOYABEAN,962 kg,"INR 6,185/-","INR 59,500/-",BRD-DWS
T029616,06/22/2024,F02250,INPUT_PURCHASE,Fertilizer,144 kg,INR 40/-,"INR 5,797/-",BRD-DWS
T029617,07/06/2024, F02250 ,I,SEEDS,205 kg,INR 112/-,"INR 22,872/-",BRD-DWS
T029618,06/19/2024,F02250,Input Purchase,Urea,165 kg,INR 28/-,"INR 4,701/-",BRD-DWS
T029619,06/18/2024,F02250,I,FERTILIZER 50kg bag,55 kg,INR 56/-,"INR 3,100/-",BRD-DWS
T029660,11/07/2024,f02275,DELIVERY,soya,0.27 MT,"INR 5,785/-","INR 15,620/-",BRD-DWS
T029661,09/07/2024,F02275,INPUT_PURCHASE,SEEDS,259 kg,INR 87/-,"INR 22,577/-",BRD-DWS
T029662,06/17/2024,f02275,I,DAP,157 kg,INR 46/-,"INR 7,228/-",BRD-DWS
T029695,01/10/2024,f02298,Delivery,Soybean,2.76 q,"INR 5,960/-","INR 16,450/-",BRD-DWS
T029696,11/16/2024,F02298,FPO_DELIVERY,SOYABEAN,0.1 qtl,"INR 5,960/-",INR 894/-,BRD-DWS
T029697,11/16/2024,F02298,DELIVERY,Soybean,9.46 quintals,"INR 5,960/-","INR 56,382/-",BRD-DWS
T029701,11/17/2024,F02301,FPO_DELIVERY,Soybean,1.56 q,"INR 6,050/-","INR 9,438/-",BRD-DWS
T029702,11/18/2024,f02301,Delivery,Soybean,762.00 kgs,"INR 6,050/-","INR 46,101/-",BRD-DWS
T029779,10/28/2024,F02360,delivery,Soybean,19.24 quintals,"INR 5,975/-","INR 1,14,959/-",BRD-DWS
T029780,06/22/2024, F02360 ,Input Purchase,Fertilizer,137 kgs,INR 55/-,"INR 7,594/-",BRD-DWS
T029818,25/11/2024,F02394,D,soya,485 kg,"INR 5,760/-","INR 27,936/-",BRD-DWS
T029819,11/12/2024,F02394,FPO_DELIVERY,soya,6.51 q,"INR 5,760/-","INR 37,498/-",BRD-DWS
T029820,06/09/2024,F02394,Input Purchase,Fertilizer,240 kg,INR 43/-,"INR 10,428/-",BRD-DWS
T029821,06/23/2024,f02394,I,PP chemicals,159 kg,INR 658/-,"INR 1,04,600/-",BRD-DWS
T029823,10/10/2024,F02406,DELIVERY,Soybean (Yellow),"1,279.00 kgs","INR 5,805/-","INR 74,246/-",BRD-DWS
T029824,11/08/2024,F02406,delivery,Soybean (Yellow),21.98 q,"INR 5,805/-","INR 1,27,594/-",BRD-DWS
T029825,06/17/2024,f02406,I,Fertilizer,136 kg,INR 57/-,"INR 7,745/-",BRD-DWS
T029826,10/05/2024,F02412,FPO_DELIVERY,soya,3.04 t,"INR 5,820/-","INR 1,76,870/-",BRD-DWS
T029827,02/07/2024,F02412,FERT_PURCHASE,PPC,263 kgs,INR 288/-,"INR 75,828/-",BRD-DWS
T029828,06/28/2024,F02412,I,FERTILIZER 50kg bag,155 kg,INR 40/-,"INR 6,250/-",BRD-DWS
T029829,06/21/2024,f02412,Input Purchase,Urea,184 kgs,INR 58/-,"INR 10,582/-",BRD-DWS
T029830,06/14/2024,F02412,INPUT_PURCHASE,SEEDS,189 kg,INR 93/-,"INR 17,636/-",BRD-DWS
T029831,10/15/2024,f02419,delivery,soya,2.0 qtl,"INR 6,325/-","INR 12,587/-",BRD-DWS
T029832,11/02/2024,F02419,D,Soybean,0.28 t,"INR 6,325/-","INR 17,584/-",BRD-DWS
T029833,06/03/2024,f02419,I,Fertilizer,240 kgs,INR 45/-,"INR 10,738/-",BRD-DWS
T029836,11/26/2024,F02422,D,Soybean (Yellow),841.00 kgs,"INR 5,945/-","INR 49,997/-",BRD-DWS
T029837,07/13/2024,F02422,INPUT_PURCHASE,Bio-pesticide,198 kgs,INR 123/-,"INR 24,293/-",BRD-DWS
T029838,06/24/2024,F02422,I,Urea,213 kgs,INR 35/-,"INR 7,449/-",BRD-DWS
T029839,06/26/2024, F02422 ,FERT_PURCHASE,Fertilizer,77 kgs,INR 58/-,"INR 4,461/-",BRD-DWS
T029847,15/11/2024,F02429,FPO_DELIVERY,soya,11.3 qtl,"INR 6,850/-","INR 77,474/-",BRD-DWS
T029848,11/18/2024, F02429 ,D,Soybean,455 kg,"INR 6,850/-","INR 31,168/-",BRD-DWS
T029849,06/23/2024,F02429,I,SEEDS,56 kg,INR 126/-,"INR 7,047/-",BRD-DWS
T029850,07/08/2024,F02429,Input Purchase,SEEDS,230 kg,INR 71/-,"INR 16,413/-",BRD-DWS
T029851,08/05/2024,F02429,LOAN_REPAY,Loan Repayment,,,"INR 7,400/-",BRD-DWS
T029855,10/21/2024,F02440,Delivery,Soybean,7.5 qtl,"INR 6,000/-","INR 44,760/-",BRD-DWS
T029856,11/07/2024,F02440,DELIVERY,SOYABEAN,259 kg,"INR 6,000/-","INR 15,540/-",BRD-DWS
T029857,11/24/2024,F02440,delivery,soya,321.00 kgs,"INR 6,000/-","INR 19,260/-",BRD-DWS
T029869,10/09/2024,F02445,DELIVERY,soya,27.56 q,"INR 6,095/-","INR 1,67,978/-",BRD-DWS
T029870,17/06/2024,F02445,I,PP chemicals,138 kg,INR 500/-,"INR 68,932/-",BRD-DWS
T029871,06/08/2024,F02445,FERT_PURCHASE,Hybrid Seeds,311 kg,INR 103/-,"INR 31,930/-",BRD-DWS
T029872,06/05/2024,F02445,Input Purchase,NPK 10:26:26,47 kg,INR 56/-,"INR 2,652/-",BRD-DWS
T029873,06/27/2024,F02445,FERT_PURCHASE,NPK 10:26:26,73 kg,INR 55/-,"INR 4,034/-",BRD-DWS
T029880,10/14/2024,F02453,delivery,soya,517.00 kgs,"INR 5,945/-","INR 30,736/-",BRD-DWS
T029896,11/13/2024,F02465,delivery,soya,"1,442.00 kgs","INR 6,030/-","INR 86,953/-",BRD-DWS
T029897,06/14/2024,F02465,Input Purchase,Fertilizer,76 kg,INR 50/-,"INR 3,803/-",BRD-DWS
T029923,10/23/2024,F02474,D,Soybean,1.8 qtl,"INR 5,860/-","INR 10,255/-",BRD-DWS
T029924,10/17/2024,F02474,DELIVERY,SOYABEAN,4.27 quintals,"INR 5,860/-","INR 25,022/-",BRD-DWS
T029925,06/30/2024,F02474,Input Purchase,Urea,239 kg,INR 58/-,"INR 13,766/-",BRD-DWS
T029926,06/26/2024,F02474,FERT_PURCHASE,PP chemicals,248 kgs,INR 368/-,"INR 91,328/-",BRD-DWS
T029927,09/07/2024,F02474,I,Hybrid Seeds,34 kgs,INR 83/-,"INR 2,817/-",BRD-DWS
T029928,06/29/2024,F02474,input,Seeds,236 kg,INR 75/-,"INR 17,658/-",BRD-DWS
T029929,07/02/2024,f02474,FERT_PURCHASE,Urea,61 kgs,INR 46/-,"INR 2,833/-",BRD-DWS
T029937,10/10/2024,F02478,delivery,Soybean,1384 kg,"INR 6,290/-","INR 87,054/-",BRD-DWS
T029938,11/26/2024,F02478,Delivery,soya,3.87 quintals,"INR 6,290/-","INR 24,342/-",BRD-DWS
T029939,11/08/2024,F02478,delivery,SOYABEAN,9.1 qtl,"INR 6,290/-","INR 57,491/-",BRD-DWS
T029940,06/01/2024,f02478,Input Purchase,Urea,232 kg,INR 53/-,"INR 12,219/-",BRD-DWS
T029941,07/06/2024,F02478,FERT_PURCHASE,Seeds,288 kgs,INR 61/-,"INR 17,510/-",BRD-DWS
T030001,11/07/2024,F02510,delivery,Soybean (Yellow),4.0 qtl,"INR 6,260/-","INR 25,165/-",BRD-DWS
T030002,10/03/2024,F02510,DELIVERY,Soybean,0.71 q,"INR 6,260/-","INR 4,445/-",BRD-DWS
T030003,07/07/2024,F02510,input,Urea,126 kgs,INR 33/-,"INR 4,190/-",BRD-DWS
T030004,06/13/2024,F02510,FERT_PURCHASE,Urea,296 kg,INR 56/-,"INR 16,579/-",BRD-DWS
T030005,11/29/2024,F02513,delivery,Soybean,"4,687.00 kgs","INR 6,035/-","INR 2,82,860/-",BRD-DWS
T030067,11/03/2024,F02542,DELIVERY,Soybean,46.4 qtl,"INR 5,880/-","INR 2,72,538/-",BRD-DWS
T030068,06/08/2024,F02542,Input Purchase,DAP,216 kgs,INR 41/-,"INR 8,942/-",BRD-DWS
T030069,23/06/2024,F02542,FERT_PURCHASE,Hybrid Seeds,256 kg,INR 114/-,"INR 29,079/-",BRD-DWS
T030087,11/09/2024,F02557,FPO_DELIVERY,Soybean,5.43 quintals,"INR 6,245/-","INR 33,910/-",BRD-DWS
T030088,07/02/2024,f02557,loan,EMI,,,"INR 2,800/-",BRD-DWS
T030093,10/24/2024,F02561,DELIVERY,SOYABEAN,341 kg,"INR 5,955/-","INR 20,307/-",BRD-DWS
T030094,14/11/2024,f02561,D,soya,281.00 kgs,"INR 5,955/-","INR 16,734/-",BRD-DWS
T030095,06/30/2024,F02561,INPUT_PURCHASE,Fertilizer,115 kg,INR 37/-,"INR 4,303/-",BRD-DWS
T030106,10/11/2024,F02566,D,Soybean (Yellow),"1,372.00 kgs","INR 5,885/-","INR 80,742/-",BRD-DWS
T030107,07/07/2024,F02566,Input Purchase,PP chemicals,200 kg,INR 302/-,"INR 60,478/-",BRD-DWS
T030108,11/29/2024,f02566,LOAN_REPAY,Loan Repayment,,,"INR 7,000/-",BRD-DWS
T030201,10/11/2024,F02607,Delivery,SOYABEAN,"1,222.00 kgs","INR 6,360/-","INR 77,719/-",BRD-DWS
T030202,02/06/2024,F02607,input,Hybrid Seeds,122 kg,INR 80/-,"INR 9,771/-",BRD-DWS
T030227,10/02/2024,F02615,delivery,Soybean (Yellow),11.02 q,"INR 6,140/-","INR 67,663/-",BRD-DWS
T030228,10/02/2024,F02615,DELIVERY,soya,2.67 q,"INR 6,140/-","INR 16,394/-",BRD-DWS
T030229,09/27/2024,F02615,Loan Repayment,EMI,,,"INR 6,500/-",BRD-DWS
T030230,07/03/2024,F02615,loan,EMI,,,"INR 1,900/-",BRD-DWS
T030231,08/15/2024,F02615,L,EMI,,,"INR 2,900/-",BRD-DWS
T030232,11/11/2024,F02616,FPO_DELIVERY,Soybean,4.1 qtl,"INR 6,015/-","INR 24,782/-",BRD-DWS
T030233,10/11/2024,F02616,FPO_DELIVERY,soya,0.39 q,"INR 6,015/-","INR 2,346/-",BRD-DWS
T030234,06/28/2024,F02616,Input Purchase,Urea,199 kg,INR 41/-,"INR 8,087/-",BRD-DWS
T030263,11/15/2024,F02623,FPO_DELIVERY,Soybean,917.00 kgs,"INR 6,155/-","INR 56,441/-",BRD-DWS
T030264,06/25/2024,F02623,FERT_PURCHASE,PP chemicals,234 kgs,INR 340/-,"INR 79,548/-",BRD-DWS
T030265,06/25/2024,F02623,I,NPK 10:26:26,83 kg,INR 47/-,"INR 3,938/-",BRD-DWS
T030266,06/12/2024,F02623,input,PPC,142 kgs,INR 317/-,"INR 44,949/-",BRD-DWS
T030267,10/01/2024,F02623,L,EMI,,,"INR 1,800/-",BRD-DWS
T030277,30/10/2024,F02627,D,Soybean,7.1 qtl,"INR 6,200/-","INR 44,268/-",BRD-DWS
T030278,11/22/2024,F02627,FPO_DELIVERY,soya,0.39 q,"INR 6,200/-","INR 2,418/-",BRD-DWS
T030329,11/17/2024,F02640,D,SOYABEAN,7.12 q,"INR 6,070/-","INR 43,218/-",BRD-DWS
T030330,11/04/2024, F02640 ,FPO_DELIVERY,SOYABEAN,234.00 kgs,"INR 6,070/-","INR 14,204/-",BRD-DWS
T030331,07/14/2024,F02640,input,DAP,135 kgs,INR 37/-,"INR 4,948/-",BRD-DWS
T030383,10/05/2024,F02654,DELIVERY,soya,65 kg,"INR 6,090/-","INR 3,958/-",BRD-DWS
T030384,06/11/2024,F02654,delivery,Soybean (Yellow),124 kg,"INR 6,090/-","INR 7,552/-",BRD-DWS
T030385,06/26/2024,F02654,FERT_PURCHASE,Fertilizer,60 kgs,INR 50/-,"INR 3,011/-",BRD-DWS
T030386,06/09/2024,F02654,input,Urea,303 kgs,INR 55/-,"INR 16,762/-",BRD-DWS
T030387,06/21/2024,f02654,Input Purchase,DAP,286 kg,INR 48/-,"INR 13,794/-",BRD-DWS
T031311,22/04/2025,f01913,delivery,mustard (Yellow),836.00 kgs,"INR 7,545/-","INR 63,076/-",BRD-DWS
T031312,01/04/2025,F01913,input,PPC,49 kgs,INR 548/-,"INR 26,848/-",BRD-DWS
T031313,01/07/2025,F01913,Input Purchase,Fertilizer,132 kg,INR 32/-,"INR 4,166/-",BRD-DWS
T031314,03/12/2024,F01913,Input Purchase,Hybrid Seeds,283 kg,INR 55/-,"INR 15,619/-",BRD-DWS
T031315,04/08/2025,F01914,FPO_DELIVERY,mustard (Yellow),1.85 q,"INR 7,220/-","INR 13,357/-",BRD-DWS
T031316,04/10/2025,F01914,Delivery,mustard (Yellow),9.00 kgs,"INR 7,220/-",INR 650/-,BRD-DWS
T031317,05/14/2025,F01914,delivery,Sarson,5.4 qtl,"INR 7,220/-","INR 38,916/-",BRD-DWS
T031318,05/15/2025,f01914,delivery,WHEAT,11.6 qtl,"INR 2,745/-","INR 31,952/-",BRD-DWS
T031319,03/03/2025,F01914,D,wheat,3.44 q,"INR 2,745/-","INR 9,443/-",BRD-DWS
T031320,12/10/2024,F01914,INPUT_PURCHASE,Fertilizer,302 kgs,INR 45/-,"INR 13,578/-",BRD-DWS
T031321,12/31/2024,F01914,FERT_PURCHASE,Hybrid Seeds,50 kgs,INR 120/-,"INR 6,024/-",BRD-DWS
T031322,04/24/2025, F01915 ,Delivery,Mustard,0.29 MT,"INR 7,320/-","INR 21,155/-",BRD-DWS
T031323,03/19/2025,F01915,FPO_DELIVERY,Yellow Mustard,209 kg,"INR 7,320/-","INR 15,299/-",BRD-DWS
T031324,09/04/2025,F01915,FPO_DELIVERY,Yellow Mustard,"1,568.00 kgs","INR 7,320/-","INR 1,14,778/-",BRD-DWS
T031325,03/14/2025,F01915,D,Wheat,2225 kg,"INR 2,750/-","INR 61,188/-",BRD-DWS
T031326,04/26/2025,F01915,DELIVERY,Wheat (Durum),9.62 q,"INR 2,750/-","INR 26,455/-",BRD-DWS
T031327,03/24/2025, F01915 ,delivery,Wheat,13.2 qtl,"INR 2,750/-","INR 36,218/-",BRD-DWS
T031328,24/04/2025,F01917,D,Mustard,7.19 q,"INR 7,570/-","INR 54,428/-",BRD-DWS
T031329,12/16/2024,F01917,input,NPK 10:26:26,132 kg,INR 42/-,"INR 5,572/-",BRD-DWS
T031330,12/07/2024,F01917,INPUT_PURCHASE,PP chemicals,120 kgs,INR 551/-,"INR 66,178/-",BRD-DWS
T031331,03/18/2025,F01917,L,Loan Repayment,,,"INR 7,600/-",BRD-DWS
T031332,04/05/2025,F01917,L,EMI,,,"INR 6,700/-",BRD-DWS
T031333,03/23/2025,f01918,Delivery,Sarson,898.00 kgs,"INR 7,670/-","INR 68,877/-",BRD-DWS
T031334,01/10/2025,F01918,INPUT_PURCHASE,Fertilizer,68 kgs,INR 38/-,"INR 2,577/-",BRD-DWS
T031335,01/14/2025,F01918,Loan Repayment,EMI,,,"INR 2,100/-",BRD-DWS
T031336,05/15/2025,F01921,Delivery,MUSTARD,"1,490.00 kgs","INR 7,010/-","INR 1,04,449/-",BRD-DWS
T031337,05/03/2025,F01921,Delivery,Lokwan Wheat,"1,189.00 kgs","INR 2,995/-","INR 35,611/-",BRD-DWS
T031338,04/07/2025,F01921,D,Lokwan Wheat,"1,979.00 kgs","INR 2,995/-","INR 59,271/-",BRD-DWS
T031339,01/15/2025,f01921,FERT_PURCHASE,Fertilizer,74 kgs,INR 40/-,"INR 2,960/-",BRD-DWS
T031340,01/21/2025,F01921,L,Loan Repayment,,,"INR 2,200/-",BRD-DWS
T031341,05/11/2025,F01929,FPO_DELIVERY,Mustard,542.00 kgs,"INR 7,345/-","INR 39,810/-",BRD-DWS
T031342,04/11/2025,F01929,FPO_DELIVERY,Sarson,2.29 q,"INR 7,345/-","INR 16,820/-",BRD-DWS
T031343,12/30/2024,f01929,Input Purchase,Bio-pesticide,106 kg,INR 140/-,"INR 14,850/-",BRD-DWS
T031344,01/18/2025,F01929,loan,Loan Repayment,,,"INR 2,500/-",BRD-DWS
T031345,05/10/2025,F01934,FPO_DELIVERY,Sarson,"1,040.00 kgs","INR 7,470/-","INR 77,688/-",BRD-DWS
T031346,05/14/2025,f01934,delivery,wheat,7.36 quintals,"INR 2,710/-","INR 19,946/-",BRD-DWS
T031347,05/04/2025,F01934,delivery,wheat,14.1 qtl,"INR 2,710/-","INR 38,076/-",BRD-DWS
T031348,01/11/2025,F01934,input,SEEDS,107 kgs,INR 111/-,"INR 11,917/-",BRD-DWS
T031349,01/03/2025,f01934,I,DAP,215 kgs,INR 52/-,"INR 11,072/-",BRD-DWS
T031350,01/06/2025,F01934,Input Purchase,Bio-pesticide,195 kg,INR 619/-,"INR 1,20,656/-",BRD-DWS
T031351,04/24/2025,F01934,Loan Repayment,EMI,,,"INR 7,800/-",BRD-DWS
T031352,03/24/2025,F01937,D,MUSTARD,318.00 kgs,"INR 7,230/-","INR 22,991/-",BRD-DWS
T031353,05/07/2025,F01937,DELIVERY,Sarson,1.30 MT,"INR 7,230/-","INR 93,845/-",BRD-DWS
T031354,03/12/2025,F01937,L,EMI,,,"INR 5,100/-",BRD-DWS
T031355,03/20/2025,F01939,FPO_DELIVERY,MUSTARD,15.78 quintals,"INR 7,085/-","INR 1,11,801/-",BRD-DWS
T031356,12/06/2024,F01939,INPUT_PURCHASE,SEEDS,167 kgs,INR 54/-,"INR 9,096/-",BRD-DWS
T031357,12/01/2024,f01939,FERT_PURCHASE,SEEDS,141 kg,INR 47/-,"INR 6,665/-",BRD-DWS
T031358,03/28/2025,F01940,FPO_DELIVERY,Yellow Mustard,11.55 quintals,"INR 7,255/-","INR 83,795/-",BRD-DWS
T031359,12/09/2024,F01940,input,Fertilizer,146 kgs,INR 55/-,"INR 8,078/-",BRD-DWS
T031360,03/06/2025,F01948,delivery,mustard (Yellow),75.00 kgs,"INR 7,140/-","INR 5,355/-",BRD-DWS
T031361,03/29/2025,F01948,Delivery,MUSTARD,0.97 MT,"INR 7,140/-","INR 69,401/-",BRD-DWS
T031362,05/11/2025,F01948,Delivery,mustard (Yellow),225 kg,"INR 7,140/-","INR 16,065/-",BRD-DWS
T031363,05/07/2025,F01948,Delivery,Wheat,"2,920.00 kgs","INR 3,020/-","INR 88,184/-",BRD-DWS
T031364,13/01/2025,F01948,INPUT_PURCHASE,Urea,87 kg,INR 30/-,"INR 2,612/-",BRD-DWS
T031365,12/21/2024,F01948,I,Bio-pesticide,131 kgs,INR 345/-,"INR 45,228/-",BRD-DWS
T031366,01/13/2025,F01948,Loan Repayment,EMI,,,"INR 7,700/-",BRD-DWS
T031367,03/01/2025,F01958,Delivery,Sarson,493 kg,"INR 7,145/-","INR 35,225/-",BRD-DWS
T031368,12/03/2024,F01958,input,NPK 10:26:26,313 kgs,INR 59/-,"INR 18,329/-",BRD-DWS
T031369,03/15/2025,F01959,D,mustard (Yellow),951 kg,"INR 6,845/-","INR 65,096/-",BRD-DWS
T031370,12/18/2024,f01959,Input Purchase,DAP,98 kgs,INR 31/-,"INR 3,050/-",BRD-DWS
T031371,03/06/2025,F01964,delivery,Sarson,0.95 MT,"INR 7,310/-","INR 69,226/-",BRD-DWS
T031372,01/05/2025,F01964,Input Purchase,FERTILIZER 50kg bag,236 kgs,INR 43/-,"INR 10,035/-",BRD-DWS
T031373,01/13/2025,F01964,Loan Repayment,EMI,,,"INR 2,300/-",BRD-DWS
T031374,05/24/2025,f01964,Loan Repayment,Loan Repayment,,,"INR 1,200/-",BRD-DWS
T031375,05/02/2025,F01969,DELIVERY,mustard (Yellow),0.18 t,"INR 6,795/-","INR 12,299/-",BRD-DWS
T031376,04/11/2025,f01969,D,Yellow Mustard,8.20 quintals,"INR 6,795/-","INR 55,719/-",BRD-DWS
T031377,12/29/2024,F01969,I,PPC,48 kg,INR 696/-,"INR 33,423/-",BRD-DWS
T031378,13/01/2025,F01969,I,Hybrid Seeds,69 kg,INR 55/-,"INR 3,782/-",BRD-DWS
T031379,03/26/2025,F01973,Delivery,Yellow Mustard,"1,966.00 kgs","INR 7,825/-","INR 1,53,840/-",BRD-DWS
T031380,12/17/2024,F01973,Input Purchase,NPK 10:26:26,178 kg,INR 41/-,"INR 7,213/-",BRD-DWS
T031381,05/06/2025,F01974,Delivery,Sarson,1.86 q,"INR 7,800/-","INR 14,508/-",BRD-DWS
T031382,03/17/2025,F01974,FPO_DELIVERY,Yellow Mustard,4.26 quintals,"INR 7,800/-","INR 33,228/-",BRD-DWS
T031383,14/01/2025,F01974,Input Purchase,Seeds,256 kg,INR 122/-,"INR 31,140/-",BRD-DWS
T031384,02/05/2025, F01974 ,loan,EMI,,,"INR 5,100/-",BRD-DWS
T031385,12/06/2024,F01974,loan,EMI,,,"INR 5,700/-",BRD-DWS
T031386,06/04/2025,F01978,D,mustard (Yellow),"1,309.00 kgs","INR 7,145/-","INR 93,528/-",BRD-DWS
T031387,04/01/2025,F01978,DELIVERY,Yellow Mustard,14.19 quintals,"INR 7,145/-","INR 1,01,388/-",BRD-DWS
T031388,04/17/2025,F01978,Delivery,wheat,61.0 qtl,"INR 2,620/-","INR 1,59,794/-",BRD-DWS
T031389,04/01/2025, F01978 ,delivery,Wheat,5.31 quintals,"INR 2,620/-","INR 13,912/-",BRD-DWS
T031390,01/05/2025,F01978,INPUT_PURCHASE,Fertilizer,120 kg,INR 41/-,"INR 4,870/-",BRD-DWS
T031391,05/06/2025,f01979,D,MUSTARD,338.00 kgs,"INR 7,260/-","INR 24,539/-",BRD-DWS
T031392,31/03/2025,F01979,D,mustard (Yellow),7.22 q,"INR 7,260/-","INR 52,417/-",BRD-DWS
T031393,23/12/2024,F01979,FERT_PURCHASE,NPK 10:26:26,51 kgs,INR 49/-,"INR 2,484/-",BRD-DWS
T031394,03/01/2025,F01986,Delivery,Sarson,2.7 qtl,"INR 7,250/-","INR 19,502/-",BRD-DWS
T031395,03/10/2025,f01986,FPO_DELIVERY,mustard (Yellow),9.3 qtl,"INR 7,250/-","INR 67,715/-",BRD-DWS
T031396,05/10/2025,F01986,DELIVERY,mustard (Yellow),3.21 quintals,"INR 7,250/-","INR 23,272/-",BRD-DWS
T031397,12/23/2024,F01986,Input Purchase,Fertilizer,294 kg,INR 46/-,"INR 13,662/-",BRD-DWS
T031398,15/12/2024,F01986,FERT_PURCHASE,Seeds,311 kgs,INR 97/-,"INR 30,055/-",BRD-DWS
T031399,12/25/2024,F01986,FERT_PURCHASE,Seeds,301 kgs,INR 54/-,"INR 16,128/-",BRD-DWS
T031400,04/07/2025,F01990,FPO_DELIVERY,Yellow Mustard,1.31 t,"INR 6,950/-","INR 91,045/-",BRD-DWS
T031401,12/21/2024,F01990,INPUT_PURCHASE,Fertilizer,88 kg,INR 45/-,"INR 3,920/-",BRD-DWS
T031402,12/25/2024,F01990,INPUT_PURCHASE,Bio-pesticide,62 kgs,INR 431/-,"INR 26,710/-",BRD-DWS
T031403,03/29/2025,f01990,LOAN_REPAY,Loan Repayment,,,"INR 7,400/-",BRD-DWS
T031404,03/28/2025,F01994,FPO_DELIVERY,Yellow Mustard,11.8 qtl,"INR 7,790/-","INR 91,688/-",BRD-DWS
T031405,04/23/2025,f01994,Delivery,Yellow Mustard,4.6 qtl,"INR 7,790/-","INR 36,146/-",BRD-DWS
T031406,01/11/2025,F01994,INPUT_PURCHASE,Urea,26 kg,INR 51/-,"INR 1,332/-",BRD-DWS
T031407,12/05/2024,F01994,INPUT_PURCHASE,SEEDS,92 kgs,INR 88/-,"INR 8,052/-",BRD-DWS
T031408,14/01/2025,F01994,INPUT_PURCHASE,Hybrid Seeds,26 kgs,INR 64/-,"INR 1,669/-",BRD-DWS
T031409,03/25/2025,f01998,Delivery,MUSTARD,"2,906.00 kgs","INR 6,970/-","INR 2,02,548/-",BRD-DWS
T031410,01/08/2025,F01998,FERT_PURCHASE,Urea,212 kg,INR 41/-,"INR 8,671/-",BRD-DWS
T031411,12/11/2024,F01998,INPUT_PURCHASE,Urea,267 kg,INR 47/-,"INR 12,472/-",BRD-DWS
T031412,12/11/2024,F01998,FERT_PURCHASE,PP chemicals,266 kgs,INR 286/-,"INR 75,967/-",BRD-DWS
T031413,03/05/2025,F02002,FPO_DELIVERY,Yellow Mustard,659.00 kgs,"INR 7,630/-","INR 50,282/-",BRD-DWS
T031414,03/14/2025,F02002,delivery,Mustard,0.18 t,"INR 7,630/-","INR 13,810/-",BRD-DWS
T031415,04/28/2025,F02002,FPO_DELIVERY,WHEAT,"1,252.00 kgs","INR 2,705/-","INR 33,867/-",BRD-DWS
T031416,04/02/2025,F02002,FPO_DELIVERY,Wheat,818.00 kgs,"INR 2,705/-","INR 22,127/-",BRD-DWS
T031417,01/09/2025,F02002,Input Purchase,DAP,286 kg,INR 58/-,"INR 16,651/-",BRD-DWS
T031418,12/11/2024,F02002,FERT_PURCHASE,Hybrid Seeds,68 kg,INR 57/-,"INR 3,904/-",BRD-DWS
T031419,01/06/2025,F02002,I,DAP,270 kgs,INR 29/-,"INR 7,895/-",BRD-DWS
T031420,12/18/2024,F02002,FERT_PURCHASE,PPC,128 kg,INR 636/-,"INR 81,344/-",BRD-DWS
T031421,06/03/2025,F02002,LOAN_REPAY,Loan Repayment,,,"INR 7,300/-",BRD-DWS
T031422,20/03/2025,F02002,LOAN_REPAY,EMI,,,"INR 5,000/-",BRD-DWS
T031423,19/03/2025,F02021,delivery,Mustard,25.25 q,"INR 7,695/-","INR 1,94,299/-",BRD-DWS
T031424,03/10/2025,F02031,DELIVERY,Mustard,18.12 q,"INR 7,110/-","INR 1,28,833/-",BRD-DWS
T031425,03/24/2025,F02031,Delivery,Wheat,2066 kg,"INR 2,745/-","INR 56,712/-",BRD-DWS
T031426,05/12/2025,F02031,delivery,Wheat,"1,296.00 kgs","INR 2,745/-","INR 35,575/-",BRD-DWS
T031427,03/14/2025,F02031,D,Wheat (Durum),0.48 MT,"INR 2,745/-","INR 13,121/-",BRD-DWS
T031428,16/12/2024,F02031,INPUT_PURCHASE,NPK 10:26:26,171 kg,INR 52/-,"INR 8,921/-",BRD-DWS
T031429,12/09/2024, F02031 ,INPUT_PURCHASE,NPK 10:26:26,306 kg,INR 38/-,"INR 11,475/-",BRD-DWS
T031430,07/05/2025,F02035,delivery,MUSTARD,21.59 quintals,"INR 6,760/-","INR 1,45,948/-",BRD-DWS
T031431,01/11/2025,F02035,INPUT_PURCHASE,DAP,31 kgs,INR 44/-,"INR 1,373/-",BRD-DWS
T031432,12/01/2024,f02035,Input Purchase,NPK 10:26:26,121 kg,INR 45/-,"INR 5,443/-",BRD-DWS
T031433,03/29/2025,F02036,Delivery,Sarson,781.00 kgs,"INR 7,145/-","INR 55,802/-",BRD-DWS
T031434,04/27/2025,F02036,D,Sarson,725 kg,"INR 7,145/-","INR 51,801/-",BRD-DWS
T031435,04/04/2025,F02036,FPO_DELIVERY,Wheat,"3,325.00 kgs","INR 2,870/-","INR 95,428/-",BRD-DWS
T031436,12/02/2024,F02036,INPUT_PURCHASE,PPC,248 kgs,INR 527/-,"INR 1,30,788/-",BRD-DWS
T031437,12/25/2024,F02036,FERT_PURCHASE,DAP,313 kg,INR 56/-,"INR 17,403/-",BRD-DWS
T031438,12/06/2024,F02036,Input Purchase,PPC,275 kgs,INR 242/-,"INR 66,462/-",BRD-DWS
T031439,04/17/2025,F02038,DELIVERY,MUSTARD,2976 kg,"INR 7,180/-","INR 2,13,677/-",BRD-DWS
T031440,04/04/2025,F02038,D,Wheat (Durum),57.9 qtl,"INR 2,905/-","INR 1,68,170/-",BRD-DWS
T031441,03/12/2025,F02038,DELIVERY,wheat,"1,571.00 kgs","INR 2,905/-","INR 45,638/-",BRD-DWS
T031442,12/05/2024,F02038,input,NPK 10:26:26,304 kgs,INR 46/-,"INR 14,078/-",BRD-DWS
T031443,04/06/2025,F02041,DELIVERY,Mustard,0.22 MT,"INR 7,120/-","INR 15,735/-",BRD-DWS
T031444,03/24/2025,F02041,Delivery,mustard (Yellow),109 kg,"INR 7,120/-","INR 7,761/-",BRD-DWS
T031445,03/01/2025,F02042,delivery,mustard (Yellow),643 kg,"INR 7,335/-","INR 47,164/-",BRD-DWS
T031446,03/05/2025,f02042,delivery,Sarson,4.50 q,"INR 7,335/-","INR 33,008/-",BRD-DWS
T031447,04/05/2025,F02042,D,Wheat,19.16 quintals,"INR 2,865/-","INR 54,893/-",BRD-DWS
T031448,04/28/2025,F02042,Delivery,wheat,297 kg,"INR 2,865/-","INR 8,509/-",BRD-DWS
T031449,12/12/2024,f02042,Input Purchase,DAP,147 kg,INR 58/-,"INR 8,576/-",BRD-DWS
T031450,12/09/2024,F02042,INPUT_PURCHASE,Fertilizer,70 kg,INR 53/-,"INR 3,680/-",BRD-DWS
T031451,12/09/2024,F02042,INPUT_PURCHASE,Fertilizer,108 kgs,INR 45/-,"INR 4,888/-",BRD-DWS
T031452,12/28/2024,F02042,Input Purchase,Bio-pesticide,239 kg,INR 196/-,"INR 46,729/-",BRD-DWS
T031453,05/10/2025, F02044 ,Delivery,Yellow Mustard,920 kg,"INR 7,725/-","INR 71,070/-",BRD-DWS
T031454,12/22/2024,F02044,I,DAP,140 kg,INR 39/-,"INR 5,499/-",BRD-DWS
T031455,01/12/2025,F02044,I,PPC,246 kg,INR 660/-,"INR 1,62,311/-",BRD-DWS
T031456,05/10/2025,f02046,FPO_DELIVERY,Sarson,2.14 q,"INR 7,460/-","INR 15,964/-",BRD-DWS
T031457,03/22/2025, F02046 ,D,Sarson,0.20 MT,"INR 7,460/-","INR 15,293/-",BRD-DWS
T031458,03/17/2025,f02046,D,Mustard,167 kg,"INR 7,460/-","INR 12,458/-",BRD-DWS
T031459,01/02/2025,f02046,input,Fertilizer,137 kgs,INR 43/-,"INR 5,864/-",BRD-DWS
T031460,12/17/2024, F02046 ,Input Purchase,FERTILIZER 50kg bag,219 kg,INR 50/-,"INR 11,060/-",BRD-DWS
T031461,03/06/2025,F02049,delivery,mustard (Yellow),885 kg,"INR 7,425/-","INR 65,711/-",BRD-DWS
T031462,05/11/2025,f02049,delivery,Sarson,725 kg,"INR 7,425/-","INR 53,831/-",BRD-DWS
T031463,12/01/2024,F02049,I,FERTILIZER 50kg bag,153 kgs,INR 28/-,"INR 4,336/-",BRD-DWS
T031464,01/06/2025,F02049,FERT_PURCHASE,FERTILIZER 50kg bag,61 kgs,INR 54/-,"INR 3,324/-",BRD-DWS
T031465,01/04/2025,F02049,INPUT_PURCHASE,Hybrid Seeds,258 kg,INR 102/-,"INR 26,337/-",BRD-DWS
T031466,12/08/2024,F02049,input,FERTILIZER 50kg bag,257 kg,INR 37/-,"INR 9,517/-",BRD-DWS
T031467,01/03/2025,f02049,FERT_PURCHASE,Hybrid Seeds,303 kg,INR 91/-,"INR 27,712/-",BRD-DWS
T031468,05/03/2025,F02049,Loan Repayment,Loan Repayment,,,"INR 3,700/-",BRD-DWS
T031469,03/05/2025,F02060,Delivery,mustard (Yellow),30.91 q,"INR 7,245/-","INR 2,23,943/-",BRD-DWS
T031470,05/13/2025,f02060,D,Sarson,14.2 qtl,"INR 7,245/-","INR 1,02,807/-",BRD-DWS
T031471,04/22/2025,F02060,delivery,Wheat (Durum),"8,785.00 kgs","INR 2,985/-","INR 2,62,232/-",BRD-DWS
T031472,03/23/2025,F02060,DELIVERY,Wheat (Durum),"2,303.00 kgs","INR 2,985/-","INR 68,745/-",BRD-DWS
T031473,12/02/2024,F02060,input,NPK 10:26:26,28 kgs,INR 41/-,"INR 1,152/-",BRD-DWS
T031474,15/03/2025, F02061 ,delivery,Sarson,17.21 quintals,"INR 7,275/-","INR 1,25,203/-",BRD-DWS
T031475,01/01/2025,F02061,I,Hybrid Seeds,203 kgs,INR 47/-,"INR 9,578/-",BRD-DWS
T031476,12/13/2024,F02061,FERT_PURCHASE,Seeds,58 kgs,INR 81/-,"INR 4,722/-",BRD-DWS
T031477,12/16/2024,F02061,input,SEEDS,133 kg,INR 53/-,"INR 7,032/-",BRD-DWS
T031656,04/22/2025,F02227,delivery,Sarson,151.00 kgs,"INR 7,520/-","INR 11,355/-",BRD-DWS
T031657,03/26/2025,F02227,FPO_DELIVERY,Mustard,"1,029.00 kgs","INR 7,520/-","INR 77,381/-",BRD-DWS
T031658,12/01/2024,F02227,INPUT_PURCHASE,DAP,32 kg,INR 33/-,"INR 1,072/-",BRD-DWS
T031659,17/12/2024,F02227,INPUT_PURCHASE,Hybrid Seeds,174 kgs,INR 50/-,"INR 8,780/-",BRD-DWS
T031660,12/18/2024,F02227,FERT_PURCHASE,PPC,311 kgs,INR 554/-,"INR 1,72,297/-",BRD-DWS
T031661,03/09/2025,F02231,FPO_DELIVERY,mustard (Yellow),17.19 quintals,"INR 7,725/-","INR 1,32,793/-",BRD-DWS
T031662,01/07/2025,F02231,input,Seeds,,INR 64/-,"INR 16,317/-",BRD-DWS
T031663,12/23/2024,F02231,INPUT_PURCHASE,NPK 10:26:26,162 kg,INR 58/-,"INR 9,453/-",BRD-DWS
T031664,01/08/2025,F02231,FERT_PURCHASE,DAP,228 kg,INR 42/-,"INR 9,551/-",BRD-DWS
T031671,03/04/2025,F02243,FPO_DELIVERY,MUSTARD,2073 kg,"INR 7,545/-","INR 1,56,408/-",BRD-DWS
T031672,03/14/2025,F02243,delivery,Yellow Mustard,770.00 kgs,"INR 7,545/-","INR 58,096/-",BRD-DWS
T031673,12/05/2024,F02243,I,Hybrid Seeds,216 kg,INR 66/-,"INR 14,349/-",BRD-DWS
T031674,05/16/2025,F02243,LOAN_REPAY,Loan Repayment,,,"INR 6,600/-",BRD-DWS
T031675,03/12/2025,F02243,L,Loan Repayment,,,INR 900/-,BRD-DWS
T031688,03/22/2025,F02250,Delivery,mustard (Yellow),"1,551.00 kgs","INR 7,405/-","INR 1,14,852/-",BRD-DWS
T031757,04/04/2025,F02298,DELIVERY,Mustard,14.42 q,"INR 7,690/-","INR 1,10,890/-",BRD-DWS
T031758,03/11/2025,F02298,FPO_DELIVERY,MUSTARD,8.35 q,"INR 7,690/-","INR 64,212/-",BRD-DWS
T031759,01/10/2025,F02298,INPUT_PURCHASE,PP chemicals,284 kgs,INR 608/-,"INR 1,72,621/-",BRD-DWS
T031764,03/22/2025,f02301,D,mustard (Yellow),298 kg,"INR 7,320/-","INR 21,814/-",BRD-DWS
T031765,05/12/2025,F02301,Delivery,Sarson,17.00 kgs,"INR 7,320/-","INR 1,244/-",BRD-DWS
T031766,04/23/2025,F02301,Delivery,mustard (Yellow),8.9 qtl,"INR 7,320/-","INR 64,928/-",BRD-DWS
T031767,12/17/2024,F02301,FERT_PURCHASE,Fertilizer,280 kg,INR 30/-,"INR 8,263/-",BRD-DWS
T031815,04/21/2025,F02360,FPO_DELIVERY,Mustard,26.27 q,"INR 7,080/-","INR 1,85,992/-",BRD-DWS
T031816,01/02/2025,F02360,INPUT_PURCHASE,PPC,41 kgs,INR 452/-,"INR 18,541/-",BRD-DWS
T031817,12/30/2024,F02360,FERT_PURCHASE,Hybrid Seeds,146 kgs,INR 124/-,"INR 18,070/-",BRD-DWS
T031818,12/10/2024,F02360,I,Hybrid Seeds,247 kgs,INR 124/-,"INR 30,623/-",BRD-DWS
T031869,05/08/2025,F02394,Delivery,Mustard,68 kg,"INR 6,740/-","INR 4,583/-",BRD-DWS
T031870,04/11/2025,f02394,FPO_DELIVERY,Sarson,11.51 quintals,"INR 6,740/-","INR 77,577/-",BRD-DWS
T031871,12/25/2024,F02394,I,Seeds,141 kg,INR 83/-,"INR 11,752/-",BRD-DWS
T031872,01/24/2025,F02394,L,Loan Repayment,,,"INR 6,500/-",BRD-DWS
T031876,03/08/2025,F02406,delivery,MUSTARD,4572 kg,"INR 7,225/-","INR 3,30,327/-",BRD-DWS
T031877,12/07/2024,F02406,FERT_PURCHASE,PPC,136 kgs,INR 539/-,"INR 73,266/-",BRD-DWS
T031878,01/06/2025,F02406,I,NPK 10:26:26,304 kgs,INR 52/-,"INR 15,881/-",BRD-DWS
T031879,17/12/2024,F02406,I,FERTILIZER 50kg bag,27 kg,INR 51/-,"INR 1,379/-",BRD-DWS
T031880,03/18/2025,F02406,loan,Loan Repayment,,,"INR 3,000/-",BRD-DWS
T031881,03/11/2025,F02412,D,Yellow Mustard,1320 kg,"INR 7,210/-","INR 95,172/-",BRD-DWS
T031882,05/04/2025,F02412,D,mustard (Yellow),24.14 q,"INR 7,210/-","INR 1,74,049/-",BRD-DWS
T031883,01/10/2025,F02412,INPUT_PURCHASE,NPK 10:26:26,82 kg,INR 40/-,"INR 3,305/-",BRD-DWS
T031884,12/06/2024,F02412,FERT_PURCHASE,Fertilizer,37 kgs,INR 44/-,"INR 1,632/-",BRD-DWS
T031885,03/26/2025,F02419,DELIVERY,Yellow Mustard,0.54 MT,"INR 7,335/-","INR 39,756/-",BRD-DWS
T031886,03/09/2025,F02419,D,mustard (Yellow),220 kg,"INR 7,335/-","INR 16,137/-",BRD-DWS
T031888,04/16/2025,F02422,D,Yellow Mustard,"1,224.00 kgs","INR 7,685/-","INR 94,064/-",BRD-DWS
T031889,12/18/2024,F02422,Input Purchase,Hybrid Seeds,169 kgs,INR 125/-,"INR 21,084/-",BRD-DWS
T031890,12/17/2024,F02422,INPUT_PURCHASE,Seeds,123 kg,INR 114/-,"INR 14,061/-",BRD-DWS
T031891,12/29/2024,F02422,Input Purchase,Seeds,75 kg,INR 122/-,"INR 9,128/-",BRD-DWS
T031892,01/03/2025,F02422,input,FERTILIZER 50kg bag,260 kg,INR 35/-,"INR 9,212/-",BRD-DWS
T031902,04/07/2025,F02429,FPO_DELIVERY,Yellow Mustard,15.07 q,"INR 7,735/-","INR 1,16,566/-",BRD-DWS
T031903,05/28/2025,F02429,LOAN_REPAY,Loan Repayment,,,"INR 1,600/-",BRD-DWS
T031904,03/07/2025,F02429,L,Loan Repayment,,,"INR 2,700/-",BRD-DWS
T031910,05/10/2025,F02440,delivery,Mustard,1.31 t,"INR 7,415/-","INR 96,766/-",BRD-DWS
T031911,13/05/2025,F02440,FPO_DELIVERY,Mustard,5.2 qtl,"INR 7,415/-","INR 38,410/-",BRD-DWS
T031912,12/03/2024,f02440,Input Purchase,DAP,277 kg,INR 55/-,"INR 15,357/-",BRD-DWS
T031926,05/08/2025,F02445,FPO_DELIVERY,mustard (Yellow),22.43 q,"INR 7,545/-","INR 1,69,234/-",BRD-DWS
T031927,04/17/2025,F02445,FPO_DELIVERY,Mustard,17.23 q,"INR 7,545/-","INR 1,30,000/-",BRD-DWS
T031928,12/10/2024,F02445,I,Urea,185 kg,INR 44/-,"INR 8,162/-",BRD-DWS
T031929,03/17/2025,F02445,L,Loan Repayment,,,"INR 4,600/-",BRD-DWS
T031939,03/03/2025,F02453,DELIVERY,Yellow Mustard,165 kg,"INR 7,000/-","INR 11,550/-",BRD-DWS
T031940,04/02/2025,F02453,D,Yellow Mustard,814 kg,"INR 7,000/-","INR 56,980/-",BRD-DWS
T031941,01/05/2025,F02453,FERT_PURCHASE,SEEDS,238 kg,INR 118/-,"INR 28,010/-",BRD-DWS
T031962,09/03/2025,F02465,D,Yellow Mustard,6.99 quintals,"INR 7,190/-","INR 50,258/-",BRD-DWS
T031963,04/22/2025,F02465,DELIVERY,Sarson,"1,454.00 kgs","INR 7,190/-","INR 1,04,543/-",BRD-DWS
T031983,04/30/2025,F02474,D,Sarson,6.5 qtl,"INR 6,940/-","INR 44,971/-",BRD-DWS
T031984,04/06/2025,F02474,Delivery,Mustard,169 kg,"INR 6,940/-","INR 11,729/-",BRD-DWS
T031985,20/12/2024,F02474,FERT_PURCHASE,SEEDS,257 kg,INR 101/-,"INR 26,024/-",BRD-DWS
T031993,04/30/2025,F02478,D,Mustard,3.66 MT,"INR 7,075/-","INR 2,58,945/-",BRD-DWS
T031994,05/02/2025,F02478,D,Mustard,5.5 qtl,"INR 7,075/-","INR 38,559/-",BRD-DWS
T031995,12/24/2024,F02478,FERT_PURCHASE,Seeds,312 kgs,INR 104/-,"INR 32,389/-",BRD-DWS
T031996,01/12/2025,F02478,I,DAP,85 kg,INR 43/-,"INR 3,622/-",BRD-DWS
T031997,01/11/2025, F02478 ,L,EMI,,,"INR 1,000/-",BRD-DWS
T032041,19/04/2025,F02510,FPO_DELIVERY,Yellow Mustard,0.4 qtl,"INR 7,625/-","INR 3,279/-",BRD-DWS
T032042,03/14/2025,F02510,Delivery,Yellow Mustard,2.02 q,"INR 7,625/-","INR 15,402/-",BRD-DWS
T032043,12/23/2024,f02510,INPUT_PURCHASE,Fertilizer,294 kg,INR 54/-,"INR 15,829/-",BRD-DWS
T032044,01/04/2025,F02510,I,Hybrid Seeds,316 kg,INR 84/-,"INR 26,651/-",BRD-DWS
T032045,04/09/2025,F02513,DELIVERY,Sarson,16.66 q,"INR 7,325/-","INR 1,22,034/-",BRD-DWS
T032046,05/09/2025, F02513 ,DELIVERY,Yellow Mustard,38.63 q,"INR 7,325/-","INR 2,82,965/-",BRD-DWS
T032047,04/04/2025,F02513,DELIVERY,Mustard,16.71 quintals,"INR 7,325/-","INR 1,22,401/-",BRD-DWS
T032048,12/25/2024,F02513,INPUT_PURCHASE,PP chemicals,40 kgs,INR 609/-,"INR 24,366/-",BRD-DWS
T032099,05/02/2025,F02542,FPO_DELIVERY,Sarson,61.65 q,"INR 7,070/-","INR 4,35,866/-",BRD-DWS
T032100,12/11/2024,f02542,input,NPK 10:26:26,143 kgs,INR 45/-,"INR 6,404/-",BRD-DWS
T032101,12/21/2024,F02542,INPUT_PURCHASE,DAP,247 kg,INR 37/-,"INR 9,206/-",BRD-DWS
T032102,12/18/2024,F02542,FERT_PURCHASE,Bio-pesticide,83 kgs,INR 648/-,"INR 53,752/-",BRD-DWS
T032129,03/25/2025,f02561,Delivery,Yellow Mustard,1.47 q,"INR 7,805/-","INR 11,473/-",BRD-DWS
T032130,03/07/2025,f02561,FPO_DELIVERY,Yellow Mustard,2.13 quintals,"INR 7,805/-","INR 16,625/-",BRD-DWS
T032131,05/13/2025,F02561,FPO_DELIVERY,Mustard,5.09 quintals,"INR 7,805/-",₹ N/A,BRD-DWS
T032132,12/17/2024, F02561 ,Input Purchase,PPC,132 kg,INR 236/-,"INR 31,176/-",BRD-DWS
T032133,12/12/2024, F02561 ,FERT_PURCHASE,SEEDS,318 kg,INR 76/-,"INR 24,082/-",BRD-DWS
T032142,09/04/2025,F02566,Delivery,Yellow Mustard,0.45 quintals,"INR 7,765/-","INR 3,494/-",BRD-DWS
T032143,04/26/2025,F02566,DELIVERY,Mustard,596.00 kgs,"INR 7,765/-","INR 46,279/-",BRD-DWS
T032213,03/23/2025,F02607,Delivery,Sarson,1361 kg,"INR 7,360/-","INR 1,00,170/-",BRD-DWS
T032214,03/03/2025,F02607,Delivery,Yellow Mustard,477 kg,"INR 7,360/-","INR 35,107/-",BRD-DWS
T032215,04/24/2025,F02607,D,mustard (Yellow),0.98 quintals,"INR 7,360/-","INR 7,213/-",BRD-DWS
T032216,12/25/2024,F02607,INPUT_PURCHASE,FERTILIZER 50kg bag,101 kg,INR 50/-,"INR 5,000/-",BRD-DWS
T032236,24/04/2025,F02615,DELIVERY,MUSTARD,10.2 qtl,"INR 7,360/-","INR 74,778/-",BRD-DWS
T032237,03/09/2025,f02615,D,Mustard,413 kg,"INR 7,360/-","INR 30,397/-",BRD-DWS
T032238,12/23/2024, F02615 ,FERT_PURCHASE,NPK 10:26:26,171 kg,INR 45/-,"INR 7,688/-",BRD-DWS
T032239,04/16/2025,F02616,delivery,Yellow Mustard,0.92 quintals,"INR 7,525/-","INR 6,923/-",BRD-DWS
T032240,04/22/2025, F02616 ,D,Yellow Mustard,1.95 q,"INR 7,525/-","INR 14,674/-",BRD-DWS
T032263,03/28/2025, F02623 ,FPO_DELIVERY,MUSTARD,1406 kg,"INR 7,705/-","INR 1,08,332/-",BRD-DWS
T032264,12/08/2024,F02623,FERT_PURCHASE,Urea,216 kgs,INR 44/-,"INR 9,597/-",BRD-DWS
T032265,03/27/2025,F02623,LOAN_REPAY,EMI,,,"INR 2,100/-",BRD-DWS
T032266,01/07/2025,F02623,Loan Repayment,EMI,,,"INR 3,400/-",BRD-DWS
T032271,04/20/2025,F02627,DELIVERY,mustard (Yellow),"1,024.00 kgs","INR 7,515/-","INR 76,954/-",BRD-DWS
T032272,12/25/2024,f02627,FERT_PURCHASE,Urea,110 kg,INR 59/-,"INR 6,538/-",BRD-DWS
T032273,12/31/2024,F02627,INPUT_PURCHASE,Hybrid Seeds,57 kg,INR 125/-,"INR 7,112/-",BRD-DWS
T032310,03/30/2025,F02640,FPO_DELIVERY,Sarson,8.78 q,"INR 7,130/-","INR 62,601/-",BRD-DWS
T032311,03/30/2025,F02640,delivery,Sarson,205.00 kgs,"INR 7,130/-","INR 14,616/-",BRD-DWS
T032312,12/01/2024,F02640,INPUT_PURCHASE,DAP,206 kgs,INR 49/-,"INR 10,104/-",BRD-DWS
T032313,27/12/2024,F02640,input,Hybrid Seeds,164 kg,INR 112/-,"INR 18,388/-",BRD-DWS
T032354,04/02/2025,F02654,FPO_DELIVERY,Sarson,329.00 kgs,"INR 7,105/-","INR 23,375/-",BRD-DWS
T032396,04/26/2025,F02669,delivery,Sarson,170 kg,"INR 7,275/-","INR 12,368/-",BRD-DWS
T032397,04/17/2025,F02669,Delivery,mustard (Yellow),227.00 kgs,"INR 7,275/-","INR 16,514/-",BRD-DWS
T032418,03/04/2025,F02676,delivery,Mustard,19.7 qtl,"INR 7,565/-","INR 1,48,804/-",BRD-DWS
T032419,03/05/2025, F02676 ,Delivery,mustard (Yellow),6.1 qtl,"INR 7,565/-","INR 46,146/-",BRD-DWS
T032451,03/21/2025,F02687,D,Yellow Mustard,0.99 quintals,"INR 7,660/-","INR 7,583/-",BRD-DWS
T032452,03/08/2025,f02687,Delivery,Yellow Mustard,238.00 kgs,"INR 7,660/-","INR 18,231/-",BRD-DWS
T022762,05/04/2023, F01914 ,D,Sarson,132.00 kgs,"INR 6,505/-","INR 8,587/-",BRD-DWS
T003719,07/09/2019,F02029,FERT_PURCHASE,FERTILIZER 50kg bag,197 kgs,INR 48/-,"INR 9,507/-",BRD-DWS
T004498,07/09/2019,F02227,I,PPC,310 kgs,INR 280/-,"INR 86,741/-",BRD-DWS
T029326,11/07/2024,F01998,input,FERTILIZER 50kg bag,83 kgs,INR 38/-,"INR 3,120/-",BRD-DWS
T007077,05/08/2020,F01927,Delivery,Sarson,694 kg,"INR 6,255/-","INR 43,410/-",BRD-DWS
T029323,10/28/2024,F01998,Delivery,Soybean,"1,358.00 kgs","INR 6,485/-","INR 88,066/-",BRD-DWS
T007267,01/02/2020,F01991,input,Seeds,63 kgs,INR 93/-,"INR 5,838/-",BRD-DWS
T021072,06/21/2022,F02341,I,SEEDS,147 kg,INR 61/-,"INR 8,976/-",BRD-DWS
T020588,07/12/2022,F02053,FERT_PURCHASE,Urea,284 kgs,INR 39/-,"INR 11,144/-",BRD-DWS
T020445,11/02/2022,F01948,D,Soybean (Yellow),"1,382.00 kgs","INR 5,705/-","INR 78,843/-",BRD-DWS
T018181,04/14/2022,F02002,loan,EMI,,,"INR 5,500/-",BRD-DWS
T020553,07/12/2022,F02035,INPUT_PURCHASE,PPC,234 kgs,INR 571/-,"INR 1,33,665/-",BRD-DWS
T013117,01/02/2021,f02026,I,Hybrid Seeds,76 kgs,INR 114/-,"INR 8,637/-",BRD-DWS
T020465,06/17/2022,f01964,input,PPC,112 kgs,INR 678/-,"INR 75,880/-",BRD-DWS
T027218,05/13/2024,F01959,DELIVERY,mustard (Yellow),173.00 kgs,"INR 7,220/-","INR 12,491/-",BRD-DWS
T008014,03/25/2020,F02249,DELIVERY,Mustard,"1,480.00 kgs","INR 5,710/-","INR 84,508/-",BRD-DWS
T007410,12/12/2019,F02051,INPUT_PURCHASE,Seeds,173 kg,INR 52/-,"INR 9,077/-",BRD-DWS
T018845,22/03/2022, F02342 ,DELIVERY,Yellow Mustard,0.52 MT,"INR 6,265/-","INR 32,829/-",BRD-DWS
T018150,12/31/2021, F01979 ,I,Urea,244 kgs,INR 36/-,"INR 8,821/-",BRD-DWS
T027325,12/10/2023,F02060,INPUT_PURCHASE,NPK 10:26:26,233 kgs,INR 35/-,"INR 8,106/-",BRD-DWS
T021429,08/14/2022,f02478,loan,EMI,,,"INR 5,200/-",BRD-DWS
T020458,10/10/2022,F01959,FPO_DELIVERY,soya,14.35 q,"INR 5,530/-","INR 79,356/-",BRD-DWS
T013172,12/21/2020,F02044,FERT_PURCHASE,Fertilizer,44 kgs,INR 51/-,"INR 2,233/-",BRD-DWS
T003473,11/03/2019,F01956,delivery,Soybean (Yellow),3.0 qtl,"INR 5,145/-","INR 15,229/-",BRD-DWS
T025040,11/22/2023,F01948,FPO_DELIVERY,soya,7.91 q,"INR 5,740/-","INR 45,403/-",BRD-DWS
T013669,12/22/2020,F02284,FERT_PURCHASE,Fertilizer,169 kgs,INR 42/-,"INR 7,083/-",BRD-DWS
T025131,07/13/2023,F02044,input,Urea,297 kgs,INR 50/-,"INR 14,779/-",BRD-DWS
T027297,12/15/2023,F02041,FERT_PURCHASE,Seeds,123 kg,INR 65/-,"INR 8,047/-",BRD-DWS
T010363,07/18/2020,F02057,LOAN_REPAY,EMI,,,"INR 1,100/-",BRD-DWS
T013008,02/04/2021,F01964,LOAN_REPAY,EMI,,,"INR 3,500/-",BRD-DWS
T025638,06/03/2023,F02394,input,Hybrid Seeds,265 kgs,INR 74/-,"INR 19,578/-",BRD-DWS
T021206,10/05/2022, F02406 ,loan,EMI,,,"INR 6,400/-",BRD-DWS
T010338,10/19/2020,F02044,delivery,soya,2900 kg,"INR 5,235/-","INR 1,51,815/-",BRD-DWS
T020418,10/21/2022,F01931,delivery,soya,1087 kg,"INR 5,550/-","INR 60,328/-",BRD-DWS
T018140,03/24/2022,F01976,DELIVERY,Mustard,6.9 qtl,"INR 6,260/-","INR 43,257/-",BRD-DWS
T015446,11/22/2021,F01915,Delivery,SOYABEAN,"2,192.00 kgs","INR 5,310/-","INR 1,16,395/-",BRD-DWS
