txn_id,txn_date,farmer_id,txn_type,item,qty,rate_inr,amount_inr,gid
T001769,10/11/2019,F01458,delivery,SOYABEAN,884 kg,"₹4,705.00","₹41,592.20",BRD-AUR
T001770,27/10/2019,F01459,DELIVERY,Soybean (Yellow),334 kg,"₹4,440.00","₹14,829.60",BRD-AUR
T001771,25/10/2019,F01459,D,SOYABEAN,169.00 kgs,"₹4,440.00","₹7,503.60",BRD-AUR
T001772,09/06/2019,F01459,Input Purchase,DAP,94 kg,₹36.35,"₹3,416.90",BRD-AUR
T001773,10/07/2019,F01459,FERT_PURCHASE,NPK 10:26:26,32 kgs,₹35.47,"₹1,135.04",BRD-AUR
T001774,14/07/2019,F01459,input,FERTILIZER 50kg bag,173 kgs,₹47.49,"₹8,215.77",BRD-AUR
T001775,06/06/2019,F01459,input,DAP,56 kgs,₹54.46,"₹3,049.76",BRD-AUR
T001776,28/10/2019,F01460,D,SOYABEAN,495 kg,"₹4,645.00","₹22,992.75",BRD-AUR
T001777,27/11/2019,F01461,FPO_DELIVERY,SOYABEAN,"1,049.00 kgs","₹4,890.00","₹51,296.10",BRD-AUR
T001778,24/10/2019,F01461,delivery,Soybean,280 kg,"₹4,890.00","₹13,692.00",BRD-AUR
T001779,01/07/2019,F01461,INPUT_PURCHASE,NPK 10:26:26,79 kgs,₹54.66,"₹4,318.14",BRD-AUR
T001780,20 Jun 2019,f01461,INPUT_PURCHASE,FERTILIZER 50kg bag,213 kgs,₹56.49,"₹12,032.37",BRD-AUR
T001781,23/10/2019,F01461,L,EMI,,,"₹3,700.00",BRD-AUR
T001782,23 Nov 2019,F01462,D,SOYABEAN,117 kg,"₹4,680.00","₹5,475.60",BRD-AUR
T001783,24/10/2019,F01462,DELIVERY,Soybean (Yellow),511 kg,"₹4,680.00","₹23,914.80",BRD-AUR
T001784,16/11/2019,f01463,FPO_DELIVERY,Soybean,137.00 kgs,"₹4,970.00","₹6,808.90",BRD-AUR
T001785,10/10/2019,f01463,Delivery,SOYABEAN,20.00 kgs,"₹4,970.00",₹994.00,BRD-AUR
T001786,30/11/2019,F01463,Delivery,soya,273.00 kgs,"₹4,970.00","₹13,568.10",BRD-AUR
T001787,03/10/2019,F01464,Delivery,Soybean (Yellow),213 kg,"₹4,655.00","₹9,915.15",BRD-AUR
T001788,19/11/2019,F01464,delivery,soya,631 kg,"₹4,655.00","₹29,373.05",BRD-AUR
T001789,13/06/2019,F01464,INPUT_PURCHASE,Seeds,266 kg,₹48.25,"₹12,834.50",BRD-AUR
T001790,15/10/2019,F01465,delivery,SOYABEAN,899 kg,"₹4,865.00","₹43,736.35",BRD-AUR
T001791,07/06/2019,f01465,Input Purchase,FERTILIZER 50kg bag,247 kg,₹52.20,"₹12,893.40",BRD-AUR
T001792,14/07/2019,F01465,INPUT_PURCHASE,Fertilizer,117 kg,₹37.86,"₹4,429.62",BRD-AUR
T001793,04/11/2019,F01466,D,SOYABEAN,832 kg,"₹5,025.00","₹41,808.00",BRD-AUR
T001794,02/10/2019,F01466,FPO_DELIVERY,SOYABEAN,"1,005.00 kgs","₹5,025.00","₹50,501.25",BRD-AUR
T001795,11/07/2019, F01466 ,Input Purchase,Bio-pesticide,264 kgs,₹631.00,"₹1,66,584.00",BRD-AUR
T001796,18 Jun 2019,F01466,INPUT_PURCHASE,FERTILIZER 50kg bag,174 kg,₹38.77,"₹6,745.98",BRD-AUR
T001797,08/06/2019,f01466,FERT_PURCHASE,PP chemicals,87 kgs,₹381.23,"₹33,167.01",BRD-AUR
T001798,13/11/2019,f01467,FPO_DELIVERY,Soybean (Yellow),670 kg,"₹4,695.00","₹31,456.50",BRD-AUR
T001799,08/11/2019,F01467,delivery,SOYABEAN,175.00 kgs,"₹4,695.00","₹8,216.25",BRD-AUR
T001800,23/06/2019,F01467,FERT_PURCHASE,NPK 10:26:26,269 kg,₹58.40,"₹15,709.60",BRD-AUR
T001801,24/06/2019,F01467,Input Purchase,DAP,240 kg,₹42.44,"₹10,185.60",BRD-AUR
T001802,08/08/2019,F01467,LOAN_REPAY,Loan Repayment,,,"₹5,900.00",BRD-AUR
T001803,21/10/2019,F01467,L,EMI,,,"₹4,400.00",BRD-AUR
T001804,15/07/2019,F01467,loan,EMI,,,"₹1,300.00",BRD-AUR
T001805,27/10/2019,F01468,Delivery,Soybean (Yellow),261.00 kgs,"₹4,645.00","₹12,123.45",BRD-AUR
T001806,19/11/2019,F01468,FPO_DELIVERY,Soybean (Yellow),576.00 kgs,"₹4,645.00","₹26,755.20",BRD-AUR
T001807,02/06/2019,F01468,FERT_PURCHASE,Seeds,220 kgs,₹97.44,"₹21,436.80",BRD-AUR
T001808,21/08/2019,F01468,loan,EMI,,,"₹2,800.00",BRD-AUR
T001809,05/10/2019,F01469,DELIVERY,Soybean (Yellow),"1,279.00 kgs","₹4,935.00","₹63,118.65",BRD-AUR
T001810,09/06/2019,F01469,I,SEEDS,258 kg,₹124.54,"₹32,131.32",BRD-AUR
T001811,27/06/2019,F01469,FERT_PURCHASE,SEEDS,227 kgs,₹106.34,"₹24,139.18",BRD-AUR
T001812,08/07/2019,F01469,FERT_PURCHASE,DAP,137 kgs,₹53.92,"₹7,387.04",BRD-AUR
T001813,27/10/2019,F01469,L,EMI,,,"₹2,900.00",BRD-AUR
T001814,30/11/2019,F01470,Delivery,SOYABEAN,1053 kg,"₹4,655.00","₹49,017.15",BRD-AUR
T001815,09/06/2019,f01470,I,FERTILIZER 50kg bag,240 kgs,₹33.66,"₹8,078.40",BRD-AUR
T001816,07/10/2019,F01471,DELIVERY,SOYABEAN,295.00 kgs,"₹4,545.00","₹13,407.75",BRD-AUR
T001817,03/06/2019,F01471,I,SEEDS,125 kg,₹101.01,"₹12,626.25",BRD-AUR
T001818,18/11/2019,f01472,Delivery,Soybean (Yellow),420.00 kgs,"₹4,630.00","₹19,446.00",BRD-AUR
T001819,22/10/2019,F01472,FPO_DELIVERY,SOYABEAN,"1,341.00 kgs","₹4,630.00","₹62,088.30",BRD-AUR
T001820,26/11/2019,F01473,FPO_DELIVERY,SOYABEAN,335.00 kgs,"₹5,195.00","₹17,403.25",BRD-AUR
T001821,30/11/2019,F01473,FPO_DELIVERY,soya,478.00 kgs,"₹5,195.00","₹24,832.10",BRD-AUR
T001822,20/06/2019,F01473,Input Purchase,Fertilizer,196 kgs,₹42.93,"₹8,414.28",BRD-AUR
T001823,02/07/2019,F01473,INPUT_PURCHASE,PPC,51 kg,₹286.79,"₹14,626.29",BRD-AUR
T001824,16/06/2019,F01473,INPUT_PURCHASE,Seeds,291 kg,₹46.87,"₹13,639.17",BRD-AUR
T001825,10/10/2019,F01474,DELIVERY,Soybean,362.00 kgs,"₹4,705.00","₹17,032.10",BRD-AUR
T001826,15/10/2019,F01474,Delivery,soya,837 kg,"₹4,705.00","₹39,380.85",BRD-AUR
T001827,11/06/2019,F01474,FERT_PURCHASE,FERTILIZER 50kg bag,48 kgs,₹55.37,"₹2,657.76",BRD-AUR
T001828,01/06/2019,f01474,INPUT_PURCHASE,PP chemicals,96 kgs,₹608.61,"₹58,426.56",BRD-AUR
T001829,19/10/2019,F01475,DELIVERY,Soybean (Yellow),74.00 kgs,"₹4,620.00","₹3,418.80",BRD-AUR
T001830,20/10/2019,f01475,delivery,Soybean,"1,269.00 kgs","₹4,620.00","₹58,627.80",BRD-AUR
T001831,22/06/2019,F01475,I,SEEDS,122 kgs,₹85.91,"₹10,481.02",BRD-AUR
T001832,05/07/2019,f01475,Input Purchase,NPK 10:26:26,114 kg,₹39.60,"₹4,514.40",BRD-AUR
T001833,24 Nov 2019,F01476,delivery,Soybean,4823 kg,"₹4,835.00","₹2,33,192.05",BRD-AUR
T001834,32/01/2022, F01476 ,input,SEEDS,123 kgs,₹52.52,"₹6,459.96",BRD-AUR
T001835,15/09/2019,f01476,loan,EMI,,,"₹5,400.00",BRD-AUR
T001836,25/10/2019,F01477,DELIVERY,Soybean (Yellow),215.00 kgs,"₹4,580.00","₹9,847.00",BRD-AUR
T001837,30/06/2019,F01477,INPUT_PURCHASE,DAP,147 kg,₹33.95,"₹4,990.65",BRD-AUR
T001838,20/06/2019,F01477,FERT_PURCHASE,Hybrid Seeds,310 kg,₹114.29,"₹35,429.90",BRD-AUR
T001839,23/11/2019,F01478,delivery,soya,301.00 kgs,"₹5,075.00","₹15,275.75",BRD-AUR
T001840,06/07/2019,F01478,FERT_PURCHASE,DAP,230 kgs,₹49.04,"₹11,279.20",BRD-AUR
T001841,17/11/2019,F01478,loan,Loan Repayment,,,"₹6,600.00",BRD-AUR
T001842,01/08/2019,F01478,L,EMI,,,"₹2,100.00",BRD-AUR
T001843,21/06/2019,F01478,L,EMI,,,"₹3,600.00",BRD-AUR
T001844,23/11/2019,F01479,FPO_DELIVERY,soya,"1,251.00 kgs","₹4,805.00","₹60,110.55",BRD-AUR
T001845,19/06/2019, F01479 ,I,Bio-pesticide,290 kg,₹697.45,"₹2,02,260.50",BRD-AUR
T001846,23/10/2019,F01480,DELIVERY,SOYABEAN,847 kg,"₹4,845.00","₹41,037.15",BRD-AUR
T001847,13/06/2019,F01480,INPUT_PURCHASE,NPK 10:26:26,128 kg,₹44.40,"₹5,683.20",BRD-AUR
T001848,08/07/2019,F01480,INPUT_PURCHASE,DAP,192 kg,₹59.70,"₹11,462.40",BRD-AUR
T001849,19/06/2019,f01480,input,SEEDS,166 kgs,₹101.83,"₹16,903.78",BRD-AUR
T001850,06/11/2019,F01481,DELIVERY,soya,40.00 kgs,"₹5,040.00","₹2,016.00",BRD-AUR
T001851,14/10/2019,F01481,delivery,soya,"1,271.00 kgs","₹5,040.00","₹64,058.40",BRD-AUR
T001852,20/06/2019,f01481,I,Bio-pesticide,59 kg,₹181.23,"₹10,692.57",BRD-AUR
T001853,15/07/2019,F01481,FERT_PURCHASE,Hybrid Seeds,317 kgs,₹62.90,"₹19,939.30",BRD-AUR
T001854,07/06/2019,F01481,input,Fertilizer,102 kg,₹46.23,"₹4,715.46",BRD-AUR
T001855,20/06/2019,F01481,input,SEEDS,67 kgs,₹99.21,"₹6,647.07",BRD-AUR
T001856,30/06/2019,F01481,Input Purchase,Fertilizer,89 kgs,₹40.11,"₹3,569.79",BRD-AUR
T001857,14/11/2019,f01482,DELIVERY,Soybean,467.00 kgs,"₹4,905.00","₹22,906.35",BRD-AUR
T001858,03/07/2019,F01482,input,PPC,186 kg,₹223.92,"₹41,649.12",BRD-AUR
T001859,16/06/2019,F01482,input,NPK 10:26:26,294 kgs,₹50.82,"₹14,941.08",BRD-AUR
T001860,25/06/2019,F01482,Input Purchase,Seeds,119 kgs,₹114.44,"₹13,618.36",BRD-AUR
T001861,30/11/2019,F01483,D,Soybean,116 kg,"₹4,625.00","₹5,365.00",BRD-AUR
T001862,16/10/2019,F01483,DELIVERY,soya,431 kg,"₹4,625.00","₹19,933.75",BRD-AUR
T001863,21/10/2019,F01483,Delivery,Soybean,222 kg,"₹4,625.00","₹10,267.50",BRD-AUR
T001864,13/07/2019,F01483,INPUT_PURCHASE,Hybrid Seeds,255 kg,₹52.81,"₹13,466.55",BRD-AUR
T001865,14/07/2019,F01483,FERT_PURCHASE,SEEDS,121 kg,₹95.54,"₹11,560.34",BRD-AUR
T001866,09/10/2019,F01484,DELIVERY,Soybean (Yellow),60.00 kgs,"₹4,950.00","₹2,970.00",BRD-AUR
T001867,27/11/2019,F01484,Delivery,Soybean (Yellow),727.00 kgs,"₹4,950.00","₹35,986.50",BRD-AUR
T001868,25/06/2019,F01484,input,NPK 10:26:26,296 kg,₹37.71,"₹11,162.16",BRD-AUR
T001869,10/07/2019,F01484,INPUT_PURCHASE,Seeds,318 kg,₹97.88,"₹31,125.84",BRD-AUR
T001870,08/06/2019,F01484,I,PP chemicals,316 kg,₹285.60,"₹90,249.60",BRD-AUR
T001871,15/11/2019,F01485,D,Soybean (Yellow),59.00 kgs,"₹4,825.00","₹2,846.75",BRD-AUR
T001872,30/10/2019,F01485,delivery,soya,641 kg,"₹4,825.00","₹30,928.25",BRD-AUR
T001873,09/07/2019, F01485 ,INPUT_PURCHASE,FERTILIZER 50kg bag,81 kg,₹36.00,"₹2,916.00",BRD-AUR
T001874,04/07/2019,F01485,I,Seeds,85 kg,₹45.62,"₹3,877.70",BRD-AUR
T001875,08/10/2019,F01486,DELIVERY,SOYABEAN,680.00 kgs,"₹4,715.00","₹32,062.00",BRD-AUR
T001876,16/10/2019,F01486,DELIVERY,Soybean,784.00 kgs,"₹4,715.00","₹36,965.60",BRD-AUR
T001877,27/06/2019,F01486,INPUT_PURCHASE,Fertilizer,108 kgs,₹48.20,"₹5,205.60",BRD-AUR
T001878,12/10/2019,F01486,loan,Loan Repayment,,,"₹6,200.00",BRD-AUR
T001879,28/10/2019,F01487,Delivery,SOYABEAN,544.00 kgs,"₹4,665.00","₹25,377.60",BRD-AUR
T001880,15/06/2019,F01487,INPUT_PURCHASE,DAP,31 kg,₹51.21,"₹1,587.51",BRD-AUR
T001881,13/11/2019,F01488,delivery,Soybean (Yellow),797 kg,"₹4,910.00","₹39,132.70",BRD-AUR
T001882,23/06/2019,F01488,FERT_PURCHASE,FERTILIZER 50kg bag,52 kg,₹34.53,"₹1,795.56",BRD-AUR
T001883,08/07/2019,F01488,input,Urea,195 kgs,₹45.35,"₹8,843.25",BRD-AUR
T001884,30/11/2019,F01489,DELIVERY,Soybean,1768 kg,"₹4,350.00","₹76,908.00",BRD-AUR
T001885,05/06/2019, F01489 ,Input Purchase,SEEDS,175 kg,₹124.29,"₹21,750.75",BRD-AUR
T001886,26/10/2019,F01490,D,Soybean (Yellow),645 kg,"₹5,005.00","₹32,282.25",BRD-AUR
T001887,05/10/2019,F01490,FPO_DELIVERY,Soybean,1850 kg,"₹5,005.00","₹92,592.50",BRD-AUR
T001888,27 Nov 2019,f01490,DELIVERY,Soybean,3386 kg,"₹5,005.00","₹1,69,469.30",BRD-AUR
T001889,22/10/2019,F01491,DELIVERY,soya,116.00 kgs,"₹4,840.00","₹5,614.40",BRD-AUR
T001890,02/10/2019,f01491,FPO_DELIVERY,SOYABEAN,664 kg,"₹4,840.00","₹32,137.60",BRD-AUR
T001891,18/06/2019,F01491,FERT_PURCHASE,Fertilizer,204 kgs,₹42.53,"₹8,676.12",BRD-AUR
T001892,02/10/2019,F01492,D,SOYABEAN,"2,843.00 kgs","₹4,675.00","₹1,32,910.25",BRD-AUR
T001893,11/07/2019,F01492,Input Purchase,Fertilizer,195 kgs,₹32.15,"₹6,269.25",BRD-AUR
T001894,17/06/2019,F01492,FERT_PURCHASE,NPK 10:26:26,45 kgs,₹46.84,"₹2,107.80",BRD-AUR
T001895,10/10/2019,F01492,loan,EMI,,,"₹2,100.00",BRD-AUR
T001896,26/07/2019,F01492,L,EMI,,,"₹2,000.00",BRD-AUR
T001897,19/11/2019,F01493,delivery,Soybean (Yellow),554.00 kgs,"₹4,910.00","₹27,201.40",BRD-AUR
T001898,22/10/2019,F01493,FPO_DELIVERY,soya,245 kg,"₹4,910.00","₹12,029.50",BRD-AUR
T001899,22/11/2019,F01494,Delivery,SOYABEAN,349 kg,"₹5,095.00","₹17,781.55",BRD-AUR
T001900,29 Nov 2019,F01494,DELIVERY,Soybean,195.00 kgs,"₹5,095.00","₹9,935.25",BRD-AUR
T001901,15/06/2019, F01494 ,I,SEEDS,312 kg,₹63.86,"₹19,924.32",BRD-AUR
T001902,05/07/2019,F01494,FERT_PURCHASE,Urea,223 kg,₹37.07,"₹8,266.61",BRD-AUR
T001903,15 Oct 2019,F01495,DELIVERY,Soybean,1094 kg,"₹4,900.00","₹53,606.00",BRD-AUR
T001904,07/07/2019,F01495,Input Purchase,FERTILIZER 50kg bag,280 kgs,₹53.65,"₹15,022.00",BRD-AUR
T001905,03/07/2019,F01495,L,Loan Repayment,,,"₹5,900.00",BRD-AUR
T001906,07/11/2019, F01496 ,D,Soybean (Yellow),1154 kg,"₹4,960.00","₹57,238.40",BRD-AUR
T001907,06/10/2019,F01496,FPO_DELIVERY,soya,72.00 kgs,"₹4,960.00","₹3,571.20",BRD-AUR
T001908,18 Jun 2019,F01496,Input Purchase,SEEDS,134 kg,₹47.06,"₹6,306.04",BRD-AUR
T001909,13/06/2019, F01496 ,INPUT_PURCHASE,Fertilizer,183 kg,₹37.24,"₹6,814.92",BRD-AUR
T001910,09/07/2019,f01496,INPUT_PURCHASE,Seeds,216 kg,₹106.58,"₹23,021.28",BRD-AUR
T001911,24/11/2019,F01497,DELIVERY,Soybean,362 kg,"₹4,890.00","₹17,701.80",BRD-AUR
T001912,31/10/2019, F01497 ,D,Soybean (Yellow),26 kg,"₹4,890.00","₹1,271.40",BRD-AUR
T001913,25/11/2019,f01497,Delivery,Soybean (Yellow),299 kg,"₹4,890.00","₹14,621.10",BRD-AUR
T001914,08/06/2019,F01497,Input Purchase,FERTILIZER 50kg bag,94 kg,₹29.87,"₹2,807.78",BRD-AUR
T001915,05/06/2019,F01497,I,Urea,90 kg,₹38.88,"₹3,499.20",BRD-AUR
T001916,03/07/2019,f01497,input,Seeds,130 kgs,₹107.57,"₹13,984.10",BRD-AUR
T001917,12/11/2019,F01498,delivery,SOYABEAN,1284 kg,"₹4,630.00","₹59,449.20",BRD-AUR
T001918,12/07/2019,F01498,Input Purchase,FERTILIZER 50kg bag,64 kg,₹35.66,"₹2,282.24",BRD-AUR
T001919,17/10/2019,F01499,DELIVERY,Soybean (Yellow),869 kg,"₹5,105.00","₹44,362.45",BRD-AUR
T001920,25/06/2019,F01499,FERT_PURCHASE,DAP,40 kgs,₹52.06,"₹2,082.40",BRD-AUR
T001921,05/06/2019,F01499,INPUT_PURCHASE,DAP,195 kg,₹54.08,"₹10,545.60",BRD-AUR
T001922,08/06/2019, F01499 ,Input Purchase,FERTILIZER 50kg bag,226 kgs,₹46.88,"₹10,594.88",BRD-AUR
T001923,20/06/2019,F01499,Input Purchase,NPK 10:26:26,28 kgs,₹57.28,"₹1,603.84",BRD-AUR
T001924,23/10/2019,F01499,L,Loan Repayment,,,"₹5,200.00",BRD-AUR
T001925,01/10/2019, F01500 ,D,Soybean (Yellow),871 kg,"₹4,740.00","₹41,285.40",BRD-AUR
T001926,14/06/2019,F01500,FERT_PURCHASE,Fertilizer,279 kg,₹30.04,"₹8,381.16",BRD-AUR
T001927,15 Nov 2019,f01501,DELIVERY,SOYABEAN,101.00 kgs,"₹4,620.00","₹4,666.20",BRD-AUR
T001928,09/11/2019,F01501,DELIVERY,Soybean (Yellow),469.00 kgs,"₹4,620.00","₹21,667.80",BRD-AUR
T001929,03/11/2019, F01502 ,FPO_DELIVERY,soya,313.00 kgs,"₹4,825.00","₹15,102.25",BRD-AUR
T001930,27/11/2019,F01502,FPO_DELIVERY,Soybean,970.00 kgs,"₹4,825.00","₹46,802.50",BRD-AUR
T001931,19/06/2019,F01502,I,FERTILIZER 50kg bag,236 kg,₹59.51,"₹14,044.36",BRD-AUR
T001932,08/06/2019, F01502 ,FERT_PURCHASE,DAP,298 kgs,₹49.91,"₹14,873.18",BRD-AUR
T001933,22/06/2019,F01502,FERT_PURCHASE,Hybrid Seeds,183 kg,₹53.57,"₹9,803.31",BRD-AUR
T001934,12/06/2019,F01502,FERT_PURCHASE,Hybrid Seeds,32 kgs,₹90.49,"₹2,895.68",BRD-AUR
T001935,26/11/2019,F01503,DELIVERY,soya,646.00 kgs,"₹4,775.00","₹30,846.50",BRD-AUR
T001936,31/10/2019,F01503,delivery,SOYABEAN,635 kg,"₹4,775.00","₹30,321.25",BRD-AUR
T001937,25/10/2019,F01504,delivery,Soybean,88 kg,"₹4,675.00","₹4,114.00",BRD-AUR
T001938,08/10/2019,F01504,FPO_DELIVERY,Soybean (Yellow),851.00 kgs,"₹4,675.00","₹39,784.25",BRD-AUR
T001939,26/06/2019,F01504,I,PPC,309 kg,₹565.93,"₹1,74,872.37",BRD-AUR
T001940,28/08/2019,F01504,LOAN_REPAY,EMI,,,"₹7,500.00",BRD-AUR
T001941,08/10/2019,F01505,Delivery,soya,254.00 kgs,"₹4,925.00","₹12,509.50",BRD-AUR
T001942,10/10/2019,f01505,FPO_DELIVERY,Soybean (Yellow),539.00 kgs,"₹4,925.00","₹26,545.75",BRD-AUR
T001943,07/06/2019,F01505,FERT_PURCHASE,NPK 10:26:26,305 kg,₹31.26,"₹9,534.30",BRD-AUR
T001944,26/10/2019,F01506,DELIVERY,SOYABEAN,931 kg,"₹4,905.00","₹45,665.55",BRD-AUR
T001945,08/11/2019,F01507,D,Soybean (Yellow),840 kg,"₹4,895.00","₹41,118.00",BRD-AUR
T001946,10 Jul 2019,F01507,input,Seeds,249 kg,₹71.15,"₹17,716.35",BRD-AUR
T001947,03 Jul 2019,F01507,I,PPC,90 kgs,₹678.10,"₹61,029.00",BRD-AUR
T001948,02/10/2019,F01508,DELIVERY,SOYABEAN,503.00 kgs,"₹4,745.00","₹23,867.35",BRD-AUR
T001949,13/10/2019,F01509,Delivery,SOYABEAN,"2,142.00 kgs","₹5,215.00","₹1,11,705.30",BRD-AUR
T001950,13/07/2019,f01509,INPUT_PURCHASE,FERTILIZER 50kg bag,133 kg,₹43.53,"₹5,789.49",BRD-AUR
T001951,05/07/2019,F01509,input,PPC,86 kg,₹439.96,"₹37,836.56",BRD-AUR
T001952,27/10/2019,F01510,DELIVERY,soya,808 kg,"₹4,720.00","₹38,137.60",BRD-AUR
T001953,25/08/2019,F01510,L,Loan Repayment,,,"₹4,600.00",BRD-AUR
T001954,03/10/2019,F01511,Delivery,SOYABEAN,"1,115.00 kgs","₹5,095.00","₹56,809.25",BRD-AUR
T001955,05/11/2019,F01511,Delivery,soya,78 kg,"₹5,095.00","₹3,974.10",BRD-AUR
T001956,07/07/2019,F01511,Input Purchase,SEEDS,84 kg,₹67.26,"₹5,649.84",BRD-AUR
T001957,02/10/2019,F01512,Delivery,soya,98 kg,"₹5,095.00","₹4,993.10",BRD-AUR
T001958,24/11/2019,F01512,DELIVERY,Soybean (Yellow),710.00 kgs,"₹5,095.00","₹36,174.50",BRD-AUR
T001959,29/10/2019,f01513,FPO_DELIVERY,Soybean,3335 kg,"₹4,685.00","₹1,56,244.75",BRD-AUR
T001960,25/06/2019,F01513,INPUT_PURCHASE,Hybrid Seeds,,₹100.54,"₹6,334.02",BRD-AUR
T001961,25/11/2019,F01514,delivery,SOYABEAN,784 kg,"₹4,600.00","₹36,064.00",BRD-AUR
T001962,08/06/2019,F01514,input,Fertilizer,158 kgs,₹58.50,"₹9,243.00",BRD-AUR
T001963,01/06/2019,F01514,input,Seeds,316 kg,₹45.73,"₹14,450.68",BRD-AUR
T001964,24/10/2019,F01515,Delivery,soya,1072 kg,"₹4,700.00","₹50,384.00",BRD-AUR
T001965,13/07/2019,F01515,INPUT_PURCHASE,PP chemicals,267 kgs,₹582.49,"₹1,55,524.83",BRD-AUR
T001966,25/09/2019,F01515,LOAN_REPAY,Loan Repayment,,,"₹7,700.00",BRD-AUR
T001967,13/10/2019,f01516,FPO_DELIVERY,SOYABEAN,188 kg,"₹4,945.00","₹9,296.60",BRD-AUR
T001968,15/10/2019,F01516,DELIVERY,soya,361.00 kgs,"₹4,945.00","₹17,851.45",BRD-AUR
T001969,19/06/2019,F01516,INPUT_PURCHASE,DAP,240 kgs,₹50.32,"₹12,076.80",BRD-AUR
T001970,02/06/2019,F01516,input,Fertilizer,256 kgs,₹34.03,"₹8,711.68",BRD-AUR
T001971,21/11/2019,F01517,delivery,Soybean (Yellow),51.00 kgs,"₹4,835.00","₹2,465.85",BRD-AUR
T001972,12/10/2019,F01517,FPO_DELIVERY,SOYABEAN,195 kg,"₹4,835.00","₹9,428.25",BRD-AUR
T001973,01/06/2019,F01517,input,DAP,254 kg,₹57.28,"₹14,549.12",BRD-AUR
T001974,14/06/2019,F01517,INPUT_PURCHASE,NPK 10:26:26,162 kg,₹52.42,"₹8,492.04",BRD-AUR
T001975,12/07/2019,F01517,INPUT_PURCHASE,Fertilizer,197 kgs,₹33.30,"₹6,560.10",BRD-AUR
T001976,15/08/2019,F01517,loan,EMI,,,"₹1,300.00",BRD-AUR
T001977,02/06/2019,F01517,L,EMI,,,"₹1,900.00",BRD-AUR
T001978,18/11/2019,F01517,LOAN_REPAY,Loan Repayment,,,"₹2,700.00",BRD-AUR
T001979,11/11/2019,f01518,Delivery,SOYABEAN,126 kg,"₹4,465.00","₹5,625.90",BRD-AUR
T001980,18/11/2019,f01518,delivery,soya,705.00 kgs,"₹4,465.00","₹31,478.25",BRD-AUR
T001981,07/07/2019,F01518,FERT_PURCHASE,Urea,286 kg,₹39.88,"₹11,405.68",BRD-AUR
T001982,16/06/2019,F01518,I,FERTILIZER 50kg bag,227 kgs,₹33.44,"₹7,590.88",BRD-AUR
T001983,22/06/2019, F01518 ,FERT_PURCHASE,DAP,118 kgs,₹45.19,"₹5,332.42",BRD-AUR
T001984,07/07/2019,f01518,FERT_PURCHASE,Urea,248 kgs,₹36.90,"₹9,151.20",BRD-AUR
T001985,09/08/2019,F01518,L,Loan Repayment,,,"₹4,900.00",BRD-AUR
T001986,09/07/2019,F01518,Loan Repayment,Loan Repayment,,,"₹6,100.00",BRD-AUR
T001987,09/10/2019,F01519,DELIVERY,Soybean (Yellow),581 kg,"₹5,015.00","₹29,137.15",BRD-AUR
T001988,23/11/2019,F01519,FPO_DELIVERY,SOYABEAN,70 kg,"₹5,015.00","₹3,510.50",BRD-AUR
T001989,02/10/2019,F01519,L,EMI,,,"₹4,100.00",BRD-AUR
T001990,22/11/2019,F01519,L,Loan Repayment,,,"₹1,500.00",BRD-AUR
T001991,29/09/2019,F01519,loan,Loan Repayment,,,"₹2,300.00",BRD-AUR
T001992,07/06/2019,F01519,L,EMI,,,"₹5,400.00",BRD-AUR
T001993,03/10/2019, F01519 ,Loan Repayment,EMI,,,"₹1,700.00",BRD-AUR
T001994,12/10/2019,f01519,LOAN_REPAY,Loan Repayment,,,"₹7,500.00",BRD-AUR
T001995,09/11/2019,F01520,delivery,Soybean,689.00 kgs,"₹4,885.00","₹33,657.65",BRD-AUR
T001996,09/10/2019,F01520,Delivery,SOYABEAN,706.00 kgs,"₹4,885.00","₹34,488.10",BRD-AUR
T001997,11/07/2019,F01520,L,Loan Repayment,,,"₹5,600.00",BRD-AUR
T001998,23/10/2019,F01520,Loan Repayment,EMI,,,"₹3,100.00",BRD-AUR
T001999,24/11/2019,F01521,FPO_DELIVERY,SOYABEAN,33.00 kgs,"₹5,035.00","₹1,661.55",BRD-AUR
T002000,10 Oct 2019,F01521,Delivery,Soybean (Yellow),123.00 kgs,"₹5,035.00","₹6,193.05",BRD-AUR
T002001,12/11/2019,F01522,FPO_DELIVERY,Soybean,1703 kg,"₹5,185.00","₹88,300.55",BRD-AUR
T002002,12/06/2019,F01522,INPUT_PURCHASE,Bio-pesticide,151 kg,₹190.09,"₹28,703.59",BRD-AUR
T002003,06/07/2019,F01522,I,Bio-pesticide,247 kg,₹653.63,"₹1,61,446.61",BRD-AUR
T002004,23/10/2019,F01523,D,Soybean (Yellow),604.00 kgs,"₹4,620.00","₹27,904.80",BRD-AUR
T002005,15/10/2019,F01523,DELIVERY,SOYABEAN,422 kg,"₹4,620.00","₹19,496.40",BRD-AUR
T002006,12/07/2019,F01523,INPUT_PURCHASE,FERTILIZER 50kg bag,247 kgs,₹43.81,"₹10,821.07",BRD-AUR
T002007,20/11/2019,f01524,D,Soybean,358.00 kgs,"₹5,075.00","₹18,168.50",BRD-AUR
T002008,13/06/2019,F01524,FERT_PURCHASE,Urea,314 kg,₹49.45,"₹15,527.30",BRD-AUR
T002009,15/07/2019,F01524,input,FERTILIZER 50kg bag,271 kgs,₹42.72,"₹11,577.12",BRD-AUR
T002010,06/10/2019,f01525,Delivery,soya,709 kg,"₹4,555.00","₹32,294.95",BRD-AUR
T002011,09/06/2019,F01525,FERT_PURCHASE,Fertilizer,85 kgs,₹30.18,"₹2,565.30",BRD-AUR
T002012,13 Oct 2019,F01525,L,Loan Repayment,,,"₹2,600.00",BRD-AUR
T002013,10/11/2019,F01525,loan,EMI,,,"₹3,700.00",BRD-AUR
T002014,23 Nov 2019,F01526,Delivery,Soybean,1476 kg,"₹4,635.00","₹68,412.60",BRD-AUR
T002015,15/07/2019,F01526,Input Purchase,PPC,50 kg,₹602.52,"₹30,126.00",BRD-AUR
T002016,12/06/2019,F01526,I,Urea,79 kg,₹30.94,"₹2,444.26",BRD-AUR
T002017,21/06/2019,F01526,FERT_PURCHASE,Hybrid Seeds,268 kg,₹91.78,"₹24,597.04",BRD-AUR
T002018,24/06/2019,F01526,FERT_PURCHASE,SEEDS,71 kg,₹113.22,"₹8,038.62",BRD-AUR
T002019,04 Oct 2019,F01527,Delivery,Soybean,185 kg,"₹5,110.00","₹9,453.50",BRD-AUR
T002020,13/11/2019,F01527,DELIVERY,Soybean (Yellow),797.00 kgs,"₹5,110.00","₹40,726.70",BRD-AUR
T002021,10/07/2019,f01527,INPUT_PURCHASE,Urea,126 kg,₹57.84,"₹7,287.84",BRD-AUR
T002022,07/07/2019,F01527,INPUT_PURCHASE,Bio-pesticide,113 kg,₹310.01,"₹35,031.13",BRD-AUR
T002023,16/11/2019,f01528,FPO_DELIVERY,soya,479.00 kgs,"₹4,410.00","₹21,123.90",BRD-AUR
T002024,23/10/2019,F01529,Delivery,Soybean,90 kg,"₹4,815.00","₹4,333.50",BRD-AUR
T002025,14/10/2019,f01529,DELIVERY,Soybean,143.00 kgs,"₹4,815.00","₹6,885.45",BRD-AUR
T002026,10 Jun 2019,F01529,Input Purchase,PP chemicals,51 kg,₹509.42,"₹25,980.42",BRD-AUR
T002027,09/06/2019,F01529,Input Purchase,DAP,109 kg,₹42.15,"₹4,594.35",BRD-AUR
T002028,27/10/2019,F01530,DELIVERY,soya,738 kg,"₹4,630.00","₹34,169.40",BRD-AUR
T002029,18/11/2019,F01530,DELIVERY,Soybean,1261 kg,"₹4,630.00","₹58,384.30",BRD-AUR
T002030,03/11/2019,F01531,delivery,Soybean (Yellow),418 kg,"₹4,930.00","₹20,607.40",BRD-AUR
T002031,11 Nov 2019,f01531,D,SOYABEAN,7 kg,"₹4,930.00",₹345.10,BRD-AUR
T002032,26/06/2019,F01531,FERT_PURCHASE,PPC,97 kgs,₹649.81,"₹63,031.57",BRD-AUR
T002033,13/07/2019, F01531 ,input,Seeds,308 kgs,₹73.27,"₹22,567.16",BRD-AUR
T002034,12/10/2019,f01531,loan,Loan Repayment,,,"₹6,600.00",BRD-AUR
T002035,09/11/2019,F01532,D,Soybean (Yellow),959 kg,"₹4,960.00","₹47,566.40",BRD-AUR
T002036,26/11/2019,F01533,DELIVERY,soya,511.00 kgs,"₹4,915.00","₹25,115.65",BRD-AUR
T002037,08/11/2019,F01533,delivery,Soybean,629.00 kgs,"₹4,915.00","₹30,915.35",BRD-AUR
T002038,12/07/2019,F01533,FERT_PURCHASE,NPK 10:26:26,189 kgs,₹46.65,"₹8,816.85",BRD-AUR
T002039,25/11/2019,F01534,FPO_DELIVERY,soya,26.00 kgs,"₹4,745.00","₹1,233.70",BRD-AUR
T002040,22 Oct 2019,f01534,DELIVERY,Soybean (Yellow),240 kg,"₹4,745.00","₹11,388.00",BRD-AUR
T002041,16 Nov 2019,f01534,Delivery,SOYABEAN,79 kg,"₹4,745.00","₹3,748.55",BRD-AUR
T002042,30/06/2019, F01534 ,FERT_PURCHASE,NPK 10:26:26,178 kgs,₹30.75,"₹5,473.50",BRD-AUR
T002043,10/06/2019,F01534,INPUT_PURCHASE,PPC,239 kg,₹315.01,"₹75,287.39",BRD-AUR
T002044,10/11/2019,F01535,FPO_DELIVERY,SOYABEAN,1677 kg,"₹5,100.00","₹85,527.00",BRD-AUR
T002045,19/06/2019,F01535,input,Urea,195 kg,₹40.21,"₹7,840.95",BRD-AUR
T002046,05/06/2019,F01535,FERT_PURCHASE,DAP,296 kg,₹37.29,"₹11,037.84",BRD-AUR
T002047,20/11/2019,F01536,DELIVERY,SOYABEAN,180 kg,"₹4,995.00","₹8,991.00",BRD-AUR
T002048,26/11/2019,F01536,FPO_DELIVERY,Soybean,827 kg,"₹4,995.00","₹41,308.65",BRD-AUR
T002049,23/06/2019,F01536,I,FERTILIZER 50kg bag,231 kg,₹42.91,"₹9,912.21",BRD-AUR
T002050,16/06/2019,F01536,input,DAP,98 kg,₹46.59,"₹4,565.82",BRD-AUR
T002051,08 Aug 2019,F01536,loan,Loan Repayment,,,"₹1,000.00",BRD-AUR
T002052,18/10/2019,f01537,Delivery,SOYABEAN,640.00 kgs,"₹4,710.00","₹30,144.00",BRD-AUR
T002053,05/11/2019,F01537,DELIVERY,soya,539 kg,"₹4,710.00","₹25,386.90",BRD-AUR
T002054,13/08/2019,f01537,LOAN_REPAY,Loan Repayment,,,"₹2,500.00",BRD-AUR
T002055,13/06/2019,F01537,L,Loan Repayment,,,"₹4,100.00",BRD-AUR
T002056,05/11/2019,F01538,delivery,Soybean (Yellow),"1,582.00 kgs","₹5,180.00","₹81,947.60",BRD-AUR
T002057,12/11/2019,F01539,delivery,Soybean (Yellow),67.00 kgs,"₹5,115.00","₹3,427.05",BRD-AUR
T002058,09 Nov 2019,f01539,delivery,Soybean (Yellow),142.00 kgs,"₹5,115.00","₹7,263.30",BRD-AUR
T002059,11/07/2019,F01539,INPUT_PURCHASE,SEEDS,197 kg,₹85.46,"₹16,835.62",BRD-AUR
T002060,11 Jul 2019,F01539,Input Purchase,Seeds,266 kg,₹86.26,"₹22,945.16",BRD-AUR
T002061,10/06/2019,F01539,input,PPC,301 kg,₹174.45,"₹52,509.45",BRD-AUR
T002062,15/11/2019,F01540,delivery,Soybean (Yellow),669 kg,"₹4,785.00","₹32,011.65",BRD-AUR
T002063,15/07/2019,F01540,input,Bio-pesticide,25 kgs,₹558.30,"₹13,957.50",BRD-AUR
T002064,02/11/2019,F01541,FPO_DELIVERY,soya,395.00 kgs,"₹4,795.00","₹18,940.25",BRD-AUR
T002065,13/06/2019, F01541 ,I,NPK 10:26:26,64 kgs,₹50.74,"₹3,247.36",BRD-AUR
T002066,14/07/2019,F01541,Input Purchase,SEEDS,151 kg,₹64.87,"₹9,795.37",BRD-AUR
T002067,30/10/2019,F01542,D,SOYABEAN,"1,446.00 kgs","₹4,865.00","₹70,347.90",BRD-AUR
T002068,01/11/2019, F01543 ,DELIVERY,Soybean,"1,177.00 kgs","₹4,905.00","₹57,731.85",BRD-AUR
T002069,24/10/2019,F01543,DELIVERY,Soybean (Yellow),500.00 kgs,"₹4,905.00","₹24,525.00",BRD-AUR
T002070,08/06/2019,F01543,FERT_PURCHASE,SEEDS,216 kg,₹68.51,"₹14,798.16",BRD-AUR
T002071,15/10/2019,F01544,delivery,soya,359 kg,"₹4,935.00","₹17,716.65",BRD-AUR
T002072,26/10/2019,F01544,D,SOYABEAN,457 kg,"₹4,935.00","₹22,552.95",BRD-AUR
T002073,23/10/2019,f01544,FPO_DELIVERY,Soybean (Yellow),293.00 kgs,"₹4,935.00","₹14,459.55",BRD-AUR
T002074,14/11/2019,F01545,Delivery,SOYABEAN,637.00 kgs,"₹4,475.00","₹28,505.75",BRD-AUR
T002075,08/11/2019,F01545,delivery,SOYABEAN,253.00 kgs,"₹4,475.00","₹11,321.75",BRD-AUR
T002076,19/11/2019,F01545,Delivery,Soybean (Yellow),397.00 kgs,"₹4,475.00","₹17,765.75",BRD-AUR
T002077,20/06/2019,F01545,input,Fertilizer,169 kg,₹48.87,"₹8,259.03",BRD-AUR
T002078,15 Jun 2019,F01545,INPUT_PURCHASE,Hybrid Seeds,77 kgs,₹90.39,"₹6,960.03",BRD-AUR
T002079,10/11/2019,F01546,DELIVERY,Soybean (Yellow),959 kg,"₹4,975.00","₹47,710.25",BRD-AUR
T002080,19/06/2019,f01546,INPUT_PURCHASE,NPK 10:26:26,255 kg,₹50.65,"₹12,915.75",BRD-AUR
T002081,24/06/2019,F01546,I,DAP,224 kgs,₹33.39,"₹7,479.36",BRD-AUR
T002082,15/07/2019,F01546,I,Seeds,266 kg,₹50.96,"₹13,555.36",BRD-AUR
T002083,23/10/2019,F01547,delivery,SOYABEAN,56 kg,"₹5,065.00","₹2,836.40",BRD-AUR
T002084,27/11/2019,F01547,D,Soybean,316 kg,"₹5,065.00","₹16,005.40",BRD-AUR
T002085,05/10/2019,F01547,D,Soybean (Yellow),929.00 kgs,"₹5,065.00","₹47,053.85",BRD-AUR
T002086,29/06/2019,F01547,input,DAP,52 kg,₹43.97,"₹2,286.44",BRD-AUR
T002087,07/10/2019,F01548,FPO_DELIVERY,SOYABEAN,693.00 kgs,"₹4,610.00","₹31,947.30",BRD-AUR
T002088,28/06/2019,F01548,Input Purchase,Bio-pesticide,288 kgs,₹352.17,"₹1,01,424.96",BRD-AUR
T002089,13/07/2019,F01548,input,Urea,45 kgs,₹45.86,"₹2,063.70",BRD-AUR
T002090,11/07/2019,F01548,I,Seeds,135 kgs,₹93.86,"₹12,671.10",BRD-AUR
T002091,01/06/2019,F01548,Input Purchase,SEEDS,250 kgs,₹129.78,"₹32,445.00",BRD-AUR
T002092,23 Oct 2019,F01549,DELIVERY,SOYABEAN,125.00 kgs,"₹4,830.00","₹6,037.50",BRD-AUR
T002093,02/11/2019,F01549,D,soya,44.00 kgs,"₹4,830.00","₹2,125.20",BRD-AUR
T002094,17/11/2019,F01549,delivery,soya,844.00 kgs,"₹4,830.00","₹40,765.20",BRD-AUR
T002095,11/06/2019,F01549,L,Loan Repayment,,,₹900.00,BRD-AUR
T002096,05 Jul 2019,F01549,L,EMI,,,"₹4,200.00",BRD-AUR
T002097,11/11/2019,F01550,FPO_DELIVERY,Soybean,"2,393.00 kgs","₹4,815.00","₹1,15,222.95",BRD-AUR
T002098,13/06/2019,F01550,FERT_PURCHASE,Seeds,90 kg,₹65.08,"₹5,857.20",BRD-AUR
T002099,11/06/2019,f01550,I,PPC,287 kgs,₹689.34,"₹1,97,840.58",BRD-AUR
T002100,10/11/2019,F01551,DELIVERY,Soybean (Yellow),765 kg,"₹5,110.00","₹39,091.50",BRD-AUR
T002101,18/06/2019,F01551,input,DAP,194 kgs,₹39.26,"₹7,616.44",BRD-AUR
T002102,03/11/2019,F01552,FPO_DELIVERY,Soybean,1701 kg,"₹5,140.00","₹87,431.40",BRD-AUR
T002103,30/11/2019,F01552,D,SOYABEAN,703 kg,"₹5,140.00","₹36,134.20",BRD-AUR
T002104,15/07/2019,F01552,Input Purchase,DAP,179 kgs,₹41.66,"₹7,457.14",BRD-AUR
T002105,13/11/2019,F01553,Delivery,soya,731.00 kgs,"₹4,895.00","₹35,782.45",BRD-AUR
T002106,22/06/2019,F01553,INPUT_PURCHASE,PPC,162 kgs,₹477.06,"₹77,283.72",BRD-AUR
T002107,31/10/2019,F01554,FPO_DELIVERY,Soybean (Yellow),892.00 kgs,"₹4,960.00","₹44,243.20",BRD-AUR
T002108,27/11/2019,F01554,FPO_DELIVERY,soya,23.00 kgs,"₹4,960.00","₹1,140.80",BRD-AUR
T002109,27/11/2019,F01555,Delivery,soya,563.00 kgs,"₹4,710.00","₹26,517.30",BRD-AUR
T002110,26/10/2019,F01555,delivery,SOYABEAN,273 kg,"₹4,710.00","₹12,858.30",BRD-AUR
T002111,15/10/2019,f01556,DELIVERY,soya,196 kg,"₹5,115.00","₹10,025.40",BRD-AUR
T002112,23/11/2019,F01556,delivery,soya,1053 kg,"₹5,115.00","₹53,860.95",BRD-AUR
T002113,20/11/2019,F01556,D,SOYABEAN,130.00 kgs,"₹5,115.00","₹6,649.50",BRD-AUR
T002114,22/11/2019,F01557,FPO_DELIVERY,Soybean (Yellow),227 kg,"₹5,130.00","₹11,645.10",BRD-AUR
T002115,30/11/2019,F01558,FPO_DELIVERY,Soybean,"2,033.00 kgs","₹5,295.00","₹1,07,647.35",BRD-AUR
T002116,15/11/2019,F01558,DELIVERY,Soybean,887.00 kgs,"₹5,295.00","₹46,966.65",BRD-AUR
T002117,28/06/2019,F01558,I,Seeds,145 kgs,₹82.73,"₹11,995.85",BRD-AUR
T002118,29 Jun 2019,F01558,input,SEEDS,183 kgs,₹122.41,"₹22,401.03",BRD-AUR
T002119,22/10/2019,F01559,D,soya,"1,701.00 kgs","₹4,665.00","₹79,351.65",BRD-AUR
T002120,01/11/2019,f01560,FPO_DELIVERY,soya,969.00 kgs,"₹4,925.00","₹47,723.25",BRD-AUR
T002121,07/10/2019,F01560,D,soya,195.00 kgs,"₹4,925.00","₹9,603.75",BRD-AUR
T002122,22/06/2019,f01560,INPUT_PURCHASE,NPK 10:26:26,283 kg,₹36.13,"₹10,224.79",BRD-AUR
T002123,08 Jun 2019,f01560,input,PP chemicals,88 kgs,₹245.02,"₹21,561.76",BRD-AUR
T002124,26/06/2019,F01560,input,PPC,173 kg,₹382.80,"₹66,224.40",BRD-AUR
T002125,18/06/2019, F01560 ,INPUT_PURCHASE,Urea,163 kg,₹37.16,"₹6,057.08",BRD-AUR
T002126,28/06/2019,F01560,FERT_PURCHASE,Urea,78 kg,₹50.67,"₹3,952.26",BRD-AUR
T002127,29/08/2019,F01560,L,EMI,,,"₹4,000.00",BRD-AUR
T002128,10/10/2019,F01561,DELIVERY,Soybean,888.00 kgs,"₹4,995.00","₹44,355.60",BRD-AUR
T002129,24/10/2019,f01561,DELIVERY,Soybean,344.00 kgs,"₹4,995.00","₹17,182.80",BRD-AUR
T002130,05/07/2019,F01561,INPUT_PURCHASE,Urea,74 kgs,₹50.97,"₹3,771.78",BRD-AUR
T002131,04/07/2019, F01561 ,I,PPC,89 kg,₹532.06,"₹47,353.34",BRD-AUR
T002132,23/06/2019,F01561,INPUT_PURCHASE,PPC,138 kgs,₹349.19,"₹48,188.22",BRD-AUR
T002133,17/11/2019,F01562,delivery,Soybean (Yellow),357.00 kgs,"₹4,955.00","₹17,689.35",BRD-AUR
T002134,09/11/2019,F01562,delivery,Soybean (Yellow),1503 kg,"₹4,955.00","₹74,473.65",BRD-AUR
T002135,11/07/2019,F01562,Input Purchase,DAP,158 kgs,₹48.30,"₹7,631.40",BRD-AUR
T002136,04 Nov 2019,F01562,Loan Repayment,Loan Repayment,,,"₹2,200.00",BRD-AUR
T002137,14/10/2019,F01563,FPO_DELIVERY,Soybean (Yellow),758 kg,"₹4,920.00","₹37,293.60",BRD-AUR
T002138,26/11/2019,F01563,delivery,SOYABEAN,445.00 kgs,"₹4,920.00","₹21,894.00",BRD-AUR
T002139,08/07/2019,F01563,input,Hybrid Seeds,63 kg,₹104.68,"₹6,594.84",BRD-AUR
T002140,03/06/2019,F01563,Input Purchase,FERTILIZER 50kg bag,150 kg,₹48.92,"₹7,338.00",BRD-AUR
T002141,15/10/2019,F01564,D,Soybean (Yellow),"1,571.00 kgs","₹4,610.00","₹72,423.10",BRD-AUR
T002142,15/06/2019,F01564,input,Seeds,201 kg,₹62.43,"₹12,548.43",BRD-AUR
T002143,10/06/2019,F01564,I,SEEDS,34 kg,₹102.48,"₹3,484.32",BRD-AUR
T002144,03/06/2019,F01564,input,Fertilizer,274 kgs,₹31.98,"₹8,762.52",BRD-AUR
T002145,23/10/2019,f01565,Delivery,SOYABEAN,766 kg,"₹4,855.00","₹37,189.30",BRD-AUR
T002146,10/06/2019,F01565,input,SEEDS,288 kgs,₹109.04,"₹31,403.52",BRD-AUR
T002147,07/10/2019,F01566,Delivery,Soybean (Yellow),"1,589.00 kgs","₹4,920.00","₹78,178.80",BRD-AUR
T002148,21/11/2019,F01566,Delivery,Soybean (Yellow),597.00 kgs,"₹4,920.00","₹29,372.40",BRD-AUR
T002149,29/10/2019,F01567,delivery,soya,1109 kg,"₹4,660.00","₹51,679.40",BRD-AUR
T002150,22/10/2019,f01568,FPO_DELIVERY,Soybean (Yellow),898 kg,"₹4,805.00","₹43,148.90",BRD-AUR
T002151,06/11/2019,f01568,Delivery,soya,1765 kg,"₹4,805.00","₹84,808.25",BRD-AUR
T002152,29/06/2019,F01568,input,Seeds,76 kg,₹48.15,"₹3,659.40",BRD-AUR
T002153,05/07/2019,F01568,I,NPK 10:26:26,208 kgs,₹38.17,"₹7,939.36",BRD-AUR
T002154,22 Jun 2019,F01568,INPUT_PURCHASE,PPC,183 kgs,₹170.87,"₹31,269.21",BRD-AUR
T002155,18/06/2019,F01568,input,Hybrid Seeds,153 kg,₹83.13,"₹12,718.89",BRD-AUR
T002156,09/11/2019,F01569,D,Soybean (Yellow),"2,310.00 kgs","₹4,890.00","₹1,12,959.00",BRD-AUR
T002157,24/10/2019,F01569,Delivery,SOYABEAN,112 kg,"₹4,890.00","₹5,476.80",BRD-AUR
T002158,11/06/2019,F01569,input,Seeds,191 kgs,₹125.74,"₹24,016.34",BRD-AUR
T002159,19/11/2019,F01570,delivery,SOYABEAN,255 kg,"₹5,050.00","₹12,877.50",BRD-AUR
T002160,10/11/2019,F01570,LOAN_REPAY,Loan Repayment,,,"₹3,400.00",BRD-AUR
T002161,01/08/2019, F01570 ,Loan Repayment,EMI,,,"₹3,200.00",BRD-AUR
T002162,04/10/2019,f01571,D,SOYABEAN,2517 kg,"₹5,000.00","₹1,25,850.00",BRD-AUR
T002163,07/07/2019,F01571,FERT_PURCHASE,SEEDS,102 kgs,₹113.70,"₹11,597.40",BRD-AUR
T002164,10/07/2019,F01571,INPUT_PURCHASE,Hybrid Seeds,196 kgs,₹68.33,"₹13,392.68",BRD-AUR
T002165,12/06/2019,f01571,I,FERTILIZER 50kg bag,192 kg,₹38.83,"₹7,455.36",BRD-AUR
T002166,29/10/2019,f01572,D,soya,340 kg,"₹4,625.00","₹15,725.00",BRD-AUR
T002167,01 Oct 2019,F01572,Loan Repayment,Loan Repayment,,,"₹3,800.00",BRD-AUR
T002168,19/09/2019,F01572,LOAN_REPAY,Loan Repayment,,,"₹5,900.00",BRD-AUR
T002169,16/10/2019,F01573,DELIVERY,soya,691.00 kgs,"₹4,965.00","₹34,308.15",BRD-AUR
T002170,04/10/2019,F01574,FPO_DELIVERY,SOYABEAN,905 kg,"₹4,780.00","₹43,259.00",BRD-AUR
T002171,06/06/2019,F01574,INPUT_PURCHASE,Hybrid Seeds,68 kgs,₹115.55,"₹7,857.40",BRD-AUR
T002172,12/10/2019,F01575,FPO_DELIVERY,soya,1918 kg,"₹4,820.00","₹92,447.60",BRD-AUR
T002173,31/10/2019,f01576,DELIVERY,Soybean (Yellow),83.00 kgs,"₹5,125.00","₹4,253.75",BRD-AUR
T002174,23/11/2019,F01576,FPO_DELIVERY,SOYABEAN,173 kg,"₹5,125.00","₹8,866.25",BRD-AUR
T002175,21/10/2019,f01576,delivery,Soybean (Yellow),628 kg,"₹5,125.00","₹32,185.00",BRD-AUR
T002176,09/06/2019,F01576,FERT_PURCHASE,Seeds,97 kgs,₹119.92,"₹11,632.24",BRD-AUR
T002177,14/06/2019,F01576,Loan Repayment,Loan Repayment,,,"₹7,700.00",BRD-AUR
T002178,11/06/2019,f01576,loan,Loan Repayment,,,"₹2,900.00",BRD-AUR
T002179,03/06/2019,F01576,LOAN_REPAY,EMI,,,"₹1,200.00",BRD-AUR
T002180,28/11/2019,F01577,D,Soybean,259.00 kgs,"₹5,090.00","₹13,183.10",BRD-AUR
T002181,25/10/2019,F01577,DELIVERY,SOYABEAN,216 kg,"₹5,090.00","₹10,994.40",BRD-AUR
T002182,30/11/2019,f01578,D,Soybean (Yellow),492 kg,"₹4,860.00","₹23,911.20",BRD-AUR
T002183,29/11/2019,F01578,D,SOYABEAN,81.00 kgs,"₹4,860.00","₹3,936.60",BRD-AUR
T002184,03 Jul 2019, F01578 ,FERT_PURCHASE,PP chemicals,116 kg,₹396.45,"₹45,988.20",BRD-AUR
T002185,27/10/2019,F01579,D,soya,45.00 kgs,"₹4,625.00","₹2,081.25",BRD-AUR
T002186,16/10/2019,F01579,DELIVERY,soya,417 kg,"₹4,625.00","₹19,286.25",BRD-AUR
T002187,10/06/2019, F01579 ,INPUT_PURCHASE,Seeds,108 kgs,₹97.19,"₹10,496.52",BRD-AUR
T002188,03/06/2019,F01579,FERT_PURCHASE,Bio-pesticide,110 kgs,₹127.55,"₹14,030.50",BRD-AUR
T002189,21/10/2019,F01580,D,Soybean,567.00 kgs,"₹4,955.00","₹28,094.85",BRD-AUR
T002190,13/11/2019,f01580,FPO_DELIVERY,Soybean,472.00 kgs,"₹4,955.00","₹23,387.60",BRD-AUR
T002191,17/06/2019,f01580,INPUT_PURCHASE,FERTILIZER 50kg bag,221 kgs,₹48.59,"₹10,738.39",BRD-AUR
T002192,01 Oct 2019,F01581,D,Soybean,611 kg,"₹5,040.00","₹30,794.40",BRD-AUR
T002193,13/11/2019,F01581,D,SOYABEAN,457.00 kgs,"₹5,040.00","₹23,032.80",BRD-AUR
T002194,13/07/2019,F01581,Input Purchase,FERTILIZER 50kg bag,226 kgs,₹44.21,"₹9,991.46",BRD-AUR
T002195,09/06/2019,F01581,input,DAP,30 kgs,₹36.56,"₹1,096.80",BRD-AUR
T002196,08/10/2019,F01582,delivery,Soybean (Yellow),1213 kg,"₹4,475.00","₹54,281.75",BRD-AUR
T002197,10/10/2019,F01582,Delivery,SOYABEAN,45 kg,"₹4,475.00","₹2,013.75",BRD-AUR
T002198,05 Oct 2019,F01583,D,SOYABEAN,59 kg,"₹4,810.00","₹2,837.90",BRD-AUR
T002199,01/10/2019,F01583,delivery,Soybean,185 kg,"₹4,810.00","₹8,898.50",BRD-AUR
T002200,27/10/2019, F01584 ,delivery,SOYABEAN,12 kg,"₹4,920.00",₹590.40,BRD-AUR
T002201,11/11/2019,f01584,DELIVERY,Soybean,122.00 kgs,"₹4,920.00","₹6,002.40",BRD-AUR
T002202,20/06/2019,F01584,INPUT_PURCHASE,Hybrid Seeds,30 kgs,₹66.41,"₹1,992.30",BRD-AUR
T002203,09/06/2019,F01584,FERT_PURCHASE,SEEDS,298 kg,₹73.87,"₹22,013.26",BRD-AUR
T002204,17/10/2019,F01585,FPO_DELIVERY,soya,"2,004.00 kgs","₹4,825.00","₹96,693.00",BRD-AUR
T002205,09/07/2019,F01585,INPUT_PURCHASE,FERTILIZER 50kg bag,166 kg,₹47.76,"₹7,928.16",BRD-AUR
T002206,24/11/2019,F01586,FPO_DELIVERY,Soybean (Yellow),502.00 kgs,"₹4,520.00","₹22,690.40",BRD-AUR
T002207,29/11/2019,F01586,DELIVERY,Soybean,1965 kg,"₹4,520.00","₹88,818.00",BRD-AUR
T002208,16/06/2019,F01586,FERT_PURCHASE,SEEDS,72 kgs,₹64.37,"₹4,634.64",BRD-AUR
T002209,12 Nov 2019,F01587,DELIVERY,Soybean,"1,004.00 kgs","₹4,675.00","₹46,937.00",BRD-AUR
T002210,05/07/2019,f01587,INPUT_PURCHASE,Seeds,195 kgs,₹103.23,"₹20,129.85",BRD-AUR
T002211,09/06/2019,F01587,Input Purchase,FERTILIZER 50kg bag,133 kg,₹55.47,"₹7,377.51",BRD-AUR
T002212,23/06/2019,F01587,I,Urea,70 kgs,₹41.10,"₹2,877.00",BRD-AUR
T002213,02/06/2019,f01587,INPUT_PURCHASE,FERTILIZER 50kg bag,89 kg,₹58.39,"₹5,196.71",BRD-AUR
T002214,15/11/2019,F01588,delivery,Soybean (Yellow),"1,462.00 kgs","₹4,620.00","₹67,544.40",BRD-AUR
T002215,07/06/2019,F01588,I,Fertilizer,50 kg,₹42.35,"₹2,117.50",BRD-AUR
T002216,07/07/2019, F01588 ,INPUT_PURCHASE,FERTILIZER 50kg bag,265 kgs,₹35.13,"₹9,309.45",BRD-AUR
T002217,01/10/2019,F01589,D,Soybean (Yellow),880 kg,"₹5,190.00","₹45,672.00",BRD-AUR
T002218,16/10/2019,f01589,FPO_DELIVERY,soya,885.00 kgs,"₹5,190.00","₹45,931.50",BRD-AUR
T002219,17/06/2019,F01589,I,Fertilizer,236 kgs,₹35.80,"₹8,448.80",BRD-AUR
T002220,04/07/2019,F01589,Input Purchase,PP chemicals,89 kg,₹473.99,"₹42,185.11",BRD-AUR
T002221,10/11/2019,f01590,delivery,Soybean (Yellow),349.00 kgs,"₹5,125.00","₹17,886.25",BRD-AUR
T002222,11/06/2019,F01590,input,NPK 10:26:26,71 kg,₹28.96,"₹2,056.16",BRD-AUR
T002223,30/09/2019,F01590,L,EMI,,,"₹4,100.00",BRD-AUR
T002224,22/11/2019,F01590,L,Loan Repayment,,,"₹6,500.00",BRD-AUR
T002225,03/11/2019,F01591,DELIVERY,soya,224.00 kgs,"₹4,830.00","₹10,819.20",BRD-AUR
T002226,18/10/2019,F01591,FPO_DELIVERY,Soybean (Yellow),425 kg,"₹4,830.00","₹20,527.50",BRD-AUR
T002227,23/11/2019,F01591,FPO_DELIVERY,soya,800 kg,"₹4,830.00","₹38,640.00",BRD-AUR
T002228,27/06/2019,F01591,input,DAP,117 kgs,₹58.64,"₹6,860.88",BRD-AUR
T002229,25/06/2019,F01591,INPUT_PURCHASE,Hybrid Seeds,100 kg,₹67.19,"₹6,719.00",BRD-AUR
T002230,22/06/2019,F01591,Input Purchase,Fertilizer,66 kgs,₹29.00,"₹1,914.00",BRD-AUR
T002231,11 Sep 2019,F01591,LOAN_REPAY,Loan Repayment,,,"₹6,000.00",BRD-AUR
T002232,12/10/2019,F01591,LOAN_REPAY,EMI,,,"₹1,600.00",BRD-AUR
T002233,14/06/2019, F01591 ,Loan Repayment,Loan Repayment,,,"₹6,200.00",BRD-AUR
T002234,25/06/2019,F01591,loan,EMI,,,"₹4,100.00",BRD-AUR
T002235,29/10/2019,f01592,FPO_DELIVERY,soya,568.00 kgs,"₹4,765.00","₹27,065.20",BRD-AUR
T002236,03/11/2019,F01592,FPO_DELIVERY,Soybean,5.00 kgs,"₹4,765.00",₹238.25,BRD-AUR
T002237,27/10/2019,F01592,delivery,SOYABEAN,87 kg,"₹4,765.00","₹4,145.55",BRD-AUR
T002238,02/11/2019,F01593,DELIVERY,Soybean (Yellow),2098 kg,"₹5,070.00","₹1,06,368.60",BRD-AUR
T002239,18/06/2019,F01593,Input Purchase,Urea,241 kgs,₹51.63,"₹12,442.83",BRD-AUR
T002240,05/06/2019,F01593,Input Purchase,NPK 10:26:26,159 kg,₹52.63,"₹8,368.17",BRD-AUR
T002241,15/11/2019,F01594,delivery,Soybean (Yellow),"1,716.00 kgs","₹4,975.00","₹85,371.00",BRD-AUR
T002242,05/10/2019,F01595,D,Soybean,641.00 kgs,"₹4,835.00","₹30,992.35",BRD-AUR
T002243,30/11/2019, F01595 ,FPO_DELIVERY,SOYABEAN,250.00 kgs,"₹4,835.00","₹12,087.50",BRD-AUR
T002244,26/06/2019,f01595,Input Purchase,SEEDS,259 kgs,₹61.69,"₹15,977.71",BRD-AUR
T002245,04/11/2019,F01596,delivery,soya,883 kg,"₹4,775.00","₹42,163.25",BRD-AUR
T002246,28/10/2019,F01597,delivery,Soybean,"1,108.00 kgs","₹4,730.00","₹52,408.40",BRD-AUR
T002247,30/10/2019,F01597,DELIVERY,Soybean (Yellow),348.00 kgs,"₹4,730.00","₹16,460.40",BRD-AUR
T002248,11/11/2019,F01598,delivery,Soybean (Yellow),318 kg,"₹4,765.00","₹15,152.70",BRD-AUR
T002249,17/11/2019,F01598,DELIVERY,soya,51.00 kgs,"₹4,765.00","₹2,430.15",BRD-AUR
T002250,30/11/2019,F01598,Delivery,Soybean,222 kg,"₹4,765.00","₹10,578.30",BRD-AUR
T002251,11/10/2019,F01599,D,SOYABEAN,3075 kg,"₹4,575.00","₹1,40,681.25",BRD-AUR
T002252,18/11/2019,F01599,FPO_DELIVERY,Soybean (Yellow),82.00 kgs,"₹4,575.00","₹3,751.50",BRD-AUR
T002253,20/06/2019,F01599,INPUT_PURCHASE,Seeds,145 kgs,₹128.62,"₹18,649.90",BRD-AUR
T002254,25/10/2019,F01599,LOAN_REPAY,EMI,,,"₹6,100.00",BRD-AUR
T002255,13/11/2019,F01600,FPO_DELIVERY,SOYABEAN,868.00 kgs,"₹4,895.00","₹42,488.60",BRD-AUR
T002256,03/07/2019,F01600,I,PP chemicals,178 kgs,₹293.56,"₹52,253.68",BRD-AUR
T002257,27/10/2019,f01601,delivery,soya,415 kg,"₹5,000.00","₹20,750.00",BRD-AUR
T002258,02/10/2019,F01601,FPO_DELIVERY,Soybean,297.00 kgs,"₹5,000.00","₹14,850.00",BRD-AUR
T002259,27/06/2019, F01601 ,INPUT_PURCHASE,FERTILIZER 50kg bag,84 kgs,₹57.62,"₹4,840.08",BRD-AUR
T002260,02/06/2019,F01601,I,PP chemicals,93 kg,₹600.37,"₹55,834.41",BRD-AUR
T002261,16/11/2019,F01602,Delivery,Soybean,668 kg,"₹5,015.00","₹33,500.20",BRD-AUR
T002262,20/10/2019,F01602,Delivery,soya,960.00 kgs,"₹5,015.00","₹48,144.00",BRD-AUR
T002263,06/10/2019,F01603,DELIVERY,soya,1817 kg,"₹4,645.00","₹84,399.65",BRD-AUR
T002264,04/10/2019,F01603,D,soya,"3,503.00 kgs","₹4,645.00","₹1,62,714.35",BRD-AUR
T002265,12/07/2019,F01603,Input Purchase,Urea,102 kg,₹55.98,"₹5,709.96",BRD-AUR
T002266,07/11/2019, F01604 ,delivery,Soybean,133 kg,"₹4,905.00","₹6,523.65",BRD-AUR
T002267,02 Nov 2019,F01604,delivery,soya,724.00 kgs,"₹4,905.00","₹35,512.20",BRD-AUR
T002268,02/06/2019,F01604,FERT_PURCHASE,FERTILIZER 50kg bag,209 kgs,₹50.42,"₹10,537.78",BRD-AUR
T002269,09 Aug 2019,F01604,LOAN_REPAY,EMI,,,"₹7,500.00",BRD-AUR
T002270,14/10/2019,F01605,FPO_DELIVERY,SOYABEAN,583 kg,"₹4,740.00","₹27,634.20",BRD-AUR
T002271,04/11/2019,F01605,delivery,Soybean (Yellow),814 kg,"₹4,740.00","₹38,583.60",BRD-AUR
T002272,22/06/2019,F01605,input,Fertilizer,191 kgs,₹56.53,"₹10,797.23",BRD-AUR
T002273,08/10/2019,F01606,DELIVERY,SOYABEAN,1034 kg,"₹4,995.00","₹51,648.30",BRD-AUR
T002274,10/06/2019,F01606,FERT_PURCHASE,FERTILIZER 50kg bag,270 kgs,₹34.30,"₹9,261.00",BRD-AUR
T002275,21/11/2019, F01607 ,FPO_DELIVERY,SOYABEAN,880.00 kgs,"₹5,055.00","₹44,484.00",BRD-AUR
T002276,23/10/2019,F01607,Delivery,Soybean (Yellow),743.00 kgs,"₹5,055.00","₹37,558.65",BRD-AUR
T002277,05/07/2019, F01607 ,INPUT_PURCHASE,NPK 10:26:26,42 kg,₹47.22,"₹1,983.24",BRD-AUR
T002278,14/10/2019,F01608,DELIVERY,Soybean (Yellow),588 kg,"₹4,785.00","₹28,135.80",BRD-AUR
T002279,02 Nov 2019,F01608,DELIVERY,Soybean,190.00 kgs,"₹4,785.00","₹9,091.50",BRD-AUR
T002280,29/11/2019,F01609,Delivery,SOYABEAN,243.00 kgs,"₹4,765.00","₹11,578.95",BRD-AUR
T002281,14/10/2019,F01609,D,SOYABEAN,432 kg,"₹4,765.00","₹20,584.80",BRD-AUR
T002282,18/10/2019,F01610,Delivery,SOYABEAN,"1,476.00 kgs","₹4,770.00","₹70,405.20",BRD-AUR
T002283,03/10/2019,F01610,DELIVERY,Soybean (Yellow),251 kg,"₹4,770.00","₹11,972.70",BRD-AUR
T002284,20/06/2019,F01610,loan,Loan Repayment,,,"₹4,200.00",BRD-AUR
T002285,01/07/2019,F01610,Loan Repayment,Loan Repayment,,,"₹6,100.00",BRD-AUR
T002286,08 Oct 2019,F01610,Loan Repayment,EMI,,,"₹7,000.00",BRD-AUR
T002287,24/08/2019,F01610,LOAN_REPAY,EMI,,,"₹6,700.00",BRD-AUR
T002288,10/11/2019, F01610 ,Loan Repayment,Loan Repayment,,,"₹4,300.00",BRD-AUR
T002289,02/11/2019,f01611,FPO_DELIVERY,SOYABEAN,10 kg,"₹4,735.00",₹473.50,BRD-AUR
T002290,14/10/2019,F01611,DELIVERY,Soybean,137.00 kgs,"₹4,735.00","₹6,486.95",BRD-AUR
T002291,14 Oct 2019,F01612,D,Soybean,162.00 kgs,"₹4,750.00","₹7,695.00",BRD-AUR
T002292,13/10/2019,F01612,delivery,soya,136.00 kgs,"₹4,750.00","₹6,460.00",BRD-AUR
T002293,01/11/2019,F01612,FPO_DELIVERY,Soybean (Yellow),959.00 kgs,"₹4,750.00","₹45,552.50",BRD-AUR
T002294,26/06/2019,F01612,I,Urea,282 kgs,₹43.47,"₹12,258.54",BRD-AUR
T002295,03/07/2019,F01612,input,PP chemicals,62 kgs,₹194.62,"₹12,066.44",BRD-AUR
T002296,27/06/2019,F01612,INPUT_PURCHASE,DAP,200 kgs,₹33.86,"₹6,772.00",BRD-AUR
T002297,12/10/2019,F01613,Delivery,Soybean (Yellow),,"₹5,390.00","₹51,097.20",BRD-AUR
T002298,06/06/2019,F01613,FERT_PURCHASE,FERTILIZER 50kg bag,61 kg,₹35.09,"₹2,140.49",BRD-AUR
T002299,28/10/2019,F01614,delivery,SOYABEAN,398.00 kgs,"₹4,605.00","₹18,327.90",BRD-AUR
T002300,12 Oct 2019,F01614,DELIVERY,Soybean (Yellow),442.00 kgs,"₹4,605.00","₹20,354.10",BRD-AUR
T002301,15/07/2019,F01614,input,Fertilizer,88 kg,₹52.48,"₹4,618.24",BRD-AUR
T002302,10/10/2019,F01614,LOAN_REPAY,EMI,,,"₹6,700.00",BRD-AUR
T002303,08/10/2019,F01615,DELIVERY,Soybean (Yellow),342 kg,"₹4,870.00","₹16,655.40",BRD-AUR
T002304,06/10/2019,F01615,delivery,SOYABEAN,390.00 kgs,"₹4,870.00","₹18,993.00",BRD-AUR
T002305,04/11/2019,F01615,Delivery,Soybean (Yellow),112 kg,"₹4,870.00","₹5,454.40",BRD-AUR
T002306,04/07/2019,f01615,I,NPK 10:26:26,107 kg,₹59.36,"₹6,351.52",BRD-AUR
T002307,08/10/2019,F01615,L,EMI,,,"₹3,000.00",BRD-AUR
T002308,23/10/2019,F01616,FPO_DELIVERY,soya,103 kg,"₹5,040.00","₹5,191.20",BRD-AUR
T002309,20/10/2019,F01616,Delivery,SOYABEAN,343.00 kgs,"₹5,040.00","₹17,287.20",BRD-AUR
T002310,10/06/2019,f01616,INPUT_PURCHASE,Bio-pesticide,308 kgs,₹357.59,"₹1,10,137.72",BRD-AUR
T002311,16/08/2019,F01616,LOAN_REPAY,Loan Repayment,,,"₹4,300.00",BRD-AUR
T002312,16/11/2019,F01617,DELIVERY,soya,1283 kg,"₹4,750.00","₹60,942.50",BRD-AUR
T002313,04/06/2019,F01617,FERT_PURCHASE,FERTILIZER 50kg bag,57 kg,₹33.72,"₹1,922.04",BRD-AUR
T002314,30 Aug 2019,F01617,LOAN_REPAY,Loan Repayment,,,"₹5,100.00",BRD-AUR
T004469,32/01/2022,F02219,delivery,SOYABEAN,"1,204.00 kgs","₹5,115.00","₹61,584.60",BRD-AUR
T004470,23/11/2019, F02219 ,delivery,SOYABEAN,131 kg,"₹5,115.00","₹6,700.65",BRD-AUR
T004471,07/06/2019,F02219,FERT_PURCHASE,PPC,248 kg,₹448.67,"₹1,11,270.16",BRD-AUR
T004476,31/10/2019,F02222,DELIVERY,Soybean,"1,254.00 kgs","₹4,970.00","₹62,323.80",BRD-AUR
T004477,06/10/2019,F02222,Delivery,Soybean (Yellow),172 kg,"₹4,970.00","₹8,548.40",BRD-AUR
T004478,12/06/2019,F02222,FERT_PURCHASE,Urea,237 kgs,₹38.79,"₹9,193.23",BRD-AUR
T004479,06 Jul 2019,F02222,FERT_PURCHASE,FERTILIZER 50kg bag,295 kgs,₹53.92,"₹15,906.40",BRD-AUR
T004510,20/10/2019,F02230,DELIVERY,soya,877.00 kgs,"₹4,870.00","₹42,709.90",BRD-AUR
T004511,08/06/2019,F02230,INPUT_PURCHASE,Seeds,186 kg,₹123.26,"₹22,926.36",BRD-AUR
T004512,24/06/2019,F02230,I,DAP,86 kgs,₹55.23,"₹4,749.78",BRD-AUR
T004513,17/07/2019,F02230,LOAN_REPAY,Loan Repayment,,,"₹7,300.00",BRD-AUR
T004514,09/07/2019,F02230,Loan Repayment,EMI,,,"₹3,400.00",BRD-AUR
T004515,18/08/2019,F02230,Loan Repayment,Loan Repayment,,,"₹4,300.00",BRD-AUR
T004516,12/07/2019,F02230,LOAN_REPAY,Loan Repayment,,,"₹6,900.00",BRD-AUR
T004562,28/11/2019,F02245,FPO_DELIVERY,Soybean,1311 kg,"₹5,050.00","₹66,205.50",BRD-AUR
T004563,18/11/2019,F02245,delivery,Soybean (Yellow),"2,248.00 kgs","₹5,050.00","₹1,13,524.00",BRD-AUR
T004564,01/07/2019,F02245,FERT_PURCHASE,Hybrid Seeds,286 kg,₹89.71,"₹25,657.06",BRD-AUR
T004565,10/11/2019,F02246,D,SOYABEAN,65.00 kgs,"₹4,705.00","₹3,058.25",BRD-AUR
T004566,05/11/2019,f02246,delivery,soya,359 kg,"₹4,705.00","₹16,890.95",BRD-AUR
T005834,08/04/2020, F01458 ,FPO_DELIVERY,Mustard,829.00 kgs,"₹5,870.00","₹48,662.30",BRD-AUR
T005835,15/01/2020,F01458,I,Bio-pesticide,63 kgs,₹645.39,"₹40,659.57",BRD-AUR
T005836,19/04/2020,F01462,D,Mustard,430.00 kgs,"₹5,985.00","₹25,735.50",BRD-AUR
T005837,21/04/2020,F01462,FPO_DELIVERY,mustard (Yellow),16 kg,"₹5,985.00",₹957.60,BRD-AUR
T005838,04/12/2019,F01462,FERT_PURCHASE,Fertilizer,139 kg,₹53.76,"₹7,472.64",BRD-AUR
T005839,16/12/2019,F01462,FERT_PURCHASE,Fertilizer,188 kg,₹58.67,"₹11,029.96",BRD-AUR
T005840,06/05/2020,F01464,D,Mustard,103.00 kgs,"₹5,550.00","₹5,716.50",BRD-AUR
T005841,02/03/2020,F01464,delivery,Yellow Mustard,607.00 kgs,"₹5,550.00","₹33,688.50",BRD-AUR
T005842,03/01/2020,F01464,FERT_PURCHASE,FERTILIZER 50kg bag,70 kgs,₹49.36,"₹3,455.20",BRD-AUR
T005843,29/02/2020,F01465,delivery,Mustard,712.00 kgs,"₹6,045.00","₹43,040.40",BRD-AUR
T005844,04/12/2019,F01465,INPUT_PURCHASE,Seeds,80 kgs,₹106.72,"₹8,537.60",BRD-AUR
T005845,08/01/2020,F01465,I,FERTILIZER 50kg bag,116 kgs,₹35.81,"₹4,153.96",BRD-AUR
T005846,18/12/2019,F01465,Input Purchase,Bio-pesticide,294 kg,₹322.80,"₹94,903.20",BRD-AUR
T005847,30/03/2020,f01466,DELIVERY,mustard (Yellow),523.00 kgs,"₹6,140.00","₹32,112.20",BRD-AUR
T005848,17/04/2020,F01467,DELIVERY,Sarson,710.00 kgs,"₹5,790.00","₹41,109.00",BRD-AUR
T005849,11/03/2020,f01467,D,Yellow Mustard,122 kg,"₹5,790.00","₹7,063.80",BRD-AUR
T005850,29/12/2019,F01467,Input Purchase,Seeds,235 kgs,₹118.02,"₹27,734.70",BRD-AUR
T005851,17/04/2020,f01467,Loan Repayment,EMI,,,"₹2,900.00",BRD-AUR
T005852,07/04/2020,F01467,LOAN_REPAY,EMI,,,"₹7,300.00",BRD-AUR
T005853,13/03/2020,F01467,loan,Loan Repayment,,,"₹3,300.00",BRD-AUR
T005854,25/03/2020,F01468,Delivery,Sarson,712.00 kgs,"₹5,970.00","₹42,506.40",BRD-AUR
T005855,20/12/2019, F01468 ,INPUT_PURCHASE,Hybrid Seeds,200 kg,₹117.95,"₹23,590.00",BRD-AUR
T005856,02/05/2020,f01470,delivery,MUSTARD,258 kg,"₹5,875.00","₹15,157.50",BRD-AUR
T005857,13/05/2020,f01470,D,mustard (Yellow),549.00 kgs,"₹5,875.00","₹32,253.75",BRD-AUR
T005858,19/03/2020,F01471,DELIVERY,Sarson,214 kg,"₹5,230.00","₹11,192.20",BRD-AUR
T005859,07/12/2019,F01471,INPUT_PURCHASE,Bio-pesticide,283 kgs,₹380.09,"₹1,07,565.47",BRD-AUR
T005860,28/12/2019,F01471,INPUT_PURCHASE,PP chemicals,30 kg,₹318.25,"₹9,547.50",BRD-AUR
T005861,24/03/2020,F01472,Delivery,Mustard,"2,107.00 kgs","₹5,750.00","₹1,21,152.50",BRD-AUR
T005862,07/12/2019,F01472,input,PPC,244 kgs,₹373.16,"₹91,051.04",BRD-AUR
T005863,27/03/2020,F01473,DELIVERY,mustard (Yellow),161.00 kgs,"₹5,895.00","₹9,490.95",BRD-AUR
T005864,08/05/2020,f01473,FPO_DELIVERY,mustard (Yellow),101 kg,"₹5,895.00","₹5,953.95",BRD-AUR
T005865,01/04/2020,F01476,delivery,Sarson,1792 kg,"₹6,040.00","₹1,08,236.80",BRD-AUR
T005866,19/03/2020,F01476,Delivery,Sarson,"2,030.00 kgs","₹6,040.00","₹1,22,612.00",BRD-AUR
T005867,15/12/2019,F01476,loan,EMI,,,"₹1,500.00",BRD-AUR
T005868,09/03/2020,f01479,DELIVERY,MUSTARD,419.00 kgs,"₹5,640.00","₹23,631.60",BRD-AUR
T005869,24/03/2020,F01479,DELIVERY,Yellow Mustard,643.00 kgs,"₹5,640.00","₹36,265.20",BRD-AUR
T005870,03/12/2019,F01479,input,Seeds,315 kg,₹58.55,"₹18,443.25",BRD-AUR
T005871,08/05/2020,F01481,D,mustard (Yellow),606 kg,"₹5,720.00","₹34,663.20",BRD-AUR
T005872,12/03/2020,F01481,D,MUSTARD,613.00 kgs,"₹5,720.00","₹35,063.60",BRD-AUR
T005873,19/02/2020,F01481,L,EMI,,,"₹4,200.00",BRD-AUR
T005874,06/05/2020,F01484,D,mustard (Yellow),636 kg,"₹6,160.00","₹39,177.60",BRD-AUR
T005875,19 Apr 2020,F01484,FPO_DELIVERY,Yellow Mustard,172.00 kgs,"₹6,160.00","₹10,595.20",BRD-AUR
T005876,13/04/2020,F01484,FPO_DELIVERY,Wheat,"1,463.00 kgs","₹2,225.00","₹32,551.75",BRD-AUR
T005877,16/04/2020,F01484,DELIVERY,wheat,334.00 kgs,"₹2,225.00","₹7,431.50",BRD-AUR
T005878,11/01/2020,f01484,Input Purchase,Bio-pesticide,152 kgs,₹499.81,"₹75,971.12",BRD-AUR
T005879,26/03/2020,F01485,FPO_DELIVERY,Mustard,503.00 kgs,"₹5,720.00","₹28,771.60",BRD-AUR
T005880,02/05/2020,F01485,D,Lokwan Wheat,750.00 kgs,"₹2,285.00","₹17,137.50",BRD-AUR
T005881,30 Apr 2020,F01485,Delivery,Lokwan Wheat,909.00 kgs,"₹2,285.00","₹20,770.65",BRD-AUR
T005882,18/12/2019,F01485,FERT_PURCHASE,Seeds,77 kgs,₹117.17,"₹9,022.09",BRD-AUR
T005883,04/01/2020,F01485,INPUT_PURCHASE,SEEDS,33 kgs,₹55.05,"₹1,816.65",BRD-AUR
T005884,19/04/2020,F01485,LOAN_REPAY,Loan Repayment,,,"₹6,400.00",BRD-AUR
T005885,01/12/2019,f01485,loan,EMI,,,"₹7,100.00",BRD-AUR
T005886,24/03/2020,F01485,Loan Repayment,Loan Repayment,,,"₹6,700.00",BRD-AUR
T005887,22/05/2020,F01485,loan,EMI,,,"₹6,000.00",BRD-AUR
T005888,11/05/2020,F01485,Loan Repayment,EMI,,,"₹5,400.00",BRD-AUR
T005889,29/02/2020,F01486,Delivery,Sarson,"1,072.00 kgs","₹5,720.00","₹61,318.40",BRD-AUR
T005890,20 Mar 2020, F01486 ,DELIVERY,Mustard,115 kg,"₹5,720.00","₹6,578.00",BRD-AUR
T005891,03/03/2020,,FPO_DELIVERY,MUSTARD,19.00 kgs,"₹6,260.00","₹1,189.40",BRD-AUR
T005892,23/04/2020,F01487,Delivery,mustard (Yellow),185 kg,"₹6,260.00","₹11,581.00",BRD-AUR
T005893,28/04/2020,f01487,DELIVERY,mustard (Yellow),183 kg,"₹6,260.00","₹11,455.80",BRD-AUR
T005894,11/04/2020,F01487,Delivery,WHEAT,228.00 kgs,"₹2,175.00","₹4,959.00",BRD-AUR
T005895,08/04/2020,F01487,D,Wheat,618.00 kgs,"₹2,175.00","₹13,441.50",BRD-AUR
T005896,12/01/2020,F01487,INPUT_PURCHASE,NPK 10:26:26,284 kg,₹39.15,"₹11,118.60",BRD-AUR
T005897,18 Dec 2019,F01487,input,NPK 10:26:26,262 kg,₹32.83,"₹8,601.46",BRD-AUR
T005898,12 May 2020,F01489,DELIVERY,MUSTARD,"1,791.00 kgs","₹6,105.00","₹1,09,340.55",BRD-AUR
T005899,14/05/2020,F01489,delivery,Sarson,440 kg,"₹6,105.00","₹26,862.00",BRD-AUR
T005900,21/04/2020,F01490,DELIVERY,Mustard,5812 kg,"₹5,980.00","₹3,47,557.60",BRD-AUR
T005901,08 Mar 2020,F01490,Delivery,wheat,11898 kg,"₹2,320.00","₹2,76,033.60",BRD-AUR
T005902,15/01/2020,F01490,INPUT_PURCHASE,Urea,194 kg,₹43.91,"₹8,518.54",BRD-AUR
T005903,17/12/2019,F01490,Input Purchase,NPK 10:26:26,88 kg,₹39.37,"₹3,464.56",BRD-AUR
T005904,25/12/2019,F01490,INPUT_PURCHASE,Hybrid Seeds,131 kgs,₹84.34,"₹11,048.54",BRD-AUR
T005905,06/01/2020,F01490,Input Purchase,Hybrid Seeds,289 kg,₹93.20,"₹26,934.80",BRD-AUR
T005906,30/04/2020,F01491,FPO_DELIVERY,Mustard,249 kg,"₹5,935.00","₹14,778.15",BRD-AUR
T005907,01/04/2020,f01491,delivery,mustard (Yellow),234.00 kgs,"₹5,935.00","₹13,887.90",BRD-AUR
T005908,24 Mar 2020,F01491,FPO_DELIVERY,Wheat (Durum),591.00 kgs,"₹2,130.00","₹12,588.30",BRD-AUR
T005909,28/03/2020,F01491,D,Wheat (Durum),414.00 kgs,"₹2,130.00","₹8,818.20",BRD-AUR
T005910,16/12/2019,f01491,I,PP chemicals,220 kg,₹246.59,"₹54,249.80",BRD-AUR
T005911,01/12/2019,f01491,I,DAP,148 kgs,₹38.56,"₹5,706.88",BRD-AUR
T005912,26/04/2020,f01492,D,Mustard,"1,010.00 kgs","₹6,170.00","₹62,317.00",BRD-AUR
T005913,09/05/2020,F01492,FPO_DELIVERY,Mustard,1499 kg,"₹6,170.00","₹92,488.30",BRD-AUR
T005914,15/01/2020,F01492,input,DAP,79 kgs,₹46.45,"₹3,669.55",BRD-AUR
T005915,28/12/2019,F01492,input,Seeds,259 kg,₹53.71,"₹13,910.89",BRD-AUR
T005916,11/04/2020,F01492,Loan Repayment,EMI,,,"₹7,400.00",BRD-AUR
T005917,05/03/2020,F01492,Loan Repayment,EMI,,,"₹7,100.00",BRD-AUR
T005918,11 Apr 2020,F01492,L,Loan Repayment,,,"₹3,500.00",BRD-AUR
T005919,11/04/2020,f01493,DELIVERY,MUSTARD,437 kg,"₹6,055.00","₹26,460.35",BRD-AUR
T005920,19/03/2020,F01493,D,MUSTARD,73 kg,"₹6,055.00","₹4,420.15",BRD-AUR
T005921,27/04/2020,F01493,DELIVERY,Wheat (Durum),81 kg,"₹2,390.00","₹1,935.90",BRD-AUR
T005922,26/03/2020,F01493,Delivery,Wheat,937.00 kgs,"₹2,390.00","₹22,394.30",BRD-AUR
T005923,06/12/2019,,FERT_PURCHASE,SEEDS,173 kgs,₹86.49,"₹14,962.77",BRD-AUR
T005924,04/12/2019,F01493,INPUT_PURCHASE,SEEDS,311 kg,₹83.56,"₹25,987.16",BRD-AUR
T005925,18/04/2020,F01495,D,Yellow Mustard,978 kg,"₹6,190.00","₹60,538.20",BRD-AUR
T005926,08/01/2020,F01495,input,SEEDS,266 kgs,₹64.01,"₹17,026.66",BRD-AUR
T005927,31/12/2019,F01495,Loan Repayment,EMI,,,"₹7,300.00",BRD-AUR
T005928,06/04/2020,F01495,LOAN_REPAY,Loan Repayment,,,"₹7,000.00",BRD-AUR
T005929,29/02/2020,F01497,delivery,Sarson,268 kg,"₹5,900.00","₹15,812.00",BRD-AUR
T005930,06/04/2020,F01497,delivery,MUSTARD,181.00 kgs,"₹5,900.00","₹10,679.00",BRD-AUR
T005931,22/04/2020,F01497,Delivery,Mustard,289.00 kgs,"₹5,900.00","₹17,051.00",BRD-AUR
T005932,15/04/2020,F01498,FPO_DELIVERY,Yellow Mustard,362.00 kgs,"₹6,065.00","₹21,955.30",BRD-AUR
T005933,24/04/2020,F01498,Delivery,Sarson,769 kg,"₹6,065.00","₹46,639.85",BRD-AUR
T005934,30/12/2019,F01498,input,DAP,99 kg,₹32.67,"₹3,234.33",BRD-AUR
T005935,10 Dec 2019,F01498,Input Purchase,Urea,218 kgs,₹59.84,"₹13,045.12",BRD-AUR
T005936,05/12/2019,f01498,input,Fertilizer,117 kgs,₹30.66,"₹3,587.22",BRD-AUR
T005937,04 May 2020,f01499,D,Yellow Mustard,848.00 kgs,"₹6,055.00","₹51,346.40",BRD-AUR
T005938,03/04/2020,F01499,delivery,mustard (Yellow),25.00 kgs,"₹6,055.00","₹1,513.75",BRD-AUR
T005939,26/12/2019,F01499,input,Fertilizer,166 kg,₹35.24,"₹5,849.84",BRD-AUR
T005940,02/12/2019,F01499,I,Hybrid Seeds,253 kg,₹95.11,"₹24,062.83",BRD-AUR
T005941,13/01/2020,F01499,Input Purchase,Urea,199 kg,₹55.18,"₹10,980.82",BRD-AUR
T005942,18/01/2020,f01499,LOAN_REPAY,EMI,,,"₹1,200.00",BRD-AUR
T005943,03/03/2020,F01500,delivery,Mustard,365 kg,"₹5,470.00","₹19,965.50",BRD-AUR
T005944,09/05/2020,F01500,Delivery,mustard (Yellow),560.00 kgs,"₹5,470.00","₹30,632.00",BRD-AUR
T005945,31/03/2020,F01500,delivery,Lokwan Wheat,1252 kg,"₹2,120.00","₹26,542.40",BRD-AUR
T005946,29/03/2020,F01500,D,Wheat (Durum),932 kg,"₹2,120.00","₹19,758.40",BRD-AUR
T005947,09/01/2020,F01500,INPUT_PURCHASE,Urea,102 kg,₹40.78,"₹4,159.56",BRD-AUR
T005948,05/01/2020,F01500,INPUT_PURCHASE,FERTILIZER 50kg bag,257 kg,₹31.68,"₹8,141.76",BRD-AUR
T005949,10/01/2020, F01500 ,FERT_PURCHASE,SEEDS,62 kg,₹68.75,"₹4,262.50",BRD-AUR
T005950,23/04/2020,F01501,D,MUSTARD,495 kg,"₹5,935.00","₹29,378.25",BRD-AUR
T005951,10 Jan 2020,f01501,I,DAP,181 kgs,₹38.30,"₹6,932.30",BRD-AUR
T005952,07/05/2020,F01501,Loan Repayment,EMI,,,"₹7,200.00",BRD-AUR
T005953,08/04/2020,F01502,Delivery,MUSTARD,132 kg,"₹5,990.00","₹7,906.80",BRD-AUR
T005954,11/03/2020,F01502,D,MUSTARD,952 kg,"₹5,990.00",₹ N/A,BRD-AUR
T005955,12/01/2020,F01502,FERT_PURCHASE,Fertilizer,70 kg,₹48.93,"₹3,425.10",BRD-AUR
T005956,05/05/2020,F01503,Delivery,Mustard,921 kg,"₹5,785.00","₹53,279.85",BRD-AUR
T005957,07/04/2020,F01503,FPO_DELIVERY,mustard (Yellow),106.00 kgs,"₹5,785.00","₹6,132.10",BRD-AUR
T005958,04/03/2020,F01503,FPO_DELIVERY,WHEAT,"2,572.00 kgs","₹2,355.00","₹60,570.60",BRD-AUR
T005959,01/12/2019,F01503,I,SEEDS,45 kg,₹109.75,"₹4,938.75",BRD-AUR
T005960,27/12/2019,F01503,I,FERTILIZER 50kg bag,303 kg,₹32.43,"₹9,826.29",BRD-AUR
T005961,17/04/2020,F01504,D,mustard (Yellow),366 kg,"₹5,670.00","₹20,752.20",BRD-AUR
T005962,10 Mar 2020,F01504,DELIVERY,Sarson,360.00 kgs,"₹5,670.00","₹20,412.00",BRD-AUR
T005963,04/01/2020,F01504,INPUT_PURCHASE,SEEDS,55 kg,₹111.42,"₹6,128.10",BRD-AUR
T005964,06/01/2020,F01504,Input Purchase,Seeds,113 kg,₹112.79,"₹12,745.27",BRD-AUR
T005965,07/05/2020,F01505,FPO_DELIVERY,Sarson,759 kg,"₹5,990.00","₹45,464.10",BRD-AUR
T005966,22/03/2020,F01508,D,mustard (Yellow),356.00 kgs,"₹5,695.00","₹20,274.20",BRD-AUR
T005967,06/12/2019,F01508,Input Purchase,Urea,311 kgs,₹44.59,"₹13,867.49",BRD-AUR
T005968,24/04/2020,F01509,DELIVERY,mustard (Yellow),1358 kg,"₹5,540.00","₹75,233.20",BRD-AUR
T005969,25/03/2020,F01509,FPO_DELIVERY,Mustard,394.00 kgs,"₹5,540.00","₹21,827.60",BRD-AUR
T005970,02/01/2020,F01509,LOAN_REPAY,Loan Repayment,,,"₹5,900.00",BRD-AUR
T005971,03/02/2020,F01509,LOAN_REPAY,EMI,,,"₹2,600.00",BRD-AUR
T005972,29/02/2020,F01510,FPO_DELIVERY,mustard (Yellow),689.00 kgs,"₹5,945.00","₹40,961.05",BRD-AUR
T005973,22/04/2020,F01510,DELIVERY,Lokwan Wheat,"1,507.00 kgs","₹2,475.00","₹37,298.25",BRD-AUR
T005974,01 May 2020,f01510,DELIVERY,Wheat,145.00 kgs,"₹2,475.00","₹3,588.75",BRD-AUR
T005975,21/12/2019,F01510,FERT_PURCHASE,Hybrid Seeds,290 kg,₹129.03,"₹37,418.70",BRD-AUR
T005976,30/03/2020, F01510 ,L,Loan Repayment,,,"₹7,700.00",BRD-AUR
T005977,29/04/2020,F01511,Delivery,Yellow Mustard,1284 kg,"₹5,855.00","₹75,178.20",BRD-AUR
T005978,27/12/2019,F01511,Input Purchase,SEEDS,237 kgs,₹58.52,"₹13,869.24",BRD-AUR
T005979,13/12/2019,F01511,I,Urea,248 kg,₹34.00,"₹8,432.00",BRD-AUR
T005980,07/03/2020,F01512,DELIVERY,Sarson,522 kg,"₹5,595.00","₹29,205.90",BRD-AUR
T005981,04/12/2019,F01512,Input Purchase,Hybrid Seeds,37 kg,₹112.91,"₹4,177.67",BRD-AUR
T005982,02/05/2020,F01513,D,Mustard,"3,224.00 kgs","₹5,340.00","₹1,72,161.60",BRD-AUR
T005983,16/04/2020,F01513,DELIVERY,mustard (Yellow),102.00 kgs,"₹5,340.00","₹5,446.80",BRD-AUR
T005984,10/04/2020,F01513,D,WHEAT,"4,407.00 kgs","₹2,260.00","₹99,598.20",BRD-AUR
T005985,12/03/2020,F01513,D,Wheat (Durum),2803 kg,"₹2,260.00","₹63,347.80",BRD-AUR
T005986,05/12/2019,F01513,FERT_PURCHASE,SEEDS,305 kg,₹55.01,"₹16,778.05",BRD-AUR
T005987,30/12/2019,F01513,Input Purchase,FERTILIZER 50kg bag,226 kg,₹49.12,"₹11,101.12",BRD-AUR
T005988,16/03/2020,F01514,Delivery,MUSTARD,192.00 kgs,"₹5,870.00","₹11,270.40",BRD-AUR
T005989,28/04/2020,F01514,FPO_DELIVERY,mustard (Yellow),580 kg,"₹5,870.00","₹34,046.00",BRD-AUR
T005990,23/04/2020,F01515,DELIVERY,Yellow Mustard,58 kg,"₹6,130.00","₹3,555.40",BRD-AUR
T005991,23/04/2020,F01515,DELIVERY,Sarson,478 kg,"₹6,130.00","₹29,301.40",BRD-AUR
T005992,19/03/2020,F01515,DELIVERY,Yellow Mustard,40 kg,"₹6,130.00","₹2,452.00",BRD-AUR
T005993,11/03/2020,F01515,FPO_DELIVERY,Wheat (Durum),"1,500.00 kgs","₹2,365.00","₹35,475.00",BRD-AUR
T005994,04/05/2020,F01515,FPO_DELIVERY,WHEAT,170 kg,"₹2,365.00","₹4,020.50",BRD-AUR
T005995,17 May 2020,F01515,LOAN_REPAY,EMI,,,₹800.00,BRD-AUR
T005996,28/02/2020,F01515,loan,Loan Repayment,,,"₹7,100.00",BRD-AUR
T005997,02/05/2020,F01516,D,mustard (Yellow),268.00 kgs,"₹6,160.00","₹16,508.80",BRD-AUR
T005998,26 Apr 2020,f01516,FPO_DELIVERY,Yellow Mustard,27.00 kgs,"₹6,160.00","₹1,663.20",BRD-AUR
T005999,08/04/2020,F01518,D,MUSTARD,665 kg,"₹5,740.00","₹38,171.00",BRD-AUR
T006000,06/12/2019,F01518,Input Purchase,Urea,259 kgs,₹48.24,"₹12,494.16",BRD-AUR
T006001,17/12/2019,f01518,INPUT_PURCHASE,Hybrid Seeds,316 kgs,₹49.28,"₹15,572.48",BRD-AUR
T006002,22/01/2020,F01518,LOAN_REPAY,Loan Repayment,,,"₹3,400.00",BRD-AUR
T006003,28/12/2019,F01518,L,EMI,,,"₹4,100.00",BRD-AUR
T006004,29/03/2020,F01520,D,MUSTARD,962 kg,"₹6,170.00","₹59,355.40",BRD-AUR
T006005,07/03/2020,f01520,delivery,Yellow Mustard,489 kg,"₹6,170.00","₹30,171.30",BRD-AUR
T006006,15/01/2020,F01520,FERT_PURCHASE,NPK 10:26:26,165 kgs,₹42.04,"₹6,936.60",BRD-AUR
T006007,19/12/2019,F01520,Input Purchase,Seeds,64 kgs,₹45.08,"₹2,885.12",BRD-AUR
T006008,06/01/2020,F01520,LOAN_REPAY,EMI,,,"₹7,100.00",BRD-AUR
T006009,20/01/2020,F01520,Loan Repayment,Loan Repayment,,,"₹2,900.00",BRD-AUR
T006010,23/04/2020,F01522,delivery,Sarson,1170 kg,"₹6,445.00","₹75,406.50",BRD-AUR
T006011,14/03/2020,F01522,DELIVERY,Yellow Mustard,393 kg,"₹6,445.00","₹25,328.85",BRD-AUR
T006012,28/12/2019,F01522,input,Fertilizer,225 kg,₹29.15,"₹6,558.75",BRD-AUR
T006013,16/12/2019,f01522,INPUT_PURCHASE,FERTILIZER 50kg bag,287 kg,₹42.46,"₹12,186.02",BRD-AUR
T006014,10/03/2020,F01525,DELIVERY,Sarson,522 kg,"₹5,660.00","₹29,545.20",BRD-AUR
T006015,19/03/2020,F01525,FPO_DELIVERY,Sarson,159.00 kgs,"₹5,660.00","₹8,999.40",BRD-AUR
T006016,17 Mar 2020,F01525,Delivery,wheat,755.00 kgs,"₹2,275.00","₹17,176.25",BRD-AUR
T006017,15/03/2020,F01525,FPO_DELIVERY,wheat,907.00 kgs,"₹2,275.00","₹20,634.25",BRD-AUR
T006018,28/01/2020,F01525,LOAN_REPAY,Loan Repayment,,,"₹2,700.00",BRD-AUR
T006019,15/03/2020,f01525,L,Loan Repayment,,,"₹1,900.00",BRD-AUR
T006020,31/03/2020,F01526,FPO_DELIVERY,Sarson,910.00 kgs,"₹5,740.00","₹52,234.00",BRD-AUR
T006021,16/03/2020,F01526,D,Mustard,191.00 kgs,"₹5,740.00","₹10,963.40",BRD-AUR
T006022,09/05/2020,F01526,delivery,wheat,1419 kg,"₹2,180.00","₹30,934.20",BRD-AUR
T006023,30/03/2020,F01526,D,Lokwan Wheat,"1,082.00 kgs","₹2,180.00","₹23,587.60",BRD-AUR
T006024,29/04/2020,F01527,DELIVERY,Sarson,244 kg,"₹6,135.00","₹14,969.40",BRD-AUR
T006025,11/05/2020,F01527,Delivery,Mustard,549 kg,"₹6,135.00","₹33,681.15",BRD-AUR
T006026,19/12/2019,F01527,input,PP chemicals,198 kg,₹134.72,"₹26,674.56",BRD-AUR
T006027,02/05/2020, F01528 ,DELIVERY,MUSTARD,469 kg,"₹6,000.00","₹28,140.00",BRD-AUR
T006028,05 Jan 2020,F01528,I,DAP,35 kg,₹31.34,"₹1,096.90",BRD-AUR
T006029,10/05/2020,F01530,D,mustard (Yellow),1397 kg,"₹5,765.00","₹80,537.05",BRD-AUR
T006030,26/12/2019,F01530,INPUT_PURCHASE,Fertilizer,237 kgs,₹40.22,"₹9,532.14",BRD-AUR
T006031,23/04/2020,F01531,Delivery,Sarson,150 kg,"₹5,815.00","₹8,722.50",BRD-AUR
T006032,07/05/2020,F01531,delivery,MUSTARD,106.00 kgs,"₹5,815.00","₹6,163.90",BRD-AUR
T006033,04/01/2020,F01531,INPUT_PURCHASE,SEEDS,178 kg,₹53.61,"₹9,542.58",BRD-AUR
T006034,11/12/2019,F01531,INPUT_PURCHASE,Fertilizer,36 kg,₹53.31,"₹1,919.16",BRD-AUR
T006035,03/03/2020,f01531,L,Loan Repayment,,,"₹4,500.00",BRD-AUR
T006036,29/04/2020,F01531,LOAN_REPAY,EMI,,,"₹6,500.00",BRD-AUR
T006037,04/03/2020,F01531,LOAN_REPAY,Loan Repayment,,,"₹4,800.00",BRD-AUR
T006038,10/04/2020,F01535,DELIVERY,mustard (Yellow),1427 kg,"₹6,070.00","₹86,618.90",BRD-AUR
T006039,04/03/2020,f01535,FPO_DELIVERY,MUSTARD,31.00 kgs,"₹6,070.00","₹1,881.70",BRD-AUR
T006040,02 May 2020,,delivery,Sarson,887.00 kgs,"₹5,610.00","₹49,760.70",BRD-AUR
T006041,27/12/2019,F01537,INPUT_PURCHASE,NPK 10:26:26,58 kgs,₹28.51,₹ N/A,BRD-AUR
T006042,15 Apr 2020,F01538,FPO_DELIVERY,Sarson,237.00 kgs,"₹6,255.00","₹14,824.35",BRD-AUR
T006043,06/04/2020,f01538,delivery,Yellow Mustard,1518 kg,"₹6,255.00","₹94,950.90",BRD-AUR
T006044,10/05/2020,F01538,delivery,Wheat (Durum),2245 kg,"₹2,235.00","₹50,175.75",BRD-AUR
T006045,10/03/2020,F01538,D,WHEAT,1727 kg,"₹2,235.00","₹38,598.45",BRD-AUR
T006046,09/05/2020,F01538,L,EMI,,,"₹7,500.00",BRD-AUR
T006047,02/03/2020,F01540,DELIVERY,mustard (Yellow),426 kg,"₹6,310.00","₹26,880.60",BRD-AUR
T006048,08/05/2020,F01540,delivery,Wheat,130.00 kgs,"₹2,215.00","₹2,879.50",BRD-AUR
T006049,09/03/2020,f01540,D,Wheat,929.00 kgs,"₹2,215.00","₹20,577.35",BRD-AUR
T006050,08/01/2020,,input,NPK 10:26:26,154 kg,₹38.49,₹ N/A,BRD-AUR
T006051,04/01/2020,F01540,loan,Loan Repayment,,,"₹7,800.00",BRD-AUR
T006052,16/05/2020,F01540,LOAN_REPAY,Loan Repayment,,,"₹2,900.00",BRD-AUR
T006053,16/04/2020,F01542,D,Yellow Mustard,630 kg,"₹6,210.00","₹39,123.00",BRD-AUR
T006054,25/04/2020,F01542,delivery,mustard (Yellow),525.00 kgs,"₹6,210.00","₹32,602.50",BRD-AUR
T006055,13/12/2019,F01542,Input Purchase,Fertilizer,195 kg,₹48.45,"₹9,447.75",BRD-AUR
T006056,14/01/2020,F01542,input,DAP,57 kg,₹46.95,"₹2,676.15",BRD-AUR
T006057,05/01/2020,F01542,Input Purchase,Fertilizer,314 kgs,₹37.13,"₹11,658.82",BRD-AUR
T006058,07/05/2020, F01543 ,FPO_DELIVERY,mustard (Yellow),2058 kg,"₹5,695.00","₹1,17,203.10",BRD-AUR
T006059,09/12/2019,F01543,FERT_PURCHASE,Fertilizer,58 kgs,₹39.39,"₹2,284.62",BRD-AUR
T006060,20/03/2020,F01544,D,MUSTARD,979.00 kgs,"₹6,305.00","₹61,725.95",BRD-AUR
T006061,13/01/2020,F01544,FERT_PURCHASE,Urea,256 kg,₹47.60,"₹12,185.60",BRD-AUR
T006062,01/12/2019,f01544,input,Fertilizer,217 kgs,₹33.03,"₹7,167.51",BRD-AUR
T006063,09/03/2020,F01545,delivery,mustard (Yellow),"1,221.00 kgs","₹5,835.00","₹71,245.35",BRD-AUR
T006064,16 Apr 2020,F01545,Delivery,Wheat (Durum),2684 kg,"₹2,295.00","₹61,597.80",BRD-AUR
T006065,16/12/2019,F01545,INPUT_PURCHASE,SEEDS,240 kg,₹119.00,"₹28,560.00",BRD-AUR
T006066,26/12/2019,F01545,I,DAP,285 kg,₹59.32,"₹16,906.20",BRD-AUR
T006067,07/03/2020,f01546,Delivery,Mustard,70 kg,"₹6,115.00","₹4,280.50",BRD-AUR
T006068,09/05/2020,F01546,Delivery,Sarson,802 kg,"₹6,115.00","₹49,042.30",BRD-AUR
T006069,27/04/2020,F01547,DELIVERY,MUSTARD,882 kg,"₹5,665.00","₹49,965.30",BRD-AUR
T006070,29/12/2019,F01547,Input Purchase,Seeds,135 kg,₹70.16,"₹9,471.60",BRD-AUR
T006071,23/03/2020,F01548,DELIVERY,Sarson,605.00 kgs,"₹6,165.00","₹37,298.25",BRD-AUR
T006072,08/04/2020,F01548,Delivery,Wheat,1537 kg,"₹2,370.00","₹36,426.90",BRD-AUR
T006073,11/01/2020,F01548,Input Purchase,Fertilizer,156 kgs,₹38.45,"₹5,998.20",BRD-AUR
T006074,20/12/2019,F01548,FERT_PURCHASE,PP chemicals,164 kgs,₹685.82,"₹1,12,474.48",BRD-AUR
T006075,29/12/2019,F01548,INPUT_PURCHASE,Seeds,245 kgs,₹103.70,"₹25,406.50",BRD-AUR
T006076,20/12/2019,F01548,LOAN_REPAY,Loan Repayment,,,"₹4,600.00",BRD-AUR
T006077,29/02/2020,F01549,D,MUSTARD,593.00 kgs,"₹5,905.00","₹35,016.65",BRD-AUR
T006078,26/03/2020,F01549,DELIVERY,Yellow Mustard,300 kg,"₹5,905.00","₹17,715.00",BRD-AUR
T006079,11/03/2020,F01549,DELIVERY,WHEAT,2022 kg,"₹2,210.00","₹44,686.20",BRD-AUR
T006080,19/03/2020,F01550,FPO_DELIVERY,Sarson,231 kg,"₹5,700.00","₹13,167.00",BRD-AUR
T006081,22/03/2020,F01550,delivery,mustard (Yellow),"1,971.00 kgs","₹5,700.00","₹1,12,347.00",BRD-AUR
T006082,12/01/2020,F01550,input,SEEDS,263 kg,₹129.94,"₹34,174.22",BRD-AUR
T006083,08/12/2019,F01550,Input Purchase,PPC,227 kgs,₹307.52,"₹69,807.04",BRD-AUR
T006084,08 Mar 2020,F01552,DELIVERY,Mustard,463 kg,"₹6,160.00","₹28,520.80",BRD-AUR
T006085,26/03/2020,F01552,FPO_DELIVERY,Mustard,"2,137.00 kgs","₹6,160.00","₹1,31,639.20",BRD-AUR
T006086,17/04/2020,F01552,FPO_DELIVERY,Lokwan Wheat,"2,177.00 kgs","₹2,395.00","₹52,139.15",BRD-AUR
T006087,30/03/2020,f01552,delivery,wheat,"3,795.00 kgs","₹2,395.00","₹90,890.25",BRD-AUR
T006088,11/03/2020,F01553,DELIVERY,Yellow Mustard,654.00 kgs,"₹6,085.00","₹39,795.90",BRD-AUR
T006089,02/01/2020,F01553,Input Purchase,FERTILIZER 50kg bag,265 kg,₹29.63,"₹7,851.95",BRD-AUR
T006090,17/12/2019,f01553,input,Urea,153 kgs,₹57.58,"₹8,809.74",BRD-AUR
T006091,08/01/2020,F01553,INPUT_PURCHASE,Seeds,39 kg,₹125.06,"₹4,877.34",BRD-AUR
T006092,07/01/2020,F01553,Input Purchase,SEEDS,273 kg,₹88.02,"₹24,029.46",BRD-AUR
T006093,02/04/2020,F01556,D,MUSTARD,"1,161.00 kgs","₹5,515.00","₹64,029.15",BRD-AUR
T006094,05/05/2020,F01556,delivery,Wheat,"2,719.00 kgs","₹2,230.00","₹60,633.70",BRD-AUR
T006095,14/01/2020,F01556,INPUT_PURCHASE,PP chemicals,,₹459.28,"₹1,14,360.72",BRD-AUR
T006096,31/03/2020,f01558,Delivery,Mustard,254 kg,"₹5,745.00","₹14,592.30",BRD-AUR
T006097,04/03/2020,F01558,FPO_DELIVERY,Yellow Mustard,"2,059.00 kgs","₹5,745.00","₹1,18,289.55",BRD-AUR
T006098,07/03/2020,F01558,DELIVERY,Lokwan Wheat,3038 kg,"₹2,285.00","₹69,418.30",BRD-AUR
T006099,27/03/2020, F01558 ,D,Wheat,1746 kg,"₹2,285.00","₹39,896.10",BRD-AUR
T006100,01/03/2020,F01558,Delivery,Wheat,1044 kg,"₹2,285.00","₹23,855.40",BRD-AUR
T006101,07/12/2019,F01558,FERT_PURCHASE,PPC,203 kgs,₹264.89,"₹53,772.67",BRD-AUR
T006102,02 Feb 2020,f01558,Loan Repayment,EMI,,,"₹3,300.00",BRD-AUR
T006103,29/03/2020,F01559,D,mustard (Yellow),13.00 kgs,"₹5,655.00",₹735.15,BRD-AUR
T006104,07/04/2020,f01559,D,Mustard,1028 kg,"₹5,655.00","₹58,133.40",BRD-AUR
T006105,01/03/2020,F01560,FPO_DELIVERY,Yellow Mustard,472 kg,"₹5,630.00","₹26,573.60",BRD-AUR
T006106,20/04/2020,F01560,D,Yellow Mustard,453.00 kgs,"₹5,630.00","₹25,503.90",BRD-AUR
T006107,11/05/2020, F01561 ,FPO_DELIVERY,MUSTARD,940 kg,"₹5,860.00","₹55,084.00",BRD-AUR
T006108,06/05/2020,F01561,D,Wheat,1782 kg,"₹2,390.00","₹42,589.80",BRD-AUR
T006109,09/05/2020,F01561,D,wheat,359 kg,"₹2,390.00","₹8,580.10",BRD-AUR
T006110,14/12/2019,F01561,input,DAP,220 kgs,₹52.17,"₹11,477.40",BRD-AUR
T006111,18/12/2019,F01561,I,Urea,41 kg,₹47.95,"₹1,965.95",BRD-AUR
T006112,07/01/2020,F01561,I,Urea,33 kg,₹40.22,"₹1,327.26",BRD-AUR
T006113,22 Dec 2019,F01561,INPUT_PURCHASE,FERTILIZER 50kg bag,145 kg,₹37.45,"₹5,430.25",BRD-AUR
T006114,22/04/2020,F01563,FPO_DELIVERY,MUSTARD,1255 kg,"₹6,260.00","₹78,563.00",BRD-AUR
T006115,07/12/2019, F01563 ,Input Purchase,SEEDS,124 kg,₹101.15,"₹12,542.60",BRD-AUR
T006116,31/12/2019,F01563,Input Purchase,FERTILIZER 50kg bag,167 kg,₹41.40,"₹6,913.80",BRD-AUR
T006117,18/03/2020,F01564,FPO_DELIVERY,mustard (Yellow),286.00 kgs,"₹6,155.00","₹17,603.30",BRD-AUR
T006118,13/05/2020,F01564,D,Yellow Mustard,290.00 kgs,"₹6,155.00","₹17,849.50",BRD-AUR
T006119,26/04/2020,F01564,DELIVERY,Yellow Mustard,742.00 kgs,"₹6,155.00","₹45,670.10",BRD-AUR
T006120,16/12/2019,F01564,FERT_PURCHASE,PP chemicals,206 kg,₹682.38,"₹1,40,570.28",BRD-AUR
T006121,06/12/2019,F01564,INPUT_PURCHASE,SEEDS,53 kgs,₹109.83,"₹5,820.99",BRD-AUR
T006122,12/04/2020,F01566,DELIVERY,Yellow Mustard,170 kg,"₹6,155.00","₹10,463.50",BRD-AUR
T006123,04/04/2020,F01566,FPO_DELIVERY,MUSTARD,563.00 kgs,"₹6,155.00","₹34,652.65",BRD-AUR
T006124,10/01/2020,f01566,input,Fertilizer,181 kgs,₹39.47,"₹7,144.07",BRD-AUR
T006125,16/03/2020,F01568,D,Mustard,"2,053.00 kgs","₹5,900.00","₹1,21,127.00",BRD-AUR
T006126,03/01/2020,F01568,Input Purchase,NPK 10:26:26,119 kg,₹40.29,"₹4,794.51",BRD-AUR
T006127,04/03/2020,f01569,delivery,Yellow Mustard,78 kg,"₹5,980.00","₹4,664.40",BRD-AUR
T006128,10/03/2020,F01569,Delivery,MUSTARD,"1,703.00 kgs","₹5,980.00","₹1,01,839.40",BRD-AUR
T006129,07/12/2019,F01569,FERT_PURCHASE,PPC,122 kgs,₹599.14,"₹73,095.08",BRD-AUR
T006130,07/12/2019, F01569 ,FERT_PURCHASE,Fertilizer,54 kgs,₹59.56,"₹3,216.24",BRD-AUR
T006131,20/12/2019,F01569,INPUT_PURCHASE,Hybrid Seeds,33 kgs,₹94.41,"₹3,115.53",BRD-AUR
T006132,08/03/2020,F01571,DELIVERY,Yellow Mustard,"2,331.00 kgs","₹5,980.00","₹1,39,393.80",BRD-AUR
T006133,29 Apr 2020,f01571,FPO_DELIVERY,Lokwan Wheat,5362 kg,"₹2,395.00","₹1,28,419.90",BRD-AUR
T006134,01/12/2019,F01571,I,Bio-pesticide,186 kgs,₹356.47,"₹66,303.42",BRD-AUR
T006135,10/01/2020,F01571,FERT_PURCHASE,Urea,253 kgs,₹54.97,"₹13,907.41",BRD-AUR
T006136,29 Feb 2020,F01575,FPO_DELIVERY,Sarson,211 kg,"₹5,640.00","₹11,900.40",BRD-AUR
T006137,13/03/2020,F01575,delivery,Mustard,293 kg,"₹5,640.00","₹16,525.20",BRD-AUR
T006138,08/04/2020,F01575,DELIVERY,MUSTARD,658.00 kgs,"₹5,640.00","₹37,111.20",BRD-AUR
T006139,10 Jan 2020,f01575,INPUT_PURCHASE,SEEDS,77 kg,₹72.91,"₹5,614.07",BRD-AUR
T006140,12/12/2019,F01575,INPUT_PURCHASE,SEEDS,270 kg,₹52.47,"₹14,166.90",BRD-AUR
T006141,04/04/2020,F01576,Delivery,mustard (Yellow),796 kg,"₹5,955.00","₹47,401.80",BRD-AUR
T006142,28/12/2019,F01576,FERT_PURCHASE,Hybrid Seeds,221 kgs,₹48.06,"₹10,621.26",BRD-AUR
T006143,11/01/2020,F01576,INPUT_PURCHASE,DAP,136 kg,₹50.68,"₹6,892.48",BRD-AUR
T006144,27 Feb 2020,F01576,L,EMI,,,"₹5,800.00",BRD-AUR
T006145,07/03/2020,f01577,Delivery,mustard (Yellow),431 kg,"₹5,765.00","₹24,847.15",BRD-AUR
T006146,10/01/2020,F01577,Input Purchase,PPC,130 kgs,₹174.64,"₹22,703.20",BRD-AUR
T006147,18/03/2020,F01578,delivery,Yellow Mustard,151 kg,"₹5,935.00","₹8,961.85",BRD-AUR
T006148,17/04/2020,F01578,D,Sarson,10.00 kgs,"₹5,935.00",₹593.50,BRD-AUR
T006149,11/03/2020,F01578,DELIVERY,WHEAT,52 kg,"₹2,190.00","₹1,138.80",BRD-AUR
T006150,09/04/2020,F01578,DELIVERY,Lokwan Wheat,390 kg,"₹2,190.00","₹8,541.00",BRD-AUR
T006151,02/01/2020,F01578,Input Purchase,PPC,307 kgs,₹350.92,"₹1,07,732.44",BRD-AUR
T006152,27/03/2020,F01580,DELIVERY,Mustard,239.00 kgs,"₹5,605.00","₹13,395.95",BRD-AUR
T006153,20/04/2020,F01580,D,Yellow Mustard,638.00 kgs,"₹5,605.00","₹35,759.90",BRD-AUR
T006154,10/04/2020,F01580,FPO_DELIVERY,Sarson,168 kg,"₹5,605.00","₹9,416.40",BRD-AUR
T006155,07/12/2019,F01580,Input Purchase,Fertilizer,250 kg,₹47.12,"₹11,780.00",BRD-AUR
T006156,09/04/2020,f01581,delivery,Mustard,314.00 kgs,"₹6,030.00","₹18,934.20",BRD-AUR
T006157,19/04/2020, F01581 ,DELIVERY,mustard (Yellow),670.00 kgs,"₹6,030.00","₹40,401.00",BRD-AUR
T006158,12/05/2020,F01581,FPO_DELIVERY,wheat,1072 kg,"₹2,315.00","₹24,816.80",BRD-AUR
T006159,21/04/2020,F01581,Delivery,Lokwan Wheat,860.00 kgs,"₹2,315.00","₹19,909.00",BRD-AUR
T006160,10 Dec 2019,F01581,I,NPK 10:26:26,287 kgs,₹58.82,"₹16,881.34",BRD-AUR
T006161,06/04/2020,F01582,DELIVERY,Yellow Mustard,281 kg,"₹6,075.00","₹17,070.75",BRD-AUR
T006162,24/04/2020,F01582,DELIVERY,mustard (Yellow),343.00 kgs,"₹6,075.00","₹20,837.25",BRD-AUR
T006163,03/03/2020,f01582,FPO_DELIVERY,mustard (Yellow),658 kg,"₹6,075.00","₹39,973.50",BRD-AUR
T006164,14/12/2019,F01582,Input Purchase,DAP,92 kg,₹35.27,"₹3,244.84",BRD-AUR
T006165,09/12/2019,F01582,I,PPC,173 kgs,₹338.29,"₹58,524.17",BRD-AUR
T006166,23/04/2020,F01585,DELIVERY,mustard (Yellow),129.00 kgs,"₹6,055.00","₹7,810.95",BRD-AUR
T006167,21 Mar 2020, F01585 ,FPO_DELIVERY,mustard (Yellow),"1,354.00 kgs","₹6,055.00","₹81,984.70",BRD-AUR
T006168,11/03/2020,F01585,FPO_DELIVERY,Wheat,3004 kg,"₹2,285.00","₹68,641.40",BRD-AUR
T006169,10/12/2019,F01585,I,FERTILIZER 50kg bag,208 kgs,₹50.48,"₹10,499.84",BRD-AUR
T006170,25 Mar 2020,F01586,DELIVERY,Yellow Mustard,"1,881.00 kgs","₹5,870.00","₹1,10,414.70",BRD-AUR
T006171,21/04/2020,F01586,delivery,Sarson,185.00 kgs,"₹5,870.00","₹10,859.50",BRD-AUR
T006172,08/05/2020,F01587,DELIVERY,mustard (Yellow),532 kg,"₹5,800.00","₹30,856.00",BRD-AUR
T006173,19/03/2020,F01587,Delivery,Yellow Mustard,434 kg,"₹5,800.00","₹25,172.00",BRD-AUR
T006174,16 Apr 2020,F01587,delivery,Lokwan Wheat,2171 kg,"₹2,340.00","₹50,801.40",BRD-AUR
T006175,12/12/2019,F01587,I,Fertilizer,81 kgs,₹43.75,"₹3,543.75",BRD-AUR
T006176,27/03/2020,F01588,D,mustard (Yellow),1242 kg,"₹6,070.00","₹75,389.40",BRD-AUR
T006177,15/12/2019,F01588,LOAN_REPAY,Loan Repayment,,,"₹1,700.00",BRD-AUR
T006178,05/05/2020,F01589,delivery,Yellow Mustard,794 kg,"₹5,975.00","₹47,441.50",BRD-AUR
T006179,01/04/2020,F01589,Delivery,MUSTARD,645.00 kgs,"₹5,975.00","₹38,538.75",BRD-AUR
T006180,15/01/2020,F01589,input,NPK 10:26:26,93 kgs,₹40.18,"₹3,736.74",BRD-AUR
T006181,03/05/2020,F01590,FPO_DELIVERY,mustard (Yellow),252.00 kgs,"₹6,300.00","₹15,876.00",BRD-AUR
T006182,24/04/2020,F01590,delivery,MUSTARD,95 kg,"₹6,300.00","₹5,985.00",BRD-AUR
T006183,23/04/2020, F01590 ,L,Loan Repayment,,,"₹2,000.00",BRD-AUR
T006184,05/04/2020,F01590,LOAN_REPAY,EMI,,,"₹3,100.00",BRD-AUR
T006185,22/04/2020,F01591,FPO_DELIVERY,Yellow Mustard,"1,019.00 kgs","₹5,925.00","₹60,375.75",BRD-AUR
T006186,06/04/2020,F01591,D,Yellow Mustard,241.00 kgs,"₹5,925.00","₹14,279.25",BRD-AUR
T006187,04/04/2020,F01593,delivery,Yellow Mustard,1216 kg,"₹5,955.00","₹72,412.80",BRD-AUR
T006188,01/03/2020,F01593,FPO_DELIVERY,Sarson,562 kg,"₹5,955.00","₹33,467.10",BRD-AUR
T006189,15 Jan 2020,F01593,I,DAP,195 kg,₹31.09,"₹6,062.55",BRD-AUR
T006190,26/12/2019,f01593,I,Bio-pesticide,214 kgs,₹628.12,"₹1,34,417.68",BRD-AUR
T006191,17/04/2020,F01594,D,Yellow Mustard,1683 kg,"₹6,050.00","₹1,01,821.50",BRD-AUR
T006192,08/12/2019,F01594,I,NPK 10:26:26,220 kgs,₹48.05,"₹10,571.00",BRD-AUR
T006193,26 Mar 2020,F01595,Delivery,mustard (Yellow),592 kg,"₹6,210.00","₹36,763.20",BRD-AUR
T006194,23/12/2019,f01595,I,DAP,54 kgs,₹59.07,"₹3,189.78",BRD-AUR
T006195,02/01/2020,F01595,FERT_PURCHASE,Seeds,212 kg,₹127.53,"₹27,036.36",BRD-AUR
T006196,20/12/2019, F01595 ,input,PPC,66 kgs,₹216.39,"₹14,281.74",BRD-AUR
T006197,15/12/2019,F01595,FERT_PURCHASE,DAP,130 kg,₹50.56,"₹6,572.80",BRD-AUR
T006198,08/04/2020, F01596 ,DELIVERY,Sarson,594.00 kgs,"₹5,445.00","₹32,343.30",BRD-AUR
T006199,04/05/2020,F01596,D,Lokwan Wheat,1391 kg,"₹2,205.00","₹30,671.55",BRD-AUR
T006200,12/01/2020,F01596,FERT_PURCHASE,NPK 10:26:26,195 kg,₹33.05,"₹6,444.75",BRD-AUR
T006201,01/01/2020,F01596,input,Hybrid Seeds,119 kg,₹77.78,"₹9,255.82",BRD-AUR
T006202,08/01/2020,F01596,Input Purchase,SEEDS,273 kgs,₹65.59,"₹17,906.07",BRD-AUR
T006203,19/03/2020,F01599,delivery,Yellow Mustard,"1,600.00 kgs","₹5,895.00","₹94,320.00",BRD-AUR
T006204,29/02/2020,F01599,delivery,Yellow Mustard,"1,452.00 kgs","₹5,895.00","₹85,595.40",BRD-AUR
T006205,11/04/2020,F01599,Delivery,mustard (Yellow),79.00 kgs,"₹5,895.00","₹4,657.05",BRD-AUR
T006206,03/03/2020,F01599,delivery,WHEAT,"7,676.00 kgs","₹2,365.00","₹1,81,537.40",BRD-AUR
T006207,16/12/2019,F01599,input,SEEDS,76 kg,₹45.75,"₹3,477.00",BRD-AUR
T006208,21/12/2019,F01599,I,NPK 10:26:26,52 kgs,₹40.67,"₹2,114.84",BRD-AUR
T006209,16/12/2019,f01599,L,Loan Repayment,,,"₹3,300.00",BRD-AUR
T006210,09/04/2020,f01599,loan,EMI,,,"₹4,600.00",BRD-AUR
T006211,19/04/2020,F01600,delivery,Yellow Mustard,504 kg,"₹5,985.00","₹30,164.40",BRD-AUR
T006212,29/03/2020,f01602,FPO_DELIVERY,Mustard,1034 kg,"₹5,990.00","₹61,936.60",BRD-AUR
T006213,23/12/2019,F01602,I,Urea,279 kg,₹36.96,"₹10,311.84",BRD-AUR
T006214,07/01/2020,F01602,FERT_PURCHASE,DAP,262 kg,₹43.12,"₹11,297.44",BRD-AUR
T006215,15/03/2020,F01603,delivery,Sarson,3755 kg,"₹5,995.00","₹2,25,112.25",BRD-AUR
T006216,11/04/2020,F01604,FPO_DELIVERY,Sarson,366 kg,"₹6,025.00","₹22,051.50",BRD-AUR
T006217,06/04/2020,f01604,FPO_DELIVERY,Yellow Mustard,664.00 kgs,"₹6,025.00","₹40,006.00",BRD-AUR
T006218,31/12/2019,F01604,input,Seeds,242 kg,₹74.94,"₹18,135.48",BRD-AUR
T006219,02/01/2020,f01604,Input Purchase,Seeds,268 kgs,₹121.53,"₹32,570.04",BRD-AUR
T006220,01/01/2020,f01604,I,Urea,281 kg,₹34.36,"₹9,655.16",BRD-AUR
T006221,27/05/2020, F01604 ,L,Loan Repayment,,,"₹1,000.00",BRD-AUR
T006222,11/02/2020,F01604,Loan Repayment,EMI,,,"₹2,800.00",BRD-AUR
T006223,01 Apr 2020,f01606,FPO_DELIVERY,Sarson,307.00 kgs,"₹6,165.00","₹18,926.55",BRD-AUR
T006224,31/03/2020,f01606,Delivery,Sarson,475 kg,"₹6,165.00","₹29,283.75",BRD-AUR
T006225,06/03/2020,F01606,DELIVERY,WHEAT,1153 kg,"₹2,160.00","₹24,904.80",BRD-AUR
T006226,14/04/2020,F01606,delivery,Wheat (Durum),910 kg,"₹2,160.00","₹19,656.00",BRD-AUR
T006227,24/12/2019,F01606,Input Purchase,Seeds,180 kg,₹92.04,"₹16,567.20",BRD-AUR
T006228,03/12/2019, F01606 ,Input Purchase,NPK 10:26:26,229 kgs,₹56.90,"₹13,030.10",BRD-AUR
T006229,14 Mar 2020,F01607,FPO_DELIVERY,MUSTARD,390.00 kgs,"₹6,230.00","₹24,297.00",BRD-AUR
T006230,12/05/2020,F01607,Delivery,Sarson,769.00 kgs,"₹6,230.00","₹47,908.70",BRD-AUR
T006231,05/03/2020,F01607,D,MUSTARD,776 kg,"₹6,230.00","₹48,344.80",BRD-AUR
T006232,04 Apr 2020,F01607,delivery,wheat,"3,210.00 kgs","₹2,280.00","₹73,188.00",BRD-AUR
T006233,16/04/2020,F01607,D,Lokwan Wheat,626.00 kgs,"₹2,280.00","₹14,272.80",BRD-AUR
T006234,05/01/2020,F01607,FERT_PURCHASE,FERTILIZER 50kg bag,110 kg,₹28.94,"₹3,183.40",BRD-AUR
T006235,23/12/2019,F01607,I,SEEDS,306 kg,₹55.44,"₹16,964.64",BRD-AUR
T006236,01/04/2020,F01607,loan,Loan Repayment,,,"₹4,700.00",BRD-AUR
T006237,18/01/2020,F01607,L,EMI,,,"₹4,800.00",BRD-AUR
T006238,01 Apr 2020,F01608,delivery,MUSTARD,349 kg,"₹6,280.00","₹21,917.20",BRD-AUR
T006239,14/04/2020,F01608,FPO_DELIVERY,mustard (Yellow),232.00 kgs,"₹6,280.00","₹14,569.60",BRD-AUR
T006240,04/03/2020,F01608,Delivery,Lokwan Wheat,"1,348.00 kgs","₹2,415.00","₹32,554.20",BRD-AUR
T006241,08/04/2020,F01610,delivery,MUSTARD,322.00 kgs,"₹6,230.00","₹20,060.60",BRD-AUR
T006242,23/04/2020,F01610,D,mustard (Yellow),251 kg,"₹6,230.00","₹15,637.30",BRD-AUR
T006243,04/04/2020,F01610,Delivery,mustard (Yellow),889.00 kgs,"₹6,230.00","₹55,384.70",BRD-AUR
T006244,10/12/2019,F01610,INPUT_PURCHASE,NPK 10:26:26,152 kgs,₹54.99,"₹8,358.48",BRD-AUR
T006245,01/12/2019,F01610,FERT_PURCHASE,FERTILIZER 50kg bag,198 kg,₹56.33,"₹11,153.34",BRD-AUR
T006246,15/04/2020,F01610,loan,Loan Repayment,,,"₹7,600.00",BRD-AUR
T006247,16/04/2020,f01612,DELIVERY,mustard (Yellow),427.00 kgs,"₹5,650.00","₹24,125.50",BRD-AUR
T006248,10 May 2020,F01612,Delivery,mustard (Yellow),899 kg,"₹5,650.00","₹50,793.50",BRD-AUR
T006249,05 Dec 2019,f01612,input,Fertilizer,134 kgs,₹58.64,"₹7,857.76",BRD-AUR
T006250,11/04/2020,F01615,FPO_DELIVERY,MUSTARD,503 kg,"₹6,035.00","₹30,356.05",BRD-AUR
T006251,16/03/2020,F01615,Delivery,mustard (Yellow),261 kg,"₹6,035.00","₹15,751.35",BRD-AUR
T006252,22/04/2020,F01615,delivery,Lokwan Wheat,"1,871.00 kgs","₹2,370.00","₹44,342.70",BRD-AUR
T006253,30/03/2020,F01615,FPO_DELIVERY,wheat,41.00 kgs,"₹2,370.00",₹971.70,BRD-AUR
T006254,09/12/2019,F01615,I,NPK 10:26:26,235 kgs,₹46.27,"₹10,873.45",BRD-AUR
T006255,18/04/2020,f01616,DELIVERY,mustard (Yellow),89.00 kgs,"₹5,935.00","₹5,282.15",BRD-AUR
T006256,09/05/2020,F01616,Delivery,mustard (Yellow),217.00 kgs,"₹5,935.00","₹12,878.95",BRD-AUR
T006257,12/01/2020,F01616,INPUT_PURCHASE,FERTILIZER 50kg bag,133 kg,₹41.83,"₹5,563.39",BRD-AUR
T006258,19/01/2020,F01616,LOAN_REPAY,EMI,,,"₹5,400.00",BRD-AUR
T006259,02/03/2020,F01617,delivery,mustard (Yellow),528.00 kgs,"₹6,145.00","₹32,445.60",BRD-AUR
T006260,25/03/2020,F01617,DELIVERY,Mustard,831.00 kgs,"₹6,145.00","₹51,064.95",BRD-AUR
T006261,03/12/2019,F01617,Input Purchase,Hybrid Seeds,46 kgs,₹103.20,"₹4,747.20",BRD-AUR
T007926,19/03/2020, F02219 ,Delivery,Mustard,605.00 kgs,"₹6,105.00","₹36,935.25",BRD-AUR
T007927,15/04/2020,F02219,FPO_DELIVERY,Mustard,67 kg,"₹6,105.00","₹4,090.35",BRD-AUR
T007928,18/12/2019,F02219,Input Purchase,Seeds,77 kg,₹95.36,"₹7,342.72",BRD-AUR
T007929,03/12/2019,F02219,input,Hybrid Seeds,107 kg,₹56.06,"₹5,998.42",BRD-AUR
T007930,31 Dec 2019,F02219,Input Purchase,FERTILIZER 50kg bag,260 kg,₹28.25,"₹7,345.00",BRD-AUR
T007931,09/12/2019, F02219 ,input,Urea,227 kg,₹55.44,"₹12,584.88",BRD-AUR
T007937,05/03/2020,F02222,Delivery,Mustard,260.00 kgs,"₹5,725.00","₹14,885.00",BRD-AUR
T007938,22 Mar 2020,F02222,delivery,Yellow Mustard,1181 kg,"₹5,725.00","₹67,612.25",BRD-AUR
T007955,04/03/2020,F02230,Delivery,Mustard,70 kg,"₹5,460.00","₹3,822.00",BRD-AUR
T007956,11/04/2020,F02230,Delivery,mustard (Yellow),667 kg,"₹5,460.00","₹36,418.20",BRD-AUR
T007957,24/12/2019,F02230,L,EMI,,,"₹4,500.00",BRD-AUR
T008006,09/05/2020,F02245,FPO_DELIVERY,MUSTARD,"3,562.00 kgs","₹5,965.00","₹2,12,473.30",BRD-AUR
T008007,08/01/2020,F02245,input,PPC,307 kg,₹186.80,"₹57,347.60",BRD-AUR
T008008,08/12/2019,F02245,input,PP chemicals,111 kgs,₹554.09,"₹61,503.99",BRD-AUR
T008009,24/12/2019,F02245,input,DAP,49 kgs,₹47.07,"₹2,306.43",BRD-AUR
T008010,30/05/2020,F02245,LOAN_REPAY,Loan Repayment,,,"₹4,300.00",BRD-AUR
T008011,29/02/2020,F02245,Loan Repayment,Loan Repayment,,,"₹7,300.00",BRD-AUR
T008037,08/05/2020,f02256,D,mustard (Yellow),602 kg,"₹6,090.00","₹36,661.80",BRD-AUR
T008038,12/01/2020,F02256,input,DAP,64 kgs,₹48.66,"₹3,114.24",BRD-AUR
T008039,24/12/2019,F02256,Input Purchase,NPK 10:26:26,72 kgs,₹45.14,"₹3,250.08",BRD-AUR
T008066,21/03/2020,F02264,Delivery,MUSTARD,217.00 kgs,"₹6,100.00",₹ N/A,BRD-AUR
T008067,09/03/2020,f02264,DELIVERY,MUSTARD,148 kg,"₹6,100.00","₹9,028.00",BRD-AUR
T008068,22/12/2019, F02264 ,input,Seeds,91 kg,₹48.74,"₹4,435.34",BRD-AUR
T008069,07/01/2020,F02264,INPUT_PURCHASE,Fertilizer,70 kgs,₹38.31,"₹2,681.70",BRD-AUR
T008070,19/05/2020,F02264,Loan Repayment,EMI,,,"₹4,400.00",BRD-AUR
T008071,20/05/2020,F02264,loan,EMI,,,"₹4,700.00",BRD-AUR
T008103,21/03/2020,f02273,delivery,Sarson,607 kg,"₹5,410.00","₹32,838.70",BRD-AUR
T008104,27/04/2020,F02273,Delivery,Sarson,298 kg,"₹5,410.00","₹16,121.80",BRD-AUR
T008105,10/01/2020,F02273,input,PP chemicals,160 kg,₹432.10,"₹69,136.00",BRD-AUR
T008106,08/01/2020,F02273,Input Purchase,SEEDS,197 kg,₹106.16,"₹20,913.52",BRD-AUR
T008107,29/12/2019,F02273,I,PP chemicals,133 kgs,₹173.57,"₹23,084.81",BRD-AUR
T008108,02/01/2020,F02273,input,Seeds,240 kgs,₹78.59,"₹18,861.60",BRD-AUR
T008109,29/12/2019,F02273,input,Hybrid Seeds,236 kg,₹58.35,"₹13,770.60",BRD-AUR
T008139,31/03/2020,f02281,Delivery,Sarson,1269 kg,"₹5,765.00","₹73,157.85",BRD-AUR
T008140,14/04/2020,F02281,delivery,Yellow Mustard,617.00 kgs,"₹5,765.00","₹35,570.05",BRD-AUR
T008141,10/01/2020,f02281,Input Purchase,Fertilizer,70 kg,₹55.62,"₹3,893.40",BRD-AUR
T008142,21/03/2020,F02281,Loan Repayment,Loan Repayment,,,"₹6,900.00",BRD-AUR
T008143,29/02/2020,F02281,L,EMI,,,"₹4,400.00",BRD-AUR
T009190,25/10/2020,F01464,FPO_DELIVERY,Soybean (Yellow),407 kg,"₹4,815.00","₹19,597.05",BRD-AUR
T009191,05/11/2020,f01464,FPO_DELIVERY,soya,51.00 kgs,"₹4,815.00","₹2,455.65",BRD-AUR
T009192,23/10/2020,F01464,D,soya,305 kg,"₹4,815.00","₹14,685.75",BRD-AUR
T009193,25/10/2020,F01465,delivery,Soybean (Yellow),910 kg,"₹4,710.00","₹42,861.00",BRD-AUR
T009194,17/10/2020,F01467,D,Soybean (Yellow),919.00 kgs,"₹5,390.00","₹49,534.10",BRD-AUR
T009195,22/10/2020,F01467,FPO_DELIVERY,Soybean (Yellow),143 kg,"₹5,390.00","₹7,707.70",BRD-AUR
T009196,06 Jun 2020,F01467,I,PPC,76 kgs,₹589.70,"₹44,817.20",BRD-AUR
T009197,02/09/2020,F01467,Loan Repayment,EMI,,,"₹6,800.00",BRD-AUR
T009198,15/11/2020,f01468,delivery,SOYABEAN,710.00 kgs,"₹4,860.00","₹34,506.00",BRD-AUR
T009199,13/06/2020,F01468,I,PP chemicals,154 kgs,₹504.16,"₹77,640.64",BRD-AUR
T009200,02/07/2020,F01468,INPUT_PURCHASE,Urea,147 kgs,₹57.35,"₹8,430.45",BRD-AUR
T009201,02/07/2020,f01468,I,PPC,177 kg,₹567.35,"₹1,00,420.95",BRD-AUR
T009202,20/06/2020,F01468,loan,EMI,,,"₹4,200.00",BRD-AUR
T009203,02/11/2020,F01468,L,Loan Repayment,,,"₹5,100.00",BRD-AUR
T009204,29/11/2020,f01470,Delivery,Soybean (Yellow),702 kg,"₹4,590.00","₹32,221.80",BRD-AUR
T009205,30/06/2020,F01470,INPUT_PURCHASE,NPK 10:26:26,125 kgs,₹50.26,"₹6,282.50",BRD-AUR
T009206,25/10/2020,F01472,FPO_DELIVERY,soya,898 kg,"₹5,105.00","₹45,842.90",BRD-AUR
T009207,17/10/2020,f01476,DELIVERY,SOYABEAN,4991 kg,"₹5,420.00","₹2,70,512.20",BRD-AUR
T009208,05/07/2020,F01476,FERT_PURCHASE,Fertilizer,205 kgs,₹47.72,"₹9,782.60",BRD-AUR
T009209,11/07/2020,F01476,INPUT_PURCHASE,Urea,195 kgs,₹30.21,"₹5,890.95",BRD-AUR
T009210,14/07/2020,F01476,I,Bio-pesticide,29 kgs,₹380.69,"₹11,040.01",BRD-AUR
T009211,09/07/2020,F01476,FERT_PURCHASE,PPC,206 kg,₹162.46,"₹33,466.76",BRD-AUR
T009212,03/07/2020,F01476,I,PP chemicals,141 kg,₹357.41,"₹50,394.81",BRD-AUR
T009213,27/06/2020,F01476,input,Hybrid Seeds,51 kg,₹69.05,"₹3,521.55",BRD-AUR
T009214,24/06/2020,F01476,L,Loan Repayment,,,"₹5,700.00",BRD-AUR
T009215,18/11/2020,F01479,D,soya,1146 kg,"₹5,005.00","₹57,357.30",BRD-AUR
T009216,25/11/2020,f01481,FPO_DELIVERY,Soybean (Yellow),"1,422.00 kgs","₹5,255.00","₹74,726.10",BRD-AUR
T009217,04 Jun 2020,F01481,INPUT_PURCHASE,SEEDS,102 kg,₹95.99,"₹9,790.98",BRD-AUR
T009218,22/06/2020,F01481,Input Purchase,SEEDS,219 kgs,₹120.35,"₹26,356.65",BRD-AUR
T009219,28/06/2020,F01481,Input Purchase,Urea,142 kgs,₹38.04,"₹5,401.68",BRD-AUR
T009220,13/10/2020,F01481,LOAN_REPAY,EMI,,,"₹2,800.00",BRD-AUR
T009221,22/07/2020,f01481,loan,EMI,,,"₹1,100.00",BRD-AUR
T009222,02/10/2020,F01484,D,Soybean (Yellow),135.00 kgs,"₹4,685.00","₹6,324.75",BRD-AUR
T009223,19/11/2020,F01484,delivery,soya,659 kg,"₹4,685.00","₹30,874.15",BRD-AUR
T009224,24/11/2020, F01485 ,Delivery,Soybean,277.00 kgs,"₹4,900.00","₹13,573.00",BRD-AUR
T009225,14/10/2020,F01485,D,SOYABEAN,473 kg,"₹4,900.00","₹23,177.00",BRD-AUR
T009226,03/07/2020,F01485,Input Purchase,FERTILIZER 50kg bag,222 kg,₹35.76,"₹7,938.72",BRD-AUR
T009227,02/10/2020,F01489,FPO_DELIVERY,soya,2565 kg,"₹4,910.00","₹1,25,941.50",BRD-AUR
T009228,22/06/2020,F01489,I,DAP,129 kg,₹35.58,"₹4,589.82",BRD-AUR
T009229,19/06/2020,F01489,I,Bio-pesticide,283 kgs,₹387.22,"₹1,09,583.26",BRD-AUR
T009230,28/06/2020,F01489,input,DAP,91 kgs,₹41.14,"₹3,743.74",BRD-AUR
T009231,17/06/2020,F01489,Input Purchase,SEEDS,305 kg,₹58.44,"₹17,824.20",BRD-AUR
T009232,20/10/2020,f01490,Delivery,Soybean,"5,621.00 kgs","₹5,380.00","₹3,02,409.80",BRD-AUR
T009233,05/11/2020, F01492 ,FPO_DELIVERY,Soybean (Yellow),"1,144.00 kgs","₹4,990.00","₹57,085.60",BRD-AUR
T009234,04/11/2020,F01492,Delivery,Soybean (Yellow),722.00 kgs,"₹4,990.00","₹36,027.80",BRD-AUR
T009235,11/10/2020,F01492,FPO_DELIVERY,Soybean (Yellow),802.00 kgs,"₹4,990.00","₹40,019.80",BRD-AUR
T009236,26/06/2020,F01492,Input Purchase,FERTILIZER 50kg bag,47 kg,₹58.87,"₹2,766.89",BRD-AUR
T009237,27/06/2020,f01492,LOAN_REPAY,Loan Repayment,,,"₹3,900.00",BRD-AUR
T009238,01/10/2020, F01495 ,FPO_DELIVERY,SOYABEAN,"1,095.00 kgs","₹4,540.00","₹49,713.00",BRD-AUR
T009239,23/06/2020,F01495,input,NPK 10:26:26,202 kgs,₹54.01,"₹10,910.02",BRD-AUR
T009240,11/07/2020,F01495,L,EMI,,,"₹1,900.00",BRD-AUR
T009241,15/06/2020,F01495,L,Loan Repayment,,,"₹4,900.00",BRD-AUR
T009242,13/10/2020,F01498,D,Soybean (Yellow),588 kg,"₹5,115.00","₹30,076.20",BRD-AUR
T009243,07 Nov 2020,F01498,DELIVERY,soya,690 kg,"₹5,115.00","₹35,293.50",BRD-AUR
T009244,24/06/2020,F01498,input,FERTILIZER 50kg bag,194 kgs,₹53.90,"₹10,456.60",BRD-AUR
T009245,26/06/2020,F01498,Input Purchase,Urea,104 kgs,₹56.35,"₹5,860.40",BRD-AUR
T009246,01 Oct 2020,F01499,D,soya,631 kg,"₹4,965.00","₹31,329.15",BRD-AUR
T009247,06/11/2020,F01499,D,Soybean (Yellow),7 kg,"₹4,965.00",₹347.55,BRD-AUR
T009248,22/10/2020,F01499,D,Soybean,309 kg,"₹4,965.00","₹15,341.85",BRD-AUR
T009249,26/06/2020,f01499,INPUT_PURCHASE,Fertilizer,265 kgs,₹47.59,"₹12,611.35",BRD-AUR
T009250,03/09/2020,F01499,LOAN_REPAY,Loan Repayment,,,₹800.00,BRD-AUR
T009251,06/10/2020,f01501,Delivery,soya,181 kg,"₹5,090.00","₹9,212.90",BRD-AUR
T009252,13/11/2020,F01501,FPO_DELIVERY,SOYABEAN,387.00 kgs,"₹5,090.00","₹19,698.30",BRD-AUR
T009253,22/06/2020,F01501,Input Purchase,Fertilizer,90 kgs,₹30.80,"₹2,772.00",BRD-AUR
T009254,19/08/2020,F01501,L,Loan Repayment,,,"₹7,400.00",BRD-AUR
T009255,14/08/2020,F01501,Loan Repayment,Loan Repayment,,,"₹5,300.00",BRD-AUR
T009256,19/11/2020,F01501,Loan Repayment,EMI,,,"₹5,500.00",BRD-AUR
T009257,28/11/2020,F01502,D,soya,"1,495.00 kgs","₹4,865.00","₹72,731.75",BRD-AUR
T009258,03/06/2020, F01502 ,INPUT_PURCHASE,NPK 10:26:26,255 kgs,₹57.28,"₹14,606.40",BRD-AUR
T009259,13/07/2020, F01502 ,I,Hybrid Seeds,139 kgs,₹72.48,"₹10,074.72",BRD-AUR
T009260,11/06/2020,f01502,INPUT_PURCHASE,Urea,304 kgs,₹34.42,"₹10,463.68",BRD-AUR
T009261,06/10/2020,F01505,FPO_DELIVERY,SOYABEAN,228 kg,"₹4,975.00","₹11,343.00",BRD-AUR
T009262,23/10/2020,F01505,Delivery,Soybean (Yellow),554.00 kgs,"₹4,975.00","₹27,561.50",BRD-AUR
T009263,26/06/2020,F01505,INPUT_PURCHASE,SEEDS,191 kgs,₹46.26,"₹8,835.66",BRD-AUR
T009264,32/01/2022,F01505,INPUT_PURCHASE,DAP,224 kgs,₹55.05,"₹12,331.20",BRD-AUR
T009265,23/06/2020,F01505,I,Fertilizer,273 kg,₹42.16,"₹11,509.68",BRD-AUR
T009266,06/06/2020,F01505,L,EMI,,,"₹5,200.00",BRD-AUR
T009267,31/08/2020,F01505,loan,EMI,,,"₹4,400.00",BRD-AUR
T009268,23/08/2020,f01505,loan,EMI,,,"₹4,900.00",BRD-AUR
T009269,18/09/2020,F01505,Loan Repayment,Loan Repayment,,,"₹3,900.00",BRD-AUR
T009270,08/11/2020,F01509,FPO_DELIVERY,Soybean,"1,879.00 kgs","₹5,140.00","₹96,580.60",BRD-AUR
T009271,11/07/2020,F01509,Input Purchase,FERTILIZER 50kg bag,140 kg,₹32.27,"₹4,517.80",BRD-AUR
T009272,10 Jul 2020,F01509,input,NPK 10:26:26,118 kg,₹50.27,"₹5,931.86",BRD-AUR
T009273,25/11/2020,F01510,FPO_DELIVERY,SOYABEAN,904.00 kgs,"₹5,155.00","₹46,601.20",BRD-AUR
T009274,10/10/2020,F01511,FPO_DELIVERY,SOYABEAN,"1,597.00 kgs","₹4,945.00","₹78,971.65",BRD-AUR
T009275,25/10/2020,F01511,FPO_DELIVERY,Soybean (Yellow),53 kg,"₹4,945.00","₹2,620.85",BRD-AUR
T009276,30/06/2020,F01511,I,Fertilizer,208 kg,₹51.67,"₹10,747.36",BRD-AUR
T009277,01/06/2020,F01511,Input Purchase,SEEDS,64 kg,₹105.67,"₹6,762.88",BRD-AUR
T009278,17 Jun 2020,f01511,INPUT_PURCHASE,SEEDS,273 kgs,₹99.69,"₹27,215.37",BRD-AUR
T009279,10/10/2020,F01513,DELIVERY,Soybean,233 kg,"₹5,425.00","₹12,640.25",BRD-AUR
T009280,17/10/2020,F01513,DELIVERY,soya,3314 kg,"₹5,425.00","₹1,79,784.50",BRD-AUR
T009281,15/07/2020,f01513,I,DAP,211 kg,₹58.34,"₹12,309.74",BRD-AUR
T009282,01/10/2020,F01514,Delivery,Soybean (Yellow),858.00 kgs,"₹4,855.00","₹41,655.90",BRD-AUR
T009283,03/06/2020,F01514,input,FERTILIZER 50kg bag,36 kgs,₹49.92,"₹1,797.12",BRD-AUR
T009284,15/10/2020,F01518,D,SOYABEAN,717.00 kgs,"₹5,290.00","₹37,929.30",BRD-AUR
T009285,29/09/2020,F01518,LOAN_REPAY,EMI,,,"₹6,100.00",BRD-AUR
T009286,29/10/2020,F01518,LOAN_REPAY,EMI,,,"₹2,900.00",BRD-AUR
T009287,01/08/2020, F01518 ,LOAN_REPAY,EMI,,,"₹3,800.00",BRD-AUR
T009288,01/10/2020,F01520,Delivery,SOYABEAN,369.00 kgs,"₹4,840.00","₹17,859.60",BRD-AUR
T009289,15/11/2020,F01520,DELIVERY,soya,359 kg,"₹4,840.00","₹17,375.60",BRD-AUR
T009290,02/09/2020,F01520,L,EMI,,,"₹4,900.00",BRD-AUR
T009291,19/07/2020,f01520,LOAN_REPAY,Loan Repayment,,,"₹4,500.00",BRD-AUR
T009292,13/06/2020, F01520 ,LOAN_REPAY,Loan Repayment,,,"₹6,100.00",BRD-AUR
T009293,12/11/2020,F01522,FPO_DELIVERY,soya,"1,518.00 kgs","₹5,115.00","₹77,645.70",BRD-AUR
T009294,24/10/2020,F01522,Delivery,Soybean (Yellow),82.00 kgs,"₹5,115.00","₹4,194.30",BRD-AUR
T009295,12/10/2020,F01526,DELIVERY,Soybean,"1,463.00 kgs","₹5,000.00","₹73,150.00",BRD-AUR
T009296,03/07/2020,F01526,input,Urea,141 kgs,₹59.22,"₹8,350.02",BRD-AUR
T009297,14/06/2020,f01526,Input Purchase,Urea,39 kg,₹41.67,"₹1,625.13",BRD-AUR
T009298,19/06/2020,F01526,FERT_PURCHASE,Fertilizer,151 kg,₹52.41,"₹7,913.91",BRD-AUR
T009299,11/11/2020,F01527,D,Soybean,492 kg,"₹5,300.00","₹26,076.00",BRD-AUR
T009300,01/10/2020,F01527,DELIVERY,Soybean,315.00 kgs,"₹5,300.00","₹16,695.00",BRD-AUR
T009301,15/07/2020,F01527,input,DAP,105 kgs,₹41.58,"₹4,365.90",BRD-AUR
T009302,22/06/2020,F01527,I,Hybrid Seeds,,₹46.51,"₹5,860.26",BRD-AUR
T009303,28/11/2020,F01528,delivery,Soybean (Yellow),559 kg,"₹4,910.00","₹27,446.90",BRD-AUR
T009304,11/07/2020,F01528,FERT_PURCHASE,FERTILIZER 50kg bag,246 kg,₹52.50,"₹12,915.00",BRD-AUR
T009305,01/11/2020,F01530,DELIVERY,soya,323.00 kgs,"₹5,330.00","₹17,215.90",BRD-AUR
T009306,15/11/2020,F01530,FPO_DELIVERY,Soybean,"1,273.00 kgs","₹5,330.00","₹67,850.90",BRD-AUR
T009307,16/06/2020,F01530,Input Purchase,Fertilizer,102 kgs,₹41.73,"₹4,256.46",BRD-AUR
T009308,02/11/2020,f01535,Delivery,Soybean,1081 kg,"₹5,240.00","₹56,644.40",BRD-AUR
T009309,26/10/2020,F01535,D,Soybean,456 kg,"₹5,240.00","₹23,894.40",BRD-AUR
T009310,24 Jun 2020,F01535,FERT_PURCHASE,SEEDS,229 kg,₹90.33,"₹20,685.57",BRD-AUR
T009311,06/11/2020,F01537,delivery,Soybean (Yellow),"1,113.00 kgs","₹5,405.00","₹60,157.65",BRD-AUR
T009312,04/07/2020,F01537,INPUT_PURCHASE,NPK 10:26:26,176 kg,₹46.32,"₹8,152.32",BRD-AUR
T009313,07/09/2020,F01537,L,EMI,,,"₹2,400.00",BRD-AUR
T009314,18/11/2020,F01538,D,SOYABEAN,54 kg,"₹4,970.00","₹2,683.80",BRD-AUR
T009315,05/11/2020,F01538,FPO_DELIVERY,soya,2022 kg,"₹4,970.00","₹1,00,493.40",BRD-AUR
T009316,12/06/2020,F01538,FERT_PURCHASE,SEEDS,252 kgs,₹71.16,"₹17,932.32",BRD-AUR
T009317,18/11/2020,F01538,Loan Repayment,Loan Repayment,,,"₹1,800.00",BRD-AUR
T009318,21/10/2020,F01540,FPO_DELIVERY,SOYABEAN,324.00 kgs,"₹5,090.00","₹16,491.60",BRD-AUR
T009319,30 Jun 2020,F01540,I,Seeds,97 kg,₹127.04,"₹12,322.88",BRD-AUR
T009320,14/09/2020,F01540,loan,Loan Repayment,,,"₹1,700.00",BRD-AUR
T009321,09/10/2020,F01540,Loan Repayment,Loan Repayment,,,"₹2,900.00",BRD-AUR
T009322,03/09/2020,F01540,loan,Loan Repayment,,,"₹2,700.00",BRD-AUR
T009323,17/11/2020,F01542,DELIVERY,soya,794 kg,"₹4,960.00","₹39,382.40",BRD-AUR
T009324,05/11/2020,F01542,DELIVERY,Soybean,349 kg,"₹4,960.00","₹17,310.40",BRD-AUR
T009325,05/06/2020,F01542,INPUT_PURCHASE,Urea,259 kgs,₹58.57,"₹15,169.63",BRD-AUR
T009326,25 Oct 2020,F01543,FPO_DELIVERY,Soybean (Yellow),"2,232.00 kgs","₹4,955.00","₹1,10,595.60",BRD-AUR
T009327,04/07/2020,F01543,Input Purchase,Hybrid Seeds,107 kg,₹51.74,"₹5,536.18",BRD-AUR
T009328,23/10/2020,F01544,delivery,Soybean,1222 kg,"₹4,825.00","₹58,961.50",BRD-AUR
T009329,29/06/2020,F01544,FERT_PURCHASE,Bio-pesticide,230 kg,₹638.22,"₹1,46,790.60",BRD-AUR
T009330,11/06/2020,F01544,Input Purchase,FERTILIZER 50kg bag,307 kg,₹49.38,"₹15,159.66",BRD-AUR
T009331,01/11/2020,F01545,Delivery,SOYABEAN,1477 kg,"₹5,075.00","₹74,957.75",BRD-AUR
T009332,05/06/2020,F01545,INPUT_PURCHASE,NPK 10:26:26,240 kg,₹57.26,"₹13,742.40",BRD-AUR
T009333,17 Jun 2020,f01545,input,Fertilizer,101 kg,₹45.95,"₹4,640.95",BRD-AUR
T009334,18/11/2020,F01546,D,Soybean (Yellow),664.00 kgs,"₹5,255.00","₹34,893.20",BRD-AUR
T009335,13/11/2020,F01546,D,soya,508 kg,"₹5,255.00","₹26,695.40",BRD-AUR
T009336,16/10/2020,F01547,D,soya,793 kg,"₹5,090.00","₹40,363.70",BRD-AUR
T009337,04 Oct 2020,F01547,D,soya,362 kg,"₹5,090.00","₹18,425.80",BRD-AUR
T009338,12/10/2020,F01547,DELIVERY,SOYABEAN,254 kg,"₹5,090.00","₹12,928.60",BRD-AUR
T009339,18/06/2020,F01547,Loan Repayment,Loan Repayment,,,"₹3,100.00",BRD-AUR
T009340,15/08/2020,f01547,loan,Loan Repayment,,,"₹2,900.00",BRD-AUR
T009341,15/11/2020,F01548,Delivery,Soybean,749.00 kgs,"₹4,790.00","₹35,877.10",BRD-AUR
T009342,28/06/2020,F01548,I,Fertilizer,305 kgs,₹37.36,"₹11,394.80",BRD-AUR
T009343,03/11/2020, F01548 ,loan,Loan Repayment,,,"₹4,600.00",BRD-AUR
T009344,26/11/2020,F01548,loan,Loan Repayment,,,"₹5,300.00",BRD-AUR
T009345,26/10/2020,F01550,delivery,Soybean,756 kg,"₹5,160.00","₹39,009.60",BRD-AUR
T009346,03/11/2020, F01550 ,D,Soybean (Yellow),1838 kg,"₹5,160.00","₹94,840.80",BRD-AUR
T009347,27/10/2020,F01550,delivery,SOYABEAN,304.00 kgs,"₹5,160.00","₹15,686.40",BRD-AUR
T009348,15/06/2020,F01550,INPUT_PURCHASE,PPC,290 kgs,₹455.16,"₹1,31,996.40",BRD-AUR
T009349,10/07/2020,F01550,INPUT_PURCHASE,Bio-pesticide,139 kg,₹393.54,"₹54,702.06",BRD-AUR
T009350,11/11/2020,F01552,D,soya,"1,848.00 kgs","₹4,790.00","₹88,519.20",BRD-AUR
T009351,19/11/2020,F01552,D,SOYABEAN,"1,099.00 kgs","₹4,790.00","₹52,642.10",BRD-AUR
T009352,28/06/2020,F01552,I,Bio-pesticide,108 kg,₹551.76,"₹59,590.08",BRD-AUR
T009353,03/07/2020,F01552,INPUT_PURCHASE,Hybrid Seeds,250 kgs,₹51.24,"₹12,810.00",BRD-AUR
T009354,25/10/2020,F01553,FPO_DELIVERY,soya,329.00 kgs,"₹5,285.00","₹17,387.65",BRD-AUR
T009355,30/10/2020, F01553 ,D,Soybean,412 kg,"₹5,285.00","₹21,774.20",BRD-AUR
T009356,27 Jun 2020,F01553,Input Purchase,Fertilizer,84 kg,₹49.89,"₹4,190.76",BRD-AUR
T009357,20/11/2020,F01556,FPO_DELIVERY,soya,809 kg,"₹5,060.00","₹40,935.40",BRD-AUR
T009358,19/10/2020,F01556,delivery,soya,408.00 kgs,"₹5,060.00","₹20,644.80",BRD-AUR
T009359,26/11/2020,F01558,FPO_DELIVERY,Soybean (Yellow),1245 kg,"₹5,135.00","₹63,930.75",BRD-AUR
T009360,07/10/2020,F01558,DELIVERY,soya,1511 kg,"₹5,135.00","₹77,589.85",BRD-AUR
T009361,06/07/2020,F01558,INPUT_PURCHASE,Seeds,295 kg,₹103.24,"₹30,455.80",BRD-AUR
T009362,15/08/2020,F01558,LOAN_REPAY,Loan Repayment,,,"₹3,100.00",BRD-AUR
T009363,12/11/2020,F01560,FPO_DELIVERY,Soybean,"1,032.00 kgs","₹5,260.00","₹54,283.20",BRD-AUR
T009364,03/10/2020,F01560,delivery,Soybean,21.00 kgs,"₹5,260.00","₹1,104.60",BRD-AUR
T009365,01/07/2020,F01560,FERT_PURCHASE,NPK 10:26:26,287 kgs,₹54.54,"₹15,652.98",BRD-AUR
T009366,05/06/2020,F01560,FERT_PURCHASE,DAP,107 kg,₹56.72,"₹6,069.04",BRD-AUR
T009367,08/06/2020,F01560,Input Purchase,FERTILIZER 50kg bag,228 kgs,₹34.18,"₹7,793.04",BRD-AUR
T009368,14/09/2020,F01560,L,EMI,,,"₹3,200.00",BRD-AUR
T009369,16/10/2020,F01561,Delivery,SOYABEAN,307.00 kgs,"₹5,375.00","₹16,501.25",BRD-AUR
T009370,30/10/2020,F01561,D,SOYABEAN,730 kg,"₹5,375.00","₹39,237.50",BRD-AUR
T009371,14/06/2020,F01561,INPUT_PURCHASE,FERTILIZER 50kg bag,183 kg,₹39.17,"₹7,168.11",BRD-AUR
T009372,03/10/2020,F01563,D,SOYABEAN,636 kg,"₹4,805.00","₹30,559.80",BRD-AUR
T009373,22/10/2020,F01563,delivery,Soybean (Yellow),800 kg,"₹4,805.00","₹38,440.00",BRD-AUR
T009374,13 Jun 2020,F01563,I,Urea,148 kgs,₹51.95,"₹7,688.60",BRD-AUR
T009375,19/06/2020,F01563,INPUT_PURCHASE,Urea,122 kgs,₹36.14,"₹4,409.08",BRD-AUR
T009376,14/06/2020,F01563,input,Fertilizer,92 kg,₹33.01,"₹3,036.92",BRD-AUR
T009377,27/11/2020,F01564,DELIVERY,SOYABEAN,502.00 kgs,"₹5,100.00","₹25,602.00",BRD-AUR
T009378,19/10/2020,F01564,Delivery,soya,340.00 kgs,"₹5,100.00","₹17,340.00",BRD-AUR
T009379,01/11/2020,F01564,delivery,Soybean (Yellow),872 kg,"₹5,100.00","₹44,472.00",BRD-AUR
T009380,14/07/2020,F01564,INPUT_PURCHASE,Seeds,227 kgs,₹92.74,"₹21,051.98",BRD-AUR
T009381,18/11/2020,F01568,D,soya,"2,967.00 kgs","₹5,320.00","₹1,57,844.40",BRD-AUR
T009382,29/06/2020,F01568,I,NPK 10:26:26,294 kgs,₹43.05,"₹12,656.70",BRD-AUR
T009383,02/10/2020, F01569 ,DELIVERY,Soybean (Yellow),1998 kg,"₹5,425.00","₹1,08,391.50",BRD-AUR
T009384,27/06/2020,F01569,INPUT_PURCHASE,Seeds,294 kg,₹72.24,"₹21,238.56",BRD-AUR
T009385,12/11/2020,F01575,FPO_DELIVERY,Soybean,920.00 kgs,"₹5,225.00","₹48,070.00",BRD-AUR
T009386,11/11/2020,F01575,D,SOYABEAN,607 kg,"₹5,225.00","₹31,715.75",BRD-AUR
T009387,02/06/2020,F01575,FERT_PURCHASE,SEEDS,26 kg,₹85.27,"₹2,217.02",BRD-AUR
T009388,06/10/2020,F01576,Delivery,SOYABEAN,201 kg,"₹5,255.00","₹10,562.55",BRD-AUR
T009389,04/11/2020,F01576,D,Soybean,582.00 kgs,"₹5,255.00","₹30,584.10",BRD-AUR
T009390,09/11/2020,F01576,DELIVERY,SOYABEAN,168.00 kgs,"₹5,255.00","₹8,828.40",BRD-AUR
T009391,07/06/2020,f01576,INPUT_PURCHASE,PPC,298 kgs,₹589.54,"₹1,75,682.92",BRD-AUR
T009392,01/07/2020,f01576,FERT_PURCHASE,Bio-pesticide,214 kg,₹363.68,"₹77,827.52",BRD-AUR
T009393,10/08/2020, F01576 ,L,Loan Repayment,,,"₹3,000.00",BRD-AUR
T009394,26/11/2020, F01576 ,loan,EMI,,,"₹2,300.00",BRD-AUR
T009395,10/11/2020,F01577,D,Soybean,162.00 kgs,"₹5,360.00","₹8,683.20",BRD-AUR
T009396,12/10/2020,F01577,Delivery,Soybean (Yellow),343 kg,"₹5,360.00","₹18,384.80",BRD-AUR
T009397,21 Jun 2020,F01577,INPUT_PURCHASE,Hybrid Seeds,87 kgs,₹60.74,"₹5,284.38",BRD-AUR
T009398,16/06/2020,F01577,Input Purchase,Urea,30 kg,₹51.08,"₹1,532.40",BRD-AUR
T009399,04/10/2020,F01580,DELIVERY,Soybean,242.00 kgs,"₹5,275.00","₹12,765.50",BRD-AUR
T009400,06/11/2020,F01580,FPO_DELIVERY,Soybean (Yellow),842 kg,"₹5,275.00","₹44,415.50",BRD-AUR
T009401,21/06/2020,F01580,Input Purchase,DAP,183 kgs,₹49.96,"₹9,142.68",BRD-AUR
T009402,13/10/2020,F01581,FPO_DELIVERY,soya,644.00 kgs,"₹5,050.00","₹32,522.00",BRD-AUR
T009403,20/11/2020,F01581,DELIVERY,Soybean,34.00 kgs,"₹5,050.00","₹1,717.00",BRD-AUR
T009404,02/10/2020,F01581,DELIVERY,SOYABEAN,449 kg,"₹5,050.00","₹22,674.50",BRD-AUR
T009405,15/07/2020,F01581,INPUT_PURCHASE,Bio-pesticide,134 kg,₹389.92,"₹52,249.28",BRD-AUR
T009406,06/06/2020,F01581,FERT_PURCHASE,Fertilizer,285 kg,₹30.91,"₹8,809.35",BRD-AUR
T009407,13/07/2020,F01581,input,Seeds,315 kgs,₹62.45,"₹19,671.75",BRD-AUR
T009408,03/06/2020,F01581,input,NPK 10:26:26,37 kgs,₹37.55,"₹1,389.35",BRD-AUR
T009409,15/07/2020,F01581,INPUT_PURCHASE,Urea,235 kg,₹48.81,"₹11,470.35",BRD-AUR
T009410,21/10/2020,F01582,Delivery,SOYABEAN,"1,825.00 kgs","₹5,095.00","₹92,983.75",BRD-AUR
T009411,29/10/2020,f01586,delivery,soya,2402 kg,"₹4,775.00","₹1,14,695.50",BRD-AUR
T009412,27/11/2020,F01586,Delivery,soya,185 kg,"₹4,775.00","₹8,833.75",BRD-AUR
T009413,05/06/2020,f01586,I,DAP,92 kg,₹52.78,"₹4,855.76",BRD-AUR
T009414,30 Jun 2020, F01586 ,I,PPC,295 kgs,₹325.11,"₹95,907.45",BRD-AUR
T009415,23/06/2020,F01586,INPUT_PURCHASE,Bio-pesticide,128 kg,₹687.72,"₹88,028.16",BRD-AUR
T009416,02/06/2020,f01586,INPUT_PURCHASE,Urea,128 kgs,₹56.73,"₹7,261.44",BRD-AUR
T009417,27/10/2020,F01587,delivery,Soybean,488.00 kgs,"₹4,890.00","₹23,863.20",BRD-AUR
T009418,29/10/2020,F01587,D,Soybean (Yellow),647 kg,"₹4,890.00","₹31,638.30",BRD-AUR
T009419,10/06/2020,F01587,INPUT_PURCHASE,Urea,114 kg,₹42.76,"₹4,874.64",BRD-AUR
T009420,07 Jul 2020,F01587,INPUT_PURCHASE,FERTILIZER 50kg bag,67 kg,₹57.40,"₹3,845.80",BRD-AUR
T009421,25/10/2020,F01588,FPO_DELIVERY,Soybean (Yellow),59.00 kgs,"₹5,075.00","₹2,994.25",BRD-AUR
T009422,13/11/2020,f01588,DELIVERY,Soybean,"1,081.00 kgs","₹5,075.00","₹54,860.75",BRD-AUR
T009423,02/07/2020,F01588,input,Urea,29 kgs,₹58.75,"₹1,703.75",BRD-AUR
T009424,03/07/2020,F01588,input,DAP,,₹29.53,"₹2,391.93",BRD-AUR
T009425,17/11/2020,F01588,L,EMI,,,"₹7,900.00",BRD-AUR
T009426,28/09/2020,F01588,LOAN_REPAY,EMI,,,"₹3,300.00",BRD-AUR
T009427,17/08/2020,F01588,LOAN_REPAY,EMI,,,"₹7,000.00",BRD-AUR
T009428,19/10/2020,f01588,LOAN_REPAY,Loan Repayment,,,"₹6,200.00",BRD-AUR
T009429,14/09/2020,F01588,L,EMI,,,"₹5,300.00",BRD-AUR
T009430,16/11/2020,f01589,D,soya,"2,172.00 kgs","₹5,015.00","₹1,08,925.80",BRD-AUR
T009431,09/06/2020,F01589,Input Purchase,FERTILIZER 50kg bag,151 kgs,₹54.20,"₹8,184.20",BRD-AUR
T009432,07 Jun 2020,F01589,FERT_PURCHASE,Seeds,145 kg,₹67.88,"₹9,842.60",BRD-AUR
T009433,25/10/2020,F01590,Delivery,soya,77 kg,"₹5,020.00","₹3,865.40",BRD-AUR
T009434,17/11/2020,F01590,Delivery,Soybean,365 kg,"₹5,020.00","₹18,323.00",BRD-AUR
T009435,12/07/2020,F01590,I,Hybrid Seeds,277 kg,₹67.38,"₹18,664.26",BRD-AUR
T009436,25/10/2020,F01591,delivery,Soybean,714.00 kgs,"₹4,975.00","₹35,521.50",BRD-AUR
T009437,08/11/2020,F01591,DELIVERY,Soybean (Yellow),537.00 kgs,"₹4,975.00","₹26,715.75",BRD-AUR
T009438,03/07/2020,F01591,Input Purchase,Seeds,259 kg,₹116.80,"₹30,251.20",BRD-AUR
T009439,04/06/2020,F01591,I,Seeds,139 kgs,₹118.62,"₹16,488.18",BRD-AUR
T009440,14/10/2020,f01591,L,EMI,,,"₹5,300.00",BRD-AUR
T009441,30/10/2020,F01593,delivery,SOYABEAN,1916 kg,"₹5,080.00","₹97,332.80",BRD-AUR
T009442,02/07/2020,F01593,INPUT_PURCHASE,Fertilizer,172 kgs,₹48.54,"₹8,348.88",BRD-AUR
T009443,11/06/2020,F01593,INPUT_PURCHASE,SEEDS,92 kg,₹102.92,"₹9,468.64",BRD-AUR
T009444,06/06/2020,F01593,I,FERTILIZER 50kg bag,253 kgs,₹28.21,"₹7,137.13",BRD-AUR
T009445,16/11/2020,F01594,D,SOYABEAN,974.00 kgs,"₹5,170.00","₹50,355.80",BRD-AUR
T009446,12/11/2020,F01594,Delivery,Soybean,564.00 kgs,"₹5,170.00","₹29,158.80",BRD-AUR
T009447,05/07/2020,F01594,I,Hybrid Seeds,215 kg,₹91.59,"₹19,691.85",BRD-AUR
T009448,24/11/2020,F01595,FPO_DELIVERY,Soybean (Yellow),897.00 kgs,"₹5,105.00","₹45,791.85",BRD-AUR
T009449,31/10/2020,f01596,delivery,SOYABEAN,551 kg,"₹4,780.00","₹26,337.80",BRD-AUR
T009450,01/06/2020,F01596,INPUT_PURCHASE,FERTILIZER 50kg bag,214 kgs,₹57.25,"₹12,251.50",BRD-AUR
T009451,29/11/2020,f01599,D,Soybean (Yellow),"2,962.00 kgs","₹4,650.00","₹1,37,733.00",BRD-AUR
T009452,06/11/2020,F01599,delivery,SOYABEAN,638.00 kgs,"₹4,650.00","₹29,667.00",BRD-AUR
T009453,03 Jun 2020,F01599,Input Purchase,Fertilizer,148 kg,₹41.55,"₹6,149.40",BRD-AUR
T009454,14/06/2020,F01599,INPUT_PURCHASE,NPK 10:26:26,250 kg,₹59.97,"₹14,992.50",BRD-AUR
T009455,15/06/2020,F01599,input,SEEDS,288 kgs,₹108.01,"₹31,106.88",BRD-AUR
T009456,23/06/2020,F01599,I,FERTILIZER 50kg bag,50 kg,₹44.99,"₹2,249.50",BRD-AUR
T009457,20/06/2020,f01599,L,Loan Repayment,,,"₹2,100.00",BRD-AUR
T009458,27/11/2020,F01599,LOAN_REPAY,Loan Repayment,,,"₹7,800.00",BRD-AUR
T009459,09/10/2020,F01599,LOAN_REPAY,Loan Repayment,,,"₹6,900.00",BRD-AUR
T009460,31/08/2020,f01599,loan,EMI,,,"₹2,200.00",BRD-AUR
T009461,12/10/2020,F01603,FPO_DELIVERY,Soybean,4877 kg,"₹4,905.00","₹2,39,216.85",BRD-AUR
T009462,01 Nov 2020,f01603,DELIVERY,Soybean (Yellow),152 kg,"₹4,905.00","₹7,455.60",BRD-AUR
T009463,03/06/2020,F01603,input,Hybrid Seeds,292 kgs,₹76.75,"₹22,411.00",BRD-AUR
T009464,24/06/2020,F01603,I,Hybrid Seeds,117 kg,₹111.47,"₹13,041.99",BRD-AUR
T009465,09/10/2020,f01604,DELIVERY,Soybean,779.00 kgs,"₹4,795.00","₹37,353.05",BRD-AUR
T009466,16/11/2020,F01604,Delivery,soya,432 kg,"₹4,795.00","₹20,714.40",BRD-AUR
T009467,19/06/2020,F01604,input,Urea,65 kgs,₹36.14,"₹2,349.10",BRD-AUR
T009468,14/06/2020,F01604,INPUT_PURCHASE,DAP,308 kgs,₹48.51,"₹14,941.08",BRD-AUR
T009469,29/06/2020,F01604,I,Seeds,250 kgs,₹110.14,"₹27,535.00",BRD-AUR
T009470,15/10/2020,F01604,loan,EMI,,,"₹3,800.00",BRD-AUR
T009471,12/11/2020,F01606,delivery,soya,658.00 kgs,"₹5,065.00","₹33,327.70",BRD-AUR
T009472,02/10/2020,F01606,Delivery,Soybean,317 kg,"₹5,065.00","₹16,056.05",BRD-AUR
T009473,24/06/2020,F01606,INPUT_PURCHASE,Seeds,199 kgs,₹102.86,"₹20,469.14",BRD-AUR
T009474,06 Jul 2020,F01606,I,SEEDS,76 kgs,₹53.91,"₹4,097.16",BRD-AUR
T009475,31/10/2020,F01607,FPO_DELIVERY,soya,448.00 kgs,"₹4,905.00","₹21,974.40",BRD-AUR
T009476,05/11/2020,F01607,DELIVERY,SOYABEAN,581 kg,"₹4,905.00","₹28,498.05",BRD-AUR
T009477,12 Nov 2020,F01607,delivery,SOYABEAN,1172 kg,"₹4,905.00","₹57,486.60",BRD-AUR
T009478,04/07/2020,F01607,FERT_PURCHASE,SEEDS,131 kg,₹110.07,"₹14,419.17",BRD-AUR
T009479,02/11/2020,F01610,Delivery,soya,292.00 kgs,"₹5,230.00","₹15,271.60",BRD-AUR
T009480,21/10/2020,F01610,D,Soybean,1300 kg,"₹5,230.00","₹67,990.00",BRD-AUR
T009481,05 Jun 2020,F01610,Input Purchase,FERTILIZER 50kg bag,316 kgs,₹45.75,"₹14,457.00",BRD-AUR
T009482,05 Jul 2020,F01610,FERT_PURCHASE,Seeds,286 kgs,₹64.75,"₹18,518.50",BRD-AUR
T009483,19/10/2020,F01610,loan,Loan Repayment,,,"₹1,100.00",BRD-AUR
T009484,03/11/2020,F01610,loan,EMI,,,"₹1,500.00",BRD-AUR
T009485,08/11/2020,F01612,D,SOYABEAN,941 kg,"₹4,935.00","₹46,438.35",BRD-AUR
T009486,07 Oct 2020, F01612 ,D,soya,511 kg,"₹4,935.00","₹25,217.85",BRD-AUR
T009487,18/06/2020,f01612,I,Urea,172 kg,₹28.08,"₹4,829.76",BRD-AUR
T009488,16/06/2020,F01612,I,FERTILIZER 50kg bag,303 kg,₹48.79,"₹14,783.37",BRD-AUR
T009489,13/07/2020,F01612,INPUT_PURCHASE,PPC,132 kg,₹435.20,"₹57,446.40",BRD-AUR
T009490,03/06/2020,F01612,input,FERTILIZER 50kg bag,163 kgs,₹58.80,"₹9,584.40",BRD-AUR
T009491,13/07/2020,F01612,FERT_PURCHASE,Urea,279 kgs,₹55.72,"₹15,545.88",BRD-AUR
T009492,26/06/2020,F01612,I,FERTILIZER 50kg bag,178 kgs,₹49.33,"₹8,780.74",BRD-AUR
T009493,13/07/2020,f01612,I,SEEDS,90 kg,₹48.44,"₹4,359.60",BRD-AUR
T009494,09/06/2020,F01612,Input Purchase,Urea,251 kgs,₹51.33,"₹12,883.83",BRD-AUR
T009495,10/06/2020,F01612,input,Bio-pesticide,104 kg,₹684.00,"₹71,136.00",BRD-AUR
T009496,11/10/2020,f01615,FPO_DELIVERY,Soybean,144 kg,"₹4,960.00","₹7,142.40",BRD-AUR
T009497,22/11/2020,f01615,FPO_DELIVERY,soya,602 kg,"₹4,960.00","₹29,859.20",BRD-AUR
T009498,18/06/2020,F01615,input,NPK 10:26:26,266 kg,₹55.30,"₹14,709.80",BRD-AUR
T009499,09/07/2020,F01615,LOAN_REPAY,EMI,,,"₹4,700.00",BRD-AUR
T009500,02/11/2020,F01617,DELIVERY,Soybean (Yellow),"1,432.00 kgs","₹4,790.00","₹68,592.80",BRD-AUR
T009501,21/06/2020,F01617,INPUT_PURCHASE,Urea,46 kg,₹52.33,"₹2,407.18",BRD-AUR
T009502,22/09/2020,F01617,Loan Repayment,Loan Repayment,,,"₹6,600.00",BRD-AUR
T010757,09/10/2020,F02222,DELIVERY,Soybean,1317 kg,"₹4,670.00","₹61,503.90",BRD-AUR
T010758,26/11/2020,F02222,D,Soybean,179.00 kgs,"₹4,670.00","₹8,359.30",BRD-AUR
T010759,09/07/2020,F02222,FERT_PURCHASE,Seeds,256 kg,₹92.34,"₹23,639.04",BRD-AUR
T010774,30 Oct 2020,f02230,DELIVERY,Soybean (Yellow),410.00 kgs,"₹5,050.00","₹20,705.00",BRD-AUR
T010775,26/10/2020,F02230,delivery,soya,103.00 kgs,"₹5,050.00","₹5,201.50",BRD-AUR
T010776,16/10/2020,F02230,D,SOYABEAN,293 kg,"₹5,050.00","₹14,796.50",BRD-AUR
T010777,04/06/2020,F02230,INPUT_PURCHASE,Seeds,267 kgs,₹105.49,"₹28,165.83",BRD-AUR
T010817,30/11/2020, F02245 ,Delivery,soya,2100 kg,"₹5,115.00","₹1,07,415.00",BRD-AUR
T010818,05/10/2020,F02245,DELIVERY,Soybean,1942 kg,"₹5,115.00","₹99,333.30",BRD-AUR
T010819,14/06/2020,f02245,I,Seeds,193 kgs,₹124.88,"₹24,101.84",BRD-AUR
T010820,20/06/2020,f02245,I,Hybrid Seeds,293 kg,₹48.12,"₹14,099.16",BRD-AUR
T010821,28/06/2020,f02245,INPUT_PURCHASE,PPC,215 kgs,₹553.59,"₹1,19,021.85",BRD-AUR
T010822,07/07/2020,F02245,input,Hybrid Seeds,132 kgs,₹62.62,"₹8,265.84",BRD-AUR
T010846,05/11/2020,F02256,FPO_DELIVERY,Soybean,446 kg,"₹5,305.00","₹23,660.30",BRD-AUR
T010847,22/11/2020,F02256,Delivery,Soybean,57.00 kgs,"₹5,305.00","₹3,023.85",BRD-AUR
T010848,10/06/2020,F02256,input,DAP,33 kgs,₹42.89,"₹1,415.37",BRD-AUR
T010895,13/11/2020,F02273,delivery,Soybean (Yellow),1350 kg,"₹4,905.00","₹66,217.50",BRD-AUR
T010896,06/07/2020,F02273,FERT_PURCHASE,DAP,25 kg,₹55.80,"₹1,395.00",BRD-AUR
T010897,21/06/2020,F02273,I,FERTILIZER 50kg bag,262 kgs,₹38.85,"₹10,178.70",BRD-AUR
T010898,11/06/2020,f02273,loan,Loan Repayment,,,"₹4,000.00",BRD-AUR
T010913,04/10/2020,F02281,Delivery,soya,"1,183.00 kgs","₹5,560.00","₹65,774.80",BRD-AUR
T010914,18/10/2020,F02281,FPO_DELIVERY,soya,782 kg,"₹5,560.00","₹43,479.20",BRD-AUR
T010915,08/07/2020,F02281,I,FERTILIZER 50kg bag,217 kg,₹44.36,"₹9,626.12",BRD-AUR
T010916,22/11/2020,F02281,loan,EMI,,,"₹6,100.00",BRD-AUR
T010949,09/10/2020,F02297,delivery,Soybean,1241 kg,"₹5,000.00","₹62,050.00",BRD-AUR
T010950,07/06/2020,F02297,FERT_PURCHASE,Urea,173 kgs,₹47.14,"₹8,155.22",BRD-AUR
T010951,20/08/2020,F02297,LOAN_REPAY,EMI,,,"₹7,600.00",BRD-AUR
T010958,20/10/2020,F02300,delivery,Soybean (Yellow),341 kg,"₹5,030.00","₹17,152.30",BRD-AUR
T010959,27/11/2020,F02300,FPO_DELIVERY,Soybean (Yellow),54 kg,"₹5,030.00","₹2,716.20",BRD-AUR
T010960,22/11/2020,F02300,delivery,Soybean,49.00 kgs,"₹5,030.00","₹2,464.70",BRD-AUR
T010961,11/07/2020,F02300,I,SEEDS,47 kg,₹122.69,"₹5,766.43",BRD-AUR
T010962,11/07/2020,F02300,input,Fertilizer,138 kg,₹29.74,"₹4,104.12",BRD-AUR
T010963,12/07/2020,f02300,I,FERTILIZER 50kg bag,235 kg,₹47.96,"₹11,270.60",BRD-AUR
T010968,22 Nov 2020,F02302,DELIVERY,Soybean (Yellow),305.00 kgs,"₹5,080.00","₹15,494.00",BRD-AUR
T010969,03/11/2020, F02302 ,FPO_DELIVERY,SOYABEAN,"1,021.00 kgs","₹5,080.00","₹51,866.80",BRD-AUR
T010970,30/06/2020,F02302,input,Hybrid Seeds,36 kgs,₹124.06,"₹4,466.16",BRD-AUR
T010971,29/06/2020,F02302,INPUT_PURCHASE,Fertilizer,185 kgs,₹45.38,"₹8,395.30",BRD-AUR
T010986,16/10/2020,F02307,FPO_DELIVERY,soya,"2,171.00 kgs","₹5,030.00","₹1,09,201.30",BRD-AUR
T010987,12/07/2020,F02307,input,Urea,47 kgs,₹54.55,"₹2,563.85",BRD-AUR
T010988,16/06/2020,F02307,input,NPK 10:26:26,133 kg,₹45.93,"₹6,108.69",BRD-AUR
T010998,21/11/2020,F02311,D,Soybean,"1,444.00 kgs","₹5,030.00","₹72,633.20",BRD-AUR
T011006,22/10/2020,F02314,Delivery,Soybean (Yellow),1496 kg,"₹4,985.00","₹74,575.60",BRD-AUR
T011007,21/11/2020,f02314,Delivery,SOYABEAN,21 kg,"₹4,985.00","₹1,046.85",BRD-AUR
T011008,01/07/2020,F02314,INPUT_PURCHASE,Bio-pesticide,59 kgs,₹292.17,"₹17,238.03",BRD-AUR
T011009,07/06/2020,F02314,input,NPK 10:26:26,196 kgs,₹35.08,"₹6,875.68",BRD-AUR
T011018,03/11/2020,F02318,D,soya,165.00 kgs,"₹5,205.00","₹8,588.25",BRD-AUR
T011019,30/11/2020,F02318,D,soya,554.00 kgs,"₹5,205.00","₹28,835.70",BRD-AUR
T011020,25/06/2020, F02318 ,Input Purchase,Fertilizer,255 kg,₹44.00,"₹11,220.00",BRD-AUR
T012043,04/05/2021,F01464,Delivery,mustard (Yellow),178 kg,"₹6,115.00","₹10,884.70",BRD-AUR
T012044,20/03/2021, F01464 ,DELIVERY,MUSTARD,160 kg,"₹6,115.00","₹9,784.00",BRD-AUR
T012045,10/05/2021,F01464,delivery,MUSTARD,224.00 kgs,"₹6,115.00","₹13,697.60",BRD-AUR
T012046,15 Dec 2020,F01464,Input Purchase,Hybrid Seeds,225 kgs,₹77.14,"₹17,356.50",BRD-AUR
T012047,25/12/2020,F01464,FERT_PURCHASE,SEEDS,190 kgs,₹64.30,"₹12,217.00",BRD-AUR
T012048,14/12/2020,F01464,FERT_PURCHASE,DAP,35 kg,₹59.05,"₹2,066.75",BRD-AUR
T012049,15/12/2020,F01464,input,FERTILIZER 50kg bag,157 kg,₹44.68,"₹7,014.76",BRD-AUR
T012050,16/04/2021,F01465,Delivery,Yellow Mustard,828 kg,"₹6,665.00","₹55,186.20",BRD-AUR
T012051,03/01/2021,F01465,I,Seeds,299 kg,₹59.63,"₹17,829.37",BRD-AUR
T012052,04 Apr 2021,f01467,Delivery,Sarson,67.00 kgs,"₹6,325.00","₹4,237.75",BRD-AUR
T012053,14/04/2021,F01467,DELIVERY,Yellow Mustard,259 kg,"₹6,325.00","₹16,381.75",BRD-AUR
T012054,20/04/2021,F01468,Delivery,MUSTARD,62.00 kgs,"₹5,975.00","₹3,704.50",BRD-AUR
T012055,20/03/2021,F01468,DELIVERY,MUSTARD,556 kg,"₹5,975.00","₹33,221.00",BRD-AUR
T012056,12 Jan 2021,F01468,Input Purchase,Fertilizer,51 kgs,₹55.54,"₹2,832.54",BRD-AUR
T012057,14 Apr 2021,f01468,loan,Loan Repayment,,,"₹1,200.00",BRD-AUR
T012058,08/05/2021,F01470,Delivery,Mustard,605 kg,"₹6,105.00","₹36,935.25",BRD-AUR
T012059,26 Apr 2021,F01470,delivery,MUSTARD,270.00 kgs,"₹6,105.00","₹16,483.50",BRD-AUR
T012060,03/01/2021,F01470,INPUT_PURCHASE,Fertilizer,101 kgs,₹41.25,"₹4,166.25",BRD-AUR
T012061,12/04/2021,F01476,DELIVERY,mustard (Yellow),4140 kg,"₹6,315.00","₹2,61,441.00",BRD-AUR
T012062,25 Mar 2021,F01476,Delivery,MUSTARD,207.00 kgs,"₹6,315.00","₹13,072.05",BRD-AUR
T012063,15/12/2020,F01476,Input Purchase,DAP,225 kg,₹56.55,"₹12,723.75",BRD-AUR
T012064,03 Jan 2021,F01476,Input Purchase,SEEDS,279 kgs,₹125.00,"₹34,875.00",BRD-AUR
T012065,02/01/2021,F01476,LOAN_REPAY,Loan Repayment,,,₹800.00,BRD-AUR
T012066,19/03/2021,F01479,D,Mustard,917.00 kgs,"₹6,380.00","₹58,504.60",BRD-AUR
T012067,29/12/2020,f01479,input,DAP,56 kg,₹32.04,"₹1,794.24",BRD-AUR
T012068,15/03/2021,F01481,DELIVERY,Sarson,319 kg,"₹6,165.00","₹19,666.35",BRD-AUR
T012069,02/04/2021,F01481,Delivery,mustard (Yellow),764.00 kgs,"₹6,165.00","₹47,100.60",BRD-AUR
T012070,30/05/2021,F01481,Loan Repayment,Loan Repayment,,,"₹7,100.00",BRD-AUR
T012071,11/04/2021, F01484 ,DELIVERY,mustard (Yellow),229 kg,"₹6,215.00","₹14,232.35",BRD-AUR
T012072,20 Mar 2021,F01484,D,Yellow Mustard,79 kg,"₹6,215.00","₹4,909.85",BRD-AUR
T012073,09/05/2021,F01484,DELIVERY,Lokwan Wheat,748.00 kgs,"₹2,295.00","₹17,166.60",BRD-AUR
T012074,13/05/2021,f01489,delivery,MUSTARD,"1,193.00 kgs","₹6,050.00","₹72,176.50",BRD-AUR
T012075,10/04/2021,F01489,DELIVERY,Sarson,990 kg,"₹6,050.00","₹59,895.00",BRD-AUR
T012076,10/01/2021,F01489,Input Purchase,Seeds,266 kgs,₹86.80,"₹23,088.80",BRD-AUR
T012077,07/04/2021,F01490,DELIVERY,Mustard,1437 kg,"₹6,555.00","₹94,195.35",BRD-AUR
T012078,22/03/2021,F01490,delivery,Yellow Mustard,3304 kg,"₹6,555.00","₹2,16,577.20",BRD-AUR
T012079,23/03/2021,F01490,delivery,mustard (Yellow),425.00 kgs,"₹6,555.00","₹27,858.75",BRD-AUR
T012080,10 Mar 2021,f01490,D,WHEAT,8826 kg,"₹2,405.00","₹2,12,265.30",BRD-AUR
T012081,07/03/2021,F01490,Delivery,WHEAT,"5,057.00 kgs","₹2,405.00","₹1,21,620.85",BRD-AUR
T012082,10/05/2021,F01492,Delivery,Sarson,848 kg,"₹5,920.00","₹50,201.60",BRD-AUR
T012083,26/04/2021,F01492,delivery,Yellow Mustard,834 kg,"₹5,920.00","₹49,372.80",BRD-AUR
T012084,15/05/2021,F01492,DELIVERY,Yellow Mustard,"1,557.00 kgs","₹5,920.00","₹92,174.40",BRD-AUR
T012085,02/01/2021,F01492,Input Purchase,Seeds,289 kg,₹56.73,"₹16,394.97",BRD-AUR
T012086,04 Jan 2021,F01492,INPUT_PURCHASE,Hybrid Seeds,268 kg,₹109.74,"₹29,410.32",BRD-AUR
T012087,14/01/2021,F01492,I,Hybrid Seeds,88 kg,₹70.41,"₹6,196.08",BRD-AUR
T012088,29/03/2021,F01495,FPO_DELIVERY,MUSTARD,454.00 kgs,"₹6,520.00","₹29,600.80",BRD-AUR
T012089,11/03/2021, F01495 ,FPO_DELIVERY,Mustard,471.00 kgs,"₹6,520.00","₹30,709.20",BRD-AUR
T012090,10/01/2021,F01495,I,Hybrid Seeds,186 kg,₹116.38,"₹21,646.68",BRD-AUR
T012091,22/04/2021, F01498 ,delivery,mustard (Yellow),686 kg,"₹6,220.00","₹42,669.20",BRD-AUR
T012092,07/03/2021,F01498,DELIVERY,MUSTARD,512 kg,"₹6,220.00","₹31,846.40",BRD-AUR
T012093,25/12/2020,F01498,FERT_PURCHASE,Fertilizer,59 kg,₹29.38,"₹1,733.42",BRD-AUR
T012094,20/12/2020,F01498,Input Purchase,FERTILIZER 50kg bag,152 kg,₹44.82,"₹6,812.64",BRD-AUR
T012095,02 May 2021,F01499,DELIVERY,Sarson,153 kg,"₹5,925.00","₹9,065.25",BRD-AUR
T012096,10/04/2021,F01499,FPO_DELIVERY,MUSTARD,851.00 kgs,"₹5,925.00","₹50,421.75",BRD-AUR
T012097,29/12/2020,F01499,INPUT_PURCHASE,DAP,292 kg,₹53.74,"₹15,692.08",BRD-AUR
T012098,27/12/2020,F01499,I,Seeds,227 kgs,₹88.04,"₹19,985.08",BRD-AUR
T012099,11/05/2021, F01499 ,LOAN_REPAY,EMI,,,"₹6,700.00",BRD-AUR
T012100,11/03/2021,f01501,DELIVERY,Yellow Mustard,6 kg,"₹6,515.00",₹390.90,BRD-AUR
T012101,01/04/2021, F01501 ,FPO_DELIVERY,MUSTARD,476.00 kgs,"₹6,515.00","₹31,011.40",BRD-AUR
T012102,17/02/2021,F01501,LOAN_REPAY,Loan Repayment,,,"₹6,200.00",BRD-AUR
T012103,30/04/2021,f01502,delivery,Sarson,1300 kg,"₹6,255.00","₹81,315.00",BRD-AUR
T012104,15/03/2021,F01502,D,MUSTARD,205 kg,"₹6,255.00","₹12,822.75",BRD-AUR
T012105,26/12/2020,F01502,input,NPK 10:26:26,129 kg,₹57.49,"₹7,416.21",BRD-AUR
T012106,08/04/2021,F01505,FPO_DELIVERY,Mustard,681.00 kgs,"₹6,065.00","₹41,302.65",BRD-AUR
T012107,08/01/2021,F01505,Input Purchase,DAP,239 kg,₹29.94,"₹7,155.66",BRD-AUR
T012108,19/12/2020,F01505,I,Hybrid Seeds,161 kg,₹98.49,"₹15,856.89",BRD-AUR
T012109,03 Jan 2021,F01505,LOAN_REPAY,EMI,,,"₹3,200.00",BRD-AUR
T012110,16/04/2021,f01509,Delivery,Mustard,"1,333.00 kgs","₹6,390.00","₹85,178.70",BRD-AUR
T012111,26/04/2021,F01509,DELIVERY,MUSTARD,773.00 kgs,"₹6,390.00","₹49,394.70",BRD-AUR
T012112,02/01/2021,F01509,INPUT_PURCHASE,FERTILIZER 50kg bag,60 kgs,₹41.72,"₹2,503.20",BRD-AUR
T012113,13/01/2021,F01509,I,Seeds,135 kg,₹51.18,"₹6,909.30",BRD-AUR
T012114,01/01/2021,F01509,Input Purchase,FERTILIZER 50kg bag,48 kgs,₹56.05,"₹2,690.40",BRD-AUR
T012115,24/12/2020,F01509,FERT_PURCHASE,FERTILIZER 50kg bag,292 kgs,₹42.54,"₹12,421.68",BRD-AUR
T012116,31/03/2021,F01509,LOAN_REPAY,Loan Repayment,,,₹800.00,BRD-AUR
T012117,04/05/2021,F01510,D,Mustard,702.00 kgs,"₹5,875.00","₹41,242.50",BRD-AUR
T012118,05/04/2021,F01510,Delivery,wheat,"1,030.00 kgs","₹2,405.00","₹24,771.50",BRD-AUR
T012119,04/05/2021,F01510,delivery,wheat,445.00 kgs,"₹2,405.00","₹10,702.25",BRD-AUR
T012120,26/12/2020,F01510,input,FERTILIZER 50kg bag,287 kgs,₹42.84,"₹12,295.08",BRD-AUR
T012121,04/12/2020, F01510 ,I,Hybrid Seeds,166 kgs,₹103.36,"₹17,157.76",BRD-AUR
T012122,05/04/2021,F01511,Delivery,Sarson,54 kg,"₹6,295.00","₹3,399.30",BRD-AUR
T012123,22/03/2021,F01511,DELIVERY,Mustard,1210 kg,"₹6,295.00","₹76,169.50",BRD-AUR
T012124,19/12/2020,F01511,input,NPK 10:26:26,205 kgs,₹54.97,"₹11,268.85",BRD-AUR
T012125,24/03/2021,F01513,D,Sarson,3635 kg,"₹6,390.00","₹2,32,276.50",BRD-AUR
T012126,29/03/2021,F01513,Delivery,Wheat (Durum),6322 kg,"₹2,565.00","₹1,62,159.30",BRD-AUR
T012127,19/03/2021,,DELIVERY,Lokwan Wheat,764 kg,"₹2,565.00","₹19,596.60",BRD-AUR
T012128,22/03/2021,F01513,DELIVERY,Lokwan Wheat,509.00 kgs,"₹2,565.00","₹13,055.85",BRD-AUR
T012129,06/12/2020,F01513,FERT_PURCHASE,Urea,313 kg,₹44.51,"₹13,931.63",BRD-AUR
T012130,19/12/2020,F01513,input,NPK 10:26:26,127 kg,₹53.45,"₹6,788.15",BRD-AUR
T012131,20/12/2020,F01513,Input Purchase,Seeds,196 kgs,₹117.92,"₹23,112.32",BRD-AUR
T012132,24/12/2020,F01513,INPUT_PURCHASE,Hybrid Seeds,288 kgs,₹107.73,"₹31,026.24",BRD-AUR
T012133,01/04/2021,F01514,FPO_DELIVERY,Mustard,146 kg,"₹6,290.00","₹9,183.40",BRD-AUR
T012134,01/04/2021,F01514,delivery,Sarson,80.00 kgs,"₹6,290.00","₹5,032.00",BRD-AUR
T012135,15 Mar 2021,F01514,DELIVERY,Sarson,478.00 kgs,"₹6,290.00","₹30,066.20",BRD-AUR
T012136,16/12/2020, F01514 ,input,SEEDS,232 kgs,₹97.43,"₹22,603.76",BRD-AUR
T012137,07/03/2021, F01518 ,delivery,Yellow Mustard,,"₹5,990.00","₹41,031.50",BRD-AUR
T012138,19/12/2020,F01518,Input Purchase,NPK 10:26:26,256 kgs,₹53.01,"₹13,570.56",BRD-AUR
T012139,10 Mar 2021,F01520,delivery,Mustard,237.00 kgs,"₹6,165.00","₹14,611.05",BRD-AUR
T012140,08/03/2021,F01520,Delivery,Sarson,191.00 kgs,"₹6,165.00","₹11,775.15",BRD-AUR
T012141,01/01/2021,F01520,input,DAP,67 kg,₹52.34,"₹3,506.78",BRD-AUR
T012142,11 Dec 2020, F01520 ,INPUT_PURCHASE,DAP,83 kgs,₹41.41,"₹3,437.03",BRD-AUR
T012143,20/04/2021,F01526,FPO_DELIVERY,mustard (Yellow),"1,226.00 kgs","₹6,060.00","₹74,295.60",BRD-AUR
T012144,13/05/2021,F01526,DELIVERY,mustard (Yellow),75.00 kgs,"₹6,060.00","₹4,545.00",BRD-AUR
T012145,12/05/2021,F01526,delivery,Wheat,1941 kg,"₹2,300.00","₹44,643.00",BRD-AUR
T012146,12/05/2021,F01526,FPO_DELIVERY,Lokwan Wheat,974 kg,"₹2,300.00","₹22,402.00",BRD-AUR
T012147,30/12/2020, F01526 ,Input Purchase,DAP,123 kgs,₹55.70,"₹6,851.10",BRD-AUR
T012148,18/12/2020,F01526,INPUT_PURCHASE,DAP,151 kgs,₹57.67,"₹8,708.17",BRD-AUR
T012149,27/12/2020,F01526,I,Urea,261 kg,₹39.30,"₹10,257.30",BRD-AUR
T012150,09/04/2021, F01527 ,DELIVERY,Yellow Mustard,687 kg,"₹6,360.00","₹43,693.20",BRD-AUR
T012151,01/05/2021,F01527,Delivery,Sarson,179 kg,"₹6,360.00","₹11,384.40",BRD-AUR
T012152,13/01/2021,F01527,input,Fertilizer,246 kgs,₹28.51,"₹7,013.46",BRD-AUR
T012153,02/12/2020,F01527,INPUT_PURCHASE,FERTILIZER 50kg bag,284 kgs,₹47.62,"₹13,524.08",BRD-AUR
T012154,14 Dec 2020,F01527,Input Purchase,FERTILIZER 50kg bag,67 kgs,₹36.21,"₹2,426.07",BRD-AUR
T012155,27/04/2021,F01528,FPO_DELIVERY,Mustard,292 kg,"₹6,225.00","₹18,177.00",BRD-AUR
T012156,14/05/2021,f01528,delivery,MUSTARD,224 kg,"₹6,225.00",₹ N/A,BRD-AUR
T012157,02/12/2020,F01528,I,Urea,305 kg,₹53.86,"₹16,427.30",BRD-AUR
T012158,23/12/2020,F01528,FERT_PURCHASE,Fertilizer,269 kg,₹59.06,"₹15,887.14",BRD-AUR
T012159,06/12/2020,F01528,INPUT_PURCHASE,FERTILIZER 50kg bag,150 kg,₹47.81,"₹7,171.50",BRD-AUR
T012160,06/04/2021,F01530,Delivery,Sarson,"1,012.00 kgs","₹6,260.00","₹63,351.20",BRD-AUR
T012161,28/04/2021,f01530,D,Mustard,397.00 kgs,"₹6,260.00","₹24,852.20",BRD-AUR
T012162,08/04/2021,F01535,delivery,mustard (Yellow),1304 kg,"₹6,005.00","₹78,305.20",BRD-AUR
T012163,14/04/2021,F01535,DELIVERY,Mustard,58.00 kgs,"₹6,005.00","₹3,482.90",BRD-AUR
T012164,26/04/2021,F01537,delivery,Yellow Mustard,136.00 kgs,"₹6,420.00","₹8,731.20",BRD-AUR
T012165,08/05/2021, F01537 ,FPO_DELIVERY,MUSTARD,981 kg,"₹6,420.00","₹62,980.20",BRD-AUR
T012166,11/12/2020,F01537,I,Fertilizer,267 kg,₹33.03,"₹8,819.01",BRD-AUR
T012167,15/12/2020,F01537,input,SEEDS,37 kgs,₹110.00,"₹4,070.00",BRD-AUR
T012168,22/12/2020,F01537,FERT_PURCHASE,NPK 10:26:26,91 kg,₹51.07,"₹4,647.37",BRD-AUR
T012169,19 Dec 2020,F01537,input,Seeds,136 kgs,₹104.87,"₹14,262.32",BRD-AUR
T012170,30/03/2021,F01538,delivery,MUSTARD,823.00 kgs,"₹5,835.00","₹48,022.05",BRD-AUR
T012171,19/03/2021,F01538,delivery,mustard (Yellow),650.00 kgs,"₹5,835.00","₹37,927.50",BRD-AUR
T012172,26/03/2021,F01538,FPO_DELIVERY,Lokwan Wheat,141 kg,"₹2,315.00","₹3,264.15",BRD-AUR
T012173,25/04/2021,F01538,FPO_DELIVERY,Wheat (Durum),"3,603.00 kgs","₹2,315.00","₹83,409.45",BRD-AUR
T012174,19 Dec 2020,F01538,FERT_PURCHASE,PP chemicals,170 kg,₹617.93,"₹1,05,048.10",BRD-AUR
T012175,19/12/2020,f01538,FERT_PURCHASE,SEEDS,248 kgs,₹111.69,"₹27,699.12",BRD-AUR
T012176,11/03/2021,F01538,Loan Repayment,Loan Repayment,,,"₹7,100.00",BRD-AUR
T012177,18/03/2021,F01542,DELIVERY,Sarson,1322 kg,"₹5,995.00","₹79,253.90",BRD-AUR
T012178,25/12/2020,F01542,FERT_PURCHASE,FERTILIZER 50kg bag,33 kg,₹34.23,"₹1,129.59",BRD-AUR
T012179,06/05/2021,F01543,delivery,Mustard,37 kg,"₹6,490.00","₹2,401.30",BRD-AUR
T012180,17/04/2021,F01543,Delivery,mustard (Yellow),1833 kg,"₹6,490.00","₹1,18,961.70",BRD-AUR
T012181,24/12/2020,F01543,input,DAP,246 kg,₹55.52,"₹13,657.92",BRD-AUR
T012182,08/01/2021,F01543,I,Hybrid Seeds,275 kgs,₹100.01,"₹27,502.75",BRD-AUR
T012183,20/03/2021,F01544,D,mustard (Yellow),1044 kg,"₹6,325.00","₹66,033.00",BRD-AUR
T012184,14/12/2020,F01544,Input Purchase,NPK 10:26:26,162 kg,₹39.84,"₹6,454.08",BRD-AUR
T012185,06 Dec 2020,F01544,FERT_PURCHASE,Hybrid Seeds,95 kg,₹104.03,"₹9,882.85",BRD-AUR
T012186,04/12/2020,F01544,input,Fertilizer,261 kg,₹56.25,"₹14,681.25",BRD-AUR
T012187,13/12/2020,F01544,Input Purchase,Fertilizer,280 kgs,₹51.03,"₹14,288.40",BRD-AUR
T012188,20/04/2021,F01545,D,Mustard,253 kg,"₹6,255.00","₹15,825.15",BRD-AUR
T012189,10/04/2021,F01545,DELIVERY,Yellow Mustard,1053 kg,"₹6,255.00","₹65,865.15",BRD-AUR
T012190,13 May 2021,F01545,D,wheat,1277 kg,"₹2,420.00","₹30,903.40",BRD-AUR
T012191,20/04/2021,F01545,delivery,Wheat,1630 kg,"₹2,420.00","₹39,446.00",BRD-AUR
T012192,14/05/2021,F01546,DELIVERY,mustard (Yellow),709 kg,"₹6,535.00","₹46,333.15",BRD-AUR
T012193,27/04/2021,F01546,Delivery,Mustard,237.00 kgs,"₹6,535.00","₹15,487.95",BRD-AUR
T012194,26/04/2021,F01547,D,Mustard,856.00 kgs,"₹6,090.00","₹52,130.40",BRD-AUR
T012195,24/03/2021,F01547,delivery,mustard (Yellow),309.00 kgs,"₹6,090.00","₹18,818.10",BRD-AUR
T012196,21/12/2020,f01547,FERT_PURCHASE,NPK 10:26:26,210 kg,₹42.31,"₹8,885.10",BRD-AUR
T012197,24 Dec 2020,F01547,input,FERTILIZER 50kg bag,71 kg,₹46.75,"₹3,319.25",BRD-AUR
T012198,10/02/2021,F01547,LOAN_REPAY,Loan Repayment,,,"₹5,400.00",BRD-AUR
T012199,02/04/2021,F01548,DELIVERY,Mustard,664.00 kgs,"₹6,205.00","₹41,201.20",BRD-AUR
T012200,21/03/2021,F01548,delivery,wheat,"1,840.00 kgs","₹2,430.00","₹44,712.00",BRD-AUR
T012201,27/12/2020,f01548,FERT_PURCHASE,FERTILIZER 50kg bag,239 kgs,₹30.39,"₹7,263.21",BRD-AUR
T012202,10/03/2021,F01550,D,Sarson,2218 kg,"₹6,460.00","₹1,43,282.80",BRD-AUR
T012203,31/12/2020,f01550,FERT_PURCHASE,SEEDS,155 kgs,₹53.79,"₹8,337.45",BRD-AUR
T012204,05/05/2021,f01552,delivery,mustard (Yellow),"2,345.00 kgs","₹6,430.00","₹1,50,783.50",BRD-AUR
T012205,26/03/2021,F01552,delivery,mustard (Yellow),12 kg,"₹6,430.00",₹771.60,BRD-AUR
T012206,10/05/2021,F01552,FPO_DELIVERY,WHEAT,"2,702.00 kgs","₹2,575.00","₹69,576.50",BRD-AUR
T012207,20/04/2021,f01552,DELIVERY,Lokwan Wheat,2882 kg,"₹2,575.00","₹74,211.50",BRD-AUR
T012208,05/01/2021,F01552,INPUT_PURCHASE,SEEDS,277 kg,₹59.57,"₹16,500.89",BRD-AUR
T012209,29/03/2021,F01553,FPO_DELIVERY,mustard (Yellow),135 kg,"₹6,365.00","₹8,592.75",BRD-AUR
T012210,09/03/2021,F01553,D,Yellow Mustard,394 kg,"₹6,365.00","₹25,078.10",BRD-AUR
T012211,11/04/2021,F01553,DELIVERY,mustard (Yellow),52 kg,"₹6,365.00","₹3,309.80",BRD-AUR
T012212,22/12/2020,f01553,Input Purchase,NPK 10:26:26,76 kgs,₹39.76,"₹3,021.76",BRD-AUR
T012213,06/01/2021,F01553,FERT_PURCHASE,DAP,241 kgs,₹30.39,"₹7,323.99",BRD-AUR
T012214,24/03/2021,F01556,FPO_DELIVERY,Mustard,982.00 kgs,"₹6,215.00","₹61,031.30",BRD-AUR
T012215,05/03/2021,F01556,Delivery,wheat,120.00 kgs,"₹2,420.00","₹2,904.00",BRD-AUR
T012216,19/03/2021,F01556,FPO_DELIVERY,WHEAT,2686 kg,"₹2,420.00","₹65,001.20",BRD-AUR
T012217,15/03/2021,F01558,DELIVERY,Mustard,636 kg,"₹5,935.00","₹37,746.60",BRD-AUR
T012218,11/05/2021,F01558,D,Yellow Mustard,433 kg,"₹5,935.00","₹25,698.55",BRD-AUR
T012219,19/03/2021,F01558,DELIVERY,Mustard,"1,219.00 kgs","₹5,935.00","₹72,347.65",BRD-AUR
T012220,08/04/2021,F01558,Delivery,Wheat,6115 kg,"₹2,435.00","₹1,48,900.25",BRD-AUR
T012221,30/04/2021,F01560,D,MUSTARD,972 kg,"₹5,975.00","₹58,077.00",BRD-AUR
T012222,28/12/2020,F01560,input,FERTILIZER 50kg bag,121 kgs,₹32.73,"₹3,960.33",BRD-AUR
T012223,31/03/2021,F01560,loan,EMI,,,"₹2,100.00",BRD-AUR
T012224,27/03/2021,F01561,DELIVERY,Yellow Mustard,829.00 kgs,"₹6,185.00","₹51,273.65",BRD-AUR
T012225,14/03/2021,F01561,Delivery,mustard (Yellow),245 kg,"₹6,185.00","₹15,153.25",BRD-AUR
T012226,09/04/2021,F01561,FPO_DELIVERY,mustard (Yellow),78 kg,"₹6,185.00","₹4,824.30",BRD-AUR
T012227,04/04/2021,F01561,DELIVERY,wheat,"1,055.00 kgs","₹2,235.00","₹23,579.25",BRD-AUR
T012228,08/04/2021,F01561,DELIVERY,wheat,"1,556.00 kgs","₹2,235.00","₹34,776.60",BRD-AUR
T012229,19 Dec 2020,F01561,Input Purchase,DAP,280 kgs,₹37.64,"₹10,539.20",BRD-AUR
T012230,10/01/2021,F01561,I,Bio-pesticide,282 kgs,₹528.73,"₹1,49,101.86",BRD-AUR
T012231,12/04/2021,F01563,DELIVERY,Yellow Mustard,610 kg,"₹6,435.00","₹39,253.50",BRD-AUR
T012232,19 Apr 2021,F01563,Delivery,Yellow Mustard,462.00 kgs,"₹6,435.00","₹29,729.70",BRD-AUR
T012233,19/12/2020,F01563,Input Purchase,Bio-pesticide,246 kgs,₹219.24,"₹53,933.04",BRD-AUR
T012234,15/05/2021,F01564,D,MUSTARD,943.00 kgs,"₹6,160.00","₹58,088.80",BRD-AUR
T012235,03/05/2021,F01564,FPO_DELIVERY,MUSTARD,455 kg,"₹6,160.00","₹28,028.00",BRD-AUR
T012236,13/01/2021,f01564,I,DAP,229 kgs,₹55.02,"₹12,599.58",BRD-AUR
T012237,06/05/2021,F01568,FPO_DELIVERY,Mustard,1442 kg,"₹6,080.00","₹87,673.60",BRD-AUR
T012238,20/04/2021,f01568,FPO_DELIVERY,mustard (Yellow),1586 kg,"₹6,080.00","₹96,428.80",BRD-AUR
T012239,07/01/2021,f01568,I,SEEDS,154 kg,₹79.07,"₹12,176.78",BRD-AUR
T012240,05/01/2021,f01568,I,FERTILIZER 50kg bag,310 kg,₹49.18,"₹15,245.80",BRD-AUR
T012241,24 Apr 2021,F01569,D,Mustard,283 kg,"₹6,245.00","₹17,673.35",BRD-AUR
T012242,24/03/2021,F01569,D,MUSTARD,920.00 kgs,"₹6,245.00","₹57,454.00",BRD-AUR
T012243,06/04/2021,F01569,DELIVERY,Yellow Mustard,479.00 kgs,"₹6,245.00","₹29,913.55",BRD-AUR
T012244,19/12/2020,F01569,I,Fertilizer,48 kgs,₹51.87,"₹2,489.76",BRD-AUR
T012245,15 Jan 2021,F01569,I,NPK 10:26:26,234 kg,₹36.30,"₹8,494.20",BRD-AUR
T012246,05/04/2021,F01575,delivery,Mustard,742.00 kgs,"₹6,015.00","₹44,631.30",BRD-AUR
T012247,04 Mar 2021,f01575,delivery,mustard (Yellow),650 kg,"₹6,015.00","₹39,097.50",BRD-AUR
T012248,22/12/2020,F01575,I,Fertilizer,56 kgs,₹38.18,"₹2,138.08",BRD-AUR
T012249,01/12/2020, F01575 ,input,DAP,312 kg,₹43.50,"₹13,572.00",BRD-AUR
T012250,26/12/2020,F01575,input,Fertilizer,285 kgs,₹57.44,"₹16,370.40",BRD-AUR
T012251,15 Mar 2021,F01576,FPO_DELIVERY,Sarson,847.00 kgs,"₹6,570.00","₹55,647.90",BRD-AUR
T012252,21/12/2020,F01576,I,Seeds,32 kgs,₹59.30,"₹1,897.60",BRD-AUR
T012253,11/01/2021,F01576,FERT_PURCHASE,DAP,60 kg,₹51.53,"₹3,091.80",BRD-AUR
T012254,22/12/2020,f01576,Input Purchase,Fertilizer,82 kg,₹46.08,"₹3,778.56",BRD-AUR
T012255,20/03/2021,F01576,loan,Loan Repayment,,,"₹5,000.00",BRD-AUR
T012256,09/03/2021,F01577,delivery,Sarson,428 kg,"₹6,360.00","₹27,220.80",BRD-AUR
T012257,19/12/2020,F01577,I,Hybrid Seeds,81 kg,₹58.34,"₹4,725.54",BRD-AUR
T012258,01/01/2021,F01577,I,Urea,305 kg,₹57.31,"₹17,479.55",BRD-AUR
T012259,06 Dec 2020,F01577,FERT_PURCHASE,SEEDS,47 kg,₹105.32,"₹4,950.04",BRD-AUR
T012260,04/04/2021,F01580,D,MUSTARD,"1,003.00 kgs","₹6,320.00","₹63,389.60",BRD-AUR
T012261,20/12/2020,F01580,INPUT_PURCHASE,Urea,188 kg,₹59.06,"₹11,103.28",BRD-AUR
T012262,26/04/2021,F01581,delivery,Mustard,928 kg,"₹6,185.00","₹57,396.80",BRD-AUR
T012263,31/03/2021,F01581,delivery,WHEAT,2331 kg,"₹2,250.00","₹52,447.50",BRD-AUR
T012264,30/12/2020,f01581,input,Urea,57 kgs,₹39.97,"₹2,278.29",BRD-AUR
T012265,11/04/2021,F01582,D,MUSTARD,431 kg,"₹6,110.00","₹26,334.10",BRD-AUR
T012266,12/04/2021,f01582,delivery,MUSTARD,994.00 kgs,"₹6,110.00","₹60,733.40",BRD-AUR
T012267,07/12/2020,F01582,INPUT_PURCHASE,Seeds,212 kgs,₹91.04,"₹19,300.48",BRD-AUR
T012268,11/03/2021,F01586,D,Sarson,7.00 kgs,"₹6,180.00",₹432.60,BRD-AUR
T012269,09/05/2021,F01586,D,Sarson,"1,142.00 kgs","₹6,180.00","₹70,575.60",BRD-AUR
T012270,17/04/2021,F01586,FPO_DELIVERY,Mustard,804 kg,"₹6,180.00","₹49,687.20",BRD-AUR
T012271,13/01/2021,F01586,input,DAP,165 kg,₹28.91,"₹4,770.15",BRD-AUR
T012272,20/04/2021,f01587,delivery,mustard (Yellow),537.00 kgs,"₹6,165.00","₹33,106.05",BRD-AUR
T012273,02/05/2021, F01587 ,D,Yellow Mustard,258 kg,"₹6,165.00","₹15,905.70",BRD-AUR
T012274,11/03/2021,F01587,delivery,WHEAT,"2,497.00 kgs","₹2,430.00","₹60,677.10",BRD-AUR
T012275,25 Dec 2020,F01587,FERT_PURCHASE,NPK 10:26:26,279 kgs,₹53.17,"₹14,834.43",BRD-AUR
T012276,14/01/2021,F01587,FERT_PURCHASE,FERTILIZER 50kg bag,295 kg,₹54.20,"₹15,989.00",BRD-AUR
T012277,13 Dec 2020,f01587,INPUT_PURCHASE,DAP,248 kg,₹38.74,"₹9,607.52",BRD-AUR
T012278,07/04/2021,F01589,D,mustard (Yellow),"1,740.00 kgs","₹6,505.00","₹1,13,187.00",BRD-AUR
T012279,31/03/2021,F01590,delivery,Mustard,409.00 kgs,"₹6,365.00","₹26,032.85",BRD-AUR
T012280,14/05/2021,F01590,LOAN_REPAY,Loan Repayment,,,"₹2,400.00",BRD-AUR
T012281,26/03/2021,F01591,DELIVERY,MUSTARD,457.00 kgs,"₹6,675.00","₹30,504.75",BRD-AUR
T012282,12/04/2021,F01591,D,MUSTARD,1054 kg,"₹6,675.00","₹70,354.50",BRD-AUR
T012283,05 Jan 2021,F01591,input,SEEDS,198 kgs,₹57.89,"₹11,462.22",BRD-AUR
T012284,09/12/2020,F01591,Input Purchase,SEEDS,33 kg,₹94.79,"₹3,128.07",BRD-AUR
T012285,21/04/2021,F01591,Loan Repayment,EMI,,,₹800.00,BRD-AUR
T012286,29/04/2021,F01593,Delivery,Sarson,1953 kg,"₹6,100.00","₹1,19,133.00",BRD-AUR
T012287,06/12/2020,F01593,INPUT_PURCHASE,NPK 10:26:26,78 kg,₹50.38,"₹3,929.64",BRD-AUR
T012288,26/12/2020,F01593,INPUT_PURCHASE,Bio-pesticide,238 kgs,₹327.58,"₹77,964.04",BRD-AUR
T012289,18/03/2021,F01595,D,MUSTARD,67 kg,"₹5,435.00","₹3,641.45",BRD-AUR
T012290,06/05/2021,F01595,delivery,Sarson,352.00 kgs,"₹5,435.00","₹19,131.20",BRD-AUR
T012291,19 Mar 2021,F01595,delivery,Mustard,151.00 kgs,"₹5,435.00","₹8,206.85",BRD-AUR
T012292,15/12/2020,f01595,input,Urea,87 kgs,₹44.52,"₹3,873.24",BRD-AUR
T012293,04/04/2021,F01599,DELIVERY,mustard (Yellow),3002 kg,"₹6,400.00","₹1,92,128.00",BRD-AUR
T012294,30/04/2021,F01599,FPO_DELIVERY,Wheat (Durum),3710 kg,"₹2,400.00","₹89,040.00",BRD-AUR
T012295,03 Apr 2021,F01599,delivery,Wheat (Durum),3913 kg,"₹2,400.00","₹93,912.00",BRD-AUR
T012296,09/01/2021,f01599,FERT_PURCHASE,DAP,94 kg,₹51.68,"₹4,857.92",BRD-AUR
T012297,23/12/2020,F01599,I,Fertilizer,129 kgs,₹34.97,"₹4,511.13",BRD-AUR
T012298,28/03/2021,F01603,D,mustard (Yellow),474.00 kgs,"₹6,250.00","₹29,625.00",BRD-AUR
T012299,12/03/2021,F01603,FPO_DELIVERY,Yellow Mustard,"3,760.00 kgs","₹6,250.00","₹2,35,000.00",BRD-AUR
T012300,20/12/2020,F01603,INPUT_PURCHASE,NPK 10:26:26,190 kg,₹47.73,"₹9,068.70",BRD-AUR
T012301,03/01/2021,F01603,I,FERTILIZER 50kg bag,156 kg,₹45.14,"₹7,041.84",BRD-AUR
T012302,25/12/2020,F01603,FERT_PURCHASE,Hybrid Seeds,237 kgs,₹97.54,"₹23,116.98",BRD-AUR
T012303,05 Apr 2021,F01604,DELIVERY,Yellow Mustard,854.00 kgs,"₹6,285.00","₹53,673.90",BRD-AUR
T012304,21/04/2021,F01604,DELIVERY,Yellow Mustard,146 kg,"₹6,285.00","₹9,176.10",BRD-AUR
T012305,15/12/2020,F01604,INPUT_PURCHASE,DAP,55 kg,₹43.47,"₹2,390.85",BRD-AUR
T012306,15/03/2021,f01604,L,Loan Repayment,,,"₹1,900.00",BRD-AUR
T012307,14/03/2021,F01606,D,mustard (Yellow),1172 kg,"₹5,940.00","₹69,616.80",BRD-AUR
T012308,18/03/2021, F01606 ,FPO_DELIVERY,Wheat (Durum),"2,127.00 kgs","₹2,180.00","₹46,368.60",BRD-AUR
T012309,08/05/2021,f01606,Delivery,WHEAT,187 kg,"₹2,180.00","₹4,076.60",BRD-AUR
T012310,30/03/2021,f01607,FPO_DELIVERY,Yellow Mustard,949.00 kgs,"₹6,220.00","₹59,027.80",BRD-AUR
T012311,18/04/2021,F01607,Delivery,mustard (Yellow),982.00 kgs,"₹6,220.00","₹61,080.40",BRD-AUR
T012312,04/03/2021,F01607,DELIVERY,Wheat (Durum),3836 kg,"₹2,295.00","₹88,036.20",BRD-AUR
T012313,12 Jan 2021,F01607,FERT_PURCHASE,Bio-pesticide,34 kgs,₹565.37,"₹19,222.58",BRD-AUR
T012314,22/12/2020,F01607,FERT_PURCHASE,Seeds,159 kgs,₹59.74,"₹9,498.66",BRD-AUR
T012315,28/02/2021,F01607,Loan Repayment,Loan Repayment,,,"₹6,300.00",BRD-AUR
T012316,23/02/2021,F01607,loan,Loan Repayment,,,"₹5,000.00",BRD-AUR
T012317,12/03/2021,F01610,DELIVERY,Mustard,1643 kg,"₹6,110.00","₹1,00,387.30",BRD-AUR
T012318,31/12/2020,F01610,I,PP chemicals,96 kgs,₹658.38,"₹63,204.48",BRD-AUR
T012319,01/01/2021,F01610,FERT_PURCHASE,Urea,134 kg,₹36.80,"₹4,931.20",BRD-AUR
T012320,22 Mar 2021,F01612,FPO_DELIVERY,Sarson,60 kg,"₹6,090.00","₹3,654.00",BRD-AUR
T012321,24/04/2021,F01612,FPO_DELIVERY,Mustard,"1,230.00 kgs","₹6,090.00","₹74,907.00",BRD-AUR
T012322,11/01/2021,F01612,INPUT_PURCHASE,NPK 10:26:26,223 kgs,₹50.28,"₹11,212.44",BRD-AUR
T012323,06/03/2021,F01615,DELIVERY,Sarson,660 kg,"₹6,240.00","₹41,184.00",BRD-AUR
T012324,07 Apr 2021,F01615,FPO_DELIVERY,mustard (Yellow),39.00 kgs,"₹6,240.00","₹2,433.60",BRD-AUR
T012325,18/03/2021,F01615,FPO_DELIVERY,Wheat (Durum),1066 kg,"₹2,490.00","₹26,543.40",BRD-AUR
T012326,06/03/2021,f01615,delivery,Wheat,770.00 kgs,"₹2,490.00","₹19,173.00",BRD-AUR
T012327,27/12/2020,F01615,input,Seeds,227 kg,₹128.33,"₹29,130.91",BRD-AUR
T013536,03/04/2021,F02222,delivery,Yellow Mustard,"1,279.00 kgs","₹5,940.00","₹75,972.60",BRD-AUR
T013537,07/05/2021,F02222,delivery,Sarson,87 kg,"₹5,940.00","₹5,167.80",BRD-AUR
T013538,17/12/2020,F02222,Input Purchase,Fertilizer,65 kgs,₹41.68,"₹2,709.20",BRD-AUR
T013591,06/05/2021,f02245,delivery,MUSTARD,3560 kg,"₹6,605.00","₹2,35,138.00",BRD-AUR
T013592,24/12/2020,f02245,Input Purchase,NPK 10:26:26,312 kg,₹57.28,"₹17,871.36",BRD-AUR
T013593,09 Dec 2020,f02245,Input Purchase,Hybrid Seeds,36 kgs,₹111.85,"₹4,026.60",BRD-AUR
T013594,19/05/2021, F02245 ,LOAN_REPAY,Loan Repayment,,,"₹1,100.00",BRD-AUR
T013595,24/03/2021,F02245,L,Loan Repayment,,,"₹6,700.00",BRD-AUR
T013596,13 May 2021,F02245,loan,EMI,,,"₹4,400.00",BRD-AUR
T013640,13/03/2021,F02273,delivery,Yellow Mustard,468 kg,"₹6,045.00","₹28,290.60",BRD-AUR
T013641,03/04/2021,F02273,delivery,Sarson,525 kg,"₹6,045.00","₹31,736.25",BRD-AUR
T013642,10 Mar 2021,F02273,FPO_DELIVERY,Sarson,256.00 kgs,"₹6,045.00","₹15,475.20",BRD-AUR
T013643,06/12/2020,F02273,input,Urea,283 kg,₹48.14,"₹13,623.62",BRD-AUR
T013644,14/12/2020,F02273,input,Urea,27 kg,₹35.60,₹961.20,BRD-AUR
T013645,13/01/2021,F02273,I,SEEDS,166 kgs,₹93.00,"₹15,438.00",BRD-AUR
T013660,30/04/2021,F02281,delivery,Mustard,118.00 kgs,"₹5,900.00","₹6,962.00",BRD-AUR
T013661,09/03/2021,F02281,delivery,Mustard,1166 kg,"₹5,900.00","₹68,794.00",BRD-AUR
T013662,28 Apr 2021,F02281,delivery,Sarson,1030 kg,"₹5,900.00","₹60,770.00",BRD-AUR
T013663,17/12/2020,F02281,I,FERTILIZER 50kg bag,103 kg,₹52.45,"₹5,402.35",BRD-AUR
T013706,01/03/2021,F02300,DELIVERY,Sarson,436.00 kgs,"₹6,130.00","₹26,726.80",BRD-AUR
T013707,04 Jan 2021,F02300,INPUT_PURCHASE,Urea,270 kg,₹52.57,"₹14,193.90",BRD-AUR
T013711,12/04/2021,F02302,D,Yellow Mustard,277.00 kgs,"₹6,020.00",₹ N/A,BRD-AUR
T013712,17/04/2021,F02302,FPO_DELIVERY,mustard (Yellow),572 kg,"₹6,020.00","₹34,434.40",BRD-AUR
T013713,22/03/2021,F02302,D,mustard (Yellow),237.00 kgs,"₹6,020.00","₹14,267.40",BRD-AUR
T013714,25/12/2020,F02302,input,Seeds,39 kgs,₹64.49,"₹2,515.11",BRD-AUR
T013715,26/12/2020,F02302,FERT_PURCHASE,DAP,100 kg,₹37.42,"₹3,742.00",BRD-AUR
T013716,13/01/2021,F02302,input,Hybrid Seeds,111 kg,₹50.77,"₹5,635.47",BRD-AUR
T013731,27/03/2021,f02307,D,Sarson,"1,392.00 kgs","₹6,495.00","₹90,410.40",BRD-AUR
T013732,13/04/2021,F02307,delivery,Mustard,862.00 kgs,"₹6,495.00","₹55,986.90",BRD-AUR
T013733,04/12/2020,F02307,FERT_PURCHASE,Hybrid Seeds,260 kgs,₹76.36,"₹19,853.60",BRD-AUR
T013734,22/12/2020,F02307,input,PP chemicals,258 kg,₹446.13,"₹1,15,101.54",BRD-AUR
T013735,12/12/2020,F02307,I,Hybrid Seeds,154 kgs,₹86.04,"₹13,250.16",BRD-AUR
T013736,09/01/2021,F02307,INPUT_PURCHASE,Fertilizer,74 kgs,₹49.84,"₹3,688.16",BRD-AUR
T013746,01/03/2021,F02311,FPO_DELIVERY,Mustard,350.00 kgs,"₹6,170.00","₹21,595.00",BRD-AUR
T013747,03/04/2021,F02311,D,Sarson,48.00 kgs,"₹6,170.00","₹2,961.60",BRD-AUR
T013748,02/05/2021,F02311,delivery,MUSTARD,382 kg,"₹6,170.00","₹23,569.40",BRD-AUR
T013749,25/12/2020, F02311 ,FERT_PURCHASE,Hybrid Seeds,220 kgs,₹128.18,"₹28,199.60",BRD-AUR
T013750,19 Dec 2020,f02311,Input Purchase,Fertilizer,263 kgs,₹47.40,"₹12,466.20",BRD-AUR
T013767,04/03/2021,F02318,FPO_DELIVERY,Yellow Mustard,458.00 kgs,"₹6,045.00","₹27,686.10",BRD-AUR
T013822,02 May 2021, F02339 ,delivery,MUSTARD,1130 kg,"₹6,160.00","₹69,608.00",BRD-AUR
T013823,30/03/2021,F02339,Delivery,mustard (Yellow),147 kg,"₹6,160.00","₹9,055.20",BRD-AUR
T013836,07/04/2021,F02343,D,mustard (Yellow),31 kg,"₹5,910.00","₹1,832.10",BRD-AUR
T013837,03/03/2021,F02343,DELIVERY,Mustard,317.00 kgs,"₹5,910.00","₹18,734.70",BRD-AUR
T013838,30/04/2021,F02343,Delivery,mustard (Yellow),98.00 kgs,"₹5,910.00","₹5,791.80",BRD-AUR
T013839,03 Dec 2020,F02343,I,Seeds,289 kgs,₹65.57,"₹18,949.73",BRD-AUR
T013845,02/04/2021,f02346,delivery,Sarson,132 kg,"₹6,275.00","₹8,283.00",BRD-AUR
T013846,10/03/2021,F02346,delivery,Mustard,66 kg,"₹6,275.00","₹4,141.50",BRD-AUR
T013847,06/04/2021,F02346,delivery,Mustard,300.00 kgs,"₹6,275.00","₹18,825.00",BRD-AUR
T013922,01/04/2021,F02369,FPO_DELIVERY,Sarson,1027 kg,"₹6,020.00","₹61,825.40",BRD-AUR
T013923,29/12/2020,F02369,INPUT_PURCHASE,Urea,107 kgs,₹47.08,"₹5,037.56",BRD-AUR
T013924,23/12/2020,F02369,INPUT_PURCHASE,Urea,40 kg,₹33.65,"₹1,346.00",BRD-AUR
T013925,24/03/2021,F02370,D,Sarson,160 kg,"₹6,005.00","₹9,608.00",BRD-AUR
T013926,02 May 2021,F02370,DELIVERY,Mustard,206.00 kgs,"₹6,005.00","₹12,370.30",BRD-AUR
T013927,09 Jan 2021,F02370,Input Purchase,NPK 10:26:26,316 kg,₹48.06,"₹15,186.96",BRD-AUR
T013940,14/03/2021, F02373 ,Delivery,MUSTARD,3748 kg,"₹6,245.00","₹2,34,062.60",BRD-AUR
T014715,24/11/2021,F01464,D,SOYABEAN,78.00 kgs,"₹5,450.00","₹4,251.00",BRD-AUR
T014716,10/10/2021,F01464,delivery,Soybean (Yellow),653.00 kgs,"₹5,450.00","₹35,588.50",BRD-AUR
T014717,15/07/2021,F01464,FERT_PURCHASE,SEEDS,90 kgs,₹118.10,"₹10,629.00",BRD-AUR
T014718,09/07/2021,,I,Bio-pesticide,92 kgs,₹339.79,"₹31,260.68",BRD-AUR
T014719,01 Oct 2021,F01465,D,SOYABEAN,312 kg,"₹5,235.00","₹16,333.20",BRD-AUR
T014720,01 Oct 2021,F01467,delivery,Soybean (Yellow),793 kg,"₹5,260.00","₹41,711.80",BRD-AUR
T014721,03/11/2021,F01467,LOAN_REPAY,Loan Repayment,,,"₹6,500.00",BRD-AUR
T014722,02/10/2021,F01470,DELIVERY,SOYABEAN,791.00 kgs,"₹5,605.00","₹44,335.55",BRD-AUR
T014723,11/06/2021,F01470,Input Purchase,FERTILIZER 50kg bag,245 kg,₹33.23,"₹8,141.35",BRD-AUR
T014724,21/06/2021,F01470,FERT_PURCHASE,Hybrid Seeds,49 kg,₹55.62,"₹2,725.38",BRD-AUR
T014725,29/06/2021,F01470,input,NPK 10:26:26,70 kgs,₹37.00,"₹2,590.00",BRD-AUR
T014726,07/10/2021,F01476,FPO_DELIVERY,soya,2531 kg,"₹5,270.00","₹1,33,383.70",BRD-AUR
T014727,16/10/2021,F01476,D,soya,1703 kg,"₹5,270.00","₹89,748.10",BRD-AUR
T014728,08 Jul 2021,F01476,I,Fertilizer,70 kgs,₹28.04,"₹1,962.80",BRD-AUR
T014729,21/06/2021,f01476,Input Purchase,Seeds,70 kgs,₹100.06,"₹7,004.20",BRD-AUR
T014730,15 Jul 2021,F01476,INPUT_PURCHASE,Fertilizer,284 kg,₹39.30,"₹11,161.20",BRD-AUR
T014731,07/06/2021,F01476,INPUT_PURCHASE,FERTILIZER 50kg bag,27 kgs,₹46.79,"₹1,263.33",BRD-AUR
T014732,09/07/2021,F01476,FERT_PURCHASE,Seeds,55 kg,₹64.36,"₹3,539.80",BRD-AUR
T014733,28/06/2021,F01476,I,SEEDS,226 kg,₹118.12,"₹26,695.12",BRD-AUR
T014734,08/06/2021,F01476,LOAN_REPAY,Loan Repayment,,,"₹3,600.00",BRD-AUR
T014735,25/08/2021,F01476,Loan Repayment,EMI,,,"₹7,100.00",BRD-AUR
T014736,01/10/2021,F01479,Delivery,Soybean (Yellow),"1,032.00 kgs","₹5,580.00","₹57,585.60",BRD-AUR
T014737,15/06/2021,F01479,FERT_PURCHASE,Hybrid Seeds,278 kg,₹52.36,"₹14,556.08",BRD-AUR
T014738,02/10/2021,F01481,Delivery,soya,1470 kg,"₹5,625.00","₹82,687.50",BRD-AUR
T014739,10/10/2021,F01481,delivery,Soybean,14.00 kgs,"₹5,625.00",₹787.50,BRD-AUR
T014740,07/09/2021,F01481,LOAN_REPAY,Loan Repayment,,,"₹4,000.00",BRD-AUR
T014741,14/10/2021,F01489,DELIVERY,Soybean (Yellow),"1,081.00 kgs","₹4,880.00","₹52,752.80",BRD-AUR
T014742,28/10/2021,F01489,DELIVERY,soya,"1,097.00 kgs","₹4,880.00","₹53,533.60",BRD-AUR
T014743,11/06/2021,F01489,I,Seeds,170 kg,₹84.37,"₹14,342.90",BRD-AUR
T014744,15 Nov 2021,F01490,Delivery,Soybean (Yellow),"7,204.00 kgs","₹5,360.00","₹3,86,134.40",BRD-AUR
T014745,31/10/2021,F01490,Delivery,Soybean (Yellow),197 kg,"₹5,360.00","₹10,559.20",BRD-AUR
T014746,13/07/2021,F01490,I,Urea,134 kg,₹32.34,"₹4,333.56",BRD-AUR
T014747,20 Nov 2021,F01492,Delivery,Soybean,2900 kg,"₹5,435.00","₹1,57,615.00",BRD-AUR
T014748,06/11/2021,F01495,Delivery,SOYABEAN,472 kg,"₹5,590.00","₹26,384.80",BRD-AUR
T014749,12/11/2021,F01495,Delivery,Soybean (Yellow),596 kg,"₹5,590.00","₹33,316.40",BRD-AUR
T014750,08 Jul 2021,F01495,loan,EMI,,,"₹4,300.00",BRD-AUR
T014751,01/11/2021,F01498,D,soya,298 kg,"₹5,270.00","₹15,704.60",BRD-AUR
T014752,16/11/2021,F01498,Delivery,Soybean (Yellow),"1,091.00 kgs","₹5,270.00","₹57,495.70",BRD-AUR
T014753,20/10/2021,F01499,Delivery,soya,882 kg,"₹5,000.00","₹44,100.00",BRD-AUR
T014754,14/06/2021,F01499,Input Purchase,Fertilizer,233 kg,₹41.33,"₹9,629.89",BRD-AUR
T014755,26/06/2021,F01499,I,Bio-pesticide,121 kg,₹144.36,"₹17,467.56",BRD-AUR
T014756,06/11/2021,F01501,delivery,SOYABEAN,422.00 kgs,"₹5,345.00","₹22,555.90",BRD-AUR
T014757,14/10/2021,F01501,delivery,Soybean,116.00 kgs,"₹5,345.00","₹6,200.20",BRD-AUR
T014758,16/06/2021,F01501,FERT_PURCHASE,Urea,132 kg,₹38.60,"₹5,095.20",BRD-AUR
T014759,27/06/2021,F01501,I,PP chemicals,157 kg,₹185.52,"₹29,126.64",BRD-AUR
T014760,26/10/2021,f01501,Loan Repayment,Loan Repayment,,,"₹7,300.00",BRD-AUR
T014761,14/06/2021,F01501,LOAN_REPAY,EMI,,,"₹3,400.00",BRD-AUR
T014762,17/11/2021,F01502,delivery,soya,1086 kg,"₹5,475.00","₹59,458.50",BRD-AUR
T014763,29/11/2021,F01502,delivery,Soybean,139.00 kgs,"₹5,475.00","₹7,610.25",BRD-AUR
T014764,16/06/2021,F01502,FERT_PURCHASE,Hybrid Seeds,79 kg,₹68.10,"₹5,379.90",BRD-AUR
T014765,17 Nov 2021,F01505,FPO_DELIVERY,SOYABEAN,881 kg,"₹5,510.00","₹48,543.10",BRD-AUR
T014766,07/07/2021,F01505,I,PP chemicals,287 kgs,₹341.74,"₹98,079.38",BRD-AUR
T014767,27/11/2021,F01509,FPO_DELIVERY,SOYABEAN,"2,423.00 kgs","₹4,810.00","₹1,16,546.30",BRD-AUR
T014768,22 Jun 2021,F01509,INPUT_PURCHASE,FERTILIZER 50kg bag,304 kg,₹54.63,"₹16,607.52",BRD-AUR
T014769,10/07/2021,F01509,INPUT_PURCHASE,PP chemicals,212 kgs,₹636.37,"₹1,34,910.44",BRD-AUR
T014770,05/06/2021,F01509,FERT_PURCHASE,Urea,58 kgs,₹28.18,"₹1,634.44",BRD-AUR
T014771,03/06/2021,F01509,I,NPK 10:26:26,47 kgs,₹28.92,"₹1,359.24",BRD-AUR
T014772,19 Jul 2021,F01509,loan,EMI,,,"₹1,900.00",BRD-AUR
T014773,05/10/2021,F01510,D,Soybean,385.00 kgs,"₹5,690.00","₹21,906.50",BRD-AUR
T014774,15/11/2021,F01510,FPO_DELIVERY,soya,550 kg,"₹5,690.00","₹31,295.00",BRD-AUR
T014775,14/06/2021,f01510,I,Seeds,157 kgs,₹82.79,"₹12,998.03",BRD-AUR
T014776,23/10/2021, F01511 ,DELIVERY,Soybean (Yellow),992 kg,"₹5,090.00","₹50,492.80",BRD-AUR
T014777,17 Nov 2021,F01511,FPO_DELIVERY,Soybean,721.00 kgs,"₹5,090.00","₹36,698.90",BRD-AUR
T014778,14/06/2021,F01511,Input Purchase,FERTILIZER 50kg bag,259 kgs,₹37.48,"₹9,707.32",BRD-AUR
T014779,25/10/2021,F01513,delivery,SOYABEAN,3884 kg,"₹5,430.00","₹2,10,901.20",BRD-AUR
T014780,19/10/2021,F01514,DELIVERY,SOYABEAN,736.00 kgs,"₹5,095.00","₹37,499.20",BRD-AUR
T014781,20/06/2021,F01514,FERT_PURCHASE,FERTILIZER 50kg bag,228 kg,₹53.78,"₹12,261.84",BRD-AUR
T014782,10/06/2021,f01514,Input Purchase,Urea,242 kg,₹55.47,"₹13,423.74",BRD-AUR
T014783,14/10/2021,F01518,FPO_DELIVERY,SOYABEAN,239 kg,"₹5,405.00","₹12,917.95",BRD-AUR
T014784,15 Nov 2021,F01518,FPO_DELIVERY,Soybean (Yellow),509 kg,"₹5,405.00","₹27,511.45",BRD-AUR
T014785,04/11/2021,F01518,Delivery,Soybean,54.00 kgs,"₹5,405.00","₹2,918.70",BRD-AUR
T014786,11 Jun 2021, F01518 ,I,Hybrid Seeds,213 kgs,₹103.99,"₹22,149.87",BRD-AUR
T014787,07/10/2021,F01526,Delivery,Soybean (Yellow),1262 kg,"₹5,375.00","₹67,832.50",BRD-AUR
T014788,12/07/2021,F01526,INPUT_PURCHASE,DAP,280 kgs,₹59.65,"₹16,702.00",BRD-AUR
T014789,12/10/2021,F01527,Delivery,Soybean,1019 kg,"₹5,305.00","₹54,057.95",BRD-AUR
T014790,19/06/2021,F01527,input,SEEDS,202 kg,₹97.10,"₹19,614.20",BRD-AUR
T014791,06/11/2021,F01528,FPO_DELIVERY,SOYABEAN,490 kg,"₹5,105.00","₹25,014.50",BRD-AUR
T014792,11/11/2021,F01530,FPO_DELIVERY,Soybean (Yellow),780 kg,"₹5,325.00","₹41,535.00",BRD-AUR
T014793,08/11/2021,F01530,delivery,soya,581 kg,"₹5,325.00","₹30,938.25",BRD-AUR
T014794,02/06/2021,F01530,INPUT_PURCHASE,PPC,316 kg,₹631.18,"₹1,99,452.88",BRD-AUR
T014795,22/06/2021,F01530,Input Purchase,Fertilizer,93 kg,₹37.36,"₹3,474.48",BRD-AUR
T014796,03/06/2021,F01530,FERT_PURCHASE,Seeds,188 kgs,₹52.12,"₹9,798.56",BRD-AUR
T014797,26/06/2021,F01530,INPUT_PURCHASE,FERTILIZER 50kg bag,36 kgs,₹48.13,"₹1,732.68",BRD-AUR
T014798,12/10/2021,F01535,Delivery,soya,"1,738.00 kgs","₹5,160.00","₹89,680.80",BRD-AUR
T014799,24/06/2021,F01535,INPUT_PURCHASE,Fertilizer,277 kg,₹31.92,"₹8,841.84",BRD-AUR
T014800,29 Nov 2021,F01537,delivery,soya,873.00 kgs,"₹5,350.00","₹46,705.50",BRD-AUR
T014801,08/11/2021,F01537,delivery,soya,314.00 kgs,"₹5,350.00","₹16,799.00",BRD-AUR
T014802,12/06/2021,F01537,I,DAP,65 kgs,₹34.84,"₹2,264.60",BRD-AUR
T014803,06/06/2021,f01537,input,NPK 10:26:26,233 kg,₹31.00,"₹7,223.00",BRD-AUR
T014804,22/08/2021,F01537,Loan Repayment,Loan Repayment,,,"₹2,100.00",BRD-AUR
T014805,06/11/2021,F01537,L,Loan Repayment,,,"₹5,500.00",BRD-AUR
T014806,24/09/2021,f01537,LOAN_REPAY,EMI,,,"₹2,600.00",BRD-AUR
T014807,14/10/2021,F01538,delivery,Soybean,391 kg,"₹5,355.00","₹20,938.05",BRD-AUR
T014808,10/10/2021,F01538,FPO_DELIVERY,soya,1367 kg,"₹5,355.00","₹73,202.85",BRD-AUR
T014809,17 Jun 2021,F01538,input,DAP,129 kgs,₹51.98,"₹6,705.42",BRD-AUR
T014810,25/06/2021,F01538,I,Seeds,210 kgs,₹118.26,"₹24,834.60",BRD-AUR
T014811,27/06/2021,F01538,input,SEEDS,118 kgs,₹50.16,"₹5,918.88",BRD-AUR
T014812,05/07/2021,f01538,INPUT_PURCHASE,FERTILIZER 50kg bag,113 kg,₹51.32,"₹5,799.16",BRD-AUR
T014813,06/10/2021,F01542,FPO_DELIVERY,soya,1578 kg,"₹5,220.00","₹82,371.60",BRD-AUR
T014814,21 Jun 2021,F01542,FERT_PURCHASE,SEEDS,195 kg,₹47.19,"₹9,202.05",BRD-AUR
T014815,25/06/2021,F01542,Input Purchase,DAP,223 kg,₹57.61,"₹12,847.03",BRD-AUR
T014816,20/10/2021,f01543,D,Soybean (Yellow),2493 kg,"₹5,655.00","₹1,40,979.15",BRD-AUR
T014817,04/11/2021,F01544,FPO_DELIVERY,SOYABEAN,"1,520.00 kgs","₹5,360.00","₹81,472.00",BRD-AUR
T014818,03/11/2021,F01545,FPO_DELIVERY,soya,1551 kg,"₹4,930.00","₹76,464.30",BRD-AUR
T014819,31/10/2021,F01545,FPO_DELIVERY,Soybean (Yellow),174.00 kgs,"₹4,930.00","₹8,578.20",BRD-AUR
T014820,25/10/2021,F01546,Delivery,Soybean (Yellow),407.00 kgs,"₹5,575.00","₹22,690.25",BRD-AUR
T014821,26/10/2021,F01546,D,Soybean (Yellow),731.00 kgs,"₹5,575.00","₹40,753.25",BRD-AUR
T014822,09/07/2021,F01546,INPUT_PURCHASE,Seeds,30 kg,₹124.01,"₹3,720.30",BRD-AUR
T014823,03/11/2021,F01547,Delivery,Soybean (Yellow),1114 kg,"₹4,910.00","₹54,697.40",BRD-AUR
T014824,26/06/2021, F01547 ,INPUT_PURCHASE,FERTILIZER 50kg bag,116 kgs,₹49.65,"₹5,759.40",BRD-AUR
T014825,07/07/2021,F01547,I,SEEDS,300 kg,₹73.71,"₹22,113.00",BRD-AUR
T014826,04/10/2021,F01548,delivery,SOYABEAN,924 kg,"₹5,400.00","₹49,896.00",BRD-AUR
T014827,11 Jun 2021,F01548,FERT_PURCHASE,Hybrid Seeds,99 kgs,₹47.00,"₹4,653.00",BRD-AUR
T014828,20/10/2021,F01550,delivery,SOYABEAN,3115 kg,"₹5,025.00","₹1,56,528.75",BRD-AUR
T014829,15/07/2021,F01550,Input Purchase,Hybrid Seeds,189 kgs,₹54.94,"₹10,383.66",BRD-AUR
T014830,05/07/2021,f01550,INPUT_PURCHASE,DAP,171 kg,₹31.03,"₹5,306.13",BRD-AUR
T014831,11/06/2021,F01550,I,NPK 10:26:26,28 kgs,₹36.58,"₹1,024.24",BRD-AUR
T014832,23/10/2021,F01553,D,Soybean,135 kg,"₹5,325.00","₹7,188.75",BRD-AUR
T014833,09/11/2021,F01553,FPO_DELIVERY,SOYABEAN,584 kg,"₹5,325.00","₹31,098.00",BRD-AUR
T014834,06/11/2021,f01553,FPO_DELIVERY,Soybean (Yellow),24 kg,"₹5,325.00","₹1,278.00",BRD-AUR
T014835,03/07/2021,F01553,FERT_PURCHASE,FERTILIZER 50kg bag,126 kgs,₹45.48,"₹5,730.48",BRD-AUR
T014836,13 Jul 2021,f01553,input,DAP,308 kg,₹45.84,"₹14,118.72",BRD-AUR
T014837,09/06/2021,F01553,Input Purchase,Urea,231 kgs,₹46.01,"₹10,628.31",BRD-AUR
T014838,06/11/2021,F01556,delivery,Soybean (Yellow),432.00 kgs,"₹4,840.00","₹20,908.80",BRD-AUR
T014839,06/11/2021,F01556,D,SOYABEAN,975.00 kgs,"₹4,840.00","₹47,190.00",BRD-AUR
T014840,20/06/2021,F01556,Input Purchase,Fertilizer,108 kg,₹43.18,"₹4,663.44",BRD-AUR
T014841,27/10/2021, F01558 ,delivery,soya,3087 kg,"₹5,335.00","₹1,64,691.45",BRD-AUR
T014842,15/07/2021,F01558,input,Urea,319 kg,₹51.67,"₹16,482.73",BRD-AUR
T014843,11/07/2021,f01558,Loan Repayment,EMI,,,"₹3,700.00",BRD-AUR
T014844,03/07/2021, F01558 ,loan,Loan Repayment,,,"₹5,100.00",BRD-AUR
T014845,05/10/2021,F01560,Delivery,Soybean (Yellow),864 kg,"₹5,550.00","₹47,952.00",BRD-AUR
T014846,08/06/2021,F01560,I,Bio-pesticide,191 kg,₹387.81,"₹74,071.71",BRD-AUR
T014847,08/10/2021,F01561,D,soya,1293 kg,"₹5,340.00","₹69,046.20",BRD-AUR
T014848,06/10/2021,F01563,D,SOYABEAN,246 kg,"₹5,665.00","₹13,935.90",BRD-AUR
T014849,27/11/2021,F01563,Delivery,soya,41 kg,"₹5,665.00","₹2,322.65",BRD-AUR
T014850,08/10/2021,F01563,DELIVERY,Soybean (Yellow),1089 kg,"₹5,665.00","₹61,691.85",BRD-AUR
T014851,05 Jul 2021,F01563,FERT_PURCHASE,Urea,100 kg,₹47.74,"₹4,774.00",BRD-AUR
T014852,15/06/2021, F01563 ,Input Purchase,Seeds,68 kgs,₹70.07,"₹4,764.76",BRD-AUR
T014853,05/10/2021,F01564,Delivery,soya,332 kg,"₹5,375.00","₹17,845.00",BRD-AUR
T014854,30/11/2021,F01564,delivery,Soybean (Yellow),1467 kg,"₹5,375.00","₹78,851.25",BRD-AUR
T014855,11/07/2021,F01564,I,NPK 10:26:26,136 kgs,₹56.89,"₹7,737.04",BRD-AUR
T014856,04/11/2021,F01568,D,soya,"2,738.00 kgs","₹5,470.00","₹1,49,768.60",BRD-AUR
T014857,01/07/2021,F01568,FERT_PURCHASE,Hybrid Seeds,168 kg,₹58.12,"₹9,764.16",BRD-AUR
T014858,05/06/2021, F01568 ,I,Bio-pesticide,251 kg,₹600.48,"₹1,50,720.48",BRD-AUR
T014859,01/11/2021,F01569,Delivery,Soybean,2383 kg,"₹5,140.00","₹1,22,486.20",BRD-AUR
T014860,23/06/2021,F01569,input,Urea,313 kgs,₹30.52,"₹9,552.76",BRD-AUR
T014861,15/07/2021,F01569,I,NPK 10:26:26,194 kgs,₹33.35,"₹6,469.90",BRD-AUR
T014862,04/06/2021,F01569,Input Purchase,FERTILIZER 50kg bag,108 kgs,₹36.34,"₹3,924.72",BRD-AUR
T014863,23/06/2021,F01569,Input Purchase,PP chemicals,64 kg,₹610.29,"₹39,058.56",BRD-AUR
T014864,05/11/2021,F01575,delivery,Soybean (Yellow),835 kg,"₹5,105.00","₹42,626.75",BRD-AUR
T014865,08/11/2021,F01575,D,Soybean (Yellow),856.00 kgs,"₹5,105.00","₹43,698.80",BRD-AUR
T014866,14/06/2021,F01575,INPUT_PURCHASE,PPC,61 kg,₹271.25,"₹16,546.25",BRD-AUR
T014867,15/07/2021,f01575,I,Fertilizer,60 kg,₹28.62,"₹1,717.20",BRD-AUR
T014868,03/06/2021,F01575,FERT_PURCHASE,Seeds,300 kgs,₹65.54,"₹19,662.00",BRD-AUR
T014869,15/06/2021, F01575 ,I,Hybrid Seeds,289 kg,₹100.76,"₹29,119.64",BRD-AUR
T014870,14/11/2021,F01576,delivery,Soybean (Yellow),720 kg,"₹5,355.00","₹38,556.00",BRD-AUR
T014871,11/11/2021,F01576,Delivery,soya,237 kg,"₹5,355.00","₹12,691.35",BRD-AUR
T014872,26/06/2021,F01576,INPUT_PURCHASE,Urea,219 kgs,₹35.94,"₹7,870.86",BRD-AUR
T014873,17/10/2021,F01577,Delivery,Soybean,501 kg,"₹5,860.00","₹29,358.60",BRD-AUR
T014874,10/06/2021,F01577,input,DAP,202 kgs,₹59.80,"₹12,079.60",BRD-AUR
T014875,11 Jul 2021,F01577,FERT_PURCHASE,FERTILIZER 50kg bag,107 kg,₹51.77,"₹5,539.39",BRD-AUR
T014876,04/11/2021,F01580,FPO_DELIVERY,soya,180.00 kgs,"₹5,655.00","₹10,179.00",BRD-AUR
T014877,30/11/2021,F01580,DELIVERY,SOYABEAN,"1,148.00 kgs","₹5,655.00","₹64,919.40",BRD-AUR
T014878,04/06/2021,F01580,INPUT_PURCHASE,Fertilizer,282 kg,₹53.80,"₹15,171.60",BRD-AUR
T014879,02/07/2021,F01580,FERT_PURCHASE,SEEDS,94 kgs,₹49.83,"₹4,684.02",BRD-AUR
T014880,17/10/2021,F01581,delivery,Soybean (Yellow),"1,083.00 kgs","₹5,240.00","₹56,749.20",BRD-AUR
T014881,04/06/2021,F01581,input,DAP,195 kgs,₹37.42,"₹7,296.90",BRD-AUR
T014882,05/06/2021,F01581,Input Purchase,DAP,209 kg,₹40.36,"₹8,435.24",BRD-AUR
T014883,05/06/2021,F01581,I,Urea,87 kg,₹39.28,"₹3,417.36",BRD-AUR
T014884,22 Oct 2021,F01582,DELIVERY,soya,1029 kg,"₹5,175.00","₹53,250.75",BRD-AUR
T014885,03 Oct 2021,F01582,D,soya,242 kg,"₹5,175.00","₹12,523.50",BRD-AUR
T014886,17/11/2021,f01582,D,Soybean,51.00 kgs,"₹5,175.00","₹2,639.25",BRD-AUR
T014887,05/07/2021,F01582,input,Urea,164 kgs,₹47.56,"₹7,799.84",BRD-AUR
T014888,24/06/2021,F01582,Input Purchase,FERTILIZER 50kg bag,199 kg,₹38.59,"₹7,679.41",BRD-AUR
T014889,10/11/2021,f01586,D,Soybean,"3,139.00 kgs","₹5,220.00","₹1,63,855.80",BRD-AUR
T014890,22/11/2021,F01587,DELIVERY,Soybean (Yellow),242.00 kgs,"₹5,080.00","₹12,293.60",BRD-AUR
T014891,01 Oct 2021,f01587,FPO_DELIVERY,soya,442 kg,"₹5,080.00","₹22,453.60",BRD-AUR
T014892,08/11/2021, F01587 ,delivery,soya,413.00 kgs,"₹5,080.00","₹20,980.40",BRD-AUR
T014893,17/06/2021,f01587,I,FERTILIZER 50kg bag,128 kg,₹56.48,"₹7,229.44",BRD-AUR
T014894,14/06/2021,F01587,INPUT_PURCHASE,FERTILIZER 50kg bag,290 kgs,₹56.54,"₹16,396.60",BRD-AUR
T014895,14/07/2021,F01587,I,Fertilizer,294 kg,₹31.19,"₹9,169.86",BRD-AUR
T014896,09/06/2021,F01587,I,Fertilizer,311 kgs,₹50.72,"₹15,773.92",BRD-AUR
T014897,25/11/2021,F01589,DELIVERY,soya,1822 kg,"₹5,495.00","₹1,00,118.90",BRD-AUR
T014898,23/10/2021,F01589,Delivery,Soybean,60 kg,"₹5,495.00","₹3,297.00",BRD-AUR
T014899,21/10/2021,F01590,FPO_DELIVERY,Soybean,20 kg,"₹5,285.00","₹1,057.00",BRD-AUR
T014900,04/10/2021,F01590,FPO_DELIVERY,Soybean (Yellow),360 kg,"₹5,285.00","₹19,026.00",BRD-AUR
T014901,04 Jul 2021,f01590,input,PPC,111 kg,₹402.28,"₹44,653.08",BRD-AUR
T014902,01/07/2021,F01590,FERT_PURCHASE,NPK 10:26:26,46 kg,₹49.91,"₹2,295.86",BRD-AUR
T014903,07/06/2021,F01590,loan,Loan Repayment,,,"₹5,000.00",BRD-AUR
T014904,27/10/2021,F01591,DELIVERY,Soybean,593 kg,"₹5,590.00","₹33,148.70",BRD-AUR
T014905,10/06/2021,F01591,I,FERTILIZER 50kg bag,26 kg,₹32.65,₹848.90,BRD-AUR
T014906,07/10/2021,F01591,loan,Loan Repayment,,,"₹2,700.00",BRD-AUR
T014907,17/06/2021,F01591,LOAN_REPAY,EMI,,,"₹6,200.00",BRD-AUR
T014908,29/11/2021,F01591,LOAN_REPAY,EMI,,,"₹5,900.00",BRD-AUR
T014909,16/10/2021,F01593,DELIVERY,Soybean,399 kg,"₹5,235.00","₹20,887.65",BRD-AUR
T014910,30/11/2021,F01593,FPO_DELIVERY,Soybean (Yellow),1235 kg,"₹5,235.00","₹64,652.25",BRD-AUR
T014911,16/10/2021,F01593,D,soya,962.00 kgs,"₹5,235.00","₹50,360.70",BRD-AUR
T014912,29 Jun 2021,F01593,FERT_PURCHASE,Urea,300 kgs,₹53.48,"₹16,044.00",BRD-AUR
T014913,25/06/2021,F01593,FERT_PURCHASE,FERTILIZER 50kg bag,164 kg,₹56.95,"₹9,339.80",BRD-AUR
T014914,16/06/2021,F01593,I,DAP,169 kgs,₹41.80,"₹7,064.20",BRD-AUR
T014915,03/11/2021,f01595,delivery,Soybean (Yellow),278 kg,"₹4,875.00","₹13,552.50",BRD-AUR
T014916,03/11/2021,F01595,Delivery,SOYABEAN,473.00 kgs,"₹4,875.00","₹23,058.75",BRD-AUR
T014917,23/06/2021,F01595,INPUT_PURCHASE,PP chemicals,30 kgs,₹633.61,"₹19,008.30",BRD-AUR
T014918,23/11/2021,F01599,FPO_DELIVERY,soya,3618 kg,"₹5,255.00","₹1,90,125.90",BRD-AUR
T014919,20/11/2021,F01599,Delivery,Soybean,372.00 kgs,"₹5,255.00","₹19,548.60",BRD-AUR
T014920,09/06/2021,F01599,I,Urea,88 kgs,₹51.42,"₹4,524.96",BRD-AUR
T014921,14/07/2021,F01599,INPUT_PURCHASE,NPK 10:26:26,264 kgs,₹32.66,"₹8,622.24",BRD-AUR
T014922,14/06/2021,F01599,INPUT_PURCHASE,SEEDS,258 kg,₹127.28,"₹32,838.24",BRD-AUR
T014923,02/07/2021, F01599 ,INPUT_PURCHASE,NPK 10:26:26,71 kgs,₹42.64,"₹3,027.44",BRD-AUR
T014924,27 Jun 2021,F01599,loan,Loan Repayment,,,"₹5,700.00",BRD-AUR
T014925,28/06/2021,F01599,L,EMI,,,"₹5,600.00",BRD-AUR
T014926,23/11/2021,F01599,LOAN_REPAY,EMI,,,"₹6,400.00",BRD-AUR
T014927,20/11/2021,F01603,D,Soybean,3575 kg,"₹5,470.00","₹1,95,552.50",BRD-AUR
T014928,19 Oct 2021,F01603,delivery,Soybean,1270 kg,"₹5,470.00","₹69,469.00",BRD-AUR
T014929,02/06/2021,F01603,input,NPK 10:26:26,141 kgs,₹52.61,"₹7,418.01",BRD-AUR
T014930,03/07/2021,F01603,Input Purchase,DAP,215 kg,₹49.97,"₹10,743.55",BRD-AUR
T014931,08/07/2021, F01603 ,I,NPK 10:26:26,152 kg,₹31.37,"₹4,768.24",BRD-AUR
T014932,15/06/2021,F01603,INPUT_PURCHASE,NPK 10:26:26,27 kg,₹57.65,"₹1,556.55",BRD-AUR
T014933,01/10/2021,F01604,DELIVERY,SOYABEAN,443.00 kgs,"₹5,205.00","₹23,058.15",BRD-AUR
T014934,13/10/2021,F01604,FPO_DELIVERY,Soybean (Yellow),5.00 kgs,"₹5,205.00",₹260.25,BRD-AUR
T014935,07 Jun 2021,F01604,Input Purchase,Seeds,100 kgs,₹96.78,"₹9,678.00",BRD-AUR
T014936,04/09/2021,F01604,L,Loan Repayment,,,"₹6,700.00",BRD-AUR
T014937,11/10/2021,F01606,D,soya,"1,193.00 kgs","₹5,520.00","₹65,853.60",BRD-AUR
T014938,21/06/2021,F01606,INPUT_PURCHASE,Bio-pesticide,218 kgs,₹593.36,"₹1,29,352.48",BRD-AUR
T014939,09/07/2021, F01606 ,I,DAP,258 kgs,₹52.27,"₹13,485.66",BRD-AUR
T014940,30/10/2021,F01607,Delivery,Soybean (Yellow),1459 kg,"₹5,195.00","₹75,795.05",BRD-AUR
T014941,09/10/2021,F01607,DELIVERY,soya,701.00 kgs,"₹5,195.00","₹36,416.95",BRD-AUR
T014942,09/07/2021,F01607,I,FERTILIZER 50kg bag,38 kgs,₹38.02,"₹1,444.76",BRD-AUR
T014943,07/07/2021,F01607,INPUT_PURCHASE,DAP,242 kgs,₹44.39,"₹10,742.38",BRD-AUR
T014944,19/06/2021,F01607,INPUT_PURCHASE,Urea,303 kg,₹36.55,"₹11,074.65",BRD-AUR
T014945,13/06/2021,F01607,input,NPK 10:26:26,62 kg,₹47.82,"₹2,964.84",BRD-AUR
T014946,17/06/2021,F01607,Input Purchase,NPK 10:26:26,66 kgs,₹48.44,"₹3,197.04",BRD-AUR
T014947,18/06/2021,F01607,INPUT_PURCHASE,Seeds,85 kg,₹113.42,"₹9,640.70",BRD-AUR
T014948,25/11/2021,F01610,DELIVERY,Soybean,83.00 kgs,"₹5,250.00","₹4,357.50",BRD-AUR
T014949,12/11/2021,F01610,D,Soybean,447.00 kgs,"₹5,250.00","₹23,467.50",BRD-AUR
T014950,02/10/2021,F01610,D,Soybean,"1,546.00 kgs","₹5,250.00","₹81,165.00",BRD-AUR
T014951,12/06/2021,F01610,FERT_PURCHASE,Seeds,162 kgs,₹75.37,"₹12,209.94",BRD-AUR
T014952,07/10/2021,F01610,Loan Repayment,Loan Repayment,,,"₹5,900.00",BRD-AUR
T014953,19/10/2021,f01612,D,soya,"1,586.00 kgs","₹5,570.00",₹ N/A,BRD-AUR
T014954,06/07/2021,F01612,INPUT_PURCHASE,FERTILIZER 50kg bag,294 kgs,₹28.65,"₹8,423.10",BRD-AUR
T014955,10/06/2021,F01612,INPUT_PURCHASE,Seeds,271 kg,₹54.91,"₹14,880.61",BRD-AUR
T014956,12 Jul 2021,f01612,INPUT_PURCHASE,Urea,127 kg,₹35.47,"₹4,504.69",BRD-AUR
T016031,29/10/2021,F02222,Delivery,soya,1378 kg,"₹5,040.00","₹69,451.20",BRD-AUR
T016073,01 Oct 2021,f02245,delivery,Soybean,"2,097.00 kgs","₹5,245.00","₹1,09,987.65",BRD-AUR
T016074,13/10/2021,f02245,DELIVERY,Soybean,1701 kg,"₹5,245.00","₹89,217.45",BRD-AUR
T016075,06/10/2021,F02245,delivery,SOYABEAN,855 kg,"₹5,245.00","₹44,844.75",BRD-AUR
T016076,29/06/2021,F02245,I,Bio-pesticide,290 kg,₹549.63,"₹1,59,392.70",BRD-AUR
T016077,20 Jun 2021,F02245,FERT_PURCHASE,Seeds,271 kgs,₹104.73,"₹28,381.83",BRD-AUR
T016078,11/07/2021,F02245,FERT_PURCHASE,SEEDS,243 kgs,₹110.46,"₹26,841.78",BRD-AUR
T016079,10/08/2021,F02245,L,EMI,,,"₹4,200.00",BRD-AUR
T016080,29/07/2021,F02245,Loan Repayment,EMI,,,"₹5,200.00",BRD-AUR
T016081,24/09/2021,F02245,L,Loan Repayment,,,"₹1,500.00",BRD-AUR
T016125,12/11/2021,F02273,D,Soybean,1405 kg,"₹5,600.00","₹78,680.00",BRD-AUR
T016126,10/06/2021,F02273,INPUT_PURCHASE,Bio-pesticide,118 kg,₹551.77,"₹65,108.86",BRD-AUR
T016127,01/07/2021,F02273,FERT_PURCHASE,NPK 10:26:26,47 kgs,₹55.02,"₹2,585.94",BRD-AUR
T016128,01/07/2021,f02273,FERT_PURCHASE,Hybrid Seeds,171 kg,₹97.86,"₹16,734.06",BRD-AUR
T016129,19/06/2021,F02273,INPUT_PURCHASE,FERTILIZER 50kg bag,33 kgs,₹36.75,"₹1,212.75",BRD-AUR
T016130,30/10/2021,F02273,L,Loan Repayment,,,"₹7,700.00",BRD-AUR
T016131,07/10/2021,F02273,loan,EMI,,,"₹1,900.00",BRD-AUR
T016145,09/10/2021,F02281,D,Soybean (Yellow),946.00 kgs,"₹5,665.00","₹53,590.90",BRD-AUR
T016146,15/10/2021,F02281,delivery,Soybean,1270 kg,"₹5,665.00","₹71,945.50",BRD-AUR
T016147,23/06/2021,F02281,INPUT_PURCHASE,Hybrid Seeds,297 kgs,₹98.77,"₹29,334.69",BRD-AUR
T016148,26/06/2021,F02281,I,NPK 10:26:26,43 kg,₹39.34,"₹1,691.62",BRD-AUR
T016149,06 Aug 2021,F02281,LOAN_REPAY,Loan Repayment,,,"₹6,600.00",BRD-AUR
T016150,07 Jul 2021,F02281,L,Loan Repayment,,,"₹2,000.00",BRD-AUR
T016181,30/11/2021,F02300,Delivery,soya,581.00 kgs,"₹5,280.00","₹30,676.80",BRD-AUR
T016186,28/11/2021,F02302,delivery,soya,"1,291.00 kgs","₹5,465.00","₹70,553.15",BRD-AUR
T016187,24/10/2021,F02302,DELIVERY,soya,120 kg,"₹5,465.00","₹6,558.00",BRD-AUR
T016188,12/06/2021,F02302,FERT_PURCHASE,Hybrid Seeds,227 kg,₹118.69,"₹26,942.63",BRD-AUR
T016203,11/11/2021,F02307,D,soya,208.00 kgs,"₹5,140.00","₹10,691.20",BRD-AUR
T016204,29/11/2021,F02307,DELIVERY,Soybean (Yellow),"1,544.00 kgs","₹5,140.00","₹79,361.60",BRD-AUR
T016205,15/07/2021,f02307,Input Purchase,NPK 10:26:26,193 kgs,₹34.46,"₹6,650.78",BRD-AUR
T016206,05/06/2021,F02307,input,Urea,230 kg,₹30.61,"₹7,040.30",BRD-AUR
T016207,04/06/2021,f02307,input,SEEDS,305 kg,₹54.44,"₹16,604.20",BRD-AUR
T016234,02/11/2021,F02318,D,Soybean (Yellow),380 kg,"₹5,420.00","₹20,596.00",BRD-AUR
T016235,07/07/2021, F02318 ,I,NPK 10:26:26,25 kg,₹33.61,₹840.25,BRD-AUR
T016279,30/10/2021,F02339,delivery,Soybean (Yellow),"1,474.00 kgs","₹5,315.00","₹78,343.10",BRD-AUR
T016280,11 Nov 2021,F02339,D,Soybean (Yellow),208 kg,"₹5,315.00","₹11,055.20",BRD-AUR
T016292,07/11/2021,F02346,DELIVERY,Soybean,125 kg,"₹5,490.00","₹6,862.50",BRD-AUR
T016293,10/11/2021,F02346,delivery,soya,25.00 kgs,"₹5,490.00","₹1,372.50",BRD-AUR
T016294,26/10/2021,F02346,DELIVERY,SOYABEAN,174 kg,"₹5,490.00","₹9,552.60",BRD-AUR
T016348,29/11/2021, F02369 ,Delivery,Soybean,1194 kg,"₹5,470.00","₹65,311.80",BRD-AUR
T016349,09/06/2021,F02369,Input Purchase,SEEDS,31 kg,₹71.36,"₹2,212.16",BRD-AUR
T016350,27/06/2021, F02369 ,INPUT_PURCHASE,Bio-pesticide,172 kg,₹693.90,"₹1,19,350.80",BRD-AUR
T016357,16/11/2021,F02373,D,SOYABEAN,1124 kg,"₹5,685.00","₹63,899.40",BRD-AUR
T016358,22/06/2021,F02373,FERT_PURCHASE,PPC,196 kg,₹410.94,"₹80,544.24",BRD-AUR
T016373,20/11/2021,f02378,DELIVERY,SOYABEAN,"1,230.00 kgs","₹5,140.00","₹63,222.00",BRD-AUR
T016374,19/06/2021,F02378,INPUT_PURCHASE,Seeds,148 kg,₹90.78,"₹13,435.44",BRD-AUR
T016375,28/06/2021,F02378,Input Purchase,Urea,217 kg,₹31.96,"₹6,935.32",BRD-AUR
T016397,16/10/2021,F02385,D,Soybean,"2,008.00 kgs","₹5,460.00","₹1,09,636.80",BRD-AUR
T016398,15/07/2021,F02385,FERT_PURCHASE,Hybrid Seeds,105 kgs,₹121.88,"₹12,797.40",BRD-AUR
T016446,10/11/2021,F02400,Delivery,soya,849.00 kgs,"₹5,065.00","₹43,001.85",BRD-AUR
T016447,22/10/2021,F02400,Delivery,SOYABEAN,821.00 kgs,"₹5,065.00","₹41,583.65",BRD-AUR
T016448,21/06/2021,F02400,FERT_PURCHASE,Fertilizer,80 kgs,₹42.87,"₹3,429.60",BRD-AUR
T016449,22/06/2021,F02400,INPUT_PURCHASE,SEEDS,87 kg,₹59.25,"₹5,154.75",BRD-AUR
T017275,08/05/2022,F01464,DELIVERY,Mustard,468 kg,"₹6,130.00","₹28,688.40",BRD-AUR
T017276,20/04/2022,f01464,delivery,Mustard,111 kg,"₹6,130.00","₹6,804.30",BRD-AUR
T017277,08/01/2022,F01464,input,DAP,28 kgs,₹53.00,"₹1,484.00",BRD-AUR
T017278,16/03/2022,F01467,FPO_DELIVERY,Mustard,108 kg,"₹6,520.00","₹7,041.60",BRD-AUR
T017279,05/05/2022,F01467,delivery,MUSTARD,400 kg,"₹6,520.00","₹26,080.00",BRD-AUR
T017280,27/12/2021,F01467,I,FERTILIZER 50kg bag,165 kgs,₹52.24,"₹8,619.60",BRD-AUR
T017281,15/12/2021,F01467,I,PPC,75 kg,₹504.46,"₹37,834.50",BRD-AUR
T017282,24/12/2021,F01467,FERT_PURCHASE,FERTILIZER 50kg bag,61 kg,₹31.06,"₹1,894.66",BRD-AUR
T017283,26 Mar 2022,F01467,loan,Loan Repayment,,,"₹1,500.00",BRD-AUR
T017284,18/05/2022,F01467,L,Loan Repayment,,,"₹6,200.00",BRD-AUR
T017285,32/01/2022,f01476,Delivery,Mustard,2169 kg,"₹6,175.00","₹1,33,935.75",BRD-AUR
T017286,09/05/2022,F01476,FPO_DELIVERY,MUSTARD,"2,236.00 kgs","₹6,175.00","₹1,38,073.00",BRD-AUR
T017287,10/04/2022,f01476,loan,Loan Repayment,,,"₹6,400.00",BRD-AUR
T017288,09/04/2022,F01479,DELIVERY,Mustard,973 kg,"₹6,510.00","₹63,342.30",BRD-AUR
T017289,01/12/2021,F01479,FERT_PURCHASE,Bio-pesticide,157 kgs,₹673.04,"₹1,05,667.28",BRD-AUR
T017290,02 Dec 2021,F01479,Input Purchase,Hybrid Seeds,95 kgs,₹61.96,"₹5,886.20",BRD-AUR
T017291,29/04/2022,F01481,FPO_DELIVERY,MUSTARD,1357 kg,"₹6,685.00","₹90,715.45",BRD-AUR
T017292,28/12/2021,F01481,input,FERTILIZER 50kg bag,83 kgs,₹43.71,"₹3,627.93",BRD-AUR
T017293,03/01/2022,f01481,input,Hybrid Seeds,242 kgs,₹124.55,"₹30,141.10",BRD-AUR
T017294,02/05/2022,f01481,L,Loan Repayment,,,"₹5,900.00",BRD-AUR
T017295,20/05/2022,f01481,L,EMI,,,"₹1,800.00",BRD-AUR
T017296,18/03/2022,F01481,loan,EMI,,,"₹3,700.00",BRD-AUR
T017297,02/04/2022,F01489,delivery,MUSTARD,361 kg,"₹6,925.00","₹24,999.25",BRD-AUR
T017298,29/03/2022,F01489,delivery,mustard (Yellow),1698 kg,"₹6,925.00","₹1,17,586.50",BRD-AUR
T017299,20/04/2022,F01490,Delivery,mustard (Yellow),4480 kg,"₹6,770.00","₹3,03,296.00",BRD-AUR
T017300,10/05/2022,F01490,FPO_DELIVERY,Mustard,"1,590.00 kgs","₹6,770.00","₹1,07,643.00",BRD-AUR
T017301,30/03/2022,F01490,D,WHEAT,2680 kg,"₹2,365.00","₹63,382.00",BRD-AUR
T017302,12/03/2022,F01490,FPO_DELIVERY,WHEAT,10039 kg,"₹2,365.00","₹2,37,422.35",BRD-AUR
T017303,30/12/2021,f01490,I,FERTILIZER 50kg bag,284 kgs,₹35.99,"₹10,221.16",BRD-AUR
T017304,03 Mar 2022,f01492,FPO_DELIVERY,Yellow Mustard,1614 kg,"₹6,445.00","₹1,04,022.30",BRD-AUR
T017305,07/05/2022,F01492,D,Yellow Mustard,669.00 kgs,"₹6,445.00","₹43,117.05",BRD-AUR
T017306,19/03/2022, F01492 ,FPO_DELIVERY,Mustard,511.00 kgs,"₹6,445.00","₹32,933.95",BRD-AUR
T017307,01/12/2021,F01492,FERT_PURCHASE,FERTILIZER 50kg bag,169 kgs,₹35.94,"₹6,073.86",BRD-AUR
T017308,31/12/2021,F01492,Input Purchase,Bio-pesticide,181 kg,₹634.77,"₹1,14,893.37",BRD-AUR
T017309,21/12/2021,F01492,FERT_PURCHASE,Urea,206 kgs,₹50.17,"₹10,335.02",BRD-AUR
T017310,08/12/2021,F01492,INPUT_PURCHASE,Hybrid Seeds,293 kgs,₹93.97,"₹27,533.21",BRD-AUR
T017311,11 Jan 2022,F01492,LOAN_REPAY,Loan Repayment,,,"₹2,100.00",BRD-AUR
T017312,18 Jan 2022, F01492 ,LOAN_REPAY,Loan Repayment,,,"₹3,800.00",BRD-AUR
T017313,21/04/2022,F01495,D,MUSTARD,"1,197.00 kgs","₹6,405.00","₹76,667.85",BRD-AUR
T017314,14/01/2022,F01495,I,Urea,148 kgs,₹38.40,"₹5,683.20",BRD-AUR
T017315,25/04/2022,F01498,FPO_DELIVERY,Yellow Mustard,112 kg,"₹6,565.00","₹7,352.80",BRD-AUR
T017316,03/04/2022,F01498,DELIVERY,Mustard,406 kg,"₹6,565.00","₹26,653.90",BRD-AUR
T017317,31/03/2022,F01499,delivery,Yellow Mustard,314.00 kgs,"₹6,740.00","₹21,163.60",BRD-AUR
T017318,08/04/2022,F01501,FPO_DELIVERY,mustard (Yellow),109.00 kgs,"₹6,665.00","₹7,264.85",BRD-AUR
T017319,15/03/2022,F01501,DELIVERY,mustard (Yellow),267 kg,"₹6,665.00","₹17,795.55",BRD-AUR
T017320,19/12/2021,F01501,INPUT_PURCHASE,Urea,184 kg,₹47.98,"₹8,828.32",BRD-AUR
T017321,04 Dec 2021,F01501,Input Purchase,Urea,74 kg,₹53.10,"₹3,929.40",BRD-AUR
T017322,23 May 2022,f01501,Loan Repayment,EMI,,,"₹3,200.00",BRD-AUR
T017323,11/03/2022,F01501,LOAN_REPAY,Loan Repayment,,,"₹5,200.00",BRD-AUR
T017324,01 Apr 2022,F01502,FPO_DELIVERY,Mustard,"1,468.00 kgs","₹6,690.00","₹98,209.20",BRD-AUR
T017325,10/05/2022,F01505,delivery,Mustard,602 kg,"₹7,090.00","₹42,681.80",BRD-AUR
T017326,28/12/2021,F01505,FERT_PURCHASE,NPK 10:26:26,68 kg,₹34.85,"₹2,369.80",BRD-AUR
T017327,24/04/2022,F01505,Loan Repayment,EMI,,,"₹1,300.00",BRD-AUR
T017328,12/04/2022,F01510,delivery,mustard (Yellow),711.00 kgs,"₹6,630.00","₹47,139.30",BRD-AUR
T017329,09/05/2022,F01510,D,WHEAT,"1,508.00 kgs","₹2,575.00","₹38,831.00",BRD-AUR
T017330,26/12/2021,F01510,Input Purchase,Hybrid Seeds,173 kg,₹102.35,"₹17,706.55",BRD-AUR
T017331,09/01/2022,F01510,FERT_PURCHASE,FERTILIZER 50kg bag,177 kg,₹35.97,"₹6,366.69",BRD-AUR
T017332,30/04/2022,F01510,LOAN_REPAY,EMI,,,₹800.00,BRD-AUR
T017333,18/03/2022,F01510,loan,EMI,,,"₹2,100.00",BRD-AUR
T017334,26 Apr 2022,F01511,DELIVERY,mustard (Yellow),530.00 kgs,"₹6,250.00","₹33,125.00",BRD-AUR
T017335,04/04/2022,F01511,delivery,mustard (Yellow),727 kg,"₹6,250.00","₹45,437.50",BRD-AUR
T017336,09/04/2022,F01511,delivery,mustard (Yellow),215.00 kgs,"₹6,250.00","₹13,437.50",BRD-AUR
T017337,10/12/2021,F01511,FERT_PURCHASE,Seeds,57 kgs,₹126.84,"₹7,229.88",BRD-AUR
T017338,06/01/2022,F01511,input,Hybrid Seeds,158 kg,₹78.97,"₹12,477.26",BRD-AUR
T017339,10/05/2022,F01513,Delivery,Yellow Mustard,2968 kg,"₹6,950.00","₹2,06,276.00",BRD-AUR
T017340,03/05/2022,F01513,DELIVERY,mustard (Yellow),310.00 kgs,"₹6,950.00","₹21,545.00",BRD-AUR
T017341,17/04/2022,F01513,FPO_DELIVERY,Sarson,54 kg,"₹6,950.00","₹3,753.00",BRD-AUR
T017342,18/03/2022,F01513,D,Wheat,"5,234.00 kgs","₹2,480.00","₹1,29,803.20",BRD-AUR
T017343,05/05/2022,F01513,FPO_DELIVERY,Lokwan Wheat,4124 kg,"₹2,480.00","₹1,02,275.20",BRD-AUR
T017344,12/01/2022,F01513,input,PPC,306 kg,₹182.96,"₹55,985.76",BRD-AUR
T017345,02/12/2021,F01513,FERT_PURCHASE,Fertilizer,222 kg,₹36.74,"₹8,156.28",BRD-AUR
T017346,15/12/2021,F01513,I,Fertilizer,117 kg,₹40.09,"₹4,690.53",BRD-AUR
T017347,07/03/2022,F01514,Delivery,Mustard,81.00 kgs,"₹6,640.00","₹5,378.40",BRD-AUR
T017348,07/04/2022,F01514,D,Sarson,702.00 kgs,"₹6,640.00","₹46,612.80",BRD-AUR
T017349,12/05/2022,F01518,D,mustard (Yellow),567 kg,"₹5,745.00","₹32,574.15",BRD-AUR
T017350,30/03/2022,F01518,DELIVERY,mustard (Yellow),136 kg,"₹5,745.00","₹7,813.20",BRD-AUR
T017351,08/12/2021,F01518,FERT_PURCHASE,Urea,293 kg,₹37.32,"₹10,934.76",BRD-AUR
T017352,11/12/2021,f01518,INPUT_PURCHASE,Urea,277 kgs,₹49.21,"₹13,631.17",BRD-AUR
T017353,10/12/2021,F01518,Input Purchase,Urea,223 kgs,₹33.43,"₹7,454.89",BRD-AUR
T017354,28/01/2022,F01518,loan,Loan Repayment,,,"₹6,600.00",BRD-AUR
T017355,18/01/2022,F01518,LOAN_REPAY,Loan Repayment,,,"₹6,600.00",BRD-AUR
T017356,14/03/2022,F01526,delivery,Yellow Mustard,"1,169.00 kgs","₹6,385.00","₹74,640.65",BRD-AUR
T017357,18/03/2022,F01526,delivery,Wheat (Durum),2479 kg,"₹2,645.00","₹65,569.55",BRD-AUR
T017358,27/03/2022,F01526,FPO_DELIVERY,Wheat,311.00 kgs,"₹2,645.00","₹8,225.95",BRD-AUR
T017359,23/12/2021,F01526,input,SEEDS,42 kgs,₹121.00,"₹5,082.00",BRD-AUR
T017360,11/12/2021,F01526,Input Purchase,FERTILIZER 50kg bag,264 kgs,₹58.62,"₹15,475.68",BRD-AUR
T017361,21/04/2022,F01527,delivery,MUSTARD,624.00 kgs,"₹6,730.00","₹41,995.20",BRD-AUR
T017362,12/05/2022,F01527,delivery,MUSTARD,105.00 kgs,"₹6,730.00","₹7,066.50",BRD-AUR
T017363,28/12/2021,F01527,FERT_PURCHASE,Hybrid Seeds,243 kgs,₹46.84,"₹11,382.12",BRD-AUR
T017364,03 May 2022,F01528,D,Yellow Mustard,500 kg,"₹6,370.00","₹31,850.00",BRD-AUR
T017365,16/12/2021,F01528,input,Urea,113 kg,₹44.53,"₹5,031.89",BRD-AUR
T017366,21 Apr 2022,F01530,D,Sarson,368.00 kgs,"₹6,405.00","₹23,570.40",BRD-AUR
T017367,10 Apr 2022,F01530,delivery,Yellow Mustard,1125 kg,"₹6,405.00","₹72,056.25",BRD-AUR
T017368,12/12/2021,F01530,FERT_PURCHASE,Fertilizer,96 kg,₹37.92,"₹3,640.32",BRD-AUR
T017369,13/03/2022,F01535,Delivery,Mustard,1363 kg,"₹6,400.00","₹87,232.00",BRD-AUR
T017370,04/12/2021,F01535,FERT_PURCHASE,Seeds,230 kgs,₹80.66,"₹18,551.80",BRD-AUR
T017371,02/05/2022,f01537,FPO_DELIVERY,mustard (Yellow),954 kg,"₹6,315.00","₹60,245.10",BRD-AUR
T017372,16/12/2021,F01537,Input Purchase,FERTILIZER 50kg bag,103 kg,₹30.94,"₹3,186.82",BRD-AUR
T017373,25/12/2021, F01537 ,LOAN_REPAY,EMI,,,"₹7,500.00",BRD-AUR
T017374,23 Apr 2022,F01538,FPO_DELIVERY,Sarson,1164 kg,"₹7,250.00","₹84,390.00",BRD-AUR
T017375,22/03/2022,f01538,Delivery,Mustard,470 kg,"₹7,250.00","₹34,075.00",BRD-AUR
T017376,10/03/2022,F01538,delivery,Sarson,149 kg,"₹7,250.00","₹10,802.50",BRD-AUR
T017377,25/04/2022,F01538,Delivery,Wheat (Durum),"2,467.00 kgs","₹2,550.00","₹62,908.50",BRD-AUR
T017378,13/05/2022,F01538,DELIVERY,wheat,745 kg,"₹2,550.00","₹18,997.50",BRD-AUR
T017379,11/04/2022,F01538,FPO_DELIVERY,Wheat (Durum),"1,294.00 kgs","₹2,550.00","₹32,997.00",BRD-AUR
T017380,09/01/2022,F01538,Loan Repayment,EMI,,,"₹6,500.00",BRD-AUR
T017381,11/03/2022,F01538,Loan Repayment,EMI,,,"₹7,100.00",BRD-AUR
T017382,25/01/2022,F01538,LOAN_REPAY,EMI,,,"₹1,100.00",BRD-AUR
T017383,03/04/2022,F01542,D,mustard (Yellow),"1,265.00 kgs","₹6,325.00","₹80,011.25",BRD-AUR
T017384,03/04/2022,F01542,delivery,MUSTARD,43.00 kgs,"₹6,325.00","₹2,719.75",BRD-AUR
T017385,04 Jan 2022,F01542,input,FERTILIZER 50kg bag,175 kgs,₹43.14,"₹7,549.50",BRD-AUR
T017386,20 Dec 2021,f01542,INPUT_PURCHASE,NPK 10:26:26,74 kgs,₹50.70,"₹3,751.80",BRD-AUR
T017387,04/03/2022,F01543,DELIVERY,Mustard,"1,421.00 kgs","₹6,275.00","₹89,167.75",BRD-AUR
T017388,27/03/2022,F01543,delivery,Yellow Mustard,133.00 kgs,"₹6,275.00","₹8,345.75",BRD-AUR
T017389,24/12/2021,F01543,I,DAP,251 kgs,₹54.03,"₹13,561.53",BRD-AUR
T017390,16/12/2021,F01543,input,NPK 10:26:26,75 kgs,₹47.11,"₹3,533.25",BRD-AUR
T017391,11/03/2022,f01544,DELIVERY,Mustard,"1,287.00 kgs","₹6,595.00","₹84,877.65",BRD-AUR
T017392,05/12/2021,F01544,FERT_PURCHASE,NPK 10:26:26,60 kg,₹53.12,"₹3,187.20",BRD-AUR
T017393,09/04/2022,F01545,Delivery,Sarson,75 kg,"₹6,700.00","₹5,025.00",BRD-AUR
T017394,24/03/2022,f01545,delivery,Yellow Mustard,583 kg,"₹6,700.00","₹39,061.00",BRD-AUR
T017395,30/04/2022,F01545,FPO_DELIVERY,mustard (Yellow),891 kg,"₹6,700.00","₹59,697.00",BRD-AUR
T017396,01/04/2022,F01545,delivery,Wheat (Durum),34.00 kgs,"₹2,495.00",₹848.30,BRD-AUR
T017397,20/03/2022,F01545,DELIVERY,WHEAT,"3,328.00 kgs","₹2,495.00","₹83,033.60",BRD-AUR
T017398,10/01/2022,f01545,I,Urea,201 kgs,₹38.29,"₹7,696.29",BRD-AUR
T017399,23 Apr 2022,F01546,FPO_DELIVERY,MUSTARD,550 kg,"₹6,405.00","₹35,227.50",BRD-AUR
T017400,27/04/2022,F01546,delivery,Yellow Mustard,287.00 kgs,"₹6,405.00","₹18,382.35",BRD-AUR
T017401,09/04/2022,F01546,delivery,mustard (Yellow),199 kg,"₹6,405.00","₹12,745.95",BRD-AUR
T017402,12/03/2022,F01548,FPO_DELIVERY,Mustard,783 kg,"₹6,220.00","₹48,702.60",BRD-AUR
T017403,15/04/2022,F01548,D,Wheat,660.00 kgs,"₹2,420.00","₹15,972.00",BRD-AUR
T017404,26/03/2022,F01548,D,Wheat,"1,386.00 kgs","₹2,420.00","₹33,541.20",BRD-AUR
T017405,01/01/2022,F01548,I,DAP,194 kg,₹45.71,"₹8,867.74",BRD-AUR
T017406,29/12/2021, F01548 ,input,DAP,188 kg,₹48.23,"₹9,067.24",BRD-AUR
T017407,12 Jan 2022,F01548,L,EMI,,,"₹5,900.00",BRD-AUR
T017408,24/03/2022,F01550,DELIVERY,Mustard,2315 kg,"₹6,470.00","₹1,49,780.50",BRD-AUR
T017409,03/05/2022,F01550,D,Sarson,411 kg,"₹6,470.00","₹26,591.70",BRD-AUR
T017410,21/12/2021,F01550,Input Purchase,DAP,196 kg,₹56.48,"₹11,070.08",BRD-AUR
T017411,11/05/2022,F01553,Delivery,Sarson,746.00 kgs,"₹6,765.00","₹50,466.90",BRD-AUR
T017412,23/12/2021,F01553,I,Hybrid Seeds,244 kgs,₹117.24,"₹28,606.56",BRD-AUR
T017413,11/12/2021,F01553,FERT_PURCHASE,DAP,141 kgs,₹33.61,"₹4,739.01",BRD-AUR
T017414,05/12/2021,F01553,INPUT_PURCHASE,DAP,147 kg,₹41.36,"₹6,079.92",BRD-AUR
T017415,24/03/2022,F01556,DELIVERY,MUSTARD,"1,221.00 kgs","₹6,470.00","₹78,998.70",BRD-AUR
T017416,23/04/2022,F01556,FPO_DELIVERY,Wheat,"1,517.00 kgs","₹2,390.00","₹36,256.30",BRD-AUR
T017417,04/04/2022,f01556,delivery,Lokwan Wheat,1421 kg,"₹2,390.00","₹33,961.90",BRD-AUR
T017418,14/03/2022, F01558 ,Delivery,Sarson,557.00 kgs,"₹6,870.00","₹38,265.90",BRD-AUR
T017419,09 May 2022,F01558,D,MUSTARD,434 kg,"₹6,870.00","₹29,815.80",BRD-AUR
T017420,25/04/2022,F01558,D,WHEAT,1380 kg,"₹2,420.00","₹33,396.00",BRD-AUR
T017421,27/03/2022,F01558,Delivery,wheat,1068 kg,"₹2,420.00","₹25,845.60",BRD-AUR
T017422,08/04/2022,F01560,DELIVERY,Yellow Mustard,"1,023.00 kgs","₹6,185.00","₹63,272.55",BRD-AUR
T017423,15/01/2022,F01560,I,DAP,154 kg,₹31.96,"₹4,921.84",BRD-AUR
T017424,25/12/2021,F01560,input,Hybrid Seeds,190 kgs,₹106.01,"₹20,141.90",BRD-AUR
T017425,01 Mar 2022,F01561,Delivery,Sarson,691.00 kgs,"₹6,745.00","₹46,607.95",BRD-AUR
T017426,12 May 2022,F01561,DELIVERY,Sarson,168.00 kgs,"₹6,745.00","₹11,331.60",BRD-AUR
T017427,14/04/2022,F01561,FPO_DELIVERY,mustard (Yellow),204 kg,"₹6,745.00","₹13,759.80",BRD-AUR
T017428,02/05/2022,F01561,DELIVERY,Wheat,906.00 kgs,"₹2,355.00","₹21,336.30",BRD-AUR
T017429,26/03/2022,F01561,FPO_DELIVERY,Wheat (Durum),1538 kg,"₹2,355.00","₹36,219.90",BRD-AUR
T017430,25/12/2021,F01561,input,DAP,232 kg,₹58.68,"₹13,613.76",BRD-AUR
T017431,01/01/2022,F01561,FERT_PURCHASE,PPC,244 kgs,₹228.28,"₹55,700.32",BRD-AUR
T017432,04/03/2022,F01563,DELIVERY,MUSTARD,808 kg,"₹6,565.00","₹53,045.20",BRD-AUR
T017433,17/03/2022,F01563,FPO_DELIVERY,MUSTARD,240.00 kgs,"₹6,565.00","₹15,756.00",BRD-AUR
T017434,01/01/2022,F01563,I,Fertilizer,114 kgs,₹43.29,"₹4,935.06",BRD-AUR
T017435,09/05/2022,F01564,DELIVERY,Yellow Mustard,"1,380.00 kgs","₹6,360.00","₹87,768.00",BRD-AUR
T017436,03/12/2021,F01564,input,DAP,115 kg,₹51.87,"₹5,965.05",BRD-AUR
T017437,17/12/2021,F01564,Input Purchase,Hybrid Seeds,172 kg,₹116.77,"₹20,084.44",BRD-AUR
T017438,24/12/2021,F01564,INPUT_PURCHASE,Bio-pesticide,83 kgs,₹220.66,"₹18,314.78",BRD-AUR
T017439,07/03/2022,f01568,Delivery,Mustard,192.00 kgs,"₹6,000.00","₹11,520.00",BRD-AUR
T017440,15/05/2022,F01568,FPO_DELIVERY,MUSTARD,2381 kg,"₹6,000.00","₹1,42,860.00",BRD-AUR
T017441,24/12/2021,F01568,Input Purchase,Urea,264 kg,₹57.61,"₹15,209.04",BRD-AUR
T017442,27/04/2022,F01569,FPO_DELIVERY,MUSTARD,"1,510.00 kgs","₹6,670.00","₹1,00,717.00",BRD-AUR
T017443,19/04/2022,F01569,delivery,Sarson,548.00 kgs,"₹6,670.00","₹36,551.60",BRD-AUR
T017444,22/12/2021,F01569,FERT_PURCHASE,NPK 10:26:26,187 kg,₹45.54,"₹8,515.98",BRD-AUR
T017445,07/03/2022,f01575,delivery,Mustard,"1,055.00 kgs","₹6,595.00","₹69,577.25",BRD-AUR
T017446,23/03/2022,F01575,FPO_DELIVERY,mustard (Yellow),446 kg,"₹6,595.00","₹29,413.70",BRD-AUR
T017447,28 Dec 2021,F01575,FERT_PURCHASE,Urea,31 kg,₹41.39,"₹1,283.09",BRD-AUR
T017448,25/03/2022,f01576,FPO_DELIVERY,Mustard,497.00 kgs,"₹6,650.00","₹33,050.50",BRD-AUR
T017449,27/03/2022,F01576,DELIVERY,MUSTARD,315.00 kgs,"₹6,650.00","₹20,947.50",BRD-AUR
T017450,27/12/2021,F01576,Input Purchase,Seeds,232 kg,₹72.61,"₹16,845.52",BRD-AUR
T017451,06/03/2022,F01576,L,EMI,,,"₹6,500.00",BRD-AUR
T017452,25/04/2022,f01577,Delivery,mustard (Yellow),137 kg,"₹6,555.00","₹8,980.35",BRD-AUR
T017453,23/04/2022,F01577,DELIVERY,Sarson,267 kg,"₹6,555.00","₹17,501.85",BRD-AUR
T017454,19/03/2022,F01580,FPO_DELIVERY,mustard (Yellow),241.00 kgs,"₹6,235.00","₹15,026.35",BRD-AUR
T017455,19/04/2022,F01580,FPO_DELIVERY,Mustard,119 kg,"₹6,235.00","₹7,419.65",BRD-AUR
T017456,02/05/2022,F01580,Delivery,mustard (Yellow),570 kg,"₹6,235.00","₹35,539.50",BRD-AUR
T017457,27/12/2021,F01580,input,Fertilizer,93 kgs,₹59.86,"₹5,566.98",BRD-AUR
T017458,01 Jan 2022,f01580,INPUT_PURCHASE,Hybrid Seeds,308 kg,₹118.22,"₹36,411.76",BRD-AUR
T017459,03/05/2022,F01581,DELIVERY,mustard (Yellow),917 kg,"₹6,525.00","₹59,834.25",BRD-AUR
T017460,15/04/2022,F01581,FPO_DELIVERY,WHEAT,291 kg,"₹2,505.00","₹7,289.55",BRD-AUR
T017461,11/05/2022,F01581,Delivery,Wheat,"1,946.00 kgs","₹2,505.00","₹48,747.30",BRD-AUR
T017462,10/01/2022,F01581,input,PP chemicals,154 kgs,₹291.29,"₹44,858.66",BRD-AUR
T017463,30/04/2022,F01582,FPO_DELIVERY,MUSTARD,131.00 kgs,"₹6,375.00","₹8,351.25",BRD-AUR
T017464,10 May 2022,F01582,Delivery,mustard (Yellow),1378 kg,"₹6,375.00","₹87,847.50",BRD-AUR
T017465,30/12/2021,F01582,FERT_PURCHASE,Urea,155 kgs,₹58.10,"₹9,005.50",BRD-AUR
T017466,03/03/2022,F01586,Delivery,Yellow Mustard,200.00 kgs,"₹6,805.00","₹13,610.00",BRD-AUR
T017467,09/03/2022,f01586,Delivery,Sarson,2089 kg,"₹6,805.00","₹1,42,156.45",BRD-AUR
T017468,12/01/2022, F01586 ,FERT_PURCHASE,FERTILIZER 50kg bag,123 kgs,₹41.20,"₹5,067.60",BRD-AUR
T017469,18 Dec 2021,F01586,Input Purchase,PP chemicals,318 kgs,₹535.83,"₹1,70,393.94",BRD-AUR
T017470,04/04/2022,F01587,D,mustard (Yellow),581 kg,"₹6,620.00","₹38,462.20",BRD-AUR
T017471,22/03/2022,F01587,DELIVERY,MUSTARD,506.00 kgs,"₹6,620.00","₹33,497.20",BRD-AUR
T017472,31/03/2022,f01587,Delivery,Lokwan Wheat,2798 kg,"₹2,530.00","₹70,789.40",BRD-AUR
T017473,09/04/2022,F01589,Delivery,mustard (Yellow),209 kg,"₹6,040.00","₹12,623.60",BRD-AUR
T017474,14/05/2022,F01589,D,Sarson,479 kg,"₹6,040.00","₹28,931.60",BRD-AUR
T017475,01/03/2022,F01590,FPO_DELIVERY,mustard (Yellow),415.00 kgs,"₹6,230.00","₹25,854.50",BRD-AUR
T017476,27/04/2022,F01590,loan,Loan Repayment,,,"₹6,100.00",BRD-AUR
T017477,07/12/2021,F01590,loan,Loan Repayment,,,"₹4,000.00",BRD-AUR
T017478,03/05/2022,F01593,Delivery,Yellow Mustard,1948 kg,"₹6,555.00","₹1,27,691.40",BRD-AUR
T017479,28/03/2022, F01593 ,delivery,Yellow Mustard,33.00 kgs,"₹6,555.00","₹2,163.15",BRD-AUR
T017480,13/12/2021,F01593,FERT_PURCHASE,Urea,196 kg,₹45.72,"₹8,961.12",BRD-AUR
T017481,17/12/2021,F01593,FERT_PURCHASE,Urea,191 kgs,₹55.33,"₹10,568.03",BRD-AUR
T017482,27/03/2022,F01595,Delivery,Sarson,525 kg,"₹6,100.00","₹32,025.00",BRD-AUR
T017483,18 Mar 2022,F01595,delivery,MUSTARD,190.00 kgs,"₹6,100.00","₹11,590.00",BRD-AUR
T017484,17/12/2021,F01595,Input Purchase,SEEDS,310 kg,₹106.57,"₹33,036.70",BRD-AUR
T017485,17/12/2021,F01595,FERT_PURCHASE,SEEDS,151 kg,₹46.15,"₹6,968.65",BRD-AUR
T017486,14 May 2022,F01599,delivery,mustard (Yellow),3103 kg,"₹6,260.00","₹1,94,247.80",BRD-AUR
T017487,17/03/2022,F01599,D,MUSTARD,782 kg,"₹6,260.00","₹48,953.20",BRD-AUR
T017488,16 Apr 2022,F01599,DELIVERY,wheat,7745 kg,"₹2,400.00","₹1,85,880.00",BRD-AUR
T017489,02/12/2021,F01599,FERT_PURCHASE,Urea,264 kgs,₹37.92,"₹10,010.88",BRD-AUR
T017490,21/12/2021,F01599,input,Seeds,66 kgs,₹73.58,"₹4,856.28",BRD-AUR
T017491,03/01/2022,F01599,INPUT_PURCHASE,Fertilizer,132 kgs,₹37.45,"₹4,943.40",BRD-AUR
T017492,22/05/2022,F01599,Loan Repayment,Loan Repayment,,,"₹5,200.00",BRD-AUR
T017493,01/03/2022,F01603,Delivery,Mustard,251 kg,"₹6,185.00","₹15,524.35",BRD-AUR
T017494,22/03/2022,F01603,delivery,Mustard,712 kg,"₹6,185.00","₹44,037.20",BRD-AUR
T017495,15/04/2022,F01603,FPO_DELIVERY,mustard (Yellow),"3,592.00 kgs","₹6,185.00","₹2,22,165.20",BRD-AUR
T017496,05/01/2022,F01603,INPUT_PURCHASE,FERTILIZER 50kg bag,142 kg,₹44.88,"₹6,372.96",BRD-AUR
T017497,01/12/2021,F01603,input,DAP,214 kgs,₹28.10,"₹6,013.40",BRD-AUR
T017498,12/03/2022,F01606,FPO_DELIVERY,MUSTARD,978.00 kgs,"₹6,450.00","₹63,081.00",BRD-AUR
T017499,22/04/2022,F01606,DELIVERY,MUSTARD,211 kg,"₹6,450.00","₹13,609.50",BRD-AUR
T017500,28/04/2022,f01606,DELIVERY,Lokwan Wheat,1436 kg,"₹2,570.00","₹36,905.20",BRD-AUR
T017501,11/03/2022, F01606 ,delivery,Wheat (Durum),736.00 kgs,"₹2,570.00","₹18,915.20",BRD-AUR
T017502,18/12/2021,F01606,input,NPK 10:26:26,83 kg,₹34.39,"₹2,854.37",BRD-AUR
T017503,21/12/2021,f01606,Input Purchase,Seeds,218 kg,₹86.47,"₹18,850.46",BRD-AUR
T017504,10/12/2021,F01606,input,Urea,274 kg,₹43.65,"₹11,960.10",BRD-AUR
T017505,08/03/2022,f01607,delivery,mustard (Yellow),2000 kg,"₹5,720.00","₹1,14,400.00",BRD-AUR
T017506,04/04/2022,F01607,FPO_DELIVERY,Wheat (Durum),470.00 kgs,"₹2,500.00","₹11,750.00",BRD-AUR
T017507,04/05/2022,F01607,Delivery,Wheat,3807 kg,"₹2,500.00","₹95,175.00",BRD-AUR
T017508,13/01/2022,F01607,FERT_PURCHASE,SEEDS,160 kgs,₹107.83,"₹17,252.80",BRD-AUR
T017509,15/12/2021,F01607,FERT_PURCHASE,NPK 10:26:26,45 kg,₹36.43,"₹1,639.35",BRD-AUR
T017510,13/12/2021,F01607,input,NPK 10:26:26,114 kg,₹45.88,"₹5,230.32",BRD-AUR
T017511,21 Dec 2021,F01607,I,FERTILIZER 50kg bag,184 kg,₹39.87,"₹7,336.08",BRD-AUR
T017512,26/03/2022,F01607,LOAN_REPAY,Loan Repayment,,,"₹6,500.00",BRD-AUR
T017513,06 Mar 2022,F01610,FPO_DELIVERY,MUSTARD,"1,008.00 kgs","₹6,120.00","₹61,689.60",BRD-AUR
T017514,30/04/2022,F01610,DELIVERY,Yellow Mustard,484.00 kgs,"₹6,120.00","₹29,620.80",BRD-AUR
T017515,15/01/2022, F01610 ,Loan Repayment,EMI,,,"₹5,100.00",BRD-AUR
T017516,01/02/2022,F01610,L,Loan Repayment,,,"₹1,600.00",BRD-AUR
T017517,21/04/2022,F01612,D,Yellow Mustard,"1,050.00 kgs","₹6,460.00","₹67,830.00",BRD-AUR
T017518,18/03/2022,F01612,Delivery,Yellow Mustard,203 kg,"₹6,460.00","₹13,113.80",BRD-AUR
T017519,14/12/2021,F01612,INPUT_PURCHASE,Fertilizer,237 kg,₹33.82,"₹8,015.34",BRD-AUR
T017520,03/01/2022,f01612,Input Purchase,Fertilizer,72 kg,₹41.39,"₹2,980.08",BRD-AUR
T017521,26/12/2021,F01612,input,Hybrid Seeds,286 kgs,₹64.88,"₹18,555.68",BRD-AUR
T018605,26/03/2022,f02222,FPO_DELIVERY,mustard (Yellow),"1,056.00 kgs","₹6,610.00","₹69,801.60",BRD-AUR
T018606,24/04/2022,F02222,DELIVERY,Mustard,466 kg,"₹6,610.00","₹30,802.60",BRD-AUR
T018607,08/12/2021, F02222 ,INPUT_PURCHASE,Urea,181 kg,₹54.83,"₹9,924.23",BRD-AUR
T018608,30/12/2021,F02222,INPUT_PURCHASE,DAP,97 kgs,₹49.73,"₹4,823.81",BRD-AUR
T018609,11/12/2021,F02222,FERT_PURCHASE,DAP,36 kgs,₹38.02,"₹1,368.72",BRD-AUR
T018652,03/05/2022,f02245,DELIVERY,MUSTARD,4074 kg,"₹6,780.00","₹2,76,217.20",BRD-AUR
T018653,07/01/2022,F02245,I,SEEDS,151 kgs,₹106.51,"₹16,083.01",BRD-AUR
T018695,08/03/2022,F02273,FPO_DELIVERY,Sarson,1175 kg,"₹6,370.00","₹74,847.50",BRD-AUR
T018696,08/12/2021,F02273,Input Purchase,Hybrid Seeds,197 kg,₹70.74,"₹13,935.78",BRD-AUR
T018697,03 Dec 2021,F02273,I,PP chemicals,305 kg,₹511.10,"₹1,55,885.50",BRD-AUR
T018714,29/04/2022, F02281 ,Delivery,MUSTARD,793.00 kgs,"₹7,010.00","₹55,589.30",BRD-AUR
T018715,17 Apr 2022,F02281,D,Mustard,1228 kg,"₹7,010.00","₹86,082.80",BRD-AUR
T018716,26/12/2021,F02281,I,Urea,305 kg,₹28.88,"₹8,808.40",BRD-AUR
T018717,30/12/2021,F02281,I,Seeds,91 kgs,₹107.08,"₹9,744.28",BRD-AUR
T018718,17 Dec 2021,F02281,FERT_PURCHASE,PP chemicals,121 kgs,₹287.80,"₹34,823.80",BRD-AUR
T018719,24 Mar 2022,F02281,LOAN_REPAY,Loan Repayment,,,"₹2,200.00",BRD-AUR
T018720,28/03/2022,F02281,L,EMI,,,"₹2,700.00",BRD-AUR
T018721,20/03/2022,F02281,LOAN_REPAY,Loan Repayment,,,"₹4,500.00",BRD-AUR
T018748,09 May 2022,F02300,delivery,MUSTARD,453 kg,"₹6,870.00","₹31,121.10",BRD-AUR
T018749,09 Dec 2021,F02300,INPUT_PURCHASE,Fertilizer,74 kg,₹45.41,"₹3,360.34",BRD-AUR
T018756,13/03/2022,F02302,FPO_DELIVERY,MUSTARD,725 kg,"₹5,715.00","₹41,433.75",BRD-AUR
T018757,01/03/2022,F02302,delivery,Yellow Mustard,311 kg,"₹5,715.00","₹17,773.65",BRD-AUR
T018758,23 Dec 2021,F02302,INPUT_PURCHASE,PPC,58 kg,₹457.99,"₹26,563.42",BRD-AUR
T018759,24/12/2021,F02302,input,FERTILIZER 50kg bag,207 kg,₹37.42,"₹7,745.94",BRD-AUR
T018760,17 Dec 2021,F02302,input,Urea,223 kg,₹47.03,"₹10,487.69",BRD-AUR
T018775,02/03/2022,F02307,D,Mustard,"1,914.00 kgs","₹6,155.00","₹1,17,806.70",BRD-AUR
T018776,05/12/2021,F02307,INPUT_PURCHASE,SEEDS,66 kgs,₹60.58,"₹3,998.28",BRD-AUR
T018777,04/12/2021,F02307,INPUT_PURCHASE,NPK 10:26:26,116 kg,₹54.40,"₹6,310.40",BRD-AUR
T018837,05/04/2022,F02339,delivery,MUSTARD,1438 kg,"₹6,145.00","₹88,365.10",BRD-AUR
T018921,30/04/2022,F02369,D,Mustard,745 kg,"₹6,395.00","₹47,642.75",BRD-AUR
T018922,03/05/2022, F02369 ,FPO_DELIVERY,Sarson,259.00 kgs,"₹6,395.00","₹16,563.05",BRD-AUR
T018923,02/12/2021, F02369 ,INPUT_PURCHASE,NPK 10:26:26,303 kgs,₹52.21,"₹15,819.63",BRD-AUR
T018924,23/12/2021,F02369,input,Hybrid Seeds,303 kgs,₹75.65,"₹22,921.95",BRD-AUR
T018941,31/03/2022,F02378,delivery,Yellow Mustard,453 kg,"₹6,265.00","₹28,380.45",BRD-AUR
T018942,27/12/2021,F02378,I,Hybrid Seeds,275 kgs,₹87.14,"₹23,963.50",BRD-AUR
T018952,05/05/2022,F02385,D,Yellow Mustard,"2,118.00 kgs","₹6,145.00","₹1,30,151.10",BRD-AUR
T018982,14 May 2022,f02400,Delivery,Yellow Mustard,"1,559.00 kgs","₹6,045.00","₹94,241.55",BRD-AUR
T018983,13/01/2022,F02400,INPUT_PURCHASE,Bio-pesticide,230 kgs,₹466.94,"₹1,07,396.20",BRD-AUR
T019040,28/03/2022,F02423,DELIVERY,Sarson,337.00 kgs,"₹6,155.00","₹20,742.35",BRD-AUR
T019041,05/03/2022,F02423,Delivery,Sarson,536.00 kgs,"₹6,155.00","₹32,990.80",BRD-AUR
T019042,14/01/2022,F02423,Input Purchase,FERTILIZER 50kg bag,145 kgs,₹53.35,"₹7,735.75",BRD-AUR
T019043,03/12/2021,F02423,Input Purchase,Bio-pesticide,151 kg,₹628.86,"₹94,957.86",BRD-AUR
T019044,16/12/2021,F02423,I,Seeds,316 kgs,₹68.75,"₹21,725.00",BRD-AUR
T019045,30/04/2022,F02424,delivery,Yellow Mustard,1338 kg,"₹6,515.00","₹87,170.70",BRD-AUR
T019077,04/03/2022,F02436,D,MUSTARD,626.00 kgs,"₹6,690.00","₹41,879.40",BRD-AUR
T019078,27 Feb 2022,F02436,loan,EMI,,,"₹2,300.00",BRD-AUR
T019079,03/02/2022,F02436,L,EMI,,,₹900.00,BRD-AUR
T019091,06/03/2022,F02441,DELIVERY,Sarson,"1,113.00 kgs","₹6,685.00","₹74,404.05",BRD-AUR
T019092,14/12/2021,F02441,Input Purchase,PPC,272 kg,₹329.48,"₹89,618.56",BRD-AUR
T019093,13/05/2022,F02442,FPO_DELIVERY,Yellow Mustard,"1,466.00 kgs","₹6,675.00","₹97,855.50",BRD-AUR
T019094,26/03/2022,F02442,Delivery,Mustard,979.00 kgs,"₹6,675.00","₹65,348.25",BRD-AUR
T019095,22/12/2021,F02442,I,Hybrid Seeds,69 kgs,₹97.59,"₹6,733.71",BRD-AUR
T019122,05/05/2022,F02450,FPO_DELIVERY,Mustard,403.00 kgs,"₹6,670.00","₹26,880.10",BRD-AUR
T019123,22/03/2022,F02450,delivery,MUSTARD,713.00 kgs,"₹6,670.00","₹47,557.10",BRD-AUR
T019124,07 Dec 2021,F02450,FERT_PURCHASE,Seeds,57 kg,₹78.87,"₹4,495.59",BRD-AUR
T019125,12/01/2022,F02450,INPUT_PURCHASE,PP chemicals,282 kgs,₹371.93,"₹1,04,884.26",BRD-AUR
T019126,13/01/2022,,INPUT_PURCHASE,NPK 10:26:26,76 kgs,₹48.38,"₹3,676.88",BRD-AUR
T019127,30/12/2021,F02450,input,FERTILIZER 50kg bag,167 kgs,₹47.78,"₹7,979.26",BRD-AUR
T019128,03 Jan 2022,F02450,I,DAP,281 kg,₹29.84,"₹8,385.04",BRD-AUR
T019785,16/11/2022,F01464,FPO_DELIVERY,Soybean (Yellow),618.00 kgs,"₹5,505.00","₹34,020.90",BRD-AUR
T019786,15 Oct 2022,F01464,D,soya,106 kg,"₹5,505.00","₹5,835.30",BRD-AUR
T019787,05/06/2022,F01464,FERT_PURCHASE,DAP,110 kgs,₹52.45,"₹5,769.50",BRD-AUR
T019788,24/06/2022,f01464,I,PP chemicals,268 kg,₹191.69,"₹51,372.92",BRD-AUR
T019789,19/06/2022,f01464,FERT_PURCHASE,FERTILIZER 50kg bag,169 kg,₹44.06,"₹7,446.14",BRD-AUR
T019790,07/11/2022,F01476,DELIVERY,Soybean,"3,089.00 kgs","₹5,150.00","₹1,59,083.50",BRD-AUR
T019791,28/11/2022,F01476,Delivery,Soybean,"2,282.00 kgs","₹5,150.00","₹1,17,523.00",BRD-AUR
T019792,17/06/2022,F01476,input,Hybrid Seeds,252 kgs,₹80.18,"₹20,205.36",BRD-AUR
T019793,09/06/2022, F01476 ,Input Purchase,Seeds,90 kgs,₹50.01,"₹4,500.90",BRD-AUR
T019794,15/06/2022,F01476,Loan Repayment,EMI,,,"₹1,500.00",BRD-AUR
T019795,27/11/2022,F01481,FPO_DELIVERY,Soybean,9.00 kgs,"₹5,570.00",₹501.30,BRD-AUR
T019796,08/11/2022,F01481,FPO_DELIVERY,Soybean (Yellow),510.00 kgs,"₹5,570.00","₹28,407.00",BRD-AUR
T019797,16/10/2022,F01481,D,soya,"1,134.00 kgs","₹5,570.00","₹63,163.80",BRD-AUR
T019798,04/07/2022,F01481,Input Purchase,NPK 10:26:26,67 kgs,₹36.44,"₹2,441.48",BRD-AUR
T019799,12/06/2022,F01481,I,NPK 10:26:26,311 kgs,₹35.10,"₹10,916.10",BRD-AUR
T019800,23/10/2022,f01481,loan,Loan Repayment,,,"₹5,300.00",BRD-AUR
T019801,22/09/2022,F01481,L,EMI,,,"₹2,800.00",BRD-AUR
T019802,26/11/2022,F01489,Delivery,SOYABEAN,"1,588.00 kgs","₹5,345.00","₹84,878.60",BRD-AUR
T019803,27/10/2022, F01489 ,D,soya,500.00 kgs,"₹5,345.00","₹26,725.00",BRD-AUR
T019804,04/07/2022,F01489,I,SEEDS,161 kgs,₹93.14,"₹14,995.54",BRD-AUR
T019805,05/11/2022,F01490,DELIVERY,Soybean,5109 kg,"₹5,690.00","₹2,90,702.10",BRD-AUR
T019806,01/11/2022, F01490 ,Delivery,soya,"1,834.00 kgs","₹5,690.00","₹1,04,354.60",BRD-AUR
T019807,10/07/2022,F01490,input,FERTILIZER 50kg bag,247 kgs,₹47.66,"₹11,772.02",BRD-AUR
T019808,03/06/2022,F01490,INPUT_PURCHASE,SEEDS,40 kgs,₹75.38,"₹3,015.20",BRD-AUR
T019809,10/11/2022,f01492,delivery,soya,3130 kg,"₹5,915.00","₹1,85,139.50",BRD-AUR
T019810,02/07/2022,F01492,INPUT_PURCHASE,SEEDS,297 kgs,₹73.12,"₹21,716.64",BRD-AUR
T019811,05/06/2022,F01492,Input Purchase,Urea,311 kg,₹43.56,"₹13,547.16",BRD-AUR
T019812,22/06/2022,F01492,L,Loan Repayment,,,"₹5,700.00",BRD-AUR
T019813,21/10/2022, F01495 ,delivery,Soybean (Yellow),582.00 kgs,"₹5,995.00","₹34,890.90",BRD-AUR
T019814,30/11/2022,F01495,DELIVERY,SOYABEAN,669 kg,"₹5,995.00","₹40,106.55",BRD-AUR
T019815,06/07/2022,F01495,Loan Repayment,EMI,,,"₹1,200.00",BRD-AUR
T019816,19/09/2022,F01495,L,EMI,,,"₹1,800.00",BRD-AUR
T019817,19/10/2022,F01499,delivery,soya,5 kg,"₹5,410.00",₹270.50,BRD-AUR
T019818,07/11/2022,F01499,Delivery,SOYABEAN,668 kg,"₹5,410.00","₹36,138.80",BRD-AUR
T019819,03/06/2022,F01499,input,Fertilizer,265 kg,₹33.99,"₹9,007.35",BRD-AUR
T019820,28 Sep 2022,F01499,L,Loan Repayment,,,"₹3,600.00",BRD-AUR
T019821,03/11/2022,F01499,loan,Loan Repayment,,,"₹4,000.00",BRD-AUR
T019822,28/11/2022,f01501,delivery,Soybean (Yellow),583 kg,"₹5,660.00","₹32,997.80",BRD-AUR
T019823,04/06/2022,F01501,FERT_PURCHASE,Fertilizer,133 kgs,₹42.39,"₹5,637.87",BRD-AUR
T019824,23/06/2022,f01501,I,PPC,312 kgs,₹582.30,"₹1,81,677.60",BRD-AUR
T019825,03/09/2022,F01501,LOAN_REPAY,EMI,,,"₹7,100.00",BRD-AUR
T019826,04/07/2022,F01501,loan,Loan Repayment,,,"₹5,500.00",BRD-AUR
T019827,05 Oct 2022,F01502,DELIVERY,SOYABEAN,208 kg,"₹5,530.00","₹11,502.40",BRD-AUR
T019828,15/11/2022,F01502,D,SOYABEAN,237 kg,"₹5,530.00","₹13,106.10",BRD-AUR
T019829,24/10/2022,F01502,FPO_DELIVERY,soya,865 kg,"₹5,530.00","₹47,834.50",BRD-AUR
T019830,19/06/2022,F01502,INPUT_PURCHASE,FERTILIZER 50kg bag,304 kgs,₹46.32,"₹14,081.28",BRD-AUR
T019831,18/06/2022,F01502,INPUT_PURCHASE,PP chemicals,288 kgs,₹174.55,"₹50,270.40",BRD-AUR
T019832,01/11/2022,F01505,delivery,Soybean,54 kg,"₹5,735.00","₹3,096.90",BRD-AUR
T019833,18 Nov 2022,F01505,Delivery,Soybean,689 kg,"₹5,735.00","₹39,514.15",BRD-AUR
T019834,05/06/2022,F01505,INPUT_PURCHASE,PP chemicals,209 kg,₹181.57,"₹37,948.13",BRD-AUR
T019835,23/07/2022,F01505,LOAN_REPAY,Loan Repayment,,,"₹3,700.00",BRD-AUR
T019836,14 Jul 2022,F01505,LOAN_REPAY,Loan Repayment,,,"₹4,800.00",BRD-AUR
T019837,05/11/2022, F01510 ,FPO_DELIVERY,SOYABEAN,554 kg,"₹5,500.00","₹30,470.00",BRD-AUR
T019838,07/11/2022,F01510,Delivery,SOYABEAN,161.00 kgs,"₹5,500.00","₹8,855.00",BRD-AUR
T019839,26/06/2022,F01510,input,Seeds,64 kg,₹78.77,"₹5,041.28",BRD-AUR
T019840,03/07/2022,F01510,Loan Repayment,EMI,,,"₹5,800.00",BRD-AUR
T019841,07/11/2022,F01511,D,Soybean,"1,778.00 kgs","₹5,550.00","₹98,679.00",BRD-AUR
T019842,06/07/2022,F01511,Input Purchase,Fertilizer,235 kgs,₹50.95,"₹11,973.25",BRD-AUR
T019843,04/10/2022,F01513,delivery,Soybean (Yellow),126 kg,"₹5,720.00","₹7,207.20",BRD-AUR
T019844,05/11/2022,F01513,delivery,Soybean (Yellow),"2,006.00 kgs","₹5,720.00","₹1,14,743.20",BRD-AUR
T019845,17/11/2022,f01513,D,SOYABEAN,"1,682.00 kgs","₹5,720.00","₹96,210.40",BRD-AUR
T019846,15/07/2022,F01513,I,DAP,175 kg,₹40.69,"₹7,120.75",BRD-AUR
T019847,10/07/2022,F01513,INPUT_PURCHASE,SEEDS,120 kgs,₹112.87,"₹13,544.40",BRD-AUR
T019848,10/07/2022,F01513,Input Purchase,SEEDS,70 kg,₹107.37,"₹7,515.90",BRD-AUR
T019849,26/11/2022,f01514,D,SOYABEAN,712.00 kgs,"₹5,745.00","₹40,904.40",BRD-AUR
T019850,14/06/2022,F01514,I,PPC,309 kgs,₹299.37,"₹92,505.33",BRD-AUR
T019851,23/10/2022,F01518,DELIVERY,soya,197.00 kgs,"₹5,645.00","₹11,120.65",BRD-AUR
T019852,10/10/2022,f01518,Delivery,soya,236 kg,"₹5,645.00","₹13,322.20",BRD-AUR
T019853,18/11/2022,F01518,Delivery,SOYABEAN,309 kg,"₹5,645.00","₹17,443.05",BRD-AUR
T019854,30/06/2022,F01518,I,PP chemicals,61 kg,₹210.91,"₹12,865.51",BRD-AUR
T019855,05/06/2022,F01518,Input Purchase,DAP,144 kg,₹56.29,"₹8,105.76",BRD-AUR
T019856,23/06/2022,F01518,INPUT_PURCHASE,NPK 10:26:26,240 kgs,₹40.06,"₹9,614.40",BRD-AUR
T019857,32/01/2022,f01526,delivery,soya,"1,351.00 kgs","₹5,605.00","₹75,723.55",BRD-AUR
T019858,15/06/2022,F01526,FERT_PURCHASE,Hybrid Seeds,268 kg,₹69.83,"₹18,714.44",BRD-AUR
T019859,28/06/2022,F01526,I,DAP,317 kg,₹56.57,"₹17,932.69",BRD-AUR
T019860,26/10/2022,F01527,FPO_DELIVERY,Soybean (Yellow),771 kg,"₹5,725.00","₹44,139.75",BRD-AUR
T019861,22/06/2022,F01527,FERT_PURCHASE,Fertilizer,249 kg,₹37.78,"₹9,407.22",BRD-AUR
T019862,21/10/2022,F01528,FPO_DELIVERY,soya,63 kg,"₹5,570.00","₹3,509.10",BRD-AUR
T019863,20/10/2022,F01528,FPO_DELIVERY,Soybean,411.00 kgs,"₹5,570.00","₹22,892.70",BRD-AUR
T019864,05/06/2022,F01528,input,NPK 10:26:26,125 kgs,₹31.52,"₹3,940.00",BRD-AUR
T019865,07/06/2022,F01528,input,PP chemicals,73 kg,₹499.07,"₹36,432.11",BRD-AUR
T019866,14/07/2022,F01528,input,FERTILIZER 50kg bag,168 kg,₹59.51,"₹9,997.68",BRD-AUR
T019867,18/11/2022,f01530,FPO_DELIVERY,Soybean (Yellow),"1,616.00 kgs","₹5,570.00","₹90,011.20",BRD-AUR
T019868,11/07/2022,F01530,FERT_PURCHASE,SEEDS,305 kgs,₹113.76,"₹34,696.80",BRD-AUR
T019869,03/07/2022,F01530,INPUT_PURCHASE,Urea,243 kg,₹53.27,"₹12,944.61",BRD-AUR
T019870,05/06/2022,F01530,FERT_PURCHASE,Urea,207 kg,₹46.37,"₹9,598.59",BRD-AUR
T019871,02/07/2022,F01530,FERT_PURCHASE,Seeds,267 kg,₹102.79,"₹27,444.93",BRD-AUR
T019872,28/06/2022,F01530,INPUT_PURCHASE,FERTILIZER 50kg bag,252 kgs,₹53.13,"₹13,388.76",BRD-AUR
T019873,23/11/2022,F01535,Delivery,Soybean (Yellow),"1,088.00 kgs","₹5,910.00","₹64,300.80",BRD-AUR
T019874,12/11/2022,f01535,Delivery,soya,336 kg,"₹5,910.00","₹19,857.60",BRD-AUR
T019875,31/10/2022,F01538,DELIVERY,SOYABEAN,721.00 kgs,"₹5,500.00","₹39,655.00",BRD-AUR
T019876,15/10/2022,F01538,Delivery,Soybean,1074 kg,"₹5,500.00","₹59,070.00",BRD-AUR
T019877,30/06/2022,F01538,input,DAP,79 kgs,₹52.19,"₹4,123.01",BRD-AUR
T019878,16/11/2022,F01538,Loan Repayment,Loan Repayment,,,"₹1,800.00",BRD-AUR
T019879,03/10/2022,F01542,D,Soybean (Yellow),138 kg,"₹5,675.00","₹7,831.50",BRD-AUR
T019880,02/10/2022,F01542,DELIVERY,Soybean,1018 kg,"₹5,675.00","₹57,771.50",BRD-AUR
T019881,17 Nov 2022,F01542,DELIVERY,Soybean (Yellow),12.00 kgs,"₹5,675.00",₹681.00,BRD-AUR
T019882,21/06/2022,F01542,I,PPC,173 kg,₹653.09,"₹1,12,984.57",BRD-AUR
T019883,13/07/2022,f01542,Input Purchase,SEEDS,31 kg,₹98.07,"₹3,040.17",BRD-AUR
T019884,18 Oct 2022, F01543 ,Delivery,Soybean,834 kg,"₹5,130.00","₹42,784.20",BRD-AUR
T019885,15/07/2022,F01543,Input Purchase,Seeds,173 kg,₹60.14,"₹10,404.22",BRD-AUR
T019886,30 Jun 2022,F01543,Input Purchase,FERTILIZER 50kg bag,151 kg,₹40.83,"₹6,165.33",BRD-AUR
T019887,01 Jul 2022,F01543,Input Purchase,Hybrid Seeds,231 kg,₹99.59,"₹23,005.29",BRD-AUR
T019888,13/10/2022,F01544,D,soya,91 kg,"₹5,460.00","₹4,968.60",BRD-AUR
T019889,22/11/2022,F01544,Delivery,Soybean (Yellow),1030 kg,"₹5,460.00","₹56,238.00",BRD-AUR
T019890,10/07/2022,F01544,Input Purchase,NPK 10:26:26,181 kgs,₹29.90,"₹5,411.90",BRD-AUR
T019891,16/06/2022,F01544,I,FERTILIZER 50kg bag,134 kgs,₹33.84,"₹4,534.56",BRD-AUR
T019892,26/11/2022,F01545,delivery,Soybean,723 kg,"₹5,660.00","₹40,921.80",BRD-AUR
T019893,19/11/2022,f01545,Delivery,Soybean,783.00 kgs,"₹5,660.00","₹44,317.80",BRD-AUR
T019894,05/06/2022,F01545,INPUT_PURCHASE,Bio-pesticide,213 kgs,₹126.53,"₹26,950.89",BRD-AUR
T019895,01/06/2022,F01545,I,Seeds,272 kgs,₹64.64,"₹17,582.08",BRD-AUR
T019896,01/06/2022,F01545,INPUT_PURCHASE,Hybrid Seeds,67 kgs,₹89.04,"₹5,965.68",BRD-AUR
T019897,13/11/2022,F01546,DELIVERY,SOYABEAN,"1,274.00 kgs","₹5,620.00","₹71,598.80",BRD-AUR
T019898,07/06/2022,F01546,INPUT_PURCHASE,NPK 10:26:26,180 kg,₹29.97,"₹5,394.60",BRD-AUR
T019899,29/11/2022,F01548,delivery,Soybean (Yellow),815 kg,"₹5,505.00","₹44,865.75",BRD-AUR
T019900,03/07/2022,F01548,INPUT_PURCHASE,Fertilizer,113 kgs,₹30.00,"₹3,390.00",BRD-AUR
T019901,05/06/2022,F01548,input,Hybrid Seeds,132 kgs,₹106.83,"₹14,101.56",BRD-AUR
T019902,21/10/2022,F01550,D,soya,1479 kg,"₹5,595.00","₹82,750.05",BRD-AUR
T019903,23/10/2022,F01550,DELIVERY,Soybean,"1,243.00 kgs","₹5,595.00","₹69,545.85",BRD-AUR
T019904,09/07/2022,F01550,Input Purchase,FERTILIZER 50kg bag,56 kgs,₹54.48,"₹3,050.88",BRD-AUR
T019905,20/11/2022,F01553,FPO_DELIVERY,Soybean (Yellow),335.00 kgs,"₹5,645.00","₹18,910.75",BRD-AUR
T019906,09/11/2022,F01553,DELIVERY,Soybean,11 kg,"₹5,645.00",₹620.95,BRD-AUR
T019907,16 Oct 2022, F01553 ,D,SOYABEAN,512.00 kgs,"₹5,645.00","₹28,902.40",BRD-AUR
T019908,17/06/2022,F01553,input,Hybrid Seeds,163 kgs,₹108.11,"₹17,621.93",BRD-AUR
T019909,15/07/2022,F01553,input,SEEDS,293 kgs,₹89.72,"₹26,287.96",BRD-AUR
T019910,14/07/2022, F01553 ,input,Bio-pesticide,27 kg,₹595.92,"₹16,089.84",BRD-AUR
T019911,21/10/2022,F01556,delivery,Soybean,213.00 kgs,"₹5,700.00","₹12,141.00",BRD-AUR
T019912,06/11/2022,F01556,DELIVERY,soya,205.00 kgs,"₹5,700.00","₹11,685.00",BRD-AUR
T019913,04/11/2022,F01556,FPO_DELIVERY,Soybean (Yellow),765.00 kgs,"₹5,700.00","₹43,605.00",BRD-AUR
T019914,21/06/2022,F01556,FERT_PURCHASE,FERTILIZER 50kg bag,200 kg,₹39.49,"₹7,898.00",BRD-AUR
T019915,05/10/2022, F01560 ,DELIVERY,SOYABEAN,1001 kg,"₹5,630.00","₹56,356.30",BRD-AUR
T019916,21/11/2022,f01560,Delivery,SOYABEAN,85.00 kgs,"₹5,630.00","₹4,785.50",BRD-AUR
T019917,29/06/2022,F01560,input,Hybrid Seeds,187 kgs,₹129.17,"₹24,154.79",BRD-AUR
T019918,05 Jun 2022,F01560,LOAN_REPAY,Loan Repayment,,,"₹3,400.00",BRD-AUR
T019919,02/06/2022,f01560,L,EMI,,,"₹5,500.00",BRD-AUR
T019920,21 Oct 2022,F01561,delivery,SOYABEAN,539.00 kgs,"₹5,835.00","₹31,450.65",BRD-AUR
T019921,01/11/2022,f01561,Delivery,soya,918 kg,"₹5,835.00","₹53,565.30",BRD-AUR
T019922,27/06/2022, F01561 ,I,FERTILIZER 50kg bag,47 kgs,₹47.66,"₹2,240.02",BRD-AUR
T019923,02/06/2022, F01561 ,I,Urea,55 kg,₹52.37,"₹2,880.35",BRD-AUR
T019924,08/07/2022,F01561,INPUT_PURCHASE,SEEDS,153 kg,₹108.50,"₹16,600.50",BRD-AUR
T019925,16/06/2022,F01561,Input Purchase,SEEDS,245 kg,₹62.22,"₹15,243.90",BRD-AUR
T019926,28/10/2022,F01563,D,SOYABEAN,"1,454.00 kgs","₹5,770.00","₹83,895.80",BRD-AUR
T019927,30/10/2022,F01564,FPO_DELIVERY,SOYABEAN,"1,694.00 kgs","₹5,345.00","₹90,544.30",BRD-AUR
T019928,03 Jul 2022,F01564,Input Purchase,Hybrid Seeds,167 kg,₹45.30,"₹7,565.10",BRD-AUR
T019929,24/10/2022,F01568,delivery,Soybean (Yellow),710.00 kgs,"₹5,385.00","₹38,233.50",BRD-AUR
T019930,16/10/2022,F01568,Delivery,Soybean (Yellow),210 kg,"₹5,385.00","₹11,308.50",BRD-AUR
T019931,22 Nov 2022,F01568,D,soya,"2,062.00 kgs","₹5,385.00","₹1,11,038.70",BRD-AUR
T019932,24/10/2022,F01569,FPO_DELIVERY,soya,428.00 kgs,"₹5,520.00","₹23,625.60",BRD-AUR
T019933,17/11/2022,f01569,Delivery,soya,1557 kg,"₹5,520.00","₹85,946.40",BRD-AUR
T019934,23/10/2022,F01575,Delivery,Soybean (Yellow),"1,571.00 kgs","₹5,510.00","₹86,562.10",BRD-AUR
T019935,13/10/2022,F01576,Delivery,SOYABEAN,887.00 kgs,"₹6,165.00","₹54,683.55",BRD-AUR
T019936,15/06/2022,F01576,I,Hybrid Seeds,85 kg,₹122.21,"₹10,387.85",BRD-AUR
T019937,03/06/2022,f01576,INPUT_PURCHASE,Fertilizer,271 kgs,₹40.07,"₹10,858.97",BRD-AUR
T019938,14/10/2022,F01577,DELIVERY,soya,164 kg,"₹5,640.00","₹9,249.60",BRD-AUR
T019939,10/10/2022,F01577,FPO_DELIVERY,soya,294 kg,"₹5,640.00","₹16,581.60",BRD-AUR
T019940,09/11/2022,F01580,D,Soybean (Yellow),980.00 kgs,"₹6,070.00","₹59,486.00",BRD-AUR
T019941,19/11/2022,F01580,DELIVERY,Soybean (Yellow),166.00 kgs,"₹6,070.00","₹10,076.20",BRD-AUR
T019942,09/06/2022,F01580,FERT_PURCHASE,FERTILIZER 50kg bag,72 kg,₹52.83,"₹3,803.76",BRD-AUR
T019943,26/11/2022,F01581,Delivery,Soybean (Yellow),1207 kg,"₹5,700.00","₹68,799.00",BRD-AUR
T019944,17/11/2022,F01581,Delivery,Soybean,61 kg,"₹5,700.00","₹3,477.00",BRD-AUR
T019945,09 Oct 2022,F01582,D,Soybean,"1,461.00 kgs","₹5,635.00","₹82,327.35",BRD-AUR
T019946,07/06/2022,F01582,INPUT_PURCHASE,NPK 10:26:26,295 kg,₹39.54,"₹11,664.30",BRD-AUR
T019947,17/11/2022,F01586,DELIVERY,soya,509.00 kgs,"₹5,650.00","₹28,758.50",BRD-AUR
T019948,29/10/2022,F01586,delivery,Soybean (Yellow),238 kg,"₹5,650.00","₹13,447.00",BRD-AUR
T019949,11/11/2022,F01586,Delivery,Soybean,2204 kg,"₹5,650.00","₹1,24,526.00",BRD-AUR
T019950,03 Jun 2022,F01586,INPUT_PURCHASE,Hybrid Seeds,74 kg,₹93.49,"₹6,918.26",BRD-AUR
T019951,13/06/2022,F01586,input,SEEDS,297 kg,₹100.97,"₹29,988.09",BRD-AUR
T019952,19/10/2022,F01587,DELIVERY,soya,1165 kg,"₹5,440.00","₹63,376.00",BRD-AUR
T019953,03/07/2022,F01587,I,FERTILIZER 50kg bag,219 kgs,₹37.97,"₹8,315.43",BRD-AUR
T019954,30/06/2022,F01587,I,Fertilizer,146 kgs,₹41.06,"₹5,994.76",BRD-AUR
T019955,22/11/2022,f01590,delivery,soya,66 kg,"₹5,480.00","₹3,616.80",BRD-AUR
T019956,25/10/2022,F01590,DELIVERY,Soybean,295.00 kgs,"₹5,480.00","₹16,166.00",BRD-AUR
T019957,06/06/2022,F01590,input,PP chemicals,143 kg,₹366.02,"₹52,340.86",BRD-AUR
T019958,24/06/2022,F01590,Input Purchase,SEEDS,47 kgs,₹47.61,"₹2,237.67",BRD-AUR
T019959,20/06/2022,F01590,INPUT_PURCHASE,FERTILIZER 50kg bag,110 kgs,₹32.65,"₹3,591.50",BRD-AUR
T019960,07/11/2022,F01590,Loan Repayment,Loan Repayment,,,"₹4,800.00",BRD-AUR
T019961,23/10/2022,F01593,FPO_DELIVERY,Soybean (Yellow),2330 kg,"₹5,815.00","₹1,35,489.50",BRD-AUR
T019962,01/07/2022,F01593,input,PP chemicals,80 kg,₹153.22,"₹12,257.60",BRD-AUR
T019963,27/06/2022,F01593,Input Purchase,Seeds,84 kg,₹119.10,"₹10,004.40",BRD-AUR
T019964,06/07/2022,F01593,I,DAP,107 kg,₹53.77,"₹5,753.39",BRD-AUR
T019965,16/11/2022,F01595,Delivery,SOYABEAN,867 kg,"₹5,895.00","₹51,109.65",BRD-AUR
T019966,19/06/2022,F01595,I,Seeds,66 kgs,₹63.06,"₹4,161.96",BRD-AUR
T019967,07/07/2022,f01595,FERT_PURCHASE,FERTILIZER 50kg bag,84 kg,₹36.36,"₹3,054.24",BRD-AUR
T019968,04/06/2022,f01595,input,NPK 10:26:26,61 kgs,₹31.88,"₹1,944.68",BRD-AUR
T019969,24/11/2022,F01599,DELIVERY,SOYABEAN,175 kg,"₹5,485.00","₹9,598.75",BRD-AUR
T019970,11 Nov 2022,f01599,delivery,SOYABEAN,3433 kg,"₹5,485.00","₹1,88,300.05",BRD-AUR
T019971,15/10/2022,f01603,delivery,SOYABEAN,"1,241.00 kgs","₹5,815.00","₹72,164.15",BRD-AUR
T019972,05/10/2022,F01603,FPO_DELIVERY,Soybean (Yellow),"4,125.00 kgs","₹5,815.00","₹2,39,868.75",BRD-AUR
T019973,27/06/2022,F01603,input,Bio-pesticide,161 kg,₹648.32,"₹1,04,379.52",BRD-AUR
T019974,10/06/2022,f01603,Input Purchase,NPK 10:26:26,72 kgs,₹28.89,"₹2,080.08",BRD-AUR
T019975,31/10/2022,F01606,D,Soybean (Yellow),394.00 kgs,"₹5,410.00","₹21,315.40",BRD-AUR
T019976,28/10/2022,f01606,FPO_DELIVERY,soya,843.00 kgs,"₹5,410.00","₹45,606.30",BRD-AUR
T019977,09/06/2022,F01606,FERT_PURCHASE,Fertilizer,269 kg,₹37.31,"₹10,036.39",BRD-AUR
T019978,05/06/2022,F01606,input,Urea,106 kg,₹53.34,"₹5,654.04",BRD-AUR
T019979,15/10/2022,F01607,delivery,soya,2528 kg,"₹5,245.00","₹1,32,593.60",BRD-AUR
T019980,01/06/2022, F01607 ,FERT_PURCHASE,Seeds,171 kgs,₹83.91,"₹14,348.61",BRD-AUR
T019981,10 Jul 2022,F01607,input,PPC,235 kg,₹207.96,"₹48,870.60",BRD-AUR
T019982,04/11/2022,F01610,D,soya,1592 kg,"₹5,325.00","₹84,774.00",BRD-AUR
T019983,17/06/2022,F01610,input,FERTILIZER 50kg bag,138 kg,₹49.54,"₹6,836.52",BRD-AUR
T019984,06/07/2022,,FERT_PURCHASE,Seeds,65 kgs,₹75.20,"₹4,888.00",BRD-AUR
T019985,05/07/2022,f01610,I,NPK 10:26:26,315 kg,₹38.48,"₹12,121.20",BRD-AUR
T019986,29/06/2022,F01610,INPUT_PURCHASE,Fertilizer,180 kgs,₹58.30,"₹10,494.00",BRD-AUR
T019987,12/07/2022,F01610,I,SEEDS,69 kgs,₹76.36,"₹5,268.84",BRD-AUR
T019988,20/06/2022,F01610,I,PP chemicals,67 kg,₹669.83,"₹44,878.61",BRD-AUR
T019989,03/07/2022,F01610,FERT_PURCHASE,DAP,278 kgs,₹37.88,"₹10,530.64",BRD-AUR
T019990,30/10/2022,F01612,DELIVERY,SOYABEAN,1608 kg,"₹5,485.00","₹88,198.80",BRD-AUR
T019991,15/07/2022,f01612,I,DAP,209 kg,₹35.96,"₹7,515.64",BRD-AUR
T019992,30/06/2022,F01612,FERT_PURCHASE,NPK 10:26:26,218 kg,₹57.77,"₹12,593.86",BRD-AUR
T019993,05/07/2022,F01612,INPUT_PURCHASE,Hybrid Seeds,40 kg,₹58.38,"₹2,335.20",BRD-AUR
T020875,27/11/2022,F02222,DELIVERY,Soybean,"1,772.00 kgs","₹5,470.00","₹96,928.40",BRD-AUR
T020876,10/06/2022, F02222 ,Input Purchase,Urea,306 kgs,₹29.70,"₹9,088.20",BRD-AUR
T020877,07/06/2022,F02222,Input Purchase,Bio-pesticide,118 kgs,₹674.05,"₹79,537.90",BRD-AUR
T020909,28/11/2022,F02245,D,Soybean,"5,234.00 kgs","₹5,430.00","₹2,84,206.20",BRD-AUR
T020910,05 Jul 2022,F02245,INPUT_PURCHASE,PP chemicals,285 kg,₹641.58,"₹1,82,850.30",BRD-AUR
T020911,21/10/2022,F02245,L,EMI,,,"₹1,200.00",BRD-AUR
T020946,15/11/2022,F02273,delivery,Soybean (Yellow),26 kg,"₹5,635.00","₹1,465.10",BRD-AUR
T020947,12/11/2022,F02273,FPO_DELIVERY,soya,1446 kg,"₹5,635.00","₹81,482.10",BRD-AUR
T020948,29/06/2022,F02273,input,DAP,230 kgs,₹39.22,"₹9,020.60",BRD-AUR
T020949,05/06/2022,F02273,FERT_PURCHASE,FERTILIZER 50kg bag,68 kg,₹58.55,"₹3,981.40",BRD-AUR
T020950,11/10/2022,F02273,Loan Repayment,EMI,,,"₹3,900.00",BRD-AUR
T020966,22 Oct 2022,F02281,DELIVERY,Soybean,"2,437.00 kgs","₹6,005.00","₹1,46,341.85",BRD-AUR
T020967,09/06/2022,F02281,input,FERTILIZER 50kg bag,60 kg,₹32.67,"₹1,960.20",BRD-AUR
T020968,08/09/2022,F02281,loan,EMI,,,"₹7,100.00",BRD-AUR
T020969,04/08/2022,f02281,L,Loan Repayment,,,"₹6,100.00",BRD-AUR
T020995,17/11/2022,F02300,DELIVERY,Soybean (Yellow),418.00 kgs,"₹5,590.00","₹23,366.20",BRD-AUR
T020996,16/11/2022,F02300,Delivery,soya,77 kg,"₹5,590.00","₹4,304.30",BRD-AUR
T020997,23/06/2022,F02300,input,Hybrid Seeds,31 kgs,₹114.41,"₹3,546.71",BRD-AUR
T020998,11/07/2022,F02300,FERT_PURCHASE,DAP,156 kg,₹55.69,"₹8,687.64",BRD-AUR
T021003,25/11/2022,F02302,FPO_DELIVERY,soya,1308 kg,"₹5,245.00","₹68,604.60",BRD-AUR
T021004,09/07/2022,F02302,I,SEEDS,135 kg,₹92.86,"₹12,536.10",BRD-AUR
T021012,10/11/2022,F02307,DELIVERY,Soybean,"2,201.00 kgs","₹5,600.00","₹1,23,256.00",BRD-AUR
T021013,06/06/2022,f02307,INPUT_PURCHASE,Seeds,232 kg,₹72.97,"₹16,929.04",BRD-AUR
T021063,06/10/2022,f02339,delivery,Soybean (Yellow),660.00 kgs,"₹5,495.00","₹36,267.00",BRD-AUR
T021064,21/10/2022,F02339,FPO_DELIVERY,SOYABEAN,"1,290.00 kgs","₹5,495.00","₹70,885.50",BRD-AUR
T021126,09/10/2022,F02369,delivery,Soybean,518.00 kgs,"₹5,565.00","₹28,826.70",BRD-AUR
T021127,29/10/2022,F02369,D,Soybean (Yellow),351 kg,"₹5,565.00","₹19,533.15",BRD-AUR
T021128,24/10/2022,F02369,delivery,Soybean,292 kg,"₹5,565.00","₹16,249.80",BRD-AUR
T021129,03/07/2022,f02369,input,DAP,188 kgs,₹40.07,"₹7,533.16",BRD-AUR
T021130,27/06/2022,F02369,INPUT_PURCHASE,Urea,27 kg,₹47.62,"₹1,285.74",BRD-AUR
T021144,09/10/2022,F02378,D,soya,153.00 kgs,"₹5,335.00","₹8,162.55",BRD-AUR
T021145,22/11/2022,F02378,delivery,soya,228 kg,"₹5,335.00","₹12,163.80",BRD-AUR
T021160,11/11/2022,F02385,DELIVERY,soya,2431 kg,"₹5,545.00","₹1,34,798.95",BRD-AUR
T021161,08 Jul 2022,F02385,Input Purchase,DAP,68 kgs,₹50.34,"₹3,423.12",BRD-AUR
T021187,19/10/2022,F02400,FPO_DELIVERY,Soybean (Yellow),274 kg,"₹5,515.00","₹15,111.10",BRD-AUR
T021188,03/11/2022,F02400,D,Soybean,"1,804.00 kgs","₹5,515.00","₹99,490.60",BRD-AUR
T021189,08/07/2022, F02400 ,Input Purchase,Fertilizer,165 kgs,₹50.41,"₹8,317.65",BRD-AUR
T021253,25/11/2022, F02423 ,Delivery,SOYABEAN,33 kg,"₹5,040.00","₹1,663.20",BRD-AUR
T021254,05/10/2022,F02423,delivery,soya,800.00 kgs,"₹5,040.00","₹40,320.00",BRD-AUR
T021255,02/10/2022, F02423 ,FPO_DELIVERY,Soybean (Yellow),81.00 kgs,"₹5,040.00","₹4,082.40",BRD-AUR
T021256,04/06/2022,F02423,Input Purchase,DAP,315 kg,₹31.46,"₹9,909.90",BRD-AUR
T021299,11/11/2022,F02441,D,soya,819.00 kgs,"₹6,020.00","₹49,303.80",BRD-AUR
T021300,17/10/2022,F02441,FPO_DELIVERY,SOYABEAN,537.00 kgs,"₹6,020.00","₹32,327.40",BRD-AUR
T021301,24/06/2022,F02441,I,DAP,211 kg,₹57.92,"₹12,221.12",BRD-AUR
T021302,09/11/2022,F02442,DELIVERY,soya,2878 kg,"₹5,420.00","₹1,55,987.60",BRD-AUR
T021303,30 Jun 2022,F02442,Input Purchase,Hybrid Seeds,299 kgs,₹108.64,"₹32,483.36",BRD-AUR
T021322,23/10/2022,F02450,Delivery,soya,1375 kg,"₹5,925.00","₹81,468.75",BRD-AUR
T021323,09/07/2022,F02450,L,EMI,,,"₹6,200.00",BRD-AUR
T021324,05/06/2022,F02450,Loan Repayment,EMI,,,"₹7,000.00",BRD-AUR
T021325,28/08/2022,F02450,Loan Repayment,Loan Repayment,,,"₹2,300.00",BRD-AUR
T021347,23/10/2022,F02457,DELIVERY,SOYABEAN,1736 kg,"₹5,750.00","₹99,820.00",BRD-AUR
T021348,10/06/2022,F02457,input,NPK 10:26:26,28 kgs,₹53.67,"₹1,502.76",BRD-AUR
T021349,03/11/2022,F02457,L,EMI,,,"₹1,600.00",BRD-AUR
T021350,21/10/2022,F02457,LOAN_REPAY,EMI,,,"₹5,000.00",BRD-AUR
T021351,17/08/2022,F02457,LOAN_REPAY,EMI,,,"₹3,800.00",BRD-AUR
T021352,05/10/2022,F02457,L,EMI,,,"₹2,200.00",BRD-AUR
T021353,25/11/2022,F02458,DELIVERY,SOYABEAN,930 kg,"₹5,470.00","₹50,871.00",BRD-AUR
T021354,12/06/2022,F02458,Input Purchase,PPC,111 kg,₹658.79,"₹73,125.69",BRD-AUR
T021355,04/06/2022,F02458,input,SEEDS,181 kg,₹85.88,"₹15,544.28",BRD-AUR
T021356,07/06/2022,F02458,I,DAP,309 kg,₹52.84,"₹16,327.56",BRD-AUR
T021407,30/10/2022,F02472,D,Soybean,"1,048.00 kgs","₹5,430.00","₹56,906.40",BRD-AUR
T021408,21/11/2022,F02472,DELIVERY,soya,584.00 kgs,"₹5,430.00","₹31,711.20",BRD-AUR
T021409,03/06/2022,F02472,INPUT_PURCHASE,DAP,104 kgs,₹57.47,"₹5,976.88",BRD-AUR
T021410,22/06/2022,F02472,I,PPC,271 kg,₹136.40,"₹36,964.40",BRD-AUR
T021411,28 Jun 2022,F02472,FERT_PURCHASE,Urea,194 kg,₹48.42,"₹9,393.48",BRD-AUR
T021412,09 Jun 2022,f02472,FERT_PURCHASE,NPK 10:26:26,184 kgs,₹58.51,"₹10,765.84",BRD-AUR
T021413,27/10/2022,F02472,loan,EMI,,,"₹3,700.00",BRD-AUR
T021443,07/11/2022,F02483,delivery,soya,159 kg,"₹5,510.00","₹8,760.90",BRD-AUR
T021444,24/10/2022,F02483,DELIVERY,Soybean (Yellow),913.00 kgs,"₹5,510.00","₹50,306.30",BRD-AUR
T021445,07/06/2022,F02483,I,Urea,232 kgs,₹56.21,"₹13,040.72",BRD-AUR
T021446,05/06/2022, F02483 ,FERT_PURCHASE,Bio-pesticide,153 kgs,₹401.14,"₹61,374.42",BRD-AUR
T022124,26/04/2023,F01464,Delivery,Yellow Mustard,64.00 kgs,"₹6,805.00","₹4,355.20",BRD-AUR
T022125,25/04/2023,F01464,Delivery,Yellow Mustard,470 kg,"₹6,805.00","₹31,983.50",BRD-AUR
T022126,08/01/2023,F01464,input,NPK 10:26:26,87 kgs,₹29.22,"₹2,542.14",BRD-AUR
T022127,10/05/2023, F01476 ,DELIVERY,mustard (Yellow),754 kg,"₹6,755.00","₹50,932.70",BRD-AUR
T022128,11/04/2023,F01476,D,Yellow Mustard,4088 kg,"₹6,755.00","₹2,76,144.40",BRD-AUR
T022129,12/01/2023,F01476,input,NPK 10:26:26,64 kgs,₹40.17,"₹2,570.88",BRD-AUR
T022130,02/01/2023,F01476,INPUT_PURCHASE,FERTILIZER 50kg bag,253 kgs,₹54.67,"₹13,831.51",BRD-AUR
T022131,14/12/2022,F01476,input,Hybrid Seeds,179 kgs,₹60.14,"₹10,765.06",BRD-AUR
T022132,11/12/2022,F01476,Loan Repayment,Loan Repayment,,,"₹2,700.00",BRD-AUR
T022133,18 Feb 2023,F01476,Loan Repayment,Loan Repayment,,,"₹3,700.00",BRD-AUR
T022134,20/01/2023,F01476,LOAN_REPAY,Loan Repayment,,,"₹4,800.00",BRD-AUR
T022135,07/05/2023,F01476,L,EMI,,,"₹6,300.00",BRD-AUR
T022136,22/03/2023,F01476,L,Loan Repayment,,,"₹2,200.00",BRD-AUR
T022137,21/04/2023,F01481,D,MUSTARD,"1,526.00 kgs","₹6,445.00","₹98,350.70",BRD-AUR
T022138,14/02/2023,F01481,Loan Repayment,EMI,,,"₹6,500.00",BRD-AUR
T022139,26/03/2023,F01489,DELIVERY,Sarson,"1,077.00 kgs","₹6,740.00","₹72,589.80",BRD-AUR
T022140,23/04/2023,f01489,Delivery,MUSTARD,1086 kg,"₹6,740.00","₹73,196.40",BRD-AUR
T022141,06/12/2022,F01489,FERT_PURCHASE,Seeds,303 kgs,₹126.10,"₹38,208.30",BRD-AUR
T022142,08/03/2023,F01490,delivery,MUSTARD,6960 kg,"₹6,575.00","₹4,57,620.00",BRD-AUR
T022143,11/03/2023,F01490,delivery,Wheat (Durum),16873 kg,"₹2,605.00","₹4,39,541.65",BRD-AUR
T022144,19/12/2022,F01490,input,DAP,122 kgs,₹47.95,"₹5,849.90",BRD-AUR
T022145,06/03/2023,F01492,FPO_DELIVERY,MUSTARD,3156 kg,"₹7,130.00","₹2,25,022.80",BRD-AUR
T022146,22/12/2022,f01492,FERT_PURCHASE,PP chemicals,149 kg,₹397.69,"₹59,255.81",BRD-AUR
T022147,06/02/2023,F01492,Loan Repayment,EMI,,,"₹7,700.00",BRD-AUR
T022148,31/03/2023,F01495,D,MUSTARD,"1,006.00 kgs","₹6,785.00","₹68,257.10",BRD-AUR
T022149,11/05/2023,F01499,delivery,Mustard,474.00 kgs,"₹7,150.00","₹33,891.00",BRD-AUR
T022150,23/04/2023,F01499,delivery,Sarson,324.00 kgs,"₹7,150.00","₹23,166.00",BRD-AUR
T022151,20 Dec 2022,F01499,I,NPK 10:26:26,92 kgs,₹30.55,"₹2,810.60",BRD-AUR
T022152,13/05/2023,F01499,loan,Loan Repayment,,,"₹4,800.00",BRD-AUR
T022153,02/05/2023,F01501,FPO_DELIVERY,Sarson,147.00 kgs,"₹7,195.00","₹10,576.65",BRD-AUR
T022154,26/03/2023,F01501,FPO_DELIVERY,Sarson,362.00 kgs,"₹7,195.00","₹26,045.90",BRD-AUR
T022155,06/01/2023,F01501,input,NPK 10:26:26,28 kg,₹29.75,₹833.00,BRD-AUR
T022156,09/01/2023,F01501,L,EMI,,,"₹1,000.00",BRD-AUR
T022157,15/03/2023,F01501,loan,Loan Repayment,,,"₹1,900.00",BRD-AUR
T022158,01/03/2023,F01502,DELIVERY,MUSTARD,151 kg,"₹7,115.00","₹10,743.65",BRD-AUR
T022159,17/04/2023,F01502,D,MUSTARD,"1,118.00 kgs","₹7,115.00","₹79,545.70",BRD-AUR
T022160,18/12/2022,f01502,Input Purchase,Fertilizer,318 kgs,₹53.94,"₹17,152.92",BRD-AUR
T022161,15 May 2023,f01505,FPO_DELIVERY,Sarson,718 kg,"₹7,020.00","₹50,403.60",BRD-AUR
T022162,07/02/2023,F01505,L,EMI,,,"₹1,800.00",BRD-AUR
T022163,21/04/2023,F01510,delivery,MUSTARD,828.00 kgs,"₹6,790.00","₹56,221.20",BRD-AUR
T022164,19/03/2023,F01510,D,Wheat (Durum),527.00 kgs,"₹2,685.00","₹14,149.95",BRD-AUR
T022165,10/04/2023,F01510,DELIVERY,Wheat,917.00 kgs,"₹2,685.00","₹24,621.45",BRD-AUR
T022166,04 Apr 2023,F01510,Delivery,Wheat (Durum),152 kg,"₹2,685.00","₹4,081.20",BRD-AUR
T022167,06/01/2023,F01510,I,Urea,317 kg,₹38.13,"₹12,087.21",BRD-AUR
T022168,08/05/2023,F01510,Loan Repayment,Loan Repayment,,,₹800.00,BRD-AUR
T022169,02/05/2023,F01511,FPO_DELIVERY,Sarson,232.00 kgs,"₹7,030.00","₹16,309.60",BRD-AUR
T022170,06/04/2023,F01511,DELIVERY,Yellow Mustard,479.00 kgs,"₹7,030.00","₹33,673.70",BRD-AUR
T022171,26/03/2023, F01511 ,delivery,Sarson,851.00 kgs,"₹7,030.00","₹59,825.30",BRD-AUR
T022172,02/01/2023,F01511,FERT_PURCHASE,SEEDS,286 kg,₹57.15,"₹16,344.90",BRD-AUR
T022173,16/12/2022,F01511,input,Fertilizer,295 kg,₹53.04,"₹15,646.80",BRD-AUR
T022174,31/12/2022,F01511,Input Purchase,Hybrid Seeds,178 kg,₹108.99,"₹19,400.22",BRD-AUR
T022175,11/01/2023,f01511,input,DAP,157 kg,₹53.89,"₹8,460.73",BRD-AUR
T022176,12/05/2023,F01513,FPO_DELIVERY,Yellow Mustard,"3,912.00 kgs","₹7,080.00","₹2,76,969.60",BRD-AUR
T022177,23/04/2023,F01513,FPO_DELIVERY,Wheat,9846 kg,"₹2,605.00","₹2,56,488.30",BRD-AUR
T022178,11/12/2022,F01513,input,Urea,161 kg,₹53.43,"₹8,602.23",BRD-AUR
T022179,29/12/2022,F01513,Input Purchase,Seeds,286 kgs,₹48.37,"₹13,833.82",BRD-AUR
T022180,17/12/2022, F01513 ,Input Purchase,Urea,161 kg,₹34.68,"₹5,583.48",BRD-AUR
T022181,13/05/2023,f01514,FPO_DELIVERY,Mustard,106.00 kgs,"₹6,920.00","₹7,335.20",BRD-AUR
T022182,05/05/2023,F01514,Delivery,mustard (Yellow),579.00 kgs,"₹6,920.00","₹40,066.80",BRD-AUR
T022183,12/12/2022,F01514,Input Purchase,NPK 10:26:26,130 kgs,₹33.62,"₹4,370.60",BRD-AUR
T022184,24/12/2022, F01514 ,FERT_PURCHASE,NPK 10:26:26,100 kg,₹51.05,"₹5,105.00",BRD-AUR
T022185,06/12/2022,F01514,INPUT_PURCHASE,NPK 10:26:26,188 kg,₹36.59,"₹6,878.92",BRD-AUR
T022186,20/04/2023,F01518,Delivery,MUSTARD,653 kg,"₹7,300.00","₹47,669.00",BRD-AUR
T022187,04/12/2022, F01518 ,INPUT_PURCHASE,NPK 10:26:26,186 kgs,₹41.91,"₹7,795.26",BRD-AUR
T022188,04/04/2023,F01526,D,Yellow Mustard,967 kg,"₹6,475.00","₹62,613.25",BRD-AUR
T022189,30 Mar 2023,F01526,delivery,Wheat (Durum),2949 kg,"₹2,620.00","₹77,263.80",BRD-AUR
T022190,05/12/2022,f01526,Input Purchase,Seeds,162 kg,₹123.79,"₹20,053.98",BRD-AUR
T022191,27/04/2023,f01527,FPO_DELIVERY,mustard (Yellow),274.00 kgs,"₹7,855.00","₹21,522.70",BRD-AUR
T022192,03/03/2023,F01528,DELIVERY,Sarson,429.00 kgs,"₹6,835.00","₹29,322.15",BRD-AUR
T022193,06 Dec 2022,F01528,Input Purchase,Seeds,314 kgs,₹116.70,"₹36,643.80",BRD-AUR
T022194,18/12/2022,F01528,input,Bio-pesticide,116 kg,₹613.88,"₹71,210.08",BRD-AUR
T022195,18/04/2023,F01530,delivery,MUSTARD,198.00 kgs,"₹6,625.00","₹13,117.50",BRD-AUR
T022196,10/05/2023,F01530,delivery,Yellow Mustard,1047 kg,"₹6,625.00","₹69,363.75",BRD-AUR
T022197,20/12/2022,f01530,Input Purchase,PP chemicals,124 kg,₹177.56,"₹22,017.44",BRD-AUR
T022198,07/03/2023,f01535,FPO_DELIVERY,MUSTARD,469 kg,"₹7,040.00","₹33,017.60",BRD-AUR
T022199,20/03/2023,F01535,D,Yellow Mustard,55 kg,"₹7,040.00","₹3,872.00",BRD-AUR
T022200,12/04/2023,F01535,delivery,Sarson,869 kg,"₹7,040.00","₹61,177.60",BRD-AUR
T022201,18/12/2022,f01535,I,Hybrid Seeds,145 kgs,₹77.95,"₹11,302.75",BRD-AUR
T022202,16/04/2023,F01538,delivery,Mustard,1480 kg,"₹6,795.00","₹1,00,566.00",BRD-AUR
T022203,08 Mar 2023,F01538,FPO_DELIVERY,mustard (Yellow),512.00 kgs,"₹6,795.00","₹34,790.40",BRD-AUR
T022204,05 Mar 2023,F01538,delivery,Lokwan Wheat,2079 kg,"₹2,630.00","₹54,677.70",BRD-AUR
T022205,05/04/2023,F01538,FPO_DELIVERY,Lokwan Wheat,565 kg,"₹2,630.00","₹14,859.50",BRD-AUR
T022206,08 May 2023,F01538,delivery,Wheat (Durum),1490 kg,"₹2,630.00","₹39,187.00",BRD-AUR
T022207,03 Jan 2023,F01538,loan,EMI,,,"₹2,700.00",BRD-AUR
T022208,06/05/2023,F01542,FPO_DELIVERY,Mustard,1235 kg,"₹6,770.00","₹83,609.50",BRD-AUR
T022209,11/12/2022,f01542,INPUT_PURCHASE,NPK 10:26:26,244 kgs,₹32.79,"₹8,000.76",BRD-AUR
T022210,25/04/2023,F01544,FPO_DELIVERY,MUSTARD,267 kg,"₹6,870.00","₹18,342.90",BRD-AUR
T022211,19/03/2023,F01544,delivery,Yellow Mustard,977 kg,"₹6,870.00","₹67,119.90",BRD-AUR
T022212,09/12/2022,f01544,input,DAP,67 kg,₹43.50,"₹2,914.50",BRD-AUR
T022213,16/04/2023,F01545,DELIVERY,Yellow Mustard,23.00 kgs,"₹6,140.00","₹1,412.20",BRD-AUR
T022214,11/03/2023,F01545,Delivery,MUSTARD,1685 kg,"₹6,140.00","₹1,03,459.00",BRD-AUR
T022215,02/04/2023,F01545,DELIVERY,wheat,701.00 kgs,"₹2,550.00","₹17,875.50",BRD-AUR
T022216,18/04/2023,f01545,Delivery,WHEAT,2573 kg,"₹2,550.00","₹65,611.50",BRD-AUR
T022217,28/12/2022,F01545,INPUT_PURCHASE,Seeds,277 kg,₹54.00,"₹14,958.00",BRD-AUR
T022218,09/12/2022,F01545,Input Purchase,FERTILIZER 50kg bag,88 kgs,₹57.48,"₹5,058.24",BRD-AUR
T022219,11/05/2023,F01546,D,Sarson,1163 kg,"₹7,030.00","₹81,758.90",BRD-AUR
T022220,03 Jan 2023,F01546,input,SEEDS,57 kg,₹101.52,"₹5,786.64",BRD-AUR
T022221,11/12/2022,F01546,I,FERTILIZER 50kg bag,313 kg,₹58.39,"₹18,276.07",BRD-AUR
T022222,30/03/2023,F01548,D,Mustard,452 kg,"₹7,145.00","₹32,295.40",BRD-AUR
T022223,06/03/2023,F01548,D,Yellow Mustard,250 kg,"₹7,145.00","₹17,862.50",BRD-AUR
T022224,23 Apr 2023,F01548,Delivery,wheat,1300 kg,"₹2,580.00","₹33,540.00",BRD-AUR
T022225,07 Mar 2023,f01548,FPO_DELIVERY,WHEAT,686 kg,"₹2,580.00","₹17,698.80",BRD-AUR
T022226,12/03/2023,F01550,Delivery,mustard (Yellow),553.00 kgs,"₹6,825.00","₹37,742.25",BRD-AUR
T022227,10/04/2023,f01550,delivery,Sarson,"2,128.00 kgs","₹6,825.00","₹1,45,236.00",BRD-AUR
T022228,09/01/2023,F01550,I,NPK 10:26:26,248 kgs,₹48.30,"₹11,978.40",BRD-AUR
T022229,02/01/2023,F01550,input,Bio-pesticide,254 kgs,₹419.28,"₹1,06,497.12",BRD-AUR
T022230,05/03/2023,F01553,DELIVERY,Yellow Mustard,665 kg,"₹6,675.00","₹44,388.75",BRD-AUR
T022231,01/01/2023,F01553,input,Urea,275 kgs,₹45.45,"₹12,498.75",BRD-AUR
T022232,09/03/2023,F01556,FPO_DELIVERY,Sarson,1109 kg,"₹6,375.00","₹70,698.75",BRD-AUR
T022233,24/03/2023,f01556,delivery,Wheat,958 kg,"₹2,625.00","₹25,147.50",BRD-AUR
T022234,21/03/2023,F01556,delivery,Wheat (Durum),346.00 kgs,"₹2,625.00","₹9,082.50",BRD-AUR
T022235,32/01/2022,F01556,D,Wheat,"1,359.00 kgs","₹2,625.00","₹35,673.75",BRD-AUR
T022236,05/12/2022,F01556,input,Fertilizer,33 kg,₹42.61,"₹1,406.13",BRD-AUR
T022237,11/12/2022,,INPUT_PURCHASE,PP chemicals,116 kgs,₹210.41,"₹24,407.56",BRD-AUR
T022238,04/01/2023,F01556,INPUT_PURCHASE,Seeds,108 kgs,₹56.88,"₹6,143.04",BRD-AUR
T022239,16/12/2022,F01556,input,Fertilizer,95 kg,₹33.42,"₹3,174.90",BRD-AUR
T022240,25/12/2022,F01556,FERT_PURCHASE,Fertilizer,54 kgs,₹39.12,"₹2,112.48",BRD-AUR
T022241,17 Mar 2023,F01560,FPO_DELIVERY,Sarson,717.00 kgs,"₹6,755.00","₹48,433.35",BRD-AUR
T022242,05/04/2023,F01560,FPO_DELIVERY,Mustard,95 kg,"₹6,755.00","₹6,417.25",BRD-AUR
T022243,17/04/2023,F01560,DELIVERY,Mustard,144 kg,"₹6,755.00","₹9,727.20",BRD-AUR
T022244,08/12/2022,F01560,I,Bio-pesticide,162 kgs,₹254.16,"₹41,173.92",BRD-AUR
T022245,21/04/2023,F01560,L,EMI,,,"₹7,900.00",BRD-AUR
T022246,17/01/2023,F01560,LOAN_REPAY,Loan Repayment,,,"₹2,300.00",BRD-AUR
T022247,25/05/2023,F01560,LOAN_REPAY,Loan Repayment,,,"₹3,700.00",BRD-AUR
T022248,04/03/2023,F01560,loan,Loan Repayment,,,"₹2,100.00",BRD-AUR
T022249,05/03/2023,F01561,FPO_DELIVERY,Mustard,1355 kg,"₹6,320.00","₹85,636.00",BRD-AUR
T022250,27/04/2023,F01561,Delivery,Lokwan Wheat,"3,079.00 kgs","₹2,665.00","₹82,055.35",BRD-AUR
T022251,30/12/2022, F01561 ,INPUT_PURCHASE,Bio-pesticide,138 kgs,₹318.05,"₹43,890.90",BRD-AUR
T022252,16 Dec 2022,f01561,I,SEEDS,107 kg,₹49.01,"₹5,244.07",BRD-AUR
T022253,29/04/2023,F01563,D,Yellow Mustard,967 kg,"₹6,695.00","₹64,740.65",BRD-AUR
T022254,07/03/2023,F01563,Delivery,mustard (Yellow),519.00 kgs,"₹6,695.00","₹34,747.05",BRD-AUR
T022255,09/01/2023,F01563,FERT_PURCHASE,PPC,190 kg,₹200.45,"₹38,085.50",BRD-AUR
T022256,31/12/2022,F01563,input,Fertilizer,73 kg,₹52.77,"₹3,852.21",BRD-AUR
T022257,05/12/2022,F01563,I,PP chemicals,31 kgs,₹242.37,"₹7,513.47",BRD-AUR
T022258,09/01/2023,F01563,input,Bio-pesticide,232 kg,₹413.37,"₹95,901.84",BRD-AUR
T022259,02/03/2023,F01564,delivery,Sarson,458.00 kgs,"₹6,785.00","₹31,075.30",BRD-AUR
T022260,14 Mar 2023,F01564,FPO_DELIVERY,mustard (Yellow),857.00 kgs,"₹6,785.00","₹58,147.45",BRD-AUR
T022261,15/04/2023,F01564,delivery,Sarson,225.00 kgs,"₹6,785.00","₹15,266.25",BRD-AUR
T022262,20/04/2023,F01568,delivery,Yellow Mustard,81 kg,"₹6,570.00","₹5,321.70",BRD-AUR
T022263,08/05/2023,F01568,Delivery,Sarson,"2,836.00 kgs","₹6,570.00","₹1,86,325.20",BRD-AUR
T022264,06/12/2022,F01568,FERT_PURCHASE,Urea,89 kg,₹33.76,"₹3,004.64",BRD-AUR
T022265,03/01/2023,f01568,FERT_PURCHASE,Hybrid Seeds,116 kg,₹84.59,"₹9,812.44",BRD-AUR
T022266,07/12/2022,F01568,FERT_PURCHASE,Fertilizer,194 kgs,₹40.55,"₹7,866.70",BRD-AUR
T022267,19/12/2022,F01568,input,Urea,107 kgs,₹42.40,"₹4,536.80",BRD-AUR
T022268,15/01/2023,F01568,INPUT_PURCHASE,Seeds,235 kg,₹45.29,"₹10,643.15",BRD-AUR
T022269,24/03/2023,F01569,DELIVERY,Yellow Mustard,951 kg,"₹6,290.00","₹59,817.90",BRD-AUR
T022270,16/04/2023, F01569 ,FPO_DELIVERY,MUSTARD,1396 kg,"₹6,290.00","₹87,808.40",BRD-AUR
T022271,01 Dec 2022,F01569,INPUT_PURCHASE,DAP,279 kgs,₹45.52,"₹12,700.08",BRD-AUR
T022272,23/12/2022,F01569,FERT_PURCHASE,Seeds,313 kgs,₹80.93,"₹25,331.09",BRD-AUR
T022273,03/12/2022,f01569,I,FERTILIZER 50kg bag,112 kg,₹33.62,"₹3,765.44",BRD-AUR
T022274,14/05/2023,F01575,delivery,mustard (Yellow),996.00 kgs,"₹6,780.00","₹67,528.80",BRD-AUR
T022275,16/03/2023,F01575,D,MUSTARD,346 kg,"₹6,780.00","₹23,458.80",BRD-AUR
T022276,18/12/2022,F01575,I,PP chemicals,36 kgs,₹527.22,"₹18,979.92",BRD-AUR
T022277,17/12/2022,F01575,INPUT_PURCHASE,Urea,176 kg,₹42.55,"₹7,488.80",BRD-AUR
T022278,11 Apr 2023, F01576 ,delivery,Sarson,"1,058.00 kgs","₹7,310.00","₹77,339.80",BRD-AUR
T022279,04/12/2022,f01576,I,Fertilizer,273 kg,₹30.87,"₹8,427.51",BRD-AUR
T022280,15/01/2023,F01576,I,Fertilizer,58 kg,₹28.89,"₹1,675.62",BRD-AUR
T022281,23 Dec 2022,f01576,Loan Repayment,EMI,,,"₹6,300.00",BRD-AUR
T022282,11/02/2023,F01576,Loan Repayment,EMI,,,"₹1,800.00",BRD-AUR
T022283,18/04/2023,F01577,DELIVERY,mustard (Yellow),178.00 kgs,"₹6,515.00","₹11,596.70",BRD-AUR
T022284,19/04/2023,F01577,Delivery,Sarson,287.00 kgs,"₹6,515.00","₹18,698.05",BRD-AUR
T022285,16 Apr 2023,F01580,DELIVERY,mustard (Yellow),378.00 kgs,"₹6,835.00","₹25,836.30",BRD-AUR
T022286,14/03/2023,F01580,DELIVERY,mustard (Yellow),660 kg,"₹6,835.00","₹45,111.00",BRD-AUR
T022287,10/01/2023,F01580,FERT_PURCHASE,NPK 10:26:26,252 kgs,₹49.34,"₹12,433.68",BRD-AUR
T022288,09/01/2023,F01580,Input Purchase,PP chemicals,213 kgs,₹218.05,"₹46,444.65",BRD-AUR
T022289,21/12/2022,F01580,FERT_PURCHASE,DAP,151 kg,₹49.95,"₹7,542.45",BRD-AUR
T022290,16/12/2022,F01580,input,Hybrid Seeds,109 kgs,₹84.53,"₹9,213.77",BRD-AUR
T022291,11/04/2023,f01581,DELIVERY,MUSTARD,378 kg,"₹7,180.00","₹27,140.40",BRD-AUR
T022292,09/05/2023,F01581,delivery,Sarson,608 kg,"₹7,180.00","₹43,654.40",BRD-AUR
T022293,19 Mar 2023,F01581,DELIVERY,Wheat,2509 kg,"₹2,670.00","₹66,990.30",BRD-AUR
T022294,27/12/2022,F01581,I,DAP,247 kg,₹47.27,"₹11,675.69",BRD-AUR
T022295,21/03/2023,F01582,Delivery,Mustard,1006 kg,"₹7,110.00","₹71,526.60",BRD-AUR
T022296,12/03/2023,F01582,Delivery,MUSTARD,417.00 kgs,"₹7,110.00","₹29,648.70",BRD-AUR
T022297,11/12/2022,F01582,I,SEEDS,117 kgs,₹118.64,"₹13,880.88",BRD-AUR
T022298,21/12/2022,F01582,I,Seeds,185 kgs,₹59.93,"₹11,087.05",BRD-AUR
T022299,14/03/2023,F01586,Delivery,Yellow Mustard,"1,904.00 kgs","₹6,570.00","₹1,25,092.80",BRD-AUR
T022300,07/03/2023,F01586,FPO_DELIVERY,Sarson,368.00 kgs,"₹6,570.00","₹24,177.60",BRD-AUR
T022301,06/12/2022,F01586,INPUT_PURCHASE,Hybrid Seeds,139 kg,₹114.58,"₹15,926.62",BRD-AUR
T022302,07/12/2022,F01586,I,SEEDS,273 kgs,₹60.99,"₹16,650.27",BRD-AUR
T022303,11/05/2023, F01587 ,delivery,MUSTARD,970.00 kgs,"₹6,670.00","₹64,699.00",BRD-AUR
T022304,14/03/2023,F01587,Delivery,Wheat,1989 kg,"₹2,600.00","₹51,714.00",BRD-AUR
T022305,13 Jan 2023,F01587,I,SEEDS,126 kgs,₹46.52,"₹5,861.52",BRD-AUR
T022306,29/12/2022,F01587,input,Hybrid Seeds,56 kg,₹59.26,"₹3,318.56",BRD-AUR
T022307,18 Apr 2023,F01590,DELIVERY,Yellow Mustard,31.00 kgs,"₹6,455.00","₹2,001.05",BRD-AUR
T022308,06/05/2023,F01590,delivery,Mustard,95 kg,"₹6,455.00","₹6,132.25",BRD-AUR
T022309,13/04/2023,F01593,Delivery,Mustard,498.00 kgs,"₹6,700.00","₹33,366.00",BRD-AUR
T022310,06/05/2023,F01593,Delivery,Sarson,1430 kg,"₹6,700.00","₹95,810.00",BRD-AUR
T022311,26 Dec 2022,F01593,input,DAP,275 kg,₹50.82,"₹13,975.50",BRD-AUR
T022312,16/03/2023,F01595,D,Sarson,517 kg,"₹6,635.00","₹34,302.95",BRD-AUR
T022313,05/03/2023,F01595,delivery,Sarson,103 kg,"₹6,635.00","₹6,834.05",BRD-AUR
T022314,11/01/2023,F01595,Input Purchase,PP chemicals,184 kg,₹541.28,"₹99,595.52",BRD-AUR
T022315,21/04/2023,F01599,Delivery,Mustard,3762 kg,"₹6,705.00","₹2,52,242.10",BRD-AUR
T022316,10/05/2023,f01599,Delivery,wheat,"6,327.00 kgs","₹2,545.00","₹1,61,022.15",BRD-AUR
T022317,31/03/2023,F01599,DELIVERY,WHEAT,4278 kg,"₹2,545.00","₹1,08,875.10",BRD-AUR
T022318,05/01/2023,,INPUT_PURCHASE,Fertilizer,50 kgs,₹55.28,"₹2,764.00",BRD-AUR
T022319,09/04/2023,F01599,L,EMI,,,"₹3,300.00",BRD-AUR
T022320,15/05/2023,F01603,delivery,mustard (Yellow),118 kg,"₹6,905.00","₹8,147.90",BRD-AUR
T022321,01/05/2023,F01603,FPO_DELIVERY,Mustard,"4,305.00 kgs","₹6,905.00","₹2,97,260.25",BRD-AUR
T022322,24/12/2022,F01603,input,Bio-pesticide,31 kgs,₹548.51,"₹17,003.81",BRD-AUR
T022323,09/01/2023,F01603,INPUT_PURCHASE,SEEDS,196 kg,₹109.83,"₹21,526.68",BRD-AUR
T022324,09/05/2023,F01606,DELIVERY,Sarson,756 kg,"₹6,415.00","₹48,497.40",BRD-AUR
T022325,06/03/2023,F01606,delivery,Wheat (Durum),"2,136.00 kgs","₹2,535.00","₹54,147.60",BRD-AUR
T022326,07/12/2022,F01606,FERT_PURCHASE,DAP,120 kg,₹29.75,"₹3,570.00",BRD-AUR
T022327,15/12/2022,F01606,Input Purchase,Urea,84 kg,₹38.12,"₹3,202.08",BRD-AUR
T022328,12/04/2023,F01607,delivery,MUSTARD,522.00 kgs,"₹6,795.00","₹35,469.90",BRD-AUR
T022329,15/05/2023,f01607,delivery,Sarson,924.00 kgs,"₹6,795.00","₹62,785.80",BRD-AUR
T022330,25/04/2023,F01607,FPO_DELIVERY,Yellow Mustard,618 kg,"₹6,795.00","₹41,993.10",BRD-AUR
T022331,06/04/2023,F01607,D,WHEAT,"1,715.00 kgs","₹2,705.00","₹46,390.75",BRD-AUR
T022332,18/03/2023,F01607,D,Wheat (Durum),3252 kg,"₹2,705.00","₹87,966.60",BRD-AUR
T022333,13/01/2023,f01607,I,NPK 10:26:26,108 kgs,₹56.01,"₹6,049.08",BRD-AUR
T022334,05 Jan 2023,F01607,FERT_PURCHASE,FERTILIZER 50kg bag,199 kg,₹53.15,"₹10,576.85",BRD-AUR
T022335,18/04/2023,F01607,loan,EMI,,,"₹2,500.00",BRD-AUR
T022336,08/04/2023,F01610,delivery,MUSTARD,"1,604.00 kgs","₹6,845.00","₹1,09,793.80",BRD-AUR
T022337,03/12/2022,f01610,INPUT_PURCHASE,Fertilizer,201 kgs,₹41.86,"₹8,413.86",BRD-AUR
T022338,20/12/2022,F01610,I,NPK 10:26:26,52 kg,₹47.23,"₹2,455.96",BRD-AUR
T022339,08/01/2023,F01610,Input Purchase,Seeds,76 kg,₹60.35,"₹4,586.60",BRD-AUR
T022340,15/12/2022, F01610 ,L,Loan Repayment,,,"₹6,600.00",BRD-AUR
T022341,14/05/2023,F01612,FPO_DELIVERY,MUSTARD,259.00 kgs,"₹6,185.00","₹16,019.15",BRD-AUR
T022342,10 Apr 2023,F01612,FPO_DELIVERY,mustard (Yellow),958 kg,"₹6,185.00","₹59,252.30",BRD-AUR
T022343,23/12/2022,F01612,FERT_PURCHASE,Hybrid Seeds,145 kg,₹121.38,"₹17,600.10",BRD-AUR
T022344,04/01/2023,F01612,input,FERTILIZER 50kg bag,93 kgs,₹51.05,"₹4,747.65",BRD-AUR
T023223,04/03/2023,f02222,delivery,Mustard,396 kg,"₹6,685.00","₹26,472.60",BRD-AUR
T023224,01/05/2023,F02222,delivery,MUSTARD,1285 kg,"₹6,685.00","₹85,902.25",BRD-AUR
T023225,13/12/2022,F02222,INPUT_PURCHASE,Fertilizer,175 kg,₹52.93,"₹9,262.75",BRD-AUR
T023262,13/04/2023,F02245,delivery,MUSTARD,307.00 kgs,"₹6,575.00","₹20,185.25",BRD-AUR
T023263,17/04/2023,F02245,D,Yellow Mustard,"4,136.00 kgs","₹6,575.00","₹2,71,942.00",BRD-AUR
T023264,20 Dec 2022,F02245,I,Seeds,161 kgs,₹98.05,"₹15,786.05",BRD-AUR
T023265,03/01/2023,F02245,FERT_PURCHASE,DAP,297 kg,₹51.99,"₹15,441.03",BRD-AUR
T023301,04/05/2023,F02273,D,Sarson,307.00 kgs,"₹6,345.00","₹19,479.15",BRD-AUR
T023302,03/03/2023,F02273,D,Mustard,983 kg,"₹6,345.00","₹62,371.35",BRD-AUR
T023303,06/01/2023,F02273,INPUT_PURCHASE,FERTILIZER 50kg bag,254 kgs,₹41.92,"₹10,647.68",BRD-AUR
T023304,23/12/2022,F02273,input,NPK 10:26:26,222 kgs,₹38.77,"₹8,606.94",BRD-AUR
T023305,10/12/2022,F02273,Loan Repayment,EMI,,,"₹4,800.00",BRD-AUR
T023319,18/03/2023, F02281 ,Delivery,Yellow Mustard,2503 kg,"₹7,015.00","₹1,75,585.45",BRD-AUR
T023320,05/12/2022,f02281,I,FERTILIZER 50kg bag,38 kg,₹52.55,"₹1,996.90",BRD-AUR
T023321,01/12/2022,F02281,LOAN_REPAY,Loan Repayment,,,"₹3,000.00",BRD-AUR
T023356,04/04/2023,F02300,DELIVERY,Mustard,524 kg,"₹7,195.00","₹37,701.80",BRD-AUR
T023357,08/01/2023,f02300,INPUT_PURCHASE,DAP,90 kg,₹37.98,"₹3,418.20",BRD-AUR
T023358,15/12/2022,f02300,Input Purchase,NPK 10:26:26,65 kgs,₹29.41,"₹1,911.65",BRD-AUR
T023359,23/12/2022,F02300,INPUT_PURCHASE,Seeds,74 kgs,₹60.76,"₹4,496.24",BRD-AUR
T023362,03/03/2023, F02302 ,DELIVERY,Sarson,"1,325.00 kgs","₹6,925.00","₹91,756.25",BRD-AUR
T023363,14/12/2022, F02302 ,input,Seeds,201 kg,₹75.83,"₹15,241.83",BRD-AUR
T023364,26/12/2022,F02302,FERT_PURCHASE,Hybrid Seeds,256 kg,₹106.04,"₹27,146.24",BRD-AUR
T023374,02/05/2023,F02307,D,Yellow Mustard,477 kg,"₹6,880.00","₹32,817.60",BRD-AUR
T023375,06/03/2023,F02307,FPO_DELIVERY,mustard (Yellow),738 kg,"₹6,880.00","₹50,774.40",BRD-AUR
T023376,05/03/2023,F02307,FPO_DELIVERY,mustard (Yellow),556 kg,"₹6,880.00","₹38,252.80",BRD-AUR
T023377,20/12/2022,F02307,FERT_PURCHASE,PP chemicals,87 kg,₹497.69,"₹43,299.03",BRD-AUR
T023378,02/01/2023,f02307,INPUT_PURCHASE,SEEDS,55 kg,₹65.36,"₹3,594.80",BRD-AUR
T023418,16/03/2023,F02339,Delivery,Sarson,15 kg,"₹7,390.00","₹1,108.50",BRD-AUR
T023419,02/03/2023,F02339,DELIVERY,Sarson,"1,345.00 kgs","₹7,390.00","₹99,395.50",BRD-AUR
T023420,10/12/2022,F02339,I,PP chemicals,170 kg,₹360.70,"₹61,319.00",BRD-AUR
T023421,28/12/2022,F02339,Input Purchase,FERTILIZER 50kg bag,30 kg,₹57.58,"₹1,727.40",BRD-AUR
T023422,09 Jan 2023,f02339,input,Urea,228 kgs,₹36.23,"₹8,260.44",BRD-AUR
T023423,21/12/2022,F02339,FERT_PURCHASE,Hybrid Seeds,124 kgs,₹50.61,"₹6,275.64",BRD-AUR
T023488,27/03/2023,F02369,FPO_DELIVERY,Sarson,1060 kg,"₹7,085.00","₹75,101.00",BRD-AUR
T023503,18/04/2023,F02385,delivery,Sarson,"2,046.00 kgs","₹6,920.00","₹1,41,583.20",BRD-AUR
T023504,13/01/2023,F02385,I,Bio-pesticide,281 kg,₹523.50,"₹1,47,103.50",BRD-AUR
T023532,27 Apr 2023,F02400,FPO_DELIVERY,MUSTARD,139.00 kgs,"₹6,285.00","₹8,736.15",BRD-AUR
T023533,30/03/2023,F02400,Delivery,MUSTARD,"1,423.00 kgs","₹6,285.00","₹89,435.55",BRD-AUR
T023534,26/12/2022,F02400,Input Purchase,Bio-pesticide,102 kgs,₹683.79,"₹69,746.58",BRD-AUR
T023535,10/12/2022,F02400,input,Seeds,171 kg,₹110.21,"₹18,845.91",BRD-AUR
T023536,14/12/2022,F02400,FERT_PURCHASE,Fertilizer,95 kgs,₹43.84,"₹4,164.80",BRD-AUR
T023576,17 Apr 2023,F02423,D,Sarson,494 kg,"₹6,935.00","₹34,258.90",BRD-AUR
T023577,18/03/2023,F02423,delivery,Mustard,264.00 kgs,"₹6,935.00","₹18,308.40",BRD-AUR
T023578,10/12/2022,F02423,INPUT_PURCHASE,Seeds,186 kg,₹108.43,"₹20,167.98",BRD-AUR
T023579,24/12/2022,F02423,input,Hybrid Seeds,240 kgs,₹128.52,"₹30,844.80",BRD-AUR
T023631,07/03/2023,F02441,Delivery,Mustard,1417 kg,"₹7,130.00","₹1,01,032.10",BRD-AUR
T023632,24/12/2022,F02441,input,DAP,40 kgs,₹44.84,"₹1,793.60",BRD-AUR
T023633,30/12/2022,F02441,input,Urea,262 kgs,₹57.10,"₹14,960.20",BRD-AUR
T023634,19/03/2023,F02442,DELIVERY,Sarson,"1,756.00 kgs","₹7,060.00","₹1,23,973.60",BRD-AUR
T023635,21/03/2023,F02442,D,Yellow Mustard,885.00 kgs,"₹7,060.00","₹62,481.00",BRD-AUR
T023644,03/04/2023,F02450,Delivery,MUSTARD,166 kg,"₹6,915.00","₹11,478.90",BRD-AUR
T023645,05/04/2023,f02450,delivery,Sarson,"1,076.00 kgs","₹6,915.00","₹74,405.40",BRD-AUR
T023646,25/01/2023,F02450,Loan Repayment,EMI,,,"₹3,400.00",BRD-AUR
T023647,16/03/2023,f02450,Loan Repayment,Loan Repayment,,,"₹7,200.00",BRD-AUR
T023658,05/05/2023,F02457,D,Mustard,1613 kg,"₹6,540.00","₹1,05,490.20",BRD-AUR
T023659,22/12/2022,F02457,I,Fertilizer,220 kgs,₹47.81,"₹10,518.20",BRD-AUR
T023660,15/12/2022,F02457,I,Bio-pesticide,282 kgs,₹232.37,"₹65,528.34",BRD-AUR
T023661,11/05/2023,F02458,Delivery,mustard (Yellow),964 kg,"₹6,830.00","₹65,841.20",BRD-AUR
T023662,08/12/2022,F02458,Input Purchase,SEEDS,70 kg,₹81.50,"₹5,705.00",BRD-AUR
T023698,24/03/2023,F02472,Delivery,Sarson,713 kg,"₹7,185.00","₹51,229.05",BRD-AUR
T023699,04/04/2023,f02472,DELIVERY,MUSTARD,441 kg,"₹7,185.00","₹31,685.85",BRD-AUR
T023700,31/01/2023,F02472,L,Loan Repayment,,,₹800.00,BRD-AUR
T023726,05/04/2023,F02483,D,Yellow Mustard,"1,063.00 kgs","₹7,190.00","₹76,429.70",BRD-AUR
T023727,20/12/2022,F02483,I,NPK 10:26:26,185 kgs,₹30.98,"₹5,731.30",BRD-AUR
T023728,06/01/2023,F02483,I,FERTILIZER 50kg bag,98 kg,₹47.04,"₹4,609.92",BRD-AUR
T023729,06/12/2022,F02483,input,Fertilizer,234 kg,₹28.45,"₹6,657.30",BRD-AUR
T023730,15/01/2023,F02483,FERT_PURCHASE,FERTILIZER 50kg bag,98 kgs,₹54.64,"₹5,354.72",BRD-AUR
T023731,17/12/2022,F02483,FERT_PURCHASE,NPK 10:26:26,91 kg,₹42.44,"₹3,862.04",BRD-AUR
T023732,17/12/2022,F02483,LOAN_REPAY,EMI,,,"₹2,800.00",BRD-AUR
T023733,18/05/2023,F02483,LOAN_REPAY,Loan Repayment,,,"₹4,200.00",BRD-AUR
T023764,29/03/2023,f02494,DELIVERY,Sarson,1018 kg,"₹6,500.00","₹66,170.00",BRD-AUR
T023765,10/04/2023,f02494,delivery,mustard (Yellow),356 kg,"₹6,500.00","₹23,140.00",BRD-AUR
T023766,23/12/2022,F02494,input,FERTILIZER 50kg bag,279 kgs,₹53.08,"₹14,809.32",BRD-AUR
T023767,01/12/2022,F02494,I,DAP,238 kgs,₹47.48,"₹11,300.24",BRD-AUR
T023768,26/01/2023,F02494,Loan Repayment,EMI,,,"₹2,900.00",BRD-AUR
T023804,25/04/2023,F02506,Delivery,Sarson,216 kg,"₹6,700.00","₹14,472.00",BRD-AUR
T023805,11/04/2023,F02506,D,Yellow Mustard,598 kg,"₹6,700.00","₹40,066.00",BRD-AUR
T023806,22/12/2022,f02506,I,Hybrid Seeds,256 kgs,₹97.30,"₹24,908.80",BRD-AUR
T023807,08/01/2023,F02506,Input Purchase,SEEDS,123 kg,₹114.74,"₹14,113.02",BRD-AUR
T023832,28/04/2023,F02515,DELIVERY,Sarson,2022 kg,"₹7,265.00","₹1,46,898.30",BRD-AUR
T023833,06/01/2023,F02515,FERT_PURCHASE,FERTILIZER 50kg bag,317 kg,₹57.27,"₹18,154.59",BRD-AUR
T023852,13/03/2023,F02520,FPO_DELIVERY,Mustard,370.00 kgs,"₹6,530.00","₹24,161.00",BRD-AUR
T023853,06 Mar 2023,F02520,delivery,mustard (Yellow),223.00 kgs,"₹6,530.00","₹14,561.90",BRD-AUR
T023854,02/01/2023,F02520,input,FERTILIZER 50kg bag,260 kgs,₹59.32,"₹15,423.20",BRD-AUR
T023855,30/12/2022,F02520,Input Purchase,PPC,129 kg,₹174.63,"₹22,527.27",BRD-AUR
T023856,18/05/2023,F02520,LOAN_REPAY,Loan Repayment,,,"₹1,700.00",BRD-AUR
T023857,21/03/2023,F02520,loan,Loan Repayment,,,"₹4,800.00",BRD-AUR
T023885,17/03/2023,F02528,D,Mustard,498 kg,"₹6,795.00","₹33,839.10",BRD-AUR
T023886,26/12/2022,F02528,FERT_PURCHASE,Hybrid Seeds,266 kgs,₹47.81,"₹12,717.46",BRD-AUR
T023887,09/12/2022,F02528,FERT_PURCHASE,PPC,295 kgs,₹301.35,"₹88,898.25",BRD-AUR
T023888,15/01/2023,F02528,input,Seeds,218 kg,₹104.18,"₹22,711.24",BRD-AUR
T024444,19/10/2023,F01464,DELIVERY,SOYABEAN,311.00 kgs,"₹5,780.00","₹17,975.80",BRD-AUR
T024445,20 Nov 2023,F01464,Delivery,soya,379.00 kgs,"₹5,780.00","₹21,906.20",BRD-AUR
T024446,06/07/2023,F01464,Input Purchase,Seeds,207 kg,₹57.13,"₹11,825.91",BRD-AUR
T024447,08/06/2023,F01464,FERT_PURCHASE,PPC,213 kgs,₹412.67,"₹87,898.71",BRD-AUR
T024448,14 Nov 2023,F01476,Delivery,SOYABEAN,"5,646.00 kgs","₹5,465.00","₹3,08,553.90",BRD-AUR
T024449,09/06/2023,F01476,I,Bio-pesticide,75 kgs,₹217.22,"₹16,291.50",BRD-AUR
T024450,16/10/2023,F01476,Loan Repayment,Loan Repayment,,,"₹1,300.00",BRD-AUR
T024451,12/10/2023,F01481,Delivery,Soybean (Yellow),312 kg,"₹5,590.00","₹17,440.80",BRD-AUR
T024452,05/10/2023,F01481,delivery,soya,1574 kg,"₹5,590.00","₹87,986.60",BRD-AUR
T024453,23/06/2023,F01481,INPUT_PURCHASE,SEEDS,283 kgs,₹55.80,"₹15,791.40",BRD-AUR
T024454,14/07/2023,F01481,FERT_PURCHASE,Fertilizer,264 kg,₹44.60,"₹11,774.40",BRD-AUR
T024455,16 Jun 2023,f01481,FERT_PURCHASE,Urea,262 kg,₹45.31,"₹11,871.22",BRD-AUR
T024456,01/07/2023,F01481,INPUT_PURCHASE,Bio-pesticide,303 kgs,₹247.87,"₹75,104.61",BRD-AUR
T024457,27/11/2023,F01489,delivery,Soybean (Yellow),"2,438.00 kgs","₹5,560.00","₹1,35,552.80",BRD-AUR
T024458,07/07/2023,F01489,INPUT_PURCHASE,SEEDS,197 kg,₹100.64,"₹19,826.08",BRD-AUR
T024459,23/11/2023,F01490,D,soya,"5,473.00 kgs","₹5,640.00","₹3,08,677.20",BRD-AUR
T024460,04 Nov 2023,f01492,DELIVERY,Soybean (Yellow),927.00 kgs,"₹5,435.00","₹50,382.45",BRD-AUR
T024461,06/10/2023,F01492,delivery,SOYABEAN,301.00 kgs,"₹5,435.00","₹16,359.35",BRD-AUR
T024462,17/11/2023,F01492,FPO_DELIVERY,Soybean,"2,436.00 kgs","₹5,435.00","₹1,32,396.60",BRD-AUR
T024463,01 Jun 2023,F01492,I,FERTILIZER 50kg bag,59 kg,₹47.50,"₹2,802.50",BRD-AUR
T024464,16/06/2023,F01492,input,Bio-pesticide,316 kgs,₹614.57,"₹1,94,204.12",BRD-AUR
T024465,10/08/2023, F01492 ,LOAN_REPAY,EMI,,,"₹5,400.00",BRD-AUR
T024466,29/06/2023,F01492,LOAN_REPAY,EMI,,,"₹3,500.00",BRD-AUR
T024467,05/08/2023,F01492,Loan Repayment,Loan Repayment,,,"₹4,300.00",BRD-AUR
T024468,20/10/2023,F01495,Delivery,SOYABEAN,1521 kg,"₹6,440.00","₹97,952.40",BRD-AUR
T024469,21/06/2023,F01495,INPUT_PURCHASE,PPC,312 kgs,₹550.68,"₹1,71,812.16",BRD-AUR
T024470,14/06/2023,F01495,I,SEEDS,279 kg,₹45.09,"₹12,580.11",BRD-AUR
T024471,07/07/2023, F01495 ,Input Purchase,FERTILIZER 50kg bag,96 kgs,₹32.73,"₹3,142.08",BRD-AUR
T024472,18/10/2023,F01495,Loan Repayment,Loan Repayment,,,"₹2,500.00",BRD-AUR
T024473,09/10/2023,F01499,Delivery,Soybean,74 kg,"₹5,945.00","₹4,399.30",BRD-AUR
T024474,19/10/2023,F01499,Delivery,Soybean (Yellow),252.00 kgs,"₹5,945.00","₹14,981.40",BRD-AUR
T024475,11/09/2023,F01499,L,EMI,,,"₹6,200.00",BRD-AUR
T024476,22 Nov 2023,F01501,delivery,SOYABEAN,426.00 kgs,"₹5,970.00","₹25,432.20",BRD-AUR
T024477,27/10/2023,f01501,DELIVERY,SOYABEAN,67.00 kgs,"₹5,970.00","₹3,999.90",BRD-AUR
T024478,09/08/2023,F01501,LOAN_REPAY,Loan Repayment,,,"₹2,400.00",BRD-AUR
T024479,31/07/2023,F01501,loan,EMI,,,"₹3,700.00",BRD-AUR
T024480,06/11/2023,F01502,D,soya,156.00 kgs,"₹5,535.00","₹8,634.60",BRD-AUR
T024481,25/11/2023,f01502,Delivery,Soybean (Yellow),1327 kg,"₹5,535.00","₹73,449.45",BRD-AUR
T024482,08/11/2023,F01505,D,SOYABEAN,523 kg,"₹6,275.00","₹32,818.25",BRD-AUR
T024483,05 Oct 2023,F01505,DELIVERY,Soybean (Yellow),232.00 kgs,"₹6,275.00","₹14,558.00",BRD-AUR
T024484,23/06/2023,F01505,Input Purchase,NPK 10:26:26,214 kgs,₹34.57,"₹7,397.98",BRD-AUR
T024485,08/07/2023,F01505,INPUT_PURCHASE,FERTILIZER 50kg bag,112 kg,₹42.45,"₹4,754.40",BRD-AUR
T024486,22 Jun 2023,F01505,Input Purchase,PP chemicals,35 kgs,₹456.59,"₹15,980.65",BRD-AUR
T024487,04 Aug 2023,F01505,L,Loan Repayment,,,"₹2,200.00",BRD-AUR
T024488,22/06/2023,F01505,Loan Repayment,EMI,,,"₹3,300.00",BRD-AUR
T024489,16/11/2023,F01505,LOAN_REPAY,Loan Repayment,,,"₹6,800.00",BRD-AUR
T024490,15/11/2023,F01510,Delivery,SOYABEAN,310.00 kgs,"₹5,895.00","₹18,274.50",BRD-AUR
T024491,16/06/2023,F01510,FERT_PURCHASE,PP chemicals,123 kg,₹184.17,"₹22,652.91",BRD-AUR
T024492,03/06/2023,f01510,INPUT_PURCHASE,Urea,280 kg,₹42.86,"₹12,000.80",BRD-AUR
T024493,04 Nov 2023,f01511,Delivery,SOYABEAN,672.00 kgs,"₹5,830.00","₹39,177.60",BRD-AUR
T024494,14/10/2023,F01511,DELIVERY,Soybean,22 kg,"₹5,830.00","₹1,282.60",BRD-AUR
T024495,01 Jun 2023,F01511,I,NPK 10:26:26,87 kgs,₹40.55,"₹3,527.85",BRD-AUR
T024496,09/06/2023,F01511,I,PPC,187 kgs,₹300.38,"₹56,171.06",BRD-AUR
T024497,24/10/2023,F01513,Delivery,Soybean (Yellow),"2,381.00 kgs","₹5,585.00","₹1,32,978.85",BRD-AUR
T024498,22/11/2023,F01513,FPO_DELIVERY,Soybean (Yellow),"2,054.00 kgs","₹5,585.00","₹1,14,715.90",BRD-AUR
T024499,02/07/2023,F01513,input,Urea,165 kgs,₹47.03,"₹7,759.95",BRD-AUR
T024500,09/07/2023,F01513,FERT_PURCHASE,Urea,98 kg,₹29.78,"₹2,918.44",BRD-AUR
T024501,08 Oct 2023,F01514,DELIVERY,soya,680.00 kgs,"₹5,900.00","₹40,120.00",BRD-AUR
T024502,10/11/2023,F01514,delivery,soya,163.00 kgs,"₹5,900.00","₹9,617.00",BRD-AUR
T024503,29/11/2023,F01518,D,Soybean (Yellow),38.00 kgs,"₹5,785.00","₹2,198.30",BRD-AUR
T024504,27/10/2023,F01518,D,Soybean,930 kg,"₹5,785.00","₹53,800.50",BRD-AUR
T024505,29/06/2023,F01518,INPUT_PURCHASE,FERTILIZER 50kg bag,209 kgs,₹48.96,"₹10,232.64",BRD-AUR
T024506,04/07/2023,F01518,I,DAP,144 kgs,₹46.71,"₹6,726.24",BRD-AUR
T024507,19/06/2023,F01518,I,Bio-pesticide,69 kgs,₹315.40,"₹21,762.60",BRD-AUR
T024508,30/06/2023,F01518,FERT_PURCHASE,Seeds,292 kg,₹105.71,"₹30,867.32",BRD-AUR
T024509,12/07/2023,F01518,LOAN_REPAY,EMI,,,"₹6,300.00",BRD-AUR
T024510,15 Aug 2023,F01518,loan,EMI,,,"₹6,700.00",BRD-AUR
T024511,26/11/2023,F01526,FPO_DELIVERY,Soybean,191.00 kgs,"₹5,435.00","₹10,380.85",BRD-AUR
T024512,28/10/2023, F01526 ,D,soya,"1,081.00 kgs","₹5,435.00","₹58,752.35",BRD-AUR
T024513,13/07/2023,F01526,INPUT_PURCHASE,DAP,240 kgs,₹43.00,"₹10,320.00",BRD-AUR
T024514,30/11/2023,F01528,D,Soybean,536 kg,"₹6,065.00","₹32,508.40",BRD-AUR
T024515,24/10/2023,F01530,FPO_DELIVERY,Soybean (Yellow),112.00 kgs,"₹5,815.00","₹6,512.80",BRD-AUR
T024516,18/10/2023,F01530,Delivery,Soybean (Yellow),1440 kg,"₹5,815.00","₹83,736.00",BRD-AUR
T024517,04/07/2023,f01530,FERT_PURCHASE,Seeds,226 kgs,₹64.23,"₹14,515.98",BRD-AUR
T024518,14/07/2023,F01530,INPUT_PURCHASE,Bio-pesticide,232 kgs,₹322.70,"₹74,866.40",BRD-AUR
T024519,13/11/2023,F01535,DELIVERY,Soybean (Yellow),"1,433.00 kgs","₹6,160.00","₹88,272.80",BRD-AUR
T024520,15/10/2023,F01535,delivery,SOYABEAN,75 kg,"₹6,160.00","₹4,620.00",BRD-AUR
T024521,22/11/2023,F01538,FPO_DELIVERY,SOYABEAN,2267 kg,"₹5,935.00","₹1,34,546.45",BRD-AUR
T024522,15/07/2023,F01538,INPUT_PURCHASE,DAP,67 kg,₹58.86,"₹3,943.62",BRD-AUR
T024523,06/10/2023, F01542 ,DELIVERY,SOYABEAN,1571 kg,"₹5,420.00","₹85,148.20",BRD-AUR
T024524,14/07/2023,F01542,INPUT_PURCHASE,NPK 10:26:26,295 kg,₹42.65,"₹12,581.75",BRD-AUR
T024525,13/06/2023,F01542,Input Purchase,PP chemicals,181 kgs,₹349.23,"₹63,210.63",BRD-AUR
T024526,20/06/2023,F01542,Input Purchase,NPK 10:26:26,290 kgs,₹44.75,"₹12,977.50",BRD-AUR
T024527,20/06/2023,F01542,I,PPC,213 kgs,₹544.44,"₹1,15,965.72",BRD-AUR
T024528,22/06/2023,F01542,I,Hybrid Seeds,209 kg,₹71.40,"₹14,922.60",BRD-AUR
T024529,11/07/2023,f01542,FERT_PURCHASE,DAP,127 kg,₹37.67,"₹4,784.09",BRD-AUR
T024530,27/11/2023,F01544,delivery,soya,1071 kg,"₹6,020.00","₹64,474.20",BRD-AUR
T024531,01/11/2023,F01544,D,SOYABEAN,365.00 kgs,"₹6,020.00","₹21,973.00",BRD-AUR
T024532,22/06/2023,F01544,Input Purchase,Fertilizer,122 kg,₹35.35,"₹4,312.70",BRD-AUR
T024533,06/06/2023,F01544,Input Purchase,SEEDS,116 kg,₹59.28,"₹6,876.48",BRD-AUR
T024534,04/07/2023,F01544,Input Purchase,Urea,310 kgs,₹46.24,"₹14,334.40",BRD-AUR
T024535,11/07/2023, F01544 ,I,Fertilizer,172 kg,₹38.32,"₹6,591.04",BRD-AUR
T024536,28/10/2023,F01545,Delivery,soya,"1,786.00 kgs","₹6,120.00","₹1,09,303.20",BRD-AUR
T024537,13/07/2023,F01545,input,Seeds,126 kgs,₹49.38,"₹6,221.88",BRD-AUR
T024538,08/07/2023,F01545,input,SEEDS,124 kg,₹95.79,"₹11,877.96",BRD-AUR
T024539,01 Jun 2023,F01545,Input Purchase,NPK 10:26:26,292 kgs,₹39.98,"₹11,674.16",BRD-AUR
T024540,14 Jul 2023,F01545,input,NPK 10:26:26,310 kg,₹58.21,"₹18,045.10",BRD-AUR
T024541,06/10/2023,F01546,DELIVERY,soya,227.00 kgs,"₹5,470.00","₹12,416.90",BRD-AUR
T024542,25/10/2023,F01546,Delivery,SOYABEAN,258.00 kgs,"₹5,470.00","₹14,112.60",BRD-AUR
T024543,23/11/2023,f01546,FPO_DELIVERY,soya,775 kg,"₹5,470.00","₹42,392.50",BRD-AUR
T024544,26/06/2023,F01546,input,NPK 10:26:26,152 kgs,₹32.81,"₹4,987.12",BRD-AUR
T024545,02/07/2023,f01546,I,Fertilizer,233 kg,₹59.67,"₹13,903.11",BRD-AUR
T024546,19/06/2023,F01546,FERT_PURCHASE,Seeds,312 kg,₹46.52,"₹14,514.24",BRD-AUR
T024547,17/10/2023,F01548,D,soya,808 kg,"₹5,895.00","₹47,631.60",BRD-AUR
T024548,02/11/2023,F01548,Delivery,soya,92 kg,"₹5,895.00","₹5,423.40",BRD-AUR
T024549,13/06/2023,F01548,Input Purchase,PPC,56 kgs,₹482.54,"₹27,022.24",BRD-AUR
T024550,29/06/2023,F01548,INPUT_PURCHASE,PP chemicals,60 kgs,₹578.54,"₹34,712.40",BRD-AUR
T024551,06/06/2023, F01548 ,FERT_PURCHASE,SEEDS,118 kg,₹112.86,"₹13,317.48",BRD-AUR
T024552,22/06/2023,F01548,I,NPK 10:26:26,149 kg,₹38.26,"₹5,700.74",BRD-AUR
T024553,15/11/2023,F01550,FPO_DELIVERY,soya,779.00 kgs,"₹5,495.00","₹42,806.05",BRD-AUR
T024554,01/11/2023,F01550,FPO_DELIVERY,Soybean,1753 kg,"₹5,495.00","₹96,327.35",BRD-AUR
T024555,04/06/2023, F01550 ,I,NPK 10:26:26,261 kg,₹44.07,"₹11,502.27",BRD-AUR
T024556,11/07/2023,F01550,Input Purchase,Seeds,72 kg,₹125.91,"₹9,065.52",BRD-AUR
T024557,04/11/2023,F01553,FPO_DELIVERY,Soybean,863.00 kgs,"₹5,735.00","₹49,493.05",BRD-AUR
T024558,09/07/2023,F01553,FERT_PURCHASE,FERTILIZER 50kg bag,39 kg,₹42.48,"₹1,656.72",BRD-AUR
T024559,10 Oct 2023,f01556,delivery,Soybean,608.00 kgs,"₹5,830.00","₹35,446.40",BRD-AUR
T024560,31/10/2023,F01556,D,Soybean,534.00 kgs,"₹5,830.00","₹31,132.20",BRD-AUR
T024561,13/11/2023,F01556,D,SOYABEAN,339 kg,"₹5,830.00","₹19,763.70",BRD-AUR
T024562,07/07/2023,F01556,Input Purchase,FERTILIZER 50kg bag,291 kgs,₹31.51,"₹9,169.41",BRD-AUR
T024563,18/06/2023,F01556,FERT_PURCHASE,Fertilizer,185 kg,₹29.70,"₹5,494.50",BRD-AUR
T024564,15/11/2023,F01560,DELIVERY,Soybean (Yellow),"1,012.00 kgs","₹5,795.00","₹58,645.40",BRD-AUR
T024565,18/10/2023,F01560,delivery,Soybean,164 kg,"₹5,795.00","₹9,503.80",BRD-AUR
T024566,25/06/2023,F01560,Input Purchase,Fertilizer,163 kg,₹54.16,"₹8,828.08",BRD-AUR
T024567,12/07/2023,f01560,I,Hybrid Seeds,267 kgs,₹97.30,"₹25,979.10",BRD-AUR
T024568,15/07/2023,F01560,loan,Loan Repayment,,,"₹5,200.00",BRD-AUR
T024569,12/10/2023,F01561,DELIVERY,SOYABEAN,254 kg,"₹5,740.00","₹14,579.60",BRD-AUR
T024570,20/10/2023,f01561,D,Soybean,202.00 kgs,"₹5,740.00","₹11,594.80",BRD-AUR
T024571,15/06/2023,f01561,FERT_PURCHASE,DAP,195 kgs,₹47.01,"₹9,166.95",BRD-AUR
T024572,20/06/2023,f01561,I,Bio-pesticide,174 kgs,₹130.64,"₹22,731.36",BRD-AUR
T024573,12/07/2023,F01561,FERT_PURCHASE,PPC,292 kgs,₹197.23,"₹57,591.16",BRD-AUR
T024574,06/06/2023,F01561,Input Purchase,NPK 10:26:26,137 kg,₹40.47,"₹5,544.39",BRD-AUR
T024575,20/11/2023,F01563,FPO_DELIVERY,SOYABEAN,882.00 kgs,"₹6,275.00","₹55,345.50",BRD-AUR
T024576,29/11/2023, F01563 ,Delivery,soya,631 kg,"₹6,275.00","₹39,595.25",BRD-AUR
T024577,06 Jul 2023,F01563,I,PPC,62 kg,₹344.30,"₹21,346.60",BRD-AUR
T024578,13/07/2023,f01563,I,Seeds,262 kgs,₹60.85,"₹15,942.70",BRD-AUR
T024579,20/10/2023,F01564,FPO_DELIVERY,Soybean,1137 kg,"₹5,865.00","₹66,685.05",BRD-AUR
T024580,16/10/2023,F01564,delivery,SOYABEAN,772 kg,"₹5,865.00","₹45,277.80",BRD-AUR
T024581,01/06/2023,F01564,input,SEEDS,34 kgs,₹86.15,"₹2,929.10",BRD-AUR
T024582,15/07/2023,F01564,FERT_PURCHASE,FERTILIZER 50kg bag,313 kg,₹58.90,"₹18,435.70",BRD-AUR
T024583,26/11/2023,f01568,Delivery,Soybean (Yellow),"2,001.00 kgs","₹5,775.00","₹1,15,557.75",BRD-AUR
T024584,29/10/2023, F01568 ,DELIVERY,Soybean (Yellow),"1,242.00 kgs","₹5,775.00","₹71,725.50",BRD-AUR
T024585,06/07/2023,F01568,input,Seeds,50 kgs,₹67.22,"₹3,361.00",BRD-AUR
T024586,26/06/2023,F01568,INPUT_PURCHASE,Bio-pesticide,201 kg,₹463.99,"₹93,261.99",BRD-AUR
T024587,09/06/2023,F01568,Input Purchase,Hybrid Seeds,44 kg,₹108.75,"₹4,785.00",BRD-AUR
T024588,21/06/2023,F01568,Input Purchase,Seeds,148 kg,₹90.45,"₹13,386.60",BRD-AUR
T024589,08 Jul 2023,F01568,input,PP chemicals,180 kg,₹405.65,"₹73,017.00",BRD-AUR
T024590,15/07/2023,F01568,I,FERTILIZER 50kg bag,42 kgs,₹48.63,"₹2,042.46",BRD-AUR
T024591,19/11/2023,F01569,Delivery,Soybean,"2,968.00 kgs","₹5,730.00","₹1,70,066.40",BRD-AUR
T024592,11/07/2023,F01569,Input Purchase,DAP,148 kg,₹43.66,"₹6,461.68",BRD-AUR
T024593,06 Oct 2023,f01575,FPO_DELIVERY,soya,"1,041.00 kgs","₹5,665.00","₹58,972.65",BRD-AUR
T024594,19 Oct 2023,F01575,Delivery,Soybean (Yellow),764.00 kgs,"₹5,665.00","₹43,280.60",BRD-AUR
T024595,12/10/2023,F01576,delivery,Soybean,834.00 kgs,"₹6,085.00","₹50,748.90",BRD-AUR
T024596,12/11/2023,F01576,delivery,Soybean (Yellow),108 kg,"₹6,085.00","₹6,571.80",BRD-AUR
T024597,06/11/2023,F01576,Delivery,Soybean (Yellow),118 kg,"₹6,085.00","₹7,180.30",BRD-AUR
T024598,11/06/2023, F01576 ,Input Purchase,DAP,215 kgs,₹56.98,"₹12,250.70",BRD-AUR
T024599,17/06/2023,F01576,FERT_PURCHASE,DAP,173 kg,₹34.56,"₹5,978.88",BRD-AUR
T024600,28/07/2023,F01576,Loan Repayment,Loan Repayment,,,"₹6,000.00",BRD-AUR
T024601,29/11/2023,F01576,LOAN_REPAY,EMI,,,"₹1,100.00",BRD-AUR
T024602,08/06/2023,F01576,L,Loan Repayment,,,"₹5,900.00",BRD-AUR
T024603,01/10/2023,F01576,LOAN_REPAY,Loan Repayment,,,"₹5,800.00",BRD-AUR
T024604,11/11/2023,F01577,delivery,SOYABEAN,516 kg,"₹5,645.00","₹29,128.20",BRD-AUR
T024605,01/07/2023,F01577,input,Hybrid Seeds,243 kg,₹51.57,"₹12,531.51",BRD-AUR
T024606,24/06/2023,F01577,Input Purchase,Bio-pesticide,25 kg,₹271.51,"₹6,787.75",BRD-AUR
T024607,11/11/2023,F01580,DELIVERY,SOYABEAN,270.00 kgs,"₹5,990.00","₹16,173.00",BRD-AUR
T024608,15/10/2023,F01580,FPO_DELIVERY,soya,934.00 kgs,"₹5,990.00","₹55,946.60",BRD-AUR
T024609,04/11/2023,F01581,FPO_DELIVERY,Soybean (Yellow),1034 kg,"₹6,105.00","₹63,125.70",BRD-AUR
T024610,22 Oct 2023,F01582,Delivery,soya,94 kg,"₹5,585.00","₹5,249.90",BRD-AUR
T024611,06/11/2023,f01582,delivery,Soybean,1357 kg,"₹5,585.00","₹75,788.45",BRD-AUR
T024612,05/07/2023,F01582,FERT_PURCHASE,Urea,51 kg,₹35.33,"₹1,801.83",BRD-AUR
T024613,13/07/2023,F01582,I,FERTILIZER 50kg bag,250 kg,₹49.94,"₹12,485.00",BRD-AUR
T024614,04/10/2023,f01586,DELIVERY,soya,1632 kg,"₹5,270.00","₹86,006.40",BRD-AUR
T024615,06/11/2023, F01586 ,DELIVERY,SOYABEAN,762.00 kgs,"₹5,270.00","₹40,157.40",BRD-AUR
T024616,24/06/2023,F01586,INPUT_PURCHASE,Hybrid Seeds,129 kg,₹107.93,"₹13,922.97",BRD-AUR
T024617,30 Jun 2023,F01586,input,DAP,83 kg,₹45.96,"₹3,814.68",BRD-AUR
T024618,14/10/2023,F01587,FPO_DELIVERY,Soybean (Yellow),816.00 kgs,"₹5,735.00","₹46,797.60",BRD-AUR
T024619,02/11/2023,F01587,Delivery,Soybean,438.00 kgs,"₹5,735.00","₹25,119.30",BRD-AUR
T024620,09 Jun 2023,f01587,I,Hybrid Seeds,309 kgs,₹76.31,"₹23,579.79",BRD-AUR
T024621,22/06/2023,F01587,I,Urea,113 kgs,₹32.99,"₹3,727.87",BRD-AUR
T024622,10/07/2023,F01587,FERT_PURCHASE,Hybrid Seeds,54 kg,₹108.42,"₹5,854.68",BRD-AUR
T024623,19/10/2023,f01593,Delivery,soya,"2,407.00 kgs","₹5,960.00","₹1,43,457.20",BRD-AUR
T024624,07/06/2023,F01593,FERT_PURCHASE,Hybrid Seeds,193 kg,₹101.65,"₹19,618.45",BRD-AUR
T024625,15/06/2023,F01593,I,NPK 10:26:26,259 kgs,₹42.20,"₹10,929.80",BRD-AUR
T024626,23/11/2023,F01595,delivery,Soybean,878 kg,"₹5,805.00","₹50,967.90",BRD-AUR
T024627,07/06/2023,F01595,Input Purchase,SEEDS,290 kg,₹76.13,"₹22,077.70",BRD-AUR
T024628,21/06/2023,F01595,input,NPK 10:26:26,124 kg,₹46.23,"₹5,732.52",BRD-AUR
T024629,09/06/2023,F01595,INPUT_PURCHASE,Urea,303 kgs,₹49.35,"₹14,953.05",BRD-AUR
T024630,25 Oct 2023,F01599,FPO_DELIVERY,SOYABEAN,4128 kg,"₹6,260.00","₹2,58,412.80",BRD-AUR
T024631,19/06/2023,F01599,FERT_PURCHASE,Urea,260 kgs,₹55.26,"₹14,367.60",BRD-AUR
T024632,07/06/2023,f01599,INPUT_PURCHASE,Urea,181 kg,₹32.19,"₹5,826.39",BRD-AUR
T024633,25/11/2023,F01606,delivery,Soybean,335 kg,"₹5,770.00","₹19,329.50",BRD-AUR
T024634,02/11/2023,F01606,Delivery,soya,1035 kg,"₹5,770.00","₹59,719.50",BRD-AUR
T024635,08/07/2023,F01606,FERT_PURCHASE,NPK 10:26:26,44 kg,₹37.27,"₹1,639.88",BRD-AUR
T024636,21/06/2023,F01606,I,Fertilizer,106 kg,₹45.75,"₹4,849.50",BRD-AUR
T024637,05/07/2023,F01606,Input Purchase,Urea,30 kg,₹45.53,"₹1,365.90",BRD-AUR
T024638,12/06/2023,f01606,input,FERTILIZER 50kg bag,93 kgs,₹59.67,"₹5,549.31",BRD-AUR
T024639,25/10/2023,F01607,Delivery,SOYABEAN,"1,536.00 kgs","₹5,725.00","₹87,936.00",BRD-AUR
T024640,11/11/2023,F01607,FPO_DELIVERY,SOYABEAN,236 kg,"₹5,725.00","₹13,511.00",BRD-AUR
T024641,29 Jun 2023,f01607,I,Urea,92 kg,₹44.94,"₹4,134.48",BRD-AUR
T024642,15/06/2023, F01607 ,input,FERTILIZER 50kg bag,255 kg,₹38.62,"₹9,848.10",BRD-AUR
T024643,23/11/2023,F01607,loan,Loan Repayment,,,"₹3,500.00",BRD-AUR
T024644,20 Oct 2023,F01607,L,Loan Repayment,,,"₹3,400.00",BRD-AUR
T024645,22/11/2023, F01610 ,FPO_DELIVERY,SOYABEAN,"1,581.00 kgs","₹5,805.00","₹91,777.05",BRD-AUR
T024646,06/11/2023,F01610,Delivery,Soybean (Yellow),143.00 kgs,"₹5,805.00","₹8,301.15",BRD-AUR
T024647,21/11/2023,f01610,L,Loan Repayment,,,"₹1,000.00",BRD-AUR
T024648,19/07/2023,F01610,L,Loan Repayment,,,"₹6,600.00",BRD-AUR
T024649,23/10/2023,F01612,delivery,Soybean,1122 kg,"₹5,700.00","₹63,954.00",BRD-AUR
T024650,21/11/2023,F01612,FPO_DELIVERY,soya,650 kg,"₹5,700.00","₹37,050.00",BRD-AUR
T024651,29/06/2023,F01612,I,NPK 10:26:26,152 kgs,₹44.79,"₹6,808.08",BRD-AUR
T024652,11/06/2023,F01612,Input Purchase,SEEDS,160 kgs,₹105.46,"₹16,873.60",BRD-AUR
T025377,16 Nov 2023,F02222,D,Soybean,79.00 kgs,"₹5,535.00","₹4,372.65",BRD-AUR
T025378,10/10/2023,F02222,delivery,soya,2029 kg,"₹5,535.00","₹1,12,305.15",BRD-AUR
T025379,14/07/2023,F02222,FERT_PURCHASE,Urea,68 kg,₹29.34,"₹1,995.12",BRD-AUR
T025380,15/07/2023,F02222,INPUT_PURCHASE,DAP,315 kg,₹43.35,"₹13,655.25",BRD-AUR
T025381,05/07/2023,F02222,FERT_PURCHASE,PPC,208 kg,₹269.25,"₹56,004.00",BRD-AUR
T025413,18/11/2023,F02245,D,soya,"1,183.00 kgs","₹5,805.00","₹68,673.15",BRD-AUR
T025414,19/10/2023,F02245,Delivery,Soybean,"3,945.00 kgs","₹5,805.00","₹2,29,007.25",BRD-AUR
T025415,18/06/2023,f02245,FERT_PURCHASE,Fertilizer,142 kg,₹39.40,"₹5,594.80",BRD-AUR
T025416,11/07/2023,F02245,FERT_PURCHASE,PPC,94 kgs,₹544.74,"₹51,205.56",BRD-AUR
T025417,27/06/2023,F02245,input,Bio-pesticide,260 kg,₹126.62,"₹32,921.20",BRD-AUR
T025418,05/07/2023,F02245,INPUT_PURCHASE,FERTILIZER 50kg bag,132 kgs,₹49.83,"₹6,577.56",BRD-AUR
T025419,11/07/2023,F02245,Input Purchase,Fertilizer,222 kg,₹46.52,"₹10,327.44",BRD-AUR
T025459,01/11/2023, F02273 ,delivery,Soybean (Yellow),"1,332.00 kgs","₹5,605.00","₹74,658.60",BRD-AUR
T025460,06/07/2023,f02273,INPUT_PURCHASE,NPK 10:26:26,69 kgs,₹52.11,"₹3,595.59",BRD-AUR
T025461,27/06/2023,F02273,INPUT_PURCHASE,FERTILIZER 50kg bag,101 kgs,₹29.94,"₹3,023.94",BRD-AUR
T025462,02/06/2023,f02273,Input Purchase,SEEDS,269 kg,₹100.82,"₹27,120.58",BRD-AUR
T025477,20 Nov 2023,F02281,FPO_DELIVERY,SOYABEAN,"3,246.00 kgs","₹5,530.00","₹1,79,503.80",BRD-AUR
T025478,13/11/2023,F02281,L,EMI,,,"₹5,300.00",BRD-AUR
T025513,06/10/2023,F02300,delivery,SOYABEAN,545.00 kgs,"₹5,320.00","₹28,994.00",BRD-AUR
T025514,11/06/2023,F02300,input,SEEDS,55 kgs,₹55.13,"₹3,032.15",BRD-AUR
T025515,09/07/2023,f02300,INPUT_PURCHASE,PP chemicals,244 kgs,₹231.51,"₹56,488.44",BRD-AUR
T025518,04/10/2023,F02302,FPO_DELIVERY,soya,552.00 kgs,"₹5,495.00","₹30,332.40",BRD-AUR
T025519,04/11/2023,f02302,FPO_DELIVERY,Soybean,993.00 kgs,"₹5,495.00","₹54,565.35",BRD-AUR
T025520,23/06/2023,f02302,FERT_PURCHASE,Fertilizer,187 kgs,₹47.75,"₹8,929.25",BRD-AUR
T025521,14/07/2023,F02302,Input Purchase,Fertilizer,39 kgs,₹40.54,"₹1,581.06",BRD-AUR
T025533,12/11/2023,f02307,FPO_DELIVERY,SOYABEAN,1459 kg,"₹5,785.00","₹84,403.15",BRD-AUR
T025534,11 Nov 2023,F02307,Delivery,soya,925 kg,"₹5,785.00","₹53,511.25",BRD-AUR
T025535,23/06/2023,f02307,Input Purchase,Fertilizer,214 kg,₹56.67,"₹12,127.38",BRD-AUR
T025536,03/06/2023,F02307,I,PP chemicals,144 kgs,₹128.36,"₹18,483.84",BRD-AUR
T025561,05 Nov 2023,f02339,FPO_DELIVERY,Soybean,732.00 kgs,"₹6,270.00","₹45,896.40",BRD-AUR
T025562,22/10/2023,F02339,DELIVERY,Soybean,544 kg,"₹6,270.00","₹34,108.80",BRD-AUR
T025563,16/06/2023,F02339,INPUT_PURCHASE,SEEDS,31 kg,₹94.54,"₹2,930.74",BRD-AUR
T025564,25/06/2023,F02339,I,FERTILIZER 50kg bag,186 kgs,₹35.75,"₹6,649.50",BRD-AUR
T025597,12/11/2023,F02369,DELIVERY,SOYABEAN,114 kg,"₹5,925.00","₹6,754.50",BRD-AUR
T025598,28 Nov 2023,F02369,Delivery,Soybean,908.00 kgs,"₹5,925.00","₹53,799.00",BRD-AUR
T025624,22/11/2023,F02385,DELIVERY,SOYABEAN,"2,101.00 kgs","₹5,755.00","₹1,20,912.55",BRD-AUR
T025625,06/06/2023,F02385,INPUT_PURCHASE,PPC,216 kgs,₹167.35,"₹36,147.60",BRD-AUR
T025626,25/06/2023,F02385,INPUT_PURCHASE,SEEDS,244 kgs,₹84.33,"₹20,576.52",BRD-AUR
T025648,19/10/2023,F02400,delivery,soya,666 kg,"₹6,000.00","₹39,960.00",BRD-AUR
T025686,26/11/2023,F02423,DELIVERY,SOYABEAN,773 kg,"₹5,895.00","₹45,568.35",BRD-AUR
T025687,19 Oct 2023,F02423,D,Soybean,113 kg,"₹5,895.00","₹6,661.35",BRD-AUR
T025688,02/06/2023,F02423,I,Hybrid Seeds,26 kgs,₹65.29,"₹1,697.54",BRD-AUR
T025689,20 Jun 2023,F02423,Input Purchase,SEEDS,286 kgs,₹76.22,"₹21,798.92",BRD-AUR
T025690,23/06/2023,F02423,input,DAP,42 kgs,₹49.39,"₹2,074.38",BRD-AUR
T025691,15/07/2023, F02423 ,FERT_PURCHASE,PP chemicals,105 kg,₹518.89,"₹54,483.45",BRD-AUR
T025717,26/10/2023, F02441 ,D,soya,255 kg,"₹5,635.00","₹14,369.25",BRD-AUR
T025718,26/10/2023,F02441,Delivery,soya,1345 kg,"₹5,635.00","₹75,790.75",BRD-AUR
T025719,08/07/2023,F02441,INPUT_PURCHASE,Hybrid Seeds,30 kg,₹101.89,"₹3,056.70",BRD-AUR
T025720,16/11/2023,F02442,Delivery,SOYABEAN,"3,303.00 kgs","₹5,865.00","₹1,93,720.95",BRD-AUR
T025721,05/06/2023,F02442,Input Purchase,Hybrid Seeds,33 kg,₹50.17,"₹1,655.61",BRD-AUR
T025722,14/06/2023,F02442,Input Purchase,FERTILIZER 50kg bag,220 kgs,₹44.80,"₹9,856.00",BRD-AUR
T025732,12/10/2023,F02450,D,Soybean,228 kg,"₹5,840.00","₹13,315.20",BRD-AUR
T025733,17/11/2023, F02450 ,DELIVERY,Soybean (Yellow),630.00 kgs,"₹5,840.00","₹36,792.00",BRD-AUR
T025734,08/10/2023,F02450,Delivery,SOYABEAN,543.00 kgs,"₹5,840.00","₹31,711.20",BRD-AUR
T025735,09/06/2023, F02450 ,FERT_PURCHASE,NPK 10:26:26,309 kgs,₹36.43,"₹11,256.87",BRD-AUR
T025736,07/06/2023,F02450,Input Purchase,Hybrid Seeds,247 kg,₹52.49,"₹12,965.03",BRD-AUR
T025737,13/08/2023, F02450 ,Loan Repayment,Loan Repayment,,,"₹4,600.00",BRD-AUR
T025738,02/10/2023,f02450,LOAN_REPAY,EMI,,,"₹1,600.00",BRD-AUR
T025739,16/09/2023,F02450,L,EMI,,,"₹1,300.00",BRD-AUR
T025757,10/11/2023,f02457,FPO_DELIVERY,SOYABEAN,265 kg,"₹5,870.00","₹15,555.50",BRD-AUR
T025758,04/11/2023,F02457,FPO_DELIVERY,SOYABEAN,212 kg,"₹5,870.00","₹12,444.40",BRD-AUR
T025759,16/10/2023,F02457,FPO_DELIVERY,Soybean,187.00 kgs,"₹5,870.00","₹10,976.90",BRD-AUR
T025760,11/06/2023,F02457,Input Purchase,Urea,89 kg,₹39.76,"₹3,538.64",BRD-AUR
T025761,06/11/2023,F02458,Delivery,soya,"1,190.00 kgs","₹6,160.00","₹73,304.00",BRD-AUR
T025762,26 Jun 2023, F02458 ,I,Hybrid Seeds,174 kgs,₹98.44,"₹17,128.56",BRD-AUR
T025763,18/06/2023,F02458,I,FERTILIZER 50kg bag,304 kg,₹31.86,"₹9,685.44",BRD-AUR
T025764,27/06/2023,F02458,INPUT_PURCHASE,Hybrid Seeds,217 kgs,₹119.15,"₹25,855.55",BRD-AUR
T025791,24/10/2023,F02472,Delivery,Soybean (Yellow),586.00 kgs,"₹5,765.00","₹33,782.90",BRD-AUR
T025792,23/11/2023,F02472,DELIVERY,Soybean,808.00 kgs,"₹5,765.00","₹46,581.20",BRD-AUR
T025793,06/06/2023,F02472,I,FERTILIZER 50kg bag,273 kgs,₹47.29,"₹12,910.17",BRD-AUR
T025794,19/11/2023,F02472,L,Loan Repayment,,,"₹3,100.00",BRD-AUR
T025824,16/10/2023,,FPO_DELIVERY,SOYABEAN,898.00 kgs,"₹5,865.00","₹52,667.70",BRD-AUR
T025825,12/10/2023,F02483,Loan Repayment,EMI,,,"₹4,500.00",BRD-AUR
T025847,12/10/2023,F02494,DELIVERY,Soybean,"1,620.00 kgs","₹5,635.00","₹91,287.00",BRD-AUR
T025848,20/06/2023,F02494,INPUT_PURCHASE,SEEDS,308 kgs,₹75.56,"₹23,272.48",BRD-AUR
T025849,20/06/2023,F02494,input,Urea,27 kg,₹56.74,"₹1,531.98",BRD-AUR
T025850,15 Nov 2023,f02494,Loan Repayment,EMI,,,"₹4,300.00",BRD-AUR
T025851,26/08/2023,f02494,Loan Repayment,Loan Repayment,,,"₹3,200.00",BRD-AUR
T025879,15 Oct 2023,F02506,delivery,SOYABEAN,917.00 kgs,"₹5,895.00","₹54,057.15",BRD-AUR
T025880,18/06/2023,F02506,I,PPC,62 kgs,₹158.30,"₹9,814.60",BRD-AUR
T025881,07/06/2023,F02506,FERT_PURCHASE,Urea,131 kgs,₹44.24,"₹5,795.44",BRD-AUR
T025910,03/10/2023,F02515,D,SOYABEAN,"1,985.00 kgs","₹5,965.00","₹1,18,405.25",BRD-AUR
T025911,05/11/2023,F02515,DELIVERY,Soybean (Yellow),229 kg,"₹5,965.00","₹13,659.85",BRD-AUR
T025912,07/07/2023,F02515,FERT_PURCHASE,Fertilizer,113 kgs,₹39.81,"₹4,498.53",BRD-AUR
T025913,17/06/2023,F02515,INPUT_PURCHASE,Seeds,137 kgs,₹57.65,"₹7,898.05",BRD-AUR
T025914,10/06/2023,F02515,FERT_PURCHASE,Urea,214 kgs,₹41.07,"₹8,788.98",BRD-AUR
T025915,10/07/2023,F02515,I,DAP,108 kgs,₹53.75,"₹5,805.00",BRD-AUR
T025916,06/07/2023,f02515,INPUT_PURCHASE,PP chemicals,281 kg,₹611.35,"₹1,71,789.35",BRD-AUR
T025923,22/11/2023,F02520,delivery,Soybean,601 kg,"₹5,560.00","₹33,415.60",BRD-AUR
T025939,13/11/2023,F02532,DELIVERY,Soybean (Yellow),345.00 kgs,"₹5,800.00","₹20,010.00",BRD-AUR
T025940,25/11/2023,F02532,FPO_DELIVERY,Soybean (Yellow),374.00 kgs,"₹5,800.00","₹21,692.00",BRD-AUR
T025941,10/07/2023,F02532,Input Purchase,Seeds,144 kg,₹120.31,"₹17,324.64",BRD-AUR
T025942,02/07/2023,F02532,input,DAP,211 kg,₹59.72,"₹12,600.92",BRD-AUR
T025951,28/11/2023,F02535,D,Soybean,1259 kg,"₹5,870.00","₹73,903.30",BRD-AUR
T025952,17/06/2023,F02535,I,Seeds,211 kg,₹48.47,"₹10,227.17",BRD-AUR
T025953,05/06/2023,f02535,FERT_PURCHASE,Seeds,222 kg,₹60.36,"₹13,399.92",BRD-AUR
T025954,04/06/2023,F02535,I,NPK 10:26:26,213 kg,₹51.73,"₹11,018.49",BRD-AUR
T025955,25 Jun 2023,F02535,FERT_PURCHASE,NPK 10:26:26,117 kg,₹50.01,"₹5,851.17",BRD-AUR
T025972,13 Nov 2023,F02541,FPO_DELIVERY,SOYABEAN,101 kg,"₹5,775.00","₹5,832.75",BRD-AUR
T025973,26/11/2023,f02541,delivery,Soybean (Yellow),1012 kg,"₹5,775.00","₹58,443.00",BRD-AUR
T025974,30 Nov 2023,F02541,L,EMI,,,"₹7,900.00",BRD-AUR
T025975,06/09/2023,F02541,Loan Repayment,EMI,,,"₹2,000.00",BRD-AUR
T025986,03/11/2023,F02545,delivery,SOYABEAN,1008 kg,"₹5,955.00","₹60,026.40",BRD-AUR
T025987,25/06/2023,F02545,input,Urea,180 kgs,₹28.66,"₹5,158.80",BRD-AUR
T026007,18 Oct 2023,F02552,delivery,Soybean,414 kg,"₹6,130.00","₹25,378.20",BRD-AUR
T026008,01/11/2023,F02552,D,Soybean,20.00 kgs,"₹6,130.00","₹1,226.00",BRD-AUR
T026009,21/06/2023,F02552,input,SEEDS,98 kg,₹84.37,"₹8,268.26",BRD-AUR
T026029,12/11/2023,F02558,D,soya,204.00 kgs,"₹5,485.00","₹11,189.40",BRD-AUR
T026030,04 Oct 2023,F02558,LOAN_REPAY,EMI,,,"₹7,800.00",BRD-AUR
T026034,26/11/2023,f02560,D,Soybean,1405 kg,"₹5,585.00","₹78,469.25",BRD-AUR
T026035,10/06/2023,F02560,FERT_PURCHASE,Seeds,57 kg,₹119.06,"₹6,786.42",BRD-AUR
T026036,12/06/2023,f02560,Input Purchase,Hybrid Seeds,131 kg,₹122.95,"₹16,106.45",BRD-AUR
T026037,15 Jun 2023,F02560,input,Urea,182 kgs,₹39.86,"₹7,254.52",BRD-AUR
T026038,19/10/2023,F02560,LOAN_REPAY,EMI,,,"₹4,600.00",BRD-AUR
T026594,08/05/2024,F01464,Delivery,MUSTARD,720 kg,"₹7,080.00","₹50,976.00",BRD-AUR
T026595,27/12/2023,F01464,FERT_PURCHASE,SEEDS,176 kg,₹46.93,"₹8,259.68",BRD-AUR
T026596,13/01/2024,F01464,Input Purchase,Seeds,48 kg,₹104.61,"₹5,021.28",BRD-AUR
T026597,17/03/2024,F01476,Delivery,mustard (Yellow),1308 kg,"₹7,160.00","₹93,652.80",BRD-AUR
T026598,03/05/2024,f01476,FPO_DELIVERY,Mustard,"4,327.00 kgs","₹7,160.00","₹3,09,813.20",BRD-AUR
T026599,09/01/2024,F01476,INPUT_PURCHASE,Fertilizer,174 kgs,₹35.29,"₹6,140.46",BRD-AUR
T026600,17/12/2023,F01476,Input Purchase,Fertilizer,79 kg,₹48.75,"₹3,851.25",BRD-AUR
T026601,16/12/2023,F01476,L,Loan Repayment,,,"₹4,000.00",BRD-AUR
T026602,16/03/2024,F01481,delivery,Sarson,"1,241.00 kgs","₹6,685.00","₹82,960.85",BRD-AUR
T026603,08/01/2024,f01481,Input Purchase,Bio-pesticide,141 kgs,₹125.48,"₹17,692.68",BRD-AUR
T026604,02/01/2024,F01481,input,DAP,30 kg,₹29.60,₹888.00,BRD-AUR
T026605,10/02/2024,F01481,LOAN_REPAY,EMI,,,"₹7,000.00",BRD-AUR
T026606,11 May 2024,f01481,L,EMI,,,"₹4,100.00",BRD-AUR
T026607,29/02/2024,F01481,loan,Loan Repayment,,,"₹5,900.00",BRD-AUR
T026608,01/05/2024,f01489,FPO_DELIVERY,Yellow Mustard,616.00 kgs,"₹6,710.00","₹41,333.60",BRD-AUR
T026609,15/03/2024,F01489,delivery,MUSTARD,1216 kg,"₹6,710.00","₹81,593.60",BRD-AUR
T026610,14/03/2024,F01490,D,Mustard,"4,501.00 kgs","₹7,725.00",₹ N/A,BRD-AUR
T026611,23/04/2024,F01490,DELIVERY,Yellow Mustard,1934 kg,"₹7,725.00","₹1,49,401.50",BRD-AUR
T026612,29 Feb 2024,F01490,delivery,Wheat (Durum),14861 kg,"₹2,685.00","₹3,99,017.85",BRD-AUR
T026613,09/01/2024,F01490,Input Purchase,SEEDS,119 kg,₹118.03,"₹14,045.57",BRD-AUR
T026614,12/12/2023,F01490,INPUT_PURCHASE,Hybrid Seeds,114 kgs,₹62.97,"₹7,178.58",BRD-AUR
T026615,28/03/2024,F01492,DELIVERY,MUSTARD,"2,861.00 kgs","₹7,080.00","₹2,02,558.80",BRD-AUR
T026616,22/12/2023,F01492,input,Hybrid Seeds,304 kg,₹87.45,"₹26,584.80",BRD-AUR
T026617,24/12/2023,F01492,I,FERTILIZER 50kg bag,319 kgs,₹31.20,"₹9,952.80",BRD-AUR
T026618,11/05/2024,F01495,FPO_DELIVERY,MUSTARD,695.00 kgs,"₹6,435.00","₹44,723.25",BRD-AUR
T026619,21/03/2024,f01495,Delivery,Sarson,178.00 kgs,"₹6,435.00","₹11,454.30",BRD-AUR
T026620,23/03/2024, F01495 ,D,mustard (Yellow),236 kg,"₹6,435.00","₹15,186.60",BRD-AUR
T026621,24/12/2023,F01495,INPUT_PURCHASE,Fertilizer,99 kg,₹46.04,"₹4,557.96",BRD-AUR
T026622,15/01/2024,F01495,input,NPK 10:26:26,185 kg,₹28.60,"₹5,291.00",BRD-AUR
T026623,07 Dec 2023,f01495,Input Purchase,PP chemicals,162 kgs,₹356.16,"₹57,697.92",BRD-AUR
T026624,01/04/2024,f01495,Loan Repayment,EMI,,,"₹1,600.00",BRD-AUR
T026625,07/12/2023,F01495,Loan Repayment,Loan Repayment,,,"₹2,600.00",BRD-AUR
T026626,14/03/2024,F01495,loan,Loan Repayment,,,"₹7,900.00",BRD-AUR
T026627,15/03/2024,F01495,Loan Repayment,Loan Repayment,,,"₹6,100.00",BRD-AUR
T026628,10/04/2024,F01501,D,mustard (Yellow),408 kg,"₹6,940.00","₹28,315.20",BRD-AUR
T026629,17/03/2024, F01501 ,FPO_DELIVERY,Sarson,88 kg,"₹6,940.00","₹6,107.20",BRD-AUR
T026630,18/12/2023,F01501,L,EMI,,,"₹7,000.00",BRD-AUR
T026631,08/02/2024,F01501,L,EMI,,,"₹5,700.00",BRD-AUR
T026632,27/03/2024,F01502,FPO_DELIVERY,Yellow Mustard,887 kg,"₹7,645.00","₹67,811.15",BRD-AUR
T026633,11/05/2024,F01502,delivery,Mustard,401 kg,"₹7,645.00","₹30,656.45",BRD-AUR
T026634,19 Dec 2023,F01502,I,NPK 10:26:26,148 kgs,₹53.98,"₹7,989.04",BRD-AUR
T026635,08 Jan 2024,F01502,INPUT_PURCHASE,Fertilizer,74 kgs,₹52.38,"₹3,876.12",BRD-AUR
T026636,15/01/2024,F01502,Input Purchase,FERTILIZER 50kg bag,201 kgs,₹38.24,"₹7,686.24",BRD-AUR
T026637,24/12/2023,F01502,I,Fertilizer,124 kg,₹45.65,"₹5,660.60",BRD-AUR
T026638,09/03/2024,F01505,DELIVERY,MUSTARD,706.00 kgs,"₹7,365.00","₹51,996.90",BRD-AUR
T026639,29/12/2023,F01505,I,PP chemicals,69 kg,₹657.56,"₹45,371.64",BRD-AUR
T026640,12/04/2024,F01505,Loan Repayment,Loan Repayment,,,"₹5,000.00",BRD-AUR
T026641,26 Dec 2023,F01505,LOAN_REPAY,EMI,,,₹ N/A,BRD-AUR
T026642,18/03/2024,F01513,DELIVERY,Sarson,"3,593.00 kgs","₹7,465.00","₹2,68,217.45",BRD-AUR
T026643,01/04/2024,F01513,DELIVERY,MUSTARD,108 kg,"₹7,465.00","₹8,062.20",BRD-AUR
T026644,07/05/2024,F01513,delivery,Wheat (Durum),8911 kg,"₹2,600.00","₹2,31,686.00",BRD-AUR
T026645,07/04/2024,F01514,FPO_DELIVERY,MUSTARD,700.00 kgs,"₹6,805.00","₹47,635.00",BRD-AUR
T026646,08/01/2024,F01514,FERT_PURCHASE,FERTILIZER 50kg bag,,₹59.64,"₹11,987.64",BRD-AUR
T026647,30/12/2023,F01514,Input Purchase,FERTILIZER 50kg bag,239 kgs,₹28.97,"₹6,923.83",BRD-AUR
T026648,02/05/2024,F01518,FPO_DELIVERY,Sarson,480.00 kgs,"₹7,140.00","₹34,272.00",BRD-AUR
T026649,04/05/2024,F01518,delivery,Yellow Mustard,190 kg,"₹7,140.00","₹13,566.00",BRD-AUR
T026650,14/12/2023,F01518,I,Bio-pesticide,48 kgs,₹537.60,"₹25,804.80",BRD-AUR
T026651,25/05/2024,F01518,LOAN_REPAY,EMI,,,"₹7,200.00",BRD-AUR
T026652,11 Mar 2024,f01526,Delivery,Sarson,174.00 kgs,"₹6,815.00","₹11,858.10",BRD-AUR
T026653,23/04/2024,f01526,DELIVERY,Mustard,"1,166.00 kgs","₹6,815.00","₹79,462.90",BRD-AUR
T026654,22/04/2024,F01526,D,Wheat (Durum),604 kg,"₹2,645.00","₹15,975.80",BRD-AUR
T026655,24/03/2024,F01526,D,WHEAT,2100 kg,"₹2,645.00","₹55,545.00",BRD-AUR
T026656,06/01/2024,F01526,I,SEEDS,155 kg,₹66.37,"₹10,287.35",BRD-AUR
T026657,29/02/2024,F01528,FPO_DELIVERY,mustard (Yellow),520.00 kgs,"₹6,575.00","₹34,190.00",BRD-AUR
T026658,10/12/2023,F01528,I,DAP,147 kg,₹49.26,"₹7,241.22",BRD-AUR
T026659,18/04/2024,f01530,FPO_DELIVERY,Yellow Mustard,"1,080.00 kgs","₹7,145.00","₹77,166.00",BRD-AUR
T026660,29/04/2024,f01530,FPO_DELIVERY,MUSTARD,36.00 kgs,"₹7,145.00","₹2,572.20",BRD-AUR
T026661,23/12/2023,f01530,Input Purchase,Hybrid Seeds,206 kgs,₹113.16,"₹23,310.96",BRD-AUR
T026662,07/12/2023,F01530,Input Purchase,Hybrid Seeds,204 kgs,₹120.64,"₹24,610.56",BRD-AUR
T026663,17/12/2023,F01530,input,PPC,127 kgs,₹373.17,"₹47,392.59",BRD-AUR
T026664,03/03/2024,F01535,delivery,Sarson,434.00 kgs,"₹7,645.00","₹33,179.30",BRD-AUR
T026665,25/03/2024,F01535,FPO_DELIVERY,Sarson,729.00 kgs,"₹7,645.00","₹55,732.05",BRD-AUR
T026666,14/05/2024,f01535,Delivery,Yellow Mustard,224 kg,"₹7,645.00","₹17,124.80",BRD-AUR
T026667,13/05/2024,F01538,FPO_DELIVERY,MUSTARD,"1,900.00 kgs","₹7,060.00","₹1,34,140.00",BRD-AUR
T026668,22/04/2024,F01538,Delivery,wheat,"1,994.00 kgs","₹2,860.00","₹57,028.40",BRD-AUR
T026669,02/04/2024,F01538,Delivery,Wheat,1336 kg,"₹2,860.00","₹38,209.60",BRD-AUR
T026670,19/04/2024,f01538,Delivery,Wheat (Durum),575.00 kgs,"₹2,860.00","₹16,445.00",BRD-AUR
T026671,06/01/2024,F01538,INPUT_PURCHASE,PP chemicals,114 kgs,₹142.08,"₹16,197.12",BRD-AUR
T026672,27/12/2023,f01538,INPUT_PURCHASE,DAP,74 kgs,₹35.07,"₹2,595.18",BRD-AUR
T026673,23/12/2023,F01538,I,SEEDS,144 kgs,₹94.97,"₹13,675.68",BRD-AUR
T026674,13/01/2024,f01538,input,Urea,72 kgs,₹48.91,"₹3,521.52",BRD-AUR
T026675,08/05/2024,F01538,loan,EMI,,,"₹1,700.00",BRD-AUR
T026676,26/05/2024,F01538,L,Loan Repayment,,,"₹2,000.00",BRD-AUR
T026677,08/03/2024,F01542,Delivery,Yellow Mustard,96 kg,"₹6,810.00","₹6,537.60",BRD-AUR
T026678,03/05/2024,F01542,DELIVERY,Sarson,"1,171.00 kgs","₹6,810.00","₹79,745.10",BRD-AUR
T026679,04/01/2024,F01542,FERT_PURCHASE,Fertilizer,167 kgs,₹56.66,"₹9,462.22",BRD-AUR
T026680,19/12/2023,f01542,Input Purchase,Urea,71 kg,₹31.15,"₹2,211.65",BRD-AUR
T026681,13/05/2024,F01544,Delivery,Sarson,1307 kg,"₹6,970.00","₹91,097.90",BRD-AUR
T026682,04/01/2024,F01544,FERT_PURCHASE,Fertilizer,96 kg,₹46.30,"₹4,444.80",BRD-AUR
T026683,28/04/2024,f01545,FPO_DELIVERY,Yellow Mustard,1698 kg,"₹6,820.00","₹1,15,803.60",BRD-AUR
T026684,08/03/2024,F01545,Delivery,wheat,396 kg,"₹2,745.00","₹10,870.20",BRD-AUR
T026685,08 Apr 2024,f01545,DELIVERY,Wheat,758.00 kgs,"₹2,745.00","₹20,807.10",BRD-AUR
T026686,27 Apr 2024,F01545,delivery,Lokwan Wheat,"2,429.00 kgs","₹2,745.00","₹66,676.05",BRD-AUR
T026687,13/12/2023,F01545,input,NPK 10:26:26,32 kg,₹30.19,₹966.08,BRD-AUR
T026688,07/01/2024,F01545,input,Seeds,268 kg,₹70.63,"₹18,928.84",BRD-AUR
T026689,01/01/2024,F01545,FERT_PURCHASE,DAP,319 kg,₹52.03,"₹16,597.57",BRD-AUR
T026690,05/05/2024,F01546,delivery,mustard (Yellow),1103 kg,"₹6,890.00","₹75,996.70",BRD-AUR
T026691,31/12/2023,F01546,I,PP chemicals,77 kg,₹161.53,"₹12,437.81",BRD-AUR
T026692,12 Jan 2024,F01546,INPUT_PURCHASE,Hybrid Seeds,184 kg,₹112.17,"₹20,639.28",BRD-AUR
T026693,15/01/2024,F01546,input,Urea,72 kgs,₹28.93,"₹2,082.96",BRD-AUR
T026694,06/04/2024,F01548,DELIVERY,Mustard,753 kg,"₹6,655.00","₹50,112.15",BRD-AUR
T026695,20/04/2024,F01548,DELIVERY,Wheat,"1,911.00 kgs","₹2,945.00","₹56,278.95",BRD-AUR
T026696,05/01/2024,F01548,input,FERTILIZER 50kg bag,66 kg,₹28.74,"₹1,896.84",BRD-AUR
T026697,11/01/2024,f01548,INPUT_PURCHASE,PP chemicals,158 kg,₹347.26,"₹54,867.08",BRD-AUR
T026698,08/12/2023,F01548,I,SEEDS,156 kg,₹70.19,"₹10,949.64",BRD-AUR
T026699,03/01/2024,F01548,input,Bio-pesticide,89 kgs,₹205.08,"₹18,252.12",BRD-AUR
T026700,10/12/2023,F01548,INPUT_PURCHASE,FERTILIZER 50kg bag,90 kgs,₹28.85,"₹2,596.50",BRD-AUR
T026701,03/01/2024,F01548,FERT_PURCHASE,Hybrid Seeds,157 kg,₹60.34,"₹9,473.38",BRD-AUR
T026702,22/12/2023,F01548,FERT_PURCHASE,FERTILIZER 50kg bag,244 kg,₹59.04,"₹14,405.76",BRD-AUR
T026703,14/03/2024, F01550 ,DELIVERY,Mustard,"1,099.00 kgs","₹7,560.00","₹83,084.40",BRD-AUR
T026704,27/03/2024,F01550,FPO_DELIVERY,mustard (Yellow),"1,963.00 kgs","₹7,560.00","₹1,48,402.80",BRD-AUR
T026705,16/03/2024,F01553,FPO_DELIVERY,Mustard,813.00 kgs,"₹7,470.00","₹60,731.10",BRD-AUR
T026706,07/04/2024,F01556,Delivery,Mustard,145.00 kgs,"₹7,205.00","₹10,447.25",BRD-AUR
T026707,29/04/2024, F01556 ,DELIVERY,Mustard,1248 kg,"₹7,205.00","₹89,918.40",BRD-AUR
T026708,02 May 2024,F01556,delivery,Wheat,1769 kg,"₹2,460.00","₹43,517.40",BRD-AUR
T026709,16/03/2024,F01556,Delivery,WHEAT,"1,489.00 kgs","₹2,460.00","₹36,629.40",BRD-AUR
T026710,05/01/2024, F01556 ,INPUT_PURCHASE,Hybrid Seeds,210 kgs,₹117.50,"₹24,675.00",BRD-AUR
T026711,04/01/2024,F01556,input,SEEDS,133 kg,₹68.76,"₹9,145.08",BRD-AUR
T026712,19/03/2024,f01560,D,MUSTARD,"1,125.00 kgs","₹6,515.00","₹73,293.75",BRD-AUR
T026713,05/01/2024,F01560,I,Bio-pesticide,60 kgs,₹544.27,"₹32,656.20",BRD-AUR
T026714,28/03/2024,F01560,loan,EMI,,,"₹1,000.00",BRD-AUR
T026715,30/03/2024,F01560,Loan Repayment,EMI,,,"₹4,800.00",BRD-AUR
T026716,02/04/2024,F01563,DELIVERY,MUSTARD,341.00 kgs,"₹7,365.00","₹25,114.65",BRD-AUR
T026717,09/03/2024,f01563,FPO_DELIVERY,mustard (Yellow),"1,153.00 kgs","₹7,365.00","₹84,918.45",BRD-AUR
T026718,22/12/2023,F01563,I,FERTILIZER 50kg bag,32 kgs,₹49.21,"₹1,574.72",BRD-AUR
T026719,05/12/2023,F01563,INPUT_PURCHASE,PPC,76 kgs,₹331.68,"₹25,207.68",BRD-AUR
T026720,05/05/2024,F01564,Delivery,mustard (Yellow),"1,641.00 kgs","₹7,085.00","₹1,16,264.85",BRD-AUR
T026721,12/05/2024,F01568,Delivery,mustard (Yellow),"2,777.00 kgs","₹6,680.00","₹1,85,503.60",BRD-AUR
T026722,16/12/2023,F01568,I,Bio-pesticide,146 kg,₹468.76,"₹68,438.96",BRD-AUR
T026723,17 Dec 2023,F01568,FERT_PURCHASE,Urea,80 kg,₹34.18,"₹2,734.40",BRD-AUR
T026724,10/01/2024,F01568,input,Fertilizer,76 kgs,₹47.87,"₹3,638.12",BRD-AUR
T026725,12 Jan 2024, F01568 ,I,Fertilizer,259 kg,₹34.41,"₹8,912.19",BRD-AUR
T026726,07/12/2023,F01568,Input Purchase,Bio-pesticide,166 kg,₹641.15,"₹1,06,430.90",BRD-AUR
T026727,30/12/2023,F01568,INPUT_PURCHASE,FERTILIZER 50kg bag,101 kg,₹53.21,"₹5,374.21",BRD-AUR
T026728,19 Mar 2024,f01569,D,mustard (Yellow),"2,273.00 kgs","₹6,895.00","₹1,56,723.35",BRD-AUR
T026729,08/01/2024,F01569,input,Urea,241 kg,₹59.54,"₹14,349.14",BRD-AUR
T026730,07/12/2023,F01569,input,DAP,204 kg,₹45.18,"₹9,216.72",BRD-AUR
T026731,09/01/2024,f01569,I,Hybrid Seeds,298 kg,₹92.76,"₹27,642.48",BRD-AUR
T026732,09/03/2024, F01575 ,delivery,MUSTARD,848.00 kgs,"₹6,660.00","₹56,476.80",BRD-AUR
T026733,15/03/2024,F01575,Delivery,mustard (Yellow),518.00 kgs,"₹6,660.00","₹34,498.80",BRD-AUR
T026734,28/04/2024,F01576,D,MUSTARD,964 kg,"₹6,695.00","₹64,539.80",BRD-AUR
T026735,09/01/2024,F01576,I,Bio-pesticide,58 kgs,₹158.30,"₹9,181.40",BRD-AUR
T026736,20/12/2023,F01576,INPUT_PURCHASE,Bio-pesticide,129 kgs,₹641.31,"₹82,728.99",BRD-AUR
T026737,18/12/2023,F01576,Input Purchase,FERTILIZER 50kg bag,211 kg,₹31.54,"₹6,654.94",BRD-AUR
T026738,09/12/2023,F01576,INPUT_PURCHASE,Seeds,164 kg,₹57.09,"₹9,362.76",BRD-AUR
T026739,10/03/2024,F01576,LOAN_REPAY,EMI,,,"₹3,100.00",BRD-AUR
T026740,09/03/2024,F01576,Loan Repayment,Loan Repayment,,,"₹1,600.00",BRD-AUR
T026741,13/01/2024,F01576,L,Loan Repayment,,,"₹7,100.00",BRD-AUR
T026742,06/03/2024,F01577,Delivery,Yellow Mustard,459 kg,"₹7,670.00","₹35,205.30",BRD-AUR
T026743,17/03/2024,F01577,D,MUSTARD,62 kg,"₹7,670.00","₹4,755.40",BRD-AUR
T026744,02/01/2024,F01577,INPUT_PURCHASE,NPK 10:26:26,137 kg,₹38.29,"₹5,245.73",BRD-AUR
T026745,27/12/2023,F01577,Input Purchase,Urea,128 kg,₹53.79,"₹6,885.12",BRD-AUR
T026746,05/05/2024,F01580,delivery,Mustard,927.00 kgs,"₹6,870.00","₹63,684.90",BRD-AUR
T026747,04/01/2024,F01580,input,Hybrid Seeds,304 kg,₹55.24,"₹16,792.96",BRD-AUR
T026748,10/01/2024,F01580,Input Purchase,Bio-pesticide,179 kg,₹576.39,"₹1,03,173.81",BRD-AUR
T026749,28/03/2024,F01581,FPO_DELIVERY,mustard (Yellow),"1,079.00 kgs","₹7,475.00","₹80,655.25",BRD-AUR
T026750,17/04/2024,F01581,delivery,WHEAT,440 kg,"₹2,610.00","₹11,484.00",BRD-AUR
T026751,27/04/2024,F01581,DELIVERY,Wheat (Durum),2673 kg,"₹2,610.00","₹69,765.30",BRD-AUR
T026752,01 Jan 2024,F01581,INPUT_PURCHASE,SEEDS,143 kgs,₹108.55,"₹15,522.65",BRD-AUR
T026753,10/03/2024,f01582,DELIVERY,mustard (Yellow),64.00 kgs,"₹6,990.00","₹4,473.60",BRD-AUR
T026754,08/03/2024,F01582,delivery,mustard (Yellow),1395 kg,"₹6,990.00","₹97,510.50",BRD-AUR
T026755,17/12/2023,F01582,INPUT_PURCHASE,NPK 10:26:26,124 kg,₹37.35,"₹4,631.40",BRD-AUR
T026756,04/12/2023,F01582,INPUT_PURCHASE,SEEDS,296 kg,₹112.34,"₹33,252.64",BRD-AUR
T026757,07/12/2023,F01582,input,Hybrid Seeds,250 kgs,₹62.13,"₹15,532.50",BRD-AUR
T026758,06 Dec 2023,F01582,FERT_PURCHASE,FERTILIZER 50kg bag,223 kgs,₹35.38,"₹7,889.74",BRD-AUR
T026759,21/12/2023,F01582,Input Purchase,Seeds,185 kgs,₹48.56,"₹8,983.60",BRD-AUR
T026760,26/04/2024,f01586,FPO_DELIVERY,mustard (Yellow),2514 kg,"₹6,985.00","₹1,75,602.90",BRD-AUR
T026761,17/12/2023,F01586,INPUT_PURCHASE,PPC,126 kgs,₹557.60,"₹70,257.60",BRD-AUR
T026762,14/05/2024,F01587,delivery,Yellow Mustard,709 kg,"₹7,005.00","₹49,665.45",BRD-AUR
T026763,16/04/2024,f01587,Delivery,MUSTARD,207.00 kgs,"₹7,005.00","₹14,500.35",BRD-AUR
T026764,27/03/2024,F01587,FPO_DELIVERY,Sarson,13.00 kgs,"₹7,005.00",₹910.65,BRD-AUR
T026765,20/03/2024,F01587,delivery,WHEAT,2323 kg,"₹2,755.00","₹63,998.65",BRD-AUR
T026766,30/04/2024, F01587 ,Delivery,Wheat (Durum),358 kg,"₹2,755.00","₹9,862.90",BRD-AUR
T026767,10 May 2024,F01593,D,Mustard,1644 kg,"₹7,430.00","₹1,22,149.20",BRD-AUR
T026768,11/04/2024,F01593,FPO_DELIVERY,Yellow Mustard,297 kg,"₹7,430.00","₹22,067.10",BRD-AUR
T026769,08/03/2024,F01595,Delivery,MUSTARD,706 kg,"₹7,325.00","₹51,714.50",BRD-AUR
T026770,07/12/2023,F01595,Input Purchase,DAP,248 kg,₹59.72,"₹14,810.56",BRD-AUR
T026771,01/01/2024,f01595,Input Purchase,SEEDS,33 kg,₹73.14,"₹2,413.62",BRD-AUR
T026772,16/12/2023,F01595,Input Purchase,Seeds,108 kg,₹46.92,"₹5,067.36",BRD-AUR
T026773,13/12/2023,F01595,INPUT_PURCHASE,NPK 10:26:26,110 kgs,₹46.78,"₹5,145.80",BRD-AUR
T026774,30/12/2023, F01595 ,I,Urea,116 kgs,₹56.82,"₹6,591.12",BRD-AUR
T026775,09/05/2024,F01599,delivery,MUSTARD,4101 kg,"₹7,110.00","₹2,91,581.10",BRD-AUR
T026776,03/05/2024,F01599,DELIVERY,Lokwan Wheat,221 kg,"₹2,650.00","₹5,856.50",BRD-AUR
T026777,07/03/2024,F01599,D,WHEAT,7772 kg,"₹2,650.00","₹2,05,958.00",BRD-AUR
T026778,19/12/2023,f01599,FERT_PURCHASE,Urea,271 kg,₹59.01,"₹15,991.71",BRD-AUR
T026779,05/01/2024,F01599,Loan Repayment,Loan Repayment,,,"₹6,900.00",BRD-AUR
T026780,05/02/2024,f01599,LOAN_REPAY,EMI,,,"₹5,500.00",BRD-AUR
T026781,12/04/2024,F01606,delivery,Sarson,763.00 kgs,"₹7,515.00","₹57,339.45",BRD-AUR
T026782,12/03/2024,F01606,DELIVERY,Lokwan Wheat,2121 kg,"₹2,620.00","₹55,570.20",BRD-AUR
T026783,05/01/2024,F01606,INPUT_PURCHASE,SEEDS,99 kgs,₹104.63,"₹10,358.37",BRD-AUR
T026784,02/01/2024,F01606,FERT_PURCHASE,SEEDS,57 kg,₹88.69,"₹5,055.33",BRD-AUR
T026785,13/03/2024,F01607,delivery,Yellow Mustard,1886 kg,"₹7,230.00","₹1,36,357.80",BRD-AUR
T026786,06/04/2024,F01607,DELIVERY,wheat,"4,451.00 kgs","₹2,740.00","₹1,21,957.40",BRD-AUR
T026787,29/12/2023,F01607,I,SEEDS,71 kgs,₹67.08,"₹4,762.68",BRD-AUR
T026788,01/01/2024,F01607,FERT_PURCHASE,Seeds,195 kg,₹106.45,"₹20,757.75",BRD-AUR
T026789,01/03/2024,F01610,delivery,MUSTARD,720 kg,"₹7,160.00","₹51,552.00",BRD-AUR
T026790,04/04/2024,F01610,FPO_DELIVERY,Mustard,653.00 kgs,"₹7,160.00","₹46,754.80",BRD-AUR
T026791,12/01/2024,F01610,Input Purchase,Hybrid Seeds,122 kgs,₹60.39,"₹7,367.58",BRD-AUR
T026792,24/12/2023,F01610,Input Purchase,Hybrid Seeds,161 kgs,₹72.86,"₹11,730.46",BRD-AUR
T026793,13/12/2023,F01610,Input Purchase,Urea,160 kg,₹39.03,"₹6,244.80",BRD-AUR
T026794,17/01/2024,F01610,LOAN_REPAY,EMI,,,"₹6,600.00",BRD-AUR
T026795,23/02/2024,f01610,Loan Repayment,EMI,,,"₹6,500.00",BRD-AUR
T026796,07 May 2024,F01612,DELIVERY,MUSTARD,"1,348.00 kgs","₹7,290.00","₹98,269.20",BRD-AUR
T026797,15/12/2023,F01612,FERT_PURCHASE,Fertilizer,211 kgs,₹42.74,"₹9,018.14",BRD-AUR
T026798,09/12/2023,F01612,input,DAP,101 kgs,₹51.26,"₹5,177.26",BRD-AUR
T027546,22 Apr 2024,F02222,FPO_DELIVERY,Sarson,"1,241.00 kgs","₹7,035.00","₹87,304.35",BRD-AUR
T027547,05/03/2024,F02222,FPO_DELIVERY,Mustard,238 kg,"₹7,035.00","₹16,743.30",BRD-AUR
T027548,16/12/2023,F02222,INPUT_PURCHASE,Seeds,294 kg,₹78.82,"₹23,173.08",BRD-AUR
T027549,09/01/2024,F02222,I,DAP,30 kgs,₹37.32,"₹1,119.60",BRD-AUR
T027550,16/12/2023,F02222,FERT_PURCHASE,FERTILIZER 50kg bag,196 kgs,₹31.06,"₹6,087.76",BRD-AUR
T027580,01/05/2024,f02245,Delivery,Mustard,"4,114.00 kgs","₹7,180.00","₹2,95,385.20",BRD-AUR
T027581,14/12/2023,F02245,input,PPC,201 kg,₹540.34,"₹1,08,608.34",BRD-AUR
T027582,01/12/2023,F02245,INPUT_PURCHASE,Urea,246 kgs,₹28.07,"₹6,905.22",BRD-AUR
T027583,10 Dec 2023,F02245,I,PP chemicals,317 kgs,₹672.74,"₹2,13,258.58",BRD-AUR
T027618,11/05/2024,F02273,FPO_DELIVERY,Sarson,"1,103.00 kgs","₹7,265.00","₹80,132.95",BRD-AUR
T027619,31/12/2023,F02273,I,Seeds,81 kgs,₹122.92,"₹9,956.52",BRD-AUR
T027620,04/01/2024,F02273,INPUT_PURCHASE,SEEDS,25 kg,₹86.94,"₹2,173.50",BRD-AUR
T027621,28/12/2023,F02273,input,Seeds,207 kg,₹106.26,"₹21,995.82",BRD-AUR
T027622,26/12/2023,F02273,I,Seeds,107 kgs,₹94.14,"₹10,072.98",BRD-AUR
T027623,06/04/2024,F02273,loan,EMI,,,"₹6,900.00",BRD-AUR
T027642,01/05/2024,F02281,FPO_DELIVERY,MUSTARD,"1,395.00 kgs","₹7,365.00","₹1,02,741.75",BRD-AUR
T027643,10/03/2024,F02281,delivery,mustard (Yellow),"1,068.00 kgs","₹7,365.00","₹78,658.20",BRD-AUR
T027644,01/01/2024,F02281,INPUT_PURCHASE,SEEDS,33 kgs,₹55.18,"₹1,820.94",BRD-AUR
T027645,12/01/2024,F02281,INPUT_PURCHASE,Seeds,120 kg,₹98.78,"₹11,853.60",BRD-AUR
T027646,08/01/2024,F02281,input,Fertilizer,226 kg,₹30.80,"₹6,960.80",BRD-AUR
T027647,01/12/2023,F02281,FERT_PURCHASE,Hybrid Seeds,275 kg,₹111.61,"₹30,692.75",BRD-AUR
T027648,09 Feb 2024, F02281 ,L,EMI,,,"₹5,400.00",BRD-AUR
T027649,31/05/2024,f02281,Loan Repayment,Loan Repayment,,,"₹2,900.00",BRD-AUR
T027650,31/12/2023,F02281,Loan Repayment,Loan Repayment,,,"₹2,800.00",BRD-AUR
T027674,03/03/2024,F02300,FPO_DELIVERY,Sarson,524 kg,"₹7,610.00","₹39,876.40",BRD-AUR
T027675,27/12/2023,F02300,INPUT_PURCHASE,PPC,63 kg,₹556.34,"₹35,049.42",BRD-AUR
T027676,01/01/2024,f02300,Input Purchase,NPK 10:26:26,88 kgs,₹29.16,"₹2,566.08",BRD-AUR
T027681,26/04/2024,F02302,Delivery,Sarson,160 kg,"₹7,095.00","₹11,352.00",BRD-AUR
T027682,25/04/2024,F02302,D,Yellow Mustard,421.00 kgs,"₹7,095.00","₹29,869.95",BRD-AUR
T027683,04/12/2023,F02302,I,PP chemicals,46 kg,₹379.87,"₹17,474.02",BRD-AUR
T027694,21 Mar 2024,F02307,delivery,Yellow Mustard,"1,646.00 kgs","₹7,315.00","₹1,20,404.90",BRD-AUR
T027695,01/04/2024,F02307,Delivery,Sarson,342.00 kgs,"₹7,315.00","₹25,017.30",BRD-AUR
T027696,09/04/2024,F02307,DELIVERY,mustard (Yellow),17 kg,"₹7,315.00","₹1,243.55",BRD-AUR
T027697,06/01/2024,F02307,I,SEEDS,300 kgs,₹89.39,"₹26,817.00",BRD-AUR
T027698,28 Dec 2023,F02307,input,FERTILIZER 50kg bag,306 kg,₹59.48,"₹18,200.88",BRD-AUR
T027699,13/01/2024,F02307,FERT_PURCHASE,SEEDS,276 kg,₹62.76,"₹17,321.76",BRD-AUR
T027730,21/04/2024,F02339,D,mustard (Yellow),930 kg,"₹6,920.00","₹64,356.00",BRD-AUR
T027731,03/03/2024,F02339,D,Mustard,377.00 kgs,"₹6,920.00","₹26,088.40",BRD-AUR
T027732,12/12/2023,F02339,FERT_PURCHASE,NPK 10:26:26,51 kgs,₹44.00,"₹2,244.00",BRD-AUR
T027733,01/01/2024, F02339 ,INPUT_PURCHASE,Urea,143 kgs,₹43.95,"₹6,284.85",BRD-AUR
T027765,23/03/2024,F02369,D,Sarson,962.00 kgs,"₹6,755.00","₹64,983.10",BRD-AUR
T027766,26/12/2023,F02369,FERT_PURCHASE,Urea,192 kg,₹49.09,"₹9,425.28",BRD-AUR
T027767,13/12/2023,F02369,I,Fertilizer,159 kg,₹48.36,"₹7,689.24",BRD-AUR
T027768,14/01/2024,F02369,INPUT_PURCHASE,Seeds,306 kg,₹82.83,"₹25,345.98",BRD-AUR
T027769,13/12/2023,f02369,Input Purchase,NPK 10:26:26,295 kgs,₹46.84,"₹13,817.80",BRD-AUR
T027787,22/03/2024,f02385,D,Yellow Mustard,"2,236.00 kgs","₹7,020.00","₹1,56,967.20",BRD-AUR
T027788,19/12/2023,F02385,I,DAP,112 kg,₹29.49,"₹3,302.88",BRD-AUR
T027789,11/01/2024,F02385,input,Urea,50 kg,₹35.64,"₹1,782.00",BRD-AUR
T027790,03/12/2023,F02385,FERT_PURCHASE,NPK 10:26:26,148 kg,₹39.61,"₹5,862.28",BRD-AUR
T027791,15/01/2024,F02385,FERT_PURCHASE,NPK 10:26:26,208 kg,₹58.06,"₹12,076.48",BRD-AUR
T027823,22/04/2024,F02423,Delivery,Mustard,296.00 kgs,"₹7,525.00","₹22,274.00",BRD-AUR
T027824,08/05/2024,F02423,Delivery,MUSTARD,498.00 kgs,"₹7,525.00","₹37,474.50",BRD-AUR
T027825,03/12/2023,F02423,input,PPC,163 kg,₹430.96,"₹70,246.48",BRD-AUR
T027858,18/04/2024,F02441,Delivery,mustard (Yellow),"1,378.00 kgs","₹7,295.00","₹1,00,525.10",BRD-AUR
T027859,04/01/2024,F02441,input,Bio-pesticide,187 kgs,₹139.40,"₹26,067.80",BRD-AUR
T027860,07 Jan 2024,F02441,Input Purchase,Bio-pesticide,33 kg,₹214.96,"₹7,093.68",BRD-AUR
T027861,09/04/2024,F02442,DELIVERY,Yellow Mustard,3024 kg,"₹7,265.00","₹2,19,693.60",BRD-AUR
T027862,29/12/2023,F02442,I,DAP,41 kgs,₹51.16,"₹2,097.56",BRD-AUR
T027886,01/05/2024, F02458 ,delivery,Yellow Mustard,864.00 kgs,"₹6,880.00","₹59,443.20",BRD-AUR
T027887,27/12/2023,F02458,input,SEEDS,64 kgs,₹115.04,"₹7,362.56",BRD-AUR
T027888,01 Jan 2024,F02458,I,DAP,279 kgs,₹46.84,"₹13,068.36",BRD-AUR
T027912,14/05/2024,F02472,DELIVERY,mustard (Yellow),296 kg,"₹7,085.00","₹20,971.60",BRD-AUR
T027913,10/05/2024,F02472,Delivery,MUSTARD,926 kg,"₹7,085.00","₹65,607.10",BRD-AUR
T027914,08/12/2023,F02472,input,SEEDS,133 kg,₹84.30,"₹11,211.90",BRD-AUR
T027915,03/12/2023,F02472,input,Hybrid Seeds,109 kgs,₹73.65,"₹8,027.85",BRD-AUR
T027916,07/01/2024,F02472,INPUT_PURCHASE,Fertilizer,64 kg,₹49.85,"₹3,190.40",BRD-AUR
T027917,04/05/2024,F02472,Loan Repayment,EMI,,,"₹2,800.00",BRD-AUR
T027918,08/02/2024,F02472,Loan Repayment,EMI,,,"₹1,900.00",BRD-AUR
T027947,03/03/2024,F02483,delivery,Mustard,161 kg,"₹6,970.00","₹11,221.70",BRD-AUR
T027948,05/03/2024,F02483,Delivery,Sarson,859 kg,"₹6,970.00","₹59,872.30",BRD-AUR
T027949,06/01/2024,F02483,INPUT_PURCHASE,Hybrid Seeds,293 kg,₹106.48,"₹31,198.64",BRD-AUR
T027950,30/12/2023, F02483 ,I,Urea,68 kgs,₹39.09,"₹2,658.12",BRD-AUR
T027951,17/05/2024, F02483 ,loan,Loan Repayment,,,₹900.00,BRD-AUR
T028002,24/03/2024,F02506,Delivery,MUSTARD,760 kg,"₹7,360.00","₹55,936.00",BRD-AUR
T028003,09/12/2023,F02506,INPUT_PURCHASE,Fertilizer,254 kg,₹53.19,"₹13,510.26",BRD-AUR
T028023,03/04/2024,F02515,DELIVERY,Sarson,1820 kg,"₹6,985.00","₹1,27,127.00",BRD-AUR
T028024,06/05/2024,F02515,Delivery,Yellow Mustard,188 kg,"₹6,985.00","₹13,131.80",BRD-AUR
T028025,06/01/2024,F02515,Input Purchase,PPC,131 kgs,₹278.78,"₹36,520.18",BRD-AUR
T028026,18/12/2023,F02515,INPUT_PURCHASE,PPC,78 kg,₹163.64,"₹12,763.92",BRD-AUR
T028038,02/03/2024,F02520,DELIVERY,mustard (Yellow),545 kg,"₹6,690.00","₹36,460.50",BRD-AUR
T028039,10/12/2023,F02520,input,DAP,200 kgs,₹58.75,"₹11,750.00",BRD-AUR
T028040,21/12/2023,F02520,Input Purchase,SEEDS,77 kg,₹60.84,"₹4,684.68",BRD-AUR
T028041,26/02/2024,F02520,Loan Repayment,Loan Repayment,,,"₹3,400.00",BRD-AUR
T028042,31 Jan 2024,F02520,L,Loan Repayment,,,"₹7,400.00",BRD-AUR
T028061,24/03/2024,f02532,DELIVERY,Sarson,429.00 kgs,"₹6,685.00","₹28,678.65",BRD-AUR
T028062,23/03/2024,F02532,Delivery,Sarson,202.00 kgs,"₹6,685.00","₹13,503.70",BRD-AUR
T028063,26/12/2023,F02532,INPUT_PURCHASE,Hybrid Seeds,221 kgs,₹105.34,"₹23,280.14",BRD-AUR
T028076,01/03/2024,F02541,delivery,MUSTARD,1039 kg,"₹7,290.00","₹75,743.10",BRD-AUR
T028077,24/12/2023,F02541,FERT_PURCHASE,Urea,217 kgs,₹51.08,"₹11,084.36",BRD-AUR
T028078,08/12/2023,F02541,FERT_PURCHASE,DAP,228 kg,₹46.90,"₹10,693.20",BRD-AUR
T028079,19/05/2024,F02541,LOAN_REPAY,EMI,,,"₹7,900.00",BRD-AUR
T028109,26/03/2024,F02560,FPO_DELIVERY,Yellow Mustard,363 kg,"₹6,970.00","₹25,301.10",BRD-AUR
T028110,25/03/2024,F02560,DELIVERY,Yellow Mustard,493 kg,"₹6,970.00","₹34,362.10",BRD-AUR
T028111,25/04/2024, F02560 ,Delivery,mustard (Yellow),64.00 kgs,"₹6,970.00","₹4,460.80",BRD-AUR
T028112,10/01/2024,F02560,INPUT_PURCHASE,Fertilizer,69 kgs,₹50.32,"₹3,472.08",BRD-AUR
T028113,28/12/2023,F02560,FERT_PURCHASE,Seeds,248 kgs,₹117.36,"₹29,105.28",BRD-AUR
T028257,31/03/2024,F02606,FPO_DELIVERY,Mustard,"1,903.00 kgs","₹7,125.00","₹1,35,588.75",BRD-AUR
T028258,10/12/2023,F02606,I,Fertilizer,310 kg,₹29.60,"₹9,176.00",BRD-AUR
T028259,28/12/2023,F02606,Input Purchase,FERTILIZER 50kg bag,185 kg,₹42.16,"₹7,799.60",BRD-AUR
T028260,26/12/2023,F02606,INPUT_PURCHASE,Urea,128 kg,₹57.78,"₹7,395.84",BRD-AUR
T028267,15 Mar 2024,F02609,delivery,Mustard,736 kg,"₹6,685.00","₹49,201.60",BRD-AUR
T028268,24/01/2024,F02609,L,EMI,,,₹800.00,BRD-AUR
T028269,07/03/2024, F02610 ,FPO_DELIVERY,MUSTARD,"1,379.00 kgs","₹6,595.00","₹90,945.05",BRD-AUR
T028270,09/12/2023,F02610,Input Purchase,DAP,37 kgs,₹42.81,"₹1,583.97",BRD-AUR
T028728,28/10/2024,F01464,delivery,soya,160.00 kgs,"₹6,125.00","₹9,800.00",BRD-AUR
T028729,09/11/2024,F01464,Delivery,SOYABEAN,643 kg,"₹6,125.00","₹39,383.75",BRD-AUR
T028730,08 Jun 2024,f01464,I,DAP,73 kg,₹36.43,"₹2,659.39",BRD-AUR
T028731,06/10/2024,F01476,D,SOYABEAN,"5,715.00 kgs","₹6,145.00","₹3,51,186.75",BRD-AUR
T028732,07/07/2024,F01476,Input Purchase,SEEDS,264 kgs,₹61.58,"₹16,257.12",BRD-AUR
T028733,13/07/2024,F01476,Input Purchase,PP chemicals,174 kg,₹130.85,"₹22,767.90",BRD-AUR
T028734,04/06/2024,F01476,input,PP chemicals,213 kg,₹672.57,"₹1,43,257.41",BRD-AUR
T028735,09/07/2024,F01476,I,FERTILIZER 50kg bag,112 kg,₹36.69,"₹4,109.28",BRD-AUR
T028736,16/11/2024,F01481,DELIVERY,soya,460 kg,"₹6,015.00","₹27,669.00",BRD-AUR
T028737,09/10/2024,F01481,FPO_DELIVERY,SOYABEAN,354 kg,"₹6,015.00","₹21,293.10",BRD-AUR
T028738,04/10/2024, F01481 ,delivery,Soybean (Yellow),"1,138.00 kgs","₹6,015.00","₹68,450.70",BRD-AUR
T028739,04/07/2024,F01481,FERT_PURCHASE,DAP,292 kgs,₹44.31,"₹12,938.52",BRD-AUR
T028740,29/11/2024,F01481,LOAN_REPAY,EMI,,,"₹4,700.00",BRD-AUR
T028741,19/11/2024,F01481,L,EMI,,,"₹1,800.00",BRD-AUR
T028742,14/10/2024,F01489,delivery,soya,475.00 kgs,"₹6,230.00","₹29,592.50",BRD-AUR
T028743,07/11/2024,F01489,D,SOYABEAN,346.00 kgs,"₹6,230.00","₹21,555.80",BRD-AUR
T028744,05/07/2024,F01489,Input Purchase,SEEDS,141 kg,₹96.38,"₹13,589.58",BRD-AUR
T028745,22/06/2024,F01489,FERT_PURCHASE,Fertilizer,174 kg,₹38.63,"₹6,721.62",BRD-AUR
T028746,14/11/2024,F01490,FPO_DELIVERY,Soybean (Yellow),5998 kg,"₹6,295.00","₹3,77,574.10",BRD-AUR
T028747,19/10/2024,F01490,FPO_DELIVERY,Soybean,562.00 kgs,"₹6,295.00","₹35,377.90",BRD-AUR
T028748,09/06/2024,F01490,I,FERTILIZER 50kg bag,50 kg,₹41.32,"₹2,066.00",BRD-AUR
T028749,12 Nov 2024,F01492,D,soya,"3,237.00 kgs","₹6,250.00","₹2,02,312.50",BRD-AUR
T028750,12/11/2024,F01492,Delivery,Soybean,47 kg,"₹6,250.00","₹2,937.50",BRD-AUR
T028751,18/06/2024,F01492,FERT_PURCHASE,FERTILIZER 50kg bag,172 kgs,₹34.38,"₹5,913.36",BRD-AUR
T028752,14 Jun 2024,F01492,INPUT_PURCHASE,FERTILIZER 50kg bag,63 kgs,₹56.84,"₹3,580.92",BRD-AUR
T028753,24/06/2024,F01492,Input Purchase,PP chemicals,51 kgs,₹171.35,"₹8,738.85",BRD-AUR
T028754,19/06/2024,F01492,input,Urea,128 kgs,₹34.75,"₹4,448.00",BRD-AUR
T028755,27/07/2024,F01492,loan,EMI,,,"₹6,900.00",BRD-AUR
T028756,24/08/2024,F01492,L,Loan Repayment,,,"₹6,100.00",BRD-AUR
T028757,25/11/2024,F01495,delivery,SOYABEAN,1376 kg,"₹6,060.00","₹83,385.60",BRD-AUR
T028758,23/06/2024,F01495,Input Purchase,SEEDS,260 kg,₹75.74,"₹19,692.40",BRD-AUR
T028759,06/06/2024,F01495,INPUT_PURCHASE,Urea,106 kgs,₹48.10,"₹5,098.60",BRD-AUR
T028760,21/06/2024,F01495,input,FERTILIZER 50kg bag,104 kgs,₹41.01,"₹4,265.04",BRD-AUR
T028761,29 Nov 2024,F01501,D,SOYABEAN,608 kg,"₹6,125.00","₹37,240.00",BRD-AUR
T028762,24/06/2024,F01501,I,Urea,306 kg,₹48.57,"₹14,862.42",BRD-AUR
T028763,20/06/2024,F01501,INPUT_PURCHASE,Urea,87 kgs,₹54.70,"₹4,758.90",BRD-AUR
T028764,16 Oct 2024,F01502,DELIVERY,SOYABEAN,960 kg,"₹6,200.00","₹59,520.00",BRD-AUR
T028765,16/10/2024,F01502,FPO_DELIVERY,SOYABEAN,534 kg,"₹6,200.00","₹33,108.00",BRD-AUR
T028766,07/06/2024,F01502,FERT_PURCHASE,Hybrid Seeds,318 kg,₹114.48,"₹36,404.64",BRD-AUR
T028767,08/07/2024,F01502,input,PP chemicals,141 kg,₹127.45,"₹17,970.45",BRD-AUR
T028768,21/06/2024,F01502,I,Seeds,296 kgs,₹85.17,"₹25,210.32",BRD-AUR
T028769,07/11/2024,F01505,FPO_DELIVERY,SOYABEAN,808 kg,"₹6,375.00","₹51,510.00",BRD-AUR
T028770,30/06/2024,F01505,INPUT_PURCHASE,Urea,93 kg,₹52.16,"₹4,850.88",BRD-AUR
T028771,25 Oct 2024,F01513,Delivery,soya,3413 kg,"₹6,615.00","₹2,25,769.95",BRD-AUR
T028772,25/10/2024,F01514,FPO_DELIVERY,Soybean,589 kg,"₹6,245.00","₹36,783.05",BRD-AUR
T028773,28/11/2024,F01514,delivery,Soybean,199.00 kgs,"₹6,245.00","₹12,427.55",BRD-AUR
T028774,13/07/2024, F01514 ,I,NPK 10:26:26,299 kgs,₹57.54,"₹17,204.46",BRD-AUR
T028775,15/07/2024,F01514,Input Purchase,PPC,102 kgs,₹544.07,"₹55,495.14",BRD-AUR
T028776,07/11/2024,F01518,DELIVERY,Soybean,901.00 kgs,"₹6,135.00","₹55,276.35",BRD-AUR
T028777,14/06/2024,F01518,I,PPC,287 kg,₹520.36,"₹1,49,343.32",BRD-AUR
T028778,20/06/2024,F01518,input,Bio-pesticide,135 kgs,₹301.02,"₹40,637.70",BRD-AUR
T028779,07 Jun 2024,F01518,INPUT_PURCHASE,DAP,263 kgs,₹45.12,"₹11,866.56",BRD-AUR
T028780,19/11/2024,F01518,L,EMI,,,"₹4,100.00",BRD-AUR
T028781,30/07/2024,F01518,loan,EMI,,,"₹6,100.00",BRD-AUR
T028782,24/11/2024,F01526,delivery,Soybean,840 kg,"₹6,190.00","₹51,996.00",BRD-AUR
T028783,18/11/2024,F01526,delivery,soya,360.00 kgs,"₹6,190.00","₹22,284.00",BRD-AUR
T028784,17/11/2024,F01528,delivery,Soybean,590 kg,"₹6,165.00","₹36,373.50",BRD-AUR
T028785,26/11/2024,F01530,delivery,Soybean (Yellow),"1,406.00 kgs","₹6,325.00","₹88,929.50",BRD-AUR
T028786,11/06/2024,F01530,FERT_PURCHASE,Hybrid Seeds,115 kg,₹52.88,"₹6,081.20",BRD-AUR
T028787,21/11/2024,F01535,delivery,soya,1691 kg,"₹6,115.00","₹1,03,404.65",BRD-AUR
T028788,15/07/2024,F01535,I,SEEDS,84 kg,₹83.06,"₹6,977.04",BRD-AUR
T028789,28/11/2024,F01538,DELIVERY,soya,"2,044.00 kgs","₹5,545.00","₹1,13,339.80",BRD-AUR
T028790,09/07/2024,F01538,I,FERTILIZER 50kg bag,222 kg,₹53.17,"₹11,803.74",BRD-AUR
T028791,10/08/2024,F01538,loan,EMI,,,"₹7,200.00",BRD-AUR
T028792,20/06/2024,F01538,L,Loan Repayment,,,"₹3,300.00",BRD-AUR
T028793,13/10/2024,f01542,D,Soybean (Yellow),768 kg,"₹6,735.00","₹51,724.80",BRD-AUR
T028794,13/11/2024,F01542,D,soya,662.00 kgs,"₹6,735.00","₹44,585.70",BRD-AUR
T028795,25/06/2024,F01542,INPUT_PURCHASE,Bio-pesticide,79 kgs,₹207.05,"₹16,356.95",BRD-AUR
T028796,19/11/2024,F01544,delivery,Soybean,1510 kg,"₹6,250.00","₹94,375.00",BRD-AUR
T028797,08/07/2024,F01544,I,DAP,207 kgs,₹55.08,"₹11,401.56",BRD-AUR
T028798,10/11/2024,f01545,D,soya,1333 kg,"₹6,020.00","₹80,246.60",BRD-AUR
T028799,11/11/2024,F01545,FPO_DELIVERY,SOYABEAN,154.00 kgs,"₹6,020.00","₹9,270.80",BRD-AUR
T028800,14/07/2024,F01545,I,Fertilizer,158 kg,₹37.97,"₹5,999.26",BRD-AUR
T028801,19/06/2024,F01545,input,NPK 10:26:26,36 kgs,₹44.85,"₹1,614.60",BRD-AUR
T028802,13/06/2024,F01545,FERT_PURCHASE,NPK 10:26:26,101 kgs,₹48.22,"₹4,870.22",BRD-AUR
T028803,30/10/2024,F01546,D,soya,1481 kg,"₹6,730.00","₹99,671.30",BRD-AUR
T028804,08 Jun 2024,F01546,I,FERTILIZER 50kg bag,169 kgs,₹43.13,"₹7,288.97",BRD-AUR
T028805,10 Jun 2024,F01546,INPUT_PURCHASE,PPC,75 kg,₹341.05,"₹25,578.75",BRD-AUR
T028806,04/10/2024,F01548,D,Soybean (Yellow),821.00 kgs,"₹5,900.00","₹48,439.00",BRD-AUR
T028807,29/11/2024,F01548,FPO_DELIVERY,Soybean (Yellow),98.00 kgs,"₹5,900.00","₹5,782.00",BRD-AUR
T028808,26/06/2024,F01548,FERT_PURCHASE,Urea,147 kgs,₹47.22,"₹6,941.34",BRD-AUR
T028809,05/06/2024, F01548 ,INPUT_PURCHASE,DAP,164 kgs,₹58.77,"₹9,638.28",BRD-AUR
T028810,10/07/2024,f01548,Input Purchase,PP chemicals,235 kgs,₹297.92,"₹70,011.20",BRD-AUR
T028811,13/07/2024,F01548,INPUT_PURCHASE,Hybrid Seeds,309 kgs,₹109.82,"₹33,934.38",BRD-AUR
T028812,27/06/2024, F01548 ,INPUT_PURCHASE,Urea,170 kg,₹39.08,"₹6,643.60",BRD-AUR
T028813,20/09/2024,F01548,LOAN_REPAY,EMI,,,"₹5,500.00",BRD-AUR
T028814,29/08/2024,F01548,L,EMI,,,"₹4,200.00",BRD-AUR
T028815,05/11/2024,F01550,delivery,SOYABEAN,1852 kg,"₹6,100.00","₹1,12,972.00",BRD-AUR
T028816,27/11/2024,F01550,D,SOYABEAN,"1,067.00 kgs","₹6,100.00","₹65,087.00",BRD-AUR
T028817,26/06/2024,F01550,I,PP chemicals,77 kgs,₹562.61,"₹43,320.97",BRD-AUR
T028818,04/10/2024,F01553,DELIVERY,Soybean (Yellow),223.00 kgs,"₹6,055.00","₹13,502.65",BRD-AUR
T028819,26/10/2024,F01553,delivery,soya,35.00 kgs,"₹6,055.00","₹2,119.25",BRD-AUR
T028820,02/11/2024,F01553,D,SOYABEAN,592.00 kgs,"₹6,055.00","₹35,845.60",BRD-AUR
T028821,02/06/2024,F01553,Input Purchase,FERTILIZER 50kg bag,105 kgs,₹45.93,"₹4,822.65",BRD-AUR
T028822,01/07/2024,F01553,Input Purchase,Seeds,158 kgs,₹109.97,"₹17,375.26",BRD-AUR
T028823,28/06/2024,F01553,Input Purchase,Bio-pesticide,94 kgs,₹404.62,"₹38,034.28",BRD-AUR
T028824,15/07/2024,F01553,FERT_PURCHASE,FERTILIZER 50kg bag,28 kg,₹55.64,"₹1,557.92",BRD-AUR
T028825,23/06/2024,F01553,FERT_PURCHASE,Bio-pesticide,291 kg,₹614.36,"₹1,78,778.76",BRD-AUR
T028826,13/06/2024,F01553,I,NPK 10:26:26,105 kgs,₹33.60,"₹3,528.00",BRD-AUR
T028827,04/10/2024,F01556,D,SOYABEAN,1423 kg,"₹5,890.00","₹83,814.70",BRD-AUR
T028828,10/07/2024,F01556,INPUT_PURCHASE,PPC,260 kg,₹616.29,"₹1,60,235.40",BRD-AUR
T028829,07/10/2024,F01560,D,Soybean,639.00 kgs,"₹6,215.00","₹39,713.85",BRD-AUR
T028830,30/10/2024,F01560,DELIVERY,soya,768.00 kgs,"₹6,215.00","₹47,731.20",BRD-AUR
T028831,14/06/2024,F01560,input,DAP,31 kgs,₹53.06,"₹1,644.86",BRD-AUR
T028832,02/06/2024,F01560,I,FERTILIZER 50kg bag,82 kgs,₹52.69,"₹4,320.58",BRD-AUR
T028833,15/07/2024, F01560 ,Input Purchase,SEEDS,177 kgs,₹86.25,"₹15,266.25",BRD-AUR
T028834,27/08/2024,F01560,L,Loan Repayment,,,"₹5,400.00",BRD-AUR
T028835,25/10/2024,F01560,L,EMI,,,"₹7,100.00",BRD-AUR
T028836,28/10/2024,F01563,D,Soybean,"1,742.00 kgs","₹6,360.00","₹1,10,791.20",BRD-AUR
T028837,11/07/2024,F01563,I,Urea,301 kgs,₹34.46,"₹10,372.46",BRD-AUR
T028838,08/10/2024,F01564,D,Soybean,1749 kg,"₹6,145.00","₹1,07,476.05",BRD-AUR
T028839,02/06/2024,F01564,Input Purchase,SEEDS,68 kg,₹50.46,"₹3,431.28",BRD-AUR
T028840,01/07/2024,F01564,I,FERTILIZER 50kg bag,304 kgs,₹43.46,"₹13,211.84",BRD-AUR
T028841,03/06/2024,F01564,I,Hybrid Seeds,150 kgs,₹72.64,"₹10,896.00",BRD-AUR
T028842,20/11/2024,F01568,Delivery,Soybean (Yellow),993 kg,"₹5,865.00","₹58,239.45",BRD-AUR
T028843,12/11/2024,F01568,FPO_DELIVERY,Soybean (Yellow),2012 kg,"₹5,865.00","₹1,18,003.80",BRD-AUR
T028844,06/07/2024,F01568,input,FERTILIZER 50kg bag,121 kg,₹28.33,"₹3,427.93",BRD-AUR
T028845,14/06/2024,F01568,I,SEEDS,35 kg,₹58.22,"₹2,037.70",BRD-AUR
T028846,18/11/2024,F01569,DELIVERY,Soybean (Yellow),"1,877.00 kgs","₹6,765.00","₹1,26,979.05",BRD-AUR
T028847,10/10/2024,F01569,Delivery,Soybean,66.00 kgs,"₹6,765.00","₹4,464.90",BRD-AUR
T028848,13 Jun 2024,F01569,INPUT_PURCHASE,Fertilizer,255 kgs,₹54.16,"₹13,810.80",BRD-AUR
T028849,13/11/2024,f01575,D,soya,1125 kg,"₹5,940.00","₹66,825.00",BRD-AUR
T028850,30/11/2024,F01575,delivery,soya,490.00 kgs,"₹5,940.00","₹29,106.00",BRD-AUR
T028851,09/06/2024,f01575,INPUT_PURCHASE,SEEDS,178 kg,₹46.23,"₹8,228.94",BRD-AUR
T028852,02/06/2024,F01575,Input Purchase,Urea,86 kg,₹38.97,"₹3,351.42",BRD-AUR
T028853,23/10/2024,F01576,D,SOYABEAN,956.00 kgs,"₹5,935.00","₹56,738.60",BRD-AUR
T028854,25/11/2024,F01576,FPO_DELIVERY,soya,202.00 kgs,"₹5,935.00","₹11,988.70",BRD-AUR
T028855,15/10/2024,F01577,D,Soybean (Yellow),42.00 kgs,"₹5,700.00","₹2,394.00",BRD-AUR
T028856,13/10/2024,F01577,Delivery,Soybean (Yellow),338 kg,"₹5,700.00","₹19,266.00",BRD-AUR
T028857,26/06/2024,F01577,I,NPK 10:26:26,152 kgs,₹49.09,"₹7,461.68",BRD-AUR
T028858,08/06/2024,F01577,INPUT_PURCHASE,Seeds,42 kg,₹129.17,"₹5,425.14",BRD-AUR
T028859,25/06/2024,F01577,FERT_PURCHASE,SEEDS,295 kg,₹120.19,"₹35,456.05",BRD-AUR
T028860,15/07/2024,F01577,input,PPC,124 kgs,₹214.08,"₹26,545.92",BRD-AUR
T028861,06/06/2024,F01577,I,DAP,150 kgs,₹28.65,"₹4,297.50",BRD-AUR
T028862,18/11/2024,F01580,Delivery,soya,"1,366.00 kgs","₹5,480.00","₹74,856.80",BRD-AUR
T028863,07/07/2024,F01580,I,Urea,123 kgs,₹39.31,"₹4,835.13",BRD-AUR
T028864,02/07/2024,F01580,FERT_PURCHASE,Fertilizer,59 kgs,₹49.26,"₹2,906.34",BRD-AUR
T028865,17/10/2024,F01581,FPO_DELIVERY,Soybean (Yellow),1302 kg,"₹6,290.00","₹81,895.80",BRD-AUR
T028866,23/10/2024,F01582,FPO_DELIVERY,Soybean (Yellow),"1,928.00 kgs","₹5,625.00","₹1,08,450.00",BRD-AUR
T028867,14 Oct 2024,F01586,Delivery,Soybean (Yellow),3049 kg,"₹5,890.00","₹1,79,586.10",BRD-AUR
T028868,30/06/2024,f01586,I,NPK 10:26:26,124 kg,₹59.86,"₹7,422.64",BRD-AUR
T028869,14/06/2024,F01586,Input Purchase,PP chemicals,257 kg,₹270.30,"₹69,467.10",BRD-AUR
T028870,18/06/2024,F01586,FERT_PURCHASE,Fertilizer,142 kgs,₹37.44,"₹5,316.48",BRD-AUR
T028871,19/11/2024,F01587,Delivery,SOYABEAN,80.00 kgs,"₹6,305.00","₹5,044.00",BRD-AUR
T028872,22/11/2024,F01587,delivery,soya,250.00 kgs,"₹6,305.00","₹15,762.50",BRD-AUR
T028873,07/10/2024,F01587,delivery,Soybean (Yellow),"1,113.00 kgs","₹6,305.00","₹70,174.65",BRD-AUR
T028874,01/07/2024,F01587,input,Hybrid Seeds,269 kgs,₹68.60,"₹18,453.40",BRD-AUR
T028875,24/10/2024,F01593,DELIVERY,SOYABEAN,416 kg,"₹6,010.00","₹25,001.60",BRD-AUR
T028876,06/11/2024,F01593,D,Soybean,410.00 kgs,"₹6,010.00","₹24,641.00",BRD-AUR
T028877,23 Jun 2024,F01593,INPUT_PURCHASE,FERTILIZER 50kg bag,72 kg,₹47.77,"₹3,439.44",BRD-AUR
T028878,18/11/2024,F01595,FPO_DELIVERY,soya,739.00 kgs,"₹5,930.00","₹43,822.70",BRD-AUR
T028879,05/10/2024,F01595,FPO_DELIVERY,Soybean (Yellow),132 kg,"₹5,930.00","₹7,827.60",BRD-AUR
T028880,03 Jul 2024,F01595,INPUT_PURCHASE,SEEDS,54 kgs,₹114.71,"₹6,194.34",BRD-AUR
T028881,27/06/2024, F01595 ,input,FERTILIZER 50kg bag,124 kg,₹37.47,"₹4,646.28",BRD-AUR
T028882,25/11/2024,F01599,D,Soybean,102.00 kgs,"₹6,370.00","₹6,497.40",BRD-AUR
T028883,22/11/2024,F01599,Delivery,soya,4055 kg,"₹6,370.00","₹2,58,303.50",BRD-AUR
T028884,29/10/2024,f01606,FPO_DELIVERY,Soybean (Yellow),733 kg,"₹5,930.00","₹43,466.90",BRD-AUR
T028885,15/10/2024,F01606,DELIVERY,Soybean,465 kg,"₹5,930.00","₹27,574.50",BRD-AUR
T028886,08/07/2024,F01606,I,NPK 10:26:26,134 kgs,₹30.99,"₹4,152.66",BRD-AUR
T028887,24/11/2024,F01607,DELIVERY,Soybean (Yellow),"1,796.00 kgs","₹6,250.00","₹1,12,250.00",BRD-AUR
T028888,25/11/2024,F01607,delivery,SOYABEAN,459 kg,"₹6,250.00","₹28,687.50",BRD-AUR
T028889,05/07/2024,F01607,Input Purchase,NPK 10:26:26,232 kg,₹33.10,"₹7,679.20",BRD-AUR
T028890,15/07/2024,F01607,I,Urea,39 kg,₹33.23,"₹1,295.97",BRD-AUR
T028891,14/07/2024, F01607 ,INPUT_PURCHASE,Seeds,309 kgs,₹103.64,"₹32,024.76",BRD-AUR
T028892,09/06/2024,f01607,LOAN_REPAY,EMI,,,"₹5,200.00",BRD-AUR
T028893,17/06/2024, F01607 ,L,EMI,,,"₹2,200.00",BRD-AUR
T028894,23/10/2024,F01610,D,Soybean (Yellow),910.00 kgs,"₹5,755.00","₹52,370.50",BRD-AUR
T028895,12/11/2024,F01610,delivery,soya,418 kg,"₹5,755.00","₹24,055.90",BRD-AUR
T028896,10/10/2024,F01610,delivery,SOYABEAN,242 kg,"₹5,755.00","₹13,927.10",BRD-AUR
T028897,15/07/2024,F01610,I,DAP,67 kgs,₹41.56,"₹2,784.52",BRD-AUR
T028898,30/06/2024,F01610,input,Hybrid Seeds,283 kgs,₹54.51,"₹15,426.33",BRD-AUR
T028899,20/10/2024,F01610,L,EMI,,,"₹1,900.00",BRD-AUR
T028900,03/11/2024,F01612,delivery,Soybean (Yellow),"1,154.00 kgs","₹6,260.00","₹72,240.40",BRD-AUR
T028901,17/11/2024,F01612,D,Soybean (Yellow),475.00 kgs,"₹6,260.00","₹29,735.00",BRD-AUR
T028902,20/06/2024,F01612,I,Fertilizer,235 kgs,₹33.09,"₹7,776.15",BRD-AUR
T029573,08/11/2024,F02222,DELIVERY,Soybean,373 kg,"₹5,885.00","₹21,951.05",BRD-AUR
T029574,04/11/2024,F02222,delivery,SOYABEAN,224 kg,"₹5,885.00","₹13,182.40",BRD-AUR
T029605,23/10/2024,F02245,D,SOYABEAN,"1,561.00 kgs","₹6,305.00","₹98,421.05",BRD-AUR
T029606,16/11/2024,F02245,FPO_DELIVERY,SOYABEAN,3230 kg,"₹6,305.00","₹2,03,651.50",BRD-AUR
T029607,06/06/2024,F02245,input,SEEDS,281 kgs,₹92.62,"₹26,026.22",BRD-AUR
T029608,30/06/2024,F02245,input,DAP,152 kgs,₹41.30,"₹6,277.60",BRD-AUR
T029609,03/07/2024,f02245,input,Seeds,231 kgs,₹81.38,"₹18,798.78",BRD-AUR
T029610,21/06/2024,F02245,FERT_PURCHASE,Urea,74 kg,₹43.59,"₹3,225.66",BRD-AUR
T029611,29/06/2024,F02245,input,FERTILIZER 50kg bag,38 kgs,₹44.30,"₹1,683.40",BRD-AUR
T029651,07/10/2024,F02273,DELIVERY,Soybean (Yellow),1458 kg,"₹5,720.00","₹83,397.60",BRD-AUR
T029652,05 Jul 2024,F02273,FERT_PURCHASE,Hybrid Seeds,203 kg,₹61.00,"₹12,383.00",BRD-AUR
T029653,20/06/2024,F02273,I,Urea,174 kgs,₹58.39,"₹10,159.86",BRD-AUR
T029654,27/06/2024,F02273,Input Purchase,FERTILIZER 50kg bag,229 kgs,₹34.76,"₹7,960.04",BRD-AUR
T029655,21 Aug 2024,F02273,LOAN_REPAY,Loan Repayment,,,"₹2,800.00",BRD-AUR
T029675,09/10/2024,F02281,DELIVERY,SOYABEAN,118 kg,"₹5,720.00","₹6,749.60",BRD-AUR
T029676,05 Nov 2024,F02281,Delivery,Soybean,"2,894.00 kgs","₹5,720.00","₹1,65,536.80",BRD-AUR
T029677,24/06/2024,F02281,I,Fertilizer,72 kg,₹31.83,"₹2,291.76",BRD-AUR
T029698,05/10/2024,F02300,DELIVERY,SOYABEAN,72 kg,"₹5,770.00","₹4,154.40",BRD-AUR
T029699,04/11/2024, F02300 ,D,Soybean (Yellow),495.00 kgs,"₹5,770.00","₹28,561.50",BRD-AUR
T029700,23/06/2024,F02300,Input Purchase,Urea,161 kgs,₹44.39,"₹7,146.79",BRD-AUR
T029703,09/10/2024,F02302,delivery,Soybean,907 kg,"₹6,345.00","₹57,549.15",BRD-AUR
T029704,09/11/2024,F02302,Delivery,Soybean,168.00 kgs,"₹6,345.00","₹10,659.60",BRD-AUR
T029705,06/06/2024, F02302 ,INPUT_PURCHASE,Fertilizer,196 kg,₹41.92,"₹8,216.32",BRD-AUR
T029721,26/11/2024,f02307,FPO_DELIVERY,soya,1190 kg,"₹6,490.00","₹77,231.00",BRD-AUR
T029722,11/11/2024,F02307,delivery,Soybean,987.00 kgs,"₹6,490.00","₹64,056.30",BRD-AUR
T029723,19/06/2024,F02307,I,SEEDS,265 kg,₹118.31,"₹31,352.15",BRD-AUR
T029724,05/07/2024, F02307 ,FERT_PURCHASE,Seeds,37 kg,₹66.09,"₹2,445.33",BRD-AUR
T029725,04/07/2024,F02307,Input Purchase,Urea,309 kg,₹55.07,"₹17,016.63",BRD-AUR
T029726,08/06/2024,f02307,I,Fertilizer,131 kg,₹45.94,"₹6,018.14",BRD-AUR
T029767,10/11/2024,F02339,FPO_DELIVERY,Soybean (Yellow),1369 kg,"₹6,015.00","₹82,345.35",BRD-AUR
T029768,05/07/2024,F02339,INPUT_PURCHASE,PP chemicals,38 kgs,₹483.81,"₹18,384.78",BRD-AUR
T029769,23/06/2024,F02339,I,DAP,269 kg,₹48.89,"₹13,151.41",BRD-AUR
T029792,25/11/2024,F02369,D,SOYABEAN,1022 kg,"₹5,960.00","₹60,911.20",BRD-AUR
T029808,08/11/2024, F02385 ,DELIVERY,SOYABEAN,2489 kg,"₹5,530.00","₹1,37,641.70",BRD-AUR
T029809,03/07/2024,F02385,INPUT_PURCHASE,Seeds,41 kg,₹90.31,"₹3,702.71",BRD-AUR
T029840,25/11/2024,F02423,FPO_DELIVERY,Soybean,705.00 kgs,"₹5,765.00","₹40,643.25",BRD-AUR
T029841,20/11/2024,F02423,D,Soybean,430.00 kgs,"₹5,765.00","₹24,789.50",BRD-AUR
T029842,29/06/2024,f02423,FERT_PURCHASE,Bio-pesticide,147 kg,₹340.70,"₹50,082.90",BRD-AUR
T029843,02/06/2024,F02423,INPUT_PURCHASE,Hybrid Seeds,158 kgs,₹124.87,"₹19,729.46",BRD-AUR
T029844,25/06/2024,F02423,Input Purchase,NPK 10:26:26,107 kgs,₹39.51,"₹4,227.57",BRD-AUR
T029858,01 Oct 2024, F02441 ,Delivery,SOYABEAN,1725 kg,"₹6,070.00","₹1,04,707.50",BRD-AUR
T029859,16/06/2024,F02441,Input Purchase,Urea,304 kg,₹54.42,"₹16,543.68",BRD-AUR
T029860,25/06/2024,F02441,I,NPK 10:26:26,192 kgs,₹41.93,"₹8,050.56",BRD-AUR
T029861,05/07/2024,F02441,input,Seeds,83 kg,₹119.74,"₹9,938.42",BRD-AUR
T029862,16/11/2024,F02442,DELIVERY,soya,"3,330.00 kgs","₹6,025.00","₹2,00,632.50",BRD-AUR
T029863,04/06/2024,F02442,INPUT_PURCHASE,Bio-pesticide,84 kgs,₹654.79,"₹55,002.36",BRD-AUR
T029864,18/06/2024,f02442,INPUT_PURCHASE,PPC,209 kg,₹547.61,"₹1,14,450.49",BRD-AUR
T029885,08/10/2024,f02458,FPO_DELIVERY,soya,1208 kg,"₹6,210.00","₹75,016.80",BRD-AUR
T029886,06/07/2024, F02458 ,INPUT_PURCHASE,FERTILIZER 50kg bag,189 kg,₹48.25,"₹9,119.25",BRD-AUR
T029911,28/11/2024,F02472,delivery,Soybean,1410 kg,"₹6,180.00","₹87,138.00",BRD-AUR
T029912,07/07/2024,f02472,I,Hybrid Seeds,96 kg,₹123.20,"₹11,827.20",BRD-AUR
T029913,19/06/2024,F02472,FERT_PURCHASE,DAP,169 kg,₹41.18,"₹6,959.42",BRD-AUR
T029914,30 Jun 2024,F02472,input,Fertilizer,122 kg,₹32.83,"₹4,005.26",BRD-AUR
T029915,13/06/2024,F02472,input,DAP,152 kgs,₹41.90,"₹6,368.80",BRD-AUR
T029916,04/09/2024,F02472,loan,EMI,,,"₹6,100.00",BRD-AUR
T029951,05/10/2024,F02483,DELIVERY,Soybean,959.00 kgs,"₹6,090.00","₹58,403.10",BRD-AUR
T029952,24/11/2024,F02483,D,Soybean (Yellow),43 kg,"₹6,090.00","₹2,618.70",BRD-AUR
T029953,01/06/2024,F02483,input,Seeds,76 kgs,₹87.01,"₹6,612.76",BRD-AUR
T029954,16/06/2024,F02483,Input Purchase,PPC,189 kgs,₹227.60,"₹43,016.40",BRD-AUR
T029955,17/10/2024,F02483,loan,Loan Repayment,,,"₹4,000.00",BRD-AUR
T029956,24/08/2024,F02483,LOAN_REPAY,Loan Repayment,,,"₹3,000.00",BRD-AUR
T029992,03/10/2024,F02506,delivery,Soybean,50 kg,"₹5,825.00","₹2,912.50",BRD-AUR
T029993,17/11/2024,f02506,delivery,Soybean,232 kg,"₹5,825.00","₹13,514.00",BRD-AUR
T030008,05/10/2024,F02515,Delivery,Soybean,589 kg,"₹6,415.00","₹37,784.35",BRD-AUR
T030009,11/10/2024,f02515,DELIVERY,Soybean (Yellow),706 kg,"₹6,415.00","₹45,289.90",BRD-AUR
T030010,03/10/2024,F02515,Delivery,soya,613 kg,"₹6,415.00","₹39,323.95",BRD-AUR
T030011,04/07/2024,F02515,input,SEEDS,194 kgs,₹104.20,"₹20,214.80",BRD-AUR
T030012,02 Jul 2024,F02515,FERT_PURCHASE,Hybrid Seeds,101 kgs,₹76.20,"₹7,696.20",BRD-AUR
T030021,01/10/2024,F02520,DELIVERY,SOYABEAN,594 kg,"₹5,670.00","₹33,679.80",BRD-AUR
T030022,08/06/2024,F02520,INPUT_PURCHASE,Seeds,300 kgs,₹61.86,"₹18,558.00",BRD-AUR
T030023,18/09/2024,F02520,Loan Repayment,Loan Repayment,,,"₹7,600.00",BRD-AUR
T030044,19/10/2024,F02532,D,Soybean (Yellow),830.00 kgs,"₹6,600.00","₹54,780.00",BRD-AUR
T030045,08/06/2024, F02532 ,input,Urea,144 kg,₹38.41,"₹5,531.04",BRD-AUR
T030046,08/07/2024,F02532,I,NPK 10:26:26,109 kgs,₹46.53,"₹5,071.77",BRD-AUR
T030047,08/07/2024,F02532,I,DAP,268 kgs,₹34.01,"₹9,114.68",BRD-AUR
T030048,15/06/2024,F02532,input,DAP,142 kgs,₹53.68,"₹7,622.56",BRD-AUR
T030064,07/10/2024,F02541,FPO_DELIVERY,Soybean,"1,195.00 kgs","₹5,705.00","₹68,174.75",BRD-AUR
T030065,21/08/2024,F02541,L,EMI,,,"₹4,700.00",BRD-AUR
T030066,02/10/2024,F02541,Loan Repayment,EMI,,,"₹3,500.00",BRD-AUR
T030196,12/10/2024,F02606,D,soya,461 kg,"₹6,240.00","₹28,766.40",BRD-AUR
T030197,24/11/2024,F02606,delivery,Soybean,574 kg,"₹6,240.00","₹35,817.60",BRD-AUR
T030198,13 Jun 2024,F02606,FERT_PURCHASE,SEEDS,188 kg,₹104.76,"₹19,694.88",BRD-AUR
T030199,02/06/2024,F02606,I,Bio-pesticide,209 kgs,₹612.19,"₹1,27,947.71",BRD-AUR
T030200,09/06/2024,F02606,input,Urea,232 kgs,₹36.08,"₹8,370.56",BRD-AUR
T030204,31/10/2024,F02609,D,Soybean (Yellow),500 kg,"₹6,285.00","₹31,425.00",BRD-AUR
T030205,30/10/2024, F02609 ,FPO_DELIVERY,Soybean (Yellow),98.00 kgs,"₹6,285.00","₹6,159.30",BRD-AUR
T030206,03/10/2024,F02609,FPO_DELIVERY,Soybean (Yellow),285.00 kgs,"₹6,285.00","₹17,912.25",BRD-AUR
T030207,05/06/2024,F02609,input,Bio-pesticide,170 kgs,₹498.74,"₹84,785.80",BRD-AUR
T030208,27/09/2024,F02609,L,Loan Repayment,,,"₹7,500.00",BRD-AUR
T030209,25/09/2024,F02609,loan,Loan Repayment,,,"₹3,500.00",BRD-AUR
T030210,18/11/2024,F02610,Delivery,Soybean (Yellow),1382 kg,"₹6,045.00","₹83,541.90",BRD-AUR
T030279,29 Nov 2024,F02628,DELIVERY,soya,386 kg,"₹6,105.00","₹23,565.30",BRD-AUR
T030300,31 Oct 2024,F02634,delivery,Soybean (Yellow),465 kg,"₹6,400.00","₹29,760.00",BRD-AUR
T030301,22/10/2024,f02634,FPO_DELIVERY,SOYABEAN,829.00 kgs,"₹6,400.00","₹53,056.00",BRD-AUR
T030302,16/06/2024,F02634,INPUT_PURCHASE,DAP,30 kgs,₹33.70,"₹1,011.00",BRD-AUR
T030303,05/06/2024,F02634,INPUT_PURCHASE,NPK 10:26:26,272 kg,₹53.19,"₹14,467.68",BRD-AUR
T030304,02/10/2024,,Delivery,SOYABEAN,1563 kg,"₹5,830.00","₹91,122.90",BRD-AUR
T030305,06/07/2024,F02635,input,Hybrid Seeds,43 kg,₹61.82,"₹2,658.26",BRD-AUR
T030306,17/06/2024,F02635,Input Purchase,NPK 10:26:26,209 kgs,₹56.89,"₹11,890.01",BRD-AUR
T030307,14/07/2024,F02635,FERT_PURCHASE,PPC,311 kgs,₹487.10,"₹1,51,488.10",BRD-AUR
T030308,03/11/2024,F02635,loan,EMI,,,"₹6,300.00",BRD-AUR
T030309,29/06/2024,F02635,LOAN_REPAY,Loan Repayment,,,"₹6,100.00",BRD-AUR
T030310,12 Oct 2024,,LOAN_REPAY,EMI,,,"₹5,900.00",BRD-AUR
T030326,14/11/2024,F02639,Delivery,Soybean (Yellow),239.00 kgs,"₹6,040.00","₹14,435.60",BRD-AUR
T030327,27/11/2024,F02639,D,soya,132 kg,"₹6,040.00","₹7,972.80",BRD-AUR
T030328,07/06/2024,F02639,input,Urea,73 kgs,₹58.41,"₹4,263.93",BRD-AUR
T030338,10/10/2024,f02642,DELIVERY,soya,20 kg,"₹6,080.00","₹1,216.00",BRD-AUR
T030339,30/10/2024,F02642,D,soya,880.00 kgs,"₹6,080.00","₹53,504.00",BRD-AUR
T030340,22/06/2024,F02642,Input Purchase,Hybrid Seeds,47 kgs,₹75.72,"₹3,558.84",BRD-AUR
T030341,05 Sep 2024,F02642,loan,EMI,,,"₹4,900.00",BRD-AUR
T030342,08/11/2024,f02642,LOAN_REPAY,Loan Repayment,,,"₹7,600.00",BRD-AUR
T030361,15/11/2024,F02648,DELIVERY,Soybean,766 kg,"₹6,050.00","₹46,343.00",BRD-AUR
T030362,14/06/2024,f02648,input,Hybrid Seeds,48 kgs,₹79.20,"₹3,801.60",BRD-AUR
T030363,20 Jun 2024,F02648,Input Purchase,DAP,172 kg,₹50.08,"₹8,613.76",BRD-AUR
T030864,25/04/2025,F01464,Delivery,mustard (Yellow),175.00 kgs,"₹8,140.00","₹14,245.00",BRD-AUR
T030865,12/03/2025,F01464,delivery,MUSTARD,385.00 kgs,"₹8,140.00","₹31,339.00",BRD-AUR
T030866,12/01/2025,F01464,FERT_PURCHASE,Seeds,143 kgs,₹100.84,"₹14,420.12",BRD-AUR
T030867,13/01/2025,f01464,INPUT_PURCHASE,Hybrid Seeds,153 kgs,₹72.05,"₹11,023.65",BRD-AUR
T030868,02/04/2025,f01476,FPO_DELIVERY,Sarson,"5,077.00 kgs","₹7,105.00","₹3,60,720.85",BRD-AUR
T030869,15/05/2025, F01476 ,delivery,mustard (Yellow),648.00 kgs,"₹7,105.00","₹46,040.40",BRD-AUR
T030870,24/04/2025,F01481,FPO_DELIVERY,Yellow Mustard,703.00 kgs,"₹6,900.00","₹48,507.00",BRD-AUR
T030871,15/04/2025,F01481,FPO_DELIVERY,Sarson,590 kg,"₹6,900.00","₹40,710.00",BRD-AUR
T030872,12/12/2024,F01481,INPUT_PURCHASE,NPK 10:26:26,135 kgs,₹46.53,"₹6,281.55",BRD-AUR
T030873,08/05/2025,F01490,delivery,MUSTARD,1538 kg,"₹7,120.00","₹1,09,505.60",BRD-AUR
T030874,09/04/2025,f01490,D,Yellow Mustard,4379 kg,"₹7,120.00","₹3,11,784.80",BRD-AUR
T030875,14/04/2025,f01490,D,wheat,"7,889.00 kgs","₹3,005.00","₹2,37,064.45",BRD-AUR
T030876,02/05/2025,F01490,delivery,Wheat (Durum),9005 kg,"₹3,005.00","₹2,70,600.25",BRD-AUR
T030877,03/01/2025,F01490,FERT_PURCHASE,PPC,137 kg,₹305.86,"₹41,902.82",BRD-AUR
T030878,18 Dec 2024,f01490,FERT_PURCHASE,FERTILIZER 50kg bag,318 kg,₹53.68,"₹17,070.24",BRD-AUR
T030879,27 Mar 2025,F01492,FPO_DELIVERY,MUSTARD,2467 kg,"₹6,915.00","₹1,70,593.05",BRD-AUR
T030880,11/04/2025,F01492,FPO_DELIVERY,Yellow Mustard,204 kg,"₹6,915.00","₹14,106.60",BRD-AUR
T030881,18/12/2024,F01492,Input Purchase,Hybrid Seeds,295 kgs,₹69.40,"₹20,473.00",BRD-AUR
T030882,17/12/2024,F01492,INPUT_PURCHASE,SEEDS,276 kg,₹54.38,"₹15,008.88",BRD-AUR
T030883,17/05/2025,F01492,Loan Repayment,EMI,,,"₹1,200.00",BRD-AUR
T030884,02/12/2024,f01492,L,Loan Repayment,,,"₹1,500.00",BRD-AUR
T030885,14 May 2025, F01495 ,D,MUSTARD,90.00 kgs,"₹7,400.00","₹6,660.00",BRD-AUR
T030886,24 Apr 2025,F01495,Delivery,MUSTARD,"1,076.00 kgs","₹7,400.00","₹79,624.00",BRD-AUR
T030887,02/01/2025,F01495,Input Purchase,Fertilizer,149 kg,₹55.85,"₹8,321.65",BRD-AUR
T030888,09/01/2025,F01495,INPUT_PURCHASE,Fertilizer,235 kgs,₹40.32,"₹9,475.20",BRD-AUR
T030889,17/05/2025,F01495,Loan Repayment,Loan Repayment,,,"₹7,000.00",BRD-AUR
T030890,25/04/2025,F01495,loan,Loan Repayment,,,"₹5,500.00",BRD-AUR
T030891,19/04/2025,f01501,delivery,Yellow Mustard,510 kg,"₹7,310.00","₹37,281.00",BRD-AUR
T030892,02/04/2025,F01502,Delivery,Yellow Mustard,1248 kg,"₹7,770.00","₹96,969.60",BRD-AUR
T030893,09/05/2025,F01502,D,Mustard,85.00 kgs,"₹7,770.00","₹6,604.50",BRD-AUR
T030894,28/04/2025,f01502,D,MUSTARD,90.00 kgs,"₹7,770.00","₹6,993.00",BRD-AUR
T030895,11/12/2024,F01502,INPUT_PURCHASE,DAP,52 kgs,₹34.69,"₹1,803.88",BRD-AUR
T030896,30/12/2024,F01502,FERT_PURCHASE,DAP,43 kgs,₹40.74,"₹1,751.82",BRD-AUR
T030897,06/04/2025,F01505,delivery,mustard (Yellow),600.00 kgs,"₹6,655.00","₹39,930.00",BRD-AUR
T030898,09/03/2025,F01505,D,Sarson,129.00 kgs,"₹6,655.00","₹8,584.95",BRD-AUR
T030899,12/12/2024,F01505,FERT_PURCHASE,FERTILIZER 50kg bag,129 kg,₹59.86,"₹7,721.94",BRD-AUR
T030900,20/12/2024,F01505,input,NPK 10:26:26,248 kgs,₹40.01,"₹9,922.48",BRD-AUR
T030901,28/05/2025,f01505,LOAN_REPAY,EMI,,,"₹6,700.00",BRD-AUR
T030902,04/03/2025,F01513,delivery,MUSTARD,881 kg,"₹6,960.00","₹61,317.60",BRD-AUR
T030903,16/03/2025,F01513,D,Sarson,3050 kg,"₹6,960.00","₹2,12,280.00",BRD-AUR
T030904,26/04/2025,F01513,Delivery,WHEAT,"8,449.00 kgs","₹2,870.00","₹2,42,486.30",BRD-AUR
T030905,10/12/2024,F01513,Input Purchase,Seeds,278 kg,₹98.05,"₹27,257.90",BRD-AUR
T030906,14/04/2025,F01514,DELIVERY,MUSTARD,198.00 kgs,"₹7,385.00","₹14,622.30",BRD-AUR
T030907,10/04/2025,F01514,DELIVERY,MUSTARD,490.00 kgs,"₹7,385.00","₹36,186.50",BRD-AUR
T030908,09/12/2024,F01514,I,Seeds,120 kg,₹91.76,"₹11,011.20",BRD-AUR
T030909,14/05/2025,F01518,D,MUSTARD,665.00 kgs,"₹7,155.00","₹47,580.75",BRD-AUR
T030910,13/12/2024,f01518,input,Urea,119 kgs,₹29.34,"₹3,491.46",BRD-AUR
T030911,16/03/2025,F01526,Delivery,Sarson,"1,163.00 kgs","₹7,275.00","₹84,608.25",BRD-AUR
T030912,09/03/2025,F01526,DELIVERY,wheat,"2,756.00 kgs","₹2,685.00","₹73,998.60",BRD-AUR
T030913,21/03/2025,F01528,DELIVERY,Yellow Mustard,367.00 kgs,"₹7,205.00","₹26,442.35",BRD-AUR
T030914,01 Mar 2025,F01528,delivery,Yellow Mustard,159 kg,"₹7,205.00","₹11,455.95",BRD-AUR
T030915,06/12/2024,F01528,Input Purchase,SEEDS,88 kgs,₹113.34,"₹9,973.92",BRD-AUR
T030916,08/01/2025,F01528,input,Urea,300 kg,₹57.14,"₹17,142.00",BRD-AUR
T030917,03/04/2025,F01530,FPO_DELIVERY,MUSTARD,553 kg,"₹7,295.00","₹40,341.35",BRD-AUR
T030918,10 Dec 2024, F01530 ,FERT_PURCHASE,SEEDS,64 kgs,₹75.60,"₹4,838.40",BRD-AUR
T030919,20/03/2025,F01535,D,Yellow Mustard,"1,104.00 kgs","₹7,920.00","₹87,436.80",BRD-AUR
T030920,12/05/2025,F01535,DELIVERY,MUSTARD,213 kg,"₹7,920.00","₹16,869.60",BRD-AUR
T030921,18/12/2024,F01535,I,FERTILIZER 50kg bag,175 kgs,₹28.55,"₹4,996.25",BRD-AUR
T030922,30/04/2025,F01538,Delivery,Sarson,654.00 kgs,"₹7,700.00","₹50,358.00",BRD-AUR
T030923,24/03/2025, F01538 ,DELIVERY,Lokwan Wheat,416.00 kgs,"₹2,860.00","₹11,897.60",BRD-AUR
T030924,20 Mar 2025, F01538 ,Delivery,Lokwan Wheat,1149 kg,"₹2,860.00","₹32,861.40",BRD-AUR
T030925,04/05/2025,F01544,D,mustard (Yellow),"1,171.00 kgs","₹7,415.00","₹86,829.65",BRD-AUR
T030926,05/01/2025, F01544 ,FERT_PURCHASE,FERTILIZER 50kg bag,227 kg,₹59.49,"₹13,504.23",BRD-AUR
T030927,14/12/2024,F01544,FERT_PURCHASE,NPK 10:26:26,243 kg,₹45.43,"₹11,039.49",BRD-AUR
T030928,14/12/2024,F01544,I,Hybrid Seeds,254 kg,₹51.92,"₹13,187.68",BRD-AUR
T030929,05 Apr 2025,F01545,D,MUSTARD,"1,669.00 kgs","₹6,825.00","₹1,13,909.25",BRD-AUR
T030930,06/04/2025, F01545 ,D,wheat,"4,126.00 kgs","₹2,580.00","₹1,06,450.80",BRD-AUR
T030931,28 Dec 2024,F01545,Input Purchase,PP chemicals,241 kgs,₹199.37,"₹48,048.17",BRD-AUR
T030932,06 May 2025,F01546,DELIVERY,mustard (Yellow),271 kg,"₹7,525.00","₹20,392.75",BRD-AUR
T030933,14/03/2025,F01546,FPO_DELIVERY,MUSTARD,295.00 kgs,"₹7,525.00","₹22,198.75",BRD-AUR
T030934,15/03/2025,F01548,D,mustard (Yellow),112 kg,"₹7,925.00","₹8,876.00",BRD-AUR
T030935,03/03/2025,F01548,Delivery,MUSTARD,212.00 kgs,"₹7,925.00","₹16,801.00",BRD-AUR
T030936,06/03/2025,F01548,FPO_DELIVERY,WHEAT,698.00 kgs,"₹2,780.00","₹19,404.40",BRD-AUR
T030937,06/04/2025,f01550,delivery,Yellow Mustard,913.00 kgs,"₹7,345.00","₹67,059.85",BRD-AUR
T030938,27/04/2025,F01550,FPO_DELIVERY,mustard (Yellow),"1,741.00 kgs","₹7,345.00","₹1,27,876.45",BRD-AUR
T030939,30/12/2024,F01550,I,NPK 10:26:26,26 kgs,₹45.81,"₹1,191.06",BRD-AUR
T030940,25/03/2025,F01553,delivery,mustard (Yellow),677 kg,"₹7,655.00","₹51,824.35",BRD-AUR
T030941,13/05/2025,F01553,D,MUSTARD,137.00 kgs,"₹7,655.00","₹10,487.35",BRD-AUR
T030942,17/12/2024,F01553,I,Fertilizer,37 kgs,₹46.06,"₹1,704.22",BRD-AUR
T030943,06/01/2025,F01553,INPUT_PURCHASE,SEEDS,271 kgs,₹68.07,"₹18,446.97",BRD-AUR
T030944,01/01/2025,F01553,I,DAP,268 kgs,₹47.70,"₹12,783.60",BRD-AUR
T030945,10/05/2025,F01556,Delivery,mustard (Yellow),"1,178.00 kgs","₹7,280.00","₹85,758.40",BRD-AUR
T030946,11 May 2025,F01556,Delivery,Wheat (Durum),"2,746.00 kgs","₹2,870.00","₹78,810.20",BRD-AUR
T030947,20/04/2025,F01560,delivery,MUSTARD,"1,160.00 kgs","₹7,470.00","₹86,652.00",BRD-AUR
T030948,01/01/2025,f01560,Input Purchase,SEEDS,144 kg,₹90.89,"₹13,088.16",BRD-AUR
T030949,16/04/2025,F01560,loan,Loan Repayment,,,"₹7,800.00",BRD-AUR
T030950,24/03/2025,f01563,D,Mustard,575 kg,"₹7,835.00","₹45,051.25",BRD-AUR
T030951,06/04/2025,F01563,D,mustard (Yellow),850.00 kgs,"₹7,835.00","₹66,597.50",BRD-AUR
T030952,03/01/2025,F01563,FERT_PURCHASE,Bio-pesticide,227 kg,₹642.73,"₹1,45,899.71",BRD-AUR
T030953,09/03/2025,F01564,FPO_DELIVERY,Yellow Mustard,"1,517.00 kgs","₹7,800.00","₹1,18,326.00",BRD-AUR
T030954,08/01/2025,F01564,Input Purchase,DAP,229 kg,₹39.70,"₹9,091.30",BRD-AUR
T030955,03/03/2025,F01568,D,Yellow Mustard,3102 kg,"₹7,120.00","₹2,20,862.40",BRD-AUR
T030956,03 Jan 2025,F01568,input,Hybrid Seeds,208 kgs,₹120.09,"₹24,978.72",BRD-AUR
T030957,05/01/2025,F01568,I,Seeds,240 kgs,₹112.85,"₹27,084.00",BRD-AUR
T030958,15/01/2025,F01568,Input Purchase,PPC,58 kgs,₹475.75,"₹27,593.50",BRD-AUR
T030959,01 May 2025,f01569,Delivery,mustard (Yellow),"2,121.00 kgs","₹7,705.00","₹1,63,423.05",BRD-AUR
T030960,06/12/2024,F01569,Input Purchase,Fertilizer,147 kgs,₹44.06,"₹6,476.82",BRD-AUR
T030961,28/12/2024,F01569,Input Purchase,PP chemicals,300 kgs,₹610.65,"₹1,83,195.00",BRD-AUR
T030962,04/12/2024,F01569,Input Purchase,DAP,57 kgs,₹36.05,"₹2,054.85",BRD-AUR
T030963,13/04/2025,F01575,Delivery,Sarson,1458 kg,"₹7,150.00","₹1,04,247.00",BRD-AUR
T030964,15/12/2024,F01575,Input Purchase,NPK 10:26:26,231 kg,₹38.80,"₹8,962.80",BRD-AUR
T030965,02/03/2025,F01576,D,Sarson,1035 kg,"₹7,495.00","₹77,573.25",BRD-AUR
T030966,18/12/2024,F01576,INPUT_PURCHASE,Fertilizer,78 kg,₹51.95,"₹4,052.10",BRD-AUR
T030967,21/12/2024,F01576,I,Fertilizer,146 kg,₹56.63,"₹8,267.98",BRD-AUR
T030968,05/12/2024,f01576,Input Purchase,Urea,138 kg,₹33.30,"₹4,595.40",BRD-AUR
T030969,18/04/2025,F01576,Loan Repayment,EMI,,,"₹1,600.00",BRD-AUR
T030970,09/03/2025,F01576,Loan Repayment,Loan Repayment,,,"₹6,000.00",BRD-AUR
T030971,03/12/2024,F01576,LOAN_REPAY,EMI,,,"₹1,100.00",BRD-AUR
T030972,09/04/2025,F01577,FPO_DELIVERY,mustard (Yellow),216.00 kgs,"₹7,420.00","₹16,027.20",BRD-AUR
T030973,15/05/2025,F01577,Delivery,MUSTARD,189 kg,"₹7,420.00","₹14,023.80",BRD-AUR
T030974,08/01/2025,F01577,INPUT_PURCHASE,DAP,128 kg,₹50.57,"₹6,472.96",BRD-AUR
T030975,07/03/2025,F01580,Delivery,Mustard,293.00 kgs,"₹7,475.00","₹21,901.75",BRD-AUR
T030976,03/12/2024,F01580,input,Hybrid Seeds,216 kgs,₹46.13,"₹9,964.08",BRD-AUR
T030977,05/01/2025,F01580,Input Purchase,PPC,295 kgs,₹657.21,"₹1,93,876.95",BRD-AUR
T030978,04/01/2025,F01580,FERT_PURCHASE,Fertilizer,136 kg,₹34.52,"₹4,694.72",BRD-AUR
T030979,18/12/2024,F01580,FERT_PURCHASE,Fertilizer,164 kgs,₹48.35,"₹7,929.40",BRD-AUR
T030980,09/12/2024,F01580,I,NPK 10:26:26,308 kgs,₹33.81,"₹10,413.48",BRD-AUR
T030981,16/03/2025,F01581,DELIVERY,Yellow Mustard,314 kg,"₹7,155.00","₹22,466.70",BRD-AUR
T030982,03/04/2025,F01581,D,Mustard,247 kg,"₹7,155.00","₹17,672.85",BRD-AUR
T030983,30/04/2025,F01581,FPO_DELIVERY,Mustard,479 kg,"₹7,155.00","₹34,272.45",BRD-AUR
T030984,10/03/2025,F01581,FPO_DELIVERY,Lokwan Wheat,2307 kg,"₹2,920.00","₹67,364.40",BRD-AUR
T030985,12/01/2025,F01581,INPUT_PURCHASE,NPK 10:26:26,145 kg,₹34.34,"₹4,979.30",BRD-AUR
T030986,02/01/2025, F01581 ,input,Fertilizer,187 kg,₹45.44,"₹8,497.28",BRD-AUR
T030987,03/01/2025,F01581,INPUT_PURCHASE,Urea,82 kg,₹53.73,"₹4,405.86",BRD-AUR
T030988,19/04/2025,f01582,FPO_DELIVERY,Yellow Mustard,1516 kg,"₹7,415.00","₹1,12,411.40",BRD-AUR
T030989,04/12/2024,F01582,FERT_PURCHASE,NPK 10:26:26,158 kg,₹46.43,"₹7,335.94",BRD-AUR
T030990,13/12/2024,f01582,input,NPK 10:26:26,206 kgs,₹55.80,"₹11,494.80",BRD-AUR
T030991,29/12/2024,F01582,I,SEEDS,139 kg,₹113.91,"₹15,833.49",BRD-AUR
T030992,10/01/2025,f01582,Input Purchase,DAP,58 kgs,₹46.06,"₹2,671.48",BRD-AUR
T030993,11/05/2025,F01586,D,MUSTARD,366 kg,"₹7,025.00","₹25,711.50",BRD-AUR
T030994,24/03/2025,F01586,DELIVERY,Sarson,"2,447.00 kgs","₹7,025.00","₹1,71,901.75",BRD-AUR
T030995,05/01/2025,F01586,I,DAP,233 kg,₹55.78,"₹12,996.74",BRD-AUR
T030996,19/12/2024,F01586,Input Purchase,PP chemicals,100 kg,₹307.54,"₹30,754.00",BRD-AUR
T030997,11/05/2025,F01587,DELIVERY,MUSTARD,"1,211.00 kgs","₹7,505.00","₹90,885.55",BRD-AUR
T030998,11/05/2025,F01587,delivery,wheat,"2,789.00 kgs","₹2,880.00","₹80,323.20",BRD-AUR
T030999,22/12/2024,F01587,Input Purchase,Urea,93 kg,₹45.92,"₹4,270.56",BRD-AUR
T031000,15/05/2025,F01595,DELIVERY,Sarson,354.00 kgs,"₹7,235.00","₹25,611.90",BRD-AUR
T031001,06/03/2025, F01595 ,delivery,MUSTARD,233.00 kgs,"₹7,235.00","₹16,857.55",BRD-AUR
T031002,09/12/2024, F01595 ,FERT_PURCHASE,FERTILIZER 50kg bag,270 kg,₹31.46,"₹8,494.20",BRD-AUR
T031003,08/05/2025,F01599,DELIVERY,Mustard,18.00 kgs,"₹7,265.00","₹1,307.70",BRD-AUR
T031004,29/04/2025,f01599,Delivery,Mustard,1691 kg,"₹7,265.00","₹1,22,851.15",BRD-AUR
T031005,30/03/2025,F01599,D,mustard (Yellow),1781 kg,"₹7,265.00","₹1,29,389.65",BRD-AUR
T031006,13 Mar 2025,F01599,DELIVERY,wheat,"8,446.00 kgs","₹2,740.00","₹2,31,420.40",BRD-AUR
T031007,02/12/2024,F01599,Input Purchase,Seeds,178 kgs,₹56.52,"₹10,060.56",BRD-AUR
T031008,31/12/2024,F01599,input,Fertilizer,196 kg,₹34.40,"₹6,742.40",BRD-AUR
T031009,27/05/2025, F01599 ,L,Loan Repayment,,,"₹1,000.00",BRD-AUR
T031010,20/03/2025,F01606,D,MUSTARD,277.00 kgs,"₹7,145.00","₹19,791.65",BRD-AUR
T031011,02/05/2025,F01606,D,mustard (Yellow),508 kg,"₹7,145.00","₹36,296.60",BRD-AUR
T031012,15/05/2025,F01606,D,Wheat,1424 kg,"₹2,895.00","₹41,224.80",BRD-AUR
T031013,11/05/2025,F01606,D,Lokwan Wheat,"1,107.00 kgs","₹2,895.00","₹32,047.65",BRD-AUR
T031014,08/05/2025,F01607,delivery,mustard (Yellow),"1,710.00 kgs","₹6,770.00","₹1,15,767.00",BRD-AUR
T031015,18/03/2025,F01607,delivery,Wheat,4436 kg,"₹2,835.00","₹1,25,760.60",BRD-AUR
T031016,06 Jan 2025,F01607,INPUT_PURCHASE,Seeds,150 kg,₹86.62,"₹12,993.00",BRD-AUR
T031017,25/12/2024,f01607,input,Urea,125 kgs,₹28.71,"₹3,588.75",BRD-AUR
T031018,15/05/2025,F01607,LOAN_REPAY,EMI,,,"₹7,700.00",BRD-AUR
T031019,05/05/2025, F01610 ,DELIVERY,Mustard,286.00 kgs,"₹7,790.00","₹22,279.40",BRD-AUR
T031020,24 Mar 2025,F01610,D,mustard (Yellow),788.00 kgs,"₹7,790.00","₹61,385.20",BRD-AUR
T031021,07/05/2025,F01610,FPO_DELIVERY,mustard (Yellow),24 kg,"₹7,790.00","₹1,869.60",BRD-AUR
T031022,04/01/2025,F01610,Input Purchase,Urea,196 kgs,₹52.58,"₹10,305.68",BRD-AUR
T031023,06/01/2025,F01610,FERT_PURCHASE,Seeds,93 kgs,₹116.16,"₹10,802.88",BRD-AUR
T031024,15/12/2024,F01610,I,Seeds,278 kgs,₹74.19,"₹20,624.82",BRD-AUR
T031025,12 May 2025,F01612,FPO_DELIVERY,Sarson,1512 kg,"₹7,530.00","₹1,13,853.60",BRD-AUR
T031026,12/12/2024,F01612,Input Purchase,DAP,263 kg,₹38.01,"₹9,996.63",BRD-AUR
T031647,22/03/2025,F02222,D,mustard (Yellow),57.00 kgs,"₹7,910.00","₹4,508.70",BRD-AUR
T031648,20/04/2025,f02222,D,MUSTARD,485 kg,"₹7,910.00","₹38,363.50",BRD-AUR
T031649,13/01/2025,F02222,FERT_PURCHASE,Fertilizer,197 kgs,₹31.81,"₹6,266.57",BRD-AUR
T031679,20/04/2025,f02245,FPO_DELIVERY,Sarson,29.00 kgs,"₹6,940.00","₹2,012.60",BRD-AUR
T031680,10/04/2025,F02245,FPO_DELIVERY,Sarson,"3,899.00 kgs","₹6,940.00","₹2,70,590.60",BRD-AUR
T031681,03/01/2025,F02245,I,Hybrid Seeds,120 kg,₹95.29,"₹11,434.80",BRD-AUR
T031682,31/03/2025,F02245,L,EMI,,,"₹1,400.00",BRD-AUR
T031716,05/05/2025,F02273,D,mustard (Yellow),1239 kg,"₹6,780.00","₹84,004.20",BRD-AUR
T031717,13/12/2024,F02273,I,DAP,128 kgs,₹31.49,"₹4,030.72",BRD-AUR
T031718,01/01/2025,F02273,I,FERTILIZER 50kg bag,135 kg,₹46.06,"₹6,218.10",BRD-AUR
T031719,25/12/2024,f02273,input,FERTILIZER 50kg bag,283 kgs,₹49.58,"₹14,031.14",BRD-AUR
T031720,17/05/2025,F02273,Loan Repayment,EMI,,,"₹2,200.00",BRD-AUR
T031730,28/04/2025,F02281,FPO_DELIVERY,Sarson,2786 kg,"₹8,165.00","₹2,27,476.90",BRD-AUR
T031731,13/12/2024,F02281,INPUT_PURCHASE,Fertilizer,298 kg,₹47.17,"₹14,056.66",BRD-AUR
T031732,28/12/2024,F02281,input,Seeds,233 kg,₹87.30,"₹20,340.90",BRD-AUR
T031733,07/03/2025,F02281,LOAN_REPAY,Loan Repayment,,,"₹7,700.00",BRD-AUR
T031760,21/04/2025,f02300,D,MUSTARD,452.00 kgs,"₹7,605.00","₹34,374.60",BRD-AUR
T031761,01/01/2025,F02300,input,Hybrid Seeds,107 kgs,₹68.42,"₹7,320.94",BRD-AUR
T031762,07 Jan 2025,F02300,Input Purchase,NPK 10:26:26,159 kgs,₹35.09,"₹5,579.31",BRD-AUR
T031763,13/01/2025,F02300,FERT_PURCHASE,PPC,240 kg,₹566.07,"₹1,35,856.80",BRD-AUR
T031768,01/05/2025,F02302,DELIVERY,Sarson,54 kg,"₹7,215.00","₹3,896.10",BRD-AUR
T031769,11/04/2025,F02302,FPO_DELIVERY,mustard (Yellow),909 kg,"₹7,215.00","₹65,584.35",BRD-AUR
T031777,18/03/2025,F02307,D,Sarson,1952 kg,"₹7,650.00","₹1,49,328.00",BRD-AUR
T031778,12/12/2024,F02307,FERT_PURCHASE,SEEDS,208 kg,₹50.46,"₹10,495.68",BRD-AUR
T031779,04 Dec 2024,f02307,Input Purchase,SEEDS,174 kgs,₹58.71,"₹10,215.54",BRD-AUR
T031780,12/01/2025,F02307,Input Purchase,Bio-pesticide,170 kg,₹513.26,"₹87,254.20",BRD-AUR
T031781,07/12/2024,F02307,input,Bio-pesticide,271 kg,₹182.73,"₹49,519.83",BRD-AUR
T031809,15/03/2025,F02339,D,Mustard,33.00 kgs,"₹7,280.00","₹2,402.40",BRD-AUR
T031810,07/04/2025,F02339,DELIVERY,mustard (Yellow),"1,392.00 kgs","₹7,280.00","₹1,01,337.60",BRD-AUR
T031811,19/12/2024,f02339,I,PPC,106 kg,₹239.44,"₹25,380.64",BRD-AUR
T031812,18/12/2024,F02339,I,Hybrid Seeds,120 kg,₹107.46,"₹12,895.20",BRD-AUR
T031832,07/05/2025,F02369,D,mustard (Yellow),927.00 kgs,"₹7,355.00","₹68,180.85",BRD-AUR
T031833,23/04/2025,F02369,Delivery,mustard (Yellow),52.00 kgs,"₹7,355.00","₹3,824.60",BRD-AUR
T031834,13 Jan 2025,F02369,I,SEEDS,39 kgs,₹80.88,"₹3,154.32",BRD-AUR
T031856,04/03/2025,F02385,delivery,Mustard,2059 kg,"₹7,350.00","₹1,51,336.50",BRD-AUR
T031857,12 Dec 2024, F02385 ,INPUT_PURCHASE,Hybrid Seeds,285 kgs,₹60.41,"₹17,216.85",BRD-AUR
T031858,12/12/2024,F02385,Input Purchase,DAP,88 kg,₹31.80,"₹2,798.40",BRD-AUR
T031893,10/04/2025,F02423,DELIVERY,mustard (Yellow),479 kg,"₹7,065.00","₹33,841.35",BRD-AUR
T031894,01/05/2025,f02423,delivery,Mustard,223 kg,"₹7,065.00","₹15,754.95",BRD-AUR
T031895,10/04/2025,F02423,delivery,Sarson,298.00 kgs,"₹7,065.00","₹21,053.70",BRD-AUR
T031896,32/01/2022,F02423,FERT_PURCHASE,FERTILIZER 50kg bag,73 kg,₹48.44,"₹3,536.12",BRD-AUR
T031897,07/01/2025,F02423,I,Fertilizer,26 kgs,₹28.53,₹741.78,BRD-AUR
T031898,15/12/2024,f02423,input,Seeds,205 kg,₹71.32,"₹14,620.60",BRD-AUR
T031899,13/12/2024,f02423,FERT_PURCHASE,SEEDS,244 kgs,₹77.24,"₹18,846.56",BRD-AUR
T031913,13/04/2025,F02441,Delivery,Mustard,1306 kg,"₹7,385.00","₹96,448.10",BRD-AUR
T031914,03/01/2025,F02441,input,PPC,242 kgs,₹319.06,"₹77,212.52",BRD-AUR
T031915,13/01/2025,f02441,I,DAP,260 kg,₹38.77,"₹10,080.20",BRD-AUR
T031916,14/01/2025,f02441,INPUT_PURCHASE,Fertilizer,210 kg,₹35.01,"₹7,352.10",BRD-AUR
T031917,06 May 2025,F02442,D,Sarson,666.00 kgs,"₹7,500.00","₹49,950.00",BRD-AUR
T031918,11/04/2025,F02442,FPO_DELIVERY,mustard (Yellow),"1,993.00 kgs","₹7,500.00","₹1,49,475.00",BRD-AUR
T031919,04/12/2024,F02442,I,PPC,280 kg,₹199.66,"₹55,904.80",BRD-AUR
T031920,20/12/2024,F02442,input,Fertilizer,200 kg,₹50.88,"₹10,176.00",BRD-AUR
T031948,08/03/2025,F02458,Delivery,mustard (Yellow),76 kg,"₹7,705.00","₹5,855.80",BRD-AUR
T031949,04/04/2025,F02458,D,Mustard,874 kg,"₹7,705.00","₹67,341.70",BRD-AUR
T031950,05/03/2025,f02458,FPO_DELIVERY,Mustard,49.00 kgs,"₹7,705.00","₹3,775.45",BRD-AUR
T031951,02/12/2024,F02458,I,SEEDS,303 kg,₹117.83,"₹35,702.49",BRD-AUR
T031952,27/12/2024,F02458,I,Urea,,₹48.93,"₹15,412.95",BRD-AUR
T031953,09/01/2025,F02458,INPUT_PURCHASE,FERTILIZER 50kg bag,235 kg,₹29.62,"₹6,960.70",BRD-AUR
T031976,08/04/2025,f02472,Delivery,MUSTARD,468.00 kgs,"₹7,615.00","₹35,638.20",BRD-AUR
T031977,26/04/2025,F02472,FPO_DELIVERY,mustard (Yellow),828.00 kgs,"₹7,615.00","₹63,052.20",BRD-AUR
T031978,15/12/2024,F02472,I,Fertilizer,284 kg,₹30.18,"₹8,571.12",BRD-AUR
T031979,14 Dec 2024,F02472,INPUT_PURCHASE,PPC,130 kg,₹636.54,"₹82,750.20",BRD-AUR
T031980,06/01/2025,F02472,loan,Loan Repayment,,,"₹1,900.00",BRD-AUR
T032004,10/03/2025,F02483,DELIVERY,MUSTARD,990.00 kgs,"₹7,625.00","₹75,487.50",BRD-AUR
T032005,29/12/2024,f02483,INPUT_PURCHASE,Hybrid Seeds,75 kg,₹58.64,"₹4,398.00",BRD-AUR
T032006,14/01/2025,f02483,INPUT_PURCHASE,Bio-pesticide,93 kgs,₹433.55,"₹40,320.15",BRD-AUR
T032052,05/05/2025,F02515,Delivery,Sarson,"1,417.00 kgs","₹8,300.00","₹1,17,611.00",BRD-AUR
T032053,22/12/2024,F02515,INPUT_PURCHASE,NPK 10:26:26,317 kg,₹39.15,"₹12,410.55",BRD-AUR
T032060,28/03/2025,F02520,delivery,MUSTARD,136 kg,"₹7,390.00","₹10,050.40",BRD-AUR
T032061,01/03/2025,f02520,FPO_DELIVERY,Sarson,95 kg,"₹7,390.00","₹7,020.50",BRD-AUR
T032077,09/03/2025,F02532,D,mustard (Yellow),25 kg,"₹6,615.00","₹1,653.75",BRD-AUR
T032078,29/03/2025,f02532,D,Mustard,613.00 kgs,"₹6,615.00","₹40,549.95",BRD-AUR
T032079,20/12/2024,f02532,Input Purchase,Bio-pesticide,288 kg,₹592.38,"₹1,70,605.44",BRD-AUR
T032080,14/12/2024, F02532 ,INPUT_PURCHASE,DAP,88 kgs,₹46.44,"₹4,086.72",BRD-AUR
T032095,10/05/2025,F02541,delivery,MUSTARD,817 kg,"₹7,690.00","₹62,827.30",BRD-AUR
T032096,09/03/2025,f02541,FPO_DELIVERY,mustard (Yellow),43 kg,"₹7,690.00","₹3,306.70",BRD-AUR
T032097,17/12/2024,F02541,INPUT_PURCHASE,PPC,298 kgs,₹322.57,"₹96,125.86",BRD-AUR
T032098,29/01/2025,F02541,Loan Repayment,EMI,,,"₹7,200.00",BRD-AUR
T032218,19/04/2025,F02609,DELIVERY,mustard (Yellow),841.00 kgs,"₹7,585.00","₹63,789.85",BRD-AUR
T032219,19/12/2024,f02609,Input Purchase,Urea,32 kg,₹51.33,"₹1,642.56",BRD-AUR
T032220,03 Mar 2025,F02610,D,Yellow Mustard,268 kg,"₹7,895.00","₹21,158.60",BRD-AUR
T032221,11/03/2025,f02610,delivery,Mustard,487 kg,"₹7,895.00","₹38,448.65",BRD-AUR
T032222,25/04/2025,f02610,D,Mustard,772 kg,"₹7,895.00","₹60,949.40",BRD-AUR
T032274,20/04/2025,F02628,delivery,Sarson,34 kg,"₹6,810.00","₹2,315.40",BRD-AUR
T032275,21/04/2025,F02628,DELIVERY,MUSTARD,295 kg,"₹6,810.00","₹20,089.50",BRD-AUR
T032276,11/12/2024,F02628,I,NPK 10:26:26,109 kgs,₹40.80,"₹4,447.20",BRD-AUR
T032277,24/12/2024,F02628,I,NPK 10:26:26,103 kgs,₹39.82,"₹4,101.46",BRD-AUR
T032291,03/04/2025,F02634,DELIVERY,Yellow Mustard,1277 kg,"₹7,005.00","₹89,453.85",BRD-AUR
T032292,11/05/2025,F02635,D,Yellow Mustard,1347 kg,"₹6,970.00","₹93,885.90",BRD-AUR
T032293,01/12/2024,F02635,INPUT_PURCHASE,Hybrid Seeds,135 kgs,₹57.21,"₹7,723.35",BRD-AUR
T032294,23/12/2024,F02635,I,NPK 10:26:26,296 kgs,₹32.77,"₹9,699.92",BRD-AUR
T032295,29/04/2025,F02635,loan,Loan Repayment,,,"₹4,700.00",BRD-AUR
T032296,08/04/2025,F02635,LOAN_REPAY,EMI,,,"₹6,800.00",BRD-AUR
T032320,17/04/2025,F02642,delivery,Sarson,809 kg,"₹7,290.00","₹58,976.10",BRD-AUR
T032321,04/01/2025,F02642,I,SEEDS,89 kgs,₹67.06,"₹5,968.34",BRD-AUR
T032322,18 Feb 2025,F02642,L,Loan Repayment,,,"₹3,300.00",BRD-AUR
T032334,20 Mar 2025,F02648,delivery,MUSTARD,98 kg,"₹7,390.00","₹7,242.20",BRD-AUR
T032335,20/04/2025,F02648,delivery,MUSTARD,151 kg,"₹7,390.00","₹11,158.90",BRD-AUR
T032336,29/03/2025,F02648,DELIVERY,Yellow Mustard,494.00 kgs,"₹7,390.00","₹36,506.60",BRD-AUR
T032337,12/12/2024, F02648 ,INPUT_PURCHASE,Seeds,234 kg,₹118.41,"₹27,707.94",BRD-AUR
T032338,15/01/2025,F02648,FERT_PURCHASE,PPC,104 kg,₹389.71,"₹40,529.84",BRD-AUR
T032339,01/01/2025,F02648,I,DAP,90 kgs,₹40.06,"₹3,605.40",BRD-AUR
T032363,02/03/2025,F02658,FPO_DELIVERY,Sarson,894.00 kgs,"₹6,950.00","₹62,133.00",BRD-AUR
T032364,29/12/2024,F02658,input,Hybrid Seeds,206 kg,₹103.04,"₹21,226.24",BRD-AUR
T032391,15/05/2025,F02666,D,mustard (Yellow),565 kg,"₹7,435.00","₹42,007.75",BRD-AUR
T032412,28/04/2025,F02674,delivery,mustard (Yellow),569 kg,"₹7,150.00","₹40,683.50",BRD-AUR
T032413,09/05/2025,F02674,FPO_DELIVERY,Mustard,"1,228.00 kgs","₹7,150.00","₹87,802.00",BRD-AUR
T032414,07/01/2025,F02674,INPUT_PURCHASE,Urea,204 kg,₹30.65,"₹6,252.60",BRD-AUR
T032415,29/03/2025,F02675,Delivery,mustard (Yellow),453 kg,"₹7,825.00","₹35,447.25",BRD-AUR
T032416,11/03/2025,F02675,FPO_DELIVERY,Sarson,495 kg,"₹7,825.00","₹38,733.75",BRD-AUR
T032417,02/01/2025,F02675,INPUT_PURCHASE,Hybrid Seeds,279 kg,₹80.84,"₹22,554.36",BRD-AUR
T026768,11/04/2024,F01593,FPO_DELIVERY,Yellow Mustard,297 kg,"₹7,430.00","₹22,067.10",BRD-AUR
T018758,23 Dec 2021,F02302,INPUT_PURCHASE,PPC,58 kg,₹457.99,"₹26,563.42",BRD-AUR
T012070,30/05/2021,F01481,Loan Repayment,Loan Repayment,,,"₹7,100.00",BRD-AUR
T002205,09/07/2019,F01585,INPUT_PURCHASE,FERTILIZER 50kg bag,166 kg,₹47.76,"₹7,928.16",BRD-AUR
T002280,29/11/2019,F01609,Delivery,SOYABEAN,243.00 kgs,"₹4,765.00","₹11,578.95",BRD-AUR
T017389,24/12/2021,F01543,I,DAP,251 kgs,₹54.03,"₹13,561.53",BRD-AUR
T027789,11/01/2024,F02385,input,Urea,50 kg,₹35.64,₹ N/A,BRD-AUR
T023319,18/03/2023, F02281 ,Delivery,Yellow Mustard,2503 kg,"₹7,015.00","₹1,75,585.45",BRD-AUR
T001948,02/10/2019,F01508,DELIVERY,SOYABEAN,503.00 kgs,"₹4,745.00","₹23,867.35",BRD-AUR
T019795,27/11/2022,F01481,FPO_DELIVERY,Soybean,9.00 kgs,"₹5,570.00",₹501.30,BRD-AUR
T023578,10/12/2022,F02423,INPUT_PURCHASE,Seeds,186 kg,₹108.43,"₹20,167.98",BRD-AUR
T020949,05/06/2022,F02273,FERT_PURCHASE,FERTILIZER 50kg bag,68 kg,₹58.55,"₹3,981.40",BRD-AUR
T018922,03/05/2022, F02369 ,FPO_DELIVERY,Sarson,259.00 kgs,"₹6,395.00","₹16,563.05",BRD-AUR
T012127,19/03/2021,f01513,DELIVERY,Lokwan Wheat,764 kg,"₹2,565.00","₹19,596.60",BRD-AUR
T030913,21/03/2025,F01528,DELIVERY,Yellow Mustard,367.00 kgs,"₹7,205.00","₹26,442.35",BRD-AUR
T017323,11/03/2022,F01501,LOAN_REPAY,Loan Repayment,,,"₹5,200.00",BRD-AUR
T012186,04/12/2020,F01544,input,Fertilizer,261 kg,₹56.25,"₹14,681.25",BRD-AUR
T014777,17 Nov 2021,F01511,FPO_DELIVERY,Soybean,721.00 kgs,"₹5,090.00","₹36,698.90",BRD-AUR
T002246,28/10/2019,F01597,delivery,Soybean,"1,108.00 kgs","₹4,730.00","₹52,408.40",BRD-AUR
T006250,11/04/2020,F01615,FPO_DELIVERY,MUSTARD,503 kg,"₹6,035.00","₹30,356.05",BRD-AUR
T014948,25/11/2021,F01610,DELIVERY,Soybean,83.00 kgs,"₹5,250.00","₹4,357.50",BRD-AUR
T002005,15/10/2019,F01523,DELIVERY,SOYABEAN,422 kg,"₹4,620.00","₹19,496.40",BRD-AUR
T023833,06/01/2023,F02515,FERT_PURCHASE,FERTILIZER 50kg bag,317 kg,₹57.27,"₹18,154.59",BRD-AUR
T001780,20 Jun 2019,f01461,INPUT_PURCHASE,FERTILIZER 50kg bag,213 kgs,₹56.49,"₹12,032.37",BRD-AUR
T019944,17/11/2022,F01581,Delivery,Soybean,61 kg,"₹5,700.00","₹3,477.00",BRD-AUR
T006162,24/04/2020,F01582,DELIVERY,mustard (Yellow),343.00 kgs,"₹6,075.00","₹20,837.25",BRD-AUR
T005974,01 May 2020,f01510,DELIVERY,Wheat,145.00 kgs,"₹2,475.00","₹3,588.75",BRD-AUR
T001945,08/11/2019,F01507,D,Soybean (Yellow),840 kg,"₹4,895.00","₹41,118.00",BRD-AUR
T029955,17/10/2024,F02483,loan,Loan Repayment,,,"₹4,000.00",BRD-AUR
T001998,23/10/2019,F01520,Loan Repayment,EMI,,,"₹3,100.00",BRD-AUR
T012251,15 Mar 2021,F01576,FPO_DELIVERY,Sarson,847.00 kgs,"₹6,570.00","₹55,647.90",BRD-AUR
T017383,03/04/2022,F01542,D,mustard (Yellow),"1,265.00 kgs","₹6,325.00","₹80,011.25",BRD-AUR
T012149,27/12/2020,F01526,I,Urea,261 kg,₹39.30,"₹10,257.30",BRD-AUR
T002241,15/11/2019,F01594,delivery,Soybean (Yellow),"1,716.00 kgs","₹4,975.00","₹85,371.00",BRD-AUR
T016077,20 Jun 2021,F02245,FERT_PURCHASE,Seeds,271 kgs,₹104.73,"₹28,381.83",BRD-AUR
T012265,11/04/2021,F01582,D,MUSTARD,431 kg,"₹6,110.00","₹26,334.10",BRD-AUR
T019963,27/06/2022,F01593,Input Purchase,Seeds,84 kg,₹119.10,"₹10,004.40",BRD-AUR
T001824,16/06/2019,F01473,INPUT_PURCHASE,Seeds,291 kg,₹46.87,"₹13,639.17",BRD-AUR
T028753,24/06/2024,F01492,Input Purchase,PP chemicals,51 kgs,₹171.35,"₹8,738.85",BRD-AUR
T001981,07/07/2019,,FERT_PURCHASE,Urea,286 kg,₹39.88,"₹11,405.68",BRD-AUR
T031893,10/04/2025,F02423,DELIVERY,mustard (Yellow),479 kg,"₹7,065.00","₹33,841.35",BRD-AUR
T030994,24/03/2025,F01586,DELIVERY,Sarson,"2,447.00 kgs","₹7,025.00","₹1,71,901.75",BRD-AUR
T026601,16/12/2023,F01476,L,Loan Repayment,,,"₹4,000.00",BRD-AUR
