txn_id,txn_date,farmer_id,txn_type,item,qty,rate_inr,amount_inr,gid
T002786,28/10/19,F01762,D,Soybean (Yellow),"2,536.00 kgs","Rs 5,035.00","Rs 1,27,687.60",BRD-UJN
T002787,22/10/19,F01763,Delivery,SOYABEAN,555 kg,"Rs 5,365.00","Rs 29,775.75",BRD-UJN
T002788,08/07/19,F01763,input,Hybrid Seeds,100 kgs,Rs 61.66,"Rs 6,166.00",BRD-UJN
T002789,27/06/19,F01763,FERT_PURCHASE,Urea,134 kgs,Rs 36.21,"Rs 4,852.14",BRD-UJN
T002790,30/10/19,F01764,delivery,SOYABEAN,5.00 kgs,"Rs 5,095.00",Rs 254.75,BRD-UJN
T002791,25/10/19,F01764,FPO_DELIVERY,SOYABEAN,408.00 kgs,"Rs 5,095.00","Rs 20,787.60",BRD-UJN
T002792,27/11/19,F01764,Delivery,Soybean (Yellow),1115 kg,"Rs 5,095.00","Rs 56,809.25",BRD-UJN
T002793,11/07/19,F01764,loan,Loan Repayment,,,"Rs 5,600.00",BRD-UJN
T002794,12/11/19,F01765,delivery,soya,"2,666.00 kgs","Rs 5,205.00","Rs 1,38,765.30",BRD-UJN
T002795,06/06/19,F01765,Input Purchase,Hybrid Seeds,146 kgs,Rs 97.19,"Rs 14,189.74",BRD-UJN
T002796,06/07/19,F01765,Input Purchase,Seeds,254 kg,Rs 57.46,"Rs 14,594.84",BRD-UJN
T002797,30/06/19,f01765,input,Bio-pesticide,272 kg,Rs 280.49,"Rs 76,293.28",BRD-UJN
T002798,26/11/19,F01766,Delivery,SOYABEAN,399 kg,"Rs 4,925.00","Rs 19,650.75",BRD-UJN
T002799,27/11/19,F01766,FPO_DELIVERY,Soybean,3.01 quintals,"Rs 4,925.00","Rs 14,824.25",BRD-UJN
T002800,26/06/19,F01766,INPUT_PURCHASE,Seeds,272 kg,Rs 55.64,"Rs 15,134.08",BRD-UJN
T002801,06/06/19,F01766,input,PPC,55 kgs,Rs 396.45,"Rs 21,804.75",BRD-UJN
T002802,30/06/19,F01766,INPUT_PURCHASE,FERTILIZER 50kg bag,231 kgs,Rs 58.42,"Rs 13,495.02",BRD-UJN
T002803,16/06/19,F01766,INPUT_PURCHASE,Seeds,305 kg,Rs 70.43,"Rs 21,481.15",BRD-UJN
T002804,09/10/19,F01767,delivery,Soybean (Yellow),141.00 kgs,"Rs 5,190.00","Rs 7,317.90",BRD-UJN
T002805,04/11/19,F01767,DELIVERY,Soybean (Yellow),1.6 qtl,"Rs 5,190.00","Rs 8,459.70",BRD-UJN
T002806,22/06/19,F01767,I,FERTILIZER 50kg bag,290 kg,Rs 50.45,"Rs 14,630.50",BRD-UJN
T002807,23/10/19, F01768 ,D,soya,211 kg,"Rs 4,670.00","Rs 9,853.70",BRD-UJN
T002808,04/11/19,F01768,Delivery,Soybean (Yellow),398 kg,"Rs 4,670.00","Rs 18,586.60",BRD-UJN
T002809,28/06/19,F01768,FERT_PURCHASE,Seeds,65 kg,Rs 122.70,"Rs 7,975.50",BRD-UJN
T002810,04/07/19, F01768 ,Input Purchase,Bio-pesticide,56 kg,Rs 226.63,"Rs 12,691.28",BRD-UJN
T002811,25/10/19,F01769,Delivery,Soybean (Yellow),5.32 quintals,"Rs 5,085.00","Rs 27,052.20",BRD-UJN
T002812,27/06/19,F01769,I,Urea,60 kg,Rs 49.08,"Rs 2,944.80",BRD-UJN
T002813,11/07/19,F01769,INPUT_PURCHASE,DAP,252 kgs,Rs 44.21,"Rs 11,140.92",BRD-UJN
T002814,03/07/19,F01769,FERT_PURCHASE,Hybrid Seeds,218 kgs,Rs 97.82,"Rs 21,324.76",BRD-UJN
T002815,09/10/19,F01770,Delivery,Soybean,176.00 kgs,"Rs 5,050.00","Rs 8,888.00",BRD-UJN
T002816,13/11/19,f01770,D,Soybean (Yellow),6.8 qtl,"Rs 5,050.00","Rs 34,592.50",BRD-UJN
T002817,08/06/19,F01770,I,Urea,274 kg,Rs 35.81,"Rs 9,811.94",BRD-UJN
T002818,05/11/19,F01771,DELIVERY,soya,418.00 kgs,"Rs 4,750.00","Rs 19,855.00",BRD-UJN
T002819,28/10/19, F01771 ,Delivery,soya,0.4 qtl,"Rs 4,750.00","Rs 1,805.00",BRD-UJN
T002820,17/06/19,F01771,FERT_PURCHASE,PP chemicals,33 kg,Rs 139.17,"Rs 4,592.61",BRD-UJN
T002821,07/06/19,F01771,input,Hybrid Seeds,283 kg,Rs 75.15,"Rs 21,267.45",BRD-UJN
T002822,22/10/19, F01772 ,delivery,Soybean,17.80 quintals,"Rs 4,555.00","Rs 81,079.00",BRD-UJN
T002823,22/06/19,F01772,Input Purchase,Fertilizer,130 kgs,Rs 49.82,"Rs 6,476.60",BRD-UJN
T002824,10/06/19, F01772 ,I,NPK 10:26:26,239 kgs,Rs 55.39,"Rs 13,238.21",BRD-UJN
T002825,06/10/19,F01772,loan,EMI,,,"Rs 4,900.00",BRD-UJN
T002826,22/10/19,F01773,FPO_DELIVERY,soya,0.57 q,"Rs 4,835.00","Rs 2,755.95",BRD-UJN
T002827,18/10/19,F01773,delivery,Soybean,134 kg,"Rs 4,835.00","Rs 6,478.90",BRD-UJN
T002828,01/06/19,F01773,Input Purchase,Hybrid Seeds,203 kgs,Rs 116.94,"Rs 23,738.82",BRD-UJN
T002829,25/11/19,F01774,FPO_DELIVERY,Soybean,14.40 q,"Rs 4,860.00","Rs 69,984.00",BRD-UJN
T002830,23/10/19,f01774,delivery,Soybean (Yellow),286 kg,"Rs 4,860.00","Rs 13,899.60",BRD-UJN
T002831,29/06/19,F01774,Input Purchase,FERTILIZER 50kg bag,50 kgs,Rs 59.09,"Rs 2,954.50",BRD-UJN
T002832,27/06/19,F01774,input,PPC,287 kg,Rs 600.16,"Rs 1,72,245.92",BRD-UJN
T002833,07/11/19,F01775,delivery,Soybean,13.80 q,"Rs 4,755.00","Rs 65,619.00",BRD-UJN
T002834,28/10/19,F01775,Delivery,Soybean,121.00 kgs,"Rs 4,755.00","Rs 5,753.55",BRD-UJN
T002835,08/11/19,F01775,DELIVERY,soya,122 kg,"Rs 4,755.00","Rs 5,801.10",BRD-UJN
T002836,05/10/19,F01776,delivery,SOYABEAN,817.00 kgs,"Rs 4,715.00","Rs 38,521.55",BRD-UJN
T002837,21/10/19,F01776,delivery,soya,1.82 q,"Rs 4,715.00","Rs 8,581.30",BRD-UJN
T002838,08/07/19,F01776,I,Fertilizer,228 kgs,Rs 44.60,"Rs 10,168.80",BRD-UJN
T002839,16/10/19, F01777 ,Delivery,SOYABEAN,461.00 kgs,"Rs 5,030.00","Rs 23,188.30",BRD-UJN
T002840,26/06/19,F01777,input,PPC,79 kg,Rs 604.55,"Rs 47,759.45",BRD-UJN
T002841,21/06/19,F01777,INPUT_PURCHASE,Fertilizer,293 kg,Rs 52.49,"Rs 15,379.57",BRD-UJN
T002842,17/06/19,F01777,FERT_PURCHASE,Hybrid Seeds,28 kg,Rs 119.60,"Rs 3,348.80",BRD-UJN
T002843,06/10/19,f01778,D,SOYABEAN,0.98 t,"Rs 4,600.00","Rs 45,080.00",BRD-UJN
T002844,10/10/19,F01779,D,Soybean,"2,107.00 kgs","Rs 4,710.00","Rs 99,239.70",BRD-UJN
T002845,12/06/19,f01779,input,PPC,172 kgs,Rs 221.97,"Rs 38,178.84",BRD-UJN
T002846,20/06/19,F01779,INPUT_PURCHASE,NPK 10:26:26,215 kg,Rs 28.29,"Rs 6,082.35",BRD-UJN
T002847,15/11/19,F01780,Delivery,SOYABEAN,1.59 q,"Rs 5,140.00","Rs 8,172.60",BRD-UJN
T002848,21/11/19,F01780,D,Soybean (Yellow),"1,793.00 kgs","Rs 5,140.00","Rs 92,160.20",BRD-UJN
T002849,13/06/19,F01780,INPUT_PURCHASE,Bio-pesticide,241 kg,Rs 614.03,"Rs 1,47,981.23",BRD-UJN
T002850,22/11/19,f01781,Delivery,Soybean,"1,925.00 kgs","Rs 4,625.00","Rs 89,031.25",BRD-UJN
T002851,09/06/19, F01781 ,I,Fertilizer,180 kgs,Rs 39.13,"Rs 7,043.40",BRD-UJN
T002852,19/06/19,f01781,Input Purchase,Urea,245 kgs,Rs 56.10,"Rs 13,744.50",BRD-UJN
T002853,04/06/19,F01781,Input Purchase,PP chemicals,210 kg,Rs 515.67,"Rs 1,08,290.70",BRD-UJN
T002854,21/10/19,F01782,FPO_DELIVERY,soya,4.09 t,"Rs 4,745.00","Rs 1,94,070.50",BRD-UJN
T002855,02/06/19,f01782,FERT_PURCHASE,Bio-pesticide,61 kg,Rs 311.37,"Rs 18,993.57",BRD-UJN
T002856,24/06/19,f01782,I,Hybrid Seeds,88 kg,Rs 103.49,"Rs 9,107.12",BRD-UJN
T002857,25/06/19,F01782,Input Purchase,Fertilizer,251 kgs,Rs 59.54,"Rs 14,944.54",BRD-UJN
T002858,13/07/19,F01782,I,Seeds,85 kg,Rs 65.00,"Rs 5,525.00",BRD-UJN
T002859,13/11/19,F01783,FPO_DELIVERY,Soybean,7.77 quintals,"Rs 4,895.00","Rs 38,034.15",BRD-UJN
T002860,06/07/19,F01783,FERT_PURCHASE,FERTILIZER 50kg bag,264 kgs,Rs 46.94,"Rs 12,392.16",BRD-UJN
T002861,12/07/19,F01783,input,SEEDS,233 kg,Rs 82.75,"Rs 19,280.75",BRD-UJN
T002862,26/11/19,F01784,delivery,Soybean,0.2 qtl,"Rs 4,995.00",Rs 799.20,BRD-UJN
T002863,18/11/19,F01784,Delivery,SOYABEAN,10.09 quintals,"Rs 4,995.00","Rs 50,399.55",BRD-UJN
T002864,10/10/19,F01785,D,Soybean (Yellow),465.00 kgs,"Rs 4,755.00","Rs 22,110.75",BRD-UJN
T002865,31/10/19, F01785 ,DELIVERY,Soybean (Yellow),5.21 q,"Rs 4,755.00","Rs 24,773.55",BRD-UJN
T002866,26/06/19, F01785 ,Input Purchase,Fertilizer,86 kgs,Rs 43.88,"Rs 3,773.68",BRD-UJN
T002867,05/10/19,F01786,DELIVERY,Soybean,19.4 qtl,"Rs 5,010.00","Rs 96,943.50",BRD-UJN
T002868,30/11/19,F01786,FPO_DELIVERY,SOYABEAN,216 kg,"Rs 5,010.00","Rs 10,821.60",BRD-UJN
T002869,26/06/19,F01786,I,PPC,128 kg,Rs 296.52,"Rs 37,954.56",BRD-UJN
T002870,08/06/19,F01786,I,PPC,62 kg,Rs 405.21,"Rs 25,123.02",BRD-UJN
T002871,25/11/19,F01786,loan,Loan Repayment,,,"Rs 5,200.00",BRD-UJN
T002872,08/11/19,F01787,FPO_DELIVERY,soya,89.00 kgs,"Rs 4,790.00","Rs 4,263.10",BRD-UJN
T002873,29/11/19,F01787,D,Soybean (Yellow),1669 kg,"Rs 4,790.00","Rs 79,945.10",BRD-UJN
T002874,22/06/19,F01787,I,Hybrid Seeds,228 kgs,Rs 129.07,"Rs 29,427.96",BRD-UJN
T002875,24/06/19,F01787,Input Purchase,Urea,208 kg,Rs 56.17,"Rs 11,683.36",BRD-UJN
T002876,17/09/19,F01787,L,EMI,,,"Rs 4,600.00",BRD-UJN
T002877,17/09/19,F01787,L,EMI,,,"Rs 6,800.00",BRD-UJN
T002878,31/10/19,F01787,L,Loan Repayment,,,"Rs 2,200.00",BRD-UJN
T002879,21/10/19,F01788,FPO_DELIVERY,soya,2.9 qtl,"Rs 4,800.00","Rs 14,016.00",BRD-UJN
T002880,30/11/19,F01788,Delivery,Soybean (Yellow),48.7 qtl,"Rs 4,800.00","Rs 2,33,904.00",BRD-UJN
T002881,24/06/19,F01788,I,Urea,28 kgs,Rs 42.59,"Rs 1,192.52",BRD-UJN
T002882,16/11/19,F01789,delivery,soya,"2,315.00 kgs","Rs 5,035.00","Rs 1,16,560.25",BRD-UJN
T002883,03/07/19,f01789,Input Purchase,Hybrid Seeds,291 kgs,Rs 45.94,"Rs 13,368.54",BRD-UJN
T002884,13/06/19,F01789,FERT_PURCHASE,FERTILIZER 50kg bag,301 kgs,Rs 54.51,"Rs 16,407.51",BRD-UJN
T002885,22/11/19,F01790,DELIVERY,Soybean (Yellow),106 kg,"Rs 4,705.00","Rs 4,987.30",BRD-UJN
T002886,15/10/19,F01791,DELIVERY,SOYABEAN,18.06 q,"Rs 4,535.00","Rs 81,902.10",BRD-UJN
T002887,04/06/19,F01791,I,NPK 10:26:26,235 kgs,Rs 54.93,"Rs 12,908.55",BRD-UJN
T002888,03/07/19,F01791,INPUT_PURCHASE,DAP,168 kgs,Rs 31.37,"Rs 5,270.16",BRD-UJN
T002889,16/07/19,F01791,L,Loan Repayment,,,"Rs 3,000.00",BRD-UJN
T002890,08/11/19,F01791,loan,EMI,,,"Rs 6,500.00",BRD-UJN
T002891,05/08/19,f01791,L,Loan Repayment,,,"Rs 2,600.00",BRD-UJN
T002892,06/06/19,F01791,loan,Loan Repayment,,,"Rs 1,600.00",BRD-UJN
T002893,06/06/19,F01791,LOAN_REPAY,EMI,,,"Rs 3,100.00",BRD-UJN
T002894,12/10/19,F01792,DELIVERY,SOYABEAN,0.4 qtl,"Rs 4,930.00","Rs 2,070.60",BRD-UJN
T002895,07/11/19,F01792,DELIVERY,Soybean (Yellow),"1,233.00 kgs","Rs 4,930.00","Rs 60,786.90",BRD-UJN
T002896,07/07/19,F01792,INPUT_PURCHASE,SEEDS,56 kgs,Rs 84.85,"Rs 4,751.60",BRD-UJN
T002897,07/11/19,F01793,D,Soybean (Yellow),0.35 MT,"Rs 4,935.00","Rs 17,025.75",BRD-UJN
T002898,05/06/19,F01793,INPUT_PURCHASE,Seeds,,Rs 62.05,"Rs 12,285.90",BRD-UJN
T002899,19/11/19,f01794,Delivery,soya,0.17 MT,"Rs 4,810.00","Rs 8,273.20",BRD-UJN
T002900,26/10/19,F01794,Delivery,soya,899 kg,"Rs 4,810.00","Rs 43,241.90",BRD-UJN
T002901,19/06/19,F01794,I,Bio-pesticide,174 kg,Rs 555.70,"Rs 96,691.80",BRD-UJN
T002902,11/10/19,F01795,delivery,Soybean,10.57 q,"Rs 4,785.00","Rs 50,577.45",BRD-UJN
T002903,04/11/19,F01795,delivery,Soybean (Yellow),0.51 t,"Rs 4,785.00","Rs 24,403.50",BRD-UJN
T002904,30/11/19,F01795,FPO_DELIVERY,soya,9.13 q,"Rs 4,785.00","Rs 43,687.05",BRD-UJN
T002905,12/10/19,F01795,Loan Repayment,EMI,,,"Rs 2,300.00",BRD-UJN
T002906,20/11/19,F01795,Loan Repayment,EMI,,,"Rs 3,700.00",BRD-UJN
T002907,11/10/19,F01796,DELIVERY,Soybean (Yellow),1.51 quintals,"Rs 4,805.00","Rs 7,255.55",BRD-UJN
T002908,01/10/19,F01796,DELIVERY,SOYABEAN,911 kg,"Rs 4,805.00","Rs 43,773.55",BRD-UJN
T002909,08/06/19,F01796,input,Fertilizer,105 kgs,Rs 31.48,"Rs 3,305.40",BRD-UJN
T002910,20/10/19,F01797,delivery,SOYABEAN,1.80 t,"Rs 4,865.00","Rs 87,472.70",BRD-UJN
T002911,26/10/19,F01798,D,soya,43.74 quintals,"Rs 4,575.00","Rs 2,00,110.50",BRD-UJN
T002912,14/07/19,f01798,Input Purchase,PP chemicals,118 kgs,Rs 249.80,"Rs 29,476.40",BRD-UJN
T002913,18/06/19,F01798,input,DAP,218 kg,Rs 47.52,"Rs 10,359.36",BRD-UJN
T002914,06/10/19,F01799,DELIVERY,Soybean (Yellow),4.05 q,"Rs 5,005.00","Rs 20,270.25",BRD-UJN
T002915,08/06/19,F01799,input,FERTILIZER 50kg bag,249 kg,Rs 37.74,"Rs 9,397.26",BRD-UJN
T002916,15/10/19,F01799,Loan Repayment,Loan Repayment,,,"Rs 2,900.00",BRD-UJN
T002917,03/11/19,F01800,D,soya,118 kg,"Rs 5,110.00","Rs 6,029.80",BRD-UJN
T002918,15/10/19,F01800,FPO_DELIVERY,soya,0.70 quintals,"Rs 5,110.00","Rs 3,577.00",BRD-UJN
T002919,19/11/19,F01800,Delivery,Soybean (Yellow),11.62 quintals,"Rs 5,110.00","Rs 59,378.20",BRD-UJN
T002920,06/11/19,F01801,Delivery,Soybean (Yellow),14.2 qtl,"Rs 4,735.00","Rs 67,284.35",BRD-UJN
T002921,02/06/19,F01801,INPUT_PURCHASE,Hybrid Seeds,280 kgs,Rs 64.10,"Rs 17,948.00",BRD-UJN
T002922,06/07/19,F01801,LOAN_REPAY,EMI,,,"Rs 6,100.00",BRD-UJN
T002923,01/11/19,F01802,FPO_DELIVERY,Soybean (Yellow),1.08 quintals,"Rs 4,710.00","Rs 5,086.80",BRD-UJN
T002924,15/06/19,F01802,input,Seeds,271 kg,Rs 98.69,"Rs 26,744.99",BRD-UJN
T002925,19/09/19,F01802,LOAN_REPAY,Loan Repayment,,,"Rs 4,700.00",BRD-UJN
T002926,08/08/19, F01802 ,L,Loan Repayment,,,"Rs 7,800.00",BRD-UJN
T002927,02/11/19,F01803,delivery,SOYABEAN,"3,222.00 kgs","Rs 4,570.00","Rs 1,47,245.40",BRD-UJN
T002928,31/10/19,F01803,FPO_DELIVERY,SOYABEAN,3.54 quintals,"Rs 4,570.00","Rs 16,177.80",BRD-UJN
T002929,01/11/19,F01804,delivery,Soybean,233.00 kgs,"Rs 4,935.00","Rs 11,498.55",BRD-UJN
T002930,04/10/19,F01804,FPO_DELIVERY,Soybean (Yellow),17 kg,"Rs 4,935.00",Rs 838.95,BRD-UJN
T002931,22/06/19,F01804,FERT_PURCHASE,PPC,299 kgs,Rs 343.01,"Rs 1,02,559.99",BRD-UJN
T002932,20/09/19,F01804,loan,EMI,,,"Rs 1,600.00",BRD-UJN
T002933,14/11/19,F01804,L,EMI,,,"Rs 4,300.00",BRD-UJN
T002934,20/06/19,F01804,LOAN_REPAY,EMI,,,"Rs 5,100.00",BRD-UJN
T002935,23/11/19,F01804,L,Loan Repayment,,,"Rs 5,100.00",BRD-UJN
T002936,16/10/19,F01805,FPO_DELIVERY,SOYABEAN,1624 kg,"Rs 5,155.00","Rs 83,717.20",BRD-UJN
T002937,10/06/19,F01805,INPUT_PURCHASE,FERTILIZER 50kg bag,309 kgs,Rs 48.06,"Rs 14,850.54",BRD-UJN
T002938,30/08/19,F01805,Loan Repayment,EMI,,,"Rs 4,600.00",BRD-UJN
T002939,23/10/19,F01806,DELIVERY,Soybean,1.95 quintals,"Rs 4,920.00","Rs 9,594.00",BRD-UJN
T002940,19/11/19,F01806,D,SOYABEAN,10.3 qtl,"Rs 4,920.00","Rs 50,872.80",BRD-UJN
T002941,14/11/19,F01807,delivery,Soybean (Yellow),0.88 quintals,"Rs 4,585.00","Rs 4,034.80",BRD-UJN
T002942,12/10/19,F01807,D,Soybean (Yellow),5.83 quintals,"Rs 4,585.00","Rs 26,730.55",BRD-UJN
T002943,02/10/19,F01808,D,SOYABEAN,2030 kg,"Rs 4,955.00","Rs 1,00,586.50",BRD-UJN
T002944,24/11/19,F01808,Delivery,SOYABEAN,2.31 q,"Rs 4,955.00","Rs 11,446.05",BRD-UJN
T002945,14/07/19,F01808,input,SEEDS,310 kgs,Rs 65.22,"Rs 20,218.20",BRD-UJN
T002946,22/06/19,F01808,input,Hybrid Seeds,283 kg,Rs 113.63,"Rs 32,157.29",BRD-UJN
T002947,01/11/19,F01809,D,soya,15.4 qtl,"Rs 4,740.00","Rs 72,806.40",BRD-UJN
T002948,21/11/19,f01809,FPO_DELIVERY,SOYABEAN,12.5 qtl,"Rs 4,740.00","Rs 59,344.80",BRD-UJN
T002949,14/06/19,F01809,FERT_PURCHASE,NPK 10:26:26,171 kg,Rs 45.55,"Rs 7,789.05",BRD-UJN
T002950,23/10/19,F01810,DELIVERY,SOYABEAN,482.00 kgs,"Rs 5,115.00","Rs 24,654.30",BRD-UJN
T002951,14/10/19,F01811,Delivery,SOYABEAN,6.03 q,"Rs 5,005.00","Rs 30,180.15",BRD-UJN
T002952,24/11/19,F01811,FPO_DELIVERY,Soybean (Yellow),12.37 q,"Rs 5,005.00","Rs 61,911.85",BRD-UJN
T002953,11/07/19,F01811,Input Purchase,NPK 10:26:26,133 kgs,Rs 47.98,"Rs 6,381.34",BRD-UJN
T002954,11/06/19,F01811,input,Fertilizer,203 kgs,Rs 58.50,"Rs 11,875.50",BRD-UJN
T002955,29/06/19,F01811,I,Fertilizer,146 kgs,Rs 30.97,"Rs 4,521.62",BRD-UJN
T002956,04/11/19,F01811,L,EMI,,,Rs 900.00,BRD-UJN
T002957,10/11/19,F01812,delivery,SOYABEAN,502.00 kgs,"Rs 4,525.00","Rs 22,715.50",BRD-UJN
T002958,22/10/19,F01812,loan,Loan Repayment,,,"Rs 4,100.00",BRD-UJN
T002959,03/10/19,F01813,DELIVERY,SOYABEAN,88 kg,"Rs 4,935.00","Rs 4,342.80",BRD-UJN
T002960,04/11/19,F01813,delivery,Soybean,5.59 quintals,"Rs 4,935.00","Rs 27,586.65",BRD-UJN
T002961,22/06/19,F01813,input,Hybrid Seeds,170 kg,Rs 107.05,"Rs 18,198.50",BRD-UJN
T002962,16/06/19,F01813,FERT_PURCHASE,PP chemicals,64 kgs,Rs 391.98,"Rs 25,086.72",BRD-UJN
T002963,25/11/19,F01814,D,SOYABEAN,1351 kg,"Rs 5,285.00","Rs 71,400.35",BRD-UJN
T002964,01/07/19,F01814,input,Hybrid Seeds,87 kgs,Rs 109.86,"Rs 9,557.82",BRD-UJN
T002965,01/06/19,F01814,input,Hybrid Seeds,316 kgs,Rs 126.95,"Rs 40,116.20",BRD-UJN
T002966,03/10/19,F01815,FPO_DELIVERY,Soybean,1.77 q,"Rs 4,750.00","Rs 8,407.50",BRD-UJN
T002967,28/10/19,F01815,FPO_DELIVERY,SOYABEAN,4.60 quintals,"Rs 4,750.00","Rs 21,850.00",BRD-UJN
T002968,27/11/19,F01815,FPO_DELIVERY,soya,0.7 qtl,"Rs 4,750.00","Rs 3,230.00",BRD-UJN
T002969,04/07/19,f01815,INPUT_PURCHASE,Seeds,37 kg,Rs 48.72,"Rs 1,802.64",BRD-UJN
T002970,27/06/19,F01815,Input Purchase,Bio-pesticide,187 kg,Rs 332.54,"Rs 62,184.98",BRD-UJN
T002971,31/08/19,F01815,LOAN_REPAY,EMI,,,"Rs 3,300.00",BRD-UJN
T002972,06/10/19,F01816,DELIVERY,Soybean (Yellow),3.03 quintals,"Rs 4,950.00","Rs 14,998.50",BRD-UJN
T002973,13/07/19,F01816,I,Bio-pesticide,148 kgs,Rs 246.56,"Rs 36,490.88",BRD-UJN
T002974,06/06/19,F01816,FERT_PURCHASE,Hybrid Seeds,93 kgs,Rs 119.46,"Rs 11,109.78",BRD-UJN
T002975,20/06/19,F01816,I,Fertilizer,221 kgs,Rs 56.89,"Rs 12,572.69",BRD-UJN
T002976,01/11/19,F01817,DELIVERY,Soybean (Yellow),1.96 q,"Rs 4,815.00","Rs 9,437.40",BRD-UJN
T002977,15/10/19,F01817,DELIVERY,SOYABEAN,0.42 t,"Rs 4,815.00","Rs 20,174.85",BRD-UJN
T002978,03/06/19,F01817,FERT_PURCHASE,Fertilizer,122 kg,Rs 35.96,"Rs 4,387.12",BRD-UJN
T002979,25/06/19,f01817,INPUT_PURCHASE,DAP,308 kg,Rs 32.42,"Rs 9,985.36",BRD-UJN
T002980,20/09/19,F01817,Loan Repayment,Loan Repayment,,,"Rs 5,400.00",BRD-UJN
T002981,23/06/19,F01817,LOAN_REPAY,EMI,,,"Rs 2,800.00",BRD-UJN
T002982,20/09/19,F01817,loan,Loan Repayment,,,"Rs 3,300.00",BRD-UJN
T002983,29/11/19,f01818,Delivery,SOYABEAN,1.92 MT,"Rs 4,775.00","Rs 91,871.00",BRD-UJN
T002984,16/10/19,F01818,DELIVERY,Soybean,3.60 q,"Rs 4,775.00","Rs 17,190.00",BRD-UJN
T002985,22/06/19,F01818,FERT_PURCHASE,DAP,135 kgs,Rs 56.35,"Rs 7,607.25",BRD-UJN
T002986,12/06/19,F01818,input,Seeds,27 kg,Rs 80.00,"Rs 2,160.00",BRD-UJN
T002987,11/10/19,F01819,DELIVERY,Soybean (Yellow),725 kg,"Rs 4,730.00","Rs 34,292.50",BRD-UJN
T002988,20/06/19,F01819,FERT_PURCHASE,Fertilizer,45 kgs,Rs 31.63,"Rs 1,423.35",BRD-UJN
T002989,21/10/19,F01820,delivery,Soybean (Yellow),282 kg,"Rs 4,965.00","Rs 14,001.30",BRD-UJN
T002990,07/10/19,f01820,FPO_DELIVERY,Soybean,140.00 kgs,"Rs 4,965.00","Rs 6,951.00",BRD-UJN
T002991,09/06/19,F01820,FERT_PURCHASE,Seeds,140 kg,Rs 116.47,"Rs 16,305.80",BRD-UJN
T002992,06/07/19,F01820,I,Seeds,197 kgs,Rs 102.31,"Rs 20,155.07",BRD-UJN
T002993,08/07/19,F01820,FERT_PURCHASE,Hybrid Seeds,171 kg,Rs 118.27,"Rs 20,224.17",BRD-UJN
T002994,12/07/19,f01820,INPUT_PURCHASE,Hybrid Seeds,243 kg,Rs 127.75,"Rs 31,043.25",BRD-UJN
T002995,26/11/19,F01821,D,Soybean,359.00 kgs,"Rs 4,915.00","Rs 17,644.85",BRD-UJN
T002996,09/10/19,F01821,Delivery,soya,4.4 qtl,"Rs 4,915.00","Rs 21,527.70",BRD-UJN
T002997,11/11/19,F01822,D,SOYABEAN,373 kg,"Rs 4,970.00","Rs 18,538.10",BRD-UJN
T002998,11/06/19,F01822,FERT_PURCHASE,PP chemicals,292 kgs,Rs 222.49,"Rs 64,967.08",BRD-UJN
T002999,26/11/19,f01823,Delivery,SOYABEAN,0.4 qtl,"Rs 5,045.00","Rs 2,169.35",BRD-UJN
T003000,26/11/19,F01823,DELIVERY,Soybean,2.41 q,"Rs 5,045.00","Rs 12,158.45",BRD-UJN
T003001,02/10/19,F01823,Delivery,Soybean,235.00 kgs,"Rs 5,045.00","Rs 11,855.75",BRD-UJN
T003002,10/06/19,F01823,INPUT_PURCHASE,Bio-pesticide,187 kgs,Rs 567.89,"Rs 1,06,195.43",BRD-UJN
T003003,04/11/19, F01824 ,Delivery,Soybean (Yellow),"1,087.00 kgs","Rs 4,970.00","Rs 54,023.90",BRD-UJN
T003004,28/11/19,F01824,DELIVERY,SOYABEAN,728.00 kgs,"Rs 4,970.00","Rs 36,181.60",BRD-UJN
T003005,05/07/19,F01824,INPUT_PURCHASE,DAP,66 kgs,Rs 54.92,"Rs 3,624.72",BRD-UJN
T003006,18/10/19,F01824,LOAN_REPAY,EMI,,,"Rs 3,200.00",BRD-UJN
T003007,19/11/19,F01825,DELIVERY,Soybean,"2,041.00 kgs","Rs 4,905.00","Rs 1,00,111.05",BRD-UJN
T003008,21/11/19,F01825,Delivery,Soybean,19.13 quintals,"Rs 4,905.00","Rs 93,832.65",BRD-UJN
T003009,20/09/19,F01825,L,EMI,,,"Rs 3,600.00",BRD-UJN
T003010,30/06/19,F01825,L,EMI,,,"Rs 2,700.00",BRD-UJN
T003011,31/10/19,F01825,loan,Loan Repayment,,,"Rs 5,500.00",BRD-UJN
T003012,18/11/19,F01826,FPO_DELIVERY,Soybean (Yellow),1.32 quintals,"Rs 4,715.00","Rs 6,223.80",BRD-UJN
T003013,11/11/19,F01826,D,SOYABEAN,0.57 t,"Rs 4,715.00","Rs 26,686.90",BRD-UJN
T003014,02/10/19,f01827,DELIVERY,Soybean,8.38 q,"Rs 4,785.00","Rs 40,098.30",BRD-UJN
T003015,26/06/19,F01827,I,PP chemicals,232 kg,Rs 431.08,"Rs 1,00,010.56",BRD-UJN
T003016,30/10/19,F01828,FPO_DELIVERY,Soybean (Yellow),4.36 q,"Rs 4,820.00","Rs 21,015.20",BRD-UJN
T003017,04/06/19,F01828,input,Urea,166 kg,Rs 34.53,"Rs 5,731.98",BRD-UJN
T003018,25/06/19,F01828,FERT_PURCHASE,Fertilizer,49 kg,Rs 30.45,"Rs 1,492.05",BRD-UJN
T003019,29/11/19,F01829,Delivery,Soybean (Yellow),1220 kg,"Rs 4,795.00","Rs 58,499.00",BRD-UJN
T003020,12/11/19,F01829,FPO_DELIVERY,Soybean,16.94 q,"Rs 4,795.00","Rs 81,227.30",BRD-UJN
T003021,22/06/19,F01829,input,Seeds,133 kg,Rs 82.72,"Rs 11,001.76",BRD-UJN
T003022,24/06/19,f01829,I,Hybrid Seeds,206 kg,Rs 108.19,"Rs 22,287.14",BRD-UJN
T003023,22/10/19,F01830,delivery,soya,271 kg,"Rs 4,980.00","Rs 13,495.80",BRD-UJN
T003024,22/11/19,F01830,Delivery,Soybean (Yellow),190.00 kgs,"Rs 4,980.00","Rs 9,462.00",BRD-UJN
T003025,28/10/19,F01830,D,Soybean (Yellow),0.34 t,"Rs 4,980.00","Rs 16,732.80",BRD-UJN
T003026,03/07/19,F01830,input,Seeds,287 kg,Rs 62.40,"Rs 17,908.80",BRD-UJN
T003027,28/06/19,F01830,FERT_PURCHASE,DAP,186 kgs,Rs 34.31,"Rs 6,381.66",BRD-UJN
T003028,24/11/19, F01831 ,Delivery,Soybean,409 kg,"Rs 4,925.00","Rs 20,143.25",BRD-UJN
T003029,19/11/19,F01831,D,soya,18.53 quintals,"Rs 4,925.00","Rs 91,260.25",BRD-UJN
T003030,09/06/19,F01831,Input Purchase,Bio-pesticide,201 kgs,Rs 140.06,"Rs 28,152.06",BRD-UJN
T003031,19/10/19,F01832,FPO_DELIVERY,Soybean (Yellow),38.28 q,"Rs 4,985.00","Rs 1,90,825.80",BRD-UJN
T003032,21/06/19,F01832,INPUT_PURCHASE,DAP,87 kg,Rs 52.62,"Rs 4,577.94",BRD-UJN
T003033,28/06/19,F01832,I,FERTILIZER 50kg bag,178 kg,Rs 39.55,"Rs 7,039.90",BRD-UJN
T003034,09/07/19,f01832,L,EMI,,,"Rs 1,200.00",BRD-UJN
T003035,17/11/19,F01833,delivery,soya,216 kg,"Rs 4,750.00","Rs 10,260.00",BRD-UJN
T003036,30/11/19,F01833,delivery,SOYABEAN,0.83 t,"Rs 4,750.00","Rs 39,282.50",BRD-UJN
T003037,08/10/19,F01833,DELIVERY,Soybean,2.43 q,"Rs 4,750.00","Rs 11,542.50",BRD-UJN
T003038,11/07/19,F01833,I,Bio-pesticide,278 kg,Rs 645.86,"Rs 1,79,549.08",BRD-UJN
T003039,07/11/19,F01834,Delivery,soya,1318 kg,"Rs 5,210.00","Rs 68,667.80",BRD-UJN
T003040,03/07/19,F01834,I,Fertilizer,48 kg,Rs 35.86,"Rs 1,721.28",BRD-UJN
T003041,30/06/19,F01834,input,FERTILIZER 50kg bag,122 kgs,Rs 41.98,"Rs 5,121.56",BRD-UJN
T003042,10/06/19,F01834,INPUT_PURCHASE,NPK 10:26:26,316 kgs,Rs 48.33,"Rs 15,272.28",BRD-UJN
T003043,04/07/19,F01834,FERT_PURCHASE,SEEDS,159 kgs,Rs 95.90,"Rs 15,248.10",BRD-UJN
T003044,18/10/19,f01835,FPO_DELIVERY,Soybean (Yellow),725 kg,"Rs 4,590.00","Rs 33,277.50",BRD-UJN
T003045,05/10/19,F01835,Delivery,Soybean (Yellow),4.78 q,"Rs 4,590.00","Rs 21,940.20",BRD-UJN
T003046,25/10/19,F01835,DELIVERY,SOYABEAN,212.00 kgs,"Rs 4,590.00","Rs 9,730.80",BRD-UJN
T003047,29/06/19,F01835,INPUT_PURCHASE,SEEDS,256 kgs,Rs 122.57,"Rs 31,377.92",BRD-UJN
T003048,07/07/19,f01835,INPUT_PURCHASE,Bio-pesticide,293 kgs,Rs 272.95,"Rs 79,974.35",BRD-UJN
T003049,15/10/19,F01836,D,Soybean (Yellow),14.01 quintals,"Rs 4,950.00","Rs 69,349.50",BRD-UJN
T003050,27/11/19,F01836,D,soya,6.54 quintals,"Rs 4,950.00","Rs 32,373.00",BRD-UJN
T003051,26/10/19,f01836,FPO_DELIVERY,Soybean,4.7 qtl,"Rs 4,950.00","Rs 23,463.00",BRD-UJN
T003052,16/06/19, F01836 ,input,Bio-pesticide,105 kgs,Rs 402.36,"Rs 42,247.80",BRD-UJN
T003053,08/06/19,F01836,Input Purchase,Urea,116 kgs,Rs 56.99,"Rs 6,610.84",BRD-UJN
T003054,03/07/19,F01836,input,SEEDS,223 kg,Rs 73.29,"Rs 16,343.67",BRD-UJN
T003055,14/06/19,F01836,INPUT_PURCHASE,SEEDS,245 kgs,Rs 107.61,"Rs 26,364.45",BRD-UJN
T003056,06/07/19,f01836,INPUT_PURCHASE,PPC,197 kg,Rs 216.13,"Rs 42,577.61",BRD-UJN
T003057,17/10/19,F01836,Loan Repayment,EMI,,,"Rs 2,700.00",BRD-UJN
T003058,07/11/19,F01837,Delivery,Soybean (Yellow),0.51 t,"Rs 5,085.00","Rs 26,086.05",BRD-UJN
T003059,28/11/19,F01837,D,soya,4.5 qtl,"Rs 5,085.00","Rs 23,035.05",BRD-UJN
T003060,17/11/19,F01838,FPO_DELIVERY,Soybean,3687 kg,"Rs 4,930.00","Rs 1,81,769.10",BRD-UJN
T003061,02/06/19,F01838,FERT_PURCHASE,Bio-pesticide,131 kgs,Rs 271.73,"Rs 35,596.63",BRD-UJN
T003062,27/11/19,F01839,Delivery,soya,4.3 qtl,"Rs 4,780.00","Rs 20,601.80",BRD-UJN
T003063,11/11/19,F01839,D,Soybean,1039 kg,"Rs 4,780.00","Rs 49,664.20",BRD-UJN
T003064,01/07/19,F01839,FERT_PURCHASE,Urea,221 kgs,Rs 45.32,"Rs 10,015.72",BRD-UJN
T003065,13/07/19,F01839,I,DAP,278 kgs,Rs 35.73,"Rs 9,932.94",BRD-UJN
T003066,18/10/19, F01840 ,D,SOYABEAN,4.7 qtl,"Rs 4,375.00","Rs 20,562.50",BRD-UJN
T003067,19/11/19,F01841,DELIVERY,Soybean (Yellow),7.1 qtl,"Rs 4,900.00","Rs 34,839.00",BRD-UJN
T003068,08/07/19,F01841,INPUT_PURCHASE,FERTILIZER 50kg bag,93 kgs,Rs 42.05,"Rs 3,910.65",BRD-UJN
T003069,21/10/19,f01842,FPO_DELIVERY,Soybean (Yellow),854.00 kgs,"Rs 4,675.00","Rs 39,924.50",BRD-UJN
T003070,26/10/19,F01842,FPO_DELIVERY,SOYABEAN,2.7 qtl,"Rs 4,675.00","Rs 12,622.50",BRD-UJN
T003071,08/06/19,f01842,Input Purchase,Fertilizer,263 kg,Rs 59.01,"Rs 15,519.63",BRD-UJN
T003072,03/07/19,F01842,FERT_PURCHASE,SEEDS,224 kg,Rs 123.77,"Rs 27,724.48",BRD-UJN
T003073,17/11/19,F01843,FPO_DELIVERY,SOYABEAN,778.00 kgs,"Rs 4,925.00","Rs 38,316.50",BRD-UJN
T003074,06/06/19, F01843 ,Input Purchase,DAP,99 kg,Rs 49.10,"Rs 4,860.90",BRD-UJN
T003075,16/06/19,F01843,INPUT_PURCHASE,SEEDS,231 kgs,Rs 121.46,"Rs 28,057.26",BRD-UJN
T003076,23/06/19,F01843,I,Fertilizer,191 kg,Rs 51.57,"Rs 9,849.87",BRD-UJN
T003077,05/11/19,F01844,D,Soybean,595 kg,"Rs 5,170.00","Rs 30,761.50",BRD-UJN
T003078,20/10/19,f01844,D,Soybean,4.0 qtl,"Rs 5,170.00","Rs 20,473.20",BRD-UJN
T003079,19/10/19,F01844,D,Soybean,302 kg,"Rs 5,170.00","Rs 15,613.40",BRD-UJN
T003080,04/10/19, F01845 ,D,Soybean (Yellow),"1,407.00 kgs","Rs 4,475.00","Rs 62,963.25",BRD-UJN
T003081,28/06/19,F01845,I,Hybrid Seeds,99 kgs,Rs 80.26,"Rs 7,945.74",BRD-UJN
T003082,02/07/19,F01845,I,Seeds,319 kg,Rs 85.98,"Rs 27,427.62",BRD-UJN
T003083,13/10/19,F01846,D,Soybean,916 kg,"Rs 5,195.00","Rs 47,586.20",BRD-UJN
T003084,01/11/19,F01846,D,Soybean,0.79 q,"Rs 5,195.00","Rs 4,104.05",BRD-UJN
T003085,11/06/19,F01846,FERT_PURCHASE,Hybrid Seeds,244 kgs,Rs 126.63,"Rs 30,897.72",BRD-UJN
T003086,25/06/19,F01846,L,EMI,,,"Rs 7,000.00",BRD-UJN
T003087,02/11/19,F01847,DELIVERY,Soybean,0.01 MT,"Rs 4,800.00",Rs 576.00,BRD-UJN
T003088,10/11/19,F01847,DELIVERY,Soybean (Yellow),640 kg,"Rs 4,800.00","Rs 30,720.00",BRD-UJN
T003089,14/06/19,f01847,input,Seeds,51 kg,Rs 63.42,"Rs 3,234.42",BRD-UJN
T003090,10/10/19,F01848,D,SOYABEAN,2113 kg,"Rs 4,665.00","Rs 98,571.45",BRD-UJN
T003091,29/06/19,F01848,FERT_PURCHASE,Hybrid Seeds,77 kgs,Rs 128.45,"Rs 9,890.65",BRD-UJN
T003092,30/06/19,F01848,FERT_PURCHASE,SEEDS,140 kg,Rs 108.38,"Rs 15,173.20",BRD-UJN
T003093,20/11/19,F01849,FPO_DELIVERY,soya,12.45 q,"Rs 4,950.00","Rs 61,627.50",BRD-UJN
T003094,24/06/19,F01849,FERT_PURCHASE,Fertilizer,319 kg,Rs 32.64,"Rs 10,412.16",BRD-UJN
T003095,29/11/19,f01850,FPO_DELIVERY,soya,163.00 kgs,"Rs 4,775.00","Rs 7,783.25",BRD-UJN
T003096,21/11/19,F01850,D,Soybean,31 kg,"Rs 4,775.00","Rs 1,480.25",BRD-UJN
T003097,10/07/19,F01850,Input Purchase,Urea,47 kg,Rs 33.35,"Rs 1,567.45",BRD-UJN
T003098,16/11/19,F01851,DELIVERY,SOYABEAN,28.0 qtl,"Rs 4,695.00","Rs 1,31,413.05",BRD-UJN
T003099,04/06/19,F01851,INPUT_PURCHASE,Fertilizer,95 kg,Rs 43.67,"Rs 4,148.65",BRD-UJN
T003100,17/11/19,F01852,Delivery,SOYABEAN,1852 kg,"Rs 4,750.00","Rs 87,970.00",BRD-UJN
T003101,23/11/19,f01852,D,SOYABEAN,48.15 quintals,"Rs 4,750.00","Rs 2,28,712.50",BRD-UJN
T003102,03/06/19,F01852,INPUT_PURCHASE,Seeds,194 kg,Rs 120.99,"Rs 23,472.06",BRD-UJN
T003103,05/07/19,F01852,I,FERTILIZER 50kg bag,89 kgs,Rs 53.97,"Rs 4,803.33",BRD-UJN
T003104,21/10/19,F01853,Delivery,Soybean,1463 kg,"Rs 4,610.00","Rs 67,444.30",BRD-UJN
T003105,25/10/19,F01853,DELIVERY,Soybean (Yellow),0.01 MT,"Rs 4,610.00",Rs 599.30,BRD-UJN
T003106,09/06/19,F01853,input,Fertilizer,262 kg,Rs 40.62,"Rs 10,642.44",BRD-UJN
T003107,12/06/19,,INPUT_PURCHASE,FERTILIZER 50kg bag,255 kgs,Rs 39.30,"Rs 10,021.50",BRD-UJN
T003108,17/06/19,F01853,FERT_PURCHASE,PPC,209 kg,Rs 127.94,"Rs 26,739.46",BRD-UJN
T003109,01/11/19,F01854,FPO_DELIVERY,SOYABEAN,626.00 kgs,"Rs 4,905.00","Rs 30,705.30",BRD-UJN
T003110,11/06/19,F01854,Input Purchase,Fertilizer,222 kg,Rs 47.72,"Rs 10,593.84",BRD-UJN
T003111,11/06/19,F01854,INPUT_PURCHASE,FERTILIZER 50kg bag,35 kgs,Rs 48.86,"Rs 1,710.10",BRD-UJN
T003112,09/07/19,F01854,I,DAP,119 kgs,Rs 40.23,"Rs 4,787.37",BRD-UJN
T003113,05/10/19,F01854,LOAN_REPAY,EMI,,,"Rs 2,300.00",BRD-UJN
T003114,24/09/19,F01854,LOAN_REPAY,EMI,,,"Rs 1,800.00",BRD-UJN
T003115,26/11/19, F01855 ,D,Soybean (Yellow),"1,511.00 kgs","Rs 4,895.00","Rs 73,963.45",BRD-UJN
T003116,14/06/19,F01855,input,DAP,152 kgs,Rs 53.41,"Rs 8,118.32",BRD-UJN
T003117,27/11/19,F01856,delivery,Soybean,1547 kg,"Rs 4,690.00","Rs 72,554.30",BRD-UJN
T003118,03/06/19,f01856,Input Purchase,DAP,135 kgs,Rs 49.23,"Rs 6,646.05",BRD-UJN
T003119,01/07/19,f01856,LOAN_REPAY,EMI,,,"Rs 3,100.00",BRD-UJN
T003120,03/11/19,F01857,D,soya,0.04 MT,"Rs 4,880.00","Rs 2,196.00",BRD-UJN
T003121,18/11/19, F01857 ,DELIVERY,soya,0.88 q,"Rs 4,880.00","Rs 4,294.40",BRD-UJN
T003122,19/06/19,F01857,FERT_PURCHASE,Fertilizer,144 kgs,Rs 45.45,"Rs 6,544.80",BRD-UJN
T003123,10/11/19,F01858,delivery,SOYABEAN,0.68 t,"Rs 4,650.00","Rs 31,806.00",BRD-UJN
T003124,11/11/19,F01858,delivery,SOYABEAN,0.18 MT,"Rs 4,650.00","Rs 8,602.50",BRD-UJN
T003125,11/10/19,F01859,DELIVERY,soya,1668 kg,"Rs 4,510.00","Rs 75,226.80",BRD-UJN
T003126,22/10/19,f01859,FPO_DELIVERY,Soybean (Yellow),1.02 q,"Rs 4,510.00","Rs 4,600.20",BRD-UJN
T003127,24/06/19,F01859,input,Hybrid Seeds,308 kgs,Rs 98.67,"Rs 30,390.36",BRD-UJN
T003128,01/11/19,F01860,DELIVERY,SOYABEAN,2.90 q,"Rs 5,100.00","Rs 14,790.00",BRD-UJN
T003129,16/10/19,F01860,D,Soybean (Yellow),232 kg,"Rs 5,100.00","Rs 11,832.00",BRD-UJN
T003130,01/06/19,F01860,I,NPK 10:26:26,169 kgs,Rs 34.00,"Rs 5,746.00",BRD-UJN
T003131,24/06/19,F01860,FERT_PURCHASE,Seeds,275 kg,Rs 74.55,"Rs 20,501.25",BRD-UJN
T003132,02/10/19,f01861,delivery,soya,1378 kg,"Rs 4,470.00","Rs 61,596.60",BRD-UJN
T003133,20/09/19,F01861,loan,EMI,,,"Rs 7,200.00",BRD-UJN
T003134,17/10/19,F01862,Delivery,soya,"1,156.00 kgs","Rs 4,700.00","Rs 54,332.00",BRD-UJN
T003135,12/06/19, F01862 ,I,FERTILIZER 50kg bag,125 kg,Rs 50.70,"Rs 6,337.50",BRD-UJN
T003136,29/11/19,F01863,D,soya,735 kg,"Rs 5,075.00","Rs 37,301.25",BRD-UJN
T003137,13/11/19,F01863,D,Soybean,782 kg,"Rs 5,075.00","Rs 39,686.50",BRD-UJN
T003138,08/07/19,f01863,INPUT_PURCHASE,NPK 10:26:26,258 kgs,Rs 59.86,"Rs 15,443.88",BRD-UJN
T003139,06/11/19,F01864,D,Soybean (Yellow),314 kg,"Rs 4,715.00","Rs 14,805.10",BRD-UJN
T003140,19/06/19,F01864,INPUT_PURCHASE,PP chemicals,269 kgs,Rs 184.37,"Rs 49,595.53",BRD-UJN
T003141,30/06/19,F01864,INPUT_PURCHASE,Urea,186 kg,Rs 50.54,"Rs 9,400.44",BRD-UJN
T003142,07/10/19,F01865,DELIVERY,soya,18.48 q,"Rs 4,655.00","Rs 86,024.40",BRD-UJN
T003143,22/10/19,F01866,FPO_DELIVERY,soya,119 kg,"Rs 4,465.00","Rs 5,313.35",BRD-UJN
T003144,11/11/19,F01866,D,Soybean (Yellow),3.12 quintals,"Rs 4,465.00","Rs 13,930.80",BRD-UJN
T003145,23/11/19,F01866,DELIVERY,Soybean,0.57 t,"Rs 4,465.00","Rs 25,450.50",BRD-UJN
T003146,21/11/19,F01867,DELIVERY,Soybean,7.94 quintals,"Rs 5,035.00","Rs 39,977.90",BRD-UJN
T003147,19/06/19,F01867,Input Purchase,Hybrid Seeds,111 kgs,Rs 97.49,"Rs 10,821.39",BRD-UJN
T003148,08/11/19,F01868,DELIVERY,Soybean,1629 kg,"Rs 4,745.00","Rs 77,296.05",BRD-UJN
T003149,03/06/19,f01868,I,Bio-pesticide,65 kg,Rs 620.17,"Rs 40,311.05",BRD-UJN
T003150,18/11/19,F01869,D,soya,1760 kg,"Rs 5,210.00","Rs 91,696.00",BRD-UJN
T003151,12/06/19,F01869,Input Purchase,SEEDS,178 kgs,Rs 51.40,"Rs 9,149.20",BRD-UJN
T003152,13/06/19,F01869,FERT_PURCHASE,Urea,116 kg,Rs 36.21,"Rs 4,200.36",BRD-UJN
T003153,12/08/19,F01869,L,EMI,,,"Rs 4,000.00",BRD-UJN
T003154,17/07/19,F01869,LOAN_REPAY,EMI,,,"Rs 5,500.00",BRD-UJN
T003155,25/07/19,F01869,loan,Loan Repayment,,,"Rs 2,800.00",BRD-UJN
T003156,14/10/19,F01870,delivery,SOYABEAN,1.67 t,"Rs 4,970.00","Rs 82,800.20",BRD-UJN
T003157,05/06/19,F01870,INPUT_PURCHASE,Urea,155 kgs,Rs 58.65,"Rs 9,090.75",BRD-UJN
T003158,07/06/19,F01870,FERT_PURCHASE,Bio-pesticide,123 kg,Rs 304.60,"Rs 37,465.80",BRD-UJN
T003159,15/11/19,F01871,D,Soybean,"2,233.00 kgs","Rs 5,165.00","Rs 1,15,334.45",BRD-UJN
T003160,11/10/19,F01871,delivery,Soybean,0.26 t,"Rs 5,165.00","Rs 13,532.30",BRD-UJN
T003161,26/06/19,f01871,input,Fertilizer,54 kgs,Rs 50.40,"Rs 2,721.60",BRD-UJN
T003162,23/10/19,F01872,FPO_DELIVERY,Soybean,984 kg,"Rs 4,760.00","Rs 46,838.40",BRD-UJN
T003163,20/11/19,F01872,FPO_DELIVERY,soya,569 kg,"Rs 4,760.00","Rs 27,084.40",BRD-UJN
T003164,14/06/19,F01872,INPUT_PURCHASE,SEEDS,318 kg,Rs 112.70,"Rs 35,838.60",BRD-UJN
T003165,05/06/19,F01872,LOAN_REPAY,Loan Repayment,,,"Rs 1,800.00",BRD-UJN
T003166,19/10/19,F01873,DELIVERY,SOYABEAN,0.36 MT,"Rs 5,130.00","Rs 18,262.80",BRD-UJN
T003167,26/10/19,F01873,DELIVERY,Soybean,153.00 kgs,"Rs 5,130.00","Rs 7,848.90",BRD-UJN
T003168,05/10/19,F01873,FPO_DELIVERY,soya,1.0 qtl,"Rs 5,130.00","Rs 5,130.00",BRD-UJN
T003169,08/07/19,F01873,Input Purchase,Fertilizer,241 kg,Rs 43.67,"Rs 10,524.47",BRD-UJN
T003170,10/06/19,F01873,FERT_PURCHASE,Urea,129 kgs,Rs 59.95,"Rs 7,733.55",BRD-UJN
T003171,22/11/19,F01874,FPO_DELIVERY,soya,"3,910.00 kgs","Rs 4,405.00","Rs 1,72,235.50",BRD-UJN
T003172,29/10/19,f01875,D,Soybean,0.01 t,"Rs 4,800.00",Rs 336.00,BRD-UJN
T003173,08/10/19,f01875,DELIVERY,Soybean,23.9 qtl,"Rs 4,800.00","Rs 1,14,864.00",BRD-UJN
T003174,26/10/19,F01876,Delivery,Soybean,0.20 t,"Rs 5,050.00","Rs 10,302.00",BRD-UJN
T003175,05/11/19,F01876,D,SOYABEAN,17.1 qtl,"Rs 5,050.00","Rs 86,102.50",BRD-UJN
T003176,17/06/19,F01876,input,PP chemicals,243 kgs,Rs 441.19,"Rs 1,07,209.17",BRD-UJN
T003177,09/06/19,F01876,Input Purchase,Hybrid Seeds,30 kgs,Rs 129.01,"Rs 3,870.30",BRD-UJN
T003178,20/06/19,F01876,input,DAP,317 kgs,Rs 58.66,"Rs 18,595.22",BRD-UJN
T003179,14/06/19,f01876,FERT_PURCHASE,Bio-pesticide,194 kg,Rs 627.63,"Rs 1,21,760.22",BRD-UJN
T003180,11/10/19,F01877,delivery,Soybean (Yellow),5.46 quintals,"Rs 4,575.00","Rs 24,979.50",BRD-UJN
T003181,08/06/19,F01877,input,SEEDS,162 kg,Rs 118.15,"Rs 19,140.30",BRD-UJN
T003182,29/10/19, F01878 ,D,Soybean,12.14 q,"Rs 4,920.00","Rs 59,728.80",BRD-UJN
T003183,10/07/19,f01878,FERT_PURCHASE,Urea,257 kgs,Rs 59.72,"Rs 15,348.04",BRD-UJN
T003184,27/08/19,F01878,Loan Repayment,EMI,,,"Rs 6,300.00",BRD-UJN
T003185,09/10/19,F01879,Delivery,Soybean,38 kg,"Rs 4,765.00","Rs 1,810.70",BRD-UJN
T003186,19/10/19,F01879,DELIVERY,SOYABEAN,1.59 quintals,"Rs 4,765.00","Rs 7,576.35",BRD-UJN
T003187,11/10/19,F01879,Delivery,Soybean (Yellow),0.24 q,"Rs 4,765.00","Rs 1,143.60",BRD-UJN
T003188,16/06/19,f01879,Input Purchase,Bio-pesticide,68 kgs,Rs 644.73,"Rs 43,841.64",BRD-UJN
T003189,10/10/19,F01880,DELIVERY,soya,32.2 qtl,"Rs 5,150.00","Rs 1,65,984.50",BRD-UJN
T003190,14/06/19,F01880,FERT_PURCHASE,Seeds,170 kg,Rs 74.65,"Rs 12,690.50",BRD-UJN
T003191,24/06/19,F01880,input,DAP,242 kgs,Rs 42.65,"Rs 10,321.30",BRD-UJN
T003192,10/06/19,F01880,FERT_PURCHASE,DAP,318 kgs,Rs 38.06,"Rs 12,103.08",BRD-UJN
T003193,23/10/19,F01881,D,soya,12.31 q,"Rs 4,850.00","Rs 59,703.50",BRD-UJN
T003194,23/10/19,F01881,delivery,SOYABEAN,0.33 t,"Rs 4,850.00","Rs 16,053.50",BRD-UJN
T003195,09/07/19,F01881,FERT_PURCHASE,Urea,201 kgs,Rs 56.79,"Rs 11,414.79",BRD-UJN
T003196,13/06/19,F01881,FERT_PURCHASE,Hybrid Seeds,247 kgs,Rs 100.63,"Rs 24,855.61",BRD-UJN
T003197,22/10/19,F01882,FPO_DELIVERY,Soybean (Yellow),327.00 kgs,"Rs 4,620.00","Rs 15,107.40",BRD-UJN
T003198,28/10/19,F01882,Delivery,Soybean (Yellow),14.5 qtl,"Rs 4,620.00","Rs 67,174.80",BRD-UJN
T003199,02/07/19,F01882,Input Purchase,Fertilizer,279 kg,Rs 44.24,"Rs 12,342.96",BRD-UJN
T003200,03/07/19,F01882,I,SEEDS,27 kgs,Rs 111.60,"Rs 3,013.20",BRD-UJN
T003201,08/11/19,F01883,D,soya,1436 kg,"Rs 4,860.00","Rs 69,789.60",BRD-UJN
T003202,04/07/19,F01883,I,PP chemicals,183 kg,Rs 305.20,"Rs 55,851.60",BRD-UJN
T003203,04/06/19,F01883,INPUT_PURCHASE,Fertilizer,161 kgs,Rs 50.80,"Rs 8,178.80",BRD-UJN
T003204,08/11/19,f01884,DELIVERY,Soybean (Yellow),506 kg,"Rs 5,055.00","Rs 25,578.30",BRD-UJN
T003205,23/10/19,F01884,Delivery,SOYABEAN,0.8 qtl,"Rs 5,055.00","Rs 3,993.45",BRD-UJN
T003206,26/11/19,f01884,delivery,SOYABEAN,78.00 kgs,"Rs 5,055.00","Rs 3,942.90",BRD-UJN
T003207,21/11/19,f01885,delivery,soya,35.07 quintals,"Rs 4,785.00","Rs 1,67,809.95",BRD-UJN
T003208,28/06/19,F01885,I,NPK 10:26:26,305 kg,Rs 34.44,"Rs 10,504.20",BRD-UJN
T003209,08/07/19,F01885,INPUT_PURCHASE,FERTILIZER 50kg bag,196 kgs,Rs 28.88,"Rs 5,660.48",BRD-UJN
T003210,12/06/19,F01885,INPUT_PURCHASE,Hybrid Seeds,167 kgs,Rs 84.60,"Rs 14,128.20",BRD-UJN
T003211,08/07/19,F01885,LOAN_REPAY,EMI,,,"Rs 7,500.00",BRD-UJN
T003212,28/10/19,F01886,delivery,Soybean (Yellow),0.52 q,"Rs 4,755.00","Rs 2,472.60",BRD-UJN
T003213,18/11/19,f01886,DELIVERY,soya,"4,738.00 kgs","Rs 4,755.00","Rs 2,25,291.90",BRD-UJN
T003214,05/06/19,F01886,FERT_PURCHASE,PP chemicals,88 kgs,Rs 578.91,"Rs 50,944.08",BRD-UJN
T003215,04/07/19,f01886,input,NPK 10:26:26,281 kgs,Rs 33.13,"Rs 9,309.53",BRD-UJN
T003216,07/10/19,F01887,Delivery,Soybean,88 kg,"Rs 4,885.00","Rs 4,298.80",BRD-UJN
T003217,23/10/19,f01887,DELIVERY,Soybean (Yellow),1325 kg,"Rs 4,885.00","Rs 64,726.25",BRD-UJN
T003218,28/06/19,F01887,input,Fertilizer,229 kg,Rs 32.69,"Rs 7,486.01",BRD-UJN
T003219,14/10/19,F01888,Delivery,soya,0.45 MT,"Rs 4,845.00","Rs 21,560.25",BRD-UJN
T003220,29/07/19,F01888,loan,EMI,,,"Rs 2,900.00",BRD-UJN
T003221,16/11/19,f01889,FPO_DELIVERY,Soybean,"2,622.00 kgs","Rs 4,935.00","Rs 1,29,395.70",BRD-UJN
T003222,03/06/19,F01889,I,SEEDS,117 kgs,Rs 96.53,"Rs 11,294.01",BRD-UJN
T003223,01/11/19,F01890,delivery,Soybean,16.3 qtl,"Rs 4,640.00","Rs 75,539.20",BRD-UJN
T003224,08/07/19,F01890,input,PP chemicals,61 kg,Rs 527.11,"Rs 32,153.71",BRD-UJN
T003225,03/11/19,f01891,DELIVERY,Soybean,"1,216.00 kgs","Rs 4,885.00","Rs 59,401.60",BRD-UJN
T003226,17/11/19,F01891,FPO_DELIVERY,soya,0.2 qtl,"Rs 4,885.00",Rs 928.15,BRD-UJN
T003227,05/07/19,F01891,input,SEEDS,30 kgs,Rs 96.94,"Rs 2,908.20",BRD-UJN
T003228,09/11/19,F01892,D,soya,"1,052.00 kgs","Rs 5,070.00","Rs 53,336.40",BRD-UJN
T003229,07/07/19,f01892,FERT_PURCHASE,SEEDS,307 kg,Rs 45.20,"Rs 13,876.40",BRD-UJN
T003230,07/11/19,F01893,D,SOYABEAN,263 kg,"Rs 4,570.00","Rs 12,019.10",BRD-UJN
T003231,01/10/19,F01893,D,Soybean (Yellow),637 kg,"Rs 4,570.00","Rs 29,110.90",BRD-UJN
T003232,06/06/19,F01893,input,FERTILIZER 50kg bag,100 kgs,Rs 52.05,"Rs 5,205.00",BRD-UJN
T003233,06/07/19,F01893,I,Fertilizer,166 kg,Rs 53.33,"Rs 8,852.78",BRD-UJN
T003234,11/07/19,F01893,Input Purchase,DAP,26 kg,Rs 46.69,"Rs 1,213.94",BRD-UJN
T003235,14/11/19,F01893,loan,EMI,,,"Rs 3,200.00",BRD-UJN
T003236,04/10/19,F01894,FPO_DELIVERY,SOYABEAN,355.00 kgs,"Rs 4,700.00","Rs 16,685.00",BRD-UJN
T003237,22/11/19,F01894,FPO_DELIVERY,Soybean (Yellow),3.55 q,"Rs 4,700.00","Rs 16,685.00",BRD-UJN
T003238,25/11/19,F01895,DELIVERY,soya,7.14 q,"Rs 4,965.00","Rs 35,450.10",BRD-UJN
T003239,25/10/19,F01895,DELIVERY,soya,789.00 kgs,"Rs 4,965.00","Rs 39,173.85",BRD-UJN
T003240,25/06/19,F01895,INPUT_PURCHASE,FERTILIZER 50kg bag,133 kg,Rs 29.95,"Rs 3,983.35",BRD-UJN
T003241,02/11/19, F01896 ,Delivery,soya,7.30 q,"Rs 4,965.00","Rs 36,244.50",BRD-UJN
T003242,05/10/19,f01896,Delivery,soya,44 kg,"Rs 4,965.00","Rs 2,184.60",BRD-UJN
T003243,01/07/19,F01896,Input Purchase,Hybrid Seeds,257 kg,Rs 126.46,"Rs 32,500.22",BRD-UJN
T003244,01/06/19,F01896,I,Urea,167 kg,Rs 45.67,"Rs 7,626.89",BRD-UJN
T003245,28/11/19,F01897,DELIVERY,Soybean (Yellow),2.5 qtl,"Rs 4,750.00","Rs 11,970.00",BRD-UJN
T003246,21/10/19,F01897,FPO_DELIVERY,Soybean (Yellow),11 kg,"Rs 4,750.00",Rs 522.50,BRD-UJN
T003247,19/10/19,F01897,Delivery,Soybean (Yellow),39 kg,"Rs 4,750.00","Rs 1,852.50",BRD-UJN
T003248,03/07/19,F01897,input,FERTILIZER 50kg bag,218 kgs,Rs 56.30,"Rs 12,273.40",BRD-UJN
T003249,21/10/19, F01898 ,delivery,SOYABEAN,2.66 q,"Rs 4,530.00","Rs 12,049.80",BRD-UJN
T003250,15/11/19,F01898,FPO_DELIVERY,Soybean,537 kg,"Rs 4,530.00","Rs 24,326.10",BRD-UJN
T003251,07/07/19,F01898,FERT_PURCHASE,NPK 10:26:26,87 kg,Rs 30.96,"Rs 2,693.52",BRD-UJN
T003252,09/07/19,F01898,input,PP chemicals,41 kg,Rs 594.16,"Rs 24,360.56",BRD-UJN
T003253,06/07/19,F01898,Input Purchase,SEEDS,267 kg,Rs 79.07,"Rs 21,111.69",BRD-UJN
T003254,21/06/19,F01898,Input Purchase,NPK 10:26:26,244 kgs,Rs 55.94,"Rs 13,649.36",BRD-UJN
T003255,22/06/19,F01898,loan,Loan Repayment,,,"Rs 6,000.00",BRD-UJN
T003256,16/11/19,F01899,FPO_DELIVERY,Soybean (Yellow),7 kg,"Rs 4,810.00",Rs 336.70,BRD-UJN
T003257,24/10/19,F01899,Delivery,SOYABEAN,4248 kg,"Rs 4,810.00","Rs 2,04,328.80",BRD-UJN
T003258,29/06/19,F01899,input,PPC,231 kgs,Rs 311.79,"Rs 72,023.49",BRD-UJN
T003259,12/07/19,F01899,input,DAP,131 kg,Rs 35.09,"Rs 4,596.79",BRD-UJN
T003260,01/06/19,F01899,I,Bio-pesticide,56 kg,Rs 589.15,"Rs 32,992.40",BRD-UJN
T003261,09/11/19,F01900,Delivery,SOYABEAN,4.61 q,"Rs 5,105.00","Rs 23,534.05",BRD-UJN
T003262,08/10/19,F01901,FPO_DELIVERY,soya,8.78 quintals,"Rs 4,705.00","Rs 41,309.90",BRD-UJN
T003263,18/06/19,f01901,Input Purchase,Hybrid Seeds,293 kgs,Rs 98.53,"Rs 28,869.29",BRD-UJN
T003264,22/10/19,F01902,delivery,SOYABEAN,"1,663.00 kgs","Rs 4,815.00","Rs 80,073.45",BRD-UJN
T003265,08/07/19,f01902,input,Urea,172 kg,Rs 56.53,"Rs 9,723.16",BRD-UJN
T003266,21/06/19,F01902,FERT_PURCHASE,PPC,64 kg,Rs 271.87,"Rs 17,399.68",BRD-UJN
T003267,13/07/19,f01902,I,NPK 10:26:26,70 kgs,Rs 41.58,"Rs 2,910.60",BRD-UJN
T003268,26/10/19,F01903,Delivery,SOYABEAN,"1,467.00 kgs","Rs 4,560.00","Rs 66,895.20",BRD-UJN
T003269,19/06/19,F01903,INPUT_PURCHASE,Bio-pesticide,153 kgs,Rs 272.42,"Rs 41,680.26",BRD-UJN
T003270,17/06/19,F01903,I,SEEDS,26 kgs,Rs 111.21,"Rs 2,891.46",BRD-UJN
T003271,14/07/19,F01903,input,Urea,200 kgs,Rs 44.47,"Rs 8,894.00",BRD-UJN
T003272,04/07/19,F01903,L,EMI,,,"Rs 2,400.00",BRD-UJN
T003273,10/10/19,f01904,D,Soybean (Yellow),213 kg,"Rs 4,420.00","Rs 9,414.60",BRD-UJN
T003274,18/10/19,F01904,D,Soybean,3.11 quintals,"Rs 4,420.00","Rs 13,746.20",BRD-UJN
T003275,21/11/19,F01905,DELIVERY,soya,809 kg,"Rs 4,785.00","Rs 38,710.65",BRD-UJN
T003276,19/10/19,F01905,delivery,Soybean (Yellow),425.00 kgs,"Rs 4,785.00","Rs 20,336.25",BRD-UJN
T003277,30/11/19,F01906,DELIVERY,Soybean (Yellow),0.37 q,"Rs 4,995.00","Rs 1,848.15",BRD-UJN
T003278,11/10/19,F01906,delivery,Soybean,80.00 kgs,"Rs 4,995.00","Rs 3,996.00",BRD-UJN
T003279,02/06/19,F01906,input,DAP,68 kgs,Rs 44.35,"Rs 3,015.80",BRD-UJN
T003280,11/06/19,F01906,I,Seeds,134 kgs,Rs 65.95,"Rs 8,837.30",BRD-UJN
T003281,26/06/19, F01906 ,INPUT_PURCHASE,FERTILIZER 50kg bag,116 kg,Rs 41.39,"Rs 4,801.24",BRD-UJN
T003282,16/10/19, F01907 ,D,Soybean,9.07 q,"Rs 4,995.00","Rs 45,304.65",BRD-UJN
T003283,03/10/19,F01907,D,Soybean,0.81 MT,"Rs 4,995.00","Rs 40,309.65",BRD-UJN
T003284,25/11/19,f01907,DELIVERY,soya,320 kg,"Rs 4,995.00","Rs 15,984.00",BRD-UJN
T003285,23/06/19,F01907,Input Purchase,DAP,310 kgs,Rs 46.86,"Rs 14,526.60",BRD-UJN
T003286,03/06/19,F01907,Loan Repayment,Loan Repayment,,,"Rs 1,700.00",BRD-UJN
T003287,28/10/19,F01907,loan,EMI,,,"Rs 3,100.00",BRD-UJN
T003288,20/08/19,F01907,LOAN_REPAY,EMI,,,"Rs 3,300.00",BRD-UJN
T003289,17/11/19,F01907,LOAN_REPAY,EMI,,,"Rs 7,100.00",BRD-UJN
T003290,29/10/19,F01908,DELIVERY,SOYABEAN,0.05 MT,"Rs 4,865.00","Rs 2,432.50",BRD-UJN
T003291,29/10/19,F01908,FPO_DELIVERY,soya,725 kg,"Rs 4,865.00","Rs 35,271.25",BRD-UJN
T003292,20/10/19,F01908,DELIVERY,soya,516 kg,"Rs 4,865.00","Rs 25,103.40",BRD-UJN
T003293,25/10/19,F01908,loan,EMI,,,"Rs 3,500.00",BRD-UJN
T003294,10/11/19,F01909,D,Soybean,40.50 quintals,"Rs 4,950.00","Rs 2,00,475.00",BRD-UJN
T003295,08/07/19,f01909,Input Purchase,Seeds,235 kg,Rs 111.60,"Rs 26,226.00",BRD-UJN
T003296,14/07/19,F01909,FERT_PURCHASE,NPK 10:26:26,231 kgs,Rs 52.81,"Rs 12,199.11",BRD-UJN
T003297,22/11/19,F01910,FPO_DELIVERY,soya,19.00 kgs,"Rs 5,255.00",Rs 998.45,BRD-UJN
T003298,27/11/19,F01910,Delivery,Soybean (Yellow),366.00 kgs,"Rs 5,255.00","Rs 19,233.30",BRD-UJN
T003299,23/11/19,F01910,delivery,SOYABEAN,384.00 kgs,"Rs 5,255.00","Rs 20,179.20",BRD-UJN
T003300,22/06/19,f01910,I,Seeds,120 kgs,Rs 75.76,"Rs 9,091.20",BRD-UJN
T003301,30/06/19,F01910,INPUT_PURCHASE,Urea,318 kg,Rs 45.75,"Rs 14,548.50",BRD-UJN
T003302,14/07/19,F01910,INPUT_PURCHASE,Seeds,60 kg,Rs 121.78,"Rs 7,306.80",BRD-UJN
T003303,12/06/19,F01910,I,NPK 10:26:26,94 kgs,Rs 49.88,"Rs 4,688.72",BRD-UJN
T003304,12/06/19,F01910,FERT_PURCHASE,FERTILIZER 50kg bag,275 kgs,Rs 56.12,"Rs 15,433.00",BRD-UJN
T003305,05/06/19,F01910,I,Bio-pesticide,151 kg,Rs 156.71,"Rs 23,663.21",BRD-UJN
T003306,13/10/19,F01910,loan,EMI,,,"Rs 6,500.00",BRD-UJN
T003307,28/11/19,F01910,Loan Repayment,Loan Repayment,,,"Rs 3,500.00",BRD-UJN
T003308,02/08/19,F01910,loan,EMI,,,"Rs 5,100.00",BRD-UJN
T004475,25/10/19,F02221,Delivery,soya,363 kg,"Rs 4,925.00","Rs 17,877.75",BRD-UJN
T004501,23/10/19,f02228,delivery,Soybean (Yellow),725 kg,"Rs 5,120.00","Rs 37,120.00",BRD-UJN
T004502,03/11/19,F02228,FPO_DELIVERY,SOYABEAN,1183 kg,"Rs 5,120.00","Rs 60,569.60",BRD-UJN
T004545,14/10/19,F02239,Delivery,Soybean,13.19 q,"Rs 4,820.00","Rs 63,575.80",BRD-UJN
T004546,18/10/19,F02239,Delivery,soya,0.46 t,"Rs 4,820.00","Rs 22,075.60",BRD-UJN
T004547,03/10/19,F02239,delivery,SOYABEAN,7.2 qtl,"Rs 4,820.00","Rs 34,559.40",BRD-UJN
T004548,10/07/19,F02239,I,Bio-pesticide,167 kgs,Rs 683.73,"Rs 1,14,182.91",BRD-UJN
T004554,18/10/19,F02242,D,soya,1175 kg,"Rs 5,180.00","Rs 60,865.00",BRD-UJN
T004555,17/10/19,F02242,D,Soybean (Yellow),994 kg,"Rs 5,180.00","Rs 51,489.20",BRD-UJN
T004556,19/06/19,f02242,Input Purchase,FERTILIZER 50kg bag,135 kgs,Rs 41.51,"Rs 5,603.85",BRD-UJN
T004557,04/07/19,F02242,FERT_PURCHASE,Urea,81 kg,Rs 33.48,"Rs 2,711.88",BRD-UJN
T004567,17/11/19,F02247,D,SOYABEAN,0.40 MT,"Rs 5,270.00","Rs 21,238.10",BRD-UJN
T004568,13/10/19,F02247,delivery,SOYABEAN,,"Rs 5,270.00",Rs 316.20,BRD-UJN
T006597,01/05/20,F01762,DELIVERY,wheat,56.99 quintals,"Rs 2,295.00","Rs 1,30,792.05",BRD-UJN
T006598,29/03/20,F01762,Delivery,Bengal Gram,18.21 quintals,"Rs 6,075.00","Rs 1,10,625.75",BRD-UJN
T006599,02/12/19,F01762,Input Purchase,Seeds,271 kg,Rs 85.54,"Rs 23,181.34",BRD-UJN
T006600,29/02/20,F01763,FPO_DELIVERY,Lokwan Wheat,5.82 quintals,"Rs 2,115.00","Rs 12,309.30",BRD-UJN
T006601,01/03/20,f01763,DELIVERY,Wheat (Durum),3.10 quintals,"Rs 2,115.00","Rs 6,556.50",BRD-UJN
T006602,18/12/19,F01763,I,SEEDS,123 kg,Rs 67.82,"Rs 8,341.86",BRD-UJN
T006603,10/12/19,F01763,input,DAP,136 kg,Rs 59.58,"Rs 8,102.88",BRD-UJN
T006604,05/04/20, F01764 ,Delivery,WHEAT,0.42 t,"Rs 2,370.00","Rs 9,835.50",BRD-UJN
T006605,30/03/20,F01764,D,Wheat (Durum),816 kg,"Rs 2,370.00","Rs 19,339.20",BRD-UJN
T006606,01/03/20,F01764,Delivery,WHEAT,3.00 MT,"Rs 2,370.00","Rs 71,171.10",BRD-UJN
T006607,02/01/20,F01764,input,SEEDS,124 kg,Rs 66.48,"Rs 8,243.52",BRD-UJN
T006608,07/03/20,F01764,loan,EMI,,,"Rs 6,200.00",BRD-UJN
T006609,12/04/20,F01765,D,Lokwan Wheat,"6,803.00 kgs","Rs 2,195.00","Rs 1,49,325.85",BRD-UJN
T006610,09/01/20,f01765,FERT_PURCHASE,FERTILIZER 50kg bag,157 kg,Rs 42.15,"Rs 6,617.55",BRD-UJN
T006611,18/12/19,F01765,INPUT_PURCHASE,PPC,183 kgs,Rs 454.29,"Rs 83,135.07",BRD-UJN
T006612,02/04/20,F01766,FPO_DELIVERY,WHEAT,1.25 t,"Rs 2,245.00","Rs 28,062.50",BRD-UJN
T006613,12/03/20,F01766,FPO_DELIVERY,GRAM (Chana),592 kg,"Rs 5,765.00","Rs 34,128.80",BRD-UJN
T006614,12/12/19, F01766 ,Input Purchase,Hybrid Seeds,146 kg,Rs 112.35,"Rs 16,403.10",BRD-UJN
T006615,21/04/20,F01770,D,wheat,"1,583.00 kgs","Rs 2,320.00","Rs 36,725.60",BRD-UJN
T006616,04/05/20,F01770,delivery,WHEAT,2.0 qtl,"Rs 2,320.00","Rs 4,663.20",BRD-UJN
T006617,22/04/20, F01772 ,D,wheat,"3,506.00 kgs","Rs 2,115.00","Rs 74,151.90",BRD-UJN
T006618,07/12/19,F01772,INPUT_PURCHASE,Seeds,40 kg,Rs 101.69,"Rs 4,067.60",BRD-UJN
T006619,14/01/20,F01772,Input Purchase,Hybrid Seeds,176 kgs,Rs 103.87,"Rs 18,281.12",BRD-UJN
T006620,21/05/20,F01772,L,EMI,,,"Rs 7,300.00",BRD-UJN
T006621,26/04/20, F01774 ,delivery,Wheat,37.1 qtl,"Rs 2,305.00","Rs 85,469.40",BRD-UJN
T006622,17/12/19,F01774,input,Hybrid Seeds,146 kg,Rs 64.29,"Rs 9,386.34",BRD-UJN
T006623,06/05/20, F01775 ,Delivery,Wheat (Durum),35.15 q,"Rs 2,135.00","Rs 75,045.25",BRD-UJN
T006624,14/12/19,f01775,FERT_PURCHASE,Hybrid Seeds,224 kgs,Rs 90.58,"Rs 20,289.92",BRD-UJN
T006625,02/05/20,F01777,FPO_DELIVERY,WHEAT,10.13 quintals,"Rs 2,170.00","Rs 21,982.10",BRD-UJN
T006626,01/05/20,f01777,Delivery,chana,1.72 q,"Rs 5,775.00","Rs 9,933.00",BRD-UJN
T006627,30/04/20,F01777,FPO_DELIVERY,Gram,202 kg,"Rs 5,775.00","Rs 11,665.50",BRD-UJN
T006628,06/12/19, F01777 ,I,SEEDS,201 kgs,Rs 106.03,"Rs 21,312.03",BRD-UJN
T006629,19/03/20,F01778,Delivery,Wheat (Durum),4.0 qtl,"Rs 2,295.00","Rs 9,088.20",BRD-UJN
T006630,05/04/20,F01778,D,Wheat,"1,793.00 kgs","Rs 2,295.00","Rs 41,149.35",BRD-UJN
T006631,17/03/20,f01778,DELIVERY,Gram,2.3 qtl,"Rs 6,150.00","Rs 14,391.00",BRD-UJN
T006632,20/03/20,F01778,Delivery,Gram,598.00 kgs,"Rs 6,150.00","Rs 36,777.00",BRD-UJN
T006633,31/12/19,F01778,INPUT_PURCHASE,DAP,148 kgs,Rs 32.43,"Rs 4,799.64",BRD-UJN
T006634,02/01/20,F01778,input,Bio-pesticide,316 kg,Rs 509.18,"Rs 1,60,900.88",BRD-UJN
T006635,21/12/19,F01778,INPUT_PURCHASE,Seeds,190 kgs,Rs 73.80,"Rs 14,022.00",BRD-UJN
T006636,10/01/20,F01778,Input Purchase,SEEDS,175 kgs,Rs 84.16,"Rs 14,728.00",BRD-UJN
T006637,18/04/20,F01779,delivery,Wheat,50.21 quintals,"Rs 2,160.00","Rs 1,08,453.60",BRD-UJN
T006638,23/12/19,F01779,FERT_PURCHASE,Seeds,251 kgs,Rs 82.11,"Rs 20,609.61",BRD-UJN
T006639,09/03/20,F01780,D,wheat,45 kg,"Rs 2,270.00","Rs 1,021.50",BRD-UJN
T006640,02/05/20,F01780,D,Wheat (Durum),2.6 qtl,"Rs 2,270.00","Rs 6,015.50",BRD-UJN
T006641,07/05/20,F01780,Delivery,Wheat,38.14 quintals,"Rs 2,270.00","Rs 86,577.80",BRD-UJN
T006642,16/12/19, F01780 ,Input Purchase,DAP,185 kg,Rs 59.70,"Rs 11,044.50",BRD-UJN
T006643,13/12/19,F01780,Input Purchase,FERTILIZER 50kg bag,217 kg,Rs 40.91,"Rs 8,877.47",BRD-UJN
T006644,07/04/20,F01781,FPO_DELIVERY,Wheat (Durum),"2,665.00 kgs","Rs 2,360.00","Rs 62,894.00",BRD-UJN
T006645,14/05/20,F01781,Delivery,WHEAT,"1,667.00 kgs","Rs 2,360.00","Rs 39,341.20",BRD-UJN
T006646,05/01/20,F01781,I,FERTILIZER 50kg bag,289 kgs,Rs 56.84,"Rs 16,426.76",BRD-UJN
T006647,27/04/20,F01782,Delivery,Wheat,21.43 q,"Rs 2,305.00","Rs 49,396.15",BRD-UJN
T006648,25/04/20,F01782,delivery,wheat,7.01 MT,"Rs 2,305.00","Rs 1,61,649.65",BRD-UJN
T006649,11/01/20,F01782,FERT_PURCHASE,Seeds,197 kgs,Rs 46.87,"Rs 9,233.39",BRD-UJN
T006650,29/12/19,F01782,FERT_PURCHASE,FERTILIZER 50kg bag,103 kgs,Rs 54.71,"Rs 5,635.13",BRD-UJN
T006651,29/02/20,F01782,loan,EMI,,,"Rs 4,600.00",BRD-UJN
T006652,14/02/20,F01782,LOAN_REPAY,Loan Repayment,,,Rs 900.00,BRD-UJN
T006653,28/04/20,F01783,delivery,WHEAT,1614 kg,"Rs 2,310.00","Rs 37,283.40",BRD-UJN
T006654,02/04/20,F01783,DELIVERY,chana,7.04 quintals,"Rs 5,860.00","Rs 41,254.40",BRD-UJN
T006655,25/12/19,f01783,Input Purchase,Seeds,220 kg,Rs 81.19,"Rs 17,861.80",BRD-UJN
T006656,02/12/19,F01783,Input Purchase,Fertilizer,260 kgs,Rs 52.63,"Rs 13,683.80",BRD-UJN
T006657,31/12/19,F01783,INPUT_PURCHASE,Seeds,84 kg,Rs 123.59,"Rs 10,381.56",BRD-UJN
T006658,02/05/20,F01784,Delivery,Wheat,14.46 q,"Rs 2,220.00","Rs 32,101.20",BRD-UJN
T006659,05/05/20,f01784,delivery,Lokwan Wheat,12.81 q,"Rs 2,220.00","Rs 28,438.20",BRD-UJN
T006660,27/04/20,F01784,Delivery,Gram,600.00 kgs,"Rs 5,405.00","Rs 32,430.00",BRD-UJN
T006661,17/03/20,F01784,delivery,chana,0.46 MT,"Rs 5,405.00","Rs 24,646.80",BRD-UJN
T006662,05/01/20,F01784,input,Hybrid Seeds,309 kgs,Rs 98.74,"Rs 30,510.66",BRD-UJN
T006663,12/03/20,F01785,FPO_DELIVERY,Lokwan Wheat,18.54 quintals,"Rs 2,325.00","Rs 43,105.50",BRD-UJN
T006664,14/04/20,F01785,delivery,WHEAT,0.41 t,"Rs 2,325.00","Rs 9,579.00",BRD-UJN
T006665,18/04/20,F01785,delivery,Gram,4.6 qtl,"Rs 5,635.00","Rs 25,808.30",BRD-UJN
T006666,04/05/20,F01785,DELIVERY,GRAM (Chana),3.58 quintals,"Rs 5,635.00","Rs 20,173.30",BRD-UJN
T006667,08/03/20,F01786,DELIVERY,wheat,3930 kg,"Rs 2,340.00","Rs 91,962.00",BRD-UJN
T006668,26/12/19,F01786,LOAN_REPAY,EMI,,,"Rs 5,500.00",BRD-UJN
T006669,10/03/20,f01786,Loan Repayment,EMI,,,"Rs 6,900.00",BRD-UJN
T006670,02/02/20,F01786,Loan Repayment,EMI,,,"Rs 6,700.00",BRD-UJN
T006671,18/04/20,F01787,Delivery,Wheat (Durum),43.00 kgs,"Rs 2,400.00","Rs 1,032.00",BRD-UJN
T006672,14/03/20,F01787,Delivery,wheat,3059 kg,"Rs 2,400.00","Rs 73,416.00",BRD-UJN
T006673,15/12/19,F01787,Input Purchase,Seeds,186 kgs,Rs 85.57,"Rs 15,916.02",BRD-UJN
T006674,17/01/20,F01787,L,Loan Repayment,,,"Rs 5,300.00",BRD-UJN
T006675,04/04/20,F01787,LOAN_REPAY,Loan Repayment,,,"Rs 1,200.00",BRD-UJN
T006676,07/04/20,F01788,delivery,WHEAT,130.22 q,"Rs 2,310.00","Rs 3,00,808.20",BRD-UJN
T006677,21/03/20,F01789,DELIVERY,Wheat (Durum),3.93 MT,"Rs 2,220.00","Rs 87,246.00",BRD-UJN
T006678,13/04/20,F01789,D,WHEAT,0.12 q,"Rs 2,220.00",Rs 266.40,BRD-UJN
T006679,10/03/20,F01789,FPO_DELIVERY,GRAM (Chana),1.8 qtl,"Rs 5,565.00","Rs 9,961.35",BRD-UJN
T006680,25/03/20,f01789,D,GRAM (Chana),1383 kg,"Rs 5,565.00","Rs 76,963.95",BRD-UJN
T006681,21/12/19,F01789,Input Purchase,DAP,274 kg,Rs 39.79,"Rs 10,902.46",BRD-UJN
T006682,04/01/20,f01789,I,Hybrid Seeds,287 kg,Rs 79.95,"Rs 22,945.65",BRD-UJN
T006683,28/04/20,f01791,DELIVERY,wheat,15.95 quintals,"Rs 2,330.00","Rs 37,163.50",BRD-UJN
T006684,29/02/20,F01791,Delivery,Lokwan Wheat,1738 kg,"Rs 2,330.00","Rs 40,495.40",BRD-UJN
T006685,25/12/19,f01791,INPUT_PURCHASE,PPC,201 kg,Rs 201.25,"Rs 40,451.25",BRD-UJN
T006686,31/01/20,F01791,loan,EMI,,,"Rs 4,800.00",BRD-UJN
T006687,05/03/20,F01792,Delivery,Lokwan Wheat,10.7 qtl,"Rs 2,205.00","Rs 23,527.35",BRD-UJN
T006688,27/03/20,F01792,delivery,Wheat (Durum),17.07 quintals,"Rs 2,205.00","Rs 37,639.35",BRD-UJN
T006689,31/12/19,F01792,I,Urea,38 kg,Rs 41.86,"Rs 1,590.68",BRD-UJN
T006690,18/12/19, F01792 ,Input Purchase,Fertilizer,165 kg,Rs 28.92,"Rs 4,771.80",BRD-UJN
T006691,19/12/19,F01792,INPUT_PURCHASE,PP chemicals,54 kgs,Rs 179.96,"Rs 9,717.84",BRD-UJN
T006692,05/04/20,F01792,L,EMI,,,"Rs 4,500.00",BRD-UJN
T006693,13/04/20,F01794,FPO_DELIVERY,WHEAT,16.46 q,"Rs 2,115.00","Rs 34,812.90",BRD-UJN
T006694,12/05/20,F01795,D,Wheat,16.03 quintals,"Rs 2,160.00","Rs 34,624.80",BRD-UJN
T006695,15/04/20,F01795,delivery,WHEAT,2.5 qtl,"Rs 2,160.00","Rs 5,313.60",BRD-UJN
T006696,10/03/20,F01796,FPO_DELIVERY,wheat,15.4 qtl,"Rs 2,405.00","Rs 37,037.00",BRD-UJN
T006697,29/04/20,F01798,delivery,WHEAT,20.89 q,"Rs 2,180.00","Rs 45,540.20",BRD-UJN
T006698,07/05/20,F01798,delivery,Wheat (Durum),"7,447.00 kgs","Rs 2,180.00","Rs 1,62,344.60",BRD-UJN
T006699,10/01/20,f01798,input,Bio-pesticide,282 kg,Rs 356.83,"Rs 1,00,626.06",BRD-UJN
T006700,02/03/20,F01800,D,wheat,18.9 qtl,"Rs 2,125.00","Rs 40,247.50",BRD-UJN
T006701,25/03/20,f01801,Delivery,wheat,"1,990.00 kgs","Rs 2,305.00","Rs 45,869.50",BRD-UJN
T006702,04/05/20,F01801,Delivery,Wheat (Durum),997.00 kgs,"Rs 2,305.00","Rs 22,980.85",BRD-UJN
T006703,18/03/20,F01801,LOAN_REPAY,EMI,,,"Rs 5,600.00",BRD-UJN
T006704,24/04/20,f01801,L,Loan Repayment,,,"Rs 4,600.00",BRD-UJN
T006705,15/03/20,F01801,LOAN_REPAY,EMI,,,"Rs 4,000.00",BRD-UJN
T006706,02/05/20, F01803 ,D,Wheat (Durum),7.73 t,"Rs 2,435.00","Rs 1,88,176.80",BRD-UJN
T006707,12/04/20,F01803,FPO_DELIVERY,wheat,0.68 t,"Rs 2,435.00","Rs 16,582.35",BRD-UJN
T006708,21/03/20,f01805,Delivery,WHEAT,10.8 qtl,"Rs 2,145.00","Rs 23,166.00",BRD-UJN
T006709,23/03/20,F01805,delivery,Lokwan Wheat,21.0 qtl,"Rs 2,145.00","Rs 45,109.35",BRD-UJN
T006710,15/12/19,F01805,input,SEEDS,36 kgs,Rs 56.31,"Rs 2,027.16",BRD-UJN
T006711,04/01/20,F01805,FERT_PURCHASE,SEEDS,139 kgs,Rs 64.07,"Rs 8,905.73",BRD-UJN
T006712,18/12/19,F01805,Input Purchase,DAP,65 kg,Rs 31.02,"Rs 2,016.30",BRD-UJN
T006713,26/03/20,F01805,LOAN_REPAY,EMI,,,"Rs 4,800.00",BRD-UJN
T006714,11/03/20,F01806,DELIVERY,wheat,23.84 q,"Rs 2,120.00","Rs 50,540.80",BRD-UJN
T006715,08/05/20,F01806,FPO_DELIVERY,Wheat,6.30 q,"Rs 2,120.00","Rs 13,356.00",BRD-UJN
T006716,22/12/19,F01806,FERT_PURCHASE,FERTILIZER 50kg bag,282 kg,Rs 51.14,"Rs 14,421.48",BRD-UJN
T006717,04/03/20,F01807,Delivery,Lokwan Wheat,437.00 kgs,"Rs 2,255.00","Rs 9,854.35",BRD-UJN
T006718,12/01/20,F01807,LOAN_REPAY,Loan Repayment,,,"Rs 4,500.00",BRD-UJN
T006719,21/04/20,F01808,delivery,Wheat (Durum),5457 kg,"Rs 2,175.00","Rs 1,18,689.75",BRD-UJN
T006720,17/04/20,F01808,FPO_DELIVERY,Bengal Gram,"1,892.00 kgs","Rs 5,875.00","Rs 1,11,155.00",BRD-UJN
T006721,26/12/19,F01808,FERT_PURCHASE,Bio-pesticide,56 kgs,Rs 244.86,"Rs 13,712.16",BRD-UJN
T006722,13/03/20,F01809,FPO_DELIVERY,Wheat (Durum),37.20 quintals,"Rs 2,300.00","Rs 85,560.00",BRD-UJN
T006723,05/05/20,F01809,D,Lokwan Wheat,3022 kg,"Rs 2,300.00","Rs 69,506.00",BRD-UJN
T006724,29/02/20,F01812,delivery,wheat,9.87 quintals,"Rs 2,300.00","Rs 22,701.00",BRD-UJN
T006725,19/12/19,F01812,I,FERTILIZER 50kg bag,176 kgs,Rs 38.96,"Rs 6,856.96",BRD-UJN
T006726,27/12/19,f01812,FERT_PURCHASE,Seeds,44 kgs,Rs 91.50,"Rs 4,026.00",BRD-UJN
T006727,30/12/19,F01812,input,NPK 10:26:26,52 kgs,Rs 52.79,"Rs 2,745.08",BRD-UJN
T006728,15/03/20,F01812,loan,Loan Repayment,,,"Rs 5,200.00",BRD-UJN
T006729,25/05/20,F01812,Loan Repayment,EMI,,,"Rs 5,200.00",BRD-UJN
T006730,12/03/20,F01815,FPO_DELIVERY,Wheat (Durum),1.34 MT,"Rs 2,160.00","Rs 28,900.80",BRD-UJN
T006731,04/03/20,F01815,delivery,wheat,1.27 q,"Rs 2,160.00","Rs 2,743.20",BRD-UJN
T006732,25/03/20,F01815,D,GRAM (Chana),615.00 kgs,"Rs 5,685.00","Rs 34,962.75",BRD-UJN
T006733,06/01/20,F01815,FERT_PURCHASE,Fertilizer,74 kgs,Rs 42.76,"Rs 3,164.24",BRD-UJN
T006734,20/12/19,F01815,input,PPC,62 kgs,Rs 352.37,"Rs 21,846.94",BRD-UJN
T006735,15/01/20,F01815,INPUT_PURCHASE,Seeds,138 kg,Rs 70.74,"Rs 9,762.12",BRD-UJN
T006736,15/12/19,F01815,FERT_PURCHASE,Hybrid Seeds,256 kg,Rs 96.41,"Rs 24,680.96",BRD-UJN
T006737,21/12/19,F01815,LOAN_REPAY,EMI,,,"Rs 2,100.00",BRD-UJN
T006738,10/05/20,f01817,delivery,WHEAT,16.47 q,"Rs 2,375.00","Rs 39,116.25",BRD-UJN
T006739,12/04/20,F01817,Delivery,GRAM (Chana),4.9 qtl,"Rs 5,500.00","Rs 27,060.00",BRD-UJN
T006740,07/02/20,F01817,loan,Loan Repayment,,,"Rs 6,900.00",BRD-UJN
T006741,07/03/20,F01817,loan,EMI,,,Rs 900.00,BRD-UJN
T006742,26/02/20,F01817,loan,EMI,,,"Rs 6,300.00",BRD-UJN
T006743,16/04/20,F01817,L,EMI,,,"Rs 4,200.00",BRD-UJN
T006744,13/03/20,F01818,FPO_DELIVERY,Wheat (Durum),23.74 quintals,"Rs 2,405.00","Rs 57,094.70",BRD-UJN
T006745,02/04/20,F01818,DELIVERY,Wheat,19.1 qtl,"Rs 2,405.00","Rs 45,911.45",BRD-UJN
T006746,20/03/20,F01818,delivery,GRAM (Chana),15.71 q,"Rs 5,615.00","Rs 88,211.65",BRD-UJN
T006747,21/12/19,F01818,Input Purchase,FERTILIZER 50kg bag,233 kg,Rs 48.29,"Rs 11,251.57",BRD-UJN
T006748,29/12/19,F01818,I,Seeds,297 kgs,Rs 109.62,"Rs 32,557.14",BRD-UJN
T006749,11/04/20,F01819,Delivery,Lokwan Wheat,14.68 quintals,"Rs 2,160.00","Rs 31,708.80",BRD-UJN
T006750,03/05/20,F01819,delivery,Lokwan Wheat,0.9 qtl,"Rs 2,160.00","Rs 1,944.00",BRD-UJN
T006751,01/05/20,F01820,DELIVERY,wheat,508 kg,"Rs 2,440.00","Rs 12,395.20",BRD-UJN
T006752,15/03/20,F01820,D,Lokwan Wheat,400 kg,"Rs 2,440.00","Rs 9,760.00",BRD-UJN
T006753,31/12/19,F01820,INPUT_PURCHASE,NPK 10:26:26,140 kgs,Rs 32.98,"Rs 4,617.20",BRD-UJN
T006754,27/05/20,F01820,Loan Repayment,Loan Repayment,,,"Rs 5,900.00",BRD-UJN
T006755,13/04/20,F01821,D,Wheat (Durum),13.6 qtl,"Rs 2,140.00","Rs 29,189.60",BRD-UJN
T006756,01/03/20,F01821,D,GRAM (Chana),25 kg,"Rs 5,795.00","Rs 1,448.75",BRD-UJN
T006757,08/05/20,F01821,delivery,chana,548.00 kgs,"Rs 5,795.00","Rs 31,756.60",BRD-UJN
T006758,15/04/20,F01823,FPO_DELIVERY,Lokwan Wheat,"1,228.00 kgs","Rs 2,140.00","Rs 26,279.20",BRD-UJN
T006759,19/04/20,f01823,Delivery,GRAM (Chana),505.00 kgs,"Rs 6,075.00","Rs 30,678.75",BRD-UJN
T006760,07/05/20, F01823 ,FPO_DELIVERY,GRAM (Chana),0.14 quintals,"Rs 6,075.00",Rs 850.50,BRD-UJN
T006761,04/01/20,F01823,FERT_PURCHASE,PP chemicals,269 kgs,Rs 683.80,"Rs 1,83,942.20",BRD-UJN
T006762,18/04/20,F01824,D,wheat,4.62 q,"Rs 2,250.00","Rs 10,395.00",BRD-UJN
T006763,26/04/20, F01824 ,D,Wheat,24.7 qtl,"Rs 2,250.00","Rs 55,642.50",BRD-UJN
T006764,14/12/19,F01824,FERT_PURCHASE,Fertilizer,51 kg,Rs 38.69,"Rs 1,973.19",BRD-UJN
T006765,01/03/20, F01824 ,L,EMI,,,"Rs 3,300.00",BRD-UJN
T006766,23/12/19,F01824,Loan Repayment,EMI,,,"Rs 3,000.00",BRD-UJN
T006767,13/05/20,F01825,FPO_DELIVERY,Wheat (Durum),6590 kg,"Rs 2,335.00","Rs 1,53,876.50",BRD-UJN
T006768,25/04/20,F01825,delivery,Wheat (Durum),25.56 quintals,"Rs 2,335.00","Rs 59,682.60",BRD-UJN
T006769,05/12/19,F01825,Input Purchase,Seeds,191 kg,Rs 105.43,"Rs 20,137.13",BRD-UJN
T006770,08/12/19,F01825,I,PP chemicals,301 kgs,Rs 430.44,"Rs 1,29,562.44",BRD-UJN
T006771,13/01/20,F01825,Input Purchase,NPK 10:26:26,56 kgs,Rs 44.16,"Rs 2,472.96",BRD-UJN
T006772,24/04/20, F01825 ,L,Loan Repayment,,,"Rs 5,200.00",BRD-UJN
T006773,20/03/20, F01827 ,FPO_DELIVERY,Lokwan Wheat,1785 kg,"Rs 2,340.00","Rs 41,769.00",BRD-UJN
T006774,02/04/20,F01827,FPO_DELIVERY,Lokwan Wheat,2.60 quintals,"Rs 2,340.00","Rs 6,084.00",BRD-UJN
T006775,25/12/19,F01827,I,NPK 10:26:26,221 kg,Rs 53.71,"Rs 11,869.91",BRD-UJN
T006776,25/12/19,F01827,INPUT_PURCHASE,DAP,229 kg,Rs 42.44,"Rs 9,718.76",BRD-UJN
T006777,28/12/19,F01827,LOAN_REPAY,Loan Repayment,,,"Rs 7,500.00",BRD-UJN
T006778,23/05/20,F01827,Loan Repayment,Loan Repayment,,,"Rs 4,600.00",BRD-UJN
T006779,07/05/20,F01827,loan,Loan Repayment,,,"Rs 1,300.00",BRD-UJN
T006780,09/05/20,F01829,delivery,WHEAT,"7,038.00 kgs","Rs 2,185.00","Rs 1,53,780.30",BRD-UJN
T006781,04/01/20,F01829,FERT_PURCHASE,Seeds,84 kg,Rs 124.23,"Rs 10,435.32",BRD-UJN
T006782,09/01/20,F01829,Input Purchase,NPK 10:26:26,134 kg,Rs 50.21,"Rs 6,728.14",BRD-UJN
T006783,08/01/20,F01829,input,Fertilizer,251 kgs,Rs 38.77,"Rs 9,731.27",BRD-UJN
T006784,18/03/20,F01830,delivery,Wheat,5.72 quintals,"Rs 2,355.00","Rs 13,470.60",BRD-UJN
T006785,03/03/20, F01830 ,FPO_DELIVERY,Bengal Gram,2.39 q,"Rs 5,850.00","Rs 13,981.50",BRD-UJN
T006786,09/05/20,F01831,Delivery,WHEAT,"4,742.00 kgs","Rs 2,165.00","Rs 1,02,664.30",BRD-UJN
T006787,12/01/20,F01831,I,Urea,250 kg,Rs 34.12,"Rs 8,530.00",BRD-UJN
T006788,09/01/20,F01831,I,Fertilizer,252 kg,Rs 32.58,"Rs 8,210.16",BRD-UJN
T006789,09/12/19,F01831,input,PP chemicals,97 kgs,Rs 286.91,"Rs 27,830.27",BRD-UJN
T006790,03/03/20,F01833,delivery,Wheat (Durum),,"Rs 2,325.00","Rs 47,546.25",BRD-UJN
T006791,24/04/20,F01833,Delivery,wheat,611 kg,"Rs 2,325.00","Rs 14,205.75",BRD-UJN
T006792,09/03/20,F01833,FPO_DELIVERY,chana,10.7 qtl,"Rs 6,090.00","Rs 64,858.50",BRD-UJN
T006793,02/01/20,F01833,Input Purchase,Bio-pesticide,299 kg,Rs 158.96,"Rs 47,529.04",BRD-UJN
T006794,14/01/20,f01833,I,Seeds,205 kgs,Rs 59.74,"Rs 12,246.70",BRD-UJN
T006795,01/01/20,F01833,I,Fertilizer,267 kg,Rs 48.52,"Rs 12,954.84",BRD-UJN
T006796,27/03/20,F01835,D,WHEAT,5.9 qtl,"Rs 1,995.00","Rs 11,710.65",BRD-UJN
T006797,30/04/20,F01835,D,wheat,16.2 qtl,"Rs 1,995.00","Rs 32,358.90",BRD-UJN
T006798,27/12/19,F01835,input,PP chemicals,208 kg,Rs 351.88,"Rs 73,191.04",BRD-UJN
T006799,24/03/20,F01836,Delivery,Lokwan Wheat,40.80 quintals,"Rs 2,240.00","Rs 91,392.00",BRD-UJN
T006800,18/04/20,F01836,Delivery,WHEAT,1.22 MT,"Rs 2,240.00","Rs 27,260.80",BRD-UJN
T006801,01/04/20,F01836,FPO_DELIVERY,GRAM (Chana),1775 kg,"Rs 5,950.00","Rs 1,05,612.50",BRD-UJN
T006802,10/01/20,F01836,input,Hybrid Seeds,300 kg,Rs 95.99,"Rs 28,797.00",BRD-UJN
T006803,27/12/19,F01836,Input Purchase,NPK 10:26:26,272 kgs,Rs 47.64,"Rs 12,958.08",BRD-UJN
T006804,06/12/19,F01836,FERT_PURCHASE,Fertilizer,164 kg,Rs 42.05,"Rs 6,896.20",BRD-UJN
T006805,24/05/20,F01836,loan,Loan Repayment,,,"Rs 3,100.00",BRD-UJN
T006806,05/02/20,F01836,LOAN_REPAY,EMI,,,"Rs 7,700.00",BRD-UJN
T006807,23/02/20,f01836,Loan Repayment,EMI,,,"Rs 1,000.00",BRD-UJN
T006808,06/03/20,F01837,Delivery,Wheat,18.2 qtl,"Rs 2,230.00","Rs 40,586.00",BRD-UJN
T006809,12/01/20,F01837,INPUT_PURCHASE,Bio-pesticide,145 kgs,Rs 205.55,"Rs 29,804.75",BRD-UJN
T006810,08/03/20,f01838,delivery,Wheat (Durum),6.4 qtl,"Rs 2,190.00","Rs 13,950.30",BRD-UJN
T006811,13/05/20,F01838,D,WHEAT,6.29 q,"Rs 2,190.00","Rs 13,775.10",BRD-UJN
T006812,07/04/20,F01838,Delivery,WHEAT,4.45 t,"Rs 2,190.00","Rs 97,367.40",BRD-UJN
T006813,15/03/20,F01839,DELIVERY,Wheat (Durum),"2,985.00 kgs","Rs 2,300.00","Rs 68,655.00",BRD-UJN
T006814,15/03/20,f01839,Delivery,Lokwan Wheat,188 kg,"Rs 2,300.00","Rs 4,324.00",BRD-UJN
T006815,01/05/20, F01839 ,delivery,Lokwan Wheat,439 kg,"Rs 2,300.00","Rs 10,097.00",BRD-UJN
T006816,08/01/20,F01839,I,Hybrid Seeds,167 kg,Rs 109.74,"Rs 18,326.58",BRD-UJN
T006817,09/05/20,f01841,delivery,Lokwan Wheat,177 kg,"Rs 2,355.00","Rs 4,168.35",BRD-UJN
T006818,16/04/20,F01841,DELIVERY,Wheat (Durum),1.50 MT,"Rs 2,355.00","Rs 35,325.00",BRD-UJN
T006819,14/12/19,F01841,INPUT_PURCHASE,PPC,130 kgs,Rs 658.00,"Rs 85,540.00",BRD-UJN
T006820,06/12/19,F01841,Input Purchase,Seeds,130 kgs,Rs 97.85,"Rs 12,720.50",BRD-UJN
T006821,12/05/20,F01842,FPO_DELIVERY,wheat,"2,989.00 kgs","Rs 2,145.00","Rs 64,114.05",BRD-UJN
T006822,08/12/19,f01842,I,Bio-pesticide,102 kgs,Rs 132.32,"Rs 13,496.64",BRD-UJN
T006823,12/03/20,F01843,delivery,Lokwan Wheat,16.05 q,"Rs 2,040.00","Rs 32,742.00",BRD-UJN
T006824,12/01/20,F01843,input,SEEDS,126 kg,Rs 85.52,"Rs 10,775.52",BRD-UJN
T006825,07/05/20,F01844,D,Lokwan Wheat,1509 kg,"Rs 2,295.00","Rs 34,631.55",BRD-UJN
T006826,20/03/20,F01844,Delivery,wheat,"1,291.00 kgs","Rs 2,295.00","Rs 29,628.45",BRD-UJN
T006827,26/12/19,F01844,input,Hybrid Seeds,200 kg,Rs 55.85,"Rs 11,170.00",BRD-UJN
T006828,11/12/19,F01844,FERT_PURCHASE,Seeds,33 kg,Rs 88.14,"Rs 2,908.62",BRD-UJN
T006829,12/05/20,f01845,Delivery,wheat,10.08 q,"Rs 2,375.00","Rs 23,940.00",BRD-UJN
T006830,08/04/20, F01845 ,delivery,Wheat (Durum),24.41 q,"Rs 2,375.00","Rs 57,973.75",BRD-UJN
T006831,31/12/19,F01845,INPUT_PURCHASE,Seeds,300 kg,Rs 87.97,"Rs 26,391.00",BRD-UJN
T006832,06/03/20,F01846,Delivery,Wheat,20.1 qtl,"Rs 2,205.00","Rs 44,342.55",BRD-UJN
T006833,28/03/20,F01846,delivery,Wheat (Durum),301 kg,"Rs 2,205.00","Rs 6,637.05",BRD-UJN
T006834,01/04/20,F01846,loan,EMI,,,"Rs 7,000.00",BRD-UJN
T006835,30/03/20,F01846,Loan Repayment,Loan Repayment,,,"Rs 7,800.00",BRD-UJN
T006836,28/04/20,F01848,FPO_DELIVERY,wheat,409.00 kgs,"Rs 2,325.00","Rs 9,509.25",BRD-UJN
T006837,05/04/20,F01848,FPO_DELIVERY,wheat,"3,510.00 kgs","Rs 2,325.00","Rs 81,607.50",BRD-UJN
T006838,16/12/19,F01848,Input Purchase,FERTILIZER 50kg bag,231 kgs,Rs 29.61,"Rs 6,839.91",BRD-UJN
T006839,07/01/20,F01848,INPUT_PURCHASE,DAP,172 kg,Rs 53.57,"Rs 9,214.04",BRD-UJN
T006840,05/05/20,F01849,D,WHEAT,10.1 qtl,"Rs 2,155.00","Rs 21,808.60",BRD-UJN
T006841,15/03/20,F01849,DELIVERY,WHEAT,1608 kg,"Rs 2,155.00","Rs 34,652.40",BRD-UJN
T006842,01/03/20,F01849,Delivery,Gram,471 kg,"Rs 5,745.00","Rs 27,058.95",BRD-UJN
T006843,11/04/20,f01849,DELIVERY,Bengal Gram,5.37 quintals,"Rs 5,745.00","Rs 30,850.65",BRD-UJN
T006844,29/12/19,F01849,I,Bio-pesticide,116 kgs,Rs 200.59,"Rs 23,268.44",BRD-UJN
T006845,25/12/19,F01849,Input Purchase,NPK 10:26:26,25 kgs,Rs 42.06,"Rs 1,051.50",BRD-UJN
T006846,06/12/19,F01849,INPUT_PURCHASE,SEEDS,88 kg,Rs 103.90,"Rs 9,143.20",BRD-UJN
T006847,01/05/20,F01851,FPO_DELIVERY,Wheat (Durum),52.8 qtl,"Rs 2,380.00","Rs 1,25,616.40",BRD-UJN
T006848,23/03/20,F01851,delivery,chana,1119 kg,"Rs 5,690.00","Rs 63,671.10",BRD-UJN
T006849,10/05/20,F01851,DELIVERY,chana,1100 kg,"Rs 5,690.00","Rs 62,590.00",BRD-UJN
T006850,29/12/19,F01851,FERT_PURCHASE,SEEDS,51 kg,Rs 126.42,"Rs 6,447.42",BRD-UJN
T006851,09/12/19,F01851,INPUT_PURCHASE,Fertilizer,166 kgs,Rs 50.50,"Rs 8,383.00",BRD-UJN
T006852,08/04/20,F01852,FPO_DELIVERY,WHEAT,94 kg,"Rs 2,350.00","Rs 2,209.00",BRD-UJN
T006853,28/03/20,F01852,FPO_DELIVERY,Wheat (Durum),113.29 quintals,"Rs 2,350.00","Rs 2,66,231.50",BRD-UJN
T006854,10/04/20,f01852,FPO_DELIVERY,chana,12.41 quintals,"Rs 5,550.00","Rs 68,875.50",BRD-UJN
T006855,17/04/20,F01852,Delivery,Bengal Gram,45.16 quintals,"Rs 5,550.00","Rs 2,50,638.00",BRD-UJN
T006856,14/12/19,F01852,Input Purchase,Hybrid Seeds,135 kg,Rs 128.12,"Rs 17,296.20",BRD-UJN
T006857,12/03/20,F01857,DELIVERY,Lokwan Wheat,0.29 MT,"Rs 2,305.00","Rs 6,638.40",BRD-UJN
T006858,27/03/20,F01857,delivery,chana,0.20 quintals,"Rs 5,935.00","Rs 1,187.00",BRD-UJN
T006859,10/05/20,F01857,delivery,chana,0.73 q,"Rs 5,935.00","Rs 4,332.55",BRD-UJN
T006860,16/12/19,f01857,INPUT_PURCHASE,Fertilizer,158 kg,Rs 48.66,"Rs 7,688.28",BRD-UJN
T006861,07/12/19,F01857,I,DAP,315 kg,Rs 44.54,"Rs 14,030.10",BRD-UJN
T006862,08/04/20,F01857,L,EMI,,,"Rs 3,000.00",BRD-UJN
T006863,03/05/20,F01858,Delivery,WHEAT,2.8 qtl,"Rs 2,225.00","Rs 6,274.50",BRD-UJN
T006864,24/04/20,F01858,Delivery,WHEAT,12.00 q,"Rs 2,225.00","Rs 26,700.00",BRD-UJN
T006865,10/12/19, F01858 ,INPUT_PURCHASE,Urea,241 kg,Rs 43.50,"Rs 10,483.50",BRD-UJN
T006866,31/12/19,F01858,INPUT_PURCHASE,Bio-pesticide,311 kg,Rs 460.59,"Rs 1,43,243.49",BRD-UJN
T006867,02/04/20,F01859,Delivery,Wheat,3282 kg,"Rs 2,295.00","Rs 75,321.90",BRD-UJN
T006868,02/05/20,F01859,DELIVERY,Wheat,2.5 qtl,"Rs 2,295.00","Rs 5,852.25",BRD-UJN
T006869,29/04/20,F01859,FPO_DELIVERY,Bengal Gram,1096 kg,"Rs 5,770.00","Rs 63,239.20",BRD-UJN
T006870,06/03/20,F01859,delivery,Bengal Gram,2.16 q,"Rs 5,770.00","Rs 12,463.20",BRD-UJN
T006871,01/12/19,F01859,INPUT_PURCHASE,Seeds,213 kgs,Rs 123.07,"Rs 26,213.91",BRD-UJN
T006872,04/12/19,F01859,Input Purchase,Bio-pesticide,150 kg,Rs 139.29,"Rs 20,893.50",BRD-UJN
T006873,12/12/19,F01859,FERT_PURCHASE,Bio-pesticide,318 kgs,Rs 689.27,"Rs 2,19,187.86",BRD-UJN
T006874,12/03/20,F01861,FPO_DELIVERY,Wheat,"2,619.00 kgs","Rs 2,300.00","Rs 60,237.00",BRD-UJN
T006875,18/04/20,f01861,FPO_DELIVERY,Wheat,1.28 t,"Rs 2,300.00","Rs 29,555.00",BRD-UJN
T006876,03/12/19,F01861,FERT_PURCHASE,Seeds,287 kg,Rs 85.43,"Rs 24,518.41",BRD-UJN
T006877,24/01/20,F01861,loan,Loan Repayment,,,Rs 800.00,BRD-UJN
T006878,29/05/20,F01861,LOAN_REPAY,Loan Repayment,,,Rs 900.00,BRD-UJN
T006879,16/12/19,F01861,LOAN_REPAY,Loan Repayment,,,"Rs 2,100.00",BRD-UJN
T006880,01/03/20,F01863,Delivery,Lokwan Wheat,26.94 q,"Rs 2,265.00","Rs 61,019.10",BRD-UJN
T006881,15/04/20,F01863,Delivery,wheat,253 kg,"Rs 2,265.00","Rs 5,730.45",BRD-UJN
T006882,08/12/19,F01863,Input Purchase,PPC,229 kgs,Rs 277.93,"Rs 63,645.97",BRD-UJN
T006883,11/12/19,F01863,I,FERTILIZER 50kg bag,303 kg,Rs 48.67,"Rs 14,747.01",BRD-UJN
T006884,08/05/20,f01864,D,Wheat (Durum),290.00 kgs,"Rs 2,210.00","Rs 6,409.00",BRD-UJN
T006885,29/02/20,F01864,Delivery,Wheat,244 kg,"Rs 2,210.00","Rs 5,392.40",BRD-UJN
T006886,22/12/19,F01864,Input Purchase,NPK 10:26:26,263 kgs,Rs 34.50,"Rs 9,073.50",BRD-UJN
T006887,05/04/20,F01865,Delivery,Wheat,28.9 qtl,"Rs 2,190.00","Rs 63,400.50",BRD-UJN
T006888,26/03/20,F01865,D,WHEAT,0.17 MT,"Rs 2,190.00","Rs 3,657.30",BRD-UJN
T006889,29/04/20, F01866 ,D,WHEAT,2.37 t,"Rs 2,290.00","Rs 54,341.70",BRD-UJN
T006890,24/04/20,F01866,DELIVERY,GRAM (Chana),346.00 kgs,"Rs 5,710.00","Rs 19,756.60",BRD-UJN
T006891,23/04/20,F01866,delivery,GRAM (Chana),541 kg,"Rs 5,710.00","Rs 30,891.10",BRD-UJN
T006892,24/04/20,F01867,delivery,Wheat (Durum),1.67 MT,"Rs 2,330.00","Rs 38,841.10",BRD-UJN
T006893,09/12/19,F01867,Input Purchase,Fertilizer,138 kgs,Rs 50.97,"Rs 7,033.86",BRD-UJN
T006894,17/03/20,F01868,Delivery,Wheat,13.01 q,"Rs 2,310.00","Rs 30,053.10",BRD-UJN
T006895,09/03/20,F01868,FPO_DELIVERY,WHEAT,227.00 kgs,"Rs 2,310.00","Rs 5,243.70",BRD-UJN
T006896,23/12/19,F01868,I,DAP,175 kgs,Rs 49.31,"Rs 8,629.25",BRD-UJN
T006897,03/01/20,F01868,FERT_PURCHASE,Seeds,121 kg,Rs 67.85,"Rs 8,209.85",BRD-UJN
T006898,13/03/20,F01869,FPO_DELIVERY,Wheat,2.33 t,"Rs 2,220.00","Rs 51,837.00",BRD-UJN
T006899,09/05/20,F01869,delivery,Wheat (Durum),1565 kg,"Rs 2,220.00","Rs 34,743.00",BRD-UJN
T006900,31/03/20,F01869,loan,EMI,,,"Rs 7,600.00",BRD-UJN
T006901,26/02/20,F01869,LOAN_REPAY,EMI,,,"Rs 1,800.00",BRD-UJN
T006902,10/03/20,f01869,Loan Repayment,EMI,,,"Rs 4,800.00",BRD-UJN
T006903,22/04/20,F01869,Loan Repayment,EMI,,,"Rs 1,900.00",BRD-UJN
T006904,19/03/20,F01870,Delivery,Lokwan Wheat,43.56 quintals,"Rs 2,410.00","Rs 1,04,979.60",BRD-UJN
T006905,17/12/19,F01870,FERT_PURCHASE,Urea,186 kg,Rs 33.57,"Rs 6,244.02",BRD-UJN
T006906,24/12/19, F01870 ,FERT_PURCHASE,Bio-pesticide,53 kgs,Rs 184.89,"Rs 9,799.17",BRD-UJN
T006907,23/03/20,F01872,D,Wheat,7.38 q,"Rs 2,345.00","Rs 17,306.10",BRD-UJN
T006908,03/03/20,F01872,FPO_DELIVERY,wheat,24.4 qtl,"Rs 2,345.00","Rs 57,100.75",BRD-UJN
T006909,23/04/20,F01872,Delivery,Gram,8.01 quintals,"Rs 5,995.00","Rs 48,019.95",BRD-UJN
T006910,13/04/20,F01872,Delivery,Gram,3.68 q,"Rs 5,995.00","Rs 22,061.60",BRD-UJN
T006911,01/12/19,F01872,INPUT_PURCHASE,SEEDS,123 kg,Rs 81.60,"Rs 10,036.80",BRD-UJN
T006912,19/01/20,F01872,Loan Repayment,Loan Repayment,,,"Rs 2,100.00",BRD-UJN
T006913,09/05/20, F01873 ,DELIVERY,Lokwan Wheat,13.7 qtl,"Rs 2,220.00","Rs 30,347.40",BRD-UJN
T006914,22/12/19, F01873 ,INPUT_PURCHASE,Seeds,52 kgs,Rs 51.35,"Rs 2,670.20",BRD-UJN
T006915,25/01/20,F01873,Loan Repayment,EMI,,,"Rs 7,200.00",BRD-UJN
T006916,15/03/20,F01874,delivery,wheat,539.00 kgs,"Rs 2,235.00","Rs 12,046.65",BRD-UJN
T006917,23/03/20,F01874,FPO_DELIVERY,Lokwan Wheat,10.34 MT,"Rs 2,235.00","Rs 2,31,166.05",BRD-UJN
T006918,22/03/20,F01875,DELIVERY,Wheat,0.54 t,"Rs 2,290.00","Rs 12,366.00",BRD-UJN
T006919,12/03/20,F01875,D,WHEAT,"4,121.00 kgs","Rs 2,290.00","Rs 94,370.90",BRD-UJN
T006920,30/12/19,F01875,I,PPC,187 kgs,Rs 194.86,"Rs 36,438.82",BRD-UJN
T006921,19/12/19,F01875,FERT_PURCHASE,NPK 10:26:26,292 kgs,Rs 52.03,"Rs 15,192.76",BRD-UJN
T006922,03/03/20,f01876,Delivery,WHEAT,15.42 q,"Rs 2,195.00","Rs 33,846.90",BRD-UJN
T006923,22/04/20,F01876,DELIVERY,Wheat (Durum),25.55 quintals,"Rs 2,195.00","Rs 56,082.25",BRD-UJN
T006924,29/12/19,F01876,Input Purchase,FERTILIZER 50kg bag,122 kg,Rs 49.25,"Rs 6,008.50",BRD-UJN
T006925,23/03/20,F01878,delivery,Wheat,1.33 q,"Rs 2,145.00","Rs 2,852.85",BRD-UJN
T006926,12/05/20,f01878,FPO_DELIVERY,Wheat,"1,816.00 kgs","Rs 2,145.00","Rs 38,953.20",BRD-UJN
T006927,10/01/20,F01878,FERT_PURCHASE,Urea,226 kg,Rs 50.84,"Rs 11,489.84",BRD-UJN
T006928,30/12/19,f01878,L,Loan Repayment,,,"Rs 6,000.00",BRD-UJN
T006929,13/05/20,F01878,loan,Loan Repayment,,,"Rs 2,600.00",BRD-UJN
T006930,14/05/20,f01880,DELIVERY,WHEAT,6598 kg,"Rs 2,290.00","Rs 1,51,094.20",BRD-UJN
T006931,17/04/20,F01880,DELIVERY,wheat,14.39 quintals,"Rs 2,290.00","Rs 32,953.10",BRD-UJN
T006932,09/01/20,F01880,INPUT_PURCHASE,Seeds,298 kg,Rs 97.59,"Rs 29,081.82",BRD-UJN
T006933,21/12/19,f01880,INPUT_PURCHASE,Urea,271 kg,Rs 41.53,"Rs 11,254.63",BRD-UJN
T006934,01/05/20,F01881,FPO_DELIVERY,Wheat (Durum),"2,597.00 kgs","Rs 2,080.00","Rs 54,017.60",BRD-UJN
T006935,10/05/20,F01881,FPO_DELIVERY,Wheat (Durum),250.00 kgs,"Rs 2,080.00","Rs 5,200.00",BRD-UJN
T006936,02/12/19,F01881,INPUT_PURCHASE,Seeds,275 kg,Rs 76.87,"Rs 21,139.25",BRD-UJN
T006937,25/12/19,F01881,input,DAP,230 kgs,Rs 59.46,"Rs 13,675.80",BRD-UJN
T006938,10/01/20,f01881,Input Purchase,FERTILIZER 50kg bag,38 kgs,Rs 41.69,"Rs 1,584.22",BRD-UJN
T006939,12/12/19,f01881,INPUT_PURCHASE,SEEDS,173 kg,Rs 92.38,"Rs 15,981.74",BRD-UJN
T006940,09/04/20,F01882,D,Wheat,41.2 qtl,"Rs 2,250.00","Rs 92,790.00",BRD-UJN
T006941,31/12/19,F01882,FERT_PURCHASE,Seeds,259 kg,Rs 122.02,"Rs 31,603.18",BRD-UJN
T006942,02/05/20,F01885,DELIVERY,Wheat,6099 kg,"Rs 2,330.00","Rs 1,42,106.70",BRD-UJN
T006943,02/04/20,f01885,DELIVERY,wheat,18.4 qtl,"Rs 2,330.00","Rs 42,872.00",BRD-UJN
T006944,21/12/19,F01885,INPUT_PURCHASE,Hybrid Seeds,118 kg,Rs 92.23,"Rs 10,883.14",BRD-UJN
T006945,07/12/19,F01885,INPUT_PURCHASE,FERTILIZER 50kg bag,197 kg,Rs 35.31,"Rs 6,956.07",BRD-UJN
T006946,29/04/20,F01886,FPO_DELIVERY,Lokwan Wheat,0.50 t,"Rs 2,185.00",₹ N/A,BRD-UJN
T006947,23/03/20,F01886,DELIVERY,Wheat (Durum),105.68 quintals,"Rs 2,185.00","Rs 2,30,910.80",BRD-UJN
T006948,16/01/20,f01886,loan,EMI,,,"Rs 7,200.00",BRD-UJN
T006949,04/02/20,F01886,Loan Repayment,EMI,,,"Rs 1,900.00",BRD-UJN
T006950,08/03/20,F01886,LOAN_REPAY,EMI,,,"Rs 7,400.00",BRD-UJN
T006951,29/04/20,F01889,FPO_DELIVERY,Wheat (Durum),6033 kg,"Rs 2,245.00","Rs 1,35,440.85",BRD-UJN
T006952,13/01/20,F01889,input,Urea,280 kg,Rs 46.81,"Rs 13,106.80",BRD-UJN
T006953,05/05/20,F01890,delivery,Wheat,"3,272.00 kgs","Rs 2,285.00","Rs 74,765.20",BRD-UJN
T006954,31/12/19,F01890,I,DAP,302 kg,Rs 28.09,"Rs 8,483.18",BRD-UJN
T006955,19/03/20,F01891,D,WHEAT,27.2 qtl,"Rs 2,290.00","Rs 62,379.60",BRD-UJN
T006956,23/03/20,f01891,Delivery,Wheat (Durum),0.05 t,"Rs 2,290.00","Rs 1,213.70",BRD-UJN
T006957,28/03/20,F01892,DELIVERY,Wheat (Durum),"1,680.00 kgs","Rs 2,395.00","Rs 40,236.00",BRD-UJN
T006958,21/04/20, F01893 ,delivery,Lokwan Wheat,1750 kg,"Rs 2,200.00","Rs 38,500.00",BRD-UJN
T006959,29/02/20,F01893,Delivery,Gram,6.01 q,"Rs 5,665.00","Rs 34,046.65",BRD-UJN
T006960,02/03/20,F01893,delivery,Gram,194.00 kgs,"Rs 5,665.00","Rs 10,990.10",BRD-UJN
T006961,26/02/20,F01893,LOAN_REPAY,Loan Repayment,,,"Rs 5,300.00",BRD-UJN
T006962,23/01/20,F01893,Loan Repayment,Loan Repayment,,,"Rs 1,600.00",BRD-UJN
T006963,21/12/19,F01893,loan,EMI,,,"Rs 5,500.00",BRD-UJN
T006964,29/12/19,F01893,Loan Repayment,Loan Repayment,,,"Rs 5,200.00",BRD-UJN
T006965,21/04/20,F01896,D,Lokwan Wheat,13.5 qtl,"Rs 2,250.00","Rs 30,285.00",BRD-UJN
T006966,25/12/19,F01896,input,NPK 10:26:26,257 kg,Rs 54.76,"Rs 14,073.32",BRD-UJN
T006967,15/04/20,F01898,Delivery,Lokwan Wheat,550 kg,"Rs 2,215.00","Rs 12,182.50",BRD-UJN
T006968,04/12/19,f01898,I,Hybrid Seeds,115 kgs,Rs 53.89,"Rs 6,197.35",BRD-UJN
T006969,29/02/20,f01899,DELIVERY,Lokwan Wheat,111.8 qtl,"Rs 2,140.00","Rs 2,39,252.00",BRD-UJN
T006970,20/03/20,F01899,FPO_DELIVERY,Gram,"4,045.00 kgs","Rs 5,310.00","Rs 2,14,789.50",BRD-UJN
T006971,11/12/19,F01899,FERT_PURCHASE,Hybrid Seeds,129 kgs,Rs 117.36,"Rs 15,139.44",BRD-UJN
T006972,12/01/20,f01899,I,SEEDS,190 kg,Rs 73.79,"Rs 14,020.10",BRD-UJN
T006973,09/05/20,F01900,delivery,Lokwan Wheat,1.71 quintals,"Rs 2,200.00","Rs 3,762.00",BRD-UJN
T006974,28/03/20,F01900,DELIVERY,Lokwan Wheat,5.61 q,"Rs 2,200.00","Rs 12,342.00",BRD-UJN
T006975,16/12/19,F01900,Input Purchase,PPC,244 kg,Rs 691.44,"Rs 1,68,711.36",BRD-UJN
T006976,31/12/19,f01900,input,DAP,73 kgs,Rs 48.91,"Rs 3,570.43",BRD-UJN
T006977,15/01/20, F01900 ,INPUT_PURCHASE,FERTILIZER 50kg bag,316 kgs,Rs 38.60,"Rs 12,197.60",BRD-UJN
T006978,09/05/20,f01901,FPO_DELIVERY,Wheat (Durum),13.74 quintals,"Rs 2,155.00","Rs 29,609.70",BRD-UJN
T006979,22/04/20,F01901,FPO_DELIVERY,Lokwan Wheat,4.37 quintals,"Rs 2,155.00","Rs 9,417.35",BRD-UJN
T006980,18/12/19,F01901,INPUT_PURCHASE,Fertilizer,262 kgs,Rs 28.63,"Rs 7,501.06",BRD-UJN
T006981,11/03/20,f01902,FPO_DELIVERY,wheat,535 kg,"Rs 2,235.00","Rs 11,957.25",BRD-UJN
T006982,06/05/20,f01902,DELIVERY,Lokwan Wheat,3.87 MT,"Rs 2,235.00","Rs 86,472.15",BRD-UJN
T006983,13/12/19,F01902,INPUT_PURCHASE,Fertilizer,154 kg,Rs 31.08,"Rs 4,786.32",BRD-UJN
T006984,01/01/20,F01902,input,Fertilizer,49 kg,Rs 44.49,"Rs 2,180.01",BRD-UJN
T006985,01/05/20,F01903,delivery,wheat,2.40 q,"Rs 2,380.00","Rs 5,712.00",BRD-UJN
T006986,13/04/20,F01903,D,Wheat (Durum),690.00 kgs,"Rs 2,380.00","Rs 16,422.00",BRD-UJN
T006987,05/04/20,F01903,delivery,Lokwan Wheat,14.5 qtl,"Rs 2,380.00","Rs 34,438.60",BRD-UJN
T006988,03/03/20,F01903,Delivery,chana,8.69 q,"Rs 5,565.00","Rs 48,359.85",BRD-UJN
T006989,02/01/20,F01903,input,Seeds,311 kgs,Rs 70.08,"Rs 21,794.88",BRD-UJN
T006990,26/12/19,F01903,FERT_PURCHASE,FERTILIZER 50kg bag,231 kg,Rs 55.07,"Rs 12,721.17",BRD-UJN
T006991,24/04/20,F01903,L,Loan Repayment,,,"Rs 5,900.00",BRD-UJN
T006992,03/05/20,F01903,Loan Repayment,EMI,,,"Rs 3,400.00",BRD-UJN
T006993,03/12/19,F01903,LOAN_REPAY,EMI,,,"Rs 1,900.00",BRD-UJN
T006994,15/04/20,F01904,D,wheat,6.17 quintals,"Rs 2,310.00","Rs 14,252.70",BRD-UJN
T006995,31/03/20,F01904,delivery,wheat,5.0 qtl,"Rs 2,310.00","Rs 11,503.80",BRD-UJN
T006996,14/01/20,F01904,FERT_PURCHASE,Fertilizer,270 kgs,Rs 37.71,"Rs 10,181.70",BRD-UJN
T006997,29/12/19,F01904,Input Purchase,PP chemicals,90 kg,Rs 215.52,"Rs 19,396.80",BRD-UJN
T006998,14/12/19,F01904,input,Urea,287 kg,Rs 37.36,"Rs 10,722.32",BRD-UJN
T006999,04/01/20,F01904,FERT_PURCHASE,Seeds,113 kgs,Rs 100.72,"Rs 11,381.36",BRD-UJN
T007000,19/03/20,F01905,D,Wheat,23.04 q,"Rs 2,390.00","Rs 55,065.60",BRD-UJN
T007001,25/12/19,F01905,FERT_PURCHASE,PP chemicals,39 kg,Rs 254.93,"Rs 9,942.27",BRD-UJN
T007002,11/12/19,F01905,INPUT_PURCHASE,NPK 10:26:26,95 kg,Rs 31.62,"Rs 3,003.90",BRD-UJN
T007003,09/03/20,F01907,delivery,WHEAT,"4,263.00 kgs","Rs 2,290.00","Rs 97,622.70",BRD-UJN
T007004,12/03/20,f01907,DELIVERY,Gram,16.9 qtl,"Rs 5,455.00","Rs 92,462.25",BRD-UJN
T007005,17/12/19,F01907,input,FERTILIZER 50kg bag,33 kgs,Rs 38.30,"Rs 1,263.90",BRD-UJN
T007006,20/12/19,f01907,Input Purchase,Hybrid Seeds,251 kgs,Rs 79.98,"Rs 20,074.98",BRD-UJN
T007007,16/12/19,f01907,input,Fertilizer,226 kg,Rs 46.20,"Rs 10,441.20",BRD-UJN
T007008,21/05/20,F01907,L,Loan Repayment,,,"Rs 1,600.00",BRD-UJN
T007009,20/02/20,F01907,L,EMI,,,"Rs 5,000.00",BRD-UJN
T007010,01/05/20,F01908,FPO_DELIVERY,Wheat,1361 kg,"Rs 2,295.00","Rs 31,234.95",BRD-UJN
T007011,27/03/20,F01908,FPO_DELIVERY,Wheat (Durum),15.2 qtl,"Rs 2,295.00","Rs 34,815.15",BRD-UJN
T007012,09/04/20,F01908,FPO_DELIVERY,Gram,737.00 kgs,"Rs 5,935.00","Rs 43,740.95",BRD-UJN
T007013,26/04/20,F01908,FPO_DELIVERY,Bengal Gram,3.7 qtl,"Rs 5,935.00","Rs 22,196.90",BRD-UJN
T007014,26/01/20,F01908,L,Loan Repayment,,,"Rs 6,300.00",BRD-UJN
T007015,13/12/19,F01908,L,EMI,,,Rs 800.00,BRD-UJN
T007016,12/05/20,f01909,DELIVERY,Lokwan Wheat,39.73 q,"Rs 2,215.00","Rs 88,001.95",BRD-UJN
T007017,05/05/20,F01909,delivery,WHEAT,5763 kg,"Rs 2,215.00","Rs 1,27,650.45",BRD-UJN
T007018,14/01/20,F01909,input,SEEDS,74 kgs,Rs 81.98,"Rs 6,066.52",BRD-UJN
T007019,24/12/19,F01909,Input Purchase,Seeds,171 kg,Rs 62.89,"Rs 10,754.19",BRD-UJN
T007020,23/01/20,f01909,loan,Loan Repayment,,,"Rs 1,000.00",BRD-UJN
T007021,14/05/20,F01910,DELIVERY,WHEAT,"1,644.00 kgs","Rs 2,105.00","Rs 34,606.20",BRD-UJN
T007022,19/12/19,F01910,FERT_PURCHASE,NPK 10:26:26,61 kgs,Rs 43.51,"Rs 2,654.11",BRD-UJN
T007023,19/02/20,F01910,loan,EMI,,,"Rs 5,200.00",BRD-UJN
T007024,20/01/20,F01910,Loan Repayment,EMI,,,"Rs 2,300.00",BRD-UJN
T007952,05/03/20,f02228,DELIVERY,Wheat (Durum),1793 kg,"Rs 2,265.00","Rs 40,611.45",BRD-UJN
T007953,14/05/20,F02228,FPO_DELIVERY,wheat,1.59 t,"Rs 2,265.00","Rs 36,058.80",BRD-UJN
T007954,04/12/19,F02228,I,PP chemicals,222 kgs,Rs 236.36,"Rs 52,471.92",BRD-UJN
T007983,10/05/20,f02239,DELIVERY,wheat,3501 kg,"Rs 2,220.00","Rs 77,722.20",BRD-UJN
T007984,04/04/20,F02239,DELIVERY,Wheat (Durum),14.49 q,"Rs 2,220.00","Rs 32,167.80",BRD-UJN
T007985,20/12/19,F02239,FERT_PURCHASE,SEEDS,66 kg,Rs 60.81,"Rs 4,013.46",BRD-UJN
T007992,29/03/20,F02242,Delivery,Wheat,4597 kg,"Rs 2,280.00","Rs 1,04,811.60",BRD-UJN
T007993,31/12/19,F02242,INPUT_PURCHASE,Fertilizer,147 kg,Rs 30.17,"Rs 4,434.99",BRD-UJN
T007994,01/12/19,f02242,INPUT_PURCHASE,Hybrid Seeds,189 kgs,Rs 93.20,"Rs 17,614.80",BRD-UJN
T008110,30/04/20,F02274,Delivery,Lokwan Wheat,182.00 kgs,"Rs 2,275.00","Rs 4,140.50",BRD-UJN
T008111,06/04/20,F02274,Delivery,Wheat,1.29 MT,"Rs 2,275.00","Rs 29,302.00",BRD-UJN
T008112,22/12/19,F02274,input,Seeds,55 kg,Rs 61.22,"Rs 3,367.10",BRD-UJN
T008113,28/12/19,F02274,Input Purchase,PPC,317 kg,Rs 524.43,"Rs 1,66,244.31",BRD-UJN
T008114,07/01/20,F02274,Input Purchase,DAP,56 kgs,Rs 52.58,"Rs 2,944.48",BRD-UJN
T008144,09/03/20,F02282,Delivery,Wheat (Durum),188 kg,"Rs 2,170.00","Rs 4,079.60",BRD-UJN
T008145,20/03/20,F02282,delivery,Lokwan Wheat,7.40 q,"Rs 2,170.00","Rs 16,058.00",BRD-UJN
T008146,26/12/19,F02282,Input Purchase,FERTILIZER 50kg bag,228 kgs,Rs 31.85,"Rs 7,261.80",BRD-UJN
T008147,01/12/19,F02282,I,SEEDS,314 kgs,Rs 62.20,"Rs 19,530.80",BRD-UJN
T008165,11/05/20,F02288,FPO_DELIVERY,Wheat (Durum),18.9 qtl,"Rs 2,260.00","Rs 42,668.80",BRD-UJN
T008166,01/12/19,f02288,I,Urea,158 kgs,Rs 33.31,"Rs 5,262.98",BRD-UJN
T008167,17/05/20,F02288,L,EMI,,,"Rs 4,400.00",BRD-UJN
T008168,16/01/20,F02288,Loan Repayment,Loan Repayment,,,"Rs 4,300.00",BRD-UJN
T008169,03/03/20,F02288,Loan Repayment,Loan Repayment,,,"Rs 5,400.00",BRD-UJN
T008172,08/04/20,F02290,FPO_DELIVERY,Wheat,"1,645.00 kgs","Rs 2,125.00","Rs 34,956.25",BRD-UJN
T008173,12/01/20,F02290,I,PPC,106 kgs,Rs 391.24,"Rs 41,471.44",BRD-UJN
T009746,03/11/20,F01764,DELIVERY,soya,9.98 quintals,"Rs 4,890.00","Rs 48,802.20",BRD-UJN
T009747,14/10/20,F01764,D,SOYABEAN,194.00 kgs,"Rs 4,890.00","Rs 9,486.60",BRD-UJN
T009748,14/11/20,F01764,delivery,Soybean,8.02 q,"Rs 4,890.00","Rs 39,217.80",BRD-UJN
T009749,10/07/20,F01764,Input Purchase,NPK 10:26:26,220 kg,Rs 54.32,"Rs 11,950.40",BRD-UJN
T009750,19/06/20,F01764,I,Fertilizer,280 kg,Rs 45.45,"Rs 12,726.00",BRD-UJN
T009751,21/10/20,F01765,delivery,Soybean,"1,846.00 kgs","Rs 5,025.00","Rs 92,761.50",BRD-UJN
T009752,30/11/20,F01765,delivery,soya,13.46 quintals,"Rs 5,025.00","Rs 67,636.50",BRD-UJN
T009753,06/07/20,F01765,Input Purchase,PP chemicals,66 kg,Rs 194.56,"Rs 12,840.96",BRD-UJN
T009754,18/10/20,F01766,delivery,Soybean (Yellow),2.1 qtl,"Rs 5,470.00","Rs 11,760.50",BRD-UJN
T009755,06/10/20, F01766 ,FPO_DELIVERY,Soybean (Yellow),0.1 qtl,"Rs 5,470.00",Rs 547.00,BRD-UJN
T009756,03/10/20,F01770,Delivery,Soybean (Yellow),827.00 kgs,"Rs 5,005.00","Rs 41,391.35",BRD-UJN
T009757,11/06/20,F01770,input,Seeds,265 kg,Rs 79.05,"Rs 20,948.25",BRD-UJN
T009758,18/06/20,F01770,I,Urea,229 kg,Rs 29.22,"Rs 6,691.38",BRD-UJN
T009759,27/10/20,F01772,Delivery,Soybean,598.00 kgs,"Rs 5,115.00","Rs 30,587.70",BRD-UJN
T009760,01/11/20,F01772,DELIVERY,SOYABEAN,1107 kg,"Rs 5,115.00","Rs 56,623.05",BRD-UJN
T009761,25/08/20,F01772,L,Loan Repayment,,,"Rs 4,800.00",BRD-UJN
T009762,21/11/20,F01774,delivery,SOYABEAN,6.19 quintals,"Rs 5,590.00","Rs 34,602.10",BRD-UJN
T009763,05/11/20,F01774,DELIVERY,soya,1.13 t,"Rs 5,590.00","Rs 63,390.60",BRD-UJN
T009764,03/07/20,F01774,Input Purchase,DAP,86 kgs,Rs 40.24,"Rs 3,460.64",BRD-UJN
T009765,08/07/20,F01774,I,SEEDS,51 kgs,Rs 103.33,"Rs 5,269.83",BRD-UJN
T009766,09/06/20,F01774,input,FERTILIZER 50kg bag,188 kgs,Rs 35.11,"Rs 6,600.68",BRD-UJN
T009767,16/10/20,f01775,FPO_DELIVERY,Soybean,6.7 qtl,"Rs 5,060.00","Rs 34,053.80",BRD-UJN
T009768,09/11/20,F01777,DELIVERY,soya,59.00 kgs,"Rs 5,315.00","Rs 3,135.85",BRD-UJN
T009769,19/11/20, F01777 ,FPO_DELIVERY,Soybean,212.00 kgs,"Rs 5,315.00","Rs 11,267.80",BRD-UJN
T009770,28/11/20,F01777,Delivery,SOYABEAN,0.11 MT,"Rs 5,315.00","Rs 5,952.80",BRD-UJN
T009771,16/06/20,F01777,FERT_PURCHASE,Fertilizer,94 kgs,Rs 36.85,"Rs 3,463.90",BRD-UJN
T009772,03/10/20,F01779,Delivery,Soybean,"2,069.00 kgs","Rs 5,250.00","Rs 1,08,622.50",BRD-UJN
T009773,12/07/20,F01779,Input Purchase,PP chemicals,177 kgs,Rs 141.18,"Rs 24,988.86",BRD-UJN
T009774,15/07/20,F01779,Input Purchase,SEEDS,80 kg,Rs 92.54,"Rs 7,403.20",BRD-UJN
T009775,14/07/20,F01779,input,SEEDS,181 kgs,Rs 108.33,"Rs 19,607.73",BRD-UJN
T009776,13/11/20,F01780,D,SOYABEAN,24.6 qtl,"Rs 5,000.00","Rs 1,23,250.00",BRD-UJN
T009777,28/06/20,F01780,input,PP chemicals,69 kgs,Rs 568.10,"Rs 39,198.90",BRD-UJN
T009778,30/06/20,F01780,FERT_PURCHASE,Seeds,52 kg,Rs 115.70,"Rs 6,016.40",BRD-UJN
T009779,25/06/20,F01780,input,Hybrid Seeds,59 kgs,Rs 82.17,"Rs 4,848.03",BRD-UJN
T009780,08/07/20,F01780,INPUT_PURCHASE,PP chemicals,43 kgs,Rs 376.01,"Rs 16,168.43",BRD-UJN
T009781,05/11/20,F01781,delivery,soya,1661 kg,"Rs 5,315.00","Rs 88,282.15",BRD-UJN
T009782,30/10/20,F01781,FPO_DELIVERY,SOYABEAN,237.00 kgs,"Rs 5,315.00","Rs 12,596.55",BRD-UJN
T009783,13/06/20,F01781,Input Purchase,Seeds,181 kg,Rs 66.52,"Rs 12,040.12",BRD-UJN
T009784,12/06/20,f01781,INPUT_PURCHASE,PP chemicals,68 kg,Rs 428.39,"Rs 29,130.52",BRD-UJN
T009785,02/10/20,F01782,FPO_DELIVERY,soya,10.39 q,"Rs 4,770.00","Rs 49,560.30",BRD-UJN
T009786,23/10/20,F01782,DELIVERY,Soybean,7.40 quintals,"Rs 4,770.00","Rs 35,298.00",BRD-UJN
T009787,18/11/20,F01782,Delivery,SOYABEAN,"2,070.00 kgs","Rs 4,770.00","Rs 98,739.00",BRD-UJN
T009788,13/07/20,F01782,FERT_PURCHASE,PP chemicals,171 kg,Rs 505.74,"Rs 86,481.54",BRD-UJN
T009789,24/08/20,F01782,loan,Loan Repayment,,,"Rs 7,600.00",BRD-UJN
T009790,16/11/20, F01783 ,delivery,soya,844 kg,"Rs 5,540.00","Rs 46,757.60",BRD-UJN
T009791,08/07/20,F01783,input,SEEDS,256 kgs,Rs 98.50,"Rs 25,216.00",BRD-UJN
T009792,27/11/20,F01784,D,Soybean (Yellow),141.00 kgs,"Rs 5,150.00","Rs 7,261.50",BRD-UJN
T009793,08/11/20,F01784,D,Soybean (Yellow),10.23 q,"Rs 5,150.00","Rs 52,684.50",BRD-UJN
T009794,17/06/20,F01784,input,Bio-pesticide,245 kgs,Rs 241.81,"Rs 59,243.45",BRD-UJN
T009795,25/11/20,F01785,D,soya,6.15 quintals,"Rs 4,765.00","Rs 29,304.75",BRD-UJN
T009796,25/11/20,F01785,DELIVERY,SOYABEAN,569 kg,"Rs 4,765.00","Rs 27,112.85",BRD-UJN
T009797,04/06/20,f01785,Input Purchase,Bio-pesticide,109 kg,Rs 595.23,"Rs 64,880.07",BRD-UJN
T009798,29/06/20,F01785,INPUT_PURCHASE,Fertilizer,256 kgs,Rs 37.62,"Rs 9,630.72",BRD-UJN
T009799,13/10/20,F01786,FPO_DELIVERY,Soybean,2517 kg,"Rs 4,995.00","Rs 1,25,724.15",BRD-UJN
T009800,04/07/20,F01786,L,Loan Repayment,,,"Rs 7,200.00",BRD-UJN
T009801,06/10/20,F01786,Loan Repayment,Loan Repayment,,,"Rs 3,500.00",BRD-UJN
T009802,21/11/20,F01787,DELIVERY,Soybean (Yellow),878 kg,"Rs 4,940.00","Rs 43,373.20",BRD-UJN
T009803,29/10/20,F01787,DELIVERY,Soybean,10.02 q,"Rs 4,940.00","Rs 49,498.80",BRD-UJN
T009804,08/06/20,F01787,input,PPC,204 kg,Rs 216.95,"Rs 44,257.80",BRD-UJN
T009805,25/10/20,F01787,LOAN_REPAY,Loan Repayment,,,"Rs 1,500.00",BRD-UJN
T009806,31/10/20,F01788,D,soya,4.82 t,"Rs 5,120.00","Rs 2,46,732.80",BRD-UJN
T009807,16/11/20,F01788,FPO_DELIVERY,SOYABEAN,766.00 kgs,"Rs 5,120.00","Rs 39,219.20",BRD-UJN
T009808,13/06/20,F01788,INPUT_PURCHASE,Fertilizer,50 kg,Rs 55.18,"Rs 2,759.00",BRD-UJN
T009809,02/10/20,f01789,DELIVERY,soya,"1,037.00 kgs","Rs 4,925.00","Rs 51,072.25",BRD-UJN
T009810,20/06/20, F01789 ,input,Hybrid Seeds,207 kg,Rs 129.91,"Rs 26,891.37",BRD-UJN
T009811,18/11/20,F01791,Delivery,Soybean (Yellow),1506 kg,"Rs 4,910.00","Rs 73,944.60",BRD-UJN
T009812,12/07/20,F01791,I,NPK 10:26:26,173 kg,Rs 30.33,"Rs 5,247.09",BRD-UJN
T009813,27/06/20,f01791,Input Purchase,PPC,59 kg,Rs 612.15,"Rs 36,116.85",BRD-UJN
T009814,01/06/20,F01791,input,Fertilizer,114 kg,Rs 33.67,"Rs 3,838.38",BRD-UJN
T009815,25/08/20,F01791,Loan Repayment,Loan Repayment,,,"Rs 7,400.00",BRD-UJN
T009816,15/11/20,F01791,loan,EMI,,,"Rs 6,000.00",BRD-UJN
T009817,04/11/20,f01792,Delivery,soya,1286 kg,"Rs 5,470.00","Rs 70,344.20",BRD-UJN
T009818,18/10/20,F01794,FPO_DELIVERY,Soybean (Yellow),8.1 qtl,"Rs 5,035.00","Rs 40,632.45",BRD-UJN
T009819,27/06/20,f01794,I,Fertilizer,34 kg,Rs 34.81,"Rs 1,183.54",BRD-UJN
T009820,19/11/20,F01798,DELIVERY,SOYABEAN,5692 kg,"Rs 4,905.00",₹ N/A,BRD-UJN
T009821,15/07/20,F01798,I,Seeds,202 kgs,Rs 54.76,"Rs 11,061.52",BRD-UJN
T009822,25/11/20,F01800,delivery,Soybean (Yellow),13.4 qtl,"Rs 4,990.00","Rs 66,866.00",BRD-UJN
T009823,27/06/20,f01800,INPUT_PURCHASE,PPC,192 kgs,Rs 419.75,"Rs 80,592.00",BRD-UJN
T009824,09/07/20,F01800,INPUT_PURCHASE,PPC,252 kg,Rs 188.23,"Rs 47,433.96",BRD-UJN
T009825,26/10/20,F01801,Delivery,SOYABEAN,668 kg,"Rs 4,945.00","Rs 33,032.60",BRD-UJN
T009826,12/11/20,F01801,DELIVERY,Soybean (Yellow),7.97 quintals,"Rs 4,945.00","Rs 39,411.65",BRD-UJN
T009827,01/06/20,F01801,FERT_PURCHASE,PP chemicals,25 kg,Rs 549.33,"Rs 13,733.25",BRD-UJN
T009828,12/10/20,,delivery,soya,1625 kg,"Rs 5,335.00","Rs 86,693.75",BRD-UJN
T009829,17/10/20,F01803,delivery,soya,"2,919.00 kgs","Rs 5,335.00","Rs 1,55,728.65",BRD-UJN
T009830,17/06/20,f01803,input,Seeds,174 kg,Rs 65.25,"Rs 11,353.50",BRD-UJN
T009831,29/11/20,F01805,D,SOYABEAN,16.94 quintals,"Rs 4,485.00","Rs 75,975.90",BRD-UJN
T009832,23/06/20,F01805,FERT_PURCHASE,Bio-pesticide,168 kgs,Rs 124.99,"Rs 20,998.32",BRD-UJN
T009833,12/07/20, F01805 ,input,Urea,171 kgs,Rs 52.06,"Rs 8,902.26",BRD-UJN
T009834,06/06/20,F01805,I,Fertilizer,124 kg,Rs 33.07,"Rs 4,100.68",BRD-UJN
T009835,02/10/20,F01806,DELIVERY,Soybean,708.00 kgs,"Rs 4,810.00","Rs 34,054.80",BRD-UJN
T009836,29/10/20,F01806,DELIVERY,Soybean,682 kg,"Rs 4,810.00","Rs 32,804.20",BRD-UJN
T009837,11/06/20,F01806,INPUT_PURCHASE,FERTILIZER 50kg bag,67 kgs,Rs 46.76,"Rs 3,132.92",BRD-UJN
T009838,24/06/20,F01806,FERT_PURCHASE,NPK 10:26:26,114 kg,Rs 47.53,"Rs 5,418.42",BRD-UJN
T009839,15/07/20,F01806,INPUT_PURCHASE,DAP,312 kgs,Rs 29.99,"Rs 9,356.88",BRD-UJN
T009840,27/10/20,F01808,Delivery,Soybean,2567 kg,"Rs 4,555.00","Rs 1,16,926.85",BRD-UJN
T009841,08/11/20,F01809,FPO_DELIVERY,Soybean,0.64 MT,"Rs 4,990.00","Rs 31,985.90",BRD-UJN
T009842,04/11/20,F01809,Delivery,SOYABEAN,20.01 quintals,"Rs 4,990.00","Rs 99,849.90",BRD-UJN
T009843,03/07/20,F01809,FERT_PURCHASE,SEEDS,311 kgs,Rs 46.27,"Rs 14,389.97",BRD-UJN
T009844,12/11/20,F01812,DELIVERY,Soybean (Yellow),1.65 q,"Rs 4,945.00","Rs 8,159.25",BRD-UJN
T009845,03/10/20,F01815,D,Soybean (Yellow),1.02 quintals,"Rs 5,150.00","Rs 5,253.00",BRD-UJN
T009846,02/11/20,F01815,FPO_DELIVERY,soya,657.00 kgs,"Rs 5,150.00","Rs 33,835.50",BRD-UJN
T009847,30/11/20,F01815,DELIVERY,Soybean (Yellow),56.00 kgs,"Rs 5,150.00","Rs 2,884.00",BRD-UJN
T009848,04/11/20,F01817,delivery,Soybean,7.44 q,"Rs 5,060.00","Rs 37,646.40",BRD-UJN
T009849,19/06/20,F01817,LOAN_REPAY,Loan Repayment,,,"Rs 7,800.00",BRD-UJN
T009850,31/10/20,f01818,Delivery,soya,1.89 t,"Rs 4,860.00","Rs 91,708.20",BRD-UJN
T009851,11/07/20,F01818,INPUT_PURCHASE,PPC,225 kgs,Rs 353.49,"Rs 79,535.25",BRD-UJN
T009852,01/06/20,F01818,Input Purchase,Hybrid Seeds,308 kgs,Rs 110.08,"Rs 33,904.64",BRD-UJN
T009853,22/11/20,F01819,D,soya,0.61 q,"Rs 4,990.00","Rs 3,043.90",BRD-UJN
T009854,12/10/20,F01819,DELIVERY,Soybean,2.2 qtl,"Rs 4,990.00","Rs 11,077.80",BRD-UJN
T009855,26/11/20,F01820,DELIVERY,Soybean,131.00 kgs,"Rs 4,945.00","Rs 6,477.95",BRD-UJN
T009856,05/11/20,F01820,D,soya,29.00 kgs,"Rs 4,945.00","Rs 1,434.05",BRD-UJN
T009857,16/10/20,F01823,delivery,soya,0.53 MT,"Rs 5,105.00","Rs 27,056.50",BRD-UJN
T009858,21/11/20,F01824,DELIVERY,Soybean,16.1 qtl,"Rs 5,215.00","Rs 84,065.80",BRD-UJN
T009859,12/07/20,F01824,INPUT_PURCHASE,FERTILIZER 50kg bag,278 kg,Rs 41.72,"Rs 11,598.16",BRD-UJN
T009860,17/06/20,F01824,INPUT_PURCHASE,SEEDS,160 kg,Rs 120.93,"Rs 19,348.80",BRD-UJN
T009861,25/06/20,F01824,L,Loan Repayment,,,"Rs 7,000.00",BRD-UJN
T009862,24/11/20,F01824,Loan Repayment,Loan Repayment,,,"Rs 4,500.00",BRD-UJN
T009863,31/10/20,F01825,Delivery,soya,39.32 quintals,"Rs 4,940.00","Rs 1,94,240.80",BRD-UJN
T009864,04/06/20,F01825,input,DAP,153 kg,Rs 30.43,"Rs 4,655.79",BRD-UJN
T009865,24/06/20,F01825,input,Hybrid Seeds,41 kg,Rs 118.89,"Rs 4,874.49",BRD-UJN
T009866,21/11/20,F01825,L,Loan Repayment,,,"Rs 7,100.00",BRD-UJN
T009867,11/11/20,F01827,FPO_DELIVERY,Soybean,0.93 t,"Rs 5,005.00","Rs 46,596.55",BRD-UJN
T009868,01/07/20,F01827,I,Fertilizer,80 kgs,Rs 51.87,"Rs 4,149.60",BRD-UJN
T009869,27/06/20,F01827,I,Fertilizer,122 kgs,Rs 37.76,"Rs 4,606.72",BRD-UJN
T009870,20/06/20,F01827,FERT_PURCHASE,Bio-pesticide,309 kgs,Rs 190.39,"Rs 58,830.51",BRD-UJN
T009871,25/06/20,F01827,I,Fertilizer,199 kgs,Rs 32.10,"Rs 6,387.90",BRD-UJN
T009872,10/07/20,F01827,FERT_PURCHASE,Seeds,163 kg,Rs 120.35,"Rs 19,617.05",BRD-UJN
T009873,08/09/20, F01827 ,loan,Loan Repayment,,,"Rs 1,900.00",BRD-UJN
T009874,30/06/20,F01827,L,Loan Repayment,,,"Rs 1,400.00",BRD-UJN
T009875,29/08/20,f01827,L,Loan Repayment,,,"Rs 5,500.00",BRD-UJN
T009876,01/08/20,F01827,loan,Loan Repayment,,,"Rs 5,900.00",BRD-UJN
T009877,25/11/20,F01829,D,soya,0.37 q,"Rs 5,005.00","Rs 1,851.85",BRD-UJN
T009878,04/10/20,F01829,FPO_DELIVERY,Soybean (Yellow),373 kg,"Rs 5,005.00","Rs 18,668.65",BRD-UJN
T009879,11/10/20,F01829,FPO_DELIVERY,soya,751 kg,"Rs 5,005.00","Rs 37,587.55",BRD-UJN
T009880,21/11/20,F01831,FPO_DELIVERY,Soybean (Yellow),14.54 quintals,"Rs 4,995.00","Rs 72,627.30",BRD-UJN
T009881,22/10/20,F01831,delivery,SOYABEAN,748 kg,"Rs 4,995.00","Rs 37,362.60",BRD-UJN
T009882,17/06/20,f01831,FERT_PURCHASE,Bio-pesticide,44 kg,Rs 594.02,"Rs 26,136.88",BRD-UJN
T009883,30/11/20, F01833 ,Delivery,Soybean (Yellow),1247 kg,"Rs 5,170.00","Rs 64,469.90",BRD-UJN
T009884,03/07/20,F01833,input,Hybrid Seeds,205 kg,Rs 91.15,"Rs 18,685.75",BRD-UJN
T009885,03/06/20, F01833 ,Input Purchase,PPC,204 kgs,Rs 698.88,"Rs 1,42,571.52",BRD-UJN
T009886,29/11/20,F01837,Delivery,Soybean,"1,015.00 kgs","Rs 4,935.00","Rs 50,090.25",BRD-UJN
T009887,02/10/20,f01838,delivery,Soybean,9.96 q,"Rs 5,385.00","Rs 53,634.60",BRD-UJN
T009888,06/10/20,F01838,delivery,Soybean (Yellow),2.48 MT,"Rs 5,385.00","Rs 1,33,763.40",BRD-UJN
T009889,13/06/20,F01838,INPUT_PURCHASE,FERTILIZER 50kg bag,185 kgs,Rs 42.37,"Rs 7,838.45",BRD-UJN
T009890,10/07/20,F01838,INPUT_PURCHASE,SEEDS,34 kgs,Rs 99.63,"Rs 3,387.42",BRD-UJN
T009891,25/10/20,F01839,FPO_DELIVERY,Soybean,15.7 qtl,"Rs 4,775.00","Rs 75,015.25",BRD-UJN
T009892,09/06/20,F01839,input,DAP,274 kg,Rs 40.88,"Rs 11,201.12",BRD-UJN
T009893,03/06/20,f01839,FERT_PURCHASE,SEEDS,286 kgs,Rs 92.51,"Rs 26,457.86",BRD-UJN
T009894,02/10/20,F01841,DELIVERY,SOYABEAN,506.00 kgs,"Rs 5,115.00","Rs 25,881.90",BRD-UJN
T009895,21/11/20,F01841,D,soya,1.6 qtl,"Rs 5,115.00","Rs 8,081.70",BRD-UJN
T009896,13/10/20,F01842,DELIVERY,Soybean,5.14 quintals,"Rs 4,765.00","Rs 24,492.10",BRD-UJN
T009897,10/10/20, F01842 ,DELIVERY,soya,8.97 quintals,"Rs 4,765.00","Rs 42,742.05",BRD-UJN
T009898,03/06/20,F01842,INPUT_PURCHASE,Bio-pesticide,144 kgs,Rs 474.97,"Rs 68,395.68",BRD-UJN
T009899,04/06/20,F01842,INPUT_PURCHASE,Fertilizer,309 kgs,Rs 58.14,"Rs 17,965.26",BRD-UJN
T009900,21/06/20,F01842,Input Purchase,Hybrid Seeds,29 kgs,Rs 84.26,"Rs 2,443.54",BRD-UJN
T009901,03/10/20,F01843,DELIVERY,Soybean (Yellow),545 kg,"Rs 5,380.00","Rs 29,321.00",BRD-UJN
T009902,08/10/20,F01843,Delivery,Soybean,205 kg,"Rs 5,380.00","Rs 11,029.00",BRD-UJN
T009903,03/07/20,f01843,Input Purchase,Seeds,126 kgs,Rs 81.29,"Rs 10,242.54",BRD-UJN
T009904,11/07/20,F01843,Input Purchase,PP chemicals,132 kgs,Rs 622.01,"Rs 82,105.32",BRD-UJN
T009905,15/11/20,F01844,D,Soybean (Yellow),0.54 MT,"Rs 5,155.00","Rs 28,043.20",BRD-UJN
T009906,20/11/20,F01844,Delivery,SOYABEAN,6.8 qtl,"Rs 5,155.00","Rs 35,002.45",BRD-UJN
T009907,16/11/20,F01845,FPO_DELIVERY,SOYABEAN,1539 kg,"Rs 4,645.00","Rs 71,486.55",BRD-UJN
T009908,20/06/20,F01845,I,Urea,143 kgs,Rs 53.05,"Rs 7,586.15",BRD-UJN
T009909,29/10/20,F01846,FPO_DELIVERY,SOYABEAN,0.41 t,"Rs 4,575.00","Rs 18,803.25",BRD-UJN
T009910,21/10/20,F01846,DELIVERY,Soybean,820.00 kgs,"Rs 4,575.00","Rs 37,515.00",BRD-UJN
T009911,01/07/20,F01846,FERT_PURCHASE,FERTILIZER 50kg bag,279 kgs,Rs 28.10,"Rs 7,839.90",BRD-UJN
T009912,09/07/20,F01846,Input Purchase,SEEDS,46 kg,Rs 124.81,"Rs 5,741.26",BRD-UJN
T009913,03/07/20,F01846,I,DAP,264 kgs,Rs 32.38,"Rs 8,548.32",BRD-UJN
T009914,15/11/20,F01848,Delivery,SOYABEAN,19.74 q,"Rs 4,905.00","Rs 96,824.70",BRD-UJN
T009915,13/10/20,f01848,D,Soybean,495.00 kgs,"Rs 4,905.00","Rs 24,279.75",BRD-UJN
T009916,11/06/20,F01848,I,SEEDS,312 kgs,Rs 85.81,"Rs 26,772.72",BRD-UJN
T009917,22/10/20,f01849,FPO_DELIVERY,Soybean (Yellow),"1,388.00 kgs","Rs 4,875.00","Rs 67,665.00",BRD-UJN
T009918,07/06/20,f01849,input,SEEDS,84 kg,Rs 59.47,"Rs 4,995.48",BRD-UJN
T009919,06/10/20,,FPO_DELIVERY,Soybean (Yellow),"3,308.00 kgs","Rs 5,270.00","Rs 1,74,331.60",BRD-UJN
T009920,07/07/20,F01851,I,PPC,261 kg,Rs 242.31,"Rs 63,242.91",BRD-UJN
T009921,21/06/20,F01851,INPUT_PURCHASE,Fertilizer,269 kg,Rs 48.10,"Rs 12,938.90",BRD-UJN
T009922,03/11/20,F01852,DELIVERY,SOYABEAN,"7,432.00 kgs","Rs 4,750.00","Rs 3,53,020.00",BRD-UJN
T009923,12/07/20,F01852,FERT_PURCHASE,Hybrid Seeds,45 kgs,Rs 68.73,"Rs 3,092.85",BRD-UJN
T009924,28/11/20,F01858,DELIVERY,Soybean (Yellow),0.92 t,"Rs 5,025.00","Rs 46,230.00",BRD-UJN
T009925,30/06/20,F01858,I,Hybrid Seeds,230 kgs,Rs 94.88,"Rs 21,822.40",BRD-UJN
T009926,20/11/20,F01859,Delivery,SOYABEAN,14.77 q,"Rs 5,500.00","Rs 81,235.00",BRD-UJN
T009927,23/11/20,F01859,D,SOYABEAN,51 kg,"Rs 5,500.00","Rs 2,805.00",BRD-UJN
T009928,07/06/20,F01859,input,DAP,130 kgs,Rs 35.49,"Rs 4,613.70",BRD-UJN
T009929,24/11/20, F01861 ,delivery,Soybean (Yellow),12.91 quintals,"Rs 5,415.00","Rs 69,907.65",BRD-UJN
T009930,17/11/20,f01861,D,Soybean (Yellow),3.26 quintals,"Rs 5,415.00","Rs 17,652.90",BRD-UJN
T009931,06/07/20,F01861,INPUT_PURCHASE,Seeds,108 kgs,Rs 57.02,"Rs 6,158.16",BRD-UJN
T009932,11/07/20,F01861,input,Hybrid Seeds,123 kg,Rs 67.80,"Rs 8,339.40",BRD-UJN
T009933,15/11/20,F01861,Loan Repayment,Loan Repayment,,,"Rs 5,200.00",BRD-UJN
T009934,21/10/20,F01863,DELIVERY,Soybean (Yellow),1334 kg,"Rs 4,995.00","Rs 66,633.30",BRD-UJN
T009935,27/06/20,F01863,I,Fertilizer,40 kgs,Rs 47.83,"Rs 1,913.20",BRD-UJN
T009936,06/11/20,f01865,delivery,SOYABEAN,"1,520.00 kgs","Rs 5,345.00","Rs 81,244.00",BRD-UJN
T009937,20/06/20,F01865,input,DAP,48 kgs,Rs 58.96,"Rs 2,830.08",BRD-UJN
T009938,13/10/20,F01866,Delivery,Soybean,952 kg,"Rs 4,890.00","Rs 46,552.80",BRD-UJN
T009939,22/06/20,F01866,input,PP chemicals,191 kg,Rs 485.69,"Rs 92,766.79",BRD-UJN
T009940,29/06/20,F01866,INPUT_PURCHASE,FERTILIZER 50kg bag,128 kgs,Rs 34.90,"Rs 4,467.20",BRD-UJN
T009941,17/10/20,F01867,D,SOYABEAN,727 kg,"Rs 4,765.00","Rs 34,641.55",BRD-UJN
T009942,16/06/20,F01867,INPUT_PURCHASE,PP chemicals,35 kgs,Rs 217.06,"Rs 7,597.10",BRD-UJN
T009943,04/10/20,F01869,FPO_DELIVERY,soya,"2,010.00 kgs","Rs 5,240.00","Rs 1,05,324.00",BRD-UJN
T009944,03/06/20,f01869,I,Fertilizer,184 kgs,Rs 31.10,"Rs 5,722.40",BRD-UJN
T009945,08/07/20,F01869,FERT_PURCHASE,NPK 10:26:26,250 kg,Rs 52.64,"Rs 13,160.00",BRD-UJN
T009946,30/08/20,F01869,loan,EMI,,,"Rs 3,300.00",BRD-UJN
T009947,22/11/20,F01870,D,Soybean (Yellow),0.49 quintals,"Rs 5,245.00","Rs 2,570.05",BRD-UJN
T009948,07/10/20,f01870,Delivery,soya,6.23 quintals,"Rs 5,245.00","Rs 32,676.35",BRD-UJN
T009949,14/10/20,F01870,D,soya,101 kg,"Rs 5,245.00","Rs 5,297.45",BRD-UJN
T009950,21/06/20,F01870,INPUT_PURCHASE,DAP,135 kgs,Rs 35.16,"Rs 4,746.60",BRD-UJN
T009951,23/11/20,F01872,DELIVERY,Soybean (Yellow),17.91 q,"Rs 4,920.00","Rs 88,117.20",BRD-UJN
T009952,25/11/20,F01873,delivery,Soybean,670.00 kgs,"Rs 5,175.00","Rs 34,672.50",BRD-UJN
T009953,16/10/20,F01873,delivery,Soybean (Yellow),35.00 kgs,"Rs 5,175.00","Rs 1,811.25",BRD-UJN
T009954,03/11/20,F01873,DELIVERY,Soybean (Yellow),0.04 MT,"Rs 5,175.00","Rs 2,225.25",BRD-UJN
T009955,01/07/20,F01873,input,Fertilizer,106 kgs,Rs 37.34,"Rs 3,958.04",BRD-UJN
T009956,15/07/20,F01873,FERT_PURCHASE,NPK 10:26:26,221 kg,Rs 56.90,"Rs 12,574.90",BRD-UJN
T009957,18/06/20,F01873,LOAN_REPAY,EMI,,,"Rs 3,300.00",BRD-UJN
T009958,31/08/20,F01873,loan,EMI,,,"Rs 7,200.00",BRD-UJN
T009959,08/10/20,f01874,delivery,SOYABEAN,1996 kg,"Rs 5,270.00","Rs 1,05,189.20",BRD-UJN
T009960,04/10/20,f01874,Delivery,Soybean,"2,925.00 kgs","Rs 5,270.00","Rs 1,54,147.50",BRD-UJN
T009961,16/06/20,f01874,input,DAP,61 kg,Rs 45.46,"Rs 2,773.06",BRD-UJN
T009962,29/11/20,F01875,D,Soybean (Yellow),"2,157.00 kgs","Rs 5,150.00","Rs 1,11,085.50",BRD-UJN
T009963,11/07/20,F01875,INPUT_PURCHASE,Fertilizer,123 kgs,Rs 54.34,"Rs 6,683.82",BRD-UJN
T009964,07/10/20,F01875,L,EMI,,,"Rs 5,900.00",BRD-UJN
T009965,04/10/20,F01876,FPO_DELIVERY,Soybean,1.81 MT,"Rs 5,340.00","Rs 96,814.20",BRD-UJN
T009966,10/10/20,F01878,delivery,soya,9.36 q,"Rs 5,470.00","Rs 51,199.20",BRD-UJN
T009967,19/11/20,F01878,D,SOYABEAN,232.00 kgs,"Rs 5,470.00","Rs 12,690.40",BRD-UJN
T009968,05/07/20,F01878,Input Purchase,FERTILIZER 50kg bag,230 kgs,Rs 28.73,"Rs 6,607.90",BRD-UJN
T009969,04/06/20,F01878,FERT_PURCHASE,PP chemicals,289 kgs,Rs 269.16,"Rs 77,787.24",BRD-UJN
T009970,29/11/20,F01880,delivery,SOYABEAN,34.82 quintals,"Rs 5,125.00","Rs 1,78,452.50",BRD-UJN
T009971,11/10/20,F01881,FPO_DELIVERY,Soybean,14.66 quintals,"Rs 4,995.00","Rs 73,226.70",BRD-UJN
T009972,26/10/20,F01881,Delivery,soya,1.4 qtl,"Rs 4,995.00","Rs 6,943.05",BRD-UJN
T009973,10/06/20,F01881,Input Purchase,Bio-pesticide,59 kgs,Rs 655.19,"Rs 38,656.21",BRD-UJN
T009974,07/07/20,F01881,FERT_PURCHASE,PP chemicals,75 kgs,Rs 331.52,"Rs 24,864.00",BRD-UJN
T009975,13/06/20,f01881,input,Hybrid Seeds,49 kg,Rs 73.22,"Rs 3,587.78",BRD-UJN
T009976,03/10/20,F01882,delivery,SOYABEAN,1.79 t,"Rs 5,180.00","Rs 92,618.40",BRD-UJN
T009977,06/06/20,F01882,INPUT_PURCHASE,Hybrid Seeds,74 kgs,Rs 47.59,"Rs 3,521.66",BRD-UJN
T009978,29/10/20,f01885,FPO_DELIVERY,Soybean,2.52 quintals,"Rs 4,900.00","Rs 12,348.00",BRD-UJN
T009979,30/10/20,F01885,DELIVERY,SOYABEAN,43.63 q,"Rs 4,900.00","Rs 2,13,787.00",BRD-UJN
T009980,09/07/20,F01885,I,DAP,83 kgs,Rs 53.62,"Rs 4,450.46",BRD-UJN
T009981,32/01/2022,F01885,Input Purchase,FERTILIZER 50kg bag,268 kgs,Rs 45.65,"Rs 12,234.20",BRD-UJN
T009982,04/10/20,F01885,L,Loan Repayment,,,"Rs 7,500.00",BRD-UJN
T009983,08/10/20,F01885,Loan Repayment,Loan Repayment,,,"Rs 3,300.00",BRD-UJN
T009984,07/07/20, F01885 ,LOAN_REPAY,Loan Repayment,,,"Rs 3,300.00",BRD-UJN
T009985,05/11/20,F01886,Delivery,Soybean,1877 kg,"Rs 5,075.00","Rs 95,257.75",BRD-UJN
T009986,28/10/20,F01886,delivery,Soybean,3.04 t,"Rs 5,075.00","Rs 1,54,127.75",BRD-UJN
T009987,23/06/20,F01886,FERT_PURCHASE,Seeds,122 kg,Rs 127.45,"Rs 15,548.90",BRD-UJN
T009988,19/06/20,F01886,loan,Loan Repayment,,,"Rs 2,000.00",BRD-UJN
T009989,25/11/20,f01886,LOAN_REPAY,Loan Repayment,,,"Rs 2,000.00",BRD-UJN
T009990,23/10/20,F01889,DELIVERY,Soybean,"3,215.00 kgs","Rs 5,000.00","Rs 1,60,750.00",BRD-UJN
T009991,16/06/20,F01889,FERT_PURCHASE,PPC,29 kgs,Rs 340.21,"Rs 9,866.09",BRD-UJN
T009992,09/07/20,F01889,FERT_PURCHASE,Seeds,207 kg,Rs 118.86,"Rs 24,604.02",BRD-UJN
T009993,17/11/20, F01890 ,delivery,soya,1.22 quintals,"Rs 4,855.00","Rs 5,923.10",BRD-UJN
T009994,11/10/20,F01890,delivery,soya,"1,411.00 kgs","Rs 4,855.00","Rs 68,504.05",BRD-UJN
T009995,03/07/20,F01890,FERT_PURCHASE,Bio-pesticide,132 kgs,Rs 571.66,"Rs 75,459.12",BRD-UJN
T009996,08/07/20,F01890,Input Purchase,NPK 10:26:26,249 kg,Rs 54.68,"Rs 13,615.32",BRD-UJN
T009997,24/10/20,F01891,FPO_DELIVERY,Soybean,13.00 quintals,"Rs 5,155.00","Rs 67,015.00",BRD-UJN
T009998,10/11/20,F01893,Delivery,Soybean (Yellow),167 kg,"Rs 4,820.00","Rs 8,049.40",BRD-UJN
T009999,13/10/20,f01893,delivery,Soybean (Yellow),7.34 quintals,"Rs 4,820.00","Rs 35,378.80",BRD-UJN
T010000,22/06/20,F01893,input,Seeds,250 kg,Rs 108.53,"Rs 27,132.50",BRD-UJN
T010001,09/07/20,F01893,FERT_PURCHASE,SEEDS,46 kgs,Rs 77.92,"Rs 3,584.32",BRD-UJN
T010002,23/11/20,f01893,LOAN_REPAY,EMI,,,"Rs 6,200.00",BRD-UJN
T010003,07/07/20,F01893,LOAN_REPAY,Loan Repayment,,,"Rs 2,000.00",BRD-UJN
T010004,21/07/20,F01893,LOAN_REPAY,Loan Repayment,,,"Rs 5,900.00",BRD-UJN
T010005,13/11/20, F01899 ,D,Soybean (Yellow),48.59 q,"Rs 5,270.00","Rs 2,56,069.30",BRD-UJN
T010006,24/06/20,F01899,input,PPC,235 kgs,Rs 243.06,"Rs 57,119.10",BRD-UJN
T010007,07/07/20,F01899,Input Purchase,SEEDS,106 kgs,Rs 120.92,"Rs 12,817.52",BRD-UJN
T010008,26/06/20,F01899,Input Purchase,Bio-pesticide,272 kg,Rs 399.17,"Rs 1,08,574.24",BRD-UJN
T010009,17/06/20,F01899,Input Purchase,Bio-pesticide,258 kg,Rs 322.13,"Rs 83,109.54",BRD-UJN
T010010,02/06/20,f01899,INPUT_PURCHASE,SEEDS,144 kg,Rs 84.03,"Rs 12,100.32",BRD-UJN
T010011,12/11/20,F01900,delivery,soya,145 kg,"Rs 4,970.00","Rs 7,206.50",BRD-UJN
T010012,17/10/20,F01900,delivery,soya,104.00 kgs,"Rs 4,970.00","Rs 5,168.80",BRD-UJN
T010013,28/11/20,F01901,DELIVERY,SOYABEAN,923 kg,"Rs 5,190.00","Rs 47,903.70",BRD-UJN
T010014,24/11/20,F01901,Delivery,Soybean (Yellow),48.00 kgs,"Rs 5,190.00","Rs 2,491.20",BRD-UJN
T010015,15/11/20,f01901,DELIVERY,soya,1.2 qtl,"Rs 5,190.00","Rs 6,228.00",BRD-UJN
T010016,16/06/20,F01901,FERT_PURCHASE,Bio-pesticide,162 kgs,Rs 471.16,"Rs 76,327.92",BRD-UJN
T010017,03/11/20,F01902,Delivery,soya,856.00 kgs,"Rs 5,035.00","Rs 43,099.60",BRD-UJN
T010018,24/06/20,F01902,Input Purchase,DAP,61 kgs,Rs 47.31,"Rs 2,885.91",BRD-UJN
T010019,03/06/20,F01902,I,DAP,175 kgs,Rs 32.91,"Rs 5,759.25",BRD-UJN
T010020,01/10/20,f01903,DELIVERY,Soybean (Yellow),5.77 q,"Rs 4,960.00","Rs 28,619.20",BRD-UJN
T010021,11/11/20,F01903,D,soya,9.6 qtl,"Rs 4,960.00","Rs 47,616.00",BRD-UJN
T010022,08/07/20,F01903,I,Bio-pesticide,214 kgs,Rs 184.67,"Rs 39,519.38",BRD-UJN
T010023,04/09/20,F01903,Loan Repayment,Loan Repayment,,,"Rs 5,500.00",BRD-UJN
T010024,01/08/20,F01903,Loan Repayment,EMI,,,"Rs 7,800.00",BRD-UJN
T010025,06/11/20,F01904,DELIVERY,Soybean,0.36 MT,"Rs 5,005.00","Rs 18,218.20",BRD-UJN
T010026,11/10/20,F01904,Delivery,SOYABEAN,244 kg,"Rs 5,005.00","Rs 12,212.20",BRD-UJN
T010027,04/06/20,F01904,Input Purchase,PP chemicals,33 kgs,Rs 609.73,"Rs 20,121.09",BRD-UJN
T010028,05/10/20,F01905,FPO_DELIVERY,Soybean (Yellow),"1,174.00 kgs","Rs 5,340.00","Rs 62,691.60",BRD-UJN
T010029,23/10/20, F01907 ,D,Soybean,432 kg,"Rs 5,115.00","Rs 22,096.80",BRD-UJN
T010030,27/10/20,F01907,FPO_DELIVERY,Soybean (Yellow),"1,384.00 kgs","Rs 5,115.00","Rs 70,791.60",BRD-UJN
T010031,23/06/20,F01907,Input Purchase,NPK 10:26:26,249 kg,Rs 52.28,"Rs 13,017.72",BRD-UJN
T010032,16/11/20,F01908,FPO_DELIVERY,Soybean (Yellow),662 kg,"Rs 5,195.00","Rs 34,390.90",BRD-UJN
T010033,11/10/20,F01908,DELIVERY,Soybean (Yellow),0.49 MT,"Rs 5,195.00","Rs 25,403.55",BRD-UJN
T010034,22/11/20,F01908,FPO_DELIVERY,soya,2.2 qtl,"Rs 5,195.00","Rs 11,688.75",BRD-UJN
T010035,18/06/20,f01908,INPUT_PURCHASE,NPK 10:26:26,115 kgs,Rs 28.66,"Rs 3,295.90",BRD-UJN
T010036,01/07/20,F01908,INPUT_PURCHASE,Hybrid Seeds,33 kgs,Rs 63.46,"Rs 2,094.18",BRD-UJN
T010037,19/07/20,F01908,loan,EMI,,,"Rs 7,700.00",BRD-UJN
T010038,20/11/20,F01909,D,Soybean,32.3 qtl,"Rs 5,150.00","Rs 1,66,448.00",BRD-UJN
T010039,15/11/20,f01909,FPO_DELIVERY,soya,15.64 q,"Rs 5,150.00","Rs 80,546.00",BRD-UJN
T010040,18/06/20,F01909,input,Seeds,47 kg,Rs 68.06,"Rs 3,198.82",BRD-UJN
T010041,15/06/20,F01909,Loan Repayment,EMI,,,"Rs 7,900.00",BRD-UJN
T010042,23/11/20,F01909,LOAN_REPAY,EMI,,,"Rs 5,800.00",BRD-UJN
T010043,28/11/20,F01910,FPO_DELIVERY,Soybean,7.38 quintals,"Rs 5,015.00","Rs 37,010.70",BRD-UJN
T010044,06/07/20,F01910,Input Purchase,Fertilizer,84 kgs,Rs 37.54,"Rs 3,153.36",BRD-UJN
T010045,04/07/20,F01910,input,DAP,39 kg,Rs 33.97,"Rs 1,324.83",BRD-UJN
T010046,19/08/20,F01910,L,Loan Repayment,,,"Rs 2,600.00",BRD-UJN
T010047,04/11/20,F01910,LOAN_REPAY,Loan Repayment,,,"Rs 1,800.00",BRD-UJN
T010769,30/11/20,f02228,delivery,Soybean,41 kg,"Rs 4,985.00","Rs 2,043.85",BRD-UJN
T010770,23/11/20,F02228,delivery,Soybean,"1,549.00 kgs","Rs 4,985.00","Rs 77,217.65",BRD-UJN
T010771,10/06/20,f02228,FERT_PURCHASE,NPK 10:26:26,235 kg,Rs 38.52,"Rs 9,052.20",BRD-UJN
T010772,10/06/20,F02228,FERT_PURCHASE,FERTILIZER 50kg bag,124 kgs,Rs 55.41,"Rs 6,870.84",BRD-UJN
T010773,09/07/20,F02228,FERT_PURCHASE,Urea,152 kg,Rs 43.40,"Rs 6,596.80",BRD-UJN
T010797,31/10/20,F02239,DELIVERY,soya,"2,504.00 kgs","Rs 5,050.00","Rs 1,26,452.00",BRD-UJN
T010798,12/06/20,F02239,I,FERTILIZER 50kg bag,101 kg,Rs 52.45,"Rs 5,297.45",BRD-UJN
T010799,09/07/20,F02239,Input Purchase,Urea,274 kgs,Rs 48.86,"Rs 13,387.64",BRD-UJN
T010804,27/10/20,f02242,D,Soybean (Yellow),"1,803.00 kgs","Rs 5,180.00","Rs 93,395.40",BRD-UJN
T010805,14/10/20,F02242,Delivery,soya,284 kg,"Rs 5,180.00","Rs 14,711.20",BRD-UJN
T010806,28/11/20,F02242,delivery,Soybean,2.4 qtl,"Rs 5,180.00","Rs 12,639.20",BRD-UJN
T010807,04/07/20,F02242,INPUT_PURCHASE,SEEDS,176 kgs,Rs 71.08,"Rs 12,510.08",BRD-UJN
T010808,01/07/20,F02242,Input Purchase,Urea,259 kg,Rs 34.34,"Rs 8,894.06",BRD-UJN
T010899,29/11/20,F02274,delivery,Soybean,205.00 kgs,"Rs 5,050.00","Rs 10,352.50",BRD-UJN
T010900,17/10/20,F02274,D,Soybean (Yellow),433.00 kgs,"Rs 5,050.00","Rs 21,866.50",BRD-UJN
T010917,20/10/20, F02282 ,delivery,soya,400.00 kgs,"Rs 5,190.00","Rs 20,760.00",BRD-UJN
T010918,23/06/20,F02282,Input Purchase,SEEDS,311 kgs,Rs 51.33,"Rs 15,963.63",BRD-UJN
T010976,14/11/20,F02304,DELIVERY,Soybean (Yellow),26.14 q,"Rs 5,060.00","Rs 1,32,268.40",BRD-UJN
T010995,23/11/20,F02310,D,Soybean (Yellow),"1,096.00 kgs","Rs 5,130.00","Rs 56,224.80",BRD-UJN
T010996,10/10/20,F02310,DELIVERY,Soybean (Yellow),9.5 qtl,"Rs 5,130.00","Rs 48,683.70",BRD-UJN
T010997,26/06/20,F02310,I,DAP,297 kg,Rs 46.78,"Rs 13,893.66",BRD-UJN
T010999,13/10/20,F02312,FPO_DELIVERY,Soybean,0.54 q,"Rs 5,385.00","Rs 2,907.90",BRD-UJN
T011000,20/10/20,F02312,DELIVERY,Soybean,5.01 quintals,"Rs 5,385.00","Rs 26,978.85",BRD-UJN
T011001,18/06/20,F02312,Input Purchase,Seeds,39 kg,Rs 129.47,"Rs 5,049.33",BRD-UJN
T011002,28/10/20,F02313,FPO_DELIVERY,Soybean,16.09 q,"Rs 5,325.00","Rs 85,679.25",BRD-UJN
T011003,20/06/20,F02313,Input Purchase,Urea,171 kg,Rs 45.00,"Rs 7,695.00",BRD-UJN
T011004,05/07/20,F02313,INPUT_PURCHASE,PP chemicals,34 kgs,Rs 322.21,"Rs 10,955.14",BRD-UJN
T011005,23/07/20,f02313,loan,Loan Repayment,,,"Rs 2,300.00",BRD-UJN
T011041,21/10/20,F02325,Delivery,Soybean,14.56 quintals,"Rs 4,930.00","Rs 71,780.80",BRD-UJN
T011042,19/06/20,F02325,Input Purchase,Seeds,97 kg,Rs 57.12,"Rs 5,540.64",BRD-UJN
T011043,07/07/20,F02325,FERT_PURCHASE,Bio-pesticide,134 kgs,Rs 290.23,"Rs 38,890.82",BRD-UJN
T011079,09/11/20,F02336,D,SOYABEAN,546.00 kgs,"Rs 4,860.00","Rs 26,535.60",BRD-UJN
T011080,09/10/20,F02336,delivery,SOYABEAN,4.41 q,"Rs 4,860.00","Rs 21,432.60",BRD-UJN
T011081,29/06/20,F02336,I,DAP,62 kg,Rs 53.95,"Rs 3,344.90",BRD-UJN
T012547,04/03/21,F01764,Delivery,Wheat (Durum),3542 kg,"Rs 2,400.00","Rs 85,008.00",BRD-UJN
T012548,01/12/20,F01764,INPUT_PURCHASE,PP chemicals,180 kg,Rs 499.81,"Rs 89,965.80",BRD-UJN
T012549,06/01/21,F01764,INPUT_PURCHASE,PP chemicals,25 kg,Rs 138.32,"Rs 3,458.00",BRD-UJN
T012550,01/01/21,F01764,loan,EMI,,,"Rs 6,900.00",BRD-UJN
T012551,17/04/21,F01764,LOAN_REPAY,Loan Repayment,,,"Rs 5,800.00",BRD-UJN
T012552,10/04/21,F01765,delivery,wheat,28.33 q,"Rs 2,425.00","Rs 68,700.25",BRD-UJN
T012553,19/04/21,f01765,delivery,Wheat,3475 kg,"Rs 2,425.00","Rs 84,268.75",BRD-UJN
T012554,30/12/20,F01765,INPUT_PURCHASE,NPK 10:26:26,59 kg,Rs 48.88,"Rs 2,883.92",BRD-UJN
T012555,09/01/21,F01765,input,Urea,72 kgs,Rs 48.15,"Rs 3,466.80",BRD-UJN
T012556,06/12/20,F01765,FERT_PURCHASE,FERTILIZER 50kg bag,219 kg,Rs 40.31,"Rs 8,827.89",BRD-UJN
T012557,13/03/21,F01770,D,Wheat (Durum),18.17 quintals,"Rs 2,535.00","Rs 46,060.95",BRD-UJN
T012558,16/12/20,F01770,input,Hybrid Seeds,149 kg,Rs 65.57,"Rs 9,769.93",BRD-UJN
T012559,05/12/20,F01770,INPUT_PURCHASE,DAP,237 kg,Rs 56.71,"Rs 13,440.27",BRD-UJN
T012560,27/03/21,F01772,DELIVERY,WHEAT,1327 kg,"Rs 2,485.00","Rs 32,975.95",BRD-UJN
T012561,19/04/21,F01772,DELIVERY,Wheat,20.54 q,"Rs 2,485.00","Rs 51,041.90",BRD-UJN
T012562,06/01/21,F01772,input,Hybrid Seeds,158 kg,Rs 118.44,"Rs 18,713.52",BRD-UJN
T012563,06/01/21,F01772,Input Purchase,Urea,288 kg,Rs 37.88,"Rs 10,909.44",BRD-UJN
T012564,24/12/20,F01772,FERT_PURCHASE,SEEDS,159 kgs,Rs 122.22,"Rs 19,432.98",BRD-UJN
T012565,05/01/21,F01772,I,FERTILIZER 50kg bag,156 kg,Rs 40.38,"Rs 6,299.28",BRD-UJN
T012566,31/12/20,F01772,Input Purchase,SEEDS,275 kg,Rs 109.95,"Rs 30,236.25",BRD-UJN
T012567,10/02/21,f01772,L,EMI,,,"Rs 6,700.00",BRD-UJN
T012568,29/03/21,F01774,FPO_DELIVERY,Wheat (Durum),39.5 qtl,"Rs 2,480.00","Rs 97,910.40",BRD-UJN
T012569,01/01/21,F01774,Input Purchase,Seeds,165 kg,Rs 124.89,"Rs 20,606.85",BRD-UJN
T012570,02/01/21,F01774,INPUT_PURCHASE,Hybrid Seeds,226 kg,Rs 63.87,"Rs 14,434.62",BRD-UJN
T012571,06/01/21,F01774,INPUT_PURCHASE,PPC,45 kg,Rs 141.19,"Rs 6,353.55",BRD-UJN
T012572,17/12/20,F01774,FERT_PURCHASE,FERTILIZER 50kg bag,313 kg,Rs 39.23,"Rs 12,278.99",BRD-UJN
T012573,26/04/21,F01779,DELIVERY,Lokwan Wheat,10.30 q,"Rs 2,480.00","Rs 25,544.00",BRD-UJN
T012574,04/04/21,F01779,FPO_DELIVERY,Wheat,3481 kg,"Rs 2,480.00","Rs 86,328.80",BRD-UJN
T012575,01/05/21,F01780,DELIVERY,Wheat,46.6 qtl,"Rs 2,425.00","Rs 1,13,053.50",BRD-UJN
T012576,13/01/21,,input,Seeds,288 kgs,Rs 106.48,"Rs 30,666.24",BRD-UJN
T012577,02/01/21,F01780,input,Hybrid Seeds,151 kgs,Rs 125.39,"Rs 18,933.89",BRD-UJN
T012578,02/01/21,F01780,input,Seeds,240 kgs,Rs 45.72,"Rs 10,972.80",BRD-UJN
T012579,09/03/21,F01781,Delivery,wheat,3887 kg,"Rs 2,310.00","Rs 89,789.70",BRD-UJN
T012580,12/12/20,f01781,input,PP chemicals,50 kg,Rs 661.44,"Rs 33,072.00",BRD-UJN
T012581,05/12/20,f01781,Input Purchase,Fertilizer,128 kg,Rs 37.06,"Rs 4,743.68",BRD-UJN
T012582,11/12/20,F01781,Input Purchase,SEEDS,303 kg,Rs 107.07,"Rs 32,442.21",BRD-UJN
T012583,09/12/20,F01781,input,NPK 10:26:26,111 kg,Rs 55.74,"Rs 6,187.14",BRD-UJN
T012584,01/03/21,F01782,Delivery,Wheat,86.17 quintals,"Rs 2,395.00","Rs 2,06,377.15",BRD-UJN
T012585,14/03/21,F01782,Loan Repayment,EMI,,,"Rs 1,500.00",BRD-UJN
T012586,08/04/21,F01783,D,WHEAT,"1,808.00 kgs","Rs 2,340.00","Rs 42,307.20",BRD-UJN
T012587,06/03/21, F01783 ,DELIVERY,chana,5.99 quintals,"Rs 6,150.00","Rs 36,838.50",BRD-UJN
T012588,01/12/20,F01783,FERT_PURCHASE,Hybrid Seeds,271 kgs,Rs 96.92,"Rs 26,265.32",BRD-UJN
T012589,29/12/20,F01783,input,Urea,151 kgs,Rs 59.59,"Rs 8,998.09",BRD-UJN
T012590,22/04/21,F01784,Delivery,Lokwan Wheat,1.34 MT,"Rs 2,235.00","Rs 29,859.60",BRD-UJN
T012591,08/05/21,F01784,Delivery,Wheat (Durum),16.5 qtl,"Rs 2,235.00","Rs 36,966.90",BRD-UJN
T012592,10/05/21,F01784,Delivery,GRAM (Chana),976.00 kgs,"Rs 6,200.00","Rs 60,512.00",BRD-UJN
T012593,01/01/21,F01784,input,Hybrid Seeds,183 kg,Rs 112.64,"Rs 20,613.12",BRD-UJN
T012594,21/12/20,F01784,I,NPK 10:26:26,67 kg,Rs 41.29,"Rs 2,766.43",BRD-UJN
T012595,15/01/21,F01784,I,NPK 10:26:26,281 kg,Rs 41.83,"Rs 11,754.23",BRD-UJN
T012596,01/12/20,F01784,FERT_PURCHASE,FERTILIZER 50kg bag,60 kg,Rs 51.41,"Rs 3,084.60",BRD-UJN
T012597,17/03/21,F01786,DELIVERY,Lokwan Wheat,5495 kg,"Rs 2,385.00","Rs 1,31,055.75",BRD-UJN
T012598,02/12/20,F01786,INPUT_PURCHASE,Urea,188 kgs,Rs 46.37,"Rs 8,717.56",BRD-UJN
T012599,08/04/21,F01787,Delivery,wheat,0.46 quintals,"Rs 2,345.00","Rs 1,078.70",BRD-UJN
T012600,15/04/21,f01787,DELIVERY,Lokwan Wheat,3.53 t,"Rs 2,345.00","Rs 82,872.30",BRD-UJN
T012601,30/12/20,F01787,FERT_PURCHASE,FERTILIZER 50kg bag,191 kgs,Rs 36.93,"Rs 7,053.63",BRD-UJN
T012602,02/01/21,F01787,Input Purchase,PPC,134 kgs,Rs 234.79,"Rs 31,461.86",BRD-UJN
T012603,25/03/21,F01788,D,Wheat (Durum),"12,389.00 kgs","Rs 2,325.00","Rs 2,88,044.25",BRD-UJN
T012604,11/03/21,F01791,D,Lokwan Wheat,36.6 qtl,"Rs 2,350.00","Rs 86,127.50",BRD-UJN
T012605,09/04/21,F01791,Loan Repayment,EMI,,,"Rs 7,300.00",BRD-UJN
T012606,25/03/21,F01792,D,WHEAT,1.4 qtl,"Rs 2,560.00","Rs 3,635.20",BRD-UJN
T012607,03/03/21,F01792,FPO_DELIVERY,Wheat (Durum),2446 kg,"Rs 2,560.00","Rs 62,617.60",BRD-UJN
T012608,04/05/21,F01792,delivery,Wheat (Durum),3.8 qtl,"Rs 2,560.00","Rs 9,625.60",BRD-UJN
T012609,23/12/20,F01792,input,NPK 10:26:26,304 kg,Rs 41.56,"Rs 12,634.24",BRD-UJN
T012610,06/01/21,F01792,INPUT_PURCHASE,NPK 10:26:26,313 kgs,Rs 37.05,"Rs 11,596.65",BRD-UJN
T012611,01/03/21,F01792,Loan Repayment,EMI,,,"Rs 4,600.00",BRD-UJN
T012612,31/03/21,F01792,L,EMI,,,"Rs 4,800.00",BRD-UJN
T012613,01/03/21,F01794,DELIVERY,Wheat,1326 kg,"Rs 2,340.00","Rs 31,028.40",BRD-UJN
T012614,15/03/21,F01794,FPO_DELIVERY,Wheat (Durum),430 kg,"Rs 2,340.00","Rs 10,062.00",BRD-UJN
T012615,06/05/21,F01798,D,WHEAT,113.08 quintals,"Rs 2,355.00","Rs 2,66,303.40",BRD-UJN
T012616,04/01/21, F01798 ,INPUT_PURCHASE,Bio-pesticide,306 kgs,Rs 318.55,"Rs 97,476.30",BRD-UJN
T012617,25/03/21,F01800,delivery,Wheat,0.90 MT,"Rs 2,220.00","Rs 20,002.20",BRD-UJN
T012618,19/04/21,F01800,Delivery,WHEAT,1356 kg,"Rs 2,220.00","Rs 30,103.20",BRD-UJN
T012619,06/01/21,F01800,FERT_PURCHASE,FERTILIZER 50kg bag,57 kg,Rs 46.51,"Rs 2,651.07",BRD-UJN
T012620,04/12/20,F01800,FERT_PURCHASE,NPK 10:26:26,178 kgs,Rs 35.26,"Rs 6,276.28",BRD-UJN
T012621,19/12/20,f01800,input,Urea,137 kgs,Rs 32.70,"Rs 4,479.90",BRD-UJN
T012622,17/04/21,F01801,D,Wheat,2.16 MT,"Rs 2,325.00","Rs 50,313.00",BRD-UJN
T012623,13/01/21,f01801,Input Purchase,Hybrid Seeds,271 kg,Rs 92.71,"Rs 25,124.41",BRD-UJN
T012624,20/04/21,F01803,Delivery,Wheat,4971 kg,"Rs 2,340.00","Rs 1,16,321.40",BRD-UJN
T012625,25/04/21,F01803,FPO_DELIVERY,Wheat (Durum),26.1 qtl,"Rs 2,340.00","Rs 61,074.00",BRD-UJN
T012626,08/12/20,F01803,INPUT_PURCHASE,DAP,293 kg,Rs 46.79,"Rs 13,709.47",BRD-UJN
T012627,10/12/20,F01803,INPUT_PURCHASE,FERTILIZER 50kg bag,91 kg,Rs 34.91,"Rs 3,176.81",BRD-UJN
T012628,13/01/21,F01803,input,SEEDS,214 kgs,Rs 102.97,"Rs 22,035.58",BRD-UJN
T012629,12/04/21,F01805,D,WHEAT,34.48 q,"Rs 2,240.00","Rs 77,235.20",BRD-UJN
T012630,06/01/21,f01805,INPUT_PURCHASE,Urea,76 kg,Rs 42.15,"Rs 3,203.40",BRD-UJN
T012631,23/12/20,F01805,FERT_PURCHASE,PPC,173 kgs,Rs 463.45,"Rs 80,176.85",BRD-UJN
T012632,08/12/20,F01805,FERT_PURCHASE,Hybrid Seeds,262 kg,Rs 81.18,"Rs 21,269.16",BRD-UJN
T012633,17/04/21,F01806,delivery,Wheat,13.14 q,"Rs 2,355.00","Rs 30,944.70",BRD-UJN
T012634,11/05/21,F01806,delivery,wheat,"2,480.00 kgs","Rs 2,355.00","Rs 58,404.00",BRD-UJN
T012635,11/12/20,F01806,FERT_PURCHASE,PP chemicals,146 kg,Rs 546.98,"Rs 79,859.08",BRD-UJN
T012636,11/12/20,F01806,INPUT_PURCHASE,NPK 10:26:26,80 kgs,Rs 33.07,"Rs 2,645.60",BRD-UJN
T012637,31/12/20,F01806,INPUT_PURCHASE,Hybrid Seeds,168 kg,Rs 129.62,"Rs 21,776.16",BRD-UJN
T012638,19/04/21,F01808,delivery,Lokwan Wheat,"6,847.00 kgs","Rs 2,430.00","Rs 1,66,382.10",BRD-UJN
T012639,06/04/21,F01808,DELIVERY,chana,22.21 q,"Rs 5,850.00","Rs 1,29,928.50",BRD-UJN
T012640,31/12/20,F01808,input,Hybrid Seeds,27 kgs,Rs 79.64,"Rs 2,150.28",BRD-UJN
T012641,05/01/21,F01808,Input Purchase,SEEDS,309 kgs,Rs 69.86,"Rs 21,586.74",BRD-UJN
T012642,28/12/20,F01808,I,Fertilizer,80 kgs,Rs 42.42,"Rs 3,393.60",BRD-UJN
T012643,20/04/21,F01809,DELIVERY,Wheat,2.34 t,"Rs 2,345.00","Rs 54,849.55",BRD-UJN
T012644,02/03/21,F01809,Delivery,Wheat (Durum),4601 kg,"Rs 2,345.00","Rs 1,07,893.45",BRD-UJN
T012645,01/01/21,F01809,INPUT_PURCHASE,Urea,297 kgs,Rs 40.57,"Rs 12,049.29",BRD-UJN
T012646,21/03/21,F01815,D,WHEAT,1648 kg,"Rs 2,220.00","Rs 36,585.60",BRD-UJN
T012647,25/03/21,F01815,DELIVERY,Wheat (Durum),2.02 q,"Rs 2,220.00","Rs 4,484.40",BRD-UJN
T012648,22/04/21, F01815 ,delivery,Gram,263.00 kgs,"Rs 5,865.00","Rs 15,424.95",BRD-UJN
T012649,26/04/21,F01815,delivery,Bengal Gram,364 kg,"Rs 5,865.00","Rs 21,348.60",BRD-UJN
T012650,17/12/20,F01815,FERT_PURCHASE,Fertilizer,165 kgs,Rs 36.32,"Rs 5,992.80",BRD-UJN
T012651,20/03/21,f01817,Delivery,WHEAT,1487 kg,"Rs 2,335.00","Rs 34,721.45",BRD-UJN
T012652,19/03/21,F01817,FPO_DELIVERY,chana,531 kg,"Rs 5,895.00","Rs 31,302.45",BRD-UJN
T012653,01/12/20,F01817,INPUT_PURCHASE,Urea,307 kgs,Rs 52.44,"Rs 16,099.08",BRD-UJN
T012654,01/01/21,f01817,FERT_PURCHASE,Seeds,206 kgs,Rs 112.42,"Rs 23,158.52",BRD-UJN
T012655,10/01/21,F01817,FERT_PURCHASE,Urea,104 kgs,Rs 31.40,"Rs 3,265.60",BRD-UJN
T012656,16/12/20, F01817 ,Input Purchase,Hybrid Seeds,237 kg,Rs 81.96,"Rs 19,424.52",BRD-UJN
T012657,06/04/21,f01818,DELIVERY,Lokwan Wheat,19.3 qtl,"Rs 2,375.00","Rs 45,885.00",BRD-UJN
T012658,14/03/21,F01818,FPO_DELIVERY,Wheat (Durum),2.09 MT,"Rs 2,375.00","Rs 49,708.75",BRD-UJN
T012659,09/04/21,F01818,delivery,Gram,1.36 t,"Rs 5,180.00","Rs 70,292.60",BRD-UJN
T012660,04/05/21,F01818,Delivery,Gram,126 kg,"Rs 5,180.00","Rs 6,526.80",BRD-UJN
T012661,15/12/20,F01818,Input Purchase,Seeds,36 kg,Rs 107.60,"Rs 3,873.60",BRD-UJN
T012662,13/05/21,F01823,delivery,WHEAT,1521 kg,"Rs 2,490.00","Rs 37,872.90",BRD-UJN
T012663,07/04/21,F01823,DELIVERY,Bengal Gram,5.70 q,"Rs 6,360.00","Rs 36,252.00",BRD-UJN
T012664,06/12/20,F01823,INPUT_PURCHASE,Urea,297 kg,Rs 50.84,"Rs 15,099.48",BRD-UJN
T012665,02/12/20,F01823,FERT_PURCHASE,Fertilizer,103 kgs,Rs 57.20,"Rs 5,891.60",BRD-UJN
T012666,24/04/21,F01824,D,Wheat (Durum),"3,149.00 kgs","Rs 2,330.00","Rs 73,371.70",BRD-UJN
T012667,08/01/21,F01824,Input Purchase,Hybrid Seeds,303 kgs,Rs 88.35,"Rs 26,770.05",BRD-UJN
T012668,11/12/20,f01824,I,Fertilizer,279 kg,Rs 55.69,"Rs 15,537.51",BRD-UJN
T012669,13/01/21,F01824,Loan Repayment,EMI,,,"Rs 6,500.00",BRD-UJN
T012670,31/03/21,f01824,L,EMI,,,"Rs 7,700.00",BRD-UJN
T012671,19/04/21,F01825,Delivery,Wheat (Durum),9374 kg,"Rs 2,220.00","Rs 2,08,102.80",BRD-UJN
T012672,08/12/20,F01825,INPUT_PURCHASE,SEEDS,98 kgs,Rs 64.52,"Rs 6,322.96",BRD-UJN
T012673,22/12/20,F01825,I,DAP,166 kgs,Rs 38.29,"Rs 6,356.14",BRD-UJN
T012674,30/12/20,F01825,I,Bio-pesticide,69 kgs,Rs 128.34,"Rs 8,855.46",BRD-UJN
T012675,20/12/20,F01825,FERT_PURCHASE,Fertilizer,107 kgs,Rs 35.19,"Rs 3,765.33",BRD-UJN
T012676,20/01/21,F01825,Loan Repayment,EMI,,,"Rs 6,600.00",BRD-UJN
T012677,05/05/21,F01827,D,Wheat,583 kg,"Rs 2,360.00","Rs 13,758.80",BRD-UJN
T012678,13/03/21,F01827,FPO_DELIVERY,Wheat,2.24 q,"Rs 2,360.00","Rs 5,286.40",BRD-UJN
T012679,23/12/20, F01827 ,I,Fertilizer,161 kg,Rs 59.93,"Rs 9,648.73",BRD-UJN
T012680,13/04/21,F01829,DELIVERY,Wheat,5.20 quintals,"Rs 2,540.00","Rs 13,208.00",BRD-UJN
T012681,02/05/21,F01829,D,WHEAT,43.95 q,"Rs 2,540.00","Rs 1,11,633.00",BRD-UJN
T012682,12/01/21,F01829,input,Seeds,172 kg,Rs 60.45,"Rs 10,397.40",BRD-UJN
T012683,07/05/21,F01831,Delivery,Lokwan Wheat,27.4 qtl,"Rs 2,205.00","Rs 60,527.25",BRD-UJN
T012684,29/04/21,F01831,DELIVERY,Lokwan Wheat,26.06 quintals,"Rs 2,205.00","Rs 57,462.30",BRD-UJN
T012685,12/04/21,F01833,D,WHEAT,77.00 kgs,"Rs 2,520.00","Rs 1,940.40",BRD-UJN
T012686,07/03/21,F01833,Delivery,Wheat (Durum),31.15 quintals,"Rs 2,520.00","Rs 78,498.00",BRD-UJN
T012687,23/03/21,F01833,FPO_DELIVERY,GRAM (Chana),11.4 qtl,"Rs 6,400.00","Rs 73,152.00",BRD-UJN
T012688,12/12/20,F01833,Input Purchase,Seeds,256 kgs,Rs 63.06,"Rs 16,143.36",BRD-UJN
T012689,05/12/20,F01833,input,Urea,217 kg,Rs 28.88,"Rs 6,266.96",BRD-UJN
T012690,07/03/21,F01837,delivery,Wheat,19.81 quintals,"Rs 2,305.00","Rs 45,662.05",BRD-UJN
T012691,28/12/20,F01837,input,DAP,138 kgs,Rs 45.68,"Rs 6,303.84",BRD-UJN
T012692,23/12/20,F01837,INPUT_PURCHASE,Urea,67 kg,Rs 45.79,"Rs 3,067.93",BRD-UJN
T012693,16/04/21,F01838,Delivery,Wheat (Durum),"1,021.00 kgs","Rs 2,395.00","Rs 24,452.95",BRD-UJN
T012694,29/03/21,F01838,delivery,Lokwan Wheat,5966 kg,"Rs 2,395.00","Rs 1,42,885.70",BRD-UJN
T012695,30/12/20,F01838,FERT_PURCHASE,Urea,288 kgs,Rs 33.18,"Rs 9,555.84",BRD-UJN
T012696,10/01/21,F01838,FERT_PURCHASE,DAP,251 kgs,Rs 35.55,"Rs 8,923.05",BRD-UJN
T012697,03/04/21,F01839,DELIVERY,Wheat (Durum),"2,705.00 kgs","Rs 2,285.00","Rs 61,809.25",BRD-UJN
T012698,06/12/20,F01839,INPUT_PURCHASE,NPK 10:26:26,235 kgs,Rs 29.28,"Rs 6,880.80",BRD-UJN
T012699,11/01/21,F01839,FERT_PURCHASE,Urea,95 kgs,Rs 35.22,"Rs 3,345.90",BRD-UJN
T012700,07/12/20,F01839,INPUT_PURCHASE,SEEDS,31 kgs,Rs 45.16,"Rs 1,399.96",BRD-UJN
T012701,17/12/20, F01839 ,Input Purchase,DAP,162 kg,Rs 28.39,"Rs 4,599.18",BRD-UJN
T012702,25/12/20,F01839,FERT_PURCHASE,DAP,302 kg,Rs 54.54,"Rs 16,471.08",BRD-UJN
T012703,10/05/21,F01841,FPO_DELIVERY,WHEAT,7.9 qtl,"Rs 2,165.00","Rs 17,038.55",BRD-UJN
T012704,30/03/21,F01841,Delivery,wheat,724.00 kgs,"Rs 2,165.00","Rs 15,674.60",BRD-UJN
T012705,04/12/20,F01841,FERT_PURCHASE,FERTILIZER 50kg bag,98 kg,Rs 33.06,"Rs 3,239.88",BRD-UJN
T012706,14/01/21,f01841,FERT_PURCHASE,NPK 10:26:26,247 kgs,Rs 46.98,"Rs 11,604.06",BRD-UJN
T012707,17/04/21,F01842,FPO_DELIVERY,wheat,224 kg,"Rs 2,395.00","Rs 5,364.80",BRD-UJN
T012708,30/04/21,F01842,delivery,WHEAT,26.9 qtl,"Rs 2,395.00","Rs 64,545.25",BRD-UJN
T012709,24/12/20,F01842,FERT_PURCHASE,FERTILIZER 50kg bag,266 kg,Rs 37.47,"Rs 9,967.02",BRD-UJN
T012710,14/12/20,F01842,INPUT_PURCHASE,Hybrid Seeds,76 kgs,Rs 85.76,"Rs 6,517.76",BRD-UJN
T012711,20/03/21,F01843,Delivery,WHEAT,"1,676.00 kgs","Rs 2,495.00","Rs 41,816.20",BRD-UJN
T012712,01/01/21,f01843,FERT_PURCHASE,FERTILIZER 50kg bag,90 kg,Rs 48.82,"Rs 4,393.80",BRD-UJN
T012713,17/12/20,F01843,I,DAP,160 kg,Rs 43.25,"Rs 6,920.00",BRD-UJN
T012714,12/03/21,F01844,DELIVERY,Lokwan Wheat,2318 kg,"Rs 2,255.00","Rs 52,270.90",BRD-UJN
T012715,17/03/21,F01844,DELIVERY,Lokwan Wheat,379.00 kgs,"Rs 2,255.00","Rs 8,546.45",BRD-UJN
T012716,30/12/20,F01844,FERT_PURCHASE,PP chemicals,194 kgs,Rs 310.97,"Rs 60,328.18",BRD-UJN
T012717,23/12/20,F01844,I,NPK 10:26:26,174 kgs,Rs 40.05,"Rs 6,968.70",BRD-UJN
T012718,05/01/21,F01844,I,PPC,124 kgs,Rs 516.27,"Rs 64,017.48",BRD-UJN
T012719,12/05/21,F01845,delivery,Wheat,3.90 q,"Rs 2,220.00","Rs 8,658.00",BRD-UJN
T012720,06/05/21,F01845,DELIVERY,WHEAT,7.6 qtl,"Rs 2,220.00","Rs 16,916.40",BRD-UJN
T012721,10/03/21,F01845,FPO_DELIVERY,WHEAT,0.11 t,"Rs 2,220.00","Rs 2,375.40",BRD-UJN
T012722,25/03/21,F01846,D,Lokwan Wheat,9.90 q,"Rs 2,290.00","Rs 22,671.00",BRD-UJN
T012723,18/04/21,F01846,Delivery,wheat,15.0 qtl,"Rs 2,290.00","Rs 34,350.00",BRD-UJN
T012724,08/12/20,F01846,INPUT_PURCHASE,PPC,142 kgs,Rs 260.89,"Rs 37,046.38",BRD-UJN
T012725,10/01/21,F01846,FERT_PURCHASE,Seeds,231 kgs,Rs 47.97,"Rs 11,081.07",BRD-UJN
T012726,21/05/21,F01846,loan,EMI,,,"Rs 5,500.00",BRD-UJN
T012727,16/04/21,F01848,Delivery,Wheat,2878 kg,"Rs 2,270.00","Rs 65,330.60",BRD-UJN
T012728,19/03/21,F01848,FPO_DELIVERY,Lokwan Wheat,18.3 qtl,"Rs 2,270.00","Rs 41,472.90",BRD-UJN
T012729,06/01/21,F01848,INPUT_PURCHASE,NPK 10:26:26,217 kgs,Rs 30.65,"Rs 6,651.05",BRD-UJN
T012730,18/04/21,F01849,delivery,Wheat,27.72 q,"Rs 2,420.00","Rs 67,082.40",BRD-UJN
T012731,26/03/21,F01849,FPO_DELIVERY,Bengal Gram,9.51 q,"Rs 6,190.00","Rs 58,866.90",BRD-UJN
T012732,17/12/20,F01849,I,Bio-pesticide,269 kg,Rs 489.75,"Rs 1,31,742.75",BRD-UJN
T012733,03/12/20,F01849,FERT_PURCHASE,Urea,317 kgs,Rs 54.05,"Rs 17,133.85",BRD-UJN
T012734,27/03/21,F01851,DELIVERY,Wheat,63.47 q,"Rs 2,210.00","Rs 1,40,268.70",BRD-UJN
T012735,22/04/21,f01851,FPO_DELIVERY,GRAM (Chana),23.74 q,"Rs 6,050.00","Rs 1,43,627.00",BRD-UJN
T012736,07/03/21, F01852 ,Delivery,Lokwan Wheat,13964 kg,"Rs 2,455.00","Rs 3,42,816.20",BRD-UJN
T012737,03/03/21,F01852,FPO_DELIVERY,chana,4.07 t,"Rs 5,590.00","Rs 2,27,513.00",BRD-UJN
T012738,12/05/21,f01852,DELIVERY,Bengal Gram,22.9 qtl,"Rs 5,590.00","Rs 1,27,787.40",BRD-UJN
T012739,10/01/21,F01852,FERT_PURCHASE,Fertilizer,97 kg,Rs 31.08,"Rs 3,014.76",BRD-UJN
T012740,19/12/20,F01852,INPUT_PURCHASE,Seeds,222 kg,Rs 77.99,"Rs 17,313.78",BRD-UJN
T012741,23/12/20,F01852,input,DAP,145 kg,Rs 36.76,"Rs 5,330.20",BRD-UJN
T012742,21/12/20,F01852,I,FERTILIZER 50kg bag,164 kgs,Rs 48.43,"Rs 7,942.52",BRD-UJN
T012743,30/03/21,F01858,DELIVERY,wheat,858.00 kgs,"Rs 2,290.00","Rs 19,648.20",BRD-UJN
T012744,31/03/21,F01858,DELIVERY,Wheat (Durum),540.00 kgs,"Rs 2,290.00","Rs 12,366.00",BRD-UJN
T012745,14/03/21,F01859,D,wheat,10.81 q,"Rs 2,115.00","Rs 22,863.15",BRD-UJN
T012746,13/04/21,F01859,Delivery,Lokwan Wheat,24.0 qtl,"Rs 2,115.00","Rs 50,802.30",BRD-UJN
T012747,23/04/21,F01859,D,chana,557.00 kgs,"Rs 6,030.00","Rs 33,587.10",BRD-UJN
T012748,28/04/21,f01859,delivery,GRAM (Chana),8.90 quintals,"Rs 6,030.00","Rs 53,667.00",BRD-UJN
T012749,17/12/20,F01859,input,SEEDS,264 kg,Rs 122.39,"Rs 32,310.96",BRD-UJN
T012750,05/04/21,f01861,Delivery,Wheat,"3,546.00 kgs","Rs 2,220.00","Rs 78,721.20",BRD-UJN
T012751,18/04/21,F01861,Loan Repayment,EMI,,,"Rs 2,800.00",BRD-UJN
T012752,19/01/21,F01861,Loan Repayment,Loan Repayment,,,"Rs 7,600.00",BRD-UJN
T012753,07/04/21,F01863,delivery,Wheat (Durum),23.70 q,"Rs 2,540.00","Rs 60,198.00",BRD-UJN
T012754,17/04/21,F01863,FPO_DELIVERY,WHEAT,418 kg,"Rs 2,540.00","Rs 10,617.20",BRD-UJN
T012755,15/03/21,F01863,FPO_DELIVERY,Wheat,656.00 kgs,"Rs 2,540.00","Rs 16,662.40",BRD-UJN
T012756,01/12/20,F01863,FERT_PURCHASE,Seeds,239 kg,Rs 109.58,"Rs 26,189.62",BRD-UJN
T012757,24/04/21,F01865,FPO_DELIVERY,Lokwan Wheat,21.84 quintals,"Rs 2,385.00","Rs 52,088.40",BRD-UJN
T012758,13/05/21,F01865,delivery,Wheat (Durum),831 kg,"Rs 2,385.00","Rs 19,819.35",BRD-UJN
T012759,02/05/21,F01865,delivery,Lokwan Wheat,297 kg,"Rs 2,385.00","Rs 7,083.45",BRD-UJN
T012760,02/01/21,F01865,Input Purchase,PPC,153 kg,Rs 146.80,"Rs 22,460.40",BRD-UJN
T012761,29/03/21,F01866,Delivery,Lokwan Wheat,22.0 qtl,"Rs 2,270.00","Rs 49,985.40",BRD-UJN
T012762,13/04/21,F01866,Delivery,Gram,7.63 q,"Rs 5,570.00","Rs 42,499.10",BRD-UJN
T012763,07/04/21,F01867,DELIVERY,Wheat (Durum),1728 kg,"Rs 2,390.00","Rs 41,299.20",BRD-UJN
T012764,04/01/21,F01867,I,NPK 10:26:26,316 kgs,Rs 52.79,"Rs 16,681.64",BRD-UJN
T012765,30/04/21,F01869,D,Wheat (Durum),1744 kg,"Rs 2,415.00","Rs 42,117.60",BRD-UJN
T012766,19/12/20,F01869,input,SEEDS,28 kgs,Rs 125.92,"Rs 3,525.76",BRD-UJN
T012767,08/01/21,F01869,FERT_PURCHASE,SEEDS,192 kgs,Rs 127.26,"Rs 24,433.92",BRD-UJN
T012768,28/12/20,F01869,I,Urea,244 kgs,Rs 40.05,"Rs 9,772.20",BRD-UJN
T012769,15/04/21,F01869,LOAN_REPAY,Loan Repayment,,,"Rs 6,300.00",BRD-UJN
T012770,22/03/21,f01869,Loan Repayment,Loan Repayment,,,"Rs 3,200.00",BRD-UJN
T012771,09/04/21,F01872,D,Wheat,143 kg,"Rs 2,210.00","Rs 3,160.30",BRD-UJN
T012772,13/05/21,F01872,DELIVERY,wheat,34.55 quintals,"Rs 2,210.00","Rs 76,355.50",BRD-UJN
T012773,30/04/21,F01872,FPO_DELIVERY,chana,43.00 kgs,"Rs 5,655.00","Rs 2,431.65",BRD-UJN
T012774,03/05/21,F01872,D,Gram,13.3 qtl,"Rs 5,655.00","Rs 75,098.40",BRD-UJN
T012775,23/04/21,F01872,D,Gram,0.5 qtl,"Rs 5,655.00","Rs 2,884.05",BRD-UJN
T012776,10/01/21,F01872,input,Urea,261 kg,Rs 52.38,"Rs 13,671.18",BRD-UJN
T012777,21/12/20,F01872,INPUT_PURCHASE,FERTILIZER 50kg bag,168 kgs,Rs 35.55,"Rs 5,972.40",BRD-UJN
T012778,17/02/21,F01872,Loan Repayment,EMI,,,"Rs 5,200.00",BRD-UJN
T012779,06/04/21,f01872,loan,EMI,,,"Rs 2,300.00",BRD-UJN
T012780,14/05/21,F01873,FPO_DELIVERY,Wheat,4.3 qtl,"Rs 2,375.00","Rs 10,236.25",BRD-UJN
T012781,27/03/21,F01873,D,Lokwan Wheat,1.09 t,"Rs 2,375.00","Rs 25,863.75",BRD-UJN
T012782,08/01/21,F01873,LOAN_REPAY,EMI,,,"Rs 3,900.00",BRD-UJN
T012783,31/12/20,F01873,Loan Repayment,EMI,,,"Rs 4,200.00",BRD-UJN
T012784,25/01/21,F01873,LOAN_REPAY,Loan Repayment,,,"Rs 5,000.00",BRD-UJN
T012785,11/03/21,F01875,FPO_DELIVERY,wheat,0.18 MT,"Rs 2,340.00","Rs 4,305.60",BRD-UJN
T012786,21/04/21,f01875,D,Wheat (Durum),4623 kg,"Rs 2,340.00","Rs 1,08,178.20",BRD-UJN
T012787,09/01/21,F01875,I,Fertilizer,198 kgs,Rs 55.43,"Rs 10,975.14",BRD-UJN
T012788,12/03/21,F01875,Loan Repayment,EMI,,,"Rs 4,700.00",BRD-UJN
T012789,15/04/21,F01875,loan,EMI,,,"Rs 6,000.00",BRD-UJN
T012790,20/12/20,f01875,loan,EMI,,,"Rs 1,200.00",BRD-UJN
T012791,28/03/21,F01876,FPO_DELIVERY,Lokwan Wheat,4.60 t,"Rs 2,395.00","Rs 1,10,050.25",BRD-UJN
T012792,26/12/20,F01876,Input Purchase,PPC,312 kg,Rs 332.74,"Rs 1,03,814.88",BRD-UJN
T012793,11/03/21,F01878,delivery,Wheat (Durum),4.3 qtl,"Rs 2,450.00","Rs 10,437.00",BRD-UJN
T012794,25/03/21,f01878,DELIVERY,Wheat,1.93 t,"Rs 2,450.00","Rs 47,285.00",BRD-UJN
T012795,09/12/20,f01878,input,Urea,286 kg,Rs 50.00,"Rs 14,300.00",BRD-UJN
T012796,14/12/20,F01878,INPUT_PURCHASE,Urea,181 kgs,Rs 58.53,"Rs 10,593.93",BRD-UJN
T012797,12/12/20,F01878,INPUT_PURCHASE,Bio-pesticide,63 kgs,Rs 355.37,"Rs 22,388.31",BRD-UJN
T012798,25/03/21,F01878,LOAN_REPAY,Loan Repayment,,,"Rs 6,700.00",BRD-UJN
T012799,22/12/20,F01878,LOAN_REPAY,Loan Repayment,,,"Rs 2,200.00",BRD-UJN
T012800,14/01/21,F01878,Loan Repayment,EMI,,,"Rs 7,000.00",BRD-UJN
T012801,02/03/21,F01880,FPO_DELIVERY,Wheat (Durum),"3,291.00 kgs","Rs 2,455.00","Rs 80,794.05",BRD-UJN
T012802,12/03/21,F01880,FPO_DELIVERY,Wheat,"5,611.00 kgs","Rs 2,455.00","Rs 1,37,750.05",BRD-UJN
T012803,11/01/21,F01880,FERT_PURCHASE,FERTILIZER 50kg bag,48 kgs,Rs 46.66,"Rs 2,239.68",BRD-UJN
T012804,17/03/21, F01881 ,Delivery,wheat,29.91 q,"Rs 2,455.00","Rs 73,429.05",BRD-UJN
T012805,03/01/21,F01881,FERT_PURCHASE,PP chemicals,305 kg,Rs 607.11,"Rs 1,85,168.55",BRD-UJN
T012806,28/12/20,F01881,Input Purchase,Seeds,148 kgs,Rs 58.55,"Rs 8,665.40",BRD-UJN
T012807,09/12/20,F01881,input,DAP,130 kg,Rs 41.41,"Rs 5,383.30",BRD-UJN
T012808,10/03/21,F01882,Delivery,Wheat (Durum),34.02 quintals,"Rs 2,375.00","Rs 80,797.50",BRD-UJN
T012809,07/01/21,F01882,INPUT_PURCHASE,Hybrid Seeds,236 kg,Rs 64.17,"Rs 15,144.12",BRD-UJN
T012810,02/01/21,F01882,input,Seeds,183 kg,Rs 65.65,"Rs 12,013.95",BRD-UJN
T012811,16/12/20,F01882,Input Purchase,Urea,125 kgs,Rs 33.05,"Rs 4,131.25",BRD-UJN
T012812,04/12/20,F01882,input,Urea,105 kgs,Rs 42.39,"Rs 4,450.95",BRD-UJN
T012813,02/01/21,F01882,FERT_PURCHASE,Seeds,87 kg,Rs 88.29,"Rs 7,681.23",BRD-UJN
T012814,15/01/21,F01882,I,NPK 10:26:26,297 kg,Rs 32.92,"Rs 9,777.24",BRD-UJN
T012815,03/03/21,f01885,Delivery,Wheat,36.22 quintals,"Rs 2,420.00","Rs 87,652.40",BRD-UJN
T012816,21/03/21,F01885,Delivery,Wheat (Durum),4561 kg,"Rs 2,420.00","Rs 1,10,376.20",BRD-UJN
T012817,02/01/21,F01885,input,Hybrid Seeds,83 kg,Rs 104.61,"Rs 8,682.63",BRD-UJN
T012818,13/12/20,f01885,Input Purchase,Urea,289 kg,Rs 53.82,"Rs 15,553.98",BRD-UJN
T012819,29/12/20,F01885,input,Fertilizer,212 kgs,Rs 37.60,"Rs 7,971.20",BRD-UJN
T012820,09/02/21,F01885,LOAN_REPAY,Loan Repayment,,,"Rs 5,000.00",BRD-UJN
T012821,06/03/21,F01885,loan,Loan Repayment,,,"Rs 4,600.00",BRD-UJN
T012822,03/05/21, F01886 ,FPO_DELIVERY,Wheat (Durum),93.17 q,"Rs 2,225.00","Rs 2,07,303.25",BRD-UJN
T012823,23/12/20,F01886,input,NPK 10:26:26,46 kgs,Rs 32.94,"Rs 1,515.24",BRD-UJN
T012824,08/12/20,F01886,INPUT_PURCHASE,Fertilizer,217 kg,Rs 49.38,"Rs 10,715.46",BRD-UJN
T012825,17/01/21,F01886,LOAN_REPAY,Loan Repayment,,,"Rs 2,300.00",BRD-UJN
T012826,18/04/21,F01889,DELIVERY,Wheat,66.1 qtl,"Rs 2,405.00","Rs 1,58,874.30",BRD-UJN
T012827,26/03/21,F01890,FPO_DELIVERY,Lokwan Wheat,"3,410.00 kgs","Rs 2,385.00","Rs 81,328.50",BRD-UJN
T012828,07/03/21,F01891,FPO_DELIVERY,WHEAT,4.55 q,"Rs 2,390.00","Rs 10,874.50",BRD-UJN
T012829,08/04/21,F01891,DELIVERY,wheat,2173 kg,"Rs 2,390.00","Rs 51,934.70",BRD-UJN
T012830,23/12/20,F01891,input,PPC,197 kg,Rs 265.19,"Rs 52,242.43",BRD-UJN
T012831,12/04/21,F01893,DELIVERY,wheat,676 kg,"Rs 2,360.00","Rs 15,953.60",BRD-UJN
T012832,12/03/21,F01893,D,Wheat (Durum),11.0 qtl,"Rs 2,360.00","Rs 26,054.40",BRD-UJN
T012833,17/04/21,F01893,Delivery,GRAM (Chana),22.00 kgs,"Rs 6,070.00","Rs 1,335.40",BRD-UJN
T012834,03/05/21,F01893,DELIVERY,chana,0.68 t,"Rs 6,070.00","Rs 41,458.10",BRD-UJN
T012835,17/12/20,f01893,INPUT_PURCHASE,Seeds,121 kg,Rs 108.02,"Rs 13,070.42",BRD-UJN
T012836,16/12/20,F01893,INPUT_PURCHASE,Urea,50 kg,Rs 36.95,"Rs 1,847.50",BRD-UJN
T012837,07/12/20,f01893,Input Purchase,DAP,230 kgs,Rs 42.21,"Rs 9,708.30",BRD-UJN
T012838,28/12/20,F01893,Input Purchase,DAP,235 kg,Rs 36.01,"Rs 8,462.35",BRD-UJN
T012839,31/12/20, F01893 ,INPUT_PURCHASE,PP chemicals,299 kgs,Rs 558.62,"Rs 1,67,027.38",BRD-UJN
T012840,13/01/21,F01893,Input Purchase,Fertilizer,89 kgs,Rs 29.97,"Rs 2,667.33",BRD-UJN
T012841,15/03/21,F01899,D,Wheat,"5,833.00 kgs","Rs 2,335.00","Rs 1,36,200.55",BRD-UJN
T012842,30/03/21,F01899,delivery,wheat,"2,506.00 kgs","Rs 2,335.00","Rs 58,515.10",BRD-UJN
T012843,12/05/21,F01899,Delivery,chana,"3,632.00 kgs","Rs 5,905.00","Rs 2,14,469.60",BRD-UJN
T012844,14/01/21,F01899,I,SEEDS,303 kg,Rs 60.89,"Rs 18,449.67",BRD-UJN
T012845,19/12/20,f01899,input,Urea,218 kg,Rs 58.56,"Rs 12,766.08",BRD-UJN
T012846,01/01/21,F01899,FERT_PURCHASE,DAP,109 kgs,Rs 55.66,"Rs 6,066.94",BRD-UJN
T012847,01/03/21,f01901,Delivery,wheat,16.9 qtl,"Rs 2,250.00","Rs 37,980.00",BRD-UJN
T012848,14/01/21,F01901,Input Purchase,SEEDS,274 kg,Rs 77.31,"Rs 21,182.94",BRD-UJN
T012849,11/03/21,F01903,Delivery,WHEAT,27.36 quintals,"Rs 2,285.00","Rs 62,517.60",BRD-UJN
T012850,10/03/21,F01903,DELIVERY,Wheat,0.3 qtl,"Rs 2,285.00",Rs 594.10,BRD-UJN
T012851,18/03/21,F01903,FPO_DELIVERY,GRAM (Chana),520 kg,"Rs 5,985.00","Rs 31,122.00",BRD-UJN
T012852,21/04/21,F01903,FPO_DELIVERY,chana,294 kg,"Rs 5,985.00","Rs 17,595.90",BRD-UJN
T012853,20/03/21,F01903,L,EMI,,,"Rs 3,700.00",BRD-UJN
T012854,23/12/20,F01903,loan,EMI,,,"Rs 7,400.00",BRD-UJN
T012855,30/04/21,F01904,FPO_DELIVERY,Wheat (Durum),11.2 qtl,"Rs 2,310.00","Rs 25,825.80",BRD-UJN
T012856,04/01/21,F01904,FERT_PURCHASE,FERTILIZER 50kg bag,289 kg,Rs 44.29,"Rs 12,799.81",BRD-UJN
T012857,13/01/21,F01904,I,Hybrid Seeds,181 kgs,Rs 62.92,"Rs 11,388.52",BRD-UJN
T012858,17/12/20,F01904,FERT_PURCHASE,Hybrid Seeds,233 kgs,Rs 101.43,"Rs 23,633.19",BRD-UJN
T012859,03/12/20,F01904,INPUT_PURCHASE,SEEDS,145 kgs,Rs 60.29,"Rs 8,742.05",BRD-UJN
T012860,31/03/21,F01905,DELIVERY,wheat,2401 kg,"Rs 2,160.00","Rs 51,861.60",BRD-UJN
T012861,13/01/21,F01905,INPUT_PURCHASE,Hybrid Seeds,53 kgs,Rs 90.19,"Rs 4,780.07",BRD-UJN
T012862,17/12/20,F01905,Input Purchase,Seeds,186 kg,Rs 91.19,"Rs 16,961.34",BRD-UJN
T012863,10/03/21,F01907,DELIVERY,WHEAT,"1,807.00 kgs","Rs 2,200.00","Rs 39,754.00",BRD-UJN
T012864,10/04/21,F01907,Delivery,Wheat,96.00 kgs,"Rs 2,200.00","Rs 2,112.00",BRD-UJN
T012865,22/03/21,F01907,delivery,wheat,26.22 q,"Rs 2,200.00","Rs 57,684.00",BRD-UJN
T012866,12/03/21,F01907,FPO_DELIVERY,GRAM (Chana),"1,711.00 kgs","Rs 6,005.00","Rs 1,02,745.55",BRD-UJN
T012867,08/12/20,F01907,input,DAP,270 kg,Rs 57.79,"Rs 15,603.30",BRD-UJN
T012868,03/12/20,F01907,I,Urea,213 kg,Rs 40.83,"Rs 8,696.79",BRD-UJN
T012869,05/01/21,f01907,Input Purchase,Hybrid Seeds,144 kgs,Rs 103.65,"Rs 14,925.60",BRD-UJN
T012870,05/04/21,F01907,LOAN_REPAY,EMI,,,"Rs 2,000.00",BRD-UJN
T012871,06/03/21,F01907,loan,EMI,,,"Rs 1,000.00",BRD-UJN
T012872,16/04/21,F01908,FPO_DELIVERY,Lokwan Wheat,439.00 kgs,"Rs 2,380.00","Rs 10,448.20",BRD-UJN
T012873,28/03/21,F01908,Delivery,WHEAT,1.80 MT,"Rs 2,380.00","Rs 42,816.20",BRD-UJN
T012874,26/03/21,F01908,Delivery,WHEAT,807.00 kgs,"Rs 2,380.00","Rs 19,206.60",BRD-UJN
T012875,27/04/21,F01908,Delivery,chana,8.20 quintals,"Rs 6,350.00","Rs 52,070.00",BRD-UJN
T012876,04/03/21,f01908,Delivery,chana,3.85 quintals,"Rs 6,350.00","Rs 24,447.50",BRD-UJN
T012877,07/12/20,F01908,FERT_PURCHASE,Hybrid Seeds,256 kgs,Rs 94.36,"Rs 24,156.16",BRD-UJN
T012878,15/12/20,F01908,I,Fertilizer,76 kgs,Rs 59.65,"Rs 4,533.40",BRD-UJN
T012879,18/04/21,F01908,loan,EMI,,,Rs 900.00,BRD-UJN
T012880,27/03/21,F01909,FPO_DELIVERY,Wheat,1338 kg,"Rs 2,380.00","Rs 31,844.40",BRD-UJN
T012881,12/05/21, F01909 ,Delivery,Wheat,88.2 qtl,"Rs 2,380.00","Rs 2,09,797.00",BRD-UJN
T012882,08/12/20,F01909,input,PP chemicals,285 kg,Rs 682.15,"Rs 1,94,412.75",BRD-UJN
T012883,21/12/20,F01909,Loan Repayment,EMI,,,"Rs 2,800.00",BRD-UJN
T012884,30/05/21,F01909,L,Loan Repayment,,,"Rs 2,600.00",BRD-UJN
T012885,14/05/21,F01910,delivery,WHEAT,19.9 qtl,"Rs 2,220.00","Rs 44,289.00",BRD-UJN
T012886,18/12/20,f01910,LOAN_REPAY,Loan Repayment,,,"Rs 3,600.00",BRD-UJN
T012887,13/02/21,F01910,L,EMI,,,"Rs 7,300.00",BRD-UJN
T013549,26/04/21,F02228,DELIVERY,Wheat,4.34 quintals,"Rs 2,470.00","Rs 10,719.80",BRD-UJN
T013550,05/03/21,F02228,FPO_DELIVERY,Wheat (Durum),2.0 qtl,"Rs 2,470.00","Rs 4,989.40",BRD-UJN
T013551,21/03/21,F02228,delivery,wheat,35.97 quintals,"Rs 2,470.00","Rs 88,845.90",BRD-UJN
T013552,19/12/20,F02228,FERT_PURCHASE,SEEDS,80 kg,Rs 66.71,"Rs 5,336.80",BRD-UJN
T013553,10/12/20,F02228,I,NPK 10:26:26,309 kg,Rs 30.07,"Rs 9,291.63",BRD-UJN
T013567,01/05/21,F02239,delivery,WHEAT,5476 kg,"Rs 2,460.00","Rs 1,34,709.60",BRD-UJN
T013568,06/05/21,F02239,DELIVERY,Wheat,139.00 kgs,"Rs 2,460.00","Rs 3,419.40",BRD-UJN
T013569,08/12/20,F02239,I,FERTILIZER 50kg bag,79 kg,Rs 32.61,"Rs 2,576.19",BRD-UJN
T013570,08/12/20,F02239,INPUT_PURCHASE,Bio-pesticide,41 kgs,Rs 510.05,"Rs 20,912.05",BRD-UJN
T013577,24/03/21,F02242,FPO_DELIVERY,Lokwan Wheat,58.2 qtl,"Rs 2,185.00","Rs 1,27,079.60",BRD-UJN
T013578,15/01/21,F02242,INPUT_PURCHASE,Seeds,317 kg,Rs 104.87,"Rs 33,243.79",BRD-UJN
T013646,09/05/21,F02274,Delivery,Lokwan Wheat,658.00 kgs,"Rs 2,265.00","Rs 14,903.70",BRD-UJN
T013647,27/03/21,F02274,D,WHEAT,0.69 t,"Rs 2,265.00","Rs 15,673.80",BRD-UJN
T013648,09/12/20,F02274,Input Purchase,Urea,109 kg,Rs 44.12,"Rs 4,809.08",BRD-UJN
T013664,13/05/21,f02282,D,Wheat (Durum),427.00 kgs,"Rs 2,145.00","Rs 9,159.15",BRD-UJN
T013665,02/05/21, F02282 ,Delivery,Lokwan Wheat,172 kg,"Rs 2,145.00","Rs 3,689.40",BRD-UJN
T013666,06/03/21,f02282,delivery,WHEAT,480 kg,"Rs 2,145.00","Rs 10,296.00",BRD-UJN
T013667,07/12/20,F02282,Input Purchase,Seeds,72 kg,Rs 94.09,"Rs 6,774.48",BRD-UJN
T013720,13/05/21,F02304,DELIVERY,wheat,14.09 quintals,"Rs 2,420.00","Rs 34,097.80",BRD-UJN
T013721,13/04/21,F02304,Delivery,WHEAT,"3,770.00 kgs","Rs 2,420.00","Rs 91,234.00",BRD-UJN
T013722,03/12/20,F02304,input,DAP,274 kgs,Rs 34.77,"Rs 9,526.98",BRD-UJN
T013723,15/05/21,F02304,L,Loan Repayment,,,"Rs 3,200.00",BRD-UJN
T013724,07/03/21,F02304,loan,EMI,,,"Rs 5,600.00",BRD-UJN
T013740,22/04/21,F02310,D,WHEAT,26.99 quintals,"Rs 2,280.00","Rs 61,537.20",BRD-UJN
T013741,05/04/21, F02310 ,delivery,Wheat (Durum),"2,493.00 kgs","Rs 2,280.00","Rs 56,840.40",BRD-UJN
T013742,17/12/20,f02310,Input Purchase,Urea,310 kgs,Rs 52.85,"Rs 16,383.50",BRD-UJN
T013743,10/01/21,f02310,input,FERTILIZER 50kg bag,79 kgs,Rs 34.89,"Rs 2,756.31",BRD-UJN
T013744,18/12/20, F02310 ,I,Fertilizer,313 kgs,Rs 43.06,"Rs 13,477.78",BRD-UJN
T013745,15/01/21,F02310,INPUT_PURCHASE,DAP,31 kg,Rs 35.20,"Rs 1,091.20",BRD-UJN
T013751,04/03/21,F02312,Delivery,WHEAT,8.50 q,"Rs 2,440.00","Rs 20,740.00",BRD-UJN
T013752,06/03/21,F02312,D,Lokwan Wheat,1.8 qtl,"Rs 2,440.00","Rs 4,465.20",BRD-UJN
T013753,16/12/20,F02312,I,SEEDS,201 kgs,Rs 114.91,"Rs 23,096.91",BRD-UJN
T013754,26/03/21,F02313,FPO_DELIVERY,Wheat,37.5 qtl,"Rs 2,240.00","Rs 84,112.00",BRD-UJN
T013755,07/02/21,F02313,loan,Loan Repayment,,,"Rs 4,500.00",BRD-UJN
T013756,19/03/21,F02313,loan,Loan Repayment,,,"Rs 2,300.00",BRD-UJN
T013786,18/03/21, F02325 ,Delivery,WHEAT,"2,843.00 kgs","Rs 2,535.00","Rs 72,070.05",BRD-UJN
T013787,14/03/21,F02325,D,Wheat,1.50 t,"Rs 2,535.00","Rs 38,126.40",BRD-UJN
T013788,12/12/20,F02325,INPUT_PURCHASE,Bio-pesticide,172 kg,Rs 673.27,"Rs 1,15,802.44",BRD-UJN
T013789,07/12/20,F02325,FERT_PURCHASE,Seeds,62 kgs,Rs 49.09,"Rs 3,043.58",BRD-UJN
T013810,18/04/21,F02336,DELIVERY,Lokwan Wheat,9.0 qtl,"Rs 2,315.00","Rs 20,927.60",BRD-UJN
T013811,21/04/21,F02336,Delivery,Lokwan Wheat,10.4 qtl,"Rs 2,315.00","Rs 24,122.30",BRD-UJN
T013812,13/12/20,F02336,INPUT_PURCHASE,FERTILIZER 50kg bag,53 kg,Rs 59.44,"Rs 3,150.32",BRD-UJN
T013819,27/03/21, F02338 ,Delivery,Wheat (Durum),44.52 q,"Rs 2,430.00","Rs 1,08,183.60",BRD-UJN
T013820,01/01/21,F02338,FERT_PURCHASE,DAP,272 kg,Rs 53.20,"Rs 14,470.40",BRD-UJN
T013821,13/12/20,F02338,INPUT_PURCHASE,FERTILIZER 50kg bag,165 kgs,Rs 32.67,"Rs 5,390.55",BRD-UJN
T013824,17/03/21,F02340,FPO_DELIVERY,Wheat,3631 kg,"Rs 2,520.00","Rs 91,501.20",BRD-UJN
T013825,30/04/21,F02340,DELIVERY,Wheat (Durum),45.41 quintals,"Rs 2,520.00","Rs 1,14,433.20",BRD-UJN
T013826,01/01/21, F02340 ,FERT_PURCHASE,Seeds,258 kgs,Rs 78.41,"Rs 20,229.78",BRD-UJN
T013827,07/12/20,F02340,L,EMI,,,"Rs 4,400.00",BRD-UJN
T013828,27/01/21,F02340,L,EMI,,,"Rs 4,000.00",BRD-UJN
T013840,21/04/21,f02344,delivery,Wheat,5.66 q,"Rs 2,445.00","Rs 13,838.70",BRD-UJN
T013841,18/12/20,f02344,input,FERTILIZER 50kg bag,28 kgs,Rs 56.91,"Rs 1,593.48",BRD-UJN
T013842,15/12/20,F02344,FERT_PURCHASE,NPK 10:26:26,89 kgs,Rs 44.49,"Rs 3,959.61",BRD-UJN
T013843,04/03/21,F02345,Delivery,Lokwan Wheat,1416 kg,"Rs 2,295.00","Rs 32,497.20",BRD-UJN
T013844,18/12/20,F02345,I,FERTILIZER 50kg bag,163 kgs,Rs 55.53,"Rs 9,051.39",BRD-UJN
T013852,28/04/21,F02349,delivery,WHEAT,62.68 q,"Rs 2,420.00","Rs 1,51,685.60",BRD-UJN
T013853,13/05/21,F02349,Delivery,Wheat,1293 kg,"Rs 2,420.00","Rs 31,290.60",BRD-UJN
T013854,02/12/20,F02349,FERT_PURCHASE,Bio-pesticide,171 kg,Rs 168.09,"Rs 28,743.39",BRD-UJN
T013855,02/01/21,F02349,FERT_PURCHASE,DAP,182 kgs,Rs 49.47,"Rs 9,003.54",BRD-UJN
T013858,07/04/21,F02351,DELIVERY,wheat,454 kg,"Rs 2,455.00","Rs 11,145.70",BRD-UJN
T013859,02/05/21,F02351,DELIVERY,Wheat (Durum),517.00 kgs,"Rs 2,455.00","Rs 12,692.35",BRD-UJN
T013865,06/04/21,F02354,delivery,Wheat (Durum),1453 kg,"Rs 2,315.00","Rs 33,636.95",BRD-UJN
T013866,11/04/21,F02354,delivery,Lokwan Wheat,19.6 qtl,"Rs 2,315.00","Rs 45,489.75",BRD-UJN
T013867,04/05/21,F02354,DELIVERY,Wheat,14.99 quintals,"Rs 2,315.00","Rs 34,701.85",BRD-UJN
T013914,25/04/21,F02366,D,Wheat,"9,565.00 kgs","Rs 2,245.00","Rs 2,14,734.25",BRD-UJN
T015170,24/10/21,F01764,FPO_DELIVERY,Soybean (Yellow),"1,854.00 kgs","Rs 5,505.00","Rs 1,02,062.70",BRD-UJN
T015171,15/06/21,F01764,INPUT_PURCHASE,SEEDS,108 kg,Rs 104.04,"Rs 11,236.32",BRD-UJN
T015172,08/11/21,f01765,D,SOYABEAN,32.16 quintals,"Rs 5,845.00","Rs 1,87,975.20",BRD-UJN
T015173,10/10/21,F01770,delivery,SOYABEAN,0.08 q,"Rs 5,140.00",Rs 411.20,BRD-UJN
T015174,23/10/21,f01770,delivery,Soybean (Yellow),4.17 q,"Rs 5,140.00","Rs 21,433.80",BRD-UJN
T015175,28/10/21,F01770,Delivery,soya,4.0 qtl,"Rs 5,140.00","Rs 20,354.40",BRD-UJN
T015176,03/06/21,F01770,FERT_PURCHASE,FERTILIZER 50kg bag,277 kgs,Rs 31.39,"Rs 8,695.03",BRD-UJN
T015177,02/06/21,F01770,I,FERTILIZER 50kg bag,91 kg,Rs 46.33,"Rs 4,216.03",BRD-UJN
T015178,06/11/21,F01772,Delivery,soya,18.31 quintals,"Rs 5,395.00","Rs 98,782.45",BRD-UJN
T015179,10/06/21,F01772,I,Seeds,33 kgs,Rs 106.65,"Rs 3,519.45",BRD-UJN
T015180,24/06/21,F01772,FERT_PURCHASE,SEEDS,133 kgs,Rs 98.25,"Rs 13,067.25",BRD-UJN
T015181,07/10/21,F01772,LOAN_REPAY,Loan Repayment,,,Rs 800.00,BRD-UJN
T015182,26/11/21,F01772,Loan Repayment,Loan Repayment,,,"Rs 7,100.00",BRD-UJN
T015183,19/10/21,F01774,DELIVERY,Soybean (Yellow),18.84 quintals,"Rs 5,040.00","Rs 94,953.60",BRD-UJN
T015184,05/07/21,F01774,INPUT_PURCHASE,Hybrid Seeds,127 kgs,Rs 96.60,"Rs 12,268.20",BRD-UJN
T015185,26/06/21,F01774,I,Fertilizer,316 kg,Rs 50.58,"Rs 15,983.28",BRD-UJN
T015186,14/06/21,f01774,FERT_PURCHASE,Fertilizer,297 kg,Rs 50.93,"Rs 15,126.21",BRD-UJN
T015187,01/11/21,F01779,FPO_DELIVERY,SOYABEAN,20.61 quintals,"Rs 5,505.00","Rs 1,13,458.05",BRD-UJN
T015188,04/06/21,f01779,Input Purchase,FERTILIZER 50kg bag,97 kg,Rs 30.75,"Rs 2,982.75",BRD-UJN
T015189,10/11/21,F01780,D,Soybean (Yellow),10.79 quintals,"Rs 5,465.00","Rs 58,967.35",BRD-UJN
T015190,20/06/21,F01780,INPUT_PURCHASE,Seeds,39 kg,Rs 106.70,"Rs 4,161.30",BRD-UJN
T015191,16/06/21,F01780,I,Urea,256 kg,Rs 38.34,"Rs 9,815.04",BRD-UJN
T015192,02/06/21,F01780,INPUT_PURCHASE,FERTILIZER 50kg bag,152 kgs,Rs 52.14,"Rs 7,925.28",BRD-UJN
T015193,24/11/21,F01781,FPO_DELIVERY,Soybean,1341 kg,"Rs 5,065.00","Rs 67,921.65",BRD-UJN
T015194,27/11/21,F01781,Delivery,Soybean,746.00 kgs,"Rs 5,065.00","Rs 37,784.90",BRD-UJN
T015195,30/06/21,f01781,INPUT_PURCHASE,SEEDS,74 kgs,Rs 58.30,"Rs 4,314.20",BRD-UJN
T015196,29/11/21,f01782,FPO_DELIVERY,Soybean (Yellow),18.99 quintals,"Rs 5,505.00","Rs 1,04,539.95",BRD-UJN
T015197,30/10/21,F01782,FPO_DELIVERY,soya,2.15 t,"Rs 5,505.00","Rs 1,18,247.40",BRD-UJN
T015198,21/06/21,F01782,I,FERTILIZER 50kg bag,230 kg,Rs 48.78,"Rs 11,219.40",BRD-UJN
T015199,22/06/21,F01782,input,PP chemicals,250 kg,Rs 688.65,"Rs 1,72,162.50",BRD-UJN
T015200,14/06/21,F01782,I,FERTILIZER 50kg bag,296 kg,Rs 52.40,"Rs 15,510.40",BRD-UJN
T015201,21/09/21,F01782,loan,EMI,,,"Rs 4,900.00",BRD-UJN
T015202,27/06/21,F01782,loan,Loan Repayment,,,"Rs 7,800.00",BRD-UJN
T015203,06/10/21,F01783,DELIVERY,Soybean,415.00 kgs,"Rs 5,670.00","Rs 23,530.50",BRD-UJN
T015204,09/11/21,F01783,D,Soybean (Yellow),3.4 qtl,"Rs 5,670.00","Rs 19,278.00",BRD-UJN
T015205,14/07/21,f01783,INPUT_PURCHASE,Urea,130 kg,Rs 35.57,"Rs 4,624.10",BRD-UJN
T015206,09/07/21,F01783,INPUT_PURCHASE,SEEDS,154 kg,Rs 55.90,"Rs 8,608.60",BRD-UJN
T015207,20/11/21,F01784,DELIVERY,Soybean (Yellow),"1,234.00 kgs","Rs 5,270.00","Rs 65,031.80",BRD-UJN
T015208,16/11/21,F01784,delivery,Soybean (Yellow),44.00 kgs,"Rs 5,270.00","Rs 2,318.80",BRD-UJN
T015209,14/06/21,F01784,FERT_PURCHASE,Seeds,259 kg,Rs 61.28,"Rs 15,871.52",BRD-UJN
T015210,24/06/21,F01784,INPUT_PURCHASE,Seeds,199 kgs,Rs 106.11,₹ N/A,BRD-UJN
T015211,30/06/21,F01784,FERT_PURCHASE,PP chemicals,105 kgs,Rs 172.84,"Rs 18,148.20",BRD-UJN
T015212,29/10/21,F01786,DELIVERY,Soybean,4.27 q,"Rs 4,945.00","Rs 21,115.15",BRD-UJN
T015213,18/10/21,F01786,D,soya,17.7 qtl,"Rs 4,945.00","Rs 87,674.85",BRD-UJN
T015214,16/06/21,F01786,FERT_PURCHASE,PP chemicals,263 kg,Rs 451.20,"Rs 1,18,665.60",BRD-UJN
T015215,13/07/21,F01786,Input Purchase,Fertilizer,262 kg,Rs 30.23,"Rs 7,920.26",BRD-UJN
T015216,20/06/21,F01786,FERT_PURCHASE,DAP,252 kgs,Rs 43.76,"Rs 11,027.52",BRD-UJN
T015217,25/11/21,f01787,D,soya,1789 kg,"Rs 5,530.00","Rs 98,931.70",BRD-UJN
T015218,11/07/21,F01787,INPUT_PURCHASE,NPK 10:26:26,112 kg,Rs 48.01,"Rs 5,377.12",BRD-UJN
T015219,24/06/21,F01787,I,NPK 10:26:26,316 kg,Rs 33.95,"Rs 10,728.20",BRD-UJN
T015220,29/11/21,F01787,LOAN_REPAY,EMI,,,"Rs 7,000.00",BRD-UJN
T015221,22/07/21,F01787,Loan Repayment,EMI,,,"Rs 3,000.00",BRD-UJN
T015222,09/10/21,F01788,FPO_DELIVERY,soya,4.67 quintals,"Rs 4,975.00","Rs 23,233.25",BRD-UJN
T015223,13/11/21,F01788,D,Soybean,62.00 kgs,"Rs 4,975.00","Rs 3,084.50",BRD-UJN
T015224,27/11/21,F01788,Delivery,soya,"4,690.00 kgs","Rs 4,975.00","Rs 2,33,327.50",BRD-UJN
T015225,09/06/21,F01788,Input Purchase,Seeds,105 kgs,Rs 129.64,"Rs 13,612.20",BRD-UJN
T015226,15/07/21,F01788,INPUT_PURCHASE,PPC,292 kg,Rs 265.92,"Rs 77,648.64",BRD-UJN
T015227,05/07/21,F01788,Input Purchase,Urea,214 kg,Rs 39.75,"Rs 8,506.50",BRD-UJN
T015228,11/06/21,F01788,FERT_PURCHASE,NPK 10:26:26,52 kg,Rs 58.04,"Rs 3,018.08",BRD-UJN
T015229,25/11/21,F01791,DELIVERY,Soybean (Yellow),"2,063.00 kgs","Rs 5,115.00","Rs 1,05,522.45",BRD-UJN
T015230,15/06/21,F01791,I,PPC,158 kgs,Rs 492.68,"Rs 77,843.44",BRD-UJN
T015231,03/07/21,F01791,INPUT_PURCHASE,DAP,208 kg,Rs 34.76,"Rs 7,230.08",BRD-UJN
T015232,23/09/21,F01791,LOAN_REPAY,EMI,,,"Rs 4,500.00",BRD-UJN
T015233,29/11/21,F01791,L,Loan Repayment,,,"Rs 1,300.00",BRD-UJN
T015234,18/10/21,F01794,DELIVERY,soya,0.1 qtl,"Rs 5,635.00",Rs 676.20,BRD-UJN
T015235,19/11/21,F01794,DELIVERY,Soybean (Yellow),7.63 q,"Rs 5,635.00","Rs 42,995.05",BRD-UJN
T015236,18/06/21,F01794,Input Purchase,SEEDS,66 kg,Rs 47.08,"Rs 3,107.28",BRD-UJN
T015237,08/10/21,F01798,D,soya,2.9 qtl,"Rs 5,430.00","Rs 15,475.50",BRD-UJN
T015238,03/10/21,F01798,D,Soybean,36.43 q,"Rs 5,430.00","Rs 1,97,814.90",BRD-UJN
T015239,06/07/21,f01798,INPUT_PURCHASE,Bio-pesticide,165 kg,Rs 433.30,"Rs 71,494.50",BRD-UJN
T015240,02/11/21,F01800,DELIVERY,SOYABEAN,382.00 kgs,"Rs 5,115.00","Rs 19,539.30",BRD-UJN
T015241,18/10/21, F01800 ,D,soya,677.00 kgs,"Rs 5,115.00","Rs 34,628.55",BRD-UJN
T015242,22/11/21, F01800 ,FPO_DELIVERY,Soybean (Yellow),105.00 kgs,"Rs 5,115.00","Rs 5,370.75",BRD-UJN
T015243,13/06/21,F01800,INPUT_PURCHASE,PPC,264 kg,Rs 218.66,"Rs 57,726.24",BRD-UJN
T015244,21/10/21,F01801,Delivery,soya,3.5 qtl,"Rs 5,265.00","Rs 18,374.85",BRD-UJN
T015245,24/10/21,F01801,FPO_DELIVERY,soya,9.37 quintals,"Rs 5,265.00","Rs 49,333.05",BRD-UJN
T015246,10/07/21,F01801,I,Fertilizer,300 kg,Rs 29.78,"Rs 8,934.00",BRD-UJN
T015247,15/07/21,F01801,input,Seeds,280 kgs,Rs 80.64,"Rs 22,579.20",BRD-UJN
T015248,23/07/21,F01801,LOAN_REPAY,Loan Repayment,,,"Rs 6,700.00",BRD-UJN
T015249,23/11/21,F01801,L,EMI,,,"Rs 4,300.00",BRD-UJN
T015250,12/10/21,F01803,DELIVERY,soya,2.97 q,"Rs 5,125.00","Rs 15,221.25",BRD-UJN
T015251,18/10/21,F01803,D,Soybean (Yellow),"3,448.00 kgs","Rs 5,125.00","Rs 1,76,710.00",BRD-UJN
T015252,12/10/21,F01803,DELIVERY,Soybean,0.88 quintals,"Rs 5,125.00","Rs 4,510.00",BRD-UJN
T015253,02/06/21,F01803,I,Seeds,260 kg,Rs 46.76,"Rs 12,157.60",BRD-UJN
T015254,28/06/21,F01803,input,NPK 10:26:26,275 kgs,Rs 29.86,"Rs 8,211.50",BRD-UJN
T015255,25/10/21,F01805,DELIVERY,Soybean,"1,599.00 kgs","Rs 5,370.00","Rs 85,866.30",BRD-UJN
T015256,09/06/21,F01805,INPUT_PURCHASE,Bio-pesticide,151 kg,Rs 581.52,"Rs 87,809.52",BRD-UJN
T015257,09/07/21,F01805,INPUT_PURCHASE,FERTILIZER 50kg bag,48 kg,Rs 56.28,"Rs 2,701.44",BRD-UJN
T015258,03/06/21,F01805,LOAN_REPAY,Loan Repayment,,,"Rs 5,400.00",BRD-UJN
T015259,19/11/21,f01806,D,soya,4.12 q,"Rs 5,360.00","Rs 22,083.20",BRD-UJN
T015260,27/11/21,f01806,delivery,SOYABEAN,1.36 MT,"Rs 5,360.00","Rs 72,842.40",BRD-UJN
T015261,17/06/21,,I,Hybrid Seeds,294 kgs,Rs 45.40,"Rs 13,347.60",BRD-UJN
T015262,10/10/21,f01808,D,Soybean,"1,241.00 kgs","Rs 5,335.00","Rs 66,207.35",BRD-UJN
T015263,09/11/21,F01808,DELIVERY,Soybean,1.17 t,"Rs 5,335.00","Rs 62,526.20",BRD-UJN
T015264,11/06/21,F01808,input,NPK 10:26:26,31 kgs,Rs 28.29,Rs 876.99,BRD-UJN
T015265,03/06/21,F01808,INPUT_PURCHASE,DAP,86 kgs,Rs 30.59,"Rs 2,630.74",BRD-UJN
T015266,19/11/21,F01809,FPO_DELIVERY,Soybean,26.52 quintals,"Rs 5,160.00","Rs 1,36,843.20",BRD-UJN
T015267,27/06/21,F01809,input,PPC,95 kg,Rs 688.54,"Rs 65,411.30",BRD-UJN
T015268,16/06/21, F01809 ,input,PPC,311 kgs,Rs 334.27,"Rs 1,03,957.97",BRD-UJN
T015269,21/11/21,F01815,DELIVERY,Soybean (Yellow),837.00 kgs,"Rs 5,155.00","Rs 43,147.35",BRD-UJN
T015270,03/07/21,F01815,Input Purchase,Seeds,284 kgs,Rs 71.86,"Rs 20,408.24",BRD-UJN
T015271,13/10/21,F01817,D,SOYABEAN,296 kg,"Rs 5,545.00","Rs 16,413.20",BRD-UJN
T015272,24/11/21,f01817,delivery,Soybean,1.3 qtl,"Rs 5,545.00","Rs 7,430.30",BRD-UJN
T015273,09/11/21,F01817,D,Soybean,223 kg,"Rs 5,545.00","Rs 12,365.35",BRD-UJN
T015274,07/07/21,F01817,Input Purchase,DAP,208 kgs,Rs 48.07,"Rs 9,998.56",BRD-UJN
T015275,11/06/21,F01817,I,Seeds,256 kg,Rs 66.19,"Rs 16,944.64",BRD-UJN
T015276,26/06/21,F01817,LOAN_REPAY,Loan Repayment,,,"Rs 2,000.00",BRD-UJN
T015277,19/10/21,F01817,loan,Loan Repayment,,,"Rs 4,100.00",BRD-UJN
T015278,17/10/21,F01818,FPO_DELIVERY,Soybean,"2,461.00 kgs","Rs 5,245.00","Rs 1,29,079.45",BRD-UJN
T015279,16/06/21,f01818,input,SEEDS,315 kg,Rs 110.74,"Rs 34,883.10",BRD-UJN
T015280,09/07/21,F01818,INPUT_PURCHASE,Urea,36 kgs,Rs 46.44,"Rs 1,671.84",BRD-UJN
T015281,06/06/21,F01818,FERT_PURCHASE,SEEDS,71 kg,Rs 124.11,"Rs 8,811.81",BRD-UJN
T015282,02/11/21,F01823,DELIVERY,Soybean (Yellow),5.79 quintals,"Rs 5,695.00","Rs 32,974.05",BRD-UJN
T015283,09/06/21,F01823,input,FERTILIZER 50kg bag,259 kg,Rs 43.85,"Rs 11,357.15",BRD-UJN
T015284,12/07/21,f01823,I,Fertilizer,128 kg,Rs 32.50,"Rs 4,160.00",BRD-UJN
T015285,30/11/21,F01825,D,SOYABEAN,1613 kg,"Rs 5,215.00","Rs 84,117.95",BRD-UJN
T015286,28/11/21,F01825,DELIVERY,SOYABEAN,27.12 q,"Rs 5,215.00","Rs 1,41,430.80",BRD-UJN
T015287,15/07/21,F01825,I,Seeds,212 kgs,Rs 70.37,"Rs 14,918.44",BRD-UJN
T015288,10/11/21,F01829,FPO_DELIVERY,Soybean (Yellow),22.7 qtl,"Rs 5,535.00","Rs 1,25,589.15",BRD-UJN
T015289,03/06/21,F01829,Input Purchase,Bio-pesticide,87 kg,Rs 688.73,"Rs 59,919.51",BRD-UJN
T015290,09/07/21,F01829,I,DAP,154 kg,Rs 39.54,"Rs 6,089.16",BRD-UJN
T015291,06/10/21, F01831 ,delivery,Soybean,2317 kg,"Rs 5,515.00","Rs 1,27,782.55",BRD-UJN
T015292,04/07/21,F01831,input,Urea,186 kgs,Rs 47.35,"Rs 8,807.10",BRD-UJN
T015293,14/07/21,F01831,I,FERTILIZER 50kg bag,137 kg,Rs 47.46,"Rs 6,502.02",BRD-UJN
T015294,14/10/21,F01833,FPO_DELIVERY,soya,"1,387.00 kgs","Rs 5,530.00","Rs 76,701.10",BRD-UJN
T015295,16/11/21,F01837,DELIVERY,SOYABEAN,6.49 quintals,"Rs 5,395.00","Rs 35,013.55",BRD-UJN
T015296,07/10/21,F01837,DELIVERY,soya,64.00 kgs,"Rs 5,395.00","Rs 3,452.80",BRD-UJN
T015297,03/10/21,F01837,Delivery,SOYABEAN,161.00 kgs,"Rs 5,395.00","Rs 8,685.95",BRD-UJN
T015298,29/06/21,F01837,Input Purchase,Seeds,63 kg,Rs 119.14,"Rs 7,505.82",BRD-UJN
T015299,04/07/21,F01837,FERT_PURCHASE,Seeds,28 kgs,Rs 112.09,₹ N/A,BRD-UJN
T015300,07/07/21,F01837,Input Purchase,DAP,140 kg,Rs 54.52,"Rs 7,632.80",BRD-UJN
T015301,24/11/21,F01838,Delivery,Soybean,"2,857.00 kgs","Rs 5,615.00","Rs 1,60,420.55",BRD-UJN
T015302,08/10/21,F01838,D,Soybean (Yellow),511 kg,"Rs 5,615.00","Rs 28,692.65",BRD-UJN
T015303,16/06/21,F01838,I,NPK 10:26:26,237 kgs,Rs 44.24,"Rs 10,484.88",BRD-UJN
T015304,14/10/21,F01839,D,SOYABEAN,17.21 q,"Rs 5,295.00","Rs 91,126.95",BRD-UJN
T015305,07/06/21,f01839,input,Bio-pesticide,89 kg,Rs 398.23,"Rs 35,442.47",BRD-UJN
T015306,15/11/21,F01841,Delivery,soya,482 kg,"Rs 5,330.00","Rs 25,690.60",BRD-UJN
T015307,18/10/21,F01841,FPO_DELIVERY,Soybean,2.7 qtl,"Rs 5,330.00","Rs 14,231.10",BRD-UJN
T015308,10/06/21,F01841,FERT_PURCHASE,Hybrid Seeds,212 kg,Rs 103.84,"Rs 22,014.08",BRD-UJN
T015309,07/10/21,F01842,FPO_DELIVERY,soya,1365 kg,"Rs 5,345.00","Rs 72,959.25",BRD-UJN
T015310,17/06/21,F01842,input,Fertilizer,85 kg,Rs 41.44,"Rs 3,522.40",BRD-UJN
T015311,26/11/21,F01843,FPO_DELIVERY,soya,799 kg,"Rs 5,440.00","Rs 43,465.60",BRD-UJN
T015312,03/07/21,F01843,Input Purchase,SEEDS,130 kgs,Rs 55.21,"Rs 7,177.30",BRD-UJN
T015313,05/10/21,f01844,delivery,Soybean (Yellow),1.3 qtl,"Rs 5,660.00","Rs 7,131.60",BRD-UJN
T015314,12/10/21,F01844,delivery,SOYABEAN,2.0 qtl,"Rs 5,660.00","Rs 11,263.40",BRD-UJN
T015315,27/11/21,F01844,DELIVERY,soya,1156 kg,"Rs 5,660.00","Rs 65,429.60",BRD-UJN
T015316,01/06/21,f01844,input,Urea,197 kg,Rs 47.83,"Rs 9,422.51",BRD-UJN
T015317,28/06/21,F01844,input,SEEDS,287 kg,Rs 85.45,"Rs 24,524.15",BRD-UJN
T015318,29/10/21,F01846,delivery,Soybean,0.36 MT,"Rs 5,625.00","Rs 20,250.00",BRD-UJN
T015319,16/11/21,F01846,D,SOYABEAN,771.00 kgs,"Rs 5,625.00","Rs 43,368.75",BRD-UJN
T015320,11/07/21,F01846,INPUT_PURCHASE,FERTILIZER 50kg bag,194 kgs,Rs 50.96,"Rs 9,886.24",BRD-UJN
T015321,18/06/21,F01846,Input Purchase,Fertilizer,86 kg,Rs 30.66,"Rs 2,636.76",BRD-UJN
T015322,11/06/21,F01846,INPUT_PURCHASE,NPK 10:26:26,188 kg,Rs 47.30,"Rs 8,892.40",BRD-UJN
T015323,23/11/21,F01848,FPO_DELIVERY,SOYABEAN,"2,681.00 kgs","Rs 5,090.00","Rs 1,36,462.90",BRD-UJN
T015324,20/06/21,F01848,INPUT_PURCHASE,DAP,201 kg,Rs 46.22,"Rs 9,290.22",BRD-UJN
T015325,06/11/21,F01849,DELIVERY,soya,14.43 quintals,"Rs 5,180.00","Rs 74,747.40",BRD-UJN
T015326,21/10/21,F01849,D,SOYABEAN,12.00 kgs,"Rs 5,180.00",Rs 621.60,BRD-UJN
T015327,15/07/21,F01849,INPUT_PURCHASE,FERTILIZER 50kg bag,40 kg,Rs 45.63,"Rs 1,825.20",BRD-UJN
T015328,23/06/21,F01849,Input Purchase,NPK 10:26:26,73 kgs,Rs 41.82,"Rs 3,052.86",BRD-UJN
T015329,14/06/21, F01849 ,INPUT_PURCHASE,FERTILIZER 50kg bag,76 kg,Rs 38.11,"Rs 2,896.36",BRD-UJN
T015330,19/06/21,F01849,input,PPC,134 kgs,Rs 630.52,"Rs 84,489.68",BRD-UJN
T015331,13/10/21,F01851,delivery,SOYABEAN,2937 kg,"Rs 5,420.00","Rs 1,59,185.40",BRD-UJN
T015332,10/10/21,F01851,Delivery,Soybean (Yellow),343 kg,"Rs 5,420.00","Rs 18,590.60",BRD-UJN
T015333,01/06/21,f01851,FERT_PURCHASE,Seeds,152 kg,Rs 63.34,"Rs 9,627.68",BRD-UJN
T015334,31/10/21,F01852,Delivery,soya,408 kg,"Rs 5,145.00","Rs 20,991.60",BRD-UJN
T015335,18/11/21,F01852,FPO_DELIVERY,SOYABEAN,"7,801.00 kgs","Rs 5,145.00","Rs 4,01,361.45",BRD-UJN
T015336,09/07/21,f01852,FERT_PURCHASE,Seeds,140 kgs,Rs 85.11,"Rs 11,915.40",BRD-UJN
T015337,16/06/21,F01852,FERT_PURCHASE,Seeds,123 kg,Rs 124.77,"Rs 15,346.71",BRD-UJN
T015338,10/06/21,F01852,input,SEEDS,74 kgs,Rs 127.44,"Rs 9,430.56",BRD-UJN
T015339,28/06/21,F01852,FERT_PURCHASE,DAP,79 kg,Rs 30.88,"Rs 2,439.52",BRD-UJN
T015340,09/11/21,f01858,delivery,Soybean (Yellow),6.78 quintals,"Rs 5,635.00","Rs 38,205.30",BRD-UJN
T015341,21/11/21,F01858,delivery,SOYABEAN,1.9 qtl,"Rs 5,635.00","Rs 10,988.25",BRD-UJN
T015342,03/06/21,F01858,I,Hybrid Seeds,31 kg,Rs 71.45,"Rs 2,214.95",BRD-UJN
T015343,23/11/21,F01859,FPO_DELIVERY,Soybean (Yellow),18.65 q,"Rs 5,285.00","Rs 98,565.25",BRD-UJN
T015344,23/11/21,F01861,DELIVERY,Soybean (Yellow),6.7 qtl,"Rs 5,445.00","Rs 36,535.95",BRD-UJN
T015345,25/10/21,F01861,delivery,Soybean (Yellow),9.60 q,"Rs 5,445.00","Rs 52,272.00",BRD-UJN
T015346,15/06/21,F01861,INPUT_PURCHASE,Seeds,151 kgs,Rs 121.40,"Rs 18,331.40",BRD-UJN
T015347,08/11/21,F01861,LOAN_REPAY,EMI,,,"Rs 6,200.00",BRD-UJN
T015348,30/10/21,F01863,delivery,SOYABEAN,5.5 qtl,"Rs 5,220.00","Rs 28,657.80",BRD-UJN
T015349,04/10/21,F01865,D,SOYABEAN,20.61 q,"Rs 5,810.00","Rs 1,19,744.10",BRD-UJN
T015350,31/10/21,F01865,Delivery,Soybean,12.00 kgs,"Rs 5,810.00",Rs 697.20,BRD-UJN
T015351,10/06/21,f01865,Input Purchase,Hybrid Seeds,211 kgs,Rs 121.19,"Rs 25,571.09",BRD-UJN
T015352,10/11/21,F01866,DELIVERY,Soybean (Yellow),11.67 quintals,"Rs 5,070.00","Rs 59,166.90",BRD-UJN
T015353,07/10/21,f01867,delivery,SOYABEAN,594.00 kgs,"Rs 5,420.00","Rs 32,194.80",BRD-UJN
T015354,30/11/21,F01867,Delivery,Soybean,148.00 kgs,"Rs 5,420.00","Rs 8,021.60",BRD-UJN
T015355,14/07/21,F01867,Input Purchase,PP chemicals,206 kgs,Rs 552.90,"Rs 1,13,897.40",BRD-UJN
T015356,21/06/21,F01867,Input Purchase,Seeds,79 kgs,Rs 103.03,"Rs 8,139.37",BRD-UJN
T015357,28/06/21, F01867 ,input,PP chemicals,121 kg,Rs 247.46,"Rs 29,942.66",BRD-UJN
T015358,22/10/21,F01872,FPO_DELIVERY,SOYABEAN,19.23 quintals,"Rs 4,950.00","Rs 95,188.50",BRD-UJN
T015359,20/11/21,F01873,DELIVERY,Soybean,1.7 qtl,"Rs 5,595.00","Rs 9,735.30",BRD-UJN
T015360,11/10/21,F01873,DELIVERY,soya,376 kg,"Rs 5,595.00","Rs 21,037.20",BRD-UJN
T015361,04/10/21,F01873,DELIVERY,soya,0.44 quintals,"Rs 5,595.00","Rs 2,461.80",BRD-UJN
T015362,23/09/21,F01873,L,Loan Repayment,,,"Rs 7,800.00",BRD-UJN
T015363,02/11/21,F01873,L,EMI,,,"Rs 2,500.00",BRD-UJN
T015364,15/10/21,F01875,FPO_DELIVERY,soya,24.72 quintals,"Rs 5,080.00","Rs 1,25,577.60",BRD-UJN
T015365,20/06/21,F01875,I,Seeds,71 kg,Rs 96.83,"Rs 6,874.93",BRD-UJN
T015366,18/10/21,F01875,L,Loan Repayment,,,"Rs 6,400.00",BRD-UJN
T015367,03/06/21,F01875,Loan Repayment,EMI,,,"Rs 5,500.00",BRD-UJN
T015368,14/07/21,f01875,LOAN_REPAY,EMI,,,"Rs 1,600.00",BRD-UJN
T015369,19/10/21,F01876,delivery,Soybean,"2,278.00 kgs","Rs 5,500.00","Rs 1,25,290.00",BRD-UJN
T015370,20/06/21,F01876,FERT_PURCHASE,FERTILIZER 50kg bag,123 kg,Rs 38.72,"Rs 4,762.56",BRD-UJN
T015371,12/11/21,F01878,FPO_DELIVERY,Soybean,942.00 kgs,"Rs 5,730.00","Rs 53,976.60",BRD-UJN
T015372,18/10/21,F01878,DELIVERY,Soybean,0.15 MT,"Rs 5,730.00","Rs 8,423.10",BRD-UJN
T015373,26/11/21,F01878,L,EMI,,,"Rs 7,800.00",BRD-UJN
T015374,01/11/21,F01880,DELIVERY,Soybean (Yellow),3.31 MT,"Rs 5,120.00","Rs 1,69,676.80",BRD-UJN
T015375,01/11/21,F01881,DELIVERY,SOYABEAN,12.13 q,"Rs 5,295.00","Rs 64,228.35",BRD-UJN
T015376,22/10/21,F01881,FPO_DELIVERY,Soybean (Yellow),369 kg,"Rs 5,295.00","Rs 19,538.55",BRD-UJN
T015377,25/06/21,f01881,FERT_PURCHASE,Seeds,80 kgs,Rs 117.30,"Rs 9,384.00",BRD-UJN
T015378,23/06/21,F01881,Input Purchase,Bio-pesticide,191 kg,Rs 623.02,"Rs 1,18,996.82",BRD-UJN
T015379,30/11/21,F01882,delivery,soya,16.70 q,"Rs 4,990.00","Rs 83,333.00",BRD-UJN
T015380,07/07/21,F01882,input,DAP,267 kg,Rs 31.34,"Rs 8,367.78",BRD-UJN
T015381,16/06/21,F01882,Input Purchase,Urea,45 kg,Rs 30.09,"Rs 1,354.05",BRD-UJN
T015382,09/07/21, F01882 ,input,NPK 10:26:26,205 kgs,Rs 44.84,"Rs 9,192.20",BRD-UJN
T015383,05/10/21,F01885,D,Soybean,3.12 t,"Rs 5,225.00","Rs 1,62,863.25",BRD-UJN
T015384,21/10/21,F01885,DELIVERY,Soybean,11.0 qtl,"Rs 5,225.00","Rs 57,318.25",BRD-UJN
T015385,14/06/21,f01885,I,FERTILIZER 50kg bag,51 kgs,Rs 59.00,"Rs 3,009.00",BRD-UJN
T015386,25/06/21,F01885,input,SEEDS,61 kg,Rs 76.72,"Rs 4,679.92",BRD-UJN
T015387,18/11/21,F01886,FPO_DELIVERY,Soybean (Yellow),"5,819.00 kgs","Rs 5,030.00","Rs 2,92,695.70",BRD-UJN
T015388,30/06/21,F01886,Input Purchase,Urea,218 kg,Rs 28.66,"Rs 6,247.88",BRD-UJN
T015389,02/10/21,F01886,LOAN_REPAY,EMI,,,"Rs 2,100.00",BRD-UJN
T015390,01/10/21, F01889 ,DELIVERY,Soybean,2804 kg,"Rs 5,000.00","Rs 1,40,200.00",BRD-UJN
T015391,24/11/21,f01890,DELIVERY,soya,1.31 t,"Rs 5,130.00","Rs 67,356.90",BRD-UJN
T015392,16/11/21,F01890,D,Soybean,0.53 t,"Rs 5,130.00","Rs 27,035.10",BRD-UJN
T015393,26/06/21,F01890,FERT_PURCHASE,Urea,176 kgs,Rs 58.78,"Rs 10,345.28",BRD-UJN
T015394,08/10/21,f01891,Delivery,Soybean (Yellow),0.33 t,"Rs 4,990.00","Rs 16,616.70",BRD-UJN
T015395,03/11/21,F01891,DELIVERY,Soybean (Yellow),7.31 q,"Rs 4,990.00","Rs 36,476.90",BRD-UJN
T015396,14/11/21,F01893,Delivery,soya,17 kg,"Rs 5,310.00",Rs 902.70,BRD-UJN
T015397,30/10/21,F01893,DELIVERY,soya,776 kg,"Rs 5,310.00","Rs 41,205.60",BRD-UJN
T015398,14/10/21, F01893 ,delivery,SOYABEAN,0.32 q,"Rs 5,310.00","Rs 1,699.20",BRD-UJN
T015399,14/06/21,F01893,I,Seeds,120 kgs,Rs 95.02,"Rs 11,402.40",BRD-UJN
T015400,14/07/21,F01893,Input Purchase,NPK 10:26:26,257 kg,Rs 55.90,"Rs 14,366.30",BRD-UJN
T015401,11/06/21,F01893,Input Purchase,Hybrid Seeds,102 kgs,Rs 126.54,"Rs 12,907.08",BRD-UJN
T015402,29/06/21,F01893,LOAN_REPAY,EMI,,,"Rs 4,800.00",BRD-UJN
T015403,18/10/21,F01899,D,soya,3.19 q,"Rs 5,095.00","Rs 16,253.05",BRD-UJN
T015404,27/11/21,F01899,delivery,soya,49.25 quintals,"Rs 5,095.00","Rs 2,50,928.75",BRD-UJN
T015405,04/10/21,F01899,delivery,Soybean,1.3 qtl,"Rs 5,095.00","Rs 6,827.30",BRD-UJN
T015406,05/10/21,F01901,DELIVERY,Soybean (Yellow),580 kg,"Rs 5,165.00","Rs 29,957.00",BRD-UJN
T015407,20/11/21,F01901,D,SOYABEAN,3.75 quintals,"Rs 5,165.00","Rs 19,368.75",BRD-UJN
T015408,13/07/21,f01901,INPUT_PURCHASE,DAP,97 kg,Rs 32.45,"Rs 3,147.65",BRD-UJN
T015409,11/11/21,F01903,Delivery,Soybean,5.5 qtl,"Rs 5,270.00","Rs 29,090.40",BRD-UJN
T015410,08/10/21,f01903,Delivery,soya,846.00 kgs,"Rs 5,270.00","Rs 44,584.20",BRD-UJN
T015411,11/07/21,F01903,FERT_PURCHASE,SEEDS,80 kg,Rs 128.03,"Rs 10,242.40",BRD-UJN
T015412,10/06/21,F01903,LOAN_REPAY,EMI,,,"Rs 5,400.00",BRD-UJN
T015413,08/08/21, F01903 ,loan,Loan Repayment,,,"Rs 4,700.00",BRD-UJN
T015414,30/11/21,F01903,LOAN_REPAY,Loan Repayment,,,"Rs 3,200.00",BRD-UJN
T015415,17/11/21,F01904,DELIVERY,Soybean,52 kg,"Rs 5,145.00","Rs 2,675.40",BRD-UJN
T015416,10/10/21,f01904,delivery,Soybean (Yellow),1.19 quintals,"Rs 5,145.00","Rs 6,122.55",BRD-UJN
T015417,09/06/21,F01904,Input Purchase,Fertilizer,272 kg,Rs 57.48,"Rs 15,634.56",BRD-UJN
T015418,11/10/21, F01905 ,delivery,Soybean,13.33 quintals,"Rs 5,170.00","Rs 68,916.10",BRD-UJN
T015419,26/06/21,F01905,INPUT_PURCHASE,Fertilizer,96 kgs,Rs 38.79,"Rs 3,723.84",BRD-UJN
T015420,13/11/21,F01907,D,SOYABEAN,11.6 qtl,"Rs 4,980.00","Rs 57,967.20",BRD-UJN
T015421,12/11/21,F01907,Delivery,Soybean (Yellow),10.9 qtl,"Rs 4,980.00","Rs 54,481.20",BRD-UJN
T015422,09/06/21,F01907,Input Purchase,Urea,163 kgs,Rs 55.02,"Rs 8,968.26",BRD-UJN
T015423,13/07/21,F01907,INPUT_PURCHASE,SEEDS,102 kgs,Rs 62.31,"Rs 6,355.62",BRD-UJN
T015424,14/06/21,F01907,I,PP chemicals,65 kgs,Rs 645.88,"Rs 41,982.20",BRD-UJN
T015425,21/08/21,F01907,Loan Repayment,Loan Repayment,,,"Rs 5,100.00",BRD-UJN
T015426,23/08/21,f01907,LOAN_REPAY,Loan Repayment,,,"Rs 4,800.00",BRD-UJN
T015427,30/10/21,F01908,Delivery,Soybean,1784 kg,"Rs 5,370.00","Rs 95,800.80",BRD-UJN
T015428,25/07/21,F01908,LOAN_REPAY,EMI,,,"Rs 6,600.00",BRD-UJN
T015429,09/10/21,F01909,D,Soybean,42.2 qtl,"Rs 5,580.00","Rs 2,35,643.40",BRD-UJN
T015430,28/06/21,F01909,Input Purchase,Fertilizer,162 kg,Rs 57.20,"Rs 9,266.40",BRD-UJN
T015431,09/06/21,F01909,input,PPC,262 kg,Rs 248.13,"Rs 65,010.06",BRD-UJN
T015432,03/10/21, F01909 ,loan,EMI,,,"Rs 3,600.00",BRD-UJN
T015433,08/09/21,F01909,L,EMI,,,"Rs 3,200.00",BRD-UJN
T015434,08/06/21,F01909,Loan Repayment,Loan Repayment,,,"Rs 2,800.00",BRD-UJN
T016040,16/11/21,F02228,delivery,Soybean,1.63 t,"Rs 5,035.00","Rs 81,869.10",BRD-UJN
T016041,02/10/21,F02228,D,soya,277.00 kgs,"Rs 5,035.00","Rs 13,946.95",BRD-UJN
T016055,20/11/21,F02239,FPO_DELIVERY,Soybean (Yellow),24.90 quintals,"Rs 5,085.00","Rs 1,26,616.50",BRD-UJN
T016056,22/06/21,F02239,FERT_PURCHASE,Hybrid Seeds,275 kg,Rs 46.35,"Rs 12,746.25",BRD-UJN
T016057,18/06/21, F02239 ,Input Purchase,PP chemicals,197 kgs,Rs 531.89,"Rs 1,04,782.33",BRD-UJN
T016058,15/06/21,f02239,Input Purchase,Bio-pesticide,105 kg,Rs 381.17,"Rs 40,022.85",BRD-UJN
T016065,14/11/21,F02242,DELIVERY,Soybean,0.92 t,"Rs 5,295.00","Rs 48,449.25",BRD-UJN
T016066,19/10/21,f02242,Delivery,SOYABEAN,1347 kg,"Rs 5,295.00","Rs 71,323.65",BRD-UJN
T016132,14/11/21,F02274,delivery,SOYABEAN,3.35 quintals,"Rs 5,265.00","Rs 17,637.75",BRD-UJN
T016133,24/11/21,F02274,D,Soybean (Yellow),422 kg,"Rs 5,265.00","Rs 22,218.30",BRD-UJN
T016134,22/06/21,F02274,I,PPC,240 kg,Rs 441.92,"Rs 1,06,060.80",BRD-UJN
T016135,30/06/21,F02274,FERT_PURCHASE,PPC,166 kgs,Rs 310.22,"Rs 51,496.52",BRD-UJN
T016136,23/06/21,F02274,INPUT_PURCHASE,NPK 10:26:26,76 kgs,Rs 35.80,"Rs 2,720.80",BRD-UJN
T016151,19/11/21,F02282,delivery,Soybean (Yellow),1.5 qtl,"Rs 4,885.00","Rs 7,180.95",BRD-UJN
T016152,05/10/21,F02282,delivery,Soybean (Yellow),0.34 MT,"Rs 4,885.00","Rs 16,657.85",BRD-UJN
T016153,28/06/21,F02282,Input Purchase,Bio-pesticide,152 kgs,Rs 675.47,"Rs 1,02,671.44",BRD-UJN
T016191,08/11/21,F02304,FPO_DELIVERY,SOYABEAN,363.00 kgs,"Rs 5,200.00","Rs 18,876.00",BRD-UJN
T016192,11/10/21,F02304,D,soya,2465 kg,"Rs 5,200.00","Rs 1,28,180.00",BRD-UJN
T016193,14/11/21,F02304,Delivery,SOYABEAN,5.25 q,"Rs 5,200.00","Rs 27,300.00",BRD-UJN
T016194,29/06/21,F02304,I,Fertilizer,214 kg,Rs 58.82,"Rs 12,587.48",BRD-UJN
T016195,04/10/21,F02304,LOAN_REPAY,Loan Repayment,,,"Rs 2,700.00",BRD-UJN
T016217,12/10/21, F02310 ,FPO_DELIVERY,Soybean (Yellow),837.00 kgs,"Rs 5,350.00","Rs 44,779.50",BRD-UJN
T016218,26/11/21,F02310,FPO_DELIVERY,Soybean,1560 kg,"Rs 5,350.00","Rs 83,460.00",BRD-UJN
T016219,12/06/21,F02310,I,NPK 10:26:26,192 kg,Rs 48.09,"Rs 9,233.28",BRD-UJN
T016220,15/06/21,F02310,I,Fertilizer,297 kg,Rs 31.44,"Rs 9,337.68",BRD-UJN
T016221,29/06/21,F02310,Input Purchase,FERTILIZER 50kg bag,240 kg,Rs 46.20,"Rs 11,088.00",BRD-UJN
T016222,04/06/21, F02310 ,I,Urea,196 kg,Rs 52.78,"Rs 10,344.88",BRD-UJN
T016223,09/06/21,F02310,I,Urea,208 kg,Rs 43.75,"Rs 9,100.00",BRD-UJN
T016224,31/10/21,F02313,Delivery,Soybean (Yellow),131.00 kgs,"Rs 5,635.00","Rs 7,381.85",BRD-UJN
T016225,16/11/21,F02313,delivery,soya,16.60 q,"Rs 5,635.00","Rs 93,541.00",BRD-UJN
T016226,15/06/21,F02313,INPUT_PURCHASE,PPC,240 kg,Rs 436.54,"Rs 1,04,769.60",BRD-UJN
T016227,02/07/21,F02313,Loan Repayment,Loan Repayment,,,"Rs 5,800.00",BRD-UJN
T016250,13/11/21,F02325,D,SOYABEAN,2.94 quintals,"Rs 5,290.00","Rs 15,552.60",BRD-UJN
T016251,25/10/21,f02325,D,SOYABEAN,105 kg,"Rs 5,290.00","Rs 5,554.50",BRD-UJN
T016252,01/11/21,F02325,Delivery,Soybean (Yellow),17.80 q,"Rs 5,290.00","Rs 94,162.00",BRD-UJN
T016253,12/07/21,F02325,INPUT_PURCHASE,FERTILIZER 50kg bag,225 kgs,Rs 49.02,"Rs 11,029.50",BRD-UJN
T016270,20/10/21,F02336,Delivery,soya,9.87 quintals,"Rs 5,475.00","Rs 54,038.25",BRD-UJN
T016271,08/07/21,F02336,I,NPK 10:26:26,110 kg,Rs 46.89,"Rs 5,157.90",BRD-UJN
T016272,13/06/21,F02336,FERT_PURCHASE,PPC,149 kgs,Rs 394.18,"Rs 58,732.82",BRD-UJN
T016273,15/06/21,F02336,input,SEEDS,251 kgs,Rs 118.36,"Rs 29,708.36",BRD-UJN
T016274,32/01/2022,F02336,INPUT_PURCHASE,Hybrid Seeds,262 kgs,Rs 63.01,"Rs 16,508.62",BRD-UJN
T016275,14/10/21,F02338,FPO_DELIVERY,Soybean,22.8 qtl,"Rs 5,395.00","Rs 1,22,898.10",BRD-UJN
T016276,18/11/21,F02338,Delivery,Soybean (Yellow),184 kg,"Rs 5,395.00","Rs 9,926.80",BRD-UJN
T016277,02/07/21,F02338,INPUT_PURCHASE,DAP,131 kgs,Rs 32.18,"Rs 4,215.58",BRD-UJN
T016278,07/06/21,f02338,FERT_PURCHASE,Fertilizer,45 kg,Rs 52.71,"Rs 2,371.95",BRD-UJN
T016281,12/11/21,f02340,delivery,Soybean,45.7 qtl,"Rs 5,690.00","Rs 2,59,976.10",BRD-UJN
T016282,09/07/21,F02340,FERT_PURCHASE,PPC,214 kg,Rs 424.32,"Rs 90,804.48",BRD-UJN
T016290,02/10/21,F02345,DELIVERY,Soybean (Yellow),6.19 q,"Rs 5,485.00","Rs 33,952.15",BRD-UJN
T016291,21/10/21,F02345,delivery,SOYABEAN,0.70 q,"Rs 5,485.00","Rs 3,839.50",BRD-UJN
T016300,30/10/21,f02349,Delivery,soya,15.9 qtl,"Rs 5,650.00","Rs 89,948.00",BRD-UJN
T016301,01/11/21, F02349 ,Delivery,soya,2536 kg,"Rs 5,650.00","Rs 1,43,284.00",BRD-UJN
T016302,10/07/21,F02349,Input Purchase,FERTILIZER 50kg bag,239 kgs,Rs 41.16,"Rs 9,837.24",BRD-UJN
T016303,14/07/21, F02349 ,INPUT_PURCHASE,Fertilizer,169 kg,Rs 28.01,"Rs 4,733.69",BRD-UJN
T016304,06/06/21,F02349,Input Purchase,DAP,293 kg,Rs 51.35,"Rs 15,045.55",BRD-UJN
T016305,03/06/21,F02349,INPUT_PURCHASE,Fertilizer,139 kgs,Rs 35.71,"Rs 4,963.69",BRD-UJN
T016306,07/07/21,f02349,FERT_PURCHASE,DAP,42 kgs,Rs 35.45,"Rs 1,488.90",BRD-UJN
T016311,09/10/21,F02354,FPO_DELIVERY,SOYABEAN,"1,737.00 kgs","Rs 5,220.00","Rs 90,671.40",BRD-UJN
T016312,04/10/21,F02354,DELIVERY,Soybean,"1,048.00 kgs","Rs 5,220.00","Rs 54,705.60",BRD-UJN
T016313,02/07/21,f02354,input,DAP,185 kgs,Rs 44.72,"Rs 8,273.20",BRD-UJN
T016338,22/10/21,F02366,FPO_DELIVERY,Soybean,"3,894.00 kgs","Rs 5,640.00","Rs 2,19,621.60",BRD-UJN
T016339,31/10/21,F02366,Delivery,SOYABEAN,804.00 kgs,"Rs 5,640.00","Rs 45,345.60",BRD-UJN
T016367,23/10/21,F02376,DELIVERY,Soybean,1.82 quintals,"Rs 4,920.00","Rs 8,954.40",BRD-UJN
T016368,25/10/21, F02376 ,FPO_DELIVERY,SOYABEAN,390 kg,"Rs 4,920.00","Rs 19,188.00",BRD-UJN
T016369,08/11/21,F02376,Delivery,SOYABEAN,219 kg,"Rs 4,920.00","Rs 10,774.80",BRD-UJN
T016370,12/06/21,F02376,INPUT_PURCHASE,DAP,299 kg,Rs 58.72,"Rs 17,557.28",BRD-UJN
T016371,23/11/21,F02377,FPO_DELIVERY,Soybean,6.04 q,"Rs 5,210.00","Rs 31,468.40",BRD-UJN
T016372,12/07/21,F02377,I,PP chemicals,32 kgs,Rs 441.07,"Rs 14,114.24",BRD-UJN
T016444,05/10/21,F02399,D,soya,635.00 kgs,"Rs 5,450.00","Rs 34,607.50",BRD-UJN
T016445,12/06/21,f02399,Input Purchase,Bio-pesticide,225 kg,Rs 466.36,"Rs 1,04,931.00",BRD-UJN
T016485,28/10/21,F02411,Delivery,soya,"2,097.00 kgs","Rs 5,885.00","Rs 1,23,408.45",BRD-UJN
T017688,22/04/22,F01764,FPO_DELIVERY,Wheat,14.80 q,"Rs 2,485.00","Rs 36,778.00",BRD-UJN
T017689,06/12/21,F01764,INPUT_PURCHASE,Hybrid Seeds,158 kgs,Rs 62.64,"Rs 9,897.12",BRD-UJN
T017690,28/12/21,F01764,I,FERTILIZER 50kg bag,54 kgs,Rs 28.61,"Rs 1,544.94",BRD-UJN
T017691,24/12/21,F01764,FERT_PURCHASE,Urea,103 kgs,Rs 50.41,"Rs 5,192.23",BRD-UJN
T017692,26/12/21,F01764,INPUT_PURCHASE,SEEDS,172 kg,Rs 85.74,"Rs 14,747.28",BRD-UJN
T017693,07/01/22,f01764,I,SEEDS,118 kgs,Rs 121.44,"Rs 14,329.92",BRD-UJN
T017694,12/01/22,F01764,I,NPK 10:26:26,231 kg,Rs 48.79,"Rs 11,270.49",BRD-UJN
T017695,31/03/22,F01765,delivery,Wheat,7108 kg,"Rs 2,615.00","Rs 1,85,874.20",BRD-UJN
T017696,28/12/21, F01765 ,FERT_PURCHASE,PP chemicals,216 kg,Rs 631.49,"Rs 1,36,401.84",BRD-UJN
T017697,24/12/21,F01765,input,NPK 10:26:26,139 kgs,Rs 49.17,"Rs 6,834.63",BRD-UJN
T017698,09/04/22,F01772,FPO_DELIVERY,Wheat,2257 kg,"Rs 2,470.00","Rs 55,747.90",BRD-UJN
T017699,29/03/22,F01772,DELIVERY,Lokwan Wheat,"1,558.00 kgs","Rs 2,470.00","Rs 38,482.60",BRD-UJN
T017700,12/12/21,F01772,input,Hybrid Seeds,91 kgs,Rs 86.15,"Rs 7,839.65",BRD-UJN
T017701,17/03/22,F01774,delivery,WHEAT,4.38 t,"Rs 2,555.00","Rs 1,11,806.80",BRD-UJN
T017702,15/12/21,f01774,I,Hybrid Seeds,297 kg,Rs 71.18,"Rs 21,140.46",BRD-UJN
T017703,02/12/21,F01774,I,NPK 10:26:26,193 kgs,Rs 41.57,"Rs 8,023.01",BRD-UJN
T017704,04/03/22,F01779,DELIVERY,Wheat,48.7 qtl,"Rs 2,535.00","Rs 1,23,353.10",BRD-UJN
T017705,03/12/21,F01779,INPUT_PURCHASE,SEEDS,128 kg,Rs 85.31,"Rs 10,919.68",BRD-UJN
T017706,16/12/21,F01779,FERT_PURCHASE,DAP,89 kgs,Rs 51.06,"Rs 4,544.34",BRD-UJN
T017707,03/12/21,F01779,FERT_PURCHASE,Hybrid Seeds,66 kgs,Rs 63.93,"Rs 4,219.38",BRD-UJN
T017708,06/01/22,F01779,input,Urea,243 kg,Rs 47.47,"Rs 11,535.21",BRD-UJN
T017709,03/03/22,F01781,Delivery,Wheat (Durum),"4,567.00 kgs","Rs 2,215.00","Rs 1,01,159.05",BRD-UJN
T017710,14/12/21,F01781,INPUT_PURCHASE,Seeds,73 kg,Rs 91.02,"Rs 6,644.46",BRD-UJN
T017711,26/04/22,F01782,D,WHEAT,8.73 MT,"Rs 2,410.00","Rs 2,10,489.40",BRD-UJN
T017712,22/04/22,f01782,DELIVERY,wheat,833 kg,"Rs 2,410.00","Rs 20,075.30",BRD-UJN
T017713,08/03/22,F01783,DELIVERY,WHEAT,0.27 quintals,"Rs 2,610.00",Rs 704.70,BRD-UJN
T017714,24/03/22,F01783,DELIVERY,Wheat (Durum),"2,010.00 kgs","Rs 2,610.00","Rs 52,461.00",BRD-UJN
T017715,21/04/22,F01783,delivery,Bengal Gram,5.0 qtl,"Rs 6,490.00","Rs 32,320.20",BRD-UJN
T017716,16/04/22,F01783,FPO_DELIVERY,GRAM (Chana),236 kg,"Rs 6,490.00","Rs 15,316.40",BRD-UJN
T017717,06/12/21,F01783,Input Purchase,DAP,64 kg,Rs 41.72,"Rs 2,670.08",BRD-UJN
T017718,19/12/21,F01783,Input Purchase,NPK 10:26:26,121 kg,Rs 41.09,"Rs 4,971.89",BRD-UJN
T017719,19/04/22,F01784,delivery,wheat,12.0 qtl,"Rs 2,500.00","Rs 29,900.00",BRD-UJN
T017720,16/04/22,F01784,delivery,Lokwan Wheat,12.30 quintals,"Rs 2,500.00","Rs 30,750.00",BRD-UJN
T017721,15/03/22,F01784,D,chana,441 kg,"Rs 6,360.00","Rs 28,047.60",BRD-UJN
T017722,10/04/22,F01784,FPO_DELIVERY,chana,5.61 quintals,"Rs 6,360.00","Rs 35,679.60",BRD-UJN
T017723,14/05/22,F01784,FPO_DELIVERY,chana,0.3 qtl,"Rs 6,360.00","Rs 1,908.00",BRD-UJN
T017724,21/12/21,F01784,FERT_PURCHASE,Fertilizer,153 kg,Rs 44.74,"Rs 6,845.22",BRD-UJN
T017725,15/01/22,F01784,I,Seeds,313 kgs,Rs 61.69,"Rs 19,308.97",BRD-UJN
T017726,17/12/21,F01784,input,Fertilizer,100 kgs,Rs 51.60,"Rs 5,160.00",BRD-UJN
T017727,07/12/21,F01784,Input Purchase,Hybrid Seeds,40 kg,Rs 118.07,"Rs 4,722.80",BRD-UJN
T017728,08/04/22,F01786,DELIVERY,Wheat (Durum),"4,431.00 kgs","Rs 2,435.00","Rs 1,07,894.85",BRD-UJN
T017729,17/03/22,F01786,delivery,wheat,0.25 MT,"Rs 2,435.00","Rs 5,965.75",BRD-UJN
T017730,01/03/22,F01786,L,Loan Repayment,,,"Rs 5,400.00",BRD-UJN
T017731,09/05/22, F01787 ,D,WHEAT,10.89 quintals,"Rs 2,570.00","Rs 27,987.30",BRD-UJN
T017732,31/03/22,f01787,FPO_DELIVERY,Wheat (Durum),30.4 qtl,"Rs 2,570.00","Rs 77,999.50",BRD-UJN
T017733,12/02/22,F01787,LOAN_REPAY,Loan Repayment,,,"Rs 3,700.00",BRD-UJN
T017734,07/04/22, F01788 ,Delivery,WHEAT,40.24 q,"Rs 2,585.00","Rs 1,04,020.40",BRD-UJN
T017735,17/03/22,F01788,delivery,Wheat,8525 kg,"Rs 2,585.00","Rs 2,20,371.25",BRD-UJN
T017736,25/12/21, F01788 ,Input Purchase,PP chemicals,268 kgs,Rs 201.85,"Rs 54,095.80",BRD-UJN
T017737,01/05/22,F01791,delivery,Wheat,886 kg,"Rs 2,540.00","Rs 22,504.40",BRD-UJN
T017738,20/03/22,F01791,delivery,Lokwan Wheat,30.23 q,"Rs 2,540.00","Rs 76,784.20",BRD-UJN
T017739,20/12/21,F01791,I,SEEDS,312 kgs,Rs 106.22,"Rs 33,140.64",BRD-UJN
T017740,12/01/22,f01791,FERT_PURCHASE,FERTILIZER 50kg bag,176 kgs,Rs 49.91,"Rs 8,784.16",BRD-UJN
T017741,23/12/21,F01791,INPUT_PURCHASE,Fertilizer,262 kg,Rs 45.25,"Rs 11,855.50",BRD-UJN
T017742,27/04/22,F01791,L,EMI,,,"Rs 5,000.00",BRD-UJN
T017743,15/01/22,F01791,loan,Loan Repayment,,,"Rs 2,600.00",BRD-UJN
T017744,20/03/22,f01794,delivery,WHEAT,"1,450.00 kgs","Rs 2,475.00","Rs 35,887.50",BRD-UJN
T017745,04/01/22,F01794,INPUT_PURCHASE,Seeds,176 kgs,Rs 122.72,"Rs 21,598.72",BRD-UJN
T017746,20/12/21,F01794,input,DAP,105 kg,Rs 58.47,"Rs 6,139.35",BRD-UJN
T017747,20/12/21,F01794,INPUT_PURCHASE,Fertilizer,36 kg,Rs 28.51,"Rs 1,026.36",BRD-UJN
T017748,12/05/22,F01798,Delivery,WHEAT,103.16 quintals,"Rs 2,300.00","Rs 2,37,268.00",BRD-UJN
T017749,08/12/21,F01798,input,Seeds,237 kgs,Rs 55.70,"Rs 13,200.90",BRD-UJN
T017750,22/04/22,F01800,DELIVERY,wheat,1736 kg,"Rs 2,350.00","Rs 40,796.00",BRD-UJN
T017751,11/04/22,F01800,D,WHEAT,7.85 quintals,"Rs 2,350.00","Rs 18,447.50",BRD-UJN
T017752,11/04/22,F01801,delivery,WHEAT,32.84 q,"Rs 2,355.00","Rs 77,338.20",BRD-UJN
T017753,15/01/22,f01801,input,PP chemicals,60 kgs,Rs 242.25,"Rs 14,535.00",BRD-UJN
T017754,05/04/22,F01803,FPO_DELIVERY,Lokwan Wheat,10382 kg,"Rs 2,435.00","Rs 2,52,801.70",BRD-UJN
T017755,23/12/21,F01803,Input Purchase,Fertilizer,261 kgs,Rs 57.49,"Rs 15,004.89",BRD-UJN
T017756,24/12/21,F01803,input,PP chemicals,32 kgs,Rs 489.70,"Rs 15,670.40",BRD-UJN
T017757,10/03/22,F01805,DELIVERY,wheat,"3,261.00 kgs","Rs 2,515.00","Rs 82,014.15",BRD-UJN
T017758,06/05/22, F01805 ,D,Lokwan Wheat,209.00 kgs,"Rs 2,515.00","Rs 5,256.35",BRD-UJN
T017759,29/12/21,f01805,INPUT_PURCHASE,NPK 10:26:26,79 kg,Rs 29.62,"Rs 2,339.98",BRD-UJN
T017760,15/12/21,F01805,I,FERTILIZER 50kg bag,184 kg,Rs 55.73,"Rs 10,254.32",BRD-UJN
T017761,18/12/21,F01805,INPUT_PURCHASE,FERTILIZER 50kg bag,88 kgs,Rs 43.59,"Rs 3,835.92",BRD-UJN
T017762,11/01/22, F01805 ,INPUT_PURCHASE,Hybrid Seeds,279 kg,Rs 120.26,"Rs 33,552.54",BRD-UJN
T017763,29/04/22,F01806,DELIVERY,Wheat,31.53 q,"Rs 2,390.00","Rs 75,356.70",BRD-UJN
T017764,05/01/22,F01806,I,PPC,274 kgs,Rs 465.94,"Rs 1,27,667.56",BRD-UJN
T017765,07/12/21,F01806,FERT_PURCHASE,Seeds,290 kg,Rs 102.80,"Rs 29,812.00",BRD-UJN
T017766,31/12/21,,Input Purchase,Bio-pesticide,197 kg,Rs 462.89,"Rs 91,189.33",BRD-UJN
T017767,10/01/22,F01806,INPUT_PURCHASE,Seeds,127 kg,Rs 109.56,"Rs 13,914.12",BRD-UJN
T017768,02/04/22,f01808,DELIVERY,Wheat (Durum),8.80 quintals,"Rs 2,630.00","Rs 23,144.00",BRD-UJN
T017769,25/04/22,F01808,FPO_DELIVERY,Wheat,51.40 q,"Rs 2,630.00","Rs 1,35,182.00",BRD-UJN
T017770,07/04/22,F01808,Delivery,Bengal Gram,"1,577.00 kgs","Rs 6,665.00","Rs 1,05,107.05",BRD-UJN
T017771,25/04/22,F01808,delivery,GRAM (Chana),773.00 kgs,"Rs 6,665.00","Rs 51,520.45",BRD-UJN
T017772,14/12/21,F01808,Input Purchase,DAP,202 kg,Rs 37.90,"Rs 7,655.80",BRD-UJN
T017773,02/01/22,F01808,FERT_PURCHASE,Bio-pesticide,181 kgs,Rs 292.34,"Rs 52,913.54",BRD-UJN
T017774,22/12/21,F01808,Input Purchase,DAP,59 kg,Rs 43.82,"Rs 2,585.38",BRD-UJN
T017775,28/12/21,F01808,FERT_PURCHASE,Hybrid Seeds,234 kgs,Rs 125.75,"Rs 29,425.50",BRD-UJN
T017776,28/04/22,F01809,Delivery,WHEAT,4.35 MT,"Rs 2,455.00","Rs 1,06,694.30",BRD-UJN
T017777,08/04/22,F01809,Delivery,Wheat (Durum),3301 kg,"Rs 2,455.00","Rs 81,039.55",BRD-UJN
T017778,09/05/22,F01815,D,wheat,"1,667.00 kgs","Rs 2,695.00","Rs 44,925.65",BRD-UJN
T017779,14/04/22,F01815,DELIVERY,chana,0.47 MT,"Rs 6,120.00","Rs 28,641.60",BRD-UJN
T017780,13/05/22, F01815 ,Delivery,chana,185.00 kgs,"Rs 6,120.00","Rs 11,322.00",BRD-UJN
T017781,07/12/21,F01815,INPUT_PURCHASE,NPK 10:26:26,138 kg,Rs 29.03,"Rs 4,006.14",BRD-UJN
T017782,23/12/21,F01815,input,PPC,300 kg,Rs 639.18,"Rs 1,91,754.00",BRD-UJN
T017783,23/03/22,F01815,loan,EMI,,,"Rs 4,100.00",BRD-UJN
T017784,05/03/22,F01817,DELIVERY,Wheat,15.74 q,"Rs 2,485.00","Rs 39,113.90",BRD-UJN
T017785,10/04/22,F01817,DELIVERY,GRAM (Chana),574 kg,"Rs 5,960.00","Rs 34,210.40",BRD-UJN
T017786,10/12/21,F01817,input,Bio-pesticide,102 kgs,Rs 516.44,"Rs 52,676.88",BRD-UJN
T017787,14/12/21,F01817,INPUT_PURCHASE,SEEDS,193 kgs,Rs 89.11,"Rs 17,198.23",BRD-UJN
T017788,11/12/21,F01817,input,Fertilizer,230 kgs,Rs 39.54,"Rs 9,094.20",BRD-UJN
T017789,18/12/21,F01817,I,SEEDS,64 kgs,Rs 53.06,"Rs 3,395.84",BRD-UJN
T017790,30/03/22, F01817 ,loan,Loan Repayment,,,"Rs 6,900.00",BRD-UJN
T017791,11/02/22,F01817,L,Loan Repayment,,,"Rs 2,200.00",BRD-UJN
T017792,29/01/22,F01817,Loan Repayment,Loan Repayment,,,"Rs 6,300.00",BRD-UJN
T017793,30/04/22,F01818,FPO_DELIVERY,WHEAT,56.39 quintals,"Rs 2,500.00","Rs 1,40,975.00",BRD-UJN
T017794,25/04/22,F01818,FPO_DELIVERY,Lokwan Wheat,165.00 kgs,"Rs 2,500.00","Rs 4,125.00",BRD-UJN
T017795,11/04/22, F01818 ,FPO_DELIVERY,chana,"1,290.00 kgs","Rs 6,425.00","Rs 82,882.50",BRD-UJN
T017796,18/03/22,F01823,FPO_DELIVERY,Wheat (Durum),419.00 kgs,"Rs 2,415.00","Rs 10,118.85",BRD-UJN
T017797,05/05/22, F01823 ,DELIVERY,Wheat (Durum),1048 kg,"Rs 2,415.00","Rs 25,309.20",BRD-UJN
T017798,11/03/22,F01823,D,Bengal Gram,115.00 kgs,"Rs 6,305.00","Rs 7,250.75",BRD-UJN
T017799,30/04/22,F01823,Delivery,GRAM (Chana),0.9 qtl,"Rs 6,305.00","Rs 5,485.35",BRD-UJN
T017800,21/03/22,F01823,D,Gram,3.50 q,"Rs 6,305.00","Rs 22,067.50",BRD-UJN
T017801,10/03/22,F01825,FPO_DELIVERY,Wheat,69.80 quintals,"Rs 2,380.00","Rs 1,66,124.00",BRD-UJN
T017802,30/03/22,F01825,delivery,Wheat (Durum),1.26 t,"Rs 2,380.00","Rs 30,035.60",BRD-UJN
T017803,26/12/21,F01825,I,Bio-pesticide,236 kg,Rs 658.67,"Rs 1,55,446.12",BRD-UJN
T017804,31/01/22,F01825,loan,Loan Repayment,,,"Rs 6,700.00",BRD-UJN
T017805,10/02/22,F01825,Loan Repayment,Loan Repayment,,,"Rs 2,300.00",BRD-UJN
T017806,29/03/22,F01829,D,Wheat,4.57 t,"Rs 2,330.00","Rs 1,06,481.00",BRD-UJN
T017807,19/03/22,f01829,FPO_DELIVERY,WHEAT,0.55 q,"Rs 2,330.00","Rs 1,281.50",BRD-UJN
T017808,15/12/21,F01829,FERT_PURCHASE,SEEDS,162 kg,Rs 121.45,"Rs 19,674.90",BRD-UJN
T017809,11/01/22,F01829,input,PPC,88 kgs,Rs 593.61,"Rs 52,237.68",BRD-UJN
T017810,04/03/22,F01831,Delivery,wheat,4.23 MT,"Rs 2,515.00","Rs 1,06,283.90",BRD-UJN
T017811,02/05/22,F01831,D,Wheat (Durum),5.8 qtl,"Rs 2,515.00","Rs 14,712.75",BRD-UJN
T017812,02/03/22,F01833,Delivery,wheat,1101 kg,"Rs 2,480.00","Rs 27,304.80",BRD-UJN
T017813,07/05/22,F01833,DELIVERY,WHEAT,"2,187.00 kgs","Rs 2,480.00","Rs 54,237.60",BRD-UJN
T017814,14/03/22,F01833,Delivery,Bengal Gram,"1,069.00 kgs","Rs 6,415.00","Rs 68,576.35",BRD-UJN
T017815,08/12/21,f01833,INPUT_PURCHASE,Urea,69 kg,Rs 59.56,"Rs 4,109.64",BRD-UJN
T017816,15/12/21,F01833,INPUT_PURCHASE,Hybrid Seeds,269 kg,Rs 122.16,"Rs 32,861.04",BRD-UJN
T017817,22/12/21,F01833,input,Bio-pesticide,53 kgs,Rs 583.09,"Rs 30,903.77",BRD-UJN
T017818,25/03/22,F01837,D,Wheat (Durum),4.5 qtl,"Rs 2,470.00","Rs 11,016.20",BRD-UJN
T017819,18/03/22,F01837,Delivery,Wheat,14.77 q,"Rs 2,470.00","Rs 36,481.90",BRD-UJN
T017820,19/12/21,F01837,I,DAP,229 kgs,Rs 42.52,"Rs 9,737.08",BRD-UJN
T017821,10/12/21,F01837,I,Urea,299 kg,Rs 56.19,"Rs 16,800.81",BRD-UJN
T017822,11/04/22,F01838,FPO_DELIVERY,Wheat (Durum),65.17 quintals,"Rs 2,600.00","Rs 1,69,442.00",BRD-UJN
T017823,01/12/21,F01838,Input Purchase,NPK 10:26:26,221 kg,Rs 52.58,"Rs 11,620.18",BRD-UJN
T017824,29/12/21,F01838,Input Purchase,Fertilizer,276 kgs,Rs 47.08,"Rs 12,994.08",BRD-UJN
T017825,17/04/22,F01839,delivery,Wheat,35.29 q,"Rs 2,265.00","Rs 79,931.85",BRD-UJN
T017826,14/01/22,F01839,INPUT_PURCHASE,PP chemicals,211 kgs,Rs 660.77,"Rs 1,39,422.47",BRD-UJN
T017827,07/01/22,F01839,I,Urea,260 kgs,Rs 48.25,"Rs 12,545.00",BRD-UJN
T017828,05/03/22,f01842,DELIVERY,Lokwan Wheat,1768 kg,"Rs 2,460.00","Rs 43,492.80",BRD-UJN
T017829,30/04/22,F01842,delivery,WHEAT,"1,632.00 kgs","Rs 2,460.00","Rs 40,147.20",BRD-UJN
T017830,05/12/21,F01842,Input Purchase,Urea,148 kgs,Rs 58.78,"Rs 8,699.44",BRD-UJN
T017831,01/12/21,F01842,INPUT_PURCHASE,DAP,177 kgs,Rs 48.46,"Rs 8,577.42",BRD-UJN
T017832,02/12/21,F01842,INPUT_PURCHASE,Seeds,61 kg,Rs 59.61,"Rs 3,636.21",BRD-UJN
T017833,18/12/21,F01842,FERT_PURCHASE,PP chemicals,229 kg,Rs 273.84,"Rs 62,709.36",BRD-UJN
T017834,08/05/22,F01843,delivery,wheat,16.2 qtl,"Rs 2,335.00","Rs 37,897.05",BRD-UJN
T017835,23/04/22,F01844,delivery,Wheat,0.44 t,"Rs 2,400.00","Rs 10,632.00",BRD-UJN
T017836,05/03/22,F01844,delivery,Wheat (Durum),2.29 t,"Rs 2,400.00","Rs 54,960.00",BRD-UJN
T017837,15/12/21,F01844,INPUT_PURCHASE,DAP,178 kgs,Rs 44.66,"Rs 7,949.48",BRD-UJN
T017838,02/12/21,f01844,INPUT_PURCHASE,PP chemicals,232 kgs,Rs 278.92,"Rs 64,709.44",BRD-UJN
T017839,09/12/21,F01844,INPUT_PURCHASE,PP chemicals,196 kg,Rs 468.25,"Rs 91,777.00",BRD-UJN
T017840,13/12/21,F01844,INPUT_PURCHASE,Hybrid Seeds,62 kg,Rs 93.36,"Rs 5,788.32",BRD-UJN
T017841,03/05/22,F01846,DELIVERY,Wheat (Durum),20.71 quintals,"Rs 2,440.00","Rs 50,532.40",BRD-UJN
T017842,11/04/22,F01846,Delivery,Wheat,2.5 qtl,"Rs 2,440.00","Rs 6,124.40",BRD-UJN
T017843,07/01/22,f01846,Loan Repayment,Loan Repayment,,,"Rs 2,600.00",BRD-UJN
T017844,25/01/22,F01846,L,EMI,,,"Rs 5,500.00",BRD-UJN
T017845,11/03/22,F01848,delivery,Wheat,15.60 q,"Rs 2,450.00","Rs 38,220.00",BRD-UJN
T017846,13/03/22,F01848,D,Lokwan Wheat,38.8 qtl,"Rs 2,450.00","Rs 94,962.00",BRD-UJN
T017847,02/12/21,F01848,FERT_PURCHASE,DAP,253 kgs,Rs 45.57,"Rs 11,529.21",BRD-UJN
T017848,13/05/22, F01849 ,DELIVERY,Lokwan Wheat,32.57 quintals,"Rs 2,590.00","Rs 84,356.30",BRD-UJN
T017849,01/05/22,f01849,Delivery,chana,3.95 quintals,"Rs 6,195.00","Rs 24,470.25",BRD-UJN
T017850,13/03/22,F01849,D,Bengal Gram,888 kg,"Rs 6,195.00","Rs 55,011.60",BRD-UJN
T017851,08/03/22,F01851,FPO_DELIVERY,WHEAT,68.69 quintals,"Rs 2,665.00","Rs 1,83,058.85",BRD-UJN
T017852,20/03/22,F01851,D,chana,20.1 qtl,"Rs 6,340.00","Rs 1,27,560.80",BRD-UJN
T017853,11/04/22,F01851,Delivery,Gram,3.6 qtl,"Rs 6,340.00","Rs 22,697.20",BRD-UJN
T017854,19/12/21,F01851,INPUT_PURCHASE,DAP,58 kg,Rs 52.62,"Rs 3,051.96",BRD-UJN
T017855,29/04/22, F01852 ,Delivery,wheat,13911 kg,"Rs 2,520.00","Rs 3,50,557.20",BRD-UJN
T017856,28/04/22,F01852,DELIVERY,WHEAT,1004 kg,"Rs 2,520.00","Rs 25,300.80",BRD-UJN
T017857,12/04/22, F01852 ,Delivery,Bengal Gram,29.24 q,"Rs 6,050.00","Rs 1,76,902.00",BRD-UJN
T017858,29/04/22,F01852,D,chana,2709 kg,"Rs 6,050.00","Rs 1,63,894.50",BRD-UJN
T017859,12/01/22,F01852,I,Seeds,122 kgs,Rs 76.36,"Rs 9,315.92",BRD-UJN
T017860,25/12/21, F01852 ,I,Hybrid Seeds,199 kg,Rs 53.52,"Rs 10,650.48",BRD-UJN
T017861,12/12/21,F01852,INPUT_PURCHASE,SEEDS,120 kgs,Rs 93.15,"Rs 11,178.00",BRD-UJN
T017862,09/01/22,F01852,Input Purchase,NPK 10:26:26,191 kg,Rs 33.82,"Rs 6,459.62",BRD-UJN
T017863,11/12/21,F01852,FERT_PURCHASE,NPK 10:26:26,208 kgs,Rs 58.47,"Rs 12,161.76",BRD-UJN
T017864,29/12/21,F01852,input,NPK 10:26:26,157 kg,Rs 33.85,"Rs 5,314.45",BRD-UJN
T017865,24/12/21,F01852,I,Urea,273 kgs,Rs 36.81,"Rs 10,049.13",BRD-UJN
T017866,19/03/22,F01858,FPO_DELIVERY,WHEAT,1561 kg,"Rs 2,565.00","Rs 40,039.65",BRD-UJN
T017867,09/04/22,F01859,delivery,wheat,1428 kg,"Rs 2,655.00","Rs 37,913.40",BRD-UJN
T017868,21/03/22,F01859,DELIVERY,wheat,26.3 qtl,"Rs 2,655.00","Rs 69,906.15",BRD-UJN
T017869,30/04/22,F01859,FPO_DELIVERY,GRAM (Chana),1382 kg,"Rs 6,375.00","Rs 88,102.50",BRD-UJN
T017870,05/04/22,F01859,FPO_DELIVERY,Bengal Gram,0.09 quintals,"Rs 6,375.00",₹ N/A,BRD-UJN
T017871,09/01/22,F01859,INPUT_PURCHASE,Fertilizer,69 kg,Rs 29.39,"Rs 2,027.91",BRD-UJN
T017872,11/01/22,F01859,FERT_PURCHASE,Seeds,310 kg,Rs 66.81,"Rs 20,711.10",BRD-UJN
T017873,28/12/21, F01859 ,FERT_PURCHASE,FERTILIZER 50kg bag,244 kgs,Rs 42.11,"Rs 10,274.84",BRD-UJN
T017874,18/03/22,F01861,Delivery,wheat,15.7 qtl,"Rs 2,385.00","Rs 37,444.50",BRD-UJN
T017875,02/12/21,F01861,Input Purchase,DAP,131 kg,Rs 33.69,"Rs 4,413.39",BRD-UJN
T017876,27/12/21,F01861,I,Fertilizer,286 kg,Rs 38.15,"Rs 10,910.90",BRD-UJN
T017877,02/01/22,F01861,INPUT_PURCHASE,Fertilizer,176 kgs,Rs 32.08,"Rs 5,646.08",BRD-UJN
T017878,14/03/22,F01861,loan,EMI,,,"Rs 1,300.00",BRD-UJN
T017879,15/01/22,F01861,LOAN_REPAY,EMI,,,"Rs 3,800.00",BRD-UJN
T017880,16/03/22,F01865,DELIVERY,Lokwan Wheat,654.00 kgs,"Rs 2,590.00","Rs 16,938.60",BRD-UJN
T017881,04/03/22,f01865,DELIVERY,Wheat (Durum),12.00 q,"Rs 2,590.00","Rs 31,080.00",BRD-UJN
T017882,07/04/22,F01865,D,Wheat,19.11 q,"Rs 2,590.00","Rs 49,494.90",BRD-UJN
T017883,10/12/21,F01865,I,Urea,147 kgs,Rs 39.59,"Rs 5,819.73",BRD-UJN
T017884,03/05/22,F01866,FPO_DELIVERY,wheat,18.30 q,"Rs 2,590.00","Rs 47,397.00",BRD-UJN
T017885,26/03/22,F01866,DELIVERY,Lokwan Wheat,7.9 qtl,"Rs 2,590.00","Rs 20,564.60",BRD-UJN
T017886,01/04/22,F01866,D,Gram,632.00 kgs,"Rs 6,285.00","Rs 39,721.20",BRD-UJN
T017887,09/01/22,F01866,FERT_PURCHASE,Seeds,305 kg,Rs 123.19,"Rs 37,572.95",BRD-UJN
T017888,25/12/21,F01866,INPUT_PURCHASE,NPK 10:26:26,261 kg,Rs 28.28,"Rs 7,381.08",BRD-UJN
T017889,31/03/22,F01867,Delivery,Wheat,1072 kg,"Rs 2,690.00","Rs 28,836.80",BRD-UJN
T017890,27/03/22,F01867,FPO_DELIVERY,Wheat,617.00 kgs,"Rs 2,690.00","Rs 16,597.30",BRD-UJN
T017891,18/12/21,F01867,input,Fertilizer,157 kg,Rs 43.13,"Rs 6,771.41",BRD-UJN
T017892,26/03/22,F01872,Delivery,wheat,10.1 qtl,"Rs 2,395.00","Rs 24,189.50",BRD-UJN
T017893,11/03/22,F01872,DELIVERY,Wheat (Durum),2.42 quintals,"Rs 2,395.00","Rs 5,795.90",BRD-UJN
T017894,09/05/22,,Delivery,Gram,4.52 q,"Rs 6,290.00","Rs 28,430.80",BRD-UJN
T017895,14/01/22,F01872,I,Fertilizer,140 kg,Rs 36.45,"Rs 5,103.00",BRD-UJN
T017896,04/03/22,F01873,D,WHEAT,11.42 quintals,"Rs 2,400.00","Rs 27,408.00",BRD-UJN
T017897,16/03/22,F01873,delivery,Lokwan Wheat,238.00 kgs,"Rs 2,400.00","Rs 5,712.00",BRD-UJN
T017898,15/01/22,F01873,Input Purchase,DAP,156 kg,Rs 44.95,"Rs 7,012.20",BRD-UJN
T017899,03/01/22,F01873,FERT_PURCHASE,Fertilizer,149 kgs,Rs 43.31,"Rs 6,453.19",BRD-UJN
T017900,20/12/21,F01873,input,NPK 10:26:26,32 kgs,Rs 50.98,"Rs 1,631.36",BRD-UJN
T017901,31/12/21,F01873,input,PPC,155 kg,Rs 588.16,"Rs 91,164.80",BRD-UJN
T017902,11/05/22,F01873,L,EMI,,,"Rs 4,400.00",BRD-UJN
T017903,10/03/22,F01875,delivery,Wheat (Durum),3056 kg,"Rs 2,480.00","Rs 75,788.80",BRD-UJN
T017904,26/04/22,F01875,Delivery,WHEAT,17.88 q,"Rs 2,480.00","Rs 44,342.40",BRD-UJN
T017905,09/01/22,F01875,input,Fertilizer,319 kgs,Rs 44.49,"Rs 14,192.31",BRD-UJN
T017906,09/01/22,F01875,INPUT_PURCHASE,DAP,143 kg,Rs 59.07,"Rs 8,447.01",BRD-UJN
T017907,05/12/21,F01875,I,Fertilizer,255 kgs,Rs 51.78,"Rs 13,203.90",BRD-UJN
T017908,14/01/22,F01875,input,DAP,38 kgs,Rs 44.74,"Rs 1,700.12",BRD-UJN
T017909,26/02/22,f01875,L,EMI,,,"Rs 2,100.00",BRD-UJN
T017910,18/04/22,F01875,LOAN_REPAY,Loan Repayment,,,"Rs 6,100.00",BRD-UJN
T017911,06/04/22,F01875,loan,EMI,,,Rs 900.00,BRD-UJN
T017912,02/03/22,F01876,DELIVERY,Wheat (Durum),440 kg,"Rs 2,440.00","Rs 10,736.00",BRD-UJN
T017913,03/05/22,F01876,delivery,wheat,18.5 qtl,"Rs 2,440.00","Rs 45,091.20",BRD-UJN
T017914,04/04/22,F01876,FPO_DELIVERY,Wheat (Durum),18.00 quintals,"Rs 2,440.00","Rs 43,920.00",BRD-UJN
T017915,02/03/22,f01878,delivery,Wheat,21.6 qtl,"Rs 2,580.00","Rs 55,728.00",BRD-UJN
T017916,17/04/22,F01878,D,WHEAT,0.88 q,"Rs 2,580.00","Rs 2,270.40",BRD-UJN
T017917,05/12/21, F01878 ,I,DAP,151 kgs,Rs 41.37,"Rs 6,246.87",BRD-UJN
T017918,09/05/22,F01878,L,Loan Repayment,,,"Rs 4,900.00",BRD-UJN
T017919,30/05/22,F01878,Loan Repayment,EMI,,,"Rs 5,000.00",BRD-UJN
T017920,29/01/22,F01878,loan,EMI,,,"Rs 5,900.00",BRD-UJN
T017921,07/03/22,F01880,delivery,Wheat,80.8 qtl,"Rs 2,650.00","Rs 2,14,093.50",BRD-UJN
T017922,08/12/21,F01880,FERT_PURCHASE,FERTILIZER 50kg bag,75 kg,Rs 59.50,"Rs 4,462.50",BRD-UJN
T017923,27/12/21,F01880,FERT_PURCHASE,Urea,309 kg,Rs 46.17,"Rs 14,266.53",BRD-UJN
T017924,21/12/21,F01880,FERT_PURCHASE,FERTILIZER 50kg bag,51 kg,Rs 32.53,"Rs 1,659.03",BRD-UJN
T017925,01/03/22,F01881,DELIVERY,WHEAT,23.43 q,"Rs 2,365.00","Rs 55,411.95",BRD-UJN
T017926,26/03/22,F01881,Delivery,wheat,508.00 kgs,"Rs 2,365.00","Rs 12,014.20",BRD-UJN
T017927,15/03/22,F01881,Delivery,WHEAT,4.42 q,"Rs 2,365.00","Rs 10,453.30",BRD-UJN
T017928,01/03/22,F01882,D,Lokwan Wheat,22.71 quintals,"Rs 2,455.00","Rs 55,753.05",BRD-UJN
T017929,23/04/22,F01882,FPO_DELIVERY,wheat,2401 kg,"Rs 2,455.00","Rs 58,944.55",BRD-UJN
T017930,29/12/21,F01882,I,Urea,258 kg,Rs 41.91,"Rs 10,812.78",BRD-UJN
T017931,16/12/21,f01882,Input Purchase,DAP,192 kgs,Rs 52.86,"Rs 10,149.12",BRD-UJN
T017932,02/04/22,F01885,D,WHEAT,"3,656.00 kgs","Rs 2,430.00","Rs 88,840.80",BRD-UJN
T017933,07/12/21,F01885,input,SEEDS,226 kgs,Rs 63.07,"Rs 14,253.82",BRD-UJN
T017934,22/01/22,F01885,Loan Repayment,Loan Repayment,,,"Rs 5,600.00",BRD-UJN
T017935,12/04/22,F01886,DELIVERY,WHEAT,2.21 MT,"Rs 2,380.00","Rs 52,502.80",BRD-UJN
T017936,01/03/22,F01886,DELIVERY,WHEAT,74.25 q,"Rs 2,380.00","Rs 1,76,715.00",BRD-UJN
T017937,29/12/21,F01886,FERT_PURCHASE,Fertilizer,138 kgs,Rs 38.44,"Rs 5,304.72",BRD-UJN
T017938,15/01/22,F01886,I,Seeds,119 kg,Rs 95.71,"Rs 11,389.49",BRD-UJN
T017939,05/12/21,F01886,LOAN_REPAY,Loan Repayment,,,"Rs 7,400.00",BRD-UJN
T017940,29/03/22,F01889,Delivery,wheat,83.9 qtl,"Rs 2,355.00","Rs 1,97,678.70",BRD-UJN
T017941,20/12/21,F01889,Input Purchase,PP chemicals,242 kgs,Rs 278.41,"Rs 67,375.22",BRD-UJN
T017942,04/01/22,F01889,FERT_PURCHASE,PP chemicals,262 kgs,Rs 563.90,"Rs 1,47,741.80",BRD-UJN
T017943,12/05/22,f01890,delivery,Lokwan Wheat,"1,633.00 kgs","Rs 2,430.00","Rs 39,681.90",BRD-UJN
T017944,19/04/22,F01890,DELIVERY,Lokwan Wheat,2348 kg,"Rs 2,430.00","Rs 57,056.40",BRD-UJN
T017945,17/12/21, F01890 ,Input Purchase,NPK 10:26:26,175 kg,Rs 43.37,"Rs 7,589.75",BRD-UJN
T017946,06/03/22,F01891,delivery,Wheat (Durum),8.60 q,"Rs 2,485.00","Rs 21,371.00",BRD-UJN
T017947,10/03/22,F01891,DELIVERY,Wheat (Durum),1.80 t,"Rs 2,485.00","Rs 44,680.30",BRD-UJN
T017948,28/03/22,F01893,Delivery,Wheat (Durum),"1,757.00 kgs","Rs 2,375.00","Rs 41,728.75",BRD-UJN
T017949,29/03/22,F01893,D,chana,705 kg,"Rs 5,675.00","Rs 40,008.75",BRD-UJN
T017950,04/12/21,F01893,Input Purchase,Urea,172 kgs,Rs 48.22,"Rs 8,293.84",BRD-UJN
T017951,20/02/22,F01893,Loan Repayment,Loan Repayment,,,"Rs 7,600.00",BRD-UJN
T017952,20/04/22,F01893,LOAN_REPAY,EMI,,,Rs 900.00,BRD-UJN
T017953,02/05/22,F01893,Loan Repayment,EMI,,,"Rs 2,400.00",BRD-UJN
T017954,12/05/22,F01893,loan,EMI,,,"Rs 1,900.00",BRD-UJN
T017955,08/03/22,F01899,D,Wheat (Durum),"5,246.00 kgs","Rs 2,415.00","Rs 1,26,690.90",BRD-UJN
T017956,11/05/22,F01899,Delivery,Lokwan Wheat,58.2 qtl,"Rs 2,415.00","Rs 1,40,504.70",BRD-UJN
T017957,07/03/22,F01899,Delivery,chana,10.32 quintals,"Rs 6,625.00","Rs 68,370.00",BRD-UJN
T017958,25/04/22,F01899,D,Gram,27.67 quintals,"Rs 6,625.00","Rs 1,83,313.75",BRD-UJN
T017959,12/01/22,F01899,INPUT_PURCHASE,SEEDS,114 kgs,Rs 77.81,"Rs 8,870.34",BRD-UJN
T017960,12/12/21,F01899,I,Urea,208 kg,Rs 55.59,"Rs 11,562.72",BRD-UJN
T017961,08/04/22,F01901,FPO_DELIVERY,Lokwan Wheat,1578 kg,"Rs 2,635.00","Rs 41,580.30",BRD-UJN
T017962,10/12/21,F01901,Input Purchase,Hybrid Seeds,307 kg,Rs 99.73,"Rs 30,617.11",BRD-UJN
T017963,28/03/22,F01903,delivery,wheat,28.32 quintals,"Rs 2,415.00","Rs 68,392.80",BRD-UJN
T017964,22/03/22,F01903,FPO_DELIVERY,GRAM (Chana),946.00 kgs,"Rs 6,350.00","Rs 60,071.00",BRD-UJN
T017965,20/04/22,F01903,L,Loan Repayment,,,"Rs 5,900.00",BRD-UJN
T017966,23/05/22,F01903,loan,Loan Repayment,,,"Rs 7,300.00",BRD-UJN
T017967,20/05/22,F01903,LOAN_REPAY,EMI,,,"Rs 7,100.00",BRD-UJN
T017968,28/12/21,F01903,Loan Repayment,Loan Repayment,,,"Rs 1,000.00",BRD-UJN
T017969,10/05/22,F01904,delivery,Wheat,164.00 kgs,"Rs 2,360.00","Rs 3,870.40",BRD-UJN
T017970,23/04/22,F01904,DELIVERY,Wheat (Durum),6.3 qtl,"Rs 2,360.00","Rs 14,986.00",BRD-UJN
T017971,09/12/21,F01904,Input Purchase,NPK 10:26:26,315 kgs,Rs 42.61,"Rs 13,422.15",BRD-UJN
T017972,23/04/22,F01905,DELIVERY,Wheat (Durum),986 kg,"Rs 2,445.00","Rs 24,107.70",BRD-UJN
T017973,07/03/22,F01905,D,Wheat (Durum),14.63 q,"Rs 2,445.00","Rs 35,770.35",BRD-UJN
T017974,25/03/22,F01907,FPO_DELIVERY,Lokwan Wheat,5477 kg,"Rs 2,440.00","Rs 1,33,638.80",BRD-UJN
T017975,03/05/22,F01907,Delivery,Bengal Gram,8.85 quintals,"Rs 6,355.00","Rs 56,241.75",BRD-UJN
T017976,07/05/22,f01907,Delivery,Gram,9.82 q,"Rs 6,355.00","Rs 62,406.10",BRD-UJN
T017977,13/12/21,F01907,FERT_PURCHASE,Fertilizer,259 kg,Rs 55.45,"Rs 14,361.55",BRD-UJN
T017978,15/04/22,F01908,FPO_DELIVERY,Wheat,13.46 q,"Rs 2,395.00","Rs 32,236.70",BRD-UJN
T017979,01/04/22,F01908,Delivery,WHEAT,1126 kg,"Rs 2,395.00","Rs 26,967.70",BRD-UJN
T017980,03/04/22,F01908,D,Bengal Gram,832.00 kgs,"Rs 6,365.00","Rs 52,956.80",BRD-UJN
T017981,12/04/22,F01908,D,Gram,335.00 kgs,"Rs 6,365.00","Rs 21,322.75",BRD-UJN
T017982,08/01/22,F01908,FERT_PURCHASE,Fertilizer,203 kg,Rs 50.08,"Rs 10,166.24",BRD-UJN
T017983,29/12/21,F01908,FERT_PURCHASE,Seeds,154 kgs,Rs 83.37,"Rs 12,838.98",BRD-UJN
T017984,28/04/22,f01909,Delivery,Wheat,8727 kg,"Rs 2,555.00","Rs 2,22,974.85",BRD-UJN
T017985,06/12/21,F01909,FERT_PURCHASE,SEEDS,219 kgs,Rs 56.48,"Rs 12,369.12",BRD-UJN
T017986,21/12/21,F01909,Input Purchase,Urea,291 kg,Rs 44.39,"Rs 12,917.49",BRD-UJN
T017987,26/12/21,F01909,I,SEEDS,39 kg,Rs 84.15,"Rs 3,281.85",BRD-UJN
T018621,20/03/22,F02228,D,Wheat,15.0 qtl,"Rs 2,425.00","Rs 36,326.50",BRD-UJN
T018636,26/04/22,F02239,FPO_DELIVERY,wheat,54.0 qtl,"Rs 2,595.00","Rs 1,40,000.25",BRD-UJN
T018637,07/01/22,F02239,Input Purchase,Fertilizer,294 kgs,Rs 45.54,"Rs 13,388.76",BRD-UJN
T018640,05/03/22,F02242,D,Lokwan Wheat,53.56 q,"Rs 2,370.00","Rs 1,26,937.20",BRD-UJN
T018698,23/04/22,F02274,Delivery,wheat,13.3 qtl,"Rs 2,220.00","Rs 29,637.00",BRD-UJN
T018699,26/12/21,F02274,input,NPK 10:26:26,132 kgs,Rs 51.26,"Rs 6,766.32",BRD-UJN
T018700,30/12/21,F02274,INPUT_PURCHASE,PP chemicals,43 kg,Rs 599.64,"Rs 25,784.52",BRD-UJN
T018761,22/03/22,F02304,FPO_DELIVERY,Lokwan Wheat,2966 kg,"Rs 2,320.00","Rs 68,811.20",BRD-UJN
T018762,02/03/22,F02304,Delivery,Wheat (Durum),25.71 q,"Rs 2,320.00","Rs 59,647.20",BRD-UJN
T018763,17/05/22,F02304,Loan Repayment,Loan Repayment,,,"Rs 5,200.00",BRD-UJN
T018764,16/02/22,F02304,LOAN_REPAY,EMI,,,"Rs 1,800.00",BRD-UJN
T018783,10/05/22,F02310,DELIVERY,Wheat,4.27 MT,"Rs 2,460.00","Rs 1,04,992.80",BRD-UJN
T018784,26/12/21,F02310,INPUT_PURCHASE,Fertilizer,196 kg,Rs 49.59,"Rs 9,719.64",BRD-UJN
T018785,13/12/21,F02310,I,DAP,263 kgs,Rs 43.96,"Rs 11,561.48",BRD-UJN
T018786,16/12/21,f02310,FERT_PURCHASE,Hybrid Seeds,153 kgs,Rs 80.70,"Rs 12,347.10",BRD-UJN
T018787,21/03/22,F02313,DELIVERY,Lokwan Wheat,1113 kg,"Rs 2,560.00","Rs 28,492.80",BRD-UJN
T018788,07/04/22,F02313,DELIVERY,wheat,"1,752.00 kgs","Rs 2,560.00","Rs 44,851.20",BRD-UJN
T018789,05/12/21,F02313,FERT_PURCHASE,Hybrid Seeds,62 kg,Rs 83.39,"Rs 5,170.18",BRD-UJN
T018790,24/03/22, F02313 ,Loan Repayment,EMI,,,"Rs 2,000.00",BRD-UJN
T018791,03/01/22,F02313,loan,Loan Repayment,,,"Rs 7,300.00",BRD-UJN
T018812,16/03/22,F02325,Delivery,Wheat (Durum),3.68 MT,"Rs 2,570.00","Rs 94,678.80",BRD-UJN
T018813,20/12/21,F02325,Input Purchase,SEEDS,116 kgs,Rs 97.01,"Rs 11,253.16",BRD-UJN
T018828,19/04/22,F02336,delivery,wheat,15.60 q,"Rs 2,335.00","Rs 36,426.00",BRD-UJN
T018829,05/04/22,f02336,delivery,Wheat,367 kg,"Rs 2,335.00","Rs 8,569.45",BRD-UJN
T018830,04/12/21,f02336,FERT_PURCHASE,PP chemicals,278 kgs,Rs 343.41,"Rs 95,467.98",BRD-UJN
T018831,26/12/21,F02336,Input Purchase,Seeds,32 kg,Rs 51.45,"Rs 1,646.40",BRD-UJN
T018832,14/05/22,F02338,DELIVERY,wheat,3728 kg,"Rs 2,395.00","Rs 89,285.60",BRD-UJN
T018833,10/03/22,F02338,FPO_DELIVERY,Lokwan Wheat,17.4 qtl,"Rs 2,395.00","Rs 41,768.80",BRD-UJN
T018834,25/12/21,F02338,INPUT_PURCHASE,Seeds,206 kg,Rs 62.63,"Rs 12,901.78",BRD-UJN
T018835,20/12/21,F02338,Input Purchase,Fertilizer,112 kgs,Rs 49.96,"Rs 5,595.52",BRD-UJN
T018836,10/12/21,F02338,INPUT_PURCHASE,Bio-pesticide,171 kg,Rs 631.54,"Rs 1,07,993.34",BRD-UJN
T018838,16/03/22,F02340,DELIVERY,Wheat (Durum),7822 kg,"Rs 2,510.00","Rs 1,96,332.20",BRD-UJN
T018839,19/12/21, F02340 ,INPUT_PURCHASE,SEEDS,195 kg,Rs 118.44,"Rs 23,095.80",BRD-UJN
T018840,06/01/22,F02340,L,EMI,,,"Rs 1,500.00",BRD-UJN
T018841,01/12/21,f02340,loan,Loan Repayment,,,"Rs 5,700.00",BRD-UJN
T018842,13/04/22,F02340,LOAN_REPAY,EMI,,,"Rs 3,800.00",BRD-UJN
T018848,02/04/22,F02345,FPO_DELIVERY,Wheat,543.00 kgs,"Rs 2,480.00","Rs 13,466.40",BRD-UJN
T018849,12/04/22,F02345,D,wheat,1037 kg,"Rs 2,480.00","Rs 25,717.60",BRD-UJN
T018850,10/01/22,F02345,I,Urea,240 kg,Rs 49.45,"Rs 11,868.00",BRD-UJN
T018851,16/12/21,F02345,INPUT_PURCHASE,Seeds,209 kgs,Rs 48.53,"Rs 10,142.77",BRD-UJN
T018852,05/12/21,F02345,Input Purchase,Seeds,88 kgs,Rs 112.88,"Rs 9,933.44",BRD-UJN
T018853,27/12/21,F02345,Input Purchase,FERTILIZER 50kg bag,164 kgs,Rs 30.34,"Rs 4,975.76",BRD-UJN
T018865,02/05/22,F02349,FPO_DELIVERY,Wheat (Durum),2.8 qtl,"Rs 2,420.00","Rs 6,751.80",BRD-UJN
T018866,06/03/22,F02349,delivery,Wheat (Durum),2.15 t,"Rs 2,420.00","Rs 52,126.80",BRD-UJN
T018867,18/04/22,F02349,delivery,wheat,"5,908.00 kgs","Rs 2,420.00","Rs 1,42,973.60",BRD-UJN
T018868,07/01/22,F02349,Input Purchase,SEEDS,74 kg,Rs 108.56,"Rs 8,033.44",BRD-UJN
T018872,07/03/22,F02354,delivery,Wheat (Durum),"4,415.00 kgs","Rs 2,485.00","Rs 1,09,712.75",BRD-UJN
T018873,24/12/21,f02354,FERT_PURCHASE,NPK 10:26:26,73 kgs,Rs 46.50,"Rs 3,394.50",BRD-UJN
T018874,22/12/21,F02354,input,Bio-pesticide,92 kg,Rs 605.36,"Rs 55,693.12",BRD-UJN
T018875,19/12/21,f02354,input,Seeds,81 kg,Rs 84.93,"Rs 6,879.33",BRD-UJN
T018904,18/04/22,F02366,Delivery,wheat,652.00 kgs,"Rs 2,600.00","Rs 16,952.00",BRD-UJN
T018905,09/04/22,F02366,FPO_DELIVERY,WHEAT,112.26 quintals,"Rs 2,600.00","Rs 2,91,876.00",BRD-UJN
T018906,19/12/21,F02366,Input Purchase,Urea,271 kg,Rs 47.44,"Rs 12,856.24",BRD-UJN
T018907,21/12/21,F02366,I,SEEDS,104 kg,Rs 121.91,"Rs 12,678.64",BRD-UJN
T018908,31/12/21,F02366,INPUT_PURCHASE,Seeds,112 kgs,Rs 104.22,"Rs 11,672.64",BRD-UJN
T019031,08/05/22,f02421,D,wheat,509 kg,"Rs 2,350.00","Rs 11,961.50",BRD-UJN
T019032,23/03/22,F02421,Delivery,WHEAT,627 kg,"Rs 2,350.00","Rs 14,734.50",BRD-UJN
T019069,11/05/22,F02433,DELIVERY,WHEAT,2552 kg,"Rs 2,615.00","Rs 66,734.80",BRD-UJN
T019070,04/12/21,F02433,I,NPK 10:26:26,107 kg,Rs 38.54,"Rs 4,123.78",BRD-UJN
T019071,02/01/22,F02433,FERT_PURCHASE,NPK 10:26:26,118 kg,Rs 32.29,"Rs 3,810.22",BRD-UJN
T019096,30/04/22,F02443,DELIVERY,Wheat,9.15 q,"Rs 2,485.00","Rs 22,737.75",BRD-UJN
T019097,01/04/22,F02443,Delivery,Lokwan Wheat,1926 kg,"Rs 2,485.00","Rs 47,861.10",BRD-UJN
T019108,17/04/22,F02446,Delivery,Wheat (Durum),"2,606.00 kgs","Rs 2,595.00","Rs 67,625.70",BRD-UJN
T019109,03/03/22,F02446,delivery,WHEAT,749 kg,"Rs 2,595.00","Rs 19,436.55",BRD-UJN
T019110,15/01/22,F02446,INPUT_PURCHASE,Hybrid Seeds,293 kgs,Rs 112.58,"Rs 32,985.94",BRD-UJN
T019111,16/12/21,F02446,I,PP chemicals,85 kg,Rs 203.79,"Rs 17,322.15",BRD-UJN
T020152,29/11/22,F01765,DELIVERY,Soybean,2685 kg,"Rs 5,585.00","Rs 1,49,957.25",BRD-UJN
T020153,07/10/22,F01765,delivery,soya,298 kg,"Rs 5,585.00","Rs 16,643.30",BRD-UJN
T020154,32/01/2022,f01772,Delivery,Soybean (Yellow),16.4 qtl,"Rs 5,410.00","Rs 88,940.40",BRD-UJN
T020155,13/06/22,F01772,input,NPK 10:26:26,70 kgs,Rs 38.30,"Rs 2,681.00",BRD-UJN
T020156,03/07/22,F01772,INPUT_PURCHASE,NPK 10:26:26,287 kg,Rs 50.00,"Rs 14,350.00",BRD-UJN
T020157,02/06/22,F01772,Input Purchase,PPC,300 kgs,Rs 520.56,"Rs 1,56,168.00",BRD-UJN
T020158,21/10/22,f01772,L,Loan Repayment,,,"Rs 3,200.00",BRD-UJN
T020159,13/10/22,F01772,Loan Repayment,EMI,,,"Rs 3,300.00",BRD-UJN
T020160,22/08/22,F01772,loan,Loan Repayment,,,"Rs 4,100.00",BRD-UJN
T020161,20/11/22,F01774,Delivery,Soybean,1.95 quintals,"Rs 5,545.00","Rs 10,812.75",BRD-UJN
T020162,04/10/22,F01774,Delivery,soya,1949 kg,"Rs 5,545.00","Rs 1,08,072.05",BRD-UJN
T020163,26/06/22,F01774,FERT_PURCHASE,PPC,42 kgs,Rs 340.42,"Rs 14,297.64",BRD-UJN
T020164,06/07/22,F01774,FERT_PURCHASE,Bio-pesticide,184 kgs,Rs 620.94,"Rs 1,14,252.96",BRD-UJN
T020165,12/07/22,F01774,input,Urea,226 kg,Rs 45.84,"Rs 10,359.84",BRD-UJN
T020166,06/11/22, F01779 ,D,Soybean (Yellow),2588 kg,"Rs 4,955.00","Rs 1,28,235.40",BRD-UJN
T020167,15/07/22,F01779,INPUT_PURCHASE,Hybrid Seeds,50 kg,Rs 59.25,"Rs 2,962.50",BRD-UJN
T020168,15/07/22,F01779,INPUT_PURCHASE,Seeds,138 kgs,Rs 102.31,"Rs 14,118.78",BRD-UJN
T020169,02/07/22,F01779,Input Purchase,PP chemicals,279 kg,Rs 182.62,"Rs 50,950.98",BRD-UJN
T020170,16/06/22, F01779 ,input,PPC,96 kgs,Rs 177.52,"Rs 17,041.92",BRD-UJN
T020171,27/10/22,F01781,D,SOYABEAN,17.77 q,"Rs 5,210.00","Rs 92,581.70",BRD-UJN
T020172,04/10/22,F01781,delivery,SOYABEAN,0.06 t,"Rs 5,210.00","Rs 3,073.90",BRD-UJN
T020173,15/10/22,F01782,FPO_DELIVERY,Soybean,2712 kg,"Rs 5,900.00","Rs 1,60,008.00",BRD-UJN
T020174,26/10/22,F01782,FPO_DELIVERY,Soybean (Yellow),11.8 qtl,"Rs 5,900.00","Rs 69,797.00",BRD-UJN
T020175,13/06/22,F01782,FERT_PURCHASE,Fertilizer,243 kg,Rs 36.47,"Rs 8,862.21",BRD-UJN
T020176,24/06/22,F01782,FERT_PURCHASE,DAP,149 kgs,Rs 30.67,"Rs 4,569.83",BRD-UJN
T020177,26/10/22,F01783,FPO_DELIVERY,soya,774 kg,"Rs 6,195.00","Rs 47,949.30",BRD-UJN
T020178,05/11/22,F01783,DELIVERY,SOYABEAN,250.00 kgs,"Rs 6,195.00","Rs 15,487.50",BRD-UJN
T020179,11/06/22,F01783,input,Bio-pesticide,198 kgs,Rs 533.32,"Rs 1,05,597.36",BRD-UJN
T020180,03/06/22,F01783,I,DAP,113 kg,Rs 47.26,"Rs 5,340.38",BRD-UJN
T020181,24/11/22,F01784,D,soya,14.51 quintals,"Rs 5,885.00","Rs 85,391.35",BRD-UJN
T020182,10/07/22,F01784,I,FERTILIZER 50kg bag,244 kg,Rs 51.16,"Rs 12,483.04",BRD-UJN
T020183,10/10/22,f01786,Delivery,Soybean,2828 kg,"Rs 5,555.00","Rs 1,57,095.40",BRD-UJN
T020184,19/10/22,f01786,loan,Loan Repayment,,,"Rs 7,400.00",BRD-UJN
T020185,24/10/22,F01787,delivery,Soybean (Yellow),"1,990.00 kgs","Rs 5,195.00","Rs 1,03,380.50",BRD-UJN
T020186,07/07/22,F01787,INPUT_PURCHASE,Hybrid Seeds,79 kg,Rs 119.23,"Rs 9,419.17",BRD-UJN
T020187,26/06/22,F01787,input,DAP,31 kgs,Rs 54.79,"Rs 1,698.49",BRD-UJN
T020188,14/07/22,F01787,Input Purchase,DAP,186 kgs,Rs 48.41,"Rs 9,004.26",BRD-UJN
T020189,09/10/22,F01787,LOAN_REPAY,Loan Repayment,,,"Rs 7,000.00",BRD-UJN
T020190,04/10/22,F01788,Delivery,soya,51.16 quintals,"Rs 5,135.00","Rs 2,62,706.60",BRD-UJN
T020191,20/10/22,F01788,Delivery,Soybean (Yellow),384 kg,"Rs 5,135.00","Rs 19,718.40",BRD-UJN
T020192,01/07/22,F01788,INPUT_PURCHASE,Fertilizer,221 kg,Rs 32.10,"Rs 7,094.10",BRD-UJN
T020193,04/07/22,F01788,input,Seeds,218 kgs,Rs 69.65,"Rs 15,183.70",BRD-UJN
T020194,25/06/22,F01788,I,PP chemicals,233 kg,Rs 141.59,"Rs 32,990.47",BRD-UJN
T020195,04/06/22, F01788 ,Input Purchase,Urea,165 kg,Rs 46.11,"Rs 7,608.15",BRD-UJN
T020196,30/11/22,f01791,DELIVERY,Soybean (Yellow),16.89 quintals,"Rs 5,680.00","Rs 95,935.20",BRD-UJN
T020197,02/06/22,F01791,input,FERTILIZER 50kg bag,162 kg,Rs 49.25,"Rs 7,978.50",BRD-UJN
T020198,04/06/22,F01791,FERT_PURCHASE,Fertilizer,178 kgs,Rs 52.33,"Rs 9,314.74",BRD-UJN
T020199,05/08/22,F01791,LOAN_REPAY,EMI,,,"Rs 2,400.00",BRD-UJN
T020200,19/11/22,F01794,D,Soybean (Yellow),133.00 kgs,"Rs 5,445.00","Rs 7,241.85",BRD-UJN
T020201,17/11/22,F01794,FPO_DELIVERY,SOYABEAN,560 kg,"Rs 5,445.00","Rs 30,492.00",BRD-UJN
T020202,01/06/22,F01794,input,DAP,69 kgs,Rs 53.26,"Rs 3,674.94",BRD-UJN
T020203,20/06/22,F01794,input,Hybrid Seeds,35 kg,Rs 50.92,"Rs 1,782.20",BRD-UJN
T020204,17/10/22,F01798,Delivery,SOYABEAN,2575 kg,"Rs 5,475.00","Rs 1,40,981.25",BRD-UJN
T020205,28/11/22,F01798,Delivery,SOYABEAN,18.2 qtl,"Rs 5,475.00","Rs 99,535.50",BRD-UJN
T020206,10/10/22,F01800,Delivery,Soybean,899.00 kgs,"Rs 5,160.00","Rs 46,388.40",BRD-UJN
T020207,31/10/22,F01800,delivery,Soybean (Yellow),3.0 qtl,"Rs 5,160.00","Rs 15,273.60",BRD-UJN
T020208,03/10/22,F01801,FPO_DELIVERY,Soybean (Yellow),0.58 quintals,"Rs 5,870.00","Rs 3,404.60",BRD-UJN
T020209,14/11/22,F01801,delivery,Soybean (Yellow),"1,109.00 kgs","Rs 5,870.00","Rs 65,098.30",BRD-UJN
T020210,15/06/22,F01801,I,SEEDS,220 kg,Rs 81.41,"Rs 17,910.20",BRD-UJN
T020211,17/06/22,F01801,LOAN_REPAY,Loan Repayment,,,"Rs 6,200.00",BRD-UJN
T020212,01/08/22,F01801,loan,EMI,,,"Rs 6,100.00",BRD-UJN
T020213,11/10/22,F01803,FPO_DELIVERY,Soybean,4.7 qtl,"Rs 5,265.00","Rs 24,640.20",BRD-UJN
T020214,09/10/22,F01803,delivery,SOYABEAN,4.77 t,"Rs 5,265.00","Rs 2,51,087.85",BRD-UJN
T020215,10/10/22,F01805,FPO_DELIVERY,Soybean (Yellow),266 kg,"Rs 5,260.00","Rs 13,991.60",BRD-UJN
T020216,19/11/22,F01805,Delivery,SOYABEAN,807 kg,"Rs 5,260.00","Rs 42,448.20",BRD-UJN
T020217,19/10/22,F01805,DELIVERY,Soybean (Yellow),0.45 MT,"Rs 5,260.00","Rs 23,775.20",BRD-UJN
T020218,03/06/22,f01805,FERT_PURCHASE,Hybrid Seeds,211 kgs,Rs 54.17,"Rs 11,429.87",BRD-UJN
T020219,27/06/22,F01805,input,Bio-pesticide,144 kgs,Rs 649.98,"Rs 93,597.12",BRD-UJN
T020220,05/06/22,F01805,Input Purchase,Urea,202 kgs,Rs 32.97,"Rs 6,659.94",BRD-UJN
T020221,04/07/22,F01805,I,SEEDS,226 kg,Rs 73.95,"Rs 16,712.70",BRD-UJN
T020222,13/07/22,F01805,FERT_PURCHASE,Fertilizer,100 kg,Rs 46.87,"Rs 4,687.00",BRD-UJN
T020223,31/10/22,F01805,loan,EMI,,,Rs 800.00,BRD-UJN
T020224,14/11/22,F01806,DELIVERY,Soybean (Yellow),19.19 quintals,"Rs 5,505.00","Rs 1,05,640.95",BRD-UJN
T020225,13/07/22,f01806,INPUT_PURCHASE,Seeds,258 kgs,Rs 109.98,"Rs 28,374.84",BRD-UJN
T020226,11/07/22,F01806,INPUT_PURCHASE,PP chemicals,141 kgs,Rs 269.76,"Rs 38,036.16",BRD-UJN
T020227,09/07/22,F01806,I,Urea,318 kg,Rs 42.95,"Rs 13,658.10",BRD-UJN
T020228,13/07/22,F01806,input,FERTILIZER 50kg bag,285 kgs,Rs 47.35,"Rs 13,494.75",BRD-UJN
T020229,19/10/22,F01808,delivery,Soybean (Yellow),17.59 quintals,"Rs 5,250.00","Rs 92,347.50",BRD-UJN
T020230,27/11/22,F01808,FPO_DELIVERY,Soybean,12.20 quintals,"Rs 5,250.00","Rs 64,050.00",BRD-UJN
T020231,16/06/22,F01808,FERT_PURCHASE,PP chemicals,253 kg,Rs 575.13,"Rs 1,45,507.89",BRD-UJN
T020232,07/07/22,F01808,input,SEEDS,282 kg,Rs 125.91,"Rs 35,506.62",BRD-UJN
T020233,18/06/22,F01808,I,FERTILIZER 50kg bag,37 kg,Rs 57.85,"Rs 2,140.45",BRD-UJN
T020234,01/10/22,F01809,Delivery,Soybean (Yellow),25.09 quintals,"Rs 5,125.00","Rs 1,28,586.25",BRD-UJN
T020235,15/11/22,F01809,FPO_DELIVERY,Soybean,2.2 qtl,"Rs 5,125.00","Rs 11,223.75",BRD-UJN
T020236,09/06/22,f01809,FERT_PURCHASE,Fertilizer,111 kgs,Rs 45.72,"Rs 5,074.92",BRD-UJN
T020237,23/11/22, F01815 ,DELIVERY,SOYABEAN,139.00 kgs,"Rs 5,520.00","Rs 7,672.80",BRD-UJN
T020238,25/11/22,F01815,FPO_DELIVERY,SOYABEAN,0.58 t,"Rs 5,520.00","Rs 32,126.40",BRD-UJN
T020239,30/07/22,F01815,Loan Repayment,EMI,,,"Rs 5,500.00",BRD-UJN
T020240,11/11/22,f01817,FPO_DELIVERY,soya,6.57 q,"Rs 5,520.00","Rs 36,266.40",BRD-UJN
T020241,04/07/22,F01817,input,NPK 10:26:26,314 kgs,Rs 33.88,"Rs 10,638.32",BRD-UJN
T020242,05/11/22,F01818,DELIVERY,Soybean,2535 kg,"Rs 5,610.00","Rs 1,42,213.50",BRD-UJN
T020243,23/06/22,F01818,INPUT_PURCHASE,PPC,184 kg,Rs 613.03,"Rs 1,12,797.52",BRD-UJN
T020244,02/10/22,F01823,DELIVERY,Soybean,521 kg,"Rs 5,310.00","Rs 27,665.10",BRD-UJN
T020245,02/10/22,F01823,D,soya,2.3 qtl,"Rs 5,310.00","Rs 12,053.70",BRD-UJN
T020246,09/07/22,F01823,input,Seeds,36 kg,Rs 58.88,"Rs 2,119.68",BRD-UJN
T020247,14/07/22,F01823,input,PPC,82 kg,Rs 185.04,"Rs 15,173.28",BRD-UJN
T020248,09/07/22,F01823,INPUT_PURCHASE,NPK 10:26:26,121 kg,Rs 40.06,"Rs 4,847.26",BRD-UJN
T020249,28/11/22,F01825,Delivery,Soybean (Yellow),2374 kg,"Rs 5,655.00","Rs 1,34,249.70",BRD-UJN
T020250,09/10/22,F01825,FPO_DELIVERY,Soybean (Yellow),"1,631.00 kgs","Rs 5,655.00","Rs 92,233.05",BRD-UJN
T020251,08/06/22,F01825,FERT_PURCHASE,FERTILIZER 50kg bag,319 kgs,Rs 49.19,"Rs 15,691.61",BRD-UJN
T020252,21/08/22,F01825,loan,Loan Repayment,,,"Rs 5,200.00",BRD-UJN
T020253,25/07/22,F01825,loan,Loan Repayment,,,"Rs 5,400.00",BRD-UJN
T020254,16/10/22,F01829,D,Soybean (Yellow),2321 kg,"Rs 4,955.00","Rs 1,15,005.55",BRD-UJN
T020255,26/06/22,F01829,FERT_PURCHASE,Urea,139 kg,Rs 40.32,"Rs 5,604.48",BRD-UJN
T020256,20/10/22,F01831,Delivery,Soybean,2381 kg,"Rs 5,480.00","Rs 1,30,478.80",BRD-UJN
T020257,05/07/22,F01831,FERT_PURCHASE,PP chemicals,68 kgs,Rs 389.60,"Rs 26,492.80",BRD-UJN
T020258,15/07/22,F01831,I,Hybrid Seeds,262 kgs,Rs 67.66,"Rs 17,726.92",BRD-UJN
T020259,29/06/22, F01831 ,FERT_PURCHASE,Hybrid Seeds,199 kg,Rs 91.48,"Rs 18,204.52",BRD-UJN
T020260,21/06/22,F01831,I,Bio-pesticide,74 kgs,Rs 620.17,"Rs 45,892.58",BRD-UJN
T020261,28/11/22,F01833,delivery,Soybean,0.08 quintals,"Rs 5,805.00",Rs 464.40,BRD-UJN
T020262,03/11/22,F01833,FPO_DELIVERY,Soybean (Yellow),15.35 quintals,"Rs 5,805.00","Rs 89,106.75",BRD-UJN
T020263,14/10/22,F01837,D,soya,779 kg,"Rs 5,545.00","Rs 43,195.55",BRD-UJN
T020264,15/06/22,F01837,FERT_PURCHASE,SEEDS,148 kg,Rs 73.55,"Rs 10,885.40",BRD-UJN
T020265,20/06/22,F01837,I,Seeds,279 kgs,Rs 95.34,"Rs 26,599.86",BRD-UJN
T020266,07/10/22,F01838,D,SOYABEAN,2.78 t,"Rs 5,580.00","Rs 1,55,291.40",BRD-UJN
T020267,03/11/22,F01838,delivery,SOYABEAN,8.6 qtl,"Rs 5,580.00","Rs 48,211.20",BRD-UJN
T020268,22/06/22,F01838,input,SEEDS,210 kg,Rs 64.95,"Rs 13,639.50",BRD-UJN
T020269,02/06/22,F01838,input,FERTILIZER 50kg bag,224 kg,Rs 53.65,"Rs 12,017.60",BRD-UJN
T020270,03/11/22,F01839,Delivery,SOYABEAN,15.99 quintals,"Rs 5,590.00","Rs 89,384.10",BRD-UJN
T020271,29/06/22,F01839,input,DAP,239 kgs,Rs 31.05,"Rs 7,420.95",BRD-UJN
T020272,24/11/22,F01842,DELIVERY,soya,201.00 kgs,"Rs 5,500.00","Rs 11,055.00",BRD-UJN
T020273,03/11/22,F01842,DELIVERY,SOYABEAN,"1,652.00 kgs","Rs 5,500.00","Rs 90,860.00",BRD-UJN
T020274,10/06/22,F01842,I,Hybrid Seeds,233 kg,Rs 45.62,"Rs 10,629.46",BRD-UJN
T020275,19/06/22,F01842,INPUT_PURCHASE,Fertilizer,48 kgs,Rs 54.84,"Rs 2,632.32",BRD-UJN
T020276,22/10/22,F01843,delivery,soya,909.00 kgs,"Rs 5,150.00","Rs 46,813.50",BRD-UJN
T020277,14/07/22,F01843,INPUT_PURCHASE,Urea,99 kgs,Rs 28.32,"Rs 2,803.68",BRD-UJN
T020278,29/10/22,F01844,delivery,SOYABEAN,562 kg,"Rs 5,470.00","Rs 30,741.40",BRD-UJN
T020279,05/10/22,F01844,delivery,Soybean (Yellow),6.6 qtl,"Rs 5,470.00","Rs 36,156.70",BRD-UJN
T020280,14/07/22,F01844,I,Urea,172 kg,Rs 49.02,"Rs 8,431.44",BRD-UJN
T020281,13/06/22,F01844,INPUT_PURCHASE,PPC,78 kgs,Rs 591.55,"Rs 46,140.90",BRD-UJN
T020282,17/11/22,F01846,DELIVERY,Soybean (Yellow),473 kg,"Rs 5,690.00","Rs 26,913.70",BRD-UJN
T020283,26/11/22,F01846,FPO_DELIVERY,soya,6.8 qtl,"Rs 5,690.00","Rs 38,692.00",BRD-UJN
T020284,10/07/22,f01846,I,Seeds,284 kgs,Rs 81.40,"Rs 23,117.60",BRD-UJN
T020285,22/11/22,F01848,Delivery,soya,2.40 t,"Rs 5,555.00","Rs 1,33,208.90",BRD-UJN
T020286,11/06/22,F01848,Input Purchase,FERTILIZER 50kg bag,116 kgs,Rs 32.88,"Rs 3,814.08",BRD-UJN
T020287,22/06/22,f01848,Input Purchase,DAP,285 kg,Rs 54.62,"Rs 15,566.70",BRD-UJN
T020288,07/10/22, F01849 ,DELIVERY,Soybean,15.29 q,"Rs 5,520.00","Rs 84,400.80",BRD-UJN
T020289,03/07/22,F01849,INPUT_PURCHASE,Fertilizer,170 kgs,Rs 45.12,"Rs 7,670.40",BRD-UJN
T020290,01/06/22,F01849,Input Purchase,Hybrid Seeds,193 kgs,Rs 95.50,"Rs 18,431.50",BRD-UJN
T020291,11/07/22,F01849,Input Purchase,DAP,184 kg,Rs 57.46,"Rs 10,572.64",BRD-UJN
T020292,26/10/22,F01851,D,Soybean (Yellow),3947 kg,"Rs 5,870.00","Rs 2,31,688.90",BRD-UJN
T020293,22/06/22,F01851,I,Fertilizer,32 kgs,Rs 48.43,"Rs 1,549.76",BRD-UJN
T020294,24/06/22,F01851,input,NPK 10:26:26,161 kg,Rs 35.41,"Rs 5,701.01",BRD-UJN
T020295,09/06/22,F01851,FERT_PURCHASE,Bio-pesticide,146 kg,Rs 453.02,"Rs 66,140.92",BRD-UJN
T020296,06/07/22,F01851,FERT_PURCHASE,PPC,30 kgs,Rs 527.04,"Rs 15,811.20",BRD-UJN
T020297,09/11/22,F01852,FPO_DELIVERY,SOYABEAN,2.64 t,"Rs 5,475.00","Rs 1,44,266.25",BRD-UJN
T020298,05/11/22,F01852,delivery,SOYABEAN,49.2 qtl,"Rs 5,475.00","Rs 2,69,260.50",BRD-UJN
T020299,06/10/22,f01858,delivery,Soybean,8.01 q,"Rs 5,640.00","Rs 45,176.40",BRD-UJN
T020300,06/06/22,f01858,Input Purchase,Urea,25 kgs,Rs 47.92,"Rs 1,198.00",BRD-UJN
T020301,12/10/22,F01859,FPO_DELIVERY,Soybean (Yellow),4.80 q,"Rs 5,580.00","Rs 26,784.00",BRD-UJN
T020302,22/11/22,f01859,D,Soybean,12.5 qtl,"Rs 5,580.00","Rs 69,750.00",BRD-UJN
T020303,24/06/22,F01859,Input Purchase,Fertilizer,302 kg,Rs 56.47,"Rs 17,053.94",BRD-UJN
T020304,09/07/22,F01859,input,FERTILIZER 50kg bag,317 kg,Rs 33.66,"Rs 10,670.22",BRD-UJN
T020305,21/10/22,F01865,delivery,Soybean,15.22 q,"Rs 5,570.00","Rs 84,775.40",BRD-UJN
T020306,01/11/22,f01866,Delivery,Soybean (Yellow),488.00 kgs,"Rs 5,480.00","Rs 26,742.40",BRD-UJN
T020307,30/11/22, F01866 ,D,Soybean (Yellow),699 kg,"Rs 5,480.00","Rs 38,305.20",BRD-UJN
T020308,26/06/22,f01866,INPUT_PURCHASE,DAP,46 kg,Rs 57.09,"Rs 2,626.14",BRD-UJN
T020309,21/06/22,F01866,INPUT_PURCHASE,FERTILIZER 50kg bag,170 kg,Rs 50.48,"Rs 8,581.60",BRD-UJN
T020310,11/07/22, F01866 ,I,PP chemicals,63 kg,Rs 425.30,"Rs 26,793.90",BRD-UJN
T020311,24/11/22,F01867,delivery,Soybean (Yellow),839.00 kgs,"Rs 5,620.00","Rs 47,151.80",BRD-UJN
T020312,03/06/22,f01867,I,Bio-pesticide,61 kg,Rs 491.64,"Rs 29,990.04",BRD-UJN
T020313,12/11/22,F01873,D,Soybean,690.00 kgs,"Rs 5,435.00","Rs 37,501.50",BRD-UJN
T020314,29/06/22,f01873,I,Urea,190 kg,Rs 42.54,"Rs 8,082.60",BRD-UJN
T020315,02/07/22,F01873,Input Purchase,NPK 10:26:26,165 kgs,Rs 47.42,"Rs 7,824.30",BRD-UJN
T020316,15/10/22,F01873,loan,EMI,,,"Rs 6,200.00",BRD-UJN
T020317,04/10/22,F01875,delivery,soya,572.00 kgs,"Rs 5,435.00","Rs 31,088.20",BRD-UJN
T020318,09/11/22,F01875,FPO_DELIVERY,SOYABEAN,2014 kg,"Rs 5,435.00","Rs 1,09,460.90",BRD-UJN
T020319,10/07/22,f01875,I,Hybrid Seeds,53 kg,Rs 104.61,"Rs 5,544.33",BRD-UJN
T020320,05/07/22,F01875,I,SEEDS,135 kg,Rs 65.35,"Rs 8,822.25",BRD-UJN
T020321,27/06/22,F01875,I,PP chemicals,205 kg,Rs 496.80,"Rs 1,01,844.00",BRD-UJN
T020322,19/08/22,F01875,loan,Loan Repayment,,,"Rs 3,800.00",BRD-UJN
T020323,25/10/22,F01876,FPO_DELIVERY,Soybean (Yellow),648 kg,"Rs 5,360.00","Rs 34,732.80",BRD-UJN
T020324,29/11/22,F01876,D,Soybean (Yellow),13.8 qtl,"Rs 5,360.00","Rs 74,021.60",BRD-UJN
T020325,16/06/22,f01876,Input Purchase,Hybrid Seeds,67 kg,Rs 96.76,"Rs 6,482.92",BRD-UJN
T020326,28/06/22,F01876,INPUT_PURCHASE,Bio-pesticide,235 kgs,Rs 518.41,"Rs 1,21,826.35",BRD-UJN
T020327,13/10/22,F01878,D,Soybean,0.19 t,"Rs 5,595.00","Rs 10,574.55",BRD-UJN
T020328,25/10/22,F01878,delivery,SOYABEAN,12.81 quintals,"Rs 5,595.00","Rs 71,671.95",BRD-UJN
T020329,18/06/22,f01878,FERT_PURCHASE,Bio-pesticide,149 kg,Rs 145.71,"Rs 21,710.79",BRD-UJN
T020330,29/10/22,F01880,D,soya,17.19 quintals,"Rs 5,760.00","Rs 99,014.40",BRD-UJN
T020331,16/10/22,F01880,DELIVERY,soya,2299 kg,"Rs 5,760.00","Rs 1,32,422.40",BRD-UJN
T020332,24/06/22,F01880,INPUT_PURCHASE,Fertilizer,146 kgs,Rs 45.28,"Rs 6,610.88",BRD-UJN
T020333,26/11/22,F01881,DELIVERY,Soybean,1640 kg,"Rs 5,545.00","Rs 90,938.00",BRD-UJN
T020334,07/06/22,F01881,I,Seeds,71 kgs,Rs 99.42,"Rs 7,058.82",BRD-UJN
T020335,22/06/22,F01881,input,DAP,269 kgs,Rs 52.44,"Rs 14,106.36",BRD-UJN
T020336,24/11/22,F01882,Delivery,SOYABEAN,13.05 q,"Rs 5,500.00","Rs 71,775.00",BRD-UJN
T020337,20/10/22,f01882,DELIVERY,Soybean (Yellow),5.66 q,"Rs 5,500.00","Rs 31,130.00",BRD-UJN
T020338,21/11/22,F01886,delivery,Soybean,5.25 t,"Rs 5,610.00","Rs 2,94,637.20",BRD-UJN
T020339,25/09/22,F01886,loan,Loan Repayment,,,"Rs 5,900.00",BRD-UJN
T020340,24/09/22, F01886 ,Loan Repayment,EMI,,,"Rs 2,500.00",BRD-UJN
T020341,12/10/22,F01889,delivery,soya,30.00 q,"Rs 5,475.00","Rs 1,64,250.00",BRD-UJN
T020342,27/06/22,F01889,FERT_PURCHASE,Hybrid Seeds,45 kg,Rs 108.54,"Rs 4,884.30",BRD-UJN
T020343,30/10/22, F01890 ,delivery,Soybean,793.00 kgs,"Rs 5,580.00","Rs 44,249.40",BRD-UJN
T020344,07/10/22,F01890,D,soya,6.4 qtl,"Rs 5,580.00","Rs 35,935.20",BRD-UJN
T020345,15/07/22,F01890,Input Purchase,Urea,221 kg,Rs 33.81,"Rs 7,472.01",BRD-UJN
T020346,30/10/22,F01891,DELIVERY,Soybean,15.81 quintals,"Rs 5,585.00","Rs 88,298.85",BRD-UJN
T020347,14/06/22,F01891,Input Purchase,PP chemicals,201 kg,Rs 634.77,"Rs 1,27,588.77",BRD-UJN
T020348,22/06/22,F01891,I,Hybrid Seeds,262 kgs,Rs 107.94,"Rs 28,280.28",BRD-UJN
T020349,04/10/22,F01893,D,SOYABEAN,6.7 qtl,"Rs 5,305.00","Rs 35,437.40",BRD-UJN
T020350,14/10/22,F01893,Delivery,Soybean (Yellow),3.52 quintals,"Rs 5,305.00","Rs 18,673.60",BRD-UJN
T020351,05/07/22,f01893,Input Purchase,FERTILIZER 50kg bag,311 kg,Rs 47.41,"Rs 14,744.51",BRD-UJN
T020352,26/07/22,F01893,loan,Loan Repayment,,,"Rs 3,000.00",BRD-UJN
T020353,06/08/22,F01893,LOAN_REPAY,Loan Repayment,,,"Rs 5,400.00",BRD-UJN
T020354,19/11/22,F01893,LOAN_REPAY,EMI,,,"Rs 3,300.00",BRD-UJN
T020355,14/11/22,F01893,Loan Repayment,EMI,,,"Rs 2,200.00",BRD-UJN
T020356,04/10/22,F01899,delivery,Soybean (Yellow),3.36 q,"Rs 5,495.00","Rs 18,463.20",BRD-UJN
T020357,20/11/22,F01899,Delivery,SOYABEAN,3239 kg,"Rs 5,495.00","Rs 1,77,983.05",BRD-UJN
T020358,23/10/22,F01899,DELIVERY,SOYABEAN,1402 kg,"Rs 5,495.00","Rs 77,039.90",BRD-UJN
T020359,08/07/22,f01899,FERT_PURCHASE,FERTILIZER 50kg bag,39 kgs,Rs 49.97,"Rs 1,948.83",BRD-UJN
T020360,02/06/22,F01899,I,Urea,175 kg,Rs 52.46,"Rs 9,180.50",BRD-UJN
T020361,07/06/22,F01899,FERT_PURCHASE,Fertilizer,153 kg,Rs 37.80,"Rs 5,783.40",BRD-UJN
T020362,31/10/22,F01903,Delivery,Soybean (Yellow),1.41 q,"Rs 5,235.00","Rs 7,381.35",BRD-UJN
T020363,30/10/22,F01903,D,soya,1130 kg,"Rs 5,235.00","Rs 59,155.50",BRD-UJN
T020364,20/06/22,F01903,INPUT_PURCHASE,SEEDS,27 kgs,Rs 59.55,"Rs 1,607.85",BRD-UJN
T020365,21/11/22,F01903,loan,Loan Repayment,,,"Rs 2,800.00",BRD-UJN
T020366,05/11/22,f01904,DELIVERY,Soybean,0.44 quintals,"Rs 5,580.00","Rs 2,455.20",BRD-UJN
T020367,23/10/22,F01904,FPO_DELIVERY,soya,71.00 kgs,"Rs 5,580.00","Rs 3,961.80",BRD-UJN
T020368,13/10/22,F01904,DELIVERY,Soybean (Yellow),1.71 q,"Rs 5,580.00","Rs 9,541.80",BRD-UJN
T020369,03/06/22,f01904,FERT_PURCHASE,Hybrid Seeds,30 kg,Rs 100.33,"Rs 3,009.90",BRD-UJN
T020370,19/06/22,f01904,Input Purchase,Seeds,77 kg,Rs 49.25,"Rs 3,792.25",BRD-UJN
T020371,28/11/22,F01905,Delivery,Soybean,13.1 qtl,"Rs 5,735.00","Rs 75,013.80",BRD-UJN
T020372,07/06/22,f01905,Input Purchase,FERTILIZER 50kg bag,303 kgs,Rs 34.28,"Rs 10,386.84",BRD-UJN
T020373,12/11/22,F01907,DELIVERY,Soybean,"2,136.00 kgs","Rs 5,725.00","Rs 1,22,286.00",BRD-UJN
T020374,12/06/22,F01907,Input Purchase,Urea,213 kgs,Rs 40.73,"Rs 8,675.49",BRD-UJN
T020375,05/08/22,F01907,loan,Loan Repayment,,,Rs 900.00,BRD-UJN
T020376,03/08/22,f01907,loan,Loan Repayment,,,"Rs 2,600.00",BRD-UJN
T020377,14/11/22,F01908,Delivery,soya,13.53 q,"Rs 5,840.00","Rs 79,015.20",BRD-UJN
T020378,28/10/22,F01908,DELIVERY,soya,2.58 q,"Rs 5,840.00","Rs 15,067.20",BRD-UJN
T020379,05/06/22,F01908,Input Purchase,SEEDS,81 kg,Rs 128.33,"Rs 10,394.73",BRD-UJN
T020380,09/06/22,F01908,L,EMI,,,"Rs 3,000.00",BRD-UJN
T020381,11/06/22,F01908,LOAN_REPAY,Loan Repayment,,,"Rs 6,700.00",BRD-UJN
T020382,04/10/22,F01909,Delivery,Soybean (Yellow),4459 kg,"Rs 5,445.00","Rs 2,42,792.55",BRD-UJN
T020383,03/08/22,F01909,L,EMI,,,"Rs 2,000.00",BRD-UJN
T020384,22/09/22,f01909,L,Loan Repayment,,,"Rs 2,900.00",BRD-UJN
T020897,26/11/22,F02239,DELIVERY,soya,3406 kg,"Rs 5,375.00","Rs 1,83,072.50",BRD-UJN
T020898,06/06/22,f02239,FERT_PURCHASE,Seeds,283 kgs,Rs 110.92,"Rs 31,390.36",BRD-UJN
T020899,07/06/22,F02239,FERT_PURCHASE,Fertilizer,222 kg,Rs 55.82,"Rs 12,392.04",BRD-UJN
T020900,03/10/22,F02242,delivery,Soybean,15.89 quintals,"Rs 5,475.00","Rs 86,997.75",BRD-UJN
T020901,22/11/22,F02242,D,Soybean,0.61 t,"Rs 5,475.00","Rs 33,671.25",BRD-UJN
T020902,26/06/22,F02242,FERT_PURCHASE,NPK 10:26:26,113 kgs,Rs 32.58,"Rs 3,681.54",BRD-UJN
T020903,11/06/22,F02242,Input Purchase,FERTILIZER 50kg bag,190 kgs,Rs 39.89,"Rs 7,579.10",BRD-UJN
T020951,07/11/22,F02274,delivery,Soybean (Yellow),7.7 qtl,"Rs 5,815.00","Rs 44,891.80",BRD-UJN
T020952,25/06/22,f02274,input,Urea,167 kgs,Rs 29.17,"Rs 4,871.39",BRD-UJN
T020953,03/07/22,F02274,INPUT_PURCHASE,Seeds,122 kg,Rs 109.61,"Rs 13,372.42",BRD-UJN
T020954,08/07/22,F02274,input,FERTILIZER 50kg bag,290 kg,Rs 37.68,"Rs 10,927.20",BRD-UJN
T021005,08/10/22,f02304,D,SOYABEAN,2774 kg,"Rs 5,705.00","Rs 1,58,256.70",BRD-UJN
T021006,26/11/22,f02304,D,Soybean (Yellow),1.7 qtl,"Rs 5,705.00","Rs 9,926.70",BRD-UJN
T021018,01/10/22,F02310,DELIVERY,Soybean (Yellow),391.00 kgs,"Rs 5,235.00","Rs 20,468.85",BRD-UJN
T021019,23/11/22,F02310,D,Soybean (Yellow),20.83 q,"Rs 5,235.00","Rs 1,09,045.05",BRD-UJN
T021020,05/07/22,F02310,Input Purchase,NPK 10:26:26,57 kgs,Rs 49.39,"Rs 2,815.23",BRD-UJN
T021021,26/11/22,F02313,FPO_DELIVERY,Soybean (Yellow),734 kg,"Rs 5,970.00","Rs 43,819.80",BRD-UJN
T021022,22/11/22,F02313,FPO_DELIVERY,Soybean,330 kg,"Rs 5,970.00","Rs 19,701.00",BRD-UJN
T021023,15/11/22,F02313,DELIVERY,Soybean (Yellow),0.41 MT,"Rs 5,970.00","Rs 24,357.60",BRD-UJN
T021024,13/06/22, F02313 ,input,Urea,79 kg,Rs 55.31,"Rs 4,369.49",BRD-UJN
T021025,14/06/22,F02313,input,PPC,201 kg,Rs 591.00,"Rs 1,18,791.00",BRD-UJN
T021026,27/11/22,f02313,L,Loan Repayment,,,"Rs 5,100.00",BRD-UJN
T021036,22/11/22,f02325,Delivery,Soybean,"1,884.00 kgs","Rs 5,270.00","Rs 99,286.80",BRD-UJN
T021037,24/06/22,F02325,FERT_PURCHASE,Urea,316 kg,Rs 53.88,"Rs 17,026.08",BRD-UJN
T021038,19/06/22,F02325,Input Purchase,SEEDS,116 kg,Rs 63.15,"Rs 7,325.40",BRD-UJN
T021039,29/06/22,F02325,FERT_PURCHASE,PP chemicals,207 kg,Rs 481.21,"Rs 99,610.47",BRD-UJN
T021040,05/07/22,f02325,INPUT_PURCHASE,Fertilizer,261 kg,Rs 40.17,"Rs 10,484.37",BRD-UJN
T021056,15/10/22,F02336,Delivery,SOYABEAN,8.69 quintals,"Rs 5,345.00","Rs 46,448.05",BRD-UJN
T021057,06/11/22,F02336,Delivery,Soybean (Yellow),1.7 qtl,"Rs 5,345.00","Rs 9,033.05",BRD-UJN
T021058,12/11/22, F02338 ,FPO_DELIVERY,SOYABEAN,"1,152.00 kgs","Rs 5,335.00","Rs 61,459.20",BRD-UJN
T021059,20/11/22, F02338 ,D,SOYABEAN,897 kg,"Rs 5,335.00","Rs 47,854.95",BRD-UJN
T021060,12/06/22,F02338,input,Urea,83 kg,Rs 57.17,"Rs 4,745.11",BRD-UJN
T021061,11/07/22,F02338,input,Hybrid Seeds,162 kgs,Rs 77.05,"Rs 12,482.10",BRD-UJN
T021062,13/07/22, F02338 ,I,Urea,262 kg,Rs 30.09,"Rs 7,883.58",BRD-UJN
T021065,11/11/22,F02340,delivery,soya,3959 kg,"Rs 5,955.00","Rs 2,35,758.45",BRD-UJN
T021066,10/06/22,F02340,I,Fertilizer,251 kg,Rs 40.57,"Rs 10,183.07",BRD-UJN
T021067,27/11/22,F02340,LOAN_REPAY,EMI,,,"Rs 2,400.00",BRD-UJN
T021080,22/10/22,F02345,Delivery,SOYABEAN,3.42 quintals,"Rs 5,520.00","Rs 18,878.40",BRD-UJN
T021081,10/11/22,F02345,DELIVERY,SOYABEAN,2.64 quintals,"Rs 5,520.00","Rs 14,572.80",BRD-UJN
T021086,20/10/22,F02349,delivery,Soybean,3943 kg,"Rs 5,845.00","Rs 2,30,468.35",BRD-UJN
T021091,05/10/22,F02354,DELIVERY,Soybean,9.20 q,"Rs 5,480.00","Rs 50,416.00",BRD-UJN
T021116,31/10/22,f02366,Delivery,soya,"2,941.00 kgs","Rs 5,655.00","Rs 1,66,313.55",BRD-UJN
T021117,27/11/22,F02366,DELIVERY,SOYABEAN,3400 kg,"Rs 5,655.00","Rs 1,92,270.00",BRD-UJN
T021118,09/06/22,F02366,input,PPC,285 kgs,Rs 158.47,"Rs 45,163.95",BRD-UJN
T021119,17/06/22,F02366,INPUT_PURCHASE,Urea,174 kgs,Rs 40.99,"Rs 7,132.26",BRD-UJN
T021120,12/06/22,F02366,input,SEEDS,71 kgs,Rs 84.02,"Rs 5,965.42",BRD-UJN
T021281,25/11/22,F02433,delivery,Soybean,844.00 kgs,"Rs 5,585.00","Rs 47,137.40",BRD-UJN
T021304,01/11/22,F02443,DELIVERY,soya,709.00 kgs,"Rs 5,720.00","Rs 40,554.80",BRD-UJN
T021305,27/11/22,F02443,delivery,Soybean (Yellow),0.37 quintals,"Rs 5,720.00","Rs 2,116.40",BRD-UJN
T021306,29/10/22,F02443,FPO_DELIVERY,soya,4.64 q,"Rs 5,720.00","Rs 26,540.80",BRD-UJN
T021313,17/10/22,F02446,FPO_DELIVERY,soya,3.5 qtl,"Rs 6,035.00","Rs 21,001.80",BRD-UJN
T021314,12/10/22,F02446,D,SOYABEAN,4.2 qtl,"Rs 6,035.00","Rs 25,165.95",BRD-UJN
T021315,09/06/22,F02446,FERT_PURCHASE,Fertilizer,184 kgs,Rs 42.56,"Rs 7,831.04",BRD-UJN
T021388,22/11/22,F02466,DELIVERY,soya,"1,791.00 kgs","Rs 5,450.00","Rs 97,609.50",BRD-UJN
T021389,22/06/22,f02466,Input Purchase,Hybrid Seeds,285 kgs,Rs 126.01,"Rs 35,912.85",BRD-UJN
T021390,10/07/22,F02466,input,Hybrid Seeds,291 kg,Rs 92.42,"Rs 26,894.22",BRD-UJN
T021395,26/10/22,F02468,delivery,Soybean,874 kg,"Rs 5,640.00","Rs 49,293.60",BRD-UJN
T021396,09/11/22,F02468,delivery,soya,283 kg,"Rs 5,640.00","Rs 15,961.20",BRD-UJN
T021397,05/07/22,F02468,INPUT_PURCHASE,FERTILIZER 50kg bag,95 kgs,Rs 52.47,"Rs 4,984.65",BRD-UJN
T021398,06/06/22,F02468,Input Purchase,NPK 10:26:26,178 kgs,Rs 41.22,"Rs 7,337.16",BRD-UJN
T021414,04/11/22, F02473 ,FPO_DELIVERY,soya,239.00 kgs,"Rs 5,450.00","Rs 13,025.50",BRD-UJN
T021415,10/11/22,F02473,Delivery,soya,591 kg,"Rs 5,450.00","Rs 32,209.50",BRD-UJN
T021419,09/10/22,F02475,delivery,Soybean (Yellow),6.09 quintals,"Rs 5,700.00","Rs 34,713.00",BRD-UJN
T021420,28/10/22,F02475,delivery,soya,2.62 q,"Rs 5,700.00","Rs 14,934.00",BRD-UJN
T021421,22/06/22,F02475,FERT_PURCHASE,SEEDS,221 kgs,Rs 104.41,"Rs 23,074.61",BRD-UJN
T021422,09/07/22,F02475,Input Purchase,Seeds,56 kg,Rs 104.64,"Rs 5,859.84",BRD-UJN
T021438,18/10/22,F02481,Delivery,Soybean (Yellow),"2,027.00 kgs","Rs 5,945.00","Rs 1,20,505.15",BRD-UJN
T021466,23/10/22,F02488,Delivery,Soybean (Yellow),26.00 q,"Rs 5,630.00","Rs 1,46,380.00",BRD-UJN
T021467,17/06/22,F02488,FERT_PURCHASE,NPK 10:26:26,319 kg,Rs 31.80,"Rs 10,144.20",BRD-UJN
T022488,18/03/23,F01765,D,Wheat (Durum),"4,394.00 kgs","Rs 2,660.00","Rs 1,16,880.40",BRD-UJN
T022489,13/04/23,F01765,Delivery,wheat,21.30 quintals,"Rs 2,660.00","Rs 56,658.00",BRD-UJN
T022490,01/12/22,F01765,input,FERTILIZER 50kg bag,55 kgs,Rs 43.02,"Rs 2,366.10",BRD-UJN
T022491,29/04/23,F01772,delivery,Wheat,3153 kg,"Rs 2,555.00","Rs 80,559.15",BRD-UJN
T022492,28/12/22,F01772,Input Purchase,DAP,40 kg,Rs 32.91,"Rs 1,316.40",BRD-UJN
T022493,19/12/22,F01772,I,Fertilizer,121 kgs,Rs 38.19,"Rs 4,620.99",BRD-UJN
T022494,15/05/23,F01774,FPO_DELIVERY,Wheat (Durum),4720 kg,"Rs 2,590.00","Rs 1,22,248.00",BRD-UJN
T022495,15/05/23,F01779,DELIVERY,Lokwan Wheat,14.72 quintals,"Rs 2,640.00","Rs 38,860.80",BRD-UJN
T022496,07/05/23,F01779,Delivery,Lokwan Wheat,"3,246.00 kgs","Rs 2,640.00","Rs 85,694.40",BRD-UJN
T022497,08/12/22,F01779,Input Purchase,DAP,248 kg,Rs 36.00,"Rs 8,928.00",BRD-UJN
T022498,30/12/22,F01779,INPUT_PURCHASE,Fertilizer,91 kgs,Rs 52.05,"Rs 4,736.55",BRD-UJN
T022499,23/03/23,F01781,DELIVERY,wheat,563 kg,"Rs 2,495.00","Rs 14,046.85",BRD-UJN
T022500,26/04/23, F01781 ,D,Wheat (Durum),39.85 q,"Rs 2,495.00","Rs 99,425.75",BRD-UJN
T022501,27/12/22,F01781,INPUT_PURCHASE,Hybrid Seeds,117 kg,Rs 116.88,"Rs 13,674.96",BRD-UJN
T022502,02/01/23,F01781,INPUT_PURCHASE,SEEDS,280 kgs,Rs 45.04,"Rs 12,611.20",BRD-UJN
T022503,05/01/23,f01781,INPUT_PURCHASE,DAP,151 kgs,Rs 34.26,"Rs 5,173.26",BRD-UJN
T022504,23/12/22,F01781,input,SEEDS,304 kgs,Rs 128.19,"Rs 38,969.76",BRD-UJN
T022505,09/04/23,F01782,FPO_DELIVERY,Wheat,"9,511.00 kgs","Rs 2,545.00","Rs 2,42,054.95",BRD-UJN
T022506,19/12/22,F01782,I,Urea,83 kgs,Rs 28.69,"Rs 2,381.27",BRD-UJN
T022507,15/12/22,F01782,FERT_PURCHASE,Urea,221 kgs,Rs 43.50,"Rs 9,613.50",BRD-UJN
T022508,14/01/23,F01782,input,Fertilizer,221 kg,Rs 28.27,"Rs 6,247.67",BRD-UJN
T022509,13/03/23,F01783,D,Lokwan Wheat,94.00 kgs,"Rs 2,500.00","Rs 2,350.00",BRD-UJN
T022510,08/05/23,F01783,delivery,Lokwan Wheat,"1,719.00 kgs","Rs 2,500.00","Rs 42,975.00",BRD-UJN
T022511,03/03/23,F01783,FPO_DELIVERY,Gram,5.69 quintals,"Rs 6,960.00","Rs 39,602.40",BRD-UJN
T022512,31/03/23,F01783,FPO_DELIVERY,GRAM (Chana),143.00 kgs,"Rs 6,960.00","Rs 9,952.80",BRD-UJN
T022513,21/04/23,f01783,delivery,GRAM (Chana),0.67 quintals,"Rs 6,960.00","Rs 4,663.20",BRD-UJN
T022514,18/04/23,F01784,DELIVERY,Wheat,32.2 qtl,"Rs 2,770.00","Rs 89,221.70",BRD-UJN
T022515,26/03/23,F01784,FPO_DELIVERY,Bengal Gram,0.76 t,"Rs 6,785.00","Rs 51,633.85",BRD-UJN
T022516,20/03/23,F01784,FPO_DELIVERY,Bengal Gram,0.30 t,"Rs 6,785.00","Rs 20,015.75",BRD-UJN
T022517,06/01/23,F01784,INPUT_PURCHASE,Seeds,83 kgs,Rs 114.08,"Rs 9,468.64",BRD-UJN
T022518,05/12/22,F01784,Input Purchase,PP chemicals,313 kg,Rs 189.38,"Rs 59,275.94",BRD-UJN
T022519,14/04/23,F01786,DELIVERY,Wheat,"2,453.00 kgs","Rs 2,660.00","Rs 65,249.80",BRD-UJN
T022520,06/05/23,F01786,Delivery,Wheat (Durum),3.47 t,"Rs 2,660.00","Rs 92,381.80",BRD-UJN
T022521,12/01/23,F01786,FERT_PURCHASE,Urea,132 kg,Rs 53.61,"Rs 7,076.52",BRD-UJN
T022522,16/12/22,f01786,INPUT_PURCHASE,Bio-pesticide,61 kg,Rs 330.45,"Rs 20,157.45",BRD-UJN
T022523,03/01/23,F01786,loan,EMI,,,"Rs 7,500.00",BRD-UJN
T022524,11/12/22,f01786,L,EMI,,,"Rs 3,900.00",BRD-UJN
T022525,05/12/22,F01786,loan,Loan Repayment,,,"Rs 7,900.00",BRD-UJN
T022526,24/05/23,f01786,loan,Loan Repayment,,,"Rs 4,500.00",BRD-UJN
T022527,17/04/23,f01787,FPO_DELIVERY,Wheat,44.7 qtl,"Rs 2,550.00","Rs 1,13,985.00",BRD-UJN
T022528,10/12/22,F01787,FERT_PURCHASE,Seeds,104 kgs,Rs 81.32,"Rs 8,457.28",BRD-UJN
T022529,31/12/22,F01787,I,DAP,63 kgs,Rs 48.84,"Rs 3,076.92",BRD-UJN
T022530,13/12/22,F01787,FERT_PURCHASE,FERTILIZER 50kg bag,165 kgs,Rs 49.59,"Rs 8,182.35",BRD-UJN
T022531,25/04/23,f01787,LOAN_REPAY,Loan Repayment,,,"Rs 3,300.00",BRD-UJN
T022532,09/02/23,F01787,Loan Repayment,Loan Repayment,,,Rs 900.00,BRD-UJN
T022533,30/01/23,f01787,LOAN_REPAY,EMI,,,"Rs 7,200.00",BRD-UJN
T022534,25/04/23,F01788,DELIVERY,wheat,664 kg,"Rs 2,620.00","Rs 17,396.80",BRD-UJN
T022535,13/04/23,F01788,FPO_DELIVERY,Lokwan Wheat,2.58 t,"Rs 2,620.00","Rs 67,674.60",BRD-UJN
T022536,15/03/23,f01788,FPO_DELIVERY,Lokwan Wheat,"11,282.00 kgs","Rs 2,620.00","Rs 2,95,588.40",BRD-UJN
T022537,05/04/23,F01791,delivery,WHEAT,40.00 quintals,"Rs 2,505.00","Rs 1,00,200.00",BRD-UJN
T022538,05/12/22,F01791,input,NPK 10:26:26,31 kgs,Rs 48.43,"Rs 1,501.33",BRD-UJN
T022539,18/05/23,F01791,loan,EMI,,,"Rs 5,800.00",BRD-UJN
T022540,07/12/22,F01791,L,Loan Repayment,,,"Rs 7,200.00",BRD-UJN
T022541,09/05/23,F01791,L,Loan Repayment,,,"Rs 6,900.00",BRD-UJN
T022542,22/04/23,f01794,D,Wheat (Durum),352 kg,"Rs 2,730.00","Rs 9,609.60",BRD-UJN
T022543,08/03/23,F01794,Delivery,WHEAT,0.41 quintals,"Rs 2,730.00","Rs 1,119.30",BRD-UJN
T022544,30/04/23,F01794,Delivery,Wheat (Durum),14.4 qtl,"Rs 2,730.00","Rs 39,230.10",BRD-UJN
T022545,15/12/22,F01794,FERT_PURCHASE,NPK 10:26:26,159 kg,Rs 45.64,"Rs 7,256.76",BRD-UJN
T022546,09/01/23, F01794 ,FERT_PURCHASE,NPK 10:26:26,99 kgs,Rs 36.38,"Rs 3,601.62",BRD-UJN
T022547,10/05/23,F01798,DELIVERY,Lokwan Wheat,17.49 quintals,"Rs 2,675.00","Rs 46,785.75",BRD-UJN
T022548,07/05/23,f01798,D,Wheat,88.70 quintals,"Rs 2,675.00","Rs 2,37,272.50",BRD-UJN
T022549,02/01/23,F01798,INPUT_PURCHASE,Fertilizer,314 kg,Rs 57.76,"Rs 18,136.64",BRD-UJN
T022550,16/12/22,F01798,INPUT_PURCHASE,NPK 10:26:26,271 kg,Rs 51.64,"Rs 13,994.44",BRD-UJN
T022551,13/04/23,F01800,FPO_DELIVERY,wheat,25.2 qtl,"Rs 2,615.00","Rs 66,002.60",BRD-UJN
T022552,01/01/23,F01800,input,Urea,187 kgs,Rs 39.20,"Rs 7,330.40",BRD-UJN
T022553,11/05/23,F01801,DELIVERY,Wheat,311 kg,"Rs 2,410.00","Rs 7,495.10",BRD-UJN
T022554,09/05/23,F01801,DELIVERY,Wheat,2470 kg,"Rs 2,410.00","Rs 59,527.00",BRD-UJN
T022555,16/02/23,F01801,L,Loan Repayment,,,"Rs 4,900.00",BRD-UJN
T022556,20/01/23,F01801,L,EMI,,,"Rs 3,300.00",BRD-UJN
T022557,04/12/22,F01801,LOAN_REPAY,EMI,,,"Rs 1,500.00",BRD-UJN
T022558,09/04/23,F01803,Delivery,Wheat,"10,340.00 kgs","Rs 2,395.00","Rs 2,47,643.00",BRD-UJN
T022559,07/01/23,F01803,I,FERTILIZER 50kg bag,274 kg,Rs 59.33,"Rs 16,256.42",BRD-UJN
T022560,09/12/22,F01803,Input Purchase,Hybrid Seeds,48 kg,Rs 110.48,"Rs 5,303.04",BRD-UJN
T022561,03/12/22, F01803 ,Input Purchase,SEEDS,314 kgs,Rs 105.27,"Rs 33,054.78",BRD-UJN
T022562,15/03/23,F01805,FPO_DELIVERY,Wheat,15.72 quintals,"Rs 2,715.00","Rs 42,679.80",BRD-UJN
T022563,20/04/23,f01805,delivery,Wheat (Durum),20.63 quintals,"Rs 2,715.00","Rs 56,010.45",BRD-UJN
T022564,13/12/22,F01805,input,Hybrid Seeds,277 kg,Rs 63.10,"Rs 17,478.70",BRD-UJN
T022565,12/12/22,F01805,input,Hybrid Seeds,168 kg,Rs 47.04,"Rs 7,902.72",BRD-UJN
T022566,03/05/23,F01806,FPO_DELIVERY,Wheat,"3,684.00 kgs","Rs 2,605.00","Rs 95,968.20",BRD-UJN
T022567,29/12/22,F01806,input,PPC,266 kg,Rs 278.05,"Rs 73,961.30",BRD-UJN
T022568,25/12/22,F01806,INPUT_PURCHASE,Urea,176 kgs,Rs 57.40,"Rs 10,102.40",BRD-UJN
T022569,01/04/23,f01808,FPO_DELIVERY,Wheat (Durum),6.1 qtl,"Rs 2,490.00","Rs 15,164.10",BRD-UJN
T022570,04/05/23,F01808,D,Wheat (Durum),40.64 q,"Rs 2,490.00","Rs 1,01,193.60",BRD-UJN
T022571,22/04/23,F01808,D,Wheat,962.00 kgs,"Rs 2,490.00","Rs 23,953.80",BRD-UJN
T022572,10/04/23,F01808,FPO_DELIVERY,chana,4.30 q,"Rs 6,750.00","Rs 29,025.00",BRD-UJN
T022573,13/05/23,F01808,FPO_DELIVERY,chana,5.06 quintals,"Rs 6,750.00","Rs 34,155.00",BRD-UJN
T022574,06/05/23,f01808,DELIVERY,chana,"1,214.00 kgs","Rs 6,750.00","Rs 81,945.00",BRD-UJN
T022575,15/12/22, F01808 ,FERT_PURCHASE,DAP,28 kg,Rs 48.98,"Rs 1,371.44",BRD-UJN
T022576,06/12/22,F01808,Input Purchase,Hybrid Seeds,150 kgs,Rs 89.75,"Rs 13,462.50",BRD-UJN
T022577,02/03/23,F01809,DELIVERY,Wheat (Durum),6518 kg,"Rs 2,465.00","Rs 1,60,668.70",BRD-UJN
T022578,13/12/22,F01809,I,NPK 10:26:26,311 kgs,Rs 53.53,"Rs 16,647.83",BRD-UJN
T022579,27/03/23,F01815,DELIVERY,Wheat,1.45 MT,"Rs 2,645.00","Rs 38,378.95",BRD-UJN
T022580,09/04/23, F01815 ,FPO_DELIVERY,Wheat,108.00 kgs,"Rs 2,645.00","Rs 2,856.60",BRD-UJN
T022581,02/04/23,F01815,DELIVERY,wheat,2.25 q,"Rs 2,645.00","Rs 5,951.25",BRD-UJN
T022582,10/04/23,F01815,delivery,GRAM (Chana),493 kg,"Rs 6,105.00","Rs 30,097.65",BRD-UJN
T022583,10/05/23,f01815,DELIVERY,chana,272.00 kgs,"Rs 6,105.00","Rs 16,605.60",BRD-UJN
T022584,14/12/22,F01815,FERT_PURCHASE,PPC,181 kgs,Rs 120.20,"Rs 21,756.20",BRD-UJN
T022585,13/12/22,F01815,input,Bio-pesticide,170 kg,Rs 627.17,"Rs 1,06,618.90",BRD-UJN
T022586,19/12/22,F01815,INPUT_PURCHASE,Fertilizer,199 kg,Rs 40.35,"Rs 8,029.65",BRD-UJN
T022587,25/05/23,F01815,Loan Repayment,Loan Repayment,,,"Rs 7,700.00",BRD-UJN
T022588,15/05/23,F01817,D,Lokwan Wheat,15.7 qtl,"Rs 2,485.00","Rs 38,964.80",BRD-UJN
T022589,01/04/23,F01817,D,Bengal Gram,5.4 qtl,"Rs 6,780.00","Rs 36,408.60",BRD-UJN
T022590,01/12/22,F01817,I,Fertilizer,260 kg,Rs 38.00,"Rs 9,880.00",BRD-UJN
T022591,21/12/22,F01817,I,SEEDS,213 kgs,Rs 89.99,"Rs 19,167.87",BRD-UJN
T022592,23/12/22,F01817,INPUT_PURCHASE,Seeds,141 kg,Rs 55.68,"Rs 7,850.88",BRD-UJN
T022593,06/01/23,F01817,Input Purchase,SEEDS,179 kgs,Rs 96.24,"Rs 17,226.96",BRD-UJN
T022594,27/05/23,F01817,L,Loan Repayment,,,"Rs 3,200.00",BRD-UJN
T022595,31/03/23,F01817,LOAN_REPAY,EMI,,,"Rs 3,900.00",BRD-UJN
T022596,02/05/23,F01818,FPO_DELIVERY,WHEAT,4308 kg,"Rs 2,360.00","Rs 1,01,668.80",BRD-UJN
T022597,12/05/23,F01818,Delivery,chana,1979 kg,"Rs 6,380.00","Rs 1,26,260.20",BRD-UJN
T022598,21/12/22,F01818,INPUT_PURCHASE,FERTILIZER 50kg bag,229 kg,Rs 55.38,"Rs 12,682.02",BRD-UJN
T022599,03/04/23,F01823,FPO_DELIVERY,wheat,12.73 quintals,"Rs 2,705.00","Rs 34,434.65",BRD-UJN
T022600,22/03/23,F01823,Delivery,GRAM (Chana),500 kg,"Rs 6,490.00","Rs 32,450.00",BRD-UJN
T022601,18/12/22,F01823,input,NPK 10:26:26,143 kg,Rs 56.56,"Rs 8,088.08",BRD-UJN
T022602,03/12/22,F01823,FERT_PURCHASE,FERTILIZER 50kg bag,281 kgs,Rs 33.32,"Rs 9,362.92",BRD-UJN
T022603,29/12/22,F01823,FERT_PURCHASE,DAP,304 kg,Rs 48.28,"Rs 14,677.12",BRD-UJN
T022604,06/12/22,f01823,INPUT_PURCHASE,PPC,203 kgs,Rs 460.48,"Rs 93,477.44",BRD-UJN
T022605,26/04/23,F01825,D,Lokwan Wheat,88.65 quintals,"Rs 2,530.00","Rs 2,24,284.50",BRD-UJN
T022606,08/12/22,F01825,INPUT_PURCHASE,Fertilizer,246 kgs,Rs 54.71,"Rs 13,458.66",BRD-UJN
T022607,21/12/22,F01825,L,EMI,,,"Rs 6,200.00",BRD-UJN
T022608,14/04/23,F01825,Loan Repayment,Loan Repayment,,,"Rs 6,800.00",BRD-UJN
T022609,09/05/23,F01825,Loan Repayment,Loan Repayment,,,"Rs 5,200.00",BRD-UJN
T022610,03/05/23,F01829,delivery,WHEAT,17.7 qtl,"Rs 2,515.00","Rs 44,490.35",BRD-UJN
T022611,08/03/23,F01829,FPO_DELIVERY,Wheat (Durum),1595 kg,"Rs 2,515.00","Rs 40,114.25",BRD-UJN
T022612,22/03/23,F01829,D,Wheat,14.8 qtl,"Rs 2,515.00","Rs 37,121.40",BRD-UJN
T022613,06/12/22,f01829,input,NPK 10:26:26,119 kg,Rs 49.50,"Rs 5,890.50",BRD-UJN
T022614,06/04/23,F01831,Delivery,wheat,"1,515.00 kgs","Rs 2,605.00","Rs 39,465.75",BRD-UJN
T022615,15/03/23,F01831,DELIVERY,wheat,33.98 q,"Rs 2,605.00","Rs 88,517.90",BRD-UJN
T022616,30/04/23,F01831,D,WHEAT,717 kg,"Rs 2,605.00","Rs 18,677.85",BRD-UJN
T022617,03/12/22,f01831,FERT_PURCHASE,NPK 10:26:26,293 kg,Rs 43.72,"Rs 12,809.96",BRD-UJN
T022618,05/03/23,F01833,D,wheat,2.9 qtl,"Rs 2,710.00","Rs 7,940.30",BRD-UJN
T022619,01/03/23,F01833,Delivery,Wheat (Durum),2052 kg,"Rs 2,710.00","Rs 55,609.20",BRD-UJN
T022620,02/05/23,F01833,D,GRAM (Chana),1207 kg,"Rs 6,575.00","Rs 79,360.25",BRD-UJN
T022621,06/01/23,f01833,input,Seeds,71 kg,Rs 101.76,"Rs 7,224.96",BRD-UJN
T022622,26/04/23,F01837,delivery,wheat,11.77 q,"Rs 2,755.00","Rs 32,426.35",BRD-UJN
T022623,26/04/23,F01837,D,wheat,673 kg,"Rs 2,755.00","Rs 18,541.15",BRD-UJN
T022624,13/01/23,F01837,I,Urea,267 kg,Rs 36.13,"Rs 9,646.71",BRD-UJN
T022625,14/01/23,F01837,input,Urea,40 kgs,Rs 36.41,"Rs 1,456.40",BRD-UJN
T022626,29/03/23,F01838,D,wheat,"7,487.00 kgs","Rs 2,700.00","Rs 2,02,149.00",BRD-UJN
T022627,23/04/23,F01838,delivery,Wheat (Durum),1313 kg,"Rs 2,700.00","Rs 35,451.00",BRD-UJN
T022628,31/12/22,F01838,INPUT_PURCHASE,FERTILIZER 50kg bag,55 kgs,Rs 30.06,"Rs 1,653.30",BRD-UJN
T022629,02/01/23, F01838 ,FERT_PURCHASE,Seeds,210 kgs,Rs 60.87,"Rs 12,782.70",BRD-UJN
T022630,21/12/22,F01838,I,FERTILIZER 50kg bag,93 kg,Rs 51.34,"Rs 4,774.62",BRD-UJN
T022631,03/12/22,F01838,I,Bio-pesticide,279 kg,Rs 529.50,"Rs 1,47,730.50",BRD-UJN
T022632,01/03/23,F01839,FPO_DELIVERY,wheat,33.57 quintals,"Rs 2,565.00","Rs 86,107.05",BRD-UJN
T022633,10/12/22,F01839,INPUT_PURCHASE,SEEDS,225 kgs,Rs 129.61,"Rs 29,162.25",BRD-UJN
T022634,08/12/22,F01839,I,NPK 10:26:26,112 kgs,Rs 57.31,"Rs 6,418.72",BRD-UJN
T022635,28/03/23,F01842,DELIVERY,wheat,9.11 quintals,"Rs 2,755.00","Rs 25,098.05",BRD-UJN
T022636,10/03/23,F01842,delivery,WHEAT,0.93 t,"Rs 2,755.00","Rs 25,704.15",BRD-UJN
T022637,01/03/23,F01842,Delivery,wheat,"1,279.00 kgs","Rs 2,755.00","Rs 35,236.45",BRD-UJN
T022638,09/12/22,F01842,Input Purchase,Bio-pesticide,254 kg,Rs 449.67,"Rs 1,14,216.18",BRD-UJN
T022639,14/12/22,f01842,FERT_PURCHASE,Fertilizer,260 kg,Rs 59.98,"Rs 15,594.80",BRD-UJN
T022640,16/12/22,f01842,input,SEEDS,202 kg,Rs 74.39,"Rs 15,026.78",BRD-UJN
T022641,11/05/23,F01843,Delivery,wheat,14.07 quintals,"Rs 2,595.00","Rs 36,511.65",BRD-UJN
T022642,17/03/23,f01843,delivery,wheat,0.20 MT,"Rs 2,595.00","Rs 5,215.95",BRD-UJN
T022643,28/12/22,F01843,INPUT_PURCHASE,Fertilizer,136 kgs,Rs 42.09,"Rs 5,724.24",BRD-UJN
T022644,18/12/22,F01843,I,NPK 10:26:26,204 kg,Rs 37.77,"Rs 7,705.08",BRD-UJN
T022645,10/01/23,F01843,input,Urea,115 kg,Rs 38.86,"Rs 4,468.90",BRD-UJN
T022646,04/05/23,F01844,FPO_DELIVERY,WHEAT,0.17 t,"Rs 2,760.00","Rs 4,581.60",BRD-UJN
T022647,01/05/23,F01844,D,WHEAT,1.36 quintals,"Rs 2,760.00","Rs 3,753.60",BRD-UJN
T022648,19/03/23,F01844,Delivery,Lokwan Wheat,0.58 t,"Rs 2,760.00","Rs 15,897.60",BRD-UJN
T022649,29/12/22,F01844,input,DAP,262 kg,Rs 49.35,"Rs 12,929.70",BRD-UJN
T022650,27/12/22,F01844,FERT_PURCHASE,FERTILIZER 50kg bag,123 kgs,Rs 50.37,"Rs 6,195.51",BRD-UJN
T022651,04/01/23,f01844,FERT_PURCHASE,Fertilizer,255 kgs,Rs 31.90,"Rs 8,134.50",BRD-UJN
T022652,19/04/23,F01846,FPO_DELIVERY,WHEAT,854.00 kgs,"Rs 2,720.00","Rs 23,228.80",BRD-UJN
T022653,19/04/23,F01846,delivery,Wheat,74.00 kgs,"Rs 2,720.00","Rs 2,012.80",BRD-UJN
T022654,11/03/23,F01848,delivery,Lokwan Wheat,"5,350.00 kgs","Rs 2,745.00","Rs 1,46,857.50",BRD-UJN
T022655,31/12/22,F01848,Input Purchase,NPK 10:26:26,134 kg,Rs 40.45,"Rs 5,420.30",BRD-UJN
T022656,15/03/23,F01849,DELIVERY,Wheat (Durum),3.52 t,"Rs 2,770.00","Rs 97,587.10",BRD-UJN
T022657,06/03/23,F01849,delivery,chana,2.4 qtl,"Rs 6,530.00","Rs 15,802.60",BRD-UJN
T022658,26/04/23,F01849,FPO_DELIVERY,chana,12.98 quintals,"Rs 6,530.00","Rs 84,759.40",BRD-UJN
T022659,17/12/22,F01849,FERT_PURCHASE,Fertilizer,174 kgs,Rs 33.77,"Rs 5,875.98",BRD-UJN
T022660,26/12/22,F01849,Input Purchase,FERTILIZER 50kg bag,115 kg,Rs 31.75,"Rs 3,651.25",BRD-UJN
T022661,02/12/22,F01849,Input Purchase,Hybrid Seeds,73 kgs,Rs 91.18,"Rs 6,656.14",BRD-UJN
T022662,21/12/22,F01849,input,DAP,71 kg,Rs 44.04,"Rs 3,126.84",BRD-UJN
T022663,17/04/23,F01851,FPO_DELIVERY,Wheat (Durum),4905 kg,"Rs 2,635.00","Rs 1,29,246.75",BRD-UJN
T022664,20/04/23,F01851,D,Wheat (Durum),2.95 MT,"Rs 2,635.00","Rs 77,679.80",BRD-UJN
T022665,18/03/23,f01851,DELIVERY,GRAM (Chana),2.81 MT,"Rs 6,735.00","Rs 1,89,051.45",BRD-UJN
T022666,13/01/23,F01851,INPUT_PURCHASE,Fertilizer,145 kg,Rs 45.00,"Rs 6,525.00",BRD-UJN
T022667,28/12/22,F01851,Input Purchase,Seeds,42 kgs,Rs 50.84,"Rs 2,135.28",BRD-UJN
T022668,15/12/22,f01851,INPUT_PURCHASE,Fertilizer,140 kgs,Rs 56.69,"Rs 7,936.60",BRD-UJN
T022669,32/01/2022,F01851,FERT_PURCHASE,FERTILIZER 50kg bag,285 kgs,Rs 51.75,"Rs 14,748.75",BRD-UJN
T022670,29/03/23,F01852,D,wheat,18.98 MT,"Rs 2,425.00","Rs 4,60,386.25",BRD-UJN
T022671,28/04/23,F01852,Delivery,chana,5.95 t,"Rs 6,690.00","Rs 3,98,322.60",BRD-UJN
T022672,09/12/22,f01852,INPUT_PURCHASE,PPC,125 kg,Rs 276.58,"Rs 34,572.50",BRD-UJN
T022673,21/04/23,F01858,delivery,WHEAT,16.6 qtl,"Rs 2,755.00","Rs 45,733.00",BRD-UJN
T022674,12/01/23,F01858,input,Bio-pesticide,176 kgs,Rs 398.44,"Rs 70,125.44",BRD-UJN
T022675,20/12/22,F01858,input,Bio-pesticide,45 kg,Rs 234.21,"Rs 10,539.45",BRD-UJN
T022676,23/12/22,F01858,I,Seeds,81 kg,Rs 115.24,"Rs 9,334.44",BRD-UJN
T022677,27/04/23,F01859,Delivery,Wheat,39.10 q,"Rs 2,640.00","Rs 1,03,224.00",BRD-UJN
T022678,19/04/23,F01859,DELIVERY,chana,1.30 t,"Rs 6,225.00","Rs 80,987.25",BRD-UJN
T022679,29/12/22,F01859,I,FERTILIZER 50kg bag,36 kgs,Rs 52.56,"Rs 1,892.16",BRD-UJN
T022680,23/04/23,F01865,Delivery,WHEAT,39.3 qtl,"Rs 2,470.00","Rs 96,972.20",BRD-UJN
T022681,21/03/23, F01865 ,D,Wheat,1.16 quintals,"Rs 2,470.00","Rs 2,865.20",BRD-UJN
T022682,12/12/22,F01865,I,Hybrid Seeds,285 kgs,Rs 102.54,"Rs 29,223.90",BRD-UJN
T022683,07/04/23,F01866,FPO_DELIVERY,Wheat (Durum),"1,404.00 kgs","Rs 2,520.00","Rs 35,380.80",BRD-UJN
T022684,08/05/23,F01866,FPO_DELIVERY,wheat,10.17 q,"Rs 2,520.00","Rs 25,628.40",BRD-UJN
T022685,09/03/23,F01866,D,GRAM (Chana),230 kg,"Rs 6,805.00","Rs 15,651.50",BRD-UJN
T022686,12/04/23,F01866,DELIVERY,Bengal Gram,7.22 q,"Rs 6,805.00","Rs 49,132.10",BRD-UJN
T022687,04/01/23,F01866,FERT_PURCHASE,Fertilizer,25 kg,Rs 28.59,Rs 714.75,BRD-UJN
T022688,17/12/22,f01866,FERT_PURCHASE,Seeds,73 kgs,Rs 98.39,"Rs 7,182.47",BRD-UJN
T022689,20/12/22,F01866,FERT_PURCHASE,Seeds,26 kgs,Rs 75.49,"Rs 1,962.74",BRD-UJN
T022690,12/05/23,F01867,FPO_DELIVERY,wheat,1586 kg,"Rs 2,750.00","Rs 43,615.00",BRD-UJN
T022691,30/04/23, F01867 ,FPO_DELIVERY,WHEAT,125.00 kgs,"Rs 2,750.00","Rs 3,437.50",BRD-UJN
T022692,06/01/23,F01867,Input Purchase,Hybrid Seeds,205 kg,Rs 82.93,"Rs 17,000.65",BRD-UJN
T022693,11/01/23,F01867,I,DAP,55 kg,Rs 55.44,"Rs 3,049.20",BRD-UJN
T022694,10/05/23,F01873,DELIVERY,WHEAT,1.31 MT,"Rs 2,580.00","Rs 33,798.00",BRD-UJN
T022695,26/05/23,F01873,L,EMI,,,"Rs 1,100.00",BRD-UJN
T022696,10/12/22,F01873,L,EMI,,,"Rs 7,600.00",BRD-UJN
T022697,21/03/23,F01875,delivery,Lokwan Wheat,357 kg,"Rs 2,550.00","Rs 9,103.50",BRD-UJN
T022698,25/04/23,f01875,Delivery,Wheat (Durum),"5,358.00 kgs","Rs 2,550.00","Rs 1,36,629.00",BRD-UJN
T022699,05/12/22,F01875,FERT_PURCHASE,Urea,53 kgs,Rs 55.01,"Rs 2,915.53",BRD-UJN
T022700,25/12/22,f01875,Input Purchase,PP chemicals,58 kgs,Rs 339.01,"Rs 19,662.58",BRD-UJN
T022701,06/12/22,F01875,loan,Loan Repayment,,,"Rs 7,500.00",BRD-UJN
T022702,19/04/23,F01875,Loan Repayment,Loan Repayment,,,"Rs 5,700.00",BRD-UJN
T022703,09/12/22,F01875,loan,Loan Repayment,,,"Rs 5,100.00",BRD-UJN
T022704,04/05/23,F01876,DELIVERY,Wheat (Durum),2.12 t,"Rs 2,480.00","Rs 52,650.40",BRD-UJN
T022705,05/04/23,F01876,FPO_DELIVERY,Wheat,1550 kg,"Rs 2,480.00","Rs 38,440.00",BRD-UJN
T022706,07/04/23,F01876,D,WHEAT,2.29 q,"Rs 2,480.00","Rs 5,679.20",BRD-UJN
T022707,11/01/23,F01876,FERT_PURCHASE,Hybrid Seeds,116 kgs,Rs 86.93,"Rs 10,083.88",BRD-UJN
T022708,23/03/23,F01878,DELIVERY,Wheat,1770 kg,"Rs 2,650.00","Rs 46,905.00",BRD-UJN
T022709,23/04/23,F01878,delivery,Wheat (Durum),9.6 qtl,"Rs 2,650.00","Rs 25,307.50",BRD-UJN
T022710,25/12/22,F01878,Input Purchase,Urea,226 kgs,Rs 40.69,"Rs 9,195.94",BRD-UJN
T022711,27/12/22,F01878,Input Purchase,DAP,178 kg,Rs 40.69,"Rs 7,242.82",BRD-UJN
T022712,02/04/23,F01880,Delivery,Wheat (Durum),"1,678.00 kgs","Rs 2,735.00","Rs 45,893.30",BRD-UJN
T022713,08/03/23,F01880,FPO_DELIVERY,WHEAT,6.95 t,"Rs 2,735.00","Rs 1,90,109.85",BRD-UJN
T022714,12/12/22,F01880,Input Purchase,SEEDS,216 kg,Rs 53.09,"Rs 11,467.44",BRD-UJN
T022715,08/03/23,F01881,FPO_DELIVERY,wheat,3216 kg,"Rs 2,805.00","Rs 90,208.80",BRD-UJN
T022716,01/01/23,F01881,FERT_PURCHASE,FERTILIZER 50kg bag,290 kg,Rs 46.71,"Rs 13,545.90",BRD-UJN
T022717,10/04/23,F01882,D,Wheat (Durum),43.7 qtl,"Rs 2,780.00","Rs 1,21,541.60",BRD-UJN
T022718,23/12/22,f01882,I,Hybrid Seeds,301 kgs,Rs 52.33,"Rs 15,751.33",BRD-UJN
T022719,27/03/23,F01886,DELIVERY,wheat,10734 kg,"Rs 2,585.00","Rs 2,77,473.90",BRD-UJN
T022720,20/12/22,F01886,I,NPK 10:26:26,235 kgs,Rs 59.74,"Rs 14,038.90",BRD-UJN
T022721,28/12/22,F01886,INPUT_PURCHASE,Hybrid Seeds,177 kg,Rs 110.06,"Rs 19,480.62",BRD-UJN
T022722,14/02/23,F01886,L,EMI,,,"Rs 5,500.00",BRD-UJN
T022723,08/03/23,F01886,Loan Repayment,Loan Repayment,,,"Rs 6,500.00",BRD-UJN
T022724,18/12/22,F01886,LOAN_REPAY,Loan Repayment,,,"Rs 1,000.00",BRD-UJN
T022725,15/05/23,F01886,L,EMI,,,"Rs 7,200.00",BRD-UJN
T022726,10/05/23,F01886,L,Loan Repayment,,,"Rs 5,600.00",BRD-UJN
T022727,09/04/23,,FPO_DELIVERY,Lokwan Wheat,203 kg,"Rs 2,405.00","Rs 4,882.15",BRD-UJN
T022728,04/03/23,F01890,DELIVERY,Lokwan Wheat,1245 kg,"Rs 2,405.00","Rs 29,942.25",BRD-UJN
T022729,02/04/23,F01890,delivery,Wheat,22.02 quintals,"Rs 2,405.00","Rs 52,958.10",BRD-UJN
T022730,05/12/22,f01890,I,DAP,218 kgs,Rs 40.48,"Rs 8,824.64",BRD-UJN
T022731,27/04/23,F01891,DELIVERY,wheat,32.05 quintals,"Rs 2,520.00","Rs 80,766.00",BRD-UJN
T022732,16/12/22,F01891,FERT_PURCHASE,Urea,147 kg,Rs 49.93,"Rs 7,339.71",BRD-UJN
T022733,01/12/22,f01891,FERT_PURCHASE,Seeds,171 kgs,Rs 112.78,"Rs 19,285.38",BRD-UJN
T022734,05/12/22,F01891,input,FERTILIZER 50kg bag,295 kgs,Rs 41.46,"Rs 12,230.70",BRD-UJN
T022735,23/04/23,F01893,FPO_DELIVERY,WHEAT,18.9 qtl,"Rs 2,435.00","Rs 45,948.45",BRD-UJN
T022736,25/04/23,F01893,Delivery,Bengal Gram,7.5 qtl,"Rs 6,530.00","Rs 48,779.10",BRD-UJN
T022737,30/12/22,F01893,I,Fertilizer,177 kgs,Rs 56.73,"Rs 10,041.21",BRD-UJN
T022738,08/12/22,F01893,loan,Loan Repayment,,,"Rs 1,100.00",BRD-UJN
T022739,16/02/23,F01893,LOAN_REPAY,Loan Repayment,,,"Rs 4,800.00",BRD-UJN
T022740,23/03/23,F01899,D,Wheat,9972 kg,"Rs 2,635.00","Rs 2,62,762.20",BRD-UJN
T022741,10/03/23,F01899,DELIVERY,chana,18.21 q,"Rs 6,830.00","Rs 1,24,374.30",BRD-UJN
T022742,01/05/23,F01899,delivery,Bengal Gram,1721 kg,"Rs 6,830.00","Rs 1,17,544.30",BRD-UJN
T022743,23/03/23,F01903,D,Wheat (Durum),32.25 quintals,"Rs 2,520.00","Rs 81,270.00",BRD-UJN
T022744,04/03/23,F01903,FPO_DELIVERY,Bengal Gram,11.58 quintals,"Rs 6,530.00","Rs 75,617.40",BRD-UJN
T022745,11/01/23,f01903,INPUT_PURCHASE,DAP,153 kg,Rs 33.26,"Rs 5,088.78",BRD-UJN
T022746,22/12/22,F01903,input,FERTILIZER 50kg bag,213 kgs,Rs 36.46,"Rs 7,765.98",BRD-UJN
T022747,02/01/23,f01903,INPUT_PURCHASE,Urea,128 kgs,Rs 43.27,"Rs 5,538.56",BRD-UJN
T022748,07/03/23,F01903,loan,Loan Repayment,,,Rs 900.00,BRD-UJN
T022749,07/05/23,F01905,DELIVERY,Wheat,18.1 qtl,"Rs 2,640.00","Rs 47,810.40",BRD-UJN
T022750,14/05/23,F01905,delivery,wheat,537.00 kgs,"Rs 2,640.00","Rs 14,176.80",BRD-UJN
T022751,27/12/22,F01905,input,FERTILIZER 50kg bag,159 kg,Rs 46.14,"Rs 7,336.26",BRD-UJN
T022752,26/03/23,F01907,DELIVERY,Wheat,49.85 q,"Rs 2,520.00","Rs 1,25,622.00",BRD-UJN
T022753,06/05/23,F01907,delivery,Gram,12.3 qtl,"Rs 6,550.00","Rs 80,892.50",BRD-UJN
T022754,08/05/23,F01907,FPO_DELIVERY,GRAM (Chana),6.2 qtl,"Rs 6,550.00","Rs 40,544.50",BRD-UJN
T022755,04/12/22,F01907,Loan Repayment,Loan Repayment,,,"Rs 5,800.00",BRD-UJN
T022756,15/05/23,F01909,delivery,wheat,89.2 qtl,"Rs 2,555.00","Rs 2,27,880.45",BRD-UJN
T022757,23/12/22,F01909,FERT_PURCHASE,SEEDS,57 kg,Rs 105.21,"Rs 5,996.97",BRD-UJN
T022758,29/12/22,F01909,FERT_PURCHASE,DAP,95 kgs,Rs 37.00,"Rs 3,515.00",BRD-UJN
T022759,11/01/23,F01909,Input Purchase,PP chemicals,50 kgs,Rs 481.04,"Rs 24,052.00",BRD-UJN
T023245,13/05/23,F02239,D,Wheat (Durum),5224 kg,"Rs 2,620.00","Rs 1,36,868.80",BRD-UJN
T023246,08/04/23,f02239,delivery,wheat,16.79 q,"Rs 2,620.00","Rs 43,989.80",BRD-UJN
T023247,14/01/23,F02239,FERT_PURCHASE,Seeds,43 kg,Rs 116.57,"Rs 5,012.51",BRD-UJN
T023248,02/05/23,F02242,DELIVERY,wheat,1401 kg,"Rs 2,470.00","Rs 34,604.70",BRD-UJN
T023249,29/04/23,F02242,delivery,Lokwan Wheat,2767 kg,"Rs 2,470.00","Rs 68,344.90",BRD-UJN
T023250,23/03/23,F02242,DELIVERY,WHEAT,0.72 MT,"Rs 2,470.00","Rs 17,808.70",BRD-UJN
T023251,19/12/22,F02242,INPUT_PURCHASE,NPK 10:26:26,292 kgs,Rs 58.52,"Rs 17,087.84",BRD-UJN
T023306,28/03/23,F02274,Delivery,Wheat (Durum),0.40 MT,"Rs 2,475.00","Rs 9,900.00",BRD-UJN
T023307,29/04/23,F02274,Delivery,Lokwan Wheat,10.53 quintals,"Rs 2,475.00","Rs 26,061.75",BRD-UJN
T023308,11/01/23,F02274,INPUT_PURCHASE,Fertilizer,144 kg,Rs 55.48,"Rs 7,989.12",BRD-UJN
T023309,19/12/22,F02274,FERT_PURCHASE,Hybrid Seeds,101 kg,Rs 129.01,"Rs 13,030.01",BRD-UJN
T023310,22/12/22,F02274,INPUT_PURCHASE,Urea,291 kg,Rs 32.34,"Rs 9,410.94",BRD-UJN
T023365,14/04/23,f02304,DELIVERY,Wheat (Durum),15.81 q,"Rs 2,565.00","Rs 40,552.65",BRD-UJN
T023366,30/03/23,F02304,FPO_DELIVERY,wheat,49.17 q,"Rs 2,565.00","Rs 1,26,121.05",BRD-UJN
T023367,13/04/23,F02304,delivery,Lokwan Wheat,8.75 q,"Rs 2,565.00","Rs 22,443.75",BRD-UJN
T023386,15/03/23,F02310,delivery,WHEAT,5059 kg,"Rs 2,660.00","Rs 1,34,569.40",BRD-UJN
T023387,25/12/22,F02310,FERT_PURCHASE,DAP,294 kgs,Rs 42.32,"Rs 12,442.08",BRD-UJN
T023388,02/04/23,f02313,delivery,Wheat (Durum),2902 kg,"Rs 2,660.00","Rs 77,193.20",BRD-UJN
T023389,12/04/23,f02313,DELIVERY,Wheat,5.37 q,"Rs 2,660.00","Rs 14,284.20",BRD-UJN
T023397,22/04/23,F02325,D,wheat,"1,080.00 kgs","Rs 2,700.00","Rs 29,160.00",BRD-UJN
T023398,13/04/23,F02325,FPO_DELIVERY,Lokwan Wheat,23.12 q,"Rs 2,700.00","Rs 62,424.00",BRD-UJN
T023399,07/12/22,F02325,input,Bio-pesticide,90 kgs,Rs 525.42,"Rs 47,287.80",BRD-UJN
T023400,24/12/22,F02325,I,Seeds,219 kgs,Rs 125.76,"Rs 27,541.44",BRD-UJN
T023413,10/05/23,F02336,D,wheat,829 kg,"Rs 2,580.00","Rs 21,388.20",BRD-UJN
T023414,12/12/22,F02336,input,FERTILIZER 50kg bag,94 kgs,Rs 48.75,"Rs 4,582.50",BRD-UJN
T023415,03/05/23,F02338,delivery,wheat,52.3 qtl,"Rs 2,570.00","Rs 1,34,308.20",BRD-UJN
T023416,05/12/22,F02338,INPUT_PURCHASE,Hybrid Seeds,196 kgs,Rs 67.08,"Rs 13,147.68",BRD-UJN
T023417,31/12/22,F02338,input,Urea,268 kgs,Rs 38.33,"Rs 10,272.44",BRD-UJN
T023424,07/04/23,F02340,FPO_DELIVERY,Wheat,"1,283.00 kgs","Rs 2,455.00","Rs 31,497.65",BRD-UJN
T023425,23/04/23,F02340,DELIVERY,Wheat,"7,751.00 kgs","Rs 2,455.00","Rs 1,90,287.05",BRD-UJN
T023426,27/04/23, F02340 ,L,EMI,,,"Rs 6,300.00",BRD-UJN
T023439,01/05/23,F02345,DELIVERY,wheat,476.00 kgs,"Rs 2,525.00","Rs 12,019.00",BRD-UJN
T023440,14/03/23,F02345,FPO_DELIVERY,WHEAT,7.53 quintals,"Rs 2,525.00","Rs 19,013.25",BRD-UJN
T023441,13/12/22,F02345,input,DAP,300 kgs,Rs 39.72,"Rs 11,916.00",BRD-UJN
T023445,06/04/23,F02349,Delivery,WHEAT,22.61 quintals,"Rs 2,655.00","Rs 60,029.55",BRD-UJN
T023446,26/03/23,F02349,Delivery,Wheat (Durum),8.60 quintals,"Rs 2,655.00","Rs 22,833.00",BRD-UJN
T023447,11/05/23,F02349,Delivery,Lokwan Wheat,4555 kg,"Rs 2,655.00","Rs 1,20,935.25",BRD-UJN
T023448,14/12/22,F02349,Input Purchase,Hybrid Seeds,194 kgs,Rs 74.88,"Rs 14,526.72",BRD-UJN
T023473,04/04/23,F02366,delivery,Wheat,679.00 kgs,"Rs 2,520.00","Rs 17,110.80",BRD-UJN
T023474,23/04/23,F02366,delivery,Lokwan Wheat,53.2 qtl,"Rs 2,520.00","Rs 1,33,963.20",BRD-UJN
T023475,11/03/23,F02366,DELIVERY,wheat,55.73 q,"Rs 2,520.00","Rs 1,40,439.60",BRD-UJN
T023476,02/12/22,F02366,Input Purchase,Seeds,285 kg,Rs 92.02,"Rs 26,225.70",BRD-UJN
T023477,17/12/22,F02366,input,PPC,146 kgs,Rs 351.58,"Rs 51,330.68",BRD-UJN
T023478,02/01/23,F02366,Input Purchase,SEEDS,270 kg,Rs 96.97,"Rs 26,181.90",BRD-UJN
T023479,17/12/22,F02366,INPUT_PURCHASE,Bio-pesticide,57 kg,Rs 491.35,"Rs 28,006.95",BRD-UJN
T023480,02/12/22, F02366 ,I,PPC,217 kgs,Rs 550.01,"Rs 1,19,352.17",BRD-UJN
T023680,02/05/23,f02466,FPO_DELIVERY,Wheat (Durum),34.36 quintals,"Rs 2,565.00","Rs 88,133.40",BRD-UJN
T023681,17/03/23,F02466,DELIVERY,Wheat,5.86 q,"Rs 2,565.00","Rs 15,030.90",BRD-UJN
T023682,07/12/22,f02466,input,NPK 10:26:26,164 kg,Rs 28.03,"Rs 4,596.92",BRD-UJN
T023683,07/03/23,F02468,D,Wheat (Durum),1.92 MT,"Rs 2,740.00","Rs 52,553.20",BRD-UJN
T023684,23/04/23,F02468,D,wheat,11.37 q,"Rs 2,740.00","Rs 31,153.80",BRD-UJN
T023685,12/01/23,f02468,input,Seeds,96 kg,Rs 75.85,"Rs 7,281.60",BRD-UJN
T023701,15/04/23, F02473 ,DELIVERY,Lokwan Wheat,0.96 quintals,"Rs 2,530.00","Rs 2,428.80",BRD-UJN
T023702,02/05/23, F02473 ,FPO_DELIVERY,Lokwan Wheat,13.72 q,"Rs 2,530.00","Rs 34,711.60",BRD-UJN
T023703,07/01/23,F02473,Input Purchase,Seeds,249 kg,Rs 99.32,"Rs 24,730.68",BRD-UJN
T023707,26/04/23,F02475,delivery,WHEAT,5.65 quintals,"Rs 2,585.00","Rs 14,605.25",BRD-UJN
T023708,06/05/23,f02475,FPO_DELIVERY,Lokwan Wheat,9.45 q,"Rs 2,585.00","Rs 24,428.25",BRD-UJN
T023709,01/12/22,F02475,input,Hybrid Seeds,65 kg,Rs 81.05,"Rs 5,268.25",BRD-UJN
T023710,15/12/22,F02475,I,NPK 10:26:26,82 kg,Rs 46.82,"Rs 3,839.24",BRD-UJN
T023711,28/03/23,F02475,L,EMI,,,"Rs 3,800.00",BRD-UJN
T023722,08/03/23,F02481,Delivery,Lokwan Wheat,11.5 qtl,"Rs 2,580.00","Rs 29,618.40",BRD-UJN
T023723,15/03/23, F02481 ,Delivery,wheat,"2,821.00 kgs","Rs 2,580.00","Rs 72,781.80",BRD-UJN
T023724,17/12/22, F02481 ,I,PPC,276 kgs,Rs 641.93,"Rs 1,77,172.68",BRD-UJN
T023725,19/12/22,F02481,FERT_PURCHASE,Bio-pesticide,77 kgs,Rs 589.48,"Rs 45,389.96",BRD-UJN
T023751,28/03/23,F02488,FPO_DELIVERY,Wheat (Durum),"4,786.00 kgs","Rs 2,755.00","Rs 1,31,854.30",BRD-UJN
T023752,15/12/22,F02488,Input Purchase,SEEDS,148 kg,Rs 109.84,"Rs 16,256.32",BRD-UJN
T023795,18/03/23,F02504,FPO_DELIVERY,Wheat,24.3 qtl,"Rs 2,590.00","Rs 63,040.60",BRD-UJN
T023796,17/03/23,F02504,Delivery,Wheat (Durum),1760 kg,"Rs 2,590.00","Rs 45,584.00",BRD-UJN
T023797,23/12/22,F02504,I,DAP,54 kg,Rs 36.07,"Rs 1,947.78",BRD-UJN
T023798,25/12/22,F02504,I,SEEDS,214 kgs,Rs 67.79,"Rs 14,507.06",BRD-UJN
T023799,24/12/22,F02504,I,Seeds,295 kg,Rs 84.94,"Rs 25,057.30",BRD-UJN
T023867,28/03/23,f02524,DELIVERY,Wheat (Durum),6.1 qtl,"Rs 2,670.00","Rs 16,233.60",BRD-UJN
T023868,29/03/23,F02524,delivery,Wheat,532 kg,"Rs 2,670.00","Rs 14,204.40",BRD-UJN
T024784,11/10/23,F01765,D,SOYABEAN,4.58 quintals,"Rs 5,655.00","Rs 25,899.90",BRD-UJN
T024785,25/10/23,F01765,DELIVERY,SOYABEAN,27.69 q,"Rs 5,655.00","Rs 1,56,586.95",BRD-UJN
T024786,11/07/23,F01765,INPUT_PURCHASE,Fertilizer,143 kg,Rs 37.60,"Rs 5,376.80",BRD-UJN
T024787,29/06/23,F01765,INPUT_PURCHASE,Fertilizer,279 kg,Rs 38.99,"Rs 10,878.21",BRD-UJN
T024788,13/07/23,F01765,input,Seeds,233 kg,Rs 78.89,"Rs 18,381.37",BRD-UJN
T024789,21/10/23,F01772,delivery,soya,713.00 kgs,"Rs 6,105.00","Rs 43,528.65",BRD-UJN
T024790,24/10/23, F01772 ,DELIVERY,Soybean,9.76 q,"Rs 6,105.00","Rs 59,584.80",BRD-UJN
T024791,13/07/23, F01772 ,FERT_PURCHASE,Seeds,50 kg,Rs 54.73,"Rs 2,736.50",BRD-UJN
T024792,04/10/23,F01774,DELIVERY,SOYABEAN,2076 kg,"Rs 5,950.00","Rs 1,23,522.00",BRD-UJN
T024793,01/07/23,F01774,input,SEEDS,48 kgs,Rs 59.22,"Rs 2,842.56",BRD-UJN
T024794,32/01/2022,f01774,Input Purchase,Seeds,290 kg,Rs 67.20,"Rs 19,488.00",BRD-UJN
T024795,02/07/23,F01774,I,FERTILIZER 50kg bag,196 kgs,Rs 36.67,"Rs 7,187.32",BRD-UJN
T024796,08/07/23,F01774,FERT_PURCHASE,FERTILIZER 50kg bag,126 kg,Rs 39.36,"Rs 4,959.36",BRD-UJN
T024797,22/10/23,F01779,DELIVERY,Soybean,199.00 kgs,"Rs 5,715.00","Rs 11,372.85",BRD-UJN
T024798,25/11/23,F01779,FPO_DELIVERY,Soybean,20.69 quintals,"Rs 5,715.00","Rs 1,18,243.35",BRD-UJN
T024799,06/07/23,F01779,input,Hybrid Seeds,99 kg,Rs 108.23,"Rs 10,714.77",BRD-UJN
T024800,11/11/23,F01781,FPO_DELIVERY,Soybean,16.20 q,"Rs 5,620.00","Rs 91,044.00",BRD-UJN
T024801,19/10/23,f01781,D,soya,6.37 q,"Rs 5,620.00","Rs 35,799.40",BRD-UJN
T024802,08/06/23,F01781,Input Purchase,Fertilizer,190 kg,Rs 37.63,"Rs 7,149.70",BRD-UJN
T024803,20/06/23,F01781,Input Purchase,DAP,216 kgs,Rs 30.11,"Rs 6,503.76",BRD-UJN
T024804,09/06/23,f01781,FERT_PURCHASE,NPK 10:26:26,200 kgs,Rs 55.28,"Rs 11,056.00",BRD-UJN
T024805,10/11/23,F01782,FPO_DELIVERY,Soybean,"4,348.00 kgs","Rs 6,085.00","Rs 2,64,575.80",BRD-UJN
T024806,12/07/23,F01782,Input Purchase,Seeds,209 kgs,Rs 66.34,"Rs 13,865.06",BRD-UJN
T024807,18/06/23,F01782,input,SEEDS,94 kg,Rs 109.59,"Rs 10,301.46",BRD-UJN
T024808,02/11/23,F01783,D,SOYABEAN,208 kg,"Rs 6,045.00","Rs 12,573.60",BRD-UJN
T024809,29/11/23,F01783,DELIVERY,Soybean,38 kg,"Rs 6,045.00","Rs 2,297.10",BRD-UJN
T024810,02/11/23,F01783,FPO_DELIVERY,SOYABEAN,105 kg,"Rs 6,045.00","Rs 6,347.25",BRD-UJN
T024811,05/10/23,F01784,D,SOYABEAN,0.40 MT,"Rs 5,710.00","Rs 22,611.60",BRD-UJN
T024812,11/11/23,F01784,Delivery,SOYABEAN,397 kg,"Rs 5,710.00","Rs 22,668.70",BRD-UJN
T024813,08/10/23,F01784,D,Soybean,6.34 quintals,"Rs 5,710.00","Rs 36,201.40",BRD-UJN
T024814,04/07/23,F01784,Input Purchase,NPK 10:26:26,194 kgs,Rs 29.00,"Rs 5,626.00",BRD-UJN
T024815,09/07/23,F01784,input,Fertilizer,178 kg,Rs 33.23,"Rs 5,914.94",BRD-UJN
T024816,24/11/23,F01786,Delivery,SOYABEAN,25.88 q,"Rs 5,940.00","Rs 1,53,727.20",BRD-UJN
T024817,01/07/23,F01786,LOAN_REPAY,EMI,,,"Rs 1,000.00",BRD-UJN
T024818,09/10/23, F01787 ,Delivery,soya,2.83 quintals,"Rs 5,940.00","Rs 16,810.20",BRD-UJN
T024819,04/11/23,f01787,DELIVERY,Soybean,18.57 q,"Rs 5,940.00","Rs 1,10,305.80",BRD-UJN
T024820,27/10/23,F01787,loan,EMI,,,"Rs 2,600.00",BRD-UJN
T024821,24/10/23,F01788,Delivery,Soybean (Yellow),3454 kg,"Rs 5,785.00","Rs 1,99,813.90",BRD-UJN
T024822,18/10/23, F01788 ,DELIVERY,Soybean,2.00 MT,"Rs 5,785.00","Rs 1,15,700.00",BRD-UJN
T024823,01/07/23,F01788,input,SEEDS,35 kgs,Rs 76.71,"Rs 2,684.85",BRD-UJN
T024824,22/10/23,F01791,Delivery,soya,0.17 t,"Rs 5,540.00","Rs 9,639.60",BRD-UJN
T024825,10/10/23,F01791,D,SOYABEAN,565.00 kgs,"Rs 5,540.00","Rs 31,301.00",BRD-UJN
T024826,23/06/23,F01791,input,PPC,107 kgs,Rs 579.54,"Rs 62,010.78",BRD-UJN
T024827,03/07/23,F01791,INPUT_PURCHASE,NPK 10:26:26,199 kg,Rs 33.97,"Rs 6,760.03",BRD-UJN
T024828,27/10/23,F01791,Loan Repayment,EMI,,,"Rs 5,800.00",BRD-UJN
T024829,21/10/23,F01794,DELIVERY,soya,361.00 kgs,"Rs 5,810.00","Rs 20,974.10",BRD-UJN
T024830,11/11/23,F01794,Delivery,soya,197.00 kgs,"Rs 5,810.00","Rs 11,445.70",BRD-UJN
T024831,24/10/23,F01794,DELIVERY,Soybean (Yellow),1.15 q,"Rs 5,810.00","Rs 6,681.50",BRD-UJN
T024832,10/10/23,f01798,D,Soybean (Yellow),4.00 q,"Rs 5,475.00","Rs 21,900.00",BRD-UJN
T024833,19/10/23,F01798,delivery,soya,12.8 qtl,"Rs 5,475.00","Rs 70,080.00",BRD-UJN
T024834,10/10/23,F01798,DELIVERY,Soybean (Yellow),36.90 q,"Rs 5,475.00","Rs 2,02,027.50",BRD-UJN
T024835,22/11/23,F01803,DELIVERY,Soybean (Yellow),2.84 t,"Rs 5,660.00","Rs 1,61,027.00",BRD-UJN
T024836,31/10/23,F01803,D,Soybean,"1,326.00 kgs","Rs 5,660.00","Rs 75,051.60",BRD-UJN
T024837,25/10/23,F01805,Delivery,Soybean,13.6 qtl,"Rs 5,715.00","Rs 77,552.55",BRD-UJN
T024838,12/10/23,F01805,FPO_DELIVERY,Soybean,424 kg,"Rs 5,715.00","Rs 24,231.60",BRD-UJN
T024839,07/06/23,F01805,input,FERTILIZER 50kg bag,183 kgs,Rs 29.74,"Rs 5,442.42",BRD-UJN
T024840,06/07/23,F01805,FERT_PURCHASE,Urea,133 kgs,Rs 37.19,"Rs 4,946.27",BRD-UJN
T024841,29/08/23,F01805,loan,Loan Repayment,,,"Rs 6,200.00",BRD-UJN
T024842,09/10/23,F01806,delivery,SOYABEAN,"1,135.00 kgs","Rs 5,925.00","Rs 67,248.75",BRD-UJN
T024843,27/10/23,F01806,D,soya,695 kg,"Rs 5,925.00","Rs 41,178.75",BRD-UJN
T024844,16/06/23,F01806,I,Hybrid Seeds,182 kgs,Rs 105.51,"Rs 19,202.82",BRD-UJN
T024845,14/07/23,F01806,INPUT_PURCHASE,Seeds,277 kg,Rs 105.59,"Rs 29,248.43",BRD-UJN
T024846,24/06/23,F01806,I,SEEDS,293 kgs,Rs 60.41,"Rs 17,700.13",BRD-UJN
T024847,30/06/23,F01806,Input Purchase,Bio-pesticide,118 kgs,Rs 491.93,"Rs 58,047.74",BRD-UJN
T024848,15/10/23,F01809,DELIVERY,soya,32.2 qtl,"Rs 5,945.00","Rs 1,91,310.10",BRD-UJN
T024849,22/06/23,F01809,FERT_PURCHASE,Seeds,267 kg,Rs 84.83,"Rs 22,649.61",BRD-UJN
T024850,10/11/23,f01815,FPO_DELIVERY,soya,835 kg,"Rs 5,795.00","Rs 48,388.25",BRD-UJN
T024851,13/11/23,F01815,delivery,soya,67 kg,"Rs 5,795.00","Rs 3,882.65",BRD-UJN
T024852,22/06/23,f01815,Input Purchase,FERTILIZER 50kg bag,42 kgs,Rs 59.35,"Rs 2,492.70",BRD-UJN
T024853,04/10/23,F01817,D,soya,459.00 kgs,"Rs 5,595.00","Rs 25,681.05",BRD-UJN
T024854,09/11/23,f01817,delivery,soya,2.57 quintals,"Rs 5,595.00","Rs 14,379.15",BRD-UJN
T024855,08/07/23,F01817,FERT_PURCHASE,Hybrid Seeds,304 kg,Rs 46.43,"Rs 14,114.72",BRD-UJN
T024856,01/07/23,F01817,input,Hybrid Seeds,72 kgs,Rs 127.98,"Rs 9,214.56",BRD-UJN
T024857,08/06/23,F01817,Input Purchase,DAP,254 kg,Rs 41.61,"Rs 10,568.94",BRD-UJN
T024858,19/11/23,F01817,L,EMI,,,"Rs 5,000.00",BRD-UJN
T024859,28/07/23,F01817,Loan Repayment,Loan Repayment,,,"Rs 5,300.00",BRD-UJN
T024860,26/06/23, F01817 ,LOAN_REPAY,Loan Repayment,,,"Rs 1,300.00",BRD-UJN
T024861,07/07/23,F01817,L,EMI,,,"Rs 4,600.00",BRD-UJN
T024862,21/10/23,F01818,DELIVERY,Soybean,3.4 qtl,"Rs 6,010.00",₹ N/A,BRD-UJN
T024863,02/10/23,F01818,DELIVERY,SOYABEAN,2080 kg,"Rs 6,010.00","Rs 1,25,008.00",BRD-UJN
T024864,24/06/23, F01818 ,Input Purchase,Fertilizer,222 kg,Rs 40.71,"Rs 9,037.62",BRD-UJN
T024865,30/06/23,F01818,input,Urea,57 kgs,Rs 44.93,"Rs 2,561.01",BRD-UJN
T024866,30/06/23,F01818,Input Purchase,Fertilizer,268 kg,Rs 50.32,"Rs 13,485.76",BRD-UJN
T024867,19/06/23,f01818,FERT_PURCHASE,DAP,264 kg,Rs 48.85,"Rs 12,896.40",BRD-UJN
T024868,23/11/23,f01823,DELIVERY,Soybean (Yellow),413.00 kgs,"Rs 5,995.00","Rs 24,759.35",BRD-UJN
T024869,26/10/23,F01823,D,SOYABEAN,2.14 quintals,"Rs 5,995.00","Rs 12,829.30",BRD-UJN
T024870,19/10/23,f01825,Delivery,Soybean (Yellow),"3,935.00 kgs","Rs 5,930.00","Rs 2,33,345.50",BRD-UJN
T024871,14/07/23,F01825,INPUT_PURCHASE,Hybrid Seeds,219 kg,Rs 88.35,"Rs 19,348.65",BRD-UJN
T024872,09/07/23,F01825,input,Fertilizer,172 kg,Rs 57.46,"Rs 9,883.12",BRD-UJN
T024873,21/07/23,F01825,L,EMI,,,"Rs 7,700.00",BRD-UJN
T024874,01/10/23,F01829,DELIVERY,soya,"1,138.00 kgs","Rs 5,665.00","Rs 64,467.70",BRD-UJN
T024875,19/11/23,F01829,D,Soybean (Yellow),1107 kg,"Rs 5,665.00","Rs 62,711.55",BRD-UJN
T024876,30/06/23,F01829,FERT_PURCHASE,FERTILIZER 50kg bag,75 kg,Rs 40.29,"Rs 3,021.75",BRD-UJN
T024877,30/11/23, F01831 ,DELIVERY,soya,25.5 qtl,"Rs 6,205.00","Rs 1,57,979.30",BRD-UJN
T024878,09/11/23,F01831,delivery,Soybean (Yellow),2.19 q,"Rs 6,205.00","Rs 13,588.95",BRD-UJN
T024879,14/10/23,f01833,DELIVERY,soya,124 kg,"Rs 5,535.00","Rs 6,863.40",BRD-UJN
T024880,30/10/23,F01833,Delivery,Soybean,"1,269.00 kgs","Rs 5,535.00","Rs 70,239.15",BRD-UJN
T024881,02/07/23,f01833,Input Purchase,SEEDS,183 kg,Rs 74.38,₹ N/A,BRD-UJN
T024882,10/10/23,F01837,FPO_DELIVERY,soya,674.00 kgs,"Rs 5,645.00","Rs 38,047.30",BRD-UJN
T024883,26/10/23,F01837,DELIVERY,soya,2.65 quintals,"Rs 5,645.00","Rs 14,959.25",BRD-UJN
T024884,21/06/23,F01837,FERT_PURCHASE,FERTILIZER 50kg bag,241 kg,Rs 43.36,"Rs 10,449.76",BRD-UJN
T024885,08/06/23,F01837,Input Purchase,Fertilizer,25 kgs,Rs 35.72,Rs 893.00,BRD-UJN
T024886,27/06/23,f01837,input,DAP,221 kgs,Rs 41.10,"Rs 9,083.10",BRD-UJN
T024887,28/11/23,F01838,D,Soybean (Yellow),14.94 q,"Rs 5,920.00","Rs 88,444.80",BRD-UJN
T024888,23/11/23,F01838,FPO_DELIVERY,soya,20.03 q,"Rs 5,920.00","Rs 1,18,577.60",BRD-UJN
T024889,24/11/23,F01839,FPO_DELIVERY,Soybean (Yellow),"1,145.00 kgs","Rs 5,660.00","Rs 64,807.00",BRD-UJN
T024890,12/11/23,f01839,D,Soybean,0.64 t,"Rs 5,660.00","Rs 36,224.00",BRD-UJN
T024891,21/06/23,F01839,I,Hybrid Seeds,291 kg,Rs 93.33,"Rs 27,159.03",BRD-UJN
T024892,12/10/23, F01842 ,Delivery,SOYABEAN,"1,595.00 kgs","Rs 5,635.00","Rs 89,878.25",BRD-UJN
T024893,05/11/23, F01843 ,FPO_DELIVERY,Soybean,917 kg,"Rs 5,635.00","Rs 51,672.95",BRD-UJN
T024894,20/06/23,F01843,FERT_PURCHASE,NPK 10:26:26,263 kg,Rs 47.93,"Rs 12,605.59",BRD-UJN
T024895,22/10/23,F01848,delivery,Soybean (Yellow),309 kg,"Rs 6,140.00","Rs 18,972.60",BRD-UJN
T024896,09/11/23, F01848 ,DELIVERY,Soybean (Yellow),18.7 qtl,"Rs 6,140.00","Rs 1,14,572.40",BRD-UJN
T024897,29/06/23,F01848,I,PP chemicals,40 kg,Rs 461.77,"Rs 18,470.80",BRD-UJN
T024898,06/07/23,F01848,I,Urea,80 kgs,Rs 59.62,"Rs 4,769.60",BRD-UJN
T024899,19/06/23,F01848,FERT_PURCHASE,SEEDS,145 kgs,Rs 107.08,"Rs 15,526.60",BRD-UJN
T024900,31/10/23,F01849,D,SOYABEAN,5.13 quintals,"Rs 6,305.00","Rs 32,344.65",BRD-UJN
T024901,10/10/23,F01849,Delivery,Soybean,6.65 q,"Rs 6,305.00","Rs 41,928.25",BRD-UJN
T024902,14/11/23,F01849,D,Soybean (Yellow),642.00 kgs,"Rs 6,305.00","Rs 40,478.10",BRD-UJN
T024903,16/11/23,F01851,Delivery,Soybean,"3,484.00 kgs","Rs 6,000.00","Rs 2,09,040.00",BRD-UJN
T024904,01/11/23,F01851,delivery,Soybean,172 kg,"Rs 6,000.00","Rs 10,320.00",BRD-UJN
T024905,26/06/23,F01851,I,Hybrid Seeds,85 kgs,Rs 77.04,"Rs 6,548.40",BRD-UJN
T024906,27/06/23,F01851,FERT_PURCHASE,Hybrid Seeds,157 kgs,Rs 68.04,"Rs 10,682.28",BRD-UJN
T024907,04/11/23,F01852,FPO_DELIVERY,Soybean,78.55 q,"Rs 5,720.00","Rs 4,49,306.00",BRD-UJN
T024908,01/10/23,F01858,FPO_DELIVERY,soya,112.00 kgs,"Rs 6,330.00","Rs 7,089.60",BRD-UJN
T024909,15/11/23,F01858,D,Soybean (Yellow),276.00 kgs,"Rs 6,330.00","Rs 17,470.80",BRD-UJN
T024910,01/06/23,F01858,INPUT_PURCHASE,FERTILIZER 50kg bag,238 kgs,Rs 42.51,"Rs 10,117.38",BRD-UJN
T024911,09/10/23,f01859,D,soya,841.00 kgs,"Rs 5,705.00","Rs 47,979.05",BRD-UJN
T024912,23/11/23,F01859,DELIVERY,soya,499.00 kgs,"Rs 5,705.00","Rs 28,467.95",BRD-UJN
T024913,01/11/23,F01859,D,Soybean (Yellow),2.1 qtl,"Rs 5,705.00","Rs 12,094.60",BRD-UJN
T024914,03/07/23,F01859,I,Urea,107 kgs,Rs 39.13,"Rs 4,186.91",BRD-UJN
T024915,16/10/23,F01865,D,SOYABEAN,847.00 kgs,"Rs 5,420.00","Rs 45,907.40",BRD-UJN
T024916,28/11/23,F01865,delivery,soya,0.8 qtl,"Rs 5,420.00","Rs 4,227.60",BRD-UJN
T024917,01/10/23,F01865,Delivery,SOYABEAN,4.89 q,"Rs 5,420.00","Rs 26,503.80",BRD-UJN
T024918,05/06/23,F01865,I,Bio-pesticide,87 kgs,Rs 662.25,"Rs 57,615.75",BRD-UJN
T024919,09/10/23,F01866,DELIVERY,Soybean,447.00 kgs,"Rs 5,835.00","Rs 26,082.45",BRD-UJN
T024920,13/10/23,f01866,delivery,SOYABEAN,282.00 kgs,"Rs 5,835.00","Rs 16,454.70",BRD-UJN
T024921,14/10/23,F01866,delivery,Soybean (Yellow),751 kg,"Rs 5,835.00","Rs 43,820.85",BRD-UJN
T024922,06/07/23,F01866,input,SEEDS,268 kg,Rs 102.87,"Rs 27,569.16",BRD-UJN
T024923,05/07/23,F01866,Input Purchase,SEEDS,192 kgs,Rs 48.68,"Rs 9,346.56",BRD-UJN
T024924,29/11/23,F01867,D,soya,9.29 q,"Rs 5,750.00","Rs 53,417.50",BRD-UJN
T024925,23/06/23,F01867,FERT_PURCHASE,FERTILIZER 50kg bag,126 kg,Rs 52.66,"Rs 6,635.16",BRD-UJN
T024926,12/06/23,f01867,input,DAP,211 kg,Rs 30.85,"Rs 6,509.35",BRD-UJN
T024927,28/11/23,F01873,DELIVERY,Soybean,2.2 qtl,"Rs 5,995.00","Rs 13,248.95",BRD-UJN
T024928,13/10/23,F01873,Delivery,Soybean (Yellow),4.38 quintals,"Rs 5,995.00","Rs 26,258.10",BRD-UJN
T024929,06/08/23,F01873,LOAN_REPAY,Loan Repayment,,,"Rs 6,200.00",BRD-UJN
T024930,26/11/23,F01875,delivery,soya,2393 kg,"Rs 5,585.00","Rs 1,33,649.05",BRD-UJN
T024931,08/07/23,F01875,input,Bio-pesticide,186 kgs,Rs 586.04,"Rs 1,09,003.44",BRD-UJN
T024932,03/11/23,F01876,FPO_DELIVERY,Soybean (Yellow),19.33 q,"Rs 6,010.00","Rs 1,16,173.30",BRD-UJN
T024933,04/06/23,F01876,Input Purchase,NPK 10:26:26,84 kgs,Rs 48.53,"Rs 4,076.52",BRD-UJN
T024934,05/07/23,F01876,input,Fertilizer,140 kgs,Rs 35.16,"Rs 4,922.40",BRD-UJN
T024935,05/07/23,F01876,input,SEEDS,157 kgs,Rs 59.63,"Rs 9,361.91",BRD-UJN
T024936,04/11/23,F01878,delivery,SOYABEAN,1109 kg,"Rs 5,575.00","Rs 61,826.75",BRD-UJN
T024937,06/07/23,F01878,INPUT_PURCHASE,Seeds,294 kg,Rs 120.62,"Rs 35,462.28",BRD-UJN
T024938,18/06/23,F01878,input,DAP,262 kgs,Rs 31.65,"Rs 8,292.30",BRD-UJN
T024939,26/10/23,F01878,LOAN_REPAY,Loan Repayment,,,"Rs 3,500.00",BRD-UJN
T024940,17/10/23,F01878,LOAN_REPAY,EMI,,,"Rs 5,700.00",BRD-UJN
T024941,16/11/23,F01880,FPO_DELIVERY,soya,13.08 quintals,"Rs 5,660.00","Rs 74,032.80",BRD-UJN
T024942,07/11/23,F01880,Delivery,soya,24.61 q,"Rs 5,660.00","Rs 1,39,292.60",BRD-UJN
T024943,31/10/23,f01880,DELIVERY,soya,0.40 MT,"Rs 5,660.00","Rs 22,583.40",BRD-UJN
T024944,07/07/23,f01880,Input Purchase,Seeds,187 kg,Rs 70.21,"Rs 13,129.27",BRD-UJN
T024945,07/10/23,F01881,FPO_DELIVERY,soya,1.84 MT,"Rs 5,505.00","Rs 1,01,126.85",BRD-UJN
T024946,26/06/23,F01881,input,DAP,244 kgs,Rs 53.28,"Rs 13,000.32",BRD-UJN
T024947,05/06/23,F01881,input,PP chemicals,178 kg,Rs 678.45,"Rs 1,20,764.10",BRD-UJN
T024948,23/11/23,F01886,delivery,Soybean,49.02 quintals,"Rs 5,760.00","Rs 2,82,355.20",BRD-UJN
T024949,30/10/23,F01886,D,Soybean (Yellow),2.0 qtl,"Rs 5,760.00","Rs 11,577.60",BRD-UJN
T024950,09/06/23,f01886,Input Purchase,Urea,57 kg,Rs 57.97,"Rs 3,304.29",BRD-UJN
T024951,13/06/23,f01886,INPUT_PURCHASE,DAP,182 kg,Rs 33.37,"Rs 6,073.34",BRD-UJN
T024952,23/06/23,F01886,INPUT_PURCHASE,NPK 10:26:26,85 kgs,Rs 43.48,"Rs 3,695.80",BRD-UJN
T024953,14/06/23,F01886,L,Loan Repayment,,,Rs 800.00,BRD-UJN
T024954,13/07/23,f01886,Loan Repayment,Loan Repayment,,,"Rs 4,200.00",BRD-UJN
T024955,09/10/23,F01890,Delivery,Soybean,"2,045.00 kgs","Rs 6,080.00","Rs 1,24,336.00",BRD-UJN
T024956,08/06/23,F01890,Input Purchase,FERTILIZER 50kg bag,308 kg,Rs 41.06,"Rs 12,646.48",BRD-UJN
T024957,06/06/23,F01890,INPUT_PURCHASE,PP chemicals,56 kgs,Rs 519.34,"Rs 29,083.04",BRD-UJN
T024958,31/10/23,F01893,Delivery,Soybean (Yellow),943.00 kgs,"Rs 5,610.00","Rs 52,902.30",BRD-UJN
T024959,05/07/23,F01893,input,SEEDS,314 kg,Rs 121.70,"Rs 38,213.80",BRD-UJN
T024960,12/11/23,F01899,FPO_DELIVERY,Soybean (Yellow),44.1 qtl,"Rs 5,820.00","Rs 2,56,778.40",BRD-UJN
T024961,05/07/23,F01899,I,PPC,260 kg,Rs 559.18,"Rs 1,45,386.80",BRD-UJN
T024962,23/06/23,f01899,input,DAP,143 kg,Rs 32.49,"Rs 4,646.07",BRD-UJN
T024963,05/07/23,F01899,input,FERTILIZER 50kg bag,196 kg,Rs 32.71,"Rs 6,411.16",BRD-UJN
T024964,26/11/23,F01903,DELIVERY,Soybean,631 kg,"Rs 5,840.00","Rs 36,850.40",BRD-UJN
T024965,30/10/23, F01903 ,Delivery,soya,513 kg,"Rs 5,840.00","Rs 29,959.20",BRD-UJN
T024966,10/07/23,F01903,I,SEEDS,245 kgs,Rs 80.86,"Rs 19,810.70",BRD-UJN
T024967,23/11/23,F01903,Loan Repayment,Loan Repayment,,,"Rs 4,500.00",BRD-UJN
T024968,11/11/23,F01903,loan,Loan Repayment,,,"Rs 3,900.00",BRD-UJN
T024969,16/10/23,F01905,Delivery,Soybean,12.79 quintals,"Rs 5,775.00","Rs 73,862.25",BRD-UJN
T024970,24/11/23,F01907,FPO_DELIVERY,Soybean (Yellow),24.19 q,"Rs 6,085.00","Rs 1,47,196.15",BRD-UJN
T024971,08/07/23,F01907,I,Seeds,275 kg,Rs 60.31,"Rs 16,585.25",BRD-UJN
T024972,14/06/23,F01907,input,FERTILIZER 50kg bag,137 kgs,Rs 51.05,"Rs 6,993.85",BRD-UJN
T024973,20/11/23,F01909,delivery,Soybean (Yellow),"2,632.00 kgs","Rs 5,910.00","Rs 1,55,551.20",BRD-UJN
T024974,18/10/23,F01909,DELIVERY,Soybean (Yellow),23.72 q,"Rs 5,910.00","Rs 1,40,185.20",BRD-UJN
T024975,29/09/23,F01909,LOAN_REPAY,EMI,,,"Rs 4,200.00",BRD-UJN
T024976,06/09/23,F01909,Loan Repayment,EMI,,,"Rs 4,000.00",BRD-UJN
T024977,17/08/23,F01909,Loan Repayment,Loan Repayment,,,"Rs 2,000.00",BRD-UJN
T024978,30/09/23,F01909,Loan Repayment,EMI,,,"Rs 1,500.00",BRD-UJN
T025405,27/11/23,F02242,Delivery,soya,26.00 q,"Rs 5,775.00","Rs 1,50,150.00",BRD-UJN
T025463,06/10/23,F02274,FPO_DELIVERY,Soybean,5.2 qtl,"Rs 6,160.00","Rs 32,278.40",BRD-UJN
T025464,15/07/23,F02274,input,PP chemicals,99 kgs,Rs 355.84,"Rs 35,228.16",BRD-UJN
T025522,20/10/23,F02304,Delivery,soya,1987 kg,"Rs 6,210.00","Rs 1,23,392.70",BRD-UJN
T025523,01/10/23,F02304,D,Soybean,12.58 q,"Rs 6,210.00","Rs 78,121.80",BRD-UJN
T025524,19/06/23,F02304,I,FERTILIZER 50kg bag,305 kg,Rs 28.57,"Rs 8,713.85",BRD-UJN
T025525,23/09/23,F02304,L,EMI,,,"Rs 6,800.00",BRD-UJN
T025526,21/08/23,F02304,L,Loan Repayment,,,"Rs 3,000.00",BRD-UJN
T025527,15/06/23,F02304,Loan Repayment,EMI,,,"Rs 7,500.00",BRD-UJN
T025540,30/11/23,F02310,Delivery,Soybean,1101 kg,"Rs 5,385.00","Rs 59,288.85",BRD-UJN
T025541,04/11/23,f02310,delivery,Soybean,"1,121.00 kgs","Rs 5,385.00","Rs 60,365.85",BRD-UJN
T025542,07/06/23,F02310,I,Hybrid Seeds,275 kg,Rs 85.01,"Rs 23,377.75",BRD-UJN
T025543,26/06/23,F02310,INPUT_PURCHASE,NPK 10:26:26,203 kgs,Rs 35.99,"Rs 7,305.97",BRD-UJN
T025544,03/10/23,F02313,D,Soybean (Yellow),847 kg,"Rs 5,520.00","Rs 46,754.40",BRD-UJN
T025545,06/10/23,F02313,D,SOYABEAN,0.69 t,"Rs 5,520.00","Rs 37,867.20",BRD-UJN
T025552,26/10/23, F02325 ,delivery,Soybean,1539 kg,"Rs 5,945.00","Rs 91,493.55",BRD-UJN
T025553,18/10/23,f02325,FPO_DELIVERY,Soybean,3.16 quintals,"Rs 5,945.00","Rs 18,786.20",BRD-UJN
T025559,23/10/23,f02338,DELIVERY,SOYABEAN,27.10 quintals,"Rs 6,060.00","Rs 1,64,226.00",BRD-UJN
T025560,04/06/23,F02338,Input Purchase,Bio-pesticide,121 kg,Rs 150.16,"Rs 18,169.36",BRD-UJN
T025565,20/10/23,F02340,delivery,Soybean,39.05 q,"Rs 5,910.00","Rs 2,30,785.50",BRD-UJN
T025566,20/10/23,F02340,D,SOYABEAN,4.50 quintals,"Rs 5,910.00","Rs 26,595.00",BRD-UJN
T025567,07/07/23,F02340,Input Purchase,FERTILIZER 50kg bag,150 kgs,Rs 42.43,"Rs 6,364.50",BRD-UJN
T025568,25/08/23,F02340,L,Loan Repayment,,,"Rs 6,500.00",BRD-UJN
T025576,27/10/23,F02345,delivery,SOYABEAN,7.49 quintals,"Rs 6,010.00","Rs 45,014.90",BRD-UJN
T025579,15/10/23,F02349,FPO_DELIVERY,soya,209 kg,"Rs 5,760.00","Rs 12,038.40",BRD-UJN
T025580,27/11/23,F02349,Delivery,Soybean (Yellow),10.80 quintals,"Rs 5,760.00","Rs 62,208.00",BRD-UJN
T025590,25/11/23,F02366,D,soya,"3,739.00 kgs","Rs 5,525.00","Rs 2,06,579.75",BRD-UJN
T025591,01/11/23,F02366,FPO_DELIVERY,soya,1.14 MT,"Rs 5,525.00","Rs 62,874.50",BRD-UJN
T025592,09/06/23, F02366 ,input,NPK 10:26:26,309 kgs,Rs 35.47,"Rs 10,960.23",BRD-UJN
T025781,03/11/23,f02466,delivery,Soybean,2103 kg,"Rs 5,750.00","Rs 1,20,922.50",BRD-UJN
T025782,03/11/23,F02466,delivery,Soybean (Yellow),2.3 qtl,"Rs 5,750.00","Rs 13,110.00",BRD-UJN
T025783,14/07/23,F02466,FERT_PURCHASE,PP chemicals,52 kgs,Rs 602.08,"Rs 31,308.16",BRD-UJN
T025784,23/10/23, F02468 ,delivery,SOYABEAN,"1,034.00 kgs","Rs 5,955.00","Rs 61,574.70",BRD-UJN
T025785,08/06/23,f02468,Input Purchase,DAP,201 kg,Rs 56.41,"Rs 11,338.41",BRD-UJN
T025795,01/10/23,F02473,FPO_DELIVERY,Soybean (Yellow),733.00 kgs,"Rs 5,600.00","Rs 41,048.00",BRD-UJN
T025796,19/06/23,F02473,Input Purchase,Urea,245 kgs,Rs 56.22,"Rs 13,773.90",BRD-UJN
T025797,23/06/23,F02473,FERT_PURCHASE,PPC,188 kgs,Rs 581.33,"Rs 1,09,290.04",BRD-UJN
T025798,13/07/23,F02473,I,NPK 10:26:26,257 kgs,Rs 58.25,"Rs 14,970.25",BRD-UJN
T025804,28/11/23,f02475,D,Soybean,10.59 q,"Rs 5,905.00","Rs 62,533.95",BRD-UJN
T025805,19/06/23,F02475,Input Purchase,SEEDS,157 kg,Rs 47.93,"Rs 7,525.01",BRD-UJN
T025806,01/09/23,F02475,loan,EMI,,,"Rs 7,300.00",BRD-UJN
T025807,09/08/23,F02475,L,EMI,,,"Rs 7,300.00",BRD-UJN
T025808,24/09/23,F02475,Loan Repayment,EMI,,,"Rs 4,100.00",BRD-UJN
T025815,03/11/23,f02481,DELIVERY,Soybean,1.82 MT,"Rs 5,990.00","Rs 1,09,257.60",BRD-UJN
T025816,12/06/23,F02481,Input Purchase,Urea,116 kg,Rs 38.24,"Rs 4,435.84",BRD-UJN
T025817,15/07/23,f02481,FERT_PURCHASE,Seeds,113 kgs,Rs 118.46,"Rs 13,385.98",BRD-UJN
T025818,04/07/23,F02481,INPUT_PURCHASE,Urea,55 kgs,Rs 53.90,"Rs 2,964.50",BRD-UJN
T025819,15/06/23,F02481,INPUT_PURCHASE,PP chemicals,230 kg,Rs 127.11,"Rs 29,235.30",BRD-UJN
T025820,17/06/23,f02481,FERT_PURCHASE,Fertilizer,32 kgs,Rs 31.75,"Rs 1,016.00",BRD-UJN
T025821,19/11/23,F02481,loan,EMI,,,"Rs 6,600.00",BRD-UJN
T025822,25/11/23,F02481,L,Loan Repayment,,,"Rs 1,800.00",BRD-UJN
T025823,03/10/23,F02481,Loan Repayment,Loan Repayment,,,"Rs 2,000.00",BRD-UJN
T025833,04/10/23,F02488,D,Soybean (Yellow),0.20 q,"Rs 5,925.00","Rs 1,185.00",BRD-UJN
T025834,05/10/23,F02488,FPO_DELIVERY,Soybean,25.16 q,"Rs 5,925.00","Rs 1,49,073.00",BRD-UJN
T025835,15/06/23,f02488,Input Purchase,Urea,57 kg,Rs 32.15,"Rs 1,832.55",BRD-UJN
T025836,30/06/23,F02488,Input Purchase,PP chemicals,219 kg,Rs 379.00,"Rs 83,001.00",BRD-UJN
T025837,13/06/23,F02488,Input Purchase,PP chemicals,73 kgs,Rs 476.62,"Rs 34,793.26",BRD-UJN
T025838,10/07/23,f02488,FERT_PURCHASE,FERTILIZER 50kg bag,168 kgs,Rs 52.20,"Rs 8,769.60",BRD-UJN
T025877,26/10/23,F02504,delivery,SOYABEAN,7.43 quintals,"Rs 5,750.00","Rs 42,722.50",BRD-UJN
T025878,13/11/23,f02504,delivery,SOYABEAN,11.31 quintals,"Rs 5,750.00","Rs 65,032.50",BRD-UJN
T025945,13/11/23,F02534,DELIVERY,Soybean (Yellow),4.59 quintals,"Rs 5,720.00",₹ N/A,BRD-UJN
T025946,01/11/23,f02534,FPO_DELIVERY,Soybean,744.00 kgs,"Rs 5,720.00","Rs 42,556.80",BRD-UJN
T025947,08/07/23,F02534,I,Urea,259 kgs,Rs 34.99,"Rs 9,062.41",BRD-UJN
T025948,12/07/23,F02534,INPUT_PURCHASE,Bio-pesticide,114 kgs,Rs 375.62,"Rs 42,820.68",BRD-UJN
T025949,16/06/23, F02534 ,Input Purchase,Fertilizer,213 kg,Rs 51.12,"Rs 10,888.56",BRD-UJN
T025950,27/06/23,F02534,I,Urea,71 kg,Rs 39.72,"Rs 2,820.12",BRD-UJN
T025961,05/11/23,F02538,DELIVERY,Soybean (Yellow),2.7 qtl,"Rs 5,795.00",₹ N/A,BRD-UJN
T025962,19/11/23,F02538,FPO_DELIVERY,Soybean,532.00 kgs,"Rs 5,795.00","Rs 30,829.40",BRD-UJN
T025963,12/06/23,F02538,input,PP chemicals,275 kg,Rs 477.61,"Rs 1,31,342.75",BRD-UJN
T025964,26/06/23,F02538,FERT_PURCHASE,Hybrid Seeds,314 kgs,Rs 71.24,"Rs 22,369.36",BRD-UJN
T025965,26/06/23,F02538,Input Purchase,PP chemicals,212 kgs,Rs 647.84,"Rs 1,37,342.08",BRD-UJN
T025966,20/11/23,F02539,FPO_DELIVERY,Soybean (Yellow),9.59 q,"Rs 5,785.00","Rs 55,478.15",BRD-UJN
T025967,13/11/23,F02539,DELIVERY,soya,"1,738.00 kgs","Rs 5,785.00","Rs 1,00,543.30",BRD-UJN
T025996,14/10/23,F02548,Delivery,Soybean (Yellow),0.11 t,"Rs 5,735.00","Rs 6,136.45",BRD-UJN
T025997,22/11/23,f02548,D,SOYABEAN,38 kg,"Rs 5,735.00","Rs 2,179.30",BRD-UJN
T025998,26/11/23,F02548,Delivery,SOYABEAN,65.00 kgs,"Rs 5,735.00","Rs 3,727.75",BRD-UJN
T025999,04/06/23,F02548,FERT_PURCHASE,Urea,212 kgs,Rs 40.52,"Rs 8,590.24",BRD-UJN
T026000,17/08/23,F02548,L,EMI,,,"Rs 6,700.00",BRD-UJN
T026061,14/11/23,f02567,D,Soybean (Yellow),2.35 t,"Rs 5,540.00","Rs 1,30,190.00",BRD-UJN
T026062,20/06/23,F02567,INPUT_PURCHASE,FERTILIZER 50kg bag,289 kgs,Rs 30.34,"Rs 8,768.26",BRD-UJN
T026063,19/10/23,F02568,D,SOYABEAN,1451 kg,"Rs 5,575.00","Rs 80,893.25",BRD-UJN
T026064,26/07/23,F02568,loan,Loan Repayment,,,"Rs 3,600.00",BRD-UJN
T026065,27/11/23,F02568,L,Loan Repayment,,,"Rs 1,000.00",BRD-UJN
T026066,23/06/23,F02568,L,EMI,,,"Rs 1,800.00",BRD-UJN
T026067,15/11/23,F02569,delivery,SOYABEAN,"1,854.00 kgs","Rs 5,930.00","Rs 1,09,942.20",BRD-UJN
T026068,11/11/23,F02569,Delivery,SOYABEAN,5.5 qtl,"Rs 5,930.00","Rs 32,852.20",BRD-UJN
T026069,29/06/23,F02569,FERT_PURCHASE,SEEDS,144 kgs,Rs 122.17,"Rs 17,592.48",BRD-UJN
T026070,15/06/23,F02569,Input Purchase,PPC,180 kg,Rs 474.78,"Rs 85,460.40",BRD-UJN
T026071,18/06/23,F02569,INPUT_PURCHASE,Urea,79 kg,Rs 31.46,"Rs 2,485.34",BRD-UJN
T026076,21/10/23,F02571,DELIVERY,Soybean,61.00 kgs,"Rs 6,110.00","Rs 3,727.10",BRD-UJN
T026077,15/11/23,F02571,D,Soybean (Yellow),0.26 quintals,"Rs 6,110.00","Rs 1,588.60",BRD-UJN
T026078,15/11/23,F02571,L,EMI,,,"Rs 4,100.00",BRD-UJN
T026079,30/08/23,F02571,Loan Repayment,Loan Repayment,,,"Rs 3,400.00",BRD-UJN
T026943,26/03/24,F01765,delivery,Lokwan Wheat,2.4 qtl,"Rs 2,580.00","Rs 6,063.00",BRD-UJN
T026944,15/04/24,f01765,delivery,Lokwan Wheat,72.7 qtl,"Rs 2,580.00","Rs 1,87,643.40",BRD-UJN
T026945,15/01/24,F01765,FERT_PURCHASE,Urea,271 kgs,Rs 38.11,"Rs 10,327.81",BRD-UJN
T026946,11/04/24,F01772,D,WHEAT,2772 kg,"Rs 2,785.00","Rs 77,200.20",BRD-UJN
T026947,18/03/24,f01772,Delivery,WHEAT,4.3 qtl,"Rs 2,785.00","Rs 12,086.90",BRD-UJN
T026948,05/01/24,F01772,L,EMI,,,"Rs 2,300.00",BRD-UJN
T026949,10/05/24,f01774,D,Wheat (Durum),"5,134.00 kgs","Rs 2,655.00","Rs 1,36,307.70",BRD-UJN
T026950,31/12/23,F01774,Input Purchase,PP chemicals,146 kgs,Rs 374.20,"Rs 54,633.20",BRD-UJN
T026951,07/01/24,F01774,INPUT_PURCHASE,DAP,113 kg,Rs 53.18,"Rs 6,009.34",BRD-UJN
T026952,25/03/24,F01779,delivery,WHEAT,"3,879.00 kgs","Rs 2,725.00","Rs 1,05,702.75",BRD-UJN
T026953,22/04/24,F01779,DELIVERY,WHEAT,368.00 kgs,"Rs 2,725.00","Rs 10,028.00",BRD-UJN
T026954,08/01/24,F01779,Input Purchase,Hybrid Seeds,33 kgs,Rs 66.58,"Rs 2,197.14",BRD-UJN
T026955,27/12/23, F01779 ,FERT_PURCHASE,PP chemicals,307 kg,Rs 452.67,"Rs 1,38,969.69",BRD-UJN
T026956,01/01/24,F01779,I,SEEDS,116 kgs,Rs 122.83,"Rs 14,248.28",BRD-UJN
T026957,03/03/24,F01781,DELIVERY,wheat,4.67 MT,"Rs 2,815.00","Rs 1,31,319.75",BRD-UJN
T026958,03/12/23,F01781,FERT_PURCHASE,Seeds,316 kg,Rs 59.42,"Rs 18,776.72",BRD-UJN
T026959,10/03/24,F01782,Delivery,wheat,29.7 qtl,"Rs 2,815.00","Rs 83,718.10",BRD-UJN
T026960,17/03/24,F01782,delivery,Wheat (Durum),5.75 MT,"Rs 2,815.00","Rs 1,61,918.80",BRD-UJN
T026961,09/01/24,F01782,Loan Repayment,Loan Repayment,,,"Rs 1,600.00",BRD-UJN
T026962,21/04/24,F01784,DELIVERY,Lokwan Wheat,33.37 quintals,"Rs 2,700.00","Rs 90,099.00",BRD-UJN
T026963,06/04/24,F01784,FPO_DELIVERY,chana,11.48 quintals,"Rs 6,615.00","Rs 75,940.20",BRD-UJN
T026964,17/12/23,F01784,input,NPK 10:26:26,59 kgs,Rs 52.53,"Rs 3,099.27",BRD-UJN
T026965,09/12/23,F01784,INPUT_PURCHASE,NPK 10:26:26,317 kgs,Rs 56.94,"Rs 18,049.98",BRD-UJN
T026966,15/01/24,F01784,input,PPC,224 kg,Rs 223.34,"Rs 50,028.16",BRD-UJN
T026967,21/03/24,F01786,D,Wheat (Durum),21.36 q,"Rs 2,715.00","Rs 57,992.40",BRD-UJN
T026968,30/04/24,F01787,DELIVERY,wheat,3932 kg,"Rs 2,765.00","Rs 1,08,719.80",BRD-UJN
T026969,07/05/24, F01787 ,D,WHEAT,909 kg,"Rs 2,765.00","Rs 25,133.85",BRD-UJN
T026970,07/01/24,f01787,I,Fertilizer,191 kgs,Rs 32.00,"Rs 6,112.00",BRD-UJN
T026971,10/05/24,f01788,FPO_DELIVERY,Wheat,11.30 t,"Rs 2,695.00","Rs 3,04,615.85",BRD-UJN
T026972,24/04/24,F01788,delivery,wheat,"1,283.00 kgs","Rs 2,695.00","Rs 34,576.85",BRD-UJN
T026973,20/12/23,F01788,FERT_PURCHASE,Hybrid Seeds,236 kg,Rs 120.55,"Rs 28,449.80",BRD-UJN
T026974,01/05/24,F01794,DELIVERY,Wheat,498 kg,"Rs 2,945.00","Rs 14,666.10",BRD-UJN
T026975,27/04/24,F01794,Delivery,Lokwan Wheat,11.35 quintals,"Rs 2,945.00","Rs 33,425.75",BRD-UJN
T026976,19/04/24,F01798,DELIVERY,Wheat (Durum),35.03 q,"Rs 2,920.00","Rs 1,02,287.60",BRD-UJN
T026977,21/04/24,F01798,delivery,Lokwan Wheat,6104 kg,"Rs 2,920.00","Rs 1,78,236.80",BRD-UJN
T026978,06/12/23,F01798,INPUT_PURCHASE,Hybrid Seeds,72 kgs,Rs 103.88,"Rs 7,479.36",BRD-UJN
T026979,01/12/23,F01798,FERT_PURCHASE,Hybrid Seeds,88 kg,Rs 100.82,"Rs 8,872.16",BRD-UJN
T026980,21/03/24,F01803,DELIVERY,WHEAT,91.3 qtl,"Rs 2,885.00","Rs 2,63,285.10",BRD-UJN
T026981,07/01/24,F01803,Input Purchase,FERTILIZER 50kg bag,141 kgs,Rs 41.41,"Rs 5,838.81",BRD-UJN
T026982,28/03/24,F01805,delivery,Lokwan Wheat,37.38 q,"Rs 2,600.00","Rs 97,188.00",BRD-UJN
T026983,24/12/23,F01805,INPUT_PURCHASE,Fertilizer,227 kg,Rs 39.21,"Rs 8,900.67",BRD-UJN
T026984,23/12/23,F01805,FERT_PURCHASE,NPK 10:26:26,207 kgs,Rs 56.30,"Rs 11,654.10",BRD-UJN
T026985,13/12/23,F01805,input,FERTILIZER 50kg bag,193 kgs,Rs 57.55,"Rs 11,107.15",BRD-UJN
T026986,09/01/24,F01805,I,PPC,175 kgs,Rs 529.21,"Rs 92,611.75",BRD-UJN
T026987,06/05/24,F01805,Loan Repayment,EMI,,,"Rs 4,000.00",BRD-UJN
T026988,16/04/24,F01805,LOAN_REPAY,Loan Repayment,,,"Rs 2,600.00",BRD-UJN
T026989,09/03/24,F01806,FPO_DELIVERY,wheat,40.98 quintals,"Rs 2,725.00","Rs 1,11,670.50",BRD-UJN
T026990,31/12/23,F01806,input,DAP,108 kg,Rs 28.06,"Rs 3,030.48",BRD-UJN
T026991,29/02/24,F01809,D,Wheat (Durum),2.25 quintals,"Rs 2,615.00","Rs 5,883.75",BRD-UJN
T026992,16/03/24,F01809,Delivery,Lokwan Wheat,69.45 q,"Rs 2,615.00","Rs 1,81,611.75",BRD-UJN
T026993,17/12/23,f01809,FERT_PURCHASE,Seeds,220 kgs,Rs 83.17,"Rs 18,297.40",BRD-UJN
T026994,29/12/23,F01809,INPUT_PURCHASE,SEEDS,106 kg,Rs 71.41,"Rs 7,569.46",BRD-UJN
T026995,18/12/23,f01809,input,PP chemicals,270 kg,Rs 541.85,"Rs 1,46,299.50",BRD-UJN
T026996,09/03/24,F01815,delivery,wheat,6.98 quintals,"Rs 2,810.00","Rs 19,613.80",BRD-UJN
T026997,04/03/24,F01815,Delivery,wheat,1.22 t,"Rs 2,810.00","Rs 34,141.50",BRD-UJN
T026998,15/04/24,F01815,delivery,Wheat (Durum),1.43 q,"Rs 2,810.00","Rs 4,018.30",BRD-UJN
T026999,22/03/24,f01815,D,chana,689.00 kgs,"Rs 6,645.00","Rs 45,784.05",BRD-UJN
T027000,26/12/23,F01815,I,Bio-pesticide,188 kg,Rs 283.75,"Rs 53,345.00",BRD-UJN
T027001,13/01/24,F01815,input,FERTILIZER 50kg bag,213 kgs,Rs 57.42,"Rs 12,230.46",BRD-UJN
T027002,24/03/24,F01815,Loan Repayment,EMI,,,"Rs 2,100.00",BRD-UJN
T027003,08/05/24,F01817,delivery,WHEAT,16.5 qtl,"Rs 2,700.00","Rs 44,442.00",BRD-UJN
T027004,05/04/24,f01817,Delivery,chana,229.00 kgs,"Rs 7,490.00","Rs 17,152.10",BRD-UJN
T027005,02/04/24,F01817,delivery,Bengal Gram,376 kg,"Rs 7,490.00","Rs 28,162.40",BRD-UJN
T027006,13/01/24,F01817,input,Seeds,79 kgs,Rs 59.51,"Rs 4,701.29",BRD-UJN
T027007,19/12/23,F01817,INPUT_PURCHASE,FERTILIZER 50kg bag,276 kgs,Rs 45.97,"Rs 12,687.72",BRD-UJN
T027008,08/01/24,F01817,input,NPK 10:26:26,256 kg,Rs 57.73,"Rs 14,778.88",BRD-UJN
T027009,23/03/24,F01817,Loan Repayment,Loan Repayment,,,"Rs 2,100.00",BRD-UJN
T027010,07/12/23,F01817,loan,Loan Repayment,,,"Rs 4,400.00",BRD-UJN
T027011,01/04/24,F01817,loan,Loan Repayment,,,"Rs 4,800.00",BRD-UJN
T027012,25/04/24,f01818,DELIVERY,Lokwan Wheat,"4,660.00 kgs","Rs 2,825.00","Rs 1,31,645.00",BRD-UJN
T027013,03/03/24,F01818,delivery,Bengal Gram,21.64 q,"Rs 6,690.00","Rs 1,44,771.60",BRD-UJN
T027014,30/12/23,F01818,Input Purchase,Seeds,276 kg,Rs 100.54,"Rs 27,749.04",BRD-UJN
T027015,01/05/24,F01823,Delivery,wheat,776.00 kgs,"Rs 2,755.00","Rs 21,378.80",BRD-UJN
T027016,04/04/24,F01823,D,Wheat (Durum),0.82 t,"Rs 2,755.00","Rs 22,453.25",BRD-UJN
T027017,24/03/24,F01823,FPO_DELIVERY,Bengal Gram,431.00 kgs,"Rs 7,220.00","Rs 31,118.20",BRD-UJN
T027018,24/04/24,F01823,FPO_DELIVERY,Gram,94 kg,"Rs 7,220.00","Rs 6,786.80",BRD-UJN
T027019,22/12/23,F01823,INPUT_PURCHASE,NPK 10:26:26,114 kg,Rs 37.79,"Rs 4,308.06",BRD-UJN
T027020,28/12/23,F01823,INPUT_PURCHASE,Seeds,91 kgs,Rs 107.28,"Rs 9,762.48",BRD-UJN
T027021,05/01/24,F01823,FERT_PURCHASE,Fertilizer,151 kg,Rs 53.51,"Rs 8,080.01",BRD-UJN
T027022,21/03/24,F01825,DELIVERY,Wheat (Durum),77.89 quintals,"Rs 2,685.00","Rs 2,09,134.65",BRD-UJN
T027023,09/01/24,F01825,I,SEEDS,120 kgs,Rs 62.99,"Rs 7,558.80",BRD-UJN
T027024,03/12/23,F01825,Input Purchase,DAP,315 kgs,Rs 58.91,"Rs 18,556.65",BRD-UJN
T027025,21/03/24,F01825,Loan Repayment,Loan Repayment,,,"Rs 4,000.00",BRD-UJN
T027026,19/02/24, F01825 ,Loan Repayment,Loan Repayment,,,"Rs 6,200.00",BRD-UJN
T027027,31/12/23,F01825,L,Loan Repayment,,,"Rs 7,400.00",BRD-UJN
T027028,11/04/24,F01825,loan,Loan Repayment,,,"Rs 6,300.00",BRD-UJN
T027029,02/05/24,F01829,Delivery,Wheat,"4,325.00 kgs","Rs 2,760.00","Rs 1,19,370.00",BRD-UJN
T027030,05/03/24,F01829,DELIVERY,WHEAT,10.78 q,"Rs 2,760.00","Rs 29,752.80",BRD-UJN
T027031,24/04/24,F01831,FPO_DELIVERY,Lokwan Wheat,"3,875.00 kgs","Rs 2,685.00","Rs 1,04,043.75",BRD-UJN
T027032,09/04/24, F01831 ,delivery,Lokwan Wheat,"1,478.00 kgs","Rs 2,685.00","Rs 39,684.30",BRD-UJN
T027033,21/12/23,F01831,INPUT_PURCHASE,Hybrid Seeds,204 kgs,Rs 60.09,"Rs 12,258.36",BRD-UJN
T027034,07/12/23,F01831,I,DAP,49 kg,Rs 28.56,"Rs 1,399.44",BRD-UJN
T027035,23/04/24, F01833 ,D,Lokwan Wheat,"1,175.00 kgs","Rs 2,880.00","Rs 33,840.00",BRD-UJN
T027036,18/04/24,F01833,delivery,Wheat,"1,887.00 kgs","Rs 2,880.00","Rs 54,345.60",BRD-UJN
T027037,01/05/24,F01833,D,chana,11.70 quintals,"Rs 7,605.00","Rs 88,978.50",BRD-UJN
T027038,11/01/24,F01833,FERT_PURCHASE,DAP,193 kgs,Rs 39.67,"Rs 7,656.31",BRD-UJN
T027039,14/01/24,F01833,input,Fertilizer,111 kgs,Rs 59.28,"Rs 6,580.08",BRD-UJN
T027040,23/04/24,F01837,D,WHEAT,18.6 qtl,"Rs 2,770.00","Rs 51,411.20",BRD-UJN
T027041,02/04/24,f01837,Delivery,Wheat (Durum),2.41 q,"Rs 2,770.00","Rs 6,675.70",BRD-UJN
T027042,02/01/24, F01837 ,INPUT_PURCHASE,Urea,292 kgs,Rs 43.91,"Rs 12,821.72",BRD-UJN
T027043,22/12/23,F01837,Input Purchase,DAP,303 kg,Rs 50.28,"Rs 15,234.84",BRD-UJN
T027044,17/03/24,F01838,DELIVERY,wheat,48.11 q,"Rs 2,690.00","Rs 1,29,415.90",BRD-UJN
T027045,05/05/24,F01838,delivery,WHEAT,14.65 q,"Rs 2,690.00","Rs 39,408.50",BRD-UJN
T027046,22/03/24,F01838,D,wheat,1430 kg,"Rs 2,690.00","Rs 38,467.00",BRD-UJN
T027047,15/12/23,F01838,I,Fertilizer,211 kgs,Rs 37.45,"Rs 7,901.95",BRD-UJN
T027048,06/01/24,F01838,FERT_PURCHASE,DAP,52 kgs,Rs 30.53,"Rs 1,587.56",BRD-UJN
T027049,15/01/24, F01838 ,INPUT_PURCHASE,PPC,94 kg,Rs 285.02,"Rs 26,791.88",BRD-UJN
T027050,11/03/24,F01839,delivery,Wheat (Durum),25.67 quintals,"Rs 2,765.00","Rs 70,977.55",BRD-UJN
T027051,08/03/24,f01839,delivery,wheat,7.9 qtl,"Rs 2,765.00","Rs 21,954.10",BRD-UJN
T027052,08/01/24,F01839,INPUT_PURCHASE,Seeds,74 kgs,Rs 99.05,"Rs 7,329.70",BRD-UJN
T027053,15/01/24,F01839,FERT_PURCHASE,SEEDS,104 kg,Rs 76.16,"Rs 7,920.64",BRD-UJN
T027054,26/12/23,F01839,I,Urea,265 kg,Rs 42.65,"Rs 11,302.25",BRD-UJN
T027055,24/12/23,F01839,INPUT_PURCHASE,Hybrid Seeds,177 kgs,Rs 117.35,"Rs 20,770.95",BRD-UJN
T027056,07/01/24,f01839,INPUT_PURCHASE,PPC,41 kg,Rs 199.57,"Rs 8,182.37",BRD-UJN
T027057,11/05/24,F01842,DELIVERY,Lokwan Wheat,10.49 q,"Rs 2,555.00","Rs 26,801.95",BRD-UJN
T027058,08/04/24,F01842,D,WHEAT,"2,621.00 kgs","Rs 2,555.00","Rs 66,966.55",BRD-UJN
T027059,27/12/23,F01842,input,Hybrid Seeds,265 kgs,Rs 46.17,"Rs 12,235.05",BRD-UJN
T027060,22/12/23,F01842,Input Purchase,Seeds,199 kgs,Rs 82.27,"Rs 16,371.73",BRD-UJN
T027061,19/12/23,F01842,INPUT_PURCHASE,Bio-pesticide,58 kg,Rs 494.67,"Rs 28,690.86",BRD-UJN
T027062,28/04/24,F01843,FPO_DELIVERY,Wheat (Durum),5.8 qtl,"Rs 2,800.00","Rs 16,184.00",BRD-UJN
T027063,24/03/24,F01843,D,wheat,94.00 kgs,"Rs 2,800.00","Rs 2,632.00",BRD-UJN
T027064,05/04/24,F01848,delivery,wheat,"5,453.00 kgs","Rs 2,745.00","Rs 1,49,684.85",BRD-UJN
T027065,23/12/23,F01848,input,Seeds,253 kgs,Rs 98.35,"Rs 24,882.55",BRD-UJN
T027066,20/03/24,f01849,D,WHEAT,30.1 qtl,"Rs 2,805.00","Rs 84,514.65",BRD-UJN
T027067,08/03/24,F01849,DELIVERY,Wheat,7.02 q,"Rs 2,805.00","Rs 19,691.10",BRD-UJN
T027068,10/03/24,F01849,Delivery,Gram,621.00 kgs,"Rs 6,510.00","Rs 40,427.10",BRD-UJN
T027069,13/05/24,F01849,delivery,chana,9.67 quintals,"Rs 6,510.00","Rs 62,951.70",BRD-UJN
T027070,04/01/24,f01849,FERT_PURCHASE,Fertilizer,52 kg,Rs 34.29,"Rs 1,783.08",BRD-UJN
T027071,03/12/23,F01849,Input Purchase,NPK 10:26:26,97 kg,Rs 32.31,"Rs 3,134.07",BRD-UJN
T027072,18/03/24,f01851,delivery,wheat,"7,328.00 kgs","Rs 2,630.00","Rs 1,92,726.40",BRD-UJN
T027073,16/03/24, F01851 ,D,GRAM (Chana),"2,438.00 kgs","Rs 6,735.00","Rs 1,64,199.30",BRD-UJN
T027074,06/12/23,F01851,INPUT_PURCHASE,PPC,295 kgs,Rs 607.81,"Rs 1,79,303.95",BRD-UJN
T027075,11/12/23,F01851,Input Purchase,NPK 10:26:26,41 kg,Rs 55.13,"Rs 2,260.33",BRD-UJN
T027076,01/05/24,F01852,DELIVERY,wheat,68.06 q,"Rs 2,775.00","Rs 1,88,866.50",BRD-UJN
T027077,14/04/24,F01852,Delivery,wheat,8105 kg,"Rs 2,775.00","Rs 2,24,913.75",BRD-UJN
T027078,18/03/24,F01852,DELIVERY,Bengal Gram,"1,003.00 kgs","Rs 7,285.00","Rs 73,068.55",BRD-UJN
T027079,19/04/24,F01852,DELIVERY,GRAM (Chana),45.15 quintals,"Rs 7,285.00","Rs 3,28,917.75",BRD-UJN
T027080,23/12/23,F01852,input,NPK 10:26:26,288 kg,Rs 52.13,"Rs 15,013.44",BRD-UJN
T027081,08/01/24,F01852,I,Seeds,207 kg,Rs 103.70,"Rs 21,465.90",BRD-UJN
T027082,13/12/23,f01852,input,DAP,295 kgs,Rs 40.95,"Rs 12,080.25",BRD-UJN
T027083,07/12/23,F01852,FERT_PURCHASE,DAP,153 kg,Rs 55.00,"Rs 8,415.00",BRD-UJN
T027084,23/04/24,F01859,delivery,Lokwan Wheat,1415 kg,"Rs 2,520.00","Rs 35,658.00",BRD-UJN
T027085,07/03/24,f01859,delivery,wheat,2241 kg,"Rs 2,520.00","Rs 56,473.20",BRD-UJN
T027086,03/04/24,F01859,Delivery,Bengal Gram,1084 kg,"Rs 7,000.00","Rs 75,880.00",BRD-UJN
T027087,07/04/24,F01859,delivery,chana,325.00 kgs,"Rs 7,000.00","Rs 22,750.00",BRD-UJN
T027088,08/12/23,F01859,Input Purchase,FERTILIZER 50kg bag,160 kg,Rs 52.02,"Rs 8,323.20",BRD-UJN
T027089,24/12/23,F01859,input,FERTILIZER 50kg bag,260 kgs,Rs 28.25,"Rs 7,345.00",BRD-UJN
T027090,10/03/24,F01865,delivery,wheat,40.16 quintals,"Rs 2,625.00","Rs 1,05,420.00",BRD-UJN
T027091,20/12/23,F01865,FERT_PURCHASE,PP chemicals,56 kg,Rs 339.70,"Rs 19,023.20",BRD-UJN
T027092,12/04/24,F01866,delivery,Lokwan Wheat,14.17 quintals,"Rs 2,690.00","Rs 38,117.30",BRD-UJN
T027093,21/04/24,F01866,DELIVERY,Wheat,9.34 q,"Rs 2,690.00","Rs 25,124.60",BRD-UJN
T027094,09/04/24,F01866,Delivery,Gram,861 kg,"Rs 6,750.00","Rs 58,117.50",BRD-UJN
T027095,08/12/23,F01866,FERT_PURCHASE,FERTILIZER 50kg bag,72 kgs,Rs 59.36,"Rs 4,273.92",BRD-UJN
T027096,23/04/24,F01867,FPO_DELIVERY,WHEAT,586.00 kgs,"Rs 2,800.00","Rs 16,408.00",BRD-UJN
T027097,13/04/24,F01867,FPO_DELIVERY,Wheat (Durum),5.37 q,"Rs 2,800.00","Rs 15,036.00",BRD-UJN
T027098,18/03/24,F01867,Delivery,WHEAT,870.00 kgs,"Rs 2,800.00","Rs 24,360.00",BRD-UJN
T027099,09/01/24,F01867,input,Urea,36 kgs,Rs 53.70,"Rs 1,933.20",BRD-UJN
T027100,11/03/24,F01873,D,Wheat (Durum),6.34 quintals,"Rs 2,790.00","Rs 17,688.60",BRD-UJN
T027101,28/04/24,F01873,delivery,Wheat (Durum),0.70 t,"Rs 2,790.00","Rs 19,474.20",BRD-UJN
T027102,28/12/23,F01873,input,DAP,64 kgs,Rs 39.03,"Rs 2,497.92",BRD-UJN
T027103,08/01/24,F01873,LOAN_REPAY,EMI,,,"Rs 7,000.00",BRD-UJN
T027104,23/01/24,f01873,L,Loan Repayment,,,"Rs 6,500.00",BRD-UJN
T027105,03/03/24,F01875,DELIVERY,Wheat (Durum),3.81 quintals,"Rs 2,585.00","Rs 9,848.85",BRD-UJN
T027106,12/05/24,F01875,delivery,Lokwan Wheat,47.18 quintals,"Rs 2,585.00","Rs 1,21,960.30",BRD-UJN
T027107,07/12/23,F01875,INPUT_PURCHASE,SEEDS,44 kgs,Rs 68.90,"Rs 3,031.60",BRD-UJN
T027108,14/12/23,F01875,loan,EMI,,,"Rs 1,500.00",BRD-UJN
T027109,27/05/24,F01875,LOAN_REPAY,Loan Repayment,,,"Rs 6,100.00",BRD-UJN
T027110,02/04/24,F01876,D,Wheat,25.4 qtl,"Rs 2,575.00","Rs 65,405.00",BRD-UJN
T027111,25/03/24,F01876,Delivery,wheat,18.05 quintals,"Rs 2,575.00","Rs 46,478.75",BRD-UJN
T027112,07/01/24,f01876,Input Purchase,NPK 10:26:26,231 kg,Rs 41.15,"Rs 9,505.65",BRD-UJN
T027113,23/04/24,f01878,delivery,Wheat (Durum),21.67 quintals,"Rs 2,805.00","Rs 60,784.35",BRD-UJN
T027114,05/04/24,f01878,DELIVERY,WHEAT,5.3 qtl,"Rs 2,805.00","Rs 14,978.70",BRD-UJN
T027115,22/04/24,F01878,delivery,Lokwan Wheat,0.23 t,"Rs 2,805.00","Rs 6,535.65",BRD-UJN
T027116,12/04/24,F01880,Delivery,Wheat,2.27 MT,"Rs 2,580.00","Rs 58,643.40",BRD-UJN
T027117,15/04/24,F01880,delivery,Wheat,44.4 qtl,"Rs 2,580.00","Rs 1,14,526.20",BRD-UJN
T027118,06/05/24,F01881,DELIVERY,WHEAT,168 kg,"Rs 2,665.00","Rs 4,477.20",BRD-UJN
T027119,15/04/24,F01881,FPO_DELIVERY,wheat,3590 kg,"Rs 2,665.00","Rs 95,673.50",BRD-UJN
T027120,04/12/23,F01881,INPUT_PURCHASE,NPK 10:26:26,189 kgs,Rs 47.28,"Rs 8,935.92",BRD-UJN
T027121,13/04/24,F01886,DELIVERY,Wheat,10713 kg,"Rs 2,595.00","Rs 2,78,002.35",BRD-UJN
T027122,25/04/24,F01886,loan,EMI,,,"Rs 1,100.00",BRD-UJN
T027123,27/04/24,F01890,delivery,WHEAT,1776 kg,"Rs 2,650.00","Rs 47,064.00",BRD-UJN
T027124,06/05/24,F01890,Delivery,Wheat (Durum),11.68 quintals,"Rs 2,650.00","Rs 30,952.00",BRD-UJN
T027125,26/04/24,F01890,D,Wheat,1.70 quintals,"Rs 2,650.00","Rs 4,505.00",BRD-UJN
T027126,22/12/23,F01890,Input Purchase,FERTILIZER 50kg bag,49 kgs,Rs 40.77,"Rs 1,997.73",BRD-UJN
T027127,10/12/23,F01890,I,Fertilizer,142 kg,Rs 56.26,"Rs 7,988.92",BRD-UJN
T027128,13/05/24,F01893,FPO_DELIVERY,WHEAT,145 kg,"Rs 2,660.00","Rs 3,857.00",BRD-UJN
T027129,04/03/24,f01893,delivery,WHEAT,1266 kg,"Rs 2,660.00","Rs 33,675.60",BRD-UJN
T027130,03/03/24,f01893,delivery,Wheat (Durum),292 kg,"Rs 2,660.00","Rs 7,767.20",BRD-UJN
T027131,12/03/24, F01893 ,delivery,Gram,4.55 quintals,"Rs 6,370.00","Rs 28,983.50",BRD-UJN
T027132,24/04/24,f01893,D,chana,66.00 kgs,"Rs 6,370.00","Rs 4,204.20",BRD-UJN
T027133,31/03/24,F01893,delivery,Gram,146.00 kgs,"Rs 6,370.00","Rs 9,300.20",BRD-UJN
T027134,01/01/24,F01893,INPUT_PURCHASE,Hybrid Seeds,266 kgs,Rs 47.27,"Rs 12,573.82",BRD-UJN
T027135,21/03/24,F01899,FPO_DELIVERY,Lokwan Wheat,92.0 qtl,"Rs 2,760.00","Rs 2,53,920.00",BRD-UJN
T027136,29/02/24, F01899 ,DELIVERY,Wheat (Durum),25.97 quintals,"Rs 2,760.00","Rs 71,677.20",BRD-UJN
T027137,17/04/24,f01899,delivery,GRAM (Chana),40.09 q,"Rs 6,540.00","Rs 2,62,188.60",BRD-UJN
T027138,17/12/23,F01899,INPUT_PURCHASE,NPK 10:26:26,282 kgs,Rs 48.18,"Rs 13,586.76",BRD-UJN
T027139,03/12/23,f01899,FERT_PURCHASE,Fertilizer,171 kgs,Rs 38.95,"Rs 6,660.45",BRD-UJN
T027140,21/03/24,F01903,Delivery,Wheat (Durum),15.9 qtl,"Rs 2,775.00","Rs 44,011.50",BRD-UJN
T027141,19/03/24,f01903,D,WHEAT,544.00 kgs,"Rs 2,775.00","Rs 15,096.00",BRD-UJN
T027142,16/04/24,F01903,DELIVERY,Lokwan Wheat,506 kg,"Rs 2,775.00","Rs 14,041.50",BRD-UJN
T027143,15/04/24,F01903,FPO_DELIVERY,chana,0.4 qtl,"Rs 6,520.00","Rs 2,412.40",BRD-UJN
T027144,06/05/24,F01903,D,GRAM (Chana),0.92 MT,"Rs 6,520.00","Rs 60,244.80",BRD-UJN
T027145,04/12/23, F01903 ,FERT_PURCHASE,FERTILIZER 50kg bag,76 kgs,Rs 50.73,"Rs 3,855.48",BRD-UJN
T027146,20/12/23,F01903,input,DAP,128 kg,Rs 37.16,"Rs 4,756.48",BRD-UJN
T027147,26/05/24,F01903,Loan Repayment,Loan Repayment,,,"Rs 7,500.00",BRD-UJN
T027148,17/02/24,F01903,LOAN_REPAY,EMI,,,"Rs 4,000.00",BRD-UJN
T027149,22/04/24,F01905,delivery,wheat,2838 kg,"Rs 2,625.00","Rs 74,497.50",BRD-UJN
T027150,22/12/23,F01905,FERT_PURCHASE,DAP,64 kgs,Rs 54.53,"Rs 3,489.92",BRD-UJN
T027151,11/05/24,f01907,D,Wheat,45.0 qtl,"Rs 2,815.00","Rs 1,26,675.00",BRD-UJN
T027152,04/05/24,f01907,FPO_DELIVERY,WHEAT,741.00 kgs,"Rs 2,815.00","Rs 20,859.15",BRD-UJN
T027153,20/03/24,F01907,D,chana,16.0 qtl,"Rs 6,780.00","Rs 1,08,751.20",BRD-UJN
T027154,18/04/24, F01907 ,DELIVERY,chana,54 kg,"Rs 6,780.00","Rs 3,661.20",BRD-UJN
T027155,15/01/24,F01907,I,NPK 10:26:26,226 kg,Rs 58.23,"Rs 13,159.98",BRD-UJN
T027156,13/05/24,F01909,Delivery,Lokwan Wheat,"1,357.00 kgs","Rs 2,515.00","Rs 34,128.55",BRD-UJN
T027157,02/05/24,F01909,FPO_DELIVERY,Lokwan Wheat,65.75 quintals,"Rs 2,515.00","Rs 1,65,361.25",BRD-UJN
T027158,10/01/24,F01909,FERT_PURCHASE,Urea,287 kg,Rs 49.35,"Rs 14,163.45",BRD-UJN
T027159,26/12/23,F01909,input,Fertilizer,207 kgs,Rs 35.33,"Rs 7,313.31",BRD-UJN
T027570,28/03/24,f02242,D,Wheat (Durum),48.42 quintals,"Rs 2,775.00","Rs 1,34,365.50",BRD-UJN
T027571,23/03/24,F02242,delivery,Lokwan Wheat,279 kg,"Rs 2,775.00","Rs 7,742.25",BRD-UJN
T027572,30/12/23,F02242,Input Purchase,Hybrid Seeds,112 kgs,Rs 108.75,"Rs 12,180.00",BRD-UJN
T027573,05/12/23,F02242,I,Seeds,310 kg,Rs 103.83,"Rs 32,187.30",BRD-UJN
T027624,04/05/24,F02274,D,Lokwan Wheat,1529 kg,"Rs 2,740.00","Rs 41,894.60",BRD-UJN
T027625,05/12/23,F02274,input,PPC,280 kg,Rs 458.23,"Rs 1,28,304.40",BRD-UJN
T027626,22/12/23,F02274,FERT_PURCHASE,Fertilizer,111 kg,Rs 50.03,"Rs 5,553.33",BRD-UJN
T027627,14/12/23,F02274,INPUT_PURCHASE,Urea,253 kg,Rs 32.81,"Rs 8,300.93",BRD-UJN
T027684,06/03/24,F02304,D,WHEAT,6909 kg,"Rs 2,680.00","Rs 1,85,161.20",BRD-UJN
T027685,05/12/23,F02304,INPUT_PURCHASE,Urea,297 kgs,Rs 52.14,"Rs 15,485.58",BRD-UJN
T027686,28/03/24,F02304,loan,EMI,,,"Rs 4,000.00",BRD-UJN
T027702,13/03/24,F02310,D,Wheat,18.7 qtl,"Rs 2,485.00","Rs 46,394.95",BRD-UJN
T027703,15/03/24,F02310,Delivery,Wheat,"3,570.00 kgs","Rs 2,485.00","Rs 88,714.50",BRD-UJN
T027704,13/12/23,F02310,INPUT_PURCHASE,SEEDS,177 kgs,Rs 50.19,"Rs 8,883.63",BRD-UJN
T027705,22/04/24,F02313,delivery,WHEAT,31.43 quintals,"Rs 2,790.00","Rs 87,689.70",BRD-UJN
T027706,17/01/24,F02313,L,EMI,,,"Rs 6,600.00",BRD-UJN
T027714,02/05/24,F02325,D,wheat,11.30 q,"Rs 2,665.00","Rs 30,114.50",BRD-UJN
T027715,10/03/24,F02325,delivery,WHEAT,2208 kg,"Rs 2,665.00","Rs 58,843.20",BRD-UJN
T027716,09/05/24,F02325,D,wheat,273.00 kgs,"Rs 2,665.00","Rs 7,275.45",BRD-UJN
T027717,08/12/23,F02325,FERT_PURCHASE,Urea,187 kgs,Rs 30.88,"Rs 5,774.56",BRD-UJN
T027725,06/03/24,F02338,delivery,Wheat,"1,967.00 kgs","Rs 2,775.00","Rs 54,584.25",BRD-UJN
T027726,11/04/24,F02338,delivery,wheat,3481 kg,"Rs 2,775.00","Rs 96,597.75",BRD-UJN
T027727,16/12/23,F02338,input,Seeds,68 kgs,Rs 96.38,"Rs 6,553.84",BRD-UJN
T027728,07/12/23,F02338,FERT_PURCHASE,FERTILIZER 50kg bag,314 kgs,Rs 49.91,"Rs 15,671.74",BRD-UJN
T027729,20/12/23,F02338,input,Fertilizer,133 kgs,Rs 58.83,"Rs 7,824.39",BRD-UJN
T027734,04/03/24,f02340,Delivery,wheat,25.68 quintals,"Rs 2,735.00","Rs 70,234.80",BRD-UJN
T027735,21/04/24,F02340,D,Lokwan Wheat,5822 kg,"Rs 2,735.00","Rs 1,59,231.70",BRD-UJN
T027736,28/12/23,F02340,input,Urea,248 kgs,Rs 58.38,"Rs 14,478.24",BRD-UJN
T027737,02/02/24, F02340 ,loan,Loan Repayment,,,"Rs 1,300.00",BRD-UJN
T027738,08/05/24,F02340,loan,Loan Repayment,,,"Rs 7,500.00",BRD-UJN
T027739,23/03/24,F02340,loan,EMI,,,"Rs 4,700.00",BRD-UJN
T027740,28/03/24,F02345,delivery,wheat,0.87 t,"Rs 2,730.00","Rs 23,860.20",BRD-UJN
T027741,01/05/24,F02345,D,Lokwan Wheat,819 kg,"Rs 2,730.00","Rs 22,358.70",BRD-UJN
T027752,18/03/24,F02366,D,Wheat,103.6 qtl,"Rs 2,680.00","Rs 2,77,701.60",BRD-UJN
T027753,04/03/24,f02366,D,Lokwan Wheat,13.38 quintals,"Rs 2,680.00","Rs 35,858.40",BRD-UJN
T027754,26/12/23,f02366,FERT_PURCHASE,PP chemicals,56 kgs,Rs 189.74,"Rs 10,625.44",BRD-UJN
T027755,01/12/23,f02366,input,DAP,92 kgs,Rs 32.24,"Rs 2,966.08",BRD-UJN
T027756,10/01/24,F02366,INPUT_PURCHASE,NPK 10:26:26,150 kgs,Rs 43.11,"Rs 6,466.50",BRD-UJN
T027899,04/03/24,F02466,delivery,Lokwan Wheat,4212 kg,"Rs 2,610.00","Rs 1,09,933.20",BRD-UJN
T027900,01/01/24,F02466,input,NPK 10:26:26,194 kgs,Rs 39.54,"Rs 7,670.76",BRD-UJN
T027901,01/05/24,F02468,FPO_DELIVERY,wheat,17.6 qtl,"Rs 2,790.00","Rs 48,992.40",BRD-UJN
T027902,08/03/24,F02468,Delivery,Lokwan Wheat,6.4 qtl,"Rs 2,790.00","Rs 17,772.30",BRD-UJN
T027919,12/04/24,F02473,FPO_DELIVERY,wheat,587.00 kgs,"Rs 2,510.00","Rs 14,733.70",BRD-UJN
T027920,21/03/24,F02473,D,Lokwan Wheat,76.00 kgs,"Rs 2,510.00","Rs 1,907.60",BRD-UJN
T027921,09/04/24,F02473,DELIVERY,Wheat (Durum),13.20 q,"Rs 2,510.00","Rs 33,132.00",BRD-UJN
T027922,23/12/23,f02473,FERT_PURCHASE,Urea,220 kgs,Rs 43.39,"Rs 9,545.80",BRD-UJN
T027923,10/12/23,F02473,INPUT_PURCHASE,Hybrid Seeds,261 kgs,Rs 91.40,"Rs 23,855.40",BRD-UJN
T027927,02/05/24,F02475,delivery,Wheat (Durum),600 kg,"Rs 2,630.00","Rs 15,780.00",BRD-UJN
T027928,20/03/24,F02475,Delivery,wheat,12.97 quintals,"Rs 2,630.00","Rs 34,111.10",BRD-UJN
T027929,13/01/24,F02475,Input Purchase,Seeds,53 kgs,Rs 92.81,"Rs 4,918.93",BRD-UJN
T027930,22/05/24,F02475,L,EMI,,,"Rs 4,000.00",BRD-UJN
T027940,15/04/24,F02481,D,Wheat,"3,384.00 kgs","Rs 2,775.00","Rs 93,906.00",BRD-UJN
T027941,11/04/24,F02481,delivery,Wheat,3.1 qtl,"Rs 2,775.00","Rs 8,602.50",BRD-UJN
T027942,17/12/23,f02481,FERT_PURCHASE,NPK 10:26:26,140 kgs,Rs 53.54,"Rs 7,495.60",BRD-UJN
T027943,07/12/23,F02481,input,Urea,29 kgs,Rs 59.01,"Rs 1,711.29",BRD-UJN
T027944,02/12/23,F02481,input,Hybrid Seeds,194 kgs,Rs 52.18,"Rs 10,122.92",BRD-UJN
T027945,13/12/23,F02481,I,NPK 10:26:26,60 kg,Rs 31.01,"Rs 1,860.60",BRD-UJN
T027946,17/05/24,F02481,LOAN_REPAY,Loan Repayment,,,"Rs 1,900.00",BRD-UJN
T027962,13/05/24,F02488,DELIVERY,Wheat (Durum),"4,813.00 kgs","Rs 2,830.00","Rs 1,36,207.90",BRD-UJN
T027963,01/03/24,F02488,FPO_DELIVERY,Lokwan Wheat,0.53 t,"Rs 2,830.00","Rs 14,970.70",BRD-UJN
T027964,01/12/23,F02488,Input Purchase,Urea,168 kg,Rs 44.26,"Rs 7,435.68",BRD-UJN
T027965,19/12/23,F02488,I,SEEDS,152 kgs,Rs 104.78,"Rs 15,926.56",BRD-UJN
T027966,01/01/24,F02488,input,Bio-pesticide,199 kgs,Rs 242.01,"Rs 48,159.99",BRD-UJN
T027997,24/04/24,F02504,DELIVERY,Wheat (Durum),"2,974.00 kgs","Rs 2,615.00","Rs 77,770.10",BRD-UJN
T027998,03/04/24,F02504,D,Lokwan Wheat,14.80 quintals,"Rs 2,615.00","Rs 38,702.00",BRD-UJN
T027999,12/12/23,F02504,input,SEEDS,83 kg,Rs 101.39,"Rs 8,415.37",BRD-UJN
T028000,01/12/23, F02504 ,I,SEEDS,188 kg,Rs 114.88,"Rs 21,597.44",BRD-UJN
T028001,06/12/23,f02504,INPUT_PURCHASE,Fertilizer,25 kg,Rs 31.05,Rs 776.25,BRD-UJN
T028068,29/03/24,F02534,D,Lokwan Wheat,18.28 quintals,"Rs 2,670.00","Rs 48,807.60",BRD-UJN
T028069,29/12/23,F02534,input,Bio-pesticide,42 kg,Rs 634.00,"Rs 26,628.00",BRD-UJN
T028070,16/04/24,f02539,FPO_DELIVERY,WHEAT,6613 kg,"Rs 2,725.00","Rs 1,80,204.25",BRD-UJN
T028071,31/12/23,F02539,INPUT_PURCHASE,PPC,202 kg,Rs 225.42,"Rs 45,534.84",BRD-UJN
T028133,01/04/24,f02568,DELIVERY,Lokwan Wheat,25.83 quintals,"Rs 2,660.00","Rs 68,707.80",BRD-UJN
T028134,09/12/23,F02568,input,SEEDS,309 kgs,Rs 48.26,"Rs 14,912.34",BRD-UJN
T028135,27/04/24,F02569,D,Wheat,42.60 quintals,"Rs 2,670.00","Rs 1,13,742.00",BRD-UJN
T028136,05/01/24,F02569,I,SEEDS,116 kg,Rs 87.39,"Rs 10,137.24",BRD-UJN
T028137,10/04/24,F02571,Delivery,WHEAT,0.16 t,"Rs 2,545.00","Rs 4,097.45",BRD-UJN
T028138,23/01/24,F02571,Loan Repayment,EMI,,,"Rs 3,800.00",BRD-UJN
T028231,08/05/24,F02598,D,Lokwan Wheat,"1,117.00 kgs","Rs 2,700.00","Rs 30,159.00",BRD-UJN
T028232,27/12/23,F02598,I,PP chemicals,314 kgs,Rs 216.57,"Rs 68,002.98",BRD-UJN
T028233,31/12/23,f02598,Input Purchase,Seeds,69 kgs,Rs 108.66,"Rs 7,497.54",BRD-UJN
T028234,08/12/23,F02598,input,DAP,114 kgs,Rs 46.33,"Rs 5,281.62",BRD-UJN
T028235,03/01/24,F02598,I,SEEDS,203 kgs,Rs 84.79,"Rs 17,212.37",BRD-UJN
T029024,11/11/24,f01765,D,soya,30.4 qtl,"Rs 6,070.00","Rs 1,84,710.10",BRD-UJN
T029025,20/11/24,F01765,FPO_DELIVERY,soya,3.4 qtl,"Rs 6,070.00","Rs 20,455.90",BRD-UJN
T029026,15/07/24,F01765,input,Fertilizer,222 kgs,Rs 31.53,"Rs 6,999.66",BRD-UJN
T029027,13/10/24,F01772,DELIVERY,Soybean (Yellow),0.1 qtl,"Rs 6,220.00",Rs 684.20,BRD-UJN
T029028,23/11/24, F01772 ,Delivery,Soybean (Yellow),6.97 quintals,"Rs 6,220.00","Rs 43,353.40",BRD-UJN
T029029,09/10/24,F01772,FPO_DELIVERY,Soybean (Yellow),954.00 kgs,"Rs 6,220.00","Rs 59,338.80",BRD-UJN
T029030,10/09/24,F01772,LOAN_REPAY,EMI,,,"Rs 6,600.00",BRD-UJN
T029031,03/11/24,F01774,FPO_DELIVERY,Soybean,21.7 qtl,"Rs 6,245.00","Rs 1,35,266.70",BRD-UJN
T029032,29/11/24,F01774,FPO_DELIVERY,SOYABEAN,0.94 quintals,"Rs 6,245.00","Rs 5,870.30",BRD-UJN
T029033,01/11/24,F01774,FPO_DELIVERY,Soybean (Yellow),0.80 q,"Rs 6,245.00","Rs 4,996.00",BRD-UJN
T029034,14/07/24,F01774,Input Purchase,NPK 10:26:26,209 kgs,Rs 41.97,"Rs 8,771.73",BRD-UJN
T029035,13/07/24,F01774,Input Purchase,PP chemicals,247 kg,Rs 599.91,"Rs 1,48,177.77",BRD-UJN
T029036,18/10/24,F01779,delivery,Soybean,12.34 q,"Rs 6,005.00","Rs 74,101.70",BRD-UJN
T029037,23/11/24,F01779,D,soya,814 kg,"Rs 6,005.00","Rs 48,880.70",BRD-UJN
T029038,11/07/24,F01779,input,DAP,83 kgs,Rs 41.39,"Rs 3,435.37",BRD-UJN
T029039,03/07/24,F01779,input,Urea,42 kg,Rs 37.37,"Rs 1,569.54",BRD-UJN
T029040,05/07/24,F01779,FERT_PURCHASE,Seeds,266 kg,Rs 75.87,"Rs 20,181.42",BRD-UJN
T029041,05/10/24,F01781,delivery,SOYABEAN,20.1 qtl,"Rs 6,145.00","Rs 1,23,637.40",BRD-UJN
T029042,21/10/24,F01782,delivery,soya,14.39 quintals,"Rs 6,175.00","Rs 88,858.25",BRD-UJN
T029043,22/11/24,F01782,delivery,Soybean,"2,558.00 kgs","Rs 6,175.00","Rs 1,57,956.50",BRD-UJN
T029044,02/06/24,F01782,I,FERTILIZER 50kg bag,36 kg,Rs 32.15,"Rs 1,157.40",BRD-UJN
T029045,21/06/24, F01782 ,INPUT_PURCHASE,FERTILIZER 50kg bag,170 kgs,Rs 28.28,"Rs 4,807.60",BRD-UJN
T029046,11/09/24,F01782,Loan Repayment,EMI,,,"Rs 2,200.00",BRD-UJN
T029047,23/07/24,F01782,L,Loan Repayment,,,"Rs 4,600.00",BRD-UJN
T029048,26/11/24,F01782,LOAN_REPAY,Loan Repayment,,,Rs 800.00,BRD-UJN
T029049,02/11/24,F01784,delivery,SOYABEAN,5.6 qtl,"Rs 6,065.00","Rs 33,721.40",BRD-UJN
T029050,13/10/24, F01784 ,FPO_DELIVERY,Soybean,496 kg,"Rs 6,065.00","Rs 30,082.40",BRD-UJN
T029051,02/11/24,F01784,FPO_DELIVERY,SOYABEAN,2.5 qtl,"Rs 6,065.00","Rs 15,344.45",BRD-UJN
T029052,22/06/24,F01784,input,SEEDS,176 kg,Rs 104.93,"Rs 18,467.68",BRD-UJN
T029053,07/06/24,F01784,Input Purchase,SEEDS,194 kg,Rs 118.87,"Rs 23,060.78",BRD-UJN
T029054,01/10/24, F01787 ,delivery,Soybean,22.4 qtl,"Rs 5,650.00","Rs 1,26,447.00",BRD-UJN
T029055,29/11/24, F01787 ,delivery,Soybean,387 kg,"Rs 5,650.00","Rs 21,865.50",BRD-UJN
T029056,23/06/24,F01787,FERT_PURCHASE,DAP,315 kg,Rs 37.79,"Rs 11,903.85",BRD-UJN
T029057,11/07/24,F01787,FERT_PURCHASE,Fertilizer,259 kg,Rs 54.09,"Rs 14,009.31",BRD-UJN
T029058,13/11/24,F01787,loan,EMI,,,"Rs 2,700.00",BRD-UJN
T029059,06/10/24,F01788,DELIVERY,SOYABEAN,2.93 q,"Rs 5,985.00","Rs 17,536.05",BRD-UJN
T029060,13/11/24,F01788,D,SOYABEAN,5.67 MT,"Rs 5,985.00","Rs 3,39,050.25",BRD-UJN
T029061,24/11/24,F01794,D,Soybean (Yellow),2.96 q,"Rs 5,985.00","Rs 17,715.60",BRD-UJN
T029062,13/07/24,f01794,INPUT_PURCHASE,DAP,298 kg,Rs 51.19,"Rs 15,254.62",BRD-UJN
T029063,18/06/24,F01794,input,SEEDS,317 kg,Rs 117.34,"Rs 37,196.78",BRD-UJN
T029064,27/11/24,F01798,DELIVERY,Soybean (Yellow),2012 kg,"Rs 6,260.00","Rs 1,25,951.20",BRD-UJN
T029065,08/06/24,F01798,I,SEEDS,204 kg,Rs 77.41,"Rs 15,791.64",BRD-UJN
T029066,15/07/24,F01798,I,SEEDS,78 kgs,Rs 126.16,"Rs 9,840.48",BRD-UJN
T029067,27/06/24,F01798,FERT_PURCHASE,NPK 10:26:26,231 kg,Rs 46.12,"Rs 10,653.72",BRD-UJN
T029068,21/10/24,f01803,D,SOYABEAN,328 kg,"Rs 6,065.00","Rs 19,893.20",BRD-UJN
T029069,01/10/24,F01803,DELIVERY,Soybean (Yellow),50.97 q,"Rs 6,065.00","Rs 3,09,133.05",BRD-UJN
T029070,05/06/24,f01803,FERT_PURCHASE,FERTILIZER 50kg bag,154 kg,Rs 29.72,"Rs 4,576.88",BRD-UJN
T029071,08/07/24,F01803,Input Purchase,PPC,129 kgs,Rs 656.57,"Rs 84,697.53",BRD-UJN
T029072,16/11/24,F01805,DELIVERY,soya,2.81 q,"Rs 5,705.00","Rs 16,031.05",BRD-UJN
T029073,07/11/24,F01805,D,soya,48.00 kgs,"Rs 5,705.00","Rs 2,738.40",BRD-UJN
T029074,09/11/24,F01805,FPO_DELIVERY,soya,14.42 quintals,"Rs 5,705.00","Rs 82,266.10",BRD-UJN
T029075,16/06/24,F01805,FERT_PURCHASE,Seeds,55 kg,Rs 125.80,"Rs 6,919.00",BRD-UJN
T029076,31/07/24,F01805,Loan Repayment,Loan Repayment,,,"Rs 5,300.00",BRD-UJN
T029077,06/11/24,F01806,DELIVERY,Soybean,"1,943.00 kgs","Rs 6,255.00","Rs 1,21,534.65",BRD-UJN
T029078,01/07/24,f01806,I,Urea,106 kgs,Rs 43.01,"Rs 4,559.06",BRD-UJN
T029079,19/06/24,F01806,input,Fertilizer,237 kg,Rs 49.58,"Rs 11,750.46",BRD-UJN
T029080,04/06/24,F01806,Input Purchase,Urea,49 kg,Rs 46.06,"Rs 2,256.94",BRD-UJN
T029081,05/11/24,F01809,FPO_DELIVERY,Soybean (Yellow),36.47 q,"Rs 5,935.00","Rs 2,16,449.45",BRD-UJN
T029082,20/06/24, F01809 ,input,Urea,202 kgs,Rs 28.56,"Rs 5,769.12",BRD-UJN
T029083,25/11/24,F01815,FPO_DELIVERY,SOYABEAN,5.91 quintals,"Rs 5,895.00","Rs 34,839.45",BRD-UJN
T029084,02/11/24,F01815,Delivery,SOYABEAN,0.40 MT,"Rs 5,895.00","Rs 23,462.10",BRD-UJN
T029085,08/06/24,f01815,FERT_PURCHASE,NPK 10:26:26,216 kg,Rs 50.49,"Rs 10,905.84",BRD-UJN
T029086,18/06/24,F01815,loan,Loan Repayment,,,"Rs 3,000.00",BRD-UJN
T029087,21/10/24,F01817,D,soya,6.8 qtl,"Rs 6,280.00","Rs 42,578.40",BRD-UJN
T029088,04/06/24,F01817,Input Purchase,Bio-pesticide,156 kgs,Rs 211.74,"Rs 33,031.44",BRD-UJN
T029089,03/06/24,F01817,FERT_PURCHASE,PP chemicals,231 kg,Rs 306.91,"Rs 70,896.21",BRD-UJN
T029090,03/07/24, F01817 ,input,Urea,292 kg,Rs 42.49,"Rs 12,407.08",BRD-UJN
T029091,12/08/24,F01817,Loan Repayment,EMI,,,"Rs 5,600.00",BRD-UJN
T029092,21/10/24,F01817,loan,EMI,,,"Rs 2,900.00",BRD-UJN
T029093,24/10/24,F01818,D,SOYABEAN,"2,423.00 kgs","Rs 5,870.00","Rs 1,42,230.10",BRD-UJN
T029094,20/11/24,F01823,FPO_DELIVERY,Soybean (Yellow),277 kg,"Rs 5,880.00","Rs 16,287.60",BRD-UJN
T029095,13/10/24,F01823,D,soya,349.00 kgs,"Rs 5,880.00","Rs 20,521.20",BRD-UJN
T029096,08/06/24,F01823,FERT_PURCHASE,DAP,130 kgs,Rs 37.54,"Rs 4,880.20",BRD-UJN
T029097,07/11/24,F01825,FPO_DELIVERY,SOYABEAN,2347 kg,"Rs 5,790.00","Rs 1,35,891.30",BRD-UJN
T029098,13/10/24,F01825,DELIVERY,SOYABEAN,17.17 quintals,"Rs 5,790.00","Rs 99,414.30",BRD-UJN
T029099,20/06/24,F01825,INPUT_PURCHASE,PP chemicals,101 kgs,Rs 572.18,"Rs 57,790.18",BRD-UJN
T029100,24/06/24,F01825,INPUT_PURCHASE,Urea,168 kgs,Rs 53.69,"Rs 9,019.92",BRD-UJN
T029101,26/06/24,F01825,FERT_PURCHASE,Urea,28 kg,Rs 30.14,Rs 843.92,BRD-UJN
T029102,21/10/24,F01825,L,Loan Repayment,,,"Rs 2,000.00",BRD-UJN
T029103,25/11/24, F01829 ,FPO_DELIVERY,Soybean,17.5 qtl,"Rs 5,915.00","Rs 1,03,571.65",BRD-UJN
T029104,09/10/24,f01829,Delivery,SOYABEAN,525.00 kgs,"Rs 5,915.00","Rs 31,053.75",BRD-UJN
T029105,27/11/24, F01831 ,DELIVERY,soya,5.95 q,"Rs 5,800.00","Rs 34,510.00",BRD-UJN
T029106,04/10/24,F01831,D,soya,14.31 quintals,"Rs 5,800.00","Rs 82,998.00",BRD-UJN
T029107,17/11/24,F01831,FPO_DELIVERY,Soybean,935.00 kgs,"Rs 5,800.00","Rs 54,230.00",BRD-UJN
T029108,30/06/24,F01831,input,Fertilizer,201 kg,Rs 59.89,"Rs 12,037.89",BRD-UJN
T029109,05/07/24,F01831,I,Fertilizer,282 kgs,Rs 40.56,"Rs 11,437.92",BRD-UJN
T029110,13/06/24,F01831,input,NPK 10:26:26,186 kgs,Rs 45.98,"Rs 8,552.28",BRD-UJN
T029111,09/11/24,F01833,D,Soybean,13.55 q,"Rs 6,180.00","Rs 83,739.00",BRD-UJN
T029112,01/06/24,F01833,FERT_PURCHASE,Hybrid Seeds,159 kg,Rs 87.64,"Rs 13,934.76",BRD-UJN
T029113,04/07/24,F01833,Input Purchase,Fertilizer,298 kg,Rs 29.82,"Rs 8,886.36",BRD-UJN
T029114,11/07/24,F01833,I,Hybrid Seeds,51 kgs,Rs 70.43,"Rs 3,591.93",BRD-UJN
T029115,21/11/24,F01837,DELIVERY,Soybean,509.00 kgs,"Rs 6,280.00","Rs 31,965.20",BRD-UJN
T029116,20/11/24, F01837 ,Delivery,SOYABEAN,463.00 kgs,"Rs 6,280.00","Rs 29,076.40",BRD-UJN
T029117,08/10/24,F01838,DELIVERY,soya,7.27 q,"Rs 5,815.00","Rs 42,275.05",BRD-UJN
T029118,02/11/24,F01838,FPO_DELIVERY,soya,3881 kg,"Rs 5,815.00","Rs 2,25,680.15",BRD-UJN
T029119,10/06/24,F01838,input,DAP,152 kg,Rs 55.10,"Rs 8,375.20",BRD-UJN
T029120,12/06/24,f01838,FERT_PURCHASE,Urea,282 kg,Rs 32.06,"Rs 9,040.92",BRD-UJN
T029121,04/11/24,F01839,FPO_DELIVERY,Soybean,1682 kg,"Rs 6,010.00","Rs 1,01,088.20",BRD-UJN
T029122,07/11/24,f01839,delivery,Soybean,229 kg,"Rs 6,010.00","Rs 13,762.90",BRD-UJN
T029123,24/06/24,F01839,input,SEEDS,313 kgs,Rs 121.78,"Rs 38,117.14",BRD-UJN
T029124,21/06/24,F01839,FERT_PURCHASE,Urea,63 kgs,Rs 39.58,"Rs 2,493.54",BRD-UJN
T029125,04/07/24,F01839,Input Purchase,SEEDS,162 kgs,Rs 76.03,"Rs 12,316.86",BRD-UJN
T029126,28/10/24,F01842,FPO_DELIVERY,Soybean,0.42 MT,"Rs 6,465.00","Rs 27,023.70",BRD-UJN
T029127,18/11/24, F01842 ,Delivery,SOYABEAN,1.21 t,"Rs 6,465.00","Rs 78,032.55",BRD-UJN
T029128,06/11/24,F01848,delivery,Soybean (Yellow),2.41 MT,"Rs 6,210.00","Rs 1,49,661.00",BRD-UJN
T029129,22/06/24,F01848,FERT_PURCHASE,Urea,220 kg,Rs 45.08,"Rs 9,917.60",BRD-UJN
T029130,19/06/24,F01848,I,Fertilizer,229 kg,Rs 39.85,"Rs 9,125.65",BRD-UJN
T029131,30/10/24,f01849,delivery,soya,82 kg,"Rs 5,950.00","Rs 4,879.00",BRD-UJN
T029132,26/11/24,f01849,delivery,Soybean (Yellow),299 kg,"Rs 5,950.00","Rs 17,790.50",BRD-UJN
T029133,03/11/24,F01849,FPO_DELIVERY,soya,0.26 t,"Rs 5,950.00","Rs 15,708.00",BRD-UJN
T029134,27/06/24,F01849,I,Fertilizer,44 kg,Rs 31.35,"Rs 1,379.40",BRD-UJN
T029135,01/07/24,f01849,input,Bio-pesticide,318 kgs,Rs 213.29,"Rs 67,826.22",BRD-UJN
T029136,24/10/24,F01851,delivery,soya,1314 kg,"Rs 6,310.00","Rs 82,913.40",BRD-UJN
T029137,27/11/24,F01852,delivery,SOYABEAN,28.7 qtl,"Rs 5,425.00","Rs 1,55,806.00",BRD-UJN
T029138,02/06/24,F01852,I,Hybrid Seeds,263 kg,Rs 57.46,"Rs 15,111.98",BRD-UJN
T029139,15/06/24,F01852,I,Urea,239 kg,Rs 51.94,"Rs 12,413.66",BRD-UJN
T029140,14/10/24,f01859,FPO_DELIVERY,soya,8.44 quintals,"Rs 6,330.00","Rs 53,425.20",BRD-UJN
T029141,24/11/24,F01859,D,soya,1010 kg,"Rs 6,330.00","Rs 63,933.00",BRD-UJN
T029142,10/07/24,F01859,FERT_PURCHASE,DAP,86 kg,Rs 44.13,"Rs 3,795.18",BRD-UJN
T029143,30/11/24,F01865,D,SOYABEAN,"1,787.00 kgs","Rs 6,030.00","Rs 1,07,756.10",BRD-UJN
T029144,07/06/24,F01865,I,Hybrid Seeds,156 kg,Rs 126.34,"Rs 19,709.04",BRD-UJN
T029145,04/06/24,F01865,Input Purchase,DAP,122 kgs,Rs 39.29,"Rs 4,793.38",BRD-UJN
T029146,01/06/24,F01865,Input Purchase,NPK 10:26:26,88 kgs,Rs 48.01,"Rs 4,224.88",BRD-UJN
T029147,14/06/24,F01865,input,PP chemicals,46 kg,Rs 345.18,"Rs 15,878.28",BRD-UJN
T029148,24/11/24,F01866,FPO_DELIVERY,Soybean (Yellow),1.2 qtl,"Rs 5,785.00","Rs 6,942.00",BRD-UJN
T029149,25/10/24,F01866,D,Soybean,564.00 kgs,"Rs 5,785.00","Rs 32,627.40",BRD-UJN
T029150,10/10/24, F01866 ,FPO_DELIVERY,Soybean (Yellow),689 kg,"Rs 5,785.00","Rs 39,858.65",BRD-UJN
T029151,20/06/24,F01866,INPUT_PURCHASE,NPK 10:26:26,202 kg,Rs 53.73,"Rs 10,853.46",BRD-UJN
T029152,21/06/24, F01866 ,FERT_PURCHASE,Fertilizer,92 kgs,Rs 50.22,"Rs 4,620.24",BRD-UJN
T029153,21/10/24,F01867,Delivery,Soybean,1003 kg,"Rs 6,325.00","Rs 63,439.75",BRD-UJN
T029154,03/11/24,F01873,delivery,soya,423 kg,"Rs 5,685.00","Rs 24,047.55",BRD-UJN
T029155,07/10/24,F01873,D,SOYABEAN,287 kg,"Rs 5,685.00","Rs 16,315.95",BRD-UJN
T029156,04/07/24,F01873,I,Urea,130 kgs,Rs 43.64,"Rs 5,673.20",BRD-UJN
T029157,03/06/24,F01873,Input Purchase,NPK 10:26:26,201 kg,Rs 37.84,"Rs 7,605.84",BRD-UJN
T029158,23/06/24,F01873,I,SEEDS,51 kg,Rs 66.43,"Rs 3,387.93",BRD-UJN
T029159,05/07/24,F01873,FERT_PURCHASE,SEEDS,319 kg,Rs 110.09,"Rs 35,118.71",BRD-UJN
T029160,31/10/24,F01873,L,Loan Repayment,,,"Rs 1,200.00",BRD-UJN
T029161,16/08/24,F01873,L,Loan Repayment,,,"Rs 6,900.00",BRD-UJN
T029162,01/11/24,F01875,DELIVERY,Soybean (Yellow),15.89 q,"Rs 6,120.00","Rs 97,246.80",BRD-UJN
T029163,16/10/24,F01875,D,Soybean,9.51 quintals,"Rs 6,120.00","Rs 58,201.20",BRD-UJN
T029164,24/06/24,F01875,INPUT_PURCHASE,SEEDS,317 kg,Rs 121.89,"Rs 38,639.13",BRD-UJN
T029165,20/06/24,F01875,INPUT_PURCHASE,SEEDS,213 kgs,Rs 95.28,"Rs 20,294.64",BRD-UJN
T029166,08/06/24,F01875,FERT_PURCHASE,DAP,280 kg,Rs 30.25,"Rs 8,470.00",BRD-UJN
T029167,21/10/24,f01875,L,Loan Repayment,,,"Rs 4,200.00",BRD-UJN
T029168,25/10/24,F01876,FPO_DELIVERY,Soybean (Yellow),"2,316.00 kgs","Rs 6,090.00","Rs 1,41,044.40",BRD-UJN
T029169,28/06/24,F01876,INPUT_PURCHASE,Fertilizer,78 kg,Rs 45.76,"Rs 3,569.28",BRD-UJN
T029170,27/10/24,F01878,D,soya,10.46 quintals,"Rs 6,625.00","Rs 69,297.50",BRD-UJN
T029171,28/11/24,F01878,D,Soybean,3.5 qtl,"Rs 6,625.00","Rs 23,055.00",BRD-UJN
T029172,24/06/24,F01878,input,DAP,156 kg,Rs 36.17,"Rs 5,642.52",BRD-UJN
T029173,08/10/24, F01880 ,DELIVERY,SOYABEAN,5697 kg,"Rs 6,195.00","Rs 3,52,929.15",BRD-UJN
T029174,06/06/24,F01880,input,Urea,280 kg,Rs 29.56,"Rs 8,276.80",BRD-UJN
T029175,09/06/24,F01880,Input Purchase,DAP,282 kgs,Rs 42.63,"Rs 12,021.66",BRD-UJN
T029176,14/07/24,F01880,input,DAP,156 kgs,Rs 57.52,"Rs 8,973.12",BRD-UJN
T029177,07/11/24,F01881,delivery,SOYABEAN,655 kg,"Rs 5,600.00","Rs 36,680.00",BRD-UJN
T029178,18/10/24,F01881,Delivery,soya,0.28 t,"Rs 5,600.00","Rs 15,904.00",BRD-UJN
T029179,28/10/24,F01881,D,SOYABEAN,924.00 kgs,"Rs 5,600.00","Rs 51,744.00",BRD-UJN
T029180,19/11/24,f01886,delivery,Soybean (Yellow),4883 kg,"Rs 6,305.00","Rs 3,07,873.15",BRD-UJN
T029181,19/06/24,F01886,Input Purchase,Urea,92 kgs,Rs 40.24,"Rs 3,702.08",BRD-UJN
T029182,29/10/24,F01890,FPO_DELIVERY,soya,1947 kg,"Rs 6,135.00","Rs 1,19,448.45",BRD-UJN
T029183,03/06/24,F01890,Input Purchase,FERTILIZER 50kg bag,214 kgs,Rs 52.17,"Rs 11,164.38",BRD-UJN
T029184,20/06/24,F01890,I,Urea,236 kg,Rs 52.96,"Rs 12,498.56",BRD-UJN
T029185,02/06/24,F01890,INPUT_PURCHASE,PPC,254 kgs,Rs 298.53,"Rs 75,826.62",BRD-UJN
T029186,13/10/24,f01893,DELIVERY,SOYABEAN,843 kg,"Rs 5,795.00","Rs 48,851.85",BRD-UJN
T029187,19/06/24,F01893,INPUT_PURCHASE,NPK 10:26:26,180 kgs,Rs 52.58,"Rs 9,464.40",BRD-UJN
T029188,05/06/24,F01893,input,Fertilizer,181 kgs,Rs 52.16,"Rs 9,440.96",BRD-UJN
T029189,29/06/24,f01893,INPUT_PURCHASE,NPK 10:26:26,77 kgs,Rs 52.80,"Rs 4,065.60",BRD-UJN
T029190,05/07/24,F01893,loan,Loan Repayment,,,"Rs 5,400.00",BRD-UJN
T029191,11/09/24,F01893,L,Loan Repayment,,,"Rs 2,200.00",BRD-UJN
T029192,21/07/24,f01893,Loan Repayment,Loan Repayment,,,"Rs 7,600.00",BRD-UJN
T029193,17/08/24,F01893,loan,EMI,,,"Rs 5,700.00",BRD-UJN
T029194,01/11/24,F01899,delivery,SOYABEAN,74 kg,"Rs 6,085.00","Rs 4,502.90",BRD-UJN
T029195,07/11/24,F01899,FPO_DELIVERY,Soybean (Yellow),"4,929.00 kgs","Rs 6,085.00","Rs 2,99,929.65",BRD-UJN
T029196,10/06/24,F01899,I,NPK 10:26:26,109 kgs,Rs 40.90,"Rs 4,458.10",BRD-UJN
T029197,11/06/24,F01899,I,NPK 10:26:26,263 kg,Rs 29.37,"Rs 7,724.31",BRD-UJN
T029198,17/10/24,F01903,D,SOYABEAN,0.63 quintals,"Rs 5,965.00","Rs 3,757.95",BRD-UJN
T029199,01/10/24,F01903,Delivery,Soybean,6.64 q,"Rs 5,965.00","Rs 39,607.60",BRD-UJN
T029200,01/11/24,F01903,Delivery,Soybean (Yellow),8.51 q,"Rs 5,965.00","Rs 50,762.15",BRD-UJN
T029201,25/06/24,F01903,Input Purchase,SEEDS,225 kg,Rs 105.94,"Rs 23,836.50",BRD-UJN
T029202,08/08/24,F01903,loan,EMI,,,"Rs 1,000.00",BRD-UJN
T029203,27/11/24,F01905,delivery,SOYABEAN,560 kg,"Rs 6,085.00","Rs 34,076.00",BRD-UJN
T029204,21/10/24,F01905,FPO_DELIVERY,Soybean,3.48 q,"Rs 6,085.00","Rs 21,175.80",BRD-UJN
T029205,08/11/24,f01905,D,SOYABEAN,3.62 quintals,"Rs 6,085.00","Rs 22,027.70",BRD-UJN
T029206,09/06/24,F01905,I,Urea,152 kgs,Rs 49.96,"Rs 7,593.92",BRD-UJN
T029207,31/10/24, F01907 ,DELIVERY,soya,8.8 qtl,"Rs 5,640.00","Rs 49,406.40",BRD-UJN
T029208,01/11/24,F01907,DELIVERY,Soybean (Yellow),961.00 kgs,"Rs 5,640.00","Rs 54,200.40",BRD-UJN
T029209,08/07/24,F01907,FERT_PURCHASE,Seeds,47 kgs,Rs 70.98,"Rs 3,336.06",BRD-UJN
T029210,21/06/24,F01907,I,Bio-pesticide,241 kgs,Rs 588.97,"Rs 1,41,941.77",BRD-UJN
T029211,29/06/24,F01907,INPUT_PURCHASE,Fertilizer,102 kg,Rs 48.42,"Rs 4,938.84",BRD-UJN
T029212,05/10/24,F01909,D,soya,1.65 MT,"Rs 6,005.00","Rs 99,322.70",BRD-UJN
T029213,10/11/24,F01909,delivery,Soybean,25.16 quintals,"Rs 6,005.00","Rs 1,51,085.80",BRD-UJN
T029214,27/06/24,F01909,Input Purchase,PPC,175 kgs,Rs 562.00,"Rs 98,350.00",BRD-UJN
T029215,19/06/24,F01909,FERT_PURCHASE,FERTILIZER 50kg bag,201 kgs,Rs 39.51,"Rs 7,941.51",BRD-UJN
T029656,03/10/24,F02274,DELIVERY,Soybean (Yellow),828 kg,"Rs 5,925.00","Rs 49,059.00",BRD-UJN
T029657,03/06/24,F02274,I,SEEDS,40 kg,Rs 111.97,"Rs 4,478.80",BRD-UJN
T029658,05/06/24,F02274,I,DAP,223 kg,Rs 56.88,"Rs 12,684.24",BRD-UJN
T029659,06/07/24,F02274,I,SEEDS,244 kgs,Rs 123.98,"Rs 30,251.12",BRD-UJN
T029706,02/10/24, F02304 ,delivery,Soybean,6.6 qtl,"Rs 6,035.00","Rs 39,649.95",BRD-UJN
T029707,09/10/24,F02304,D,SOYABEAN,"2,303.00 kgs","Rs 6,035.00","Rs 1,38,986.05",BRD-UJN
T029708,17/11/24,F02304,Delivery,SOYABEAN,3.49 q,"Rs 6,035.00","Rs 21,062.15",BRD-UJN
T029709,07/06/24,f02304,Input Purchase,Hybrid Seeds,161 kg,Rs 86.61,"Rs 13,944.21",BRD-UJN
T029710,01/09/24,F02304,Loan Repayment,Loan Repayment,,,Rs 800.00,BRD-UJN
T029711,10/11/24,F02304,L,EMI,,,"Rs 4,800.00",BRD-UJN
T029712,20/09/24,F02304,LOAN_REPAY,Loan Repayment,,,"Rs 2,700.00",BRD-UJN
T029713,09/11/24,f02304,Loan Repayment,EMI,,,"Rs 1,800.00",BRD-UJN
T029714,14/11/24,F02304,loan,EMI,,,"Rs 3,400.00",BRD-UJN
T029732,26/11/24,F02310,DELIVERY,Soybean,4.0 qtl,"Rs 5,920.00","Rs 23,384.00",BRD-UJN
T029733,16/11/24,F02310,D,Soybean (Yellow),0.07 t,"Rs 5,920.00","Rs 4,144.00",BRD-UJN
T029734,07/11/24,F02310,FPO_DELIVERY,Soybean (Yellow),3.78 q,"Rs 5,920.00","Rs 22,377.60",BRD-UJN
T029735,02/07/24,F02310,input,PP chemicals,96 kgs,Rs 644.69,"Rs 61,890.24",BRD-UJN
T029736,16/06/24,F02310,Input Purchase,Hybrid Seeds,140 kg,Rs 71.06,"Rs 9,948.40",BRD-UJN
T029737,12/06/24,F02310,Input Purchase,NPK 10:26:26,66 kgs,Rs 29.40,"Rs 1,940.40",BRD-UJN
T029738,17/11/24,F02313,FPO_DELIVERY,soya,13.24 q,"Rs 5,900.00","Rs 78,116.00",BRD-UJN
T029739,28/06/24,F02313,I,Urea,49 kg,Rs 40.92,"Rs 2,005.08",BRD-UJN
T029740,07/06/24,F02313,Input Purchase,Urea,224 kgs,Rs 45.66,"Rs 10,227.84",BRD-UJN
T029754,24/10/24,F02325,delivery,SOYABEAN,749.00 kgs,"Rs 6,045.00","Rs 45,277.05",BRD-UJN
T029755,30/10/24,f02325,FPO_DELIVERY,Soybean (Yellow),1197 kg,"Rs 6,045.00","Rs 72,358.65",BRD-UJN
T029756,22/06/24,F02325,INPUT_PURCHASE,DAP,102 kgs,Rs 39.37,"Rs 4,015.74",BRD-UJN
T029757,20/06/24,F02325,I,Seeds,170 kg,Rs 106.68,"Rs 18,135.60",BRD-UJN
T029761,22/11/24,F02338,delivery,Soybean (Yellow),0.10 t,"Rs 6,150.00","Rs 6,027.00",BRD-UJN
T029762,27/11/24,f02338,DELIVERY,SOYABEAN,22.5 qtl,"Rs 6,150.00","Rs 1,38,375.00",BRD-UJN
T029763,09/07/24,F02338,I,NPK 10:26:26,91 kgs,Rs 42.60,"Rs 3,876.60",BRD-UJN
T029764,14/07/24,F02338,Input Purchase,SEEDS,252 kg,Rs 123.29,"Rs 31,069.08",BRD-UJN
T029765,19/06/24,F02338,I,Bio-pesticide,226 kg,Rs 283.11,"Rs 63,982.86",BRD-UJN
T029766,17/06/24,F02338,Input Purchase,FERTILIZER 50kg bag,185 kgs,Rs 54.60,"Rs 10,101.00",BRD-UJN
T029770,02/11/24,F02340,D,Soybean (Yellow),"4,322.00 kgs","Rs 6,390.00","Rs 2,76,175.80",BRD-UJN
T029771,09/10/24,f02340,FPO_DELIVERY,Soybean,725.00 kgs,"Rs 6,390.00","Rs 46,327.50",BRD-UJN
T029772,30/06/24,F02340,Input Purchase,Fertilizer,239 kgs,Rs 53.21,"Rs 12,717.19",BRD-UJN
T029773,11/07/24,F02340,Input Purchase,Fertilizer,123 kgs,Rs 54.48,"Rs 6,701.04",BRD-UJN
T029774,09/07/24,F02340,I,FERTILIZER 50kg bag,95 kgs,Rs 29.99,"Rs 2,849.05",BRD-UJN
T029775,04/07/24,f02340,FERT_PURCHASE,Hybrid Seeds,155 kgs,Rs 77.23,"Rs 11,970.65",BRD-UJN
T029776,11/10/24,F02345,FPO_DELIVERY,Soybean,3.5 qtl,"Rs 6,160.00","Rs 21,621.60",BRD-UJN
T029777,09/11/24,F02345,DELIVERY,Soybean (Yellow),3.81 quintals,"Rs 6,160.00","Rs 23,469.60",BRD-UJN
T029778,30/06/24,F02345,input,Hybrid Seeds,232 kg,Rs 100.05,"Rs 23,211.60",BRD-UJN
T029785,15/11/24,F02366,delivery,Soybean,4103 kg,"Rs 6,405.00","Rs 2,62,797.15",BRD-UJN
T029786,30/10/24,F02366,DELIVERY,Soybean (Yellow),7.84 q,"Rs 6,405.00","Rs 50,215.20",BRD-UJN
T029787,25/10/24,F02366,DELIVERY,SOYABEAN,16.43 q,"Rs 6,405.00","Rs 1,05,234.15",BRD-UJN
T029788,14/06/24,F02366,Input Purchase,DAP,131 kgs,Rs 48.79,"Rs 6,391.49",BRD-UJN
T029898,29/11/24,F02466,delivery,Soybean (Yellow),1511 kg,"Rs 5,975.00","Rs 90,282.25",BRD-UJN
T029899,26/11/24,F02466,D,soya,5.85 quintals,"Rs 5,975.00","Rs 34,953.75",BRD-UJN
T029900,23/06/24,F02466,FERT_PURCHASE,Urea,300 kg,Rs 33.94,"Rs 10,182.00",BRD-UJN
T029901,06/07/24,F02466,input,Seeds,159 kg,Rs 66.70,"Rs 10,605.30",BRD-UJN
T029902,11/06/24,F02466,I,Urea,194 kgs,Rs 54.57,"Rs 10,586.58",BRD-UJN
T029903,08/11/24,F02468,FPO_DELIVERY,Soybean (Yellow),1178 kg,"Rs 6,010.00","Rs 70,797.80",BRD-UJN
T029917,04/10/24,F02473,FPO_DELIVERY,soya,6.59 quintals,"Rs 5,705.00","Rs 37,595.95",BRD-UJN
T029918,13/10/24,F02473,delivery,SOYABEAN,0.84 quintals,"Rs 5,705.00","Rs 4,792.20",BRD-UJN
T029919,03/07/24,F02473,Input Purchase,Bio-pesticide,307 kgs,Rs 520.80,"Rs 1,59,885.60",BRD-UJN
T029920,09/07/24,F02473,input,DAP,296 kgs,Rs 40.27,"Rs 11,919.92",BRD-UJN
T029921,17/06/24,F02473,Input Purchase,DAP,97 kgs,Rs 36.17,"Rs 3,508.49",BRD-UJN
T029922,15/07/24,F02473,I,NPK 10:26:26,109 kgs,Rs 58.06,"Rs 6,328.54",BRD-UJN
T029930,12/11/24,F02475,Delivery,Soybean (Yellow),10.38 quintals,"Rs 6,105.00","Rs 63,369.90",BRD-UJN
T029931,03/07/24,F02475,I,Hybrid Seeds,312 kgs,Rs 49.02,"Rs 15,294.24",BRD-UJN
T029932,11/06/24,F02475,input,Seeds,76 kgs,Rs 100.12,"Rs 7,609.12",BRD-UJN
T029933,06/06/24,F02475,I,Hybrid Seeds,202 kg,Rs 81.07,"Rs 16,376.14",BRD-UJN
T029934,01/10/24,F02475,L,Loan Repayment,,,"Rs 5,000.00",BRD-UJN
T029935,20/11/24,F02475,Loan Repayment,Loan Repayment,,,"Rs 2,100.00",BRD-UJN
T029936,04/06/24,F02475,loan,Loan Repayment,,,"Rs 2,500.00",BRD-UJN
T029944,26/10/24,f02481,Delivery,Soybean,1.02 MT,"Rs 6,265.00","Rs 63,840.35",BRD-UJN
T029945,12/11/24,F02481,FPO_DELIVERY,Soybean,856.00 kgs,"Rs 6,265.00","Rs 53,628.40",BRD-UJN
T029946,01/07/24, F02481 ,I,DAP,224 kgs,Rs 32.06,"Rs 7,181.44",BRD-UJN
T029947,16/06/24,F02481,I,Hybrid Seeds,159 kg,Rs 108.11,"Rs 17,189.49",BRD-UJN
T029948,04/06/24,F02481,input,Bio-pesticide,136 kg,Rs 574.98,"Rs 78,197.28",BRD-UJN
T029949,10/08/24,F02481,LOAN_REPAY,EMI,,,"Rs 5,100.00",BRD-UJN
T029950,29/06/24, F02481 ,Loan Repayment,EMI,,,"Rs 1,200.00",BRD-UJN
T029961,20/10/24,F02488,delivery,soya,1.65 MT,"Rs 6,205.00","Rs 1,02,382.50",BRD-UJN
T029962,04/11/24,F02488,D,Soybean (Yellow),,"Rs 6,205.00","Rs 67,944.75",BRD-UJN
T029990,16/11/24,F02504,Delivery,Soybean (Yellow),"2,126.00 kgs","Rs 6,035.00","Rs 1,28,304.10",BRD-UJN
T029991,10/07/24,f02504,Input Purchase,Urea,161 kg,Rs 35.13,"Rs 5,655.93",BRD-UJN
T030052,23/10/24,F02534,delivery,Soybean,53.00 kgs,"Rs 6,215.00","Rs 3,293.95",BRD-UJN
T030053,18/11/24,F02534,DELIVERY,SOYABEAN,760 kg,"Rs 6,215.00","Rs 47,234.00",BRD-UJN
T030054,15/06/24,f02534,Input Purchase,Urea,89 kgs,Rs 54.90,"Rs 4,886.10",BRD-UJN
T030055,01/07/24,F02534,I,DAP,285 kg,Rs 34.93,"Rs 9,955.05",BRD-UJN
T030056,07/06/24,f02534,I,DAP,39 kg,Rs 40.66,"Rs 1,585.74",BRD-UJN
T030057,31/10/24,F02539,FPO_DELIVERY,SOYABEAN,13.52 quintals,"Rs 5,930.00","Rs 80,173.60",BRD-UJN
T030058,03/10/24,F02539,D,SOYABEAN,"1,069.00 kgs","Rs 5,930.00","Rs 63,391.70",BRD-UJN
T030059,03/06/24,F02539,INPUT_PURCHASE,PPC,314 kgs,Rs 645.41,"Rs 2,02,658.74",BRD-UJN
T030060,26/06/24,F02539,input,Seeds,244 kgs,Rs 97.99,"Rs 23,909.56",BRD-UJN
T030109,29/11/24,F02568,Delivery,Soybean (Yellow),13.06 quintals,"Rs 6,125.00","Rs 79,992.50",BRD-UJN
T030110,21/11/24,F02568,D,Soybean (Yellow),264 kg,"Rs 6,125.00","Rs 16,170.00",BRD-UJN
T030111,17/06/24,F02568,Input Purchase,NPK 10:26:26,186 kgs,Rs 56.10,"Rs 10,434.60",BRD-UJN
T030112,01/07/24,F02568,Input Purchase,Urea,288 kgs,Rs 50.64,"Rs 14,584.32",BRD-UJN
T030113,24/06/24,F02568,input,NPK 10:26:26,73 kg,Rs 51.60,"Rs 3,766.80",BRD-UJN
T030114,22/06/24,F02568,FERT_PURCHASE,NPK 10:26:26,166 kgs,Rs 36.19,"Rs 6,007.54",BRD-UJN
T030115,28/07/24,F02568,loan,EMI,,,"Rs 4,200.00",BRD-UJN
T030116,17/10/24,F02569,delivery,Soybean (Yellow),9.39 q,"Rs 6,005.00","Rs 56,386.95",BRD-UJN
T030117,28/11/24,F02569,DELIVERY,soya,1.24 q,"Rs 6,005.00","Rs 7,446.20",BRD-UJN
T030118,21/10/24,F02569,DELIVERY,Soybean,10.92 quintals,"Rs 6,005.00","Rs 65,574.60",BRD-UJN
T030119,08/07/24,F02569,FERT_PURCHASE,Seeds,229 kgs,Rs 104.77,"Rs 23,992.33",BRD-UJN
T030185,01/11/24,F02598,FPO_DELIVERY,Soybean,995 kg,"Rs 6,210.00","Rs 61,789.50",BRD-UJN
T030186,06/07/24,F02598,INPUT_PURCHASE,FERTILIZER 50kg bag,216 kg,Rs 46.67,"Rs 10,080.72",BRD-UJN
T030187,07/06/24,F02598,input,Seeds,46 kgs,Rs 48.60,"Rs 2,235.60",BRD-UJN
T030188,15/07/24,f02598,Input Purchase,DAP,228 kg,Rs 53.59,"Rs 12,218.52",BRD-UJN
T030216,04/11/24,F02612,FPO_DELIVERY,SOYABEAN,11.5 qtl,"Rs 6,020.00","Rs 69,109.60",BRD-UJN
T030217,05/10/24,F02612,DELIVERY,Soybean (Yellow),0.18 MT,"Rs 6,020.00","Rs 11,137.00",BRD-UJN
T030218,21/06/24,F02612,input,Fertilizer,319 kgs,Rs 58.41,"Rs 18,632.79",BRD-UJN
T030219,11/10/24,F02613,Delivery,Soybean,3.7 qtl,"Rs 5,790.00","Rs 21,480.90",BRD-UJN
T030220,23/11/24,F02613,delivery,soya,12.52 q,"Rs 5,790.00","Rs 72,490.80",BRD-UJN
T030254,21/10/24,F02621,D,SOYABEAN,4.63 quintals,"Rs 5,685.00","Rs 26,321.55",BRD-UJN
T030255,01/10/24,F02621,delivery,soya,101 kg,"Rs 5,685.00","Rs 5,741.85",BRD-UJN
T030256,10/06/24,F02621,FERT_PURCHASE,Fertilizer,261 kgs,Rs 35.29,"Rs 9,210.69",BRD-UJN
T030257,01/07/24,F02621,Input Purchase,Hybrid Seeds,59 kgs,Rs 76.27,"Rs 4,499.93",BRD-UJN
T030364,13/11/24,f02649,FPO_DELIVERY,Soybean,36 kg,"Rs 5,730.00","Rs 2,062.80",BRD-UJN
T030365,15/11/24,f02649,DELIVERY,Soybean (Yellow),0.24 MT,"Rs 5,730.00","Rs 13,637.40",BRD-UJN
T030366,07/10/24,F02649,D,Soybean (Yellow),0.3 qtl,"Rs 5,730.00","Rs 1,547.10",BRD-UJN
T030375,30/10/24,F02652,FPO_DELIVERY,SOYABEAN,3.8 qtl,"Rs 5,655.00","Rs 21,375.90",BRD-UJN
T030376,20/11/24,F02652,delivery,SOYABEAN,3.60 quintals,"Rs 5,655.00","Rs 20,358.00",BRD-UJN
T030377,09/11/24,F02652,delivery,Soybean,8.25 quintals,"Rs 5,655.00","Rs 46,653.75",BRD-UJN
T030378,05/07/24,F02652,input,Fertilizer,288 kg,Rs 59.00,"Rs 16,992.00",BRD-UJN
T030379,05/06/24,F02652,FERT_PURCHASE,Seeds,63 kg,Rs 102.77,"Rs 6,474.51",BRD-UJN
T030380,10/06/24,f02652,Input Purchase,DAP,261 kg,Rs 44.06,"Rs 11,499.66",BRD-UJN
T030381,20/08/24,F02652,loan,EMI,,,"Rs 5,900.00",BRD-UJN
T030382,14/10/24,F02653,DELIVERY,SOYABEAN,7.12 q,"Rs 6,035.00","Rs 42,969.20",BRD-UJN
T031138,15/04/25,F01765,FPO_DELIVERY,WHEAT,"4,154.00 kgs","Rs 2,945.00","Rs 1,22,335.30",BRD-UJN
T031139,12/12/24,F01765,I,Seeds,142 kg,Rs 127.93,"Rs 18,166.06",BRD-UJN
T031140,09/12/24,F01765,input,NPK 10:26:26,108 kg,Rs 33.64,"Rs 3,633.12",BRD-UJN
T031141,01/03/25,F01772,Delivery,Wheat (Durum),15.2 qtl,"Rs 2,870.00","Rs 43,710.10",BRD-UJN
T031142,15/05/25,F01772,D,WHEAT,497.00 kgs,"Rs 2,870.00","Rs 14,263.90",BRD-UJN
T031143,09/04/25,F01772,L,Loan Repayment,,,"Rs 5,600.00",BRD-UJN
T031144,02/12/24,F01772,LOAN_REPAY,EMI,,,"Rs 3,700.00",BRD-UJN
T031145,02/05/25,f01774,D,WHEAT,25.81 q,"Rs 2,755.00","Rs 71,106.55",BRD-UJN
T031146,21/12/24,F01774,Input Purchase,Fertilizer,152 kg,Rs 40.38,"Rs 6,137.76",BRD-UJN
T031147,11/12/24,F01774,I,SEEDS,78 kg,Rs 123.10,"Rs 9,601.80",BRD-UJN
T031148,02/05/25, F01779 ,D,Wheat (Durum),29.03 quintals,"Rs 2,790.00","Rs 80,993.70",BRD-UJN
T031149,11/01/25,F01779,Input Purchase,Hybrid Seeds,192 kgs,Rs 64.75,"Rs 12,432.00",BRD-UJN
T031150,02/12/24,f01779,I,Bio-pesticide,150 kg,Rs 557.07,"Rs 83,560.50",BRD-UJN
T031151,14/01/25,F01779,FERT_PURCHASE,SEEDS,114 kg,Rs 86.86,"Rs 9,902.04",BRD-UJN
T031152,11/01/25,F01779,I,PP chemicals,50 kg,Rs 640.32,"Rs 32,016.00",BRD-UJN
T031153,04/03/25,F01781,DELIVERY,wheat,13.14 quintals,"Rs 2,800.00","Rs 36,792.00",BRD-UJN
T031154,14/05/25,F01781,D,wheat,"2,693.00 kgs","Rs 2,800.00","Rs 75,404.00",BRD-UJN
T031155,02/12/24,F01781,INPUT_PURCHASE,SEEDS,84 kg,Rs 59.21,"Rs 4,973.64",BRD-UJN
T031156,04/12/24,F01781,Input Purchase,Urea,206 kg,Rs 51.47,"Rs 10,602.82",BRD-UJN
T031157,17/12/24,F01781,input,Fertilizer,175 kgs,Rs 31.96,"Rs 5,593.00",BRD-UJN
T031158,11/04/25,F01782,FPO_DELIVERY,Wheat (Durum),61.5 qtl,"Rs 2,795.00","Rs 1,71,836.60",BRD-UJN
T031159,10/12/24,F01782,input,PP chemicals,199 kg,Rs 442.29,"Rs 88,015.71",BRD-UJN
T031160,18/12/24, F01782 ,I,NPK 10:26:26,284 kg,Rs 55.28,"Rs 15,699.52",BRD-UJN
T031161,30/12/24,F01782,INPUT_PURCHASE,PPC,267 kgs,Rs 650.37,"Rs 1,73,648.79",BRD-UJN
T031162,16/04/25,F01782,LOAN_REPAY,EMI,,,"Rs 4,200.00",BRD-UJN
T031163,25/04/25,F01784,DELIVERY,Lokwan Wheat,1.88 MT,"Rs 2,975.00","Rs 55,900.25",BRD-UJN
T031164,06/03/25,F01784,D,Bengal Gram,0.2 qtl,"Rs 7,220.00","Rs 1,155.20",BRD-UJN
T031165,03/05/25,F01784,D,Bengal Gram,844.00 kgs,"Rs 7,220.00","Rs 60,936.80",BRD-UJN
T031166,03/01/25,f01784,I,Hybrid Seeds,165 kg,Rs 127.12,"Rs 20,974.80",BRD-UJN
T031167,05/04/25,F01787,D,Wheat,2339 kg,"Rs 2,940.00","Rs 68,766.60",BRD-UJN
T031168,31/12/24,F01787,INPUT_PURCHASE,FERTILIZER 50kg bag,40 kg,Rs 30.20,"Rs 1,208.00",BRD-UJN
T031169,23/12/24,F01787,Input Purchase,DAP,164 kgs,Rs 36.50,"Rs 5,986.00",BRD-UJN
T031170,06/12/24,F01787,input,Urea,316 kgs,Rs 34.07,"Rs 10,766.12",BRD-UJN
T031171,10/02/25,F01787,L,Loan Repayment,,,"Rs 1,800.00",BRD-UJN
T031172,19/04/25,F01788,delivery,Wheat (Durum),436.00 kgs,"Rs 2,860.00","Rs 12,469.60",BRD-UJN
T031173,09/05/25,F01788,DELIVERY,wheat,"5,996.00 kgs","Rs 2,860.00","Rs 1,71,485.60",BRD-UJN
T031174,18/12/24,f01788,Input Purchase,SEEDS,306 kg,Rs 47.60,"Rs 14,565.60",BRD-UJN
T031175,14/12/24,f01788,FERT_PURCHASE,Hybrid Seeds,306 kg,Rs 117.17,"Rs 35,854.02",BRD-UJN
T031176,15/03/25,f01798,FPO_DELIVERY,WHEAT,21.83 quintals,"Rs 2,820.00","Rs 61,560.60",BRD-UJN
T031177,13/12/24,F01798,INPUT_PURCHASE,NPK 10:26:26,117 kg,Rs 59.91,"Rs 7,009.47",BRD-UJN
T031178,01/03/25,F01803,Delivery,Wheat (Durum),1401 kg,"Rs 2,875.00","Rs 40,278.75",BRD-UJN
T031179,18/04/25,F01803,DELIVERY,WHEAT,4838 kg,"Rs 2,875.00","Rs 1,39,092.50",BRD-UJN
T031180,24/12/24,F01803,Input Purchase,DAP,293 kgs,Rs 45.37,"Rs 13,293.41",BRD-UJN
T031181,24/03/25,F01805,DELIVERY,Lokwan Wheat,1325 kg,"Rs 2,920.00","Rs 38,690.00",BRD-UJN
T031182,22/03/25,F01805,Delivery,WHEAT,9.4 qtl,"Rs 2,920.00","Rs 27,564.80",BRD-UJN
T031183,25/05/25,F01805,Loan Repayment,Loan Repayment,,,"Rs 1,000.00",BRD-UJN
T031184,20/04/25,F01805,loan,Loan Repayment,,,"Rs 4,000.00",BRD-UJN
T031185,11/03/25,F01806,FPO_DELIVERY,Lokwan Wheat,"2,915.00 kgs","Rs 2,705.00","Rs 78,850.75",BRD-UJN
T031186,16/04/25,F01809,Delivery,Wheat,30.23 quintals,"Rs 2,900.00","Rs 87,667.00",BRD-UJN
T031187,04/04/25,F01809,D,WHEAT,25.2 qtl,"Rs 2,900.00","Rs 73,225.00",BRD-UJN
T031188,12/12/24,F01809,I,DAP,268 kgs,Rs 57.92,"Rs 15,522.56",BRD-UJN
T031189,05/12/24, F01809 ,I,Bio-pesticide,170 kg,Rs 612.97,"Rs 1,04,204.90",BRD-UJN
T031190,09/05/25,f01815,DELIVERY,wheat,1.92 quintals,"Rs 2,715.00","Rs 5,212.80",BRD-UJN
T031191,06/05/25,F01815,Delivery,Lokwan Wheat,1.9 qtl,"Rs 2,715.00","Rs 5,158.50",BRD-UJN
T031192,14/03/25,F01815,FPO_DELIVERY,Lokwan Wheat,1163 kg,"Rs 2,715.00","Rs 31,575.45",BRD-UJN
T031193,30/04/25,F01815,delivery,Bengal Gram,1.95 q,"Rs 6,950.00","Rs 13,552.50",BRD-UJN
T031194,05/05/25,F01815,D,GRAM (Chana),311 kg,"Rs 6,950.00","Rs 21,614.50",BRD-UJN
T031195,12/01/25,F01815,Input Purchase,FERTILIZER 50kg bag,207 kgs,Rs 33.30,"Rs 6,893.10",BRD-UJN
T031196,27/12/24,F01815,FERT_PURCHASE,Fertilizer,302 kg,Rs 46.50,"Rs 14,043.00",BRD-UJN
T031197,25/04/25,F01815,Loan Repayment,Loan Repayment,,,"Rs 3,600.00",BRD-UJN
T031198,19/04/25,f01817,D,wheat,9.79 quintals,"Rs 2,865.00","Rs 28,048.35",BRD-UJN
T031199,03/04/25,F01817,DELIVERY,chana,101.00 kgs,"Rs 7,335.00","Rs 7,408.35",BRD-UJN
T031200,03/03/25,F01817,Delivery,chana,2.6 qtl,"Rs 7,335.00","Rs 19,291.05",BRD-UJN
T031201,22/12/24,F01817,I,DAP,66 kgs,Rs 48.25,"Rs 3,184.50",BRD-UJN
T031202,15/12/24,F01817,I,Hybrid Seeds,101 kg,Rs 101.80,"Rs 10,281.80",BRD-UJN
T031203,11/05/25,F01818,Delivery,wheat,"1,191.00 kgs","Rs 2,735.00","Rs 32,573.85",BRD-UJN
T031204,13/05/25,F01818,DELIVERY,WHEAT,27.6 qtl,"Rs 2,735.00","Rs 75,431.30",BRD-UJN
T031205,02/05/25,F01818,FPO_DELIVERY,GRAM (Chana),1534 kg,"Rs 7,555.00","Rs 1,15,893.70",BRD-UJN
T031206,12/01/25,F01818,Input Purchase,Bio-pesticide,218 kgs,Rs 287.43,"Rs 62,659.74",BRD-UJN
T031207,09/01/25,F01818,FERT_PURCHASE,Seeds,283 kg,Rs 105.12,"Rs 29,748.96",BRD-UJN
T031208,22/04/25,F01823,DELIVERY,Wheat (Durum),8.17 quintals,"Rs 3,140.00","Rs 25,653.80",BRD-UJN
T031209,22/03/25,F01823,Delivery,Gram,296.00 kgs,"Rs 7,140.00","Rs 21,134.40",BRD-UJN
T031210,19/12/24,F01823,I,Seeds,49 kgs,Rs 109.86,"Rs 5,383.14",BRD-UJN
T031211,13/12/24,F01823,INPUT_PURCHASE,FERTILIZER 50kg bag,286 kgs,Rs 39.56,"Rs 11,314.16",BRD-UJN
T031212,27/04/25,F01825,Delivery,Lokwan Wheat,228.00 kgs,"Rs 2,750.00","Rs 6,270.00",BRD-UJN
T031213,17/03/25,F01825,FPO_DELIVERY,Wheat (Durum),42.3 qtl,"Rs 2,750.00","Rs 1,16,242.50",BRD-UJN
T031214,12/12/24, F01825 ,INPUT_PURCHASE,FERTILIZER 50kg bag,,Rs 48.13,"Rs 8,663.40",BRD-UJN
T031215,28/12/24,F01825,INPUT_PURCHASE,Seeds,115 kg,Rs 96.01,"Rs 11,041.15",BRD-UJN
T031216,29/03/25,F01825,Loan Repayment,Loan Repayment,,,"Rs 3,400.00",BRD-UJN
T031217,14/12/24,f01825,Loan Repayment,Loan Repayment,,,"Rs 7,300.00",BRD-UJN
T031218,05/03/25,F01829,DELIVERY,wheat,13.0 qtl,"Rs 2,785.00","Rs 36,093.60",BRD-UJN
T031219,08/04/25,F01829,DELIVERY,Wheat (Durum),24.3 qtl,"Rs 2,785.00","Rs 67,564.10",BRD-UJN
T031220,02/04/25,F01831,D,WHEAT,39.44 q,"Rs 2,915.00","Rs 1,14,967.60",BRD-UJN
T031221,14/01/25,F01831,I,DAP,135 kgs,Rs 28.82,"Rs 3,890.70",BRD-UJN
T031222,07/12/24,f01831,I,PP chemicals,318 kgs,Rs 439.25,"Rs 1,39,681.50",BRD-UJN
T031223,26/03/25,F01833,D,Wheat,8.39 quintals,"Rs 2,855.00","Rs 23,953.45",BRD-UJN
T031224,28/03/25,F01833,Delivery,Wheat (Durum),"1,540.00 kgs","Rs 2,855.00","Rs 43,967.00",BRD-UJN
T031225,20/03/25,F01833,D,chana,0.37 MT,"Rs 6,835.00","Rs 25,562.90",BRD-UJN
T031226,13/04/25,F01833,FPO_DELIVERY,GRAM (Chana),488 kg,"Rs 6,835.00","Rs 33,354.80",BRD-UJN
T031227,23/12/24,F01833,Input Purchase,FERTILIZER 50kg bag,274 kgs,Rs 30.64,"Rs 8,395.36",BRD-UJN
T031228,29/12/24,F01833,I,SEEDS,287 kg,Rs 96.29,"Rs 27,635.23",BRD-UJN
T031229,02/01/25,F01833,FERT_PURCHASE,FERTILIZER 50kg bag,129 kgs,Rs 45.92,"Rs 5,923.68",BRD-UJN
T031230,12/04/25,F01837,FPO_DELIVERY,Lokwan Wheat,0.83 MT,"Rs 2,740.00","Rs 22,769.40",BRD-UJN
T031231,15/03/25,F01837,delivery,Lokwan Wheat,458.00 kgs,"Rs 2,740.00",₹ N/A,BRD-UJN
T031232,13/01/25,f01837,INPUT_PURCHASE,Fertilizer,28 kgs,Rs 44.56,"Rs 1,247.68",BRD-UJN
T031233,09/03/25,F01838,FPO_DELIVERY,Wheat (Durum),47.5 qtl,"Rs 2,850.00","Rs 1,35,460.50",BRD-UJN
T031234,22/12/24,F01838,FERT_PURCHASE,PP chemicals,277 kg,Rs 573.47,"Rs 1,58,851.19",BRD-UJN
T031235,26/12/24,F01838,INPUT_PURCHASE,SEEDS,258 kg,Rs 110.35,"Rs 28,470.30",BRD-UJN
T031236,01/04/25,f01839,DELIVERY,Wheat (Durum),3.61 q,"Rs 3,045.00","Rs 10,992.45",BRD-UJN
T031237,09/03/25,F01839,delivery,Lokwan Wheat,"1,691.00 kgs","Rs 3,045.00","Rs 51,490.95",BRD-UJN
T031238,12/12/24,F01839,input,FERTILIZER 50kg bag,226 kg,Rs 35.19,"Rs 7,952.94",BRD-UJN
T031239,06/04/25,F01842,Delivery,Wheat (Durum),172.00 kgs,"Rs 2,620.00","Rs 4,506.40",BRD-UJN
T031240,07/05/25,F01842,Delivery,wheat,1.45 quintals,"Rs 2,620.00","Rs 3,799.00",BRD-UJN
T031241,02/05/25,F01842,DELIVERY,wheat,17.5 qtl,"Rs 2,620.00","Rs 45,928.60",BRD-UJN
T031242,08/01/25,F01842,FERT_PURCHASE,Urea,127 kg,Rs 45.07,"Rs 5,723.89",BRD-UJN
T031243,15/01/25,F01842,input,DAP,192 kgs,Rs 50.44,"Rs 9,684.48",BRD-UJN
T031244,17/03/25,F01848,Delivery,WHEAT,"3,251.00 kgs","Rs 2,820.00","Rs 91,678.20",BRD-UJN
T031245,14/04/25,F01848,FPO_DELIVERY,WHEAT,7.00 kgs,"Rs 2,820.00",Rs 197.40,BRD-UJN
T031246,22/12/24,F01848,INPUT_PURCHASE,PP chemicals,27 kg,Rs 361.07,"Rs 9,748.89",BRD-UJN
T031247,13/12/24,F01848,FERT_PURCHASE,NPK 10:26:26,175 kgs,Rs 30.22,"Rs 5,288.50",BRD-UJN
T031248,06/01/25,F01848,FERT_PURCHASE,Hybrid Seeds,80 kgs,Rs 99.94,"Rs 7,995.20",BRD-UJN
T031249,24/03/25,F01859,Delivery,Wheat,"3,376.00 kgs","Rs 2,685.00","Rs 90,645.60",BRD-UJN
T031250,01/03/25,F01859,Delivery,Bengal Gram,247 kg,"Rs 7,175.00","Rs 17,722.25",BRD-UJN
T031251,22/03/25,F01859,FPO_DELIVERY,chana,0.72 MT,"Rs 7,175.00","Rs 51,660.00",BRD-UJN
T031252,09/01/25,F01859,I,Hybrid Seeds,73 kg,Rs 127.04,"Rs 9,273.92",BRD-UJN
T031253,02/03/25,F01865,DELIVERY,WHEAT,21.47 q,"Rs 2,780.00","Rs 59,686.60",BRD-UJN
T031254,04/01/25,F01865,FERT_PURCHASE,FERTILIZER 50kg bag,29 kg,Rs 43.00,"Rs 1,247.00",BRD-UJN
T031255,10/12/24,F01865,I,DAP,266 kg,Rs 32.45,"Rs 8,631.70",BRD-UJN
T031256,04/05/25,F01866,FPO_DELIVERY,Wheat,21.53 q,"Rs 2,810.00","Rs 60,499.30",BRD-UJN
T031257,13/03/25,f01866,D,Bengal Gram,5.0 qtl,"Rs 7,530.00","Rs 37,499.40",BRD-UJN
T031258,17/03/25,F01866,D,chana,235.00 kgs,"Rs 7,530.00","Rs 17,695.50",BRD-UJN
T031259,19/04/25,F01867,Delivery,WHEAT,"1,249.00 kgs","Rs 2,875.00","Rs 35,908.75",BRD-UJN
T031260,23/12/24,F01867,input,Seeds,174 kgs,Rs 54.33,"Rs 9,453.42",BRD-UJN
T031261,08/05/25,f01873,Delivery,Wheat,879 kg,"Rs 2,825.00","Rs 24,831.75",BRD-UJN
T031262,04/01/25,F01873,INPUT_PURCHASE,NPK 10:26:26,297 kgs,Rs 55.98,"Rs 16,626.06",BRD-UJN
T031263,30/03/25,F01875,FPO_DELIVERY,Wheat (Durum),12.7 qtl,"Rs 2,800.00","Rs 35,448.00",BRD-UJN
T031264,09/05/25,F01875,FPO_DELIVERY,Wheat (Durum),17.29 quintals,"Rs 2,800.00","Rs 48,412.00",BRD-UJN
T031265,08/01/25,F01875,INPUT_PURCHASE,Seeds,265 kgs,Rs 78.39,"Rs 20,773.35",BRD-UJN
T031266,02/01/25,F01875,input,FERTILIZER 50kg bag,171 kg,Rs 58.56,"Rs 10,013.76",BRD-UJN
T031267,26/12/24,f01875,input,FERTILIZER 50kg bag,245 kgs,Rs 40.36,"Rs 9,888.20",BRD-UJN
T031268,10/01/25, F01875 ,input,NPK 10:26:26,88 kg,Rs 43.79,"Rs 3,853.52",BRD-UJN
T031269,09/03/25,F01875,Loan Repayment,Loan Repayment,,,"Rs 5,300.00",BRD-UJN
T031270,10/04/25,F01876,DELIVERY,Wheat (Durum),11.00 quintals,"Rs 2,565.00","Rs 28,215.00",BRD-UJN
T031271,08/12/24,F01876,input,Urea,182 kgs,Rs 52.54,"Rs 9,562.28",BRD-UJN
T031272,15/05/25,f01878,delivery,WHEAT,24.57 quintals,"Rs 3,005.00","Rs 73,832.85",BRD-UJN
T031273,25/12/24,F01878,INPUT_PURCHASE,Hybrid Seeds,221 kg,Rs 75.90,"Rs 16,773.90",BRD-UJN
T031274,04/01/25,F01878,INPUT_PURCHASE,SEEDS,121 kgs,Rs 102.21,"Rs 12,367.41",BRD-UJN
T031275,26/01/25,F01878,Loan Repayment,EMI,,,"Rs 7,200.00",BRD-UJN
T031276,15/04/25,F01880,DELIVERY,Wheat,6.19 t,"Rs 2,775.00","Rs 1,71,800.25",BRD-UJN
T031277,01/01/25,F01880,Input Purchase,NPK 10:26:26,55 kgs,Rs 34.47,"Rs 1,895.85",BRD-UJN
T031278,30/12/24,F01880,INPUT_PURCHASE,Urea,280 kg,Rs 43.92,"Rs 12,297.60",BRD-UJN
T031279,22/12/24,F01880,I,Fertilizer,68 kg,Rs 37.55,"Rs 2,553.40",BRD-UJN
T031280,20/03/25,f01881,DELIVERY,Wheat,1.87 q,"Rs 2,805.00","Rs 5,245.35",BRD-UJN
T031281,23/03/25,F01881,Delivery,Wheat,2.88 q,"Rs 2,805.00","Rs 8,078.40",BRD-UJN
T031282,24/03/25,F01881,FPO_DELIVERY,wheat,25.0 qtl,"Rs 2,805.00","Rs 70,209.15",BRD-UJN
T031283,03/12/24,F01881,I,Urea,162 kgs,Rs 49.90,"Rs 8,083.80",BRD-UJN
T031284,02/12/24,F01881,input,Seeds,62 kgs,Rs 80.69,"Rs 5,002.78",BRD-UJN
T031285,05/03/25,F01886,DELIVERY,Wheat,"6,268.00 kgs","Rs 2,995.00","Rs 1,87,726.60",BRD-UJN
T031286,01/12/24,F01886,I,FERTILIZER 50kg bag,171 kg,Rs 56.56,"Rs 9,671.76",BRD-UJN
T031287,09/05/25,F01890,delivery,wheat,"1,952.00 kgs","Rs 2,835.00","Rs 55,339.20",BRD-UJN
T031288,11/03/25,F01893,delivery,wheat,"1,186.00 kgs","Rs 2,625.00","Rs 31,132.50",BRD-UJN
T031289,16/03/25,F01893,delivery,Gram,0.01 MT,"Rs 6,820.00","Rs 1,023.00",BRD-UJN
T031290,27/03/25,f01893,D,GRAM (Chana),4.61 q,"Rs 6,820.00","Rs 31,440.20",BRD-UJN
T031291,15/03/25,F01899,Delivery,Wheat (Durum),83.26 q,"Rs 2,875.00","Rs 2,39,372.50",BRD-UJN
T031292,15/04/25,F01899,FPO_DELIVERY,GRAM (Chana),13.9 qtl,"Rs 6,740.00","Rs 93,955.60",BRD-UJN
T031293,19/04/25,F01899,D,GRAM (Chana),1.78 t,"Rs 6,740.00","Rs 1,19,904.60",BRD-UJN
T031294,12/12/24,F01899,I,Urea,38 kg,Rs 30.79,"Rs 1,170.02",BRD-UJN
T031295,19/03/25,F01903,delivery,Lokwan Wheat,"1,673.00 kgs","Rs 2,755.00","Rs 46,091.15",BRD-UJN
T031296,12/03/25,F01903,D,WHEAT,718.00 kgs,"Rs 2,755.00","Rs 19,780.90",BRD-UJN
T031297,04/05/25,F01903,FPO_DELIVERY,Bengal Gram,633 kg,"Rs 7,195.00","Rs 45,544.35",BRD-UJN
T031298,10/05/25, F01903 ,FPO_DELIVERY,Gram,133 kg,"Rs 7,195.00","Rs 9,569.35",BRD-UJN
T031299,22/12/24,F01903,INPUT_PURCHASE,NPK 10:26:26,36 kgs,Rs 34.29,"Rs 1,234.44",BRD-UJN
T031300,02/01/25,F01903,input,SEEDS,141 kgs,Rs 101.81,"Rs 14,355.21",BRD-UJN
T031301,04/12/24,F01903,I,Fertilizer,69 kgs,Rs 54.90,"Rs 3,788.10",BRD-UJN
T031302,11/05/25,f01905,Delivery,WHEAT,0.2 qtl,"Rs 2,925.00",Rs 643.50,BRD-UJN
T031303,15/05/25,F01905,Delivery,Wheat (Durum),3.28 q,"Rs 2,925.00","Rs 9,594.00",BRD-UJN
T031304,18/04/25,F01907,delivery,Wheat,36.0 qtl,"Rs 2,870.00","Rs 1,03,434.80",BRD-UJN
T031305,14/05/25,F01907,Delivery,Bengal Gram,7.10 quintals,"Rs 6,895.00","Rs 48,954.50",BRD-UJN
T031306,15/03/25,F01907,FPO_DELIVERY,Bengal Gram,459.00 kgs,"Rs 6,895.00","Rs 31,648.05",BRD-UJN
T031307,14/12/24,F01907,INPUT_PURCHASE,FERTILIZER 50kg bag,147 kg,Rs 50.51,"Rs 7,424.97",BRD-UJN
T031308,08/01/25,F01907,FERT_PURCHASE,NPK 10:26:26,82 kg,Rs 52.63,"Rs 4,315.66",BRD-UJN
T031309,03/03/25,f01909,D,Wheat (Durum),56.28 quintals,"Rs 2,895.00","Rs 1,62,930.60",BRD-UJN
T031310,12/01/25,F01909,Input Purchase,NPK 10:26:26,58 kgs,Rs 33.64,"Rs 1,951.12",BRD-UJN
T031721,01/03/25,F02274,delivery,Wheat,10.00 q,"Rs 2,840.00","Rs 28,400.00",BRD-UJN
T031722,02/04/25, F02274 ,D,Wheat,0.66 quintals,"Rs 2,840.00","Rs 1,874.40",BRD-UJN
T031770,26/03/25,F02304,Delivery,Lokwan Wheat,3701 kg,"Rs 2,765.00","Rs 1,02,332.65",BRD-UJN
T031771,03/12/24,F02304,INPUT_PURCHASE,SEEDS,312 kgs,Rs 71.67,"Rs 22,361.04",BRD-UJN
T031786,11/04/25,F02313,Delivery,Wheat,1023 kg,"Rs 2,780.00","Rs 28,439.40",BRD-UJN
T031787,14/03/25,F02313,Delivery,Lokwan Wheat,824 kg,"Rs 2,780.00","Rs 22,907.20",BRD-UJN
T031788,23/12/24,F02313,loan,Loan Repayment,,,"Rs 5,400.00",BRD-UJN
T031800,07/05/25,F02325,FPO_DELIVERY,wheat,2487 kg,"Rs 3,170.00","Rs 78,837.90",BRD-UJN
T031801,04/12/24,F02325,I,Seeds,122 kg,Rs 68.71,"Rs 8,382.62",BRD-UJN
T031802,05/01/25,F02325,input,Fertilizer,161 kg,Rs 45.42,"Rs 7,312.62",BRD-UJN
T031803,17/12/24,F02325,FERT_PURCHASE,Seeds,283 kgs,Rs 63.68,"Rs 18,021.44",BRD-UJN
T031804,28/12/24,F02325,Input Purchase,PP chemicals,83 kgs,Rs 176.52,"Rs 14,651.16",BRD-UJN
T031806,16/04/25,f02338,D,WHEAT,3.89 MT,"Rs 2,825.00","Rs 1,09,836.00",BRD-UJN
T031807,10/12/24,f02338,INPUT_PURCHASE,NPK 10:26:26,273 kg,Rs 34.91,"Rs 9,530.43",BRD-UJN
T031808,04/12/24,f02338,input,Seeds,298 kgs,Rs 100.41,"Rs 29,922.18",BRD-UJN
T031813,14/05/25,F02345,D,WHEAT,"1,411.00 kgs","Rs 2,985.00","Rs 42,118.35",BRD-UJN
T031814,19/12/24,f02345,I,Hybrid Seeds,233 kg,Rs 96.14,"Rs 22,400.62",BRD-UJN
T031824,01/05/25,F02366,Delivery,WHEAT,6870 kg,"Rs 2,955.00","Rs 2,03,008.50",BRD-UJN
T031825,20/12/24,F02366,Input Purchase,PP chemicals,298 kgs,Rs 683.50,"Rs 2,03,683.00",BRD-UJN
T031826,11/12/24,F02366,INPUT_PURCHASE,Urea,54 kgs,Rs 54.81,"Rs 2,959.74",BRD-UJN
T031827,13/12/24,f02366,INPUT_PURCHASE,Hybrid Seeds,86 kg,Rs 102.07,"Rs 8,778.02",BRD-UJN
T031828,13/01/25,f02366,FERT_PURCHASE,NPK 10:26:26,245 kgs,Rs 55.00,"Rs 13,475.00",BRD-UJN
T031964,05/05/25,F02466,FPO_DELIVERY,WHEAT,5.49 quintals,"Rs 2,965.00","Rs 16,277.85",BRD-UJN
T031965,07/05/25,F02466,DELIVERY,Lokwan Wheat,18.15 q,"Rs 2,965.00","Rs 53,814.75",BRD-UJN
T031966,23/12/24,F02466,input,SEEDS,157 kgs,Rs 98.76,"Rs 15,505.32",BRD-UJN
T031967,29/12/24,F02466,INPUT_PURCHASE,Hybrid Seeds,233 kgs,Rs 79.26,"Rs 18,467.58",BRD-UJN
T031968,06/12/24,F02466,input,Hybrid Seeds,210 kg,Rs 60.13,"Rs 12,627.30",BRD-UJN
T031969,15/04/25,F02468,delivery,Wheat,5.68 q,"Rs 3,000.00","Rs 17,040.00",BRD-UJN
T031970,05/05/25,F02468,delivery,Lokwan Wheat,14.2 qtl,"Rs 3,000.00","Rs 42,630.00",BRD-UJN
T031971,09/12/24,F02468,input,Seeds,271 kg,Rs 71.24,"Rs 19,306.04",BRD-UJN
T031972,13/12/24,F02468,FERT_PURCHASE,Bio-pesticide,291 kgs,Rs 284.48,"Rs 82,783.68",BRD-UJN
T031981,15/04/25,f02473,DELIVERY,wheat,"1,086.00 kgs","Rs 2,780.00","Rs 30,190.80",BRD-UJN
T031982,11/12/24,F02473,INPUT_PURCHASE,Urea,26 kgs,Rs 33.82,Rs 879.32,BRD-UJN
T031986,12/05/25,F02475,D,wheat,11.00 q,"Rs 2,785.00","Rs 30,635.00",BRD-UJN
T031987,04/04/25,F02475,DELIVERY,Wheat,479 kg,"Rs 2,785.00","Rs 13,340.15",BRD-UJN
T031988,21/12/24,f02475,FERT_PURCHASE,NPK 10:26:26,307 kgs,Rs 34.05,"Rs 10,453.35",BRD-UJN
T031989,01/12/24,F02475,I,Seeds,248 kg,Rs 95.38,"Rs 23,654.24",BRD-UJN
T031990,08/12/24,F02475,FERT_PURCHASE,SEEDS,28 kgs,Rs 112.65,"Rs 3,154.20",BRD-UJN
T031991,05/05/25,F02475,L,Loan Repayment,,,"Rs 3,500.00",BRD-UJN
T031992,28/12/24,F02475,Loan Repayment,Loan Repayment,,,"Rs 7,200.00",BRD-UJN
T031999,01/03/25,F02481,D,Wheat (Durum),20.08 quintals,"Rs 2,890.00","Rs 58,031.20",BRD-UJN
T032000,15/01/25,F02481,input,SEEDS,72 kg,Rs 61.27,"Rs 4,411.44",BRD-UJN
T032001,27/12/24,F02481,loan,EMI,,,"Rs 4,900.00",BRD-UJN
T032002,08/01/25,F02481,loan,Loan Repayment,,,"Rs 3,600.00",BRD-UJN
T032003,16/01/25,F02481,LOAN_REPAY,Loan Repayment,,,"Rs 5,100.00",BRD-UJN
T032009,18/03/25, F02488 ,FPO_DELIVERY,Wheat,1064 kg,"Rs 2,960.00","Rs 31,494.40",BRD-UJN
T032010,07/12/24,F02488,Input Purchase,Seeds,173 kgs,Rs 123.75,"Rs 21,408.75",BRD-UJN
T032031,15/04/25,F02504,Delivery,Wheat,694 kg,"Rs 2,740.00","Rs 19,015.60",BRD-UJN
T032032,13/03/25, F02504 ,Delivery,Lokwan Wheat,2.78 q,"Rs 2,740.00","Rs 7,617.20",BRD-UJN
T032033,02/01/25,F02504,INPUT_PURCHASE,Seeds,240 kgs,Rs 65.07,"Rs 15,616.80",BRD-UJN
T032085,03/05/25,F02534,FPO_DELIVERY,Wheat (Durum),2.16 q,"Rs 2,910.00","Rs 6,285.60",BRD-UJN
T032086,13/12/24,f02534,I,Fertilizer,105 kg,Rs 36.43,"Rs 3,825.15",BRD-UJN
T032087,28/12/24,F02534,FERT_PURCHASE,Hybrid Seeds,114 kg,Rs 74.24,"Rs 8,463.36",BRD-UJN
T032088,08/03/25,F02539,D,Wheat (Durum),"3,858.00 kgs","Rs 2,785.00","Rs 1,07,445.30",BRD-UJN
T032089,24/03/25,F02539,Delivery,Wheat (Durum),4.68 q,"Rs 2,785.00","Rs 13,033.80",BRD-UJN
T032090,13/01/25,F02539,I,Fertilizer,257 kg,Rs 52.55,"Rs 13,505.35",BRD-UJN
T032144,12/03/25,F02568,D,WHEAT,66 kg,"Rs 2,925.00","Rs 1,930.50",BRD-UJN
T032145,21/03/25,f02568,FPO_DELIVERY,Wheat (Durum),"1,622.00 kgs","Rs 2,925.00","Rs 47,443.50",BRD-UJN
T032146,27/12/24,F02568,Input Purchase,Seeds,147 kg,Rs 114.20,"Rs 16,787.40",BRD-UJN
T032147,24/02/25,F02568,LOAN_REPAY,Loan Repayment,,,"Rs 7,300.00",BRD-UJN
T032148,09/05/25,F02569,DELIVERY,WHEAT,27.77 quintals,"Rs 2,495.00","Rs 69,286.15",BRD-UJN
T032149,02/01/25, F02569 ,FERT_PURCHASE,PPC,33 kgs,Rs 196.58,"Rs 6,487.14",BRD-UJN
T032150,31/12/24,F02569,INPUT_PURCHASE,Bio-pesticide,208 kg,Rs 148.88,"Rs 30,967.04",BRD-UJN
T032225,02/05/25, F02612 ,D,Lokwan Wheat,8.9 qtl,"Rs 2,780.00","Rs 24,853.20",BRD-UJN
T032226,01/05/25,F02612,DELIVERY,wheat,553.00 kgs,"Rs 2,780.00","Rs 15,373.40",BRD-UJN
T032227,06/04/25,F02613,Delivery,Wheat,2.42 MT,"Rs 2,755.00","Rs 66,615.90",BRD-UJN
T032228,27/12/24,F02613,FERT_PURCHASE,Fertilizer,33 kgs,Rs 54.16,"Rs 1,787.28",BRD-UJN
T032229,07/12/24,F02613,Input Purchase,PPC,267 kgs,Rs 275.40,"Rs 73,531.80",BRD-UJN
T032230,03/01/25,f02613,INPUT_PURCHASE,PP chemicals,199 kgs,Rs 302.56,"Rs 60,209.44",BRD-UJN
T032256,10/03/25,f02621,D,Wheat,740 kg,"Rs 2,825.00","Rs 20,905.00",BRD-UJN
T032257,04/01/25,F02621,Input Purchase,Seeds,148 kgs,Rs 118.83,"Rs 17,586.84",BRD-UJN
T032258,01/01/25,F02621,input,Fertilizer,174 kgs,Rs 38.52,"Rs 6,702.48",BRD-UJN
T032259,11/12/24,F02621,I,Hybrid Seeds,150 kgs,Rs 46.92,"Rs 7,038.00",BRD-UJN
T032346,13/03/25,F02652,Delivery,Wheat (Durum),961.00 kgs,"Rs 3,080.00","Rs 29,598.80",BRD-UJN
T032347,14/04/25,F02652,delivery,wheat,0.81 MT,"Rs 3,080.00","Rs 24,917.20",BRD-UJN
T032348,02/01/25,F02652,INPUT_PURCHASE,PP chemicals,291 kg,Rs 550.49,"Rs 1,60,192.59",BRD-UJN
T032349,22/12/24,F02652,input,DAP,168 kgs,Rs 33.94,"Rs 5,701.92",BRD-UJN
T032350,09/04/25,F02653,DELIVERY,WHEAT,1.22 quintals,"Rs 2,720.00","Rs 3,318.40",BRD-UJN
T032351,04/05/25,f02653,Delivery,wheat,6.6 qtl,"Rs 2,720.00","Rs 17,897.60",BRD-UJN
T032352,02/04/25,F02653,Delivery,Wheat (Durum),52 kg,"Rs 2,720.00","Rs 1,414.40",BRD-UJN
T032353,16/12/24,F02653,Input Purchase,Urea,116 kg,Rs 54.84,"Rs 6,361.44",BRD-UJN
T032355,23/03/25,F02655,DELIVERY,Wheat (Durum),4.25 q,"Rs 2,705.00","Rs 11,496.25",BRD-UJN
T032356,12/03/25,F02655,Delivery,Wheat,1305 kg,"Rs 2,705.00","Rs 35,300.25",BRD-UJN
T032357,30/12/24,F02655,FERT_PURCHASE,FERTILIZER 50kg bag,120 kgs,Rs 39.29,"Rs 4,714.80",BRD-UJN
T032358,01/02/25,F02655,LOAN_REPAY,Loan Repayment,,,"Rs 2,500.00",BRD-UJN
T032359,23/05/25,F02655,Loan Repayment,EMI,,,"Rs 7,800.00",BRD-UJN
T032365,23/04/25,f02659,delivery,Wheat,786 kg,"Rs 2,860.00","Rs 22,479.60",BRD-UJN
T032366,13/01/25,F02659,INPUT_PURCHASE,Bio-pesticide,67 kgs,Rs 365.29,"Rs 24,474.43",BRD-UJN
T032367,30/12/24,F02659,L,EMI,,,"Rs 1,700.00",BRD-UJN
T032393,04/03/25,F02668,FPO_DELIVERY,wheat,4.7 qtl,"Rs 3,005.00","Rs 14,033.35",BRD-UJN
T032394,15/03/25,F02668,Delivery,Lokwan Wheat,0.65 MT,"Rs 3,005.00","Rs 19,592.60",BRD-UJN
T032395,14/12/24,F02668,FERT_PURCHASE,PPC,227 kgs,Rs 463.54,"Rs 1,05,223.58",BRD-UJN
T032420,11/04/25,F02677,Delivery,Wheat (Durum),21.83 q,"Rs 2,920.00","Rs 63,743.60",BRD-UJN
T032421,21/04/25, F02677 ,FPO_DELIVERY,Lokwan Wheat,13.1 qtl,"Rs 2,920.00","Rs 38,222.80",BRD-UJN
T032422,10/12/24,F02677,I,FERTILIZER 50kg bag,38 kg,Rs 50.33,"Rs 1,912.54",BRD-UJN
T032453,05/04/25,F02688,delivery,Wheat (Durum),11.64 quintals,"Rs 2,765.00","Rs 32,184.60",BRD-UJN
T032454,18/04/25,f02688,D,Wheat (Durum),18.37 quintals,"Rs 2,765.00","Rs 50,793.05",BRD-UJN
T029079,19/06/24,F01806,input,Fertilizer,237 kg,Rs 49.58,"Rs 11,750.46",BRD-UJN
T020272,24/11/22,F01842,DELIVERY,soya,201.00 kgs,"Rs 5,500.00","Rs 11,055.00",BRD-UJN
T022585,13/12/22,F01815,input,Bio-pesticide,170 kg,Rs 627.17,"Rs 1,06,618.90",BRD-UJN
T029708,17/11/24,F02304,Delivery,SOYABEAN,3.49 q,"Rs 6,035.00","Rs 21,062.15",BRD-UJN
T029130,19/06/24,F01848,I,Fertilizer,229 kg,Rs 39.85,"Rs 9,125.65",BRD-UJN
T002964,01/07/19,F01814,input,Hybrid Seeds,87 kgs,Rs 109.86,"Rs 9,557.82",BRD-UJN
T022496,07/05/23,F01779,Delivery,Lokwan Wheat,"3,246.00 kgs","Rs 2,640.00","Rs 85,694.40",BRD-UJN
T006600,29/02/20,F01763,FPO_DELIVERY,Lokwan Wheat,5.82 quintals,"Rs 2,115.00","Rs 12,309.30",BRD-UJN
T017752,11/04/22,F01801,delivery,WHEAT,32.84 q,"Rs 2,355.00","Rs 77,338.20",BRD-UJN
T013741,05/04/21, F02310 ,delivery,Wheat (Durum),"2,493.00 kgs","Rs 2,280.00","Rs 56,840.40",BRD-UJN
T003284,25/11/19,f01907,DELIVERY,soya,320 kg,"Rs 4,995.00","Rs 15,984.00",BRD-UJN
T017883,10/12/21,F01865,I,Urea,147 kgs,Rs 39.59,"Rs 5,819.73",BRD-UJN
T010027,04/06/20,F01904,Input Purchase,PP chemicals,33 kgs,Rs 609.73,"Rs 20,121.09",BRD-UJN
T012652,19/03/21,F01817,FPO_DELIVERY,chana,531 kg,"Rs 5,895.00","Rs 31,302.45",BRD-UJN
T006724,29/02/20,F01812,delivery,wheat,9.87 quintals,"Rs 2,300.00","Rs 22,701.00",BRD-UJN
T015248,23/07/21,F01801,LOAN_REPAY,Loan Repayment,,,"Rs 6,700.00",BRD-UJN
T003274,18/10/19,F01904,D,Soybean,3.11 quintals,"Rs 4,420.00","Rs 13,746.20",BRD-UJN
T027725,06/03/24,F02338,delivery,Wheat,"1,967.00 kgs","Rs 2,775.00","Rs 54,584.25",BRD-UJN
T017806,29/03/22,F01829,D,Wheat,4.57 t,"Rs 2,330.00","Rs 1,06,481.00",BRD-UJN
T026965,09/12/23,F01784,INPUT_PURCHASE,NPK 10:26:26,317 kgs,Rs 56.94,"Rs 18,049.98",BRD-UJN
T030255,01/10/24,F02621,delivery,soya,101 kg,"Rs 5,685.00","Rs 5,741.85",BRD-UJN
T003105,25/10/19,F01853,DELIVERY,Soybean (Yellow),0.01 MT,"Rs 4,610.00",Rs 599.30,BRD-UJN
T024966,10/07/23,F01903,I,SEEDS,245 kgs,Rs 80.86,"Rs 19,810.70",BRD-UJN
T011080,09/10/20,F02336,delivery,SOYABEAN,4.41 q,"Rs 4,860.00","Rs 21,432.60",BRD-UJN
T024870,19/10/23,f01825,Delivery,Soybean (Yellow),"3,935.00 kgs","Rs 5,930.00","Rs 2,33,345.50",BRD-UJN
T023683,07/03/23,F02468,D,Wheat (Durum),1.92 MT,"Rs 2,740.00","Rs 52,553.20",BRD-UJN
T031161,30/12/24,F01782,INPUT_PURCHASE,PPC,267 kgs,Rs 650.37,"Rs 1,73,648.79",BRD-UJN
T017893,11/03/22,F01872,DELIVERY,Wheat (Durum),2.42 quintals,"Rs 2,395.00","Rs 5,795.90",BRD-UJN
T006970,20/03/20,F01899,FPO_DELIVERY,Gram,"4,045.00 kgs","Rs 5,310.00","Rs 2,14,789.50",BRD-UJN
T012775,23/04/21,F01872,D,Gram,0.5 qtl,"Rs 5,655.00","Rs 2,884.05",BRD-UJN
T012855,30/04/21,F01904,FPO_DELIVERY,Wheat (Durum),11.2 qtl,"Rs 2,310.00","Rs 25,825.80",BRD-UJN
T016133,24/11/21,F02274,D,Soybean (Yellow),422 kg,"Rs 5,265.00","Rs 22,218.30",BRD-UJN
T022629,02/01/23, F01838 ,FERT_PURCHASE,Seeds,210 kgs,Rs 60.87,"Rs 12,782.70",BRD-UJN
T022644,18/12/22,F01843,I,NPK 10:26:26,204 kg,Rs 37.77,"Rs 7,705.08",BRD-UJN
T022704,04/05/23,F01876,DELIVERY,Wheat (Durum),2.12 t,"Rs 2,480.00","Rs 52,650.40",BRD-UJN
T012711,20/03/21,F01843,Delivery,WHEAT,"1,676.00 kgs","Rs 2,495.00","Rs 41,816.20",BRD-UJN
T017776,28/04/22,F01809,Delivery,WHEAT,4.35 MT,"Rs 2,455.00",₹ N/A,BRD-UJN
T027072,18/03/24,f01851,delivery,wheat,"7,328.00 kgs","Rs 2,630.00","Rs 1,92,726.40",BRD-UJN
