txn_id,txn_date,farmer_id,txn_type,item,qty,rate_inr,amount_inr,gid
T002315,18-11-2019, F01618 ,D,soya,451 kg,"₹ 4,775","₹ 21,535",BRD-IND
T002316,13-10-2019,F01619,D,Soybean (Yellow),240 kg,"₹ 4,955","₹ 11,892",BRD-IND
T002317,21-10-2019, F01619 ,Delivery,Soybean,173 kg,"₹ 4,955","₹ 8,572",BRD-IND
T002318,08-07-2019,F01619,FERT_PURCHASE,Seeds,165 kg,₹ 76,"₹ 12,593",BRD-IND
T002319,03-07-2019,F01619,input,Urea,261 kg,₹ 50,"₹ 13,045",BRD-IND
T002320,02-11-2019,F01620,DELIVERY,Soybean (Yellow),"1,693.00 kgs","₹ 5,260","₹ 89,052",BRD-IND
T002321,03-10-2019,F01620,delivery,SOYABEAN,160 kg,"₹ 5,260","₹ 8,416",BRD-IND
T002322,19-06-2019,F01620,input,Fertilizer,246 kg,₹ 50,"₹ 12,177",BRD-IND
T002323,13-10-2019,F01621,Delivery,Soybean (Yellow),207.00 kgs,"₹ 4,660","₹ 9,646",BRD-IND
T002324,14-07-2019,F01621,I,SEEDS,174 kgs,₹ 66,"₹ 11,418",BRD-IND
T002325,15-07-2019,F01621,FERT_PURCHASE,SEEDS,158 kgs,₹ 127,"₹ 20,139",BRD-IND
T002326,11-07-2019,F01621,input,DAP,103 kg,₹ 59,"₹ 6,054",BRD-IND
T002327,09-07-2019,f01621,input,Seeds,295 kg,₹ 78,"₹ 22,960",BRD-IND
T002328,04-06-2019,F01621,Input Purchase,DAP,182 kg,₹ 36,"₹ 6,508",BRD-IND
T002329,20-10-2019,F01622,DELIVERY,soya,428.00 kgs,"₹ 4,745","₹ 20,309",BRD-IND
T002330,14-11-2019,F01623,delivery,SOYABEAN,917.00 kgs,"₹ 4,695","₹ 43,053",BRD-IND
T002331,30-11-2019,F01624,D,SOYABEAN,217.00 kgs,"₹ 4,345","₹ 9,429",BRD-IND
T002332,10-11-2019,F01624,FPO_DELIVERY,Soybean,181 kg,"₹ 4,345","₹ 7,864",BRD-IND
T002333,26-11-2019,F01624,DELIVERY,soya,"1,155.00 kgs","₹ 4,345","₹ 50,185",BRD-IND
T002334,08-06-2019,F01624,input,PP chemicals,71 kg,₹ 517,"₹ 36,691",BRD-IND
T002335,08-07-2019, F01624 ,Input Purchase,Fertilizer,70 kg,₹ 33,"₹ 2,295",BRD-IND
T002336,31-10-2019,F01625,D,Soybean,13 kg,"₹ 4,880",₹ 634,BRD-IND
T002337,23-10-2019,F01625,DELIVERY,Soybean (Yellow),206 kg,"₹ 4,880","₹ 10,053",BRD-IND
T002338,22-10-2019,f01625,Delivery,SOYABEAN,286 kg,"₹ 4,880","₹ 13,957",BRD-IND
T002339,25-06-2019,F01625,FERT_PURCHASE,Bio-pesticide,92 kgs,₹ 403,"₹ 37,074",BRD-IND
T002340,28-10-2019,F01625,LOAN_REPAY,Loan Repayment,,,"₹ 3,200",BRD-IND
T002341,01-10-2019,F01626,FPO_DELIVERY,soya,70 kg,"₹ 4,520","₹ 3,164",BRD-IND
T002342,14-11-2019,f01626,FPO_DELIVERY,SOYABEAN,268.00 kgs,"₹ 4,520","₹ 12,114",BRD-IND
T002343,19-06-2019,F01626,INPUT_PURCHASE,DAP,315 kgs,₹ 34,"₹ 10,641",BRD-IND
T002344,09-10-2019, F01627 ,delivery,Soybean (Yellow),98.00 kgs,"₹ 4,825","₹ 4,728",BRD-IND
T002345,05-11-2019,F01627,delivery,SOYABEAN,262.00 kgs,"₹ 4,825","₹ 12,642",BRD-IND
T002346,14-09-2019,F01627,LOAN_REPAY,EMI,,,"₹ 7,100",BRD-IND
T002347,18-11-2019,F01628,FPO_DELIVERY,soya,161 kg,"₹ 4,785","₹ 7,704",BRD-IND
T002348,09-11-2019,F01628,DELIVERY,SOYABEAN,363 kg,"₹ 4,785","₹ 17,370",BRD-IND
T002349,24-06-2019,F01628,INPUT_PURCHASE,SEEDS,63 kgs,₹ 94,"₹ 5,915",BRD-IND
T002350,23-11-2019,F01629,FPO_DELIVERY,soya,343 kg,"₹ 4,765","₹ 16,344",BRD-IND
T002351,01-11-2019,F01629,DELIVERY,soya,209 kg,"₹ 4,765","₹ 9,959",BRD-IND
T002352,25-11-2019,F01630,D,SOYABEAN,"1,112.00 kgs","₹ 5,045","₹ 56,100",BRD-IND
T002353,08-11-2019,F01631,FPO_DELIVERY,soya,509 kg,"₹ 4,940","₹ 25,145",BRD-IND
T002354,23-06-2019,F01631,FERT_PURCHASE,FERTILIZER 50kg bag,216 kgs,₹ 47,"₹ 10,100",BRD-IND
T002355,07-06-2019,F01631,input,Hybrid Seeds,49 kg,₹ 123,"₹ 6,009",BRD-IND
T002356,11-11-2019,F01632,delivery,Soybean (Yellow),,"₹ 4,775","₹ 14,802",BRD-IND
T002357,18-10-2019,F01633,delivery,Soybean,436.00 kgs,"₹ 5,255","₹ 22,912",BRD-IND
T002358,24-11-2019, F01633 ,D,Soybean (Yellow),"1,191.00 kgs","₹ 5,255","₹ 62,587",BRD-IND
T002359,23-06-2019,F01633,input,Fertilizer,34 kg,₹ 57,"₹ 1,952",BRD-IND
T002360,02-07-2019,F01633,input,Urea,291 kgs,₹ 58,"₹ 16,747",BRD-IND
T002361,27-10-2019,F01634,D,SOYABEAN,79.00 kgs,"₹ 4,705","₹ 3,717",BRD-IND
T002362,20-10-2019,F01634,D,soya,14.00 kgs,"₹ 4,705",₹ 659,BRD-IND
T002363,19-06-2019,F01634,FERT_PURCHASE,Fertilizer,220 kg,₹ 40,"₹ 8,837",BRD-IND
T002364,16-11-2019,F01635,delivery,SOYABEAN,375 kg,"₹ 4,680","₹ 17,550",BRD-IND
T002365,19-10-2019,F01635,D,SOYABEAN,330.00 kgs,"₹ 4,680","₹ 15,444",BRD-IND
T002366,11-07-2019,F01635,input,Seeds,285 kg,₹ 92,"₹ 26,308",BRD-IND
T002367,24-06-2019,f01635,FERT_PURCHASE,Fertilizer,130 kg,₹ 54,"₹ 6,960",BRD-IND
T002368,04-06-2019,F01635,loan,EMI,,,"₹ 3,400",BRD-IND
T002369,17-11-2019,f01636,D,Soybean (Yellow),"1,084.00 kgs","₹ 4,990","₹ 54,092",BRD-IND
T002370,28-11-2019,f01636,delivery,soya,96 kg,"₹ 4,990","₹ 4,790",BRD-IND
T002371,24-06-2019,F01636,FERT_PURCHASE,Hybrid Seeds,294 kgs,₹ 82,"₹ 24,008",BRD-IND
T002372,07-10-2019,F01637,D,soya,3726 kg,"₹ 4,755","₹ 1,77,171",BRD-IND
T002373,01-07-2019,F01637,input,Seeds,317 kgs,₹ 72,"₹ 22,795",BRD-IND
T002374,14-06-2019,F01637,loan,EMI,,,"₹ 3,900",BRD-IND
T002375,05-08-2019,F01637,loan,Loan Repayment,,,"₹ 7,500",BRD-IND
T002376,14-11-2019,F01638,delivery,Soybean (Yellow),501.00 kgs,"₹ 5,030","₹ 25,200",BRD-IND
T002377,20-10-2019,f01639,D,Soybean (Yellow),788.00 kgs,"₹ 4,820","₹ 37,982",BRD-IND
T002378,14-11-2019,F01639,DELIVERY,soya,43 kg,"₹ 4,820","₹ 2,073",BRD-IND
T002379,14-07-2019,F01639,Input Purchase,FERTILIZER 50kg bag,294 kgs,₹ 49,"₹ 14,427",BRD-IND
T002380,11-06-2019,f01639,I,Urea,33 kgs,₹ 51,"₹ 1,690",BRD-IND
T002381,30-11-2019,F01640,FPO_DELIVERY,SOYABEAN,"2,906.00 kgs","₹ 4,720","₹ 1,37,163",BRD-IND
T002382,18-06-2019,F01640,FERT_PURCHASE,Fertilizer,122 kgs,₹ 43,"₹ 5,261",BRD-IND
T002383,12-11-2019,F01641,Delivery,Soybean,191.00 kgs,"₹ 5,130","₹ 9,798",BRD-IND
T002384,12-11-2019,F01641,FPO_DELIVERY,soya,630.00 kgs,"₹ 5,130","₹ 32,319",BRD-IND
T002385,11-06-2019,F01641,I,SEEDS,101 kg,₹ 68,"₹ 6,901",BRD-IND
T002386,26-06-2019,F01641,INPUT_PURCHASE,Seeds,60 kgs,₹ 129,"₹ 7,765",BRD-IND
T002387,14-08-2019,F01641,LOAN_REPAY,EMI,,,"₹ 6,300",BRD-IND
T002388,23-06-2019,F01641,L,EMI,,,"₹ 5,600",BRD-IND
T002389,04-11-2019,F01642,delivery,Soybean,528 kg,"₹ 4,935","₹ 26,057",BRD-IND
T002390,25-11-2019,F01642,DELIVERY,Soybean,298.00 kgs,"₹ 4,935","₹ 14,706",BRD-IND
T002391,04-11-2019,F01642,D,Soybean (Yellow),66 kg,"₹ 4,935","₹ 3,257",BRD-IND
T002392,09-06-2019,F01642,I,Hybrid Seeds,245 kgs,₹ 123,"₹ 30,015",BRD-IND
T002393,03-06-2019,f01642,FERT_PURCHASE,FERTILIZER 50kg bag,94 kgs,₹ 51,"₹ 4,793",BRD-IND
T002394,15-11-2019,F01643,delivery,SOYABEAN,392.00 kgs,"₹ 4,845","₹ 18,992",BRD-IND
T002395,23-10-2019,F01643,D,SOYABEAN,627 kg,"₹ 4,845","₹ 30,378",BRD-IND
T002396,30-11-2019,F01644,DELIVERY,soya,2852 kg,"₹ 5,265","₹ 1,50,158",BRD-IND
T002397,14-10-2019,F01644,D,Soybean,157 kg,"₹ 5,265","₹ 8,266",BRD-IND
T002398,30-06-2019,F01644,INPUT_PURCHASE,SEEDS,177 kg,₹ 45,"₹ 7,967",BRD-IND
T002399,03-10-2019,F01645,FPO_DELIVERY,soya,5196 kg,"₹ 4,600","₹ 2,39,016",BRD-IND
T002400,22-06-2019,F01645,Input Purchase,PPC,33 kg,₹ 131,"₹ 4,311",BRD-IND
T002401,19-11-2019,F01646,D,SOYABEAN,336.00 kgs,"₹ 4,760","₹ 15,994",BRD-IND
T002402,23-11-2019,F01646,FPO_DELIVERY,Soybean (Yellow),132 kg,"₹ 4,760","₹ 6,283",BRD-IND
T002403,05-06-2019,f01646,input,FERTILIZER 50kg bag,74 kg,₹ 55,"₹ 4,057",BRD-IND
T002404,15-10-2019,F01647,delivery,Soybean (Yellow),"1,560.00 kgs","₹ 4,815","₹ 75,114",BRD-IND
T002405,13-06-2019,F01647,I,Fertilizer,299 kg,₹ 53,"₹ 15,772",BRD-IND
T002406,07-11-2019,F01648,Delivery,soya,333.00 kgs,"₹ 4,650","₹ 15,484",BRD-IND
T002407,17-11-2019,F01648,Delivery,Soybean (Yellow),7 kg,"₹ 4,650",₹ 326,BRD-IND
T002408,01-07-2019,F01648,INPUT_PURCHASE,Fertilizer,257 kg,₹ 45,"₹ 11,611",BRD-IND
T002409,14-11-2019,F01649,DELIVERY,Soybean,1935 kg,"₹ 4,920","₹ 95,202",BRD-IND
T002410,05-11-2019,F01649,Loan Repayment,Loan Repayment,,,"₹ 5,900",BRD-IND
T002411,27-10-2019,F01650,DELIVERY,Soybean (Yellow),765 kg,"₹ 4,525","₹ 34,616",BRD-IND
T002412,24-06-2019,F01650,INPUT_PURCHASE,SEEDS,92 kg,₹ 68,"₹ 6,224",BRD-IND
T002413,21-06-2019,F01650,L,Loan Repayment,,,"₹ 6,800",BRD-IND
T002414,19-08-2019,F01650,L,Loan Repayment,,,"₹ 7,900",BRD-IND
T002415,09-11-2019,f01650,LOAN_REPAY,EMI,,,"₹ 3,800",BRD-IND
T002416,03-06-2019,F01650,LOAN_REPAY,EMI,,,"₹ 1,800",BRD-IND
T002417,18-10-2019,F01651,delivery,Soybean (Yellow),518.00 kgs,"₹ 4,980","₹ 25,796",BRD-IND
T002418,29-11-2019,F01651,FPO_DELIVERY,Soybean,9.00 kgs,"₹ 4,980",₹ 448,BRD-IND
T002419,02-07-2019,f01651,FERT_PURCHASE,PP chemicals,114 kgs,₹ 375,"₹ 42,716",BRD-IND
T002420,10-10-2019,F01652,DELIVERY,Soybean,342.00 kgs,"₹ 4,945","₹ 16,912",BRD-IND
T002421,27-10-2019,F01652,delivery,Soybean (Yellow),240.00 kgs,"₹ 4,945","₹ 11,868",BRD-IND
T002422,01-07-2019,F01652,INPUT_PURCHASE,DAP,319 kgs,₹ 38,"₹ 12,218",BRD-IND
T002423,22-11-2019,F01653,D,Soybean (Yellow),665.00 kgs,"₹ 4,840","₹ 32,186",BRD-IND
T002424,06-06-2019,f01653,Input Purchase,Urea,273 kg,₹ 37,"₹ 10,197",BRD-IND
T002425,25-11-2019,F01654,delivery,SOYABEAN,294.00 kgs,"₹ 5,075","₹ 14,920",BRD-IND
T002426,23-10-2019,F01654,D,soya,"1,981.00 kgs","₹ 5,075","₹ 1,00,536",BRD-IND
T002427,30-10-2019,F01654,DELIVERY,Soybean,"1,569.00 kgs","₹ 5,075","₹ 79,627",BRD-IND
T002428,11-07-2019,F01654,input,Urea,79 kgs,₹ 57,"₹ 4,502",BRD-IND
T002429,15-10-2019,F01655,Delivery,Soybean (Yellow),164 kg,"₹ 4,815","₹ 7,897",BRD-IND
T002430,22-11-2019,F01655,delivery,Soybean,536 kg,"₹ 4,815","₹ 25,808",BRD-IND
T002431,05-10-2019,F01655,FPO_DELIVERY,Soybean,115 kg,"₹ 4,815","₹ 5,537",BRD-IND
T002432,08-10-2019,F01656,DELIVERY,soya,154.00 kgs,"₹ 4,580","₹ 7,053",BRD-IND
T002433,06-11-2019,F01656,FPO_DELIVERY,Soybean (Yellow),537.00 kgs,"₹ 4,580","₹ 24,595",BRD-IND
T002434,18-06-2019,F01656,I,Fertilizer,75 kgs,₹ 52,"₹ 3,909",BRD-IND
T002435,13-10-2019,f01657,Delivery,SOYABEAN,158 kg,"₹ 5,175","₹ 8,176",BRD-IND
T002436,08-11-2019,F01657,D,soya,447.00 kgs,"₹ 5,175","₹ 23,132",BRD-IND
T002437,01-07-2019,f01657,FERT_PURCHASE,Hybrid Seeds,174 kgs,₹ 123,"₹ 21,479",BRD-IND
T002438,03-06-2019,F01657,I,Seeds,110 kgs,₹ 123,"₹ 13,537",BRD-IND
T002439,14-10-2019,F01658,delivery,soya,2715 kg,"₹ 4,665","₹ 1,26,655",BRD-IND
T002440,10-06-2019,F01658,I,PPC,187 kgs,₹ 164,"₹ 30,689",BRD-IND
T002441,18-06-2019,f01658,I,FERTILIZER 50kg bag,112 kg,₹ 58,"₹ 6,495",BRD-IND
T002442,02-06-2019,F01658,Input Purchase,Fertilizer,121 kg,₹ 55,"₹ 6,679",BRD-IND
T002443,04-10-2019,F01659,DELIVERY,Soybean,864.00 kgs,"₹ 5,120","₹ 44,237",BRD-IND
T002444,18-11-2019,F01659,D,soya,1959 kg,"₹ 5,120","₹ 1,00,301",BRD-IND
T002445,16-11-2019,F01659,D,soya,926 kg,"₹ 5,120","₹ 47,411",BRD-IND
T002446,23-06-2019,F01659,input,DAP,243 kgs,₹ 36,"₹ 8,750",BRD-IND
T002447,24-10-2019,F01660,Delivery,SOYABEAN,825.00 kgs,"₹ 4,840","₹ 39,930",BRD-IND
T002448,15-10-2019,F01660,D,Soybean (Yellow),58.00 kgs,"₹ 4,840","₹ 2,807",BRD-IND
T002449,08-06-2019,f01660,INPUT_PURCHASE,PP chemicals,318 kgs,₹ 321,"₹ 1,02,084",BRD-IND
T002450,08-10-2019,f01661,FPO_DELIVERY,Soybean,703.00 kgs,"₹ 4,940","₹ 34,728",BRD-IND
T002451,20-06-2019,F01661,input,Bio-pesticide,72 kg,₹ 402,"₹ 28,975",BRD-IND
T002452,15-06-2019,F01661,INPUT_PURCHASE,Urea,137 kgs,₹ 36,"₹ 4,937",BRD-IND
T002453,29-06-2019,F01661,input,FERTILIZER 50kg bag,272 kgs,₹ 49,"₹ 13,377",BRD-IND
T002454,22-11-2019,F01662,DELIVERY,soya,647 kg,"₹ 4,805","₹ 31,088",BRD-IND
T002455,25-10-2019,F01662,D,SOYABEAN,186.00 kgs,"₹ 4,805","₹ 8,937",BRD-IND
T002456,16-06-2019,F01662,input,DAP,184 kgs,₹ 54,"₹ 9,947",BRD-IND
T002457,08-11-2019,F01663,FPO_DELIVERY,SOYABEAN,42.00 kgs,"₹ 4,955","₹ 2,081",BRD-IND
T002458,23-10-2019,F01663,delivery,Soybean,36.00 kgs,"₹ 4,955","₹ 1,784",BRD-IND
T002459,24-10-2019,F01663,delivery,Soybean (Yellow),78.00 kgs,"₹ 4,955","₹ 3,865",BRD-IND
T002460,07-11-2019,F01664,FPO_DELIVERY,Soybean,"1,167.00 kgs","₹ 4,945","₹ 57,708",BRD-IND
T002461,16-11-2019,F01664,delivery,Soybean,70 kg,"₹ 4,945","₹ 3,462",BRD-IND
T002462,27-06-2019,F01664,Input Purchase,Seeds,131 kg,₹ 127,"₹ 16,611",BRD-IND
T002463,19-10-2019, F01665 ,D,Soybean,569.00 kgs,"₹ 5,015","₹ 28,535",BRD-IND
T002464,07-10-2019,F01665,FPO_DELIVERY,SOYABEAN,105 kg,"₹ 5,015","₹ 5,266",BRD-IND
T002465,01-06-2019,f01665,FERT_PURCHASE,Hybrid Seeds,60 kgs,₹ 120,"₹ 7,220",BRD-IND
T002466,01-10-2019,F01666,DELIVERY,soya,1045 kg,"₹ 4,735","₹ 49,481",BRD-IND
T002467,26-06-2019, F01666 ,INPUT_PURCHASE,NPK 10:26:26,110 kg,₹ 59,"₹ 6,447",BRD-IND
T002468,06-06-2019,F01666,input,Seeds,77 kg,₹ 55,"₹ 4,252",BRD-IND
T002469,19-10-2019,F01667,FPO_DELIVERY,Soybean (Yellow),664.00 kgs,"₹ 4,705","₹ 31,241",BRD-IND
T002470,28-06-2019,f01667,I,Seeds,104 kg,₹ 84,"₹ 8,707",BRD-IND
T002471,14-10-2019,F01668,DELIVERY,soya,510.00 kgs,"₹ 4,755","₹ 24,250",BRD-IND
T002472,16-10-2019,F01669,delivery,SOYABEAN,2833 kg,"₹ 5,225","₹ 1,48,024",BRD-IND
T002473,19-06-2019,F01669,Input Purchase,Fertilizer,230 kg,₹ 51,"₹ 11,788",BRD-IND
T002474,05-11-2019,F01670,D,soya,287.00 kgs,"₹ 5,180","₹ 14,867",BRD-IND
T002475,11-11-2019,F01670,D,SOYABEAN,"1,824.00 kgs","₹ 5,180","₹ 94,483",BRD-IND
T002476,03-07-2019,F01670,input,Urea,116 kg,₹ 51,"₹ 5,861",BRD-IND
T002477,07-10-2019,F01671,FPO_DELIVERY,soya,738.00 kgs,"₹ 4,935","₹ 36,420",BRD-IND
T002478,25-06-2019,f01671,INPUT_PURCHASE,Fertilizer,120 kg,₹ 49,"₹ 5,922",BRD-IND
T002479,08-11-2019,F01672,Delivery,Soybean (Yellow),1029 kg,"₹ 5,030","₹ 51,759",BRD-IND
T002480,02-11-2019, F01672 ,D,soya,248.00 kgs,"₹ 5,030","₹ 12,474",BRD-IND
T002481,02-11-2019,f01673,D,SOYABEAN,174.00 kgs,"₹ 4,700","₹ 8,178",BRD-IND
T002482,21-11-2019,F01673,Delivery,soya,255.00 kgs,"₹ 4,700","₹ 11,985",BRD-IND
T002483,06-06-2019,F01673,FERT_PURCHASE,Fertilizer,179 kgs,₹ 58,"₹ 10,452",BRD-IND
T002484,18-06-2019,F01673,FERT_PURCHASE,Fertilizer,258 kgs,₹ 56,"₹ 14,378",BRD-IND
T002485,13-11-2019,F01674,D,soya,508 kg,"₹ 4,960","₹ 25,197",BRD-IND
T002486,03-08-2019,F01674,loan,Loan Repayment,,,"₹ 4,400",BRD-IND
T002487,19-09-2019,F01674,Loan Repayment,EMI,,,"₹ 7,700",BRD-IND
T002488,02-07-2019,f01674,loan,Loan Repayment,,,"₹ 1,300",BRD-IND
T002489,24-08-2019,F01674,L,EMI,,,"₹ 3,800",BRD-IND
T002490,12-10-2019,F01675,Delivery,Soybean (Yellow),504.00 kgs,"₹ 4,770","₹ 24,041",BRD-IND
T002491,30-10-2019,F01675,Delivery,Soybean,358 kg,"₹ 4,770","₹ 17,077",BRD-IND
T002492,12-08-2019,F01675,LOAN_REPAY,Loan Repayment,,,"₹ 3,600",BRD-IND
T002493,17-11-2019,F01676,D,SOYABEAN,705.00 kgs,"₹ 4,700","₹ 33,135",BRD-IND
T002494,13-06-2019,F01676,I,Bio-pesticide,260 kgs,₹ 321,"₹ 83,457",BRD-IND
T002495,29-06-2019,F01676,FERT_PURCHASE,Bio-pesticide,222 kgs,₹ 212,"₹ 46,991",BRD-IND
T002496,11-10-2019,F01677,Delivery,Soybean,529.00 kgs,"₹ 4,930","₹ 26,080",BRD-IND
T002497,13-10-2019,F01677,delivery,Soybean (Yellow),680.00 kgs,"₹ 4,930","₹ 33,524",BRD-IND
T002498,17-06-2019,F01677,I,Seeds,49 kg,₹ 122,"₹ 5,993",BRD-IND
T002499,01-06-2019,F01677,Loan Repayment,EMI,,,"₹ 5,600",BRD-IND
T002500,18-10-2019,F01678,D,SOYABEAN,667.00 kgs,"₹ 4,820","₹ 32,149",BRD-IND
T002501,19-11-2019,F01678,D,Soybean,107.00 kgs,"₹ 4,820","₹ 5,157",BRD-IND
T002502,28-11-2019,F01679,DELIVERY,SOYABEAN,"1,485.00 kgs","₹ 4,915","₹ 72,988",BRD-IND
T002503,06-11-2019, F01679 ,Delivery,Soybean,874.00 kgs,"₹ 4,915","₹ 42,957",BRD-IND
T002504,27-06-2019,F01679,INPUT_PURCHASE,Seeds,29 kgs,₹ 102,"₹ 2,952",BRD-IND
T002505,23-11-2019,F01680,FPO_DELIVERY,Soybean,858 kg,"₹ 4,995","₹ 42,857",BRD-IND
T002506,02-07-2019,F01680,input,DAP,76 kgs,₹ 52,"₹ 3,951",BRD-IND
T002507,21-11-2019,F01681,delivery,Soybean (Yellow),38 kg,"₹ 4,795","₹ 1,822",BRD-IND
T002508,30-11-2019,F01681,Delivery,Soybean (Yellow),36 kg,"₹ 4,795","₹ 1,726",BRD-IND
T002509,12-10-2019,F01681,FPO_DELIVERY,SOYABEAN,154.00 kgs,"₹ 4,795","₹ 7,384",BRD-IND
T002510,13-06-2019,F01681,I,Urea,152 kg,₹ 41,"₹ 6,173",BRD-IND
T002511,01-06-2019,F01681,FERT_PURCHASE,Hybrid Seeds,59 kgs,₹ 61,"₹ 3,574",BRD-IND
T002512,22-11-2019,F01682,DELIVERY,SOYABEAN,111 kg,"₹ 4,685","₹ 5,200",BRD-IND
T002513,06-10-2019,F01682,FPO_DELIVERY,Soybean (Yellow),368 kg,"₹ 4,685","₹ 17,241",BRD-IND
T002514,30-06-2019,F01682,INPUT_PURCHASE,SEEDS,125 kgs,₹ 79,"₹ 9,910",BRD-IND
T002515,02-06-2019,F01682,input,DAP,206 kg,₹ 52,"₹ 10,650",BRD-IND
T002516,01-10-2019,F01683,Delivery,SOYABEAN,890 kg,"₹ 4,415","₹ 39,294",BRD-IND
T002517,19-10-2019,F01683,D,SOYABEAN,209 kg,"₹ 4,415","₹ 9,227",BRD-IND
T002518,05-06-2019,F01683,I,PPC,252 kg,₹ 328,"₹ 82,767",BRD-IND
T002519,19-06-2019,F01683,FERT_PURCHASE,Hybrid Seeds,223 kgs,₹ 59,"₹ 13,090",BRD-IND
T002520,04-07-2019,f01683,INPUT_PURCHASE,FERTILIZER 50kg bag,88 kg,₹ 44,"₹ 3,910",BRD-IND
T002521,23-06-2019, F01683 ,I,Seeds,194 kgs,₹ 64,"₹ 12,430",BRD-IND
T002522,25-06-2019,F01683,Input Purchase,SEEDS,256 kg,₹ 75,"₹ 19,272",BRD-IND
T002523,22-10-2019,F01683,LOAN_REPAY,EMI,,,"₹ 5,200",BRD-IND
T002524,05-11-2019,f01684,D,SOYABEAN,1066 kg,"₹ 4,820","₹ 51,381",BRD-IND
T002525,06-10-2019,F01684,FPO_DELIVERY,soya,374.00 kgs,"₹ 4,820","₹ 18,027",BRD-IND
T002526,22-06-2019,f01684,input,Urea,35 kgs,₹ 41,"₹ 1,442",BRD-IND
T002527,03-06-2019,F01684,FERT_PURCHASE,Seeds,110 kgs,₹ 53,"₹ 5,780",BRD-IND
T002528,13-11-2019,f01685,DELIVERY,SOYABEAN,80.00 kgs,"₹ 5,015","₹ 4,012",BRD-IND
T002529,26-10-2019,F01685,FPO_DELIVERY,Soybean,160.00 kgs,"₹ 5,015","₹ 8,024",BRD-IND
T002530,02-06-2019,F01685,I,SEEDS,181 kg,₹ 100,"₹ 18,154",BRD-IND
T002531,28-11-2019,F01686,D,soya,10.00 kgs,"₹ 4,755",₹ 476,BRD-IND
T002532,30-10-2019,F01686,D,Soybean,394.00 kgs,"₹ 4,755","₹ 18,735",BRD-IND
T002533,03-11-2019,F01686,DELIVERY,Soybean (Yellow),357.00 kgs,"₹ 4,755","₹ 16,975",BRD-IND
T002534,10-06-2019,F01686,FERT_PURCHASE,NPK 10:26:26,139 kgs,₹ 60,"₹ 8,316",BRD-IND
T002535,11-10-2019,F01687,DELIVERY,Soybean,62 kg,"₹ 5,170","₹ 3,205",BRD-IND
T002536,05-10-2019,f01687,DELIVERY,soya,438.00 kgs,"₹ 5,170","₹ 22,645",BRD-IND
T002537,05-10-2019,F01687,DELIVERY,SOYABEAN,"1,424.00 kgs","₹ 5,170","₹ 73,621",BRD-IND
T002538,02-07-2019, F01687 ,FERT_PURCHASE,Urea,81 kg,₹ 37,"₹ 2,984",BRD-IND
T002539,12-06-2019,f01687,I,DAP,246 kgs,₹ 29,"₹ 7,208",BRD-IND
T002540,16-06-2019,F01687,INPUT_PURCHASE,Seeds,179 kgs,₹ 87,"₹ 15,620",BRD-IND
T002541,28-11-2019,F01688,delivery,Soybean,392 kg,"₹ 4,775","₹ 18,718",BRD-IND
T002542,26-11-2019,F01689,delivery,Soybean (Yellow),558 kg,"₹ 4,885","₹ 27,258",BRD-IND
T002543,05-11-2019,F01690,Delivery,SOYABEAN,284 kg,"₹ 5,000","₹ 14,200",BRD-IND
T002544,22-06-2019,F01690,FERT_PURCHASE,Urea,159 kg,₹ 45,"₹ 7,184",BRD-IND
T002545,21-06-2019,F01690,INPUT_PURCHASE,Seeds,83 kg,₹ 49,"₹ 4,066",BRD-IND
T002546,04-07-2019,F01690,input,NPK 10:26:26,231 kgs,₹ 47,"₹ 10,762",BRD-IND
T002547,20-10-2019,F01691,D,soya,907 kg,"₹ 5,120","₹ 46,438",BRD-IND
T002548,01-11-2019,f01691,FPO_DELIVERY,Soybean,148.00 kgs,"₹ 5,120","₹ 7,578",BRD-IND
T002549,18-06-2019,F01691,I,Hybrid Seeds,303 kg,₹ 94,"₹ 28,388",BRD-IND
T002550,12-06-2019,F01691,I,FERTILIZER 50kg bag,208 kg,₹ 41,"₹ 8,572",BRD-IND
T002551,06-11-2019,F01691,loan,Loan Repayment,,,"₹ 3,100",BRD-IND
T002552,19-10-2019,F01692,Delivery,SOYABEAN,1003 kg,"₹ 4,580","₹ 45,937",BRD-IND
T002553,11-07-2019,F01692,FERT_PURCHASE,Urea,252 kgs,₹ 56,"₹ 14,057",BRD-IND
T002554,27-07-2019,F01692,L,EMI,,,"₹ 6,400",BRD-IND
T002555,14-10-2019,F01693,DELIVERY,Soybean (Yellow),557.00 kgs,"₹ 5,065","₹ 28,212",BRD-IND
T002556,05-11-2019,F01693,delivery,Soybean,181 kg,"₹ 5,065","₹ 9,168",BRD-IND
T002557,02-07-2019,f01693,I,Hybrid Seeds,193 kgs,₹ 101,"₹ 19,557",BRD-IND
T002558,20-10-2019,F01694,Delivery,SOYABEAN,51 kg,"₹ 4,605","₹ 2,349",BRD-IND
T002559,07-10-2019,F01694,Delivery,Soybean (Yellow),883 kg,"₹ 4,605","₹ 40,662",BRD-IND
T002560,18-10-2019,F01694,DELIVERY,soya,349.00 kgs,"₹ 4,605","₹ 16,071",BRD-IND
T002561,13-06-2019,F01694,Input Purchase,FERTILIZER 50kg bag,120 kg,₹ 42,"₹ 5,028",BRD-IND
T002562,04-06-2019,F01694,INPUT_PURCHASE,Urea,140 kgs,₹ 40,"₹ 5,645",BRD-IND
T002563,26-06-2019,F01694,INPUT_PURCHASE,PPC,36 kgs,₹ 451,"₹ 16,245",BRD-IND
T002564,01-10-2019,F01695,DELIVERY,Soybean,445.00 kgs,"₹ 4,830","₹ 21,494",BRD-IND
T002565,23-10-2019,F01695,Loan Repayment,Loan Repayment,,,"₹ 7,000",BRD-IND
T002566,18-11-2019,F01696,FPO_DELIVERY,Soybean,117.00 kgs,"₹ 4,665","₹ 5,458",BRD-IND
T002567,02-11-2019,F01696,FPO_DELIVERY,Soybean (Yellow),"1,280.00 kgs","₹ 4,665","₹ 59,712",BRD-IND
T002568,27-06-2019,F01696,input,NPK 10:26:26,199 kg,₹ 49,"₹ 9,719",BRD-IND
T002569,05-07-2019,F01696,FERT_PURCHASE,Fertilizer,130 kg,₹ 35,"₹ 4,586",BRD-IND
T002570,21-06-2019,F01696,I,DAP,271 kgs,₹ 34,"₹ 9,097",BRD-IND
T002571,16-11-2019,F01697,delivery,SOYABEAN,797 kg,"₹ 5,050","₹ 40,248",BRD-IND
T002572,06-11-2019,F01697,FPO_DELIVERY,Soybean (Yellow),830.00 kgs,"₹ 5,050","₹ 41,915",BRD-IND
T002573,25-06-2019,F01697,Input Purchase,Fertilizer,37 kgs,₹ 58,"₹ 2,130",BRD-IND
T002574,21-11-2019,F01698,D,Soybean,467.00 kgs,"₹ 4,545","₹ 21,225",BRD-IND
T002575,15-11-2019,F01699,FPO_DELIVERY,Soybean (Yellow),1506 kg,"₹ 5,080","₹ 76,505",BRD-IND
T002576,26-06-2019,F01699,Input Purchase,SEEDS,136 kg,₹ 89,"₹ 12,056",BRD-IND
T002577,11-09-2019,F01699,L,EMI,,,"₹ 1,300",BRD-IND
T002578,30-10-2019,F01700,Delivery,Soybean,473 kg,"₹ 4,885","₹ 23,106",BRD-IND
T002579,14-07-2019,F01700,I,Urea,136 kgs,₹ 35,"₹ 4,707",BRD-IND
T002580,31-10-2019,F01701,FPO_DELIVERY,SOYABEAN,165.00 kgs,"₹ 4,625","₹ 7,631",BRD-IND
T002581,17-10-2019,F01701,FPO_DELIVERY,Soybean (Yellow),267 kg,"₹ 4,625","₹ 12,349",BRD-IND
T002582,02-10-2019,F01702,DELIVERY,SOYABEAN,1543 kg,"₹ 5,110","₹ 78,847",BRD-IND
T002583,01-11-2019,F01702,delivery,Soybean (Yellow),767.00 kgs,"₹ 5,110","₹ 39,194",BRD-IND
T002584,29-06-2019, F01702 ,INPUT_PURCHASE,NPK 10:26:26,111 kg,₹ 42,"₹ 4,670",BRD-IND
T002585,25-06-2019,F01702,input,Hybrid Seeds,118 kg,₹ 83,"₹ 9,842",BRD-IND
T002586,17-10-2019,F01703,FPO_DELIVERY,soya,746 kg,"₹ 4,820","₹ 35,957",BRD-IND
T002587,24-10-2019,F01703,delivery,SOYABEAN,476.00 kgs,"₹ 4,820","₹ 22,943",BRD-IND
T002588,18-06-2019,f01703,Input Purchase,DAP,237 kg,₹ 39,"₹ 9,127",BRD-IND
T002589,20-07-2019,F01703,Loan Repayment,EMI,,,"₹ 2,300",BRD-IND
T002590,09-10-2019,F01704,Delivery,soya,656 kg,"₹ 4,745","₹ 31,127",BRD-IND
T002591,14-11-2019,f01705,DELIVERY,Soybean (Yellow),103.00 kgs,"₹ 4,300","₹ 4,429",BRD-IND
T002592,26-11-2019,F01705,Delivery,SOYABEAN,542 kg,"₹ 4,300","₹ 23,306",BRD-IND
T002593,15-06-2019,F01705,Input Purchase,Seeds,68 kgs,₹ 53,"₹ 3,622",BRD-IND
T002594,09-07-2019,F01705,Input Purchase,NPK 10:26:26,160 kgs,₹ 38,"₹ 6,104",BRD-IND
T002595,08-10-2019,f01706,DELIVERY,Soybean (Yellow),"2,195.00 kgs","₹ 4,805","₹ 1,05,470",BRD-IND
T002596,25-06-2019,F01706,I,Seeds,173 kg,₹ 54,"₹ 9,325",BRD-IND
T002597,07-10-2019,F01707,delivery,soya,536 kg,"₹ 4,925","₹ 26,398",BRD-IND
T002598,02-07-2019,F01707,I,Seeds,293 kgs,₹ 122,"₹ 35,737",BRD-IND
T002599,12-08-2019,F01707,loan,Loan Repayment,,,"₹ 7,300",BRD-IND
T002600,03-06-2019,F01707,LOAN_REPAY,Loan Repayment,,,"₹ 3,000",BRD-IND
T002601,08-11-2019, F01708 ,Delivery,SOYABEAN,399.00 kgs,"₹ 4,510","₹ 17,995",BRD-IND
T002602,18-10-2019,F01708,DELIVERY,Soybean,67 kg,"₹ 4,510","₹ 3,022",BRD-IND
T002603,14-11-2019,F01708,D,Soybean (Yellow),160.00 kgs,"₹ 4,510","₹ 7,216",BRD-IND
T002604,01-10-2019,F01709,DELIVERY,SOYABEAN,2504 kg,"₹ 4,695","₹ 1,17,563",BRD-IND
T002605,26-10-2019,F01709,FPO_DELIVERY,Soybean,792 kg,"₹ 4,695","₹ 37,184",BRD-IND
T002606,25-06-2019,F01709,INPUT_PURCHASE,Seeds,248 kgs,₹ 115,"₹ 28,436",BRD-IND
T002607,06-07-2019,F01709,I,SEEDS,130 kg,₹ 127,"₹ 16,493",BRD-IND
T002608,03-09-2019, F01709 ,Loan Repayment,Loan Repayment,,,"₹ 7,000",BRD-IND
T002609,21-11-2019,F01710,Delivery,soya,268 kg,"₹ 4,945","₹ 13,253",BRD-IND
T002610,18-11-2019,F01710,Delivery,Soybean,614 kg,"₹ 4,945","₹ 30,362",BRD-IND
T002611,31-10-2019, F01711 ,DELIVERY,Soybean (Yellow),512 kg,"₹ 4,655","₹ 23,834",BRD-IND
T002612,16-10-2019,F01711,FPO_DELIVERY,soya,76.00 kgs,"₹ 4,655","₹ 3,538",BRD-IND
T002613,30-10-2019,F01711,FPO_DELIVERY,Soybean (Yellow),208.00 kgs,"₹ 4,655","₹ 9,682",BRD-IND
T002614,03-06-2019,F01711,I,FERTILIZER 50kg bag,269 kgs,₹ 51,"₹ 13,606",BRD-IND
T002615,19-06-2019,F01711,FERT_PURCHASE,DAP,106 kg,₹ 59,"₹ 6,272",BRD-IND
T002616,22-06-2019,F01711,I,DAP,201 kg,₹ 31,"₹ 6,151",BRD-IND
T002617,24-11-2019,F01712,delivery,soya,264.00 kgs,"₹ 4,740","₹ 12,514",BRD-IND
T002618,26-06-2019,F01712,FERT_PURCHASE,Hybrid Seeds,206 kg,₹ 68,"₹ 14,006",BRD-IND
T002619,06-07-2019,F01712,INPUT_PURCHASE,PPC,141 kg,₹ 469,"₹ 66,090",BRD-IND
T002620,11-06-2019,F01712,Input Purchase,Bio-pesticide,113 kg,₹ 590,"₹ 66,656",BRD-IND
T002621,10-09-2019,F01712,loan,Loan Repayment,,,"₹ 2,400",BRD-IND
T002622,09-06-2019,F01712,Loan Repayment,EMI,,,"₹ 4,000",BRD-IND
T002623,13-10-2019,F01713,Delivery,Soybean,127 kg,"₹ 4,990","₹ 6,337",BRD-IND
T002624,14-06-2019,F01713,FERT_PURCHASE,PP chemicals,86 kgs,₹ 168,"₹ 14,445",BRD-IND
T002625,07-07-2019,F01713,INPUT_PURCHASE,Urea,154 kg,₹ 36,"₹ 5,606",BRD-IND
T002626,09-10-2019,F01714,FPO_DELIVERY,SOYABEAN,31 kg,"₹ 4,790","₹ 1,485",BRD-IND
T002627,22-10-2019,F01714,Delivery,soya,1332 kg,"₹ 4,790","₹ 63,803",BRD-IND
T002628,10-10-2019,F01715,Delivery,Soybean (Yellow),367 kg,"₹ 4,775","₹ 17,524",BRD-IND
T002629,11-10-2019, F01716 ,D,Soybean,168.00 kgs,"₹ 4,630","₹ 7,778",BRD-IND
T002630,15-10-2019,F01716,delivery,SOYABEAN,84.00 kgs,"₹ 4,630","₹ 3,889",BRD-IND
T002631,18-06-2019,F01716,I,Urea,266 kg,₹ 45,"₹ 11,858",BRD-IND
T002632,20-06-2019,F01716,INPUT_PURCHASE,DAP,58 kgs,₹ 50,"₹ 2,903",BRD-IND
T002633,05-06-2019,F01716,INPUT_PURCHASE,Seeds,291 kgs,₹ 49,"₹ 14,367",BRD-IND
T002634,16-11-2019,F01716,Loan Repayment,EMI,,,"₹ 2,800",BRD-IND
T002635,10-10-2019,F01717,DELIVERY,Soybean,1015 kg,"₹ 4,760","₹ 48,314",BRD-IND
T002636,25-10-2019,F01718,D,soya,589 kg,"₹ 4,930","₹ 29,038",BRD-IND
T002637,30-11-2019,F01718,Delivery,Soybean,"1,333.00 kgs","₹ 4,930","₹ 65,717",BRD-IND
T002638,05-06-2019,F01718,Input Purchase,Fertilizer,297 kgs,₹ 57,"₹ 16,890",BRD-IND
T002639,06-07-2019,F01718,Input Purchase,PP chemicals,227 kgs,₹ 129,"₹ 29,204",BRD-IND
T002640,12-07-2019,f01718,FERT_PURCHASE,PP chemicals,173 kgs,₹ 582,"₹ 1,00,631",BRD-IND
T002641,25-10-2019,F01718,Loan Repayment,EMI,,,"₹ 1,000",BRD-IND
T002642,19-09-2019,F01718,loan,Loan Repayment,,,"₹ 3,800",BRD-IND
T002643,03-06-2019, F01718 ,Loan Repayment,Loan Repayment,,,"₹ 7,600",BRD-IND
T002644,23-08-2019,F01718,L,Loan Repayment,,,"₹ 6,300",BRD-IND
T002645,03-10-2019,F01719,FPO_DELIVERY,Soybean (Yellow),128 kg,"₹ 4,880","₹ 6,246",BRD-IND
T002646,09-11-2019,F01719,Delivery,Soybean,782.00 kgs,"₹ 4,880","₹ 38,162",BRD-IND
T002647,02-06-2019,F01719,FERT_PURCHASE,Urea,94 kgs,₹ 40,"₹ 3,807",BRD-IND
T002648,21-10-2019,F01720,D,SOYABEAN,"2,286.00 kgs","₹ 4,860","₹ 1,11,100",BRD-IND
T002649,24-09-2019,F01720,loan,EMI,,,"₹ 4,400",BRD-IND
T002650,02-11-2019,F01721,delivery,Soybean (Yellow),37 kg,"₹ 4,555","₹ 1,685",BRD-IND
T002651,07-10-2019,F01721,D,soya,888.00 kgs,"₹ 4,555","₹ 40,448",BRD-IND
T002652,13-11-2019,F01721,DELIVERY,SOYABEAN,71 kg,"₹ 4,555","₹ 3,234",BRD-IND
T002653,09-10-2019,F01722,DELIVERY,soya,"1,006.00 kgs","₹ 4,715","₹ 47,433",BRD-IND
T002654,16-10-2019, F01722 ,FPO_DELIVERY,soya,382 kg,"₹ 4,715","₹ 18,011",BRD-IND
T002655,12-07-2019, F01722 ,input,Hybrid Seeds,154 kgs,₹ 72,"₹ 11,125",BRD-IND
T002656,24-10-2019,F01723,delivery,Soybean,427 kg,"₹ 4,555","₹ 19,450",BRD-IND
T002657,18-11-2019,F01723,FPO_DELIVERY,SOYABEAN,1952 kg,"₹ 4,555","₹ 88,914",BRD-IND
T002658,12-10-2019,F01724,FPO_DELIVERY,Soybean (Yellow),8962 kg,"₹ 4,915","₹ 4,40,482",BRD-IND
T002659,11-06-2019,F01724,Input Purchase,Urea,312 kg,₹ 45,"₹ 13,921",BRD-IND
T002660,05-06-2019,F01724,FERT_PURCHASE,PP chemicals,221 kg,₹ 496,"₹ 1,09,510",BRD-IND
T002661,10-07-2019,F01724,INPUT_PURCHASE,Urea,228 kg,₹ 41,"₹ 9,321",BRD-IND
T002662,15-10-2019,F01725,delivery,Soybean,570.00 kgs,"₹ 5,000","₹ 28,500",BRD-IND
T002663,01-10-2019,f01725,delivery,soya,113 kg,"₹ 5,000","₹ 5,650",BRD-IND
T002664,02-06-2019,F01725,Input Purchase,Urea,197 kgs,₹ 42,"₹ 8,307",BRD-IND
T002665,07-11-2019,F01726,delivery,SOYABEAN,292 kg,"₹ 4,640","₹ 13,549",BRD-IND
T002666,22-11-2019,F01726,FPO_DELIVERY,Soybean (Yellow),139.00 kgs,"₹ 4,640","₹ 6,450",BRD-IND
T002667,23-10-2019,F01726,DELIVERY,SOYABEAN,79 kg,"₹ 4,640","₹ 3,666",BRD-IND
T002668,05-07-2019,F01726,I,DAP,34 kgs,₹ 52,"₹ 1,785",BRD-IND
T002669,26-06-2019,f01726,Input Purchase,SEEDS,129 kgs,₹ 115,"₹ 14,898",BRD-IND
T002670,25-08-2019,F01726,L,Loan Repayment,,,"₹ 7,700",BRD-IND
T002671,01-11-2019, F01727 ,delivery,Soybean,9 kg,"₹ 5,180",₹ 466,BRD-IND
T002672,05-10-2019,F01727,Delivery,SOYABEAN,276.00 kgs,"₹ 5,180","₹ 14,297",BRD-IND
T002673,15-10-2019,F01728,Delivery,SOYABEAN,649 kg,"₹ 4,825","₹ 31,314",BRD-IND
T002674,08-07-2019,F01728,FERT_PURCHASE,SEEDS,94 kgs,₹ 84,"₹ 7,881",BRD-IND
T002675,15-06-2019,F01728,INPUT_PURCHASE,SEEDS,228 kgs,₹ 117,"₹ 26,667",BRD-IND
T002676,11-10-2019,F01729,D,Soybean,79 kg,"₹ 4,670","₹ 3,689",BRD-IND
T002677,21-10-2019,F01729,D,Soybean (Yellow),2723 kg,"₹ 4,670","₹ 1,27,164",BRD-IND
T002678,27-06-2019,F01729,I,FERTILIZER 50kg bag,190 kg,₹ 42,"₹ 8,008",BRD-IND
T002679,27-06-2019, F01729 ,Input Purchase,Bio-pesticide,215 kg,₹ 125,"₹ 26,856",BRD-IND
T002680,13-07-2019,F01729,I,Seeds,296 kg,₹ 120,"₹ 35,425",BRD-IND
T002681,29-06-2019,F01729,INPUT_PURCHASE,SEEDS,29 kgs,₹ 58,"₹ 1,679",BRD-IND
T002682,14-11-2019,F01730,D,soya,"1,241.00 kgs","₹ 4,940","₹ 61,305",BRD-IND
T002683,14-11-2019, F01730 ,delivery,SOYABEAN,56 kg,"₹ 4,940","₹ 2,766",BRD-IND
T002684,01-06-2019,F01730,Input Purchase,NPK 10:26:26,124 kgs,₹ 48,"₹ 6,009",BRD-IND
T002685,06-06-2019,F01730,INPUT_PURCHASE,Seeds,129 kgs,₹ 103,"₹ 13,317",BRD-IND
T002686,04-06-2019,F01730,FERT_PURCHASE,FERTILIZER 50kg bag,104 kg,₹ 52,"₹ 5,446",BRD-IND
T002687,03-07-2019,F01730,Input Purchase,Urea,138 kgs,₹ 38,"₹ 5,196",BRD-IND
T002688,09-06-2019,F01730,I,Urea,48 kgs,₹ 35,"₹ 1,676",BRD-IND
T002689,16-10-2019,F01731,delivery,Soybean,299 kg,"₹ 4,790","₹ 14,322",BRD-IND
T002690,09-07-2019,F01731,FERT_PURCHASE,Hybrid Seeds,250 kg,₹ 77,"₹ 19,245",BRD-IND
T002691,16-10-2019,F01732,delivery,Soybean (Yellow),789.00 kgs,"₹ 4,920","₹ 38,819",BRD-IND
T002692,11-10-2019,F01732,DELIVERY,SOYABEAN,1042 kg,"₹ 4,920","₹ 51,266",BRD-IND
T002693,03-07-2019,F01732,Input Purchase,Bio-pesticide,31 kgs,₹ 348,"₹ 10,775",BRD-IND
T002694,15-07-2019, F01732 ,INPUT_PURCHASE,Urea,184 kgs,₹ 42,"₹ 7,800",BRD-IND
T002695,07-06-2019,F01732,FERT_PURCHASE,Seeds,227 kgs,₹ 93,"₹ 21,197",BRD-IND
T002696,12-11-2019,F01733,D,soya,713.00 kgs,"₹ 4,995","₹ 35,614",BRD-IND
T002697,19-06-2019,F01733,FERT_PURCHASE,DAP,264 kg,₹ 42,"₹ 11,220",BRD-IND
T002698,03-06-2019, F01733 ,FERT_PURCHASE,NPK 10:26:26,167 kg,₹ 53,"₹ 8,823",BRD-IND
T002699,02-10-2019,F01733,loan,Loan Repayment,,,"₹ 2,900",BRD-IND
T002700,27-10-2019,F01734,FPO_DELIVERY,Soybean,83 kg,"₹ 5,030","₹ 4,175",BRD-IND
T002701,25-10-2019,f01734,Delivery,Soybean,2395 kg,"₹ 5,030","₹ 1,20,468",BRD-IND
T002702,09-07-2019,F01734,Input Purchase,Fertilizer,152 kg,₹ 53,"₹ 8,027",BRD-IND
T002703,13-08-2019,F01734,L,Loan Repayment,,,"₹ 5,600",BRD-IND
T002704,28-06-2019,F01734,LOAN_REPAY,EMI,,,"₹ 2,900",BRD-IND
T002705,11-10-2019,F01735,Delivery,soya,790 kg,"₹ 4,635","₹ 36,616",BRD-IND
T002706,06-11-2019,F01735,Delivery,SOYABEAN,210 kg,"₹ 4,635","₹ 9,734",BRD-IND
T002707,20-11-2019,F01736,Delivery,SOYABEAN,43 kg,"₹ 4,815","₹ 2,070",BRD-IND
T002708,21-10-2019,F01736,FPO_DELIVERY,Soybean,210.00 kgs,"₹ 4,815","₹ 10,112",BRD-IND
T002709,22-06-2019,F01736,INPUT_PURCHASE,Hybrid Seeds,59 kg,₹ 97,"₹ 5,705",BRD-IND
T002710,14-07-2019,F01736,FERT_PURCHASE,FERTILIZER 50kg bag,223 kgs,₹ 57,"₹ 12,796",BRD-IND
T002711,04-11-2019,F01737,D,SOYABEAN,136 kg,"₹ 4,660","₹ 6,338",BRD-IND
T002712,13-11-2019,F01737,D,Soybean,867 kg,"₹ 4,660","₹ 40,402",BRD-IND
T002713,15-07-2019,F01737,FERT_PURCHASE,DAP,153 kg,₹ 49,"₹ 7,459",BRD-IND
T002714,26-08-2019,F01737,L,EMI,,,"₹ 5,400",BRD-IND
T002715,29-11-2019,F01738,Delivery,SOYABEAN,209.00 kgs,"₹ 4,820","₹ 10,074",BRD-IND
T002716,05-10-2019,F01738,Delivery,Soybean (Yellow),113 kg,"₹ 4,820","₹ 5,447",BRD-IND
T002717,13-06-2019,F01738,input,Urea,221 kgs,₹ 31,"₹ 6,906",BRD-IND
T002718,19-11-2019,F01739,FPO_DELIVERY,Soybean (Yellow),76 kg,"₹ 5,355","₹ 4,070",BRD-IND
T002719,25-11-2019,F01739,Delivery,SOYABEAN,1236 kg,"₹ 5,355","₹ 66,188",BRD-IND
T002720,05-06-2019,F01739,FERT_PURCHASE,Fertilizer,232 kg,₹ 54,"₹ 12,468",BRD-IND
T002721,08-11-2019,f01740,DELIVERY,Soybean,289 kg,"₹ 4,995","₹ 14,436",BRD-IND
T002722,28-11-2019,F01740,FPO_DELIVERY,soya,849.00 kgs,"₹ 4,995","₹ 42,408",BRD-IND
T002723,04-06-2019,F01740,I,Urea,280 kg,₹ 30,"₹ 8,495",BRD-IND
T002724,04-07-2019,F01740,input,FERTILIZER 50kg bag,149 kg,₹ 38,"₹ 5,593",BRD-IND
T002725,15-06-2019,F01740,FERT_PURCHASE,Hybrid Seeds,225 kgs,₹ 126,"₹ 28,384",BRD-IND
T002726,07-11-2019,F01741,DELIVERY,soya,826 kg,"₹ 4,885","₹ 40,350",BRD-IND
T002727,30-06-2019,f01741,input,Fertilizer,230 kgs,₹ 41,"₹ 9,400",BRD-IND
T002728,08-11-2019,F01742,FPO_DELIVERY,Soybean,20.00 kgs,"₹ 5,025","₹ 1,005",BRD-IND
T002729,22-10-2019,F01742,DELIVERY,Soybean,1065 kg,"₹ 5,025","₹ 53,516",BRD-IND
T002730,05-11-2019, F01743 ,delivery,Soybean,1792 kg,"₹ 4,865","₹ 87,181",BRD-IND
T002731,21-06-2019,F01743,FERT_PURCHASE,SEEDS,167 kgs,₹ 95,₹ N/A,BRD-IND
T002732,04-06-2019,F01743,input,PPC,74 kgs,₹ 179,"₹ 13,222",BRD-IND
T002733,12-07-2019,F01743,INPUT_PURCHASE,DAP,229 kg,₹ 53,"₹ 12,185",BRD-IND
T002734,16-06-2019,F01743,L,Loan Repayment,,,"₹ 1,600",BRD-IND
T002735,24-10-2019,F01744,delivery,SOYABEAN,986 kg,"₹ 5,390","₹ 53,145",BRD-IND
T002736,27-06-2019,F01744,FERT_PURCHASE,Hybrid Seeds,277 kg,₹ 81,"₹ 22,409",BRD-IND
T002737,18-11-2019,F01745,DELIVERY,soya,861.00 kgs,"₹ 4,745","₹ 40,854",BRD-IND
T002738,14-07-2019,F01745,I,Hybrid Seeds,169 kg,₹ 118,"₹ 20,001",BRD-IND
T002739,14-10-2019,F01746,DELIVERY,soya,"1,435.00 kgs","₹ 4,600","₹ 66,010",BRD-IND
T002740,18-11-2019,F01746,FPO_DELIVERY,soya,877.00 kgs,"₹ 4,600","₹ 40,342",BRD-IND
T002741,04-06-2019,F01746,I,Hybrid Seeds,83 kgs,₹ 67,"₹ 5,534",BRD-IND
T002742,10-10-2019,F01747,FPO_DELIVERY,Soybean (Yellow),1284 kg,"₹ 4,895","₹ 62,852",BRD-IND
T002743,19-10-2019,F01747,delivery,Soybean (Yellow),438 kg,"₹ 4,895","₹ 21,440",BRD-IND
T002744,15-07-2019,F01747,I,Seeds,118 kgs,₹ 83,"₹ 9,739",BRD-IND
T002745,05-07-2019,F01747,INPUT_PURCHASE,Bio-pesticide,123 kgs,₹ 182,"₹ 22,403",BRD-IND
T002746,06-10-2019,F01748,Delivery,soya,301.00 kgs,"₹ 4,870","₹ 14,659",BRD-IND
T002747,06-10-2019,F01748,Delivery,soya,199 kg,"₹ 4,870","₹ 9,691",BRD-IND
T002748,24-10-2019,F01749,Delivery,soya,67.00 kgs,"₹ 5,025","₹ 3,367",BRD-IND
T002749,17-10-2019,F01749,Delivery,soya,354 kg,"₹ 5,025","₹ 17,788",BRD-IND
T002750,01-10-2019,F01750,delivery,soya,"1,923.00 kgs","₹ 5,070","₹ 97,496",BRD-IND
T002751,11-07-2019,f01750,Input Purchase,PPC,172 kgs,₹ 159,"₹ 27,431",BRD-IND
T002752,02-11-2019,F01751,delivery,soya,355 kg,"₹ 4,950","₹ 17,572",BRD-IND
T002753,29-11-2019,F01751,Delivery,soya,146 kg,"₹ 4,950","₹ 7,227",BRD-IND
T002754,11-11-2019,F01751,delivery,Soybean (Yellow),332.00 kgs,"₹ 4,950","₹ 16,434",BRD-IND
T002755,29-06-2019,F01751,input,SEEDS,100 kgs,₹ 48,"₹ 4,762",BRD-IND
T002756,25-11-2019,F01752,D,Soybean (Yellow),936 kg,"₹ 4,685","₹ 43,852",BRD-IND
T002757,10-07-2019,F01752,I,NPK 10:26:26,239 kgs,₹ 58,"₹ 13,917",BRD-IND
T002758,11-11-2019,f01753,FPO_DELIVERY,soya,"1,659.00 kgs","₹ 5,055","₹ 83,862",BRD-IND
T002759,04-11-2019,F01753,delivery,SOYABEAN,176 kg,"₹ 5,055","₹ 8,897",BRD-IND
T002760,02-07-2019,F01753,input,Hybrid Seeds,88 kgs,₹ 67,"₹ 5,892",BRD-IND
T002761,23-10-2019,F01753,LOAN_REPAY,EMI,,,"₹ 7,700",BRD-IND
T002762,13-10-2019,F01754,D,SOYABEAN,437 kg,"₹ 4,635","₹ 20,255",BRD-IND
T002763,15-11-2019,F01754,Delivery,Soybean,105.00 kgs,"₹ 4,635","₹ 4,867",BRD-IND
T002764,09-06-2019,F01754,I,Fertilizer,61 kgs,₹ 34,"₹ 2,081",BRD-IND
T002765,23-11-2019,f01755,delivery,Soybean,14.00 kgs,"₹ 4,620",₹ 647,BRD-IND
T002766,28-10-2019, F01755 ,Delivery,SOYABEAN,"2,700.00 kgs","₹ 4,620","₹ 1,24,740",BRD-IND
T002767,10-11-2019,F01755,delivery,Soybean,396.00 kgs,"₹ 4,620","₹ 18,295",BRD-IND
T002768,25-06-2019,F01755,input,Fertilizer,301 kg,₹ 36,"₹ 10,974",BRD-IND
T002769,12-06-2019,F01755,Input Purchase,DAP,134 kg,₹ 33,"₹ 4,380",BRD-IND
T002770,18-10-2019,F01756,Delivery,SOYABEAN,141 kg,"₹ 4,685","₹ 6,606",BRD-IND
T002771,31-10-2019,F01756,Delivery,SOYABEAN,723 kg,"₹ 4,685","₹ 33,873",BRD-IND
T002772,14-07-2019,F01756,FERT_PURCHASE,NPK 10:26:26,179 kg,₹ 41,"₹ 7,341",BRD-IND
T002773,09-06-2019,F01756,Input Purchase,Urea,26 kg,₹ 55,"₹ 1,422",BRD-IND
T002774,19-09-2019,F01756,loan,EMI,,,"₹ 3,000",BRD-IND
T002775,05-11-2019,F01757,DELIVERY,Soybean,1094 kg,"₹ 5,065","₹ 55,411",BRD-IND
T002776,27-06-2019,F01757,Input Purchase,Seeds,46 kgs,₹ 123,"₹ 5,671",BRD-IND
T002777,04-07-2019,F01757,INPUT_PURCHASE,Bio-pesticide,237 kg,₹ 521,"₹ 1,23,539",BRD-IND
T002778,01-10-2019,F01758,Delivery,SOYABEAN,220.00 kgs,"₹ 5,305","₹ 11,671",BRD-IND
T002779,19-11-2019,f01759,D,Soybean (Yellow),415.00 kgs,"₹ 4,955","₹ 20,563",BRD-IND
T002780,08-11-2019,F01759,delivery,Soybean,601.00 kgs,"₹ 4,955","₹ 29,780",BRD-IND
T002781,03-07-2019, F01759 ,INPUT_PURCHASE,PPC,127 kg,₹ 661,"₹ 83,899",BRD-IND
T002782,16-10-2019,F01760,delivery,soya,550 kg,"₹ 5,015","₹ 27,582",BRD-IND
T002783,20-06-2019,F01760,input,DAP,293 kgs,₹ 36,"₹ 10,402",BRD-IND
T002784,07-11-2019,F01761,delivery,Soybean (Yellow),619 kg,"₹ 4,975","₹ 30,795",BRD-IND
T002785,17-11-2019,F01761,D,SOYABEAN,158 kg,"₹ 4,975","₹ 7,860",BRD-IND
T004492,30-10-2019,F02226,DELIVERY,soya,720 kg,"₹ 4,755","₹ 34,236",BRD-IND
T004493,30-11-2019,F02226,FPO_DELIVERY,soya,302 kg,"₹ 4,755","₹ 14,360",BRD-IND
T004494,01-06-2019,F02226,input,Seeds,112 kgs,₹ 129,"₹ 14,456",BRD-IND
T004495,13-06-2019,f02226,INPUT_PURCHASE,PPC,107 kgs,₹ 312,"₹ 33,434",BRD-IND
T004496,18-06-2019,F02226,input,NPK 10:26:26,303 kg,₹ 38,"₹ 11,584",BRD-IND
T004535,06-10-2019,F02236,DELIVERY,SOYABEAN,104.00 kgs,"₹ 5,165","₹ 5,372",BRD-IND
T004536,09-10-2019,F02236,DELIVERY,Soybean,965 kg,"₹ 5,165","₹ 49,842",BRD-IND
T004541,21-10-2019,F02238,FPO_DELIVERY,soya,787.00 kgs,"₹ 4,895","₹ 38,524",BRD-IND
T004542,21-11-2019,F02238,DELIVERY,Soybean (Yellow),375 kg,"₹ 4,895","₹ 18,356",BRD-IND
T004543,09-07-2019,F02238,INPUT_PURCHASE,SEEDS,90 kg,₹ 78,"₹ 7,052",BRD-IND
T004544,08-06-2019,F02238,Input Purchase,Urea,92 kgs,₹ 53,"₹ 4,856",BRD-IND
T006262,08-03-2020,F01619,DELIVERY,Lokwan Wheat,885 kg,"₹ 2,150","₹ 19,028",BRD-IND
T006263,13-12-2019,F01619,input,Seeds,192 kgs,₹ 46,"₹ 8,767",BRD-IND
T006264,14-01-2020,F01619,FERT_PURCHASE,Seeds,304 kg,₹ 117,"₹ 35,446",BRD-IND
T006265,04-05-2020,f01620,delivery,Wheat,778 kg,"₹ 2,110","₹ 16,416",BRD-IND
T006266,17-04-2020,F01620,FPO_DELIVERY,Wheat,"2,742.00 kgs","₹ 2,110","₹ 57,856",BRD-IND
T006267,10-12-2019,F01620,input,PP chemicals,25 kg,₹ 169,"₹ 4,213",BRD-IND
T006268,02-12-2019,F01620,INPUT_PURCHASE,Urea,187 kg,₹ 35,"₹ 6,590",BRD-IND
T006269,20-03-2020,F01624,D,WHEAT,892.00 kgs,"₹ 2,415","₹ 21,542",BRD-IND
T006270,27-04-2020,F01624,Delivery,Wheat,4087 kg,"₹ 2,415","₹ 98,701",BRD-IND
T006271,15-01-2020,F01624,INPUT_PURCHASE,NPK 10:26:26,115 kgs,₹ 36,"₹ 4,109",BRD-IND
T006272,03-01-2020,f01624,input,Urea,99 kg,₹ 52,"₹ 5,159",BRD-IND
T006273,01-01-2020,F01624,INPUT_PURCHASE,Seeds,281 kg,₹ 48,"₹ 13,527",BRD-IND
T006274,05-01-2020,F01624,INPUT_PURCHASE,SEEDS,206 kg,₹ 101,"₹ 20,897",BRD-IND
T006275,10-05-2020,F01625,delivery,WHEAT,970 kg,"₹ 2,235","₹ 21,680",BRD-IND
T006276,27-04-2020,F01625,delivery,Lokwan Wheat,378 kg,"₹ 2,235","₹ 8,448",BRD-IND
T006277,24-12-2019,F01625,L,EMI,,,₹ 800,BRD-IND
T006278,07-12-2019,F01625,L,Loan Repayment,,,"₹ 4,100",BRD-IND
T006279,03-05-2020,F01625,LOAN_REPAY,EMI,,,"₹ 2,500",BRD-IND
T006280,08-01-2020,F01625,L,EMI,,,"₹ 3,000",BRD-IND
T006281,01-01-2020,F01625,LOAN_REPAY,EMI,,,"₹ 2,700",BRD-IND
T006282,25-03-2020,F01628,FPO_DELIVERY,WHEAT,1043 kg,"₹ 2,200","₹ 22,946",BRD-IND
T006283,09-01-2020,F01628,input,DAP,283 kgs,₹ 59,"₹ 16,768",BRD-IND
T006284,28-04-2020,F01630,DELIVERY,Wheat,1269 kg,"₹ 2,310","₹ 29,314",BRD-IND
T006285,05-05-2020,F01630,FPO_DELIVERY,Wheat,659.00 kgs,"₹ 2,310","₹ 15,223",BRD-IND
T006286,29-04-2020,F01633,Delivery,Wheat (Durum),1993 kg,"₹ 2,115","₹ 42,152",BRD-IND
T006287,13-04-2020,F01633,FPO_DELIVERY,wheat,"1,435.00 kgs","₹ 2,115","₹ 30,350",BRD-IND
T006288,30-12-2019,F01633,input,NPK 10:26:26,131 kgs,₹ 46,"₹ 5,964",BRD-IND
T006289,07-01-2020,F01633,FERT_PURCHASE,Fertilizer,158 kg,₹ 53,"₹ 8,431",BRD-IND
T006290,07-05-2020,F01636,D,WHEAT,2565 kg,"₹ 2,280","₹ 58,482",BRD-IND
T006291,29-03-2020,F01636,FPO_DELIVERY,wheat,215.00 kgs,"₹ 2,280","₹ 4,902",BRD-IND
T006292,16-04-2020,F01637,FPO_DELIVERY,WHEAT,8000 kg,"₹ 2,170","₹ 1,73,600",BRD-IND
T006293,16-12-2019,F01637,input,FERTILIZER 50kg bag,52 kgs,₹ 49,"₹ 2,550",BRD-IND
T006294,01-12-2019,F01637,L,EMI,,,"₹ 4,800",BRD-IND
T006295,19-02-2020,F01637,LOAN_REPAY,Loan Repayment,,,"₹ 6,500",BRD-IND
T006296,25-03-2020,F01637,Loan Repayment,EMI,,,"₹ 3,200",BRD-IND
T006297,22-05-2020,F01637,L,Loan Repayment,,,"₹ 1,600",BRD-IND
T006298,31-03-2020, F01638 ,delivery,WHEAT,211.00 kgs,"₹ 2,175","₹ 4,589",BRD-IND
T006299,20-03-2020,F01638,D,Wheat (Durum),264.00 kgs,"₹ 2,175","₹ 5,742",BRD-IND
T006300,08-05-2020,F01638,Delivery,Lokwan Wheat,325.00 kgs,"₹ 2,175","₹ 7,069",BRD-IND
T006301,09-01-2020,F01638,I,DAP,236 kg,₹ 29,"₹ 6,872",BRD-IND
T006302,04-12-2019, F01638 ,input,FERTILIZER 50kg bag,127 kgs,₹ 44,"₹ 5,598",BRD-IND
T006303,08-04-2020,F01640,delivery,WHEAT,"4,592.00 kgs","₹ 2,285","₹ 1,04,927",BRD-IND
T006304,08-03-2020,F01640,Delivery,Lokwan Wheat,1890 kg,"₹ 2,285","₹ 43,186",BRD-IND
T006305,02-05-2020,f01640,DELIVERY,WHEAT,54 kg,"₹ 2,285","₹ 1,234",BRD-IND
T006306,12-12-2019,F01640,INPUT_PURCHASE,SEEDS,111 kgs,₹ 108,"₹ 12,040",BRD-IND
T006307,13-12-2019,F01640,FERT_PURCHASE,DAP,65 kg,₹ 33,"₹ 2,142",BRD-IND
T006308,05-05-2020,F01641,Delivery,WHEAT,722.00 kgs,"₹ 2,305","₹ 16,642",BRD-IND
T006309,16-12-2019,F01641,input,Bio-pesticide,270 kg,₹ 245,"₹ 66,236",BRD-IND
T006310,10-03-2020,F01642,D,Wheat,"1,719.00 kgs","₹ 2,455","₹ 42,201",BRD-IND
T006311,30-12-2019,F01642,INPUT_PURCHASE,Bio-pesticide,77 kgs,₹ 440,"₹ 33,870",BRD-IND
T006312,25-12-2019,F01642,Input Purchase,Hybrid Seeds,299 kgs,₹ 52,"₹ 15,497",BRD-IND
T006313,13-05-2020,F01643,D,Wheat,2451 kg,"₹ 2,335","₹ 57,231",BRD-IND
T006314,12-01-2020,f01643,INPUT_PURCHASE,FERTILIZER 50kg bag,184 kgs,₹ 40,"₹ 7,321",BRD-IND
T006315,06-01-2020, F01643 ,I,Fertilizer,307 kgs,₹ 46,"₹ 14,082",BRD-IND
T006316,11-12-2019,F01643,Input Purchase,FERTILIZER 50kg bag,206 kg,₹ 31,"₹ 6,435",BRD-IND
T006317,30-12-2019,F01643,input,FERTILIZER 50kg bag,80 kg,₹ 55,"₹ 4,410",BRD-IND
T006318,09-12-2019,F01643,I,Hybrid Seeds,71 kgs,₹ 50,"₹ 3,535",BRD-IND
T006319,11-12-2019,F01643,LOAN_REPAY,EMI,,,"₹ 2,400",BRD-IND
T006320,10-02-2020, F01643 ,loan,EMI,,,"₹ 7,300",BRD-IND
T006321,28-01-2020,F01643,loan,Loan Repayment,,,"₹ 3,700",BRD-IND
T006322,25-04-2020,F01644,D,Wheat,5119 kg,"₹ 2,115","₹ 1,08,267",BRD-IND
T006323,28-04-2020,F01644,D,WHEAT,"1,252.00 kgs","₹ 2,115","₹ 26,480",BRD-IND
T006324,12-12-2019,F01644,FERT_PURCHASE,NPK 10:26:26,179 kgs,₹ 41,"₹ 7,291",BRD-IND
T006325,11-01-2020,F01644,INPUT_PURCHASE,DAP,117 kg,₹ 54,"₹ 6,289",BRD-IND
T006326,25-03-2020,F01645,FPO_DELIVERY,Wheat,4194 kg,"₹ 2,260","₹ 94,784",BRD-IND
T006327,15-04-2020,f01645,Delivery,WHEAT,"4,396.00 kgs","₹ 2,260","₹ 99,350",BRD-IND
T006328,08-01-2020,f01645,INPUT_PURCHASE,Urea,186 kgs,₹ 56,"₹ 10,483",BRD-IND
T006329,11-01-2020,F01645,FERT_PURCHASE,PP chemicals,282 kg,₹ 466,"₹ 1,31,373",BRD-IND
T006330,31-12-2019,F01645,Loan Repayment,EMI,,,"₹ 2,200",BRD-IND
T006331,14-03-2020,F01647,FPO_DELIVERY,wheat,3607 kg,"₹ 2,345","₹ 84,584",BRD-IND
T006332,21-03-2020,F01647,FPO_DELIVERY,Wheat (Durum),130.00 kgs,"₹ 2,345","₹ 3,048",BRD-IND
T006333,12-04-2020,F01648,D,wheat,305.00 kgs,"₹ 2,250","₹ 6,862",BRD-IND
T006334,17-03-2020,F01649,Delivery,wheat,726.00 kgs,"₹ 2,440","₹ 17,714",BRD-IND
T006335,13-05-2020,F01649,D,Wheat,3752 kg,"₹ 2,440","₹ 91,549",BRD-IND
T006336,15-12-2019,F01649,INPUT_PURCHASE,Fertilizer,309 kg,₹ 29,"₹ 8,831",BRD-IND
T006337,07-04-2020,F01649,LOAN_REPAY,Loan Repayment,,,"₹ 1,300",BRD-IND
T006338,20-03-2020,F01649,Loan Repayment,Loan Repayment,,,"₹ 7,600",BRD-IND
T006339,09-05-2020,F01650,delivery,Lokwan Wheat,"1,537.00 kgs","₹ 2,285","₹ 35,120",BRD-IND
T006340,15-04-2020,F01650,delivery,Lokwan Wheat,531 kg,"₹ 2,285","₹ 12,133",BRD-IND
T006341,10-12-2019,F01650,FERT_PURCHASE,SEEDS,221 kgs,₹ 52,"₹ 11,576",BRD-IND
T006342,30-03-2020,F01653,Delivery,WHEAT,1580 kg,"₹ 2,325","₹ 36,735",BRD-IND
T006343,24-03-2020,F01653,Delivery,wheat,53 kg,"₹ 2,325","₹ 1,232",BRD-IND
T006344,12-01-2020,F01653,INPUT_PURCHASE,Hybrid Seeds,289 kgs,₹ 54,"₹ 15,664",BRD-IND
T006345,07-12-2019,F01653,Input Purchase,NPK 10:26:26,38 kg,₹ 44,"₹ 1,675",BRD-IND
T006346,11-05-2020,f01654,Delivery,WHEAT,"1,849.00 kgs","₹ 2,295","₹ 42,435",BRD-IND
T006347,11-05-2020,f01654,DELIVERY,Wheat,"6,235.00 kgs","₹ 2,295","₹ 1,43,093",BRD-IND
T006348,07-01-2020,F01654,INPUT_PURCHASE,Urea,210 kgs,₹ 53,"₹ 11,224",BRD-IND
T006349,01-03-2020,f01655,FPO_DELIVERY,Wheat (Durum),394.00 kgs,"₹ 2,325","₹ 9,160",BRD-IND
T006350,25-03-2020,F01655,DELIVERY,Lokwan Wheat,906 kg,"₹ 2,325","₹ 21,064",BRD-IND
T006351,11-03-2020,f01656,Delivery,WHEAT,449.00 kgs,"₹ 2,260","₹ 10,147",BRD-IND
T006352,04-03-2020,f01656,Delivery,Wheat,852.00 kgs,"₹ 2,260","₹ 19,255",BRD-IND
T006353,28-12-2019,F01656,FERT_PURCHASE,NPK 10:26:26,174 kg,₹ 45,"₹ 7,854",BRD-IND
T006354,31-12-2019,f01656,INPUT_PURCHASE,Fertilizer,187 kg,₹ 48,"₹ 8,897",BRD-IND
T006355,08-01-2020,F01656,I,Bio-pesticide,92 kgs,₹ 202,"₹ 18,613",BRD-IND
T006356,22-12-2019, F01656 ,Input Purchase,DAP,293 kgs,₹ 41,"₹ 11,972",BRD-IND
T006357,16-12-2019,F01656,INPUT_PURCHASE,SEEDS,108 kgs,₹ 75,"₹ 8,152",BRD-IND
T006358,07-03-2020,F01658,D,Wheat (Durum),"3,616.00 kgs","₹ 2,340","₹ 84,614",BRD-IND
T006359,19-04-2020,F01658,DELIVERY,wheat,"3,126.00 kgs","₹ 2,340","₹ 73,148",BRD-IND
T006360,11-12-2019,F01658,INPUT_PURCHASE,Urea,151 kg,₹ 44,"₹ 6,698",BRD-IND
T006361,13-12-2019,F01658,INPUT_PURCHASE,PPC,295 kgs,₹ 454,"₹ 1,34,072",BRD-IND
T006362,23-03-2020,f01659,delivery,WHEAT,"4,548.00 kgs","₹ 2,250","₹ 1,02,330",BRD-IND
T006363,13-03-2020,f01659,DELIVERY,WHEAT,4478 kg,"₹ 2,250","₹ 1,00,755",BRD-IND
T006364,01-12-2019,f01659,INPUT_PURCHASE,PPC,128 kg,₹ 235,"₹ 30,129",BRD-IND
T006365,09-05-2020,F01660,D,WHEAT,625 kg,"₹ 2,250","₹ 14,062",BRD-IND
T006366,20-04-2020,F01660,delivery,wheat,1259 kg,"₹ 2,250","₹ 28,328",BRD-IND
T006367,14-12-2019,F01660,INPUT_PURCHASE,Fertilizer,128 kgs,₹ 55,"₹ 7,017",BRD-IND
T006368,25-12-2019,f01660,I,Seeds,40 kg,₹ 86,"₹ 3,451",BRD-IND
T006369,04-12-2019,F01660,I,Seeds,124 kg,₹ 127,"₹ 15,801",BRD-IND
T006370,02-12-2019,F01660,input,Fertilizer,247 kg,₹ 48,"₹ 11,794",BRD-IND
T006371,10-04-2020,F01661,DELIVERY,wheat,887 kg,"₹ 2,095","₹ 18,583",BRD-IND
T006372,16-04-2020,F01661,delivery,wheat,375 kg,"₹ 2,095","₹ 7,856",BRD-IND
T006373,02-01-2020,F01661,I,FERTILIZER 50kg bag,36 kg,₹ 28,"₹ 1,017",BRD-IND
T006374,14-01-2020,f01661,input,PPC,198 kg,₹ 428,"₹ 84,693",BRD-IND
T006375,02-12-2019,F01661,LOAN_REPAY,EMI,,,"₹ 2,500",BRD-IND
T006376,16-02-2020,F01661,L,EMI,,,"₹ 3,900",BRD-IND
T006377,07-04-2020,F01662,DELIVERY,Wheat,1710 kg,"₹ 2,330","₹ 39,843",BRD-IND
T006378,11-04-2020,F01662,DELIVERY,Lokwan Wheat,129.00 kgs,"₹ 2,330","₹ 3,006",BRD-IND
T006379,10-01-2020,f01662,Input Purchase,Hybrid Seeds,130 kg,₹ 114,"₹ 14,815",BRD-IND
T006380,28-12-2019,f01662,Input Purchase,Fertilizer,213 kg,₹ 47,"₹ 10,030",BRD-IND
T006381,05-03-2020,F01664,DELIVERY,Lokwan Wheat,2224 kg,"₹ 2,445","₹ 54,377",BRD-IND
T006382,01-12-2019,F01664,Input Purchase,Hybrid Seeds,96 kgs,₹ 47,"₹ 4,522",BRD-IND
T006383,09-04-2020,F01665,Delivery,WHEAT,63.00 kgs,"₹ 2,395","₹ 1,509",BRD-IND
T006384,02-03-2020,F01665,FPO_DELIVERY,WHEAT,461.00 kgs,"₹ 2,395","₹ 11,041",BRD-IND
T006385,05-05-2020,F01665,D,Lokwan Wheat,475 kg,"₹ 2,395","₹ 11,376",BRD-IND
T006386,08-01-2020, F01665 ,input,PP chemicals,172 kg,₹ 561,"₹ 96,563",BRD-IND
T006387,23-12-2019,F01665,INPUT_PURCHASE,PPC,202 kg,₹ 556,"₹ 1,12,367",BRD-IND
T006388,19-12-2019,F01665,INPUT_PURCHASE,Bio-pesticide,127 kg,₹ 602,"₹ 76,496",BRD-IND
T006389,07-03-2020,f01666,D,Wheat,1937 kg,"₹ 2,165","₹ 41,936",BRD-IND
T006390,12-01-2020,F01666,FERT_PURCHASE,SEEDS,255 kgs,₹ 119,"₹ 30,332",BRD-IND
T006391,28-04-2020, F01667 ,D,Lokwan Wheat,5 kg,"₹ 2,310",₹ 116,BRD-IND
T006392,16-03-2020,F01667,delivery,Wheat,419.00 kgs,"₹ 2,310","₹ 9,679",BRD-IND
T006393,29-04-2020,F01669,DELIVERY,Lokwan Wheat,"2,174.00 kgs","₹ 2,305","₹ 50,111",BRD-IND
T006394,08-04-2020, F01669 ,FPO_DELIVERY,Wheat (Durum),"2,501.00 kgs","₹ 2,305","₹ 57,648",BRD-IND
T006395,03-03-2020,F01669,delivery,Wheat,716 kg,"₹ 2,305","₹ 16,504",BRD-IND
T006396,20-12-2019,F01669,input,FERTILIZER 50kg bag,304 kg,₹ 53,"₹ 16,231",BRD-IND
T006397,08-04-2020,F01670,DELIVERY,WHEAT,"1,244.00 kgs","₹ 2,145","₹ 26,684",BRD-IND
T006398,13-03-2020,F01670,delivery,WHEAT,3009 kg,"₹ 2,145","₹ 64,543",BRD-IND
T006399,23-12-2019,f01670,I,NPK 10:26:26,217 kg,₹ 45,"₹ 9,728",BRD-IND
T006400,15-01-2020,F01670,FERT_PURCHASE,Hybrid Seeds,86 kgs,₹ 85,"₹ 7,285",BRD-IND
T006401,10-12-2019,F01670,I,Bio-pesticide,275 kgs,₹ 526,"₹ 1,44,763",BRD-IND
T006402,09-03-2020,F01670,loan,Loan Repayment,,,"₹ 7,500",BRD-IND
T006403,08-04-2020, F01670 ,loan,Loan Repayment,,,"₹ 4,200",BRD-IND
T006404,02-04-2020, F01670 ,Loan Repayment,EMI,,,₹ 900,BRD-IND
T006405,07-05-2020,F01671,Delivery,WHEAT,759.00 kgs,"₹ 2,330","₹ 17,685",BRD-IND
T006406,27-04-2020,f01671,D,wheat,794 kg,"₹ 2,330","₹ 18,500",BRD-IND
T006407,02-12-2019,F01671,INPUT_PURCHASE,Hybrid Seeds,317 kgs,₹ 80,"₹ 25,389",BRD-IND
T006408,18-12-2019,F01671,I,DAP,66 kg,₹ 30,"₹ 1,987",BRD-IND
T006409,04-01-2020,F01671,INPUT_PURCHASE,FERTILIZER 50kg bag,177 kgs,₹ 56,"₹ 9,951",BRD-IND
T006410,27-03-2020,F01675,FPO_DELIVERY,Wheat (Durum),"1,991.00 kgs","₹ 2,210","₹ 44,001",BRD-IND
T006411,05-01-2020,F01675,INPUT_PURCHASE,FERTILIZER 50kg bag,166 kg,₹ 33,"₹ 5,493",BRD-IND
T006412,14-01-2020,F01675,Loan Repayment,EMI,,,"₹ 7,100",BRD-IND
T006413,18-04-2020,F01677,D,WHEAT,"3,486.00 kgs","₹ 2,490","₹ 86,801",BRD-IND
T006414,06-01-2020,F01677,I,SEEDS,280 kg,₹ 77,"₹ 21,440",BRD-IND
T006415,11-05-2020,F01677,Loan Repayment,Loan Repayment,,,"₹ 2,800",BRD-IND
T006416,30-04-2020,F01677,Loan Repayment,EMI,,,"₹ 6,100",BRD-IND
T006417,23-05-2020,F01677,Loan Repayment,Loan Repayment,,,"₹ 7,800",BRD-IND
T006418,29-02-2020,F01679,delivery,Wheat,4562 kg,"₹ 2,345","₹ 1,06,979",BRD-IND
T006419,30-12-2019,F01679,Input Purchase,FERTILIZER 50kg bag,155 kg,₹ 31,"₹ 4,872",BRD-IND
T006420,18-12-2019, F01679 ,INPUT_PURCHASE,SEEDS,167 kgs,₹ 89,"₹ 14,846",BRD-IND
T006421,06-03-2020, F01680 ,FPO_DELIVERY,Wheat (Durum),243 kg,"₹ 2,265","₹ 5,504",BRD-IND
T006422,02-03-2020,F01680,Delivery,WHEAT,"2,426.00 kgs","₹ 2,265","₹ 54,949",BRD-IND
T006423,22-03-2020,f01681,delivery,Wheat (Durum),343 kg,"₹ 2,345","₹ 8,043",BRD-IND
T006424,10-12-2019,F01681,INPUT_PURCHASE,PPC,141 kgs,₹ 638,"₹ 89,950",BRD-IND
T006425,26-04-2020,f01682,D,Wheat,324.00 kgs,"₹ 2,225","₹ 7,209",BRD-IND
T006426,16-12-2019,F01682,I,Hybrid Seeds,241 kg,₹ 50,"₹ 12,089",BRD-IND
T006427,03-12-2019,F01682,input,Bio-pesticide,210 kg,₹ 695,"₹ 1,45,925",BRD-IND
T006428,23-03-2020,F01684,FPO_DELIVERY,Wheat,1462 kg,"₹ 2,475","₹ 36,184",BRD-IND
T006429,26-04-2020,F01684,Delivery,Wheat,102.00 kgs,"₹ 2,475","₹ 2,524",BRD-IND
T006430,11-05-2020,F01684,FPO_DELIVERY,wheat,310 kg,"₹ 2,475","₹ 7,672",BRD-IND
T006431,02-01-2020,F01684,I,Fertilizer,71 kg,₹ 41,"₹ 2,893",BRD-IND
T006432,23-04-2020, F01687 ,delivery,Wheat (Durum),"3,447.00 kgs","₹ 2,360","₹ 81,349",BRD-IND
T006433,15-12-2019,F01687,Input Purchase,Urea,264 kgs,₹ 46,"₹ 12,089",BRD-IND
T006434,25-12-2019,F01687,input,Hybrid Seeds,50 kgs,₹ 108,"₹ 5,382",BRD-IND
T006435,29-04-2020,f01688,FPO_DELIVERY,wheat,526 kg,"₹ 2,275","₹ 11,966",BRD-IND
T006436,25-03-2020,f01689,Delivery,Lokwan Wheat,558.00 kgs,"₹ 2,185","₹ 12,192",BRD-IND
T006437,15-04-2020,F01689,delivery,wheat,772 kg,"₹ 2,185","₹ 16,868",BRD-IND
T006438,09-12-2019,F01689,INPUT_PURCHASE,FERTILIZER 50kg bag,45 kg,₹ 37,"₹ 1,649",BRD-IND
T006439,09-05-2020,F01690,DELIVERY,Lokwan Wheat,475.00 kgs,"₹ 2,395","₹ 11,376",BRD-IND
T006440,01-01-2020,F01690,Input Purchase,Seeds,215 kgs,₹ 84,"₹ 18,129",BRD-IND
T006441,11-04-2020,F01692,FPO_DELIVERY,WHEAT,794.00 kgs,"₹ 2,375","₹ 18,858",BRD-IND
T006442,13-03-2020,F01692,Delivery,Lokwan Wheat,"1,166.00 kgs","₹ 2,375","₹ 27,692",BRD-IND
T006443,13-03-2020,F01693,delivery,Lokwan Wheat,996.00 kgs,"₹ 2,360","₹ 23,506",BRD-IND
T006444,17-03-2020,F01693,D,Lokwan Wheat,364 kg,"₹ 2,360","₹ 8,590",BRD-IND
T006445,08-03-2020,F01693,FPO_DELIVERY,wheat,307.00 kgs,"₹ 2,360","₹ 7,245",BRD-IND
T006446,07-01-2020,F01693,INPUT_PURCHASE,Seeds,277 kg,₹ 72,"₹ 20,052",BRD-IND
T006447,20-04-2020,F01694,DELIVERY,Wheat (Durum),"2,772.00 kgs","₹ 2,140","₹ 59,321",BRD-IND
T006448,31-03-2020,F01694,D,wheat,161 kg,"₹ 2,140","₹ 3,445",BRD-IND
T006449,14-12-2019,f01694,FERT_PURCHASE,PP chemicals,318 kg,₹ 524,"₹ 1,66,712",BRD-IND
T006450,11-01-2020,F01694,FERT_PURCHASE,FERTILIZER 50kg bag,250 kg,₹ 35,"₹ 8,705",BRD-IND
T006451,21-04-2020,F01695,D,Wheat,952 kg,"₹ 2,300","₹ 21,896",BRD-IND
T006452,07-01-2020,F01695,Input Purchase,Urea,158 kg,₹ 60,"₹ 9,434",BRD-IND
T006453,24-12-2019,F01695,FERT_PURCHASE,Urea,110 kg,₹ 44,"₹ 4,866",BRD-IND
T006454,14-12-2019,F01695,I,NPK 10:26:26,152 kgs,₹ 40,"₹ 6,151",BRD-IND
T006455,29-12-2019,f01695,loan,EMI,,,"₹ 7,300",BRD-IND
T006456,03-05-2020,f01696,Delivery,wheat,554.00 kgs,"₹ 2,225","₹ 12,326",BRD-IND
T006457,07-04-2020,F01696,DELIVERY,WHEAT,"1,925.00 kgs","₹ 2,225","₹ 42,831",BRD-IND
T006458,17-12-2019,F01696,I,Urea,110 kg,₹ 57,"₹ 6,294",BRD-IND
T006459,23-03-2020,F01699,D,WHEAT,1155 kg,"₹ 2,280","₹ 26,334",BRD-IND
T006460,24-04-2020,F01699,FPO_DELIVERY,wheat,"1,951.00 kgs","₹ 2,280","₹ 44,483",BRD-IND
T006461,23-12-2019,F01699,I,Bio-pesticide,80 kg,₹ 618,"₹ 49,434",BRD-IND
T006462,21-02-2020,F01699,L,Loan Repayment,,,"₹ 1,400",BRD-IND
T006463,21-04-2020,F01702,FPO_DELIVERY,Wheat (Durum),"4,610.00 kgs","₹ 2,295","₹ 1,05,800",BRD-IND
T006464,20-03-2020,f01702,Delivery,Wheat,616.00 kgs,"₹ 2,295","₹ 14,137",BRD-IND
T006465,05-03-2020,F01703,FPO_DELIVERY,Wheat,1567 kg,"₹ 2,380","₹ 37,295",BRD-IND
T006466,04-03-2020,F01703,delivery,Wheat,719 kg,"₹ 2,380","₹ 17,112",BRD-IND
T006467,31-12-2019,F01703,INPUT_PURCHASE,Fertilizer,261 kg,₹ 44,"₹ 11,395",BRD-IND
T006468,01-03-2020,F01706,Delivery,wheat,"4,300.00 kgs","₹ 2,405","₹ 1,03,415",BRD-IND
T006469,19-12-2019,F01706,input,PP chemicals,137 kgs,₹ 189,"₹ 25,889",BRD-IND
T006470,14-01-2020,F01706,INPUT_PURCHASE,Fertilizer,56 kgs,₹ 38,"₹ 2,149",BRD-IND
T006471,08-12-2019,F01706,input,DAP,232 kgs,₹ 46,"₹ 10,575",BRD-IND
T006472,09-01-2020,F01706,Input Purchase,DAP,157 kg,₹ 45,"₹ 7,065",BRD-IND
T006473,17-12-2019,F01706,input,SEEDS,267 kgs,₹ 113,"₹ 30,192",BRD-IND
T006474,13-01-2020,F01706,FERT_PURCHASE,Seeds,233 kg,₹ 52,"₹ 12,104",BRD-IND
T006475,22-12-2019,f01706,FERT_PURCHASE,SEEDS,177 kgs,₹ 56,"₹ 9,870",BRD-IND
T006476,25-03-2020,F01707,FPO_DELIVERY,WHEAT,469 kg,"₹ 2,285","₹ 10,717",BRD-IND
T006477,23-04-2020,F01707,FPO_DELIVERY,Wheat,555.00 kgs,"₹ 2,285","₹ 12,682",BRD-IND
T006478,05-12-2019,F01707,Input Purchase,Hybrid Seeds,67 kg,₹ 105,"₹ 7,042",BRD-IND
T006479,01-12-2019,F01707,Loan Repayment,Loan Repayment,,,"₹ 5,900",BRD-IND
T006480,18-03-2020,f01709,D,WHEAT,"6,729.00 kgs","₹ 2,290","₹ 1,54,094",BRD-IND
T006481,22-04-2020,F01709,D,wheat,105 kg,"₹ 2,290","₹ 2,404",BRD-IND
T006482,14-01-2020, F01709 ,Input Purchase,Hybrid Seeds,108 kgs,₹ 75,"₹ 8,067",BRD-IND
T006483,12-12-2019,F01709,INPUT_PURCHASE,Hybrid Seeds,128 kg,₹ 69,"₹ 8,877",BRD-IND
T006484,12-01-2020,F01709,Input Purchase,FERTILIZER 50kg bag,289 kgs,₹ 46,"₹ 13,248",BRD-IND
T006485,05-01-2020,F01709,FERT_PURCHASE,FERTILIZER 50kg bag,319 kgs,₹ 56,"₹ 17,918",BRD-IND
T006486,27-12-2019,F01709,I,DAP,199 kgs,₹ 40,"₹ 7,862",BRD-IND
T006487,17-05-2020,F01709,loan,Loan Repayment,,,"₹ 1,200",BRD-IND
T006488,29-04-2020,F01709,L,EMI,,,"₹ 2,300",BRD-IND
T006489,04-04-2020,F01711,DELIVERY,Wheat (Durum),"1,408.00 kgs","₹ 2,205","₹ 31,046",BRD-IND
T006490,29-02-2020,F01714,Delivery,WHEAT,"1,817.00 kgs","₹ 2,155","₹ 39,156",BRD-IND
T006491,28-04-2020,F01714,Delivery,WHEAT,1453 kg,"₹ 2,155","₹ 31,312",BRD-IND
T006492,12-05-2020,f01715,delivery,Wheat,228 kg,"₹ 2,165","₹ 4,936",BRD-IND
T006493,02-01-2020,f01715,I,PP chemicals,152 kgs,₹ 122,"₹ 18,574",BRD-IND
T006494,25-04-2020,F01717,D,Lokwan Wheat,187 kg,"₹ 2,400","₹ 4,488",BRD-IND
T006495,22-03-2020,F01717,D,WHEAT,"1,812.00 kgs","₹ 2,400","₹ 43,488",BRD-IND
T006496,28-12-2019,F01717,I,SEEDS,312 kg,₹ 64,"₹ 19,828",BRD-IND
T006497,13-03-2020, F01718 ,DELIVERY,Wheat,"3,850.00 kgs","₹ 2,350","₹ 90,475",BRD-IND
T006498,13-01-2020,F01718,I,DAP,26 kgs,₹ 42,"₹ 1,079",BRD-IND
T006499,10-05-2020,F01719,FPO_DELIVERY,Wheat,"1,250.00 kgs","₹ 2,195","₹ 27,438",BRD-IND
T006500,05-01-2020,F01719,input,Fertilizer,255 kg,₹ 34,"₹ 8,739",BRD-IND
T006501,11-04-2020,F01720,delivery,Wheat (Durum),4940 kg,"₹ 2,235","₹ 1,10,409",BRD-IND
T006502,20-03-2020,F01720,loan,EMI,,,"₹ 4,200",BRD-IND
T006503,23-05-2020,F01720,Loan Repayment,Loan Repayment,,,"₹ 5,000",BRD-IND
T006504,02-05-2020,F01722,D,wheat,278.00 kgs,"₹ 2,345","₹ 6,519",BRD-IND
T006505,30-03-2020,F01722,DELIVERY,WHEAT,3165 kg,"₹ 2,345","₹ 74,219",BRD-IND
T006506,31-12-2019,F01722,INPUT_PURCHASE,Seeds,190 kgs,₹ 114,"₹ 21,611",BRD-IND
T006507,29-12-2019,F01722,FERT_PURCHASE,PPC,253 kg,₹ 487,"₹ 1,23,188",BRD-IND
T006508,13-04-2020,F01723,D,Wheat (Durum),2693 kg,"₹ 2,320","₹ 62,478",BRD-IND
T006509,07-04-2020,F01723,D,WHEAT,"1,184.00 kgs","₹ 2,320","₹ 27,469",BRD-IND
T006510,04-04-2020,F01724,delivery,Lokwan Wheat,"14,220.00 kgs","₹ 2,270","₹ 3,22,794",BRD-IND
T006511,12-01-2020,f01724,I,Hybrid Seeds,194 kg,₹ 67,"₹ 12,918",BRD-IND
T006512,18-12-2019,F01724,I,PP chemicals,298 kg,₹ 557,"₹ 1,65,965",BRD-IND
T006513,01-12-2019,F01724,FERT_PURCHASE,Fertilizer,215 kg,₹ 39,"₹ 8,488",BRD-IND
T006514,01-04-2020,F01725,delivery,WHEAT,352 kg,"₹ 2,330","₹ 8,202",BRD-IND
T006515,28-04-2020,F01725,FPO_DELIVERY,wheat,130 kg,"₹ 2,330","₹ 3,029",BRD-IND
T006516,01-05-2020,F01725,DELIVERY,Lokwan Wheat,827 kg,"₹ 2,330","₹ 19,269",BRD-IND
T006517,25-12-2019,F01725,input,DAP,213 kgs,₹ 43,"₹ 9,072",BRD-IND
T006518,09-05-2020,F01726,delivery,Lokwan Wheat,873 kg,"₹ 2,125","₹ 18,551",BRD-IND
T006519,09-12-2019, F01726 ,L,Loan Repayment,,,"₹ 3,100",BRD-IND
T006520,30-03-2020,F01726,LOAN_REPAY,Loan Repayment,,,"₹ 5,800",BRD-IND
T006521,12-04-2020,F01729,Delivery,Wheat,"5,249.00 kgs","₹ 2,150","₹ 1,12,854",BRD-IND
T006522,09-03-2020,F01729,delivery,Lokwan Wheat,1756 kg,"₹ 2,150","₹ 37,754",BRD-IND
T006523,01-01-2020,f01729,FERT_PURCHASE,SEEDS,313 kg,₹ 82,"₹ 25,575",BRD-IND
T006524,30-12-2019,F01729,INPUT_PURCHASE,FERTILIZER 50kg bag,149 kg,₹ 56,"₹ 8,340",BRD-IND
T006525,31-03-2020,F01729,LOAN_REPAY,Loan Repayment,,,"₹ 3,200",BRD-IND
T006526,06-04-2020,F01730,DELIVERY,wheat,"3,136.00 kgs","₹ 2,460","₹ 77,146",BRD-IND
T006527,12-12-2019, F01730 ,Input Purchase,FERTILIZER 50kg bag,68 kgs,₹ 43,"₹ 2,914",BRD-IND
T006528,02-12-2019,F01730,INPUT_PURCHASE,Hybrid Seeds,243 kgs,₹ 111,"₹ 26,997",BRD-IND
T006529,01-04-2020,F01732,D,WHEAT,"2,196.00 kgs","₹ 2,095","₹ 46,006",BRD-IND
T006530,27-03-2020,F01732,FPO_DELIVERY,Wheat (Durum),1707 kg,"₹ 2,095","₹ 35,762",BRD-IND
T006531,28-03-2020,F01734,Delivery,WHEAT,1081 kg,"₹ 2,240","₹ 24,214",BRD-IND
T006532,29-02-2020,F01734,Delivery,Wheat,"4,146.00 kgs","₹ 2,240","₹ 92,870",BRD-IND
T006533,07-12-2019,F01734,input,SEEDS,102 kgs,₹ 77,"₹ 7,852",BRD-IND
T006534,17-12-2019,F01734,Loan Repayment,Loan Repayment,,,"₹ 3,900",BRD-IND
T006535,11-04-2020,F01736,D,Lokwan Wheat,68 kg,"₹ 2,385","₹ 1,622",BRD-IND
T006536,13-05-2020,F01736,D,Wheat (Durum),386.00 kgs,"₹ 2,385","₹ 9,206",BRD-IND
T006537,28-04-2020,f01738,DELIVERY,WHEAT,67.00 kgs,"₹ 2,410","₹ 1,615",BRD-IND
T006538,12-03-2020,F01738,DELIVERY,Wheat,188.00 kgs,"₹ 2,410","₹ 4,531",BRD-IND
T006539,26-12-2019,F01738,INPUT_PURCHASE,Seeds,190 kg,₹ 110,"₹ 20,811",BRD-IND
T006540,08-01-2020,F01738,input,SEEDS,206 kgs,₹ 86,"₹ 17,673",BRD-IND
T006541,20-03-2020,F01739,Delivery,Wheat (Durum),2734 kg,"₹ 2,415","₹ 66,026",BRD-IND
T006542,01-01-2020,F01739,INPUT_PURCHASE,DAP,304 kg,₹ 47,"₹ 14,139",BRD-IND
T006543,29-12-2019,F01739,INPUT_PURCHASE,Fertilizer,90 kg,₹ 49,"₹ 4,415",BRD-IND
T006544,30-04-2020,F01740,FPO_DELIVERY,WHEAT,249.00 kgs,"₹ 2,190","₹ 5,453",BRD-IND
T006545,20-03-2020,F01740,DELIVERY,wheat,"1,576.00 kgs","₹ 2,190","₹ 34,514",BRD-IND
T006546,13-05-2020,f01740,delivery,WHEAT,"1,026.00 kgs","₹ 2,190","₹ 22,469",BRD-IND
T006547,14-12-2019,F01740,Input Purchase,DAP,308 kg,₹ 38,"₹ 11,602",BRD-IND
T006548,21-04-2020,F01741,D,Lokwan Wheat,122 kg,"₹ 2,225","₹ 2,714",BRD-IND
T006549,22-04-2020,F01741,delivery,wheat,1845 kg,"₹ 2,225","₹ 41,051",BRD-IND
T006550,01-12-2019,F01741,input,PPC,253 kg,₹ 346,"₹ 87,477",BRD-IND
T006551,10-01-2020,F01741,FERT_PURCHASE,DAP,168 kgs,₹ 32,"₹ 5,369",BRD-IND
T006552,05-04-2020,F01742,D,Wheat,435 kg,"₹ 2,400","₹ 10,440",BRD-IND
T006553,18-04-2020,F01742,delivery,wheat,1481 kg,"₹ 2,400","₹ 35,544",BRD-IND
T006554,02-04-2020,F01742,D,wheat,440.00 kgs,"₹ 2,400","₹ 10,560",BRD-IND
T006555,24-12-2019,F01742,Input Purchase,PP chemicals,86 kg,₹ 619,"₹ 53,224",BRD-IND
T006556,23-12-2019,F01742,Input Purchase,Bio-pesticide,250 kg,₹ 143,"₹ 35,690",BRD-IND
T006557,03-01-2020,F01742,Input Purchase,Bio-pesticide,,₹ 134,"₹ 33,251",BRD-IND
T006558,13-04-2020,F01743,Delivery,Wheat (Durum),959 kg,"₹ 2,215","₹ 21,242",BRD-IND
T006559,03-03-2020,F01743,delivery,Wheat,730.00 kgs,"₹ 2,215","₹ 16,170",BRD-IND
T006560,03-04-2020,F01743,DELIVERY,Lokwan Wheat,1151 kg,"₹ 2,215","₹ 25,495",BRD-IND
T006561,19-12-2019,F01743,INPUT_PURCHASE,NPK 10:26:26,173 kgs,₹ 35,"₹ 6,050",BRD-IND
T006562,29-02-2020,F01746,FPO_DELIVERY,Wheat,4825 kg,"₹ 2,375","₹ 1,14,594",BRD-IND
T006563,03-04-2020,F01747,FPO_DELIVERY,Wheat,"1,742.00 kgs","₹ 2,185","₹ 38,063",BRD-IND
T006564,09-05-2020, F01747 ,delivery,Lokwan Wheat,"2,073.00 kgs","₹ 2,185","₹ 45,295",BRD-IND
T006565,24-12-2019,F01747,FERT_PURCHASE,DAP,45 kg,₹ 50,"₹ 2,254",BRD-IND
T006566,06-12-2019,F01747,FERT_PURCHASE,Bio-pesticide,245 kg,₹ 311,"₹ 76,134",BRD-IND
T006567,01-01-2020,F01747,input,DAP,176 kgs,₹ 59,"₹ 10,461",BRD-IND
T006568,25-12-2019,F01747,I,NPK 10:26:26,87 kg,₹ 54,"₹ 4,704",BRD-IND
T006569,26-04-2020,F01748,DELIVERY,WHEAT,894 kg,"₹ 2,300","₹ 20,562",BRD-IND
T006570,11-03-2020,F01750,DELIVERY,wheat,"3,513.00 kgs","₹ 2,245","₹ 78,867",BRD-IND
T006571,02-01-2020,F01750,input,FERTILIZER 50kg bag,306 kg,₹ 55,"₹ 16,717",BRD-IND
T006572,23-04-2020,F01752,FPO_DELIVERY,Wheat (Durum),2063 kg,"₹ 2,365","₹ 48,790",BRD-IND
T006573,01-01-2020,F01752,Input Purchase,PPC,165 kg,₹ 586,"₹ 96,677",BRD-IND
T006574,03-03-2020,F01753,DELIVERY,Lokwan Wheat,419.00 kgs,"₹ 2,210","₹ 9,260",BRD-IND
T006575,08-03-2020,F01753,D,Wheat (Durum),1703 kg,"₹ 2,210","₹ 37,636",BRD-IND
T006576,15-04-2020,F01753,delivery,Wheat (Durum),1425 kg,"₹ 2,210","₹ 31,492",BRD-IND
T006577,14-12-2019,F01753,INPUT_PURCHASE,NPK 10:26:26,308 kg,₹ 52,"₹ 16,031",BRD-IND
T006578,06-02-2020,F01753,L,EMI,,,"₹ 4,600",BRD-IND
T006579,20-04-2020,f01754,Delivery,Wheat,790.00 kgs,"₹ 2,125","₹ 16,788",BRD-IND
T006580,11-05-2020,F01755,D,wheat,2928 kg,"₹ 2,155","₹ 63,098",BRD-IND
T006581,01-03-2020,F01755,FPO_DELIVERY,wheat,"2,815.00 kgs","₹ 2,155","₹ 60,663",BRD-IND
T006582,09-01-2020,F01755,I,FERTILIZER 50kg bag,194 kg,₹ 54,"₹ 10,484",BRD-IND
T006583,12-03-2020,F01756,FPO_DELIVERY,Lokwan Wheat,98 kg,"₹ 2,265","₹ 2,220",BRD-IND
T006584,17-04-2020,F01756,FPO_DELIVERY,Wheat (Durum),1317 kg,"₹ 2,265","₹ 29,830",BRD-IND
T006585,25-05-2020,F01756,LOAN_REPAY,EMI,,,₹ 900,BRD-IND
T006586,15-04-2020,F01756,Loan Repayment,Loan Repayment,,,"₹ 6,500",BRD-IND
T006587,08-12-2019,F01756,LOAN_REPAY,EMI,,,"₹ 7,600",BRD-IND
T006588,26-04-2020,F01757,FPO_DELIVERY,Wheat (Durum),"2,251.00 kgs","₹ 2,350","₹ 52,899",BRD-IND
T006589,08-04-2020,F01757,delivery,Wheat,66 kg,"₹ 2,350","₹ 1,551",BRD-IND
T006590,30-03-2020, F01759 ,FPO_DELIVERY,Lokwan Wheat,723.00 kgs,"₹ 2,000","₹ 14,460",BRD-IND
T006591,13-05-2020,F01759,FPO_DELIVERY,Lokwan Wheat,1297 kg,"₹ 2,000","₹ 25,940",BRD-IND
T006592,29-03-2020,F01760,D,wheat,1325 kg,"₹ 2,175","₹ 28,819",BRD-IND
T006593,09-01-2020,F01760,INPUT_PURCHASE,Fertilizer,135 kgs,₹ 45,"₹ 6,067",BRD-IND
T006594,30-12-2019,F01760,input,PP chemicals,171 kgs,₹ 564,"₹ 96,528",BRD-IND
T006595,17-05-2020,F01760,LOAN_REPAY,Loan Repayment,,,"₹ 2,200",BRD-IND
T006596,01-05-2020,F01760,Loan Repayment,EMI,,,"₹ 4,600",BRD-IND
T007946,14-04-2020,F02226,Delivery,Wheat (Durum),1160 kg,"₹ 2,265","₹ 26,274",BRD-IND
T007947,08-03-2020,f02226,Delivery,wheat,"1,370.00 kgs","₹ 2,265","₹ 31,030",BRD-IND
T007948,01-01-2020,F02226,I,NPK 10:26:26,209 kgs,₹ 45,"₹ 9,505",BRD-IND
T007973,13-03-2020,f02236,Delivery,Wheat (Durum),1293 kg,"₹ 2,310","₹ 29,868",BRD-IND
T007974,03-12-2019,F02236,INPUT_PURCHASE,Bio-pesticide,25 kgs,₹ 155,"₹ 3,865",BRD-IND
T007975,28-12-2019,F02236,FERT_PURCHASE,Hybrid Seeds,150 kgs,₹ 82,"₹ 12,303",BRD-IND
T007979,10-05-2020,F02238,DELIVERY,Wheat,2199 kg,"₹ 2,350","₹ 51,676",BRD-IND
T007980,03-12-2019,F02238,I,Hybrid Seeds,209 kg,₹ 95,"₹ 19,799",BRD-IND
T007981,02-12-2019,F02238,input,Bio-pesticide,232 kg,₹ 439,"₹ 1,01,929",BRD-IND
T007982,22-12-2019,F02238,Input Purchase,FERTILIZER 50kg bag,102 kg,₹ 53,"₹ 5,430",BRD-IND
T008059,01-05-2020,F02262,FPO_DELIVERY,Lokwan Wheat,"2,508.00 kgs","₹ 2,305","₹ 57,809",BRD-IND
T008060,07-04-2020,F02262,Delivery,Lokwan Wheat,660 kg,"₹ 2,305","₹ 15,213",BRD-IND
T008061,24-12-2019,f02262,Input Purchase,Urea,165 kg,₹ 57,"₹ 9,364",BRD-IND
T008076,08-05-2020,F02266,Delivery,Wheat (Durum),"1,185.00 kgs","₹ 2,360","₹ 27,966",BRD-IND
T008077,11-04-2020,F02266,DELIVERY,WHEAT,393 kg,"₹ 2,360","₹ 9,275",BRD-IND
T008078,04-04-2020,F02266,FPO_DELIVERY,wheat,"3,782.00 kgs","₹ 2,360","₹ 89,255",BRD-IND
T008079,12-01-2020,F02266,I,FERTILIZER 50kg bag,298 kg,₹ 31,"₹ 9,095",BRD-IND
T008084,25-03-2020,F02268,Delivery,WHEAT,"1,701.00 kgs","₹ 2,275","₹ 38,698",BRD-IND
T008085,03-01-2020,F02268,Input Purchase,Urea,26 kgs,₹ 45,"₹ 1,160",BRD-IND
T008127,20-04-2020,F02278,delivery,Lokwan Wheat,"2,639.00 kgs","₹ 2,290","₹ 60,433",BRD-IND
T008128,09-03-2020,F02278,DELIVERY,wheat,427 kg,"₹ 2,290","₹ 9,778",BRD-IND
T008129,20-12-2019,F02278,L,EMI,,,"₹ 5,200",BRD-IND
T008130,07-12-2019, F02278 ,L,Loan Repayment,,,"₹ 5,400",BRD-IND
T008134,07-04-2020,f02280,D,Wheat,647.00 kgs,"₹ 2,290","₹ 14,816",BRD-IND
T008135,25-04-2020,f02280,Delivery,WHEAT,"1,216.00 kgs","₹ 2,290","₹ 27,846",BRD-IND
T008136,07-04-2020,F02280,D,wheat,278 kg,"₹ 2,290","₹ 6,366",BRD-IND
T008137,11-12-2019,F02280,INPUT_PURCHASE,NPK 10:26:26,220 kg,₹ 56,"₹ 12,230",BRD-IND
T008138,17-12-2019, F02280 ,input,NPK 10:26:26,119 kg,₹ 55,"₹ 6,543",BRD-IND
T008148,08-04-2020,F02283,Delivery,WHEAT,935.00 kgs,"₹ 2,230","₹ 20,850",BRD-IND
T008149,08-03-2020,F02283,delivery,Wheat,456.00 kgs,"₹ 2,230","₹ 10,169",BRD-IND
T008150,20-04-2020,F02283,FPO_DELIVERY,WHEAT,517 kg,"₹ 2,230","₹ 11,529",BRD-IND
T008151,06-12-2019,F02283,Input Purchase,Seeds,133 kgs,₹ 81,"₹ 10,761",BRD-IND
T008155,04-04-2020,F02285,delivery,wheat,433 kg,"₹ 2,280","₹ 9,872",BRD-IND
T008156,11-03-2020, F02285 ,D,Wheat (Durum),1708 kg,"₹ 2,280","₹ 38,942",BRD-IND
T008157,30-12-2019, F02285 ,I,FERTILIZER 50kg bag,46 kg,₹ 28,"₹ 1,298",BRD-IND
T008158,20-05-2020,f02285,LOAN_REPAY,Loan Repayment,,,"₹ 3,300",BRD-IND
T008170,08-05-2020,F02289,D,WHEAT,"1,680.00 kgs","₹ 2,475","₹ 41,580",BRD-IND
T008171,20-12-2019,F02289,INPUT_PURCHASE,Bio-pesticide,88 kgs,₹ 511,"₹ 44,942",BRD-IND
T008179,05-03-2020,F02292,D,Wheat (Durum),4275 kg,"₹ 2,130","₹ 91,058",BRD-IND
T008180,21-03-2020,F02292,delivery,wheat,2322 kg,"₹ 2,130","₹ 49,459",BRD-IND
T008181,05-12-2019,f02292,FERT_PURCHASE,Urea,295 kg,₹ 42,"₹ 12,440",BRD-IND
T009503,14-11-2020,F01619,delivery,Soybean (Yellow),21 kg,"₹ 5,060","₹ 1,063",BRD-IND
T009504,14-10-2020,F01619,delivery,soya,153 kg,"₹ 5,060","₹ 7,742",BRD-IND
T009505,06-11-2020,F01620,D,Soybean (Yellow),57 kg,"₹ 5,190","₹ 2,958",BRD-IND
T009506,04-11-2020,F01620,DELIVERY,Soybean (Yellow),1640 kg,"₹ 5,190","₹ 85,116",BRD-IND
T009507,04-07-2020,F01620,input,FERTILIZER 50kg bag,254 kgs,₹ 54,"₹ 13,802",BRD-IND
T009508,06-07-2020,F01620,I,SEEDS,308 kg,₹ 78,"₹ 24,083",BRD-IND
T009509,05-11-2020,F01624,FPO_DELIVERY,SOYABEAN,815 kg,"₹ 5,125","₹ 41,769",BRD-IND
T009510,08-11-2020,F01624,DELIVERY,Soybean,977 kg,"₹ 5,125","₹ 50,071",BRD-IND
T009511,24-06-2020,F01624,I,SEEDS,166 kgs,₹ 56,"₹ 9,321",BRD-IND
T009512,09-06-2020,F01624,FERT_PURCHASE,DAP,75 kg,₹ 59,"₹ 4,410",BRD-IND
T009513,08-07-2020,F01624,input,Bio-pesticide,41 kgs,₹ 539,"₹ 22,090",BRD-IND
T009514,06-10-2020,f01625,delivery,Soybean (Yellow),609.00 kgs,"₹ 5,435","₹ 33,099",BRD-IND
T009515,23-09-2020,F01625,L,EMI,,,"₹ 3,400",BRD-IND
T009516,05-10-2020,F01630,FPO_DELIVERY,soya,1128 kg,"₹ 5,030","₹ 56,738",BRD-IND
T009517,02-07-2020, F01630 ,input,DAP,267 kgs,₹ 35,"₹ 9,468",BRD-IND
T009518,10-07-2020,f01630,I,DAP,132 kgs,₹ 45,"₹ 5,914",BRD-IND
T009519,19-10-2020,f01633,DELIVERY,SOYABEAN,1570 kg,"₹ 5,150","₹ 80,855",BRD-IND
T009520,29-11-2020, F01636 ,D,SOYABEAN,"1,170.00 kgs","₹ 4,790","₹ 56,043",BRD-IND
T009521,25-10-2020,F01636,DELIVERY,Soybean,308 kg,"₹ 4,790","₹ 14,753",BRD-IND
T009522,16-06-2020,f01636,input,FERTILIZER 50kg bag,97 kgs,₹ 59,"₹ 5,687",BRD-IND
T009523,29-06-2020,f01636,FERT_PURCHASE,Seeds,90 kgs,₹ 58,"₹ 5,212",BRD-IND
T009524,09-07-2020,F01636,INPUT_PURCHASE,Seeds,62 kg,₹ 124,"₹ 7,692",BRD-IND
T009525,09-11-2020,F01637,Delivery,Soybean,"1,546.00 kgs","₹ 5,055","₹ 78,150",BRD-IND
T009526,11-11-2020,f01637,Delivery,Soybean (Yellow),"1,818.00 kgs","₹ 5,055","₹ 91,900",BRD-IND
T009527,29-06-2020,F01637,input,Bio-pesticide,76 kgs,₹ 350,"₹ 26,621",BRD-IND
T009528,06-07-2020,F01637,I,Seeds,144 kg,₹ 46,"₹ 6,610",BRD-IND
T009529,09-06-2020,F01637,Input Purchase,PPC,259 kgs,₹ 426,"₹ 1,10,220",BRD-IND
T009530,21-06-2020,F01637,FERT_PURCHASE,Hybrid Seeds,251 kg,₹ 95,"₹ 23,772",BRD-IND
T009531,13-06-2020,F01637,Input Purchase,Fertilizer,293 kgs,₹ 35,"₹ 10,179",BRD-IND
T009532,30-10-2020,F01638,FPO_DELIVERY,SOYABEAN,72 kg,"₹ 5,220","₹ 3,758",BRD-IND
T009533,20-11-2020,F01638,D,Soybean (Yellow),351 kg,"₹ 5,220","₹ 18,322",BRD-IND
T009534,27-10-2020,f01640,FPO_DELIVERY,SOYABEAN,"1,943.00 kgs","₹ 4,945","₹ 96,081",BRD-IND
T009535,27-11-2020, F01640 ,DELIVERY,Soybean (Yellow),938.00 kgs,"₹ 4,945","₹ 46,384",BRD-IND
T009536,15-06-2020,F01640,I,FERTILIZER 50kg bag,208 kgs,₹ 50,"₹ 10,381",BRD-IND
T009537,09-06-2020,F01640,I,Hybrid Seeds,94 kg,₹ 62,"₹ 5,807",BRD-IND
T009538,12-11-2020,F01641,D,SOYABEAN,198 kg,"₹ 5,250","₹ 10,395",BRD-IND
T009539,17-11-2020,F01641,Loan Repayment,EMI,,,"₹ 7,500",BRD-IND
T009540,15-10-2020,F01642,Delivery,SOYABEAN,850.00 kgs,"₹ 5,180","₹ 44,030",BRD-IND
T009541,20-06-2020,F01642,Input Purchase,SEEDS,229 kgs,₹ 92,"₹ 20,990",BRD-IND
T009542,21-06-2020,F01642,Input Purchase,FERTILIZER 50kg bag,130 kgs,₹ 39,"₹ 5,083",BRD-IND
T009543,09-10-2020,F01643,D,SOYABEAN,1159 kg,"₹ 5,300","₹ 61,427",BRD-IND
T009544,12-06-2020,F01643,I,FERTILIZER 50kg bag,101 kgs,₹ 50,"₹ 5,077",BRD-IND
T009545,06-11-2020,F01644,D,SOYABEAN,"3,188.00 kgs","₹ 5,205","₹ 1,65,935",BRD-IND
T009546,02-06-2020,F01644,I,Seeds,80 kgs,₹ 82,"₹ 6,593",BRD-IND
T009547,20-06-2020,F01644,I,Fertilizer,247 kgs,₹ 39,"₹ 9,653",BRD-IND
T009548,03-07-2020,F01644,input,Fertilizer,86 kgs,₹ 42,"₹ 3,573",BRD-IND
T009549,10-07-2020,F01644,Input Purchase,DAP,286 kgs,₹ 51,"₹ 14,566",BRD-IND
T009550,01-10-2020,F01645,FPO_DELIVERY,SOYABEAN,4729 kg,"₹ 5,070","₹ 2,39,760",BRD-IND
T009551,26-06-2020,f01645,Input Purchase,DAP,285 kg,₹ 37,"₹ 10,460",BRD-IND
T009552,01-10-2020, F01645 ,loan,EMI,,,"₹ 6,500",BRD-IND
T009553,25-09-2020,F01645,L,EMI,,,"₹ 6,700",BRD-IND
T009554,17-09-2020,F01645,LOAN_REPAY,EMI,,,"₹ 3,200",BRD-IND
T009555,21-11-2020,F01647,D,SOYABEAN,643.00 kgs,"₹ 5,295","₹ 34,047",BRD-IND
T009556,21-10-2020,f01647,Delivery,SOYABEAN,73 kg,"₹ 5,295","₹ 3,865",BRD-IND
T009557,03-11-2020,F01649,FPO_DELIVERY,Soybean (Yellow),1484 kg,"₹ 5,235","₹ 77,687",BRD-IND
T009558,07-10-2020,F01649,Delivery,Soybean (Yellow),553.00 kgs,"₹ 5,235","₹ 28,950",BRD-IND
T009559,18-10-2020,F01649,L,EMI,,,"₹ 2,600",BRD-IND
T009560,27-09-2020,f01649,L,Loan Repayment,,,"₹ 1,300",BRD-IND
T009561,18-09-2020,F01649,Loan Repayment,EMI,,,"₹ 4,100",BRD-IND
T009562,09-11-2020,F01650,Delivery,Soybean,156 kg,"₹ 4,840","₹ 7,550",BRD-IND
T009563,20-11-2020,F01650,D,SOYABEAN,711.00 kgs,"₹ 4,840","₹ 34,412",BRD-IND
T009564,27-10-2020,F01650,L,EMI,,,"₹ 4,700",BRD-IND
T009565,12-10-2020,f01653,DELIVERY,Soybean,754 kg,"₹ 5,385","₹ 40,603",BRD-IND
T009566,12-07-2020,F01653,I,Urea,231 kgs,₹ 43,"₹ 10,025",BRD-IND
T009567,05-10-2020,F01654,DELIVERY,Soybean,2854 kg,"₹ 4,715","₹ 1,34,566",BRD-IND
T009568,08-11-2020,F01654,D,soya,"1,670.00 kgs","₹ 4,715","₹ 78,740",BRD-IND
T009569,23-06-2020,F01654,Input Purchase,Seeds,183 kg,₹ 71,"₹ 13,011",BRD-IND
T009570,25-11-2020,F01656,DELIVERY,soya,188.00 kgs,"₹ 5,165","₹ 9,710",BRD-IND
T009571,16-10-2020,F01656,delivery,SOYABEAN,114.00 kgs,"₹ 5,165","₹ 5,888",BRD-IND
T009572,04-07-2020,F01656,I,Seeds,172 kg,₹ 75,"₹ 12,871",BRD-IND
T009573,04-06-2020, F01656 ,FERT_PURCHASE,PPC,149 kgs,₹ 131,"₹ 19,577",BRD-IND
T009574,01-07-2020,F01656,FERT_PURCHASE,Hybrid Seeds,196 kg,₹ 120,"₹ 23,438",BRD-IND
T009575,15-06-2020,F01656,Input Purchase,FERTILIZER 50kg bag,198 kg,₹ 59,"₹ 11,585",BRD-IND
T009576,08-06-2020,F01656,INPUT_PURCHASE,Seeds,288 kgs,₹ 56,"₹ 16,056",BRD-IND
T009577,05-11-2020,F01658,delivery,Soybean (Yellow),3087 kg,"₹ 5,150","₹ 1,58,980",BRD-IND
T009578,31-10-2020,F01659,Delivery,Soybean,875 kg,"₹ 4,845","₹ 42,394",BRD-IND
T009579,20-10-2020, F01659 ,Delivery,SOYABEAN,3279 kg,"₹ 4,845","₹ 1,58,868",BRD-IND
T009580,15-10-2020,F01660,DELIVERY,Soybean (Yellow),961 kg,"₹ 5,250","₹ 50,452",BRD-IND
T009581,16-10-2020,F01660,D,SOYABEAN,95.00 kgs,"₹ 5,250","₹ 4,988",BRD-IND
T009582,03-06-2020,F01660,INPUT_PURCHASE,NPK 10:26:26,52 kgs,₹ 34,"₹ 1,776",BRD-IND
T009583,03-06-2020,F01660,FERT_PURCHASE,SEEDS,60 kg,₹ 85,"₹ 5,113",BRD-IND
T009584,07-11-2020,f01662,DELIVERY,SOYABEAN,844 kg,"₹ 4,790","₹ 40,428",BRD-IND
T009585,13-06-2020,F01662,I,PP chemicals,76 kg,₹ 217,"₹ 16,513",BRD-IND
T009586,13-10-2020,F01664,delivery,soya,"1,144.00 kgs","₹ 5,095","₹ 58,287",BRD-IND
T009587,15-06-2020,f01664,INPUT_PURCHASE,Fertilizer,127 kg,₹ 35,"₹ 4,477",BRD-IND
T009588,02-07-2020,F01664,input,SEEDS,171 kgs,₹ 67,"₹ 11,488",BRD-IND
T009589,11-07-2020,F01664,INPUT_PURCHASE,Urea,25 kgs,₹ 29,₹ 732,BRD-IND
T009590,01-07-2020,F01664,Input Purchase,FERTILIZER 50kg bag,32 kg,₹ 53,"₹ 1,705",BRD-IND
T009591,05-11-2020,F01666,delivery,soya,"1,206.00 kgs","₹ 4,865","₹ 58,672",BRD-IND
T009592,04-10-2020,F01669,delivery,SOYABEAN,2604 kg,"₹ 4,925","₹ 1,28,247",BRD-IND
T009593,28-06-2020,F01669,FERT_PURCHASE,FERTILIZER 50kg bag,197 kg,₹ 38,"₹ 7,405",BRD-IND
T009594,25-11-2020,F01670,D,soya,316.00 kgs,"₹ 5,270","₹ 16,653",BRD-IND
T009595,07-10-2020,F01670,delivery,SOYABEAN,"1,648.00 kgs","₹ 5,270","₹ 86,850",BRD-IND
T009596,08-07-2020,F01670,Input Purchase,Fertilizer,85 kg,₹ 48,"₹ 4,038",BRD-IND
T009597,18-06-2020,F01670,I,FERTILIZER 50kg bag,263 kg,₹ 41,"₹ 10,857",BRD-IND
T009598,27-06-2020,f01670,I,PPC,257 kg,₹ 658,"₹ 1,69,024",BRD-IND
T009599,21-08-2020,F01670,loan,Loan Repayment,,,"₹ 5,900",BRD-IND
T009600,15-11-2020,F01671,delivery,soya,633 kg,"₹ 4,905","₹ 31,049",BRD-IND
T009601,20-06-2020,F01671,INPUT_PURCHASE,FERTILIZER 50kg bag,58 kgs,₹ 56,"₹ 3,267",BRD-IND
T009602,01-06-2020,F01671,input,DAP,300 kg,₹ 53,"₹ 15,930",BRD-IND
T009603,05-07-2020,F01671,Input Purchase,Bio-pesticide,161 kgs,₹ 194,"₹ 31,261",BRD-IND
T009604,13-06-2020,F01671,FERT_PURCHASE,Fertilizer,150 kg,₹ 44,"₹ 6,568",BRD-IND
T009605,24-10-2020,F01675,Delivery,SOYABEAN,825 kg,"₹ 4,900","₹ 40,425",BRD-IND
T009606,06-11-2020,F01675,Delivery,soya,23.00 kgs,"₹ 4,900","₹ 1,127",BRD-IND
T009607,01-06-2020,F01675,FERT_PURCHASE,Seeds,91 kgs,₹ 62,"₹ 5,673",BRD-IND
T009608,10-07-2020,F01675,INPUT_PURCHASE,PPC,33 kg,₹ 326,"₹ 10,752",BRD-IND
T009609,14-06-2020,F01675,Loan Repayment,EMI,,,"₹ 5,200",BRD-IND
T009610,12-10-2020,F01677,DELIVERY,soya,361 kg,"₹ 5,250","₹ 18,952",BRD-IND
T009611,26-10-2020,F01677,DELIVERY,Soybean,351.00 kgs,"₹ 5,250","₹ 18,428",BRD-IND
T009612,24-10-2020,F01679,DELIVERY,SOYABEAN,814.00 kgs,"₹ 5,250","₹ 42,735",BRD-IND
T009613,18-10-2020,F01679,DELIVERY,Soybean,117.00 kgs,"₹ 5,250","₹ 6,142",BRD-IND
T009614,21-06-2020,F01679,FERT_PURCHASE,Urea,231 kgs,₹ 55,"₹ 12,670",BRD-IND
T009615,09-07-2020,f01679,input,FERTILIZER 50kg bag,256 kg,₹ 35,"₹ 8,914",BRD-IND
T009616,23-06-2020,F01679,I,DAP,175 kg,₹ 40,"₹ 6,944",BRD-IND
T009617,17-06-2020,F01679,INPUT_PURCHASE,FERTILIZER 50kg bag,163 kg,₹ 50,"₹ 8,117",BRD-IND
T009618,23-06-2020, F01679 ,FERT_PURCHASE,DAP,303 kgs,₹ 40,"₹ 12,041",BRD-IND
T009619,22-06-2020,F01679,Input Purchase,Urea,198 kg,₹ 36,"₹ 7,199",BRD-IND
T009620,18-10-2020,F01680,delivery,Soybean,490.00 kgs,"₹ 5,250","₹ 25,725",BRD-IND
T009621,03-11-2020,f01680,D,Soybean (Yellow),380 kg,"₹ 5,250","₹ 19,950",BRD-IND
T009622,16-06-2020,F01680,FERT_PURCHASE,Urea,45 kgs,₹ 40,"₹ 1,787",BRD-IND
T009623,21-10-2020,F01687,FPO_DELIVERY,soya,254.00 kgs,"₹ 5,200","₹ 13,208",BRD-IND
T009624,24-10-2020,F01687,FPO_DELIVERY,soya,459 kg,"₹ 5,200","₹ 23,868",BRD-IND
T009625,11-10-2020,F01687,DELIVERY,Soybean (Yellow),,"₹ 5,200","₹ 66,560",BRD-IND
T009626,06-10-2020,F01692,D,soya,509 kg,"₹ 5,035","₹ 25,628",BRD-IND
T009627,15-10-2020,F01692,delivery,SOYABEAN,309 kg,"₹ 5,035","₹ 15,558",BRD-IND
T009628,12-10-2020,F01692,FPO_DELIVERY,SOYABEAN,50 kg,"₹ 5,035","₹ 2,518",BRD-IND
T009629,06-07-2020,F01692,I,Fertilizer,254 kg,₹ 45,"₹ 11,321",BRD-IND
T009630,23-10-2020, F01692 ,LOAN_REPAY,EMI,,,"₹ 4,300",BRD-IND
T009631,05-11-2020,F01693,FPO_DELIVERY,Soybean,458 kg,"₹ 5,110","₹ 23,404",BRD-IND
T009632,11-11-2020,F01693,DELIVERY,soya,403 kg,"₹ 5,110","₹ 20,593",BRD-IND
T009633,25-06-2020,F01693,input,SEEDS,180 kg,₹ 90,"₹ 16,231",BRD-IND
T009634,07-07-2020,F01693,FERT_PURCHASE,FERTILIZER 50kg bag,169 kgs,₹ 53,"₹ 8,957",BRD-IND
T009635,10-07-2020,F01693,INPUT_PURCHASE,Bio-pesticide,33 kg,₹ 355,"₹ 11,722",BRD-IND
T009636,12-10-2020,F01694,DELIVERY,Soybean (Yellow),1496 kg,"₹ 5,330","₹ 79,737",BRD-IND
T009637,10-07-2020,F01694,FERT_PURCHASE,NPK 10:26:26,184 kg,₹ 31,"₹ 5,676",BRD-IND
T009638,29-06-2020,F01694,input,Bio-pesticide,37 kgs,₹ 357,"₹ 13,191",BRD-IND
T009639,05-06-2020,F01694,INPUT_PURCHASE,Hybrid Seeds,142 kg,₹ 87,"₹ 12,388",BRD-IND
T009640,18-10-2020,F01695,D,soya,197 kg,"₹ 4,925","₹ 9,702",BRD-IND
T009641,02-11-2020,F01695,DELIVERY,SOYABEAN,260.00 kgs,"₹ 4,925","₹ 12,805",BRD-IND
T009642,21-07-2020,F01695,L,EMI,,,"₹ 4,700",BRD-IND
T009643,18-11-2020,F01695,LOAN_REPAY,EMI,,,"₹ 3,700",BRD-IND
T009644,12-07-2020,F01695,Loan Repayment,EMI,,,"₹ 3,900",BRD-IND
T009645,24-11-2020,F01696,D,Soybean,1468 kg,"₹ 4,900","₹ 71,932",BRD-IND
T009646,05-11-2020,F01699,delivery,Soybean (Yellow),503.00 kgs,"₹ 4,950","₹ 24,898",BRD-IND
T009647,08-11-2020,f01702,FPO_DELIVERY,Soybean (Yellow),73 kg,"₹ 5,135","₹ 3,749",BRD-IND
T009648,22-11-2020,F01702,DELIVERY,SOYABEAN,"1,835.00 kgs","₹ 5,135","₹ 94,227",BRD-IND
T009649,07-11-2020,F01702,delivery,SOYABEAN,242.00 kgs,"₹ 5,135","₹ 12,427",BRD-IND
T009650,05-07-2020,F01702,input,PP chemicals,132 kg,₹ 505,"₹ 66,672",BRD-IND
T009651,07-07-2020,F01702,input,Urea,155 kgs,₹ 41,"₹ 6,425",BRD-IND
T009652,29-11-2020,F01703,DELIVERY,Soybean (Yellow),1326 kg,"₹ 5,345","₹ 70,875",BRD-IND
T009653,12-10-2020,F01706,FPO_DELIVERY,Soybean,1939 kg,"₹ 4,885","₹ 94,720",BRD-IND
T009654,25-06-2020,f01706,INPUT_PURCHASE,Seeds,225 kg,₹ 47,"₹ 10,519",BRD-IND
T009655,08-11-2020,F01707,DELIVERY,Soybean,467.00 kgs,"₹ 5,015","₹ 23,420",BRD-IND
T009656,07-10-2020,F01707,D,SOYABEAN,117.00 kgs,"₹ 5,015","₹ 5,868",BRD-IND
T009657,01-06-2020,F01707,INPUT_PURCHASE,PPC,187 kg,₹ 342,"₹ 63,890",BRD-IND
T009658,14-10-2020,F01709,delivery,Soybean,3613 kg,"₹ 4,870","₹ 1,75,953",BRD-IND
T009659,05-07-2020,F01709,Input Purchase,FERTILIZER 50kg bag,199 kgs,₹ 57,"₹ 11,245",BRD-IND
T009660,23-06-2020,F01709,Loan Repayment,EMI,,,"₹ 2,700",BRD-IND
T009661,04-11-2020,F01714,FPO_DELIVERY,soya,899.00 kgs,"₹ 4,980","₹ 44,770",BRD-IND
T009662,28-10-2020,F01714,FPO_DELIVERY,Soybean (Yellow),414 kg,"₹ 4,980","₹ 20,617",BRD-IND
T009663,19-10-2020,F01714,DELIVERY,soya,108.00 kgs,"₹ 4,980","₹ 5,378",BRD-IND
T009664,06-10-2020,F01717,FPO_DELIVERY,SOYABEAN,321.00 kgs,"₹ 4,830","₹ 15,504",BRD-IND
T009665,07-11-2020,F01717,FPO_DELIVERY,Soybean,404 kg,"₹ 4,830","₹ 19,513",BRD-IND
T009666,20-10-2020, F01718 ,delivery,SOYABEAN,1254 kg,"₹ 5,265","₹ 66,023",BRD-IND
T009667,11-11-2020,F01718,D,Soybean (Yellow),727.00 kgs,"₹ 5,265","₹ 38,277",BRD-IND
T009668,26-06-2020,F01718,input,NPK 10:26:26,224 kgs,₹ 29,"₹ 6,429",BRD-IND
T009669,10-06-2020,F01718,Input Purchase,SEEDS,90 kg,₹ 50,"₹ 4,467",BRD-IND
T009670,05-07-2020,F01718,I,Urea,319 kgs,₹ 57,"₹ 18,327",BRD-IND
T009671,03-11-2020, F01719 ,delivery,SOYABEAN,696.00 kgs,"₹ 5,165","₹ 35,948",BRD-IND
T009672,30-11-2020,f01719,FPO_DELIVERY,SOYABEAN,17 kg,"₹ 5,165",₹ 878,BRD-IND
T009673,13-06-2020,F01719,I,NPK 10:26:26,231 kgs,₹ 50,"₹ 11,474",BRD-IND
T009674,08-06-2020,f01719,I,FERTILIZER 50kg bag,112 kg,₹ 38,"₹ 4,294",BRD-IND
T009675,04-06-2020,F01719,FERT_PURCHASE,FERTILIZER 50kg bag,73 kg,₹ 35,"₹ 2,583",BRD-IND
T009676,10-11-2020,F01720,FPO_DELIVERY,Soybean (Yellow),1136 kg,"₹ 5,670","₹ 64,411",BRD-IND
T009677,01-11-2020,F01720,delivery,soya,1282 kg,"₹ 5,670","₹ 72,689",BRD-IND
T009678,22-06-2020,F01720,INPUT_PURCHASE,PP chemicals,93 kgs,₹ 625,"₹ 58,144",BRD-IND
T009679,21-10-2020,F01722,FPO_DELIVERY,Soybean,421 kg,"₹ 4,885","₹ 20,566",BRD-IND
T009680,03-11-2020,F01722,DELIVERY,Soybean,"1,162.00 kgs","₹ 4,885","₹ 56,764",BRD-IND
T009681,08-07-2020,F01722,INPUT_PURCHASE,FERTILIZER 50kg bag,97 kgs,₹ 42,"₹ 4,114",BRD-IND
T009682,29-06-2020,F01722,FERT_PURCHASE,Hybrid Seeds,306 kgs,₹ 101,"₹ 31,022",BRD-IND
T009683,16-06-2020,F01722,I,Seeds,112 kgs,₹ 57,"₹ 6,434",BRD-IND
T009684,01-11-2020,F01723,delivery,SOYABEAN,2041 kg,"₹ 5,085","₹ 1,03,785",BRD-IND
T009685,22-11-2020,F01724,D,soya,1222 kg,"₹ 4,755","₹ 58,106",BRD-IND
T009686,09-11-2020,F01724,delivery,soya,"5,999.00 kgs","₹ 4,755","₹ 2,85,252",BRD-IND
T009687,10-06-2020,F01724,INPUT_PURCHASE,NPK 10:26:26,241 kgs,₹ 29,"₹ 7,032",BRD-IND
T009688,21-06-2020,f01724,Input Purchase,Urea,214 kgs,₹ 44,"₹ 9,444",BRD-IND
T009689,07-11-2020,F01725,Delivery,soya,110 kg,"₹ 5,385","₹ 5,924",BRD-IND
T009690,28-11-2020, F01725 ,FPO_DELIVERY,soya,603 kg,"₹ 5,385","₹ 32,472",BRD-IND
T009691,22-06-2020,F01725,INPUT_PURCHASE,NPK 10:26:26,168 kg,₹ 49,"₹ 8,172",BRD-IND
T009692,07-11-2020,f01729,DELIVERY,Soybean (Yellow),799 kg,"₹ 5,130","₹ 40,989",BRD-IND
T009693,28-11-2020,F01729,D,soya,1924 kg,"₹ 5,130","₹ 98,701",BRD-IND
T009694,14-06-2020,F01729,INPUT_PURCHASE,SEEDS,305 kg,₹ 86,"₹ 26,358",BRD-IND
T009695,11-06-2020,F01729,FERT_PURCHASE,Fertilizer,170 kgs,₹ 44,"₹ 7,461",BRD-IND
T009696,21-11-2020,F01730,D,soya,"1,496.00 kgs","₹ 4,825","₹ 72,182",BRD-IND
T009697,16-06-2020,F01730,I,DAP,38 kgs,₹ 31,"₹ 1,192",BRD-IND
T009698,14-06-2020,F01730,INPUT_PURCHASE,Fertilizer,175 kgs,₹ 42,"₹ 7,304",BRD-IND
T009699,20-10-2020,F01732,Delivery,Soybean,1066 kg,"₹ 4,815","₹ 51,328",BRD-IND
T009700,03-10-2020,F01732,DELIVERY,SOYABEAN,252.00 kgs,"₹ 4,815","₹ 12,134",BRD-IND
T009701,10-11-2020,F01732,D,Soybean,989 kg,"₹ 4,815","₹ 47,620",BRD-IND
T009702,02-06-2020,F01732,I,DAP,199 kg,₹ 51,"₹ 10,225",BRD-IND
T009703,03-06-2020,F01732,input,Seeds,193 kgs,₹ 87,"₹ 16,839",BRD-IND
T009704,16-06-2020,F01732,INPUT_PURCHASE,Fertilizer,74 kgs,₹ 43,"₹ 3,158",BRD-IND
T009705,06-06-2020,F01732,Input Purchase,NPK 10:26:26,157 kg,₹ 35,"₹ 5,519",BRD-IND
T009706,31-10-2020,F01740,delivery,Soybean (Yellow),"1,343.00 kgs","₹ 5,065","₹ 68,023",BRD-IND
T009707,05-07-2020,F01740,I,DAP,229 kg,₹ 50,"₹ 11,402",BRD-IND
T009708,09-11-2020,F01741,D,Soybean (Yellow),139.00 kgs,"₹ 5,140","₹ 7,145",BRD-IND
T009709,22-10-2020,F01741,Delivery,soya,449 kg,"₹ 5,140","₹ 23,079",BRD-IND
T009710,23-10-2020,F01741,DELIVERY,soya,472.00 kgs,"₹ 5,140","₹ 24,261",BRD-IND
T009711,09-06-2020,f01741,I,DAP,314 kgs,₹ 54,"₹ 17,019",BRD-IND
T009712,21-10-2020,f01742,FPO_DELIVERY,SOYABEAN,142 kg,"₹ 5,025","₹ 7,136",BRD-IND
T009713,19-11-2020,F01742,FPO_DELIVERY,Soybean,991 kg,"₹ 5,025","₹ 49,798",BRD-IND
T009714,02-06-2020, F01742 ,input,SEEDS,276 kgs,₹ 83,"₹ 22,969",BRD-IND
T009715,12-10-2020,F01743,Delivery,Soybean,"1,824.00 kgs","₹ 5,175","₹ 94,392",BRD-IND
T009716,11-08-2020,F01743,loan,EMI,,,"₹ 4,100",BRD-IND
T009717,20-10-2020,F01746,D,soya,350 kg,"₹ 4,985","₹ 17,448",BRD-IND
T009718,21-11-2020,F01746,D,Soybean,500 kg,"₹ 4,985","₹ 24,925",BRD-IND
T009719,06-07-2020,F01746,Input Purchase,Seeds,240 kg,₹ 65,"₹ 15,684",BRD-IND
T009720,17-06-2020,,I,Urea,87 kgs,₹ 38,"₹ 3,301",BRD-IND
T009721,13-06-2020,F01746,FERT_PURCHASE,Seeds,131 kgs,₹ 72,"₹ 9,433",BRD-IND
T009722,04-11-2020,F01747,delivery,Soybean,399.00 kgs,"₹ 4,985","₹ 19,890",BRD-IND
T009723,26-10-2020,F01747,FPO_DELIVERY,Soybean (Yellow),"1,296.00 kgs","₹ 4,985","₹ 64,606",BRD-IND
T009724,19-11-2020,F01750,Delivery,soya,1898 kg,"₹ 5,350","₹ 1,01,543",BRD-IND
T009725,28-10-2020,F01752,delivery,SOYABEAN,392 kg,"₹ 5,225","₹ 20,482",BRD-IND
T009726,20-11-2020,F01752,DELIVERY,Soybean (Yellow),466.00 kgs,"₹ 5,225","₹ 24,348",BRD-IND
T009727,26-06-2020, F01752 ,input,PPC,281 kgs,₹ 229,"₹ 64,321",BRD-IND
T009728,15-06-2020,f01752,I,Fertilizer,32 kg,₹ 39,"₹ 1,262",BRD-IND
T009729,14-07-2020,f01752,INPUT_PURCHASE,SEEDS,101 kgs,₹ 120,"₹ 12,075",BRD-IND
T009730,13-10-2020,F01753,DELIVERY,Soybean (Yellow),"1,776.00 kgs","₹ 5,005","₹ 88,889",BRD-IND
T009731,13-06-2020,F01753,I,PPC,129 kgs,₹ 642,"₹ 82,787",BRD-IND
T009732,01-06-2020,F01753,I,NPK 10:26:26,138 kg,₹ 35,"₹ 4,802",BRD-IND
T009733,21-10-2020,f01753,L,EMI,,,"₹ 5,000",BRD-IND
T009734,12-11-2020,F01753,LOAN_REPAY,EMI,,,"₹ 2,400",BRD-IND
T009735,12-11-2020,F01755,D,Soybean,"3,452.00 kgs","₹ 4,990","₹ 1,72,255",BRD-IND
T009736,04-06-2020,F01755,FERT_PURCHASE,DAP,36 kgs,₹ 37,"₹ 1,344",BRD-IND
T009737,12-10-2020,F01757,D,soya,885.00 kgs,"₹ 5,085","₹ 45,002",BRD-IND
T009738,21-10-2020,f01757,Delivery,Soybean,298.00 kgs,"₹ 5,085","₹ 15,153",BRD-IND
T009739,14-07-2020,f01757,INPUT_PURCHASE,NPK 10:26:26,161 kgs,₹ 40,"₹ 6,368",BRD-IND
T009740,12-06-2020,F01757,FERT_PURCHASE,FERTILIZER 50kg bag,60 kgs,₹ 56,"₹ 3,373",BRD-IND
T009741,15-10-2020,F01759,DELIVERY,Soybean (Yellow),922.00 kgs,"₹ 4,925","₹ 45,408",BRD-IND
T009742,01-07-2020,F01759,FERT_PURCHASE,Fertilizer,149 kg,₹ 45,"₹ 6,744",BRD-IND
T009743,19-06-2020,f01759,INPUT_PURCHASE,Hybrid Seeds,270 kgs,₹ 76,"₹ 20,579",BRD-IND
T009744,06-10-2020,f01760,delivery,soya,546.00 kgs,"₹ 5,270","₹ 28,774",BRD-IND
T009745,26-06-2020,F01760,input,Fertilizer,288 kgs,₹ 53,"₹ 15,255",BRD-IND
T010762,20-10-2020,F02226,DELIVERY,Soybean (Yellow),"1,125.00 kgs","₹ 5,120","₹ 57,600",BRD-IND
T010763,04-07-2020,F02226,FERT_PURCHASE,Bio-pesticide,163 kg,₹ 242,"₹ 39,409",BRD-IND
T010764,26-06-2020,F02226,FERT_PURCHASE,FERTILIZER 50kg bag,265 kgs,₹ 35,"₹ 9,145",BRD-IND
T010863,13-10-2020,F02262,D,SOYABEAN,1101 kg,"₹ 5,195","₹ 57,197",BRD-IND
T010864,12-10-2020,F02262,FPO_DELIVERY,Soybean (Yellow),215 kg,"₹ 5,195","₹ 11,169",BRD-IND
T010865,30-06-2020,F02262,INPUT_PURCHASE,Seeds,120 kgs,₹ 46,"₹ 5,531",BRD-IND
T010877,13-10-2020,F02266,Delivery,Soybean (Yellow),"1,941.00 kgs","₹ 5,140","₹ 99,767",BRD-IND
T010878,16-10-2020,F02266,delivery,Soybean (Yellow),347.00 kgs,"₹ 5,140","₹ 17,836",BRD-IND
T010879,02-06-2020,F02266,input,DAP,53 kgs,₹ 44,"₹ 2,340",BRD-IND
T010905,28-11-2020,F02278,FPO_DELIVERY,SOYABEAN,1560 kg,"₹ 4,975","₹ 77,610",BRD-IND
T010906,17-11-2020,F02278,DELIVERY,Soybean,21 kg,"₹ 4,975","₹ 1,045",BRD-IND
T010907,20-06-2020,F02278,INPUT_PURCHASE,PP chemicals,244 kg,₹ 315,"₹ 76,867",BRD-IND
T010908,07-07-2020,F02278,FERT_PURCHASE,PPC,186 kg,₹ 443,"₹ 82,338",BRD-IND
T010911,26-11-2020,F02280,D,soya,"1,147.00 kgs","₹ 5,140","₹ 58,956",BRD-IND
T010912,10-06-2020,F02280,INPUT_PURCHASE,Bio-pesticide,172 kgs,₹ 612,"₹ 1,05,300",BRD-IND
T010924,02-11-2020,F02285,FPO_DELIVERY,SOYABEAN,830.00 kgs,"₹ 4,975","₹ 41,292",BRD-IND
T010925,10-06-2020,f02285,I,Seeds,197 kgs,₹ 49,"₹ 9,734",BRD-IND
T010926,15-09-2020,F02285,Loan Repayment,EMI,,,"₹ 7,300",BRD-IND
T010931,08-10-2020,F02289,FPO_DELIVERY,soya,789.00 kgs,"₹ 5,215","₹ 41,146",BRD-IND
T010932,16-06-2020,F02289,input,FERTILIZER 50kg bag,202 kg,₹ 56,"₹ 11,306",BRD-IND
T010936,02-10-2020,F02292,FPO_DELIVERY,Soybean,"3,092.00 kgs","₹ 5,165","₹ 1,59,702",BRD-IND
T010937,29-06-2020,F02292,I,Urea,214 kgs,₹ 50,"₹ 10,745",BRD-IND
T011021,28-11-2020,f02319,Delivery,Soybean (Yellow),"1,620.00 kgs","₹ 4,740","₹ 76,788",BRD-IND
T011022,09-06-2020,F02319,INPUT_PURCHASE,FERTILIZER 50kg bag,191 kgs,₹ 50,"₹ 9,531",BRD-IND
T011023,24-06-2020,f02319,Input Purchase,Hybrid Seeds,188 kgs,₹ 51,"₹ 9,550",BRD-IND
T011024,28-06-2020,F02319,INPUT_PURCHASE,PP chemicals,33 kgs,₹ 510,"₹ 16,814",BRD-IND
T011032,14-10-2020, F02323 ,D,SOYABEAN,222.00 kgs,"₹ 4,950","₹ 10,989",BRD-IND
T011033,30-10-2020,F02323,D,Soybean (Yellow),241.00 kgs,"₹ 4,950","₹ 11,930",BRD-IND
T011034,02-11-2020,f02323,D,SOYABEAN,12 kg,"₹ 4,950",₹ 594,BRD-IND
T011035,18-06-2020,F02323,Input Purchase,PPC,180 kg,₹ 617,"₹ 1,11,010",BRD-IND
T011036,14-07-2020,f02323,Input Purchase,Hybrid Seeds,236 kgs,₹ 127,"₹ 30,019",BRD-IND
T011037,30-11-2020,F02323,L,EMI,,,"₹ 1,000",BRD-IND
T011057,15-10-2020,F02330,D,Soybean (Yellow),1046 kg,"₹ 5,355","₹ 56,013",BRD-IND
T011058,05-07-2020, F02330 ,I,Fertilizer,246 kg,₹ 41,"₹ 10,091",BRD-IND
T011059,24-06-2020,F02330,input,SEEDS,155 kgs,₹ 53,"₹ 8,258",BRD-IND
T011060,29-06-2020,F02330,I,DAP,34 kgs,₹ 37,"₹ 1,272",BRD-IND
T012328,01-05-2021,F01620,DELIVERY,Lokwan Wheat,4044 kg,"₹ 2,325","₹ 94,023",BRD-IND
T012329,14-01-2021,F01620,Input Purchase,Fertilizer,307 kgs,₹ 50,"₹ 15,335",BRD-IND
T012330,09-05-2021,F01624,D,Lokwan Wheat,"4,221.00 kgs","₹ 2,455","₹ 1,03,626",BRD-IND
T012331,14-04-2021,F01630,Delivery,WHEAT,575 kg,"₹ 2,130","₹ 12,248",BRD-IND
T012332,30-04-2021,f01630,FPO_DELIVERY,WHEAT,"1,650.00 kgs","₹ 2,130","₹ 35,145",BRD-IND
T012333,29-12-2020,F01630,Input Purchase,Fertilizer,172 kgs,₹ 29,"₹ 5,060",BRD-IND
T012334,09-01-2021,F01630,input,PP chemicals,315 kgs,₹ 242,"₹ 76,082",BRD-IND
T012335,17-03-2021,F01633,delivery,wheat,667 kg,"₹ 2,360","₹ 15,741",BRD-IND
T012336,16-03-2021,F01633,FPO_DELIVERY,Wheat,3079 kg,"₹ 2,360","₹ 72,664",BRD-IND
T012337,14-12-2020,F01633,Input Purchase,PP chemicals,94 kg,₹ 126,"₹ 11,847",BRD-IND
T012338,30-03-2021,F01636,FPO_DELIVERY,wheat,"3,152.00 kgs","₹ 2,390","₹ 75,333",BRD-IND
T012339,08-03-2021,F01637,D,wheat,"5,501.00 kgs","₹ 2,370","₹ 1,30,374",BRD-IND
T012340,21-03-2021,F01637,Delivery,Lokwan Wheat,"2,502.00 kgs","₹ 2,370","₹ 59,297",BRD-IND
T012341,03-12-2020,F01637,I,FERTILIZER 50kg bag,261 kgs,₹ 50,"₹ 12,969",BRD-IND
T012342,26-05-2021,f01637,L,EMI,,,"₹ 7,600",BRD-IND
T012343,20-04-2021,f01638,DELIVERY,WHEAT,174.00 kgs,"₹ 2,285","₹ 3,976",BRD-IND
T012344,05-05-2021,F01638,Delivery,Wheat,699.00 kgs,"₹ 2,285","₹ 15,972",BRD-IND
T012345,07-12-2020,F01638,INPUT_PURCHASE,DAP,303 kg,₹ 57,"₹ 17,344",BRD-IND
T012346,24-03-2021, F01640 ,D,Lokwan Wheat,7016 kg,"₹ 2,485","₹ 1,74,348",BRD-IND
T012347,08-01-2021,F01640,input,NPK 10:26:26,212 kgs,₹ 37,"₹ 7,808",BRD-IND
T012348,13-01-2021,F01640,INPUT_PURCHASE,NPK 10:26:26,233 kg,₹ 42,"₹ 9,760",BRD-IND
T012349,09-12-2020,f01640,FERT_PURCHASE,FERTILIZER 50kg bag,65 kgs,₹ 30,"₹ 1,921",BRD-IND
T012350,12-04-2021,F01642,delivery,Lokwan Wheat,"1,593.00 kgs","₹ 2,325","₹ 37,037",BRD-IND
T012351,14-05-2021,F01642,D,Wheat,405.00 kgs,"₹ 2,325","₹ 9,416",BRD-IND
T012352,04-05-2021,F01642,D,Wheat (Durum),38 kg,"₹ 2,325",₹ 884,BRD-IND
T012353,13-12-2020,F01642,FERT_PURCHASE,SEEDS,134 kg,₹ 111,"₹ 14,916",BRD-IND
T012354,28-12-2020,F01642,FERT_PURCHASE,Hybrid Seeds,226 kg,₹ 106,"₹ 23,843",BRD-IND
T012355,07-03-2021,F01643,Delivery,Wheat,"2,566.00 kgs","₹ 2,320","₹ 59,531",BRD-IND
T012356,19-04-2021,F01643,delivery,WHEAT,28 kg,"₹ 2,320",₹ 650,BRD-IND
T012357,05-01-2021,f01643,input,Urea,32 kg,₹ 58,"₹ 1,865",BRD-IND
T012358,12-12-2020,F01643,Input Purchase,NPK 10:26:26,25 kg,₹ 57,"₹ 1,416",BRD-IND
T012359,26-12-2020, F01643 ,FERT_PURCHASE,Urea,55 kg,₹ 46,"₹ 2,521",BRD-IND
T012360,18-04-2021,F01644,DELIVERY,Wheat,"5,978.00 kgs","₹ 2,325","₹ 1,38,988",BRD-IND
T012361,14-01-2021,F01644,FERT_PURCHASE,PPC,287 kgs,₹ 626,"₹ 1,79,671",BRD-IND
T012362,14-01-2021,F01644,INPUT_PURCHASE,NPK 10:26:26,301 kgs,₹ 57,"₹ 17,112",BRD-IND
T012363,14-04-2021,f01645,DELIVERY,Wheat,37 kg,"₹ 2,440",₹ 903,BRD-IND
T012364,07-05-2021,f01645,Delivery,WHEAT,11014 kg,"₹ 2,440","₹ 2,68,742",BRD-IND
T012365,06-12-2020,F01645,FERT_PURCHASE,PPC,164 kg,₹ 493,"₹ 80,832",BRD-IND
T012366,15-01-2021,F01645,I,Hybrid Seeds,252 kg,₹ 120,"₹ 30,144",BRD-IND
T012367,09-12-2020,F01645,INPUT_PURCHASE,DAP,180 kgs,₹ 35,"₹ 6,287",BRD-IND
T012368,26-12-2020,F01645,INPUT_PURCHASE,Urea,267 kgs,₹ 35,"₹ 9,222",BRD-IND
T012369,06-12-2020,f01645,Input Purchase,DAP,275 kgs,₹ 47,"₹ 12,898",BRD-IND
T012370,12-05-2021,F01649,FPO_DELIVERY,Wheat (Durum),856.00 kgs,"₹ 2,405","₹ 20,587",BRD-IND
T012371,27-03-2021,F01649,DELIVERY,Wheat,2997 kg,"₹ 2,405","₹ 72,078",BRD-IND
T012372,31-12-2020,F01649,input,Urea,62 kg,₹ 34,"₹ 2,130",BRD-IND
T012373,10-01-2021,F01649,Input Purchase,FERTILIZER 50kg bag,169 kgs,₹ 39,"₹ 6,621",BRD-IND
T012374,24-01-2021,F01649,L,Loan Repayment,,,"₹ 4,600",BRD-IND
T012375,12-05-2021,F01650,D,WHEAT,"1,864.00 kgs","₹ 2,290","₹ 42,686",BRD-IND
T012376,05-01-2021,f01650,Input Purchase,Urea,162 kg,₹ 42,"₹ 6,836",BRD-IND
T012377,21-04-2021,F01650,LOAN_REPAY,Loan Repayment,,,"₹ 5,000",BRD-IND
T012378,09-05-2021,F01653,delivery,wheat,1087 kg,"₹ 2,180","₹ 23,697",BRD-IND
T012379,01-03-2021,F01653,Delivery,Lokwan Wheat,685 kg,"₹ 2,180","₹ 14,933",BRD-IND
T012380,28-12-2020,F01653,FERT_PURCHASE,SEEDS,151 kg,₹ 109,"₹ 16,387",BRD-IND
T012381,15-05-2021,F01654,delivery,Wheat,5849 kg,"₹ 2,525","₹ 1,47,687",BRD-IND
T012382,13-03-2021,f01654,delivery,wheat,"1,941.00 kgs","₹ 2,525","₹ 49,010",BRD-IND
T012383,06-12-2020,F01654,FERT_PURCHASE,DAP,242 kgs,₹ 58,"₹ 14,157",BRD-IND
T012384,22-12-2020,F01654,I,DAP,90 kgs,₹ 56,"₹ 5,010",BRD-IND
T012385,14-04-2021,F01658,delivery,WHEAT,"7,014.00 kgs","₹ 2,245","₹ 1,57,464",BRD-IND
T012386,13-01-2021,F01658,INPUT_PURCHASE,Fertilizer,133 kg,₹ 30,"₹ 4,026",BRD-IND
T012387,07-03-2021,F01659,Delivery,wheat,"1,359.00 kgs","₹ 2,275","₹ 30,917",BRD-IND
T012388,07-05-2021,F01659,DELIVERY,Lokwan Wheat,"6,663.00 kgs","₹ 2,275","₹ 1,51,583",BRD-IND
T012389,28-04-2021,F01659,D,Wheat,586 kg,"₹ 2,275","₹ 13,332",BRD-IND
T012390,14-12-2020,F01659,I,NPK 10:26:26,31 kgs,₹ 33,"₹ 1,035",BRD-IND
T012391,04-04-2021,F01660,DELIVERY,Wheat (Durum),"2,157.00 kgs","₹ 2,355","₹ 50,797",BRD-IND
T012392,03-01-2021,F01660,FERT_PURCHASE,SEEDS,222 kgs,₹ 126,"₹ 27,970",BRD-IND
T012393,07-12-2020,f01660,input,Bio-pesticide,146 kg,₹ 623,"₹ 90,994",BRD-IND
T012394,16-12-2020,F01660,I,NPK 10:26:26,269 kgs,₹ 34,"₹ 9,240",BRD-IND
T012395,26-03-2021, F01662 ,D,Wheat (Durum),"1,549.00 kgs","₹ 2,425","₹ 37,563",BRD-IND
T012396,14-05-2021,F01662,Delivery,Wheat (Durum),165 kg,"₹ 2,425","₹ 4,001",BRD-IND
T012397,15-01-2021,F01662,FERT_PURCHASE,Seeds,213 kgs,₹ 83,"₹ 17,741",BRD-IND
T012398,05-01-2021,F01662,Input Purchase,Hybrid Seeds,174 kg,₹ 106,"₹ 18,489",BRD-IND
T012399,20-12-2020,F01662,I,Fertilizer,161 kg,₹ 30,"₹ 4,793",BRD-IND
T012400,03-05-2021,F01664,DELIVERY,WHEAT,"2,383.00 kgs","₹ 2,410","₹ 57,430",BRD-IND
T012401,09-12-2020,F01664,INPUT_PURCHASE,SEEDS,196 kg,₹ 62,"₹ 12,195",BRD-IND
T012402,11-01-2021,F01664,Input Purchase,FERTILIZER 50kg bag,65 kgs,₹ 45,"₹ 2,955",BRD-IND
T012403,14-01-2021,f01664,INPUT_PURCHASE,FERTILIZER 50kg bag,130 kg,₹ 34,"₹ 4,482",BRD-IND
T012404,20-12-2020,F01664,input,FERTILIZER 50kg bag,75 kg,₹ 58,"₹ 4,352",BRD-IND
T012405,31-03-2021,F01666,Delivery,Wheat (Durum),388.00 kgs,"₹ 2,405","₹ 9,331",BRD-IND
T012406,12-04-2021,f01666,Delivery,Lokwan Wheat,"1,739.00 kgs","₹ 2,405","₹ 41,823",BRD-IND
T012407,06-12-2020,F01666,Input Purchase,NPK 10:26:26,90 kg,₹ 36,"₹ 3,245",BRD-IND
T012408,01-04-2021,F01670,D,Lokwan Wheat,"1,409.00 kgs","₹ 2,425","₹ 34,168",BRD-IND
T012409,25-04-2021,f01670,Delivery,Wheat,2652 kg,"₹ 2,425","₹ 64,311",BRD-IND
T012410,09-12-2020,F01670,FERT_PURCHASE,Urea,31 kgs,₹ 59,"₹ 1,824",BRD-IND
T012411,13-03-2021,F01671,D,Wheat,776.00 kgs,"₹ 2,400","₹ 18,624",BRD-IND
T012412,25-03-2021,F01671,D,Lokwan Wheat,269.00 kgs,"₹ 2,400","₹ 6,456",BRD-IND
T012413,13-04-2021,f01671,D,Lokwan Wheat,320.00 kgs,"₹ 2,400","₹ 7,680",BRD-IND
T012414,03-12-2020,F01671,INPUT_PURCHASE,DAP,174 kg,₹ 52,"₹ 9,102",BRD-IND
T012415,06-12-2020,F01671,I,Seeds,122 kgs,₹ 90,"₹ 11,013",BRD-IND
T012416,07-05-2021,F01675,Delivery,Wheat,"1,199.00 kgs","₹ 2,380","₹ 28,536",BRD-IND
T012417,22-04-2021,F01675,delivery,WHEAT,709 kg,"₹ 2,380","₹ 16,874",BRD-IND
T012418,10-12-2020,F01675,FERT_PURCHASE,Fertilizer,198 kg,₹ 44,"₹ 8,799",BRD-IND
T012419,20-01-2021,F01675,L,Loan Repayment,,,"₹ 6,300",BRD-IND
T012420,10-05-2021, F01680 ,D,Wheat,"1,952.00 kgs","₹ 2,205","₹ 43,042",BRD-IND
T012421,08-04-2021, F01680 ,Delivery,Wheat (Durum),153.00 kgs,"₹ 2,205","₹ 3,374",BRD-IND
T012422,14-01-2021,F01680,input,PPC,29 kg,₹ 591,"₹ 17,129",BRD-IND
T012423,04-05-2021,F01687,D,WHEAT,1914 kg,"₹ 2,420","₹ 46,319",BRD-IND
T012424,01-04-2021,F01687,FPO_DELIVERY,Wheat (Durum),2681 kg,"₹ 2,420","₹ 64,880",BRD-IND
T012425,26-12-2020,F01687,input,FERTILIZER 50kg bag,43 kg,₹ 57,"₹ 2,459",BRD-IND
T012426,29-03-2021,F01692,delivery,WHEAT,620 kg,"₹ 2,300","₹ 14,260",BRD-IND
T012427,16-03-2021,F01692,D,Lokwan Wheat,853 kg,"₹ 2,300","₹ 19,619",BRD-IND
T012428,25-03-2021,F01692,DELIVERY,Lokwan Wheat,447.00 kgs,"₹ 2,300","₹ 10,281",BRD-IND
T012429,26-03-2021, F01693 ,D,Lokwan Wheat,"1,859.00 kgs","₹ 2,425","₹ 45,081",BRD-IND
T012430,20-12-2020,F01693,Input Purchase,FERTILIZER 50kg bag,274 kgs,₹ 32,"₹ 8,836",BRD-IND
T012431,30-12-2020,F01693,Input Purchase,Seeds,294 kg,₹ 116,"₹ 34,163",BRD-IND
T012432,11-04-2021,F01694,FPO_DELIVERY,Wheat,"3,257.00 kgs","₹ 2,525","₹ 82,239",BRD-IND
T012433,13-05-2021,F01695,D,Wheat (Durum),757 kg,"₹ 2,510","₹ 19,001",BRD-IND
T012434,31-03-2021,F01695,DELIVERY,WHEAT,158 kg,"₹ 2,510","₹ 3,966",BRD-IND
T012435,14-01-2021,F01695,Loan Repayment,EMI,,,"₹ 7,200",BRD-IND
T012436,11-03-2021,F01695,Loan Repayment,Loan Repayment,,,"₹ 6,200",BRD-IND
T012437,06-03-2021,F01695,Loan Repayment,Loan Repayment,,,"₹ 6,100",BRD-IND
T012438,27-04-2021,F01695,LOAN_REPAY,Loan Repayment,,,"₹ 6,200",BRD-IND
T012439,10-04-2021,F01696,Delivery,Wheat,"2,543.00 kgs","₹ 2,420","₹ 61,541",BRD-IND
T012440,08-03-2021,F01702,FPO_DELIVERY,WHEAT,4342 kg,"₹ 2,415","₹ 1,04,859",BRD-IND
T012441,22-04-2021,F01702,FPO_DELIVERY,Lokwan Wheat,600 kg,"₹ 2,415","₹ 14,490",BRD-IND
T012442,15-12-2020,F01702,Input Purchase,SEEDS,142 kg,₹ 103,"₹ 14,582",BRD-IND
T012443,03-01-2021,F01702,INPUT_PURCHASE,SEEDS,153 kgs,₹ 124,"₹ 18,993",BRD-IND
T012444,07-12-2020,F01702,FERT_PURCHASE,NPK 10:26:26,274 kg,₹ 55,"₹ 15,130",BRD-IND
T012445,11-01-2021,F01702,FERT_PURCHASE,SEEDS,114 kgs,₹ 118,"₹ 13,496",BRD-IND
T012446,07-05-2021,F01703,delivery,Wheat (Durum),1928 kg,"₹ 2,400","₹ 46,272",BRD-IND
T012447,07-04-2021,F01703,D,wheat,532 kg,"₹ 2,400","₹ 12,768",BRD-IND
T012448,01-01-2021,F01703,input,FERTILIZER 50kg bag,317 kgs,₹ 35,"₹ 11,044",BRD-IND
T012449,27-12-2020,F01703,L,EMI,,,"₹ 3,300",BRD-IND
T012450,16-04-2021,F01703,Loan Repayment,Loan Repayment,,,"₹ 6,500",BRD-IND
T012451,09-03-2021,F01706,DELIVERY,Wheat (Durum),4669 kg,"₹ 2,405","₹ 1,12,289",BRD-IND
T012452,11-01-2021,F01706,Input Purchase,PPC,286 kg,₹ 124,"₹ 35,458",BRD-IND
T012453,09-01-2021,F01706,Input Purchase,SEEDS,117 kgs,₹ 72,"₹ 8,449",BRD-IND
T012454,10-01-2021,F01706,INPUT_PURCHASE,PP chemicals,108 kg,₹ 458,"₹ 49,496",BRD-IND
T012455,18-03-2021,F01707,Delivery,Wheat (Durum),689 kg,"₹ 2,265","₹ 15,606",BRD-IND
T012456,03-04-2021,F01707,Delivery,WHEAT,752 kg,"₹ 2,265","₹ 17,033",BRD-IND
T012457,01-01-2021, F01707 ,INPUT_PURCHASE,FERTILIZER 50kg bag,83 kg,₹ 55,"₹ 4,590",BRD-IND
T012458,09-01-2021,F01707,INPUT_PURCHASE,NPK 10:26:26,121 kg,₹ 41,"₹ 4,914",BRD-IND
T012459,08-01-2021,F01707,Input Purchase,PP chemicals,90 kgs,₹ 460,"₹ 41,380",BRD-IND
T012460,27-12-2020,F01707,FERT_PURCHASE,Urea,67 kgs,₹ 36,"₹ 2,383",BRD-IND
T012461,15-12-2020,F01707,L,Loan Repayment,,,"₹ 6,500",BRD-IND
T012462,22-05-2021,F01707,LOAN_REPAY,Loan Repayment,,,"₹ 3,100",BRD-IND
T012463,02-01-2021,F01707,Loan Repayment,EMI,,,"₹ 3,300",BRD-IND
T012464,23-04-2021,F01709,D,wheat,7384 kg,"₹ 2,370","₹ 1,75,001",BRD-IND
T012465,14-01-2021,F01709,Input Purchase,PPC,311 kg,₹ 661,"₹ 2,05,543",BRD-IND
T012466,30-05-2021,F01709,L,Loan Repayment,,,"₹ 2,200",BRD-IND
T012467,16-01-2021,F01709,Loan Repayment,Loan Repayment,,,"₹ 6,400",BRD-IND
T012468,08-01-2021,F01709,Loan Repayment,Loan Repayment,,,"₹ 3,400",BRD-IND
T012469,06-04-2021,F01709,LOAN_REPAY,EMI,,,"₹ 2,900",BRD-IND
T012470,03-03-2021,F01714,D,WHEAT,"2,797.00 kgs","₹ 2,365","₹ 66,149",BRD-IND
T012471,17-03-2021,f01714,Delivery,WHEAT,308 kg,"₹ 2,365","₹ 7,284",BRD-IND
T012472,01-12-2020, F01714 ,INPUT_PURCHASE,Bio-pesticide,126 kgs,₹ 586,"₹ 73,859",BRD-IND
T012473,24-03-2021,F01718,Delivery,Wheat (Durum),"5,064.00 kgs","₹ 2,395","₹ 1,21,283",BRD-IND
T012474,13-01-2021,F01718,input,Seeds,116 kg,₹ 87,"₹ 10,078",BRD-IND
T012475,15-01-2021,F01718,input,Hybrid Seeds,105 kg,₹ 86,"₹ 8,986",BRD-IND
T012476,22-03-2021,F01719,Delivery,Wheat (Durum),"1,206.00 kgs","₹ 2,505","₹ 30,210",BRD-IND
T012477,03-04-2021,F01719,D,Wheat (Durum),490.00 kgs,"₹ 2,505","₹ 12,274",BRD-IND
T012478,06-05-2021,f01720,delivery,Lokwan Wheat,"1,299.00 kgs","₹ 2,490","₹ 32,345",BRD-IND
T012479,19-04-2021,F01720,DELIVERY,Wheat (Durum),"3,502.00 kgs","₹ 2,490","₹ 87,200",BRD-IND
T012480,07-12-2020,F01720,Input Purchase,Bio-pesticide,176 kg,₹ 654,"₹ 1,15,044",BRD-IND
T012481,29-12-2020,F01720,LOAN_REPAY,EMI,,,"₹ 3,000",BRD-IND
T012482,13-04-2021,F01722,FPO_DELIVERY,WHEAT,1999 kg,"₹ 2,340","₹ 46,777",BRD-IND
T012483,11-05-2021, F01722 ,DELIVERY,wheat,2088 kg,"₹ 2,340","₹ 48,859",BRD-IND
T012484,27-04-2021,F01724,Delivery,Wheat (Durum),17891 kg,"₹ 2,460","₹ 4,40,119",BRD-IND
T012485,01-01-2021,F01724,I,Bio-pesticide,305 kgs,₹ 590,"₹ 1,79,987",BRD-IND
T012486,14-01-2021,f01724,INPUT_PURCHASE,Hybrid Seeds,288 kgs,₹ 120,"₹ 34,468",BRD-IND
T012487,04-05-2021,F01725,delivery,WHEAT,1042 kg,"₹ 2,465","₹ 25,685",BRD-IND
T012488,26-03-2021,F01725,DELIVERY,Wheat,254 kg,"₹ 2,465","₹ 6,261",BRD-IND
T012489,18-04-2021,F01729,delivery,wheat,3025 kg,"₹ 2,385","₹ 72,146",BRD-IND
T012490,01-05-2021,,DELIVERY,wheat,1927 kg,"₹ 2,385","₹ 45,959",BRD-IND
T012491,21-12-2020,F01729,I,Urea,108 kgs,₹ 40,"₹ 4,282",BRD-IND
T012492,06-12-2020,F01729,Loan Repayment,EMI,,,"₹ 2,600",BRD-IND
T012493,01-03-2021,F01729,LOAN_REPAY,EMI,,,"₹ 2,600",BRD-IND
T012494,02-03-2021,F01730,Delivery,Lokwan Wheat,"2,831.00 kgs","₹ 2,200","₹ 62,282",BRD-IND
T012495,02-04-2021,F01730,DELIVERY,Wheat,520 kg,"₹ 2,200","₹ 11,440",BRD-IND
T012496,11-12-2020, F01730 ,I,PP chemicals,262 kg,₹ 387,"₹ 1,01,289",BRD-IND
T012497,03-01-2021,F01730,I,NPK 10:26:26,57 kg,₹ 30,"₹ 1,684",BRD-IND
T012498,30-04-2021,F01732,DELIVERY,Wheat (Durum),3479 kg,"₹ 2,420","₹ 84,192",BRD-IND
T012499,10-05-2021,f01732,FPO_DELIVERY,Lokwan Wheat,"1,337.00 kgs","₹ 2,420","₹ 32,355",BRD-IND
T012500,08-12-2020,f01732,input,FERTILIZER 50kg bag,124 kg,₹ 59,"₹ 7,333",BRD-IND
T012501,09-01-2021,F01732,I,Bio-pesticide,259 kgs,₹ 324,"₹ 83,893",BRD-IND
T012502,05-01-2021,F01732,Input Purchase,DAP,300 kg,₹ 41,"₹ 12,171",BRD-IND
T012503,11-01-2021,F01732,Input Purchase,Fertilizer,88 kg,₹ 56,"₹ 4,924",BRD-IND
T012504,20-04-2021, F01740 ,Delivery,Wheat (Durum),1015 kg,"₹ 2,355","₹ 23,903",BRD-IND
T012505,13-03-2021,F01740,Delivery,Wheat,1625 kg,"₹ 2,355","₹ 38,269",BRD-IND
T012506,11-12-2020,F01740,Input Purchase,Urea,215 kg,₹ 37,"₹ 7,940",BRD-IND
T012507,10-05-2021,F01741,delivery,WHEAT,2083 kg,"₹ 2,430","₹ 50,617",BRD-IND
T012508,01-01-2021,F01741,INPUT_PURCHASE,Fertilizer,179 kgs,₹ 54,"₹ 9,696",BRD-IND
T012509,05-05-2021,F01742,D,Wheat,2181 kg,"₹ 2,515","₹ 54,852",BRD-IND
T012510,29-12-2020,F01742,INPUT_PURCHASE,DAP,190 kgs,₹ 29,"₹ 5,576",BRD-IND
T012511,05-12-2020,F01742,FERT_PURCHASE,Hybrid Seeds,134 kgs,₹ 86,"₹ 11,513",BRD-IND
T012512,23-04-2021,F01743,D,WHEAT,"2,170.00 kgs","₹ 2,420","₹ 52,514",BRD-IND
T012513,01-04-2021,F01743,D,Lokwan Wheat,1308 kg,"₹ 2,420","₹ 31,654",BRD-IND
T012514,22-12-2020,F01743,input,NPK 10:26:26,41 kgs,₹ 35,"₹ 1,429",BRD-IND
T012515,03-01-2021,,I,Urea,306 kgs,₹ 55,"₹ 16,925",BRD-IND
T012516,27-04-2021,F01743,LOAN_REPAY,Loan Repayment,,,"₹ 2,400",BRD-IND
T012517,13-03-2021,F01747,Delivery,Wheat (Durum),3826 kg,"₹ 2,400","₹ 91,824",BRD-IND
T012518,27-12-2020,F01747,I,SEEDS,149 kgs,₹ 66,"₹ 9,894",BRD-IND
T012519,05-12-2020,F01747,I,NPK 10:26:26,191 kgs,₹ 28,"₹ 5,359",BRD-IND
T012520,23-12-2020,F01747,input,PP chemicals,88 kg,₹ 385,"₹ 33,877",BRD-IND
T012521,11-01-2021,F01747,INPUT_PURCHASE,Seeds,211 kg,₹ 75,"₹ 15,732",BRD-IND
T012522,15-01-2021,F01747,input,Fertilizer,64 kg,₹ 53,"₹ 3,363",BRD-IND
T012523,20-12-2020,F01747,INPUT_PURCHASE,Seeds,57 kg,₹ 55,"₹ 3,134",BRD-IND
T012524,18-12-2020,F01747,I,NPK 10:26:26,296 kgs,₹ 35,"₹ 10,443",BRD-IND
T012525,20-04-2021,F01750,DELIVERY,WHEAT,"1,715.00 kgs","₹ 2,335","₹ 40,045",BRD-IND
T012526,20-04-2021,F01750,FPO_DELIVERY,WHEAT,"2,305.00 kgs","₹ 2,335","₹ 53,822",BRD-IND
T012527,07-12-2020,f01750,FERT_PURCHASE,DAP,91 kg,₹ 57,"₹ 5,214",BRD-IND
T012528,17-12-2020,F01750,FERT_PURCHASE,FERTILIZER 50kg bag,139 kgs,₹ 36,"₹ 4,958",BRD-IND
T012529,15-04-2021,F01752,Delivery,Lokwan Wheat,425.00 kgs,"₹ 2,270","₹ 9,648",BRD-IND
T012530,22-04-2021,F01752,D,Wheat,"1,816.00 kgs","₹ 2,270","₹ 41,223",BRD-IND
T012531,26-12-2020,F01752,INPUT_PURCHASE,PPC,43 kg,₹ 212,"₹ 9,105",BRD-IND
T012532,21-12-2020,F01752,I,PPC,97 kg,₹ 328,"₹ 31,862",BRD-IND
T012533,05-01-2021,F01752,I,NPK 10:26:26,65 kgs,₹ 47,"₹ 3,053",BRD-IND
T012534,07-03-2021,f01753,DELIVERY,Wheat,4620 kg,"₹ 2,055","₹ 94,941",BRD-IND
T012535,05-04-2021,F01753,FPO_DELIVERY,WHEAT,515.00 kgs,"₹ 2,055","₹ 10,583",BRD-IND
T012536,13-12-2020,F01753,I,PPC,83 kg,₹ 451,"₹ 37,473",BRD-IND
T012537,05-05-2021,F01753,Loan Repayment,EMI,,,"₹ 5,100",BRD-IND
T012538,12-05-2021,F01755,delivery,wheat,7153 kg,"₹ 2,260","₹ 1,61,658",BRD-IND
T012539,03-12-2020,F01755,I,Urea,252 kg,₹ 50,"₹ 12,487",BRD-IND
T012540,14-03-2021, F01757 ,delivery,WHEAT,491.00 kgs,"₹ 2,475","₹ 12,152",BRD-IND
T012541,30-04-2021,F01757,DELIVERY,Wheat,2044 kg,"₹ 2,475","₹ 50,589",BRD-IND
T012542,14-01-2021,F01757,INPUT_PURCHASE,NPK 10:26:26,38 kgs,₹ 43,"₹ 1,620",BRD-IND
T012543,11-01-2021,F01757,I,Hybrid Seeds,236 kgs,₹ 104,"₹ 24,553",BRD-IND
T012544,10-04-2021,F01759,DELIVERY,Wheat (Durum),818.00 kgs,"₹ 2,495","₹ 20,409",BRD-IND
T012545,13-03-2021,F01760,DELIVERY,wheat,684 kg,"₹ 2,415","₹ 16,519",BRD-IND
T012546,21-04-2021,F01760,D,Lokwan Wheat,553 kg,"₹ 2,415","₹ 13,355",BRD-IND
T013542,20-04-2021,F02226,delivery,Wheat (Durum),165 kg,"₹ 2,320","₹ 3,828",BRD-IND
T013543,09-04-2021,F02226,Delivery,WHEAT,1972 kg,"₹ 2,320","₹ 45,750",BRD-IND
T013624,14-04-2021,F02262,FPO_DELIVERY,Lokwan Wheat,"3,350.00 kgs","₹ 2,520","₹ 84,420",BRD-IND
T013629,05-05-2021,F02266,FPO_DELIVERY,Wheat,"2,625.00 kgs","₹ 2,405","₹ 63,131",BRD-IND
T013630,21-04-2021,F02266,DELIVERY,wheat,"2,679.00 kgs","₹ 2,405","₹ 64,430",BRD-IND
T013631,25-12-2020,F02266,I,Fertilizer,127 kg,₹ 39,"₹ 4,972",BRD-IND
T013657,28-03-2021,F02280,D,Lokwan Wheat,"2,335.00 kgs","₹ 2,335","₹ 54,522",BRD-IND
T013658,14-01-2021,F02280,INPUT_PURCHASE,Seeds,76 kg,₹ 78,"₹ 5,934",BRD-IND
T013659,15-01-2021,F02280,I,DAP,169 kg,₹ 39,"₹ 6,518",BRD-IND
T013670,31-03-2021,F02285,D,Lokwan Wheat,984.00 kgs,"₹ 2,315","₹ 22,780",BRD-IND
T013671,12-04-2021,F02285,FPO_DELIVERY,Wheat,946 kg,"₹ 2,315","₹ 21,900",BRD-IND
T013672,07-01-2021, F02285 ,input,NPK 10:26:26,157 kg,₹ 34,"₹ 5,376",BRD-IND
T013673,10-01-2021,F02285,loan,Loan Repayment,,,"₹ 5,900",BRD-IND
T013674,06-03-2021,F02285,Loan Repayment,Loan Repayment,,,"₹ 1,100",BRD-IND
T013675,03-04-2021,f02285,loan,EMI,,,"₹ 3,700",BRD-IND
T013676,19-05-2021,F02285,L,EMI,,,"₹ 2,500",BRD-IND
T013681,05-04-2021,F02289,DELIVERY,wheat,1211 kg,"₹ 2,425","₹ 29,367",BRD-IND
T013682,08-04-2021,f02289,Delivery,Lokwan Wheat,458.00 kgs,"₹ 2,425","₹ 11,106",BRD-IND
T013685,22-03-2021,F02292,delivery,Lokwan Wheat,4849 kg,"₹ 2,455","₹ 1,19,043",BRD-IND
T013686,08-05-2021,F02292,Delivery,Wheat,"1,174.00 kgs","₹ 2,455","₹ 28,822",BRD-IND
T013687,07-04-2021,F02292,D,Wheat (Durum),"1,698.00 kgs","₹ 2,455","₹ 41,686",BRD-IND
T013688,10-01-2021,F02292,Input Purchase,NPK 10:26:26,158 kgs,₹ 59,"₹ 9,276",BRD-IND
T013768,18-03-2021,F02319,FPO_DELIVERY,wheat,982.00 kgs,"₹ 2,295","₹ 22,537",BRD-IND
T013769,14-03-2021,f02319,FPO_DELIVERY,Lokwan Wheat,"2,248.00 kgs","₹ 2,295","₹ 51,592",BRD-IND
T013780,14-03-2021, F02323 ,FPO_DELIVERY,Lokwan Wheat,947.00 kgs,"₹ 2,360","₹ 22,349",BRD-IND
T013781,18-03-2021, F02323 ,L,Loan Repayment,,,"₹ 1,900",BRD-IND
T013782,07-01-2021,F02323,loan,Loan Repayment,,,"₹ 1,900",BRD-IND
T013885,09-05-2021,F02358,D,Wheat,"1,496.00 kgs","₹ 2,400","₹ 35,904",BRD-IND
T013886,26-03-2021, F02358 ,FPO_DELIVERY,WHEAT,"1,330.00 kgs","₹ 2,400","₹ 31,920",BRD-IND
T013887,09-04-2021,F02358,Delivery,Wheat (Durum),521 kg,"₹ 2,400","₹ 12,504",BRD-IND
T013888,24-01-2021,F02358,LOAN_REPAY,Loan Repayment,,,"₹ 5,500",BRD-IND
T013889,01-01-2021,F02358,L,EMI,,,"₹ 1,400",BRD-IND
T013890,16-02-2021,F02358,loan,Loan Repayment,,,"₹ 5,900",BRD-IND
T013910,17-04-2021,F02364,Delivery,WHEAT,2332 kg,"₹ 2,360","₹ 55,035",BRD-IND
T013911,14-01-2021,F02364,Input Purchase,Fertilizer,144 kg,₹ 34,"₹ 4,933",BRD-IND
T014957,22-10-2021,F01620,delivery,soya,446.00 kgs,"₹ 5,335","₹ 23,794",BRD-IND
T014958,04-10-2021,F01620,DELIVERY,SOYABEAN,300.00 kgs,"₹ 5,335","₹ 16,005",BRD-IND
T014959,27-06-2021,F01620,input,Urea,41 kg,₹ 45,"₹ 1,843",BRD-IND
T014960,26-10-2021,F01630,delivery,Soybean,1223 kg,"₹ 5,400","₹ 66,042",BRD-IND
T014961,06-07-2021,F01630,I,DAP,244 kg,₹ 31,"₹ 7,588",BRD-IND
T014962,22-06-2021,F01630,FERT_PURCHASE,DAP,272 kgs,₹ 28,"₹ 7,738",BRD-IND
T014963,14-07-2021,F01630,Input Purchase,NPK 10:26:26,221 kgs,₹ 33,"₹ 7,273",BRD-IND
T014964,17-10-2021,F01633,D,Soybean (Yellow),61 kg,"₹ 5,115","₹ 3,120",BRD-IND
T014965,09-10-2021,F01633,FPO_DELIVERY,soya,988 kg,"₹ 5,115","₹ 50,536",BRD-IND
T014966,06-11-2021,F01633,D,soya,569.00 kgs,"₹ 5,115","₹ 29,104",BRD-IND
T014967,05-07-2021,F01633,I,DAP,34 kgs,₹ 28,₹ 966,BRD-IND
T014968,01-06-2021,F01633,INPUT_PURCHASE,PP chemicals,170 kg,₹ 252,"₹ 42,777",BRD-IND
T014969,18-10-2021,F01636,DELIVERY,Soybean (Yellow),536.00 kgs,"₹ 5,220","₹ 27,979",BRD-IND
T014970,02-10-2021,F01636,delivery,Soybean (Yellow),957.00 kgs,"₹ 5,220","₹ 49,955",BRD-IND
T014971,05-06-2021,F01636,INPUT_PURCHASE,SEEDS,106 kgs,₹ 128,"₹ 13,521",BRD-IND
T014972,11-07-2021,F01636,FERT_PURCHASE,Urea,149 kgs,₹ 38,"₹ 5,726",BRD-IND
T014973,01-06-2021,F01636,INPUT_PURCHASE,Seeds,311 kg,₹ 117,"₹ 36,322",BRD-IND
T014974,05-11-2021,F01637,FPO_DELIVERY,Soybean (Yellow),1401 kg,"₹ 5,285","₹ 74,043",BRD-IND
T014975,05-11-2021,F01637,D,Soybean,2237 kg,"₹ 5,285","₹ 1,18,225",BRD-IND
T014976,31-10-2021,F01637,D,Soybean,62 kg,"₹ 5,285","₹ 3,277",BRD-IND
T014977,05-07-2021,f01637,input,Seeds,43 kg,₹ 125,"₹ 5,389",BRD-IND
T014978,15-07-2021, F01637 ,loan,Loan Repayment,,,"₹ 5,900",BRD-IND
T014979,30-10-2021,F01638,D,soya,401.00 kgs,"₹ 5,270","₹ 21,133",BRD-IND
T014980,29-10-2021,F01638,Delivery,SOYABEAN,68.00 kgs,"₹ 5,270","₹ 3,584",BRD-IND
T014981,05-07-2021,F01638,I,NPK 10:26:26,55 kg,₹ 51,"₹ 2,831",BRD-IND
T014982,20-06-2021,F01638,INPUT_PURCHASE,Bio-pesticide,184 kgs,₹ 332,"₹ 61,108",BRD-IND
T014983,11-07-2021,F01638,Input Purchase,Hybrid Seeds,208 kg,₹ 49,"₹ 10,200",BRD-IND
T014984,23-06-2021,f01638,input,Urea,198 kgs,₹ 54,"₹ 10,631",BRD-IND
T014985,30-11-2021,F01640,Delivery,Soybean,3363 kg,"₹ 5,255","₹ 1,76,726",BRD-IND
T014986,10-07-2021,F01640,INPUT_PURCHASE,PP chemicals,91 kgs,₹ 257,"₹ 23,396",BRD-IND
T014987,13-07-2021,f01640,FERT_PURCHASE,PPC,261 kgs,₹ 597,"₹ 1,55,864",BRD-IND
T014988,13-10-2021,f01642,D,Soybean,923 kg,"₹ 5,390","₹ 49,750",BRD-IND
T014989,28-06-2021,F01642,input,DAP,255 kg,₹ 44,"₹ 11,243",BRD-IND
T014990,27-06-2021,F01642,input,Seeds,170 kg,₹ 54,"₹ 9,132",BRD-IND
T014991,12-06-2021,F01642,INPUT_PURCHASE,Urea,199 kg,₹ 54,"₹ 10,664",BRD-IND
T014992,08-06-2021, F01642 ,I,NPK 10:26:26,156 kg,₹ 43,"₹ 6,720",BRD-IND
T014993,13-07-2021,F01642,input,Fertilizer,142 kg,₹ 58,"₹ 8,303",BRD-IND
T014994,30-10-2021,F01643,D,soya,804 kg,"₹ 5,485","₹ 44,099",BRD-IND
T014995,30-10-2021,F01643,DELIVERY,soya,420 kg,"₹ 5,485","₹ 23,037",BRD-IND
T014996,05-07-2021,F01643,I,Seeds,259 kg,₹ 81,"₹ 20,883",BRD-IND
T014997,12-06-2021,F01643,INPUT_PURCHASE,DAP,245 kg,₹ 56,"₹ 13,669",BRD-IND
T014998,14-10-2021, F01644 ,D,Soybean,"3,361.00 kgs","₹ 5,220","₹ 1,75,444",BRD-IND
T014999,06-07-2021,F01644,Input Purchase,Urea,77 kgs,₹ 36,"₹ 2,741",BRD-IND
T015000,03-07-2021,F01644,I,NPK 10:26:26,142 kg,₹ 37,"₹ 5,228",BRD-IND
T015001,30-11-2021,F01645,D,soya,3762 kg,"₹ 5,145","₹ 1,93,555",BRD-IND
T015002,22-10-2021,F01645,FPO_DELIVERY,soya,564.00 kgs,"₹ 5,145","₹ 29,018",BRD-IND
T015003,09-10-2021,F01649,delivery,Soybean (Yellow),1673 kg,"₹ 5,260","₹ 88,000",BRD-IND
T015004,13-06-2021,F01649,INPUT_PURCHASE,Hybrid Seeds,44 kgs,₹ 93,"₹ 4,071",BRD-IND
T015005,15-06-2021,F01649,INPUT_PURCHASE,FERTILIZER 50kg bag,151 kg,₹ 43,"₹ 6,552",BRD-IND
T015006,18-11-2021,F01650,Delivery,SOYABEAN,31.00 kgs,"₹ 5,625","₹ 1,744",BRD-IND
T015007,21-10-2021,F01650,delivery,Soybean,807 kg,"₹ 5,625","₹ 45,394",BRD-IND
T015008,05-11-2021,F01650,DELIVERY,soya,35 kg,"₹ 5,625","₹ 1,969",BRD-IND
T015009,16-11-2021,F01653,D,Soybean (Yellow),734 kg,"₹ 5,145","₹ 37,764",BRD-IND
T015010,11-07-2021,f01653,input,Seeds,272 kg,₹ 123,"₹ 33,361",BRD-IND
T015011,08-10-2021,f01654,delivery,Soybean,"2,748.00 kgs","₹ 5,445","₹ 1,49,629",BRD-IND
T015012,22-11-2021,F01654,Delivery,soya,2031 kg,"₹ 5,445","₹ 1,10,588",BRD-IND
T015013,02-07-2021,F01654,Input Purchase,FERTILIZER 50kg bag,315 kg,₹ 55,"₹ 17,284",BRD-IND
T015014,28-10-2021,F01658,delivery,Soybean (Yellow),3380 kg,"₹ 5,325","₹ 1,79,985",BRD-IND
T015015,09-07-2021,F01658,I,DAP,314 kgs,₹ 48,"₹ 14,937",BRD-IND
T015016,27-06-2021,F01658,I,DAP,53 kg,₹ 52,"₹ 2,735",BRD-IND
T015017,21-10-2021,F01660,FPO_DELIVERY,Soybean,161.00 kgs,"₹ 5,395","₹ 8,686",BRD-IND
T015018,29-11-2021,F01660,delivery,soya,910.00 kgs,"₹ 5,395","₹ 49,094",BRD-IND
T015019,03-07-2021,F01660,INPUT_PURCHASE,Fertilizer,126 kgs,₹ 59,"₹ 7,396",BRD-IND
T015020,09-07-2021,F01660,input,FERTILIZER 50kg bag,25 kg,₹ 37,₹ 924,BRD-IND
T015021,06-07-2021,F01660,INPUT_PURCHASE,DAP,56 kgs,₹ 51,"₹ 2,864",BRD-IND
T015022,27-11-2021,F01662,DELIVERY,soya,282.00 kgs,"₹ 5,270","₹ 14,861",BRD-IND
T015023,07-11-2021,F01662,Delivery,soya,531.00 kgs,"₹ 5,270","₹ 27,984",BRD-IND
T015024,05-10-2021,F01662,DELIVERY,SOYABEAN,17 kg,"₹ 5,270",₹ 896,BRD-IND
T015025,07-10-2021,F01666,delivery,SOYABEAN,"1,057.00 kgs","₹ 5,045","₹ 53,326",BRD-IND
T015026,11-11-2021,F01666,D,SOYABEAN,7 kg,"₹ 5,045",₹ 353,BRD-IND
T015027,02-11-2021,F01670,FPO_DELIVERY,SOYABEAN,1133 kg,"₹ 5,270","₹ 59,709",BRD-IND
T015028,19-11-2021,F01670,D,Soybean (Yellow),779 kg,"₹ 5,270","₹ 41,053",BRD-IND
T015029,23-06-2021,F01670,I,Hybrid Seeds,167 kg,₹ 111,"₹ 18,472",BRD-IND
T015030,27-06-2021,F01670,FERT_PURCHASE,Seeds,88 kgs,₹ 102,"₹ 8,951",BRD-IND
T015031,23-06-2021,F01670,input,NPK 10:26:26,145 kg,₹ 57,"₹ 8,258",BRD-IND
T015032,30-08-2021,F01670,LOAN_REPAY,EMI,,,"₹ 5,100",BRD-IND
T015033,09-10-2021,F01671,Delivery,soya,662 kg,"₹ 5,515","₹ 36,509",BRD-IND
T015034,04-07-2021,F01671,FERT_PURCHASE,Seeds,269 kgs,₹ 75,"₹ 20,162",BRD-IND
T015035,08-06-2021,F01671,I,NPK 10:26:26,256 kgs,₹ 45,"₹ 11,528",BRD-IND
T015036,11-07-2021,F01671,Input Purchase,NPK 10:26:26,112 kg,₹ 52,"₹ 5,874",BRD-IND
T015037,09-11-2021,F01675,DELIVERY,Soybean,927 kg,"₹ 5,420","₹ 50,243",BRD-IND
T015038,25-06-2021,F01675,Input Purchase,Urea,179 kgs,₹ 35,"₹ 6,292",BRD-IND
T015039,28-06-2021,F01675,input,Urea,149 kgs,₹ 37,"₹ 5,474",BRD-IND
T015040,11-07-2021,F01675,Input Purchase,Seeds,108 kgs,₹ 82,"₹ 8,803",BRD-IND
T015041,10-07-2021,F01675,loan,EMI,,,"₹ 2,900",BRD-IND
T015042,18-09-2021,F01675,LOAN_REPAY,Loan Repayment,,,"₹ 4,900",BRD-IND
T015043,30-09-2021,F01675,loan,EMI,,,"₹ 5,000",BRD-IND
T015044,08-10-2021,F01680,DELIVERY,soya,1058 kg,"₹ 5,295","₹ 56,021",BRD-IND
T015045,11-07-2021,F01680,INPUT_PURCHASE,NPK 10:26:26,202 kg,₹ 41,"₹ 8,199",BRD-IND
T015046,13-06-2021,F01680,INPUT_PURCHASE,NPK 10:26:26,54 kg,₹ 51,"₹ 2,770",BRD-IND
T015047,11-07-2021,F01680,INPUT_PURCHASE,Urea,83 kgs,₹ 44,"₹ 3,630",BRD-IND
T015048,30-11-2021,F01687,D,soya,"2,008.00 kgs","₹ 5,135","₹ 1,03,111",BRD-IND
T015049,07-06-2021,F01687,Input Purchase,DAP,237 kg,₹ 30,"₹ 7,210",BRD-IND
T015050,09-07-2021,F01687,INPUT_PURCHASE,NPK 10:26:26,302 kg,₹ 50,"₹ 15,043",BRD-IND
T015051,08-06-2021,F01687,input,Seeds,139 kgs,₹ 61,"₹ 8,529",BRD-IND
T015052,01-10-2021,F01692,DELIVERY,Soybean (Yellow),374 kg,"₹ 5,045","₹ 18,868",BRD-IND
T015053,25-10-2021,F01692,delivery,SOYABEAN,15.00 kgs,"₹ 5,045",₹ 757,BRD-IND
T015054,21-06-2021,f01692,input,DAP,297 kgs,₹ 53,"₹ 15,679",BRD-IND
T015055,16-06-2021, F01692 ,FERT_PURCHASE,PP chemicals,138 kg,₹ 374,"₹ 51,673",BRD-IND
T015056,17-06-2021,F01692,I,FERTILIZER 50kg bag,200 kgs,₹ 40,"₹ 7,996",BRD-IND
T015057,06-11-2021,F01693,delivery,Soybean (Yellow),916.00 kgs,"₹ 5,220","₹ 47,815",BRD-IND
T015058,01-06-2021,F01693,FERT_PURCHASE,PP chemicals,285 kgs,₹ 677,"₹ 1,92,934",BRD-IND
T015059,11-07-2021,F01693,INPUT_PURCHASE,NPK 10:26:26,40 kgs,₹ 48,"₹ 1,936",BRD-IND
T015060,03-07-2021,F01693,input,SEEDS,261 kgs,₹ 126,"₹ 32,756",BRD-IND
T015061,01-07-2021,F01693,I,NPK 10:26:26,39 kgs,₹ 42,"₹ 1,645",BRD-IND
T015062,29-10-2021, F01694 ,DELIVERY,Soybean (Yellow),"1,477.00 kgs","₹ 5,390","₹ 79,610",BRD-IND
T015063,11-06-2021,F01694,FERT_PURCHASE,SEEDS,251 kgs,₹ 112,"₹ 28,092",BRD-IND
T015064,27-10-2021,F01695,D,SOYABEAN,376 kg,"₹ 5,255","₹ 19,759",BRD-IND
T015065,14-06-2021,f01695,I,DAP,122 kgs,₹ 50,"₹ 6,056",BRD-IND
T015066,30-09-2021,F01695,L,EMI,,,"₹ 4,600",BRD-IND
T015067,30-06-2021, F01695 ,LOAN_REPAY,Loan Repayment,,,"₹ 6,000",BRD-IND
T015068,19-11-2021,F01696,D,SOYABEAN,1454 kg,"₹ 5,010","₹ 72,845",BRD-IND
T015069,21-10-2021,F01696,Delivery,Soybean (Yellow),8.00 kgs,"₹ 5,010",₹ 401,BRD-IND
T015070,11-06-2021,F01696,I,Seeds,286 kg,₹ 80,"₹ 22,783",BRD-IND
T015071,21-06-2021,F01696,Input Purchase,Seeds,124 kg,₹ 55,"₹ 6,764",BRD-IND
T015072,15-07-2021,F01696,input,NPK 10:26:26,282 kgs,₹ 44,"₹ 12,270",BRD-IND
T015073,17-10-2021,F01702,Delivery,Soybean,1500 kg,"₹ 5,050","₹ 75,750",BRD-IND
T015074,15-10-2021,F01702,D,soya,677 kg,"₹ 5,050","₹ 34,188",BRD-IND
T015075,17-06-2021,F01702,FERT_PURCHASE,FERTILIZER 50kg bag,234 kgs,₹ 59,"₹ 13,874",BRD-IND
T015076,22-06-2021,f01702,input,Urea,86 kg,₹ 37,"₹ 3,222",BRD-IND
T015077,15-11-2021,f01703,delivery,Soybean,1069 kg,"₹ 5,610","₹ 59,971",BRD-IND
T015078,24-06-2021,F01703,Input Purchase,SEEDS,72 kg,₹ 51,"₹ 3,656",BRD-IND
T015079,14-07-2021,F01703,INPUT_PURCHASE,Fertilizer,225 kg,₹ 46,"₹ 10,321",BRD-IND
T015080,06-07-2021,f01703,L,EMI,,,"₹ 6,400",BRD-IND
T015081,16-11-2021,F01706,DELIVERY,Soybean,1963 kg,"₹ 5,190","₹ 1,01,880",BRD-IND
T015082,24-10-2021,f01706,delivery,soya,94 kg,"₹ 5,190","₹ 4,879",BRD-IND
T015083,07-06-2021,F01706,FERT_PURCHASE,Urea,144 kgs,₹ 59,"₹ 8,443",BRD-IND
T015084,29-11-2021,F01707,D,SOYABEAN,314.00 kgs,"₹ 5,165","₹ 16,218",BRD-IND
T015085,05-11-2021,F01707,FPO_DELIVERY,soya,387.00 kgs,"₹ 5,165","₹ 19,989",BRD-IND
T015086,20-06-2021,f01707,INPUT_PURCHASE,Hybrid Seeds,137 kg,₹ 52,"₹ 7,145",BRD-IND
T015087,13-06-2021, F01707 ,Input Purchase,Bio-pesticide,257 kg,₹ 643,"₹ 1,65,125",BRD-IND
T015088,04-06-2021,F01707,I,NPK 10:26:26,225 kg,₹ 55,"₹ 12,472",BRD-IND
T015089,18-08-2021,F01707,Loan Repayment,EMI,,,"₹ 6,900",BRD-IND
T015090,14-09-2021,F01707,Loan Repayment,Loan Repayment,,,"₹ 1,500",BRD-IND
T015091,27-10-2021,F01709,FPO_DELIVERY,soya,415.00 kgs,"₹ 5,180","₹ 21,497",BRD-IND
T015092,06-11-2021,F01709,DELIVERY,Soybean (Yellow),"3,782.00 kgs","₹ 5,180","₹ 1,95,908",BRD-IND
T015093,14-07-2021,F01709,input,FERTILIZER 50kg bag,26 kg,₹ 48,"₹ 1,256",BRD-IND
T015094,29-11-2021,F01714,DELIVERY,Soybean (Yellow),1736 kg,"₹ 4,640","₹ 80,550",BRD-IND
T015095,15-06-2021,F01714,Input Purchase,NPK 10:26:26,41 kgs,₹ 33,"₹ 1,355",BRD-IND
T015096,22-06-2021,F01714,input,Fertilizer,279 kg,₹ 32,"₹ 8,987",BRD-IND
T015097,04-07-2021, F01714 ,INPUT_PURCHASE,Bio-pesticide,60 kg,₹ 415,"₹ 24,891",BRD-IND
T015098,11-11-2021,F01718,DELIVERY,Soybean,1392 kg,"₹ 5,545","₹ 77,186",BRD-IND
T015099,11-11-2021,F01718,D,soya,1070 kg,"₹ 5,545","₹ 59,331",BRD-IND
T015100,09-07-2021,F01718,input,Fertilizer,164 kgs,₹ 30,"₹ 4,951",BRD-IND
T015101,20-06-2021,f01718,input,DAP,125 kg,₹ 59,"₹ 7,430",BRD-IND
T015102,19-08-2021, F01718 ,loan,Loan Repayment,,,"₹ 4,800",BRD-IND
T015103,19-10-2021,F01719,D,soya,691 kg,"₹ 5,115","₹ 35,345",BRD-IND
T015104,08-10-2021,F01720,FPO_DELIVERY,Soybean,"1,209.00 kgs","₹ 5,685","₹ 68,732",BRD-IND
T015105,25-11-2021,F01720,FPO_DELIVERY,soya,"1,163.00 kgs","₹ 5,685","₹ 66,117",BRD-IND
T015106,11-06-2021,F01720,I,NPK 10:26:26,163 kgs,₹ 52,"₹ 8,430",BRD-IND
T015107,30-06-2021,f01720,FERT_PURCHASE,Seeds,303 kgs,₹ 91,"₹ 27,621",BRD-IND
T015108,15-07-2021,F01720,I,Fertilizer,225 kg,₹ 50,"₹ 11,158",BRD-IND
T015109,23-10-2021,F01720,Loan Repayment,Loan Repayment,,,"₹ 7,400",BRD-IND
T015110,20-09-2021,F01720,Loan Repayment,EMI,,,"₹ 7,500",BRD-IND
T015111,08-11-2021,F01722,Delivery,soya,910.00 kgs,"₹ 5,045","₹ 45,910",BRD-IND
T015112,21-11-2021,F01722,DELIVERY,soya,578 kg,"₹ 5,045","₹ 29,160",BRD-IND
T015113,25-06-2021,F01722,INPUT_PURCHASE,Bio-pesticide,251 kg,₹ 537,"₹ 1,34,672",BRD-IND
T015114,03-07-2021,F01722,Input Purchase,Fertilizer,246 kgs,₹ 44,"₹ 10,822",BRD-IND
T015115,06-11-2021,F01724,Delivery,Soybean,4880 kg,"₹ 5,305","₹ 2,58,884",BRD-IND
T015116,11-10-2021,F01724,D,Soybean (Yellow),1423 kg,"₹ 5,305","₹ 75,490",BRD-IND
T015117,10-06-2021,F01724,FERT_PURCHASE,Hybrid Seeds,148 kgs,₹ 57,"₹ 8,399",BRD-IND
T015118,08-07-2021,f01724,Input Purchase,Bio-pesticide,164 kg,₹ 626,"₹ 1,02,615",BRD-IND
T015119,17-06-2021,F01724,INPUT_PURCHASE,Fertilizer,61 kgs,₹ 43,"₹ 2,605",BRD-IND
T015120,26-10-2021,F01725,delivery,Soybean (Yellow),344 kg,"₹ 5,475","₹ 18,834",BRD-IND
T015121,28-10-2021,F01725,Delivery,soya,303 kg,"₹ 5,475","₹ 16,589",BRD-IND
T015122,17-10-2021,F01729,FPO_DELIVERY,Soybean,"2,935.00 kgs","₹ 5,200","₹ 1,52,620",BRD-IND
T015123,05-07-2021,F01729,FERT_PURCHASE,Hybrid Seeds,213 kg,₹ 88,"₹ 18,640",BRD-IND
T015124,26-09-2021,F01729,L,EMI,,,"₹ 2,700",BRD-IND
T015125,08-10-2021,F01730,DELIVERY,SOYABEAN,100 kg,"₹ 5,455","₹ 5,455",BRD-IND
T015126,01-10-2021,F01730,FPO_DELIVERY,Soybean,"1,460.00 kgs","₹ 5,455","₹ 79,643",BRD-IND
T015127,01-06-2021,F01730,INPUT_PURCHASE,PP chemicals,90 kg,₹ 522,"₹ 46,952",BRD-IND
T015128,19-11-2021,F01732,D,SOYABEAN,825 kg,"₹ 5,600","₹ 46,200",BRD-IND
T015129,07-11-2021,F01732,FPO_DELIVERY,SOYABEAN,209.00 kgs,"₹ 5,600","₹ 11,704",BRD-IND
T015130,23-10-2021,F01732,FPO_DELIVERY,Soybean (Yellow),1090 kg,"₹ 5,600","₹ 61,040",BRD-IND
T015131,05-07-2021,F01732,input,PPC,161 kg,₹ 447,"₹ 71,981",BRD-IND
T015132,07-07-2021,f01732,I,Fertilizer,316 kgs,₹ 31,"₹ 9,685",BRD-IND
T015133,11-06-2021,F01732,FERT_PURCHASE,SEEDS,33 kgs,₹ 71,"₹ 2,333",BRD-IND
T015134,13-11-2021,F01740,Delivery,SOYABEAN,214 kg,"₹ 5,105","₹ 10,925",BRD-IND
T015135,20-11-2021,F01740,D,Soybean,"1,174.00 kgs","₹ 5,105","₹ 59,933",BRD-IND
T015136,18-10-2021,f01741,DELIVERY,Soybean,518 kg,"₹ 5,630","₹ 29,163",BRD-IND
T015137,12-11-2021,f01741,DELIVERY,Soybean (Yellow),83 kg,"₹ 5,630","₹ 4,673",BRD-IND
T015138,10-10-2021, F01741 ,FPO_DELIVERY,soya,419 kg,"₹ 5,630","₹ 23,590",BRD-IND
T015139,10-10-2021,F01742,Delivery,Soybean,"1,088.00 kgs","₹ 4,790","₹ 52,115",BRD-IND
T015140,26-06-2021,F01742,I,Hybrid Seeds,193 kgs,₹ 75,"₹ 14,398",BRD-IND
T015141,12-06-2021,F01742,Input Purchase,Hybrid Seeds,313 kgs,₹ 102,"₹ 32,042",BRD-IND
T015142,08-10-2021,F01743,Delivery,SOYABEAN,241.00 kgs,"₹ 5,120","₹ 12,339",BRD-IND
T015143,20-10-2021,F01743,delivery,Soybean (Yellow),"1,447.00 kgs","₹ 5,120","₹ 74,086",BRD-IND
T015144,06-06-2021,f01743,input,FERTILIZER 50kg bag,240 kgs,₹ 57,"₹ 13,759",BRD-IND
T015145,21-06-2021,F01743,FERT_PURCHASE,Fertilizer,86 kgs,₹ 50,"₹ 4,303",BRD-IND
T015146,10-06-2021,f01743,L,EMI,,,"₹ 4,800",BRD-IND
T015147,23-10-2021,F01747,FPO_DELIVERY,SOYABEAN,1877 kg,"₹ 5,075","₹ 95,258",BRD-IND
T015148,12-06-2021,F01747,I,DAP,194 kgs,₹ 29,"₹ 5,674",BRD-IND
T015149,11-06-2021,F01747,Input Purchase,Urea,159 kgs,₹ 57,"₹ 9,088",BRD-IND
T015150,04-07-2021,F01747,FERT_PURCHASE,Fertilizer,79 kg,₹ 39,"₹ 3,079",BRD-IND
T015151,20-06-2021,F01747,Input Purchase,FERTILIZER 50kg bag,314 kg,₹ 30,"₹ 9,354",BRD-IND
T015152,01-10-2021,F01750,D,SOYABEAN,"1,808.00 kgs","₹ 5,055","₹ 91,394",BRD-IND
T015153,10-10-2021,F01750,D,Soybean,97 kg,"₹ 5,055","₹ 4,903",BRD-IND
T015154,15-07-2021,F01750,input,Urea,97 kgs,₹ 48,"₹ 4,676",BRD-IND
T015155,30-06-2021,F01750,FERT_PURCHASE,SEEDS,146 kg,₹ 63,"₹ 9,173",BRD-IND
T015156,19-11-2021,F01753,DELIVERY,Soybean (Yellow),641 kg,"₹ 5,285","₹ 33,877",BRD-IND
T015157,25-11-2021,F01753,DELIVERY,soya,"1,296.00 kgs","₹ 5,285","₹ 68,494",BRD-IND
T015158,07-07-2021,F01753,FERT_PURCHASE,DAP,251 kgs,₹ 44,"₹ 11,097",BRD-IND
T015159,04-06-2021,F01753,INPUT_PURCHASE,Fertilizer,57 kg,₹ 40,"₹ 2,298",BRD-IND
T015160,16-09-2021,F01753,loan,EMI,,,"₹ 3,400",BRD-IND
T015161,25-11-2021,F01753,L,EMI,,,"₹ 2,500",BRD-IND
T015162,27-10-2021,F01755,FPO_DELIVERY,soya,356.00 kgs,"₹ 5,500","₹ 19,580",BRD-IND
T015163,12-11-2021,F01755,delivery,soya,"3,009.00 kgs","₹ 5,500","₹ 1,65,495",BRD-IND
T015164,18-06-2021,F01755,FERT_PURCHASE,PP chemicals,227 kg,₹ 535,"₹ 1,21,393",BRD-IND
T015165,26-10-2021,F01757,FPO_DELIVERY,Soybean (Yellow),475.00 kgs,"₹ 5,395","₹ 25,626",BRD-IND
T015166,13-11-2021,f01760,DELIVERY,Soybean (Yellow),355 kg,"₹ 5,190","₹ 18,424",BRD-IND
T015167,09-10-2021,F01760,FPO_DELIVERY,Soybean,183.00 kgs,"₹ 5,190","₹ 9,498",BRD-IND
T015168,11-06-2021,F01760,INPUT_PURCHASE,DAP,304 kgs,₹ 59,"₹ 18,067",BRD-IND
T015169,30-11-2021,F01760,Loan Repayment,EMI,,,"₹ 1,100",BRD-IND
T016036,04-10-2021,F02226,Delivery,Soybean,745.00 kgs,"₹ 5,535","₹ 41,236",BRD-IND
T016037,07-11-2021,F02226,D,Soybean,446 kg,"₹ 5,535","₹ 24,686",BRD-IND
T016106,28-11-2021,F02262,delivery,soya,"1,906.00 kgs","₹ 5,370","₹ 1,02,352",BRD-IND
T016114,02-10-2021,F02266,D,soya,120 kg,"₹ 5,290","₹ 6,348",BRD-IND
T016115,29-10-2021, F02266 ,D,Soybean (Yellow),2566 kg,"₹ 5,290","₹ 1,35,741",BRD-IND
T016116,15-06-2021,F02266,I,Hybrid Seeds,311 kg,₹ 45,"₹ 14,057",BRD-IND
T016117,11-07-2021,F02266,INPUT_PURCHASE,Fertilizer,268 kgs,₹ 41,"₹ 11,071",BRD-IND
T016142,23-11-2021, F02280 ,DELIVERY,soya,880 kg,"₹ 4,945","₹ 43,516",BRD-IND
T016143,11-11-2021,F02280,FPO_DELIVERY,soya,263.00 kgs,"₹ 4,945","₹ 13,005",BRD-IND
T016144,12-06-2021,F02280,FERT_PURCHASE,Hybrid Seeds,40 kgs,₹ 73,"₹ 2,924",BRD-IND
T016154,05-11-2021,F02285,DELIVERY,soya,914.00 kgs,"₹ 5,010","₹ 45,791",BRD-IND
T016155,14-07-2021,F02285,input,DAP,224 kg,₹ 28,"₹ 6,341",BRD-IND
T016156,02-09-2021,F02285,Loan Repayment,EMI,,,"₹ 6,300",BRD-IND
T016159,13-11-2021,F02289,D,soya,675 kg,"₹ 5,325","₹ 35,944",BRD-IND
T016160,11-11-2021,F02289,FPO_DELIVERY,soya,218 kg,"₹ 5,325","₹ 11,608",BRD-IND
T016161,15-06-2021,f02289,FERT_PURCHASE,DAP,311 kgs,₹ 33,"₹ 10,397",BRD-IND
T016163,19-11-2021,F02292,FPO_DELIVERY,soya,"2,671.00 kgs","₹ 5,120","₹ 1,36,755",BRD-IND
T016164,24-11-2021,F02292,D,Soybean,669.00 kgs,"₹ 5,120","₹ 34,253",BRD-IND
T016236,05-11-2021,F02319,D,soya,258.00 kgs,"₹ 5,485","₹ 14,151",BRD-IND
T016237,13-10-2021,F02319,Delivery,SOYABEAN,221 kg,"₹ 5,485","₹ 12,122",BRD-IND
T016246,06-10-2021,F02323,D,Soybean,353.00 kgs,"₹ 5,290","₹ 18,674",BRD-IND
T016247,02-07-2021,F02323,INPUT_PURCHASE,Seeds,257 kg,₹ 59,"₹ 15,207",BRD-IND
T016248,18-06-2021,F02323,FERT_PURCHASE,Fertilizer,279 kgs,₹ 33,"₹ 9,302",BRD-IND
T016249,10-09-2021,f02323,loan,EMI,,,₹ 800,BRD-IND
T016319,17-10-2021,F02358,D,SOYABEAN,306 kg,"₹ 5,345","₹ 16,356",BRD-IND
T016320,05-11-2021,F02358,D,SOYABEAN,"1,293.00 kgs","₹ 5,345","₹ 69,111",BRD-IND
T016321,01-07-2021,F02358,I,Hybrid Seeds,290 kg,₹ 95,"₹ 27,425",BRD-IND
T016322,28-06-2021,F02358,FERT_PURCHASE,Seeds,190 kg,₹ 61,"₹ 11,649",BRD-IND
T016359,04-10-2021,f02374,Delivery,SOYABEAN,1211 kg,"₹ 5,015","₹ 60,732",BRD-IND
T016360,06-06-2021,F02374,input,DAP,78 kg,₹ 34,"₹ 2,689",BRD-IND
T016402,20-11-2021,f02387,DELIVERY,Soybean (Yellow),40 kg,"₹ 5,105","₹ 2,042",BRD-IND
T016403,04-10-2021,F02387,D,SOYABEAN,479 kg,"₹ 5,105","₹ 24,453",BRD-IND
T016404,04-06-2021,F02387,I,PP chemicals,86 kgs,₹ 582,"₹ 50,032",BRD-IND
T016410,12-10-2021,F02389,FPO_DELIVERY,Soybean (Yellow),215.00 kgs,"₹ 5,450","₹ 11,718",BRD-IND
T016411,23-06-2021,F02389,INPUT_PURCHASE,DAP,291 kg,₹ 45,"₹ 13,238",BRD-IND
T016414,27-10-2021,F02391,FPO_DELIVERY,SOYABEAN,740.00 kgs,"₹ 5,145","₹ 38,073",BRD-IND
T016415,01-10-2021, F02391 ,FPO_DELIVERY,SOYABEAN,2257 kg,"₹ 5,145","₹ 1,16,123",BRD-IND
T016416,06-06-2021, F02391 ,FERT_PURCHASE,DAP,33 kg,₹ 29,₹ 950,BRD-IND
T016417,13-07-2021,F02391,INPUT_PURCHASE,Seeds,31 kgs,₹ 51,"₹ 1,594",BRD-IND
T016430,31-10-2021,F02395,D,Soybean (Yellow),1762 kg,"₹ 5,150","₹ 90,743",BRD-IND
T016453,22-10-2021,F02402,DELIVERY,Soybean (Yellow),503 kg,"₹ 5,405","₹ 27,187",BRD-IND
T016454,30-11-2021,F02402,FPO_DELIVERY,soya,227 kg,"₹ 5,405","₹ 12,269",BRD-IND
T016455,30-06-2021,F02402,input,NPK 10:26:26,283 kgs,₹ 38,"₹ 10,737",BRD-IND
T016479,13-10-2021,F02409,DELIVERY,Soybean,"1,259.00 kgs","₹ 5,325","₹ 67,042",BRD-IND
T016480,06-10-2021,F02409,FPO_DELIVERY,SOYABEAN,255 kg,"₹ 5,325","₹ 13,579",BRD-IND
T016481,07-07-2021,F02409,Input Purchase,Hybrid Seeds,218 kg,₹ 77,"₹ 16,769",BRD-IND
T016482,05-07-2021,F02409,input,DAP,175 kgs,₹ 37,"₹ 6,405",BRD-IND
T016483,02-07-2021,F02409,INPUT_PURCHASE,SEEDS,178 kgs,₹ 122,"₹ 21,641",BRD-IND
T016490,28-10-2021,F02413,D,SOYABEAN,812.00 kgs,"₹ 5,090","₹ 41,331",BRD-IND
T016491,06-06-2021,F02413,FERT_PURCHASE,SEEDS,241 kgs,₹ 110,"₹ 26,609",BRD-IND
T016492,13-06-2021,F02413,I,Seeds,54 kgs,₹ 100,"₹ 5,406",BRD-IND
T017522,16-03-2022,F01630,D,wheat,348.00 kgs,"₹ 2,670","₹ 9,292",BRD-IND
T017523,02-04-2022,F01630,delivery,Wheat,346.00 kgs,"₹ 2,670","₹ 9,238",BRD-IND
T017524,05-04-2022,F01630,delivery,wheat,236.00 kgs,"₹ 2,670","₹ 6,301",BRD-IND
T017525,04-04-2022,F01633,DELIVERY,Lokwan Wheat,"4,259.00 kgs","₹ 2,510","₹ 1,06,901",BRD-IND
T017526,11-01-2022,F01633,FERT_PURCHASE,Fertilizer,229 kg,₹ 39,"₹ 8,835",BRD-IND
T017527,21-12-2021,F01633,input,DAP,31 kg,₹ 39,"₹ 1,212",BRD-IND
T017528,07-01-2022,F01633,FERT_PURCHASE,Seeds,231 kg,₹ 121,"₹ 27,916",BRD-IND
T017529,08-03-2022,F01636,D,wheat,3180 kg,"₹ 2,520","₹ 80,136",BRD-IND
T017530,21-04-2022,f01637,Delivery,Wheat,3205 kg,"₹ 2,680","₹ 85,894",BRD-IND
T017531,14-03-2022,F01637,delivery,WHEAT,"6,262.00 kgs","₹ 2,680","₹ 1,67,822",BRD-IND
T017532,29-12-2021,F01637,input,DAP,83 kgs,₹ 58,"₹ 4,832",BRD-IND
T017533,12-01-2022,f01637,I,Fertilizer,54 kgs,₹ 54,"₹ 2,899",BRD-IND
T017534,01-12-2021,F01637,I,DAP,77 kgs,₹ 44,"₹ 3,354",BRD-IND
T017535,01-04-2022,F01638,delivery,Wheat (Durum),930.00 kgs,"₹ 2,625","₹ 24,413",BRD-IND
T017536,30-04-2022,F01638,DELIVERY,Wheat (Durum),50.00 kgs,"₹ 2,625","₹ 1,312",BRD-IND
T017537,26-12-2021,F01638,input,PP chemicals,196 kgs,₹ 520,"₹ 1,01,947",BRD-IND
T017538,07-01-2022,F01638,input,FERTILIZER 50kg bag,96 kgs,₹ 35,"₹ 3,331",BRD-IND
T017539,23-12-2021,F01638,FERT_PURCHASE,DAP,297 kg,₹ 33,"₹ 9,762",BRD-IND
T017540,01-05-2022,F01640,DELIVERY,Lokwan Wheat,2728 kg,"₹ 2,455","₹ 66,972",BRD-IND
T017541,01-05-2022,F01640,FPO_DELIVERY,Wheat,3447 kg,"₹ 2,455","₹ 84,624",BRD-IND
T017542,29-12-2021, F01640 ,FERT_PURCHASE,NPK 10:26:26,265 kg,₹ 33,"₹ 8,862",BRD-IND
T017543,29-12-2021,F01640,INPUT_PURCHASE,NPK 10:26:26,60 kg,₹ 31,"₹ 1,873",BRD-IND
T017544,14-01-2022,F01640,I,Bio-pesticide,44 kgs,₹ 440,"₹ 19,382",BRD-IND
T017545,24-04-2022,F01642,DELIVERY,WHEAT,1157 kg,"₹ 2,600","₹ 30,082",BRD-IND
T017546,03-04-2022,F01642,DELIVERY,wheat,709 kg,"₹ 2,600","₹ 18,434",BRD-IND
T017547,21-12-2021, F01642 ,I,NPK 10:26:26,197 kgs,₹ 60,"₹ 11,785",BRD-IND
T017548,19-03-2022,F01643,D,WHEAT,2323 kg,"₹ 2,690","₹ 62,489",BRD-IND
T017549,08-12-2021,F01643,FERT_PURCHASE,Urea,186 kgs,₹ 54,"₹ 10,037",BRD-IND
T017550,02-03-2022,F01644,DELIVERY,WHEAT,3383 kg,"₹ 2,315","₹ 78,316",BRD-IND
T017551,03-03-2022,F01644,FPO_DELIVERY,wheat,2301 kg,"₹ 2,315","₹ 53,268",BRD-IND
T017552,22-12-2021,F01644,I,Urea,26 kg,₹ 43,"₹ 1,121",BRD-IND
T017553,05-01-2022,F01644,INPUT_PURCHASE,FERTILIZER 50kg bag,139 kg,₹ 31,"₹ 4,363",BRD-IND
T017554,21-12-2021,F01644,FERT_PURCHASE,PP chemicals,208 kg,₹ 211,"₹ 43,919",BRD-IND
T017555,07-04-2022,f01645,Delivery,Wheat (Durum),"3,801.00 kgs","₹ 2,545","₹ 96,735",BRD-IND
T017556,21-04-2022,F01645,Delivery,Wheat,34 kg,"₹ 2,545",₹ 865,BRD-IND
T017557,06-03-2022,F01645,LOAN_REPAY,EMI,,,"₹ 6,200",BRD-IND
T017558,17-01-2022,F01645,loan,EMI,,,"₹ 4,700",BRD-IND
T017559,21-04-2022,F01649,delivery,wheat,"3,157.00 kgs","₹ 2,580","₹ 81,451",BRD-IND
T017560,19-04-2022,f01649,DELIVERY,Lokwan Wheat,1391 kg,"₹ 2,580","₹ 35,888",BRD-IND
T017561,17-12-2021,F01649,FERT_PURCHASE,NPK 10:26:26,248 kg,₹ 54,"₹ 13,367",BRD-IND
T017562,24-03-2022,F01650,FPO_DELIVERY,wheat,1238 kg,"₹ 2,575","₹ 31,879",BRD-IND
T017563,01-05-2022,F01650,DELIVERY,WHEAT,493.00 kgs,"₹ 2,575","₹ 12,695",BRD-IND
T017564,05-01-2022,f01650,input,NPK 10:26:26,285 kg,₹ 40,"₹ 11,266",BRD-IND
T017565,10-12-2021,F01650,loan,Loan Repayment,,,"₹ 5,500",BRD-IND
T017566,16-12-2021,F01650,Loan Repayment,Loan Repayment,,,"₹ 2,400",BRD-IND
T017567,26-04-2022,F01653,Delivery,Lokwan Wheat,1361 kg,"₹ 2,520","₹ 34,297",BRD-IND
T017568,14-04-2022,F01653,FPO_DELIVERY,Lokwan Wheat,361 kg,"₹ 2,520","₹ 9,097",BRD-IND
T017569,21-12-2021,F01653,Input Purchase,Urea,288 kgs,₹ 35,"₹ 9,971",BRD-IND
T017570,04-12-2021,f01653,Input Purchase,DAP,49 kg,₹ 54,"₹ 2,636",BRD-IND
T017571,06-01-2022,F01653,INPUT_PURCHASE,Fertilizer,230 kg,₹ 29,"₹ 6,780",BRD-IND
T017572,15-12-2021,F01653,input,FERTILIZER 50kg bag,78 kg,₹ 50,"₹ 3,877",BRD-IND
T017573,22-03-2022,F01654,D,Wheat (Durum),"8,667.00 kgs","₹ 2,500","₹ 2,16,675",BRD-IND
T017574,15-12-2021,F01654,INPUT_PURCHASE,Fertilizer,232 kgs,₹ 41,"₹ 9,403",BRD-IND
T017575,06-01-2022,F01654,Input Purchase,Urea,285 kg,₹ 47,"₹ 13,341",BRD-IND
T017576,31-03-2022,F01658,FPO_DELIVERY,Lokwan Wheat,"1,124.00 kgs","₹ 2,585","₹ 29,055",BRD-IND
T017577,13-05-2022,F01658,FPO_DELIVERY,wheat,"6,735.00 kgs","₹ 2,585","₹ 1,74,100",BRD-IND
T017578,08-12-2021,F01658,INPUT_PURCHASE,NPK 10:26:26,76 kgs,₹ 53,"₹ 3,993",BRD-IND
T017579,27-12-2021,F01658,input,Seeds,158 kg,₹ 69,"₹ 10,877",BRD-IND
T017580,02-01-2022,F01658,INPUT_PURCHASE,PP chemicals,126 kg,₹ 273,"₹ 34,455",BRD-IND
T017581,11-05-2022,F01660,D,wheat,"2,114.00 kgs","₹ 2,385","₹ 50,419",BRD-IND
T017582,01-01-2022,F01660,FERT_PURCHASE,PPC,148 kg,₹ 628,"₹ 93,000",BRD-IND
T017583,20-04-2022,F01662,FPO_DELIVERY,Lokwan Wheat,"1,854.00 kgs","₹ 2,590","₹ 48,019",BRD-IND
T017584,05-01-2022,F01662,Input Purchase,Fertilizer,209 kg,₹ 42,"₹ 8,705",BRD-IND
T017585,12-04-2022,F01666,DELIVERY,Wheat (Durum),1136 kg,"₹ 2,350","₹ 26,696",BRD-IND
T017586,23-04-2022,F01666,D,wheat,987 kg,"₹ 2,350","₹ 23,194",BRD-IND
T017587,04-04-2022,F01670,Delivery,WHEAT,4720 kg,"₹ 2,325","₹ 1,09,740",BRD-IND
T017588,11-12-2021,F01670,FERT_PURCHASE,DAP,290 kgs,₹ 47,"₹ 13,639",BRD-IND
T017589,27-03-2022,F01671,FPO_DELIVERY,Wheat (Durum),"1,349.00 kgs","₹ 2,235","₹ 30,150",BRD-IND
T017590,04-04-2022,F01671,DELIVERY,WHEAT,163.00 kgs,"₹ 2,235","₹ 3,643",BRD-IND
T017591,08-03-2022,F01675,Delivery,Lokwan Wheat,515 kg,"₹ 2,545","₹ 13,107",BRD-IND
T017592,15-04-2022,F01675,D,Wheat,243 kg,"₹ 2,545","₹ 6,184",BRD-IND
T017593,13-03-2022, F01675 ,FPO_DELIVERY,Lokwan Wheat,1242 kg,"₹ 2,545","₹ 31,609",BRD-IND
T017594,04-01-2022,F01675,I,FERTILIZER 50kg bag,155 kg,₹ 48,"₹ 7,426",BRD-IND
T017595,02-01-2022,F01675,FERT_PURCHASE,Hybrid Seeds,81 kg,₹ 53,"₹ 4,291",BRD-IND
T017596,13-02-2022,f01675,L,Loan Repayment,,,"₹ 3,900",BRD-IND
T017597,08-12-2021,F01675,Loan Repayment,Loan Repayment,,,"₹ 6,700",BRD-IND
T017598,16-04-2022,F01687,Delivery,Lokwan Wheat,"3,985.00 kgs","₹ 2,445","₹ 97,433",BRD-IND
T017599,31-12-2021,F01687,input,Bio-pesticide,167 kg,₹ 428,"₹ 71,448",BRD-IND
T017600,15-05-2022,F01693,FPO_DELIVERY,Wheat,"1,513.00 kgs","₹ 2,720","₹ 41,154",BRD-IND
T017601,27-04-2022,F01693,DELIVERY,WHEAT,142 kg,"₹ 2,720","₹ 3,862",BRD-IND
T017602,04-01-2022,F01693,I,PPC,250 kg,₹ 675,"₹ 1,68,842",BRD-IND
T017603,14-03-2022,F01694,FPO_DELIVERY,Lokwan Wheat,2994 kg,"₹ 2,675","₹ 80,090",BRD-IND
T017604,19-12-2021,F01694,Input Purchase,Urea,254 kg,₹ 55,"₹ 13,955",BRD-IND
T017605,23-12-2021,F01694,input,FERTILIZER 50kg bag,83 kgs,₹ 45,"₹ 3,723",BRD-IND
T017606,18-03-2022,F01696,FPO_DELIVERY,Wheat,"1,874.00 kgs","₹ 2,355","₹ 44,133",BRD-IND
T017607,15-03-2022,F01696,D,Lokwan Wheat,"1,931.00 kgs","₹ 2,355","₹ 45,475",BRD-IND
T017608,20-12-2021,F01696,I,Hybrid Seeds,145 kg,₹ 117,"₹ 16,932",BRD-IND
T017609,02-12-2021,f01696,Input Purchase,NPK 10:26:26,79 kg,₹ 59,"₹ 4,636",BRD-IND
T017610,10-04-2022,F01702,D,wheat,"1,316.00 kgs","₹ 2,450","₹ 32,242",BRD-IND
T017611,06-05-2022,F01702,FPO_DELIVERY,Wheat,4279 kg,"₹ 2,450","₹ 1,04,836",BRD-IND
T017612,17-12-2021,F01702,INPUT_PURCHASE,Hybrid Seeds,147 kg,₹ 66,"₹ 9,759",BRD-IND
T017613,01-03-2022,F01703,DELIVERY,WHEAT,2773 kg,"₹ 2,575","₹ 71,405",BRD-IND
T017614,22-12-2021,F01703,INPUT_PURCHASE,Fertilizer,133 kg,₹ 37,"₹ 4,934",BRD-IND
T017615,12-01-2022,F01703,Input Purchase,Hybrid Seeds,114 kg,₹ 130,"₹ 14,803",BRD-IND
T017616,16-04-2022,F01703,Loan Repayment,EMI,,,"₹ 6,200",BRD-IND
T017617,06-03-2022,F01706,DELIVERY,Wheat,4496 kg,"₹ 2,395","₹ 1,07,679",BRD-IND
T017618,29-12-2021,F01706,I,Urea,203 kg,₹ 45,"₹ 9,178",BRD-IND
T017619,12-04-2022,f01707,D,WHEAT,1321 kg,"₹ 2,285","₹ 30,185",BRD-IND
T017620,31-03-2022,F01707,L,Loan Repayment,,,"₹ 3,100",BRD-IND
T017621,14-01-2022,F01707,loan,EMI,,,₹ 900,BRD-IND
T017622,20-12-2021,f01707,Loan Repayment,Loan Repayment,,,"₹ 6,800",BRD-IND
T017623,23-04-2022,F01707,loan,Loan Repayment,,,"₹ 4,300",BRD-IND
T017624,28-04-2022,F01709,DELIVERY,wheat,5242 kg,"₹ 2,450","₹ 1,28,429",BRD-IND
T017625,13-03-2022,F01709,FPO_DELIVERY,wheat,1932 kg,"₹ 2,450","₹ 47,334",BRD-IND
T017626,01-12-2021, F01709 ,input,FERTILIZER 50kg bag,52 kg,₹ 59,"₹ 3,077",BRD-IND
T017627,06-12-2021,F01709,L,Loan Repayment,,,"₹ 1,000",BRD-IND
T017628,28-03-2022,F01714,FPO_DELIVERY,WHEAT,"3,441.00 kgs","₹ 2,480","₹ 85,337",BRD-IND
T017629,18-04-2022,F01714,FPO_DELIVERY,Lokwan Wheat,23.00 kgs,"₹ 2,480",₹ 570,BRD-IND
T017630,09-12-2021,F01714,INPUT_PURCHASE,SEEDS,45 kg,₹ 115,"₹ 5,163",BRD-IND
T017631,09-05-2022,F01718,Delivery,WHEAT,"4,302.00 kgs","₹ 2,335","₹ 1,00,452",BRD-IND
T017632,20-12-2021,F01718,INPUT_PURCHASE,SEEDS,62 kg,₹ 45,"₹ 2,792",BRD-IND
T017633,04-12-2021,F01718,I,Hybrid Seeds,106 kgs,₹ 51,"₹ 5,419",BRD-IND
T017634,07-04-2022, F01718 ,Loan Repayment,EMI,,,"₹ 1,200",BRD-IND
T017635,02-05-2022,F01719,FPO_DELIVERY,Wheat,"1,924.00 kgs","₹ 2,575","₹ 49,543",BRD-IND
T017636,21-03-2022,F01720,delivery,Wheat,484 kg,"₹ 2,520","₹ 12,197",BRD-IND
T017637,04-04-2022,F01720,FPO_DELIVERY,Wheat,1217 kg,"₹ 2,520","₹ 30,668",BRD-IND
T017638,30-04-2022,F01722,D,Wheat,3141 kg,"₹ 2,555","₹ 80,253",BRD-IND
T017639,08-05-2022,F01722,D,Wheat,858.00 kgs,"₹ 2,555","₹ 21,922",BRD-IND
T017640,15-01-2022,F01722,FERT_PURCHASE,FERTILIZER 50kg bag,266 kg,₹ 49,"₹ 12,978",BRD-IND
T017641,30-12-2021,F01722,input,DAP,145 kg,₹ 31,"₹ 4,436",BRD-IND
T017642,28-04-2022,F01724,DELIVERY,Wheat (Durum),"18,782.00 kgs","₹ 2,480","₹ 4,65,794",BRD-IND
T017643,04-01-2022,F01724,Input Purchase,Fertilizer,157 kg,₹ 41,"₹ 6,462",BRD-IND
T017644,12-01-2022, F01724 ,FERT_PURCHASE,Urea,136 kgs,₹ 34,"₹ 4,560",BRD-IND
T017645,07-03-2022,F01725,FPO_DELIVERY,Wheat,1430 kg,"₹ 2,485","₹ 35,536",BRD-IND
T017646,11-12-2021,F01725,Input Purchase,Bio-pesticide,163 kgs,₹ 506,"₹ 82,458",BRD-IND
T017647,16-03-2022,f01729,D,WHEAT,"1,815.00 kgs","₹ 2,545","₹ 46,192",BRD-IND
T017648,17-03-2022,F01729,Delivery,wheat,"3,887.00 kgs","₹ 2,545","₹ 98,924",BRD-IND
T017649,12-01-2022,F01729,LOAN_REPAY,Loan Repayment,,,"₹ 3,600",BRD-IND
T017650,02-12-2021,F01729,Loan Repayment,Loan Repayment,,,"₹ 6,800",BRD-IND
T017651,30-03-2022,F01730,FPO_DELIVERY,Wheat (Durum),3409 kg,"₹ 2,570","₹ 87,611",BRD-IND
T017652,17-04-2022,f01732,D,wheat,5374 kg,"₹ 2,505","₹ 1,34,619",BRD-IND
T017653,19-12-2021,F01732,Input Purchase,Hybrid Seeds,49 kgs,₹ 49,"₹ 2,390",BRD-IND
T017654,01-01-2022,f01732,FERT_PURCHASE,SEEDS,280 kgs,₹ 110,"₹ 30,727",BRD-IND
T017655,13-12-2021,f01732,FERT_PURCHASE,PPC,59 kgs,₹ 225,"₹ 13,272",BRD-IND
T017656,24-12-2021,F01732,Input Purchase,SEEDS,132 kgs,₹ 106,"₹ 13,980",BRD-IND
T017657,12-01-2022,F01732,input,PPC,215 kgs,₹ 685,"₹ 1,47,260",BRD-IND
T017658,25-12-2021,f01732,input,Urea,281 kgs,₹ 56,"₹ 15,652",BRD-IND
T017659,23-12-2021,F01732,I,NPK 10:26:26,189 kg,₹ 49,"₹ 9,272",BRD-IND
T017660,22-04-2022,F01740,FPO_DELIVERY,WHEAT,"2,910.00 kgs","₹ 2,500","₹ 72,750",BRD-IND
T017661,01-12-2021,F01740,input,Urea,183 kgs,₹ 41,"₹ 7,549",BRD-IND
T017662,07-04-2022,F01741,DELIVERY,Wheat (Durum),2056 kg,"₹ 2,745","₹ 56,437",BRD-IND
T017663,21-03-2022,F01742,D,Lokwan Wheat,827.00 kgs,"₹ 2,340","₹ 19,352",BRD-IND
T017664,12-05-2022,F01742,Delivery,Lokwan Wheat,"1,537.00 kgs","₹ 2,340","₹ 35,966",BRD-IND
T017665,03-01-2022,F01742,FERT_PURCHASE,Hybrid Seeds,65 kgs,₹ 55,"₹ 3,563",BRD-IND
T017666,08-05-2022,F01743,delivery,Wheat (Durum),"3,062.00 kgs","₹ 2,405","₹ 73,641",BRD-IND
T017667,04-12-2021,f01743,FERT_PURCHASE,NPK 10:26:26,173 kgs,₹ 57,"₹ 9,787",BRD-IND
T017668,10-12-2021,F01743,I,Bio-pesticide,41 kgs,₹ 631,"₹ 25,890",BRD-IND
T017669,19-04-2022, F01747 ,Delivery,Lokwan Wheat,2104 kg,"₹ 2,560","₹ 53,862",BRD-IND
T017670,02-05-2022,f01747,Delivery,Wheat,"1,818.00 kgs","₹ 2,560","₹ 46,541",BRD-IND
T017671,12-12-2021,f01747,Input Purchase,PP chemicals,92 kg,₹ 639,"₹ 58,755",BRD-IND
T017672,30-03-2022,F01750,delivery,Wheat (Durum),3706 kg,"₹ 2,505","₹ 92,835",BRD-IND
T017673,24-12-2021,f01750,Input Purchase,Seeds,149 kg,₹ 109,"₹ 16,211",BRD-IND
T017674,02-04-2022,F01753,FPO_DELIVERY,wheat,"1,506.00 kgs","₹ 2,430","₹ 36,596",BRD-IND
T017675,14-05-2022,F01753,delivery,Lokwan Wheat,"2,642.00 kgs","₹ 2,430","₹ 64,201",BRD-IND
T017676,08-05-2022,F01755,FPO_DELIVERY,WHEAT,"3,080.00 kgs","₹ 2,520","₹ 77,616",BRD-IND
T017677,12-01-2022,F01755,I,Bio-pesticide,162 kg,₹ 135,"₹ 21,912",BRD-IND
T017678,25-12-2021,F01755,INPUT_PURCHASE,Urea,30 kgs,₹ 48,"₹ 1,446",BRD-IND
T017679,17-04-2022, F01757 ,D,Lokwan Wheat,209 kg,"₹ 2,340","₹ 4,891",BRD-IND
T017680,20-03-2022,F01757,Delivery,Wheat,558 kg,"₹ 2,340","₹ 13,057",BRD-IND
T017681,08-04-2022,f01760,Delivery,Lokwan Wheat,407.00 kgs,"₹ 2,535","₹ 10,317",BRD-IND
T017682,03-04-2022,F01760,Delivery,Wheat (Durum),"1,102.00 kgs","₹ 2,535","₹ 27,936",BRD-IND
T017683,01-01-2022,F01760,Input Purchase,Bio-pesticide,38 kg,₹ 294,"₹ 11,181",BRD-IND
T017684,11-01-2022,f01760,INPUT_PURCHASE,DAP,236 kg,₹ 50,"₹ 11,838",BRD-IND
T017685,14-01-2022,F01760,input,PP chemicals,135 kgs,₹ 400,"₹ 53,995",BRD-IND
T017686,12-03-2022,F01760,Loan Repayment,Loan Repayment,,,"₹ 7,200",BRD-IND
T017687,27-03-2022,F01760,LOAN_REPAY,EMI,,,"₹ 2,400",BRD-IND
T018614,14-05-2022,F02226,FPO_DELIVERY,Wheat,"1,183.00 kgs","₹ 2,545","₹ 30,107",BRD-IND
T018615,07-05-2022, F02226 ,D,Wheat,1216 kg,"₹ 2,545","₹ 30,947",BRD-IND
T018616,01-01-2022,F02226,FERT_PURCHASE,Seeds,67 kgs,₹ 90,"₹ 6,031",BRD-IND
T018669,26-04-2022,F02262,FPO_DELIVERY,Lokwan Wheat,3910 kg,"₹ 2,440","₹ 95,404",BRD-IND
T018670,13-12-2021,F02262,I,NPK 10:26:26,268 kgs,₹ 36,"₹ 9,755",BRD-IND
T018671,07-12-2021,F02262,INPUT_PURCHASE,Fertilizer,165 kg,₹ 37,"₹ 6,029",BRD-IND
T018672,04-01-2022,F02262,input,Hybrid Seeds,262 kg,₹ 55,"₹ 14,413",BRD-IND
T018680,17-03-2022,F02266,D,Lokwan Wheat,"3,068.00 kgs","₹ 2,570","₹ 78,848",BRD-IND
T018681,02-04-2022,F02266,D,Wheat (Durum),"1,964.00 kgs","₹ 2,570","₹ 50,475",BRD-IND
T018682,12-03-2022,F02266,FPO_DELIVERY,WHEAT,721 kg,"₹ 2,570","₹ 18,530",BRD-IND
T018683,30-12-2021, F02266 ,I,PP chemicals,221 kg,₹ 468,"₹ 1,03,505",BRD-IND
T018684,15-01-2022,F02266,Input Purchase,DAP,58 kg,₹ 60,"₹ 3,467",BRD-IND
T018710,17-03-2022,F02280,FPO_DELIVERY,Wheat,"1,246.00 kgs","₹ 2,490","₹ 31,025",BRD-IND
T018711,12-03-2022, F02280 ,Delivery,Lokwan Wheat,1026 kg,"₹ 2,490","₹ 25,547",BRD-IND
T018712,28-12-2021,F02280,INPUT_PURCHASE,Bio-pesticide,277 kg,₹ 265,"₹ 73,391",BRD-IND
T018713,05-12-2021,F02280,I,PPC,226 kg,₹ 407,"₹ 91,966",BRD-IND
T018722,19-04-2022,F02285,DELIVERY,Wheat (Durum),"2,439.00 kgs","₹ 2,375","₹ 57,926",BRD-IND
T018723,30-12-2021, F02285 ,input,DAP,54 kg,₹ 43,"₹ 2,309",BRD-IND
T018724,10-12-2021,F02285,FERT_PURCHASE,Fertilizer,101 kgs,₹ 44,"₹ 4,438",BRD-IND
T018728,02-04-2022,F02289,Delivery,wheat,691.00 kgs,"₹ 2,515","₹ 17,379",BRD-IND
T018729,25-04-2022,F02289,D,Lokwan Wheat,943.00 kgs,"₹ 2,515","₹ 23,716",BRD-IND
T018730,21-12-2021,F02289,input,DAP,286 kg,₹ 33,"₹ 9,375",BRD-IND
T018731,01-05-2022,f02292,FPO_DELIVERY,Wheat,1205 kg,"₹ 2,450","₹ 29,522",BRD-IND
T018732,21-04-2022,F02292,delivery,WHEAT,7084 kg,"₹ 2,450","₹ 1,73,558",BRD-IND
T018733,12-12-2021,F02292,FERT_PURCHASE,Hybrid Seeds,50 kgs,₹ 112,"₹ 5,608",BRD-IND
T018734,03-12-2021,f02292,Input Purchase,Hybrid Seeds,183 kgs,₹ 113,"₹ 20,699",BRD-IND
T018806,13-03-2022,F02323,FPO_DELIVERY,WHEAT,331 kg,"₹ 2,290","₹ 7,580",BRD-IND
T018807,02-05-2022,F02323,D,Wheat,775.00 kgs,"₹ 2,290","₹ 17,748",BRD-IND
T018808,16-12-2021,F02323,Loan Repayment,EMI,,,"₹ 3,000",BRD-IND
T018809,12-04-2022,F02323,Loan Repayment,EMI,,,"₹ 7,800",BRD-IND
T018810,13-02-2022,F02323,L,EMI,,,"₹ 4,800",BRD-IND
T018811,06-12-2021,F02323,L,Loan Repayment,,,"₹ 7,600",BRD-IND
T018883,06-03-2022,F02358,delivery,Lokwan Wheat,"1,503.00 kgs","₹ 2,535","₹ 38,101",BRD-IND
T018884,11-04-2022,F02358,DELIVERY,wheat,"1,794.00 kgs","₹ 2,535","₹ 45,478",BRD-IND
T018885,06-12-2021,F02358,I,Fertilizer,48 kgs,₹ 59,"₹ 2,852",BRD-IND
T018886,12-12-2021,F02358,FERT_PURCHASE,FERTILIZER 50kg bag,303 kgs,₹ 45,"₹ 13,641",BRD-IND
T018887,02-01-2022,F02358,FERT_PURCHASE,FERTILIZER 50kg bag,220 kg,₹ 36,"₹ 7,839",BRD-IND
T018888,25-05-2022,F02358,LOAN_REPAY,EMI,,,"₹ 7,900",BRD-IND
T018931,13-04-2022, F02374 ,Delivery,Lokwan Wheat,2477 kg,"₹ 2,395","₹ 59,324",BRD-IND
T018932,02-01-2022,F02374,INPUT_PURCHASE,NPK 10:26:26,290 kgs,₹ 33,"₹ 9,614",BRD-IND
T018933,08-12-2021,F02374,INPUT_PURCHASE,Fertilizer,59 kg,₹ 40,"₹ 2,343",BRD-IND
T018934,15-01-2022,F02374,I,DAP,185 kgs,₹ 44,"₹ 8,184",BRD-IND
T018935,15-01-2022,F02374,INPUT_PURCHASE,DAP,265 kg,₹ 54,"₹ 14,217",BRD-IND
T018936,21-12-2021,f02374,I,Hybrid Seeds,235 kgs,₹ 48,"₹ 11,268",BRD-IND
T018955,16-03-2022,F02387,FPO_DELIVERY,Wheat (Durum),"1,022.00 kgs","₹ 2,425","₹ 24,784",BRD-IND
T018956,27-03-2022,F02387,delivery,wheat,15 kg,"₹ 2,425",₹ 364,BRD-IND
T018957,09-12-2021,F02387,INPUT_PURCHASE,PPC,201 kgs,₹ 621,"₹ 1,24,831",BRD-IND
T018962,15-05-2022,F02391,delivery,WHEAT,5800 kg,"₹ 2,430","₹ 1,40,940",BRD-IND
T019005,10-03-2022,F02409,DELIVERY,Wheat,2288 kg,"₹ 2,495","₹ 57,086",BRD-IND
T019006,09-05-2022, F02409 ,delivery,Wheat (Durum),55.00 kgs,"₹ 2,495","₹ 1,372",BRD-IND
T019012,03-05-2022,F02413,delivery,Wheat (Durum),695 kg,"₹ 2,590","₹ 18,000",BRD-IND
T019013,13-03-2022,F02413,D,Wheat (Durum),686 kg,"₹ 2,590","₹ 17,767",BRD-IND
T019016,29-04-2022,F02415,DELIVERY,Lokwan Wheat,4013 kg,"₹ 2,465","₹ 98,920",BRD-IND
T019017,12-04-2022,F02415,delivery,Wheat (Durum),417 kg,"₹ 2,465","₹ 10,279",BRD-IND
T019098,04-04-2022,F02444,FPO_DELIVERY,Lokwan Wheat,"1,781.00 kgs","₹ 2,470","₹ 43,991",BRD-IND
T019099,07-01-2022,F02444,I,PPC,268 kgs,₹ 330,"₹ 88,523",BRD-IND
T019994,19-11-2022, F01633 ,D,Soybean (Yellow),"1,996.00 kgs","₹ 5,530","₹ 1,10,379",BRD-IND
T019995,10-07-2022, F01633 ,FERT_PURCHASE,NPK 10:26:26,99 kg,₹ 54,"₹ 5,308",BRD-IND
T019996,03-07-2022,F01633,FERT_PURCHASE,Fertilizer,67 kgs,₹ 29,"₹ 1,965",BRD-IND
T019997,10-11-2022,F01636,Delivery,Soybean,151 kg,"₹ 5,970","₹ 9,015",BRD-IND
T019998,25-11-2022,F01636,DELIVERY,Soybean (Yellow),266 kg,"₹ 5,970","₹ 15,880",BRD-IND
T019999,17-10-2022,F01636,FPO_DELIVERY,SOYABEAN,"1,082.00 kgs","₹ 5,970","₹ 64,595",BRD-IND
T020000,18-11-2022, F01637 ,FPO_DELIVERY,Soybean (Yellow),3789 kg,"₹ 5,610","₹ 2,12,563",BRD-IND
T020001,09-07-2022,F01637,Input Purchase,Urea,28 kgs,₹ 51,"₹ 1,427",BRD-IND
T020002,03-09-2022,F01637,loan,Loan Repayment,,,"₹ 2,800",BRD-IND
T020003,22-06-2022,F01637,loan,EMI,,,"₹ 4,900",BRD-IND
T020004,30-11-2022,F01638,FPO_DELIVERY,SOYABEAN,462.00 kgs,"₹ 5,880","₹ 27,166",BRD-IND
T020005,02-07-2022,F01638,input,Fertilizer,237 kg,₹ 49,"₹ 11,518",BRD-IND
T020006,04-11-2022,F01640,FPO_DELIVERY,soya,2699 kg,"₹ 5,585","₹ 1,50,739",BRD-IND
T020007,03-11-2022,F01640,delivery,Soybean (Yellow),632 kg,"₹ 5,585","₹ 35,297",BRD-IND
T020008,09-06-2022,F01640,INPUT_PURCHASE,Hybrid Seeds,302 kg,₹ 83,"₹ 25,111",BRD-IND
T020009,29-06-2022,F01640,Input Purchase,Bio-pesticide,256 kg,₹ 334,"₹ 85,486",BRD-IND
T020010,05-11-2022,F01642,delivery,soya,"1,140.00 kgs","₹ 5,460","₹ 62,244",BRD-IND
T020011,08-11-2022,f01643,DELIVERY,SOYABEAN,1076 kg,"₹ 5,615","₹ 60,417",BRD-IND
T020012,12-10-2022,f01643,Delivery,soya,12 kg,"₹ 5,615",₹ 674,BRD-IND
T020013,16-06-2022,F01643,input,NPK 10:26:26,108 kgs,₹ 33,"₹ 3,599",BRD-IND
T020014,30-06-2022,F01643,INPUT_PURCHASE,Urea,304 kg,₹ 59,"₹ 17,982",BRD-IND
T020015,01-07-2022,F01643,input,Bio-pesticide,234 kgs,₹ 336,"₹ 78,690",BRD-IND
T020016,03-11-2022,F01644,DELIVERY,Soybean (Yellow),674 kg,"₹ 5,385","₹ 36,295",BRD-IND
T020017,27-10-2022,f01644,D,SOYABEAN,80 kg,"₹ 5,385","₹ 4,308",BRD-IND
T020018,31-10-2022,F01644,Delivery,Soybean (Yellow),280.00 kgs,"₹ 5,385","₹ 15,078",BRD-IND
T020019,09-10-2022,F01649,delivery,Soybean,1977 kg,"₹ 5,895","₹ 1,16,544",BRD-IND
T020020,10-06-2022,F01649,Input Purchase,PPC,125 kg,₹ 149,"₹ 18,648",BRD-IND
T020021,16-06-2022,F01649,input,PPC,297 kg,₹ 205,"₹ 60,986",BRD-IND
T020022,20-09-2022,f01649,L,Loan Repayment,,,"₹ 1,700",BRD-IND
T020023,05-10-2022,F01650,delivery,SOYABEAN,764.00 kgs,"₹ 5,790","₹ 44,236",BRD-IND
T020024,08-07-2022,F01650,Input Purchase,Fertilizer,125 kgs,₹ 30,"₹ 3,810",BRD-IND
T020025,17-07-2022,F01650,Loan Repayment,EMI,,,"₹ 6,900",BRD-IND
T020026,26-10-2022,F01653,FPO_DELIVERY,soya,137 kg,"₹ 5,315","₹ 7,282",BRD-IND
T020027,09-10-2022,F01653,delivery,soya,533.00 kgs,"₹ 5,315","₹ 28,329",BRD-IND
T020028,10-07-2022,F01653,I,FERTILIZER 50kg bag,79 kgs,₹ 37,"₹ 2,921",BRD-IND
T020029,09-07-2022,F01653,input,Bio-pesticide,282 kgs,₹ 654,"₹ 1,84,561",BRD-IND
T020030,27-11-2022,F01654,DELIVERY,SOYABEAN,"4,526.00 kgs","₹ 5,670","₹ 2,56,624",BRD-IND
T020031,07-06-2022,F01654,I,Urea,76 kgs,₹ 30,"₹ 2,285",BRD-IND
T020032,09-07-2022,F01654,INPUT_PURCHASE,PP chemicals,217 kg,₹ 601,"₹ 1,30,356",BRD-IND
T020033,16-10-2022, F01658 ,Delivery,Soybean (Yellow),1175 kg,"₹ 5,245","₹ 61,629",BRD-IND
T020034,07-11-2022,,Delivery,soya,1978 kg,"₹ 5,245","₹ 1,03,746",BRD-IND
T020035,20-06-2022,F01658,FERT_PURCHASE,Urea,53 kg,₹ 54,"₹ 2,864",BRD-IND
T020036,10-06-2022,F01658,Input Purchase,FERTILIZER 50kg bag,80 kg,₹ 31,"₹ 2,510",BRD-IND
T020037,03-10-2022,F01660,FPO_DELIVERY,Soybean,1017 kg,"₹ 5,925","₹ 60,257",BRD-IND
T020038,03-11-2022,F01662,D,Soybean,833 kg,"₹ 5,865","₹ 48,855",BRD-IND
T020039,30-06-2022,F01662,input,Hybrid Seeds,179 kg,₹ 71,"₹ 12,738",BRD-IND
T020040,19-06-2022,F01662,FERT_PURCHASE,Hybrid Seeds,213 kgs,₹ 111,"₹ 23,628",BRD-IND
T020041,21-10-2022,F01666,Delivery,Soybean (Yellow),934.00 kgs,"₹ 5,520","₹ 51,557",BRD-IND
T020042,04-11-2022,f01666,FPO_DELIVERY,Soybean,200.00 kgs,"₹ 5,520","₹ 11,040",BRD-IND
T020043,28-10-2022,F01670,D,Soybean,462 kg,"₹ 5,845","₹ 27,004",BRD-IND
T020044,11-11-2022,F01670,FPO_DELIVERY,soya,396 kg,"₹ 5,845","₹ 23,146",BRD-IND
T020045,09-06-2022,F01670,FERT_PURCHASE,NPK 10:26:26,125 kgs,₹ 60,"₹ 7,469",BRD-IND
T020046,12-06-2022,F01670,FERT_PURCHASE,Fertilizer,291 kg,₹ 50,"₹ 14,533",BRD-IND
T020047,22-06-2022, F01670 ,Input Purchase,Bio-pesticide,212 kg,₹ 671,"₹ 1,42,265",BRD-IND
T020048,14-07-2022,F01670,Input Purchase,DAP,290 kg,₹ 35,"₹ 10,147",BRD-IND
T020049,10-07-2022,F01670,Input Purchase,DAP,67 kgs,₹ 46,"₹ 3,095",BRD-IND
T020050,17-10-2022,F01671,FPO_DELIVERY,SOYABEAN,677 kg,"₹ 5,635","₹ 38,149",BRD-IND
T020051,07-06-2022,F01671,INPUT_PURCHASE,Fertilizer,185 kgs,₹ 51,"₹ 9,459",BRD-IND
T020052,02-07-2022,F01671,input,Seeds,73 kgs,₹ 58,"₹ 4,206",BRD-IND
T020053,03-06-2022,F01671,input,NPK 10:26:26,96 kg,₹ 34,"₹ 3,225",BRD-IND
T020054,15-10-2022,F01675,D,Soybean (Yellow),"1,282.00 kgs","₹ 5,400","₹ 69,228",BRD-IND
T020055,12-07-2022,F01675,I,Urea,139 kg,₹ 54,"₹ 7,570",BRD-IND
T020056,21-06-2022,F01675,FERT_PURCHASE,DAP,63 kgs,₹ 43,"₹ 2,739",BRD-IND
T020057,10-11-2022,F01675,L,Loan Repayment,,,"₹ 2,700",BRD-IND
T020058,08-11-2022,F01687,delivery,Soybean,434 kg,"₹ 5,460","₹ 23,696",BRD-IND
T020059,30-11-2022,F01687,DELIVERY,soya,"1,486.00 kgs","₹ 5,460","₹ 81,136",BRD-IND
T020060,20-11-2022,F01693,DELIVERY,soya,643 kg,"₹ 5,885","₹ 37,841",BRD-IND
T020061,26-10-2022,F01694,Delivery,soya,"1,507.00 kgs","₹ 5,910","₹ 89,064",BRD-IND
T020062,19-06-2022, F01694 ,Input Purchase,Fertilizer,163 kgs,₹ 58,"₹ 9,459",BRD-IND
T020063,02-07-2022,F01694,input,Hybrid Seeds,93 kg,₹ 60,"₹ 5,549",BRD-IND
T020064,05-10-2022,F01696,delivery,soya,282 kg,"₹ 5,670","₹ 15,989",BRD-IND
T020065,06-11-2022,F01696,Delivery,Soybean (Yellow),1552 kg,"₹ 5,670","₹ 87,998",BRD-IND
T020066,07-07-2022,F01696,I,Hybrid Seeds,233 kg,₹ 104,"₹ 24,195",BRD-IND
T020067,22-06-2022,F01696,I,Seeds,218 kgs,₹ 121,"₹ 26,284",BRD-IND
T020068,11-06-2022,F01696,I,SEEDS,280 kg,₹ 49,"₹ 13,832",BRD-IND
T020069,24-10-2022,F01702,DELIVERY,Soybean (Yellow),3068 kg,"₹ 5,635","₹ 1,72,882",BRD-IND
T020070,17-06-2022,f01702,FERT_PURCHASE,NPK 10:26:26,231 kgs,₹ 53,"₹ 12,238",BRD-IND
T020071,15-06-2022,F01702,INPUT_PURCHASE,FERTILIZER 50kg bag,188 kg,₹ 41,"₹ 7,717",BRD-IND
T020072,31-10-2022,F01703,DELIVERY,soya,682 kg,"₹ 5,460","₹ 37,237",BRD-IND
T020073,02-10-2022,F01703,Delivery,Soybean,340.00 kgs,"₹ 5,460","₹ 18,564",BRD-IND
T020074,23-06-2022,F01703,Input Purchase,Urea,223 kg,₹ 34,"₹ 7,578",BRD-IND
T020075,11-06-2022,F01703,INPUT_PURCHASE,Urea,293 kg,₹ 32,"₹ 9,326",BRD-IND
T020076,05-11-2022,F01706,FPO_DELIVERY,soya,"1,603.00 kgs","₹ 5,585","₹ 89,528",BRD-IND
T020077,03-10-2022, F01706 ,DELIVERY,Soybean,657.00 kgs,"₹ 5,585","₹ 36,693",BRD-IND
T020078,04-06-2022,F01706,FERT_PURCHASE,Bio-pesticide,126 kg,₹ 605,"₹ 76,190",BRD-IND
T020079,06-06-2022,F01706,I,Urea,254 kgs,₹ 40,"₹ 10,043",BRD-IND
T020080,03-06-2022,F01706,I,Seeds,200 kgs,₹ 75,"₹ 14,922",BRD-IND
T020081,27-06-2022,f01706,Input Purchase,DAP,201 kgs,₹ 33,"₹ 6,715",BRD-IND
T020082,17-11-2022,F01707,D,soya,642 kg,"₹ 5,740","₹ 36,851",BRD-IND
T020083,19-06-2022,f01707,Input Purchase,Urea,103 kg,₹ 44,"₹ 4,506",BRD-IND
T020084,17-06-2022,F01707,FERT_PURCHASE,DAP,209 kgs,₹ 56,"₹ 11,660",BRD-IND
T020085,18-10-2022,f01709,DELIVERY,Soybean,"1,597.00 kgs","₹ 5,395","₹ 86,158",BRD-IND
T020086,23-10-2022,F01709,DELIVERY,soya,977 kg,"₹ 5,395","₹ 52,709",BRD-IND
T020087,28-11-2022,f01709,D,SOYABEAN,1293 kg,"₹ 5,395","₹ 69,757",BRD-IND
T020088,20-06-2022,F01709,INPUT_PURCHASE,SEEDS,268 kg,₹ 75,"₹ 20,180",BRD-IND
T020089,13-10-2022,f01709,loan,Loan Repayment,,,"₹ 4,400",BRD-IND
T020090,07-07-2022,F01709,LOAN_REPAY,EMI,,,"₹ 4,200",BRD-IND
T020091,26-11-2022,F01714,Delivery,SOYABEAN,466.00 kgs,"₹ 5,360","₹ 24,978",BRD-IND
T020092,30-11-2022,F01714,delivery,SOYABEAN,945 kg,"₹ 5,360","₹ 50,652",BRD-IND
T020093,01-07-2022,F01714,input,FERTILIZER 50kg bag,234 kg,₹ 37,"₹ 8,756",BRD-IND
T020094,21-06-2022,F01714,FERT_PURCHASE,FERTILIZER 50kg bag,73 kgs,₹ 54,"₹ 3,951",BRD-IND
T020095,14-10-2022,F01718,FPO_DELIVERY,Soybean (Yellow),"2,495.00 kgs","₹ 5,760","₹ 1,43,712",BRD-IND
T020096,03-06-2022,F01718,Input Purchase,NPK 10:26:26,161 kg,₹ 44,"₹ 7,023",BRD-IND
T020097,05-06-2022, F01718 ,input,Urea,147 kgs,₹ 35,"₹ 5,146",BRD-IND
T020098,03-06-2022,F01718,Input Purchase,PPC,86 kg,₹ 157,"₹ 13,518",BRD-IND
T020099,29-11-2022,F01718,Loan Repayment,Loan Repayment,,,"₹ 2,700",BRD-IND
T020100,19-09-2022,F01718,Loan Repayment,EMI,,,"₹ 4,900",BRD-IND
T020101,06-06-2022,F01718,Loan Repayment,Loan Repayment,,,"₹ 5,800",BRD-IND
T020102,06-10-2022,F01718,L,EMI,,,"₹ 5,700",BRD-IND
T020103,05-11-2022,F01719,Delivery,SOYABEAN,753 kg,"₹ 5,700","₹ 42,921",BRD-IND
T020104,24-06-2022,F01719,input,NPK 10:26:26,272 kgs,₹ 31,"₹ 8,437",BRD-IND
T020105,28-10-2022,F01722,D,soya,"1,737.00 kgs","₹ 5,695","₹ 98,922",BRD-IND
T020106,03-06-2022,F01722,Input Purchase,Urea,311 kg,₹ 48,"₹ 14,922",BRD-IND
T020107,19-06-2022,F01722,Input Purchase,DAP,232 kg,₹ 59,"₹ 13,795",BRD-IND
T020108,13-06-2022,F01722,Input Purchase,Urea,285 kgs,₹ 51,"₹ 14,401",BRD-IND
T020109,14-10-2022,f01724,DELIVERY,Soybean (Yellow),"7,748.00 kgs","₹ 5,460","₹ 4,23,041",BRD-IND
T020110,27-11-2022,F01724,DELIVERY,soya,706.00 kgs,"₹ 5,460","₹ 38,548",BRD-IND
T020111,15-06-2022,F01724,INPUT_PURCHASE,DAP,80 kgs,₹ 32,"₹ 2,590",BRD-IND
T020112,29-06-2022,F01724,I,DAP,209 kg,₹ 29,"₹ 5,963",BRD-IND
T020113,09-07-2022,F01724,I,Seeds,117 kgs,₹ 50,"₹ 5,878",BRD-IND
T020114,15-06-2022,F01724,INPUT_PURCHASE,PPC,50 kg,₹ 638,"₹ 31,906",BRD-IND
T020115,05-11-2022,F01725,D,soya,330 kg,"₹ 5,805","₹ 19,156",BRD-IND
T020116,19-10-2022,F01725,DELIVERY,Soybean,317.00 kgs,"₹ 5,805","₹ 18,402",BRD-IND
T020117,08-06-2022,F01725,input,Urea,231 kgs,₹ 30,"₹ 6,879",BRD-IND
T020118,04-06-2022,F01725,FERT_PURCHASE,Urea,285 kg,₹ 47,"₹ 13,372",BRD-IND
T020119,02-07-2022,F01725,FERT_PURCHASE,SEEDS,73 kg,₹ 86,"₹ 6,290",BRD-IND
T020120,05-10-2022,F01729,D,SOYABEAN,2034 kg,"₹ 5,350","₹ 1,08,819",BRD-IND
T020121,27-11-2022,F01729,Delivery,SOYABEAN,617.00 kgs,"₹ 5,350","₹ 33,010",BRD-IND
T020122,07-11-2022,F01730,delivery,soya,"1,841.00 kgs","₹ 5,310","₹ 97,757",BRD-IND
T020123,15-11-2022,F01732,DELIVERY,SOYABEAN,2064 kg,"₹ 5,535","₹ 1,14,242",BRD-IND
T020124,04-07-2022,F01732,Input Purchase,Hybrid Seeds,202 kg,₹ 65,"₹ 13,209",BRD-IND
T020125,13-11-2022,F01740,Delivery,Soybean (Yellow),1256 kg,"₹ 5,515","₹ 69,268",BRD-IND
T020126,21-06-2022,F01740,Input Purchase,Bio-pesticide,307 kg,₹ 683,"₹ 2,09,773",BRD-IND
T020127,03-07-2022,F01740,INPUT_PURCHASE,Fertilizer,62 kg,₹ 45,"₹ 2,791",BRD-IND
T020128,02-06-2022,F01740,FERT_PURCHASE,DAP,124 kgs,₹ 41,"₹ 5,032",BRD-IND
T020129,03-11-2022,F01741,FPO_DELIVERY,SOYABEAN,"1,259.00 kgs","₹ 5,795","₹ 72,959",BRD-IND
T020130,04-06-2022,F01741,input,Fertilizer,245 kg,₹ 37,"₹ 9,180",BRD-IND
T020131,03-06-2022,F01741,INPUT_PURCHASE,FERTILIZER 50kg bag,260 kgs,₹ 57,"₹ 14,893",BRD-IND
T020132,17-06-2022,F01741,Input Purchase,SEEDS,94 kg,₹ 120,"₹ 11,281",BRD-IND
T020133,08-07-2022,F01741,FERT_PURCHASE,DAP,311 kg,₹ 35,"₹ 10,838",BRD-IND
T020134,03-11-2022,F01747,Delivery,Soybean,2059 kg,"₹ 5,620","₹ 1,15,716",BRD-IND
T020135,25-10-2022,F01747,Delivery,Soybean,18 kg,"₹ 5,620","₹ 1,012",BRD-IND
T020136,02-06-2022,F01747,Input Purchase,DAP,306 kg,₹ 33,"₹ 10,040",BRD-IND
T020137,17-06-2022,F01747,input,PP chemicals,49 kg,₹ 571,"₹ 27,978",BRD-IND
T020138,04-07-2022,F01747,input,FERTILIZER 50kg bag,197 kg,₹ 59,"₹ 11,655",BRD-IND
T020139,01-07-2022,F01747,I,Urea,245 kgs,₹ 59,"₹ 14,448",BRD-IND
T020140,03-07-2022,F01747,INPUT_PURCHASE,DAP,117 kgs,₹ 38,"₹ 4,416",BRD-IND
T020141,01-10-2022,F01750,DELIVERY,SOYABEAN,1978 kg,"₹ 5,510","₹ 1,08,988",BRD-IND
T020142,13-10-2022,F01750,Delivery,Soybean (Yellow),76 kg,"₹ 5,510","₹ 4,188",BRD-IND
T020143,06-07-2022,F01750,I,PP chemicals,217 kg,₹ 628,"₹ 1,36,204",BRD-IND
T020144,04-06-2022,F01750,input,SEEDS,243 kgs,₹ 48,"₹ 11,703",BRD-IND
T020145,23-11-2022,F01753,FPO_DELIVERY,Soybean (Yellow),"1,052.00 kgs","₹ 5,155","₹ 54,231",BRD-IND
T020146,12-11-2022, F01753 ,DELIVERY,soya,914.00 kgs,"₹ 5,155","₹ 47,117",BRD-IND
T020147,08-08-2022, F01753 ,loan,Loan Repayment,,,"₹ 1,800",BRD-IND
T020148,21-10-2022,F01753,L,Loan Repayment,,,"₹ 5,400",BRD-IND
T020149,13-09-2022,F01753,LOAN_REPAY,Loan Repayment,,,"₹ 3,500",BRD-IND
T020150,26-11-2022,F01760,FPO_DELIVERY,Soybean (Yellow),333.00 kgs,"₹ 5,550","₹ 18,482",BRD-IND
T020151,08-10-2022,F01760,Delivery,Soybean (Yellow),244.00 kgs,"₹ 5,550","₹ 13,542",BRD-IND
T020881,23-10-2022,F02226,FPO_DELIVERY,Soybean,368.00 kgs,"₹ 5,760","₹ 21,197",BRD-IND
T020882,17-10-2022,F02226,delivery,Soybean (Yellow),220 kg,"₹ 5,760","₹ 12,672",BRD-IND
T020883,08-11-2022,F02226,Delivery,soya,430 kg,"₹ 5,760","₹ 24,768",BRD-IND
T020884,02-06-2022,F02226,I,Seeds,105 kgs,₹ 61,"₹ 6,356",BRD-IND
T020885,14-06-2022,F02226,Input Purchase,Fertilizer,243 kg,₹ 38,"₹ 9,120",BRD-IND
T020922,14-11-2022, F02262 ,DELIVERY,SOYABEAN,692.00 kgs,"₹ 5,525","₹ 38,233",BRD-IND
T020923,03-10-2022,F02262,Delivery,Soybean,145.00 kgs,"₹ 5,525","₹ 8,011",BRD-IND
T020924,13-10-2022,F02262,D,SOYABEAN,654.00 kgs,"₹ 5,525","₹ 36,134",BRD-IND
T020925,27-06-2022,F02262,input,NPK 10:26:26,168 kg,₹ 54,"₹ 9,022",BRD-IND
T020926,03-06-2022,f02262,FERT_PURCHASE,Hybrid Seeds,75 kgs,₹ 114,"₹ 8,513",BRD-IND
T020927,17-06-2022,F02262,Input Purchase,Seeds,54 kg,₹ 79,"₹ 4,291",BRD-IND
T020931,13-10-2022,f02266,Delivery,Soybean,29 kg,"₹ 5,760","₹ 1,670",BRD-IND
T020932,20-10-2022,F02266,Delivery,SOYABEAN,2783 kg,"₹ 5,760","₹ 1,60,301",BRD-IND
T020933,30-06-2022,F02266,FERT_PURCHASE,DAP,26 kgs,₹ 48,"₹ 1,259",BRD-IND
T020934,03-07-2022,F02266,FERT_PURCHASE,FERTILIZER 50kg bag,184 kg,₹ 31,"₹ 5,783",BRD-IND
T020935,03-06-2022,F02266,FERT_PURCHASE,DAP,318 kg,₹ 46,"₹ 14,784",BRD-IND
T020962,25-10-2022,F02280,delivery,Soybean,404.00 kgs,"₹ 5,025","₹ 20,301",BRD-IND
T020963,25-10-2022,F02280,Delivery,Soybean,705.00 kgs,"₹ 5,025","₹ 35,426",BRD-IND
T020964,03-06-2022,F02280,FERT_PURCHASE,DAP,156 kgs,₹ 31,"₹ 4,783",BRD-IND
T020965,24-06-2022,F02280,Input Purchase,Fertilizer,305 kgs,₹ 29,"₹ 8,952",BRD-IND
T020970,29-10-2022, F02285 ,D,soya,220 kg,"₹ 5,760","₹ 12,672",BRD-IND
T020971,24-10-2022, F02285 ,Delivery,Soybean (Yellow),802.00 kgs,"₹ 5,760","₹ 46,195",BRD-IND
T020972,02-07-2022,f02285,FERT_PURCHASE,NPK 10:26:26,140 kgs,₹ 46,"₹ 6,478",BRD-IND
T020973,30-06-2022,F02285,FERT_PURCHASE,Fertilizer,305 kgs,₹ 36,"₹ 10,888",BRD-IND
T020974,09-07-2022,F02285,Input Purchase,Fertilizer,305 kgs,₹ 28,"₹ 8,616",BRD-IND
T020975,07-11-2022, F02285 ,loan,EMI,,,₹ N/A,BRD-IND
T020978,01-11-2022,F02289,D,Soybean (Yellow),729.00 kgs,"₹ 5,705","₹ 41,589",BRD-IND
T020979,30-06-2022,F02289,INPUT_PURCHASE,SEEDS,117 kgs,₹ 94,"₹ 11,006",BRD-IND
T020980,17-11-2022,F02292,FPO_DELIVERY,Soybean,"3,857.00 kgs","₹ 5,675","₹ 2,18,885",BRD-IND
T020981,09-07-2022,F02292,input,PP chemicals,232 kg,₹ 228,"₹ 53,005",BRD-IND
T021032,04-10-2022,f02323,delivery,soya,400 kg,"₹ 5,165","₹ 20,660",BRD-IND
T021033,10-11-2022, F02323 ,FPO_DELIVERY,SOYABEAN,120.00 kgs,"₹ 5,165","₹ 6,198",BRD-IND
T021034,21-06-2022,F02323,I,Seeds,267 kgs,₹ 72,"₹ 19,253",BRD-IND
T021035,03-07-2022,F02323,I,SEEDS,39 kgs,₹ 120,"₹ 4,694",BRD-IND
T021098,11-11-2022,f02358,Delivery,Soybean (Yellow),1065 kg,"₹ 5,625","₹ 59,906",BRD-IND
T021099,03-11-2022,F02358,Delivery,Soybean (Yellow),468 kg,"₹ 5,625","₹ 26,325",BRD-IND
T021100,09-06-2022,F02358,FERT_PURCHASE,Urea,181 kg,₹ 51,"₹ 9,298",BRD-IND
T021101,29-08-2022,F02358,Loan Repayment,EMI,,,"₹ 6,500",BRD-IND
T021141,09-10-2022,F02374,D,SOYABEAN,664.00 kgs,"₹ 5,195","₹ 34,495",BRD-IND
T021142,29-11-2022,F02374,DELIVERY,soya,521.00 kgs,"₹ 5,195","₹ 27,066",BRD-IND
T021143,30-06-2022,F02374,Input Purchase,SEEDS,298 kg,₹ 84,"₹ 24,898",BRD-IND
T021170,31-10-2022,F02391,D,Soybean,"2,308.00 kgs","₹ 5,525","₹ 1,27,517",BRD-IND
T021171,28-11-2022,F02391,DELIVERY,Soybean,611 kg,"₹ 5,525","₹ 33,758",BRD-IND
T021172,14-07-2022,F02391,input,FERTILIZER 50kg bag,49 kg,₹ 50,"₹ 2,465",BRD-IND
T021224,17-11-2022,f02415,delivery,Soybean (Yellow),331.00 kgs,"₹ 5,685","₹ 18,817",BRD-IND
T021225,23-11-2022,F02415,DELIVERY,Soybean,615 kg,"₹ 5,685","₹ 34,963",BRD-IND
T021226,11-07-2022,F02415,FERT_PURCHASE,NPK 10:26:26,26 kgs,₹ 59,"₹ 1,526",BRD-IND
T021227,22-06-2022,F02415,Input Purchase,Fertilizer,285 kgs,₹ 40,"₹ 11,260",BRD-IND
T021228,11-06-2022,F02415,INPUT_PURCHASE,DAP,103 kgs,₹ 60,"₹ 6,133",BRD-IND
T021229,03-06-2022,f02415,Input Purchase,Fertilizer,68 kg,₹ 28,"₹ 1,913",BRD-IND
T021307,19-11-2022,F02444,delivery,SOYABEAN,924.00 kgs,"₹ 5,375","₹ 49,665",BRD-IND
T021308,25-06-2022,f02444,I,DAP,55 kgs,₹ 52,"₹ 2,841",BRD-IND
T021309,14-07-2022,F02444,INPUT_PURCHASE,NPK 10:26:26,251 kg,₹ 33,"₹ 8,268",BRD-IND
T021310,19-06-2022,F02444,FERT_PURCHASE,Urea,114 kgs,₹ 46,"₹ 5,276",BRD-IND
T021399,28-10-2022,F02469,FPO_DELIVERY,soya,736 kg,"₹ 5,370","₹ 39,523",BRD-IND
T021400,10-10-2022,F02469,delivery,SOYABEAN,431 kg,"₹ 5,370","₹ 23,145",BRD-IND
T021401,15-07-2022,F02469,INPUT_PURCHASE,Hybrid Seeds,319 kg,₹ 71,"₹ 22,719",BRD-IND
T021402,23-06-2022,F02469,FERT_PURCHASE,FERTILIZER 50kg bag,277 kgs,₹ 38,"₹ 10,421",BRD-IND
T021423,25-11-2022,f02476,Delivery,Soybean (Yellow),842 kg,"₹ 5,400","₹ 45,468",BRD-IND
T021424,09-07-2022,F02476,I,FERTILIZER 50kg bag,236 kg,₹ 46,"₹ 10,903",BRD-IND
T021462,05-10-2022,f02487,Delivery,SOYABEAN,690 kg,"₹ 5,650","₹ 38,985",BRD-IND
T021463,08-10-2022,F02487,D,Soybean,"1,089.00 kgs","₹ 5,650","₹ 61,528",BRD-IND
T021464,15-07-2022,F02487,FERT_PURCHASE,NPK 10:26:26,31 kg,₹ 54,"₹ 1,672",BRD-IND
T021465,05-06-2022,f02487,INPUT_PURCHASE,Seeds,73 kgs,₹ 87,"₹ 6,318",BRD-IND
T021470,20-10-2022,F02490,FPO_DELIVERY,soya,330 kg,"₹ 4,935","₹ 16,286",BRD-IND
T021471,28-11-2022,f02490,FPO_DELIVERY,Soybean (Yellow),151.00 kgs,"₹ 4,935","₹ 7,452",BRD-IND
T021472,01-11-2022,F02490,DELIVERY,Soybean (Yellow),630 kg,"₹ 4,935","₹ 31,090",BRD-IND
T021473,13-07-2022,F02490,Input Purchase,Bio-pesticide,51 kg,₹ 205,"₹ 10,479",BRD-IND
T021474,06-07-2022,F02490,I,Seeds,62 kg,₹ 89,"₹ 5,534",BRD-IND
T022345,18-03-2023,F01633,FPO_DELIVERY,Wheat (Durum),455.00 kgs,"₹ 2,475","₹ 11,261",BRD-IND
T022346,18-03-2023,F01633,delivery,Wheat,900.00 kgs,"₹ 2,475","₹ 22,275",BRD-IND
T022347,13-05-2023,F01633,D,Lokwan Wheat,"2,531.00 kgs","₹ 2,475","₹ 62,642",BRD-IND
T022348,13-04-2023,F01636,Delivery,wheat,3144 kg,"₹ 2,510","₹ 78,914",BRD-IND
T022349,11-01-2023,f01636,FERT_PURCHASE,Urea,30 kg,₹ 29,₹ 865,BRD-IND
T022350,29-12-2022,F01636,FERT_PURCHASE,PPC,68 kgs,₹ 573,"₹ 38,997",BRD-IND
T022351,04-04-2023,F01637,FPO_DELIVERY,Lokwan Wheat,"4,384.00 kgs","₹ 2,755","₹ 1,20,779",BRD-IND
T022352,27-03-2023,F01637,delivery,Wheat,4466 kg,"₹ 2,755","₹ 1,23,038",BRD-IND
T022353,29-01-2023,F01637,loan,Loan Repayment,,,"₹ 3,800",BRD-IND
T022354,26-02-2023,F01637,loan,EMI,,,"₹ 7,100",BRD-IND
T022355,09-03-2023,f01638,delivery,WHEAT,"1,011.00 kgs","₹ 2,570","₹ 25,983",BRD-IND
T022356,19-12-2022,f01638,input,Urea,312 kg,₹ 41,"₹ 12,858",BRD-IND
T022357,22-12-2022,F01638,INPUT_PURCHASE,Seeds,307 kg,₹ 110,"₹ 33,813",BRD-IND
T022358,18-03-2023,F01640,D,WHEAT,"5,466.00 kgs","₹ 2,720","₹ 1,48,675",BRD-IND
T022359,11-01-2023,F01640,input,FERTILIZER 50kg bag,28 kg,₹ 57,"₹ 1,601",BRD-IND
T022360,02-12-2022,F01640,I,PPC,38 kgs,₹ 673,"₹ 25,578",BRD-IND
T022361,15-04-2023,F01642,delivery,wheat,2144 kg,"₹ 2,465","₹ 52,850",BRD-IND
T022362,03-05-2023,F01643,Delivery,Wheat (Durum),"2,466.00 kgs","₹ 2,715","₹ 66,952",BRD-IND
T022363,18-03-2023,F01643,L,EMI,,,"₹ 6,400",BRD-IND
T022364,10-03-2023,F01643,loan,EMI,,,"₹ 5,900",BRD-IND
T022365,20-04-2023,F01649,delivery,Lokwan Wheat,1530 kg,"₹ 2,560","₹ 39,168",BRD-IND
T022366,14-03-2023,F01649,Delivery,WHEAT,"4,012.00 kgs","₹ 2,560","₹ 1,02,707",BRD-IND
T022367,05-12-2022,f01649,Input Purchase,DAP,227 kgs,₹ 45,"₹ 10,272",BRD-IND
T022368,24-12-2022,F01649,FERT_PURCHASE,NPK 10:26:26,99 kgs,₹ 53,"₹ 5,260",BRD-IND
T022369,01-12-2022, F01649 ,I,PPC,107 kg,₹ 656,"₹ 70,221",BRD-IND
T022370,01-03-2023,F01650,FPO_DELIVERY,wheat,312 kg,"₹ 2,705","₹ 8,440",BRD-IND
T022371,02-05-2023,F01650,FPO_DELIVERY,wheat,"1,283.00 kgs","₹ 2,705","₹ 34,705",BRD-IND
T022372,14-04-2023,F01650,DELIVERY,Wheat,344.00 kgs,"₹ 2,705","₹ 9,305",BRD-IND
T022373,04-12-2022,F01650,input,FERTILIZER 50kg bag,166 kgs,₹ 31,"₹ 5,114",BRD-IND
T022374,16-05-2023,F01650,loan,EMI,,,"₹ 2,200",BRD-IND
T022375,02-03-2023,f01650,L,Loan Repayment,,,"₹ 5,500",BRD-IND
T022376,22-04-2023,F01653,D,Wheat (Durum),"1,474.00 kgs","₹ 2,545","₹ 37,513",BRD-IND
T022377,05-01-2023,F01653,I,DAP,125 kg,₹ 37,"₹ 4,572",BRD-IND
T022378,13-01-2023,F01653,FERT_PURCHASE,DAP,194 kgs,₹ 49,"₹ 9,531",BRD-IND
T022379,11-05-2023,F01654,Delivery,WHEAT,602 kg,"₹ 2,655","₹ 15,983",BRD-IND
T022380,12-04-2023,F01654,FPO_DELIVERY,wheat,"1,106.00 kgs","₹ 2,655","₹ 29,364",BRD-IND
T022381,07-04-2023,F01654,FPO_DELIVERY,wheat,1290 kg,"₹ 2,655","₹ 34,250",BRD-IND
T022382,22-12-2022,F01654,FERT_PURCHASE,DAP,108 kg,₹ 47,"₹ 5,032",BRD-IND
T022383,16-03-2023,F01658,DELIVERY,WHEAT,7931 kg,"₹ 2,505","₹ 1,98,672",BRD-IND
T022384,13-12-2022,F01658,input,NPK 10:26:26,42 kgs,₹ 54,"₹ 2,252",BRD-IND
T022385,06-12-2022, F01658 ,Input Purchase,NPK 10:26:26,199 kgs,₹ 31,"₹ 6,225",BRD-IND
T022386,09-03-2023,F01660,delivery,WHEAT,"2,019.00 kgs","₹ 2,585","₹ 52,191",BRD-IND
T022387,19-12-2022,F01660,I,DAP,92 kgs,₹ 60,"₹ 5,491",BRD-IND
T022388,18-12-2022,F01660,Input Purchase,Seeds,138 kgs,₹ 81,"₹ 11,201",BRD-IND
T022389,03-12-2022,f01660,FERT_PURCHASE,SEEDS,265 kgs,₹ 59,"₹ 15,669",BRD-IND
T022390,19-12-2022,F01660,FERT_PURCHASE,FERTILIZER 50kg bag,205 kg,₹ 42,"₹ 8,614",BRD-IND
T022391,25-03-2023,F01662,DELIVERY,Wheat (Durum),1181 kg,"₹ 2,590","₹ 30,588",BRD-IND
T022392,14-04-2023,f01662,delivery,wheat,332.00 kgs,"₹ 2,590","₹ 8,599",BRD-IND
T022393,31-12-2022,F01662,INPUT_PURCHASE,Fertilizer,272 kg,₹ 55,"₹ 15,072",BRD-IND
T022394,04-12-2022,F01662,input,Hybrid Seeds,40 kg,₹ 125,"₹ 4,992",BRD-IND
T022395,23-04-2023,F01666,FPO_DELIVERY,Wheat,"2,063.00 kgs","₹ 2,530","₹ 52,194",BRD-IND
T022396,19-04-2023,F01671,delivery,wheat,921.00 kgs,"₹ 2,755","₹ 25,374",BRD-IND
T022397,07-03-2023,F01671,Delivery,Wheat,391.00 kgs,"₹ 2,755","₹ 10,772",BRD-IND
T022398,14-01-2023,f01671,INPUT_PURCHASE,Fertilizer,207 kgs,₹ 43,"₹ 8,853",BRD-IND
T022399,18-04-2023, F01675 ,D,Wheat,"2,369.00 kgs","₹ 2,425","₹ 57,448",BRD-IND
T022400,11-03-2023,F01687,Delivery,Wheat,"2,483.00 kgs","₹ 2,705","₹ 67,165",BRD-IND
T022401,09-04-2023,F01687,delivery,Wheat (Durum),"1,351.00 kgs","₹ 2,705","₹ 36,545",BRD-IND
T022402,22-12-2022,F01687,Input Purchase,FERTILIZER 50kg bag,52 kg,₹ 42,"₹ 2,200",BRD-IND
T022403,20-04-2023,F01693,FPO_DELIVERY,Lokwan Wheat,716.00 kgs,"₹ 2,720","₹ 19,475",BRD-IND
T022404,23-04-2023, F01693 ,FPO_DELIVERY,Wheat,785 kg,"₹ 2,720","₹ 21,352",BRD-IND
T022405,15-12-2022,F01693,Input Purchase,PP chemicals,113 kg,₹ 683,"₹ 77,211",BRD-IND
T022406,22-03-2023,F01694,DELIVERY,wheat,312.00 kgs,"₹ 2,660","₹ 8,299",BRD-IND
T022407,26-03-2023,F01694,Delivery,WHEAT,3558 kg,"₹ 2,660","₹ 94,643",BRD-IND
T022408,02-01-2023,F01694,INPUT_PURCHASE,DAP,33 kgs,₹ 30,₹ 985,BRD-IND
T022409,07-05-2023,F01696,FPO_DELIVERY,Wheat (Durum),"3,270.00 kgs","₹ 2,540","₹ 83,058",BRD-IND
T022410,17-12-2022,F01696,input,DAP,281 kg,₹ 42,"₹ 11,777",BRD-IND
T022411,13-03-2023,F01702,FPO_DELIVERY,Wheat,3645 kg,"₹ 2,645","₹ 96,410",BRD-IND
T022412,07-03-2023,F01702,FPO_DELIVERY,Lokwan Wheat,454.00 kgs,"₹ 2,645","₹ 12,008",BRD-IND
T022413,31-03-2023,F01703,DELIVERY,WHEAT,2331 kg,"₹ 2,685","₹ 62,587",BRD-IND
T022414,22-03-2023,F01703,FPO_DELIVERY,Wheat,224.00 kgs,"₹ 2,685","₹ 6,014",BRD-IND
T022415,14-12-2022,F01703,Input Purchase,FERTILIZER 50kg bag,194 kgs,₹ 54,"₹ 10,492",BRD-IND
T022416,11-01-2023,f01703,INPUT_PURCHASE,Fertilizer,223 kg,₹ 39,"₹ 8,681",BRD-IND
T022417,13-03-2023,F01706,D,Wheat (Durum),2605 kg,"₹ 2,725","₹ 70,986",BRD-IND
T022418,04-03-2023,f01706,Delivery,WHEAT,1341 kg,"₹ 2,725","₹ 36,542",BRD-IND
T022419,15-12-2022,F01706,Input Purchase,DAP,64 kgs,₹ 39,"₹ 2,478",BRD-IND
T022420,01-12-2022,F01706,input,DAP,303 kgs,₹ 54,"₹ 16,374",BRD-IND
T022421,30-04-2023,F01707,delivery,Lokwan Wheat,1462 kg,"₹ 2,720","₹ 39,766",BRD-IND
T022422,17-03-2023,F01707,Delivery,Wheat (Durum),163.00 kgs,"₹ 2,720","₹ 4,434",BRD-IND
T022423,06-12-2022,f01707,FERT_PURCHASE,Fertilizer,121 kgs,₹ 44,"₹ 5,374",BRD-IND
T022424,29-12-2022,F01707,Input Purchase,FERTILIZER 50kg bag,285 kgs,₹ 40,"₹ 11,446",BRD-IND
T022425,12-01-2023,F01707,I,Seeds,84 kgs,₹ 63,"₹ 5,276",BRD-IND
T022426,25-12-2022,F01707,input,SEEDS,39 kgs,₹ 47,"₹ 1,845",BRD-IND
T022427,14-03-2023,F01709,Delivery,Wheat,"7,617.00 kgs","₹ 2,550","₹ 1,94,234",BRD-IND
T022428,15-01-2023,F01709,Input Purchase,DAP,89 kgs,₹ 57,"₹ 5,045",BRD-IND
T022429,03-02-2023,F01709,Loan Repayment,EMI,,,"₹ 4,200",BRD-IND
T022430,31-03-2023,F01709,L,Loan Repayment,,,"₹ 3,800",BRD-IND
T022431,15-03-2023,F01714,D,WHEAT,3418 kg,"₹ 2,390","₹ 81,690",BRD-IND
T022432,04-12-2022,F01714,FERT_PURCHASE,DAP,28 kg,₹ 38,"₹ 1,056",BRD-IND
T022433,02-01-2023,F01714,INPUT_PURCHASE,FERTILIZER 50kg bag,26 kgs,₹ 45,"₹ 1,168",BRD-IND
T022434,30-12-2022,F01714,I,PP chemicals,224 kgs,₹ 281,"₹ 62,863",BRD-IND
T022435,26-03-2023,F01718,FPO_DELIVERY,Wheat,3175 kg,"₹ 2,540","₹ 80,645",BRD-IND
T022436,27-03-2023,F01718,DELIVERY,Wheat (Durum),"1,676.00 kgs","₹ 2,540","₹ 42,570",BRD-IND
T022437,09-01-2023,F01718,I,DAP,179 kgs,₹ 35,"₹ 6,285",BRD-IND
T022438,08-03-2023, F01718 ,loan,Loan Repayment,,,"₹ 1,100",BRD-IND
T022439,28-12-2022,f01718,Loan Repayment,Loan Repayment,,,"₹ 4,600",BRD-IND
T022440,04-04-2023,F01719,FPO_DELIVERY,Wheat,1588 kg,"₹ 2,500","₹ 39,700",BRD-IND
T022441,19-12-2022,F01719,input,Urea,253 kgs,₹ 37,"₹ 9,267",BRD-IND
T022442,08-03-2023,f01722,delivery,Wheat (Durum),"3,579.00 kgs","₹ 2,600","₹ 93,054",BRD-IND
T022443,26-12-2022,F01722,I,SEEDS,155 kgs,₹ 68,"₹ 10,546",BRD-IND
T022444,05-12-2022,F01722,Input Purchase,NPK 10:26:26,310 kgs,₹ 55,"₹ 16,966",BRD-IND
T022445,26-12-2022,F01722,Input Purchase,SEEDS,112 kg,₹ 78,"₹ 8,763",BRD-IND
T022446,07-04-2023,F01724,delivery,Wheat (Durum),"16,875.00 kgs","₹ 2,520","₹ 4,25,250",BRD-IND
T022447,02-03-2023,F01725,D,wheat,"1,328.00 kgs","₹ 2,805","₹ 37,250",BRD-IND
T022448,18-03-2023, F01725 ,Delivery,Wheat,131 kg,"₹ 2,805","₹ 3,675",BRD-IND
T022449,24-12-2022,f01725,Input Purchase,Urea,32 kg,₹ 59,"₹ 1,884",BRD-IND
T022450,20-12-2022,F01725,FERT_PURCHASE,Urea,170 kgs,₹ 44,"₹ 7,412",BRD-IND
T022451,13-01-2023,F01725,input,Fertilizer,212 kg,₹ 37,"₹ 7,895",BRD-IND
T022452,27-04-2023,F01729,DELIVERY,Wheat (Durum),279.00 kgs,"₹ 2,390","₹ 6,668",BRD-IND
T022453,26-03-2023,F01729,DELIVERY,WHEAT,2390 kg,"₹ 2,390","₹ 57,121",BRD-IND
T022454,13-01-2023,F01729,I,FERTILIZER 50kg bag,307 kg,₹ 34,"₹ 10,432",BRD-IND
T022455,28-04-2023,F01730,delivery,WHEAT,433 kg,"₹ 2,540","₹ 10,998",BRD-IND
T022456,15-03-2023,f01730,DELIVERY,Wheat,3200 kg,"₹ 2,540","₹ 81,280",BRD-IND
T022457,06-05-2023,F01730,delivery,Wheat (Durum),632 kg,"₹ 2,540","₹ 16,053",BRD-IND
T022458,13-01-2023,F01730,I,Hybrid Seeds,152 kgs,₹ 86,"₹ 13,087",BRD-IND
T022459,09-04-2023,F01732,D,Wheat,"1,987.00 kgs","₹ 2,645","₹ 52,556",BRD-IND
T022460,04-05-2023,F01732,FPO_DELIVERY,WHEAT,"2,855.00 kgs","₹ 2,645","₹ 75,515",BRD-IND
T022461,20-03-2023,F01732,Delivery,Lokwan Wheat,189.00 kgs,"₹ 2,645","₹ 4,999",BRD-IND
T022462,02-12-2022,F01732,input,Seeds,167 kgs,₹ 97,"₹ 16,167",BRD-IND
T022463,02-01-2023,F01732,input,PP chemicals,36 kg,₹ 276,"₹ 9,939",BRD-IND
T022464,02-12-2022,F01732,FERT_PURCHASE,DAP,283 kg,₹ 34,"₹ 9,543",BRD-IND
T022465,14-03-2023,f01740,delivery,Lokwan Wheat,468.00 kgs,"₹ 2,540","₹ 11,887",BRD-IND
T022466,10-05-2023,F01740,delivery,WHEAT,3186 kg,"₹ 2,540","₹ 80,924",BRD-IND
T022467,11-01-2023,f01740,input,SEEDS,76 kgs,₹ 102,"₹ 7,729",BRD-IND
T022468,06-03-2023,F01741,FPO_DELIVERY,wheat,1763 kg,"₹ 2,535","₹ 44,692",BRD-IND
T022469,12-03-2023,f01741,D,wheat,299.00 kgs,"₹ 2,535","₹ 7,580",BRD-IND
T022470,20-12-2022,F01741,FERT_PURCHASE,FERTILIZER 50kg bag,42 kgs,₹ 46,"₹ 1,939",BRD-IND
T022471,15-04-2023,F01747,D,WHEAT,4434 kg,"₹ 2,535","₹ 1,12,402",BRD-IND
T022472,30-12-2022,F01747,I,FERTILIZER 50kg bag,244 kgs,₹ 32,"₹ 7,842",BRD-IND
T022473,12-12-2022,F01747,Input Purchase,SEEDS,157 kg,₹ 119,"₹ 18,677",BRD-IND
T022474,02-12-2022,f01747,Input Purchase,Urea,271 kg,₹ 45,"₹ 12,106",BRD-IND
T022475,01-01-2023,F01747,Input Purchase,Seeds,173 kgs,₹ 87,"₹ 14,984",BRD-IND
T022476,25-12-2022,f01747,FERT_PURCHASE,SEEDS,70 kgs,₹ 61,"₹ 4,252",BRD-IND
T022477,18-03-2023,f01750,D,WHEAT,1987 kg,"₹ 2,805","₹ 55,735",BRD-IND
T022478,23-03-2023,f01750,DELIVERY,wheat,"1,865.00 kgs","₹ 2,805","₹ 52,313",BRD-IND
T022479,18-12-2022,F01750,FERT_PURCHASE,Seeds,228 kgs,₹ 73,"₹ 16,653",BRD-IND
T022480,23-03-2023,f01753,FPO_DELIVERY,WHEAT,1089 kg,"₹ 2,515","₹ 27,388",BRD-IND
T022481,13-04-2023,f01753,Delivery,Wheat,"3,032.00 kgs","₹ 2,515","₹ 76,255",BRD-IND
T022482,12-12-2022,F01753,input,Seeds,268 kg,₹ 57,"₹ 15,287",BRD-IND
T022483,14-12-2022, F01753 ,FERT_PURCHASE,Fertilizer,123 kg,₹ 56,"₹ 6,881",BRD-IND
T022484,21-01-2023,F01753,LOAN_REPAY,Loan Repayment,,,"₹ 7,700",BRD-IND
T022485,05-05-2023,F01760,delivery,Wheat (Durum),452 kg,"₹ 2,635","₹ 11,910",BRD-IND
T022486,18-12-2022,F01760,FERT_PURCHASE,Urea,229 kgs,₹ 44,"₹ 10,186",BRD-IND
T022487,22-05-2023,F01760,LOAN_REPAY,Loan Repayment,,,"₹ 3,000",BRD-IND
T023230,19-03-2023,F02226,Delivery,Lokwan Wheat,36 kg,"₹ 2,650",₹ 954,BRD-IND
T023231,04-05-2023,F02226,D,Wheat (Durum),"2,458.00 kgs","₹ 2,650","₹ 65,137",BRD-IND
T023282,03-05-2023,F02262,FPO_DELIVERY,Wheat,"1,295.00 kgs","₹ 2,505","₹ 32,440",BRD-IND
T023283,08-03-2023,F02262,DELIVERY,Wheat (Durum),"2,349.00 kgs","₹ 2,505","₹ 58,842",BRD-IND
T023284,02-12-2022,F02262,I,DAP,174 kgs,₹ 58,"₹ 10,042",BRD-IND
T023285,12-12-2022,f02262,I,DAP,292 kg,₹ 34,"₹ 9,989",BRD-IND
T023286,29-12-2022,F02262,input,PPC,139 kg,₹ 312,"₹ 43,342",BRD-IND
T023287,09-01-2023,F02262,Input Purchase,Fertilizer,40 kg,₹ 46,"₹ 1,853",BRD-IND
T023289,15-05-2023,F02266,delivery,wheat,"5,914.00 kgs","₹ 2,645","₹ 1,56,425",BRD-IND
T023290,03-01-2023,F02266,I,PP chemicals,105 kgs,₹ 135,"₹ 14,154",BRD-IND
T023291,27-12-2022,f02266,Input Purchase,Fertilizer,67 kg,₹ 54,"₹ 3,628",BRD-IND
T023317,07-04-2023,F02280,FPO_DELIVERY,Lokwan Wheat,2105 kg,"₹ 2,410","₹ 50,730",BRD-IND
T023318,01-03-2023,F02280,delivery,Wheat (Durum),401.00 kgs,"₹ 2,410","₹ 9,664",BRD-IND
T023322,24-03-2023,f02285,delivery,wheat,"2,540.00 kgs","₹ 2,520","₹ 64,008",BRD-IND
T023323,12-01-2023,F02285,INPUT_PURCHASE,Seeds,288 kgs,₹ 73,"₹ 21,084",BRD-IND
T023324,11-12-2022,F02285,I,PP chemicals,186 kg,₹ 621,"₹ 1,15,538",BRD-IND
T023325,22-12-2022,F02285,input,Fertilizer,47 kgs,₹ 30,"₹ 1,415",BRD-IND
T023326,18-03-2023, F02285 ,L,Loan Repayment,,,"₹ 4,300",BRD-IND
T023327,10-12-2022,F02285,LOAN_REPAY,EMI,,,"₹ 2,800",BRD-IND
T023331,11-04-2023,F02289,delivery,Lokwan Wheat,446 kg,"₹ 2,600","₹ 11,596",BRD-IND
T023332,08-05-2023,F02289,D,WHEAT,524.00 kgs,"₹ 2,600","₹ 13,624",BRD-IND
T023333,12-03-2023,F02289,D,Lokwan Wheat,688 kg,"₹ 2,600","₹ 17,888",BRD-IND
T023334,16-12-2022,F02289,INPUT_PURCHASE,PP chemicals,251 kgs,₹ 491,"₹ 1,23,316",BRD-IND
T023335,02-03-2023,F02292,FPO_DELIVERY,WHEAT,868.00 kgs,"₹ 2,560","₹ 22,221",BRD-IND
T023336,04-05-2023,F02292,delivery,wheat,"1,405.00 kgs","₹ 2,560","₹ 35,968",BRD-IND
T023337,12-04-2023,F02292,delivery,wheat,"6,385.00 kgs","₹ 2,560","₹ 1,63,456",BRD-IND
T023338,05-12-2022,F02292,input,Fertilizer,197 kg,₹ 41,"₹ 8,164",BRD-IND
T023339,13-12-2022,f02292,INPUT_PURCHASE,Seeds,85 kgs,₹ 124,"₹ 10,527",BRD-IND
T023395,16-03-2023,F02323,D,Lokwan Wheat,"1,172.00 kgs","₹ 2,635","₹ 30,882",BRD-IND
T023396,06-01-2023,F02323,input,DAP,207 kgs,₹ 29,"₹ 6,069",BRD-IND
T023458,27-03-2023,F02358,DELIVERY,WHEAT,758.00 kgs,"₹ 2,485","₹ 18,836",BRD-IND
T023459,28-03-2023,F02358,delivery,Wheat (Durum),447 kg,"₹ 2,485","₹ 11,108",BRD-IND
T023460,14-04-2023,f02358,LOAN_REPAY,EMI,,,"₹ 2,000",BRD-IND
T023494,13-04-2023,F02374,FPO_DELIVERY,Lokwan Wheat,328 kg,"₹ 2,525","₹ 8,282",BRD-IND
T023495,27-03-2023,F02374,D,Wheat (Durum),2014 kg,"₹ 2,525","₹ 50,854",BRD-IND
T023496,29-12-2022,F02374,input,FERTILIZER 50kg bag,231 kg,₹ 57,"₹ 13,137",BRD-IND
T023512,07-03-2023,F02391,DELIVERY,Lokwan Wheat,2483 kg,"₹ 2,525","₹ 62,696",BRD-IND
T023513,06-03-2023,F02391,delivery,WHEAT,914 kg,"₹ 2,525","₹ 23,078",BRD-IND
T023514,17-04-2023,F02391,D,WHEAT,2444 kg,"₹ 2,525","₹ 61,711",BRD-IND
T023515,12-12-2022,F02391,input,Urea,106 kgs,₹ 31,"₹ 3,266",BRD-IND
T023636,03-04-2023, F02444 ,DELIVERY,Lokwan Wheat,"2,009.00 kgs","₹ 2,455","₹ 49,321",BRD-IND
T023637,28-04-2023,F02444,delivery,Wheat,177.00 kgs,"₹ 2,455","₹ 4,345",BRD-IND
T023638,13-12-2022,F02444,INPUT_PURCHASE,PP chemicals,79 kg,₹ 236,"₹ 18,618",BRD-IND
T023686,02-04-2023,F02469,Delivery,wheat,"1,244.00 kgs","₹ 2,595","₹ 32,282",BRD-IND
T023687,13-03-2023,F02469,DELIVERY,wheat,984 kg,"₹ 2,595","₹ 25,535",BRD-IND
T023688,13-12-2022,f02469,INPUT_PURCHASE,FERTILIZER 50kg bag,318 kg,₹ 47,"₹ 14,854",BRD-IND
T023689,21-12-2022,F02469,FERT_PURCHASE,FERTILIZER 50kg bag,272 kg,₹ 53,"₹ 14,419",BRD-IND
T023746,14-05-2023,F02487,D,WHEAT,2947 kg,"₹ 2,495","₹ 73,528",BRD-IND
T023747,27-04-2023,f02487,D,Wheat,723.00 kgs,"₹ 2,495","₹ 18,039",BRD-IND
T023748,10-01-2023,F02487,Input Purchase,Hybrid Seeds,265 kg,₹ 59,"₹ 15,598",BRD-IND
T023749,07-12-2022,f02487,INPUT_PURCHASE,Seeds,221 kg,₹ 48,"₹ 10,716",BRD-IND
T023750,19-12-2022,F02487,INPUT_PURCHASE,SEEDS,146 kgs,₹ 68,"₹ 9,973",BRD-IND
T023759,17-04-2023,F02492,Delivery,Lokwan Wheat,"4,069.00 kgs","₹ 2,725","₹ 1,10,880",BRD-IND
T023781,14-03-2023,f02498,DELIVERY,Lokwan Wheat,2004 kg,"₹ 2,485","₹ 49,799",BRD-IND
T023782,09-12-2022,F02498,Input Purchase,Fertilizer,255 kg,₹ 44,"₹ 11,261",BRD-IND
T023783,20-12-2022,F02498,Input Purchase,SEEDS,109 kgs,₹ 73,"₹ 7,995",BRD-IND
T023790,12-03-2023, F02502 ,FPO_DELIVERY,wheat,"1,311.00 kgs","₹ 2,480","₹ 32,513",BRD-IND
T023791,25-03-2023,F02502,DELIVERY,wheat,577.00 kgs,"₹ 2,480","₹ 14,310",BRD-IND
T023792,02-12-2022,f02502,I,Urea,82 kg,₹ 58,"₹ 4,745",BRD-IND
T023808,09-04-2023,f02507,FPO_DELIVERY,Lokwan Wheat,"3,530.00 kgs","₹ 2,650","₹ 93,545",BRD-IND
T023809,08-05-2023,F02507,D,Wheat (Durum),1487 kg,"₹ 2,650","₹ 39,406",BRD-IND
T023810,17-12-2022,F02507,FERT_PURCHASE,Fertilizer,85 kgs,₹ 30,"₹ 2,525",BRD-IND
T023880,08-04-2023,F02527,Delivery,Wheat (Durum),"1,356.00 kgs","₹ 2,650","₹ 35,934",BRD-IND
T023881,22-03-2023,F02527,Delivery,WHEAT,"1,186.00 kgs","₹ 2,650","₹ 31,429",BRD-IND
T023882,05-04-2023,F02527,Delivery,Wheat,583.00 kgs,"₹ 2,650","₹ 15,450",BRD-IND
T023883,13-12-2022, F02527 ,I,FERTILIZER 50kg bag,316 kg,₹ 48,"₹ 15,152",BRD-IND
T023884,21-12-2022,f02527,Input Purchase,DAP,237 kgs,₹ 50,"₹ 11,819",BRD-IND
T023889,25-04-2023,F02529,delivery,Wheat (Durum),1162 kg,"₹ 2,740","₹ 31,839",BRD-IND
T023890,08-01-2023,F02529,input,Urea,274 kg,₹ 29,"₹ 7,943",BRD-IND
T023891,01-01-2023,f02529,FERT_PURCHASE,Seeds,53 kg,₹ 57,"₹ 3,011",BRD-IND
T023892,12-12-2022,F02529,Loan Repayment,EMI,,,"₹ 6,400",BRD-IND
T024653,29-11-2023,F01633,Delivery,SOYABEAN,735 kg,"₹ 5,345","₹ 39,286",BRD-IND
T024654,04-11-2023,F01633,delivery,Soybean (Yellow),63.00 kgs,"₹ 5,345","₹ 3,367",BRD-IND
T024655,22-11-2023,F01633,DELIVERY,Soybean,367.00 kgs,"₹ 5,345","₹ 19,616",BRD-IND
T024656,10-06-2023,F01633,INPUT_PURCHASE,SEEDS,251 kg,₹ 75,"₹ 18,890",BRD-IND
T024657,13-10-2023,F01636,Delivery,Soybean (Yellow),399 kg,"₹ 5,575","₹ 22,244",BRD-IND
T024658,12-10-2023,F01636,FPO_DELIVERY,SOYABEAN,803 kg,"₹ 5,575","₹ 44,767",BRD-IND
T024659,17-10-2023,F01637,delivery,soya,2579 kg,"₹ 5,680","₹ 1,46,487",BRD-IND
T024660,18-10-2023,F01637,L,Loan Repayment,,,"₹ 5,700",BRD-IND
T024661,23-10-2023,f01638,DELIVERY,soya,336 kg,"₹ 6,025","₹ 20,244",BRD-IND
T024662,05-11-2023,F01640,Delivery,soya,"1,476.00 kgs","₹ 5,805","₹ 85,682",BRD-IND
T024663,28-11-2023,F01640,FPO_DELIVERY,Soybean (Yellow),"1,264.00 kgs","₹ 5,805","₹ 73,375",BRD-IND
T024664,12-10-2023,F01642,FPO_DELIVERY,Soybean,610 kg,"₹ 5,955","₹ 36,326",BRD-IND
T024665,02-07-2023,F01642,INPUT_PURCHASE,PPC,274 kgs,₹ 578,"₹ 1,58,487",BRD-IND
T024666,04-06-2023,F01642,I,PPC,233 kg,₹ 439,"₹ 1,02,217",BRD-IND
T024667,15-06-2023, F01642 ,I,DAP,296 kgs,₹ 33,"₹ 9,715",BRD-IND
T024668,08-11-2023,F01643,FPO_DELIVERY,Soybean (Yellow),264 kg,"₹ 5,885","₹ 15,536",BRD-IND
T024669,05-11-2023,F01643,D,Soybean,40.00 kgs,"₹ 5,885","₹ 2,354",BRD-IND
T024670,21-06-2023,f01643,I,NPK 10:26:26,50 kgs,₹ 40,"₹ 1,975",BRD-IND
T024671,27-06-2023,F01643,FERT_PURCHASE,NPK 10:26:26,207 kgs,₹ 51,"₹ 10,472",BRD-IND
T024672,19-10-2023,f01649,DELIVERY,Soybean,1515 kg,"₹ 5,610","₹ 84,992",BRD-IND
T024673,15-07-2023,F01649,I,Urea,85 kgs,₹ 58,"₹ 4,939",BRD-IND
T024674,21-06-2023,F01649,FERT_PURCHASE,SEEDS,276 kgs,₹ 50,"₹ 13,891",BRD-IND
T024675,02-11-2023,F01649,loan,Loan Repayment,,,"₹ 7,000",BRD-IND
T024676,10-11-2023,F01650,Delivery,soya,653 kg,"₹ 5,810","₹ 37,939",BRD-IND
T024677,20-06-2023,F01650,I,NPK 10:26:26,176 kgs,₹ 46,"₹ 8,144",BRD-IND
T024678,01-07-2023,F01650,FERT_PURCHASE,SEEDS,169 kg,₹ 93,"₹ 15,636",BRD-IND
T024679,22-06-2023,F01650,FERT_PURCHASE,Seeds,99 kg,₹ 48,"₹ 4,740",BRD-IND
T024680,25-07-2023,F01650,Loan Repayment,EMI,,,"₹ 2,900",BRD-IND
T024681,22-11-2023,F01653,FPO_DELIVERY,soya,318 kg,"₹ 6,050","₹ 19,239",BRD-IND
T024682,08-11-2023,F01653,delivery,soya,277 kg,"₹ 6,050","₹ 16,758",BRD-IND
T024683,06-07-2023, F01653 ,input,PPC,122 kgs,₹ 303,"₹ 36,982",BRD-IND
T024684,01-07-2023,F01653,INPUT_PURCHASE,Fertilizer,292 kg,₹ 48,"₹ 14,133",BRD-IND
T024685,25-06-2023,F01653,I,PP chemicals,79 kgs,₹ 461,"₹ 36,389",BRD-IND
T024686,07-11-2023,F01654,Delivery,Soybean (Yellow),53 kg,"₹ 5,955","₹ 3,156",BRD-IND
T024687,25-11-2023,f01654,DELIVERY,SOYABEAN,420 kg,"₹ 5,955","₹ 25,011",BRD-IND
T024688,17-11-2023,F01654,DELIVERY,soya,371 kg,"₹ 5,955","₹ 22,093",BRD-IND
T024689,07-07-2023,f01654,input,FERTILIZER 50kg bag,262 kg,₹ 32,"₹ 8,376",BRD-IND
T024690,01-07-2023,F01654,FERT_PURCHASE,DAP,45 kgs,₹ 49,"₹ 2,205",BRD-IND
T024691,29-06-2023,F01654,INPUT_PURCHASE,DAP,265 kgs,₹ 52,"₹ 13,817",BRD-IND
T024692,19-10-2023,F01658,delivery,Soybean (Yellow),"2,104.00 kgs","₹ 5,535","₹ 1,16,456",BRD-IND
T024693,24-06-2023,F01658,FERT_PURCHASE,Urea,212 kgs,₹ 57,"₹ 12,107",BRD-IND
T024694,27-10-2023,F01660,D,soya,682.00 kgs,"₹ 5,675","₹ 38,704",BRD-IND
T024695,04-06-2023,F01660,FERT_PURCHASE,NPK 10:26:26,211 kg,₹ 48,"₹ 10,079",BRD-IND
T024696,19-06-2023,F01660,Input Purchase,FERTILIZER 50kg bag,71 kg,₹ 56,"₹ 3,995",BRD-IND
T024697,20-11-2023,F01662,delivery,Soybean,20 kg,"₹ 5,645","₹ 1,129",BRD-IND
T024698,02-10-2023,F01662,FPO_DELIVERY,Soybean (Yellow),441 kg,"₹ 5,645","₹ 24,894",BRD-IND
T024699,23-11-2023,F01666,Delivery,Soybean,825 kg,"₹ 5,970","₹ 49,252",BRD-IND
T024700,11-06-2023,F01666,I,FERTILIZER 50kg bag,309 kg,₹ 42,"₹ 12,873",BRD-IND
T024701,06-10-2023,F01671,FPO_DELIVERY,Soybean (Yellow),185.00 kgs,"₹ 5,665","₹ 10,480",BRD-IND
T024702,04-06-2023,F01671,Input Purchase,NPK 10:26:26,207 kg,₹ 40,"₹ 8,340",BRD-IND
T024703,15-07-2023,f01671,I,Seeds,49 kg,₹ 129,"₹ 6,317",BRD-IND
T024704,16-10-2023,F01675,D,Soybean (Yellow),637 kg,"₹ 5,775","₹ 36,787",BRD-IND
T024705,21-10-2023,F01675,L,EMI,,,₹ 900,BRD-IND
T024706,17-10-2023,F01687,FPO_DELIVERY,SOYABEAN,557 kg,"₹ 5,990","₹ 33,364",BRD-IND
T024707,15-11-2023,F01687,delivery,SOYABEAN,498 kg,"₹ 5,990","₹ 29,830",BRD-IND
T024708,02-07-2023,F01687,INPUT_PURCHASE,FERTILIZER 50kg bag,39 kgs,₹ 51,"₹ 1,980",BRD-IND
T024709,20-10-2023,F01693,delivery,SOYABEAN,244.00 kgs,"₹ 6,015","₹ 14,677",BRD-IND
T024710,26-11-2023,F01693,delivery,Soybean,333 kg,"₹ 6,015","₹ 20,030",BRD-IND
T024711,31-10-2023,F01694,delivery,Soybean,158.00 kgs,"₹ 6,080","₹ 9,606",BRD-IND
T024712,03-10-2023,f01694,Delivery,soya,"1,218.00 kgs","₹ 6,080","₹ 74,054",BRD-IND
T024713,09-06-2023,F01694,I,Fertilizer,135 kgs,₹ 46,"₹ 6,261",BRD-IND
T024714,27-06-2023,F01694,Input Purchase,Fertilizer,81 kgs,₹ 50,"₹ 4,060",BRD-IND
T024715,19-11-2023,F01696,delivery,Soybean,804.00 kgs,"₹ 5,560","₹ 44,702",BRD-IND
T024716,10-10-2023,F01696,Delivery,Soybean,140.00 kgs,"₹ 5,560","₹ 7,784",BRD-IND
T024717,08-11-2023,f01702,D,Soybean,1867 kg,"₹ 6,335","₹ 1,18,274",BRD-IND
T024718,09-06-2023,F01702,input,Fertilizer,266 kgs,₹ 37,"₹ 9,789",BRD-IND
T024719,26-10-2023,F01703,DELIVERY,SOYABEAN,553.00 kgs,"₹ 6,045","₹ 33,429",BRD-IND
T024720,14-10-2023,F01703,delivery,soya,99.00 kgs,"₹ 6,045","₹ 5,985",BRD-IND
T024721,08-07-2023,F01703,input,Urea,36 kgs,₹ 55,"₹ 1,975",BRD-IND
T024722,08-06-2023,F01703,input,Fertilizer,191 kgs,₹ 45,"₹ 8,543",BRD-IND
T024723,12-11-2023,F01706,FPO_DELIVERY,Soybean,643.00 kgs,"₹ 5,585","₹ 35,912",BRD-IND
T024724,09-10-2023,F01706,DELIVERY,Soybean,888 kg,"₹ 5,585","₹ 49,595",BRD-IND
T024725,18-11-2023,F01707,D,soya,401.00 kgs,"₹ 5,740","₹ 23,017",BRD-IND
T024726,12-11-2023,F01707,DELIVERY,SOYABEAN,8 kg,"₹ 5,740",₹ 459,BRD-IND
T024727,28-06-2023,F01707,FERT_PURCHASE,Hybrid Seeds,309 kg,₹ 83,"₹ 25,786",BRD-IND
T024728,23-06-2023,f01707,input,Fertilizer,61 kgs,₹ 46,"₹ 2,791",BRD-IND
T024729,19-06-2023,F01707,I,Bio-pesticide,130 kg,₹ 271,"₹ 35,262",BRD-IND
T024730,22-06-2023,F01707,FERT_PURCHASE,Urea,30 kg,₹ 46,"₹ 1,365",BRD-IND
T024731,11-07-2023,f01707,I,Seeds,116 kg,₹ 91,"₹ 10,587",BRD-IND
T024732,24-09-2023,F01707,L,Loan Repayment,,,"₹ 6,300",BRD-IND
T024733,27-10-2023,F01709,delivery,soya,198 kg,"₹ 5,440","₹ 10,771",BRD-IND
T024734,28-11-2023,F01709,delivery,Soybean,1873 kg,"₹ 5,440","₹ 1,01,891",BRD-IND
T024735,19-06-2023,F01709,I,Fertilizer,169 kg,₹ 53,"₹ 9,035",BRD-IND
T024736,06-06-2023,F01709,FERT_PURCHASE,FERTILIZER 50kg bag,51 kg,₹ 60,"₹ 3,046",BRD-IND
T024737,18-07-2023,F01709,LOAN_REPAY,Loan Repayment,,,"₹ 3,200",BRD-IND
T024738,07-11-2023,F01714,FPO_DELIVERY,Soybean,626 kg,"₹ 5,670","₹ 35,494",BRD-IND
T024739,13-10-2023,f01714,delivery,soya,595.00 kgs,"₹ 5,670","₹ 33,736",BRD-IND
T024740,05-07-2023,f01714,FERT_PURCHASE,NPK 10:26:26,142 kgs,₹ 46,"₹ 6,479",BRD-IND
T024741,07-11-2023,F01718,D,Soybean,99 kg,"₹ 6,310","₹ 6,247",BRD-IND
T024742,15-10-2023, F01718 ,D,Soybean,536 kg,"₹ 6,310","₹ 33,822",BRD-IND
T024743,05-07-2023,F01718,input,SEEDS,88 kg,₹ 67,"₹ 5,896",BRD-IND
T024744,12-07-2023,F01718,input,Seeds,96 kg,₹ 72,"₹ 6,913",BRD-IND
T024745,15-07-2023,F01718,I,SEEDS,297 kg,₹ 73,"₹ 21,681",BRD-IND
T024746,28-11-2023,F01718,loan,Loan Repayment,,,"₹ 5,500",BRD-IND
T024747,17-09-2023,F01718,loan,Loan Repayment,,,"₹ 1,500",BRD-IND
T024748,20-07-2023,F01718,L,Loan Repayment,,,"₹ 2,500",BRD-IND
T024749,26-11-2023,f01719,delivery,soya,508 kg,"₹ 5,830","₹ 29,616",BRD-IND
T024750,30-11-2023,F01722,FPO_DELIVERY,soya,710 kg,"₹ 5,370","₹ 38,127",BRD-IND
T024751,02-11-2023,F01722,D,SOYABEAN,705 kg,"₹ 5,370","₹ 37,858",BRD-IND
T024752,01-07-2023,F01722,I,PPC,291 kg,₹ 431,"₹ 1,25,369",BRD-IND
T024753,12-06-2023,F01722,INPUT_PURCHASE,Fertilizer,77 kgs,₹ 28,"₹ 2,175",BRD-IND
T024754,08-06-2023,F01722,I,Bio-pesticide,311 kg,₹ 626,"₹ 1,94,767",BRD-IND
T024755,05-07-2023,F01722,FERT_PURCHASE,Urea,123 kg,₹ 44,"₹ 5,390",BRD-IND
T024756,16-11-2023,F01724,delivery,Soybean (Yellow),"4,921.00 kgs","₹ 5,805","₹ 2,85,664",BRD-IND
T024757,08-07-2023,F01724,INPUT_PURCHASE,Bio-pesticide,65 kg,₹ 429,"₹ 27,866",BRD-IND
T024758,05-07-2023,F01724,Input Purchase,Fertilizer,261 kg,₹ 31,"₹ 8,026",BRD-IND
T024759,04-06-2023,F01724,Input Purchase,Hybrid Seeds,49 kgs,₹ 52,"₹ 2,535",BRD-IND
T024760,26-11-2023,F01725,DELIVERY,Soybean,119.00 kgs,"₹ 5,675","₹ 6,753",BRD-IND
T024761,08-11-2023,F01725,D,Soybean,31.00 kgs,"₹ 5,675","₹ 1,759",BRD-IND
T024762,22-11-2023,f01730,FPO_DELIVERY,Soybean (Yellow),123 kg,"₹ 5,800","₹ 7,134",BRD-IND
T024763,13-11-2023,F01730,delivery,SOYABEAN,1101 kg,"₹ 5,800","₹ 63,858",BRD-IND
T024764,18-10-2023,F01730,FPO_DELIVERY,SOYABEAN,41.00 kgs,"₹ 5,800","₹ 2,378",BRD-IND
T024765,01-07-2023,F01730,FERT_PURCHASE,FERTILIZER 50kg bag,135 kg,₹ 57,"₹ 7,761",BRD-IND
T024766,02-07-2023,f01730,INPUT_PURCHASE,NPK 10:26:26,148 kg,₹ 32,"₹ 4,727",BRD-IND
T024767,29-10-2023,F01732,DELIVERY,Soybean,2077 kg,"₹ 6,050","₹ 1,25,658",BRD-IND
T024768,15-07-2023,F01732,input,PPC,189 kg,₹ 580,"₹ 1,09,539",BRD-IND
T024769,23-11-2023,F01740,Delivery,Soybean,888 kg,"₹ 5,930","₹ 52,658",BRD-IND
T024770,08-10-2023,f01740,FPO_DELIVERY,soya,233 kg,"₹ 5,930","₹ 13,817",BRD-IND
T024771,30-06-2023,F01740,I,DAP,165 kgs,₹ 49,"₹ 8,068",BRD-IND
T024772,23-06-2023,F01740,input,Urea,40 kg,₹ 43,"₹ 1,716",BRD-IND
T024773,10-11-2023,F01741,DELIVERY,Soybean,649 kg,"₹ 5,970","₹ 38,745",BRD-IND
T024774,15-07-2023,f01741,I,PP chemicals,242 kgs,₹ 678,"₹ 1,64,054",BRD-IND
T024775,26-11-2023,F01747,FPO_DELIVERY,Soybean,475.00 kgs,"₹ 5,555","₹ 26,386",BRD-IND
T024776,12-11-2023,f01747,delivery,Soybean (Yellow),1283 kg,"₹ 5,555","₹ 71,271",BRD-IND
T024777,04-06-2023,F01747,FERT_PURCHASE,DAP,61 kg,₹ 47,"₹ 2,844",BRD-IND
T024778,13-10-2023,f01750,Delivery,soya,948 kg,"₹ 5,900","₹ 55,932",BRD-IND
T024779,26-10-2023,F01753,FPO_DELIVERY,Soybean (Yellow),"1,499.00 kgs","₹ 5,895","₹ 88,366",BRD-IND
T024780,23-06-2023,F01753,INPUT_PURCHASE,FERTILIZER 50kg bag,55 kg,₹ 55,"₹ 3,042",BRD-IND
T024781,20-06-2023,f01753,FERT_PURCHASE,NPK 10:26:26,141 kg,₹ 57,"₹ 8,055",BRD-IND
T024782,29-06-2023,f01753,INPUT_PURCHASE,NPK 10:26:26,154 kgs,₹ 33,"₹ 5,039",BRD-IND
T024783,04-09-2023,F01753,Loan Repayment,Loan Repayment,,,"₹ 7,600",BRD-IND
T025386,08-11-2023,F02226,D,Soybean (Yellow),683 kg,"₹ 5,750","₹ 39,272",BRD-IND
T025387,15-06-2023,F02226,Input Purchase,PP chemicals,125 kg,₹ 137,"₹ 17,160",BRD-IND
T025388,01-07-2023,F02226,FERT_PURCHASE,SEEDS,151 kg,₹ 92,"₹ 13,901",BRD-IND
T025438,23-11-2023,F02262,DELIVERY,SOYABEAN,248.00 kgs,"₹ 5,695","₹ 14,124",BRD-IND
T025439,24-11-2023,F02262,delivery,Soybean,"1,013.00 kgs","₹ 5,695","₹ 57,690",BRD-IND
T025440,15-07-2023,F02262,input,NPK 10:26:26,59 kgs,₹ 52,"₹ 3,054",BRD-IND
T025441,21-06-2023,F02262,INPUT_PURCHASE,Seeds,130 kgs,₹ 114,"₹ 14,863",BRD-IND
T025447,05-10-2023,F02266,FPO_DELIVERY,soya,"1,200.00 kgs","₹ 6,285","₹ 75,420",BRD-IND
T025448,04-10-2023,F02266,DELIVERY,Soybean,948.00 kgs,"₹ 6,285","₹ 59,582",BRD-IND
T025449,04-06-2023, F02266 ,I,PP chemicals,110 kg,₹ 679,"₹ 74,723",BRD-IND
T025450,23-06-2023,F02266,INPUT_PURCHASE,SEEDS,94 kgs,₹ 72,"₹ 6,802",BRD-IND
T025451,02-07-2023,f02266,Input Purchase,Hybrid Seeds,173 kgs,₹ 50,"₹ 8,586",BRD-IND
T025473,23-11-2023,F02280,D,SOYABEAN,632 kg,"₹ 6,215","₹ 39,279",BRD-IND
T025474,02-10-2023,F02280,DELIVERY,soya,59 kg,"₹ 6,215","₹ 3,667",BRD-IND
T025475,25-06-2023,F02280,input,Seeds,180 kg,₹ 77,"₹ 13,948",BRD-IND
T025476,07-07-2023,F02280,input,PPC,119 kgs,₹ 257,"₹ 30,562",BRD-IND
T025479,07-10-2023,F02285,FPO_DELIVERY,Soybean (Yellow),872 kg,"₹ 5,825","₹ 50,794",BRD-IND
T025480,25-06-2023,F02285,input,Hybrid Seeds,197 kg,₹ 128,"₹ 25,249",BRD-IND
T025481,29-06-2023,F02285,INPUT_PURCHASE,Fertilizer,317 kg,₹ 35,"₹ 11,032",BRD-IND
T025482,15-09-2023,F02285,L,Loan Repayment,,,"₹ 3,500",BRD-IND
T025483,06-06-2023,F02285,L,EMI,,,"₹ 1,800",BRD-IND
T025490,19-10-2023,F02289,FPO_DELIVERY,Soybean (Yellow),427.00 kgs,"₹ 5,740","₹ 24,510",BRD-IND
T025491,23-10-2023, F02289 ,DELIVERY,Soybean (Yellow),37.00 kgs,"₹ 5,740","₹ 2,124",BRD-IND
T025492,28-10-2023,F02292,D,Soybean (Yellow),2403 kg,"₹ 5,780","₹ 1,38,893",BRD-IND
T025493,29-06-2023,F02292,input,Fertilizer,242 kg,₹ 53,"₹ 12,932",BRD-IND
T025494,10-06-2023,f02292,I,SEEDS,102 kgs,₹ 122,"₹ 12,431",BRD-IND
T025548,06-10-2023,F02323,DELIVERY,Soybean,311.00 kgs,"₹ 5,950","₹ 18,504",BRD-IND
T025549,04-06-2023,f02323,Input Purchase,SEEDS,257 kg,₹ 84,"₹ 21,529",BRD-IND
T025550,17-06-2023,f02323,I,Bio-pesticide,30 kgs,₹ 284,"₹ 8,516",BRD-IND
T025551,30-07-2023,F02323,LOAN_REPAY,EMI,,,"₹ 4,200",BRD-IND
T025608,14-11-2023,F02374,FPO_DELIVERY,Soybean,719 kg,"₹ 5,500","₹ 39,545",BRD-IND
T025609,30-11-2023,F02374,D,Soybean,114.00 kgs,"₹ 5,500","₹ 6,270",BRD-IND
T025610,23-10-2023,F02374,FPO_DELIVERY,Soybean (Yellow),42.00 kgs,"₹ 5,500","₹ 2,310",BRD-IND
T025611,04-07-2023,F02374,I,SEEDS,96 kg,₹ 88,"₹ 8,474",BRD-IND
T025612,17-06-2023,F02374,I,Seeds,188 kg,₹ 113,"₹ 21,323",BRD-IND
T025632,16-11-2023,F02391,delivery,soya,1833 kg,"₹ 5,670","₹ 1,03,931",BRD-IND
T025633,21-06-2023,F02391,Input Purchase,Hybrid Seeds,196 kg,₹ 73,"₹ 14,335",BRD-IND
T025723,20-10-2023,f02444,FPO_DELIVERY,Soybean (Yellow),629 kg,"₹ 5,695","₹ 35,822",BRD-IND
T025724,04-06-2023,F02444,input,DAP,80 kgs,₹ 58,"₹ 4,672",BRD-IND
T025786,24-11-2023,F02469,delivery,Soybean (Yellow),754.00 kgs,"₹ 6,150","₹ 46,371",BRD-IND
T025832,13-10-2023,F02487,delivery,Soybean,371.00 kgs,"₹ 6,065","₹ 22,501",BRD-IND
T025844,26-10-2023,F02492,DELIVERY,Soybean,197.00 kgs,"₹ 5,940","₹ 11,702",BRD-IND
T025845,08-10-2023,F02492,D,Soybean,1313 kg,"₹ 5,940","₹ 77,992",BRD-IND
T025846,11-07-2023,F02492,I,FERTILIZER 50kg bag,147 kgs,₹ 43,"₹ 6,315",BRD-IND
T025857,18-11-2023,F02498,DELIVERY,SOYABEAN,256.00 kgs,"₹ 6,070","₹ 15,539",BRD-IND
T025858,14-10-2023,F02498,Delivery,Soybean (Yellow),139 kg,"₹ 6,070","₹ 8,437",BRD-IND
T025859,18-11-2023,F02498,Delivery,SOYABEAN,322.00 kgs,"₹ 6,070","₹ 19,545",BRD-IND
T025872,03-10-2023,F02502,D,SOYABEAN,602 kg,"₹ 5,440","₹ 32,749",BRD-IND
T025873,01-07-2023, F02502 ,Input Purchase,FERTILIZER 50kg bag,120 kgs,₹ 41,"₹ 4,889",BRD-IND
T025882,21-11-2023,F02507,D,soya,"1,269.00 kgs","₹ 5,840","₹ 74,110",BRD-IND
T025883,17-06-2023,F02507,FERT_PURCHASE,NPK 10:26:26,262 kgs,₹ 60,"₹ 15,720",BRD-IND
T025884,20-06-2023,F02507,Input Purchase,FERTILIZER 50kg bag,120 kgs,₹ 48,"₹ 5,806",BRD-IND
T025931,15-11-2023,f02527,DELIVERY,soya,944.00 kgs,"₹ 5,515","₹ 52,062",BRD-IND
T025932,11-11-2023,F02529,D,soya,315 kg,"₹ 6,210","₹ 19,562",BRD-IND
T025933,10-07-2023,F02529,I,NPK 10:26:26,122 kg,₹ 32,"₹ 3,942",BRD-IND
T025934,02-07-2023,F02529,input,NPK 10:26:26,63 kg,₹ 44,"₹ 2,754",BRD-IND
T025981,01-11-2023,F02543,D,Soybean,845.00 kgs,"₹ 5,865","₹ 49,559",BRD-IND
T025982,05-07-2023,F02543,input,PPC,281 kg,₹ 615,"₹ 1,72,871",BRD-IND
T025983,14-07-2023,F02543,INPUT_PURCHASE,Fertilizer,63 kgs,₹ 43,"₹ 2,702",BRD-IND
T026003,20-10-2023,F02550,Delivery,soya,314 kg,"₹ 6,010","₹ 18,871",BRD-IND
T026004,19-11-2023,F02550,Delivery,Soybean (Yellow),1549 kg,"₹ 6,010","₹ 93,095",BRD-IND
T026005,30-06-2023,F02550,Input Purchase,NPK 10:26:26,155 kg,₹ 59,"₹ 9,209",BRD-IND
T026054,16-11-2023,F02565,D,Soybean,62 kg,"₹ 5,880","₹ 3,646",BRD-IND
T026055,03-11-2023,F02565,D,SOYABEAN,363.00 kgs,"₹ 5,880","₹ 21,344",BRD-IND
T026056,10-06-2023,F02565,I,Urea,44 kg,₹ 59,"₹ 2,606",BRD-IND
T026080,15-10-2023,F02572,FPO_DELIVERY,Soybean,180.00 kgs,"₹ 5,690","₹ 10,242",BRD-IND
T026081,01-07-2023,F02572,FERT_PURCHASE,FERTILIZER 50kg bag,157 kg,₹ 38,"₹ 5,957",BRD-IND
T026799,03-05-2024,F01633,DELIVERY,wheat,"3,747.00 kgs","₹ 2,750","₹ 1,03,042",BRD-IND
T026800,23-12-2023,F01633,I,Urea,139 kgs,₹ 37,₹ N/A,BRD-IND
T026801,07-12-2023,F01633,I,NPK 10:26:26,300 kg,₹ 52,"₹ 15,681",BRD-IND
T026802,17-12-2023,F01633,input,Seeds,218 kgs,₹ 107,"₹ 23,285",BRD-IND
T026803,27-03-2024,f01636,Delivery,Wheat,3099 kg,"₹ 2,570","₹ 79,644",BRD-IND
T026804,13-01-2024,F01636,Input Purchase,Fertilizer,169 kgs,₹ 58,"₹ 9,871",BRD-IND
T026805,16-03-2024,F01637,delivery,WHEAT,8205 kg,"₹ 2,695","₹ 2,21,125",BRD-IND
T026806,07-04-2024,F01637,FPO_DELIVERY,Wheat (Durum),34 kg,"₹ 2,695",₹ 916,BRD-IND
T026807,16-12-2023,f01637,I,Fertilizer,267 kg,₹ 60,"₹ 15,929",BRD-IND
T026808,27-12-2023,F01637,I,PP chemicals,144 kgs,₹ 620,"₹ 89,336",BRD-IND
T026809,02-12-2023,F01637,I,Urea,96 kgs,₹ 60,"₹ 5,722",BRD-IND
T026810,29-02-2024,F01637,loan,Loan Repayment,,,₹ 800,BRD-IND
T026811,01-12-2023,F01637,LOAN_REPAY,Loan Repayment,,,"₹ 7,500",BRD-IND
T026812,02-04-2024,F01637,loan,EMI,,,"₹ 3,200",BRD-IND
T026813,10-03-2024,F01638,FPO_DELIVERY,WHEAT,855 kg,"₹ 2,740","₹ 23,427",BRD-IND
T026814,11-12-2023,F01638,INPUT_PURCHASE,DAP,168 kg,₹ 51,"₹ 8,538",BRD-IND
T026815,13-12-2023,F01638,INPUT_PURCHASE,Urea,208 kgs,₹ 52,"₹ 10,787",BRD-IND
T026816,14-05-2024,F01640,FPO_DELIVERY,Wheat (Durum),397 kg,"₹ 2,875","₹ 11,414",BRD-IND
T026817,24-03-2024,f01640,D,Wheat,"5,854.00 kgs","₹ 2,875","₹ 1,68,302",BRD-IND
T026818,03-01-2024,F01640,I,PPC,179 kgs,₹ 348,"₹ 62,290",BRD-IND
T026819,05-01-2024, F01640 ,I,NPK 10:26:26,139 kg,₹ 39,"₹ 5,379",BRD-IND
T026820,05-12-2023,F01640,input,DAP,316 kg,₹ 45,"₹ 14,103",BRD-IND
T026821,08-01-2024,F01640,FERT_PURCHASE,FERTILIZER 50kg bag,167 kgs,₹ 51,"₹ 8,477",BRD-IND
T026822,16-03-2024,F01642,FPO_DELIVERY,Wheat (Durum),1880 kg,"₹ 2,690","₹ 50,572",BRD-IND
T026823,06-04-2024,F01642,FPO_DELIVERY,wheat,656 kg,"₹ 2,690","₹ 17,646",BRD-IND
T026824,04-12-2023,F01642,INPUT_PURCHASE,Fertilizer,89 kg,₹ 30,"₹ 2,658",BRD-IND
T026825,29-12-2023,F01642,Input Purchase,PPC,216 kg,₹ 637,"₹ 1,37,588",BRD-IND
T026826,09-04-2024,F01649,Delivery,WHEAT,"4,579.00 kgs","₹ 2,630","₹ 1,20,428",BRD-IND
T026827,04-03-2024,F01649,FPO_DELIVERY,wheat,884 kg,"₹ 2,630","₹ 23,249",BRD-IND
T026828,03-12-2023,F01649,INPUT_PURCHASE,NPK 10:26:26,262 kgs,₹ 39,"₹ 10,302",BRD-IND
T026829,25-12-2023,F01649,INPUT_PURCHASE,Seeds,107 kg,₹ 54,"₹ 5,826",BRD-IND
T026830,19-12-2023,f01649,FERT_PURCHASE,Bio-pesticide,171 kgs,₹ 120,"₹ 20,522",BRD-IND
T026831,01-12-2023, F01649 ,I,Hybrid Seeds,312 kg,₹ 110,"₹ 34,242",BRD-IND
T026832,30-04-2024, F01649 ,L,EMI,,,"₹ 2,500",BRD-IND
T026833,11-03-2024,F01650,FPO_DELIVERY,WHEAT,500 kg,"₹ 2,635","₹ 13,175",BRD-IND
T026834,15-04-2024,f01650,Delivery,Lokwan Wheat,1251 kg,"₹ 2,635","₹ 32,964",BRD-IND
T026835,21-12-2023,F01650,I,DAP,89 kgs,₹ 51,"₹ 4,555",BRD-IND
T026836,18-12-2023,F01650,loan,EMI,,,"₹ 3,200",BRD-IND
T026837,13-03-2024,F01653,Delivery,wheat,"1,000.00 kgs","₹ 2,500","₹ 25,000",BRD-IND
T026838,23-04-2024,F01653,Delivery,Wheat (Durum),485 kg,"₹ 2,500","₹ 12,125",BRD-IND
T026839,01-05-2024,F01654,FPO_DELIVERY,WHEAT,5.00 kgs,"₹ 2,720",₹ 136,BRD-IND
T026840,09-04-2024,F01654,delivery,Wheat,3710 kg,"₹ 2,720","₹ 1,00,912",BRD-IND
T026841,11-03-2024,F01654,D,Lokwan Wheat,"2,152.00 kgs","₹ 2,720","₹ 58,534",BRD-IND
T026842,09-12-2023,F01654,I,FERTILIZER 50kg bag,197 kgs,₹ 60,"₹ 11,812",BRD-IND
T026843,01-12-2023,F01654,input,Seeds,122 kgs,₹ 74,"₹ 9,079",BRD-IND
T026844,26-04-2024,F01658,Delivery,wheat,111.00 kgs,"₹ 2,760","₹ 3,064",BRD-IND
T026845,10-03-2024,F01658,DELIVERY,wheat,"8,877.00 kgs","₹ 2,760","₹ 2,45,005",BRD-IND
T026846,17-12-2023,F01658,FERT_PURCHASE,DAP,290 kgs,₹ 45,"₹ 12,931",BRD-IND
T026847,29-12-2023,F01658,Input Purchase,Urea,98 kg,₹ 35,"₹ 3,465",BRD-IND
T026848,13-05-2024,F01660,D,WHEAT,458 kg,"₹ 2,645","₹ 12,114",BRD-IND
T026849,17-04-2024,F01660,delivery,WHEAT,541 kg,"₹ 2,645","₹ 14,309",BRD-IND
T026850,18-04-2024,F01660,FPO_DELIVERY,WHEAT,1028 kg,"₹ 2,645","₹ 27,191",BRD-IND
T026851,12-04-2024,F01662,Delivery,Wheat (Durum),2181 kg,"₹ 2,670","₹ 58,233",BRD-IND
T026852,08-12-2023,F01662,INPUT_PURCHASE,SEEDS,160 kg,₹ 51,"₹ 8,091",BRD-IND
T026853,05-12-2023,F01662,Input Purchase,PPC,42 kgs,₹ 597,"₹ 25,075",BRD-IND
T026854,27-12-2023,F01662,INPUT_PURCHASE,DAP,159 kg,₹ 30,"₹ 4,807",BRD-IND
T026855,01-01-2024,F01662,FERT_PURCHASE,SEEDS,217 kgs,₹ 62,"₹ 13,387",BRD-IND
T026856,11-05-2024,F01666,delivery,Lokwan Wheat,2344 kg,"₹ 2,715","₹ 63,640",BRD-IND
T026857,16-12-2023,f01666,Input Purchase,Fertilizer,43 kg,₹ 44,"₹ 1,910",BRD-IND
T026858,02-12-2023,F01666,I,Fertilizer,52 kgs,₹ 30,"₹ 1,551",BRD-IND
T026859,20-12-2023,f01666,I,Fertilizer,114 kgs,₹ 48,"₹ 5,453",BRD-IND
T026860,16-04-2024,F01671,D,Lokwan Wheat,208.00 kgs,"₹ 2,765","₹ 5,751",BRD-IND
T026861,01-03-2024,F01671,FPO_DELIVERY,Lokwan Wheat,207.00 kgs,"₹ 2,765","₹ 5,724",BRD-IND
T026862,13-04-2024,F01675,FPO_DELIVERY,Wheat (Durum),549.00 kgs,"₹ 2,610","₹ 14,329",BRD-IND
T026863,18-04-2024,F01675,DELIVERY,WHEAT,262 kg,"₹ 2,610","₹ 6,838",BRD-IND
T026864,04-12-2023,F01675,FERT_PURCHASE,Urea,208 kg,₹ 48,"₹ 9,984",BRD-IND
T026865,14-01-2024,F01675,Input Purchase,Hybrid Seeds,299 kg,₹ 52,"₹ 15,566",BRD-IND
T026866,26-03-2024,F01687,Delivery,Wheat (Durum),"2,220.00 kgs","₹ 2,790","₹ 61,938",BRD-IND
T026867,12-03-2024,F01687,FPO_DELIVERY,Wheat (Durum),2435 kg,"₹ 2,790","₹ 67,936",BRD-IND
T026868,08-01-2024,F01687,I,DAP,155 kgs,₹ 52,"₹ 8,018",BRD-IND
T026869,10-12-2023,F01687,input,PPC,33 kg,₹ 144,"₹ 4,759",BRD-IND
T026870,29-03-2024,F01693,D,wheat,1609 kg,"₹ 2,625","₹ 42,236",BRD-IND
T026871,12-03-2024,F01694,D,Wheat,"3,366.00 kgs","₹ 2,730","₹ 91,892",BRD-IND
T026872,12-01-2024,F01694,input,SEEDS,162 kgs,₹ 106,"₹ 17,175",BRD-IND
T026873,05-01-2024,F01694,FERT_PURCHASE,FERTILIZER 50kg bag,125 kgs,₹ 30,"₹ 3,796",BRD-IND
T026874,03-12-2023,F01694,INPUT_PURCHASE,NPK 10:26:26,250 kgs,₹ 40,"₹ 10,072",BRD-IND
T026875,01-05-2024,F01696,delivery,Wheat (Durum),1286 kg,"₹ 2,700","₹ 34,722",BRD-IND
T026876,24-04-2024,f01696,Delivery,Wheat,"1,443.00 kgs","₹ 2,700","₹ 38,961",BRD-IND
T026877,09-12-2023,f01696,FERT_PURCHASE,Fertilizer,249 kg,₹ 29,"₹ 7,176",BRD-IND
T026878,13-01-2024,F01696,Input Purchase,FERTILIZER 50kg bag,278 kg,₹ 32,"₹ 8,868",BRD-IND
T026879,09-01-2024,F01696,INPUT_PURCHASE,Urea,284 kgs,₹ 41,"₹ 11,516",BRD-IND
T026880,29-02-2024,F01702,FPO_DELIVERY,Lokwan Wheat,5693 kg,"₹ 2,630","₹ 1,49,726",BRD-IND
T026881,08-12-2023,f01702,I,Hybrid Seeds,41 kgs,₹ 125,"₹ 5,125",BRD-IND
T026882,03-03-2024,F01703,delivery,WHEAT,605 kg,"₹ 2,725","₹ 16,486",BRD-IND
T026883,07-04-2024,F01703,DELIVERY,wheat,"2,094.00 kgs","₹ 2,725","₹ 57,062",BRD-IND
T026884,04-12-2023,F01703,I,Hybrid Seeds,148 kgs,₹ 85,"₹ 12,549",BRD-IND
T026885,29-02-2024,F01703,loan,EMI,,,"₹ 7,000",BRD-IND
T026886,28-01-2024,f01703,loan,Loan Repayment,,,"₹ 1,500",BRD-IND
T026887,10-02-2024,F01703,L,EMI,,,"₹ 3,200",BRD-IND
T026888,12-01-2024,F01703,L,Loan Repayment,,,"₹ 7,500",BRD-IND
T026889,29-03-2024,f01706,FPO_DELIVERY,Wheat (Durum),118 kg,"₹ 2,605","₹ 3,074",BRD-IND
T026890,08-04-2024,F01706,delivery,wheat,3370 kg,"₹ 2,605","₹ 87,789",BRD-IND
T026891,20-12-2023,F01706,FERT_PURCHASE,Hybrid Seeds,43 kg,₹ 46,"₹ 1,971",BRD-IND
T026892,25-12-2023,F01706,Input Purchase,Urea,40 kgs,₹ 55,"₹ 2,184",BRD-IND
T026893,28-04-2024,F01707,Delivery,Wheat,567.00 kgs,"₹ 2,605","₹ 14,770",BRD-IND
T026894,24-03-2024,F01707,FPO_DELIVERY,WHEAT,566.00 kgs,"₹ 2,605","₹ 14,744",BRD-IND
T026895,29-03-2024,F01707,Delivery,Lokwan Wheat,237 kg,"₹ 2,605","₹ 6,174",BRD-IND
T026896,02-03-2024,F01707,L,EMI,,,"₹ 7,900",BRD-IND
T026897,13-05-2024,F01709,Delivery,WHEAT,"4,143.00 kgs","₹ 2,745","₹ 1,13,725",BRD-IND
T026898,16-03-2024,F01709,FPO_DELIVERY,Lokwan Wheat,"3,865.00 kgs","₹ 2,745","₹ 1,06,094",BRD-IND
T026899,14-01-2024,F01709,Input Purchase,Seeds,86 kg,₹ 79,"₹ 6,816",BRD-IND
T026900,08-01-2024,F01709,input,Urea,,₹ 41,"₹ 5,840",BRD-IND
T026901,09-03-2024, F01709 ,L,EMI,,,"₹ 5,600",BRD-IND
T026902,26-03-2024,F01709,loan,Loan Repayment,,,"₹ 7,200",BRD-IND
T026903,19-04-2024,f01714,DELIVERY,Lokwan Wheat,"4,001.00 kgs","₹ 2,720","₹ 1,08,827",BRD-IND
T026904,25-12-2023,F01714,FERT_PURCHASE,Urea,102 kgs,₹ 37,"₹ 3,768",BRD-IND
T026905,03-01-2024,f01714,INPUT_PURCHASE,Seeds,256 kg,₹ 98,"₹ 24,983",BRD-IND
T026906,29-03-2024,F01718,delivery,WHEAT,3523 kg,"₹ 2,910","₹ 1,02,519",BRD-IND
T026907,29-05-2024,F01718,LOAN_REPAY,EMI,,,"₹ 6,300",BRD-IND
T026908,19-03-2024,F01719,FPO_DELIVERY,WHEAT,1021 kg,"₹ 2,810","₹ 28,690",BRD-IND
T026909,04-03-2024,F01719,delivery,wheat,437 kg,"₹ 2,810","₹ 12,280",BRD-IND
T026910,13-12-2023,F01719,INPUT_PURCHASE,DAP,256 kgs,₹ 56,"₹ 14,216",BRD-IND
T026911,02-12-2023,F01719,Input Purchase,Seeds,151 kg,₹ 124,"₹ 18,796",BRD-IND
T026912,05-12-2023,f01719,INPUT_PURCHASE,NPK 10:26:26,68 kg,₹ 35,"₹ 2,402",BRD-IND
T026913,19-03-2024,F01722,Delivery,Lokwan Wheat,"3,845.00 kgs","₹ 2,620","₹ 1,00,739",BRD-IND
T026914,14-04-2024,F01722,Delivery,Wheat (Durum),45.00 kgs,"₹ 2,620","₹ 1,179",BRD-IND
T026915,30-03-2024,F01722,DELIVERY,Wheat (Durum),510.00 kgs,"₹ 2,620","₹ 13,362",BRD-IND
T026916,27-12-2023,F01722,input,PPC,71 kgs,₹ 359,"₹ 25,485",BRD-IND
T026917,29-03-2024,F01724,delivery,Lokwan Wheat,"9,897.00 kgs","₹ 2,710","₹ 2,68,209",BRD-IND
T026918,22-04-2024,F01724,delivery,Wheat,7611 kg,"₹ 2,710","₹ 2,06,258",BRD-IND
T026919,29-04-2024,F01724,DELIVERY,wheat,1058 kg,"₹ 2,710","₹ 28,672",BRD-IND
T026920,21-04-2024, F01725 ,Delivery,Lokwan Wheat,329.00 kgs,"₹ 2,720","₹ 8,949",BRD-IND
T026921,16-04-2024,F01725,D,Wheat (Durum),115.00 kgs,"₹ 2,720","₹ 3,128",BRD-IND
T026922,19-03-2024, F01725 ,DELIVERY,Wheat (Durum),749 kg,"₹ 2,720","₹ 20,373",BRD-IND
T026923,18-12-2023,F01725,I,FERTILIZER 50kg bag,50 kgs,₹ 50,"₹ 2,478",BRD-IND
T026924,13-05-2024,F01730,FPO_DELIVERY,Wheat,"3,562.00 kgs","₹ 2,640","₹ 94,037",BRD-IND
T026925,08-12-2023,F01730,input,SEEDS,245 kgs,₹ 76,"₹ 18,671",BRD-IND
T026926,11-04-2024,F01732,Delivery,WHEAT,85 kg,"₹ 2,775","₹ 2,359",BRD-IND
T026927,11-03-2024,F01732,FPO_DELIVERY,wheat,1467 kg,"₹ 2,775","₹ 40,709",BRD-IND
T026928,26-04-2024,F01732,Delivery,wheat,3442 kg,"₹ 2,775","₹ 95,516",BRD-IND
T026929,18-12-2023,F01732,FERT_PURCHASE,SEEDS,269 kg,₹ 123,"₹ 33,211",BRD-IND
T026930,06-03-2024,F01740,DELIVERY,WHEAT,2930 kg,"₹ 2,845","₹ 83,358",BRD-IND
T026931,29-04-2024,f01741,delivery,WHEAT,1725 kg,"₹ 2,590","₹ 44,678",BRD-IND
T026932,14-05-2024,F01741,Delivery,WHEAT,526.00 kgs,"₹ 2,590","₹ 13,623",BRD-IND
T026933,09-12-2023,F01741,I,FERTILIZER 50kg bag,161 kg,₹ 42,"₹ 6,814",BRD-IND
T026934,12-01-2024,F01741,INPUT_PURCHASE,Fertilizer,314 kg,₹ 56,"₹ 17,440",BRD-IND
T026935,03-01-2024,F01741,FERT_PURCHASE,NPK 10:26:26,171 kgs,₹ 54,"₹ 9,284",BRD-IND
T026936,20-03-2024, F01747 ,DELIVERY,WHEAT,721.00 kgs,"₹ 2,755","₹ 19,864",BRD-IND
T026937,03-03-2024,,D,Wheat (Durum),"1,584.00 kgs","₹ 2,755","₹ 43,639",BRD-IND
T026938,15-04-2024,F01747,delivery,WHEAT,2472 kg,"₹ 2,755","₹ 68,104",BRD-IND
T026939,17-03-2024,F01750,D,Lokwan Wheat,"4,013.00 kgs","₹ 2,715","₹ 1,08,953",BRD-IND
T026940,05-03-2024,F01753,FPO_DELIVERY,WHEAT,1705 kg,"₹ 2,795","₹ 47,655",BRD-IND
T026941,10-03-2024,F01753,delivery,Lokwan Wheat,3245 kg,"₹ 2,795","₹ 90,698",BRD-IND
T026942,31-05-2024,F01753,loan,EMI,,,"₹ 6,700",BRD-IND
T027554,09-03-2024,F02226,FPO_DELIVERY,wheat,16 kg,"₹ 2,860",₹ 458,BRD-IND
T027555,16-03-2024,F02226,Delivery,Wheat (Durum),951.00 kgs,"₹ 2,860","₹ 27,199",BRD-IND
T027556,25-04-2024,F02226,Delivery,WHEAT,943 kg,"₹ 2,860","₹ 26,970",BRD-IND
T027557,12-01-2024,F02226,I,Hybrid Seeds,147 kgs,₹ 64,"₹ 9,336",BRD-IND
T027600,27-03-2024,F02262,delivery,Lokwan Wheat,1395 kg,"₹ 2,635","₹ 36,758",BRD-IND
T027601,25-04-2024,F02262,D,WHEAT,2545 kg,"₹ 2,635","₹ 67,061",BRD-IND
T027602,03-12-2023,F02262,input,SEEDS,282 kgs,₹ 83,"₹ 23,271",BRD-IND
T027603,23-12-2023,F02262,input,Urea,216 kg,₹ 54,"₹ 11,759",BRD-IND
T027608,23-03-2024,f02266,DELIVERY,Wheat,103 kg,"₹ 2,785","₹ 2,869",BRD-IND
T027609,11-03-2024,F02266,DELIVERY,Wheat (Durum),"6,265.00 kgs","₹ 2,785","₹ 1,74,480",BRD-IND
T027610,05-12-2023,F02266,INPUT_PURCHASE,FERTILIZER 50kg bag,228 kg,₹ 52,"₹ 11,785",BRD-IND
T027639,07-03-2024,F02280,FPO_DELIVERY,WHEAT,809 kg,"₹ 2,530","₹ 20,468",BRD-IND
T027640,17-04-2024,F02280,FPO_DELIVERY,Lokwan Wheat,"1,925.00 kgs","₹ 2,530","₹ 48,702",BRD-IND
T027641,15-12-2023,F02280,FERT_PURCHASE,FERTILIZER 50kg bag,271 kg,₹ 47,"₹ 12,683",BRD-IND
T027651,29-04-2024,f02285,FPO_DELIVERY,WHEAT,411 kg,"₹ 2,750","₹ 11,302",BRD-IND
T027652,05-03-2024,F02285,DELIVERY,Wheat,1772 kg,"₹ 2,750","₹ 48,730",BRD-IND
T027653,21-04-2024,F02285,DELIVERY,Lokwan Wheat,367.00 kgs,"₹ 2,750","₹ 10,092",BRD-IND
T027654,10-02-2024,F02285,L,Loan Repayment,,,"₹ 6,300",BRD-IND
T027655,06-02-2024,F02285,LOAN_REPAY,Loan Repayment,,,"₹ 7,000",BRD-IND
T027656,10-05-2024, F02285 ,LOAN_REPAY,Loan Repayment,,,"₹ 1,700",BRD-IND
T027657,27-03-2024,f02289,DELIVERY,Wheat (Durum),1549 kg,"₹ 2,685","₹ 41,591",BRD-IND
T027658,05-12-2023,F02289,INPUT_PURCHASE,Hybrid Seeds,95 kgs,₹ 70,"₹ 6,624",BRD-IND
T027659,08-01-2024,F02289,input,Hybrid Seeds,289 kg,₹ 48,"₹ 13,768",BRD-IND
T027660,08-04-2024,F02292,delivery,Wheat (Durum),7807 kg,"₹ 2,825","₹ 2,20,548",BRD-IND
T027661,29-12-2023,f02292,I,DAP,157 kgs,₹ 53,"₹ 8,327",BRD-IND
T027662,06-01-2024,F02292,input,Urea,43 kgs,₹ 34,"₹ 1,454",BRD-IND
T027712,11-05-2024,F02323,DELIVERY,Wheat (Durum),"1,145.00 kgs","₹ 2,695","₹ 30,858",BRD-IND
T027713,20-01-2024,F02323,L,EMI,,,"₹ 3,000",BRD-IND
T027780,19-04-2024,F02374,D,Wheat (Durum),2435 kg,"₹ 2,800","₹ 68,180",BRD-IND
T027793,02-05-2024,f02391,FPO_DELIVERY,Wheat,"6,715.00 kgs","₹ 2,735","₹ 1,83,655",BRD-IND
T027794,06-12-2023,F02391,input,Bio-pesticide,297 kgs,₹ 619,"₹ 1,83,864",BRD-IND
T027795,02-01-2024,F02391,INPUT_PURCHASE,PPC,40 kgs,₹ 173,"₹ 6,912",BRD-IND
T027796,02-12-2023,F02391,input,DAP,213 kgs,₹ 42,"₹ 9,018",BRD-IND
T027863,13-03-2024,F02444,D,Wheat (Durum),"1,465.00 kgs","₹ 2,820","₹ 41,313",BRD-IND
T027864,24-04-2024,F02444,DELIVERY,Wheat,678 kg,"₹ 2,820","₹ 19,120",BRD-IND
T027865,10-12-2023,F02444,I,NPK 10:26:26,122 kg,₹ 59,"₹ 7,249",BRD-IND
T027903,10-04-2024,F02469,delivery,wheat,1163 kg,"₹ 2,820","₹ 32,797",BRD-IND
T027904,09-05-2024,F02469,delivery,Wheat,737 kg,"₹ 2,820","₹ 20,783",BRD-IND
T027905,14-12-2023,F02469,Input Purchase,Fertilizer,226 kgs,₹ 34,"₹ 7,648",BRD-IND
T027906,11-01-2024,F02469,I,PPC,34 kgs,₹ 358,"₹ 12,186",BRD-IND
T027907,15-12-2023,F02469,INPUT_PURCHASE,Seeds,41 kg,₹ 62,"₹ 2,533",BRD-IND
T027958,11-03-2024,F02487,delivery,Lokwan Wheat,2555 kg,"₹ 2,510","₹ 64,130",BRD-IND
T027959,01-05-2024,F02487,FPO_DELIVERY,Wheat (Durum),348.00 kgs,"₹ 2,510","₹ 8,735",BRD-IND
T027960,01-12-2023,f02487,input,Fertilizer,273 kgs,₹ 38,"₹ 10,287",BRD-IND
T027961,14-05-2024,F02487,LOAN_REPAY,Loan Repayment,,,"₹ 6,700",BRD-IND
T027972,29-04-2024,f02492,Delivery,Lokwan Wheat,"4,045.00 kgs","₹ 2,845","₹ 1,15,080",BRD-IND
T027973,27-12-2023,F02492,Input Purchase,Seeds,174 kg,₹ 57,"₹ 9,864",BRD-IND
T027980,22-04-2024,F02498,DELIVERY,Wheat,"2,152.00 kgs","₹ 2,665","₹ 57,351",BRD-IND
T027981,21-04-2024,F02498,FPO_DELIVERY,Wheat (Durum),148 kg,"₹ 2,665","₹ 3,944",BRD-IND
T027982,15-01-2024,F02498,INPUT_PURCHASE,PPC,42 kg,₹ 391,"₹ 16,425",BRD-IND
T027988,30-03-2024,F02502,D,WHEAT,1887 kg,"₹ 2,645","₹ 49,911",BRD-IND
T027989,29-12-2023,F02502,INPUT_PURCHASE,Fertilizer,252 kg,₹ 43,"₹ 10,813",BRD-IND
T027990,18-12-2023,F02502,FERT_PURCHASE,Fertilizer,228 kgs,₹ 44,"₹ 9,993",BRD-IND
T027991,21-12-2023,F02502,input,Urea,81 kg,₹ 42,"₹ 3,416",BRD-IND
T027992,09-12-2023,F02502,Input Purchase,SEEDS,195 kgs,₹ 97,"₹ 18,925",BRD-IND
T027993,25-12-2023,F02502,I,FERTILIZER 50kg bag,245 kgs,₹ 31,"₹ 7,509",BRD-IND
T028004,14-03-2024,F02507,DELIVERY,Wheat,"4,783.00 kgs","₹ 2,645","₹ 1,26,510",BRD-IND
T028005,12-03-2024,F02507,D,wheat,429 kg,"₹ 2,645","₹ 11,347",BRD-IND
T028006,08-12-2023,F02507,FERT_PURCHASE,Fertilizer,246 kgs,₹ 34,"₹ 8,248",BRD-IND
T028007,05-01-2024,F02507,FERT_PURCHASE,Bio-pesticide,223 kgs,₹ 370,"₹ 82,512",BRD-IND
T028051,08-05-2024,F02527,delivery,Wheat (Durum),"1,298.00 kgs","₹ 2,545","₹ 33,034",BRD-IND
T028052,05-03-2024,f02527,FPO_DELIVERY,Wheat (Durum),1313 kg,"₹ 2,545","₹ 33,416",BRD-IND
T028053,20-04-2024,F02529,Delivery,Wheat (Durum),839.00 kgs,"₹ 2,710","₹ 22,737",BRD-IND
T028054,03-03-2024,F02529,DELIVERY,Lokwan Wheat,442.00 kgs,"₹ 2,710","₹ 11,978",BRD-IND
T028055,01-01-2024,F02529,Input Purchase,DAP,143 kgs,₹ 29,"₹ 4,163",BRD-IND
T028056,10-03-2024,F02529,LOAN_REPAY,Loan Repayment,,,"₹ 3,100",BRD-IND
T028057,27-03-2024,F02529,LOAN_REPAY,Loan Repayment,,,"₹ 7,300",BRD-IND
T028084,20-04-2024,F02543,Delivery,wheat,"2,931.00 kgs","₹ 2,685","₹ 78,697",BRD-IND
T028085,26-04-2024,F02543,DELIVERY,Wheat,154.00 kgs,"₹ 2,685","₹ 4,135",BRD-IND
T028086,08-12-2023,F02543,input,SEEDS,132 kg,₹ 99,"₹ 13,118",BRD-IND
T028090,21-04-2024,F02550,D,Wheat (Durum),"4,296.00 kgs","₹ 2,775","₹ 1,19,214",BRD-IND
T028091,22-12-2023,F02550,I,PPC,286 kg,₹ 150,"₹ 43,020",BRD-IND
T028092,18-12-2023,F02550,FERT_PURCHASE,Seeds,267 kg,₹ 77,"₹ 20,570",BRD-IND
T028093,03-12-2023,F02550,input,Hybrid Seeds,95 kg,₹ 58,"₹ 5,513",BRD-IND
T028126,12-03-2024,f02565,FPO_DELIVERY,Wheat (Durum),513.00 kgs,"₹ 2,810","₹ 14,415",BRD-IND
T028127,30-04-2024,F02565,DELIVERY,Wheat (Durum),166 kg,"₹ 2,810","₹ 4,665",BRD-IND
T028128,02-03-2024,F02565,delivery,WHEAT,479.00 kgs,"₹ 2,810","₹ 13,460",BRD-IND
T028150,24-04-2024,F02576,delivery,Wheat,"2,557.00 kgs","₹ 2,705","₹ 69,167",BRD-IND
T028151,28-04-2024,F02577,D,wheat,216 kg,"₹ 2,970","₹ 6,415",BRD-IND
T028152,11-03-2024,F02577,DELIVERY,Wheat (Durum),"2,453.00 kgs","₹ 2,970","₹ 72,854",BRD-IND
T028153,11-12-2023,F02577,Input Purchase,SEEDS,156 kgs,₹ 90,"₹ 14,071",BRD-IND
T028160,03-05-2024,F02579,D,Wheat (Durum),4087 kg,"₹ 2,805","₹ 1,14,640",BRD-IND
T028161,13-04-2024,F02579,delivery,Lokwan Wheat,48 kg,"₹ 2,805","₹ 1,346",BRD-IND
T028162,16-12-2023,F02579,FERT_PURCHASE,NPK 10:26:26,199 kg,₹ 41,"₹ 8,129",BRD-IND
T028163,04-12-2023,F02579,I,Hybrid Seeds,90 kg,₹ 113,"₹ 10,210",BRD-IND
T028164,21-12-2023,f02579,INPUT_PURCHASE,Urea,137 kgs,₹ 44,"₹ 5,960",BRD-IND
T028179,01-05-2024,F02583,delivery,Wheat,"3,570.00 kgs","₹ 2,890","₹ 1,03,173",BRD-IND
T028180,17-03-2024,F02583,delivery,WHEAT,1034 kg,"₹ 2,890","₹ 29,883",BRD-IND
T028181,01-01-2024,F02583,Input Purchase,Urea,33 kg,₹ 54,"₹ 1,780",BRD-IND
T028182,24-12-2023,F02583,Input Purchase,DAP,316 kgs,₹ 58,"₹ 18,265",BRD-IND
T028183,20-12-2023,F02583,I,Bio-pesticide,241 kgs,₹ 249,"₹ 60,086",BRD-IND
T028184,23-12-2023,F02583,input,NPK 10:26:26,43 kgs,₹ 32,"₹ 1,365",BRD-IND
T028185,30-03-2024,F02584,Delivery,Wheat (Durum),"1,448.00 kgs","₹ 2,725","₹ 39,458",BRD-IND
T028186,02-04-2024,F02584,FPO_DELIVERY,WHEAT,171 kg,"₹ 2,725","₹ 4,660",BRD-IND
T028187,02-05-2024,f02584,Delivery,Wheat,"1,756.00 kgs","₹ 2,725","₹ 47,851",BRD-IND
T028188,04-01-2024,F02584,Input Purchase,Fertilizer,99 kg,₹ 46,"₹ 4,581",BRD-IND
T028210,21-04-2024,F02591,FPO_DELIVERY,Wheat,723 kg,"₹ 2,750","₹ 19,882",BRD-IND
T028211,23-04-2024,f02591,DELIVERY,Wheat (Durum),48 kg,"₹ 2,750","₹ 1,320",BRD-IND
T028212,05-01-2024,f02591,FERT_PURCHASE,Seeds,211 kg,₹ 80,"₹ 16,865",BRD-IND
T028213,21-04-2024,F02592,FPO_DELIVERY,Wheat (Durum),"1,737.00 kgs","₹ 2,760","₹ 47,941",BRD-IND
T028214,10-03-2024,F02592,FPO_DELIVERY,Wheat (Durum),"1,250.00 kgs","₹ 2,760","₹ 34,500",BRD-IND
T028215,15-01-2024,F02592,FERT_PURCHASE,Hybrid Seeds,240 kg,₹ 63,"₹ 15,175",BRD-IND
T028216,02-12-2023,F02592,I,DAP,49 kgs,₹ 60,"₹ 2,924",BRD-IND
T028226,29-02-2024,F02596,FPO_DELIVERY,Wheat (Durum),"2,709.00 kgs","₹ 2,660","₹ 72,059",BRD-IND
T028227,06-03-2024,F02596,Delivery,Wheat,288 kg,"₹ 2,660","₹ 7,661",BRD-IND
T028228,14-01-2024,F02596,input,Seeds,269 kgs,₹ 70,"₹ 18,919",BRD-IND
T028229,26-03-2024,F02597,FPO_DELIVERY,wheat,"1,084.00 kgs","₹ 2,965","₹ 32,141",BRD-IND
T028230,32/01/2022,F02597,input,Hybrid Seeds,281 kg,₹ 53,"₹ 14,932",BRD-IND
T028236,05-05-2024,F02599,DELIVERY,Wheat (Durum),"7,979.00 kgs","₹ 2,790","₹ 2,22,614",BRD-IND
T028903,21-10-2024,F01633,FPO_DELIVERY,soya,113.00 kgs,"₹ 5,975","₹ 6,752",BRD-IND
T028904,20-10-2024,F01633,DELIVERY,soya,"1,549.00 kgs","₹ 5,975","₹ 92,553",BRD-IND
T028905,06-06-2024,,input,Urea,169 kg,₹ 52,"₹ 8,758",BRD-IND
T028906,14-11-2024,F01636,D,SOYABEAN,"1,627.00 kgs","₹ 5,900","₹ 95,993",BRD-IND
T028907,02-07-2024, F01636 ,INPUT_PURCHASE,PPC,237 kgs,₹ 372,"₹ 88,207",BRD-IND
T028908,04-06-2024,F01636,Input Purchase,DAP,319 kgs,₹ 46,"₹ 14,655",BRD-IND
T028909,11-11-2024,F01637,DELIVERY,Soybean,"4,077.00 kgs","₹ 6,310","₹ 2,57,259",BRD-IND
T028910,19-11-2024,F01637,FPO_DELIVERY,soya,550.00 kgs,"₹ 6,310","₹ 34,705",BRD-IND
T028911,25-06-2024,F01637,input,Bio-pesticide,270 kg,₹ 377,"₹ 1,01,795",BRD-IND
T028912,11-06-2024,F01637,INPUT_PURCHASE,Fertilizer,192 kg,₹ 32,"₹ 6,177",BRD-IND
T028913,12-11-2024,F01638,Delivery,soya,161 kg,"₹ 6,185","₹ 9,958",BRD-IND
T028914,09-11-2024,F01638,DELIVERY,Soybean (Yellow),430 kg,"₹ 6,185","₹ 26,596",BRD-IND
T028915,01-06-2024,f01638,Input Purchase,Fertilizer,208 kgs,₹ 58,"₹ 11,960",BRD-IND
T028916,03-06-2024,F01638,FERT_PURCHASE,DAP,78 kg,₹ 30,"₹ 2,358",BRD-IND
T028917,19-10-2024,F01640,DELIVERY,Soybean (Yellow),967 kg,"₹ 6,260","₹ 60,534",BRD-IND
T028918,24-06-2024,F01640,I,Hybrid Seeds,306 kg,₹ 45,"₹ 13,798",BRD-IND
T028919,06-07-2024,f01640,I,Fertilizer,59 kg,₹ 28,"₹ 1,669",BRD-IND
T028920,15-06-2024,F01640,input,Hybrid Seeds,197 kg,₹ 94,"₹ 18,565",BRD-IND
T028921,14-11-2024,f01642,DELIVERY,soya,24 kg,"₹ 6,290","₹ 1,510",BRD-IND
T028922,06-10-2024,F01642,delivery,soya,989.00 kgs,"₹ 6,290","₹ 62,208",BRD-IND
T028923,15-07-2024,F01642,Input Purchase,Seeds,217 kg,₹ 79,"₹ 17,084",BRD-IND
T028924,03-07-2024,F01642,input,DAP,124 kgs,₹ 60,"₹ 7,416",BRD-IND
T028925,14-11-2024,f01649,Delivery,Soybean,"2,312.00 kgs","₹ 6,225","₹ 1,43,922",BRD-IND
T028926,01-11-2024,F01649,FPO_DELIVERY,soya,121.00 kgs,"₹ 6,225","₹ 7,532",BRD-IND
T028927,03-07-2024,F01649,I,PP chemicals,188 kgs,₹ 413,"₹ 77,591",BRD-IND
T028928,23-07-2024,F01649,loan,Loan Repayment,,,"₹ 3,300",BRD-IND
T028929,05-10-2024,F01650,FPO_DELIVERY,soya,733.00 kgs,"₹ 5,885","₹ 43,137",BRD-IND
T028930,15-11-2024,F01650,Delivery,soya,223.00 kgs,"₹ 5,885","₹ 13,124",BRD-IND
T028931,11-06-2024,F01650,FERT_PURCHASE,Bio-pesticide,63 kg,₹ 638,"₹ 40,224",BRD-IND
T028932,22-10-2024,F01650,LOAN_REPAY,EMI,,,"₹ 4,400",BRD-IND
T028933,10-09-2024,f01650,L,EMI,,,"₹ 2,000",BRD-IND
T028934,27-11-2024,F01653,Delivery,Soybean (Yellow),681 kg,"₹ 5,920","₹ 40,315",BRD-IND
T028935,09-06-2024, F01653 ,INPUT_PURCHASE,Fertilizer,302 kg,₹ 38,"₹ 11,346",BRD-IND
T028936,19-06-2024,F01653,FERT_PURCHASE,FERTILIZER 50kg bag,164 kg,₹ 33,"₹ 5,466",BRD-IND
T028937,02-07-2024,F01653,Input Purchase,Seeds,280 kgs,₹ 71,"₹ 19,754",BRD-IND
T028938,12-07-2024,F01653,I,FERTILIZER 50kg bag,143 kg,₹ 38,"₹ 5,471",BRD-IND
T028939,10-11-2024,F01658,delivery,Soybean (Yellow),3632 kg,"₹ 5,695","₹ 2,06,842",BRD-IND
T028940,19-06-2024,F01658,I,PP chemicals,283 kg,₹ 153,"₹ 43,217",BRD-IND
T028941,14-06-2024,f01658,input,Fertilizer,140 kgs,₹ 47,"₹ 6,544",BRD-IND
T028942,22-11-2024,F01660,DELIVERY,SOYABEAN,113 kg,"₹ 6,305","₹ 7,125",BRD-IND
T028943,26-11-2024,F01660,D,SOYABEAN,779 kg,"₹ 6,305","₹ 49,116",BRD-IND
T028944,05-07-2024,f01660,Input Purchase,Seeds,34 kgs,₹ 117,"₹ 3,988",BRD-IND
T028945,16-06-2024,F01660,FERT_PURCHASE,Seeds,167 kg,₹ 55,"₹ 9,165",BRD-IND
T028946,13-11-2024,F01662,delivery,Soybean (Yellow),787 kg,"₹ 6,295","₹ 49,542",BRD-IND
T028947,02-10-2024,F01666,FPO_DELIVERY,Soybean (Yellow),189.00 kgs,"₹ 6,325","₹ 11,954",BRD-IND
T028948,04-10-2024,F01666,Delivery,soya,872.00 kgs,"₹ 6,325","₹ 55,154",BRD-IND
T028949,27-06-2024,F01666,INPUT_PURCHASE,NPK 10:26:26,176 kg,₹ 54,"₹ 9,485",BRD-IND
T028950,03-07-2024,F01666,FERT_PURCHASE,Hybrid Seeds,281 kgs,₹ 115,"₹ 32,219",BRD-IND
T028951,04-11-2024,F01671,FPO_DELIVERY,SOYABEAN,26.00 kgs,"₹ 6,545","₹ 1,702",BRD-IND
T028952,27-10-2024,F01671,D,soya,353.00 kgs,"₹ 6,545","₹ 23,104",BRD-IND
T028953,08-06-2024,F01671,FERT_PURCHASE,FERTILIZER 50kg bag,309 kgs,₹ 35,"₹ 10,707",BRD-IND
T028954,29-06-2024,F01671,FERT_PURCHASE,Fertilizer,44 kg,₹ 30,"₹ 1,324",BRD-IND
T028955,04-11-2024,F01687,D,Soybean,974.00 kgs,"₹ 6,810","₹ 66,329",BRD-IND
T028956,27-10-2024,F01687,delivery,Soybean (Yellow),1017 kg,"₹ 6,810","₹ 69,258",BRD-IND
T028957,24-06-2024,F01687,input,Fertilizer,67 kg,₹ 34,"₹ 2,275",BRD-IND
T028958,26-06-2024,F01687,I,DAP,233 kg,₹ 45,"₹ 10,541",BRD-IND
T028959,31-10-2024,F01693,Delivery,Soybean,668 kg,"₹ 6,245","₹ 41,717",BRD-IND
T028960,14-06-2024, F01693 ,Input Purchase,Hybrid Seeds,103 kgs,₹ 74,"₹ 7,618",BRD-IND
T028961,04-10-2024,F01694,DELIVERY,Soybean,1694 kg,"₹ 5,830","₹ 98,760",BRD-IND
T028962,06-06-2024,F01694,INPUT_PURCHASE,FERTILIZER 50kg bag,240 kg,₹ 45,"₹ 10,781",BRD-IND
T028963,05-07-2024,F01694,INPUT_PURCHASE,DAP,45 kg,₹ 39,"₹ 1,735",BRD-IND
T028964,05-10-2024,F01696,FPO_DELIVERY,Soybean,"1,530.00 kgs","₹ 5,735","₹ 87,746",BRD-IND
T028965,27-06-2024,F01696,Input Purchase,Seeds,106 kg,₹ 118,"₹ 12,524",BRD-IND
T028966,18-06-2024,F01696,input,Hybrid Seeds,29 kg,₹ 77,"₹ 2,227",BRD-IND
T028967,08-11-2024,F01702,Delivery,Soybean,3057 kg,"₹ 5,605","₹ 1,71,345",BRD-IND
T028968,11-06-2024,F01702,INPUT_PURCHASE,Urea,262 kg,₹ 58,"₹ 15,196",BRD-IND
T028969,08-07-2024,F01702,INPUT_PURCHASE,Fertilizer,276 kg,₹ 58,"₹ 15,961",BRD-IND
T028970,14-10-2024,F01703,Delivery,SOYABEAN,143.00 kgs,"₹ 6,180","₹ 8,837",BRD-IND
T028971,06-10-2024,F01703,Delivery,Soybean (Yellow),876 kg,"₹ 6,180","₹ 54,137",BRD-IND
T028972,20-06-2024,F01703,loan,Loan Repayment,,,"₹ 4,400",BRD-IND
T028973,08-11-2024,F01703,LOAN_REPAY,Loan Repayment,,,"₹ 1,500",BRD-IND
T028974,26-11-2024,f01706,D,Soybean,"2,464.00 kgs","₹ 5,660","₹ 1,39,462",BRD-IND
T028975,05-07-2024,F01706,input,Urea,169 kg,₹ 36,"₹ 6,060",BRD-IND
T028976,24-10-2024,f01707,D,Soybean,691.00 kgs,"₹ 6,070","₹ 41,944",BRD-IND
T028977,30-06-2024,F01707,Input Purchase,Seeds,103 kg,₹ 65,"₹ 6,651",BRD-IND
T028978,03-06-2024,f01707,I,Seeds,35 kgs,₹ 78,"₹ 2,725",BRD-IND
T028979,03-08-2024,F01707,loan,Loan Repayment,,,"₹ 5,200",BRD-IND
T028980,10-06-2024,F01707,L,EMI,,,"₹ 7,800",BRD-IND
T028981,09-10-2024,F01709,DELIVERY,Soybean,"3,984.00 kgs","₹ 6,200","₹ 2,47,008",BRD-IND
T028982,04-11-2024,F01714,Delivery,Soybean (Yellow),1933 kg,"₹ 5,685","₹ 1,09,891",BRD-IND
T028983,25-06-2024,F01714,INPUT_PURCHASE,Seeds,159 kgs,₹ 108,"₹ 17,244",BRD-IND
T028984,07-11-2024,F01718,delivery,SOYABEAN,"1,795.00 kgs","₹ 5,975","₹ 1,07,251",BRD-IND
T028985,03-06-2024,F01718,INPUT_PURCHASE,Fertilizer,160 kg,₹ 37,"₹ 5,862",BRD-IND
T028986,30-07-2024,F01718,LOAN_REPAY,Loan Repayment,,,"₹ 7,900",BRD-IND
T028987,15-10-2024,F01719,delivery,soya,696.00 kgs,"₹ 6,470","₹ 45,031",BRD-IND
T028988,08-07-2024, F01719 ,Input Purchase,Seeds,206 kgs,₹ 85,"₹ 17,601",BRD-IND
T028989,19-10-2024,F01722,FPO_DELIVERY,Soybean,803.00 kgs,"₹ 5,930","₹ 47,618",BRD-IND
T028990,02-10-2024,f01722,delivery,Soybean,935.00 kgs,"₹ 5,930","₹ 55,446",BRD-IND
T028991,07-06-2024,F01722,input,NPK 10:26:26,292 kg,₹ 43,"₹ 12,489",BRD-IND
T028992,10-06-2024,F01722,FERT_PURCHASE,PPC,290 kgs,₹ 310,"₹ 89,888",BRD-IND
T028993,15-07-2024,F01722,I,Fertilizer,272 kgs,₹ 60,"₹ 16,293",BRD-IND
T028994,25-06-2024,F01722,Input Purchase,SEEDS,187 kg,₹ 119,"₹ 22,176",BRD-IND
T028995,06-11-2024,F01724,Delivery,soya,7567 kg,"₹ 5,910","₹ 4,47,210",BRD-IND
T028996,15-10-2024,F01725,D,SOYABEAN,173.00 kgs,"₹ 6,170","₹ 10,674",BRD-IND
T028997,13-11-2024,F01725,Delivery,Soybean,218 kg,"₹ 6,170","₹ 13,451",BRD-IND
T028998,01-10-2024,F01730,delivery,Soybean,"1,905.00 kgs","₹ 6,240","₹ 1,18,872",BRD-IND
T028999,24-06-2024,F01730,FERT_PURCHASE,PP chemicals,172 kg,₹ 665,"₹ 1,14,387",BRD-IND
T029000,02-10-2024,F01732,FPO_DELIVERY,SOYABEAN,867 kg,"₹ 5,940","₹ 51,500",BRD-IND
T029001,11-10-2024,F01732,FPO_DELIVERY,soya,480.00 kgs,"₹ 5,940","₹ 28,512",BRD-IND
T029002,16-11-2024,F01732,D,SOYABEAN,610 kg,"₹ 5,940","₹ 36,234",BRD-IND
T029003,10-06-2024,F01732,FERT_PURCHASE,DAP,35 kgs,₹ 39,"₹ 1,357",BRD-IND
T029004,05-06-2024,F01732,FERT_PURCHASE,SEEDS,66 kg,₹ 128,"₹ 8,466",BRD-IND
T029005,23-11-2024,F01740,D,SOYABEAN,"1,568.00 kgs","₹ 6,040","₹ 94,707",BRD-IND
T029006,12-06-2024,F01740,INPUT_PURCHASE,Fertilizer,38 kg,₹ 43,"₹ 1,637",BRD-IND
T029007,26-06-2024,F01740,I,Hybrid Seeds,285 kgs,₹ 60,"₹ 17,034",BRD-IND
T029008,09-06-2024,F01740,I,SEEDS,284 kgs,₹ 58,"₹ 16,534",BRD-IND
T029009,23-10-2024, F01741 ,Delivery,soya,"1,045.00 kgs","₹ 5,790","₹ 60,505",BRD-IND
T029010,11-06-2024,F01741,Input Purchase,FERTILIZER 50kg bag,129 kg,₹ 48,"₹ 6,144",BRD-IND
T029011,22-11-2024,F01747,delivery,SOYABEAN,2287 kg,"₹ 6,195","₹ 1,41,680",BRD-IND
T029012,15-06-2024,F01747,FERT_PURCHASE,NPK 10:26:26,209 kg,₹ 45,"₹ 9,340",BRD-IND
T029013,08-06-2024,F01747,I,Fertilizer,121 kg,₹ 28,"₹ 3,400",BRD-IND
T029014,15-06-2024,F01747,FERT_PURCHASE,Hybrid Seeds,160 kg,₹ 91,"₹ 14,582",BRD-IND
T029015,03-07-2024,f01747,I,NPK 10:26:26,52 kgs,₹ 38,"₹ 1,975",BRD-IND
T029016,21-11-2024,f01750,DELIVERY,soya,900.00 kgs,"₹ 6,035","₹ 54,315",BRD-IND
T029017,14-11-2024, F01750 ,Delivery,SOYABEAN,821 kg,"₹ 6,035","₹ 49,547",BRD-IND
T029018,13-07-2024,F01750,input,Bio-pesticide,302 kg,₹ 373,"₹ 1,12,794",BRD-IND
T029019,15-10-2024,F01753,D,SOYABEAN,1083 kg,"₹ 5,535","₹ 59,944",BRD-IND
T029020,18-10-2024,F01753,D,Soybean (Yellow),"1,588.00 kgs","₹ 5,535","₹ 87,896",BRD-IND
T029021,03-07-2024,f01753,input,DAP,117 kg,₹ 37,"₹ 4,357",BRD-IND
T029022,09-07-2024,F01753,I,SEEDS,299 kgs,₹ 58,"₹ 17,456",BRD-IND
T029023,17-06-2024,F01753,loan,Loan Repayment,,,"₹ 1,100",BRD-IND
T029578,26-10-2024,F02226,delivery,Soybean (Yellow),588 kg,"₹ 6,170","₹ 36,280",BRD-IND
T029579,02-10-2024,f02226,delivery,Soybean,554.00 kgs,"₹ 6,170","₹ 34,182",BRD-IND
T029580,18-06-2024,F02226,FERT_PURCHASE,SEEDS,116 kg,₹ 59,"₹ 6,876",BRD-IND
T029628,14-10-2024,F02262,DELIVERY,soya,164.00 kgs,"₹ 6,140","₹ 10,070",BRD-IND
T029629,02-10-2024,F02262,FPO_DELIVERY,SOYABEAN,550.00 kgs,"₹ 6,140","₹ 33,770",BRD-IND
T029630,02-11-2024,F02262,delivery,SOYABEAN,"1,025.00 kgs","₹ 6,140","₹ 62,935",BRD-IND
T029631,12-07-2024,F02262,I,Fertilizer,234 kg,₹ 56,"₹ 13,055",BRD-IND
T029636,06-10-2024,f02266,D,Soybean,462 kg,"₹ 5,810","₹ 26,842",BRD-IND
T029637,06-10-2024,F02266,Delivery,Soybean (Yellow),2920 kg,"₹ 5,810","₹ 1,69,652",BRD-IND
T029638,03-06-2024,f02266,FERT_PURCHASE,Urea,25 kgs,₹ 46,"₹ 1,140",BRD-IND
T029639,06-06-2024,F02266,input,FERTILIZER 50kg bag,196 kg,₹ 39,"₹ 7,734",BRD-IND
T029668,22-11-2024,F02280,DELIVERY,soya,652.00 kgs,"₹ 5,920","₹ 38,598",BRD-IND
T029669,24-10-2024,F02280,Delivery,soya,697 kg,"₹ 5,920","₹ 41,262",BRD-IND
T029670,01-07-2024,F02280,input,PP chemicals,274 kgs,₹ 135,"₹ 36,960",BRD-IND
T029671,06-06-2024,f02280,INPUT_PURCHASE,Seeds,305 kg,₹ 54,"₹ 16,598",BRD-IND
T029672,07-06-2024,F02280,FERT_PURCHASE,Seeds,38 kg,₹ 63,"₹ 2,400",BRD-IND
T029673,30-06-2024,F02280,input,Urea,100 kg,₹ 42,"₹ 4,232",BRD-IND
T029674,08-06-2024,F02280,Input Purchase,Hybrid Seeds,91 kgs,₹ 51,"₹ 4,642",BRD-IND
T029678,11-10-2024,F02285,FPO_DELIVERY,SOYABEAN,636 kg,"₹ 5,380","₹ 34,217",BRD-IND
T029679,01-10-2024,F02285,delivery,soya,184.00 kgs,"₹ 5,380","₹ 9,899",BRD-IND
T029680,14-11-2024,F02285,FPO_DELIVERY,Soybean (Yellow),411 kg,"₹ 5,380","₹ 22,112",BRD-IND
T029681,28-06-2024,F02285,Input Purchase,Bio-pesticide,198 kg,₹ 675,"₹ 1,33,709",BRD-IND
T029682,14-06-2024,F02285,FERT_PURCHASE,NPK 10:26:26,256 kg,₹ 47,"₹ 11,948",BRD-IND
T029683,17-10-2024,F02289,Delivery,Soybean,229.00 kgs,"₹ 6,400","₹ 14,656",BRD-IND
T029684,26-11-2024,F02289,FPO_DELIVERY,Soybean,461.00 kgs,"₹ 6,400","₹ 29,504",BRD-IND
T029685,17-06-2024,F02289,INPUT_PURCHASE,NPK 10:26:26,63 kgs,₹ 34,"₹ 2,150",BRD-IND
T029686,18-10-2024,F02292,DELIVERY,Soybean,3814 kg,"₹ 5,725","₹ 2,18,352",BRD-IND
T029687,05-06-2024,F02292,INPUT_PURCHASE,Fertilizer,143 kg,₹ 42,"₹ 5,937",BRD-IND
T029745,27-10-2024,F02323,FPO_DELIVERY,Soybean,582 kg,"₹ 6,255","₹ 36,404",BRD-IND
T029746,22-11-2024,F02323,Delivery,Soybean (Yellow),26.00 kgs,"₹ 6,255","₹ 1,626",BRD-IND
T029747,30-06-2024,F02323,I,FERTILIZER 50kg bag,209 kgs,₹ 32,"₹ 6,730",BRD-IND
T029748,19-06-2024,F02323,FERT_PURCHASE,Hybrid Seeds,224 kg,₹ 109,"₹ 24,456",BRD-IND
T029749,28-06-2024,F02323,I,NPK 10:26:26,88 kg,₹ 56,"₹ 4,885",BRD-IND
T029750,29-06-2024,F02323,FERT_PURCHASE,NPK 10:26:26,227 kg,₹ 41,"₹ 9,214",BRD-IND
T029751,13-06-2024,F02323,input,FERTILIZER 50kg bag,34 kgs,₹ 42,"₹ 1,426",BRD-IND
T029752,20-09-2024, F02323 ,loan,EMI,,,"₹ 2,900",BRD-IND
T029753,01-10-2024,F02323,LOAN_REPAY,Loan Repayment,,,"₹ 4,400",BRD-IND
T029800,12-10-2024,F02374,DELIVERY,SOYABEAN,1300 kg,"₹ 6,070","₹ 78,910",BRD-IND
T029801,01-06-2024,F02374,INPUT_PURCHASE,NPK 10:26:26,250 kg,₹ 30,"₹ 7,388",BRD-IND
T029802,05-06-2024,F02374,I,Urea,116 kgs,₹ 34,"₹ 3,925",BRD-IND
T029813,06-10-2024,F02391,delivery,SOYABEAN,2513 kg,"₹ 5,930","₹ 1,49,021",BRD-IND
T029814,29-06-2024,F02391,I,Fertilizer,207 kg,₹ 29,"₹ 5,916",BRD-IND
T029815,04-06-2024,F02391,Input Purchase,FERTILIZER 50kg bag,279 kgs,₹ 53,"₹ 14,748",BRD-IND
T029816,08-07-2024,f02391,I,SEEDS,315 kg,₹ 111,"₹ 34,905",BRD-IND
T029865,07-10-2024,F02444,Delivery,Soybean (Yellow),917 kg,"₹ 5,960","₹ 54,653",BRD-IND
T029866,06-07-2024,F02444,I,SEEDS,248 kgs,₹ 87,"₹ 21,588",BRD-IND
T029867,11-07-2024,F02444,I,Fertilizer,248 kgs,₹ 41,"₹ 10,208",BRD-IND
T029868,30-06-2024,F02444,I,NPK 10:26:26,228 kgs,₹ 50,"₹ 11,350",BRD-IND
T029904,16-11-2024,f02469,delivery,Soybean,"1,023.00 kgs","₹ 6,170","₹ 63,119",BRD-IND
T029905,03-06-2024,F02469,Input Purchase,DAP,267 kgs,₹ 29,"₹ 7,674",BRD-IND
T029906,05-07-2024,F02469,INPUT_PURCHASE,DAP,245 kgs,₹ 50,"₹ 12,328",BRD-IND
T029967,25-11-2024,F02492,DELIVERY,soya,636 kg,"₹ 5,885","₹ 37,429",BRD-IND
T029968,29-10-2024,F02492,FPO_DELIVERY,soya,1305 kg,"₹ 5,885","₹ 76,799",BRD-IND
T029969,06-06-2024,F02492,FERT_PURCHASE,PP chemicals,281 kgs,₹ 619,"₹ 1,73,869",BRD-IND
T029970,15-07-2024,F02492,INPUT_PURCHASE,Seeds,59 kg,₹ 100,"₹ 5,911",BRD-IND
T029971,06-06-2024,F02492,Input Purchase,Hybrid Seeds,26 kgs,₹ 101,"₹ 2,634",BRD-IND
T029972,24-06-2024,f02492,input,Hybrid Seeds,97 kg,₹ 123,"₹ 11,939",BRD-IND
T029973,08-07-2024,F02492,I,DAP,239 kgs,₹ 34,"₹ 8,167",BRD-IND
T029977,23-11-2024,F02498,FPO_DELIVERY,Soybean,13 kg,"₹ 5,765",₹ 749,BRD-IND
T029978,14-11-2024,F02498,FPO_DELIVERY,Soybean,1252 kg,"₹ 5,765","₹ 72,178",BRD-IND
T029985,16-11-2024,F02502,Delivery,Soybean,18.00 kgs,"₹ 5,750","₹ 1,035",BRD-IND
T029986,20-10-2024,F02502,DELIVERY,soya,298.00 kgs,"₹ 5,750","₹ 17,135",BRD-IND
T029994,21-10-2024,f02507,D,soya,948 kg,"₹ 6,105","₹ 57,875",BRD-IND
T029995,09-06-2024,F02507,I,DAP,216 kg,₹ 49,"₹ 10,575",BRD-IND
T029996,11-07-2024,F02507,Input Purchase,PPC,250 kgs,₹ 461,"₹ 1,15,135",BRD-IND
T029997,09-07-2024,F02507,INPUT_PURCHASE,FERTILIZER 50kg bag,131 kg,₹ 56,"₹ 7,307",BRD-IND
T030031,28-11-2024,F02527,Delivery,Soybean,62 kg,"₹ 5,990","₹ 3,714",BRD-IND
T030032,01-11-2024,f02527,delivery,SOYABEAN,514.00 kgs,"₹ 5,990","₹ 30,789",BRD-IND
T030033,13-11-2024,F02529,DELIVERY,Soybean,695.00 kgs,"₹ 5,885","₹ 40,901",BRD-IND
T030034,12-07-2024,F02529,I,NPK 10:26:26,109 kgs,₹ 59,"₹ 6,452",BRD-IND
T030035,28-06-2024,F02529,Input Purchase,Seeds,26 kg,₹ 57,"₹ 1,494",BRD-IND
T030036,13-07-2024,F02529,INPUT_PURCHASE,Bio-pesticide,90 kg,₹ 344,"₹ 30,980",BRD-IND
T030037,07-07-2024,F02529,INPUT_PURCHASE,Fertilizer,314 kgs,₹ 44,"₹ 13,766",BRD-IND
T030038,03-06-2024,F02529,INPUT_PURCHASE,PP chemicals,101 kg,₹ 298,"₹ 30,107",BRD-IND
T030039,20-07-2024,F02529,LOAN_REPAY,EMI,,,"₹ 7,700",BRD-IND
T030070,09-11-2024,F02543,Delivery,SOYABEAN,1356 kg,"₹ 5,935","₹ 80,479",BRD-IND
T030076,11-10-2024,F02550,DELIVERY,Soybean,1508 kg,"₹ 6,035","₹ 91,008",BRD-IND
T030077,22-11-2024,F02550,FPO_DELIVERY,soya,599.00 kgs,"₹ 6,035","₹ 36,150",BRD-IND
T030124,30-10-2024,F02576,D,Soybean (Yellow),16.00 kgs,"₹ 5,845",₹ 935,BRD-IND
T030125,24-10-2024,F02576,FPO_DELIVERY,soya,970.00 kgs,"₹ 5,845","₹ 56,696",BRD-IND
T030126,06-10-2024,F02577,Delivery,SOYABEAN,"1,021.00 kgs","₹ 6,390","₹ 65,242",BRD-IND
T030131,20-10-2024,F02579,Delivery,SOYABEAN,"2,062.00 kgs","₹ 5,875","₹ 1,21,142",BRD-IND
T030132,18-10-2024,F02579,Delivery,Soybean (Yellow),14 kg,"₹ 5,875",₹ 823,BRD-IND
T030133,10-07-2024,F02579,FERT_PURCHASE,FERTILIZER 50kg bag,251 kg,₹ 51,"₹ 12,688",BRD-IND
T030134,20-06-2024,F02579,input,NPK 10:26:26,174 kg,₹ 54,"₹ 9,452",BRD-IND
T030144,03-11-2024,f02583,Delivery,Soybean (Yellow),"1,512.00 kgs","₹ 6,050","₹ 91,476",BRD-IND
T030145,03-07-2024,F02583,Input Purchase,FERTILIZER 50kg bag,264 kg,₹ 44,"₹ 11,532",BRD-IND
T030146,19-10-2024,F02584,FPO_DELIVERY,SOYABEAN,1336 kg,"₹ 6,345","₹ 84,769",BRD-IND
T030147,21-06-2024,F02584,FERT_PURCHASE,FERTILIZER 50kg bag,156 kg,₹ 48,"₹ 7,533",BRD-IND
T030148,05-06-2024,F02584,I,NPK 10:26:26,53 kgs,₹ 59,"₹ 3,105",BRD-IND
T030149,30-06-2024,F02584,loan,EMI,,,"₹ 4,400",BRD-IND
T030150,03-10-2024,F02584,loan,EMI,,,"₹ 3,500",BRD-IND
T030177,12-11-2024,F02592,FPO_DELIVERY,Soybean (Yellow),1219 kg,"₹ 6,065","₹ 73,932",BRD-IND
T030178,09-06-2024,F02592,Input Purchase,FERTILIZER 50kg bag,279 kgs,₹ 50,"₹ 14,056",BRD-IND
T030179,11-07-2024,F02592,input,Fertilizer,177 kg,₹ 58,"₹ 10,300",BRD-IND
T030183,27-10-2024, F02596 ,D,Soybean,955.00 kgs,"₹ 5,755","₹ 54,960",BRD-IND
T030184,03-10-2024,f02596,Delivery,Soybean,485 kg,"₹ 5,755","₹ 27,912",BRD-IND
T030189,22-10-2024,F02599,DELIVERY,soya,3457 kg,"₹ 6,185","₹ 2,13,815",BRD-IND
T030190,03-06-2024,F02599,Input Purchase,Hybrid Seeds,26 kgs,₹ 55,"₹ 1,442",BRD-IND
T030191,28-06-2024,F02599,FERT_PURCHASE,Seeds,188 kgs,₹ 48,"₹ 9,118",BRD-IND
T030192,16-06-2024,F02599,I,Hybrid Seeds,78 kg,₹ 101,"₹ 7,898",BRD-IND
T030269,25-11-2024,F02625,FPO_DELIVERY,SOYABEAN,463.00 kgs,"₹ 6,155","₹ 28,498",BRD-IND
T030270,10-07-2024,F02625,Input Purchase,Fertilizer,81 kg,₹ 46,"₹ 3,731",BRD-IND
T030271,17-06-2024,F02625,Input Purchase,FERTILIZER 50kg bag,100 kg,₹ 57,"₹ 5,729",BRD-IND
T030272,17-06-2024,F02625,Input Purchase,Urea,52 kgs,₹ 33,"₹ 1,720",BRD-IND
T030273,08-09-2024,F02625,LOAN_REPAY,Loan Repayment,,,"₹ 6,200",BRD-IND
T030287,13-10-2024,F02631,DELIVERY,soya,389 kg,"₹ 5,870","₹ 22,834",BRD-IND
T030288,29-11-2024,F02631,delivery,Soybean (Yellow),154.00 kgs,"₹ 5,870","₹ 9,040",BRD-IND
T030289,28-06-2024,F02631,FERT_PURCHASE,DAP,198 kg,₹ 33,"₹ 6,562",BRD-IND
T030290,04-07-2024,F02631,LOAN_REPAY,EMI,,,"₹ 6,800",BRD-IND
T030291,23-10-2024,F02631,loan,EMI,,,"₹ 4,600",BRD-IND
T030351,09-11-2024,F02646,Delivery,soya,"1,308.00 kgs","₹ 6,030","₹ 78,872",BRD-IND
T030352,02-06-2024,F02646,INPUT_PURCHASE,Hybrid Seeds,319 kg,₹ 126,"₹ 40,095",BRD-IND
T030353,11-06-2024,F02646,I,Fertilizer,124 kg,₹ 48,"₹ 5,917",BRD-IND
T030354,08-07-2024,F02646,input,Fertilizer,86 kgs,₹ 50,"₹ 4,337",BRD-IND
T030355,26-07-2024,f02646,Loan Repayment,EMI,,,"₹ 1,900",BRD-IND
T030372,14-11-2024,F02651,FPO_DELIVERY,Soybean (Yellow),325.00 kgs,"₹ 6,080","₹ 19,760",BRD-IND
T030373,30-10-2024,F02651,delivery,SOYABEAN,783 kg,"₹ 6,080","₹ 47,606",BRD-IND
T030374,06-07-2024,F02651,FERT_PURCHASE,Seeds,114 kg,₹ 70,"₹ 7,939",BRD-IND
T031027,24-04-2025,F01633,Delivery,Lokwan Wheat,"2,507.00 kgs","₹ 2,695","₹ 67,564",BRD-IND
T031028,28-04-2025,F01636,Delivery,Wheat (Durum),"1,348.00 kgs","₹ 3,035","₹ 40,912",BRD-IND
T031029,06-03-2025,F01636,D,wheat,426 kg,"₹ 3,035","₹ 12,929",BRD-IND
T031030,14-12-2024,f01636,input,DAP,182 kgs,₹ 54,"₹ 9,781",BRD-IND
T031031,18-12-2024,f01636,I,DAP,81 kg,₹ 59,"₹ 4,777",BRD-IND
T031032,28-03-2025,f01637,FPO_DELIVERY,Wheat,3268 kg,"₹ 2,735","₹ 89,380",BRD-IND
T031033,23-04-2025,F01637,DELIVERY,WHEAT,"3,310.00 kgs","₹ 2,735","₹ 90,528",BRD-IND
T031034,31-12-2024,F01637,I,FERTILIZER 50kg bag,128 kgs,₹ 34,"₹ 4,302",BRD-IND
T031035,06-12-2024,F01637,L,Loan Repayment,,,"₹ 2,500",BRD-IND
T031036,01-05-2025,F01637,L,Loan Repayment,,,"₹ 7,500",BRD-IND
T031037,18-04-2025,F01638,FPO_DELIVERY,Wheat,690.00 kgs,"₹ 3,075","₹ 21,218",BRD-IND
T031038,01-01-2025,F01638,INPUT_PURCHASE,PPC,150 kgs,₹ 666,"₹ 99,932",BRD-IND
T031039,01-01-2025,F01638,input,PP chemicals,273 kg,₹ 651,"₹ 1,77,783",BRD-IND
T031040,05-12-2024,F01638,FERT_PURCHASE,DAP,36 kg,₹ 57,"₹ 2,058",BRD-IND
T031041,08-05-2025,F01642,delivery,Lokwan Wheat,"1,081.00 kgs","₹ 2,735","₹ 29,565",BRD-IND
T031042,15-05-2025,F01642,Delivery,Wheat (Durum),465.00 kgs,"₹ 2,735","₹ 12,718",BRD-IND
T031043,15-04-2025,F01649,delivery,Wheat,"3,084.00 kgs","₹ 2,780","₹ 85,735",BRD-IND
T031044,04-01-2025,F01649,INPUT_PURCHASE,Hybrid Seeds,135 kgs,₹ 73,"₹ 9,871",BRD-IND
T031045,29-12-2024,F01649,Input Purchase,DAP,97 kg,₹ 36,"₹ 3,464",BRD-IND
T031046,05-04-2025,F01650,FPO_DELIVERY,WHEAT,860 kg,"₹ 2,955","₹ 25,413",BRD-IND
T031047,18-03-2025,F01650,D,Wheat,32 kg,"₹ 2,955",₹ 946,BRD-IND
T031048,27-12-2024,F01650,I,NPK 10:26:26,137 kgs,₹ 49,"₹ 6,776",BRD-IND
T031049,16-05-2025,f01650,L,EMI,,,"₹ 4,900",BRD-IND
T031050,15-04-2025,F01653,DELIVERY,WHEAT,810.00 kgs,"₹ 2,730","₹ 22,113",BRD-IND
T031051,04-03-2025,F01653,Delivery,wheat,158.00 kgs,"₹ 2,730","₹ 4,313",BRD-IND
T031052,18-12-2024,,FERT_PURCHASE,PPC,251 kgs,₹ 286,"₹ 71,879",BRD-IND
T031053,03-12-2024,F01653,INPUT_PURCHASE,PP chemicals,256 kgs,₹ 594,"₹ 1,52,049",BRD-IND
T031054,15-03-2025,F01658,FPO_DELIVERY,Wheat,4955 kg,"₹ 2,995","₹ 1,48,402",BRD-IND
T031055,04-05-2025,F01660,Delivery,wheat,"1,217.00 kgs","₹ 2,985","₹ 36,327",BRD-IND
T031056,26-12-2024,F01660,FERT_PURCHASE,NPK 10:26:26,316 kgs,₹ 32,"₹ 10,223",BRD-IND
T031057,05-12-2024,f01660,FERT_PURCHASE,FERTILIZER 50kg bag,228 kg,₹ 56,"₹ 12,855",BRD-IND
T031058,24-12-2024,F01660,Input Purchase,Seeds,222 kgs,₹ 107,"₹ 23,843",BRD-IND
T031059,13-04-2025,F01662,Delivery,wheat,334 kg,"₹ 2,890","₹ 9,653",BRD-IND
T031060,12-05-2025, F01662 ,Delivery,wheat,968 kg,"₹ 2,890","₹ 27,975",BRD-IND
T031061,01-03-2025,F01666,DELIVERY,WHEAT,30 kg,"₹ 2,990",₹ 897,BRD-IND
T031062,15-03-2025,F01666,DELIVERY,Wheat (Durum),"1,163.00 kgs","₹ 2,990","₹ 34,774",BRD-IND
T031063,04-12-2024,f01666,FERT_PURCHASE,Fertilizer,212 kg,₹ 40,"₹ 8,472",BRD-IND
T031064,12-04-2025,F01687,Delivery,Wheat,2219 kg,"₹ 3,050","₹ 67,680",BRD-IND
T031065,24-04-2025,F01687,DELIVERY,wheat,297 kg,"₹ 3,050","₹ 9,058",BRD-IND
T031066,04-12-2024,F01687,input,Fertilizer,286 kgs,₹ 42,"₹ 12,078",BRD-IND
T031067,07-12-2024,F01687,Input Purchase,Bio-pesticide,280 kg,₹ 568,"₹ 1,59,015",BRD-IND
T031068,02-01-2025,F01687,Input Purchase,Bio-pesticide,127 kgs,₹ 602,"₹ 76,392",BRD-IND
T031069,10-03-2025,F01693,Delivery,Lokwan Wheat,1126 kg,"₹ 3,105","₹ 34,962",BRD-IND
T031070,15-12-2024,F01693,input,Urea,69 kgs,₹ 40,"₹ 2,774",BRD-IND
T031071,13-01-2025,F01693,Input Purchase,DAP,191 kg,₹ 28,"₹ 5,413",BRD-IND
T031072,04-05-2025,F01694,delivery,Lokwan Wheat,2160 kg,"₹ 3,010","₹ 65,016",BRD-IND
T031073,03-12-2024,F01694,INPUT_PURCHASE,NPK 10:26:26,63 kg,₹ 31,"₹ 1,973",BRD-IND
T031074,11-01-2025,F01694,INPUT_PURCHASE,NPK 10:26:26,59 kg,₹ 53,"₹ 3,126",BRD-IND
T031075,11-01-2025,F01694,INPUT_PURCHASE,Seeds,115 kgs,₹ 123,"₹ 14,110",BRD-IND
T031076,20-04-2025,F01696,delivery,Wheat,"2,416.00 kgs","₹ 2,770","₹ 66,923",BRD-IND
T031077,12-12-2024,F01696,Input Purchase,Bio-pesticide,228 kg,₹ 669,"₹ 1,52,537",BRD-IND
T031078,02-12-2024,F01696,INPUT_PURCHASE,FERTILIZER 50kg bag,95 kg,₹ 51,"₹ 4,816",BRD-IND
T031079,14-04-2025,F01702,D,WHEAT,3949 kg,"₹ 2,800","₹ 1,10,572",BRD-IND
T031080,29-12-2024,F01702,FERT_PURCHASE,NPK 10:26:26,195 kgs,₹ 53,"₹ 10,384",BRD-IND
T031081,02-05-2025,F01703,FPO_DELIVERY,Wheat (Durum),202.00 kgs,"₹ 2,885","₹ 5,828",BRD-IND
T031082,04-05-2025,F01703,delivery,wheat,"1,765.00 kgs","₹ 2,885","₹ 50,920",BRD-IND
T031083,24-12-2024,f01703,input,NPK 10:26:26,153 kgs,₹ 58,"₹ 8,801",BRD-IND
T031084,18-12-2024,F01703,FERT_PURCHASE,DAP,26 kg,₹ 35,₹ 901,BRD-IND
T031085,09-02-2025,F01703,LOAN_REPAY,EMI,,,"₹ 7,700",BRD-IND
T031086,24-12-2024,f01703,LOAN_REPAY,Loan Repayment,,,"₹ 3,300",BRD-IND
T031087,21-03-2025,f01703,Loan Repayment,Loan Repayment,,,"₹ 1,200",BRD-IND
T031088,06-05-2025,F01706,Delivery,wheat,158 kg,"₹ 2,980","₹ 4,708",BRD-IND
T031089,09-03-2025,F01706,FPO_DELIVERY,wheat,"2,575.00 kgs","₹ 2,980","₹ 76,735",BRD-IND
T031090,21-12-2024,F01706,FERT_PURCHASE,Bio-pesticide,198 kg,₹ 206,"₹ 40,873",BRD-IND
T031091,09-12-2024,F01706,I,NPK 10:26:26,195 kgs,₹ 39,"₹ 7,566",BRD-IND
T031092,03-05-2025,F01707,Delivery,Wheat,"1,013.00 kgs","₹ 2,850","₹ 28,871",BRD-IND
T031093,09-01-2025,F01707,I,Seeds,275 kgs,₹ 60,"₹ 16,544",BRD-IND
T031094,19-03-2025, F01709 ,delivery,Wheat (Durum),1501 kg,"₹ 2,800","₹ 42,028",BRD-IND
T031095,13-03-2025,F01709,Loan Repayment,EMI,,,"₹ 4,300",BRD-IND
T031096,25-03-2025,F01714,delivery,wheat,1607 kg,"₹ 2,740","₹ 44,032",BRD-IND
T031097,14-04-2025,f01714,Delivery,Wheat (Durum),"1,011.00 kgs","₹ 2,740","₹ 27,701",BRD-IND
T031098,14-12-2024,F01714,I,Seeds,265 kg,₹ 111,"₹ 29,468",BRD-IND
T031099,02-12-2024, F01714 ,input,SEEDS,295 kgs,₹ 69,"₹ 20,355",BRD-IND
T031100,18-12-2024, F01714 ,FERT_PURCHASE,SEEDS,283 kg,₹ 68,"₹ 19,128",BRD-IND
T031101,22-12-2024,F01714,I,Seeds,144 kgs,₹ 67,"₹ 9,647",BRD-IND
T031102,03-05-2025,F01718,Delivery,Wheat (Durum),508.00 kgs,"₹ 2,790","₹ 14,173",BRD-IND
T031103,27-03-2025,F01718,delivery,Lokwan Wheat,1972 kg,"₹ 2,790","₹ 55,019",BRD-IND
T031104,23-03-2025,F01718,loan,Loan Repayment,,,"₹ 3,500",BRD-IND
T031105,04-03-2025,F01719,FPO_DELIVERY,WHEAT,834 kg,"₹ 2,825","₹ 23,560",BRD-IND
T031106,04-03-2025,F01722,DELIVERY,wheat,"2,948.00 kgs","₹ 2,885","₹ 85,050",BRD-IND
T031107,15-01-2025,F01722,FERT_PURCHASE,DAP,93 kg,₹ 46,"₹ 4,308",BRD-IND
T031108,29-03-2025,f01724,DELIVERY,wheat,8911 kg,"₹ 2,830","₹ 2,52,181",BRD-IND
T031109,01-04-2025,F01724,Delivery,WHEAT,"1,986.00 kgs","₹ 2,830","₹ 56,204",BRD-IND
T031110,24-12-2024,F01724,Input Purchase,Urea,204 kgs,₹ 30,"₹ 6,100",BRD-IND
T031111,13-12-2024,F01724,INPUT_PURCHASE,Hybrid Seeds,102 kg,₹ 66,"₹ 6,766",BRD-IND
T031112,08-01-2025,F01724,input,Seeds,38 kg,₹ 85,"₹ 3,240",BRD-IND
T031113,03-01-2025,f01724,input,Bio-pesticide,213 kgs,₹ 249,"₹ 53,050",BRD-IND
T031114,10-01-2025,F01724,I,NPK 10:26:26,82 kg,₹ 53,"₹ 4,364",BRD-IND
T031115,21-12-2024,F01724,input,Hybrid Seeds,194 kg,₹ 87,"₹ 16,876",BRD-IND
T031116,20-04-2025,F01730,FPO_DELIVERY,Lokwan Wheat,"1,898.00 kgs","₹ 2,875","₹ 54,568",BRD-IND
T031117,04-01-2025,f01730,input,Hybrid Seeds,102 kg,₹ 66,"₹ 6,761",BRD-IND
T031118,08-01-2025,f01730,Input Purchase,Urea,249 kgs,₹ 30,"₹ 7,458",BRD-IND
T031119,06-01-2025, F01730 ,FERT_PURCHASE,Hybrid Seeds,214 kg,₹ 65,"₹ 13,919",BRD-IND
T031120,10-03-2025,F01732,DELIVERY,Wheat (Durum),"2,098.00 kgs","₹ 2,860","₹ 60,003",BRD-IND
T031121,15-04-2025,F01732,DELIVERY,WHEAT,2344 kg,"₹ 2,860","₹ 67,038",BRD-IND
T031122,02-12-2024,F01732,I,Bio-pesticide,104 kg,₹ 685,"₹ 71,225",BRD-IND
T031123,16-03-2025,F01740,DELIVERY,WHEAT,"1,845.00 kgs","₹ 2,750","₹ 50,738",BRD-IND
T031124,11-12-2024,F01740,Input Purchase,PPC,118 kgs,₹ 658,"₹ 77,587",BRD-IND
T031125,11-12-2024,F01740,Input Purchase,SEEDS,223 kg,₹ 109,"₹ 24,220",BRD-IND
T031126,05-05-2025,F01741,FPO_DELIVERY,Lokwan Wheat,1864 kg,"₹ 2,740","₹ 51,074",BRD-IND
T031127,06-05-2025,F01747,FPO_DELIVERY,wheat,"3,171.00 kgs","₹ 2,590","₹ 82,129",BRD-IND
T031128,07-01-2025,f01747,I,DAP,314 kg,₹ 37,"₹ 11,637",BRD-IND
T031129,03-01-2025,F01747,INPUT_PURCHASE,Fertilizer,312 kg,₹ 42,"₹ 13,213",BRD-IND
T031130,07-12-2024,F01747,INPUT_PURCHASE,Hybrid Seeds,98 kg,₹ 71,"₹ 6,913",BRD-IND
T031131,13-03-2025,F01750,Delivery,WHEAT,277.00 kgs,"₹ 2,935","₹ 8,130",BRD-IND
T031132,09-04-2025,,delivery,wheat,616 kg,"₹ 2,935","₹ 18,080",BRD-IND
T031133,09-05-2025,f01750,Delivery,WHEAT,1842 kg,"₹ 2,935","₹ 54,063",BRD-IND
T031134,29-12-2024,F01750,input,Bio-pesticide,228 kg,₹ 228,"₹ 51,893",BRD-IND
T031135,05-04-2025,F01753,Delivery,wheat,3778 kg,"₹ 2,775","₹ 1,04,840",BRD-IND
T031136,31-12-2024,F01753,INPUT_PURCHASE,NPK 10:26:26,143 kg,₹ 33,"₹ 4,662",BRD-IND
T031137,21-12-2024,F01753,INPUT_PURCHASE,SEEDS,247 kg,₹ 47,"₹ 11,520",BRD-IND
T031653,10-03-2025,F02226,DELIVERY,Wheat (Durum),628.00 kgs,"₹ 2,750","₹ 17,270",BRD-IND
T031654,11-04-2025,F02226,FPO_DELIVERY,Wheat (Durum),793.00 kgs,"₹ 2,750","₹ 21,808",BRD-IND
T031655,12-01-2025, F02226 ,input,Urea,73 kg,₹ 31,"₹ 2,295",BRD-IND
T031695,20-03-2025,F02262,DELIVERY,Wheat (Durum),"1,231.00 kgs","₹ 2,740","₹ 33,729",BRD-IND
T031696,13-03-2025,F02262,Delivery,Lokwan Wheat,773.00 kgs,"₹ 2,740","₹ 21,180",BRD-IND
T031697,04-12-2024,F02262,input,Bio-pesticide,302 kgs,₹ 274,"₹ 82,694",BRD-IND
T031703,25-03-2025,F02266,D,WHEAT,"5,155.00 kgs","₹ 2,980","₹ 1,53,619",BRD-IND
T031704,24-03-2025,F02266,FPO_DELIVERY,Wheat (Durum),120 kg,"₹ 2,980","₹ 3,576",BRD-IND
T031705,12-12-2024,f02266,input,Urea,191 kgs,₹ 59,"₹ 11,254",BRD-IND
T031727,13-03-2025,F02280,Delivery,wheat,1917 kg,"₹ 2,730","₹ 52,334",BRD-IND
T031728,30-04-2025,F02280,delivery,Wheat,95.00 kgs,"₹ 2,730","₹ 2,594",BRD-IND
T031729,07-12-2024,F02280,I,SEEDS,131 kg,₹ 113,"₹ 14,747",BRD-IND
T031734,24-04-2025,F02285,delivery,wheat,1577 kg,"₹ 2,880","₹ 45,418",BRD-IND
T031735,15-12-2024,F02285,INPUT_PURCHASE,SEEDS,28 kg,₹ 104,"₹ 2,908",BRD-IND
T031736,30-12-2024,F02285,FERT_PURCHASE,NPK 10:26:26,255 kg,₹ 33,"₹ 8,356",BRD-IND
T031737,26-12-2024,F02285,INPUT_PURCHASE,NPK 10:26:26,208 kg,₹ 34,"₹ 6,978",BRD-IND
T031738,05-01-2025,F02285,I,FERTILIZER 50kg bag,248 kg,₹ 49,"₹ 12,179",BRD-IND
T031739,31-12-2024, F02285 ,I,Hybrid Seeds,298 kgs,₹ 100,"₹ 29,746",BRD-IND
T031740,24-03-2025,F02289,DELIVERY,wheat,179 kg,"₹ 2,890","₹ 5,173",BRD-IND
T031741,18-03-2025,F02289,D,Wheat,596.00 kgs,"₹ 2,890","₹ 17,224",BRD-IND
T031742,02-01-2025, F02289 ,I,Fertilizer,113 kg,₹ 30,"₹ 3,416",BRD-IND
T031743,11-12-2024,F02289,I,DAP,95 kg,₹ 36,"₹ 3,383",BRD-IND
T031744,12-03-2025,f02292,DELIVERY,wheat,559 kg,"₹ 2,990","₹ 16,714",BRD-IND
T031745,02-04-2025,f02292,FPO_DELIVERY,Wheat,"4,651.00 kgs","₹ 2,990","₹ 1,39,065",BRD-IND
T031746,31-12-2024,F02292,FERT_PURCHASE,NPK 10:26:26,243 kgs,₹ 52,"₹ 12,653",BRD-IND
T031794,09-05-2025,F02323,DELIVERY,Lokwan Wheat,292 kg,"₹ 2,665","₹ 7,782",BRD-IND
T031795,29-12-2024,F02323,Input Purchase,Fertilizer,179 kg,₹ 39,"₹ 6,992",BRD-IND
T031796,13-01-2025,F02323,FERT_PURCHASE,Seeds,203 kg,₹ 76,"₹ 15,428",BRD-IND
T031797,30-12-2024,F02323,I,Urea,301 kgs,₹ 49,"₹ 14,782",BRD-IND
T031798,07-01-2025,F02323,FERT_PURCHASE,SEEDS,316 kgs,₹ 60,"₹ 18,897",BRD-IND
T031799,12-12-2024,F02323,loan,Loan Repayment,,,₹ 800,BRD-IND
T031843,03-04-2025,F02374,Delivery,Lokwan Wheat,94.00 kgs,"₹ 3,000","₹ 2,820",BRD-IND
T031844,30-03-2025,F02374,delivery,Wheat (Durum),1082 kg,"₹ 3,000","₹ 32,460",BRD-IND
T031845,26-03-2025,F02374,D,Wheat (Durum),408 kg,"₹ 3,000","₹ 12,240",BRD-IND
T031846,14-01-2025,F02374,INPUT_PURCHASE,PP chemicals,279 kg,₹ 457,"₹ 1,27,559",BRD-IND
T031847,03-12-2024,F02374,Input Purchase,FERTILIZER 50kg bag,73 kg,₹ 55,"₹ 4,011",BRD-IND
T031848,05-01-2025,F02374,Input Purchase,PPC,285 kg,₹ 434,"₹ 1,23,653",BRD-IND
T031863,03-04-2025,F02391,FPO_DELIVERY,wheat,"3,026.00 kgs","₹ 2,795","₹ 84,577",BRD-IND
T031864,13-01-2025,F02391,Input Purchase,PP chemicals,227 kg,₹ 666,"₹ 1,51,128",BRD-IND
T031865,13-12-2024,F02391,input,Urea,143 kg,₹ 56,"₹ 8,024",BRD-IND
T031921,24-03-2025,F02444,D,Wheat,844.00 kgs,"₹ 2,890","₹ 24,392",BRD-IND
T031922,09-05-2025,F02444,D,Lokwan Wheat,334.00 kgs,"₹ 2,890","₹ 9,653",BRD-IND
T031923,04-01-2025,F02444,input,Hybrid Seeds,267 kgs,₹ 73,"₹ 19,462",BRD-IND
T031924,17-12-2024,F02444,INPUT_PURCHASE,Fertilizer,39 kgs,₹ 55,"₹ 2,128",BRD-IND
T031925,31-12-2024,F02444,Input Purchase,Urea,201 kg,₹ 44,"₹ 8,800",BRD-IND
T031973,18-04-2025,F02469,FPO_DELIVERY,Lokwan Wheat,857.00 kgs,"₹ 2,900","₹ 24,853",BRD-IND
T031974,12-03-2025,f02469,delivery,WHEAT,1044 kg,"₹ 2,900","₹ 30,276",BRD-IND
T031975,04-01-2025,F02469,I,PPC,182 kg,₹ 684,"₹ 1,24,466",BRD-IND
T032013,06-03-2025,f02492,FPO_DELIVERY,Wheat (Durum),2596 kg,"₹ 3,000","₹ 77,880",BRD-IND
T032014,13-01-2025,f02492,INPUT_PURCHASE,NPK 10:26:26,301 kgs,₹ 30,"₹ 9,060",BRD-IND
T032015,07-12-2024,F02492,input,SEEDS,164 kgs,₹ 48,"₹ 7,946",BRD-IND
T032021,24-03-2025,,FPO_DELIVERY,Wheat,"1,849.00 kgs","₹ 2,785","₹ 51,495",BRD-IND
T032034,07-04-2025,F02507,Delivery,Lokwan Wheat,2940 kg,"₹ 2,990","₹ 87,906",BRD-IND
T032035,06-12-2024,F02507,FERT_PURCHASE,Fertilizer,117 kg,₹ 42,"₹ 4,916",BRD-IND
T032064,15-03-2025,F02529,Delivery,WHEAT,777 kg,"₹ 3,015","₹ 23,427",BRD-IND
T032065,12-03-2025,F02529,FPO_DELIVERY,Wheat,18.00 kgs,"₹ 3,015",₹ 543,BRD-IND
T032066,03-12-2024,F02529,INPUT_PURCHASE,Urea,47 kgs,₹ 46,"₹ 2,179",BRD-IND
T032067,02-01-2025,f02529,FERT_PURCHASE,PP chemicals,181 kg,₹ 515,"₹ 93,293",BRD-IND
T032068,28-12-2024,F02529,INPUT_PURCHASE,Hybrid Seeds,152 kg,₹ 116,"₹ 17,652",BRD-IND
T032069,10-04-2025,F02529,L,Loan Repayment,,,"₹ 4,800",BRD-IND
T032070,31-03-2025,F02529,loan,Loan Repayment,,,"₹ 2,400",BRD-IND
T032103,19-03-2025,F02543,FPO_DELIVERY,Wheat,167 kg,"₹ 2,855","₹ 4,768",BRD-IND
T032104,13-05-2025,F02543,FPO_DELIVERY,wheat,1813 kg,"₹ 2,855","₹ 51,761",BRD-IND
T032105,10-01-2025,F02543,Input Purchase,FERTILIZER 50kg bag,205 kg,₹ 44,"₹ 9,102",BRD-IND
T032106,12-01-2025,F02543,INPUT_PURCHASE,DAP,246 kg,₹ 55,"₹ 13,520",BRD-IND
T032107,28-12-2024,F02543,Input Purchase,SEEDS,281 kg,₹ 121,"₹ 34,029",BRD-IND
T032113,23-03-2025,F02550,Delivery,WHEAT,"1,198.00 kgs","₹ 3,035","₹ 36,359",BRD-IND
T032114,26-12-2024, F02550 ,Input Purchase,Hybrid Seeds,316 kg,₹ 50,"₹ 15,806",BRD-IND
T032115,08-12-2024,F02550,INPUT_PURCHASE,Seeds,32 kg,₹ 122,"₹ 3,900",BRD-IND
T032158,18-04-2025,F02579,D,WHEAT,2307 kg,"₹ 2,705","₹ 62,404",BRD-IND
T032159,22-12-2024,F02579,INPUT_PURCHASE,Bio-pesticide,144 kg,₹ 518,"₹ 74,592",BRD-IND
T032160,11-01-2025,F02579,I,SEEDS,256 kgs,₹ 52,"₹ 13,189",BRD-IND
T032161,04-01-2025,F02579,LOAN_REPAY,Loan Repayment,,,"₹ 1,500",BRD-IND
T032171,19-04-2025,F02584,delivery,wheat,964.00 kgs,"₹ 2,820","₹ 27,185",BRD-IND
T032172,14-03-2025,F02584,delivery,wheat,,"₹ 2,820","₹ 29,638",BRD-IND
T032173,03-01-2025,F02584,INPUT_PURCHASE,Seeds,255 kg,₹ 69,"₹ 17,687",BRD-IND
T032174,03-01-2025,F02584,I,SEEDS,277 kgs,₹ 125,"₹ 34,581",BRD-IND
T032175,15-12-2024,F02584,Input Purchase,Hybrid Seeds,61 kg,₹ 127,"₹ 7,751",BRD-IND
T032195,26-03-2025,F02592,FPO_DELIVERY,Lokwan Wheat,1428 kg,"₹ 2,705","₹ 38,627",BRD-IND
T032196,08-01-2025,F02592,Input Purchase,Urea,176 kg,₹ 43,"₹ 7,489",BRD-IND
T032197,29-05-2025,F02592,L,EMI,,,"₹ 3,800",BRD-IND
T032198,12-04-2025,F02592,Loan Repayment,Loan Repayment,,,"₹ 4,900",BRD-IND
T032204,10-05-2025,F02596,FPO_DELIVERY,wheat,971.00 kgs,"₹ 2,810","₹ 27,285",BRD-IND
T032205,30-04-2025,F02596,FPO_DELIVERY,Wheat,"1,347.00 kgs","₹ 2,810","₹ 37,851",BRD-IND
T032206,18-12-2024,F02596,I,FERTILIZER 50kg bag,263 kg,₹ 32,"₹ 8,387",BRD-IND
T032207,08-04-2025,F02599,DELIVERY,wheat,2174 kg,"₹ 2,850","₹ 61,959",BRD-IND
T032208,09-04-2025,F02599,Delivery,Wheat (Durum),"2,440.00 kgs","₹ 2,850","₹ 69,540",BRD-IND
T032267,19-03-2025,f02625,DELIVERY,Wheat (Durum),562 kg,"₹ 2,840","₹ 15,961",BRD-IND
T032268,02-02-2025,F02625,LOAN_REPAY,Loan Repayment,,,"₹ 5,100",BRD-IND
T032269,10-04-2025,F02625,Loan Repayment,Loan Repayment,,,"₹ 1,500",BRD-IND
T032270,26-04-2025, F02625 ,loan,EMI,,,"₹ 5,700",BRD-IND
T032281,12-05-2025,F02631,delivery,Wheat (Durum),524.00 kgs,"₹ 2,850","₹ 14,934",BRD-IND
T032282,19-03-2025,F02631,Delivery,Wheat (Durum),300 kg,"₹ 2,850","₹ 8,550",BRD-IND
T032283,09-04-2025,f02631,Loan Repayment,Loan Repayment,,,"₹ 3,200",BRD-IND
T032327,08-03-2025,F02646,Delivery,Lokwan Wheat,728.00 kgs,"₹ 2,870","₹ 20,894",BRD-IND
T032328,02-05-2025,F02646,D,Wheat,921 kg,"₹ 2,870","₹ 26,433",BRD-IND
T032329,18-12-2024,F02646,INPUT_PURCHASE,DAP,276 kgs,₹ 45,"₹ 12,481",BRD-IND
T032330,21-02-2025,F02646,LOAN_REPAY,Loan Repayment,,,₹ 900,BRD-IND
T032331,05-01-2025,F02646,loan,Loan Repayment,,,"₹ 4,300",BRD-IND
T032382,18-04-2025,F02663,delivery,Wheat (Durum),539.00 kgs,"₹ 2,945","₹ 15,874",BRD-IND
T032383,23-12-2024,F02663,Input Purchase,DAP,233 kg,₹ 59,"₹ 13,705",BRD-IND
T032387,03-04-2025,F02665,Delivery,Wheat,191.00 kgs,"₹ 2,875","₹ 5,491",BRD-IND
T032388,06-03-2025,F02665,FPO_DELIVERY,Wheat (Durum),1498 kg,"₹ 2,875","₹ 43,068",BRD-IND
T032389,12-04-2025,F02665,DELIVERY,Wheat (Durum),96.00 kgs,"₹ 2,875","₹ 2,760",BRD-IND
T032390,21-12-2024,F02665,Input Purchase,Urea,105 kgs,₹ 47,"₹ 4,899",BRD-IND
T032400,11-04-2025,F02671,FPO_DELIVERY,Lokwan Wheat,740.00 kgs,"₹ 2,525","₹ 18,685",BRD-IND
T032401,16-04-2025,F02671,delivery,Wheat (Durum),"1,891.00 kgs","₹ 2,525","₹ 47,748",BRD-IND
T032423,10-04-2025,F02678,D,Wheat,364.00 kgs,"₹ 2,830","₹ 10,301",BRD-IND
T032424,25-03-2025, F02678 ,Delivery,wheat,599 kg,"₹ 2,830","₹ 16,952",BRD-IND
T032440,19-04-2025,F02683,D,Wheat (Durum),217.00 kgs,"₹ 2,765","₹ 6,000",BRD-IND
T032441,08-01-2025,F02683,I,Seeds,138 kgs,₹ 48,"₹ 6,591",BRD-IND
T032442,18-12-2024,F02683,Input Purchase,FERTILIZER 50kg bag,195 kg,₹ 36,"₹ 6,952",BRD-IND
T032447,16-04-2025,f02686,Delivery,Lokwan Wheat,"3,694.00 kgs","₹ 2,780","₹ 1,02,693",BRD-IND
T032448,02-03-2025,F02686,D,WHEAT,2483 kg,"₹ 2,780","₹ 69,027",BRD-IND
T032449,02-03-2025,F02686,Delivery,Wheat,2434 kg,"₹ 2,780","₹ 67,665",BRD-IND
T032450,04-12-2024,F02686,Input Purchase,Seeds,308 kg,₹ 75,"₹ 23,217",BRD-IND
T007973,13-03-2020,f02236,Delivery,Wheat (Durum),1293 kg,"₹ 2,310","₹ 29,868",BRD-IND
T024757,08-07-2023,F01724,INPUT_PURCHASE,Bio-pesticide,65 kg,₹ 429,"₹ 27,866",BRD-IND
T002374,14-06-2019,F01637,loan,EMI,,,"₹ 3,900",BRD-IND
T002443,04-10-2019,F01659,DELIVERY,Soybean,864.00 kgs,"₹ 5,120","₹ 44,237",BRD-IND
T006439,09-05-2020,F01690,DELIVERY,Lokwan Wheat,475.00 kgs,"₹ 2,395","₹ 11,376",BRD-IND
T011059,24-06-2020,F02330,input,SEEDS,155 kgs,₹ 53,"₹ 8,258",BRD-IND
T015079,14-07-2021,F01703,INPUT_PURCHASE,Fertilizer,225 kg,₹ 46,"₹ 10,321",BRD-IND
T022404,23-04-2023, F01693 ,FPO_DELIVERY,Wheat,785 kg,"₹ 2,720","₹ 21,352",BRD-IND
T002597,07-10-2019,F01707,delivery,soya,536 kg,"₹ 4,925","₹ 26,398",BRD-IND
T022433,02-01-2023,F01714,INPUT_PURCHASE,FERTILIZER 50kg bag,26 kgs,₹ 45,"₹ 1,168",BRD-IND
T015045,11-07-2021,F01680,INPUT_PURCHASE,NPK 10:26:26,202 kg,₹ 41,"₹ 8,199",BRD-IND
T020122,07-11-2022,F01730,delivery,soya,"1,841.00 kgs","₹ 5,310","₹ 97,757",BRD-IND
T024744,12-07-2023,F01718,input,Seeds,96 kg,₹ 72,"₹ 6,913",BRD-IND
T006585,25-05-2020,F01756,LOAN_REPAY,EMI,,,₹ 900,BRD-IND
T025474,02-10-2023,F02280,DELIVERY,soya,59 kg,"₹ 6,215","₹ 3,667",BRD-IND
T009733,21-10-2020,f01753,L,EMI,,,"₹ 5,000",BRD-IND
T006542,01-01-2020,F01739,INPUT_PURCHASE,DAP,304 kg,₹ 47,"₹ 14,139",BRD-IND
T015116,11-10-2021,F01724,D,Soybean (Yellow),1423 kg,"₹ 5,305","₹ 75,490",BRD-IND
T002689,16-10-2019,F01731,delivery,Soybean,299 kg,"₹ 4,790","₹ 14,322",BRD-IND
T009662,28-10-2020,F01714,FPO_DELIVERY,Soybean (Yellow),414 kg,"₹ 4,980","₹ 20,617",BRD-IND
T031798,07-01-2025,F02323,FERT_PURCHASE,SEEDS,316 kgs,₹ 60,"₹ 18,897",BRD-IND
T015157,25-11-2021,F01753,DELIVERY,soya,"1,296.00 kgs","₹ 5,285","₹ 68,494",BRD-IND
T008150,20-04-2020,F02283,FPO_DELIVERY,WHEAT,517 kg,"₹ 2,230","₹ 11,529",BRD-IND
