txn_id,txn_date,farmer_id,txn_type,item,qty,rate_inr,amount_inr,gid
T000001,22/11/2019,F01001,DELIVERY,Cotton Kapas,3.14 quintals,"₹ 8,260.00","₹ 25,936.40",BRD-YTM
T000002,18/11/2019,F01001,delivery,COTTON (Kapas),1.5 qtl,"₹ 8,260.00","₹ 12,555.20",BRD-YTM
T000003,20/06/2019,f01001,Input Purchase,SEEDS,44 kgs,₹ 120.63,"₹ 5,307.72",BRD-YTM
T000004,01/06/2019,F01001,INPUT_PURCHASE,Hybrid Seeds,83 kg,₹ 124.07,"₹ 10,297.81",BRD-YTM
T000005,03/07/2019,F01001,loan,EMI,,,"₹ 5,700.00",BRD-YTM
T000006,26/11/2019,F01001,loan,Loan Repayment,,,"₹ 4,200.00",BRD-YTM
T000007,14/10/2019,F01002,D,COTTON (Kapas),0.65 quintals,"₹ 7,420.00","₹ 4,823.00",BRD-YTM
T000008,03/11/2019, F01002 ,delivery,Cotton,1.24 quintals,"₹ 7,420.00","₹ 9,200.80",BRD-YTM
T000009,24/11/2019,f01003,FPO_DELIVERY,Cotton,2.0 qtl,"₹ 7,910.00","₹ 15,582.70",BRD-YTM
T000010,12/10/2019,f01003,DELIVERY,COTTON (Kapas),3.27 q,"₹ 7,910.00","₹ 25,865.70",BRD-YTM
T000011,15/11/2019,F01003,D,COTTON (Kapas),0.49 quintals,"₹ 7,910.00","₹ 3,875.90",BRD-YTM
T000012,16/10/2019,F01003,D,Soybean (Yellow),7.23 quintals,"₹ 5,245.00","₹ 37,921.35",BRD-YTM
T000013,21/06/2019,F01003,Input Purchase,SEEDS,77 kg,₹ 75.65,"₹ 5,825.05",BRD-YTM
T000014,09/07/2019,f01003,INPUT_PURCHASE,SEEDS,158 kg,₹ 86.33,"₹ 13,640.14",BRD-YTM
T000015,30/11/2019,F01004,FPO_DELIVERY,Cotton,0.97 quintals,"₹ 7,770.00","₹ 7,536.90",BRD-YTM
T000016,16/10/2019,F01004,delivery,Cotton Kapas,4.32 q,"₹ 7,770.00","₹ 33,566.40",BRD-YTM
T000017,08/06/2019,F01004,I,FERTILIZER 50kg bag,210 kgs,₹ 32.04,"₹ 6,728.40",BRD-YTM
T000018,17/11/2019,F01005,D,COTTON (Kapas),10.76 quintals,"₹ 7,790.00","₹ 83,820.40",BRD-YTM
T000019,02/11/2019,F01005,delivery,COTTON (Kapas),9.21 quintals,"₹ 7,790.00","₹ 71,745.90",BRD-YTM
T000020,13/06/2019,F01005,FERT_PURCHASE,Urea,238 kg,₹ 29.81,"₹ 7,094.78",BRD-YTM
T000021,01/06/2019, F01005 ,input,Hybrid Seeds,133 kgs,₹ 72.04,"₹ 9,581.32",BRD-YTM
T000022,14/10/2019,F01006,delivery,COTTON (Kapas),2.23 quintals,"₹ 7,845.00","₹ 17,494.35",BRD-YTM
T000023,13/10/2019, F01006 ,FPO_DELIVERY,Cotton Kapas,0.2 qtl,"₹ 7,845.00","₹ 1,647.45",BRD-YTM
T000024,30/11/2019,F01006,D,Cotton,0.06 quintals,"₹ 7,845.00",₹ 470.70,BRD-YTM
T000025,18/10/2019,F01006,D,soya,2.34 quintals,"₹ 4,635.00","₹ 10,845.90",BRD-YTM
T000026,19/11/2019,f01006,delivery,SOYABEAN,1.01 quintals,"₹ 4,635.00","₹ 4,681.35",BRD-YTM
T000027,16/06/2019,f01006,I,DAP,217 kg,₹ 43.84,"₹ 9,513.28",BRD-YTM
T000028,14/07/2019, F01006 ,I,Seeds,162 kgs,₹ 111.79,"₹ 18,109.98",BRD-YTM
T000029,05/07/2019,F01006,FERT_PURCHASE,PPC,211 kg,₹ 681.54,"₹ 1,43,804.94",BRD-YTM
T000030,07/07/2019,F01006,FERT_PURCHASE,SEEDS,171 kgs,₹ 107.54,"₹ 18,389.34",BRD-YTM
T000031,05/06/2019,F01006,LOAN_REPAY,EMI,,,"₹ 1,000.00",BRD-YTM
T000032,19/10/2019, F01006 ,L,EMI,,,"₹ 4,000.00",BRD-YTM
T000033,16/10/2019,F01006,L,Loan Repayment,,,"₹ 6,800.00",BRD-YTM
T000034,27/11/2019,F01007,Delivery,kapas,3.1 qtl,"₹ 7,775.00","₹ 24,180.25",BRD-YTM
T000035,26/11/2019,F01007,DELIVERY,kapas,1.11 q,"₹ 7,775.00","₹ 8,630.25",BRD-YTM
T000036,13/11/2019,F01008,delivery,COTTON (Kapas),4.47 q,"₹ 7,660.00","₹ 34,240.20",BRD-YTM
T000037,01/10/2019,f01008,FPO_DELIVERY,COTTON (Kapas),1.86 quintals,"₹ 7,660.00","₹ 14,247.60",BRD-YTM
T000038,03/10/2019,F01008,D,SOYABEAN,6.9 qtl,"₹ 4,935.00","₹ 33,854.10",BRD-YTM
T000039,12/06/2019,F01008,input,NPK 10:26:26,71 kgs,₹ 56.45,"₹ 4,007.95",BRD-YTM
T000040,11/10/2019,f01009,FPO_DELIVERY,Cotton,6.38 q,"₹ 7,505.00","₹ 47,881.90",BRD-YTM
T000041,12/10/2019,f01009,Delivery,kapas,0.63 quintals,"₹ 7,505.00","₹ 4,728.15",BRD-YTM
T000042,10/10/2019,f01009,L,Loan Repayment,,,"₹ 5,600.00",BRD-YTM
T000043,15/11/2019,F01010,delivery,Cotton Kapas,2.33 quintals,"₹ 7,220.00","₹ 16,822.60",BRD-YTM
T000044,08/10/2019,F01010,FPO_DELIVERY,kapas,1.01 quintals,"₹ 7,220.00","₹ 7,292.20",BRD-YTM
T000045,04/11/2019,F01010,FPO_DELIVERY,SOYABEAN,2.07 quintals,"₹ 4,945.00","₹ 10,236.15",BRD-YTM
T000046,23/11/2019,F01010,DELIVERY,SOYABEAN,2.4 qtl,"₹ 4,945.00","₹ 11,917.45",BRD-YTM
T000047,23/11/2019,F01011,DELIVERY,Cotton Kapas,14.4 qtl,"₹ 7,130.00","₹ 1,02,386.80",BRD-YTM
T000048,01/07/2019,F01011,input,Fertilizer,103 kgs,₹ 30.46,"₹ 3,137.38",BRD-YTM
T000049,09/10/2019,F01012,Delivery,kapas,0.26 quintals,"₹ 7,125.00","₹ 1,852.50",BRD-YTM
T000050,29/10/2019,F01012,DELIVERY,Cotton Kapas,3.12 q,"₹ 7,125.00","₹ 22,230.00",BRD-YTM
T000051,15/10/2019,F01012,delivery,Soybean,2.5 qtl,"₹ 4,900.00","₹ 12,005.00",BRD-YTM
T000052,25/11/2019,F01012,D,Soybean,1.71 q,"₹ 4,900.00","₹ 8,379.00",BRD-YTM
T000053,17/11/2019,F01013,FPO_DELIVERY,kapas,3.52 quintals,"₹ 7,245.00","₹ 25,502.40",BRD-YTM
T000054,15/11/2019,F01013,delivery,Cotton,8.1 qtl,"₹ 7,245.00","₹ 58,394.70",BRD-YTM
T000055,12/06/2019,F01013,INPUT_PURCHASE,NPK 10:26:26,257 kgs,₹ 36.86,"₹ 9,473.02",BRD-YTM
T000056,24/10/2019,F01014,FPO_DELIVERY,Cotton,4.27 q,"₹ 8,005.00","₹ 34,181.35",BRD-YTM
T000057,22/10/2019,F01014,D,soya,3.34 quintals,"₹ 4,975.00","₹ 16,616.50",BRD-YTM
T000058,28/11/2019,F01014,D,Soybean (Yellow),1.6 qtl,"₹ 4,975.00","₹ 8,059.50",BRD-YTM
T000059,17/06/2019, F01014 ,input,DAP,255 kgs,₹ 37.78,"₹ 9,633.90",BRD-YTM
T000060,19/06/2019,F01014,input,Fertilizer,168 kgs,₹ 51.83,"₹ 8,707.44",BRD-YTM
T000061,14/11/2019,f01015,Delivery,COTTON (Kapas),11.98 quintals,"₹ 7,900.00","₹ 94,642.00",BRD-YTM
T000062,10/10/2019,F01016,DELIVERY,Cotton,1.2 qtl,"₹ 7,750.00","₹ 8,990.00",BRD-YTM
T000063,10/11/2019,f01016,D,SOYABEAN,1.47 quintals,"₹ 4,855.00","₹ 7,136.85",BRD-YTM
T000064,15/06/2019,f01016,INPUT_PURCHASE,Urea,87 kgs,₹ 47.46,"₹ 4,129.02",BRD-YTM
T000065,14/06/2019,F01016,I,PP chemicals,118 kg,₹ 177.09,"₹ 20,896.62",BRD-YTM
T000066,10/06/2019,F01016,I,Urea,31 kgs,₹ 57.43,"₹ 1,780.33",BRD-YTM
T000067,22/11/2019,F01017,D,Cotton Kapas,6.0 qtl,"₹ 8,115.00","₹ 49,095.75",BRD-YTM
T000068,07/10/2019,F01017,FPO_DELIVERY,Cotton,7.61 q,"₹ 8,115.00","₹ 61,755.15",BRD-YTM
T000069,05/11/2019,F01017,delivery,SOYABEAN,17.3 qtl,"₹ 4,770.00","₹ 82,568.70",BRD-YTM
T000070,13/06/2019,F01017,FERT_PURCHASE,SEEDS,29 kg,₹ 53.71,"₹ 1,557.59",BRD-YTM
T000071,06/06/2019,F01017,loan,EMI,,,"₹ 1,400.00",BRD-YTM
T000072,10/11/2019,F01018,D,kapas,8.51 q,"₹ 7,690.00","₹ 65,441.90",BRD-YTM
T000073,10/06/2019,F01018,Input Purchase,PP chemicals,35 kg,₹ 243.78,"₹ 8,532.30",BRD-YTM
T000074,31/10/2019,F01019,delivery,Cotton,2.2 qtl,"₹ 7,725.00","₹ 17,149.50",BRD-YTM
T000075,19/10/2019,F01019,FPO_DELIVERY,Cotton Kapas,5.3 qtl,"₹ 7,725.00","₹ 41,097.00",BRD-YTM
T000076,04/11/2019,F01019,D,COTTON (Kapas),6.0 qtl,"₹ 7,725.00","₹ 46,041.00",BRD-YTM
T000077,20/11/2019,F01019,delivery,Soybean (Yellow),12.9 qtl,"₹ 5,040.00","₹ 64,864.80",BRD-YTM
T000078,07/10/2019,F01019,delivery,Soybean (Yellow),1.9 qtl,"₹ 5,040.00","₹ 9,374.40",BRD-YTM
T000079,13/06/2019,F01019,I,PP chemicals,168 kg,₹ 562.96,"₹ 94,577.28",BRD-YTM
T000080,03/11/2019,F01019,LOAN_REPAY,EMI,,,"₹ 6,100.00",BRD-YTM
T000081,19/11/2019,F01019,LOAN_REPAY,EMI,,,"₹ 1,000.00",BRD-YTM
T000082,04/11/2019,F01020,DELIVERY,kapas,2.5 qtl,"₹ 7,230.00","₹ 18,436.50",BRD-YTM
T000083,11/07/2019,F01020,FERT_PURCHASE,NPK 10:26:26,179 kg,₹ 28.37,"₹ 5,078.23",BRD-YTM
T000084,17/10/2019,F01021,DELIVERY,Cotton,2.56 q,"₹ 7,385.00","₹ 18,905.60",BRD-YTM
T000085,20/10/2019,F01021,Delivery,COTTON (Kapas),9.35 quintals,"₹ 7,385.00","₹ 69,049.75",BRD-YTM
T000086,02/11/2019,F01021,FPO_DELIVERY,Soybean,14.30 q,"₹ 4,945.00","₹ 70,713.50",BRD-YTM
T000087,04/07/2019, F01021 ,INPUT_PURCHASE,Fertilizer,92 kg,₹ 40.72,"₹ 3,746.24",BRD-YTM
T000088,04/06/2019,f01021,INPUT_PURCHASE,Fertilizer,62 kgs,₹ 40.84,"₹ 2,532.08",BRD-YTM
T000089,25/06/2019,F01021,Input Purchase,Fertilizer,211 kgs,₹ 58.91,"₹ 12,430.01",BRD-YTM
T000090,02/07/2019,F01021,INPUT_PURCHASE,Urea,281 kgs,₹ 30.16,"₹ 8,474.96",BRD-YTM
T000091,10/11/2019,F01022,D,COTTON (Kapas),7.98 q,"₹ 7,630.00","₹ 60,887.40",BRD-YTM
T000092,24/10/2019,F01022,Delivery,soya,6.93 quintals,"₹ 4,945.00","₹ 34,268.85",BRD-YTM
T000093,14/10/2019,F01022,Delivery,Soybean (Yellow),4.0 qtl,"₹ 4,945.00","₹ 19,780.00",BRD-YTM
T000094,14/06/2019,F01022,input,SEEDS,300 kg,₹ 96.30,"₹ 28,890.00",BRD-YTM
T000095,13/06/2019,F01022,I,Seeds,285 kg,₹ 86.43,"₹ 24,632.55",BRD-YTM
T000096,12/10/2019,F01023,DELIVERY,kapas,2.83 q,"₹ 7,730.00","₹ 21,875.90",BRD-YTM
T000097,15/10/2019,F01023,D,Cotton Kapas,7.4 qtl,"₹ 7,730.00","₹ 56,970.10",BRD-YTM
T000098,02/06/2019,F01023,I,NPK 10:26:26,206 kgs,₹ 31.04,"₹ 6,394.24",BRD-YTM
T000099,20/06/2019,f01023,input,FERTILIZER 50kg bag,301 kgs,₹ 35.45,"₹ 10,670.45",BRD-YTM
T000100,02/11/2019,F01024,DELIVERY,Cotton Kapas,16.41 quintals,"₹ 7,190.00","₹ 1,17,987.90",BRD-YTM
T000101,13/11/2019,F01024,delivery,Soybean (Yellow),21.78 quintals,"₹ 4,930.00","₹ 1,07,375.40",BRD-YTM
T000102,27/06/2019,F01024,INPUT_PURCHASE,NPK 10:26:26,120 kg,₹ 44.81,"₹ 5,377.20",BRD-YTM
T000103,01/06/2019,F01024,INPUT_PURCHASE,Hybrid Seeds,87 kgs,₹ 78.73,"₹ 6,849.51",BRD-YTM
T000104,04/10/2019,f01025,FPO_DELIVERY,COTTON (Kapas),4.58 quintals,"₹ 7,385.00","₹ 33,823.30",BRD-YTM
T000105,05/11/2019,F01025,delivery,Cotton Kapas,8.90 quintals,"₹ 7,385.00","₹ 65,726.50",BRD-YTM
T000106,12/10/2019,F01025,D,Soybean,4.38 quintals,"₹ 5,005.00","₹ 21,921.90",BRD-YTM
T000107,21/10/2019,F01025,FPO_DELIVERY,soya,12.8 qtl,"₹ 5,005.00","₹ 64,314.25",BRD-YTM
T000108,20/11/2019,F01025,D,Soybean,1.5 qtl,"₹ 5,005.00","₹ 7,307.30",BRD-YTM
T000109,24/11/2019,F01026,Delivery,kapas,9.81 q,"₹ 7,885.00","₹ 77,351.85",BRD-YTM
T000110,30/06/2019, F01026 ,INPUT_PURCHASE,NPK 10:26:26,44 kgs,₹ 39.57,"₹ 1,741.08",BRD-YTM
T000111,27/06/2019,F01026,input,PPC,107 kg,₹ 505.66,"₹ 54,105.62",BRD-YTM
T000112,10/11/2019,F01027,Delivery,kapas,1.7 qtl,"₹ 7,660.00","₹ 12,792.20",BRD-YTM
T000113,25/11/2019,F01027,D,Soybean (Yellow),0.3 qtl,"₹ 4,925.00","₹ 1,329.75",BRD-YTM
T000114,08/11/2019,F01027,FPO_DELIVERY,SOYABEAN,1.5 qtl,"₹ 4,925.00","₹ 7,584.50",BRD-YTM
T000115,30/06/2019,F01027,FERT_PURCHASE,Urea,121 kgs,₹ 53.81,"₹ 6,511.01",BRD-YTM
T000116,07/08/2019,F01027,Loan Repayment,Loan Repayment,,,"₹ 2,100.00",BRD-YTM
T000117,12/11/2019,F01028,DELIVERY,Cotton Kapas,9.29 quintals,"₹ 8,205.00","₹ 76,224.45",BRD-YTM
T000118,18/10/2019,F01029,D,Cotton,5.59 q,"₹ 7,675.00","₹ 42,903.25",BRD-YTM
T000119,06/10/2019,F01029,Delivery,Cotton Kapas,4.49 q,"₹ 7,675.00","₹ 34,460.75",BRD-YTM
T000120,30/06/2019,F01029,INPUT_PURCHASE,NPK 10:26:26,69 kgs,₹ 56.71,"₹ 3,912.99",BRD-YTM
T000121,12/07/2019,F01029,I,Bio-pesticide,270 kg,₹ 520.92,"₹ 1,40,648.40",BRD-YTM
T000122,17/10/2019,F01030,FPO_DELIVERY,COTTON (Kapas),2.64 q,"₹ 8,050.00","₹ 21,252.00",BRD-YTM
T000123,22/10/2019,F01030,delivery,Soybean,3.3 qtl,"₹ 4,865.00","₹ 16,151.80",BRD-YTM
T000124,11/06/2019, F01030 ,I,Fertilizer,91 kg,₹ 44.81,"₹ 4,077.71",BRD-YTM
T000125,20/06/2019,F01030,Input Purchase,Urea,308 kgs,₹ 44.87,"₹ 13,819.96",BRD-YTM
T000126,19/10/2019,F01031,DELIVERY,COTTON (Kapas),9.84 q,"₹ 7,415.00","₹ 72,963.60",BRD-YTM
T000127,03/07/2019,F01031,Input Purchase,PPC,29 kg,₹ 291.86,"₹ 8,463.94",BRD-YTM
T000128,29/06/2019,F01031,loan,EMI,,,"₹ 1,000.00",BRD-YTM
T000129,29/11/2019,F01032,DELIVERY,kapas,7.5 qtl,"₹ 7,355.00","₹ 55,162.50",BRD-YTM
T000130,02/10/2019,F01032,FPO_DELIVERY,kapas,0.70 quintals,"₹ 7,355.00","₹ 5,148.50",BRD-YTM
T000131,13/10/2019,F01033,delivery,Cotton Kapas,2.23 quintals,"₹ 7,470.00","₹ 16,658.10",BRD-YTM
T000132,11/07/2019,F01033,FERT_PURCHASE,Hybrid Seeds,188 kg,₹ 53.21,"₹ 10,003.48",BRD-YTM
T000133,01/08/2019,F01033,L,Loan Repayment,,,"₹ 5,300.00",BRD-YTM
T000134,04/11/2019,F01034,delivery,kapas,3.59 q,"₹ 7,630.00","₹ 27,391.70",BRD-YTM
T000135,06/07/2019,F01034,FERT_PURCHASE,Seeds,262 kgs,₹ 88.99,"₹ 23,315.38",BRD-YTM
T000136,05/09/2019,f01034,loan,EMI,,,"₹ 7,600.00",BRD-YTM
T000137,26/10/2019,f01035,FPO_DELIVERY,COTTON (Kapas),3.43 q,"₹ 7,325.00","₹ 25,124.75",BRD-YTM
T000138,10/10/2019,F01035,FPO_DELIVERY,Cotton,2.53 q,"₹ 7,325.00","₹ 18,532.25",BRD-YTM
T000139,31/10/2019,f01035,delivery,soya,6.17 q,"₹ 4,945.00","₹ 30,510.65",BRD-YTM
T000140,17/10/2019,F01036,delivery,Cotton,4.01 q,"₹ 7,465.00","₹ 29,934.65",BRD-YTM
T000141,05/10/2019,F01036,Delivery,COTTON (Kapas),7.24 q,"₹ 7,465.00","₹ 54,046.60",BRD-YTM
T000142,15/10/2019,F01036,Delivery,Soybean (Yellow),4.9 qtl,"₹ 4,710.00","₹ 23,267.40",BRD-YTM
T000143,24/10/2019,F01036,Delivery,Soybean,0.46 quintals,"₹ 4,710.00","₹ 2,166.60",BRD-YTM
T000144,25/11/2019,F01036,DELIVERY,Soybean,8.66 q,"₹ 4,710.00","₹ 40,788.60",BRD-YTM
T000145,30/06/2019,F01036,INPUT_PURCHASE,FERTILIZER 50kg bag,198 kg,₹ 49.96,"₹ 9,892.08",BRD-YTM
T000146,14/06/2019,F01036,I,Seeds,204 kgs,₹ 121.64,"₹ 24,814.56",BRD-YTM
T000147,15/11/2019,f01037,Delivery,kapas,1.12 q,"₹ 7,265.00","₹ 8,136.80",BRD-YTM
T000148,10/10/2019,F01037,delivery,COTTON (Kapas),5.98 q,"₹ 7,265.00","₹ 43,444.70",BRD-YTM
T000149,02/11/2019,F01037,DELIVERY,Soybean (Yellow),6.2 qtl,"₹ 4,685.00","₹ 28,812.75",BRD-YTM
T000150,14/10/2019,F01037,FPO_DELIVERY,soya,3.17 quintals,"₹ 4,685.00","₹ 14,851.45",BRD-YTM
T000151,01/07/2019, F01037 ,Input Purchase,FERTILIZER 50kg bag,132 kg,₹ 57.71,"₹ 7,617.72",BRD-YTM
T000152,12/10/2019,F01038,D,COTTON (Kapas),34.94 quintals,"₹ 7,540.00","₹ 2,63,447.60",BRD-YTM
T000153,25/10/2019,F01038,FPO_DELIVERY,soya,47.78 q,"₹ 4,885.00","₹ 2,33,405.30",BRD-YTM
T000154,04/11/2019,F01038,D,soya,0.14 quintals,"₹ 4,885.00",₹ 683.90,BRD-YTM
T000155,06/07/2019,F01038,I,FERTILIZER 50kg bag,144 kgs,₹ 56.52,"₹ 8,138.88",BRD-YTM
T000156,01/07/2019,F01038,INPUT_PURCHASE,NPK 10:26:26,276 kgs,₹ 53.02,"₹ 14,633.52",BRD-YTM
T000157,16/06/2019,f01038,FERT_PURCHASE,Hybrid Seeds,166 kg,₹ 58.35,"₹ 9,686.10",BRD-YTM
T000158,03/11/2019,F01039,Delivery,Cotton,0.41 q,"₹ 6,905.00","₹ 2,831.05",BRD-YTM
T000159,22/11/2019,F01039,FPO_DELIVERY,kapas,0.05 quintals,"₹ 6,905.00",₹ 345.25,BRD-YTM
T000160,17/11/2019,f01039,D,kapas,0.10 q,"₹ 6,905.00",₹ 690.50,BRD-YTM
T000161,08/10/2019,F01039,Delivery,Soybean (Yellow),0.7 qtl,"₹ 4,715.00","₹ 3,347.65",BRD-YTM
T000162,23/06/2019,F01039,I,DAP,285 kg,₹ 32.34,"₹ 9,216.90",BRD-YTM
T000163,09/11/2019,F01040,FPO_DELIVERY,Cotton Kapas,13.2 qtl,"₹ 7,600.00","₹ 1,00,016.00",BRD-YTM
T000164,06/07/2019,F01040,FERT_PURCHASE,SEEDS,303 kgs,₹ 94.80,"₹ 28,724.40",BRD-YTM
T000165,11/11/2019,F01041,DELIVERY,COTTON (Kapas),9.3 qtl,"₹ 7,390.00","₹ 68,727.00",BRD-YTM
T000166,08/07/2019,F01041,INPUT_PURCHASE,DAP,172 kgs,₹ 44.27,"₹ 7,614.44",BRD-YTM
T000167,08/07/2019,F01041,I,DAP,193 kgs,₹ 49.22,"₹ 9,499.46",BRD-YTM
T000168,18/08/2019,F01041,Loan Repayment,EMI,,,"₹ 1,500.00",BRD-YTM
T000169,01/08/2019,F01041,loan,Loan Repayment,,,"₹ 5,000.00",BRD-YTM
T000170,06/08/2019,F01041,L,Loan Repayment,,,"₹ 6,300.00",BRD-YTM
T000171,25/11/2019,F01042,FPO_DELIVERY,Cotton Kapas,13.73 quintals,"₹ 7,305.00","₹ 1,00,297.65",BRD-YTM
T000172,17/08/2019,F01042,L,Loan Repayment,,,"₹ 6,800.00",BRD-YTM
T000173,07/09/2019,f01042,L,Loan Repayment,,,"₹ 5,100.00",BRD-YTM
T000174,05/11/2019,F01043,DELIVERY,kapas,17.9 qtl,"₹ 7,890.00","₹ 1,41,467.70",BRD-YTM
T000175,22/11/2019,F01043,FPO_DELIVERY,Cotton,5.0 qtl,"₹ 7,890.00","₹ 39,134.40",BRD-YTM
T000176,01/11/2019,f01043,Delivery,Soybean,27.97 quintals,"₹ 4,630.00","₹ 1,29,501.10",BRD-YTM
T000177,15/11/2019,F01043,loan,EMI,,,"₹ 3,400.00",BRD-YTM
T000178,16/10/2019,F01043,LOAN_REPAY,Loan Repayment,,,"₹ 4,900.00",BRD-YTM
T000179,31/10/2019,F01044,D,Cotton Kapas,18.01 q,"₹ 8,055.00","₹ 1,45,070.55",BRD-YTM
T000180,13/11/2019,F01044,delivery,kapas,2.24 q,"₹ 8,055.00","₹ 18,043.20",BRD-YTM
T000181,05/10/2019,F01044,Delivery,soya,1.24 quintals,"₹ 4,585.00","₹ 5,685.40",BRD-YTM
T000182,04/10/2019,F01044,FPO_DELIVERY,soya,23.80 q,"₹ 4,585.00","₹ 1,09,123.00",BRD-YTM
T000183,06/06/2019,F01044,Input Purchase,NPK 10:26:26,224 kgs,₹ 49.17,"₹ 11,014.08",BRD-YTM
T000184,06/06/2019,F01044,Input Purchase,NPK 10:26:26,162 kg,₹ 39.58,"₹ 6,411.96",BRD-YTM
T000185,07/10/2019,F01045,D,COTTON (Kapas),1.00 q,"₹ 7,780.00","₹ 7,780.00",BRD-YTM
T000186,21/11/2019,F01045,FPO_DELIVERY,Cotton,6.92 quintals,"₹ 7,780.00","₹ 53,837.60",BRD-YTM
T000187,14/10/2019,F01046,delivery,Cotton,3.26 quintals,"₹ 7,800.00","₹ 25,428.00",BRD-YTM
T000188,12/11/2019,f01046,delivery,soya,0.8 qtl,"₹ 4,970.00","₹ 3,727.50",BRD-YTM
T000189,06/11/2019,F01046,delivery,soya,3.60 quintals,"₹ 4,970.00","₹ 17,892.00",BRD-YTM
T000190,15/07/2019,F01046,I,FERTILIZER 50kg bag,276 kg,₹ 54.08,"₹ 14,926.08",BRD-YTM
T000191,30/11/2019,f01047,D,Cotton,1.26 q,"₹ 7,140.00","₹ 8,996.40",BRD-YTM
T000192,11/10/2019,f01047,DELIVERY,COTTON (Kapas),1.15 quintals,"₹ 7,140.00","₹ 8,211.00",BRD-YTM
T000193,21/11/2019,F01047,D,kapas,1.5 qtl,"₹ 7,140.00","₹ 10,710.00",BRD-YTM
T000194,26/11/2019,F01047,Delivery,SOYABEAN,5.0 qtl,"₹ 4,845.00","₹ 24,225.00",BRD-YTM
T000195,24/11/2019,F01048,FPO_DELIVERY,Cotton Kapas,2.99 q,"₹ 7,580.00","₹ 22,664.20",BRD-YTM
T000196,02/10/2019,F01048,DELIVERY,COTTON (Kapas),1.70 quintals,"₹ 7,580.00","₹ 12,886.00",BRD-YTM
T000197,27/11/2019,F01048,Delivery,SOYABEAN,3.7 qtl,"₹ 5,075.00","₹ 18,777.50",BRD-YTM
T000198,30/11/2019,F01048,delivery,SOYABEAN,2.71 quintals,"₹ 5,075.00","₹ 13,753.25",BRD-YTM
T000199,08/06/2019,F01048,I,NPK 10:26:26,204 kg,₹ 48.14,"₹ 9,820.56",BRD-YTM
T000200,04/06/2019,F01048,input,SEEDS,25 kg,₹ 126.57,"₹ 3,164.25",BRD-YTM
T000201,18/06/2019,F01048,I,PP chemicals,96 kgs,₹ 647.52,"₹ 62,161.92",BRD-YTM
T000202,26/11/2019,F01049,D,Cotton,1.28 quintals,"₹ 7,260.00","₹ 9,292.80",BRD-YTM
T000203,07/11/2019,f01049,FPO_DELIVERY,Cotton Kapas,0.31 q,"₹ 7,260.00","₹ 2,250.60",BRD-YTM
T000204,11/07/2019,F01049,Input Purchase,SEEDS,55 kg,₹ 79.70,"₹ 4,383.50",BRD-YTM
T000205,13/06/2019,f01049,Input Purchase,SEEDS,235 kg,₹ 111.08,"₹ 26,103.80",BRD-YTM
T000206,20/06/2019,F01049,FERT_PURCHASE,DAP,59 kgs,₹ 44.95,"₹ 2,652.05",BRD-YTM
T000207,09/07/2019,F01049,input,NPK 10:26:26,151 kgs,₹ 46.15,"₹ 6,968.65",BRD-YTM
T000208,01/10/2019,f01050,FPO_DELIVERY,Cotton,23.09 q,"₹ 7,880.00","₹ 1,81,949.20",BRD-YTM
T000209,04/06/2019,F01050,INPUT_PURCHASE,DAP,214 kgs,₹ 51.64,"₹ 11,050.96",BRD-YTM
T000210,02/06/2019,F01050,I,Urea,265 kgs,₹ 40.97,"₹ 10,857.05",BRD-YTM
T000211,21/06/2019,F01050,input,NPK 10:26:26,131 kgs,₹ 52.10,"₹ 6,825.10",BRD-YTM
T000212,21/11/2019,f01051,delivery,Cotton,8.4 qtl,"₹ 7,505.00","₹ 63,192.10",BRD-YTM
T000213,20/06/2019,F01051,INPUT_PURCHASE,NPK 10:26:26,107 kg,₹ 56.23,"₹ 6,016.61",BRD-YTM
T000214,05/11/2019,f01051,loan,EMI,,,"₹ 1,900.00",BRD-YTM
T000215,09/07/2019,F01051,loan,EMI,,,"₹ 4,900.00",BRD-YTM
T000216,11/10/2019,F01052,Delivery,COTTON (Kapas),8.9 qtl,"₹ 7,245.00","₹ 64,625.40",BRD-YTM
T000217,12/11/2019,F01052,FPO_DELIVERY,Cotton,6.0 qtl,"₹ 7,245.00","₹ 43,252.65",BRD-YTM
T000218,16/10/2019,F01052,Delivery,Soybean,15.5 qtl,"₹ 5,030.00","₹ 78,065.60",BRD-YTM
T000219,15/07/2019,F01052,FERT_PURCHASE,Urea,48 kgs,₹ 51.30,"₹ 2,462.40",BRD-YTM
T000220,25/10/2019,F01053,delivery,kapas,12.6 qtl,"₹ 7,560.00","₹ 94,953.60",BRD-YTM
T000221,30/06/2019,f01053,INPUT_PURCHASE,Urea,280 kg,₹ 54.02,"₹ 15,125.60",BRD-YTM
T000222,16/06/2019,F01053,I,Hybrid Seeds,36 kg,₹ 129.66,"₹ 4,667.76",BRD-YTM
T000223,15/10/2019,F01054,delivery,COTTON (Kapas),4.13 quintals,"₹ 7,810.00","₹ 32,255.30",BRD-YTM
T000224,20/11/2019,F01054,D,Cotton Kapas,11.54 quintals,"₹ 7,810.00","₹ 90,127.40",BRD-YTM
T000225,12/06/2019,F01054,Input Purchase,NPK 10:26:26,210 kgs,₹ 40.45,"₹ 8,494.50",BRD-YTM
T000226,08/06/2019,F01054,INPUT_PURCHASE,DAP,255 kg,₹ 55.28,"₹ 14,096.40",BRD-YTM
T000227,04/06/2019,F01054,input,PPC,36 kgs,₹ 296.06,"₹ 10,658.16",BRD-YTM
T000228,01/07/2019,F01054,FERT_PURCHASE,DAP,116 kgs,₹ 32.19,"₹ 3,734.04",BRD-YTM
T000229,26/10/2019,F01055,FPO_DELIVERY,kapas,15.6 qtl,"₹ 7,595.00","₹ 1,18,178.20",BRD-YTM
T000230,09/07/2019,F01055,INPUT_PURCHASE,Seeds,206 kgs,₹ 55.60,"₹ 11,453.60",BRD-YTM
T000231,12/06/2019,F01055,INPUT_PURCHASE,FERTILIZER 50kg bag,143 kgs,₹ 49.74,"₹ 7,112.82",BRD-YTM
T000232,16/10/2019,f01056,DELIVERY,Cotton,0.62 q,"₹ 7,740.00","₹ 4,798.80",BRD-YTM
T000233,21/10/2019,F01056,delivery,Cotton Kapas,9.01 quintals,"₹ 7,740.00","₹ 69,737.40",BRD-YTM
T000234,07/10/2019,F01056,Delivery,COTTON (Kapas),5.05 q,"₹ 7,740.00","₹ 39,087.00",BRD-YTM
T000235,08/06/2019,F01056,INPUT_PURCHASE,PPC,292 kg,₹ 476.46,"₹ 1,39,126.32",BRD-YTM
T000236,14/10/2019,F01057,delivery,kapas,3.9 qtl,"₹ 7,770.00","₹ 30,380.70",BRD-YTM
T000237,26/10/2019,f01057,D,kapas,6.23 quintals,"₹ 7,770.00","₹ 48,407.10",BRD-YTM
T000238,04/10/2019,F01057,DELIVERY,SOYABEAN,5.5 qtl,"₹ 4,815.00","₹ 26,434.35",BRD-YTM
T000239,22/11/2019,F01057,D,Soybean (Yellow),8.32 quintals,"₹ 4,815.00","₹ 40,060.80",BRD-YTM
T000240,04/07/2019,F01057,input,Hybrid Seeds,233 kg,₹ 51.18,"₹ 11,924.94",BRD-YTM
T000241,28/11/2019,F01058,Delivery,Cotton Kapas,14.44 quintals,"₹ 7,880.00","₹ 1,13,787.20",BRD-YTM
T000242,01/10/2019,f01058,DELIVERY,Cotton,7.46 q,"₹ 7,880.00","₹ 58,784.80",BRD-YTM
T000243,15/10/2019,F01058,delivery,kapas,9.52 q,"₹ 7,880.00","₹ 75,017.60",BRD-YTM
T000244,09/07/2019,F01058,Input Purchase,Bio-pesticide,83 kg,₹ 515.39,"₹ 42,777.37",BRD-YTM
T000245,07/06/2019,F01058,FERT_PURCHASE,SEEDS,186 kgs,₹ 83.28,"₹ 15,490.08",BRD-YTM
T000246,11/11/2019,F01059,delivery,Cotton Kapas,3.4 qtl,"₹ 7,095.00","₹ 24,335.85",BRD-YTM
T000247,13/07/2019,F01059,I,FERTILIZER 50kg bag,314 kg,₹ 48.90,"₹ 15,354.60",BRD-YTM
T000248,30/06/2019,f01059,Input Purchase,PP chemicals,148 kg,₹ 124.26,"₹ 18,390.48",BRD-YTM
T000249,10/10/2019, F01060 ,D,COTTON (Kapas),1.82 q,"₹ 6,915.00","₹ 12,585.30",BRD-YTM
T000250,27/10/2019,F01060,FPO_DELIVERY,kapas,1.65 quintals,"₹ 6,915.00","₹ 11,409.75",BRD-YTM
T000251,19/06/2019,f01060,FERT_PURCHASE,Urea,103 kg,₹ 29.73,"₹ 3,062.19",BRD-YTM
T000252,21/06/2019,F01060,FERT_PURCHASE,SEEDS,235 kgs,₹ 59.29,"₹ 13,933.15",BRD-YTM
T000253,09/06/2019,F01060,INPUT_PURCHASE,Fertilizer,200 kg,₹ 46.16,"₹ 9,232.00",BRD-YTM
T000254,21/06/2019, F01060 ,I,Hybrid Seeds,42 kg,₹ 62.65,"₹ 2,631.30",BRD-YTM
T000255,01/10/2019,F01061,delivery,Cotton Kapas,1.85 quintals,"₹ 7,825.00","₹ 14,476.25",BRD-YTM
T000256,16/10/2019,F01061,Delivery,kapas,2.55 q,"₹ 7,825.00","₹ 19,953.75",BRD-YTM
T000257,06/11/2019,f01061,Delivery,kapas,1.54 quintals,"₹ 7,825.00","₹ 12,050.50",BRD-YTM
T000258,29/06/2019,F01061,INPUT_PURCHASE,Seeds,141 kg,₹ 69.79,"₹ 9,840.39",BRD-YTM
T000259,26/11/2019,F01062,D,Cotton,0.5 qtl,"₹ 7,400.00","₹ 3,330.00",BRD-YTM
T000260,03/11/2019,F01062,FPO_DELIVERY,Cotton,11.84 q,"₹ 7,400.00","₹ 87,616.00",BRD-YTM
T000261,22/06/2019,f01062,FERT_PURCHASE,SEEDS,86 kg,₹ 128.63,"₹ 11,062.18",BRD-YTM
T000262,04/06/2019,f01062,INPUT_PURCHASE,Hybrid Seeds,253 kgs,₹ 125.96,"₹ 31,867.88",BRD-YTM
T000263,29/11/2019,F01063,delivery,COTTON (Kapas),2.33 q,"₹ 7,565.00","₹ 17,626.45",BRD-YTM
T000264,13/11/2019,f01063,DELIVERY,Cotton,2.1 qtl,"₹ 7,565.00","₹ 16,113.45",BRD-YTM
T000265,03/06/2019,F01063,I,DAP,38 kgs,₹ 50.62,"₹ 1,923.56",BRD-YTM
T000266,03/07/2019,F01063,Input Purchase,Hybrid Seeds,299 kgs,₹ 85.02,"₹ 25,420.98",BRD-YTM
T000267,07/07/2019,F01063,Input Purchase,SEEDS,119 kgs,₹ 118.37,"₹ 14,086.03",BRD-YTM
T000268,19/08/2019,F01063,loan,EMI,,,"₹ 4,000.00",BRD-YTM
T000269,10/10/2019,F01064,delivery,COTTON (Kapas),5.13 q,"₹ 7,685.00","₹ 39,424.05",BRD-YTM
T000270,31/10/2019, F01064 ,delivery,kapas,3.6 qtl,"₹ 7,685.00","₹ 27,973.40",BRD-YTM
T000271,10/11/2019,F01064,D,COTTON (Kapas),10.25 quintals,"₹ 7,685.00","₹ 78,771.25",BRD-YTM
T000272,13/07/2019, F01064 ,input,FERTILIZER 50kg bag,224 kg,₹ 31.62,"₹ 7,082.88",BRD-YTM
T000273,28/08/2019,F01064,L,EMI,,,"₹ 5,300.00",BRD-YTM
T000274,19/10/2019,F01065,delivery,Cotton,6.58 quintals,"₹ 7,030.00","₹ 46,257.40",BRD-YTM
T000275,10/07/2019,F01065,FERT_PURCHASE,Fertilizer,294 kgs,₹ 46.22,"₹ 13,588.68",BRD-YTM
T000276,22/06/2019,F01065,Input Purchase,Fertilizer,56 kg,₹ 41.56,"₹ 2,327.36",BRD-YTM
T000277,12/07/2019,f01065,input,Seeds,254 kg,₹ 87.71,"₹ 22,278.34",BRD-YTM
T000278,16/10/2019,F01066,DELIVERY,kapas,11.74 q,"₹ 7,620.00","₹ 89,458.80",BRD-YTM
T000279,19/11/2019,F01066,delivery,Cotton Kapas,1.6 qtl,"₹ 7,620.00","₹ 12,496.80",BRD-YTM
T000280,28/06/2019,F01066,INPUT_PURCHASE,NPK 10:26:26,74 kgs,₹ 35.73,"₹ 2,644.02",BRD-YTM
T000281,12/07/2019,f01066,I,SEEDS,166 kgs,₹ 70.74,"₹ 11,742.84",BRD-YTM
T000282,29/10/2019,F01067,Delivery,Cotton,3.70 q,"₹ 7,860.00","₹ 29,082.00",BRD-YTM
T000283,28/11/2019,F01067,FPO_DELIVERY,Cotton Kapas,0.38 q,"₹ 7,860.00","₹ 2,986.80",BRD-YTM
T000284,19/10/2019,f01067,DELIVERY,SOYABEAN,6.12 quintals,"₹ 4,615.00","₹ 28,243.80",BRD-YTM
T000285,23/06/2019,F01067,Input Purchase,Fertilizer,107 kg,₹ 35.30,"₹ 3,777.10",BRD-YTM
T000286,01/06/2019,F01067,I,Fertilizer,134 kg,₹ 52.15,"₹ 6,988.10",BRD-YTM
T000287,13/10/2019,F01068,Delivery,Cotton,10.19 q,"₹ 7,720.00","₹ 78,666.80",BRD-YTM
T000288,06/07/2019,F01068,FERT_PURCHASE,FERTILIZER 50kg bag,144 kg,₹ 28.37,"₹ 4,085.28",BRD-YTM
T000289,29/06/2019,F01068,FERT_PURCHASE,DAP,105 kgs,₹ 28.33,"₹ 2,974.65",BRD-YTM
T000290,05/06/2019,F01068,FERT_PURCHASE,NPK 10:26:26,152 kgs,₹ 33.53,"₹ 5,096.56",BRD-YTM
T000291,13/10/2019,F01069,FPO_DELIVERY,Cotton,5.17 quintals,"₹ 7,840.00","₹ 40,532.80",BRD-YTM
T000292,11/10/2019,F01069,D,Cotton,0.20 quintals,"₹ 7,840.00","₹ 1,568.00",BRD-YTM
T000293,12/10/2019,F01069,FPO_DELIVERY,Cotton Kapas,2.66 q,"₹ 7,840.00","₹ 20,854.40",BRD-YTM
T000294,07/10/2019,F01069,Loan Repayment,Loan Repayment,,,"₹ 2,600.00",BRD-YTM
T000295,03/11/2019,F01070,Delivery,Cotton,1.03 quintals,"₹ 7,940.00","₹ 8,178.20",BRD-YTM
T000296,14/11/2019,F01070,delivery,Cotton Kapas,6.62 quintals,"₹ 7,940.00","₹ 52,562.80",BRD-YTM
T000297,05/06/2019,F01070,I,NPK 10:26:26,51 kg,₹ 40.11,"₹ 2,045.61",BRD-YTM
T000298,26/11/2019,F01071,delivery,COTTON (Kapas),6.99 q,"₹ 7,660.00","₹ 53,543.40",BRD-YTM
T000299,17/11/2019,F01071,FPO_DELIVERY,Cotton,0.52 q,"₹ 7,660.00","₹ 3,983.20",BRD-YTM
T000300,19/10/2019,F01071,Delivery,soya,8.2 qtl,"₹ 5,185.00","₹ 42,413.30",BRD-YTM
T000301,14/07/2019,F01071,I,PPC,55 kgs,₹ 326.57,"₹ 17,961.35",BRD-YTM
T000302,25/09/2019,F01071,loan,EMI,,,"₹ 5,300.00",BRD-YTM
T000303,16/06/2019,f01071,loan,EMI,,,"₹ 6,900.00",BRD-YTM
T000304,02/07/2019, F01071 ,Loan Repayment,Loan Repayment,,,"₹ 3,600.00",BRD-YTM
T000305,20/10/2019,F01072,D,COTTON (Kapas),7.80 quintals,"₹ 7,455.00","₹ 58,149.00",BRD-YTM
T000306,14/10/2019,F01072,FPO_DELIVERY,Cotton,8.87 quintals,"₹ 7,455.00","₹ 66,125.85",BRD-YTM
T000307,24/10/2019,f01072,delivery,Soybean,19.75 q,"₹ 4,530.00","₹ 89,467.50",BRD-YTM
T000308,14/07/2019,F01072,Loan Repayment,Loan Repayment,,,"₹ 4,700.00",BRD-YTM
T000309,26/09/2019,F01072,LOAN_REPAY,EMI,,,"₹ 6,200.00",BRD-YTM
T000310,22/06/2019,F01072,Loan Repayment,Loan Repayment,,,"₹ 6,100.00",BRD-YTM
T000311,19/10/2019,F01073,FPO_DELIVERY,Cotton Kapas,2.48 q,"₹ 7,535.00","₹ 18,686.80",BRD-YTM
T000312,28/11/2019,F01073,DELIVERY,kapas,0.57 quintals,"₹ 7,535.00","₹ 4,294.95",BRD-YTM
T000313,13/11/2019,F01073,DELIVERY,Soybean,4.0 qtl,"₹ 4,980.00","₹ 19,671.00",BRD-YTM
T000314,10/11/2019,F01074,DELIVERY,Cotton,0.11 quintals,"₹ 7,965.00",₹ 876.15,BRD-YTM
T000315,15/10/2019,F01074,delivery,kapas,3.86 quintals,"₹ 7,965.00","₹ 30,744.90",BRD-YTM
T000316,02/06/2019,F01074,input,Seeds,48 kg,₹ 48.59,"₹ 2,332.32",BRD-YTM
T000317,09/10/2019,F01075,D,COTTON (Kapas),12.4 qtl,"₹ 7,635.00","₹ 94,444.95",BRD-YTM
T000318,15/07/2019,F01075,FERT_PURCHASE,Urea,64 kg,₹ 40.32,"₹ 2,580.48",BRD-YTM
T000319,03/07/2019,F01075,I,FERTILIZER 50kg bag,59 kg,₹ 29.55,"₹ 1,743.45",BRD-YTM
T000320,04/10/2019,F01076,Delivery,COTTON (Kapas),0.7 qtl,"₹ 7,045.00","₹ 4,649.70",BRD-YTM
T000321,03/10/2019,f01076,FPO_DELIVERY,Cotton,5.47 quintals,"₹ 7,045.00","₹ 38,536.15",BRD-YTM
T000322,08/07/2019,F01076,INPUT_PURCHASE,SEEDS,77 kgs,₹ 45.34,"₹ 3,491.18",BRD-YTM
T000323,23/06/2019,f01076,Input Purchase,Bio-pesticide,90 kg,₹ 559.38,"₹ 50,344.20",BRD-YTM
T000324,11/10/2019,F01077,DELIVERY,kapas,9.50 quintals,"₹ 7,375.00","₹ 70,062.50",BRD-YTM
T000325,20/06/2019,F01077,FERT_PURCHASE,SEEDS,193 kg,₹ 49.34,"₹ 9,522.62",BRD-YTM
T000326,09/07/2019,f01077,input,Fertilizer,193 kgs,₹ 54.00,"₹ 10,422.00",BRD-YTM
T000327,27/10/2019,F01078,delivery,Cotton,8.44 q,"₹ 7,660.00","₹ 64,650.40",BRD-YTM
T000328,27/10/2019,F01078,DELIVERY,kapas,1.22 q,"₹ 7,660.00","₹ 9,345.20",BRD-YTM
T000329,11/06/2019,F01078,FERT_PURCHASE,Fertilizer,26 kgs,₹ 42.84,"₹ 1,113.84",BRD-YTM
T000330,10/07/2019, F01078 ,FERT_PURCHASE,Hybrid Seeds,301 kg,₹ 65.50,"₹ 19,715.50",BRD-YTM
T000331,06/11/2019,F01079,DELIVERY,Cotton,7.00 quintals,"₹ 7,590.00","₹ 53,130.00",BRD-YTM
T000332,29/10/2019,F01079,Delivery,Soybean,3.56 quintals,"₹ 5,160.00","₹ 18,369.60",BRD-YTM
T000333,30/11/2019,F01079,FPO_DELIVERY,Soybean,1.18 q,"₹ 5,160.00","₹ 6,088.80",BRD-YTM
T000334,07/10/2019,f01079,DELIVERY,SOYABEAN,3.39 quintals,"₹ 5,160.00","₹ 17,492.40",BRD-YTM
T000335,07/06/2019,F01079,FERT_PURCHASE,SEEDS,289 kgs,₹ 98.41,"₹ 28,440.49",BRD-YTM
T000336,13/11/2019,F01080,FPO_DELIVERY,Cotton,9.41 quintals,"₹ 7,805.00","₹ 73,445.05",BRD-YTM
T000337,01/10/2019,F01081,delivery,kapas,7.9 qtl,"₹ 8,270.00","₹ 65,663.80",BRD-YTM
T000338,28/11/2019,F01081,FPO_DELIVERY,kapas,5.4 qtl,"₹ 8,270.00","₹ 44,988.80",BRD-YTM
T000339,08/06/2019,F01081,Input Purchase,FERTILIZER 50kg bag,316 kg,₹ 30.13,"₹ 9,521.08",BRD-YTM
T000340,11/11/2019,F01082,DELIVERY,kapas,7.9 qtl,"₹ 7,220.00","₹ 57,110.20",BRD-YTM
T000341,09/11/2019,F01083,FPO_DELIVERY,Cotton Kapas,3.2 qtl,"₹ 7,745.00","₹ 25,171.25",BRD-YTM
T000342,11/11/2019,F01083,Delivery,Cotton Kapas,1.65 quintals,"₹ 7,745.00","₹ 12,779.25",BRD-YTM
T000343,20/10/2019, F01083 ,DELIVERY,soya,1.3 qtl,"₹ 4,555.00","₹ 5,784.85",BRD-YTM
T000344,11/11/2019,F01083,DELIVERY,soya,5.34 q,"₹ 4,555.00","₹ 24,323.70",BRD-YTM
T000345,19/06/2019, F01083 ,I,FERTILIZER 50kg bag,280 kgs,₹ 32.78,"₹ 9,178.40",BRD-YTM
T000346,15/11/2019,F01084,D,Cotton,1.6 qtl,"₹ 7,650.00","₹ 12,010.50",BRD-YTM
T000347,15/11/2019,F01084,D,COTTON (Kapas),1.3 qtl,"₹ 7,650.00","₹ 10,174.50",BRD-YTM
T000348,20/11/2019,F01084,DELIVERY,Soybean (Yellow),2.00 quintals,"₹ 5,115.00","₹ 10,230.00",BRD-YTM
T000349,04/11/2019, F01084 ,DELIVERY,Soybean (Yellow),2.2 qtl,"₹ 5,115.00","₹ 11,406.45",BRD-YTM
T000350,29/06/2019,F01084,I,SEEDS,129 kg,₹ 49.11,"₹ 6,335.19",BRD-YTM
T000351,25/10/2019,F01085,Delivery,Cotton Kapas,13.3 qtl,"₹ 7,950.00","₹ 1,05,576.00",BRD-YTM
T000352,04/10/2019,f01085,DELIVERY,SOYABEAN,14.95 q,"₹ 4,835.00","₹ 72,283.25",BRD-YTM
T000353,15/10/2019,F01086,delivery,kapas,8.69 quintals,"₹ 7,770.00","₹ 67,521.30",BRD-YTM
T000354,16/06/2019,F01086,FERT_PURCHASE,SEEDS,113 kgs,₹ 121.52,"₹ 13,731.76",BRD-YTM
T000355,20/11/2019,F01087,D,COTTON (Kapas),16.40 q,"₹ 7,730.00","₹ 1,26,772.00",BRD-YTM
T000356,03/07/2019,F01087,FERT_PURCHASE,Fertilizer,319 kg,₹ 37.57,"₹ 11,984.83",BRD-YTM
T000357,11/11/2019,F01088,FPO_DELIVERY,Cotton,5.8 qtl,"₹ 7,935.00","₹ 45,705.60",BRD-YTM
T000358,08/06/2019,F01088,I,PPC,295 kg,₹ 344.08,"₹ 1,01,503.60",BRD-YTM
T000359,07/06/2019,F01088,I,Bio-pesticide,281 kg,₹ 580.68,"₹ 1,63,171.08",BRD-YTM
T000360,07/06/2019,F01088,INPUT_PURCHASE,NPK 10:26:26,112 kgs,₹ 31.68,"₹ 3,548.16",BRD-YTM
T000361,29/06/2019,F01088,I,FERTILIZER 50kg bag,205 kgs,₹ 47.68,"₹ 9,774.40",BRD-YTM
T000362,22/11/2019,F01089,FPO_DELIVERY,Cotton,5.40 quintals,"₹ 7,890.00","₹ 42,606.00",BRD-YTM
T000363,10/11/2019,F01089,FPO_DELIVERY,COTTON (Kapas),11.09 quintals,"₹ 7,890.00","₹ 87,500.10",BRD-YTM
T000364,26/11/2019,F01089,FPO_DELIVERY,SOYABEAN,12.32 q,"₹ 5,295.00","₹ 65,234.40",BRD-YTM
T000365,23/10/2019,F01089,delivery,Soybean (Yellow),6.89 q,"₹ 5,295.00","₹ 36,482.55",BRD-YTM
T000366,26/11/2019,F01089,FPO_DELIVERY,Soybean,5.8 qtl,"₹ 5,295.00","₹ 30,499.20",BRD-YTM
T000367,09/07/2019,F01089,FERT_PURCHASE,Urea,118 kg,₹ 50.16,"₹ 5,918.88",BRD-YTM
T000368,19/09/2019,f01089,LOAN_REPAY,EMI,,,"₹ 3,200.00",BRD-YTM
T000369,12/11/2019,F01090,D,COTTON (Kapas),0.15 q,"₹ 7,255.00","₹ 1,088.25",BRD-YTM
T000370,04/10/2019,f01090,FPO_DELIVERY,COTTON (Kapas),3.8 qtl,"₹ 7,255.00","₹ 27,206.25",BRD-YTM
T000371,22/10/2019,F01090,DELIVERY,Cotton,1.57 q,"₹ 7,255.00","₹ 11,390.35",BRD-YTM
T000372,08/11/2019,f01090,D,Soybean (Yellow),8.4 qtl,"₹ 4,905.00","₹ 41,202.00",BRD-YTM
T000373,04/06/2019,F01090,I,Fertilizer,234 kg,₹ 36.04,"₹ 8,433.36",BRD-YTM
T000374,07/06/2019,F01090,INPUT_PURCHASE,PPC,51 kg,₹ 409.19,"₹ 20,868.69",BRD-YTM
T000375,20/11/2019,F01091,FPO_DELIVERY,kapas,2.0 qtl,"₹ 7,505.00","₹ 15,385.25",BRD-YTM
T000376,26/10/2019,F01091,FPO_DELIVERY,Cotton Kapas,1.72 quintals,"₹ 7,505.00","₹ 12,908.60",BRD-YTM
T000377,27/11/2019,f01091,Delivery,Cotton Kapas,13.96 quintals,"₹ 7,505.00","₹ 1,04,769.80",BRD-YTM
T000378,12/07/2019,F01091,input,Urea,287 kgs,₹ 55.75,"₹ 16,000.25",BRD-YTM
T000379,18/06/2019,f01091,input,Hybrid Seeds,293 kgs,₹ 96.50,"₹ 28,274.50",BRD-YTM
T000380,19/11/2019,f01092,DELIVERY,Cotton,7.8 qtl,"₹ 7,615.00","₹ 59,625.45",BRD-YTM
T000381,13/11/2019,F01092,D,Cotton,1.96 q,"₹ 7,615.00","₹ 14,925.40",BRD-YTM
T000382,15/10/2019,F01092,FPO_DELIVERY,soya,12.3 qtl,"₹ 4,770.00","₹ 58,718.70",BRD-YTM
T000383,17/11/2019,F01093,FPO_DELIVERY,Cotton,29.0 qtl,"₹ 7,610.00","₹ 2,20,537.80",BRD-YTM
T000384,20/10/2019,F01093,Delivery,Cotton Kapas,0.12 q,"₹ 7,610.00",₹ 913.20,BRD-YTM
T000385,08/07/2019,F01093,I,Fertilizer,206 kg,₹ 31.88,"₹ 6,567.28",BRD-YTM
T000386,04/11/2019,F01094,delivery,Cotton Kapas,0.58 q,"₹ 7,620.00","₹ 4,419.60",BRD-YTM
T000387,07/11/2019,f01094,delivery,Cotton Kapas,0.21 quintals,"₹ 7,620.00","₹ 1,600.20",BRD-YTM
T000388,23/06/2019,F01094,INPUT_PURCHASE,PPC,137 kg,₹ 137.82,"₹ 18,881.34",BRD-YTM
T000389,06/11/2019,F01095,D,Cotton Kapas,0.8 qtl,"₹ 7,810.00","₹ 6,638.50",BRD-YTM
T000390,16/10/2019,F01095,delivery,COTTON (Kapas),4.06 quintals,"₹ 7,810.00","₹ 31,708.60",BRD-YTM
T000391,15/10/2019,F01095,D,SOYABEAN,3.7 qtl,"₹ 5,035.00","₹ 18,780.55",BRD-YTM
T000392,13/11/2019,F01095,FPO_DELIVERY,Soybean (Yellow),1.69 quintals,"₹ 5,035.00","₹ 8,509.15",BRD-YTM
T000393,21/06/2019,F01095,INPUT_PURCHASE,FERTILIZER 50kg bag,214 kg,₹ 58.12,"₹ 12,437.68",BRD-YTM
T000394,11/07/2019, F01095 ,I,Hybrid Seeds,42 kg,₹ 124.16,"₹ 5,214.72",BRD-YTM
T000395,02/11/2019,F01095,Loan Repayment,EMI,,,"₹ 6,600.00",BRD-YTM
T000396,16/07/2019,F01095,Loan Repayment,Loan Repayment,,,"₹ 5,400.00",BRD-YTM
T000397,07/10/2019,F01096,delivery,COTTON (Kapas),5.7 qtl,"₹ 7,455.00","₹ 42,269.85",BRD-YTM
T000398,16/11/2019,F01096,D,Soybean (Yellow),2.45 q,"₹ 4,750.00","₹ 11,637.50",BRD-YTM
T000399,17/11/2019,f01096,FPO_DELIVERY,Soybean (Yellow),5.03 quintals,"₹ 4,750.00","₹ 23,892.50",BRD-YTM
T000400,13/10/2019,F01097,DELIVERY,COTTON (Kapas),3.2 qtl,"₹ 7,675.00","₹ 24,329.75",BRD-YTM
T000401,15/10/2019,F01097,FPO_DELIVERY,COTTON (Kapas),2.7 qtl,"₹ 7,675.00","₹ 20,876.00",BRD-YTM
T000402,26/06/2019,F01097,input,SEEDS,250 kg,₹ 51.02,"₹ 12,755.00",BRD-YTM
T000403,02/06/2019,F01097,FERT_PURCHASE,DAP,237 kg,₹ 58.53,"₹ 13,871.61",BRD-YTM
T000404,13/07/2019,F01097,input,NPK 10:26:26,310 kgs,₹ 57.20,"₹ 17,732.00",BRD-YTM
T000405,28/11/2019,F01098,Delivery,COTTON (Kapas),6.05 q,"₹ 7,270.00","₹ 43,983.50",BRD-YTM
T000406,21/11/2019,F01098,Delivery,SOYABEAN,4.59 quintals,"₹ 5,110.00","₹ 23,454.90",BRD-YTM
T000407,16/10/2019,F01098,delivery,SOYABEAN,2.8 qtl,"₹ 5,110.00","₹ 14,103.60",BRD-YTM
T000408,14/07/2019,F01098,FERT_PURCHASE,DAP,247 kg,₹ 30.43,"₹ 7,516.21",BRD-YTM
T000409,04/07/2019,F01098,I,Hybrid Seeds,192 kgs,₹ 86.56,"₹ 16,619.52",BRD-YTM
T000410,09/06/2019,F01098,FERT_PURCHASE,Fertilizer,181 kgs,₹ 28.35,"₹ 5,131.35",BRD-YTM
T000411,07/07/2019, F01098 ,LOAN_REPAY,EMI,,,"₹ 1,800.00",BRD-YTM
T000412,08/10/2019,F01099,D,COTTON (Kapas),0.3 qtl,"₹ 8,175.00","₹ 2,697.75",BRD-YTM
T000413,30/11/2019,F01099,delivery,Cotton Kapas,10.87 q,"₹ 8,175.00","₹ 88,862.25",BRD-YTM
T000414,23/10/2019,F01099,DELIVERY,Soybean,7.90 q,"₹ 5,155.00","₹ 40,724.50",BRD-YTM
T000415,31/10/2019,f01099,DELIVERY,SOYABEAN,4.46 quintals,"₹ 5,155.00","₹ 22,991.30",BRD-YTM
T000416,03/06/2019,F01099,Input Purchase,Urea,140 kgs,₹ 39.88,"₹ 5,583.20",BRD-YTM
T000417,28/10/2019,f01100,FPO_DELIVERY,Cotton,,"₹ 7,090.00","₹ 41,405.60",BRD-YTM
T000418,08/11/2019,F01100,DELIVERY,SOYABEAN,9.20 q,"₹ 4,995.00","₹ 45,954.00",BRD-YTM
T000419,27/06/2019,f01100,input,Seeds,79 kg,₹ 124.96,"₹ 9,871.84",BRD-YTM
T000420,22/06/2019,F01100,FERT_PURCHASE,DAP,144 kg,₹ 53.21,"₹ 7,662.24",BRD-YTM
T000421,01/07/2019,F01100,input,FERTILIZER 50kg bag,162 kgs,₹ 30.75,"₹ 4,981.50",BRD-YTM
T000422,07/06/2019,F01100,Input Purchase,DAP,55 kgs,₹ 31.49,"₹ 1,731.95",BRD-YTM
T000423,05/11/2019,F01101,D,kapas,1.53 quintals,"₹ 7,250.00","₹ 11,092.50",BRD-YTM
T000424,30/10/2019,F01101,FPO_DELIVERY,SOYABEAN,2.29 q,"₹ 4,905.00","₹ 11,232.45",BRD-YTM
T000425,12/06/2019,F01101,INPUT_PURCHASE,NPK 10:26:26,315 kgs,₹ 30.11,"₹ 9,484.65",BRD-YTM
T000426,14/06/2019, F01101 ,input,PP chemicals,62 kgs,₹ 254.00,"₹ 15,748.00",BRD-YTM
T000427,29/11/2019,F01102,D,kapas,12.4 qtl,"₹ 7,565.00","₹ 93,806.00",BRD-YTM
T000428,29/11/2019,F01102,delivery,Soybean (Yellow),17.3 qtl,"₹ 4,725.00","₹ 81,931.50",BRD-YTM
T000429,05/06/2019,F01102,I,DAP,93 kgs,₹ 32.98,"₹ 3,067.14",BRD-YTM
T000430,29/06/2019,F01102,FERT_PURCHASE,PP chemicals,29 kgs,₹ 156.97,"₹ 4,552.13",BRD-YTM
T000431,22/10/2019,F01103,DELIVERY,Cotton Kapas,9.70 quintals,"₹ 8,215.00","₹ 79,685.50",BRD-YTM
T000432,20/10/2019,F01103,Delivery,Soybean,16.0 qtl,"₹ 4,570.00","₹ 73,120.00",BRD-YTM
T000433,23/08/2019,F01103,loan,Loan Repayment,,,"₹ 3,500.00",BRD-YTM
T000434,02/09/2019, F01103 ,Loan Repayment,Loan Repayment,,,"₹ 5,800.00",BRD-YTM
T000435,15/07/2019,F01103,L,Loan Repayment,,,₹ 900.00,BRD-YTM
T000436,19/09/2019,F01103,LOAN_REPAY,Loan Repayment,,,"₹ 7,900.00",BRD-YTM
T000437,12/11/2019,F01104,FPO_DELIVERY,COTTON (Kapas),27.15 quintals,"₹ 7,565.00","₹ 2,05,389.75",BRD-YTM
T000438,05/10/2019,F01104,DELIVERY,Soybean,38.8 qtl,"₹ 4,665.00","₹ 1,80,955.35",BRD-YTM
T000439,09/07/2019,F01104,Input Purchase,DAP,213 kgs,₹ 49.32,"₹ 10,505.16",BRD-YTM
T000440,16/08/2019,F01104,LOAN_REPAY,Loan Repayment,,,"₹ 7,400.00",BRD-YTM
T000441,07/11/2019,F01104,L,Loan Repayment,,,"₹ 7,700.00",BRD-YTM
T000442,05/11/2019,F01105,D,Cotton Kapas,17.98 q,"₹ 7,295.00","₹ 1,31,164.10",BRD-YTM
T000443,12/11/2019,F01105,Delivery,soya,25.34 q,"₹ 4,850.00","₹ 1,22,899.00",BRD-YTM
T000444,22/11/2019,F01105,delivery,soya,0.75 q,"₹ 4,850.00","₹ 3,637.50",BRD-YTM
T000445,26/06/2019,F01105,FERT_PURCHASE,FERTILIZER 50kg bag,162 kgs,₹ 48.78,"₹ 7,902.36",BRD-YTM
T000446,30/11/2019,F01106,DELIVERY,Cotton Kapas,2.52 q,"₹ 7,865.00","₹ 19,819.80",BRD-YTM
T000447,31/10/2019,F01107,FPO_DELIVERY,COTTON (Kapas),5.81 quintals,"₹ 7,385.00","₹ 42,906.85",BRD-YTM
T000448,03/10/2019,F01107,delivery,COTTON (Kapas),7.81 q,"₹ 7,385.00","₹ 57,676.85",BRD-YTM
T000449,27/10/2019,F01107,FPO_DELIVERY,Soybean,,"₹ 4,860.00","₹ 96,276.60",BRD-YTM
T000450,16/10/2019,F01108,Delivery,kapas,3.83 quintals,"₹ 7,130.00","₹ 27,307.90",BRD-YTM
T000451,02/11/2019,F01108,DELIVERY,kapas,1.7 qtl,"₹ 7,130.00","₹ 11,907.10",BRD-YTM
T000452,25/11/2019,F01108,Delivery,Soybean (Yellow),7.53 q,"₹ 4,730.00","₹ 35,616.90",BRD-YTM
T000453,22/06/2019,F01108,I,Bio-pesticide,222 kg,₹ 271.10,"₹ 60,184.20",BRD-YTM
T000454,15/07/2019,F01108,Input Purchase,Fertilizer,72 kg,₹ 40.55,"₹ 2,919.60",BRD-YTM
T000455,04/10/2019,F01109,delivery,Cotton Kapas,9.70 quintals,"₹ 7,215.00","₹ 69,985.50",BRD-YTM
T000456,07/07/2019,f01109,Input Purchase,Fertilizer,84 kgs,₹ 49.67,"₹ 4,172.28",BRD-YTM
T000457,22/06/2019,F01109,I,Hybrid Seeds,118 kg,₹ 112.97,"₹ 13,330.46",BRD-YTM
T000458,04/06/2019, F01109 ,INPUT_PURCHASE,PPC,224 kgs,₹ 531.54,"₹ 1,19,064.96",BRD-YTM
T000459,06/11/2019,F01110,delivery,COTTON (Kapas),4.00 quintals,"₹ 7,690.00","₹ 30,760.00",BRD-YTM
T000460,12/11/2019,F01110,Delivery,kapas,7.08 q,"₹ 7,690.00","₹ 54,445.20",BRD-YTM
T000461,18/11/2019,F01110,DELIVERY,COTTON (Kapas),3.6 qtl,"₹ 7,690.00","₹ 27,914.70",BRD-YTM
T000462,30/06/2019,F01110,I,DAP,46 kg,₹ 40.99,"₹ 1,885.54",BRD-YTM
T000463,08/06/2019,F01110,input,Hybrid Seeds,47 kg,₹ 77.12,"₹ 3,624.64",BRD-YTM
T000464,30/06/2019,F01110,I,SEEDS,187 kg,₹ 87.77,"₹ 16,412.99",BRD-YTM
T000465,07/06/2019,F01110,Input Purchase,Fertilizer,237 kg,₹ 30.05,"₹ 7,121.85",BRD-YTM
T000466,11/11/2019,F01111,D,kapas,3.34 quintals,"₹ 7,230.00","₹ 24,148.20",BRD-YTM
T000467,14/10/2019,F01111,delivery,Cotton Kapas,8.1 qtl,"₹ 7,230.00","₹ 58,490.70",BRD-YTM
T000468,10/06/2019,F01111,INPUT_PURCHASE,Hybrid Seeds,313 kg,₹ 70.96,"₹ 22,210.48",BRD-YTM
T000469,30/06/2019,F01111,Input Purchase,NPK 10:26:26,49 kg,₹ 38.34,"₹ 1,878.66",BRD-YTM
T000470,01/07/2019,F01111,Input Purchase,DAP,101 kg,₹ 47.06,"₹ 4,753.06",BRD-YTM
T000471,04/08/2019,F01111,L,Loan Repayment,,,"₹ 4,300.00",BRD-YTM
T000472,23/11/2019,f01111,loan,EMI,,,"₹ 5,200.00",BRD-YTM
T000473,12/10/2019,F01112,FPO_DELIVERY,COTTON (Kapas),11.7 qtl,"₹ 7,315.00","₹ 85,512.35",BRD-YTM
T000474,01/10/2019,F01112,FPO_DELIVERY,kapas,3.87 q,"₹ 7,315.00","₹ 28,309.05",BRD-YTM
T000475,16/11/2019,F01112,DELIVERY,COTTON (Kapas),2.83 q,"₹ 7,315.00","₹ 20,701.45",BRD-YTM
T000476,28/06/2019,F01112,FERT_PURCHASE,DAP,237 kg,₹ 54.91,"₹ 13,013.67",BRD-YTM
T000477,05/06/2019,F01112,INPUT_PURCHASE,Hybrid Seeds,146 kgs,₹ 93.89,"₹ 13,707.94",BRD-YTM
T000478,08/11/2019,F01113,delivery,kapas,7.34 quintals,"₹ 7,740.00","₹ 56,811.60",BRD-YTM
T000479,27/06/2019,F01113,INPUT_PURCHASE,PP chemicals,251 kg,₹ 460.16,"₹ 1,15,500.16",BRD-YTM
T000480,26/11/2019,F01114,Delivery,Cotton,3.76 quintals,"₹ 7,230.00","₹ 27,184.80",BRD-YTM
T000481,17/10/2019,f01114,D,COTTON (Kapas),7.30 quintals,"₹ 7,230.00","₹ 52,779.00",BRD-YTM
T000482,06/11/2019,F01114,Delivery,kapas,0.16 q,"₹ 7,230.00","₹ 1,156.80",BRD-YTM
T000483,24/11/2019,F01115,DELIVERY,Cotton Kapas,17.48 quintals,"₹ 7,215.00","₹ 1,26,118.20",BRD-YTM
T000484,06/11/2019,F01115,delivery,Soybean (Yellow),14.09 quintals,"₹ 4,820.00","₹ 67,913.80",BRD-YTM
T000485,30/11/2019,F01115,DELIVERY,soya,10.37 q,"₹ 4,820.00","₹ 49,983.40",BRD-YTM
T000486,22/06/2019,F01115,I,Hybrid Seeds,127 kg,₹ 129.77,"₹ 16,480.79",BRD-YTM
T000487,16/07/2019,F01115,LOAN_REPAY,EMI,,,"₹ 5,400.00",BRD-YTM
T000488,04/06/2019,F01115,LOAN_REPAY,EMI,,,"₹ 6,100.00",BRD-YTM
T000489,28/10/2019,F01116,DELIVERY,Cotton,12.50 quintals,"₹ 7,770.00","₹ 97,125.00",BRD-YTM
T000490,14/06/2019,F01116,Input Purchase,Seeds,255 kgs,₹ 112.15,"₹ 28,598.25",BRD-YTM
T000491,28/06/2019,F01116,FERT_PURCHASE,FERTILIZER 50kg bag,93 kg,₹ 58.15,"₹ 5,407.95",BRD-YTM
T000492,06/11/2019,F01117,DELIVERY,COTTON (Kapas),7.2 qtl,"₹ 7,230.00","₹ 52,200.60",BRD-YTM
T000493,24/06/2019,F01117,input,Seeds,173 kg,₹ 108.74,"₹ 18,812.02",BRD-YTM
T000494,12/11/2019,F01118,D,Cotton,5.3 qtl,"₹ 6,970.00","₹ 37,289.50",BRD-YTM
T000495,27/10/2019,F01118,FPO_DELIVERY,Cotton Kapas,1.03 quintals,"₹ 6,970.00","₹ 7,179.10",BRD-YTM
T000496,08/06/2019,F01118,Input Purchase,PP chemicals,167 kg,₹ 379.86,"₹ 63,436.62",BRD-YTM
T000497,29/10/2019,F01118,Loan Repayment,Loan Repayment,,,"₹ 2,200.00",BRD-YTM
T000498,12/11/2019,F01119,Delivery,COTTON (Kapas),2.84 q,"₹ 7,090.00","₹ 20,135.60",BRD-YTM
T000499,30/10/2019,f01119,DELIVERY,kapas,0.72 quintals,"₹ 7,090.00","₹ 5,104.80",BRD-YTM
T000500,09/06/2019,F01119,Input Purchase,DAP,301 kgs,₹ 48.33,"₹ 14,547.33",BRD-YTM
T000501,07/07/2019,F01119,Input Purchase,Bio-pesticide,138 kg,₹ 323.03,"₹ 44,578.14",BRD-YTM
T000502,16/11/2019,F01120,Delivery,kapas,15.93 q,"₹ 7,440.00","₹ 1,18,519.20",BRD-YTM
T000503,30/11/2019,f01120,DELIVERY,soya,17.9 qtl,"₹ 4,885.00","₹ 87,636.90",BRD-YTM
T000504,21/06/2019,F01120,Input Purchase,PP chemicals,105 kgs,₹ 181.01,"₹ 19,006.05",BRD-YTM
T000505,15/10/2019,F01121,delivery,Cotton,2.78 quintals,"₹ 7,350.00","₹ 20,433.00",BRD-YTM
T000506,08/11/2019,f01121,Delivery,Cotton,1.40 q,"₹ 7,350.00","₹ 10,290.00",BRD-YTM
T000507,15/10/2019,F01121,delivery,Soybean (Yellow),0.39 q,"₹ 4,985.00","₹ 1,944.15",BRD-YTM
T000508,01/10/2019,F01121,delivery,Soybean,4.56 q,"₹ 4,985.00","₹ 22,731.60",BRD-YTM
T000509,13/07/2019,f01121,FERT_PURCHASE,DAP,306 kgs,₹ 55.00,"₹ 16,830.00",BRD-YTM
T000510,02/10/2019,F01122,D,Cotton Kapas,1.0 qtl,"₹ 7,675.00","₹ 7,444.75",BRD-YTM
T000511,27/10/2019,F01122,Delivery,Cotton Kapas,2.49 q,"₹ 7,675.00","₹ 19,110.75",BRD-YTM
T000512,17/11/2019,f01122,DELIVERY,Soybean (Yellow),3.9 qtl,"₹ 4,880.00","₹ 19,129.60",BRD-YTM
T000513,06/06/2019,F01122,FERT_PURCHASE,NPK 10:26:26,49 kg,₹ 44.49,"₹ 2,180.01",BRD-YTM
T000514,15/10/2019,F01123,DELIVERY,Cotton Kapas,1.9 qtl,"₹ 7,670.00","₹ 14,879.80",BRD-YTM
T000515,03/10/2019,F01123,FPO_DELIVERY,Cotton,3.83 quintals,"₹ 7,670.00","₹ 29,376.10",BRD-YTM
T000516,26/10/2019,f01124,delivery,Cotton Kapas,0.09 quintals,"₹ 7,850.00",₹ 706.50,BRD-YTM
T000517,03/11/2019,f01124,delivery,kapas,1.7 qtl,"₹ 7,850.00","₹ 13,031.00",BRD-YTM
T000518,20/06/2019,f01124,INPUT_PURCHASE,Seeds,30 kgs,₹ 90.89,"₹ 2,726.70",BRD-YTM
T000519,08/07/2019,F01124,I,Bio-pesticide,248 kgs,₹ 651.64,"₹ 1,61,606.72",BRD-YTM
T000520,12/11/2019,f01125,delivery,COTTON (Kapas),8.80 q,"₹ 7,660.00","₹ 67,408.00",BRD-YTM
T000521,26/10/2019,F01125,DELIVERY,kapas,0.46 quintals,"₹ 7,660.00","₹ 3,523.60",BRD-YTM
T000522,26/11/2019,F01125,D,Soybean (Yellow),1.06 quintals,"₹ 4,605.00","₹ 4,881.30",BRD-YTM
T000523,14/10/2019,F01125,D,Soybean (Yellow),12.09 quintals,"₹ 4,605.00","₹ 55,674.45",BRD-YTM
T000524,23/06/2019,f01125,input,Hybrid Seeds,87 kgs,₹ 64.59,"₹ 5,619.33",BRD-YTM
T000525,16/11/2019,F01126,Delivery,kapas,0.7 qtl,"₹ 7,565.00","₹ 5,219.85",BRD-YTM
T000526,24/10/2019,F01126,Delivery,Cotton,4.62 quintals,"₹ 7,565.00","₹ 34,950.30",BRD-YTM
T000527,24/06/2019,F01126,Loan Repayment,EMI,,,"₹ 4,500.00",BRD-YTM
T000528,29/10/2019,F01127,D,COTTON (Kapas),19.0 qtl,"₹ 7,550.00","₹ 1,43,223.50",BRD-YTM
T000529,26/10/2019,F01127,FPO_DELIVERY,COTTON (Kapas),10.98 quintals,"₹ 7,550.00","₹ 82,899.00",BRD-YTM
T000530,08/06/2019,F01127,FERT_PURCHASE,SEEDS,313 kg,₹ 88.17,"₹ 27,597.21",BRD-YTM
T000531,13/08/2019,F01127,LOAN_REPAY,Loan Repayment,,,"₹ 5,800.00",BRD-YTM
T000532,04/10/2019,F01128,D,Cotton Kapas,5.2 qtl,"₹ 7,665.00","₹ 40,087.95",BRD-YTM
T000533,21/10/2019,F01128,delivery,kapas,1.7 qtl,"₹ 7,665.00","₹ 12,953.85",BRD-YTM
T000534,21/10/2019,F01128,FPO_DELIVERY,Soybean,8.60 quintals,"₹ 4,765.00","₹ 40,979.00",BRD-YTM
T000535,25/10/2019,f01129,DELIVERY,kapas,0.98 quintals,"₹ 7,335.00","₹ 7,188.30",BRD-YTM
T000536,03/11/2019,f01129,FPO_DELIVERY,kapas,5.76 quintals,"₹ 7,335.00","₹ 42,249.60",BRD-YTM
T000537,23/11/2019,F01129,DELIVERY,Soybean (Yellow),2.49 quintals,"₹ 4,950.00","₹ 12,325.50",BRD-YTM
T000538,15/10/2019,F01129,DELIVERY,Soybean,2.67 quintals,"₹ 4,950.00","₹ 13,216.50",BRD-YTM
T000539,31/10/2019,f01129,Delivery,Soybean (Yellow),2.3 qtl,"₹ 4,950.00","₹ 11,187.00",BRD-YTM
T000540,13/11/2019,F01130,Delivery,kapas,4.63 q,"₹ 7,265.00","₹ 33,636.95",BRD-YTM
T000541,03/07/2019,F01130,FERT_PURCHASE,Hybrid Seeds,172 kgs,₹ 86.66,"₹ 14,905.52",BRD-YTM
T000542,06/07/2019,f01130,I,PP chemicals,304 kgs,₹ 227.81,"₹ 69,254.24",BRD-YTM
T000543,06/07/2019,F01130,I,NPK 10:26:26,265 kgs,₹ 47.41,"₹ 12,563.65",BRD-YTM
T000544,29/11/2019,F01131,DELIVERY,Cotton,8.39 quintals,"₹ 7,265.00","₹ 60,953.35",BRD-YTM
T000545,21/11/2019,F01131,D,Soybean (Yellow),11.41 quintals,"₹ 4,965.00","₹ 56,650.65",BRD-YTM
T000546,27/06/2019,F01131,Input Purchase,Fertilizer,239 kgs,₹ 47.55,"₹ 11,364.45",BRD-YTM
T000547,11/07/2019,F01131,Input Purchase,FERTILIZER 50kg bag,145 kg,₹ 50.26,"₹ 7,287.70",BRD-YTM
T000548,07/07/2019,F01131,input,Fertilizer,285 kgs,₹ 51.14,"₹ 14,574.90",BRD-YTM
T000549,03/10/2019,F01132,D,Cotton,5.66 quintals,"₹ 7,715.00","₹ 43,666.90",BRD-YTM
T000550,10/10/2019,F01132,FPO_DELIVERY,kapas,5.94 quintals,"₹ 7,715.00","₹ 45,827.10",BRD-YTM
T000551,19/11/2019,F01132,FPO_DELIVERY,Soybean (Yellow),15.8 qtl,"₹ 5,305.00","₹ 83,765.95",BRD-YTM
T000552,14/07/2019,F01132,Input Purchase,Seeds,80 kgs,₹ 115.99,"₹ 9,279.20",BRD-YTM
T000553,19/10/2019,F01133,DELIVERY,Cotton Kapas,1.78 quintals,"₹ 7,655.00","₹ 13,625.90",BRD-YTM
T000554,12/10/2019,F01133,delivery,COTTON (Kapas),1.85 q,"₹ 7,655.00","₹ 14,161.75",BRD-YTM
T000555,31/10/2019,F01133,delivery,soya,1.12 quintals,"₹ 4,675.00","₹ 5,236.00",BRD-YTM
T000556,29/11/2019,F01133,FPO_DELIVERY,soya,3.90 quintals,"₹ 4,675.00","₹ 18,232.50",BRD-YTM
T000557,14/06/2019,F01133,Input Purchase,SEEDS,314 kgs,₹ 79.56,"₹ 24,981.84",BRD-YTM
T000558,03/07/2019,F01133,Input Purchase,Seeds,316 kgs,₹ 110.87,"₹ 35,034.92",BRD-YTM
T000559,19/06/2019,F01133,I,DAP,195 kg,₹ 53.84,"₹ 10,498.80",BRD-YTM
T000560,13/06/2019,F01133,input,Bio-pesticide,240 kg,₹ 347.29,"₹ 83,349.60",BRD-YTM
T000561,01/11/2019,F01133,Loan Repayment,Loan Repayment,,,"₹ 2,200.00",BRD-YTM
T000562,16/10/2019,F01134,delivery,kapas,0.91 quintals,"₹ 7,475.00","₹ 6,802.25",BRD-YTM
T000563,23/10/2019,f01134,Delivery,Cotton,1.34 quintals,"₹ 7,475.00","₹ 10,016.50",BRD-YTM
T000564,07/10/2019,F01134,Delivery,SOYABEAN,1.8 qtl,"₹ 5,170.00","₹ 9,202.60",BRD-YTM
T000565,12/10/2019,F01134,delivery,soya,1.13 q,"₹ 5,170.00","₹ 5,842.10",BRD-YTM
T000566,12/11/2019,F01135,FPO_DELIVERY,kapas,5.36 q,"₹ 7,025.00","₹ 37,654.00",BRD-YTM
T000567,11/06/2019,f01135,Input Purchase,PPC,195 kg,₹ 553.42,"₹ 1,07,916.90",BRD-YTM
T000568,27/10/2019,F01136,D,kapas,5.3 qtl,"₹ 7,540.00","₹ 40,263.60",BRD-YTM
T000569,11/10/2019,F01136,D,kapas,2.91 quintals,"₹ 7,540.00","₹ 21,941.40",BRD-YTM
T000570,12/07/2019,F01136,input,SEEDS,38 kg,₹ 59.27,"₹ 2,252.26",BRD-YTM
T000571,31/10/2019,F01137,Delivery,kapas,8.07 quintals,"₹ 7,035.00","₹ 56,772.45",BRD-YTM
T000572,15/07/2019,F01137,input,Bio-pesticide,129 kgs,₹ 432.84,"₹ 55,836.36",BRD-YTM
T000573,08/07/2019,f01137,input,Hybrid Seeds,251 kgs,₹ 120.30,"₹ 30,195.30",BRD-YTM
T000574,11/07/2019,F01137,INPUT_PURCHASE,DAP,304 kgs,₹ 59.60,"₹ 18,118.40",BRD-YTM
T000575,08/07/2019,f01137,FERT_PURCHASE,SEEDS,152 kg,₹ 94.77,"₹ 14,405.04",BRD-YTM
T000576,16/10/2019,F01138,FPO_DELIVERY,Cotton,0.44 q,"₹ 7,120.00","₹ 3,132.80",BRD-YTM
T000577,22/11/2019,F01138,delivery,Cotton,3.0 qtl,"₹ 7,120.00","₹ 21,004.00",BRD-YTM
T000578,03/10/2019,f01138,D,Cotton Kapas,3.59 quintals,"₹ 7,120.00","₹ 25,560.80",BRD-YTM
T000579,06/06/2019,F01138,INPUT_PURCHASE,Urea,178 kg,₹ 50.46,"₹ 8,981.88",BRD-YTM
T000580,29/06/2019,F01138,FERT_PURCHASE,Urea,42 kg,₹ 32.86,"₹ 1,380.12",BRD-YTM
T000581,25/11/2019,F01138,L,EMI,,,"₹ 6,700.00",BRD-YTM
T000582,08/10/2019,F01139,DELIVERY,kapas,7.76 q,"₹ 7,185.00","₹ 55,755.60",BRD-YTM
T000583,13/07/2019,F01139,Input Purchase,NPK 10:26:26,250 kg,₹ 51.65,"₹ 12,912.50",BRD-YTM
T000584,19/06/2019, F01139 ,FERT_PURCHASE,Hybrid Seeds,156 kg,₹ 84.68,"₹ 13,210.08",BRD-YTM
T000585,07/08/2019,F01139,loan,Loan Repayment,,,"₹ 3,400.00",BRD-YTM
T000586,22/11/2019,F01140,delivery,COTTON (Kapas),2.60 quintals,"₹ 7,380.00","₹ 19,188.00",BRD-YTM
T000587,24/11/2019,F01140,D,COTTON (Kapas),1.44 quintals,"₹ 7,380.00","₹ 10,627.20",BRD-YTM
T000588,22/06/2019,F01140,input,Fertilizer,132 kg,₹ 53.63,"₹ 7,079.16",BRD-YTM
T000589,24/06/2019, F01140 ,I,NPK 10:26:26,163 kgs,₹ 29.37,"₹ 4,787.31",BRD-YTM
T000590,12/10/2019,f01141,FPO_DELIVERY,Cotton,5.99 q,"₹ 7,205.00","₹ 43,157.95",BRD-YTM
T000591,13/11/2019,f01141,Delivery,Cotton Kapas,7.18 quintals,"₹ 7,205.00","₹ 51,731.90",BRD-YTM
T000592,12/06/2019,F01141,INPUT_PURCHASE,Fertilizer,144 kg,₹ 32.20,"₹ 4,636.80",BRD-YTM
T000593,17/06/2019,f01141,INPUT_PURCHASE,DAP,113 kgs,₹ 31.95,"₹ 3,610.35",BRD-YTM
T000594,21/06/2019,F01141,INPUT_PURCHASE,SEEDS,181 kgs,₹ 94.78,"₹ 17,155.18",BRD-YTM
T000595,17/06/2019,F01141,loan,EMI,,,"₹ 6,600.00",BRD-YTM
T000596,27/08/2019,F01141,LOAN_REPAY,EMI,,,"₹ 4,300.00",BRD-YTM
T000597,23/11/2019,F01142,Delivery,COTTON (Kapas),5.17 quintals,"₹ 8,070.00","₹ 41,721.90",BRD-YTM
T000598,10/10/2019,F01142,DELIVERY,soya,2.05 quintals,"₹ 5,105.00","₹ 10,465.25",BRD-YTM
T000599,22/10/2019,f01142,Delivery,Soybean,0.74 quintals,"₹ 5,105.00","₹ 3,777.70",BRD-YTM
T000600,03/10/2019,F01142,FPO_DELIVERY,Soybean,2.9 qtl,"₹ 5,105.00","₹ 14,702.40",BRD-YTM
T000601,27/10/2019,F01143,FPO_DELIVERY,Cotton Kapas,1.57 q,"₹ 8,055.00","₹ 12,646.35",BRD-YTM
T000602,02/11/2019,F01143,DELIVERY,Cotton,3.28 quintals,"₹ 8,055.00","₹ 26,420.40",BRD-YTM
T000603,13/06/2019,F01143,I,NPK 10:26:26,56 kg,₹ 43.90,"₹ 2,458.40",BRD-YTM
T000604,09/07/2019,F01143,FERT_PURCHASE,Seeds,169 kgs,₹ 64.60,"₹ 10,917.40",BRD-YTM
T000605,09/07/2019,F01143,FERT_PURCHASE,DAP,149 kg,₹ 52.36,"₹ 7,801.64",BRD-YTM
T000606,26/06/2019,F01143,input,DAP,80 kg,₹ 50.17,"₹ 4,013.60",BRD-YTM
T000607,19/11/2019,F01144,FPO_DELIVERY,kapas,2.8 qtl,"₹ 7,890.00","₹ 22,328.70",BRD-YTM
T000608,17/10/2019,f01144,Delivery,COTTON (Kapas),2.4 qtl,"₹ 7,890.00","₹ 18,541.50",BRD-YTM
T000609,15/07/2019,f01144,FERT_PURCHASE,DAP,146 kg,₹ 55.19,"₹ 8,057.74",BRD-YTM
T000610,27/06/2019,F01144,Input Purchase,Fertilizer,145 kgs,₹ 54.62,"₹ 7,919.90",BRD-YTM
T000611,06/11/2019,F01144,LOAN_REPAY,EMI,,,"₹ 5,200.00",BRD-YTM
T000612,07/10/2019,F01145,DELIVERY,kapas,2.52 q,"₹ 7,595.00","₹ 19,139.40",BRD-YTM
T000613,12/07/2019,F01145,FERT_PURCHASE,Hybrid Seeds,269 kg,₹ 86.23,"₹ 23,195.87",BRD-YTM
T000614,16/06/2019,F01145,FERT_PURCHASE,Seeds,75 kgs,₹ 66.31,"₹ 4,973.25",BRD-YTM
T000615,19/06/2019,F01145,INPUT_PURCHASE,Hybrid Seeds,120 kg,₹ 72.28,"₹ 8,673.60",BRD-YTM
T000616,02/10/2019,F01146,DELIVERY,Cotton Kapas,1.6 qtl,"₹ 7,845.00","₹ 12,316.65",BRD-YTM
T000617,28/10/2019,F01146,delivery,Cotton,3.44 q,"₹ 7,845.00","₹ 26,986.80",BRD-YTM
T000618,09/11/2019,F01146,D,Cotton Kapas,0.2 qtl,"₹ 7,845.00","₹ 1,412.10",BRD-YTM
T000619,21/06/2019,F01146,FERT_PURCHASE,Fertilizer,180 kg,₹ 54.59,"₹ 9,826.20",BRD-YTM
T000620,23/06/2019,F01146,Input Purchase,SEEDS,170 kgs,₹ 81.20,"₹ 13,804.00",BRD-YTM
T000621,04/07/2019,F01146,Input Purchase,SEEDS,271 kgs,₹ 72.50,"₹ 19,647.50",BRD-YTM
T000622,12/10/2019,F01146,Loan Repayment,Loan Repayment,,,"₹ 4,100.00",BRD-YTM
T000623,14/10/2019,F01147,Delivery,Cotton,14.82 q,"₹ 7,485.00","₹ 1,10,927.70",BRD-YTM
T000624,16/10/2019,F01147,D,SOYABEAN,1.53 quintals,"₹ 4,330.00","₹ 6,624.90",BRD-YTM
T000625,11/10/2019,F01147,DELIVERY,SOYABEAN,18.24 q,"₹ 4,330.00","₹ 78,979.20",BRD-YTM
T000626,03/06/2019,,I,Fertilizer,223 kg,₹ 28.26,"₹ 6,301.98",BRD-YTM
T000627,07/10/2019,F01148,Delivery,kapas,3.2 qtl,"₹ 7,880.00","₹ 25,294.80",BRD-YTM
T000628,09/07/2019,F01148,INPUT_PURCHASE,Fertilizer,316 kgs,₹ 32.08,"₹ 10,137.28",BRD-YTM
T000629,08/06/2019,f01148,Input Purchase,SEEDS,292 kgs,₹ 81.24,"₹ 23,722.08",BRD-YTM
T000630,11/07/2019,F01148,FERT_PURCHASE,PPC,269 kgs,₹ 672.65,"₹ 1,80,942.85",BRD-YTM
T000631,10/11/2019,F01149,D,kapas,5.8 qtl,"₹ 8,195.00","₹ 47,694.90",BRD-YTM
T000632,01/07/2019,f01149,FERT_PURCHASE,Bio-pesticide,228 kg,₹ 539.95,"₹ 1,23,108.60",BRD-YTM
T000633,16/06/2019,F01149,INPUT_PURCHASE,SEEDS,310 kgs,₹ 115.26,"₹ 35,730.60",BRD-YTM
T000634,10/07/2019,F01149,FERT_PURCHASE,DAP,198 kg,₹ 47.86,"₹ 9,476.28",BRD-YTM
T000635,01/11/2019,F01150,FPO_DELIVERY,Cotton Kapas,15.05 q,"₹ 7,495.00","₹ 1,12,799.75",BRD-YTM
T000636,15/11/2019,F01150,DELIVERY,Soybean,13.13 q,"₹ 4,760.00","₹ 62,498.80",BRD-YTM
T000637,24/11/2019,F01150,DELIVERY,SOYABEAN,8.2 qtl,"₹ 4,760.00","₹ 39,127.20",BRD-YTM
T000638,18/06/2019,F01150,INPUT_PURCHASE,Bio-pesticide,30 kg,₹ 407.58,"₹ 12,227.40",BRD-YTM
T000639,14/07/2019,F01150,Input Purchase,Urea,182 kg,₹ 58.77,"₹ 10,696.14",BRD-YTM
T000640,27/10/2019,F01150,loan,EMI,,,"₹ 3,900.00",BRD-YTM
T000641,05/08/2019,f01150,loan,EMI,,,"₹ 2,000.00",BRD-YTM
T000642,14/10/2019,F01151,Delivery,Cotton,3.67 quintals,"₹ 7,370.00","₹ 27,047.90",BRD-YTM
T000643,14/11/2019,F01151,D,SOYABEAN,4.21 quintals,"₹ 4,730.00","₹ 19,913.30",BRD-YTM
T000644,09/06/2019,F01151,I,Urea,268 kg,₹ 38.26,"₹ 10,253.68",BRD-YTM
T000645,18/06/2019,F01151,Input Purchase,Fertilizer,58 kgs,₹ 46.80,"₹ 2,714.40",BRD-YTM
T000646,23/06/2019,F01151,I,DAP,237 kgs,₹ 58.34,"₹ 13,826.58",BRD-YTM
T000647,04/11/2019,F01152,DELIVERY,Cotton Kapas,8.8 qtl,"₹ 7,420.00","₹ 65,147.60",BRD-YTM
T000648,28/10/2019,F01152,D,Cotton,8.20 q,"₹ 7,420.00","₹ 60,844.00",BRD-YTM
T000649,11/10/2019,F01153,delivery,Cotton,2.7 qtl,"₹ 7,310.00","₹ 19,956.30",BRD-YTM
T000650,17/11/2019,F01153,DELIVERY,Cotton Kapas,6.48 q,"₹ 7,310.00","₹ 47,368.80",BRD-YTM
T000651,04/10/2019,f01153,DELIVERY,kapas,4.35 q,"₹ 7,310.00","₹ 31,798.50",BRD-YTM
T004480,13/11/2019,F02223,D,Cotton,2.6 qtl,"₹ 7,220.00","₹ 19,133.00",BRD-YTM
T004481,03/07/2019,F02223,input,SEEDS,269 kg,₹ 53.79,"₹ 14,469.51",BRD-YTM
T004489,18/11/2019,F02225,FPO_DELIVERY,Cotton Kapas,13.29 q,"₹ 7,880.00","₹ 1,04,725.20",BRD-YTM
T004490,20/10/2019,F02225,FPO_DELIVERY,Cotton Kapas,8.69 q,"₹ 7,880.00","₹ 68,477.20",BRD-YTM
T004491,28/06/2019,F02225,FERT_PURCHASE,Seeds,302 kg,₹ 123.48,"₹ 37,290.96",BRD-YTM
T004503,28/10/2019,f02229,FPO_DELIVERY,COTTON (Kapas),1.49 q,"₹ 7,600.00","₹ 11,324.00",BRD-YTM
T004504,06/11/2019,F02229,DELIVERY,Cotton,0.72 quintals,"₹ 7,600.00","₹ 5,472.00",BRD-YTM
T004505,01/10/2019,F02229,delivery,kapas,0.76 q,"₹ 7,600.00","₹ 5,776.00",BRD-YTM
T004506,23/06/2019,F02229,I,PPC,241 kg,₹ 456.26,"₹ 1,09,958.66",BRD-YTM
T004507,11/07/2019,F02229,INPUT_PURCHASE,FERTILIZER 50kg bag,143 kgs,₹ 51.87,"₹ 7,417.41",BRD-YTM
T004508,07/07/2019,F02229,FERT_PURCHASE,DAP,39 kg,₹ 47.46,"₹ 1,850.94",BRD-YTM
T004509,15/07/2019,F02229,Input Purchase,PP chemicals,187 kgs,₹ 153.72,"₹ 28,745.64",BRD-YTM
T004520,01/11/2019,F02232,D,kapas,3.3 qtl,"₹ 7,795.00","₹ 25,567.60",BRD-YTM
T004521,18/11/2019,F02232,Delivery,Cotton,2.18 q,"₹ 7,795.00","₹ 16,993.10",BRD-YTM
T004522,01/07/2019,F02232,input,FERTILIZER 50kg bag,269 kg,₹ 42.15,"₹ 11,338.35",BRD-YTM
T004523,29/06/2019,F02232,INPUT_PURCHASE,FERTILIZER 50kg bag,108 kg,₹ 29.93,"₹ 3,232.44",BRD-YTM
T004524,04/10/2019,F02233,delivery,COTTON (Kapas),4.9 qtl,"₹ 7,385.00","₹ 36,038.80",BRD-YTM
T004525,26/11/2019,F02233,DELIVERY,Cotton Kapas,3.98 q,"₹ 7,385.00","₹ 29,392.30",BRD-YTM
T004526,17/06/2019,F02233,FERT_PURCHASE,Hybrid Seeds,173 kg,₹ 120.98,"₹ 20,929.54",BRD-YTM
T004527,03/07/2019,F02233,input,Seeds,25 kgs,₹ 85.01,"₹ 2,125.25",BRD-YTM
T004528,30/06/2019,F02233,input,Hybrid Seeds,157 kg,₹ 56.93,"₹ 8,938.01",BRD-YTM
T004529,18/06/2019,F02233,FERT_PURCHASE,Seeds,167 kgs,₹ 121.11,"₹ 20,225.37",BRD-YTM
T004582,20/03/2020,F01001,delivery,Bengal Gram,2.5 qtl,"₹ 5,735.00","₹ 14,280.15",BRD-YTM
T004583,03/05/2020,F01001,delivery,Wheat (Durum),0.52 quintals,"₹ 2,240.00","₹ 1,164.80",BRD-YTM
T004584,11/03/2020,F01001,DELIVERY,Wheat,1.9 qtl,"₹ 2,240.00","₹ 4,345.60",BRD-YTM
T004585,27/03/2020,F01001,FPO_DELIVERY,Wheat (Durum),6.4 qtl,"₹ 2,240.00","₹ 14,313.60",BRD-YTM
T004586,16/04/2020,F01001,loan,Loan Repayment,,,"₹ 7,100.00",BRD-YTM
T004587,21/04/2020,F01003,Delivery,Gram,5.35 quintals,"₹ 5,880.00","₹ 31,458.00",BRD-YTM
T004588,08/05/2020,F01004,DELIVERY,Gram,0.5 qtl,"₹ 5,715.00","₹ 2,857.50",BRD-YTM
T004589,30/03/2020,F01004,DELIVERY,Bengal Gram,3.43 q,"₹ 5,715.00","₹ 19,602.45",BRD-YTM
T004590,03/03/2020,F01004,Delivery,GRAM (Chana),1.0 qtl,"₹ 5,715.00","₹ 5,772.15",BRD-YTM
T004591,20/03/2020,F01004,D,Wheat (Durum),5.51 quintals,"₹ 2,285.00","₹ 12,590.35",BRD-YTM
T004592,05/03/2020,F01004,delivery,Wheat,7.1 qtl,"₹ 2,285.00","₹ 16,132.10",BRD-YTM
T004593,02/05/2020,F01004,Delivery,Wheat (Durum),0.70 q,"₹ 2,285.00","₹ 1,599.50",BRD-YTM
T004594,03/12/2019,F01004,I,Fertilizer,101 kgs,₹ 32.31,"₹ 3,263.31",BRD-YTM
T004595,02/12/2019,F01004,Input Purchase,SEEDS,178 kg,₹ 94.81,"₹ 16,876.18",BRD-YTM
T004596,30/03/2020,f01005,Delivery,Gram,5.60 q,"₹ 5,065.00","₹ 28,364.00",BRD-YTM
T004597,14/03/2020,F01005,Delivery,Bengal Gram,13.15 q,"₹ 5,065.00","₹ 66,604.75",BRD-YTM
T004598,09/03/2020,F01008,DELIVERY,GRAM (Chana),6.82 q,"₹ 5,930.00","₹ 40,442.60",BRD-YTM
T004599,10/01/2020,F01008,INPUT_PURCHASE,NPK 10:26:26,137 kg,₹ 50.73,"₹ 6,950.01",BRD-YTM
T004600,22/12/2019,F01008,FERT_PURCHASE,Seeds,100 kgs,₹ 78.10,"₹ 7,810.00",BRD-YTM
T004601,04/04/2020,f01009,FPO_DELIVERY,chana,4.81 quintals,"₹ 5,635.00","₹ 27,104.35",BRD-YTM
T004602,02/03/2020,F01009,DELIVERY,GRAM (Chana),2.12 quintals,"₹ 5,635.00","₹ 11,946.20",BRD-YTM
T004603,29/12/2019,F01009,Input Purchase,Hybrid Seeds,109 kgs,₹ 127.52,"₹ 13,899.68",BRD-YTM
T004604,04/01/2020,f01009,I,FERTILIZER 50kg bag,256 kg,₹ 47.89,"₹ 12,259.84",BRD-YTM
T004605,08/05/2020,F01011,DELIVERY,Gram,14.36 q,"₹ 5,590.00","₹ 80,272.40",BRD-YTM
T004606,10/03/2020, F01011 ,delivery,wheat,6.10 q,"₹ 2,165.00","₹ 13,206.50",BRD-YTM
T004607,16/03/2020,f01011,D,Wheat,35.02 q,"₹ 2,165.00","₹ 75,818.30",BRD-YTM
T004608,23/12/2019,f01011,I,FERTILIZER 50kg bag,66 kg,₹ 30.05,"₹ 1,983.30",BRD-YTM
T004609,07/01/2020,f01011,Input Purchase,Fertilizer,76 kg,₹ 58.90,"₹ 4,476.40",BRD-YTM
T004610,03/03/2020,F01012,D,Bengal Gram,0.9 qtl,"₹ 5,485.00","₹ 5,046.20",BRD-YTM
T004611,15/04/2020,F01012,delivery,chana,0.62 q,"₹ 5,485.00","₹ 3,400.70",BRD-YTM
T004612,28/03/2020,F01012,FPO_DELIVERY,chana,1.3 qtl,"₹ 5,485.00","₹ 7,075.65",BRD-YTM
T004613,01/03/2020,F01013,FPO_DELIVERY,Bengal Gram,0.72 q,"₹ 6,145.00","₹ 4,424.40",BRD-YTM
T004614,29/02/2020,F01013,FPO_DELIVERY,GRAM (Chana),6.71 quintals,"₹ 6,145.00","₹ 41,232.95",BRD-YTM
T004615,10/05/2020,F01013,DELIVERY,GRAM (Chana),2.4 qtl,"₹ 6,145.00","₹ 14,870.90",BRD-YTM
T004616,05/12/2019,F01013,INPUT_PURCHASE,Bio-pesticide,96 kgs,₹ 504.51,"₹ 48,432.96",BRD-YTM
T004617,19/12/2019,F01013,FERT_PURCHASE,Seeds,290 kg,₹ 90.56,"₹ 26,262.40",BRD-YTM
T004618,02/12/2019,f01013,I,SEEDS,147 kgs,₹ 122.05,"₹ 17,941.35",BRD-YTM
T004619,06/12/2019,F01013,I,FERTILIZER 50kg bag,118 kgs,₹ 52.70,"₹ 6,218.60",BRD-YTM
T004620,18/04/2020, F01014 ,Delivery,Bengal Gram,1.6 qtl,"₹ 5,840.00","₹ 9,344.00",BRD-YTM
T004621,12/04/2020,f01014,FPO_DELIVERY,chana,1.61 quintals,"₹ 5,840.00","₹ 9,402.40",BRD-YTM
T004622,04/01/2020,F01014,I,DAP,175 kg,₹ 37.94,"₹ 6,639.50",BRD-YTM
T004623,03/12/2019,F01014,input,Urea,312 kg,₹ 28.78,"₹ 8,979.36",BRD-YTM
T004624,21/04/2020,F01015,Delivery,chana,14.25 q,"₹ 5,690.00","₹ 81,082.50",BRD-YTM
T004625,11/04/2020,F01015,FPO_DELIVERY,Wheat (Durum),30.11 q,"₹ 2,340.00","₹ 70,457.40",BRD-YTM
T004626,08/04/2020,F01015,D,WHEAT,0.6 qtl,"₹ 2,340.00","₹ 1,450.80",BRD-YTM
T004627,10/12/2019,F01015,FERT_PURCHASE,NPK 10:26:26,248 kgs,₹ 44.43,"₹ 11,018.64",BRD-YTM
T004628,17/12/2019,f01015,INPUT_PURCHASE,FERTILIZER 50kg bag,133 kgs,₹ 34.52,"₹ 4,591.16",BRD-YTM
T004629,07/05/2020,F01017,FPO_DELIVERY,Bengal Gram,12.19 q,"₹ 5,735.00","₹ 69,909.65",BRD-YTM
T004630,06/03/2020,F01017,DELIVERY,WHEAT,30.43 quintals,"₹ 2,165.00","₹ 65,880.95",BRD-YTM
T004631,10/12/2019, F01017 ,FERT_PURCHASE,PPC,262 kgs,₹ 143.32,"₹ 37,549.84",BRD-YTM
T004632,03/12/2019,F01017,loan,Loan Repayment,,,"₹ 3,100.00",BRD-YTM
T004633,26/03/2020,f01017,loan,EMI,,,"₹ 1,700.00",BRD-YTM
T004634,02/02/2020,F01017,L,Loan Repayment,,,"₹ 4,100.00",BRD-YTM
T004635,09/03/2020,f01019,delivery,Bengal Gram,12.1 qtl,"₹ 5,830.00","₹ 70,484.70",BRD-YTM
T004636,13/01/2020,F01019,INPUT_PURCHASE,NPK 10:26:26,178 kg,₹ 32.49,"₹ 5,783.22",BRD-YTM
T004637,06/12/2019,F01019,I,Hybrid Seeds,210 kg,₹ 52.47,"₹ 11,018.70",BRD-YTM
T004638,15/03/2020,F01020,D,Bengal Gram,0.8 qtl,"₹ 5,685.00","₹ 4,491.15",BRD-YTM
T004639,23/03/2020,F01020,D,Bengal Gram,1.3 qtl,"₹ 5,685.00","₹ 7,617.90",BRD-YTM
T004640,25/04/2020,f01020,delivery,Lokwan Wheat,3.68 quintals,"₹ 2,305.00","₹ 8,482.40",BRD-YTM
T004641,15/03/2020,F01020,Delivery,Wheat,3.12 q,"₹ 2,305.00","₹ 7,191.60",BRD-YTM
T004642,30/12/2019,F01020,FERT_PURCHASE,Hybrid Seeds,255 kg,₹ 91.67,"₹ 23,375.85",BRD-YTM
T004643,09/12/2019,F01020,INPUT_PURCHASE,DAP,166 kg,₹ 49.34,"₹ 8,190.44",BRD-YTM
T004644,19/12/2019,F01020,I,Urea,281 kg,₹ 32.04,"₹ 9,003.24",BRD-YTM
T004645,22/12/2019,f01020,Input Purchase,FERTILIZER 50kg bag,316 kgs,₹ 45.34,"₹ 14,327.44",BRD-YTM
T004646,11/03/2020,F01021,FPO_DELIVERY,GRAM (Chana),8.8 qtl,"₹ 5,465.00","₹ 48,310.60",BRD-YTM
T004647,01/04/2020,F01021,FPO_DELIVERY,chana,1.6 qtl,"₹ 5,465.00","₹ 8,962.60",BRD-YTM
T004648,06/05/2020,F01021,FPO_DELIVERY,GRAM (Chana),1.25 quintals,"₹ 5,465.00","₹ 6,831.25",BRD-YTM
T004649,10/05/2020,F01021,D,Wheat,6.4 qtl,"₹ 2,395.00","₹ 15,328.00",BRD-YTM
T004650,09/04/2020,F01021,Delivery,wheat,23.46 q,"₹ 2,395.00","₹ 56,186.70",BRD-YTM
T004651,04/01/2020,F01021,Input Purchase,PPC,240 kg,₹ 593.35,"₹ 1,42,404.00",BRD-YTM
T004652,15/01/2020,F01021,INPUT_PURCHASE,DAP,118 kgs,₹ 49.63,"₹ 5,856.34",BRD-YTM
T004653,03/03/2020,F01022,DELIVERY,GRAM (Chana),1.81 q,"₹ 6,130.00","₹ 11,095.30",BRD-YTM
T004654,29/02/2020,F01022,D,Bengal Gram,4.7 qtl,"₹ 6,130.00","₹ 28,872.30",BRD-YTM
T004655,07/05/2020,F01023,FPO_DELIVERY,chana,1.5 qtl,"₹ 5,600.00","₹ 8,512.00",BRD-YTM
T004656,14/05/2020,F01023,D,chana,8.86 quintals,"₹ 5,600.00","₹ 49,616.00",BRD-YTM
T004657,06/01/2020,F01023,Input Purchase,Hybrid Seeds,59 kg,₹ 74.45,"₹ 4,392.55",BRD-YTM
T004658,30/03/2020,F01026,Delivery,chana,6.6 qtl,"₹ 5,380.00","₹ 35,615.60",BRD-YTM
T004659,27/03/2020,F01026,delivery,GRAM (Chana),1.80 quintals,"₹ 5,380.00","₹ 9,684.00",BRD-YTM
T004660,07/12/2019,F01026,I,FERTILIZER 50kg bag,260 kg,₹ 41.19,"₹ 10,709.40",BRD-YTM
T004661,18/03/2020, F01027 ,Delivery,Bengal Gram,0.13 quintals,"₹ 5,845.00",₹ 759.85,BRD-YTM
T004662,06/03/2020,f01027,Delivery,GRAM (Chana),1.14 quintals,"₹ 5,845.00","₹ 6,663.30",BRD-YTM
T004663,01/12/2019,F01027,input,DAP,79 kgs,₹ 36.68,"₹ 2,897.72",BRD-YTM
T004664,01/03/2020,F01028,DELIVERY,Bengal Gram,0.31 quintals,"₹ 5,755.00","₹ 1,784.05",BRD-YTM
T004665,10/04/2020,F01028,DELIVERY,Bengal Gram,4.51 quintals,"₹ 5,755.00","₹ 25,955.05",BRD-YTM
T004666,04/04/2020,F01028,FPO_DELIVERY,GRAM (Chana),2.54 q,"₹ 5,755.00","₹ 14,617.70",BRD-YTM
T004667,30/04/2020,F01029,FPO_DELIVERY,Gram,7.0 qtl,"₹ 5,760.00","₹ 40,435.20",BRD-YTM
T004668,14/04/2020,F01030,DELIVERY,chana,2.46 quintals,"₹ 5,635.00","₹ 13,862.10",BRD-YTM
T004669,03/04/2020,F01030,FPO_DELIVERY,Wheat (Durum),6.6 qtl,"₹ 2,310.00","₹ 15,338.40",BRD-YTM
T004670,04/04/2020,F01031,DELIVERY,GRAM (Chana),9.98 q,"₹ 5,610.00","₹ 55,987.80",BRD-YTM
T004671,24/04/2020,F01031,LOAN_REPAY,EMI,,,"₹ 7,300.00",BRD-YTM
T004672,31/03/2020,F01032,FPO_DELIVERY,chana,7.8 qtl,"₹ 5,770.00","₹ 45,121.40",BRD-YTM
T004673,22/03/2020,F01032,D,Wheat,13.10 quintals,"₹ 2,295.00","₹ 30,064.50",BRD-YTM
T004674,10/04/2020,F01032,FPO_DELIVERY,wheat,7.99 q,"₹ 2,295.00","₹ 18,337.05",BRD-YTM
T004675,05/01/2020,F01032,input,DAP,85 kgs,₹ 48.09,"₹ 4,087.65",BRD-YTM
T004676,29/12/2019,F01032,FERT_PURCHASE,Hybrid Seeds,67 kg,₹ 76.82,"₹ 5,146.94",BRD-YTM
T004677,04/12/2019,F01032,I,Fertilizer,288 kgs,₹ 51.31,"₹ 14,777.28",BRD-YTM
T004678,03/05/2020,F01034,FPO_DELIVERY,Bengal Gram,2.3 qtl,"₹ 5,670.00","₹ 12,984.30",BRD-YTM
T004679,25/04/2020,F01034,DELIVERY,Gram,0.7 qtl,"₹ 5,670.00","₹ 4,139.10",BRD-YTM
T004680,17/12/2019,F01034,FERT_PURCHASE,Seeds,136 kg,₹ 128.46,"₹ 17,470.56",BRD-YTM
T004681,25/04/2020,F01034,loan,EMI,,,"₹ 1,900.00",BRD-YTM
T004682,11/05/2020,F01034,loan,EMI,,,"₹ 6,000.00",BRD-YTM
T004683,30/03/2020,F01035,DELIVERY,Bengal Gram,2.71 q,"₹ 5,705.00","₹ 15,460.55",BRD-YTM
T004684,14/05/2020,F01035,delivery,Bengal Gram,2.09 q,"₹ 5,705.00","₹ 11,923.45",BRD-YTM
T004685,01/03/2020,F01035,Delivery,Wheat,2.43 quintals,"₹ 2,130.00","₹ 5,175.90",BRD-YTM
T004686,26/03/2020,f01035,FPO_DELIVERY,Lokwan Wheat,5.43 q,"₹ 2,130.00","₹ 11,565.90",BRD-YTM
T004687,04/05/2020,F01035,Delivery,WHEAT,8.43 q,"₹ 2,130.00","₹ 17,955.90",BRD-YTM
T004688,20/12/2019,F01035,FERT_PURCHASE,Urea,43 kgs,₹ 30.56,"₹ 1,314.08",BRD-YTM
T004689,09/03/2020,f01036,Delivery,Gram,10.12 q,"₹ 5,660.00","₹ 57,279.20",BRD-YTM
T004690,19/12/2019,F01036,Input Purchase,FERTILIZER 50kg bag,35 kgs,₹ 47.07,"₹ 1,647.45",BRD-YTM
T004691,10/01/2020,F01036,INPUT_PURCHASE,DAP,197 kgs,₹ 37.97,"₹ 7,480.09",BRD-YTM
T004692,20/12/2019,F01036,Input Purchase,Seeds,128 kgs,₹ 46.71,"₹ 5,978.88",BRD-YTM
T004693,16/03/2020, F01037 ,Delivery,GRAM (Chana),4.20 quintals,"₹ 5,600.00","₹ 23,520.00",BRD-YTM
T004694,29/04/2020,F01037,DELIVERY,chana,2.58 q,"₹ 5,600.00","₹ 14,448.00",BRD-YTM
T004695,10/05/2020,F01037,DELIVERY,Wheat (Durum),4.03 quintals,"₹ 2,270.00","₹ 9,148.10",BRD-YTM
T004696,02/03/2020,F01037,delivery,wheat,15.65 q,"₹ 2,270.00","₹ 35,525.50",BRD-YTM
T004697,28/12/2019,f01037,input,Hybrid Seeds,125 kg,₹ 118.52,"₹ 14,815.00",BRD-YTM
T004698,26/03/2020,F01038,FPO_DELIVERY,GRAM (Chana),32.8 qtl,"₹ 6,200.00","₹ 2,03,236.00",BRD-YTM
T004699,08/04/2020,F01040,D,Gram,2.68 q,"₹ 5,540.00","₹ 14,847.20",BRD-YTM
T004700,06/05/2020,F01040,D,Bengal Gram,10.57 q,"₹ 5,540.00","₹ 58,557.80",BRD-YTM
T004701,23/12/2019,F01040,input,DAP,204 kgs,₹ 59.93,"₹ 12,225.72",BRD-YTM
T004702,01/04/2020,F01042,D,chana,8.12 q,"₹ 5,600.00","₹ 45,472.00",BRD-YTM
T004703,05/05/2020,F01042,delivery,chana,7.3 qtl,"₹ 5,600.00","₹ 40,824.00",BRD-YTM
T004704,11/12/2019,F01042,INPUT_PURCHASE,Hybrid Seeds,234 kg,₹ 61.76,"₹ 14,451.84",BRD-YTM
T004705,12/12/2019,F01042,L,EMI,,,"₹ 4,200.00",BRD-YTM
T004706,13/03/2020,F01043,FPO_DELIVERY,GRAM (Chana),20.8 qtl,"₹ 5,825.00","₹ 1,21,043.50",BRD-YTM
T004707,17/03/2020,F01043,DELIVERY,chana,2.81 quintals,"₹ 5,825.00","₹ 16,368.25",BRD-YTM
T004708,02/12/2019,F01043,FERT_PURCHASE,Urea,122 kg,₹ 57.17,"₹ 6,974.74",BRD-YTM
T004709,10/05/2020,F01043,LOAN_REPAY,Loan Repayment,,,₹ N/A,BRD-YTM
T004710,30/03/2020,F01043,Loan Repayment,EMI,,,"₹ 7,800.00",BRD-YTM
T004711,15/03/2020,f01044,delivery,Gram,11.4 qtl,"₹ 5,980.00","₹ 68,471.00",BRD-YTM
T004712,26/04/2020,F01044,delivery,Gram,0.76 quintals,"₹ 5,980.00","₹ 4,544.80",BRD-YTM
T004713,22/03/2020,F01044,FPO_DELIVERY,Gram,6.4 qtl,"₹ 5,980.00","₹ 38,092.60",BRD-YTM
T004714,17/04/2020,F01044,DELIVERY,wheat,3.06 q,"₹ 2,350.00","₹ 7,191.00",BRD-YTM
T004715,05/05/2020,F01044,D,WHEAT,47.8 qtl,"₹ 2,350.00","₹ 1,12,424.00",BRD-YTM
T004716,15/12/2019,F01044,input,Fertilizer,190 kg,₹ 41.45,"₹ 7,875.50",BRD-YTM
T004717,12/05/2020,F01045,FPO_DELIVERY,Bengal Gram,7.89 quintals,"₹ 5,850.00","₹ 46,156.50",BRD-YTM
T004718,28/12/2019,F01045,FERT_PURCHASE,SEEDS,248 kg,₹ 128.20,"₹ 31,793.60",BRD-YTM
T004719,14/12/2019,F01045,FERT_PURCHASE,SEEDS,226 kg,₹ 105.41,"₹ 23,822.66",BRD-YTM
T004720,04/03/2020,F01045,loan,Loan Repayment,,,"₹ 5,100.00",BRD-YTM
T004721,04/01/2020,F01045,L,EMI,,,"₹ 3,500.00",BRD-YTM
T004722,01/03/2020,F01046,Delivery,GRAM (Chana),0.49 q,"₹ 5,480.00","₹ 2,685.20",BRD-YTM
T004723,20/04/2020,f01046,DELIVERY,chana,2.70 quintals,"₹ 5,480.00","₹ 14,796.00",BRD-YTM
T004724,18/03/2020,F01046,DELIVERY,wheat,8.9 qtl,"₹ 2,300.00","₹ 20,401.00",BRD-YTM
T004725,05/12/2019,f01046,INPUT_PURCHASE,FERTILIZER 50kg bag,183 kg,₹ 29.32,"₹ 5,365.56",BRD-YTM
T004726,22/04/2020,F01047,FPO_DELIVERY,Bengal Gram,1.4 qtl,"₹ 5,410.00","₹ 7,411.70",BRD-YTM
T004727,14/05/2020,f01047,FPO_DELIVERY,GRAM (Chana),2.4 qtl,"₹ 5,410.00","₹ 13,038.10",BRD-YTM
T004728,02/05/2020,F01047,DELIVERY,wheat,1.33 quintals,"₹ 2,105.00","₹ 2,799.65",BRD-YTM
T004729,20/03/2020,f01047,DELIVERY,Wheat (Durum),8.48 q,"₹ 2,105.00","₹ 17,850.40",BRD-YTM
T004730,29/12/2019, F01047 ,I,Bio-pesticide,87 kg,₹ 470.07,"₹ 40,896.09",BRD-YTM
T004731,05/03/2020,f01048,DELIVERY,Gram,4.79 q,"₹ 6,010.00","₹ 28,787.90",BRD-YTM
T004732,06/04/2020,F01050,D,Bengal Gram,2.36 quintals,"₹ 5,860.00","₹ 13,829.60",BRD-YTM
T004733,03/04/2020,F01050,DELIVERY,Bengal Gram,16.51 quintals,"₹ 5,860.00","₹ 96,748.60",BRD-YTM
T004734,08/12/2019,F01050,input,NPK 10:26:26,150 kg,₹ 43.81,"₹ 6,571.50",BRD-YTM
T004735,08/01/2020,F01050,INPUT_PURCHASE,Hybrid Seeds,221 kg,₹ 106.98,"₹ 23,642.58",BRD-YTM
T004736,22/03/2020, F01051 ,D,Bengal Gram,4.78 quintals,"₹ 5,740.00","₹ 27,437.20",BRD-YTM
T004737,22/03/2020,f01051,D,chana,4.44 quintals,"₹ 5,740.00","₹ 25,485.60",BRD-YTM
T004738,18/03/2020,F01051,Delivery,Lokwan Wheat,22.72 quintals,"₹ 2,215.00","₹ 50,324.80",BRD-YTM
T004739,14/04/2020,F01051,DELIVERY,Lokwan Wheat,0.64 quintals,"₹ 2,215.00","₹ 1,417.60",BRD-YTM
T004740,29/03/2020,F01052,D,chana,13.3 qtl,"₹ 5,455.00","₹ 72,606.05",BRD-YTM
T004741,14/04/2020,F01052,delivery,chana,2.7 qtl,"₹ 5,455.00","₹ 14,510.30",BRD-YTM
T004742,31/12/2019,F01052,FERT_PURCHASE,PP chemicals,150 kgs,₹ 120.85,"₹ 18,127.50",BRD-YTM
T004743,14/04/2020, F01053 ,Delivery,chana,12.73 quintals,"₹ 5,285.00","₹ 67,278.05",BRD-YTM
T004744,31/12/2019,F01053,Input Purchase,FERTILIZER 50kg bag,162 kg,₹ 58.92,"₹ 9,545.04",BRD-YTM
T004745,06/01/2020,f01053,I,PP chemicals,34 kgs,₹ 217.36,"₹ 7,390.24",BRD-YTM
T004746,11/12/2019,F01053,input,FERTILIZER 50kg bag,121 kgs,₹ 40.13,"₹ 4,855.73",BRD-YTM
T004747,30/04/2020,F01053,LOAN_REPAY,Loan Repayment,,,"₹ 1,300.00",BRD-YTM
T004748,13/04/2020,F01054,D,Bengal Gram,14.14 quintals,"₹ 5,690.00","₹ 80,456.60",BRD-YTM
T004749,22/04/2020,F01054,delivery,GRAM (Chana),1.44 quintals,"₹ 5,690.00","₹ 8,193.60",BRD-YTM
T004750,24/03/2020,F01054,FPO_DELIVERY,Wheat,6.71 quintals,"₹ 2,170.00","₹ 14,560.70",BRD-YTM
T004751,05/04/2020,f01054,FPO_DELIVERY,WHEAT,3.80 quintals,"₹ 2,170.00","₹ 8,246.00",BRD-YTM
T004752,02/03/2020,F01054,DELIVERY,Lokwan Wheat,25.96 quintals,"₹ 2,170.00","₹ 56,333.20",BRD-YTM
T004753,04/12/2019, F01054 ,I,Hybrid Seeds,157 kg,₹ 45.57,"₹ 7,154.49",BRD-YTM
T004754,01/01/2020,F01054,FERT_PURCHASE,NPK 10:26:26,31 kg,₹ 37.42,"₹ 1,160.02",BRD-YTM
T004755,07/04/2020,F01055,D,GRAM (Chana),15.74 q,"₹ 5,710.00","₹ 89,875.40",BRD-YTM
T004756,13/04/2020,F01055,delivery,wheat,7.9 qtl,"₹ 2,365.00","₹ 18,588.90",BRD-YTM
T004757,20/04/2020,f01055,DELIVERY,WHEAT,37.29 quintals,"₹ 2,365.00","₹ 88,190.85",BRD-YTM
T004758,20/12/2019,F01055,Input Purchase,Hybrid Seeds,306 kg,₹ 118.86,"₹ 36,371.16",BRD-YTM
T004759,01/12/2019,F01055,I,Seeds,71 kgs,₹ 62.26,"₹ 4,420.46",BRD-YTM
T004760,03/01/2020, F01055 ,FERT_PURCHASE,PPC,214 kgs,₹ 223.54,"₹ 47,837.56",BRD-YTM
T004761,06/01/2020,F01055,FERT_PURCHASE,PP chemicals,66 kgs,₹ 480.26,"₹ 31,697.16",BRD-YTM
T004762,04/03/2020,F01057,Delivery,GRAM (Chana),11.74 q,"₹ 6,020.00","₹ 70,674.80",BRD-YTM
T004763,29/12/2019, F01057 ,INPUT_PURCHASE,FERTILIZER 50kg bag,89 kgs,₹ 49.37,"₹ 4,393.93",BRD-YTM
T004764,09/01/2020,F01057,INPUT_PURCHASE,Hybrid Seeds,196 kgs,₹ 116.34,"₹ 22,802.64",BRD-YTM
T004765,12/03/2020,F01058,D,GRAM (Chana),28.53 quintals,"₹ 5,390.00","₹ 1,53,776.70",BRD-YTM
T004766,13/12/2019,F01058,FERT_PURCHASE,Urea,143 kgs,₹ 32.64,"₹ 4,667.52",BRD-YTM
T004767,07/01/2020,F01058,Input Purchase,DAP,41 kgs,₹ 51.72,"₹ 2,120.52",BRD-YTM
T004768,07/12/2019,F01058,INPUT_PURCHASE,DAP,131 kg,₹ 29.98,"₹ 3,927.38",BRD-YTM
T004769,12/01/2020,F01058,input,NPK 10:26:26,280 kgs,₹ 32.86,"₹ 9,200.80",BRD-YTM
T004770,15/04/2020,F01059,DELIVERY,GRAM (Chana),6.20 q,"₹ 5,385.00","₹ 33,387.00",BRD-YTM
T004771,23/03/2020,F01059,DELIVERY,Wheat (Durum),15.47 q,"₹ 2,210.00","₹ 34,188.70",BRD-YTM
T004772,28/04/2020,F01062,D,chana,2.83 quintals,"₹ 6,150.00","₹ 17,404.50",BRD-YTM
T004773,24/04/2020,F01062,delivery,GRAM (Chana),0.74 quintals,"₹ 6,150.00","₹ 4,551.00",BRD-YTM
T004774,18/04/2020,F01062,Delivery,chana,8.2 qtl,"₹ 6,150.00","₹ 50,368.50",BRD-YTM
T004775,11/03/2020,F01062,Delivery,Wheat (Durum),27.8 qtl,"₹ 2,450.00","₹ 67,987.50",BRD-YTM
T004776,22/04/2020,F01062,DELIVERY,WHEAT,6.6 qtl,"₹ 2,450.00","₹ 16,243.50",BRD-YTM
T004777,21/03/2020,F01063,D,chana,1.94 q,"₹ 5,740.00","₹ 11,135.60",BRD-YTM
T004778,29/04/2020,F01063,FPO_DELIVERY,Bengal Gram,2.5 qtl,"₹ 5,740.00","₹ 14,464.80",BRD-YTM
T004779,30/03/2020,f01063,FPO_DELIVERY,WHEAT,12.55 quintals,"₹ 2,355.00","₹ 29,555.25",BRD-YTM
T004780,24/12/2019,F01063,I,DAP,312 kg,₹ 38.22,"₹ 11,924.64",BRD-YTM
T004781,04/12/2019,F01063,input,Fertilizer,203 kg,₹ 38.50,"₹ 7,815.50",BRD-YTM
T004782,06/01/2020,F01063,Input Purchase,NPK 10:26:26,264 kgs,₹ 43.34,"₹ 11,441.76",BRD-YTM
T004783,05/02/2020,F01063,Loan Repayment,EMI,,,"₹ 5,900.00",BRD-YTM
T004784,29/12/2019,F01063,Loan Repayment,Loan Repayment,,,"₹ 7,700.00",BRD-YTM
T004785,01/04/2020, F01064 ,delivery,chana,20.05 quintals,"₹ 6,205.00","₹ 1,24,410.25",BRD-YTM
T004786,17/03/2020,F01064,LOAN_REPAY,EMI,,,"₹ 5,600.00",BRD-YTM
T004787,18/12/2019,F01064,LOAN_REPAY,Loan Repayment,,,"₹ 4,500.00",BRD-YTM
T004788,09/03/2020,f01066,FPO_DELIVERY,chana,17.27 q,"₹ 5,540.00","₹ 95,675.80",BRD-YTM
T004789,11/03/2020,F01066,FPO_DELIVERY,Lokwan Wheat,10.90 quintals,"₹ 2,120.00","₹ 23,108.00",BRD-YTM
T004790,06/03/2020,F01066,delivery,Lokwan Wheat,33.33 q,"₹ 2,120.00","₹ 70,659.60",BRD-YTM
T004791,03/05/2020,F01067,DELIVERY,Gram,2.98 q,"₹ 5,420.00","₹ 16,151.60",BRD-YTM
T004792,18/04/2020,F01068,FPO_DELIVERY,Bengal Gram,4.0 qtl,"₹ 5,710.00","₹ 22,782.90",BRD-YTM
T004793,01/04/2020,F01068,FPO_DELIVERY,Gram,3.85 quintals,"₹ 5,710.00","₹ 21,983.50",BRD-YTM
T004794,08/02/2020,F01068,LOAN_REPAY,Loan Repayment,,,"₹ 1,100.00",BRD-YTM
T004795,21/03/2020,f01070,DELIVERY,chana,0.68 quintals,"₹ 6,020.00","₹ 4,093.60",BRD-YTM
T004796,12/03/2020,F01070,delivery,chana,6.06 q,"₹ 6,020.00","₹ 36,481.20",BRD-YTM
T004797,07/03/2020,F01070,delivery,wheat,15.22 q,"₹ 2,095.00","₹ 31,885.90",BRD-YTM
T004798,12/05/2020, F01070 ,FPO_DELIVERY,Wheat,3.5 qtl,"₹ 2,095.00","₹ 7,353.45",BRD-YTM
T004799,22/12/2019,F01070,FERT_PURCHASE,Urea,148 kg,₹ 52.97,"₹ 7,839.56",BRD-YTM
T004800,13/05/2020,F01071,D,GRAM (Chana),0.21 q,"₹ 5,635.00","₹ 1,183.35",BRD-YTM
T004801,23/04/2020,F01071,D,Gram,5.2 qtl,"₹ 5,635.00","₹ 29,189.30",BRD-YTM
T004802,01/01/2020,F01071,Input Purchase,DAP,135 kg,₹ 36.09,"₹ 4,872.15",BRD-YTM
T004803,07/05/2020,F01071,LOAN_REPAY,Loan Repayment,,,"₹ 2,500.00",BRD-YTM
T004804,02/03/2020,F01072,delivery,Bengal Gram,,"₹ 5,810.00","₹ 86,685.20",BRD-YTM
T004805,29/02/2020,F01072,FPO_DELIVERY,Bengal Gram,3.96 q,"₹ 5,810.00","₹ 23,007.60",BRD-YTM
T004806,28/03/2020,F01072,FPO_DELIVERY,Wheat,49.0 qtl,"₹ 2,310.00","₹ 1,13,236.20",BRD-YTM
T004807,15/04/2020,F01072,D,WHEAT,4.0 qtl,"₹ 2,310.00","₹ 9,240.00",BRD-YTM
T004808,18/12/2019,F01072,I,Seeds,250 kg,₹ 52.08,"₹ 13,020.00",BRD-YTM
T004809,16/12/2019,F01072,INPUT_PURCHASE,Seeds,184 kgs,₹ 72.27,"₹ 13,297.68",BRD-YTM
T004810,09/01/2020, F01072 ,input,Bio-pesticide,247 kg,₹ 502.47,"₹ 1,24,110.09",BRD-YTM
T004811,11/12/2019,F01072,LOAN_REPAY,EMI,,,"₹ 7,500.00",BRD-YTM
T004812,17/04/2020,F01074,delivery,Gram,0.40 q,"₹ 5,605.00","₹ 2,242.00",BRD-YTM
T004813,24/04/2020,F01074,DELIVERY,Gram,2.9 qtl,"₹ 5,605.00","₹ 16,366.60",BRD-YTM
T004814,06/12/2019,f01074,input,PPC,236 kgs,₹ 639.26,"₹ 1,50,865.36",BRD-YTM
T004815,13/01/2020,F01074,I,DAP,162 kg,₹ 32.53,"₹ 5,269.86",BRD-YTM
T004816,14/01/2020,F01074,INPUT_PURCHASE,Bio-pesticide,275 kgs,₹ 432.18,"₹ 1,18,849.50",BRD-YTM
T004817,04/04/2020,F01075,DELIVERY,chana,24.9 qtl,"₹ 5,405.00","₹ 1,34,422.35",BRD-YTM
T004818,02/01/2020, F01075 ,I,Hybrid Seeds,112 kgs,₹ 70.68,"₹ 7,916.16",BRD-YTM
T004819,07/05/2020,F01076,Delivery,Bengal Gram,7.17 q,"₹ 5,685.00","₹ 40,761.45",BRD-YTM
T004820,10/05/2020,f01076,DELIVERY,Lokwan Wheat,9.1 qtl,"₹ 2,205.00","₹ 20,153.70",BRD-YTM
T004821,03/05/2020,F01076,Delivery,Lokwan Wheat,11.90 q,"₹ 2,205.00","₹ 26,239.50",BRD-YTM
T004822,02/03/2020,F01078,DELIVERY,chana,8.61 q,"₹ 5,945.00","₹ 51,186.45",BRD-YTM
T004823,01/01/2020, F01078 ,I,Urea,76 kg,₹ 43.84,"₹ 3,331.84",BRD-YTM
T004824,09/01/2020,F01078,INPUT_PURCHASE,NPK 10:26:26,282 kg,₹ 28.60,"₹ 8,065.20",BRD-YTM
T004825,15/04/2020,F01079,FPO_DELIVERY,Gram,6.52 q,"₹ 5,625.00","₹ 36,675.00",BRD-YTM
T004826,23/12/2019,F01079,I,DAP,95 kgs,₹ 41.17,"₹ 3,911.15",BRD-YTM
T004827,31/03/2020,F01081,D,GRAM (Chana),6.70 quintals,"₹ 6,280.00","₹ 42,076.00",BRD-YTM
T004828,08/04/2020,F01081,D,chana,6.3 qtl,"₹ 6,280.00","₹ 39,878.00",BRD-YTM
T004829,13/04/2020,F01081,D,Wheat (Durum),2.2 qtl,"₹ 2,260.00","₹ 4,881.60",BRD-YTM
T004830,29/04/2020,F01081,Delivery,wheat,7.31 quintals,"₹ 2,260.00","₹ 16,520.60",BRD-YTM
T004831,01/05/2020,F01081,Delivery,Wheat (Durum),22.47 quintals,"₹ 2,260.00","₹ 50,782.20",BRD-YTM
T004832,05/01/2020,F01081,INPUT_PURCHASE,DAP,43 kg,₹ 45.50,"₹ 1,956.50",BRD-YTM
T004833,23/02/2020,F01081,Loan Repayment,Loan Repayment,,,"₹ 3,400.00",BRD-YTM
T004834,19/05/2020,F01081,Loan Repayment,Loan Repayment,,,"₹ 7,100.00",BRD-YTM
T004835,12/03/2020,,Delivery,Gram,1.61 quintals,"₹ 5,705.00","₹ 9,185.05",BRD-YTM
T004836,20/04/2020,F01082,delivery,chana,3.81 quintals,"₹ 5,705.00","₹ 21,736.05",BRD-YTM
T004837,26/04/2020,F01082,DELIVERY,Bengal Gram,0.84 quintals,"₹ 5,705.00","₹ 4,792.20",BRD-YTM
T004838,25/12/2019,F01082,Input Purchase,SEEDS,262 kgs,₹ 63.23,"₹ 16,566.26",BRD-YTM
T004839,08/01/2020,F01082,INPUT_PURCHASE,Fertilizer,83 kgs,₹ 30.86,"₹ 2,561.38",BRD-YTM
T004840,09/05/2020,f01083,Delivery,Bengal Gram,4.2 qtl,"₹ 5,555.00","₹ 23,497.65",BRD-YTM
T004841,12/05/2020,F01083,delivery,WHEAT,2.85 q,"₹ 2,390.00","₹ 6,811.50",BRD-YTM
T004842,24/03/2020,F01083,DELIVERY,Lokwan Wheat,7.33 quintals,"₹ 2,390.00","₹ 17,518.70",BRD-YTM
T004843,01/03/2020,F01083,FPO_DELIVERY,Wheat (Durum),1.14 quintals,"₹ 2,390.00","₹ 2,724.60",BRD-YTM
T004844,12/03/2020,F01085,FPO_DELIVERY,GRAM (Chana),1.9 qtl,"₹ 5,710.00","₹ 10,849.00",BRD-YTM
T004845,03/05/2020,F01085,Delivery,Gram,9.66 q,"₹ 5,710.00","₹ 55,158.60",BRD-YTM
T004846,02/04/2020,F01085,FPO_DELIVERY,GRAM (Chana),0.89 q,"₹ 5,710.00","₹ 5,081.90",BRD-YTM
T004847,13/01/2020,F01085,Input Purchase,Seeds,220 kgs,₹ 95.10,"₹ 20,922.00",BRD-YTM
T004848,10/12/2019, F01085 ,input,SEEDS,175 kgs,₹ 45.44,"₹ 7,952.00",BRD-YTM
T004849,27/03/2020,f01086,Delivery,chana,7.4 qtl,"₹ 5,595.00","₹ 41,347.05",BRD-YTM
T004850,19/03/2020,F01087,FPO_DELIVERY,GRAM (Chana),14.03 quintals,"₹ 5,565.00","₹ 78,076.95",BRD-YTM
T004851,05/04/2020,F01087,delivery,GRAM (Chana),0.19 q,"₹ 5,565.00","₹ 1,057.35",BRD-YTM
T004852,08/12/2019,F01087,input,NPK 10:26:26,259 kg,₹ 45.71,"₹ 11,838.89",BRD-YTM
T004853,15/01/2020,F01087,INPUT_PURCHASE,Fertilizer,297 kg,₹ 40.47,"₹ 12,019.59",BRD-YTM
T004854,18/04/2020,F01088,FPO_DELIVERY,Bengal Gram,0.4 qtl,"₹ 5,545.00","₹ 2,439.80",BRD-YTM
T004855,18/04/2020, F01088 ,D,Gram,3.9 qtl,"₹ 5,545.00","₹ 21,403.70",BRD-YTM
T004856,04/05/2020,F01088,Delivery,wheat,6.08 q,"₹ 2,360.00","₹ 14,348.80",BRD-YTM
T004857,07/05/2020,F01088,FPO_DELIVERY,wheat,1.83 quintals,"₹ 2,360.00","₹ 4,318.80",BRD-YTM
T004858,21/03/2020,F01088,DELIVERY,Wheat,4.19 quintals,"₹ 2,360.00","₹ 9,888.40",BRD-YTM
T004859,26/12/2019,F01088,Input Purchase,SEEDS,63 kgs,₹ 117.80,"₹ 7,421.40",BRD-YTM
T004860,25/12/2019,F01088,input,Urea,30 kg,₹ 32.12,₹ 963.60,BRD-YTM
T004861,01/04/2020,F01089,Delivery,GRAM (Chana),3.25 quintals,"₹ 6,005.00","₹ 19,516.25",BRD-YTM
T004862,10/05/2020,F01089,FPO_DELIVERY,Gram,5.19 q,"₹ 6,005.00","₹ 31,165.95",BRD-YTM
T004863,16/04/2020,F01089,delivery,chana,7.22 quintals,"₹ 6,005.00","₹ 43,356.10",BRD-YTM
T004864,01/04/2020,f01089,DELIVERY,wheat,45.9 qtl,"₹ 2,220.00","₹ 1,01,986.80",BRD-YTM
T004865,20/12/2019,F01089,input,Fertilizer,60 kg,₹ 34.78,"₹ 2,086.80",BRD-YTM
T004866,21/05/2020,F01089,loan,EMI,,,"₹ 5,600.00",BRD-YTM
T004867,14/03/2020,F01089,LOAN_REPAY,Loan Repayment,,,"₹ 7,300.00",BRD-YTM
T004868,09/04/2020,F01089,loan,EMI,,,"₹ 2,500.00",BRD-YTM
T004869,23/03/2020, F01090 ,delivery,chana,7.31 q,"₹ 5,440.00","₹ 39,766.40",BRD-YTM
T004870,27/12/2019,F01090,Input Purchase,DAP,170 kgs,₹ 41.60,"₹ 7,072.00",BRD-YTM
T004871,13/01/2020,F01090,I,Urea,166 kg,₹ 28.28,"₹ 4,694.48",BRD-YTM
T004872,10/01/2020,F01090,input,Hybrid Seeds,300 kg,₹ 95.48,"₹ 28,644.00",BRD-YTM
T004873,08/04/2020,F01091,DELIVERY,chana,16.6 qtl,"₹ 5,815.00","₹ 96,645.30",BRD-YTM
T004874,26/03/2020,F01091,FPO_DELIVERY,Wheat (Durum),47.20 q,"₹ 2,390.00","₹ 1,12,808.00",BRD-YTM
T004875,03/01/2020,F01091,I,PPC,38 kg,₹ 124.90,"₹ 4,746.20",BRD-YTM
T004876,29/02/2020,F01092,Delivery,GRAM (Chana),8.00 q,"₹ 5,620.00","₹ 44,960.00",BRD-YTM
T004877,02/12/2019,F01092,FERT_PURCHASE,DAP,89 kg,₹ 39.96,"₹ 3,556.44",BRD-YTM
T004878,25/12/2019,F01092,INPUT_PURCHASE,FERTILIZER 50kg bag,67 kgs,₹ 34.30,"₹ 2,298.10",BRD-YTM
T004879,16/12/2019,F01092,I,DAP,139 kg,₹ 46.88,"₹ 6,516.32",BRD-YTM
T004880,02/12/2019,F01092,FERT_PURCHASE,PP chemicals,275 kgs,₹ 295.18,"₹ 81,174.50",BRD-YTM
T004881,24/12/2019, F01092 ,Input Purchase,Seeds,34 kg,₹ 103.58,"₹ 3,521.72",BRD-YTM
T004882,10/03/2020,F01093,Delivery,Gram,9.93 q,"₹ 5,650.00","₹ 56,104.50",BRD-YTM
T004883,09/03/2020,F01093,Delivery,chana,0.55 q,"₹ 5,650.00","₹ 3,107.50",BRD-YTM
T004884,24/04/2020,F01093,FPO_DELIVERY,Gram,13.28 quintals,"₹ 5,650.00","₹ 75,032.00",BRD-YTM
T004885,09/12/2019,F01093,FERT_PURCHASE,Fertilizer,149 kg,₹ 50.51,"₹ 7,525.99",BRD-YTM
T004886,09/01/2020,F01093,input,Fertilizer,128 kg,₹ 54.82,"₹ 7,016.96",BRD-YTM
T004887,10/12/2019,F01093,I,DAP,27 kgs,₹ 36.26,₹ 979.02,BRD-YTM
T004888,09/05/2020,F01095,delivery,GRAM (Chana),4.2 qtl,"₹ 5,730.00","₹ 23,779.50",BRD-YTM
T004889,10/03/2020,F01095,Delivery,Wheat,0.9 qtl,"₹ 2,250.00","₹ 1,935.00",BRD-YTM
T004890,04/03/2020,F01095,delivery,wheat,12.07 q,"₹ 2,250.00","₹ 27,157.50",BRD-YTM
T004891,02/12/2019,F01095,Input Purchase,NPK 10:26:26,312 kgs,₹ 29.92,"₹ 9,335.04",BRD-YTM
T004892,14/04/2020,F01098,delivery,GRAM (Chana),0.19 q,"₹ 5,645.00","₹ 1,072.55",BRD-YTM
T004893,06/04/2020,F01098,D,GRAM (Chana),5.2 qtl,"₹ 5,645.00","₹ 29,354.00",BRD-YTM
T004894,25/04/2020,F01098,DELIVERY,Wheat,14.15 quintals,"₹ 2,090.00","₹ 29,573.50",BRD-YTM
T004895,11/03/2020,F01098,D,Lokwan Wheat,1.29 quintals,"₹ 2,090.00","₹ 2,696.10",BRD-YTM
T004896,03/12/2019,F01098,I,Bio-pesticide,144 kgs,₹ 122.91,"₹ 17,699.04",BRD-YTM
T004897,02/12/2019,F01098,Input Purchase,FERTILIZER 50kg bag,192 kg,₹ 35.70,"₹ 6,854.40",BRD-YTM
T004898,08/12/2019,F01098,I,Urea,278 kg,₹ 37.44,"₹ 10,408.32",BRD-YTM
T004899,24/03/2020,F01099,delivery,chana,8.18 q,"₹ 6,090.00","₹ 49,816.20",BRD-YTM
T004900,07/03/2020,F01099,DELIVERY,wheat,12.9 qtl,"₹ 2,155.00","₹ 27,885.70",BRD-YTM
T004901,19/03/2020,F01099,FPO_DELIVERY,Lokwan Wheat,10.6 qtl,"₹ 2,155.00","₹ 22,886.10",BRD-YTM
T004902,19/03/2020,F01100,FPO_DELIVERY,Bengal Gram,3.02 quintals,"₹ 6,075.00","₹ 18,346.50",BRD-YTM
T004903,04/03/2020,F01100,Delivery,Gram,4.0 qtl,"₹ 6,075.00","₹ 23,996.25",BRD-YTM
T004904,11/01/2020,F01100,input,Seeds,234 kg,₹ 109.69,"₹ 25,667.46",BRD-YTM
T004905,06/05/2020,F01102,DELIVERY,Gram,12.67 q,"₹ 5,845.00","₹ 74,056.15",BRD-YTM
T004906,26/12/2019,F01102,Input Purchase,NPK 10:26:26,101 kg,₹ 51.63,"₹ 5,214.63",BRD-YTM
T004907,16/12/2019,f01102,INPUT_PURCHASE,NPK 10:26:26,260 kg,₹ 55.63,"₹ 14,463.80",BRD-YTM
T004908,02/12/2019,F01102,I,Hybrid Seeds,290 kgs,₹ 100.07,"₹ 29,020.30",BRD-YTM
T004909,01/05/2020,F01104,DELIVERY,GRAM (Chana),1.3 qtl,"₹ 5,780.00","₹ 7,629.60",BRD-YTM
T004910,18/03/2020,F01104,D,GRAM (Chana),24.6 qtl,"₹ 5,780.00","₹ 1,42,361.40",BRD-YTM
T004911,09/05/2020,F01105,FPO_DELIVERY,Bengal Gram,6.08 q,"₹ 5,795.00","₹ 35,233.60",BRD-YTM
T004912,14/05/2020,F01105,delivery,Bengal Gram,13.60 quintals,"₹ 5,795.00","₹ 78,812.00",BRD-YTM
T004913,12/01/2020,F01105,FERT_PURCHASE,PP chemicals,136 kgs,₹ 668.53,"₹ 90,920.08",BRD-YTM
T004914,03/04/2020,F01107,FPO_DELIVERY,GRAM (Chana),14.52 quintals,"₹ 5,540.00","₹ 80,440.80",BRD-YTM
T004915,11/12/2019,F01107,FERT_PURCHASE,Bio-pesticide,28 kgs,₹ 327.16,"₹ 9,160.48",BRD-YTM
T004916,13/01/2020,F01107,input,Bio-pesticide,104 kg,₹ 522.36,"₹ 54,325.44",BRD-YTM
T004917,22/12/2019,F01107,input,PPC,66 kgs,₹ 560.43,"₹ 36,988.38",BRD-YTM
T004918,29/03/2020,F01107,loan,EMI,,,"₹ 2,200.00",BRD-YTM
T004919,23/03/2020,f01109,FPO_DELIVERY,Gram,0.1 qtl,"₹ 5,820.00",₹ 465.60,BRD-YTM
T004920,22/04/2020, F01109 ,D,chana,9.85 quintals,"₹ 5,820.00","₹ 57,327.00",BRD-YTM
T004921,26/12/2019,F01109,I,Urea,99 kg,₹ 37.22,"₹ 3,684.78",BRD-YTM
T004922,11/12/2019,F01109,INPUT_PURCHASE,Fertilizer,62 kgs,₹ 42.96,"₹ 2,663.52",BRD-YTM
T004923,21/12/2019,F01109,input,DAP,40 kgs,₹ 43.86,"₹ 1,754.40",BRD-YTM
T004924,23/12/2019,F01109,FERT_PURCHASE,Fertilizer,79 kgs,₹ 48.77,"₹ 3,852.83",BRD-YTM
T004925,05/04/2020,F01110,DELIVERY,GRAM (Chana),15.27 q,"₹ 5,915.00","₹ 90,322.05",BRD-YTM
T004926,23/04/2020,f01110,delivery,Lokwan Wheat,10.13 quintals,"₹ 2,245.00","₹ 22,741.85",BRD-YTM
T004927,05/04/2020,F01110,Delivery,Wheat,29.8 qtl,"₹ 2,245.00","₹ 66,856.10",BRD-YTM
T004928,11/04/2020,F01111,FPO_DELIVERY,Bengal Gram,3.74 quintals,"₹ 6,270.00","₹ 23,449.80",BRD-YTM
T004929,22/03/2020,F01111,Delivery,GRAM (Chana),10.88 quintals,"₹ 6,270.00","₹ 68,217.60",BRD-YTM
T004930,26/12/2019,F01111,input,Urea,55 kg,₹ 48.71,"₹ 2,679.05",BRD-YTM
T004931,21/03/2020,F01111,Loan Repayment,EMI,,,"₹ 6,300.00",BRD-YTM
T004932,01/05/2020,F01112,Delivery,chana,3.8 qtl,"₹ 5,900.00","₹ 22,243.00",BRD-YTM
T004933,06/05/2020,f01112,D,Bengal Gram,15.3 qtl,"₹ 5,900.00","₹ 90,329.00",BRD-YTM
T004934,17/03/2020,F01112,D,WHEAT,53.71 q,"₹ 2,215.00","₹ 1,18,967.65",BRD-YTM
T004935,07/01/2020,F01112,I,Hybrid Seeds,250 kgs,₹ 82.49,"₹ 20,622.50",BRD-YTM
T004936,07/01/2020,f01112,input,NPK 10:26:26,269 kg,₹ 55.68,"₹ 14,977.92",BRD-YTM
T004937,28/03/2020,F01113,Delivery,GRAM (Chana),4.22 q,"₹ 5,630.00","₹ 23,758.60",BRD-YTM
T004938,13/04/2020,F01113,delivery,Bengal Gram,1.7 qtl,"₹ 5,630.00","₹ 9,458.40",BRD-YTM
T004939,17/12/2019, F01113 ,INPUT_PURCHASE,Urea,249 kgs,₹ 32.92,"₹ 8,197.08",BRD-YTM
T004940,04/01/2020,F01113,input,Seeds,107 kgs,₹ 54.26,"₹ 5,805.82",BRD-YTM
T004941,06/05/2020,F01114,FPO_DELIVERY,Bengal Gram,4.2 qtl,"₹ 5,525.00","₹ 22,984.00",BRD-YTM
T004942,12/04/2020,F01114,DELIVERY,GRAM (Chana),5.65 quintals,"₹ 5,525.00","₹ 31,216.25",BRD-YTM
T004943,26/12/2019,F01114,INPUT_PURCHASE,NPK 10:26:26,172 kgs,₹ 35.85,"₹ 6,166.20",BRD-YTM
T004944,13/12/2019,F01114,I,Seeds,255 kgs,₹ 55.52,"₹ 14,157.60",BRD-YTM
T004945,29/12/2019,F01114,Input Purchase,DAP,255 kgs,₹ 55.60,"₹ 14,178.00",BRD-YTM
T004946,06/05/2020,F01115,D,Gram,17.6 qtl,"₹ 6,250.00","₹ 1,09,875.00",BRD-YTM
T004947,05/04/2020,F01115,delivery,Lokwan Wheat,25.80 quintals,"₹ 2,375.00","₹ 61,275.00",BRD-YTM
T004948,12/05/2020,F01115,D,wheat,30.2 qtl,"₹ 2,375.00","₹ 71,820.00",BRD-YTM
T004949,26/12/2019,F01115,I,Seeds,29 kgs,₹ 62.41,"₹ 1,809.89",BRD-YTM
T004950,29/12/2019,f01115,I,SEEDS,179 kg,₹ 92.74,"₹ 16,600.46",BRD-YTM
T004951,07/05/2020,F01115,Loan Repayment,EMI,,,"₹ 5,500.00",BRD-YTM
T004952,22/04/2020,F01116,D,chana,6.64 q,"₹ 5,495.00","₹ 36,486.80",BRD-YTM
T004953,22/04/2020,F01116,DELIVERY,Bengal Gram,3.6 qtl,"₹ 5,495.00","₹ 20,001.80",BRD-YTM
T004954,02/01/2020,F01116,Input Purchase,DAP,282 kg,₹ 46.54,"₹ 13,124.28",BRD-YTM
T004955,22/12/2019,F01116,I,FERTILIZER 50kg bag,302 kg,₹ 47.86,"₹ 14,453.72",BRD-YTM
T004956,29/02/2020,F01117,D,chana,7.2 qtl,"₹ 5,635.00","₹ 40,515.65",BRD-YTM
T004957,09/01/2020,F01117,FERT_PURCHASE,Seeds,183 kgs,₹ 114.07,"₹ 20,874.81",BRD-YTM
T004958,10/01/2020,F01117,INPUT_PURCHASE,FERTILIZER 50kg bag,52 kgs,₹ 56.20,"₹ 2,922.40",BRD-YTM
T004959,26/12/2019,,input,SEEDS,275 kgs,₹ 100.90,"₹ 27,747.50",BRD-YTM
T004960,11/01/2020,F01117,input,NPK 10:26:26,261 kgs,₹ 31.49,"₹ 8,218.89",BRD-YTM
T004961,04/05/2020,f01120,D,GRAM (Chana),6.31 q,"₹ 5,285.00","₹ 33,348.35",BRD-YTM
T004962,03/03/2020,F01120,DELIVERY,chana,8.30 quintals,"₹ 5,285.00","₹ 43,865.50",BRD-YTM
T004963,11/04/2020,F01120,DELIVERY,Wheat,23.53 quintals,"₹ 2,380.00","₹ 56,001.40",BRD-YTM
T004964,02/04/2020,F01120,D,wheat,8.11 q,"₹ 2,380.00","₹ 19,301.80",BRD-YTM
T004965,11/05/2020,F01120,FPO_DELIVERY,Lokwan Wheat,10.2 qtl,"₹ 2,380.00","₹ 24,228.40",BRD-YTM
T004966,09/03/2020,F01121,FPO_DELIVERY,Gram,2.5 qtl,"₹ 5,870.00","₹ 14,733.70",BRD-YTM
T004967,20/03/2020,F01121,FPO_DELIVERY,chana,1.11 q,"₹ 5,870.00","₹ 6,515.70",BRD-YTM
T004968,27/12/2019,F01121,Input Purchase,DAP,61 kgs,₹ 56.14,"₹ 3,424.54",BRD-YTM
T004969,01/03/2020,F01122,FPO_DELIVERY,Gram,3.53 quintals,"₹ 5,300.00","₹ 18,709.00",BRD-YTM
T004970,09/04/2020,F01122,FPO_DELIVERY,wheat,9.04 q,"₹ 2,200.00","₹ 19,888.00",BRD-YTM
T004971,29/12/2019,f01122,input,Fertilizer,142 kg,₹ 52.55,"₹ 7,462.10",BRD-YTM
T004972,27/12/2019,F01122,input,Seeds,221 kg,₹ 59.56,"₹ 13,162.76",BRD-YTM
T004973,30/03/2020,F01123,delivery,chana,1.12 q,"₹ 5,365.00","₹ 6,008.80",BRD-YTM
T004974,10/05/2020,F01123,Delivery,Bengal Gram,6.1 qtl,"₹ 5,365.00","₹ 32,887.45",BRD-YTM
T004975,27/12/2019,F01123,INPUT_PURCHASE,Fertilizer,67 kg,₹ 34.97,"₹ 2,342.99",BRD-YTM
T004976,08/12/2019, F01123 ,INPUT_PURCHASE,Seeds,205 kg,₹ 76.12,"₹ 15,604.60",BRD-YTM
T004977,03/05/2020,F01125,D,Gram,9.4 qtl,"₹ 5,660.00","₹ 53,204.00",BRD-YTM
T004978,01/12/2019,F01125,Input Purchase,SEEDS,317 kg,₹ 129.01,"₹ 40,896.17",BRD-YTM
T004979,19/12/2019,F01125,Input Purchase,PP chemicals,305 kg,₹ 621.84,"₹ 1,89,661.20",BRD-YTM
T004980,11/12/2019,F01125,INPUT_PURCHASE,Seeds,256 kgs,₹ 46.63,"₹ 11,937.28",BRD-YTM
T004981,08/05/2020,f01126,D,GRAM (Chana),4.18 quintals,"₹ 5,445.00","₹ 22,760.10",BRD-YTM
T004982,08/01/2020, F01126 ,L,Loan Repayment,,,"₹ 4,300.00",BRD-YTM
T004983,17/01/2020,F01126,Loan Repayment,EMI,,,"₹ 1,100.00",BRD-YTM
T004984,08/04/2020,F01127,Delivery,Bengal Gram,4.93 q,"₹ 5,535.00","₹ 27,287.55",BRD-YTM
T004985,05/05/2020,F01127,delivery,Bengal Gram,20.43 q,"₹ 5,535.00","₹ 1,13,080.05",BRD-YTM
T004986,14/05/2020,F01127,DELIVERY,Bengal Gram,3.01 quintals,"₹ 5,535.00","₹ 16,660.35",BRD-YTM
T004987,11/12/2019,F01127,I,SEEDS,202 kg,₹ 115.34,"₹ 23,298.68",BRD-YTM
T004988,15/12/2019,F01127,I,Fertilizer,240 kgs,₹ 46.64,"₹ 11,193.60",BRD-YTM
T004989,04/12/2019,F01127,Input Purchase,Hybrid Seeds,239 kgs,₹ 48.67,"₹ 11,632.13",BRD-YTM
T004990,16/12/2019,F01127,FERT_PURCHASE,Urea,255 kgs,₹ 44.66,"₹ 11,388.30",BRD-YTM
T004991,10/01/2020, F01127 ,I,PPC,58 kg,₹ 202.45,"₹ 11,742.10",BRD-YTM
T004992,20/02/2020,F01127,LOAN_REPAY,Loan Repayment,,,"₹ 6,900.00",BRD-YTM
T004993,31/12/2019,F01127,loan,EMI,,,"₹ 1,500.00",BRD-YTM
T004994,07/12/2019,F01127,loan,EMI,,,"₹ 5,800.00",BRD-YTM
T004995,23/03/2020,F01128,D,GRAM (Chana),1.6 qtl,"₹ 5,575.00","₹ 8,975.75",BRD-YTM
T004996,10/04/2020,F01128,FPO_DELIVERY,Bengal Gram,0.47 quintals,"₹ 5,575.00","₹ 2,620.25",BRD-YTM
T004997,18/12/2019,F01128,input,NPK 10:26:26,170 kgs,₹ 40.85,"₹ 6,944.50",BRD-YTM
T004998,05/12/2019,F01128,I,Seeds,252 kgs,₹ 108.34,"₹ 27,301.68",BRD-YTM
T004999,30/04/2020,F01130,Delivery,chana,3.5 qtl,"₹ 5,060.00","₹ 17,710.00",BRD-YTM
T005000,03/03/2020,f01130,D,GRAM (Chana),0.42 q,"₹ 5,060.00","₹ 2,125.20",BRD-YTM
T005001,12/04/2020,F01131,D,chana,10.35 quintals,"₹ 5,940.00","₹ 61,479.00",BRD-YTM
T005002,31/03/2020,f01131,D,Wheat (Durum),15.79 q,"₹ 2,305.00","₹ 36,395.95",BRD-YTM
T005003,15/04/2020,F01131,delivery,Wheat,9.47 quintals,"₹ 2,305.00","₹ 21,828.35",BRD-YTM
T005004,04/05/2020,F01132,DELIVERY,Gram,7.50 q,"₹ 5,625.00","₹ 42,187.50",BRD-YTM
T005005,09/12/2019,F01132,Input Purchase,Hybrid Seeds,119 kg,₹ 45.23,"₹ 5,382.37",BRD-YTM
T005006,20/03/2020,F01133,delivery,Bengal Gram,3.84 q,"₹ 5,440.00","₹ 20,889.60",BRD-YTM
T005007,03/04/2020,F01133,DELIVERY,wheat,4.9 qtl,"₹ 2,250.00","₹ 11,047.50",BRD-YTM
T005008,04/04/2020,F01133,D,WHEAT,6.5 qtl,"₹ 2,250.00","₹ 14,580.00",BRD-YTM
T005009,23/02/2020,F01133,loan,Loan Repayment,,,"₹ 5,900.00",BRD-YTM
T005010,14/02/2020, F01133 ,Loan Repayment,Loan Repayment,,,"₹ 7,200.00",BRD-YTM
T005011,22/03/2020,F01135,D,GRAM (Chana),0.5 qtl,"₹ 5,530.00","₹ 2,654.40",BRD-YTM
T005012,14/03/2020,F01135,Delivery,chana,6.15 q,"₹ 5,530.00","₹ 34,009.50",BRD-YTM
T005013,20/04/2020,F01135,Delivery,chana,0.83 quintals,"₹ 5,530.00","₹ 4,589.90",BRD-YTM
T005014,02/12/2019,F01135,Input Purchase,Fertilizer,145 kgs,₹ 45.07,"₹ 6,535.15",BRD-YTM
T005015,26/03/2020,F01137,DELIVERY,chana,2.4 qtl,"₹ 5,470.00","₹ 13,018.60",BRD-YTM
T005016,15/03/2020,F01137,delivery,GRAM (Chana),3.64 q,"₹ 5,470.00","₹ 19,910.80",BRD-YTM
T005017,26/12/2019,F01137,Input Purchase,Bio-pesticide,53 kg,₹ 402.86,"₹ 21,351.58",BRD-YTM
T005018,03/05/2020,F01138,DELIVERY,Gram,5.2 qtl,"₹ 5,745.00","₹ 29,644.20",BRD-YTM
T005019,05/05/2020,F01138,D,chana,2.39 quintals,"₹ 5,745.00","₹ 13,730.55",BRD-YTM
T005020,05/01/2020,F01138,Input Purchase,FERTILIZER 50kg bag,42 kg,₹ 58.67,"₹ 2,464.14",BRD-YTM
T005021,03/04/2020,F01139,D,GRAM (Chana),7.56 q,"₹ 5,510.00","₹ 41,655.60",BRD-YTM
T005022,14/04/2020,f01139,DELIVERY,Gram,1.02 quintals,"₹ 5,510.00","₹ 5,620.20",BRD-YTM
T005023,20/04/2020,F01139,delivery,Wheat (Durum),19.90 q,"₹ 2,120.00","₹ 42,188.00",BRD-YTM
T005024,07/01/2020,f01139,FERT_PURCHASE,SEEDS,145 kgs,₹ 117.50,"₹ 17,037.50",BRD-YTM
T005025,14/01/2020,F01139,I,Seeds,281 kg,₹ 58.32,"₹ 16,387.92",BRD-YTM
T005026,16/12/2019,F01139,loan,EMI,,,"₹ 1,800.00",BRD-YTM
T005027,05/04/2020,F01139,L,Loan Repayment,,,"₹ 1,800.00",BRD-YTM
T005028,01/01/2020,F01139,Loan Repayment,Loan Repayment,,,"₹ 1,900.00",BRD-YTM
T005029,09/05/2020, F01140 ,Delivery,Gram,0.07 quintals,"₹ 5,800.00",₹ 406.00,BRD-YTM
T005030,25/04/2020,F01140,delivery,GRAM (Chana),2.9 qtl,"₹ 5,800.00","₹ 16,762.00",BRD-YTM
T005031,30/03/2020, F01140 ,FPO_DELIVERY,GRAM (Chana),0.26 q,"₹ 5,800.00","₹ 1,508.00",BRD-YTM
T005032,02/12/2019,,I,PPC,91 kgs,₹ 657.38,"₹ 59,821.58",BRD-YTM
T005033,29/03/2020,F01141,D,chana,5.18 q,"₹ 5,695.00","₹ 29,500.10",BRD-YTM
T005034,26/03/2020,F01141,Delivery,chana,2.19 quintals,"₹ 5,695.00",₹ N/A,BRD-YTM
T005035,12/04/2020,F01141,FPO_DELIVERY,GRAM (Chana),7.22 q,"₹ 5,695.00","₹ 41,117.90",BRD-YTM
T005036,21/03/2020,F01141,DELIVERY,Wheat (Durum),5.1 qtl,"₹ 2,145.00","₹ 10,960.95",BRD-YTM
T005037,19/03/2020,F01141,DELIVERY,Wheat,5.78 quintals,"₹ 2,145.00","₹ 12,398.10",BRD-YTM
T005038,11/04/2020,F01141,delivery,Lokwan Wheat,24.4 qtl,"₹ 2,145.00","₹ 52,402.35",BRD-YTM
T005039,19/12/2019,F01141,INPUT_PURCHASE,Urea,278 kg,₹ 50.91,"₹ 14,152.98",BRD-YTM
T005040,13/12/2019,F01141,INPUT_PURCHASE,PP chemicals,274 kgs,₹ 510.77,"₹ 1,39,950.98",BRD-YTM
T005041,08/01/2020,F01141,L,EMI,,,"₹ 5,000.00",BRD-YTM
T005042,30/01/2020,F01141,LOAN_REPAY,Loan Repayment,,,"₹ 5,100.00",BRD-YTM
T005043,05/05/2020,F01142,delivery,Bengal Gram,4.67 quintals,"₹ 6,020.00","₹ 28,113.40",BRD-YTM
T005044,06/04/2020,F01142,D,chana,1.03 q,"₹ 6,020.00","₹ 6,200.60",BRD-YTM
T005045,13/03/2020,f01143,FPO_DELIVERY,Bengal Gram,3.8 qtl,"₹ 5,715.00","₹ 21,488.40",BRD-YTM
T005046,12/03/2020,F01143,D,WHEAT,11.22 q,"₹ 2,380.00","₹ 26,703.60",BRD-YTM
T005047,21/04/2020,F01146,Delivery,Bengal Gram,5.5 qtl,"₹ 5,675.00","₹ 30,928.75",BRD-YTM
T005048,10/05/2020,F01146,DELIVERY,chana,0.22 quintals,"₹ 5,675.00","₹ 1,248.50",BRD-YTM
T005049,16/12/2019,F01146,INPUT_PURCHASE,Hybrid Seeds,224 kg,₹ 121.87,"₹ 27,298.88",BRD-YTM
T005050,06/12/2019,F01146,INPUT_PURCHASE,Seeds,99 kgs,₹ 55.50,"₹ 5,494.50",BRD-YTM
T005051,08/03/2020,F01146,LOAN_REPAY,EMI,,,"₹ 4,100.00",BRD-YTM
T005052,13/05/2020,F01146,LOAN_REPAY,Loan Repayment,,,"₹ 2,800.00",BRD-YTM
T005053,22/04/2020,F01147,D,GRAM (Chana),9.77 quintals,"₹ 6,160.00","₹ 60,183.20",BRD-YTM
T005054,05/03/2020,f01147,Delivery,chana,5.9 qtl,"₹ 6,160.00","₹ 36,467.20",BRD-YTM
T005055,09/04/2020,F01147,Delivery,Lokwan Wheat,28.65 q,"₹ 2,255.00","₹ 64,605.75",BRD-YTM
T005056,01/04/2020,F01147,DELIVERY,Lokwan Wheat,10.98 quintals,"₹ 2,255.00","₹ 24,759.90",BRD-YTM
T005057,09/01/2020,f01147,input,SEEDS,40 kg,₹ 54.97,"₹ 2,198.80",BRD-YTM
T005058,31/03/2020,F01148,FPO_DELIVERY,Bengal Gram,2.56 quintals,"₹ 5,665.00","₹ 14,502.40",BRD-YTM
T005059,24/12/2019,F01148,INPUT_PURCHASE,Urea,40 kg,₹ 33.51,"₹ 1,340.40",BRD-YTM
T005060,17/12/2019,F01148,I,FERTILIZER 50kg bag,143 kgs,₹ 35.90,"₹ 5,133.70",BRD-YTM
T005061,03/05/2020,F01149,FPO_DELIVERY,chana,3.59 quintals,"₹ 5,735.00","₹ 20,588.65",BRD-YTM
T005062,13/05/2020,F01149,DELIVERY,chana,3.0 qtl,"₹ 5,735.00","₹ 16,918.25",BRD-YTM
T005063,13/04/2020,f01149,delivery,WHEAT,6.52 q,"₹ 2,420.00","₹ 15,778.40",BRD-YTM
T005064,01/04/2020,f01149,Delivery,Lokwan Wheat,11.05 q,"₹ 2,420.00","₹ 26,741.00",BRD-YTM
T005065,16/04/2020,F01149,D,wheat,0.30 q,"₹ 2,420.00",₹ 726.00,BRD-YTM
T005066,07/12/2019,F01149,INPUT_PURCHASE,FERTILIZER 50kg bag,86 kg,₹ 32.70,"₹ 2,812.20",BRD-YTM
T005067,30/05/2020, F01149 ,LOAN_REPAY,EMI,,,"₹ 4,100.00",BRD-YTM
T005068,04/04/2020, F01150 ,FPO_DELIVERY,GRAM (Chana),12.40 q,"₹ 6,045.00","₹ 74,958.00",BRD-YTM
T005069,23/03/2020,F01150,delivery,chana,5.2 qtl,"₹ 6,045.00","₹ 31,736.25",BRD-YTM
T005070,08/03/2020,F01150,loan,Loan Repayment,,,"₹ 1,900.00",BRD-YTM
T005071,02/05/2020,f01150,loan,EMI,,,"₹ 5,600.00",BRD-YTM
T005072,16/03/2020,F01150,loan,EMI,,,"₹ 5,400.00",BRD-YTM
T005073,07/04/2020,F01150,Loan Repayment,EMI,,,"₹ 2,500.00",BRD-YTM
T005074,04/03/2020, F01151 ,D,GRAM (Chana),3.95 quintals,"₹ 5,540.00","₹ 21,883.00",BRD-YTM
T005075,04/01/2020,F01151,I,SEEDS,227 kg,₹ 110.64,"₹ 25,115.28",BRD-YTM
T005076,12/12/2019,f01151,INPUT_PURCHASE,Fertilizer,47 kg,₹ 37.80,"₹ 1,776.60",BRD-YTM
T005077,06/04/2020,F01152,delivery,GRAM (Chana),0.95 quintals,"₹ 5,910.00","₹ 5,614.50",BRD-YTM
T005078,18/04/2020,F01152,delivery,Gram,19.2 qtl,"₹ 5,910.00","₹ 1,13,590.20",BRD-YTM
T005079,01/12/2019,F01152,I,Fertilizer,28 kg,₹ 34.08,₹ 954.24,BRD-YTM
T005080,31/12/2019,F01152,INPUT_PURCHASE,Fertilizer,272 kgs,₹ 53.97,"₹ 14,679.84",BRD-YTM
T005081,01/04/2020, F01153 ,delivery,Bengal Gram,13.1 qtl,"₹ 5,195.00","₹ 68,262.30",BRD-YTM
T005082,07/05/2020,F01153,Delivery,WHEAT,13.62 quintals,"₹ 2,290.00","₹ 31,189.80",BRD-YTM
T005083,06/05/2020,F01153,FPO_DELIVERY,wheat,17.7 qtl,"₹ 2,290.00","₹ 40,464.30",BRD-YTM
T005084,02/01/2020,f01153,FERT_PURCHASE,Urea,203 kg,₹ 56.13,"₹ 11,394.39",BRD-YTM
T007943,07/03/2020,F02225,FPO_DELIVERY,Bengal Gram,19.92 q,"₹ 5,895.00","₹ 1,17,428.40",BRD-YTM
T007944,26/04/2020,F02225,DELIVERY,Bengal Gram,0.9 qtl,"₹ 5,895.00","₹ 5,600.25",BRD-YTM
T007945,20/12/2019,F02225,FERT_PURCHASE,DAP,253 kgs,₹ 29.25,"₹ 7,400.25",BRD-YTM
T007965,13/05/2020,F02232,FPO_DELIVERY,GRAM (Chana),4.03 q,"₹ 6,275.00","₹ 25,288.25",BRD-YTM
T007966,02/12/2019,F02232,input,Bio-pesticide,295 kg,₹ 450.17,"₹ 1,32,800.15",BRD-YTM
T007967,06/04/2020,F02233,delivery,Gram,10.5 qtl,"₹ 5,830.00","₹ 61,040.10",BRD-YTM
T007968,23/12/2019,F02233,INPUT_PURCHASE,Seeds,310 kgs,₹ 115.41,"₹ 35,777.10",BRD-YTM
T008035,24/04/2020,F02255,D,Gram,7.26 quintals,"₹ 6,095.00","₹ 44,249.70",BRD-YTM
T008036,16/12/2019,F02255,loan,Loan Repayment,,,"₹ 2,800.00",BRD-YTM
T008042,06/04/2020,F02258,D,Bengal Gram,3.0 qtl,"₹ 5,925.00","₹ 17,538.00",BRD-YTM
T008043,21/12/2019,F02258,Input Purchase,Urea,210 kg,₹ 56.10,"₹ 11,781.00",BRD-YTM
T008062,04/05/2020,F02263,FPO_DELIVERY,GRAM (Chana),3.2 qtl,"₹ 5,880.00","₹ 18,698.40",BRD-YTM
T008063,10/04/2020,F02263,FPO_DELIVERY,Gram,7.51 quintals,"₹ 5,880.00","₹ 44,158.80",BRD-YTM
T008064,09/01/2020, F02263 ,input,Seeds,299 kgs,₹ 128.59,"₹ 38,448.41",BRD-YTM
T008065,30/05/2020,F02263,L,EMI,,,"₹ 3,800.00",BRD-YTM
T008090,08/04/2020,F02270,DELIVERY,chana,13.6 qtl,"₹ 5,720.00","₹ 77,849.20",BRD-YTM
T008091,05/03/2020,F02270,FPO_DELIVERY,GRAM (Chana),4.18 quintals,"₹ 5,720.00","₹ 23,909.60",BRD-YTM
T008092,03/12/2019,f02270,Input Purchase,Urea,125 kgs,₹ 49.99,"₹ 6,248.75",BRD-YTM
T008123,02/03/2020,F02277,DELIVERY,GRAM (Chana),2.21 q,"₹ 5,655.00","₹ 12,497.55",BRD-YTM
T008124,17/12/2019,F02277,I,Bio-pesticide,280 kg,₹ 520.01,"₹ 1,45,602.80",BRD-YTM
T008125,01/01/2020,F02277,FERT_PURCHASE,SEEDS,147 kg,₹ 47.23,"₹ 6,942.81",BRD-YTM
T008126,26/02/2020,F02277,Loan Repayment,EMI,,,"₹ 2,400.00",BRD-YTM
T008131,25/04/2020,F02279,DELIVERY,Gram,3.5 qtl,"₹ 5,770.00","₹ 20,483.50",BRD-YTM
T008132,16/03/2020,F02279,Delivery,chana,10.7 qtl,"₹ 5,770.00","₹ 61,565.90",BRD-YTM
T008133,10/01/2020,F02279,INPUT_PURCHASE,Fertilizer,131 kgs,₹ 38.40,"₹ 5,030.40",BRD-YTM
T008159,07/05/2020,F02286,D,Gram,4.29 quintals,"₹ 5,525.00","₹ 23,702.25",BRD-YTM
T008160,16/03/2020,F02286,Delivery,Bengal Gram,0.69 q,"₹ 5,525.00","₹ 3,812.25",BRD-YTM
T008174,22/03/2020,F02291,Delivery,chana,20.59 q,"₹ 5,470.00","₹ 1,12,627.30",BRD-YTM
T008175,01/01/2020,F02291,I,FERTILIZER 50kg bag,137 kgs,₹ 43.60,"₹ 5,973.20",BRD-YTM
T008176,10/01/2020,F02291,FERT_PURCHASE,NPK 10:26:26,292 kgs,₹ 28.68,"₹ 8,374.56",BRD-YTM
T008177,01/04/2020, F02291 ,LOAN_REPAY,EMI,,,"₹ 3,200.00",BRD-YTM
T008178,01/05/2020,F02291,loan,Loan Repayment,,,"₹ 5,300.00",BRD-YTM
T008190,25/04/2020,F02296,FPO_DELIVERY,GRAM (Chana),8.29 quintals,"₹ 6,090.00","₹ 50,486.10",BRD-YTM
T008191,22/04/2020, F02296 ,D,GRAM (Chana),5.0 qtl,"₹ 6,090.00","₹ 30,693.60",BRD-YTM
T008192,05/12/2019,F02296,FERT_PURCHASE,DAP,301 kgs,₹ 45.65,"₹ 13,740.65",BRD-YTM
T008193,26/12/2019,F02296,input,Urea,270 kgs,₹ 34.46,"₹ 9,304.20",BRD-YTM
T008194,12/11/2020,F01003,FPO_DELIVERY,COTTON (Kapas),5.31 q,"₹ 8,525.00","₹ 45,267.75",BRD-YTM
T008195,02/10/2020,F01003,DELIVERY,soya,8.5 qtl,"₹ 4,980.00","₹ 42,479.40",BRD-YTM
T008196,20/10/2020,F01003,D,Soybean,0.63 q,"₹ 4,980.00","₹ 3,137.40",BRD-YTM
T008197,07/11/2020,F01004,DELIVERY,Cotton Kapas,2.61 quintals,"₹ 8,485.00","₹ 22,145.85",BRD-YTM
T008198,08/11/2020,F01004,DELIVERY,Cotton Kapas,2.66 quintals,"₹ 8,485.00","₹ 22,570.10",BRD-YTM
T008199,01/07/2020,F01004,INPUT_PURCHASE,FERTILIZER 50kg bag,45 kgs,₹ 30.40,"₹ 1,368.00",BRD-YTM
T008200,18/11/2020,F01005,DELIVERY,COTTON (Kapas),13.0 qtl,"₹ 8,250.00","₹ 1,07,085.00",BRD-YTM
T008201,11/10/2020,F01005,FPO_DELIVERY,kapas,6.43 quintals,"₹ 8,250.00","₹ 53,047.50",BRD-YTM
T008202,21/06/2020,F01005,input,Seeds,123 kg,₹ 64.74,"₹ 7,963.02",BRD-YTM
T008203,31/10/2020,F01008,DELIVERY,COTTON (Kapas),4.81 q,"₹ 8,520.00","₹ 40,981.20",BRD-YTM
T008204,12/10/2020,F01008,DELIVERY,COTTON (Kapas),0.69 quintals,"₹ 8,520.00","₹ 5,878.80",BRD-YTM
T008205,18/10/2020,F01008,delivery,soya,4.3 qtl,"₹ 5,035.00","₹ 21,902.25",BRD-YTM
T008206,29/10/2020,F01008,delivery,Soybean (Yellow),4.5 qtl,"₹ 5,035.00","₹ 22,556.80",BRD-YTM
T008207,08/06/2020,F01008,FERT_PURCHASE,Bio-pesticide,84 kgs,₹ 590.58,"₹ 49,608.72",BRD-YTM
T008208,06/06/2020,F01008,FERT_PURCHASE,PPC,172 kgs,₹ 340.56,"₹ 58,576.32",BRD-YTM
T008209,27/06/2020,F01008,Input Purchase,NPK 10:26:26,60 kg,₹ 50.48,"₹ 3,028.80",BRD-YTM
T008210,09/07/2020,F01008,Input Purchase,Urea,203 kgs,₹ 50.85,"₹ 10,322.55",BRD-YTM
T008211,25/10/2020,F01009,Delivery,kapas,2.7 qtl,"₹ 7,630.00","₹ 20,448.40",BRD-YTM
T008212,18/11/2020,F01009,Delivery,Cotton,6.4 qtl,"₹ 7,630.00","₹ 48,984.60",BRD-YTM
T008213,19/09/2020,F01009,LOAN_REPAY,EMI,,,₹ N/A,BRD-YTM
T008214,20/11/2020,F01009,L,EMI,,,"₹ 3,900.00",BRD-YTM
T008215,10/11/2020,F01011,FPO_DELIVERY,kapas,3.15 quintals,"₹ 7,560.00","₹ 23,814.00",BRD-YTM
T008216,20/11/2020,F01011,DELIVERY,kapas,8.73 quintals,"₹ 7,560.00","₹ 65,998.80",BRD-YTM
T008217,13/10/2020,F01013,D,COTTON (Kapas),11.02 quintals,"₹ 8,075.00","₹ 88,986.50",BRD-YTM
T008218,26/06/2020,F01013,I,Seeds,82 kg,₹ 105.47,"₹ 8,648.54",BRD-YTM
T008219,03/11/2020,F01015,delivery,COTTON (Kapas),14.46 quintals,"₹ 7,700.00","₹ 1,11,342.00",BRD-YTM
T008220,27/06/2020,F01015,input,Seeds,189 kg,₹ 64.65,"₹ 12,218.85",BRD-YTM
T008221,14/10/2020,F01017,DELIVERY,kapas,5.06 quintals,"₹ 7,595.00","₹ 38,430.70",BRD-YTM
T008222,01/11/2020,F01017,delivery,Cotton,2.95 quintals,"₹ 7,595.00","₹ 22,405.25",BRD-YTM
T008223,14/10/2020, F01017 ,FPO_DELIVERY,Cotton Kapas,2.24 quintals,"₹ 7,595.00","₹ 17,012.80",BRD-YTM
T008224,25/11/2020,F01017,DELIVERY,soya,14.25 q,"₹ 5,385.00","₹ 76,736.25",BRD-YTM
T008225,07/07/2020,F01017,input,SEEDS,231 kgs,₹ 98.90,"₹ 22,845.90",BRD-YTM
T008226,18/11/2020,F01019,D,Cotton,4.27 quintals,"₹ 7,970.00","₹ 34,031.90",BRD-YTM
T008227,23/11/2020,f01019,Delivery,COTTON (Kapas),8.08 q,"₹ 7,970.00","₹ 64,397.60",BRD-YTM
T008228,05/11/2020,F01019,FPO_DELIVERY,SOYABEAN,17.3 qtl,"₹ 4,985.00","₹ 86,390.05",BRD-YTM
T008229,29/06/2020,F01019,INPUT_PURCHASE,Fertilizer,292 kg,₹ 34.50,"₹ 10,074.00",BRD-YTM
T008230,27/11/2020,f01019,loan,EMI,,,"₹ 7,100.00",BRD-YTM
T008231,18/11/2020,F01020,D,COTTON (Kapas),2.66 quintals,"₹ 7,720.00","₹ 20,535.20",BRD-YTM
T008232,23/11/2020,F01021,FPO_DELIVERY,kapas,4.39 q,"₹ 8,135.00","₹ 35,712.65",BRD-YTM
T008233,29/10/2020,F01021,FPO_DELIVERY,Cotton Kapas,6.71 quintals,"₹ 8,135.00","₹ 54,585.85",BRD-YTM
T008234,23/10/2020,f01021,delivery,SOYABEAN,2.85 q,"₹ 5,165.00","₹ 14,720.25",BRD-YTM
T008235,11/11/2020,F01021,FPO_DELIVERY,SOYABEAN,9.9 qtl,"₹ 5,165.00","₹ 50,926.90",BRD-YTM
T008236,22/07/2020,F01021,Loan Repayment,Loan Repayment,,,"₹ 5,600.00",BRD-YTM
T008237,24/11/2020,F01021,L,Loan Repayment,,,"₹ 4,700.00",BRD-YTM
T008238,07/10/2020,F01022,D,Cotton,6.2 qtl,"₹ 7,280.00","₹ 45,136.00",BRD-YTM
T008239,22/11/2020,F01022,delivery,Cotton,3.46 q,"₹ 7,280.00","₹ 25,188.80",BRD-YTM
T008240,24/10/2020,F01022,Delivery,SOYABEAN,3.04 quintals,"₹ 5,200.00","₹ 15,808.00",BRD-YTM
T008241,06/11/2020,F01022,FPO_DELIVERY,Soybean,4.3 qtl,"₹ 5,200.00","₹ 22,464.00",BRD-YTM
T008242,09/11/2020,F01022,Delivery,soya,3.2 qtl,"₹ 5,200.00","₹ 16,848.00",BRD-YTM
T008243,14/06/2020,F01022,INPUT_PURCHASE,Fertilizer,149 kgs,₹ 43.65,"₹ 6,503.85",BRD-YTM
T008244,30/11/2020,F01023,delivery,Cotton,7.53 q,"₹ 7,985.00","₹ 60,127.05",BRD-YTM
T008245,23/11/2020,f01023,delivery,kapas,1.91 q,"₹ 7,985.00","₹ 15,251.35",BRD-YTM
T008246,13/07/2020,F01023,INPUT_PURCHASE,Urea,244 kg,₹ 46.93,"₹ 11,450.92",BRD-YTM
T008247,19/06/2020,F01023,Input Purchase,Fertilizer,60 kgs,₹ 35.27,"₹ 2,116.20",BRD-YTM
T008248,13/07/2020,F01023,I,Urea,286 kg,₹ 47.87,"₹ 13,690.82",BRD-YTM
T008249,12/06/2020,f01023,INPUT_PURCHASE,Hybrid Seeds,265 kg,₹ 117.64,"₹ 31,174.60",BRD-YTM
T008250,16/11/2020,f01029,DELIVERY,COTTON (Kapas),8.83 q,"₹ 7,910.00","₹ 69,845.30",BRD-YTM
T008251,02/11/2020,F01030,D,COTTON (Kapas),0.6 qtl,"₹ 8,170.00","₹ 4,983.70",BRD-YTM
T008252,30/11/2020,F01030,Delivery,Cotton,0.7 qtl,"₹ 8,170.00","₹ 5,882.40",BRD-YTM
T008253,27/11/2020,F01030,DELIVERY,Cotton Kapas,1.4 qtl,"₹ 8,170.00","₹ 11,438.00",BRD-YTM
T008254,02/11/2020,F01030,delivery,soya,3.65 quintals,"₹ 5,045.00","₹ 18,414.25",BRD-YTM
T008255,14/06/2020,F01030,I,FERTILIZER 50kg bag,65 kg,₹ 45.35,"₹ 2,947.75",BRD-YTM
T008256,04/07/2020,F01030,Input Purchase,PPC,301 kg,₹ 207.32,"₹ 62,403.32",BRD-YTM
T008257,10/06/2020,F01030,I,NPK 10:26:26,265 kg,₹ 28.76,"₹ 7,621.40",BRD-YTM
T008258,06/11/2020,F01031,FPO_DELIVERY,Cotton Kapas,3.0 qtl,"₹ 7,405.00","₹ 21,918.80",BRD-YTM
T008259,12/10/2020, F01031 ,D,COTTON (Kapas),6.98 quintals,"₹ 7,405.00","₹ 51,686.90",BRD-YTM
T008260,08/06/2020,F01031,I,PPC,261 kg,₹ 219.12,"₹ 57,190.32",BRD-YTM
T008261,20/06/2020,F01031,I,SEEDS,116 kgs,₹ 83.66,"₹ 9,704.56",BRD-YTM
T008262,11/10/2020,f01032,delivery,Cotton Kapas,3.28 quintals,"₹ 7,370.00","₹ 24,173.60",BRD-YTM
T008263,05/10/2020,F01032,D,COTTON (Kapas),5.9 qtl,"₹ 7,370.00","₹ 43,777.80",BRD-YTM
T008264,11/07/2020,F01032,FERT_PURCHASE,PP chemicals,32 kgs,₹ 320.82,"₹ 10,266.24",BRD-YTM
T008265,25/06/2020,F01032,INPUT_PURCHASE,PPC,127 kgs,₹ 379.37,"₹ 48,179.99",BRD-YTM
T008266,06/07/2020,F01032,INPUT_PURCHASE,FERTILIZER 50kg bag,145 kg,₹ 32.78,"₹ 4,753.10",BRD-YTM
T008267,08/11/2020,F01035,delivery,Cotton,3.87 quintals,"₹ 7,560.00","₹ 29,257.20",BRD-YTM
T008268,02/11/2020, F01035 ,DELIVERY,COTTON (Kapas),1.85 q,"₹ 7,560.00","₹ 13,986.00",BRD-YTM
T008269,18/11/2020,F01035,delivery,SOYABEAN,6.12 q,"₹ 5,375.00","₹ 32,895.00",BRD-YTM
T008270,05/07/2020,F01035,Input Purchase,Fertilizer,159 kgs,₹ 56.57,"₹ 8,994.63",BRD-YTM
T008271,27/06/2020,F01035,I,Fertilizer,218 kg,₹ 52.52,"₹ 11,449.36",BRD-YTM
T008272,24/10/2020,F01036,Delivery,Cotton Kapas,9.12 q,"₹ 7,290.00","₹ 66,484.80",BRD-YTM
T008273,28/10/2020,F01036,DELIVERY,Soybean (Yellow),9.07 quintals,"₹ 4,900.00","₹ 44,443.00",BRD-YTM
T008274,14/11/2020,f01036,Delivery,Soybean,0.45 quintals,"₹ 4,900.00","₹ 2,205.00",BRD-YTM
T008275,01/10/2020,F01036,D,soya,4.14 quintals,"₹ 4,900.00","₹ 20,286.00",BRD-YTM
T008276,13/07/2020,F01036,Input Purchase,Fertilizer,113 kg,₹ 50.74,"₹ 5,733.62",BRD-YTM
T008277,20/11/2020,F01037,DELIVERY,COTTON (Kapas),6.93 quintals,"₹ 8,490.00","₹ 58,835.70",BRD-YTM
T008278,06/10/2020,F01037,DELIVERY,Soybean,0.12 quintals,"₹ 5,130.00",₹ 615.60,BRD-YTM
T008279,05/11/2020,F01037,D,Soybean,8.6 qtl,"₹ 5,130.00","₹ 43,964.10",BRD-YTM
T008280,09/10/2020,F01038,D,Cotton Kapas,20.1 qtl,"₹ 8,360.00","₹ 1,68,203.20",BRD-YTM
T008281,18/11/2020,F01038,delivery,kapas,13.68 quintals,"₹ 8,360.00","₹ 1,14,364.80",BRD-YTM
T008282,14/11/2020,f01038,D,SOYABEAN,44.28 quintals,"₹ 5,035.00","₹ 2,22,949.80",BRD-YTM
T008283,16/06/2020,F01038,L,EMI,,,"₹ 7,200.00",BRD-YTM
T008284,14/07/2020,F01038,LOAN_REPAY,Loan Repayment,,,"₹ 4,900.00",BRD-YTM
T008285,06/10/2020,F01040,DELIVERY,COTTON (Kapas),15.3 qtl,"₹ 7,785.00","₹ 1,19,110.50",BRD-YTM
T008286,03/06/2020,F01040,INPUT_PURCHASE,Urea,75 kg,₹ 56.90,"₹ 4,267.50",BRD-YTM
T008287,18/06/2020,F01040,INPUT_PURCHASE,DAP,160 kg,₹ 29.83,"₹ 4,772.80",BRD-YTM
T008288,06/11/2020,F01042,D,kapas,9.80 quintals,"₹ 7,105.00","₹ 69,629.00",BRD-YTM
T008289,16/10/2020,F01042,Delivery,Cotton,2.6 qtl,"₹ 7,105.00","₹ 18,473.00",BRD-YTM
T008290,07/06/2020,F01042,Input Purchase,Seeds,25 kg,₹ 109.51,"₹ 2,737.75",BRD-YTM
T008291,02/10/2020,f01042,loan,EMI,,,₹ 800.00,BRD-YTM
T008292,07/10/2020,F01043,Delivery,Cotton,15.11 quintals,"₹ 8,325.00","₹ 1,25,790.75",BRD-YTM
T008293,10/11/2020,F01043,DELIVERY,Cotton,8.51 quintals,"₹ 8,325.00","₹ 70,845.75",BRD-YTM
T008294,27/10/2020,f01043,DELIVERY,Soybean (Yellow),27.12 q,"₹ 5,110.00","₹ 1,38,583.20",BRD-YTM
T008295,03/11/2020,F01043,delivery,soya,4.2 qtl,"₹ 5,110.00","₹ 21,257.60",BRD-YTM
T008296,04/10/2020,F01044,FPO_DELIVERY,kapas,10.28 q,"₹ 7,665.00","₹ 78,796.20",BRD-YTM
T008297,26/11/2020,F01044,Delivery,Cotton Kapas,1.83 q,"₹ 7,665.00","₹ 14,026.95",BRD-YTM
T008298,18/10/2020,F01044,DELIVERY,Cotton,5.87 quintals,"₹ 7,665.00","₹ 44,993.55",BRD-YTM
T008299,03/10/2020,F01044,Delivery,Soybean (Yellow),6.91 q,"₹ 4,955.00","₹ 34,239.05",BRD-YTM
T008300,07/11/2020,F01044,delivery,soya,16.15 q,"₹ 4,955.00","₹ 80,023.25",BRD-YTM
T008301,09/07/2020,F01044,input,Urea,307 kgs,₹ 32.47,"₹ 9,968.29",BRD-YTM
T008302,06/11/2020,F01045,DELIVERY,kapas,4.2 qtl,"₹ 7,585.00","₹ 32,008.70",BRD-YTM
T008303,10/10/2020,F01045,D,COTTON (Kapas),2.9 qtl,"₹ 7,585.00","₹ 21,996.50",BRD-YTM
T008304,07/07/2020,F01045,input,FERTILIZER 50kg bag,137 kg,₹ 37.90,"₹ 5,192.30",BRD-YTM
T008305,01/07/2020,F01045,INPUT_PURCHASE,Hybrid Seeds,102 kgs,₹ 91.25,"₹ 9,307.50",BRD-YTM
T008306,04/06/2020,F01045,FERT_PURCHASE,Bio-pesticide,52 kg,₹ 463.62,"₹ 24,108.24",BRD-YTM
T008307,27/08/2020,F01045,Loan Repayment,EMI,,,"₹ 5,400.00",BRD-YTM
T008308,23/10/2020,F01046,FPO_DELIVERY,kapas,0.26 q,"₹ 8,040.00","₹ 2,090.40",BRD-YTM
T008309,06/11/2020,f01046,FPO_DELIVERY,COTTON (Kapas),0.89 q,"₹ 8,040.00","₹ 7,155.60",BRD-YTM
T008310,11/10/2020,F01046,FPO_DELIVERY,soya,1.26 q,"₹ 5,055.00","₹ 6,369.30",BRD-YTM
T008311,29/10/2020,F01046,delivery,Soybean,0.27 q,"₹ 5,055.00","₹ 1,364.85",BRD-YTM
T008312,09/11/2020,F01047,delivery,kapas,3.0 qtl,"₹ 7,725.00","₹ 23,406.75",BRD-YTM
T008313,31/10/2020,F01047,delivery,kapas,0.7 qtl,"₹ 7,725.00","₹ 5,484.75",BRD-YTM
T008314,08/10/2020, F01047 ,D,soya,3.3 qtl,"₹ 4,975.00","₹ 16,517.00",BRD-YTM
T008315,06/11/2020,F01047,delivery,soya,1.5 qtl,"₹ 4,975.00","₹ 7,661.50",BRD-YTM
T008316,17/10/2020,f01048,delivery,Cotton,0.35 q,"₹ 8,160.00","₹ 2,856.00",BRD-YTM
T008317,30/10/2020,F01048,delivery,Cotton Kapas,2.35 quintals,"₹ 8,160.00","₹ 19,176.00",BRD-YTM
T008318,17/11/2020,F01048,delivery,Cotton Kapas,2.40 quintals,"₹ 8,160.00","₹ 19,584.00",BRD-YTM
T008319,18/10/2020,F01048,Delivery,Soybean,5.73 quintals,"₹ 5,350.00","₹ 30,655.50",BRD-YTM
T008320,14/07/2020,F01048,FERT_PURCHASE,Hybrid Seeds,92 kgs,₹ 88.32,"₹ 8,125.44",BRD-YTM
T008321,20/06/2020,F01048,FERT_PURCHASE,Fertilizer,47 kgs,₹ 33.65,"₹ 1,581.55",BRD-YTM
T008322,06/11/2020,F01050,FPO_DELIVERY,Cotton Kapas,13.9 qtl,"₹ 7,725.00","₹ 1,07,763.75",BRD-YTM
T008323,02/10/2020,F01050,Delivery,COTTON (Kapas),6.1 qtl,"₹ 7,725.00","₹ 46,813.50",BRD-YTM
T008324,11/06/2020,F01050,FERT_PURCHASE,Bio-pesticide,130 kgs,₹ 599.19,"₹ 77,894.70",BRD-YTM
T008325,12/07/2020,F01050,FERT_PURCHASE,FERTILIZER 50kg bag,77 kgs,₹ 52.89,"₹ 4,072.53",BRD-YTM
T008326,28/10/2020,F01051,DELIVERY,COTTON (Kapas),8.30 quintals,"₹ 8,100.00","₹ 67,230.00",BRD-YTM
T008327,01/11/2020, F01051 ,D,Cotton,0.58 q,"₹ 8,100.00","₹ 4,698.00",BRD-YTM
T008328,04/07/2020,F01051,FERT_PURCHASE,Urea,260 kgs,₹ 29.35,"₹ 7,631.00",BRD-YTM
T008329,14/06/2020,F01051,INPUT_PURCHASE,Bio-pesticide,162 kg,₹ 610.49,"₹ 98,899.38",BRD-YTM
T008330,07/08/2020,F01051,loan,EMI,,,"₹ 2,800.00",BRD-YTM
T008331,14/11/2020,F01052,DELIVERY,COTTON (Kapas),7.24 q,"₹ 7,660.00","₹ 55,458.40",BRD-YTM
T008332,27/11/2020,F01052,Delivery,Cotton Kapas,8.82 quintals,"₹ 7,660.00","₹ 67,561.20",BRD-YTM
T008333,02/10/2020,F01052,Delivery,Soybean,5.90 q,"₹ 4,880.00","₹ 28,792.00",BRD-YTM
T008334,02/11/2020,F01052,delivery,Soybean (Yellow),11.2 qtl,"₹ 4,880.00","₹ 54,607.20",BRD-YTM
T008335,08/06/2020,F01052,INPUT_PURCHASE,FERTILIZER 50kg bag,271 kg,₹ 57.10,"₹ 15,474.10",BRD-YTM
T008336,02/11/2020,F01053,Delivery,Cotton,11.55 q,"₹ 8,120.00","₹ 93,786.00",BRD-YTM
T008337,27/10/2020,F01053,Delivery,Cotton,1.54 q,"₹ 8,120.00","₹ 12,504.80",BRD-YTM
T008338,13/06/2020,F01053,I,DAP,232 kg,₹ 32.58,"₹ 7,558.56",BRD-YTM
T008339,29/08/2020,F01053,Loan Repayment,Loan Repayment,,,"₹ 4,600.00",BRD-YTM
T008340,22/08/2020,F01053,L,Loan Repayment,,,"₹ 6,000.00",BRD-YTM
T008341,29/10/2020,F01054,FPO_DELIVERY,COTTON (Kapas),9.80 q,"₹ 7,350.00","₹ 72,030.00",BRD-YTM
T008342,20/10/2020,F01054,D,Cotton Kapas,7.42 quintals,"₹ 7,350.00","₹ 54,537.00",BRD-YTM
T008343,15/06/2020,F01054,INPUT_PURCHASE,Fertilizer,267 kg,₹ 34.26,"₹ 9,147.42",BRD-YTM
T008344,27/06/2020, F01054 ,FERT_PURCHASE,NPK 10:26:26,58 kg,₹ 35.79,"₹ 2,075.82",BRD-YTM
T008345,26/06/2020, F01054 ,Input Purchase,SEEDS,225 kg,₹ 52.59,"₹ 11,832.75",BRD-YTM
T008346,03/10/2020,F01055,Delivery,Cotton Kapas,1.6 qtl,"₹ 6,860.00","₹ 10,838.80",BRD-YTM
T008347,05/10/2020,f01055,D,COTTON (Kapas),2.63 q,"₹ 6,860.00","₹ 18,041.80",BRD-YTM
T008348,03/10/2020, F01055 ,Delivery,kapas,12.76 q,"₹ 6,860.00","₹ 87,533.60",BRD-YTM
T008349,09/11/2020,F01057,delivery,Cotton Kapas,0.53 q,"₹ 8,115.00","₹ 4,300.95",BRD-YTM
T008350,19/10/2020,F01057,delivery,kapas,8.89 q,"₹ 8,115.00","₹ 72,142.35",BRD-YTM
T008351,04/10/2020,F01057,FPO_DELIVERY,Soybean,13.5 qtl,"₹ 4,995.00","₹ 67,332.60",BRD-YTM
T008352,24/11/2020,F01057,D,soya,2.38 quintals,"₹ 4,995.00","₹ 11,888.10",BRD-YTM
T008353,10/10/2020,f01058,delivery,kapas,21.0 qtl,"₹ 7,365.00","₹ 1,54,444.05",BRD-YTM
T008354,30/10/2020,F01058,DELIVERY,Cotton,4.28 quintals,"₹ 7,365.00","₹ 31,522.20",BRD-YTM
T008355,14/11/2020,F01062,FPO_DELIVERY,Cotton Kapas,9.77 q,"₹ 8,155.00","₹ 79,674.35",BRD-YTM
T008356,11/11/2020,F01062,FPO_DELIVERY,Cotton,1.80 quintals,"₹ 8,155.00","₹ 14,679.00",BRD-YTM
T008357,07/06/2020,F01062,FERT_PURCHASE,Hybrid Seeds,146 kg,₹ 97.70,"₹ 14,264.20",BRD-YTM
T008358,17/11/2020,F01063,DELIVERY,kapas,2.05 quintals,"₹ 7,950.00","₹ 16,297.50",BRD-YTM
T008359,15/11/2020,F01063,Delivery,kapas,2.37 quintals,"₹ 7,950.00","₹ 18,841.50",BRD-YTM
T008360,12/10/2020,F01064,D,Cotton,12.1 qtl,"₹ 7,885.00","₹ 95,408.50",BRD-YTM
T008361,19/11/2020,f01064,D,Cotton Kapas,9.2 qtl,"₹ 7,885.00","₹ 72,542.00",BRD-YTM
T008362,26/10/2020,F01064,Delivery,Cotton,0.3 qtl,"₹ 7,885.00","₹ 2,680.90",BRD-YTM
T008363,11/06/2020,F01064,FERT_PURCHASE,SEEDS,61 kgs,₹ 93.09,"₹ 5,678.49",BRD-YTM
T008364,24/06/2020,F01064,INPUT_PURCHASE,NPK 10:26:26,166 kg,₹ 33.19,"₹ 5,509.54",BRD-YTM
T008365,01/08/2020,F01064,L,Loan Repayment,,,"₹ 2,100.00",BRD-YTM
T008366,24/07/2020,F01064,LOAN_REPAY,Loan Repayment,,,"₹ 1,200.00",BRD-YTM
T008367,02/06/2020,F01064,Loan Repayment,EMI,,,"₹ 1,000.00",BRD-YTM
T008368,28/06/2020,F01064,L,EMI,,,"₹ 5,700.00",BRD-YTM
T008369,19/11/2020, F01066 ,D,Cotton Kapas,5.27 q,"₹ 7,825.00","₹ 41,237.75",BRD-YTM
T008370,20/10/2020,F01066,delivery,Cotton Kapas,8.8 qtl,"₹ 7,825.00","₹ 69,251.25",BRD-YTM
T008371,21/11/2020,,FPO_DELIVERY,Cotton,2.29 q,"₹ 7,665.00","₹ 17,552.85",BRD-YTM
T008372,07/10/2020, F01067 ,Delivery,COTTON (Kapas),0.4 qtl,"₹ 7,665.00","₹ 3,295.95",BRD-YTM
T008373,24/10/2020,F01067,DELIVERY,SOYABEAN,0.79 q,"₹ 4,830.00","₹ 3,815.70",BRD-YTM
T008374,23/10/2020, F01067 ,D,soya,3.0 qtl,"₹ 4,830.00","₹ 14,634.90",BRD-YTM
T008375,27/11/2020,F01070,DELIVERY,kapas,5.66 quintals,"₹ 7,695.00","₹ 43,553.70",BRD-YTM
T008376,06/06/2020,F01070,INPUT_PURCHASE,PPC,222 kg,₹ 536.29,"₹ 1,19,056.38",BRD-YTM
T008377,19/11/2020,F01071,delivery,COTTON (Kapas),7.9 qtl,"₹ 8,260.00","₹ 65,006.20",BRD-YTM
T008378,28/11/2020,F01071,FPO_DELIVERY,soya,4.88 q,"₹ 5,120.00","₹ 24,985.60",BRD-YTM
T008379,10/10/2020,F01071,delivery,SOYABEAN,5.0 qtl,"₹ 5,120.00","₹ 25,344.00",BRD-YTM
T008380,28/06/2020,F01071,I,Urea,145 kgs,₹ 59.25,"₹ 8,591.25",BRD-YTM
T008381,30/06/2020,F01071,FERT_PURCHASE,Hybrid Seeds,119 kg,₹ 81.30,"₹ 9,674.70",BRD-YTM
T008382,28/06/2020,F01071,Input Purchase,Seeds,66 kgs,₹ 54.01,"₹ 3,564.66",BRD-YTM
T008383,08/09/2020,F01071,loan,Loan Repayment,,,"₹ 5,200.00",BRD-YTM
T008384,09/08/2020,F01071,loan,EMI,,,"₹ 6,800.00",BRD-YTM
T008385,15/11/2020,F01074,D,COTTON (Kapas),0.66 quintals,"₹ 8,235.00","₹ 5,435.10",BRD-YTM
T008386,02/11/2020,f01074,delivery,Cotton,3.07 q,"₹ 8,235.00","₹ 25,281.45",BRD-YTM
T008387,28/11/2020,F01075,delivery,kapas,0.1 qtl,"₹ 7,845.00",₹ 470.70,BRD-YTM
T008388,21/11/2020, F01075 ,DELIVERY,COTTON (Kapas),24.84 q,"₹ 7,845.00","₹ 1,94,869.80",BRD-YTM
T008389,07/06/2020,F01075,Input Purchase,NPK 10:26:26,309 kg,₹ 38.56,"₹ 11,915.04",BRD-YTM
T008390,21/06/2020,F01075,I,Urea,172 kg,₹ 35.30,"₹ 6,071.60",BRD-YTM
T008391,05/06/2020, F01075 ,input,Seeds,112 kg,₹ 80.85,"₹ 9,055.20",BRD-YTM
T008392,11/11/2020,F01075,loan,Loan Repayment,,,"₹ 3,700.00",BRD-YTM
T008393,01/11/2020,F01075,L,EMI,,,"₹ 4,300.00",BRD-YTM
T008394,15/11/2020,F01076,D,kapas,3.30 quintals,"₹ 8,075.00","₹ 26,647.50",BRD-YTM
T008395,03/11/2020,F01076,D,Cotton Kapas,3.4 qtl,"₹ 8,075.00","₹ 27,616.50",BRD-YTM
T008396,22/06/2020,F01076,I,DAP,183 kg,₹ 37.49,"₹ 6,860.67",BRD-YTM
T008397,03/07/2020,F01076,Input Purchase,PPC,204 kgs,₹ 281.75,"₹ 57,477.00",BRD-YTM
T008398,26/10/2020,F01078,FPO_DELIVERY,kapas,0.90 q,"₹ 7,530.00","₹ 6,777.00",BRD-YTM
T008399,08/10/2020,F01078,delivery,COTTON (Kapas),8.14 quintals,"₹ 7,530.00","₹ 61,294.20",BRD-YTM
T008400,01/07/2020, F01078 ,input,Urea,28 kgs,₹ 57.29,"₹ 1,604.12",BRD-YTM
T008401,26/10/2020,F01079,DELIVERY,Cotton Kapas,5.1 qtl,"₹ 8,545.00","₹ 43,494.05",BRD-YTM
T008402,17/10/2020,F01079,FPO_DELIVERY,COTTON (Kapas),2.44 q,"₹ 8,545.00","₹ 20,849.80",BRD-YTM
T008403,04/11/2020,F01079,FPO_DELIVERY,Soybean (Yellow),9.41 quintals,"₹ 5,050.00","₹ 47,520.50",BRD-YTM
T008404,20/10/2020,f01081,Delivery,COTTON (Kapas),7.86 quintals,"₹ 7,885.00","₹ 61,976.10",BRD-YTM
T008405,15/10/2020,F01081,D,Cotton Kapas,4.88 q,"₹ 7,885.00","₹ 38,478.80",BRD-YTM
T008406,05/07/2020,F01081,I,NPK 10:26:26,194 kgs,₹ 36.63,"₹ 7,106.22",BRD-YTM
T008407,06/06/2020,f01081,FERT_PURCHASE,PPC,272 kg,₹ 408.14,"₹ 1,11,014.08",BRD-YTM
T008408,11/07/2020, F01081 ,loan,Loan Repayment,,,"₹ 6,000.00",BRD-YTM
T008409,01/11/2020, F01082 ,D,COTTON (Kapas),2.64 q,"₹ 7,450.00","₹ 19,668.00",BRD-YTM
T008410,19/11/2020,F01082,Delivery,Cotton Kapas,4.27 quintals,"₹ 7,450.00","₹ 31,811.50",BRD-YTM
T008411,12/07/2020,F01082,I,SEEDS,39 kg,₹ 92.57,"₹ 3,610.23",BRD-YTM
T008412,10/07/2020,F01082,I,Fertilizer,120 kgs,₹ 30.12,"₹ 3,614.40",BRD-YTM
T008413,10/11/2020,F01085,Delivery,kapas,3.00 q,"₹ 7,760.00","₹ 23,280.00",BRD-YTM
T008414,12/10/2020,F01085,DELIVERY,COTTON (Kapas),0.63 quintals,"₹ 7,760.00","₹ 4,888.80",BRD-YTM
T008415,20/11/2020,F01085,D,SOYABEAN,4.59 quintals,"₹ 5,025.00","₹ 23,064.75",BRD-YTM
T008416,01/06/2020, F01085 ,Input Purchase,DAP,69 kgs,₹ 42.73,"₹ 2,948.37",BRD-YTM
T008417,01/10/2020,F01087,Delivery,kapas,14.07 q,"₹ 7,730.00","₹ 1,08,761.10",BRD-YTM
T008418,30/06/2020,F01087,FERT_PURCHASE,DAP,235 kgs,₹ 38.06,"₹ 8,944.10",BRD-YTM
T008419,03/07/2020,F01087,I,Hybrid Seeds,286 kgs,₹ 95.08,"₹ 27,192.88",BRD-YTM
T008420,11/10/2020,f01088,D,Cotton,0.97 quintals,"₹ 8,245.00","₹ 7,997.65",BRD-YTM
T008421,13/11/2020,F01088,DELIVERY,Cotton,3.80 q,"₹ 8,245.00","₹ 31,331.00",BRD-YTM
T008422,16/06/2020,F01088,Input Purchase,FERTILIZER 50kg bag,46 kgs,₹ 50.25,"₹ 2,311.50",BRD-YTM
T008423,21/06/2020,F01088,INPUT_PURCHASE,NPK 10:26:26,125 kg,₹ 38.40,"₹ 4,800.00",BRD-YTM
T008424,21/10/2020,F01089,delivery,kapas,11.0 qtl,"₹ 7,610.00","₹ 83,786.10",BRD-YTM
T008425,03/10/2020, F01089 ,D,Cotton Kapas,1.26 q,"₹ 7,610.00","₹ 9,588.60",BRD-YTM
T008426,01/10/2020,F01089,Delivery,COTTON (Kapas),5.11 quintals,"₹ 7,610.00","₹ 38,887.10",BRD-YTM
T008427,04/11/2020,F01089,delivery,SOYABEAN,20.34 quintals,"₹ 5,315.00","₹ 1,08,107.10",BRD-YTM
T008428,21/09/2020,F01089,loan,EMI,,,"₹ 6,700.00",BRD-YTM
T008429,30/11/2020,F01090,FPO_DELIVERY,COTTON (Kapas),5.77 quintals,"₹ 8,075.00","₹ 46,592.75",BRD-YTM
T008430,29/10/2020,F01090,FPO_DELIVERY,Soybean,2.70 q,"₹ 5,045.00","₹ 13,621.50",BRD-YTM
T008431,15/11/2020,F01090,FPO_DELIVERY,Soybean (Yellow),5.56 quintals,"₹ 5,045.00","₹ 28,050.20",BRD-YTM
T008432,17/06/2020,f01090,INPUT_PURCHASE,Bio-pesticide,61 kg,₹ 556.61,"₹ 33,953.21",BRD-YTM
T008433,14/06/2020,F01090,FERT_PURCHASE,NPK 10:26:26,292 kg,₹ 52.52,"₹ 15,335.84",BRD-YTM
T008434,10/07/2020,F01090,input,Bio-pesticide,268 kg,₹ 482.40,"₹ 1,29,283.20",BRD-YTM
T008435,18/11/2020,F01091,D,COTTON (Kapas),10.80 quintals,"₹ 7,450.00","₹ 80,460.00",BRD-YTM
T008436,31/10/2020,F01091,D,Cotton Kapas,2.49 quintals,"₹ 7,450.00","₹ 18,550.50",BRD-YTM
T008437,11/11/2020,F01091,DELIVERY,COTTON (Kapas),2.88 quintals,"₹ 7,450.00","₹ 21,456.00",BRD-YTM
T008438,07/06/2020,f01091,Input Purchase,Fertilizer,70 kgs,₹ 39.08,"₹ 2,735.60",BRD-YTM
T008439,17/11/2020,F01091,loan,EMI,,,"₹ 2,400.00",BRD-YTM
T008440,01/07/2020,F01091,L,Loan Repayment,,,"₹ 1,000.00",BRD-YTM
T008441,28/11/2020,F01092,Delivery,kapas,1.66 quintals,"₹ 7,540.00","₹ 12,516.40",BRD-YTM
T008442,09/11/2020,F01092,D,Cotton Kapas,2.53 quintals,"₹ 7,540.00","₹ 19,076.20",BRD-YTM
T008443,01/10/2020,F01092,FPO_DELIVERY,COTTON (Kapas),5.29 q,"₹ 7,540.00","₹ 39,886.60",BRD-YTM
T008444,22/11/2020,F01092,Delivery,SOYABEAN,11.06 quintals,"₹ 4,830.00","₹ 53,419.80",BRD-YTM
T008445,24/06/2020,F01092,Input Purchase,PPC,76 kgs,₹ 483.73,"₹ 36,763.48",BRD-YTM
T008446,08/07/2020,F01092,I,Seeds,132 kgs,₹ 108.45,"₹ 14,315.40",BRD-YTM
T008447,12/10/2020,F01093,D,Cotton,10.8 qtl,"₹ 7,615.00","₹ 82,622.75",BRD-YTM
T008448,09/10/2020,F01093,Delivery,Cotton Kapas,16.9 qtl,"₹ 7,615.00","₹ 1,28,921.95",BRD-YTM
T008449,11/06/2020,F01093,FERT_PURCHASE,FERTILIZER 50kg bag,186 kgs,₹ 41.04,"₹ 7,633.44",BRD-YTM
T008450,15/06/2020,F01093,input,Fertilizer,99 kgs,₹ 41.86,"₹ 4,144.14",BRD-YTM
T008451,09/10/2020,F01095,FPO_DELIVERY,Cotton Kapas,2.36 quintals,"₹ 8,205.00","₹ 19,363.80",BRD-YTM
T008452,15/10/2020,f01095,delivery,Cotton Kapas,1.9 qtl,"₹ 8,205.00","₹ 15,343.35",BRD-YTM
T008453,17/10/2020,F01095,D,Soybean,5.82 q,"₹ 5,620.00","₹ 32,708.40",BRD-YTM
T008454,08/07/2020,F01095,Input Purchase,PP chemicals,133 kgs,₹ 237.83,"₹ 31,631.39",BRD-YTM
T008455,06/11/2020,F01098,delivery,Cotton Kapas,0.08 quintals,"₹ 8,345.00",₹ 667.60,BRD-YTM
T008456,01/10/2020,F01098,FPO_DELIVERY,Cotton Kapas,2.39 q,"₹ 8,345.00","₹ 19,944.55",BRD-YTM
T008457,06/10/2020,F01098,delivery,kapas,3.21 quintals,"₹ 8,345.00","₹ 26,787.45",BRD-YTM
T008458,17/10/2020,f01098,Delivery,soya,2.33 q,"₹ 5,305.00","₹ 12,360.65",BRD-YTM
T008459,03/10/2020,F01098,delivery,Soybean (Yellow),5.60 quintals,"₹ 5,305.00","₹ 29,708.00",BRD-YTM
T008460,07/07/2020,f01098,FERT_PURCHASE,Bio-pesticide,285 kg,₹ 414.97,"₹ 1,18,266.45",BRD-YTM
T008461,08/07/2020,F01098,INPUT_PURCHASE,SEEDS,264 kg,₹ 81.86,"₹ 21,611.04",BRD-YTM
T008462,25/06/2020,F01098,Input Purchase,Seeds,148 kg,₹ 104.51,"₹ 15,467.48",BRD-YTM
T008463,29/06/2020,f01098,FERT_PURCHASE,DAP,100 kgs,₹ 35.26,"₹ 3,526.00",BRD-YTM
T008464,20/06/2020,f01098,FERT_PURCHASE,Urea,302 kg,₹ 44.60,"₹ 13,469.20",BRD-YTM
T008465,13/06/2020,F01098,Loan Repayment,EMI,,,₹ 900.00,BRD-YTM
T008466,05/09/2020, F01098 ,LOAN_REPAY,EMI,,,"₹ 2,600.00",BRD-YTM
T008467,20/11/2020,F01099,D,Cotton Kapas,9.49 q,"₹ 7,480.00","₹ 70,985.20",BRD-YTM
T008468,03/10/2020,F01099,delivery,SOYABEAN,4.6 qtl,"₹ 5,130.00","₹ 23,649.30",BRD-YTM
T008469,29/11/2020,F01099,DELIVERY,soya,11.45 q,"₹ 5,130.00","₹ 58,738.50",BRD-YTM
T008470,29/06/2020,F01099,INPUT_PURCHASE,DAP,38 kg,₹ 57.54,"₹ 2,186.52",BRD-YTM
T008471,10/06/2020,F01099,FERT_PURCHASE,NPK 10:26:26,44 kgs,₹ 34.76,"₹ 1,529.44",BRD-YTM
T008472,23/11/2020,F01100,Delivery,COTTON (Kapas),2.6 qtl,"₹ 8,290.00","₹ 21,719.80",BRD-YTM
T008473,06/10/2020,F01100,Delivery,soya,0.6 qtl,"₹ 5,020.00","₹ 3,062.20",BRD-YTM
T008474,22/10/2020,F01100,delivery,Soybean,1.14 quintals,"₹ 5,020.00","₹ 5,722.80",BRD-YTM
T008475,21/10/2020,f01100,D,Soybean,1.66 q,"₹ 5,020.00","₹ 8,333.20",BRD-YTM
T008476,24/06/2020,f01100,I,Urea,176 kgs,₹ 29.01,"₹ 5,105.76",BRD-YTM
T008477,08/07/2020,F01100,FERT_PURCHASE,DAP,283 kg,₹ 54.41,"₹ 15,398.03",BRD-YTM
T008478,23/06/2020,f01100,INPUT_PURCHASE,Hybrid Seeds,67 kg,₹ 89.46,"₹ 5,993.82",BRD-YTM
T008479,22/11/2020,F01102,DELIVERY,COTTON (Kapas),10.48 q,"₹ 7,955.00","₹ 83,368.40",BRD-YTM
T008480,30/11/2020,F01102,FPO_DELIVERY,kapas,2.76 quintals,"₹ 7,955.00","₹ 21,955.80",BRD-YTM
T008481,16/11/2020,F01102,Delivery,Soybean,17.5 qtl,"₹ 5,040.00","₹ 88,300.80",BRD-YTM
T008482,10/06/2020,F01102,Input Purchase,PP chemicals,193 kg,₹ 368.65,"₹ 71,149.45",BRD-YTM
T008483,05/06/2020,F01102,input,DAP,116 kg,₹ 37.32,"₹ 4,329.12",BRD-YTM
T008484,28/10/2020,F01104,Delivery,Cotton,27.23 quintals,"₹ 7,915.00","₹ 2,15,525.45",BRD-YTM
T008485,10/11/2020,F01104,D,Soybean (Yellow),27.8 qtl,"₹ 5,210.00","₹ 1,44,838.00",BRD-YTM
T008486,16/11/2020,f01104,Delivery,Soybean (Yellow),4.9 qtl,"₹ 5,210.00","₹ 25,476.90",BRD-YTM
T008487,08/06/2020,F01104,I,Seeds,157 kgs,₹ 74.16,"₹ 11,643.12",BRD-YTM
T008488,24/06/2020,F01104,input,Hybrid Seeds,168 kg,₹ 45.90,"₹ 7,711.20",BRD-YTM
T008489,11/07/2020,F01104,FERT_PURCHASE,PP chemicals,204 kgs,₹ 373.24,"₹ 76,140.96",BRD-YTM
T008490,06/07/2020,F01104,Input Purchase,Urea,163 kgs,₹ 44.96,"₹ 7,328.48",BRD-YTM
T008491,11/06/2020,f01104,I,FERTILIZER 50kg bag,144 kgs,₹ 59.92,"₹ 8,628.48",BRD-YTM
T008492,14/10/2020,F01104,LOAN_REPAY,Loan Repayment,,,"₹ 6,400.00",BRD-YTM
T008493,28/06/2020,F01104,LOAN_REPAY,Loan Repayment,,,"₹ 6,000.00",BRD-YTM
T008494,30/10/2020,F01105,delivery,Cotton,2.56 quintals,"₹ 8,185.00","₹ 20,953.60",BRD-YTM
T008495,20/10/2020,F01105,Delivery,Cotton Kapas,16.94 q,"₹ 8,185.00","₹ 1,38,653.90",BRD-YTM
T008496,09/11/2020,f01105,D,SOYABEAN,2.06 quintals,"₹ 4,895.00","₹ 10,083.70",BRD-YTM
T008497,03/10/2020,F01105,D,soya,23.5 qtl,"₹ 4,895.00","₹ 1,15,130.40",BRD-YTM
T008498,05/11/2020,F01107,D,COTTON (Kapas),13.46 quintals,"₹ 7,720.00","₹ 1,03,911.20",BRD-YTM
T008499,16/11/2020,F01107,delivery,COTTON (Kapas),1.1 qtl,"₹ 7,720.00","₹ 8,723.60",BRD-YTM
T008500,11/10/2020,F01107,Delivery,SOYABEAN,2.8 qtl,"₹ 5,155.00","₹ 14,227.80",BRD-YTM
T008501,25/11/2020,F01107,D,soya,17.20 quintals,"₹ 5,155.00","₹ 88,666.00",BRD-YTM
T008502,01/06/2020,F01107,Input Purchase,DAP,257 kgs,₹ 32.98,"₹ 8,475.86",BRD-YTM
T008503,23/06/2020,F01107,LOAN_REPAY,Loan Repayment,,,"₹ 6,600.00",BRD-YTM
T008504,01/11/2020,F01107,loan,EMI,,,"₹ 5,400.00",BRD-YTM
T008505,30/06/2020,F01107,Loan Repayment,Loan Repayment,,,"₹ 3,600.00",BRD-YTM
T008506,09/09/2020,F01107,Loan Repayment,EMI,,,"₹ 6,500.00",BRD-YTM
T008507,31/10/2020,F01109,Delivery,Cotton,11.1 qtl,"₹ 8,265.00","₹ 91,906.80",BRD-YTM
T008508,11/06/2020, F01109 ,Input Purchase,NPK 10:26:26,271 kgs,₹ 59.23,"₹ 16,051.33",BRD-YTM
T008509,09/07/2020,F01109,Input Purchase,DAP,302 kg,₹ 40.74,"₹ 12,303.48",BRD-YTM
T008510,22/11/2020,f01110,FPO_DELIVERY,Cotton,17.5 qtl,"₹ 7,640.00","₹ 1,33,852.80",BRD-YTM
T008511,07/06/2020,F01110,INPUT_PURCHASE,Hybrid Seeds,154 kg,₹ 72.63,"₹ 11,185.02",BRD-YTM
T008512,21/11/2020,F01111,FPO_DELIVERY,COTTON (Kapas),4.18 quintals,"₹ 7,910.00","₹ 33,063.80",BRD-YTM
T008513,31/10/2020,f01111,delivery,kapas,10.82 q,"₹ 7,910.00","₹ 85,586.20",BRD-YTM
T008514,18/06/2020,F01111,Input Purchase,Hybrid Seeds,186 kg,₹ 116.83,"₹ 21,730.38",BRD-YTM
T008515,11/07/2020,F01111,INPUT_PURCHASE,DAP,206 kgs,₹ 28.54,"₹ 5,879.24",BRD-YTM
T008516,17/11/2020,F01111,LOAN_REPAY,EMI,,,"₹ 7,300.00",BRD-YTM
T008517,02/11/2020,F01112,Delivery,COTTON (Kapas),18.21 quintals,"₹ 8,505.00","₹ 1,54,876.05",BRD-YTM
T008518,22/06/2020,F01112,I,Seeds,111 kgs,₹ 119.05,"₹ 13,214.55",BRD-YTM
T008519,13/07/2020,f01112,input,Hybrid Seeds,308 kgs,₹ 50.52,"₹ 15,560.16",BRD-YTM
T008520,31/10/2020,F01113,D,COTTON (Kapas),1.04 q,"₹ 7,855.00","₹ 8,169.20",BRD-YTM
T008521,06/11/2020,F01113,Delivery,Cotton Kapas,4.30 q,"₹ 7,855.00","₹ 33,776.50",BRD-YTM
T008522,21/10/2020,F01114,D,Cotton Kapas,2.08 q,"₹ 8,370.00","₹ 17,409.60",BRD-YTM
T008523,21/10/2020,F01114,delivery,Cotton Kapas,8.15 quintals,"₹ 8,370.00","₹ 68,215.50",BRD-YTM
T008524,01/06/2020,F01114,INPUT_PURCHASE,Fertilizer,171 kg,₹ 47.64,"₹ 8,146.44",BRD-YTM
T008525,11/11/2020,F01115,delivery,kapas,16.1 qtl,"₹ 8,045.00","₹ 1,29,685.40",BRD-YTM
T008526,21/10/2020,F01115,DELIVERY,Soybean,22.2 qtl,"₹ 5,060.00","₹ 1,12,433.20",BRD-YTM
T008527,17/06/2020,F01115,input,Fertilizer,201 kgs,₹ 35.33,"₹ 7,101.33",BRD-YTM
T008528,12/06/2020,F01115,Input Purchase,SEEDS,184 kgs,₹ 121.57,"₹ 22,368.88",BRD-YTM
T008529,09/06/2020, F01115 ,input,Seeds,289 kgs,₹ 81.47,"₹ 23,544.83",BRD-YTM
T008530,24/06/2020,F01115,loan,EMI,,,"₹ 5,800.00",BRD-YTM
T008531,14/11/2020,F01116,FPO_DELIVERY,kapas,11.21 q,"₹ 8,055.00","₹ 90,296.55",BRD-YTM
T008532,18/06/2020,F01116,I,DAP,52 kg,₹ 58.84,"₹ 3,059.68",BRD-YTM
T008533,17/06/2020,F01116,input,FERTILIZER 50kg bag,284 kgs,₹ 47.60,"₹ 13,518.40",BRD-YTM
T008534,22/06/2020,f01116,INPUT_PURCHASE,Fertilizer,232 kg,₹ 56.75,"₹ 13,166.00",BRD-YTM
T008535,27/11/2020,F01117,DELIVERY,Cotton Kapas,7.05 quintals,"₹ 8,255.00","₹ 58,197.75",BRD-YTM
T008536,14/11/2020,F01117,D,COTTON (Kapas),1.39 quintals,"₹ 8,255.00","₹ 11,474.45",BRD-YTM
T008537,12/06/2020,F01117,FERT_PURCHASE,NPK 10:26:26,309 kg,₹ 55.37,"₹ 17,109.33",BRD-YTM
T008538,09/06/2020,F01117,FERT_PURCHASE,Urea,53 kgs,₹ 52.40,"₹ 2,777.20",BRD-YTM
T008539,02/11/2020,F01120,DELIVERY,Cotton Kapas,15.7 qtl,"₹ 7,805.00","₹ 1,22,772.65",BRD-YTM
T008540,12/10/2020,F01120,Delivery,Soybean (Yellow),20.95 quintals,"₹ 4,855.00","₹ 1,01,712.25",BRD-YTM
T008541,16/06/2020,F01120,FERT_PURCHASE,FERTILIZER 50kg bag,276 kg,₹ 46.52,"₹ 12,839.52",BRD-YTM
T008542,11/06/2020,F01120,input,Seeds,191 kg,₹ 118.50,"₹ 22,633.50",BRD-YTM
T008543,05/11/2020,F01121,D,COTTON (Kapas),4.4 qtl,"₹ 8,330.00","₹ 36,652.00",BRD-YTM
T008544,17/11/2020, F01121 ,delivery,soya,2.15 quintals,"₹ 4,770.00","₹ 10,255.50",BRD-YTM
T008545,15/11/2020,F01121,D,Soybean (Yellow),3.34 quintals,"₹ 4,770.00","₹ 15,931.80",BRD-YTM
T008546,02/07/2020,F01121,Input Purchase,PP chemicals,215 kg,₹ 659.37,"₹ 1,41,764.55",BRD-YTM
T008547,25/06/2020,F01121,I,SEEDS,158 kgs,₹ 92.49,"₹ 14,613.42",BRD-YTM
T008548,06/11/2020,F01122,D,Cotton Kapas,0.42 quintals,"₹ 7,015.00","₹ 2,946.30",BRD-YTM
T008549,15/11/2020,F01122,delivery,Cotton,2.4 qtl,"₹ 7,015.00","₹ 16,765.85",BRD-YTM
T008550,28/11/2020,F01122,Delivery,Soybean,3.85 q,"₹ 5,135.00",₹ N/A,BRD-YTM
T008551,22/06/2020,F01122,FERT_PURCHASE,NPK 10:26:26,202 kg,₹ 28.43,"₹ 5,742.86",BRD-YTM
T008552,04/10/2020,F01123,DELIVERY,Cotton Kapas,6.83 q,"₹ 8,025.00","₹ 54,810.75",BRD-YTM
T008553,09/07/2020,F01123,FERT_PURCHASE,PP chemicals,33 kg,₹ 215.54,"₹ 7,112.82",BRD-YTM
T008554,08/06/2020,F01123,input,Seeds,42 kgs,₹ 112.52,"₹ 4,725.84",BRD-YTM
T008555,02/10/2020, F01125 ,Delivery,COTTON (Kapas),3.34 quintals,"₹ 7,855.00","₹ 26,235.70",BRD-YTM
T008556,17/11/2020,F01125,delivery,soya,4.46 quintals,"₹ 5,335.00","₹ 23,794.10",BRD-YTM
T008557,27/10/2020, F01125 ,delivery,Soybean,0.3 qtl,"₹ 5,335.00","₹ 1,440.45",BRD-YTM
T008558,15/06/2020,F01125,Input Purchase,Hybrid Seeds,224 kg,₹ 64.11,"₹ 14,360.64",BRD-YTM
T008559,10/06/2020,F01125,INPUT_PURCHASE,Urea,234 kgs,₹ 49.46,"₹ 11,573.64",BRD-YTM
T008560,06/11/2020,F01127,DELIVERY,Cotton Kapas,29.8 qtl,"₹ 8,065.00","₹ 2,40,175.70",BRD-YTM
T008561,23/06/2020,F01127,Input Purchase,FERTILIZER 50kg bag,312 kg,₹ 54.06,"₹ 16,866.72",BRD-YTM
T008562,22/10/2020,F01127,LOAN_REPAY,Loan Repayment,,,"₹ 1,100.00",BRD-YTM
T008563,03/09/2020,F01127,loan,EMI,,,"₹ 3,300.00",BRD-YTM
T008564,01/10/2020,F01131,D,Cotton Kapas,9.09 q,"₹ 7,865.00","₹ 71,492.85",BRD-YTM
T008565,13/11/2020,F01131,delivery,soya,7.77 quintals,"₹ 4,925.00","₹ 38,267.25",BRD-YTM
T008566,06/10/2020,F01131,FPO_DELIVERY,SOYABEAN,5.7 qtl,"₹ 4,925.00","₹ 28,072.50",BRD-YTM
T008567,23/10/2020,F01132,D,Cotton Kapas,1.76 q,"₹ 7,910.00","₹ 13,921.60",BRD-YTM
T008568,25/10/2020,f01132,DELIVERY,kapas,1.08 quintals,"₹ 7,910.00","₹ 8,542.80",BRD-YTM
T008569,10/11/2020,f01132,Delivery,SOYABEAN,3.2 qtl,"₹ 5,445.00","₹ 17,587.35",BRD-YTM
T008570,17/10/2020,f01133,Delivery,kapas,1.28 q,"₹ 7,775.00","₹ 9,952.00",BRD-YTM
T008571,09/11/2020,F01133,D,Cotton Kapas,2.7 qtl,"₹ 7,775.00","₹ 21,148.00",BRD-YTM
T008572,21/10/2020,F01133,delivery,SOYABEAN,5.6 qtl,"₹ 5,465.00","₹ 30,549.35",BRD-YTM
T008573,11/10/2020,F01133,FPO_DELIVERY,Soybean,0.21 q,"₹ 5,465.00","₹ 1,147.65",BRD-YTM
T008574,10/11/2020,f01133,DELIVERY,SOYABEAN,0.06 q,"₹ 5,465.00",₹ 327.90,BRD-YTM
T008575,09/07/2020,F01133,input,Seeds,112 kg,₹ 87.43,"₹ 9,792.16",BRD-YTM
T008576,14/06/2020,f01133,I,Fertilizer,50 kg,₹ 38.65,"₹ 1,932.50",BRD-YTM
T008577,11/09/2020,F01133,LOAN_REPAY,Loan Repayment,,,"₹ 5,800.00",BRD-YTM
T008578,24/11/2020,F01135,D,kapas,6.59 quintals,"₹ 7,750.00","₹ 51,072.50",BRD-YTM
T008579,20/11/2020,f01138,delivery,COTTON (Kapas),0.58 quintals,"₹ 7,745.00","₹ 4,492.10",BRD-YTM
T008580,17/11/2020,F01138,D,Cotton,5.7 qtl,"₹ 7,745.00","₹ 44,223.95",BRD-YTM
T008581,22/11/2020,F01139,delivery,kapas,3.00 q,"₹ 8,345.00","₹ 25,035.00",BRD-YTM
T008582,13/11/2020,F01139,D,kapas,4.96 quintals,"₹ 8,345.00","₹ 41,391.20",BRD-YTM
T008583,06/07/2020,F01139,input,Seeds,301 kg,₹ 125.64,"₹ 37,817.64",BRD-YTM
T008584,12/07/2020,F01139,L,Loan Repayment,,,"₹ 4,700.00",BRD-YTM
T008585,20/10/2020,f01139,Loan Repayment,Loan Repayment,,,"₹ 7,800.00",BRD-YTM
T008586,02/10/2020,F01140,FPO_DELIVERY,Cotton,0.84 q,"₹ 7,655.00","₹ 6,430.20",BRD-YTM
T008587,24/11/2020, F01140 ,delivery,kapas,1.29 q,"₹ 7,655.00","₹ 9,874.95",BRD-YTM
T008588,06/11/2020,F01140,D,Cotton Kapas,0.83 quintals,"₹ 7,655.00","₹ 6,353.65",BRD-YTM
T008589,11/07/2020, F01140 ,input,Hybrid Seeds,61 kg,₹ 53.89,"₹ 3,287.29",BRD-YTM
T008590,02/11/2020,F01141,DELIVERY,COTTON (Kapas),11.60 q,"₹ 7,755.00","₹ 89,958.00",BRD-YTM
T008591,05/10/2020,f01141,delivery,COTTON (Kapas),7.24 quintals,"₹ 7,755.00","₹ 56,146.20",BRD-YTM
T008592,11/06/2020,F01141,INPUT_PURCHASE,SEEDS,52 kgs,₹ 75.93,"₹ 3,948.36",BRD-YTM
T008593,17/08/2020,f01141,LOAN_REPAY,Loan Repayment,,,"₹ 1,300.00",BRD-YTM
T008594,08/06/2020,F01141,LOAN_REPAY,Loan Repayment,,,"₹ 7,000.00",BRD-YTM
T008595,03/11/2020,F01141,L,Loan Repayment,,,"₹ 6,000.00",BRD-YTM
T008596,09/07/2020,F01141,L,Loan Repayment,,,"₹ 1,000.00",BRD-YTM
T008597,04/10/2020,F01142,DELIVERY,kapas,2.74 q,"₹ 8,100.00","₹ 22,194.00",BRD-YTM
T008598,26/10/2020,F01142,DELIVERY,Cotton Kapas,1.94 quintals,"₹ 8,100.00","₹ 15,714.00",BRD-YTM
T008599,21/10/2020,F01142,FPO_DELIVERY,Soybean,4.7 qtl,"₹ 5,255.00","₹ 24,908.70",BRD-YTM
T008600,28/10/2020,F01142,delivery,Soybean,1.46 q,"₹ 5,255.00","₹ 7,672.30",BRD-YTM
T008601,06/10/2020,F01143,Delivery,Cotton Kapas,0.93 quintals,"₹ 8,140.00","₹ 7,570.20",BRD-YTM
T008602,03/11/2020,F01143,D,Cotton,1.3 qtl,"₹ 8,140.00","₹ 10,582.00",BRD-YTM
T008603,18/10/2020,f01143,D,Cotton Kapas,0.78 quintals,"₹ 8,140.00","₹ 6,349.20",BRD-YTM
T008604,05/11/2020,F01146,DELIVERY,Cotton,5.4 qtl,"₹ 8,435.00","₹ 45,802.05",BRD-YTM
T008605,15/07/2020,F01146,FERT_PURCHASE,Fertilizer,81 kgs,₹ 50.71,"₹ 4,107.51",BRD-YTM
T008606,26/10/2020,F01147,DELIVERY,Cotton Kapas,14.70 q,"₹ 8,010.00","₹ 1,17,747.00",BRD-YTM
T008607,13/11/2020,F01147,FPO_DELIVERY,Soybean (Yellow),21.07 quintals,"₹ 5,165.00","₹ 1,08,826.55",BRD-YTM
T008608,29/06/2020,F01147,input,DAP,289 kgs,₹ 49.10,"₹ 14,189.90",BRD-YTM
T008609,27/06/2020,F01147,Input Purchase,Bio-pesticide,188 kg,₹ 384.52,"₹ 72,289.76",BRD-YTM
T008610,26/11/2020,F01148,delivery,Cotton,0.6 qtl,"₹ 7,180.00","₹ 4,451.60",BRD-YTM
T008611,15/10/2020,F01148,FPO_DELIVERY,kapas,2.12 quintals,"₹ 7,180.00","₹ 15,221.60",BRD-YTM
T008612,27/06/2020,f01148,FERT_PURCHASE,PP chemicals,195 kg,₹ 323.77,"₹ 63,135.15",BRD-YTM
T008613,09/06/2020,F01148,FERT_PURCHASE,SEEDS,118 kg,₹ 51.54,"₹ 6,081.72",BRD-YTM
T008614,01/10/2020,F01149,delivery,kapas,3.7 qtl,"₹ 8,005.00","₹ 29,458.40",BRD-YTM
T008615,26/10/2020,f01149,DELIVERY,COTTON (Kapas),3.67 quintals,"₹ 8,005.00","₹ 29,378.35",BRD-YTM
T008616,21/06/2020,F01149,input,NPK 10:26:26,153 kg,₹ 46.44,"₹ 7,105.32",BRD-YTM
T008617,30/06/2020,F01149,loan,Loan Repayment,,,"₹ 4,100.00",BRD-YTM
T008618,19/06/2020,F01149,loan,Loan Repayment,,,"₹ 4,700.00",BRD-YTM
T008619,12/10/2020,F01150,FPO_DELIVERY,Cotton,17.3 qtl,"₹ 7,725.00","₹ 1,33,951.50",BRD-YTM
T008620,13/11/2020,F01150,delivery,SOYABEAN,12.84 quintals,"₹ 5,035.00","₹ 64,649.40",BRD-YTM
T008621,22/10/2020,F01150,delivery,Soybean,4.1 qtl,"₹ 5,035.00","₹ 20,492.45",BRD-YTM
T008622,05/11/2020,F01150,D,Soybean,7.26 quintals,"₹ 5,035.00","₹ 36,554.10",BRD-YTM
T008623,19/06/2020,F01150,Input Purchase,Seeds,213 kg,₹ 125.75,"₹ 26,784.75",BRD-YTM
T008624,05/07/2020,F01150,FERT_PURCHASE,Hybrid Seeds,194 kgs,₹ 73.01,"₹ 14,163.94",BRD-YTM
T008625,09/11/2020,F01150,L,EMI,,,"₹ 6,900.00",BRD-YTM
T008626,31/10/2020,f01150,loan,EMI,,,"₹ 3,000.00",BRD-YTM
T008627,05/11/2020,F01151,D,Cotton,0.14 quintals,"₹ 8,155.00","₹ 1,141.70",BRD-YTM
T008628,22/10/2020,F01151,Delivery,Cotton,4.0 qtl,"₹ 8,155.00","₹ 32,538.45",BRD-YTM
T008629,13/10/2020,F01151,delivery,soya,5.21 quintals,"₹ 5,140.00","₹ 26,779.40",BRD-YTM
T008630,10/07/2020,F01151,INPUT_PURCHASE,FERTILIZER 50kg bag,93 kg,₹ 54.41,"₹ 5,060.13",BRD-YTM
T008631,05/10/2020,F01152,Delivery,COTTON (Kapas),17.5 qtl,"₹ 7,955.00","₹ 1,39,451.15",BRD-YTM
T008632,08/11/2020,F01153,Delivery,kapas,2.54 quintals,"₹ 7,515.00","₹ 19,088.10",BRD-YTM
T008633,13/11/2020,F01153,FPO_DELIVERY,Cotton Kapas,12.56 quintals,"₹ 7,515.00","₹ 94,388.40",BRD-YTM
T008634,22/06/2020,F01153,FERT_PURCHASE,NPK 10:26:26,83 kg,₹ 50.87,"₹ 4,222.21",BRD-YTM
T008635,02/07/2020,F01153,Input Purchase,Hybrid Seeds,103 kgs,₹ 108.15,"₹ 11,139.45",BRD-YTM
T010760,30/10/2020,F02225,D,COTTON (Kapas),18.7 qtl,"₹ 8,230.00","₹ 1,53,571.80",BRD-YTM
T010761,02/07/2020,f02225,I,Hybrid Seeds,26 kg,₹ 128.09,"₹ 3,330.34",BRD-YTM
T010781,27/10/2020,F02233,FPO_DELIVERY,Cotton,10.38 quintals,"₹ 8,270.00","₹ 85,842.60",BRD-YTM
T010782,07/06/2020,F02233,FERT_PURCHASE,DAP,152 kg,₹ 53.65,"₹ 8,154.80",BRD-YTM
T010783,14/07/2020,F02233,I,Fertilizer,57 kg,₹ 48.72,"₹ 2,777.04",BRD-YTM
T010843,19/10/2020, F02255 ,FPO_DELIVERY,Cotton Kapas,7.6 qtl,"₹ 7,970.00","₹ 60,492.30",BRD-YTM
T010844,12/10/2020,F02255,LOAN_REPAY,Loan Repayment,,,₹ 900.00,BRD-YTM
T010845,24/09/2020,F02255,LOAN_REPAY,EMI,,,"₹ 3,100.00",BRD-YTM
T010866,29/11/2020,F02263,DELIVERY,kapas,11.02 q,"₹ 7,860.00","₹ 86,617.20",BRD-YTM
T010867,12/07/2020,F02263,I,Fertilizer,217 kgs,₹ 37.86,"₹ 8,215.62",BRD-YTM
T010868,07/07/2020,f02263,Input Purchase,Fertilizer,265 kgs,₹ 40.94,"₹ 10,849.10",BRD-YTM
T010869,11/06/2020,F02263,L,EMI,,,₹ N/A,BRD-YTM
T010870,13/08/2020,F02263,L,EMI,,,"₹ 3,700.00",BRD-YTM
T010886,10/11/2020,F02270,DELIVERY,kapas,4.54 quintals,"₹ 7,675.00","₹ 34,844.50",BRD-YTM
T010887,31/10/2020,F02270,FPO_DELIVERY,COTTON (Kapas),16.7 qtl,"₹ 7,675.00","₹ 1,28,095.75",BRD-YTM
T010888,12/06/2020,F02270,FERT_PURCHASE,Seeds,152 kg,₹ 52.71,"₹ 8,011.92",BRD-YTM
T010909,23/10/2020,F02279,FPO_DELIVERY,Cotton Kapas,3.3 qtl,"₹ 7,610.00","₹ 25,036.90",BRD-YTM
T010910,25/10/2020,F02279,Delivery,kapas,9.46 quintals,"₹ 7,610.00","₹ 71,990.60",BRD-YTM
T010933,28/11/2020,F02291,D,COTTON (Kapas),19.2 qtl,"₹ 7,885.00","₹ 1,51,155.45",BRD-YTM
T010934,15/07/2020,F02291,INPUT_PURCHASE,Hybrid Seeds,219 kgs,₹ 103.00,"₹ 22,557.00",BRD-YTM
T010935,28/10/2020, F02291 ,loan,Loan Repayment,,,"₹ 4,100.00",BRD-YTM
T010948,11/10/2020,F02296,DELIVERY,Cotton,14.46 quintals,"₹ 8,325.00","₹ 1,20,379.50",BRD-YTM
T011010,17/11/2020,F02315,D,COTTON (Kapas),4.74 quintals,"₹ 8,000.00","₹ 37,920.00",BRD-YTM
T011054,04/11/2020,F02329,delivery,kapas,0.28 q,"₹ 7,715.00","₹ 2,160.20",BRD-YTM
T011055,30/10/2020,F02329,delivery,kapas,3.63 quintals,"₹ 7,715.00","₹ 28,005.45",BRD-YTM
T011056,14/06/2020,F02329,Input Purchase,PP chemicals,215 kgs,₹ 146.68,"₹ 31,536.20",BRD-YTM
T011082,01/05/2021,F01003,FPO_DELIVERY,Gram,5.12 q,"₹ 6,155.00","₹ 31,513.60",BRD-YTM
T011083,02/12/2020,F01003,input,PP chemicals,28 kg,₹ 334.60,"₹ 9,368.80",BRD-YTM
T011084,15/03/2021,F01004,D,Gram,2.80 q,"₹ 6,035.00","₹ 16,898.00",BRD-YTM
T011085,14/04/2021,F01004,D,Gram,3.05 quintals,"₹ 6,035.00","₹ 18,406.75",BRD-YTM
T011086,05/05/2021,F01004,D,Lokwan Wheat,15.75 q,"₹ 2,430.00","₹ 38,272.50",BRD-YTM
T011087,08/01/2021,F01004,INPUT_PURCHASE,PP chemicals,205 kgs,₹ 328.58,"₹ 67,358.90",BRD-YTM
T011088,12/04/2021,F01005,DELIVERY,Gram,14.46 quintals,"₹ 5,760.00","₹ 83,289.60",BRD-YTM
T011089,20/12/2020,F01005,I,Urea,273 kgs,₹ 46.69,"₹ 12,746.37",BRD-YTM
T011090,02/01/2021,F01005,Input Purchase,FERTILIZER 50kg bag,209 kgs,₹ 32.11,"₹ 6,710.99",BRD-YTM
T011091,30/03/2021,F01008,D,Bengal Gram,3.4 qtl,"₹ 6,040.00","₹ 20,596.40",BRD-YTM
T011092,07/03/2021,F01008,FPO_DELIVERY,GRAM (Chana),3.92 q,"₹ 6,040.00","₹ 23,676.80",BRD-YTM
T011093,02/01/2021,F01008,INPUT_PURCHASE,Fertilizer,179 kgs,₹ 37.91,"₹ 6,785.89",BRD-YTM
T011094,06/03/2021,f01009,delivery,GRAM (Chana),8.1 qtl,"₹ 6,050.00","₹ 48,823.50",BRD-YTM
T011095,04/12/2020,F01009,I,FERTILIZER 50kg bag,252 kg,₹ 41.75,"₹ 10,521.00",BRD-YTM
T011096,03/04/2021,F01009,L,Loan Repayment,,,"₹ 5,800.00",BRD-YTM
T011097,11/03/2021,F01009,loan,EMI,,,"₹ 1,900.00",BRD-YTM
T011098,18/04/2021,f01011,Delivery,chana,12.53 q,"₹ 6,005.00","₹ 75,242.65",BRD-YTM
T011099,30/04/2021,F01011,FPO_DELIVERY,Wheat (Durum),18.46 quintals,"₹ 2,370.00","₹ 43,750.20",BRD-YTM
T011100,13/05/2021,f01011,delivery,Lokwan Wheat,18.1 qtl,"₹ 2,370.00","₹ 42,849.60",BRD-YTM
T011101,09/12/2020,f01011,I,FERTILIZER 50kg bag,59 kgs,₹ 50.39,"₹ 2,973.01",BRD-YTM
T011102,14/05/2021,F01013,Delivery,Bengal Gram,8.8 qtl,"₹ 6,040.00","₹ 53,393.60",BRD-YTM
T011103,14/05/2021, F01013 ,D,GRAM (Chana),1.2 qtl,"₹ 6,040.00","₹ 7,368.80",BRD-YTM
T011104,21/12/2020,F01013,input,Urea,246 kgs,₹ 32.23,"₹ 7,928.58",BRD-YTM
T011105,20/12/2020,F01013,INPUT_PURCHASE,SEEDS,78 kgs,₹ 94.14,"₹ 7,342.92",BRD-YTM
T011106,08/01/2021,f01013,Input Purchase,Fertilizer,45 kg,₹ 56.06,"₹ 2,522.70",BRD-YTM
T011107,23/04/2021,F01015,Delivery,GRAM (Chana),7.0 qtl,"₹ 5,390.00","₹ 37,730.00",BRD-YTM
T011108,04/03/2021,F01015,D,Bengal Gram,1.50 q,"₹ 5,390.00","₹ 8,085.00",BRD-YTM
T011109,08/04/2021,F01015,delivery,Gram,4.1 qtl,"₹ 5,390.00","₹ 21,937.30",BRD-YTM
T011110,04/04/2021,F01015,FPO_DELIVERY,wheat,35.01 quintals,"₹ 2,530.00","₹ 88,575.30",BRD-YTM
T011111,25/12/2020,F01015,Input Purchase,Fertilizer,181 kg,₹ 42.33,"₹ 7,661.73",BRD-YTM
T011112,30/12/2020,F01015,input,Fertilizer,315 kg,₹ 32.78,"₹ 10,325.70",BRD-YTM
T011113,11/12/2020,F01015,Input Purchase,Hybrid Seeds,232 kgs,₹ 109.79,"₹ 25,471.28",BRD-YTM
T011114,05/04/2021,f01017,FPO_DELIVERY,GRAM (Chana),12.4 qtl,"₹ 6,125.00","₹ 75,705.00",BRD-YTM
T011115,01/03/2021,F01017,Delivery,wheat,19.1 qtl,"₹ 2,340.00","₹ 44,811.00",BRD-YTM
T011116,08/05/2021,F01017,FPO_DELIVERY,wheat,8.58 q,"₹ 2,340.00","₹ 20,077.20",BRD-YTM
T011117,27/03/2021,F01017,FPO_DELIVERY,WHEAT,4.4 qtl,"₹ 2,340.00","₹ 10,342.80",BRD-YTM
T011118,15/12/2020,F01017,I,Fertilizer,232 kgs,₹ 42.93,"₹ 9,959.76",BRD-YTM
T011119,18/12/2020,F01017,Input Purchase,NPK 10:26:26,295 kg,₹ 49.93,"₹ 14,729.35",BRD-YTM
T011120,16/04/2021,F01017,loan,Loan Repayment,,,"₹ 6,600.00",BRD-YTM
T011121,04/04/2021,F01017,Loan Repayment,EMI,,,"₹ 3,300.00",BRD-YTM
T011122,17/02/2021,F01017,loan,Loan Repayment,,,"₹ 4,000.00",BRD-YTM
T011123,18/03/2021,F01019,D,Gram,2.30 quintals,"₹ 5,980.00","₹ 13,754.00",BRD-YTM
T011124,29/04/2021,F01019,delivery,GRAM (Chana),6.43 quintals,"₹ 5,980.00","₹ 38,451.40",BRD-YTM
T011125,16/03/2021,F01019,delivery,GRAM (Chana),3.64 q,"₹ 5,980.00","₹ 21,767.20",BRD-YTM
T011126,28/12/2020,F01019,I,NPK 10:26:26,294 kg,₹ 43.39,"₹ 12,756.66",BRD-YTM
T011127,06/05/2021,F01020,delivery,GRAM (Chana),2.1 qtl,"₹ 6,210.00","₹ 13,165.20",BRD-YTM
T011128,05/04/2021,F01020,DELIVERY,Wheat,6.3 qtl,"₹ 2,280.00","₹ 14,386.80",BRD-YTM
T011129,27/12/2020,F01020,Input Purchase,Fertilizer,220 kg,₹ 36.71,"₹ 8,076.20",BRD-YTM
T011130,06/05/2021,F01021,delivery,GRAM (Chana),0.4 qtl,"₹ 6,125.00","₹ 2,633.75",BRD-YTM
T011131,25/03/2021,F01021,D,Bengal Gram,11.49 quintals,"₹ 6,125.00","₹ 70,376.25",BRD-YTM
T011132,10/03/2021,f01021,FPO_DELIVERY,wheat,28.2 qtl,"₹ 2,525.00","₹ 71,280.75",BRD-YTM
T011133,21/03/2021,F01021,delivery,wheat,3.40 q,"₹ 2,525.00","₹ 8,585.00",BRD-YTM
T011134,11/01/2021,F01021,input,FERTILIZER 50kg bag,166 kgs,₹ 53.70,"₹ 8,914.20",BRD-YTM
T011135,05/01/2021,F01021,FERT_PURCHASE,Seeds,57 kg,₹ 56.38,"₹ 3,213.66",BRD-YTM
T011136,25/12/2020,F01021,input,Seeds,299 kg,₹ 123.03,"₹ 36,785.97",BRD-YTM
T011137,05/12/2020,F01021,Loan Repayment,EMI,,,"₹ 2,900.00",BRD-YTM
T011138,07/05/2021,F01022,FPO_DELIVERY,Bengal Gram,8.28 q,"₹ 5,440.00","₹ 45,043.20",BRD-YTM
T011139,04/05/2021,f01023,D,Bengal Gram,6.08 q,"₹ 5,885.00","₹ 35,780.80",BRD-YTM
T011140,10/04/2021,F01023,DELIVERY,Gram,3.7 qtl,"₹ 5,885.00","₹ 21,833.35",BRD-YTM
T011141,10/12/2020,F01023,input,Hybrid Seeds,53 kg,₹ 48.78,"₹ 2,585.34",BRD-YTM
T011142,27/03/2021,F01029,delivery,Bengal Gram,9.5 qtl,"₹ 5,890.00","₹ 55,955.00",BRD-YTM
T011143,09/01/2021,F01029,input,SEEDS,276 kgs,₹ 71.61,"₹ 19,764.36",BRD-YTM
T011144,02/12/2020,F01029,Input Purchase,SEEDS,100 kg,₹ 96.32,"₹ 9,632.00",BRD-YTM
T011145,02/12/2020,f01029,INPUT_PURCHASE,DAP,158 kg,₹ 43.75,"₹ 6,912.50",BRD-YTM
T011146,13/03/2021,F01030,FPO_DELIVERY,GRAM (Chana),1.8 qtl,"₹ 6,430.00","₹ 11,702.60",BRD-YTM
T011147,05/03/2021,f01030,delivery,Bengal Gram,0.92 q,"₹ 6,430.00","₹ 5,915.60",BRD-YTM
T011148,17/03/2021,F01030,DELIVERY,Lokwan Wheat,1.98 quintals,"₹ 2,435.00","₹ 4,821.30",BRD-YTM
T011149,16/04/2021,F01030,FPO_DELIVERY,Wheat,5.1 qtl,"₹ 2,435.00","₹ 12,394.15",BRD-YTM
T011150,29/04/2021,F01031,D,chana,3.96 quintals,"₹ 5,980.00","₹ 23,680.80",BRD-YTM
T011151,09/05/2021,F01032,FPO_DELIVERY,chana,8.92 quintals,"₹ 5,885.00","₹ 52,494.20",BRD-YTM
T011152,29/04/2021,F01032,FPO_DELIVERY,wheat,18.6 qtl,"₹ 2,385.00","₹ 44,265.60",BRD-YTM
T011153,02/05/2021,F01032,FPO_DELIVERY,Wheat (Durum),2.96 quintals,"₹ 2,385.00","₹ 7,059.60",BRD-YTM
T011154,12/12/2020,f01032,I,PP chemicals,246 kgs,₹ 355.65,"₹ 87,489.90",BRD-YTM
T011155,12/01/2021,f01032,input,Fertilizer,107 kg,₹ 28.24,"₹ 3,021.68",BRD-YTM
T011156,08/01/2021,F01032,FERT_PURCHASE,Seeds,163 kgs,₹ 57.93,"₹ 9,442.59",BRD-YTM
T011157,09/12/2020,F01032,Input Purchase,SEEDS,85 kg,₹ 63.20,"₹ 5,372.00",BRD-YTM
T011158,03/03/2021, F01035 ,DELIVERY,chana,5.70 q,"₹ 5,970.00","₹ 34,029.00",BRD-YTM
T011159,18/03/2021,F01035,FPO_DELIVERY,WHEAT,7.68 q,"₹ 2,460.00","₹ 18,892.80",BRD-YTM
T011160,23/03/2021,F01035,D,Wheat (Durum),8.0 qtl,"₹ 2,460.00","₹ 19,630.80",BRD-YTM
T011161,09/12/2020,f01035,INPUT_PURCHASE,NPK 10:26:26,131 kgs,₹ 32.74,"₹ 4,288.94",BRD-YTM
T011162,12/04/2021,F01036,FPO_DELIVERY,chana,7.0 qtl,"₹ 5,810.00","₹ 40,437.60",BRD-YTM
T011163,10/04/2021,F01036,FPO_DELIVERY,GRAM (Chana),0.81 quintals,"₹ 5,810.00","₹ 4,706.10",BRD-YTM
T011164,31/12/2020,F01036,INPUT_PURCHASE,Fertilizer,42 kgs,₹ 53.13,"₹ 2,231.46",BRD-YTM
T011165,23/04/2021,F01037,FPO_DELIVERY,Gram,4.56 q,"₹ 6,275.00","₹ 28,614.00",BRD-YTM
T011166,29/03/2021,F01037,DELIVERY,chana,2.4 qtl,"₹ 6,275.00","₹ 14,809.00",BRD-YTM
T011167,22/03/2021, F01037 ,DELIVERY,WHEAT,17.0 qtl,"₹ 2,465.00","₹ 41,929.65",BRD-YTM
T011168,05/05/2021,F01037,DELIVERY,WHEAT,0.37 q,"₹ 2,465.00",₹ 912.05,BRD-YTM
T011169,02/01/2021,F01037,I,Fertilizer,47 kg,₹ 58.47,"₹ 2,748.09",BRD-YTM
T011170,05/05/2021,F01038,FPO_DELIVERY,Gram,11.8 qtl,"₹ 6,500.00","₹ 76,700.00",BRD-YTM
T011171,13/04/2021,f01038,FPO_DELIVERY,GRAM (Chana),3.04 q,"₹ 6,500.00","₹ 19,760.00",BRD-YTM
T011172,25/12/2020,F01038,I,SEEDS,206 kg,₹ 86.12,"₹ 17,740.72",BRD-YTM
T011173,16/12/2020,F01038,FERT_PURCHASE,FERTILIZER 50kg bag,240 kgs,₹ 41.28,"₹ 9,907.20",BRD-YTM
T011174,07/12/2020,F01038,I,DAP,59 kgs,₹ 50.54,"₹ 2,981.86",BRD-YTM
T011175,04/12/2020,F01038,INPUT_PURCHASE,Fertilizer,222 kg,₹ 56.30,"₹ 12,498.60",BRD-YTM
T011176,18/03/2021,F01040,D,chana,1.73 q,"₹ 5,740.00","₹ 9,930.20",BRD-YTM
T011177,21/04/2021, F01040 ,D,Gram,1.3 qtl,"₹ 5,740.00","₹ 7,634.20",BRD-YTM
T011178,10/05/2021,f01040,D,GRAM (Chana),2.91 q,"₹ 5,740.00","₹ 16,703.40",BRD-YTM
T011179,20/12/2020,F01040,FERT_PURCHASE,Fertilizer,76 kgs,₹ 35.02,"₹ 2,661.52",BRD-YTM
T011180,15/04/2021,F01042,FPO_DELIVERY,GRAM (Chana),4.1 qtl,"₹ 5,925.00","₹ 24,233.25",BRD-YTM
T011181,07/03/2021,F01042,D,GRAM (Chana),11.32 quintals,"₹ 5,925.00","₹ 67,071.00",BRD-YTM
T011182,13/01/2021,F01042,Input Purchase,Fertilizer,27 kgs,₹ 30.02,₹ 810.54,BRD-YTM
T011183,15/02/2021,F01042,Loan Repayment,Loan Repayment,,,"₹ 4,400.00",BRD-YTM
T011184,07/04/2021,f01042,L,EMI,,,"₹ 6,300.00",BRD-YTM
T011185,03/01/2021,f01042,L,Loan Repayment,,,"₹ 5,900.00",BRD-YTM
T011186,28/03/2021,F01042,LOAN_REPAY,EMI,,,"₹ 7,600.00",BRD-YTM
T011187,02/04/2021, F01043 ,delivery,chana,3.8 qtl,"₹ 5,990.00","₹ 22,462.50",BRD-YTM
T011188,27/04/2021,F01043,DELIVERY,Bengal Gram,7.51 quintals,"₹ 5,990.00","₹ 44,984.90",BRD-YTM
T011189,21/12/2020,f01043,LOAN_REPAY,EMI,,,"₹ 7,600.00",BRD-YTM
T011190,08/03/2021,F01044,FPO_DELIVERY,Bengal Gram,5.24 q,"₹ 6,160.00","₹ 32,278.40",BRD-YTM
T011191,01/03/2021,F01044,FPO_DELIVERY,chana,16.02 q,"₹ 6,160.00","₹ 98,683.20",BRD-YTM
T011192,13/05/2021,F01044,Delivery,Lokwan Wheat,11.07 quintals,"₹ 2,425.00","₹ 26,844.75",BRD-YTM
T011193,15/04/2021,F01044,delivery,Lokwan Wheat,41.57 q,"₹ 2,425.00","₹ 1,00,807.25",BRD-YTM
T011194,07/12/2020,f01044,FERT_PURCHASE,Seeds,226 kgs,₹ 118.12,"₹ 26,695.12",BRD-YTM
T011195,17/12/2020,f01044,Input Purchase,NPK 10:26:26,239 kgs,₹ 46.50,"₹ 11,113.50",BRD-YTM
T011196,06/01/2021,f01044,Input Purchase,FERTILIZER 50kg bag,113 kg,₹ 41.97,"₹ 4,742.61",BRD-YTM
T011197,23/03/2021,F01045,D,Gram,7.81 quintals,"₹ 6,005.00","₹ 46,899.05",BRD-YTM
T011198,07/12/2020,f01045,input,DAP,38 kg,₹ 49.01,"₹ 1,862.38",BRD-YTM
T011199,20/12/2020,F01045,FERT_PURCHASE,NPK 10:26:26,200 kg,₹ 45.62,"₹ 9,124.00",BRD-YTM
T011200,14/02/2021,F01045,L,EMI,,,"₹ 2,800.00",BRD-YTM
T011201,08/03/2021,F01048,DELIVERY,Gram,0.68 quintals,"₹ 5,965.00","₹ 4,056.20",BRD-YTM
T011202,01/03/2021,F01048,Delivery,chana,1.21 quintals,"₹ 5,965.00","₹ 7,217.65",BRD-YTM
T011203,14/04/2021, F01048 ,FPO_DELIVERY,chana,2.64 quintals,"₹ 5,965.00","₹ 15,747.60",BRD-YTM
T011204,13/01/2021,f01048,Input Purchase,Urea,235 kgs,₹ 58.58,"₹ 13,766.30",BRD-YTM
T011205,09/01/2021,F01048,input,Bio-pesticide,192 kg,₹ 692.73,"₹ 1,33,004.16",BRD-YTM
T011206,05/12/2020,f01048,input,Bio-pesticide,125 kgs,₹ 401.61,"₹ 50,201.25",BRD-YTM
T011207,06/12/2020,F01048,input,Bio-pesticide,199 kgs,₹ 382.26,"₹ 76,069.74",BRD-YTM
T011208,08/03/2021,F01050,delivery,GRAM (Chana),10.09 quintals,"₹ 6,145.00","₹ 62,003.05",BRD-YTM
T011209,07/04/2021,F01050,D,chana,7.35 q,"₹ 6,145.00","₹ 45,165.75",BRD-YTM
T011210,02/05/2021,F01050,DELIVERY,chana,4.0 qtl,"₹ 6,145.00","₹ 24,887.25",BRD-YTM
T011211,06/12/2020, F01050 ,input,Seeds,87 kg,₹ 52.09,"₹ 4,531.83",BRD-YTM
T011212,03/05/2021,f01051,D,Bengal Gram,8.13 q,"₹ 5,985.00","₹ 48,658.05",BRD-YTM
T011213,10/04/2021,F01051,FPO_DELIVERY,Wheat (Durum),21.5 qtl,"₹ 2,315.00","₹ 49,703.05",BRD-YTM
T011214,22/12/2020,F01051,Input Purchase,PP chemicals,150 kgs,₹ 359.71,"₹ 53,956.50",BRD-YTM
T011215,06/12/2020,F01051,input,DAP,111 kgs,₹ 58.83,"₹ 6,530.13",BRD-YTM
T011216,29/12/2020,F01051,FERT_PURCHASE,Hybrid Seeds,102 kgs,₹ 83.27,"₹ 8,493.54",BRD-YTM
T011217,11/03/2021,F01052,delivery,chana,5.96 q,"₹ 5,880.00","₹ 35,044.80",BRD-YTM
T011218,07/01/2021,f01052,INPUT_PURCHASE,Fertilizer,305 kgs,₹ 54.83,"₹ 16,723.15",BRD-YTM
T011219,19/03/2021,F01053,DELIVERY,GRAM (Chana),2.72 quintals,"₹ 6,470.00","₹ 17,598.40",BRD-YTM
T011220,28/04/2021,F01053,FPO_DELIVERY,Gram,3.18 quintals,"₹ 6,470.00","₹ 20,574.60",BRD-YTM
T011221,19/03/2021,F01054,delivery,chana,1.63 quintals,"₹ 5,585.00","₹ 9,103.55",BRD-YTM
T011222,10/03/2021,F01054,FPO_DELIVERY,Bengal Gram,11.5 qtl,"₹ 5,585.00","₹ 64,339.20",BRD-YTM
T011223,08/04/2021,F01054,DELIVERY,WHEAT,41.49 q,"₹ 2,415.00","₹ 1,00,198.35",BRD-YTM
T011224,09/12/2020,F01054,FERT_PURCHASE,Hybrid Seeds,,₹ 116.31,"₹ 25,122.96",BRD-YTM
T011225,16/04/2021,F01055,Delivery,GRAM (Chana),7.90 q,"₹ 6,060.00","₹ 47,874.00",BRD-YTM
T011226,12/04/2021,F01055,Delivery,Gram,7.7 qtl,"₹ 6,060.00","₹ 46,783.20",BRD-YTM
T011227,13/03/2021,f01055,delivery,Wheat,23.3 qtl,"₹ 2,265.00","₹ 52,751.85",BRD-YTM
T011228,02/05/2021,F01055,FPO_DELIVERY,Wheat,12.63 q,"₹ 2,265.00","₹ 28,606.95",BRD-YTM
T011229,06/12/2020,F01055,input,FERTILIZER 50kg bag,300 kg,₹ 53.63,"₹ 16,089.00",BRD-YTM
T011230,18/12/2020,F01055,I,Bio-pesticide,118 kgs,₹ 332.09,"₹ 39,186.62",BRD-YTM
T011231,28/12/2020,F01055,Input Purchase,NPK 10:26:26,182 kgs,₹ 54.02,"₹ 9,831.64",BRD-YTM
T011232,03/03/2021, F01057 ,D,Bengal Gram,3.0 qtl,"₹ 5,890.00",₹ N/A,BRD-YTM
T011233,10/04/2021,f01057,DELIVERY,GRAM (Chana),10.77 quintals,"₹ 5,890.00","₹ 63,435.30",BRD-YTM
T011234,30/04/2021,F01058,D,Bengal Gram,18.7 qtl,"₹ 6,195.00","₹ 1,16,094.30",BRD-YTM
T011235,15/03/2021,F01058,Delivery,GRAM (Chana),12.04 q,"₹ 6,195.00","₹ 74,587.80",BRD-YTM
T011236,24/12/2020,f01058,Input Purchase,Hybrid Seeds,109 kg,₹ 114.26,"₹ 12,454.34",BRD-YTM
T011237,11/12/2020,F01058,INPUT_PURCHASE,SEEDS,273 kg,₹ 98.59,"₹ 26,915.07",BRD-YTM
T011238,14/01/2021,F01058,input,Fertilizer,133 kgs,₹ 47.65,"₹ 6,337.45",BRD-YTM
T011239,06/03/2021, F01062 ,Delivery,Bengal Gram,5.37 q,"₹ 6,500.00","₹ 34,905.00",BRD-YTM
T011240,25/04/2021,F01062,FPO_DELIVERY,Gram,2.62 quintals,"₹ 6,500.00","₹ 17,030.00",BRD-YTM
T011241,06/04/2021,F01062,Delivery,chana,2.50 quintals,"₹ 6,500.00","₹ 16,250.00",BRD-YTM
T011242,05/04/2021,F01062,D,wheat,21.74 quintals,"₹ 2,495.00","₹ 54,241.30",BRD-YTM
T011243,15/03/2021,F01062,FPO_DELIVERY,wheat,12.5 qtl,"₹ 2,495.00","₹ 31,087.70",BRD-YTM
T011244,12/01/2021,F01062,I,FERTILIZER 50kg bag,165 kgs,₹ 48.48,"₹ 7,999.20",BRD-YTM
T011245,19/04/2021,F01063,delivery,chana,0.8 qtl,"₹ 5,885.00","₹ 4,649.15",BRD-YTM
T011246,14/03/2021,F01063,Delivery,GRAM (Chana),3.6 qtl,"₹ 5,885.00","₹ 21,127.15",BRD-YTM
T011247,08/05/2021,f01063,D,wheat,0.62 q,"₹ 2,540.00","₹ 1,574.80",BRD-YTM
T011248,07/03/2021,F01063,DELIVERY,WHEAT,11.47 q,"₹ 2,540.00","₹ 29,133.80",BRD-YTM
T011249,10/12/2020,F01063,Input Purchase,PP chemicals,56 kgs,₹ 420.12,"₹ 23,526.72",BRD-YTM
T011250,02/12/2020, F01063 ,Input Purchase,SEEDS,216 kg,₹ 114.50,"₹ 24,732.00",BRD-YTM
T011251,20/12/2020,F01063,input,FERTILIZER 50kg bag,114 kg,₹ 30.03,"₹ 3,423.42",BRD-YTM
T011252,17/02/2021,F01063,LOAN_REPAY,EMI,,,"₹ 6,700.00",BRD-YTM
T011253,15/01/2021,F01063,L,EMI,,,"₹ 4,900.00",BRD-YTM
T011254,03/01/2021,F01063,LOAN_REPAY,EMI,,,"₹ 6,600.00",BRD-YTM
T011255,22/12/2020,F01063,Loan Repayment,Loan Repayment,,,"₹ 2,100.00",BRD-YTM
T011256,29/03/2021,F01064,FPO_DELIVERY,GRAM (Chana),15.56 quintals,"₹ 6,115.00","₹ 95,149.40",BRD-YTM
T011257,10/05/2021,F01064,Delivery,GRAM (Chana),9.01 quintals,"₹ 6,115.00","₹ 55,096.15",BRD-YTM
T011258,13/01/2021,f01064,INPUT_PURCHASE,Seeds,255 kgs,₹ 87.45,"₹ 22,299.75",BRD-YTM
T011259,20/12/2020,f01064,loan,Loan Repayment,,,"₹ 6,600.00",BRD-YTM
T011260,06/03/2021,F01066,Delivery,Gram,15.39 quintals,"₹ 6,145.00","₹ 94,571.55",BRD-YTM
T011261,05/04/2021,f01066,D,wheat,41.77 quintals,"₹ 2,455.00","₹ 1,02,545.35",BRD-YTM
T011262,01/01/2021,f01066,input,NPK 10:26:26,287 kgs,₹ 55.55,"₹ 15,942.85",BRD-YTM
T011263,15/05/2021,F01070,Delivery,Gram,5.25 quintals,"₹ 5,865.00","₹ 30,791.25",BRD-YTM
T011264,29/04/2021, F01070 ,delivery,Gram,2.11 quintals,"₹ 5,865.00","₹ 12,375.15",BRD-YTM
T011265,05/05/2021,F01070,D,Lokwan Wheat,18.2 qtl,"₹ 2,460.00","₹ 44,870.40",BRD-YTM
T011266,04/01/2021,F01070,Input Purchase,FERTILIZER 50kg bag,289 kgs,₹ 48.11,"₹ 13,903.79",BRD-YTM
T011267,16/12/2020,F01070,FERT_PURCHASE,Seeds,236 kg,₹ 95.61,"₹ 22,563.96",BRD-YTM
T011268,27/03/2021,F01071,DELIVERY,Gram,2.4 qtl,"₹ 6,115.00","₹ 14,676.00",BRD-YTM
T011269,01/03/2021,F01071,DELIVERY,chana,4.42 quintals,"₹ 6,115.00","₹ 27,028.30",BRD-YTM
T011270,11/01/2021,f01071,input,Bio-pesticide,106 kg,₹ 572.07,"₹ 60,639.42",BRD-YTM
T011271,05/12/2020,F01071,L,Loan Repayment,,,"₹ 6,800.00",BRD-YTM
T011272,25/03/2021,F01071,loan,EMI,,,"₹ 5,700.00",BRD-YTM
T011273,18/03/2021,f01074,delivery,GRAM (Chana),2.06 q,"₹ 5,465.00","₹ 11,257.90",BRD-YTM
T011274,22/04/2021,F01074,DELIVERY,GRAM (Chana),1.24 q,"₹ 5,465.00","₹ 6,776.60",BRD-YTM
T011275,24/12/2020,F01074,input,Bio-pesticide,223 kgs,₹ 343.51,"₹ 76,602.73",BRD-YTM
T011276,19/12/2020,F01074,Input Purchase,PPC,63 kg,₹ 318.90,"₹ 20,090.70",BRD-YTM
T011277,01/03/2021,f01075,D,Bengal Gram,23.9 qtl,"₹ 5,510.00","₹ 1,31,468.60",BRD-YTM
T011278,09/12/2020,F01075,Input Purchase,PPC,302 kgs,₹ 660.35,"₹ 1,99,425.70",BRD-YTM
T011279,01/01/2021,f01075,input,Hybrid Seeds,113 kg,₹ 101.09,"₹ 11,423.17",BRD-YTM
T011280,28/03/2021,f01075,loan,EMI,,,₹ 800.00,BRD-YTM
T011281,31/03/2021,F01075,loan,EMI,,,"₹ 2,600.00",BRD-YTM
T011282,18/05/2021,F01075,Loan Repayment,EMI,,,"₹ 4,300.00",BRD-YTM
T011283,24/04/2021,F01076,D,Gram,8.31 q,"₹ 5,940.00","₹ 49,361.40",BRD-YTM
T011284,05/04/2021,F01076,Delivery,wheat,21.15 quintals,"₹ 2,200.00","₹ 46,530.00",BRD-YTM
T011285,15/03/2021,F01076,DELIVERY,Wheat (Durum),0.7 qtl,"₹ 2,200.00","₹ 1,452.00",BRD-YTM
T011286,24/12/2020,F01076,input,Hybrid Seeds,131 kgs,₹ 91.80,"₹ 12,025.80",BRD-YTM
T011287,06/03/2021,F01078,D,Gram,2.87 q,"₹ 5,930.00","₹ 17,019.10",BRD-YTM
T011288,25/03/2021,F01079,D,chana,7.25 quintals,"₹ 5,665.00","₹ 41,071.25",BRD-YTM
T011289,11/04/2021,F01081,Delivery,Gram,12.6 qtl,"₹ 6,300.00","₹ 79,506.00",BRD-YTM
T011290,25/04/2021,F01081,Delivery,wheat,23.2 qtl,"₹ 2,335.00","₹ 54,195.35",BRD-YTM
T011291,06/04/2021, F01081 ,Delivery,WHEAT,12.66 q,"₹ 2,335.00","₹ 29,561.10",BRD-YTM
T011292,15/01/2021,F01081,input,Bio-pesticide,123 kg,₹ 545.93,"₹ 67,149.39",BRD-YTM
T011293,04/01/2021,F01081,FERT_PURCHASE,PPC,123 kgs,₹ 148.85,"₹ 18,308.55",BRD-YTM
T011294,04/05/2021,F01081,loan,EMI,,,"₹ 1,000.00",BRD-YTM
T011295,24/03/2021,F01082,Delivery,chana,0.96 quintals,"₹ 6,040.00","₹ 5,798.40",BRD-YTM
T011296,05/04/2021,F01082,delivery,Bengal Gram,6.92 quintals,"₹ 6,040.00","₹ 41,796.80",BRD-YTM
T011297,15/03/2021,f01087,FPO_DELIVERY,chana,13.96 quintals,"₹ 6,100.00","₹ 85,156.00",BRD-YTM
T011298,05/01/2021,F01087,INPUT_PURCHASE,FERTILIZER 50kg bag,306 kg,₹ 30.20,"₹ 9,241.20",BRD-YTM
T011299,10/12/2020,F01087,INPUT_PURCHASE,NPK 10:26:26,41 kg,₹ 34.58,"₹ 1,417.78",BRD-YTM
T011300,26/04/2021,f01088,delivery,Bengal Gram,4.73 q,"₹ 5,970.00","₹ 28,238.10",BRD-YTM
T011301,22/04/2021,F01088,Delivery,WHEAT,5.82 q,"₹ 2,210.00","₹ 12,862.20",BRD-YTM
T011302,10/04/2021,F01088,DELIVERY,wheat,5.14 quintals,"₹ 2,210.00","₹ 11,359.40",BRD-YTM
T011303,25/12/2020,F01088,FERT_PURCHASE,Hybrid Seeds,224 kgs,₹ 56.17,"₹ 12,582.08",BRD-YTM
T011304,07/01/2021,F01088,Input Purchase,Fertilizer,275 kgs,₹ 30.07,"₹ 8,269.25",BRD-YTM
T011305,18/12/2020,F01088,Input Purchase,Hybrid Seeds,195 kgs,₹ 69.65,"₹ 13,581.75",BRD-YTM
T011306,06/05/2021,F01089,DELIVERY,Bengal Gram,0.7 qtl,"₹ 6,165.00","₹ 4,562.10",BRD-YTM
T011307,18/04/2021,F01089,D,Gram,6.63 quintals,"₹ 6,165.00","₹ 40,873.95",BRD-YTM
T011308,07/05/2021,F01089,DELIVERY,wheat,5.61 q,"₹ 2,530.00","₹ 14,193.30",BRD-YTM
T011309,02/05/2021,F01089,Delivery,Wheat,14.8 qtl,"₹ 2,530.00","₹ 37,469.30",BRD-YTM
T011310,19/12/2020,F01089,input,PP chemicals,150 kgs,₹ 447.13,"₹ 67,069.50",BRD-YTM
T011311,18/05/2021,F01089,loan,EMI,,,"₹ 3,300.00",BRD-YTM
T011312,17/03/2021,F01090,delivery,chana,7.3 qtl,"₹ 5,935.00","₹ 43,622.25",BRD-YTM
T011313,04/12/2020,F01090,Input Purchase,Fertilizer,72 kgs,₹ 31.10,"₹ 2,239.20",BRD-YTM
T011314,09/12/2020,F01090,input,Urea,237 kg,₹ 39.44,"₹ 9,347.28",BRD-YTM
T011315,17/12/2020,F01090,Input Purchase,Fertilizer,297 kgs,₹ 44.60,"₹ 13,246.20",BRD-YTM
T011316,19/12/2020,F01090,I,SEEDS,76 kg,₹ 117.00,"₹ 8,892.00",BRD-YTM
T011317,23/03/2021,f01091,FPO_DELIVERY,chana,1.3 qtl,"₹ 6,420.00","₹ 8,346.00",BRD-YTM
T011318,31/03/2021,F01091,delivery,Bengal Gram,16.6 qtl,"₹ 6,420.00","₹ 1,06,315.20",BRD-YTM
T011319,10/05/2021,F01091,FPO_DELIVERY,wheat,10.13 q,"₹ 2,260.00","₹ 22,893.80",BRD-YTM
T011320,04/04/2021,F01091,D,Wheat (Durum),33.5 qtl,"₹ 2,260.00","₹ 75,642.20",BRD-YTM
T011321,21/12/2020,F01091,INPUT_PURCHASE,FERTILIZER 50kg bag,186 kgs,₹ 58.45,"₹ 10,871.70",BRD-YTM
T011322,27/12/2020,F01091,input,DAP,95 kgs,₹ 50.61,"₹ 4,807.95",BRD-YTM
T011323,03/04/2021,f01091,loan,Loan Repayment,,,₹ 800.00,BRD-YTM
T011324,08/05/2021,F01091,L,Loan Repayment,,,"₹ 2,100.00",BRD-YTM
T011325,13/04/2021,F01092,FPO_DELIVERY,chana,5.44 quintals,"₹ 6,600.00","₹ 35,904.00",BRD-YTM
T011326,28/03/2021, F01092 ,FPO_DELIVERY,Gram,4.37 quintals,"₹ 6,600.00","₹ 28,842.00",BRD-YTM
T011327,27/12/2020,F01092,INPUT_PURCHASE,FERTILIZER 50kg bag,310 kgs,₹ 44.13,"₹ 13,680.30",BRD-YTM
T011328,06/03/2021,F01093,Delivery,Gram,25.69 quintals,"₹ 5,920.00","₹ 1,52,084.80",BRD-YTM
T011329,26/03/2021,F01093,Delivery,chana,4.2 qtl,"₹ 5,920.00","₹ 24,864.00",BRD-YTM
T011330,12/12/2020,F01093,Input Purchase,DAP,174 kg,₹ 51.78,"₹ 9,009.72",BRD-YTM
T011331,06/01/2021,F01093,INPUT_PURCHASE,DAP,57 kgs,₹ 46.89,"₹ 2,672.73",BRD-YTM
T011332,24/12/2020,F01093,Input Purchase,Fertilizer,150 kg,₹ 37.99,"₹ 5,698.50",BRD-YTM
T011333,15/04/2021,F01095,FPO_DELIVERY,GRAM (Chana),4.4 qtl,"₹ 6,005.00","₹ 26,662.20",BRD-YTM
T011334,25/04/2021,F01095,D,chana,0.18 quintals,"₹ 6,005.00","₹ 1,080.90",BRD-YTM
T011335,15/05/2021, F01095 ,delivery,Wheat,10.9 qtl,"₹ 2,460.00","₹ 26,838.60",BRD-YTM
T011336,14/12/2020,F01095,input,Seeds,226 kg,₹ 93.21,"₹ 21,065.46",BRD-YTM
T011337,11/01/2021,F01095,Input Purchase,PPC,294 kg,₹ 527.69,"₹ 1,55,140.86",BRD-YTM
T011338,30/12/2020,F01095,I,NPK 10:26:26,40 kg,₹ 29.15,"₹ 1,166.00",BRD-YTM
T011339,12/12/2020,F01095,loan,EMI,,,"₹ 7,300.00",BRD-YTM
T011340,27/04/2021,F01095,LOAN_REPAY,EMI,,,"₹ 1,900.00",BRD-YTM
T011341,21/04/2021,F01095,L,Loan Repayment,,,"₹ 4,500.00",BRD-YTM
T011342,24/04/2021,F01098,FPO_DELIVERY,GRAM (Chana),1.87 q,"₹ 5,630.00","₹ 10,528.10",BRD-YTM
T011343,02/03/2021,f01098,delivery,Bengal Gram,5.07 q,"₹ 5,630.00","₹ 28,544.10",BRD-YTM
T011344,09/03/2021,F01098,Delivery,wheat,15.9 qtl,"₹ 2,255.00","₹ 35,899.60",BRD-YTM
T011345,12/05/2021,F01098,L,EMI,,,"₹ 3,400.00",BRD-YTM
T011346,26/03/2021,F01099,D,Gram,6.2 qtl,"₹ 5,540.00","₹ 34,403.40",BRD-YTM
T011347,31/03/2021, F01099 ,FPO_DELIVERY,GRAM (Chana),3.46 quintals,"₹ 5,540.00","₹ 19,168.40",BRD-YTM
T011348,13/04/2021,F01099,D,Lokwan Wheat,6.84 q,"₹ 2,520.00","₹ 17,236.80",BRD-YTM
T011349,29/03/2021,F01099,FPO_DELIVERY,WHEAT,16.68 q,"₹ 2,520.00","₹ 42,033.60",BRD-YTM
T011350,04/12/2020,f01099,input,Fertilizer,302 kg,₹ 35.87,"₹ 10,832.74",BRD-YTM
T011351,31/12/2020,f01099,Input Purchase,SEEDS,267 kgs,₹ 105.66,"₹ 28,211.22",BRD-YTM
T011352,03/01/2021,F01099,I,NPK 10:26:26,57 kg,₹ 49.15,"₹ 2,801.55",BRD-YTM
T011353,13/04/2021,F01102,delivery,Gram,4.0 qtl,"₹ 5,805.00","₹ 23,103.90",BRD-YTM
T011354,06/05/2021,f01102,delivery,chana,7.6 qtl,"₹ 5,805.00","₹ 43,943.85",BRD-YTM
T011355,28/12/2020,F01102,FERT_PURCHASE,Seeds,110 kgs,₹ 93.42,"₹ 10,276.20",BRD-YTM
T011356,04/03/2021,F01104,Delivery,chana,6.1 qtl,"₹ 6,210.00","₹ 38,129.40",BRD-YTM
T011357,07/03/2021,F01104,D,GRAM (Chana),23.52 q,"₹ 6,210.00","₹ 1,46,059.20",BRD-YTM
T011358,12/12/2020,F01104,input,NPK 10:26:26,109 kg,₹ 53.75,"₹ 5,858.75",BRD-YTM
T011359,01/12/2020,F01104,input,PPC,177 kgs,₹ 638.89,"₹ 1,13,083.53",BRD-YTM
T011360,15/12/2020,F01104,INPUT_PURCHASE,PPC,49 kgs,₹ 599.45,"₹ 29,373.05",BRD-YTM
T011361,08/05/2021,F01105,D,chana,5.88 quintals,"₹ 5,535.00","₹ 32,545.80",BRD-YTM
T011362,10/03/2021, F01105 ,Delivery,Bengal Gram,14.54 q,"₹ 5,535.00","₹ 80,478.90",BRD-YTM
T011363,20/12/2020,F01105,INPUT_PURCHASE,Hybrid Seeds,103 kg,₹ 89.93,"₹ 9,262.79",BRD-YTM
T011364,02/05/2021,F01107,Delivery,Gram,5.57 quintals,"₹ 5,755.00","₹ 32,055.35",BRD-YTM
T011365,30/04/2021,F01107,delivery,chana,8.3 qtl,"₹ 5,755.00","₹ 48,054.25",BRD-YTM
T011366,06/01/2021,F01107,INPUT_PURCHASE,FERTILIZER 50kg bag,143 kg,₹ 30.71,"₹ 4,391.53",BRD-YTM
T011367,22/04/2021,F01109,DELIVERY,Bengal Gram,3.67 quintals,"₹ 6,065.00","₹ 22,258.55",BRD-YTM
T011368,13/04/2021,F01109,Delivery,GRAM (Chana),7.7 qtl,"₹ 6,065.00","₹ 46,639.85",BRD-YTM
T011369,02/05/2021,F01110,DELIVERY,Gram,5.06 quintals,"₹ 5,920.00","₹ 29,955.20",BRD-YTM
T011370,04/04/2021,F01110,delivery,Gram,11.54 quintals,"₹ 5,920.00","₹ 68,316.80",BRD-YTM
T011371,06/05/2021,f01110,FPO_DELIVERY,Lokwan Wheat,17.30 quintals,"₹ 2,450.00","₹ 42,385.00",BRD-YTM
T011372,09/04/2021,F01110,D,Wheat (Durum),20.18 quintals,"₹ 2,450.00","₹ 49,441.00",BRD-YTM
T011373,30/12/2020,F01110,I,DAP,202 kg,₹ 45.97,"₹ 9,285.94",BRD-YTM
T011374,03/01/2021,F01110,Input Purchase,Urea,292 kgs,₹ 54.32,"₹ 15,861.44",BRD-YTM
T011375,23/04/2021,F01111,delivery,Gram,7.59 quintals,"₹ 6,175.00","₹ 46,868.25",BRD-YTM
T011376,28/03/2021,f01111,DELIVERY,GRAM (Chana),1.04 q,"₹ 6,175.00","₹ 6,422.00",BRD-YTM
T011377,30/04/2021,F01111,FPO_DELIVERY,Bengal Gram,3.90 q,"₹ 6,175.00","₹ 24,082.50",BRD-YTM
T011378,05/12/2020,F01111,input,PP chemicals,302 kgs,₹ 521.00,"₹ 1,57,342.00",BRD-YTM
T011379,24/12/2020,F01111,input,SEEDS,257 kgs,₹ 57.64,"₹ 14,813.48",BRD-YTM
T011380,17/03/2021,F01111,loan,EMI,,,"₹ 6,700.00",BRD-YTM
T011381,10/04/2021,F01112,Delivery,GRAM (Chana),13.20 q,"₹ 5,935.00","₹ 78,342.00",BRD-YTM
T011382,12/03/2021,F01112,delivery,Bengal Gram,6.26 quintals,"₹ 5,935.00","₹ 37,153.10",BRD-YTM
T011383,04/05/2021,F01112,FPO_DELIVERY,Lokwan Wheat,61.9 qtl,"₹ 2,350.00","₹ 1,45,347.50",BRD-YTM
T011384,03/12/2020,F01112,I,DAP,52 kgs,₹ 47.76,"₹ 2,483.52",BRD-YTM
T011385,06/01/2021,F01112,I,NPK 10:26:26,280 kgs,₹ 35.19,"₹ 9,853.20",BRD-YTM
T011386,12/12/2020,F01112,INPUT_PURCHASE,Fertilizer,223 kg,₹ 37.62,"₹ 8,389.26",BRD-YTM
T011387,13/01/2021,F01112,I,Fertilizer,286 kgs,₹ 36.83,"₹ 10,533.38",BRD-YTM
T011388,19/04/2021,F01114,delivery,Gram,2.60 q,"₹ 6,070.00","₹ 15,782.00",BRD-YTM
T011389,29/04/2021,F01114,delivery,GRAM (Chana),4.62 quintals,"₹ 6,070.00","₹ 28,043.40",BRD-YTM
T011390,21/04/2021,F01114,D,Bengal Gram,2.69 quintals,"₹ 6,070.00","₹ 16,328.30",BRD-YTM
T011391,25/03/2021,F01115,FPO_DELIVERY,Gram,8.0 qtl,"₹ 6,100.00","₹ 48,983.00",BRD-YTM
T011392,07/04/2021, F01115 ,delivery,chana,8.4 qtl,"₹ 6,100.00","₹ 51,301.00",BRD-YTM
T011393,14/03/2021,F01115,DELIVERY,Wheat (Durum),19.9 qtl,"₹ 2,415.00","₹ 48,034.35",BRD-YTM
T011394,23/03/2021,f01115,DELIVERY,Lokwan Wheat,37.04 quintals,"₹ 2,415.00","₹ 89,451.60",BRD-YTM
T011395,17/12/2020,f01115,Input Purchase,Hybrid Seeds,38 kgs,₹ 71.40,"₹ 2,713.20",BRD-YTM
T011396,07/05/2021,f01116,FPO_DELIVERY,Gram,14.86 q,"₹ 5,990.00","₹ 89,011.40",BRD-YTM
T011397,23/12/2020,F01116,input,Bio-pesticide,50 kg,₹ 597.01,"₹ 29,850.50",BRD-YTM
T011398,10/12/2020,f01116,FERT_PURCHASE,Seeds,260 kg,₹ 110.40,"₹ 28,704.00",BRD-YTM
T011399,27/03/2021,F01117,FPO_DELIVERY,Gram,8.01 q,"₹ 5,865.00","₹ 46,978.65",BRD-YTM
T011400,14/04/2021,F01117,Delivery,chana,0.37 quintals,"₹ 5,865.00","₹ 2,170.05",BRD-YTM
T011401,28/04/2021,F01120,delivery,chana,15.04 quintals,"₹ 6,185.00","₹ 93,022.40",BRD-YTM
T011402,20/03/2021,F01120,D,wheat,37.0 qtl,"₹ 2,435.00","₹ 90,192.40",BRD-YTM
T011403,11/03/2021,F01120,DELIVERY,Wheat (Durum),1.2 qtl,"₹ 2,435.00","₹ 2,922.00",BRD-YTM
T011404,12/01/2021,F01120,Input Purchase,Hybrid Seeds,38 kg,₹ 72.16,"₹ 2,742.08",BRD-YTM
T011405,15/12/2020,F01120,FERT_PURCHASE,NPK 10:26:26,115 kg,₹ 43.60,"₹ 5,014.00",BRD-YTM
T011406,07/05/2021, F01121 ,delivery,Gram,0.53 quintals,"₹ 6,045.00","₹ 3,203.85",BRD-YTM
T011407,12/04/2021,f01121,FPO_DELIVERY,GRAM (Chana),0.79 quintals,"₹ 6,045.00","₹ 4,775.55",BRD-YTM
T011408,05/05/2021,f01121,DELIVERY,chana,2.4 qtl,"₹ 6,045.00","₹ 14,205.75",BRD-YTM
T011409,12/12/2020,F01121,input,Bio-pesticide,106 kgs,₹ 544.97,"₹ 57,766.82",BRD-YTM
T011410,12/04/2021,F01122,FPO_DELIVERY,Gram,0.62 q,"₹ 5,580.00","₹ 3,459.60",BRD-YTM
T011411,20/04/2021,F01122,delivery,Bengal Gram,2.5 qtl,"₹ 5,580.00","₹ 14,061.60",BRD-YTM
T011412,24/04/2021,F01122,delivery,wheat,3.55 q,"₹ 2,260.00","₹ 8,023.00",BRD-YTM
T011413,15/03/2021,F01122,D,Wheat (Durum),5.09 quintals,"₹ 2,260.00","₹ 11,503.40",BRD-YTM
T011414,07/01/2021,F01122,I,NPK 10:26:26,38 kg,₹ 50.87,"₹ 1,933.06",BRD-YTM
T011415,08/05/2021,F01123,DELIVERY,chana,6.3 qtl,"₹ 5,410.00","₹ 34,137.10",BRD-YTM
T011416,06/01/2021,F01123,I,Fertilizer,81 kg,₹ 37.14,"₹ 3,008.34",BRD-YTM
T011417,02/01/2021,F01123,I,NPK 10:26:26,261 kgs,₹ 32.13,"₹ 8,385.93",BRD-YTM
T011418,10/04/2021,F01127,delivery,GRAM (Chana),7.5 qtl,"₹ 5,775.00","₹ 43,081.50",BRD-YTM
T011419,04/03/2021,F01127,DELIVERY,GRAM (Chana),5.23 quintals,"₹ 5,775.00","₹ 30,203.25",BRD-YTM
T011420,07/01/2021,F01127,I,FERTILIZER 50kg bag,304 kgs,₹ 36.55,"₹ 11,111.20",BRD-YTM
T011421,12/01/2021, F01127 ,I,SEEDS,264 kgs,₹ 53.46,"₹ 14,113.44",BRD-YTM
T011422,07/01/2021,F01127,FERT_PURCHASE,NPK 10:26:26,179 kgs,₹ 39.62,"₹ 7,091.98",BRD-YTM
T011423,12/01/2021,F01127,INPUT_PURCHASE,Fertilizer,297 kgs,₹ 47.16,"₹ 14,006.52",BRD-YTM
T011424,29/12/2020,F01127,I,Fertilizer,104 kgs,₹ 41.32,"₹ 4,297.28",BRD-YTM
T011425,10/05/2021,F01131,Delivery,Gram,1.17 q,"₹ 6,045.00","₹ 7,072.65",BRD-YTM
T011426,09/03/2021,f01131,DELIVERY,Gram,8.8 qtl,"₹ 6,045.00","₹ 52,954.20",BRD-YTM
T011427,25/04/2021,F01131,DELIVERY,WHEAT,1.32 quintals,"₹ 2,210.00","₹ 2,917.20",BRD-YTM
T011428,11/04/2021,F01131,DELIVERY,WHEAT,27.84 q,"₹ 2,210.00","₹ 61,526.40",BRD-YTM
T011429,12/04/2021,F01131,Delivery,Wheat (Durum),0.8 qtl,"₹ 2,210.00","₹ 1,657.50",BRD-YTM
T011430,08/01/2021,F01131,I,Seeds,38 kg,₹ 59.91,"₹ 2,276.58",BRD-YTM
T011431,09/12/2020,F01131,I,Urea,291 kg,₹ 50.92,"₹ 14,817.72",BRD-YTM
T011432,20/03/2021,F01133,DELIVERY,Bengal Gram,0.3 qtl,"₹ 6,125.00","₹ 1,960.00",BRD-YTM
T011433,09/05/2021,F01133,D,Bengal Gram,2.34 quintals,"₹ 6,125.00","₹ 14,332.50",BRD-YTM
T011434,24/03/2021,F01133,FPO_DELIVERY,Bengal Gram,1.09 q,"₹ 6,125.00","₹ 6,676.25",BRD-YTM
T011435,07/03/2021,F01133,Delivery,Wheat,3.4 qtl,"₹ 2,265.00","₹ 7,791.60",BRD-YTM
T011436,10/05/2021,F01133,FPO_DELIVERY,WHEAT,7.75 q,"₹ 2,265.00","₹ 17,553.75",BRD-YTM
T011437,13/12/2020,F01133,Input Purchase,PPC,61 kgs,₹ 524.34,"₹ 31,984.74",BRD-YTM
T011438,02/03/2021,f01135,DELIVERY,Bengal Gram,5.04 quintals,"₹ 6,205.00","₹ 31,273.20",BRD-YTM
T011439,20/04/2021,F01135,Delivery,Bengal Gram,0.85 quintals,"₹ 6,205.00","₹ 5,274.25",BRD-YTM
T011440,08/12/2020,F01135,Input Purchase,SEEDS,171 kgs,₹ 107.96,"₹ 18,461.16",BRD-YTM
T011441,07/01/2021,F01135,Input Purchase,PPC,80 kg,₹ 160.47,"₹ 12,837.60",BRD-YTM
T011442,18/12/2020,F01135,Input Purchase,DAP,31 kgs,₹ 47.88,"₹ 1,484.28",BRD-YTM
T011443,04/12/2020,F01135,I,FERTILIZER 50kg bag,30 kgs,₹ 30.61,₹ 918.30,BRD-YTM
T011444,15/12/2020,F01135,input,Bio-pesticide,280 kgs,₹ 516.03,"₹ 1,44,488.40",BRD-YTM
T011445,11/01/2021,F01135,INPUT_PURCHASE,PP chemicals,230 kgs,₹ 633.14,"₹ 1,45,622.20",BRD-YTM
T011446,10/04/2021,F01138,DELIVERY,chana,6.3 qtl,"₹ 5,830.00","₹ 36,787.30",BRD-YTM
T011447,12/12/2020,F01138,Input Purchase,Urea,252 kgs,₹ 42.73,"₹ 10,767.96",BRD-YTM
T011448,07/12/2020,F01138,L,Loan Repayment,,,"₹ 2,800.00",BRD-YTM
T011449,12/04/2021,F01139,D,Bengal Gram,8.6 qtl,"₹ 5,665.00","₹ 48,605.70",BRD-YTM
T011450,08/04/2021,F01139,FPO_DELIVERY,Wheat,24.17 q,"₹ 2,270.00","₹ 54,865.90",BRD-YTM
T011451,28/12/2020,F01139,I,PP chemicals,294 kgs,₹ 248.87,"₹ 73,167.78",BRD-YTM
T011452,01/01/2021,F01139,input,Urea,100 kg,₹ 54.57,"₹ 5,457.00",BRD-YTM
T011453,31/12/2020,F01139,I,Hybrid Seeds,135 kg,₹ 71.23,"₹ 9,616.05",BRD-YTM
T011454,28/01/2021,F01139,Loan Repayment,Loan Repayment,,,"₹ 5,700.00",BRD-YTM
T011455,09/04/2021,f01139,L,EMI,,,"₹ 1,700.00",BRD-YTM
T011456,19/03/2021,f01141,DELIVERY,chana,14.64 q,"₹ 6,170.00","₹ 90,328.80",BRD-YTM
T011457,20/03/2021,F01141,delivery,WHEAT,20.0 qtl,"₹ 2,260.00","₹ 45,132.20",BRD-YTM
T011458,11/05/2021,F01141,delivery,WHEAT,19.0 qtl,"₹ 2,260.00","₹ 43,030.40",BRD-YTM
T011459,31/12/2020,f01141,Input Purchase,Seeds,110 kgs,₹ 76.78,"₹ 8,445.80",BRD-YTM
T011460,19/04/2021,F01142,FPO_DELIVERY,GRAM (Chana),5.56 q,"₹ 6,300.00","₹ 35,028.00",BRD-YTM
T011461,26/04/2021,f01142,FPO_DELIVERY,Bengal Gram,0.35 q,"₹ 6,300.00","₹ 2,205.00",BRD-YTM
T011462,13/01/2021,f01142,Input Purchase,Fertilizer,177 kg,₹ 57.87,"₹ 10,242.99",BRD-YTM
T011463,03/12/2020,F01142,FERT_PURCHASE,FERTILIZER 50kg bag,270 kg,₹ 34.30,"₹ 9,261.00",BRD-YTM
T011464,13/01/2021,F01142,input,PP chemicals,153 kg,₹ 324.86,"₹ 49,703.58",BRD-YTM
T011465,02/01/2021,F01142,FERT_PURCHASE,Urea,265 kgs,₹ 28.84,"₹ 7,642.60",BRD-YTM
T011466,13/03/2021,F01146,delivery,Bengal Gram,1.1 qtl,"₹ 6,050.00","₹ 6,655.00",BRD-YTM
T011467,01/05/2021,F01146,DELIVERY,Bengal Gram,4.14 quintals,"₹ 6,050.00","₹ 25,047.00",BRD-YTM
T011468,08/12/2020,F01146,Input Purchase,DAP,272 kgs,₹ 50.75,"₹ 13,804.00",BRD-YTM
T011469,25/12/2020,F01146,input,Hybrid Seeds,192 kg,₹ 105.13,"₹ 20,184.96",BRD-YTM
T011470,11/05/2021,F01147,delivery,chana,13.8 qtl,"₹ 5,930.00","₹ 81,893.30",BRD-YTM
T011471,11/05/2021,F01147,Delivery,chana,2.10 q,"₹ 5,930.00","₹ 12,453.00",BRD-YTM
T011472,27/03/2021,F01147,D,WHEAT,34.2 qtl,"₹ 2,335.00","₹ 79,903.70",BRD-YTM
T011473,03/03/2021,f01147,FPO_DELIVERY,Lokwan Wheat,15.01 q,"₹ 2,335.00","₹ 35,048.35",BRD-YTM
T011474,07/05/2021,F01148,DELIVERY,Gram,0.27 quintals,"₹ 5,940.00","₹ 1,603.80",BRD-YTM
T011475,27/04/2021,f01148,FPO_DELIVERY,chana,2.41 q,"₹ 5,940.00","₹ 14,315.40",BRD-YTM
T011476,16/12/2020,F01148,INPUT_PURCHASE,DAP,157 kgs,₹ 37.44,"₹ 5,878.08",BRD-YTM
T011477,02/03/2021,f01149,DELIVERY,chana,6.03 quintals,"₹ 6,290.00","₹ 37,928.70",BRD-YTM
T011478,24/03/2021,F01149,FPO_DELIVERY,Wheat,1.9 qtl,"₹ 2,400.00","₹ 4,584.00",BRD-YTM
T011479,12/03/2021,F01149,D,Lokwan Wheat,16.74 quintals,"₹ 2,400.00","₹ 40,176.00",BRD-YTM
T011480,12/12/2020,F01149,input,PP chemicals,212 kgs,₹ 694.24,"₹ 1,47,178.88",BRD-YTM
T011481,02/12/2020,f01149,L,EMI,,,"₹ 4,400.00",BRD-YTM
T011482,22/03/2021,F01150,Delivery,Bengal Gram,7.21 quintals,"₹ 5,585.00","₹ 40,267.85",BRD-YTM
T011483,11/03/2021,F01151,DELIVERY,Gram,3.3 qtl,"₹ 5,825.00","₹ 19,222.50",BRD-YTM
T011484,14/05/2021,F01151,DELIVERY,GRAM (Chana),0.6 qtl,"₹ 5,825.00","₹ 3,203.75",BRD-YTM
T011485,30/12/2020,F01151,I,SEEDS,121 kg,₹ 110.56,"₹ 13,377.76",BRD-YTM
T011486,12/12/2020,F01151,Input Purchase,DAP,278 kg,₹ 39.69,"₹ 11,033.82",BRD-YTM
T011487,22/12/2020,F01151,I,Bio-pesticide,287 kg,₹ 546.97,"₹ 1,56,980.39",BRD-YTM
T011488,07/01/2021,F01151,INPUT_PURCHASE,NPK 10:26:26,184 kg,₹ 41.12,"₹ 7,566.08",BRD-YTM
T011489,04/01/2021, F01151 ,FERT_PURCHASE,Hybrid Seeds,76 kg,₹ 115.19,"₹ 8,754.44",BRD-YTM
T011490,26/12/2020,f01151,INPUT_PURCHASE,Hybrid Seeds,245 kg,₹ 49.08,"₹ 12,024.60",BRD-YTM
T011491,12/12/2020,F01151,FERT_PURCHASE,Urea,86 kg,₹ 46.34,"₹ 3,985.24",BRD-YTM
T011492,24/04/2021,F01152,DELIVERY,chana,21.0 qtl,"₹ 6,220.00","₹ 1,30,557.80",BRD-YTM
T011493,14/01/2021,F01152,Input Purchase,Seeds,90 kgs,₹ 59.53,"₹ 5,357.70",BRD-YTM
T011494,04/12/2020,f01152,INPUT_PURCHASE,SEEDS,256 kgs,₹ 105.75,"₹ 27,072.00",BRD-YTM
T011495,06/05/2021,F01153,delivery,GRAM (Chana),4.89 q,"₹ 5,570.00","₹ 27,237.30",BRD-YTM
T011496,11/03/2021, F01153 ,Delivery,chana,7.16 q,"₹ 5,570.00","₹ 39,881.20",BRD-YTM
T011497,03/03/2021,F01153,DELIVERY,Wheat (Durum),37.8 qtl,"₹ 2,220.00","₹ 83,916.00",BRD-YTM
T013539,11/05/2021,F02225,D,GRAM (Chana),10.87 q,"₹ 6,105.00","₹ 66,361.35",BRD-YTM
T013540,07/04/2021,F02225,Delivery,chana,10.80 quintals,"₹ 6,105.00","₹ 65,934.00",BRD-YTM
T013541,13/01/2021,F02225,input,PPC,215 kgs,₹ 361.99,"₹ 77,827.85",BRD-YTM
T013557,21/03/2021,f02233,delivery,GRAM (Chana),11.67 quintals,"₹ 5,855.00","₹ 68,327.85",BRD-YTM
T013558,18/12/2020,F02233,input,DAP,166 kg,₹ 47.26,"₹ 7,845.16",BRD-YTM
T013559,03/01/2021,f02233,I,Bio-pesticide,254 kgs,₹ 320.81,"₹ 81,485.74",BRD-YTM
T013625,30/03/2021,F02263,delivery,chana,6.3 qtl,"₹ 5,910.00","₹ 37,410.30",BRD-YTM
T013626,04/03/2021,F02263,D,chana,5.62 quintals,"₹ 5,910.00","₹ 33,214.20",BRD-YTM
T013627,26/05/2021,F02263,L,EMI,,,"₹ 7,100.00",BRD-YTM
T013628,20/01/2021,F02263,LOAN_REPAY,EMI,,,"₹ 5,800.00",BRD-YTM
T013636,13/04/2021,F02270,D,Gram,18.53 q,"₹ 6,135.00","₹ 1,13,681.55",BRD-YTM
T013637,13/01/2021,F02270,I,SEEDS,112 kg,₹ 47.57,"₹ 5,327.84",BRD-YTM
T013638,10/01/2021,F02270,FERT_PURCHASE,NPK 10:26:26,263 kg,₹ 41.97,"₹ 11,038.11",BRD-YTM
T013654,25/03/2021,F02279,Delivery,Gram,6.94 quintals,"₹ 6,075.00","₹ 42,160.50",BRD-YTM
T013655,29/04/2021,F02279,Delivery,chana,6.01 q,"₹ 6,075.00","₹ 36,510.75",BRD-YTM
T013656,11/01/2021,F02279,INPUT_PURCHASE,DAP,84 kg,₹ 53.31,"₹ 4,478.04",BRD-YTM
T013683,10/03/2021,F02291,delivery,Gram,14.08 q,"₹ 6,155.00","₹ 86,662.40",BRD-YTM
T013684,18/12/2020,f02291,I,Hybrid Seeds,69 kgs,₹ 105.75,"₹ 7,296.75",BRD-YTM
T013695,28/04/2021,F02296,DELIVERY,Bengal Gram,7.8 qtl,"₹ 6,045.00","₹ 46,909.20",BRD-YTM
T013696,15/04/2021,F02296,Delivery,Gram,5.78 q,"₹ 6,045.00","₹ 34,940.10",BRD-YTM
T013697,02/01/2021,F02296,Input Purchase,Urea,151 kgs,₹ 36.47,"₹ 5,506.97",BRD-YTM
T013698,01/01/2021,F02296,Input Purchase,Fertilizer,275 kg,₹ 40.89,"₹ 11,244.75",BRD-YTM
T013848,26/03/2021,F02347,D,Bengal Gram,1.82 quintals,"₹ 5,990.00","₹ 10,901.80",BRD-YTM
T013849,21/03/2021,,FPO_DELIVERY,chana,2.7 qtl,"₹ 5,990.00","₹ 15,933.40",BRD-YTM
T013899,01/04/2021,F02362,delivery,chana,2.25 q,"₹ 5,495.00","₹ 12,363.75",BRD-YTM
T013900,09/04/2021,F02362,DELIVERY,Gram,0.8 qtl,"₹ 5,495.00","₹ 4,341.05",BRD-YTM
T013901,19/03/2021,F02362,D,Gram,0.64 q,"₹ 5,495.00","₹ 3,516.80",BRD-YTM
T013902,11/12/2020,f02362,input,Hybrid Seeds,83 kgs,₹ 63.43,"₹ 5,264.69",BRD-YTM
T013915,28/04/2021,F02367,D,chana,8.4 qtl,"₹ 5,930.00","₹ 49,871.30",BRD-YTM
T013916,01/01/2021,f02367,FERT_PURCHASE,Hybrid Seeds,39 kg,₹ 61.55,"₹ 2,400.45",BRD-YTM
T013917,19/04/2021,f02368,FPO_DELIVERY,Gram,5.7 qtl,"₹ 5,700.00","₹ 32,376.00",BRD-YTM
T013918,10/04/2021,F02368,FPO_DELIVERY,GRAM (Chana),6.49 quintals,"₹ 5,700.00","₹ 36,993.00",BRD-YTM
T013919,05/12/2020,F02368,I,Fertilizer,218 kgs,₹ 48.69,"₹ 10,614.42",BRD-YTM
T013920,08/12/2020,F02368,input,Fertilizer,236 kgs,₹ 31.68,"₹ 7,476.48",BRD-YTM
T013921,18/12/2020,F02368,Input Purchase,DAP,125 kg,₹ 49.18,"₹ 6,147.50",BRD-YTM
T013935,13/04/2021,F02372,delivery,Gram,11.74 quintals,"₹ 5,780.00","₹ 67,857.20",BRD-YTM
T013936,25/04/2021, F02372 ,D,Bengal Gram,7.38 quintals,"₹ 5,780.00","₹ 42,656.40",BRD-YTM
T013937,04/12/2020,F02372,I,Seeds,287 kg,₹ 80.95,"₹ 23,232.65",BRD-YTM
T013938,25/03/2021,F02372,Loan Repayment,Loan Repayment,,,"₹ 4,900.00",BRD-YTM
T013939,01/03/2021,F02372,loan,EMI,,,"₹ 7,300.00",BRD-YTM
T013941,05/10/2021,F01003,Delivery,kapas,0.9 qtl,"₹ 8,385.00","₹ 7,462.65",BRD-YTM
T013942,11/10/2021,F01003,FPO_DELIVERY,soya,0.66 quintals,"₹ 5,525.00","₹ 3,646.50",BRD-YTM
T013943,17/11/2021,F01003,FPO_DELIVERY,Soybean,0.14 quintals,"₹ 5,525.00",₹ 773.50,BRD-YTM
T013944,25/10/2021,F01003,D,soya,0.6 qtl,"₹ 5,525.00","₹ 3,315.00",BRD-YTM
T013945,14/06/2021,F01003,Input Purchase,PP chemicals,75 kgs,₹ 401.51,"₹ 30,113.25",BRD-YTM
T013946,29/06/2021,F01003,INPUT_PURCHASE,Seeds,91 kgs,₹ 126.60,"₹ 11,520.60",BRD-YTM
T013947,09/10/2021,f01004,D,Cotton,1.17 quintals,"₹ 8,790.00","₹ 10,284.30",BRD-YTM
T013948,02/06/2021,f01004,input,Bio-pesticide,36 kg,₹ 654.12,"₹ 23,548.32",BRD-YTM
T013949,23/11/2021,F01005,D,Cotton,0.1 qtl,"₹ 8,140.00",₹ 407.00,BRD-YTM
T013950,11/11/2021,f01005,DELIVERY,Cotton Kapas,1.93 q,"₹ 8,140.00","₹ 15,710.20",BRD-YTM
T013951,18/11/2021,F01005,D,COTTON (Kapas),4.30 quintals,"₹ 8,140.00","₹ 35,002.00",BRD-YTM
T013952,28/11/2021,f01008,delivery,Cotton,1.60 q,"₹ 8,190.00","₹ 13,104.00",BRD-YTM
T013953,06/10/2021,F01008,delivery,SOYABEAN,1.9 qtl,"₹ 5,370.00","₹ 9,988.20",BRD-YTM
T013954,14/06/2021,F01008,Input Purchase,Bio-pesticide,82 kgs,₹ 176.70,"₹ 14,489.40",BRD-YTM
T013955,10/06/2021,f01008,INPUT_PURCHASE,Urea,213 kg,₹ 52.61,"₹ 11,205.93",BRD-YTM
T013956,14/11/2021,f01009,DELIVERY,COTTON (Kapas),1.60 quintals,"₹ 7,685.00","₹ 12,296.00",BRD-YTM
T013957,09/06/2021,F01009,FERT_PURCHASE,Urea,134 kg,₹ 48.21,"₹ 6,460.14",BRD-YTM
T013958,25/11/2021,F01011,FPO_DELIVERY,Cotton,0.66 q,"₹ 8,010.00","₹ 5,286.60",BRD-YTM
T013959,29/11/2021,F01011,FPO_DELIVERY,Cotton,1.47 q,"₹ 8,010.00","₹ 11,774.70",BRD-YTM
T013960,05/07/2021,F01011,FERT_PURCHASE,PP chemicals,236 kgs,₹ 448.14,"₹ 1,05,761.04",BRD-YTM
T013961,16/11/2021,F01013,FPO_DELIVERY,COTTON (Kapas),1.1 qtl,"₹ 8,185.00","₹ 8,921.65",BRD-YTM
T013962,24/11/2021,F01013,DELIVERY,kapas,1.93 q,"₹ 8,185.00","₹ 15,797.05",BRD-YTM
T013963,17/06/2021,F01013,input,FERTILIZER 50kg bag,60 kgs,₹ 34.80,"₹ 2,088.00",BRD-YTM
T013964,25/06/2021,f01013,FERT_PURCHASE,NPK 10:26:26,269 kg,₹ 35.78,"₹ 9,624.82",BRD-YTM
T013965,24/06/2021,F01013,INPUT_PURCHASE,Seeds,309 kg,₹ 77.47,"₹ 23,938.23",BRD-YTM
T013966,07/11/2021,F01015,Delivery,Cotton Kapas,2.87 quintals,"₹ 8,270.00","₹ 23,734.90",BRD-YTM
T013967,13/07/2021,F01015,I,FERTILIZER 50kg bag,56 kgs,₹ 33.76,"₹ 1,890.56",BRD-YTM
T013968,28/06/2021,F01015,I,Urea,287 kg,₹ 44.18,"₹ 12,679.66",BRD-YTM
T013969,02/11/2021,F01017,FPO_DELIVERY,Cotton Kapas,2.2 qtl,"₹ 8,755.00","₹ 19,348.55",BRD-YTM
T013970,09/11/2021,F01017,FPO_DELIVERY,Soybean (Yellow),1.1 qtl,"₹ 5,405.00","₹ 6,215.75",BRD-YTM
T013971,28/11/2021,F01017,delivery,SOYABEAN,1.79 quintals,"₹ 5,405.00","₹ 9,674.95",BRD-YTM
T013972,01/06/2021,F01017,FERT_PURCHASE,FERTILIZER 50kg bag,279 kg,₹ 34.04,"₹ 9,497.16",BRD-YTM
T013973,19/06/2021,F01017,I,SEEDS,209 kgs,₹ 56.17,"₹ 11,739.53",BRD-YTM
T013974,15/07/2021,F01017,INPUT_PURCHASE,NPK 10:26:26,131 kg,₹ 54.73,"₹ 7,169.63",BRD-YTM
T013975,09/10/2021,F01019,Delivery,kapas,2.11 quintals,"₹ 8,575.00","₹ 18,093.25",BRD-YTM
T013976,27/10/2021,F01019,Delivery,Soybean,2.9 qtl,"₹ 5,375.00","₹ 15,372.50",BRD-YTM
T013977,18/06/2021,F01019,input,Bio-pesticide,294 kg,₹ 402.19,"₹ 1,18,243.86",BRD-YTM
T013978,28/11/2021,F01020,delivery,kapas,0.09 q,"₹ 8,150.00",₹ 733.50,BRD-YTM
T013979,29/11/2021,F01020,Delivery,COTTON (Kapas),0.41 quintals,"₹ 8,150.00","₹ 3,341.50",BRD-YTM
T013980,14/06/2021,F01020,FERT_PURCHASE,Urea,102 kgs,₹ 44.77,"₹ 4,566.54",BRD-YTM
T013981,10/10/2021,F01021,FPO_DELIVERY,Cotton,2.48 quintals,"₹ 8,495.00","₹ 21,067.60",BRD-YTM
T013982,14/10/2021,F01021,DELIVERY,Cotton,0.56 q,"₹ 8,495.00","₹ 4,757.20",BRD-YTM
T013983,08/10/2021,F01021,DELIVERY,Soybean,2.1 qtl,"₹ 5,290.00","₹ 11,373.50",BRD-YTM
T013984,02/10/2021,f01021,delivery,SOYABEAN,1.40 quintals,"₹ 5,290.00","₹ 7,406.00",BRD-YTM
T013985,12/07/2021,f01021,Input Purchase,Bio-pesticide,265 kgs,₹ 478.72,"₹ 1,26,860.80",BRD-YTM
T013986,19/11/2021,F01022,FPO_DELIVERY,COTTON (Kapas),1.0 qtl,"₹ 8,195.00","₹ 8,522.80",BRD-YTM
T013987,08/11/2021,F01022,delivery,kapas,0.54 quintals,"₹ 8,195.00","₹ 4,425.30",BRD-YTM
T013988,13/10/2021,F01022,DELIVERY,Soybean (Yellow),1.62 quintals,"₹ 5,210.00","₹ 8,440.20",BRD-YTM
T013989,16/11/2021,F01022,Delivery,soya,0.54 q,"₹ 5,210.00","₹ 2,813.40",BRD-YTM
T013990,29/06/2021,F01022,INPUT_PURCHASE,Bio-pesticide,287 kgs,₹ 313.48,"₹ 89,968.76",BRD-YTM
T013991,25/06/2021,F01022,input,Seeds,125 kg,₹ 77.49,"₹ 9,686.25",BRD-YTM
T013992,29/11/2021,F01023,delivery,COTTON (Kapas),3.4 qtl,"₹ 8,605.00","₹ 29,257.00",BRD-YTM
T013993,06/07/2021,f01023,input,Fertilizer,224 kgs,₹ 41.78,"₹ 9,358.72",BRD-YTM
T013994,25/06/2021,F01023,I,Hybrid Seeds,107 kg,₹ 49.75,"₹ 5,323.25",BRD-YTM
T013995,11/06/2021,F01023,INPUT_PURCHASE,SEEDS,80 kgs,₹ 123.16,"₹ 9,852.80",BRD-YTM
T013996,09/10/2021,F01029,FPO_DELIVERY,Cotton,0.05 q,"₹ 7,800.00",₹ 390.00,BRD-YTM
T013997,19/10/2021,F01029,D,COTTON (Kapas),1.45 q,"₹ 7,800.00","₹ 11,310.00",BRD-YTM
T013998,17/06/2021,F01029,INPUT_PURCHASE,DAP,74 kg,₹ 53.29,"₹ 3,943.46",BRD-YTM
T013999,15/06/2021,F01029,Input Purchase,PP chemicals,49 kg,₹ 526.99,"₹ 25,822.51",BRD-YTM
T014000,15/06/2021,F01029,FERT_PURCHASE,PP chemicals,205 kg,₹ 443.83,"₹ 90,985.15",BRD-YTM
T014001,02/06/2021,F01029,Input Purchase,NPK 10:26:26,267 kgs,₹ 30.74,"₹ 8,207.58",BRD-YTM
T014002,21/11/2021,F01030,Delivery,Cotton Kapas,0.61 quintals,"₹ 8,310.00","₹ 5,069.10",BRD-YTM
T014003,12/10/2021,F01030,D,soya,0.72 quintals,"₹ 5,340.00","₹ 3,844.80",BRD-YTM
T014004,04/07/2021,F01030,INPUT_PURCHASE,SEEDS,126 kgs,₹ 45.63,"₹ 5,749.38",BRD-YTM
T014005,32/01/2022,F01030,Input Purchase,DAP,236 kgs,₹ 28.52,"₹ 6,730.72",BRD-YTM
T014006,04/07/2021,F01030,Input Purchase,SEEDS,117 kgs,₹ 106.12,"₹ 12,416.04",BRD-YTM
T014007,24/10/2021,f01032,D,COTTON (Kapas),2.00 quintals,"₹ 8,160.00","₹ 16,320.00",BRD-YTM
T014008,04/06/2021,F01032,INPUT_PURCHASE,Urea,29 kgs,₹ 37.17,"₹ 1,077.93",BRD-YTM
T014009,27/10/2021,f01035,Delivery,Cotton Kapas,1.2 qtl,"₹ 8,660.00","₹ 10,478.60",BRD-YTM
T014010,05/11/2021,f01035,delivery,Cotton Kapas,0.1 qtl,"₹ 8,660.00",₹ 692.80,BRD-YTM
T014011,03/10/2021,F01035,Delivery,soya,0.5 qtl,"₹ 4,960.00","₹ 2,331.20",BRD-YTM
T014012,29/11/2021,F01035,delivery,soya,1.10 quintals,"₹ 4,960.00","₹ 5,456.00",BRD-YTM
T014013,12/07/2021,F01035,Input Purchase,PP chemicals,276 kg,₹ 440.15,"₹ 1,21,481.40",BRD-YTM
T014014,19/11/2021,F01036,DELIVERY,kapas,1.22 q,"₹ 8,500.00","₹ 10,370.00",BRD-YTM
T014015,08/11/2021,F01036,delivery,SOYABEAN,0.12 q,"₹ 5,285.00",₹ 634.20,BRD-YTM
T014016,15/11/2021,F01036,delivery,soya,1.61 quintals,"₹ 5,285.00","₹ 8,508.85",BRD-YTM
T014017,09/06/2021,F01036,FERT_PURCHASE,PPC,221 kg,₹ 282.55,"₹ 62,443.55",BRD-YTM
T014018,27/10/2021,F01037,DELIVERY,COTTON (Kapas),0.25 q,"₹ 8,645.00","₹ 2,161.25",BRD-YTM
T014019,29/11/2021,F01037,delivery,Cotton,0.9 qtl,"₹ 8,645.00","₹ 7,434.70",BRD-YTM
T014020,26/11/2021,F01037,DELIVERY,soya,1.29 q,"₹ 5,175.00","₹ 6,675.75",BRD-YTM
T014021,16/11/2021,F01037,FPO_DELIVERY,SOYABEAN,0.34 q,"₹ 5,175.00","₹ 1,759.50",BRD-YTM
T014022,09/07/2021,F01037,FERT_PURCHASE,Bio-pesticide,287 kgs,₹ 136.77,"₹ 39,252.99",BRD-YTM
T014023,11/10/2021,F01040,delivery,kapas,0.05 quintals,"₹ 7,965.00",₹ 398.25,BRD-YTM
T014024,30/11/2021,F01040,delivery,Cotton Kapas,0.62 q,"₹ 7,965.00","₹ 4,938.30",BRD-YTM
T014025,29/10/2021,F01042,D,Cotton,4.2 qtl,"₹ 7,825.00","₹ 32,552.00",BRD-YTM
T014026,17/10/2021,F01044,D,COTTON (Kapas),1.4 qtl,"₹ 8,705.00","₹ 12,099.95",BRD-YTM
T014027,08/10/2021,f01044,D,Cotton Kapas,1.9 qtl,"₹ 8,705.00","₹ 16,626.55",BRD-YTM
T014028,02/10/2021,F01044,DELIVERY,Soybean,4.29 quintals,"₹ 5,145.00","₹ 22,072.05",BRD-YTM
T014029,16/06/2021,F01044,FERT_PURCHASE,Urea,273 kgs,₹ 36.75,"₹ 10,032.75",BRD-YTM
T014030,18/10/2021,F01048,Delivery,kapas,0.2 qtl,"₹ 7,965.00",₹ N/A,BRD-YTM
T014031,05/11/2021,F01048,DELIVERY,kapas,0.6 qtl,"₹ 7,965.00","₹ 4,858.65",BRD-YTM
T014032,28/11/2021,F01048,Delivery,soya,0.95 q,"₹ 5,390.00","₹ 5,120.50",BRD-YTM
T014033,01/10/2021, F01050 ,delivery,Cotton Kapas,0.67 quintals,"₹ 8,465.00","₹ 5,671.55",BRD-YTM
T014034,18/11/2021, F01050 ,D,Cotton Kapas,5.1 qtl,"₹ 8,465.00","₹ 43,340.80",BRD-YTM
T014035,05/07/2021, F01050 ,INPUT_PURCHASE,Hybrid Seeds,171 kg,₹ 71.03,"₹ 12,146.13",BRD-YTM
T014036,21/10/2021,F01051,Delivery,COTTON (Kapas),0.16 q,"₹ 8,050.00","₹ 1,288.00",BRD-YTM
T014037,24/10/2021,F01051,FPO_DELIVERY,kapas,1.6 qtl,"₹ 8,050.00","₹ 12,719.00",BRD-YTM
T014038,11/11/2021, F01054 ,D,kapas,3.85 quintals,"₹ 8,140.00","₹ 31,339.00",BRD-YTM
T014039,23/10/2021,F01055,Delivery,COTTON (Kapas),0.8 qtl,"₹ 8,215.00","₹ 6,161.25",BRD-YTM
T014040,08/10/2021, F01055 ,D,Cotton,1.56 q,"₹ 8,215.00","₹ 12,815.40",BRD-YTM
T014041,05/06/2021,F01055,I,Hybrid Seeds,99 kgs,₹ 61.23,"₹ 6,061.77",BRD-YTM
T014042,02/06/2021,f01055,FERT_PURCHASE,Hybrid Seeds,307 kg,₹ 106.84,"₹ 32,799.88",BRD-YTM
T014043,16/11/2021,F01057,D,COTTON (Kapas),1.8 qtl,"₹ 7,770.00","₹ 14,219.10",BRD-YTM
T014044,23/10/2021, F01057 ,FPO_DELIVERY,SOYABEAN,0.36 quintals,"₹ 5,225.00","₹ 1,881.00",BRD-YTM
T014045,31/10/2021,F01057,DELIVERY,Soybean (Yellow),2.20 q,"₹ 5,225.00","₹ 11,495.00",BRD-YTM
T014046,13/07/2021, F01057 ,FERT_PURCHASE,DAP,118 kg,₹ 57.67,"₹ 6,805.06",BRD-YTM
T014047,13/10/2021,F01058,delivery,COTTON (Kapas),4.61 q,"₹ 8,310.00","₹ 38,309.10",BRD-YTM
T014048,27/06/2021,F01058,FERT_PURCHASE,Hybrid Seeds,85 kg,₹ 68.48,"₹ 5,820.80",BRD-YTM
T014049,13/10/2021,F01062,delivery,Cotton Kapas,2.60 q,"₹ 9,075.00","₹ 23,595.00",BRD-YTM
T014050,05/06/2021,F01062,Input Purchase,Urea,201 kgs,₹ 28.46,"₹ 5,720.46",BRD-YTM
T014051,23/10/2021,F01063,delivery,Cotton Kapas,0.06 quintals,"₹ 8,275.00",₹ 496.50,BRD-YTM
T014052,19/11/2021,F01063,DELIVERY,COTTON (Kapas),0.79 quintals,"₹ 8,275.00","₹ 6,537.25",BRD-YTM
T014053,23/06/2021,F01063,INPUT_PURCHASE,FERTILIZER 50kg bag,36 kgs,₹ 58.19,"₹ 2,094.84",BRD-YTM
T014054,23/10/2021,F01064,D,kapas,5.37 quintals,"₹ 8,345.00","₹ 44,812.65",BRD-YTM
T014055,19/11/2021,F01064,Delivery,Cotton Kapas,1.0 qtl,"₹ 8,345.00","₹ 8,094.65",BRD-YTM
T014056,03/07/2021,f01064,input,Fertilizer,64 kg,₹ 43.84,"₹ 2,805.76",BRD-YTM
T014057,05/06/2021,F01064,INPUT_PURCHASE,Urea,248 kgs,₹ 29.56,"₹ 7,330.88",BRD-YTM
T014058,24/10/2021,F01066,D,Cotton,1.1 qtl,"₹ 8,475.00","₹ 8,983.50",BRD-YTM
T014059,26/11/2021,f01070,FPO_DELIVERY,Cotton,1.9 qtl,"₹ 8,600.00","₹ 15,910.00",BRD-YTM
T014060,26/06/2021,F01070,input,SEEDS,128 kgs,₹ 104.05,"₹ 13,318.40",BRD-YTM
T014061,02/10/2021, F01071 ,Delivery,kapas,0.23 quintals,"₹ 8,670.00","₹ 1,994.10",BRD-YTM
T014062,02/10/2021,F01071,Delivery,COTTON (Kapas),0.86 q,"₹ 8,670.00","₹ 7,456.20",BRD-YTM
T014063,22/10/2021,F01071,DELIVERY,SOYABEAN,0.6 qtl,"₹ 4,915.00","₹ 3,047.30",BRD-YTM
T014064,22/11/2021,F01071,delivery,soya,0.56 quintals,"₹ 4,915.00","₹ 2,752.40",BRD-YTM
T014065,19/06/2021,F01071,FERT_PURCHASE,DAP,190 kg,₹ 45.53,"₹ 8,650.70",BRD-YTM
T014066,12/07/2021,F01071,Input Purchase,Bio-pesticide,46 kg,₹ 124.34,"₹ 5,719.64",BRD-YTM
T014067,21/10/2021,F01074,delivery,COTTON (Kapas),0.29 quintals,"₹ 7,980.00","₹ 2,314.20",BRD-YTM
T014068,24/10/2021,F01074,Delivery,kapas,0.1 qtl,"₹ 7,980.00",₹ 957.60,BRD-YTM
T014069,20/11/2021,F01074,delivery,kapas,0.2 qtl,"₹ 7,980.00","₹ 1,835.40",BRD-YTM
T014070,09/06/2021,f01074,input,SEEDS,306 kg,₹ 47.77,"₹ 14,617.62",BRD-YTM
T014071,04/11/2021,F01075,FPO_DELIVERY,kapas,6.19 quintals,"₹ 7,675.00","₹ 47,508.25",BRD-YTM
T014072,11/07/2021,F01075,I,NPK 10:26:26,291 kgs,₹ 56.06,"₹ 16,313.46",BRD-YTM
T014073,30/06/2021,F01075,LOAN_REPAY,Loan Repayment,,,"₹ 5,000.00",BRD-YTM
T014074,05/11/2021,F01075,LOAN_REPAY,Loan Repayment,,,"₹ 6,300.00",BRD-YTM
T014075,16/10/2021,F01076,Delivery,COTTON (Kapas),1.63 q,"₹ 7,655.00","₹ 12,477.65",BRD-YTM
T014076,11/06/2021,f01076,FERT_PURCHASE,Urea,289 kg,₹ 44.08,"₹ 12,739.12",BRD-YTM
T014077,29/10/2021,F01079,D,COTTON (Kapas),0.59 q,"₹ 7,715.00","₹ 4,551.85",BRD-YTM
T014078,04/10/2021,F01079,Delivery,COTTON (Kapas),1.42 quintals,"₹ 7,715.00","₹ 10,955.30",BRD-YTM
T014079,09/10/2021,F01079,Delivery,soya,0.99 q,"₹ 5,370.00","₹ 5,316.30",BRD-YTM
T014080,22/11/2021,F01079,D,soya,1.1 qtl,"₹ 5,370.00","₹ 5,745.90",BRD-YTM
T014081,11/11/2021,F01081,DELIVERY,COTTON (Kapas),0.2 qtl,"₹ 8,495.00","₹ 1,699.00",BRD-YTM
T014082,16/11/2021,F01081,D,Cotton Kapas,2.9 qtl,"₹ 8,495.00","₹ 24,805.40",BRD-YTM
T014083,05/07/2021,F01081,Input Purchase,Urea,97 kg,₹ 39.52,"₹ 3,833.44",BRD-YTM
T014084,08/06/2021, F01081 ,input,Fertilizer,90 kg,₹ 47.66,"₹ 4,289.40",BRD-YTM
T014085,18/09/2021,F01081,LOAN_REPAY,EMI,,,"₹ 2,800.00",BRD-YTM
T014086,13/08/2021,F01081,loan,Loan Repayment,,,"₹ 6,000.00",BRD-YTM
T014087,19/08/2021, F01081 ,L,Loan Repayment,,,"₹ 2,800.00",BRD-YTM
T014088,23/11/2021,F01082,DELIVERY,COTTON (Kapas),0.81 quintals,"₹ 7,980.00","₹ 6,463.80",BRD-YTM
T014089,02/11/2021,F01082,Delivery,COTTON (Kapas),0.4 qtl,"₹ 7,980.00","₹ 3,112.20",BRD-YTM
T014090,12/06/2021,F01082,input,SEEDS,294 kg,₹ 59.71,"₹ 17,554.74",BRD-YTM
T014091,05/11/2021,f01087,delivery,kapas,2.7 qtl,"₹ 8,590.00","₹ 23,021.20",BRD-YTM
T014092,12/11/2021,F01088,Delivery,Cotton,0.56 q,"₹ 8,900.00","₹ 4,984.00",BRD-YTM
T014093,26/11/2021,F01088,Delivery,kapas,0.26 quintals,"₹ 8,900.00","₹ 2,314.00",BRD-YTM
T014094,21/10/2021,F01090,D,Cotton,1.37 quintals,"₹ 8,340.00","₹ 11,425.80",BRD-YTM
T014095,24/10/2021,F01090,delivery,Soybean,0.16 q,"₹ 5,015.00",₹ 802.40,BRD-YTM
T014096,30/11/2021,f01090,Delivery,soya,1.51 q,"₹ 5,015.00","₹ 7,572.65",BRD-YTM
T014097,01/06/2021,F01090,INPUT_PURCHASE,FERTILIZER 50kg bag,196 kgs,₹ 36.90,"₹ 7,232.40",BRD-YTM
T014098,28/11/2021,F01091,delivery,kapas,0.45 q,"₹ 7,950.00","₹ 3,577.50",BRD-YTM
T014099,09/10/2021,F01091,FPO_DELIVERY,kapas,0.84 q,"₹ 7,950.00","₹ 6,678.00",BRD-YTM
T014100,24/11/2021,f01092,Delivery,Cotton Kapas,0.66 q,"₹ 8,675.00","₹ 5,725.50",BRD-YTM
T014101,27/11/2021,F01092,DELIVERY,Cotton,0.7 qtl,"₹ 8,675.00","₹ 6,072.50",BRD-YTM
T014102,22/11/2021,F01092,D,Soybean,0.76 quintals,"₹ 5,065.00","₹ 3,849.40",BRD-YTM
T014103,02/11/2021,F01092,D,Soybean (Yellow),0.72 q,"₹ 5,065.00","₹ 3,646.80",BRD-YTM
T014104,12/06/2021,F01092,I,Seeds,56 kg,₹ 50.32,"₹ 2,817.92",BRD-YTM
T014105,27/11/2021,F01093,DELIVERY,Cotton,2.19 q,"₹ 7,985.00","₹ 17,487.15",BRD-YTM
T014106,02/11/2021,F01093,DELIVERY,Cotton,5.8 qtl,"₹ 7,985.00","₹ 46,313.00",BRD-YTM
T014107,26/10/2021,F01093,delivery,Cotton,0.8 qtl,"₹ 7,985.00","₹ 5,988.75",BRD-YTM
T014108,01/06/2021,F01093,input,Fertilizer,62 kgs,₹ 50.64,"₹ 3,139.68",BRD-YTM
T014109,02/10/2021,F01095,FPO_DELIVERY,Cotton Kapas,0.2 qtl,"₹ 8,515.00","₹ 1,873.30",BRD-YTM
T014110,20/11/2021,F01095,D,Cotton,0.85 quintals,"₹ 8,515.00","₹ 7,237.75",BRD-YTM
T014111,01/11/2021,F01095,Delivery,Soybean (Yellow),1.2 qtl,"₹ 5,055.00","₹ 6,318.75",BRD-YTM
T014112,27/10/2021,F01095,D,soya,0.1 qtl,"₹ 5,055.00",₹ 303.30,BRD-YTM
T014113,06/07/2021, F01095 ,input,FERTILIZER 50kg bag,207 kgs,₹ 44.94,"₹ 9,302.58",BRD-YTM
T014114,19/10/2021,F01098,Delivery,COTTON (Kapas),1.60 q,"₹ 8,475.00","₹ 13,560.00",BRD-YTM
T014115,10/10/2021,F01098,delivery,COTTON (Kapas),0.6 qtl,"₹ 8,475.00","₹ 4,830.75",BRD-YTM
T014116,12/11/2021,F01098,D,Soybean (Yellow),2.31 q,"₹ 5,620.00","₹ 12,982.20",BRD-YTM
T014117,26/11/2021,F01098,L,EMI,,,₹ 900.00,BRD-YTM
T014118,10/10/2021,f01098,Loan Repayment,Loan Repayment,,,"₹ 3,500.00",BRD-YTM
T014119,17/10/2021,f01099,D,Cotton Kapas,2.81 q,"₹ 8,105.00","₹ 22,775.05",BRD-YTM
T014120,31/10/2021,F01099,Delivery,SOYABEAN,2.9 qtl,"₹ 5,300.00","₹ 15,105.00",BRD-YTM
T014121,21/06/2021, F01099 ,INPUT_PURCHASE,DAP,211 kg,₹ 45.18,"₹ 9,532.98",BRD-YTM
T014122,05/10/2021,F01102,Delivery,Cotton,0.6 qtl,"₹ 8,085.00","₹ 5,012.70",BRD-YTM
T014123,18/11/2021,F01102,D,Cotton Kapas,0.81 q,"₹ 8,085.00","₹ 6,548.85",BRD-YTM
T014124,04/11/2021,F01102,delivery,SOYABEAN,1.86 quintals,"₹ 5,105.00","₹ 9,495.30",BRD-YTM
T014125,02/07/2021,F01102,INPUT_PURCHASE,PPC,66 kg,₹ 129.63,"₹ 8,555.58",BRD-YTM
T014126,06/07/2021,,input,DAP,288 kgs,₹ 49.37,"₹ 14,218.56",BRD-YTM
T014127,11/10/2021, F01104 ,FPO_DELIVERY,kapas,3.07 q,"₹ 8,785.00","₹ 26,969.95",BRD-YTM
T014128,31/10/2021,f01104,Delivery,Cotton Kapas,3.83 quintals,"₹ 8,785.00","₹ 33,646.55",BRD-YTM
T014129,31/10/2021,F01104,Delivery,SOYABEAN,9.59 quintals,"₹ 6,125.00","₹ 58,738.75",BRD-YTM
T014130,02/07/2021,f01104,FERT_PURCHASE,NPK 10:26:26,31 kg,₹ 33.70,"₹ 1,044.70",BRD-YTM
T014131,19/06/2021,F01104,Input Purchase,Bio-pesticide,313 kg,₹ 697.48,"₹ 2,18,311.24",BRD-YTM
T014132,01/06/2021,f01104,I,Urea,293 kgs,₹ 45.60,"₹ 13,360.80",BRD-YTM
T014133,20/10/2021,f01105,Delivery,Cotton Kapas,2.2 qtl,"₹ 8,140.00","₹ 17,826.60",BRD-YTM
T014134,25/11/2021,F01105,Delivery,COTTON (Kapas),1.24 quintals,"₹ 8,140.00","₹ 10,093.60",BRD-YTM
T014135,29/11/2021,F01105,Delivery,Cotton Kapas,0.5 qtl,"₹ 8,140.00","₹ 4,070.00",BRD-YTM
T014136,04/11/2021,f01105,D,SOYABEAN,4.07 quintals,"₹ 5,155.00","₹ 20,980.85",BRD-YTM
T014137,05/10/2021,F01105,delivery,Soybean,1.35 q,"₹ 5,155.00","₹ 6,959.25",BRD-YTM
T014138,08/06/2021,F01105,I,SEEDS,187 kg,₹ 92.99,"₹ 17,389.13",BRD-YTM
T014139,14/06/2021,F01105,input,NPK 10:26:26,228 kg,₹ 55.92,"₹ 12,749.76",BRD-YTM
T014140,08/06/2021,F01105,FERT_PURCHASE,SEEDS,307 kg,₹ 59.60,"₹ 18,297.20",BRD-YTM
T014141,12/10/2021,F01107,delivery,kapas,1.52 q,"₹ 7,810.00","₹ 11,871.20",BRD-YTM
T014142,05/10/2021,F01107,FPO_DELIVERY,COTTON (Kapas),0.73 quintals,"₹ 7,810.00","₹ 5,701.30",BRD-YTM
T014143,28/10/2021,F01107,FPO_DELIVERY,Soybean,1.45 q,"₹ 5,385.00","₹ 7,808.25",BRD-YTM
T014144,26/11/2021,F01107,DELIVERY,SOYABEAN,1.90 quintals,"₹ 5,385.00","₹ 10,231.50",BRD-YTM
T014145,15/06/2021,F01107,I,Fertilizer,194 kgs,₹ 46.76,"₹ 9,071.44",BRD-YTM
T014146,08/06/2021,F01107,Input Purchase,FERTILIZER 50kg bag,75 kg,₹ 48.79,"₹ 3,659.25",BRD-YTM
T014147,30/06/2021,F01107,I,Hybrid Seeds,288 kgs,₹ 53.96,"₹ 15,540.48",BRD-YTM
T014148,06/10/2021,F01109,FPO_DELIVERY,Cotton,0.45 q,"₹ 7,550.00","₹ 3,397.50",BRD-YTM
T014149,05/10/2021,F01110,delivery,COTTON (Kapas),4.2 qtl,"₹ 8,370.00","₹ 35,405.10",BRD-YTM
T014150,05/06/2021,F01110,INPUT_PURCHASE,Fertilizer,304 kg,₹ 35.57,"₹ 10,813.28",BRD-YTM
T014151,29/11/2021,F01111,FPO_DELIVERY,Cotton Kapas,0.50 q,"₹ 7,470.00","₹ 3,735.00",BRD-YTM
T014152,08/11/2021,F01111,Delivery,COTTON (Kapas),1.97 quintals,"₹ 7,470.00","₹ 14,715.90",BRD-YTM
T014153,04/06/2021,F01111,Input Purchase,SEEDS,304 kgs,₹ 125.80,"₹ 38,243.20",BRD-YTM
T014154,15/07/2021,F01111,INPUT_PURCHASE,NPK 10:26:26,296 kg,₹ 53.81,"₹ 15,927.76",BRD-YTM
T014155,03/07/2021,F01111,INPUT_PURCHASE,FERTILIZER 50kg bag,96 kg,₹ 42.22,"₹ 4,053.12",BRD-YTM
T014156,04/09/2021,F01111,loan,EMI,,,"₹ 6,400.00",BRD-YTM
T014157,05/08/2021,F01111,LOAN_REPAY,Loan Repayment,,,"₹ 7,600.00",BRD-YTM
T014158,08/11/2021,f01112,DELIVERY,Cotton Kapas,5.3 qtl,"₹ 8,005.00","₹ 42,346.45",BRD-YTM
T014159,20/06/2021,F01112,Input Purchase,SEEDS,197 kgs,₹ 114.92,"₹ 22,639.24",BRD-YTM
T014160,09/10/2021,F01114,FPO_DELIVERY,COTTON (Kapas),2.2 qtl,"₹ 8,145.00","₹ 17,837.55",BRD-YTM
T014161,09/06/2021,f01114,INPUT_PURCHASE,NPK 10:26:26,209 kg,₹ 35.31,"₹ 7,379.79",BRD-YTM
T014162,02/06/2021,F01114,I,SEEDS,242 kg,₹ 120.39,"₹ 29,134.38",BRD-YTM
T014163,07/11/2021,f01115,DELIVERY,Cotton Kapas,5.66 quintals,"₹ 8,570.00","₹ 48,506.20",BRD-YTM
T014164,18/10/2021,F01115,delivery,Soybean,4.78 quintals,"₹ 5,340.00","₹ 25,525.20",BRD-YTM
T014165,26/10/2021,F01115,D,Soybean (Yellow),2.15 q,"₹ 5,340.00","₹ 11,481.00",BRD-YTM
T014166,28/11/2021,F01116,D,Cotton Kapas,1.8 qtl,"₹ 8,150.00","₹ 14,670.00",BRD-YTM
T014167,06/07/2021,F01116,input,Fertilizer,32 kg,₹ 50.15,"₹ 1,604.80",BRD-YTM
T014168,21/10/2021,F01117,Delivery,kapas,1.46 q,"₹ 8,200.00","₹ 11,972.00",BRD-YTM
T014169,05/11/2021, F01117 ,Delivery,Cotton,0.18 q,"₹ 8,200.00","₹ 1,476.00",BRD-YTM
T014170,03/11/2021,F01120,D,COTTON (Kapas),5.72 q,"₹ 8,030.00","₹ 45,931.60",BRD-YTM
T014171,29/10/2021,F01120,D,Soybean,5.7 qtl,"₹ 5,760.00","₹ 32,544.00",BRD-YTM
T014172,09/11/2021,F01120,FPO_DELIVERY,soya,0.43 quintals,"₹ 5,760.00","₹ 2,476.80",BRD-YTM
T014173,13/10/2021,F01120,Delivery,soya,0.8 qtl,"₹ 5,760.00","₹ 4,665.60",BRD-YTM
T014174,20/11/2021,F01121,Delivery,kapas,0.84 quintals,"₹ 7,955.00","₹ 6,682.20",BRD-YTM
T014175,17/10/2021,f01121,DELIVERY,Soybean (Yellow),0.94 quintals,"₹ 5,255.00","₹ 4,939.70",BRD-YTM
T014176,14/06/2021,F01121,FERT_PURCHASE,PPC,118 kgs,₹ 336.71,"₹ 39,731.78",BRD-YTM
T014177,02/07/2021,F01121,INPUT_PURCHASE,Bio-pesticide,42 kg,₹ 159.68,"₹ 6,706.56",BRD-YTM
T014178,10/06/2021,F01121,I,Bio-pesticide,66 kg,₹ 241.89,"₹ 15,964.74",BRD-YTM
T014179,05/07/2021,F01121,input,Seeds,52 kgs,₹ 124.65,"₹ 6,481.80",BRD-YTM
T014180,01/11/2021,F01122,D,COTTON (Kapas),0.24 quintals,"₹ 8,180.00","₹ 1,963.20",BRD-YTM
T014181,16/10/2021,F01122,delivery,kapas,0.72 quintals,"₹ 8,180.00","₹ 5,889.60",BRD-YTM
T014182,13/11/2021,F01122,FPO_DELIVERY,Soybean,1.20 quintals,"₹ 5,135.00","₹ 6,162.00",BRD-YTM
T014183,25/06/2021,F01122,Input Purchase,DAP,169 kg,₹ 57.35,"₹ 9,692.15",BRD-YTM
T014184,09/07/2021,f01122,INPUT_PURCHASE,NPK 10:26:26,45 kgs,₹ 50.28,"₹ 2,262.60",BRD-YTM
T014185,02/11/2021,f01123,Delivery,COTTON (Kapas),0.26 q,"₹ 8,005.00","₹ 2,081.30",BRD-YTM
T014186,16/10/2021,F01123,FPO_DELIVERY,Cotton Kapas,1.1 qtl,"₹ 8,005.00","₹ 8,725.45",BRD-YTM
T014187,10/07/2021,F01123,FERT_PURCHASE,Urea,137 kg,₹ 47.79,"₹ 6,547.23",BRD-YTM
T014188,06/11/2021,F01131,Delivery,Cotton,1.46 quintals,"₹ 8,450.00","₹ 12,337.00",BRD-YTM
T014189,19/10/2021,F01131,FPO_DELIVERY,Soybean,0.77 quintals,"₹ 5,505.00","₹ 4,238.85",BRD-YTM
T014190,09/10/2021,f01131,Delivery,soya,1.17 q,"₹ 5,505.00","₹ 6,440.85",BRD-YTM
T014191,10/07/2021,F01131,INPUT_PURCHASE,Hybrid Seeds,187 kg,₹ 127.92,"₹ 23,921.04",BRD-YTM
T014192,22/11/2021,F01133,DELIVERY,COTTON (Kapas),0.63 q,"₹ 7,945.00","₹ 5,005.35",BRD-YTM
T014193,03/10/2021,F01133,D,Soybean (Yellow),1.09 quintals,"₹ 5,235.00","₹ 5,706.15",BRD-YTM
T014194,11/06/2021,F01133,input,NPK 10:26:26,203 kgs,₹ 56.59,"₹ 11,487.77",BRD-YTM
T014195,21/06/2021,F01133,Loan Repayment,EMI,,,"₹ 1,600.00",BRD-YTM
T014196,08/11/2021,F01135,Delivery,Cotton,0.4 qtl,"₹ 7,695.00","₹ 2,924.10",BRD-YTM
T014197,12/11/2021,f01135,Delivery,COTTON (Kapas),0.58 q,"₹ 7,695.00","₹ 4,463.10",BRD-YTM
T014198,12/07/2021,F01135,FERT_PURCHASE,Seeds,102 kgs,₹ 115.75,"₹ 11,806.50",BRD-YTM
T014199,12/11/2021,F01138,FPO_DELIVERY,Cotton,1.81 q,"₹ 7,945.00","₹ 14,380.45",BRD-YTM
T014200,12/07/2021,F01138,input,Hybrid Seeds,283 kgs,₹ 89.70,"₹ 25,385.10",BRD-YTM
T014201,12/10/2021,F01139,Delivery,Cotton,0.1 qtl,"₹ 7,915.00",₹ 870.65,BRD-YTM
T014202,10/11/2021, F01139 ,DELIVERY,Cotton,0.47 q,"₹ 7,915.00","₹ 3,720.05",BRD-YTM
T014203,18/11/2021,F01139,delivery,Cotton Kapas,1.12 q,"₹ 7,915.00","₹ 8,864.80",BRD-YTM
T014204,02/07/2021,f01139,I,Urea,286 kg,₹ 41.64,"₹ 11,909.04",BRD-YTM
T014205,10/06/2021, F01139 ,input,PPC,161 kg,₹ 327.01,"₹ 52,648.61",BRD-YTM
T014206,12/06/2021, F01139 ,I,Bio-pesticide,308 kg,₹ 478.42,"₹ 1,47,353.36",BRD-YTM
T014207,23/10/2021,f01141,FPO_DELIVERY,Cotton,0.72 quintals,"₹ 8,245.00","₹ 5,936.40",BRD-YTM
T014208,27/11/2021,F01141,Delivery,COTTON (Kapas),1.0 qtl,"₹ 8,245.00","₹ 8,080.10",BRD-YTM
T014209,07/07/2021, F01141 ,FERT_PURCHASE,Seeds,41 kg,₹ 120.15,"₹ 4,926.15",BRD-YTM
T014210,19/06/2021,F01141,Input Purchase,PPC,176 kg,₹ 269.22,"₹ 47,382.72",BRD-YTM
T014211,14/11/2021,F01142,delivery,Cotton,1.10 q,"₹ 8,700.00","₹ 9,570.00",BRD-YTM
T014212,04/11/2021,f01142,delivery,Soybean (Yellow),0.06 quintals,"₹ 5,455.00",₹ 327.30,BRD-YTM
T014213,08/10/2021,F01142,DELIVERY,Soybean (Yellow),0.69 q,"₹ 5,455.00","₹ 3,763.95",BRD-YTM
T014214,21/10/2021,F01142,delivery,soya,0.69 q,"₹ 5,455.00","₹ 3,763.95",BRD-YTM
T014215,13/07/2021,F01142,FERT_PURCHASE,NPK 10:26:26,92 kg,₹ 37.97,"₹ 3,493.24",BRD-YTM
T014216,26/11/2021,F01146,Delivery,COTTON (Kapas),0.71 quintals,"₹ 8,220.00","₹ 5,836.20",BRD-YTM
T014217,17/10/2021,f01146,delivery,Cotton,0.31 q,"₹ 8,220.00","₹ 2,548.20",BRD-YTM
T014218,14/06/2021,F01146,FERT_PURCHASE,Urea,155 kg,₹ 35.59,"₹ 5,516.45",BRD-YTM
T014219,20/06/2021,F01146,FERT_PURCHASE,NPK 10:26:26,232 kg,₹ 41.34,"₹ 9,590.88",BRD-YTM
T014220,01/07/2021,F01146,input,Seeds,161 kgs,₹ 69.56,"₹ 11,199.16",BRD-YTM
T014221,26/06/2021,F01146,INPUT_PURCHASE,Fertilizer,96 kgs,₹ 45.09,"₹ 4,328.64",BRD-YTM
T014222,09/08/2021,F01146,Loan Repayment,Loan Repayment,,,"₹ 1,200.00",BRD-YTM
T014223,12/11/2021,F01147,Delivery,Cotton,0.67 q,"₹ 7,835.00","₹ 5,249.45",BRD-YTM
T014224,13/11/2021,F01147,delivery,Cotton,3.32 q,"₹ 7,835.00","₹ 26,012.20",BRD-YTM
T014225,05/11/2021,F01147,DELIVERY,Soybean (Yellow),3.23 quintals,"₹ 4,880.00","₹ 15,762.40",BRD-YTM
T014226,03/10/2021,F01147,FPO_DELIVERY,Soybean,1.55 quintals,"₹ 4,880.00","₹ 7,564.00",BRD-YTM
T014227,26/06/2021,F01147,FERT_PURCHASE,NPK 10:26:26,42 kg,₹ 54.86,"₹ 2,304.12",BRD-YTM
T014228,11/07/2021,F01147,I,Fertilizer,318 kgs,₹ 30.36,"₹ 9,654.48",BRD-YTM
T014229,03/11/2021,F01148,D,Cotton Kapas,0.05 q,"₹ 7,810.00",₹ 390.50,BRD-YTM
T014230,02/11/2021,F01148,FPO_DELIVERY,Cotton,0.11 q,"₹ 7,810.00",₹ 859.10,BRD-YTM
T014231,03/10/2021,F01149,D,Cotton Kapas,0.78 q,"₹ 8,455.00","₹ 6,594.90",BRD-YTM
T014232,20/06/2021,F01149,input,Fertilizer,60 kgs,₹ 30.84,"₹ 1,850.40",BRD-YTM
T014233,03/06/2021,f01149,input,Fertilizer,122 kgs,₹ 59.84,"₹ 7,300.48",BRD-YTM
T014234,13/11/2021,f01151,Delivery,Cotton Kapas,0.12 quintals,"₹ 8,250.00",₹ 990.00,BRD-YTM
T014235,29/10/2021,F01151,FPO_DELIVERY,Cotton Kapas,0.36 q,"₹ 8,250.00","₹ 2,970.00",BRD-YTM
T014236,17/11/2021,F01151,Delivery,soya,0.81 q,"₹ 4,915.00","₹ 3,981.15",BRD-YTM
T014237,30/06/2021,F01151,INPUT_PURCHASE,Fertilizer,263 kgs,₹ 57.36,"₹ 15,085.68",BRD-YTM
T014238,02/07/2021,F01151,input,DAP,224 kgs,₹ 58.73,"₹ 13,155.52",BRD-YTM
T014239,10/06/2021,F01151,FERT_PURCHASE,SEEDS,212 kgs,₹ 76.28,"₹ 16,171.36",BRD-YTM
T014240,17/11/2021,F01152,Delivery,COTTON (Kapas),2.26 quintals,"₹ 8,060.00","₹ 18,215.60",BRD-YTM
T014241,18/10/2021,F01152,Delivery,COTTON (Kapas),0.7 qtl,"₹ 8,060.00","₹ 5,883.80",BRD-YTM
T014242,03/10/2021,F01153,Delivery,Cotton Kapas,0.3 qtl,"₹ 8,945.00","₹ 2,325.70",BRD-YTM
T014243,20/10/2021, F01153 ,DELIVERY,COTTON (Kapas),2.72 quintals,"₹ 8,945.00","₹ 24,330.40",BRD-YTM
T016032,05/10/2021, F02225 ,D,kapas,4.07 quintals,"₹ 8,460.00","₹ 34,432.20",BRD-YTM
T016033,16/10/2021,F02225,Delivery,COTTON (Kapas),0.5 qtl,"₹ 8,460.00","₹ 4,230.00",BRD-YTM
T016034,06/07/2021,F02225,input,FERTILIZER 50kg bag,52 kgs,₹ 58.66,"₹ 3,050.32",BRD-YTM
T016035,01/07/2021,f02225,Input Purchase,Seeds,168 kgs,₹ 95.66,"₹ 16,070.88",BRD-YTM
T016045,26/10/2021,F02233,delivery,kapas,0.42 quintals,"₹ 7,775.00","₹ 3,265.50",BRD-YTM
T016046,30/11/2021,F02233,DELIVERY,COTTON (Kapas),1.6 qtl,"₹ 7,775.00","₹ 12,828.75",BRD-YTM
T016107,27/10/2021,F02263,D,Cotton Kapas,0.30 quintals,"₹ 8,515.00","₹ 2,554.50",BRD-YTM
T016108,13/11/2021,F02263,delivery,kapas,3.40 q,"₹ 8,515.00","₹ 28,951.00",BRD-YTM
T016109,09/06/2021,F02263,input,Fertilizer,245 kg,₹ 50.63,"₹ 12,404.35",BRD-YTM
T016110,07/07/2021,F02263,input,FERTILIZER 50kg bag,41 kg,₹ 49.72,"₹ 2,038.52",BRD-YTM
T016111,30/08/2021,F02263,Loan Repayment,Loan Repayment,,,"₹ 5,700.00",BRD-YTM
T016112,20/10/2021,F02263,loan,EMI,,,"₹ 7,000.00",BRD-YTM
T016113,25/10/2021,F02263,LOAN_REPAY,Loan Repayment,,,"₹ 2,800.00",BRD-YTM
T016119,25/11/2021,F02270,D,Cotton,3.2 qtl,"₹ 8,400.00","₹ 26,544.00",BRD-YTM
T016120,31/10/2021,F02270,DELIVERY,Cotton,1.03 quintals,"₹ 8,400.00","₹ 8,652.00",BRD-YTM
T016121,02/10/2021,f02270,D,Cotton,0.21 quintals,"₹ 8,400.00","₹ 1,764.00",BRD-YTM
T016140,17/10/2021,F02279,Delivery,Cotton Kapas,3.33 quintals,"₹ 8,725.00","₹ 29,054.25",BRD-YTM
T016141,13/06/2021,F02279,Input Purchase,DAP,105 kgs,₹ 30.76,"₹ 3,229.80",BRD-YTM
T016162,17/11/2021,f02291,Delivery,Cotton,3.26 quintals,"₹ 8,805.00","₹ 28,704.30",BRD-YTM
T016173,17/10/2021,F02296,delivery,COTTON (Kapas),2.19 quintals,"₹ 7,995.00","₹ 17,509.05",BRD-YTM
T016295,11/10/2021,F02347,delivery,Cotton,0.38 quintals,"₹ 8,165.00","₹ 3,102.70",BRD-YTM
T016296,03/07/2021,F02347,FERT_PURCHASE,Urea,66 kgs,₹ 56.54,"₹ 3,731.64",BRD-YTM
T016340,11/10/2021,F02367,Delivery,kapas,0.17 quintals,"₹ 8,565.00","₹ 1,456.05",BRD-YTM
T016341,20/10/2021,f02367,delivery,COTTON (Kapas),1.14 q,"₹ 8,565.00","₹ 9,764.10",BRD-YTM
T016342,12/07/2021,F02367,input,Urea,188 kgs,₹ 42.64,"₹ 8,016.32",BRD-YTM
T016343,14/06/2021,F02367,I,NPK 10:26:26,197 kg,₹ 29.77,"₹ 5,864.69",BRD-YTM
T016344,28/10/2021,F02368,DELIVERY,kapas,2.25 q,"₹ 8,210.00","₹ 18,472.50",BRD-YTM
T016345,20/06/2021,F02368,Input Purchase,NPK 10:26:26,108 kg,₹ 54.30,"₹ 5,864.40",BRD-YTM
T016346,22/06/2021,F02368,INPUT_PURCHASE,Fertilizer,300 kgs,₹ 48.00,"₹ 14,400.00",BRD-YTM
T016347,08/07/2021,F02368,I,Fertilizer,81 kg,₹ 28.09,"₹ 2,275.29",BRD-YTM
T016354,07/11/2021,f02372,Delivery,kapas,3.68 q,"₹ 8,040.00","₹ 29,587.20",BRD-YTM
T016355,19/08/2021,F02372,LOAN_REPAY,EMI,,,"₹ 4,400.00",BRD-YTM
T016356,24/09/2021,F02372,LOAN_REPAY,Loan Repayment,,,"₹ 2,600.00",BRD-YTM
T016386,21/11/2021,F02382,DELIVERY,Cotton,1.44 quintals,"₹ 8,510.00","₹ 12,254.40",BRD-YTM
T016387,19/11/2021,F02382,delivery,kapas,2.6 qtl,"₹ 8,510.00","₹ 22,126.00",BRD-YTM
T016388,10/07/2021,F02382,Input Purchase,Urea,302 kgs,₹ 48.65,"₹ 14,692.30",BRD-YTM
T016389,23/06/2021,F02382,input,Urea,144 kg,₹ 31.88,"₹ 4,590.72",BRD-YTM
T016423,18/10/2021,F02393,DELIVERY,Cotton,1.97 quintals,"₹ 8,090.00","₹ 15,937.30",BRD-YTM
T016424,24/08/2021,F02393,loan,EMI,,,"₹ 2,700.00",BRD-YTM
T016425,08/07/2021,F02393,LOAN_REPAY,EMI,,,"₹ 1,900.00",BRD-YTM
T016426,18/11/2021,F02393,LOAN_REPAY,EMI,,,"₹ 3,000.00",BRD-YTM
T016435,03/11/2021,F02397,DELIVERY,Cotton Kapas,1.09 quintals,"₹ 7,900.00","₹ 8,611.00",BRD-YTM
T016436,16/10/2021,F02397,D,COTTON (Kapas),0.49 q,"₹ 7,900.00","₹ 3,871.00",BRD-YTM
T016437,30/06/2021,F02397,FERT_PURCHASE,NPK 10:26:26,144 kg,₹ 33.56,"₹ 4,832.64",BRD-YTM
T016438,03/07/2021,F02397,Input Purchase,NPK 10:26:26,147 kg,₹ 43.60,"₹ 6,409.20",BRD-YTM
T016439,30/06/2021,f02397,I,Fertilizer,261 kg,₹ 40.47,"₹ 10,562.67",BRD-YTM
T016458,18/10/2021,F02404,Delivery,kapas,0.46 q,"₹ 8,355.00","₹ 3,843.30",BRD-YTM
T016459,22/11/2021,F02404,delivery,COTTON (Kapas),0.05 quintals,"₹ 8,355.00",₹ 417.75,BRD-YTM
T016469,11/11/2021,F02407,FPO_DELIVERY,COTTON (Kapas),1.69 q,"₹ 8,860.00","₹ 14,973.40",BRD-YTM
T016470,10/10/2021,F02407,delivery,COTTON (Kapas),0.66 quintals,"₹ 8,860.00","₹ 5,847.60",BRD-YTM
T016471,02/06/2021,F02407,FERT_PURCHASE,Fertilizer,196 kg,₹ 41.89,"₹ 8,210.44",BRD-YTM
T016472,27/06/2021,F02407,I,SEEDS,74 kgs,₹ 82.54,"₹ 6,107.96",BRD-YTM
T016473,02/06/2021, F02407 ,I,FERTILIZER 50kg bag,174 kg,₹ 43.48,"₹ 7,565.52",BRD-YTM
T016493,28/03/2022,f01003,FPO_DELIVERY,GRAM (Chana),6.05 quintals,"₹ 5,795.00","₹ 35,059.75",BRD-YTM
T016494,18/04/2022,F01004,Delivery,Gram,0.83 quintals,"₹ 6,485.00","₹ 5,382.55",BRD-YTM
T016495,25/04/2022,F01004,delivery,Bengal Gram,1.10 q,"₹ 6,485.00","₹ 7,133.50",BRD-YTM
T016496,12/04/2022,F01004,delivery,wheat,3.71 quintals,"₹ 2,440.00","₹ 9,052.40",BRD-YTM
T016497,14/04/2022, F01004 ,delivery,Lokwan Wheat,1.30 quintals,"₹ 2,440.00","₹ 3,172.00",BRD-YTM
T016498,22/04/2022,F01005,delivery,Gram,10.28 quintals,"₹ 5,915.00","₹ 60,806.20",BRD-YTM
T016499,31/03/2022,F01005,Delivery,Bengal Gram,9.7 qtl,"₹ 5,915.00","₹ 57,316.35",BRD-YTM
T016500,03/12/2021,F01005,input,Hybrid Seeds,174 kgs,₹ 101.71,"₹ 17,697.54",BRD-YTM
T016501,29/12/2021,F01005,input,Seeds,134 kgs,₹ 69.56,"₹ 9,321.04",BRD-YTM
T016502,06/12/2021,F01005,FERT_PURCHASE,PP chemicals,152 kg,₹ 338.45,"₹ 51,444.40",BRD-YTM
T016503,13/04/2022,F01008,FPO_DELIVERY,GRAM (Chana),6.84 q,"₹ 6,320.00","₹ 43,228.80",BRD-YTM
T016504,04/12/2021,f01008,input,Seeds,240 kgs,₹ 94.97,"₹ 22,792.80",BRD-YTM
T016505,19/04/2022,F01009,D,Bengal Gram,9.7 qtl,"₹ 6,190.00","₹ 60,290.60",BRD-YTM
T016506,16/04/2022,F01009,LOAN_REPAY,EMI,,,"₹ 5,700.00",BRD-YTM
T016507,05/04/2022,f01011,DELIVERY,Gram,0.57 quintals,"₹ 6,330.00","₹ 3,608.10",BRD-YTM
T016508,11/04/2022,F01011,delivery,chana,10.38 q,"₹ 6,330.00","₹ 65,705.40",BRD-YTM
T016509,05/03/2022,F01011,delivery,wheat,28.82 quintals,"₹ 2,515.00","₹ 72,482.30",BRD-YTM
T016510,23/12/2021,f01011,FERT_PURCHASE,Urea,172 kgs,₹ 49.26,"₹ 8,472.72",BRD-YTM
T016511,17/04/2022,F01013,D,GRAM (Chana),8.91 quintals,"₹ 6,250.00","₹ 55,687.50",BRD-YTM
T016512,09/05/2022,F01013,delivery,Gram,1.93 q,"₹ 6,250.00","₹ 12,062.50",BRD-YTM
T016513,05/01/2022,F01013,Input Purchase,Seeds,162 kg,₹ 79.95,"₹ 12,951.90",BRD-YTM
T016514,18/04/2022,F01015,delivery,GRAM (Chana),7.5 qtl,"₹ 6,455.00","₹ 48,606.15",BRD-YTM
T016515,06/03/2022,f01015,D,Gram,2.88 quintals,"₹ 6,455.00","₹ 18,590.40",BRD-YTM
T016516,21/03/2022,F01015,DELIVERY,Lokwan Wheat,20.16 quintals,"₹ 2,575.00","₹ 51,912.00",BRD-YTM
T016517,15/05/2022,F01015,Delivery,Wheat (Durum),6.61 q,"₹ 2,575.00","₹ 17,020.75",BRD-YTM
T016518,28/12/2021,F01015,Input Purchase,Urea,282 kgs,₹ 34.56,"₹ 9,745.92",BRD-YTM
T016519,28/03/2022,F01017,FPO_DELIVERY,Gram,10.41 q,"₹ 6,135.00","₹ 63,865.35",BRD-YTM
T016520,21/04/2022,F01017,Delivery,Lokwan Wheat,24.97 quintals,"₹ 2,635.00","₹ 65,795.95",BRD-YTM
T016521,01/04/2022,F01017,DELIVERY,wheat,8.2 qtl,"₹ 2,635.00","₹ 21,633.35",BRD-YTM
T016522,22/12/2021,F01017,input,Seeds,253 kg,₹ 108.79,"₹ 27,523.87",BRD-YTM
T016523,14/12/2021,F01017,Input Purchase,NPK 10:26:26,99 kgs,₹ 41.53,"₹ 4,111.47",BRD-YTM
T016524,15/01/2022,F01017,input,FERTILIZER 50kg bag,72 kgs,₹ 44.97,"₹ 3,237.84",BRD-YTM
T016525,25/03/2022,f01017,Loan Repayment,EMI,,,"₹ 6,900.00",BRD-YTM
T016526,26/04/2022,F01017,loan,Loan Repayment,,,"₹ 2,900.00",BRD-YTM
T016527,09/03/2022,F01019,delivery,GRAM (Chana),11.5 qtl,"₹ 6,245.00","₹ 72,004.85",BRD-YTM
T016528,11/04/2022,F01019,D,Bengal Gram,2.19 q,"₹ 6,245.00","₹ 13,676.55",BRD-YTM
T016529,19/12/2021,f01019,I,DAP,165 kgs,₹ 46.57,"₹ 7,684.05",BRD-YTM
T016530,12/01/2022,F01019,INPUT_PURCHASE,Urea,190 kgs,₹ 59.73,"₹ 11,348.70",BRD-YTM
T016531,15/02/2022,F01019,Loan Repayment,Loan Repayment,,,"₹ 7,700.00",BRD-YTM
T016532,14/03/2022,F01019,Loan Repayment,Loan Repayment,,,"₹ 6,100.00",BRD-YTM
T016533,28/03/2022,F01020,FPO_DELIVERY,chana,2.30 quintals,"₹ 6,255.00","₹ 14,386.50",BRD-YTM
T016534,10/05/2022, F01020 ,FPO_DELIVERY,wheat,1.6 qtl,"₹ 2,560.00","₹ 4,172.80",BRD-YTM
T016535,15/03/2022,F01020,D,Wheat (Durum),0.52 quintals,"₹ 2,560.00","₹ 1,331.20",BRD-YTM
T016536,20/04/2022,F01020,delivery,wheat,4.65 q,"₹ 2,560.00","₹ 11,904.00",BRD-YTM
T016537,10/12/2021,F01020,Input Purchase,Bio-pesticide,77 kg,₹ 569.24,"₹ 43,831.48",BRD-YTM
T016538,07/04/2022,f01021,DELIVERY,Bengal Gram,0.3 qtl,"₹ 6,675.00","₹ 1,735.50",BRD-YTM
T016539,28/03/2022,F01021,delivery,chana,12.61 q,"₹ 6,675.00","₹ 84,171.75",BRD-YTM
T016540,20/04/2022,F01021,Delivery,Lokwan Wheat,29.79 quintals,"₹ 2,555.00","₹ 76,113.45",BRD-YTM
T016541,26/12/2021,f01021,Input Purchase,Hybrid Seeds,264 kgs,₹ 47.00,"₹ 12,408.00",BRD-YTM
T016542,19/12/2021,F01021,FERT_PURCHASE,Seeds,155 kg,₹ 67.56,"₹ 10,471.80",BRD-YTM
T016543,24/03/2022,F01022,DELIVERY,chana,3.2 qtl,"₹ 5,805.00","₹ 18,692.10",BRD-YTM
T016544,21/04/2022,F01022,delivery,GRAM (Chana),4.44 quintals,"₹ 5,805.00","₹ 25,774.20",BRD-YTM
T016545,09/01/2022,F01022,Input Purchase,Seeds,226 kg,₹ 95.43,"₹ 21,567.18",BRD-YTM
T016546,14/05/2022,F01023,delivery,Gram,4.47 quintals,"₹ 6,640.00","₹ 29,680.80",BRD-YTM
T016547,24/04/2022, F01023 ,FPO_DELIVERY,GRAM (Chana),5.79 q,"₹ 6,640.00","₹ 38,445.60",BRD-YTM
T016548,15/05/2022,F01029,Delivery,chana,7.41 q,"₹ 6,300.00","₹ 46,683.00",BRD-YTM
T016549,11/01/2022,F01029,input,Hybrid Seeds,175 kgs,₹ 113.26,"₹ 19,820.50",BRD-YTM
T016550,28/12/2021,F01029,I,Hybrid Seeds,136 kgs,₹ 85.06,"₹ 11,568.16",BRD-YTM
T016551,04/04/2022,F01030,DELIVERY,Bengal Gram,2.36 quintals,"₹ 6,335.00","₹ 14,950.60",BRD-YTM
T016552,04/05/2022,F01030,D,wheat,0.09 q,"₹ 2,475.00",₹ 222.75,BRD-YTM
T016553,30/03/2022,f01030,Delivery,Wheat (Durum),5.99 q,"₹ 2,475.00","₹ 14,825.25",BRD-YTM
T016554,06/12/2021,F01030,FERT_PURCHASE,Fertilizer,298 kgs,₹ 47.65,"₹ 14,199.70",BRD-YTM
T016555,18/12/2021,F01030,input,Fertilizer,119 kg,₹ 49.16,"₹ 5,850.04",BRD-YTM
T016556,17/04/2022,F01032,DELIVERY,chana,1.9 qtl,"₹ 6,540.00","₹ 12,164.40",BRD-YTM
T016557,12/04/2022,F01032,DELIVERY,GRAM (Chana),6.5 qtl,"₹ 6,540.00","₹ 42,444.60",BRD-YTM
T016558,11/04/2022,F01032,FPO_DELIVERY,wheat,9.85 q,"₹ 2,465.00","₹ 24,280.25",BRD-YTM
T016559,05/05/2022,F01032,Delivery,Wheat (Durum),9.76 q,"₹ 2,465.00","₹ 24,058.40",BRD-YTM
T016560,04/12/2021,F01032,I,Fertilizer,309 kgs,₹ 47.85,"₹ 14,785.65",BRD-YTM
T016561,17/03/2022,F01035,FPO_DELIVERY,Bengal Gram,4.2 qtl,"₹ 5,825.00","₹ 24,639.75",BRD-YTM
T016562,24/03/2022, F01035 ,D,chana,1.05 q,"₹ 5,825.00","₹ 6,116.25",BRD-YTM
T016563,07/04/2022,F01035,DELIVERY,Lokwan Wheat,5.16 quintals,"₹ 2,415.00","₹ 12,461.40",BRD-YTM
T016564,06/05/2022,F01035,Delivery,WHEAT,11.63 q,"₹ 2,415.00","₹ 28,086.45",BRD-YTM
T016565,27/12/2021,F01035,I,FERTILIZER 50kg bag,314 kgs,₹ 43.50,"₹ 13,659.00",BRD-YTM
T016566,16/03/2022,F01036,Delivery,Gram,10.86 q,"₹ 5,810.00","₹ 63,096.60",BRD-YTM
T016567,07/01/2022,F01036,I,DAP,295 kg,₹ 42.54,"₹ 12,549.30",BRD-YTM
T016568,25/12/2021,f01036,input,NPK 10:26:26,93 kg,₹ 53.36,"₹ 4,962.48",BRD-YTM
T016569,06/04/2022,F01037,D,chana,7.2 qtl,"₹ 6,190.00","₹ 44,444.20",BRD-YTM
T016570,28/03/2022,F01037,DELIVERY,Lokwan Wheat,4.5 qtl,"₹ 2,345.00","₹ 10,599.40",BRD-YTM
T016571,08/04/2022,F01037,delivery,wheat,17.5 qtl,"₹ 2,345.00","₹ 41,084.40",BRD-YTM
T016572,03/12/2021,F01037,I,PPC,214 kg,₹ 288.18,"₹ 61,670.52",BRD-YTM
T016573,11/12/2021,F01037,Input Purchase,Bio-pesticide,260 kg,₹ 141.76,"₹ 36,857.60",BRD-YTM
T016574,18/04/2022,f01040,delivery,Gram,0.90 quintals,"₹ 6,255.00","₹ 5,629.50",BRD-YTM
T016575,20/04/2022,F01040,delivery,chana,2.5 qtl,"₹ 6,255.00","₹ 15,512.40",BRD-YTM
T016576,21/12/2021,F01040,I,FERTILIZER 50kg bag,152 kg,₹ 46.89,"₹ 7,127.28",BRD-YTM
T016577,02/01/2022,F01040,Input Purchase,DAP,182 kgs,₹ 31.22,"₹ 5,682.04",BRD-YTM
T016578,11/01/2022,f01040,FERT_PURCHASE,NPK 10:26:26,101 kg,₹ 57.42,"₹ 5,799.42",BRD-YTM
T016579,02/03/2022,F01042,D,Bengal Gram,1.96 quintals,"₹ 6,310.00","₹ 12,367.60",BRD-YTM
T016580,32/01/2022,F01042,FPO_DELIVERY,GRAM (Chana),2.91 quintals,"₹ 6,310.00","₹ 18,362.10",BRD-YTM
T016581,13/04/2022,F01042,Delivery,Gram,9.4 qtl,"₹ 6,310.00","₹ 59,503.30",BRD-YTM
T016582,18/12/2021,F01042,Input Purchase,SEEDS,214 kgs,₹ 56.13,"₹ 12,011.82",BRD-YTM
T016583,14/12/2021,F01042,FERT_PURCHASE,PPC,171 kgs,₹ 690.39,"₹ 1,18,056.69",BRD-YTM
T016584,01/12/2021,F01042,loan,EMI,,,"₹ 5,700.00",BRD-YTM
T016585,18/03/2022,F01044,FPO_DELIVERY,Gram,4.51 q,"₹ 6,365.00","₹ 28,706.15",BRD-YTM
T016586,28/04/2022,F01044,Delivery,Gram,17.91 quintals,"₹ 6,365.00","₹ 1,13,997.15",BRD-YTM
T016587,10/03/2022,F01044,DELIVERY,Lokwan Wheat,39.22 quintals,"₹ 2,560.00","₹ 1,00,403.20",BRD-YTM
T016588,04/05/2022,F01044,DELIVERY,Wheat,28.51 q,"₹ 2,560.00","₹ 72,985.60",BRD-YTM
T016589,12/12/2021,F01044,INPUT_PURCHASE,PPC,172 kgs,₹ 358.94,"₹ 61,737.68",BRD-YTM
T016590,02/05/2022,F01048,DELIVERY,Bengal Gram,4.34 q,"₹ 6,535.00","₹ 28,361.90",BRD-YTM
T016591,13/12/2021,F01048,FERT_PURCHASE,Urea,254 kgs,₹ 53.19,"₹ 13,510.26",BRD-YTM
T016592,20/12/2021,F01048,Input Purchase,FERTILIZER 50kg bag,266 kgs,₹ 54.81,"₹ 14,579.46",BRD-YTM
T016593,06/12/2021,F01048,Input Purchase,Urea,117 kgs,₹ 51.60,"₹ 6,037.20",BRD-YTM
T016594,08/01/2022,F01048,FERT_PURCHASE,Urea,306 kg,₹ 54.86,"₹ 16,787.16",BRD-YTM
T016595,01/05/2022,f01050,delivery,Bengal Gram,23.63 q,"₹ 6,105.00","₹ 1,44,261.15",BRD-YTM
T016596,07/01/2022,F01050,INPUT_PURCHASE,DAP,201 kgs,₹ 32.32,"₹ 6,496.32",BRD-YTM
T016597,25/12/2021,F01050,input,DAP,143 kgs,₹ 51.18,"₹ 7,318.74",BRD-YTM
T016598,09/12/2021,F01050,I,DAP,126 kg,₹ 39.44,"₹ 4,969.44",BRD-YTM
T016599,05/12/2021,F01050,I,SEEDS,27 kgs,₹ 75.36,"₹ 2,034.72",BRD-YTM
T016600,01/03/2022,F01051,DELIVERY,GRAM (Chana),7.25 q,"₹ 6,160.00","₹ 44,660.00",BRD-YTM
T016601,26/04/2022,F01051,Delivery,WHEAT,23.5 qtl,"₹ 2,530.00","₹ 59,353.80",BRD-YTM
T016602,03/12/2021,F01051,INPUT_PURCHASE,Fertilizer,88 kg,₹ 58.58,"₹ 5,155.04",BRD-YTM
T016603,20/12/2021,F01051,FERT_PURCHASE,Hybrid Seeds,216 kg,₹ 59.42,"₹ 12,834.72",BRD-YTM
T016604,13/01/2022,F01051,Input Purchase,Urea,313 kgs,₹ 39.06,"₹ 12,225.78",BRD-YTM
T016605,14/03/2022,F01054,Delivery,chana,3.57 quintals,"₹ 6,335.00","₹ 22,615.95",BRD-YTM
T016606,11/03/2022, F01054 ,delivery,Gram,8.69 quintals,"₹ 6,335.00","₹ 55,051.15",BRD-YTM
T016607,11/03/2022,F01054,delivery,WHEAT,25.42 quintals,"₹ 2,450.00","₹ 62,279.00",BRD-YTM
T016608,09/05/2022,F01054,DELIVERY,Wheat,8.0 qtl,"₹ 2,450.00","₹ 19,649.00",BRD-YTM
T016609,25/04/2022, F01055 ,FPO_DELIVERY,Bengal Gram,1.1 qtl,"₹ 6,100.00","₹ 6,588.00",BRD-YTM
T016610,16/04/2022,F01055,D,Bengal Gram,14.95 q,"₹ 6,100.00","₹ 91,195.00",BRD-YTM
T016611,13/03/2022,F01055,FPO_DELIVERY,WHEAT,44.05 quintals,"₹ 2,375.00","₹ 1,04,618.75",BRD-YTM
T016612,07/05/2022,F01055,Delivery,Wheat (Durum),0.87 q,"₹ 2,375.00","₹ 2,066.25",BRD-YTM
T016613,19/12/2021,f01055,INPUT_PURCHASE,PPC,99 kgs,₹ 268.86,"₹ 26,617.14",BRD-YTM
T016614,21/12/2021,f01055,INPUT_PURCHASE,NPK 10:26:26,55 kgs,₹ 44.04,"₹ 2,422.20",BRD-YTM
T016615,05/05/2022,F01057,delivery,chana,3.2 qtl,"₹ 5,365.00","₹ 17,007.05",BRD-YTM
T016616,19/03/2022,F01057,DELIVERY,Bengal Gram,9.56 q,"₹ 5,365.00","₹ 51,289.40",BRD-YTM
T016617,05/01/2022,F01057,input,Seeds,282 kgs,₹ 67.25,"₹ 18,964.50",BRD-YTM
T016618,18/12/2021,f01057,FERT_PURCHASE,Seeds,136 kg,₹ 84.38,"₹ 11,475.68",BRD-YTM
T016619,14/12/2021,F01057,I,Fertilizer,292 kgs,₹ 47.49,"₹ 13,867.08",BRD-YTM
T016620,20/03/2022,F01058,D,Gram,11.1 qtl,"₹ 6,270.00","₹ 69,785.10",BRD-YTM
T016621,20/03/2022,f01062,delivery,Bengal Gram,7.8 qtl,"₹ 6,375.00","₹ 49,661.25",BRD-YTM
T016622,08/03/2022,F01062,FPO_DELIVERY,Gram,1.90 quintals,"₹ 6,375.00","₹ 12,112.50",BRD-YTM
T016623,11/04/2022,F01062,FPO_DELIVERY,wheat,24.1 qtl,"₹ 2,575.00","₹ 62,057.50",BRD-YTM
T016624,31/12/2021,F01062,I,NPK 10:26:26,172 kg,₹ 36.80,"₹ 6,329.60",BRD-YTM
T016625,26/04/2022,F01063,FPO_DELIVERY,Bengal Gram,2.9 qtl,"₹ 6,130.00","₹ 17,470.50",BRD-YTM
T016626,04/04/2022,f01063,Delivery,GRAM (Chana),0.7 qtl,"₹ 6,130.00","₹ 4,352.30",BRD-YTM
T016627,10/04/2022,F01063,DELIVERY,Lokwan Wheat,9.36 q,"₹ 2,495.00","₹ 23,353.20",BRD-YTM
T016628,15/05/2022,F01063,Delivery,Wheat,0.41 q,"₹ 2,495.00","₹ 1,022.95",BRD-YTM
T016629,02/12/2021,F01063,input,Seeds,210 kgs,₹ 45.23,"₹ 9,498.30",BRD-YTM
T016630,08/12/2021,F01063,Input Purchase,PPC,239 kgs,₹ 466.61,"₹ 1,11,519.79",BRD-YTM
T016631,19/03/2022,F01064,delivery,GRAM (Chana),6.69 q,"₹ 6,250.00","₹ 41,812.50",BRD-YTM
T016632,13/03/2022,F01064,Delivery,Gram,16.78 quintals,"₹ 6,250.00","₹ 1,04,875.00",BRD-YTM
T016633,01/01/2022,F01064,FERT_PURCHASE,Urea,313 kgs,₹ 28.76,"₹ 9,001.88",BRD-YTM
T016634,03/12/2021,F01064,LOAN_REPAY,Loan Repayment,,,"₹ 3,100.00",BRD-YTM
T016635,06/04/2022,F01064,LOAN_REPAY,EMI,,,"₹ 3,500.00",BRD-YTM
T016636,08/05/2022,F01064,L,EMI,,,"₹ 3,400.00",BRD-YTM
T016637,24/04/2022,F01066,DELIVERY,chana,4.27 quintals,"₹ 6,095.00","₹ 26,025.65",BRD-YTM
T016638,02/04/2022,F01066,delivery,GRAM (Chana),0.93 quintals,"₹ 6,095.00","₹ 5,668.35",BRD-YTM
T016639,01/03/2022,F01066,DELIVERY,Wheat,7.50 quintals,"₹ 2,465.00","₹ 18,487.50",BRD-YTM
T016640,04/04/2022,f01066,DELIVERY,Wheat,2.22 quintals,"₹ 2,465.00","₹ 5,472.30",BRD-YTM
T016641,05/03/2022,f01066,delivery,wheat,2.5 qtl,"₹ 2,465.00","₹ 6,137.85",BRD-YTM
T016642,28/03/2022,F01070,Delivery,Bengal Gram,1.9 qtl,"₹ 6,210.00","₹ 11,736.90",BRD-YTM
T016643,07/04/2022,F01070,delivery,GRAM (Chana),3.5 qtl,"₹ 6,210.00","₹ 21,610.80",BRD-YTM
T016644,13/03/2022,F01070,delivery,wheat,9.10 quintals,"₹ 2,670.00","₹ 24,297.00",BRD-YTM
T016645,09/04/2022,f01070,D,wheat,3.42 quintals,"₹ 2,670.00","₹ 9,131.40",BRD-YTM
T016646,30/12/2021,F01070,input,NPK 10:26:26,257 kgs,₹ 54.57,"₹ 14,024.49",BRD-YTM
T016647,29/12/2021,F01070,Input Purchase,Urea,210 kgs,₹ 37.61,"₹ 7,898.10",BRD-YTM
T016648,15/12/2021,F01070,Input Purchase,PP chemicals,105 kg,₹ 203.78,"₹ 21,396.90",BRD-YTM
T016649,21/03/2022,F01071,DELIVERY,chana,4.64 q,"₹ 6,295.00","₹ 29,208.80",BRD-YTM
T016650,32/01/2022,F01071,D,Bengal Gram,1.73 quintals,"₹ 6,295.00","₹ 10,890.35",BRD-YTM
T016651,09/12/2021,F01071,INPUT_PURCHASE,Hybrid Seeds,205 kg,₹ 109.90,"₹ 22,529.50",BRD-YTM
T016652,19/03/2022,F01071,Loan Repayment,EMI,,,"₹ 3,800.00",BRD-YTM
T016653,14/04/2022,F01074,Delivery,GRAM (Chana),1.3 qtl,"₹ 6,435.00","₹ 8,494.20",BRD-YTM
T016654,19/12/2021,F01074,FERT_PURCHASE,Urea,254 kgs,₹ 58.23,"₹ 14,790.42",BRD-YTM
T016655,09/12/2021,F01074,input,DAP,35 kg,₹ 47.08,"₹ 1,647.80",BRD-YTM
T016656,05/04/2022,f01075,FPO_DELIVERY,Gram,24.3 qtl,"₹ 6,180.00","₹ 1,50,174.00",BRD-YTM
T016657,27/03/2022,F01075,delivery,chana,7.9 qtl,"₹ 6,180.00","₹ 48,822.00",BRD-YTM
T016658,22/02/2022,F01075,Loan Repayment,EMI,,,"₹ 4,900.00",BRD-YTM
T016659,04/04/2022,f01076,FPO_DELIVERY,Gram,4.49 q,"₹ 6,275.00","₹ 28,174.75",BRD-YTM
T016660,04/03/2022,F01076,D,GRAM (Chana),2.8 qtl,"₹ 6,275.00","₹ 17,319.00",BRD-YTM
T016661,18/03/2022,F01076,delivery,WHEAT,16.48 q,"₹ 2,345.00","₹ 38,645.60",BRD-YTM
T016662,09/05/2022,F01076,D,Lokwan Wheat,0.1 qtl,"₹ 2,345.00",₹ 328.30,BRD-YTM
T016663,04/01/2022,F01076,FERT_PURCHASE,Urea,244 kg,₹ 37.54,"₹ 9,159.76",BRD-YTM
T016664,14/05/2022,f01079,DELIVERY,chana,7.39 q,"₹ 6,485.00","₹ 47,924.15",BRD-YTM
T016665,30/12/2021,F01079,Input Purchase,DAP,182 kg,₹ 58.04,"₹ 10,563.28",BRD-YTM
T016666,07/04/2022,F01081,FPO_DELIVERY,Bengal Gram,6.11 quintals,"₹ 5,900.00","₹ 36,049.00",BRD-YTM
T016667,30/04/2022,F01081,Delivery,Gram,8.8 qtl,"₹ 5,900.00","₹ 52,215.00",BRD-YTM
T016668,18/04/2022,F01081,Delivery,Wheat,30.12 q,"₹ 2,535.00","₹ 76,354.20",BRD-YTM
T016669,12/05/2022,F01081,FPO_DELIVERY,Lokwan Wheat,11.21 q,"₹ 2,535.00","₹ 28,417.35",BRD-YTM
T016670,05/03/2022,F01081,loan,Loan Repayment,,,"₹ 5,700.00",BRD-YTM
T016671,10/04/2022,F01082,Delivery,Gram,7.50 q,"₹ 6,295.00","₹ 47,212.50",BRD-YTM
T016672,22/12/2021,f01082,INPUT_PURCHASE,SEEDS,123 kg,₹ 98.26,"₹ 12,085.98",BRD-YTM
T016673,03/12/2021,F01082,input,FERTILIZER 50kg bag,196 kg,₹ 39.90,"₹ 7,820.40",BRD-YTM
T016674,12/01/2022,F01082,FERT_PURCHASE,Urea,159 kg,₹ 34.88,"₹ 5,545.92",BRD-YTM
T016675,10/12/2021,f01082,FERT_PURCHASE,Seeds,188 kg,₹ 109.13,"₹ 20,516.44",BRD-YTM
T016676,06/03/2022,f01087,FPO_DELIVERY,Gram,15.2 qtl,"₹ 6,240.00","₹ 94,785.60",BRD-YTM
T016677,12/04/2022,F01088,FPO_DELIVERY,Bengal Gram,6.28 q,"₹ 6,025.00","₹ 37,837.00",BRD-YTM
T016678,10/03/2022,F01088,Delivery,Lokwan Wheat,3.67 quintals,"₹ 2,415.00","₹ 8,863.05",BRD-YTM
T016679,18/04/2022,F01088,delivery,Wheat,10.56 q,"₹ 2,415.00","₹ 25,502.40",BRD-YTM
T016680,10/01/2022,F01088,INPUT_PURCHASE,Fertilizer,209 kgs,₹ 42.49,"₹ 8,880.41",BRD-YTM
T016681,01/01/2022,F01088,I,PP chemicals,146 kg,₹ 239.41,"₹ 34,953.86",BRD-YTM
T016682,05/01/2022,F01088,input,PP chemicals,35 kgs,₹ 280.54,"₹ 9,818.90",BRD-YTM
T016683,07/04/2022,F01090,Delivery,Gram,2.25 quintals,"₹ 6,135.00","₹ 13,803.75",BRD-YTM
T016684,02/04/2022,F01091,Delivery,GRAM (Chana),2.24 q,"₹ 6,390.00","₹ 14,313.60",BRD-YTM
T016685,07/03/2022,F01091,Delivery,chana,3.40 q,"₹ 6,390.00","₹ 21,726.00",BRD-YTM
T016686,16/04/2022,F01091,Delivery,Lokwan Wheat,6.06 q,"₹ 2,540.00","₹ 15,392.40",BRD-YTM
T016687,25/04/2022,F01091,FPO_DELIVERY,Wheat (Durum),8.8 qtl,"₹ 2,540.00","₹ 22,352.00",BRD-YTM
T016688,03/05/2022,F01091,Loan Repayment,Loan Repayment,,,"₹ 3,200.00",BRD-YTM
T016689,26/02/2022,f01091,Loan Repayment,EMI,,,"₹ 6,200.00",BRD-YTM
T016690,13/05/2022,F01092,Delivery,Bengal Gram,9.7 qtl,"₹ 6,180.00","₹ 60,007.80",BRD-YTM
T016691,06/01/2022,F01092,Input Purchase,NPK 10:26:26,130 kg,₹ 35.91,"₹ 4,668.30",BRD-YTM
T016692,25/12/2021,f01092,I,Fertilizer,71 kgs,₹ 28.31,"₹ 2,010.01",BRD-YTM
T016693,17/04/2022,F01093,Delivery,chana,27.86 quintals,"₹ 5,965.00","₹ 1,66,184.90",BRD-YTM
T016694,09/05/2022,F01095,delivery,Gram,2.0 qtl,"₹ 6,075.00","₹ 12,150.00",BRD-YTM
T016695,04/04/2022, F01095 ,DELIVERY,Bengal Gram,2.34 q,"₹ 6,075.00","₹ 14,215.50",BRD-YTM
T016696,06/05/2022,F01095,delivery,Wheat (Durum),12.8 qtl,"₹ 2,455.00","₹ 31,374.90",BRD-YTM
T016697,24/03/2022,F01095,DELIVERY,Lokwan Wheat,0.1 qtl,"₹ 2,455.00",₹ 245.50,BRD-YTM
T016698,28/12/2021,F01095,I,SEEDS,247 kgs,₹ 45.64,"₹ 11,273.08",BRD-YTM
T016699,16/05/2022,F01095,Loan Repayment,Loan Repayment,,,"₹ 6,800.00",BRD-YTM
T016700,08/03/2022,F01095,LOAN_REPAY,Loan Repayment,,,"₹ 5,500.00",BRD-YTM
T016701,20/03/2022,f01098,D,chana,6.5 qtl,"₹ 6,210.00","₹ 40,365.00",BRD-YTM
T016702,18/03/2022,F01098,Delivery,Wheat,5.2 qtl,"₹ 2,760.00","₹ 14,214.00",BRD-YTM
T016703,17/04/2022,F01098,DELIVERY,Lokwan Wheat,11.09 quintals,"₹ 2,760.00","₹ 30,608.40",BRD-YTM
T016704,13/12/2021,F01098,INPUT_PURCHASE,NPK 10:26:26,299 kg,₹ 52.09,"₹ 15,574.91",BRD-YTM
T016705,17/02/2022,F01098,Loan Repayment,EMI,,,"₹ 2,500.00",BRD-YTM
T016706,12/03/2022,F01099,DELIVERY,Bengal Gram,9.39 q,"₹ 6,150.00","₹ 57,748.50",BRD-YTM
T016707,05/05/2022,F01099,DELIVERY,Bengal Gram,0.57 quintals,"₹ 6,150.00","₹ 3,505.50",BRD-YTM
T016708,22/04/2022,F01099,FPO_DELIVERY,Lokwan Wheat,21.65 quintals,"₹ 2,540.00","₹ 54,991.00",BRD-YTM
T016709,17/04/2022,F01099,delivery,Wheat,2.54 quintals,"₹ 2,540.00","₹ 6,451.60",BRD-YTM
T016710,08/03/2022,F01102,FPO_DELIVERY,chana,0.47 q,"₹ 6,315.00","₹ 2,968.05",BRD-YTM
T016711,30/03/2022,F01102,FPO_DELIVERY,Bengal Gram,1.8 qtl,"₹ 6,315.00","₹ 11,367.00",BRD-YTM
T016712,15/04/2022,F01102,D,Gram,1.44 q,"₹ 6,315.00","₹ 9,093.60",BRD-YTM
T016713,07/01/2022,F01102,Input Purchase,Urea,71 kgs,₹ 44.83,"₹ 3,182.93",BRD-YTM
T016714,20/12/2021,F01102,FERT_PURCHASE,Bio-pesticide,165 kg,₹ 283.41,"₹ 46,762.65",BRD-YTM
T016715,03/12/2021,F01102,FERT_PURCHASE,DAP,240 kg,₹ 36.31,"₹ 8,714.40",BRD-YTM
T016716,08/05/2022,F01104,D,Gram,2.0 qtl,"₹ 6,200.00","₹ 12,152.00",BRD-YTM
T016717,23/04/2022,F01104,D,Gram,4.47 q,"₹ 6,200.00","₹ 27,714.00",BRD-YTM
T016718,01/03/2022,f01104,FPO_DELIVERY,GRAM (Chana),15.9 qtl,"₹ 6,200.00","₹ 98,642.00",BRD-YTM
T016719,15/12/2021,F01104,Input Purchase,DAP,99 kgs,₹ 42.52,"₹ 4,209.48",BRD-YTM
T016720,12/12/2021,F01104,input,SEEDS,191 kg,₹ 105.16,"₹ 20,085.56",BRD-YTM
T016721,20/12/2021,F01104,INPUT_PURCHASE,Bio-pesticide,283 kgs,₹ 601.17,"₹ 1,70,131.11",BRD-YTM
T016722,16/04/2022,F01105,Delivery,Gram,15.5 qtl,"₹ 6,000.00","₹ 93,060.00",BRD-YTM
T016723,14/04/2022,f01105,FPO_DELIVERY,Gram,3.4 qtl,"₹ 6,000.00","₹ 20,460.00",BRD-YTM
T016724,02/04/2022,F01105,DELIVERY,Bengal Gram,5.6 qtl,"₹ 6,000.00","₹ 33,660.00",BRD-YTM
T016725,14/03/2022, F01107 ,FPO_DELIVERY,Gram,10.54 q,"₹ 5,860.00","₹ 61,764.40",BRD-YTM
T016726,04/05/2022,F01107,D,GRAM (Chana),5.28 q,"₹ 5,860.00","₹ 30,940.80",BRD-YTM
T016727,21/12/2021,F01107,input,Fertilizer,197 kg,₹ 59.84,"₹ 11,788.48",BRD-YTM
T016728,01/12/2021,F01107,INPUT_PURCHASE,FERTILIZER 50kg bag,279 kg,₹ 39.91,"₹ 11,134.89",BRD-YTM
T016729,30/12/2021,F01107,INPUT_PURCHASE,FERTILIZER 50kg bag,66 kg,₹ 56.77,"₹ 3,746.82",BRD-YTM
T016730,08/01/2022,F01107,INPUT_PURCHASE,Hybrid Seeds,71 kg,₹ 93.47,"₹ 6,636.37",BRD-YTM
T016731,02/12/2021,F01107,FERT_PURCHASE,Bio-pesticide,193 kgs,₹ 498.73,"₹ 96,254.89",BRD-YTM
T016732,06/03/2022,F01107,LOAN_REPAY,EMI,,,"₹ 5,600.00",BRD-YTM
T016733,16/03/2022,F01109,FPO_DELIVERY,chana,3.4 qtl,"₹ 6,500.00","₹ 21,905.00",BRD-YTM
T016734,11/01/2022,f01109,FERT_PURCHASE,Bio-pesticide,131 kg,₹ 612.52,"₹ 80,240.12",BRD-YTM
T016735,27/03/2022,F01110,FPO_DELIVERY,Bengal Gram,16.3 qtl,"₹ 6,315.00","₹ 1,02,745.05",BRD-YTM
T016736,24/03/2022,F01110,D,Wheat (Durum),50.07 q,"₹ 2,420.00","₹ 1,21,169.40",BRD-YTM
T016737,17/03/2022,F01111,DELIVERY,Gram,4.71 q,"₹ 6,185.00","₹ 29,131.35",BRD-YTM
T016738,06/03/2022,f01111,Delivery,GRAM (Chana),7.16 quintals,"₹ 6,185.00","₹ 44,284.60",BRD-YTM
T016739,13/12/2021, F01111 ,L,EMI,,,"₹ 7,800.00",BRD-YTM
T016740,20/01/2022,F01111,loan,EMI,,,"₹ 6,800.00",BRD-YTM
T016741,12/02/2022,F01111,LOAN_REPAY,EMI,,,"₹ 3,300.00",BRD-YTM
T016742,28/02/2022,f01111,LOAN_REPAY,Loan Repayment,,,"₹ 6,700.00",BRD-YTM
T016743,11/02/2022,f01111,loan,EMI,,,"₹ 2,100.00",BRD-YTM
T016744,31/03/2022,F01112,FPO_DELIVERY,Gram,23.3 qtl,"₹ 6,545.00","₹ 1,52,302.15",BRD-YTM
T016745,22/03/2022,F01112,DELIVERY,Lokwan Wheat,57.9 qtl,"₹ 2,625.00","₹ 1,52,013.75",BRD-YTM
T016746,09/04/2022,F01112,Delivery,wheat,0.36 q,"₹ 2,625.00",₹ 945.00,BRD-YTM
T016747,05/01/2022,F01112,I,DAP,194 kg,₹ 30.23,"₹ 5,864.62",BRD-YTM
T016748,31/03/2022,F01114,Delivery,Bengal Gram,9.60 q,"₹ 6,570.00","₹ 63,072.00",BRD-YTM
T016749,07/01/2022,F01114,Input Purchase,SEEDS,115 kgs,₹ 104.66,"₹ 12,035.90",BRD-YTM
T016750,31/03/2022,F01115,FPO_DELIVERY,Gram,7.83 quintals,"₹ 6,225.00","₹ 48,741.75",BRD-YTM
T016751,16/03/2022, F01115 ,delivery,wheat,1.3 qtl,"₹ 2,580.00","₹ 3,431.40",BRD-YTM
T016752,26/04/2022,f01115,D,WHEAT,21.25 quintals,"₹ 2,580.00","₹ 54,825.00",BRD-YTM
T016753,30/04/2022,F01116,D,chana,1.25 quintals,"₹ 6,490.00","₹ 8,112.50",BRD-YTM
T016754,21/04/2022,f01116,Delivery,chana,13.4 qtl,"₹ 6,490.00","₹ 86,901.10",BRD-YTM
T016755,26/12/2021,F01116,input,PP chemicals,,₹ 320.15,"₹ 84,839.75",BRD-YTM
T016756,01/12/2021,F01116,FERT_PURCHASE,Hybrid Seeds,172 kg,₹ 65.39,"₹ 11,247.08",BRD-YTM
T016757,11/03/2022, F01117 ,Delivery,Bengal Gram,1.20 quintals,"₹ 5,985.00","₹ 7,182.00",BRD-YTM
T016758,14/05/2022,F01117,Delivery,Gram,6.29 q,"₹ 5,985.00","₹ 37,645.65",BRD-YTM
T016759,11/12/2021,F01117,I,Seeds,256 kgs,₹ 112.34,"₹ 28,759.04",BRD-YTM
T016760,23/03/2022,F01120,FPO_DELIVERY,Bengal Gram,5.5 qtl,"₹ 6,245.00","₹ 34,534.85",BRD-YTM
T016761,01/04/2022,F01120,D,GRAM (Chana),10.17 quintals,"₹ 6,245.00","₹ 63,511.65",BRD-YTM
T016762,27/04/2022,F01120,D,Wheat (Durum),4.5 qtl,"₹ 2,370.00","₹ 10,688.70",BRD-YTM
T016763,12/05/2022, F01120 ,FPO_DELIVERY,Wheat (Durum),39.4 qtl,"₹ 2,370.00","₹ 93,259.50",BRD-YTM
T016764,14/01/2022,F01120,Input Purchase,PPC,306 kgs,₹ 480.97,"₹ 1,47,176.82",BRD-YTM
T016765,06/03/2022,f01121,Delivery,chana,0.37 quintals,"₹ 5,795.00","₹ 2,144.15",BRD-YTM
T016766,06/03/2022,F01121,D,Gram,3.04 quintals,"₹ 5,795.00","₹ 17,616.80",BRD-YTM
T016767,02/01/2022,F01121,I,Hybrid Seeds,43 kg,₹ 52.71,"₹ 2,266.53",BRD-YTM
T016768,30/12/2021,F01121,FERT_PURCHASE,Urea,220 kg,₹ 55.25,"₹ 12,155.00",BRD-YTM
T016769,19/03/2022,F01122,delivery,Gram,0.51 quintals,"₹ 5,815.00","₹ 2,965.65",BRD-YTM
T016770,19/03/2022,F01122,Delivery,Bengal Gram,2.39 q,"₹ 5,815.00","₹ 13,897.85",BRD-YTM
T016771,23/04/2022,F01122,delivery,WHEAT,0.9 qtl,"₹ 2,365.00",₹ N/A,BRD-YTM
T016772,12/03/2022,F01122,delivery,Wheat,7.38 quintals,"₹ 2,365.00","₹ 17,453.70",BRD-YTM
T016773,02/12/2021,F01122,INPUT_PURCHASE,NPK 10:26:26,204 kgs,₹ 29.32,"₹ 5,981.28",BRD-YTM
T016774,10/12/2021,F01122,FERT_PURCHASE,Seeds,306 kg,₹ 124.51,"₹ 38,100.06",BRD-YTM
T016775,20/12/2021,F01122,input,DAP,181 kg,₹ 30.21,"₹ 5,468.01",BRD-YTM
T016776,07/12/2021,F01122,Input Purchase,Bio-pesticide,182 kg,₹ 175.83,"₹ 32,001.06",BRD-YTM
T016777,09/12/2021,F01122,Input Purchase,Seeds,82 kg,₹ 100.48,"₹ 8,239.36",BRD-YTM
T016778,20/04/2022,F01123,FPO_DELIVERY,Gram,6.1 qtl,"₹ 6,090.00","₹ 36,966.30",BRD-YTM
T016779,17/12/2021,F01123,Input Purchase,Urea,157 kg,₹ 37.69,"₹ 5,917.33",BRD-YTM
T016780,31/03/2022,F01131,DELIVERY,Bengal Gram,8.1 qtl,"₹ 6,335.00","₹ 51,123.45",BRD-YTM
T016781,28/03/2022,F01131,delivery,Gram,2.6 qtl,"₹ 6,335.00","₹ 16,407.65",BRD-YTM
T016782,04/05/2022,F01131,Delivery,Bengal Gram,0.7 qtl,"₹ 6,335.00","₹ 4,371.15",BRD-YTM
T016783,29/04/2022,F01131,FPO_DELIVERY,wheat,28.54 q,"₹ 2,465.00","₹ 70,351.10",BRD-YTM
T016784,06/12/2021,F01131,input,Fertilizer,234 kgs,₹ 29.93,"₹ 7,003.62",BRD-YTM
T016785,20/12/2021,F01131,INPUT_PURCHASE,SEEDS,108 kgs,₹ 73.17,"₹ 7,902.36",BRD-YTM
T016786,15/01/2022,F01131,Input Purchase,DAP,34 kg,₹ 39.94,"₹ 1,357.96",BRD-YTM
T016787,28/03/2022,F01133,FPO_DELIVERY,chana,0.79 quintals,"₹ 6,415.00","₹ 5,067.85",BRD-YTM
T016788,18/03/2022,F01133,FPO_DELIVERY,Gram,3.7 qtl,"₹ 6,415.00","₹ 23,863.80",BRD-YTM
T016789,14/03/2022,F01133,D,WHEAT,4.81 q,"₹ 2,280.00","₹ 10,966.80",BRD-YTM
T016790,30/03/2022,F01133,FPO_DELIVERY,Wheat (Durum),5.90 quintals,"₹ 2,280.00","₹ 13,452.00",BRD-YTM
T016791,07/12/2021,F01133,I,Urea,213 kg,₹ 30.94,"₹ 6,590.22",BRD-YTM
T016792,10/01/2022,F01133,I,NPK 10:26:26,299 kgs,₹ 46.69,"₹ 13,960.31",BRD-YTM
T016793,21/12/2021,F01133,input,PP chemicals,202 kgs,₹ 389.35,₹ N/A,BRD-YTM
T016794,25/04/2022,f01133,L,Loan Repayment,,,"₹ 7,900.00",BRD-YTM
T016795,06/12/2021,F01133,Loan Repayment,Loan Repayment,,,"₹ 4,500.00",BRD-YTM
T016796,09/04/2022,F01133,Loan Repayment,Loan Repayment,,,"₹ 3,900.00",BRD-YTM
T016797,01/03/2022,F01135,FPO_DELIVERY,Bengal Gram,1.6 qtl,"₹ 5,865.00","₹ 9,618.60",BRD-YTM
T016798,31/03/2022,F01135,FPO_DELIVERY,chana,3.61 q,"₹ 5,865.00","₹ 21,172.65",BRD-YTM
T016799,31/12/2021,F01135,input,SEEDS,250 kg,₹ 55.68,"₹ 13,920.00",BRD-YTM
T016800,26/12/2021,F01135,Input Purchase,Fertilizer,98 kg,₹ 55.15,"₹ 5,404.70",BRD-YTM
T016801,11/05/2022,F01138,DELIVERY,chana,7.08 quintals,"₹ 6,565.00","₹ 46,480.20",BRD-YTM
T016802,03/01/2022,F01138,Input Purchase,DAP,193 kg,₹ 35.76,"₹ 6,901.68",BRD-YTM
T016803,22/12/2021,F01138,Input Purchase,PP chemicals,160 kg,₹ 239.84,"₹ 38,374.40",BRD-YTM
T016804,11/01/2022,F01138,L,Loan Repayment,,,"₹ 3,600.00",BRD-YTM
T016805,05/01/2022,F01138,LOAN_REPAY,EMI,,,"₹ 4,800.00",BRD-YTM
T016806,12/04/2022,f01139,delivery,Gram,9.0 qtl,"₹ 6,435.00","₹ 57,721.95",BRD-YTM
T016807,22/04/2022,f01139,delivery,chana,0.33 quintals,"₹ 6,435.00","₹ 2,123.55",BRD-YTM
T016808,04/05/2022,F01139,Delivery,WHEAT,1.7 qtl,"₹ 2,460.00","₹ 4,157.40",BRD-YTM
T016809,11/03/2022,F01139,D,Lokwan Wheat,22.1 qtl,"₹ 2,460.00","₹ 54,243.00",BRD-YTM
T016810,04/01/2022,F01139,I,DAP,103 kg,₹ 38.88,"₹ 4,004.64",BRD-YTM
T016811,11/01/2022,,LOAN_REPAY,EMI,,,"₹ 5,700.00",BRD-YTM
T016812,07/04/2022,f01141,FPO_DELIVERY,Bengal Gram,8.1 qtl,"₹ 5,875.00","₹ 47,587.50",BRD-YTM
T016813,21/04/2022,F01141,D,Bengal Gram,6.40 q,"₹ 5,875.00","₹ 37,600.00",BRD-YTM
T016814,31/03/2022,F01141,D,wheat,46.68 quintals,"₹ 2,465.00","₹ 1,15,066.20",BRD-YTM
T016815,15/12/2021,F01141,I,PP chemicals,159 kg,₹ 266.79,"₹ 42,419.61",BRD-YTM
T016816,15/01/2022,F01141,INPUT_PURCHASE,Urea,236 kg,₹ 48.77,"₹ 11,509.72",BRD-YTM
T016817,17/04/2022,F01142,D,GRAM (Chana),2.5 qtl,"₹ 6,365.00","₹ 15,912.50",BRD-YTM
T016818,30/03/2022,F01142,DELIVERY,GRAM (Chana),2.9 qtl,"₹ 6,365.00","₹ 18,140.25",BRD-YTM
T016819,24/12/2021,F01142,I,Seeds,287 kgs,₹ 59.00,"₹ 16,933.00",BRD-YTM
T016820,17/12/2021,F01142,Input Purchase,Seeds,147 kgs,₹ 94.07,"₹ 13,828.29",BRD-YTM
T016821,01/05/2022, F01146 ,FPO_DELIVERY,Bengal Gram,3.31 q,"₹ 6,355.00","₹ 21,035.05",BRD-YTM
T016822,28/04/2022,F01146,DELIVERY,GRAM (Chana),2.69 q,"₹ 6,355.00","₹ 17,094.95",BRD-YTM
T016823,11/04/2022,F01146,L,EMI,,,"₹ 5,500.00",BRD-YTM
T016824,10/05/2022,F01147,D,chana,18.08 quintals,"₹ 6,155.00","₹ 1,11,282.40",BRD-YTM
T016825,12/03/2022,F01147,Delivery,Lokwan Wheat,16.81 quintals,"₹ 2,505.00","₹ 42,109.05",BRD-YTM
T016826,29/04/2022,F01147,delivery,Lokwan Wheat,32.62 q,"₹ 2,505.00","₹ 81,713.10",BRD-YTM
T016827,15/12/2021,F01147,FERT_PURCHASE,DAP,244 kg,₹ 55.47,"₹ 13,534.68",BRD-YTM
T016828,19/12/2021,f01147,Input Purchase,NPK 10:26:26,268 kg,₹ 57.06,"₹ 15,292.08",BRD-YTM
T016829,23/12/2021,F01147,FERT_PURCHASE,SEEDS,234 kg,₹ 59.10,"₹ 13,829.40",BRD-YTM
T016830,28/04/2022,F01149,D,chana,5.83 q,"₹ 6,350.00","₹ 37,020.50",BRD-YTM
T016831,05/05/2022,F01149,delivery,WHEAT,17.09 quintals,"₹ 2,455.00","₹ 41,955.95",BRD-YTM
T016832,15/12/2021,F01149,input,NPK 10:26:26,319 kgs,₹ 57.06,"₹ 18,202.14",BRD-YTM
T016833,07/05/2022,f01151,Delivery,chana,3.14 q,"₹ 6,070.00","₹ 19,059.80",BRD-YTM
T016834,29/12/2021,f01151,input,Seeds,104 kg,₹ 69.31,"₹ 7,208.24",BRD-YTM
T016835,10/12/2021,F01151,INPUT_PURCHASE,NPK 10:26:26,184 kg,₹ 47.97,"₹ 8,826.48",BRD-YTM
T016836,22/03/2022, F01152 ,Delivery,chana,18.35 quintals,"₹ 6,340.00","₹ 1,16,339.00",BRD-YTM
T016837,06/04/2022,F01152,D,GRAM (Chana),3.22 q,"₹ 6,340.00","₹ 20,414.80",BRD-YTM
T016838,08/01/2022,F01152,INPUT_PURCHASE,Urea,224 kg,₹ 34.41,"₹ 7,707.84",BRD-YTM
T016839,05/05/2022,F01153,DELIVERY,Gram,8.1 qtl,"₹ 6,005.00","₹ 48,700.55",BRD-YTM
T016840,22/03/2022,F01153,Delivery,GRAM (Chana),6.91 q,"₹ 6,005.00","₹ 41,494.55",BRD-YTM
T016841,08/03/2022,F01153,delivery,wheat,21.23 q,"₹ 2,425.00","₹ 51,482.75",BRD-YTM
T016842,23/03/2022,f01153,FPO_DELIVERY,WHEAT,18.7 qtl,"₹ 2,425.00","₹ 45,396.00",BRD-YTM
T016843,11/12/2021,F01153,Input Purchase,FERTILIZER 50kg bag,179 kgs,₹ 34.50,"₹ 6,175.50",BRD-YTM
T016844,03/12/2021,F01153,FERT_PURCHASE,NPK 10:26:26,98 kg,₹ 28.15,"₹ 2,758.70",BRD-YTM
T016845,30/12/2021,f01153,Input Purchase,NPK 10:26:26,196 kg,₹ 57.73,"₹ 11,315.08",BRD-YTM
T018610,25/04/2022,F02225,DELIVERY,Bengal Gram,19.16 q,"₹ 5,850.00","₹ 1,12,086.00",BRD-YTM
T018611,07/03/2022,F02225,DELIVERY,Bengal Gram,1.37 quintals,"₹ 5,850.00","₹ 8,014.50",BRD-YTM
T018612,26/04/2022,F02225,FPO_DELIVERY,chana,5.9 qtl,"₹ 5,850.00","₹ 34,281.00",BRD-YTM
T018613,12/01/2022,F02225,INPUT_PURCHASE,Bio-pesticide,52 kgs,₹ 389.67,"₹ 20,262.84",BRD-YTM
T018628,11/04/2022,F02233,DELIVERY,Gram,6.4 qtl,"₹ 6,110.00","₹ 39,165.10",BRD-YTM
T018629,10/04/2022,F02233,Delivery,Gram,3.6 qtl,"₹ 6,110.00","₹ 22,179.30",BRD-YTM
T018630,08/12/2021,F02233,I,Hybrid Seeds,85 kg,₹ 96.66,"₹ 8,216.10",BRD-YTM
T018631,13/12/2021,F02233,input,Urea,208 kg,₹ 44.42,"₹ 9,239.36",BRD-YTM
T018673,22/04/2022,F02263,DELIVERY,GRAM (Chana),10.42 q,"₹ 6,535.00","₹ 68,094.70",BRD-YTM
T018674,30/04/2022,F02263,delivery,Bengal Gram,0.15 quintals,"₹ 6,535.00",₹ 980.25,BRD-YTM
T018675,16/03/2022,F02263,Delivery,GRAM (Chana),3.05 q,"₹ 6,535.00","₹ 19,931.75",BRD-YTM
T018676,01/12/2021,f02263,INPUT_PURCHASE,Seeds,45 kgs,₹ 100.86,"₹ 4,538.70",BRD-YTM
T018677,10/01/2022,F02263,I,DAP,256 kgs,₹ 31.17,"₹ 7,979.52",BRD-YTM
T018678,03/12/2021,F02263,input,NPK 10:26:26,71 kgs,₹ 40.94,"₹ 2,906.74",BRD-YTM
T018679,20/03/2022,f02263,Loan Repayment,Loan Repayment,,,"₹ 5,900.00",BRD-YTM
T018688,07/04/2022,F02270,delivery,Gram,7.1 qtl,"₹ 6,925.00","₹ 48,890.50",BRD-YTM
T018689,24/04/2022,F02270,D,chana,9.53 q,"₹ 6,925.00","₹ 65,995.25",BRD-YTM
T018690,10/01/2022,F02270,Input Purchase,Urea,60 kgs,₹ 29.87,"₹ 1,792.20",BRD-YTM
T018691,30/12/2021,f02270,FERT_PURCHASE,Urea,315 kg,₹ 55.67,"₹ 17,536.05",BRD-YTM
T018692,03/12/2021,F02270,FERT_PURCHASE,Seeds,43 kgs,₹ 111.51,"₹ 4,794.93",BRD-YTM
T018705,06/03/2022,F02279,DELIVERY,Bengal Gram,4.8 qtl,"₹ 6,375.00","₹ 30,791.25",BRD-YTM
T018706,16/04/2022,F02279,delivery,GRAM (Chana),6.74 quintals,"₹ 6,375.00","₹ 42,967.50",BRD-YTM
T018707,11/12/2021,F02279,Input Purchase,DAP,173 kg,₹ 34.69,"₹ 6,001.37",BRD-YTM
T018708,01/01/2022,F02279,Input Purchase,SEEDS,33 kgs,₹ 56.92,"₹ 1,878.36",BRD-YTM
T018709,10/01/2022,F02279,input,Hybrid Seeds,,₹ 53.29,"₹ 4,156.62",BRD-YTM
T018741,16/03/2022,F02296,FPO_DELIVERY,Gram,14.9 qtl,"₹ 6,345.00","₹ 94,667.40",BRD-YTM
T018742,29/12/2021, F02296 ,Input Purchase,NPK 10:26:26,158 kg,₹ 53.02,"₹ 8,377.16",BRD-YTM
T018743,06/01/2022,F02296,input,Seeds,49 kg,₹ 109.57,"₹ 5,368.93",BRD-YTM
T018854,30/03/2022,F02347,D,GRAM (Chana),0.95 q,"₹ 6,585.00","₹ 6,255.75",BRD-YTM
T018855,10/03/2022,F02347,FPO_DELIVERY,Bengal Gram,1.1 qtl,"₹ 6,585.00","₹ 7,309.35",BRD-YTM
T018856,05/12/2021,F02347,input,Seeds,79 kgs,₹ 128.87,"₹ 10,180.73",BRD-YTM
T018857,09/01/2022,F02347,I,NPK 10:26:26,107 kg,₹ 32.68,"₹ 3,496.76",BRD-YTM
T018858,22/12/2021, F02347 ,input,NPK 10:26:26,180 kgs,₹ 33.41,"₹ 6,013.80",BRD-YTM
T018859,21/12/2021,F02347,input,SEEDS,317 kg,₹ 109.64,"₹ 34,755.88",BRD-YTM
T018860,23/12/2021,F02347,Input Purchase,PP chemicals,124 kgs,₹ 315.39,"₹ 39,108.36",BRD-YTM
T018909,10/04/2022,F02367,FPO_DELIVERY,Bengal Gram,1.87 quintals,"₹ 6,090.00","₹ 11,388.30",BRD-YTM
T018910,13/03/2022,F02367,D,Bengal Gram,2.19 quintals,"₹ 6,090.00","₹ 13,337.10",BRD-YTM
T018911,01/03/2022, F02367 ,delivery,GRAM (Chana),4.2 qtl,"₹ 6,090.00","₹ 25,760.70",BRD-YTM
T018912,10/12/2021,F02367,input,FERTILIZER 50kg bag,45 kg,₹ 38.88,"₹ 1,749.60",BRD-YTM
T018913,07/12/2021,F02367,Input Purchase,SEEDS,72 kg,₹ 102.43,"₹ 7,374.96",BRD-YTM
T018914,11/12/2021,F02367,Input Purchase,FERTILIZER 50kg bag,291 kg,₹ 55.78,"₹ 16,231.98",BRD-YTM
T018915,10/03/2022,F02368,Delivery,chana,2.40 quintals,"₹ 6,030.00","₹ 14,472.00",BRD-YTM
T018916,05/04/2022,F02368,FPO_DELIVERY,Bengal Gram,11.8 qtl,"₹ 6,030.00","₹ 71,274.60",BRD-YTM
T018917,24/12/2021,F02368,INPUT_PURCHASE,PP chemicals,168 kgs,₹ 363.72,"₹ 61,104.96",BRD-YTM
T018918,08/01/2022,F02368,INPUT_PURCHASE,Fertilizer,31 kg,₹ 35.15,"₹ 1,089.65",BRD-YTM
T018919,13/01/2022,F02368,loan,Loan Repayment,,,"₹ 4,300.00",BRD-YTM
T018920,28/02/2022,F02368,Loan Repayment,Loan Repayment,,,"₹ 4,100.00",BRD-YTM
T018929,27/03/2022,F02372,delivery,GRAM (Chana),16.42 quintals,"₹ 6,515.00","₹ 1,06,976.30",BRD-YTM
T018930,07/01/2022,F02372,Input Purchase,Urea,156 kg,₹ 35.26,"₹ 5,500.56",BRD-YTM
T018946,08/04/2022,F02382,FPO_DELIVERY,Bengal Gram,1.1 qtl,"₹ 5,715.00","₹ 6,572.25",BRD-YTM
T018947,08/03/2022,F02382,FPO_DELIVERY,GRAM (Chana),12.7 qtl,"₹ 5,715.00","₹ 72,580.50",BRD-YTM
T018948,24/12/2021,F02382,FERT_PURCHASE,Urea,92 kg,₹ 35.71,"₹ 3,285.32",BRD-YTM
T018949,14/12/2021,F02382,input,DAP,191 kgs,₹ 46.82,"₹ 8,942.62",BRD-YTM
T018965,16/03/2022,f02393,DELIVERY,Gram,11.2 qtl,"₹ 6,905.00","₹ 77,474.10",BRD-YTM
T018966,09/03/2022,F02393,Delivery,chana,1.5 qtl,"₹ 6,905.00","₹ 10,150.35",BRD-YTM
T018967,04/01/2022,F02393,loan,EMI,,,"₹ 6,300.00",BRD-YTM
T018976,10/05/2022,F02397,delivery,GRAM (Chana),8.53 q,"₹ 6,150.00","₹ 52,459.50",BRD-YTM
T018986,25/03/2022,f02404,D,Gram,2.7 qtl,"₹ 6,360.00","₹ 16,917.60",BRD-YTM
T018987,04/01/2022,F02404,Input Purchase,PPC,218 kgs,₹ 496.16,"₹ 1,08,162.88",BRD-YTM
T018988,08/02/2022,F02404,LOAN_REPAY,Loan Repayment,,,"₹ 4,500.00",BRD-YTM
T018997,30/04/2022,F02407,D,Bengal Gram,9.44 quintals,"₹ 6,285.00","₹ 59,330.40",BRD-YTM
T018998,02/12/2021,F02407,I,FERTILIZER 50kg bag,183 kg,₹ 40.78,"₹ 7,462.74",BRD-YTM
T018999,02/12/2021,F02407,input,Fertilizer,102 kg,₹ 57.53,"₹ 5,868.06",BRD-YTM
T019014,12/04/2022,F02414,FPO_DELIVERY,Bengal Gram,3.6 qtl,"₹ 6,210.00","₹ 22,356.00",BRD-YTM
T019015,06/01/2022,F02414,FERT_PURCHASE,Fertilizer,205 kg,₹ 52.19,"₹ 10,698.95",BRD-YTM
T019019,09/03/2022, F02417 ,FPO_DELIVERY,GRAM (Chana),6.18 q,"₹ 6,540.00","₹ 40,417.20",BRD-YTM
T019020,17/03/2022,F02417,DELIVERY,Gram,2.98 quintals,"₹ 6,540.00","₹ 19,489.20",BRD-YTM
T019021,02/12/2021,F02417,input,PPC,51 kg,₹ 160.28,"₹ 8,174.28",BRD-YTM
T019052,10/03/2022,F02427,D,chana,3.98 quintals,"₹ 6,190.00","₹ 24,636.20",BRD-YTM
T019083,20/04/2022,F02438,Delivery,GRAM (Chana),2.0 qtl,"₹ 6,770.00","₹ 13,472.30",BRD-YTM
T019084,11/04/2022, F02438 ,DELIVERY,chana,11.16 q,"₹ 6,770.00","₹ 75,553.20",BRD-YTM
T019144,20/03/2022,F02454,delivery,chana,1.73 q,"₹ 6,485.00","₹ 11,219.05",BRD-YTM
T019145,05/03/2022,F02454,Delivery,Bengal Gram,2.52 q,"₹ 6,485.00","₹ 16,342.20",BRD-YTM
T019146,04/12/2021,F02454,Input Purchase,PP chemicals,99 kgs,₹ 432.72,"₹ 42,839.28",BRD-YTM
T019147,21/12/2021, F02454 ,INPUT_PURCHASE,NPK 10:26:26,286 kgs,₹ 46.38,"₹ 13,264.68",BRD-YTM
T019148,10/10/2022,F01003,Delivery,COTTON (Kapas),0.7 qtl,"₹ 8,740.00","₹ 6,467.60",BRD-YTM
T019149,20/11/2022,F01003,Delivery,Cotton,4.6 qtl,"₹ 8,740.00","₹ 40,291.40",BRD-YTM
T019150,06/10/2022,F01003,FPO_DELIVERY,Soybean,6.6 qtl,"₹ 5,535.00","₹ 36,420.30",BRD-YTM
T019151,07/07/2022,F01003,INPUT_PURCHASE,NPK 10:26:26,86 kgs,₹ 57.75,"₹ 4,966.50",BRD-YTM
T019152,24/10/2022,F01005,FPO_DELIVERY,Cotton Kapas,5.56 quintals,"₹ 8,260.00","₹ 45,925.60",BRD-YTM
T019153,19/10/2022,F01005,delivery,Cotton Kapas,13.67 q,"₹ 8,260.00","₹ 1,12,914.20",BRD-YTM
T019154,02/07/2022,F01005,I,SEEDS,128 kgs,₹ 97.51,"₹ 12,481.28",BRD-YTM
T019155,16/10/2022,F01008,FPO_DELIVERY,kapas,7.21 quintals,"₹ 8,770.00","₹ 63,231.70",BRD-YTM
T019156,27/11/2022,F01008,Delivery,kapas,0.33 q,"₹ 8,770.00","₹ 2,894.10",BRD-YTM
T019157,12/10/2022,F01008,delivery,Soybean (Yellow),10.67 quintals,"₹ 5,440.00","₹ 58,044.80",BRD-YTM
T019158,01/07/2022,F01008,FERT_PURCHASE,Urea,296 kg,₹ 32.84,"₹ 9,720.64",BRD-YTM
T019159,08/06/2022, F01008 ,FERT_PURCHASE,FERTILIZER 50kg bag,289 kg,₹ 43.49,"₹ 12,568.61",BRD-YTM
T019160,03/07/2022,F01008,input,Seeds,84 kgs,₹ 75.37,"₹ 6,331.08",BRD-YTM
T019161,19/10/2022, F01009 ,delivery,Cotton Kapas,4.0 qtl,"₹ 8,450.00","₹ 34,053.50",BRD-YTM
T019162,05/11/2022,F01009,DELIVERY,Cotton,3.72 quintals,"₹ 8,450.00","₹ 31,434.00",BRD-YTM
T019163,23/06/2022,F01009,Input Purchase,Fertilizer,255 kg,₹ 58.74,"₹ 14,978.70",BRD-YTM
T019164,23/06/2022, F01009 ,Input Purchase,SEEDS,280 kgs,₹ 97.27,"₹ 27,235.60",BRD-YTM
T019165,13/06/2022, F01009 ,input,PP chemicals,27 kg,₹ 383.64,"₹ 10,358.28",BRD-YTM
T019166,07/09/2022,F01009,loan,Loan Repayment,,,"₹ 6,700.00",BRD-YTM
T019167,14/07/2022,f01009,L,Loan Repayment,,,"₹ 5,800.00",BRD-YTM
T019168,22/10/2022,F01013,delivery,COTTON (Kapas),9.9 qtl,"₹ 8,810.00","₹ 87,042.80",BRD-YTM
T019169,18/11/2022,F01017,FPO_DELIVERY,COTTON (Kapas),2.0 qtl,"₹ 8,170.00","₹ 16,258.30",BRD-YTM
T019170,28/10/2022,F01017,delivery,COTTON (Kapas),9.11 quintals,"₹ 8,170.00","₹ 74,428.70",BRD-YTM
T019171,18/11/2022,f01017,delivery,Soybean (Yellow),16.4 qtl,"₹ 5,855.00","₹ 96,139.10",BRD-YTM
T019172,28/06/2022,f01017,I,NPK 10:26:26,176 kg,₹ 33.45,"₹ 5,887.20",BRD-YTM
T019173,20/11/2022,F01020,D,kapas,2.44 quintals,"₹ 9,225.00","₹ 22,509.00",BRD-YTM
T019174,10/07/2022,F01020,INPUT_PURCHASE,NPK 10:26:26,37 kgs,₹ 52.79,"₹ 1,953.23",BRD-YTM
T019175,02/06/2022,F01020,FERT_PURCHASE,Fertilizer,223 kgs,₹ 59.66,"₹ 13,304.18",BRD-YTM
T019176,10/06/2022,,Input Purchase,Hybrid Seeds,43 kgs,₹ 60.20,"₹ 2,588.60",BRD-YTM
T019177,12/10/2022,F01021,FPO_DELIVERY,Cotton Kapas,5.94 q,"₹ 8,815.00","₹ 52,361.10",BRD-YTM
T019178,04/10/2022,F01021,Delivery,Cotton Kapas,3.7 qtl,"₹ 8,815.00","₹ 32,439.20",BRD-YTM
T019179,30/10/2022,F01021,Delivery,Cotton Kapas,0.53 q,"₹ 8,815.00","₹ 4,671.95",BRD-YTM
T019180,31/10/2022,f01021,DELIVERY,soya,8.34 quintals,"₹ 5,935.00","₹ 49,497.90",BRD-YTM
T019181,15/11/2022,f01021,delivery,soya,4.3 qtl,"₹ 5,935.00","₹ 25,757.90",BRD-YTM
T019182,14/06/2022,F01021,INPUT_PURCHASE,Hybrid Seeds,143 kgs,₹ 122.56,"₹ 17,526.08",BRD-YTM
T019183,28/10/2022,F01022,delivery,COTTON (Kapas),1.5 qtl,"₹ 8,260.00","₹ 12,555.20",BRD-YTM
T019184,09/11/2022,F01022,Delivery,Cotton Kapas,7.2 qtl,"₹ 8,260.00","₹ 59,224.20",BRD-YTM
T019185,20/11/2022,f01022,delivery,soya,2.48 q,"₹ 5,610.00","₹ 13,912.80",BRD-YTM
T019186,14/11/2022,f01022,delivery,Soybean,1.37 quintals,"₹ 5,610.00","₹ 7,685.70",BRD-YTM
T019187,27/10/2022,F01022,delivery,Soybean (Yellow),6.3 qtl,"₹ 5,610.00","₹ 35,399.10",BRD-YTM
T019188,07/10/2022,F01023,FPO_DELIVERY,Cotton Kapas,7.9 qtl,"₹ 8,460.00","₹ 66,918.60",BRD-YTM
T019189,27/10/2022,F01023,D,Cotton,1.76 quintals,"₹ 8,460.00","₹ 14,889.60",BRD-YTM
T019190,06/11/2022,F01029,FPO_DELIVERY,kapas,9.75 quintals,"₹ 7,920.00","₹ 77,220.00",BRD-YTM
T019191,21/06/2022,F01029,FERT_PURCHASE,Fertilizer,191 kg,₹ 32.87,"₹ 6,278.17",BRD-YTM
T019192,21/06/2022,F01029,FERT_PURCHASE,SEEDS,289 kgs,₹ 53.64,"₹ 15,501.96",BRD-YTM
T019193,05/10/2022,F01030,delivery,Cotton Kapas,2.60 q,"₹ 8,305.00","₹ 21,593.00",BRD-YTM
T019194,28/10/2022,F01030,D,Soybean,1.05 q,"₹ 5,795.00","₹ 6,084.75",BRD-YTM
T019195,18/10/2022,F01030,DELIVERY,Soybean (Yellow),2.32 q,"₹ 5,795.00","₹ 13,444.40",BRD-YTM
T019196,11/07/2022,F01030,INPUT_PURCHASE,Seeds,30 kgs,₹ 77.01,"₹ 2,310.30",BRD-YTM
T019197,16/06/2022,F01030,INPUT_PURCHASE,Seeds,173 kgs,₹ 59.56,"₹ 10,303.88",BRD-YTM
T019198,31/10/2022,F01032,Delivery,Cotton,5.4 qtl,"₹ 9,015.00","₹ 48,771.15",BRD-YTM
T019199,20/10/2022,F01032,FPO_DELIVERY,COTTON (Kapas),3.09 quintals,"₹ 9,015.00","₹ 27,856.35",BRD-YTM
T019200,02/06/2022,F01032,Input Purchase,SEEDS,188 kgs,₹ 95.44,"₹ 17,942.72",BRD-YTM
T019201,27/10/2022,F01035,DELIVERY,kapas,6.21 quintals,"₹ 8,015.00","₹ 49,773.15",BRD-YTM
T019202,21/10/2022,F01035,DELIVERY,Soybean,2.6 qtl,"₹ 5,525.00","₹ 14,420.25",BRD-YTM
T019203,24/10/2022,F01035,D,Soybean (Yellow),3.3 qtl,"₹ 5,525.00","₹ 18,453.50",BRD-YTM
T019204,29/10/2022,F01036,DELIVERY,Cotton,10.61 quintals,"₹ 9,075.00","₹ 96,285.75",BRD-YTM
T019205,05/10/2022,F01036,DELIVERY,Soybean (Yellow),6.11 quintals,"₹ 5,590.00","₹ 34,154.90",BRD-YTM
T019206,05/11/2022,F01036,Delivery,Soybean (Yellow),7.44 q,"₹ 5,590.00","₹ 41,589.60",BRD-YTM
T019207,29/10/2022,F01037,Delivery,COTTON (Kapas),6.97 q,"₹ 8,630.00","₹ 60,151.10",BRD-YTM
T019208,12/11/2022,F01037,D,Soybean,8.50 quintals,"₹ 5,595.00","₹ 47,557.50",BRD-YTM
T019209,20/11/2022,F01042,D,Cotton Kapas,3.35 quintals,"₹ 8,995.00","₹ 30,133.25",BRD-YTM
T019210,17/10/2022,f01042,DELIVERY,kapas,1.74 quintals,"₹ 8,995.00","₹ 15,651.30",BRD-YTM
T019211,16/11/2022,F01044,Delivery,Cotton,25.15 q,"₹ 8,650.00","₹ 2,17,547.50",BRD-YTM
T019212,01/10/2022,F01044,FPO_DELIVERY,Cotton,1.2 qtl,"₹ 8,650.00","₹ 10,726.00",BRD-YTM
T019213,12/10/2022,F01044,FPO_DELIVERY,soya,13.68 quintals,"₹ 5,420.00","₹ 74,145.60",BRD-YTM
T019214,25/10/2022,F01044,delivery,soya,16.6 qtl,"₹ 5,420.00","₹ 89,809.40",BRD-YTM
T019215,25/10/2022,F01048,D,kapas,4.1 qtl,"₹ 8,605.00","₹ 35,366.55",BRD-YTM
T019216,26/10/2022,F01048,DELIVERY,kapas,0.08 q,"₹ 8,605.00",₹ N/A,BRD-YTM
T019217,07/10/2022,F01048,D,soya,1.3 qtl,"₹ 5,615.00","₹ 7,524.10",BRD-YTM
T019218,28/10/2022,F01048,Delivery,soya,5.1 qtl,"₹ 5,615.00","₹ 28,804.95",BRD-YTM
T019219,16/06/2022, F01048 ,I,Fertilizer,182 kgs,₹ 29.77,"₹ 5,418.14",BRD-YTM
T019220,13/06/2022,F01048,FERT_PURCHASE,PP chemicals,261 kg,₹ 376.02,"₹ 98,141.22",BRD-YTM
T019221,08/07/2022,F01048,input,Bio-pesticide,113 kg,₹ 589.67,"₹ 66,632.71",BRD-YTM
T019222,09/07/2022,F01048,INPUT_PURCHASE,Fertilizer,174 kg,₹ 41.92,"₹ 7,294.08",BRD-YTM
T019223,27/11/2022,F01050,Delivery,COTTON (Kapas),21.71 quintals,"₹ 8,670.00","₹ 1,88,225.70",BRD-YTM
T019224,27/11/2022,F01050,delivery,Cotton Kapas,6.24 q,"₹ 8,670.00","₹ 54,100.80",BRD-YTM
T019225,20/06/2022,F01050,FERT_PURCHASE,Urea,319 kg,₹ 51.66,"₹ 16,479.54",BRD-YTM
T019226,29/06/2022,F01050,input,NPK 10:26:26,299 kg,₹ 43.78,"₹ 13,090.22",BRD-YTM
T019227,03/11/2022,F01051,FPO_DELIVERY,Cotton Kapas,0.5 qtl,"₹ 8,805.00","₹ 4,754.70",BRD-YTM
T019228,28/11/2022,f01051,FPO_DELIVERY,kapas,1.9 qtl,"₹ 8,805.00","₹ 16,377.30",BRD-YTM
T019229,21/11/2022,F01051,Delivery,Cotton Kapas,6.56 q,"₹ 8,805.00","₹ 57,760.80",BRD-YTM
T019230,04/07/2022,F01051,INPUT_PURCHASE,Urea,183 kgs,₹ 43.05,"₹ 7,878.15",BRD-YTM
T019231,06/10/2022,f01055,delivery,Cotton,16.44 q,"₹ 8,495.00","₹ 1,39,657.80",BRD-YTM
T019232,13/07/2022,F01055,Input Purchase,PP chemicals,243 kg,₹ 343.75,"₹ 83,531.25",BRD-YTM
T019233,28/10/2022,F01057,delivery,Cotton Kapas,14.63 q,"₹ 8,650.00","₹ 1,26,549.50",BRD-YTM
T019234,12/11/2022,F01057,Delivery,SOYABEAN,16.6 qtl,"₹ 5,110.00","₹ 84,723.80",BRD-YTM
T019235,08/07/2022,F01057,FERT_PURCHASE,FERTILIZER 50kg bag,218 kgs,₹ 43.19,"₹ 9,415.42",BRD-YTM
T019236,11/07/2022,F01057,FERT_PURCHASE,Hybrid Seeds,243 kgs,₹ 45.67,"₹ 11,097.81",BRD-YTM
T019237,03/11/2022,f01058,delivery,kapas,4.8 qtl,"₹ 8,320.00","₹ 40,019.20",BRD-YTM
T019238,12/10/2022,F01058,DELIVERY,Cotton Kapas,3.90 quintals,"₹ 8,320.00","₹ 32,448.00",BRD-YTM
T019239,17/06/2022,F01058,Input Purchase,PPC,236 kg,₹ 410.96,"₹ 96,986.56",BRD-YTM
T019240,13/11/2022,F01064,delivery,Cotton Kapas,8.3 qtl,"₹ 8,565.00",₹ N/A,BRD-YTM
T019241,28/10/2022,F01064,FPO_DELIVERY,Cotton Kapas,17.82 quintals,"₹ 8,565.00","₹ 1,52,628.30",BRD-YTM
T019242,07/07/2022,F01064,INPUT_PURCHASE,SEEDS,81 kgs,₹ 111.28,"₹ 9,013.68",BRD-YTM
T019243,26/11/2022, F01071 ,Delivery,Cotton Kapas,2.15 q,"₹ 8,605.00","₹ 18,500.75",BRD-YTM
T019244,02/10/2022,F01071,FPO_DELIVERY,Cotton Kapas,4.43 quintals,"₹ 8,605.00","₹ 38,120.15",BRD-YTM
T019245,21/11/2022, F01071 ,Delivery,SOYABEAN,4.4 qtl,"₹ 5,635.00","₹ 24,794.00",BRD-YTM
T019246,05/10/2022,F01071,FPO_DELIVERY,Soybean,4.6 qtl,"₹ 5,635.00","₹ 26,033.70",BRD-YTM
T019247,20/06/2022,f01071,INPUT_PURCHASE,Hybrid Seeds,216 kgs,₹ 92.92,"₹ 20,070.72",BRD-YTM
T019248,08/07/2022,F01071,input,Seeds,236 kgs,₹ 73.44,"₹ 17,331.84",BRD-YTM
T019249,25/10/2022,F01075,DELIVERY,kapas,32.17 quintals,"₹ 8,300.00","₹ 2,67,011.00",BRD-YTM
T019250,13/07/2022,F01075,Input Purchase,FERTILIZER 50kg bag,48 kg,₹ 42.50,"₹ 2,040.00",BRD-YTM
T019251,18/06/2022,F01075,input,SEEDS,309 kgs,₹ 64.48,"₹ 19,924.32",BRD-YTM
T019252,07/07/2022,F01075,I,Hybrid Seeds,96 kgs,₹ 96.19,"₹ 9,234.24",BRD-YTM
T019253,23/11/2022,F01079,FPO_DELIVERY,kapas,2.80 quintals,"₹ 8,395.00","₹ 23,506.00",BRD-YTM
T019254,01/10/2022,F01079,DELIVERY,Cotton,3.5 qtl,"₹ 8,395.00","₹ 28,962.75",BRD-YTM
T019255,21/10/2022,F01079,Delivery,Soybean (Yellow),1.12 q,"₹ 5,455.00","₹ 6,109.60",BRD-YTM
T019256,06/11/2022,f01079,DELIVERY,SOYABEAN,7.78 quintals,"₹ 5,455.00","₹ 42,439.90",BRD-YTM
T019257,14/11/2022,F01081,FPO_DELIVERY,kapas,15.8 qtl,"₹ 8,615.00","₹ 1,36,547.75",BRD-YTM
T019258,20/06/2022,F01081,input,Urea,52 kg,₹ 56.40,"₹ 2,932.80",BRD-YTM
T019259,03/07/2022,F01081,INPUT_PURCHASE,PP chemicals,283 kgs,₹ 501.16,"₹ 1,41,828.28",BRD-YTM
T019260,02/07/2022,F01081,input,SEEDS,202 kg,₹ 84.04,"₹ 16,976.08",BRD-YTM
T019261,09/08/2022,F01081,loan,Loan Repayment,,,"₹ 7,400.00",BRD-YTM
T019262,12/10/2022,F01082,FPO_DELIVERY,Cotton,8.1 qtl,"₹ 9,110.00","₹ 73,973.20",BRD-YTM
T019263,20/06/2022,F01082,I,Fertilizer,190 kg,₹ 30.94,"₹ 5,878.60",BRD-YTM
T019264,04/07/2022,F01082,Input Purchase,PPC,185 kg,₹ 554.64,"₹ 1,02,608.40",BRD-YTM
T019265,04/07/2022,F01082,input,Bio-pesticide,49 kgs,₹ 502.55,"₹ 24,624.95",BRD-YTM
T019266,13/06/2022,F01082,I,PP chemicals,236 kgs,₹ 464.35,"₹ 1,09,586.60",BRD-YTM
T019267,12/11/2022,F01087,DELIVERY,COTTON (Kapas),15.45 q,"₹ 8,195.00","₹ 1,26,612.75",BRD-YTM
T019268,20/10/2022,F01088,D,COTTON (Kapas),5.3 qtl,"₹ 9,180.00","₹ 48,745.80",BRD-YTM
T019269,12/07/2022,F01088,FERT_PURCHASE,FERTILIZER 50kg bag,119 kg,₹ 39.49,"₹ 4,699.31",BRD-YTM
T019270,27/10/2022,F01090,DELIVERY,Cotton,4.91 quintals,"₹ 8,975.00","₹ 44,067.25",BRD-YTM
T019271,14/11/2022,f01090,FPO_DELIVERY,Soybean (Yellow),0.41 quintals,"₹ 5,820.00","₹ 2,386.20",BRD-YTM
T019272,22/11/2022,f01090,DELIVERY,Soybean (Yellow),8.38 q,"₹ 5,820.00","₹ 48,771.60",BRD-YTM
T019273,29/06/2022,F01090,input,Hybrid Seeds,166 kgs,₹ 122.57,"₹ 20,346.62",BRD-YTM
T019274,23/11/2022,f01092,delivery,kapas,8.07 quintals,"₹ 8,595.00","₹ 69,361.65",BRD-YTM
T019275,06/10/2022,F01092,DELIVERY,COTTON (Kapas),0.31 q,"₹ 8,595.00","₹ 2,664.45",BRD-YTM
T019276,29/11/2022,f01092,Delivery,Soybean,6.4 qtl,"₹ 5,555.00","₹ 35,385.35",BRD-YTM
T019277,06/11/2022,F01092,Delivery,Soybean,5.05 quintals,"₹ 5,555.00","₹ 28,052.75",BRD-YTM
T019278,19/06/2022,F01092,INPUT_PURCHASE,Seeds,145 kgs,₹ 69.30,"₹ 10,048.50",BRD-YTM
T019279,05/06/2022,F01092,Input Purchase,Fertilizer,233 kgs,₹ 33.31,"₹ 7,761.23",BRD-YTM
T019280,10/06/2022,F01092,FERT_PURCHASE,DAP,117 kgs,₹ 45.40,"₹ 5,311.80",BRD-YTM
T019281,22/11/2022,F01093,Delivery,COTTON (Kapas),29.39 q,"₹ 8,195.00","₹ 2,40,851.05",BRD-YTM
T019282,13/10/2022,F01093,FPO_DELIVERY,Cotton,5.08 quintals,"₹ 8,195.00","₹ 41,630.60",BRD-YTM
T019283,04/06/2022, F01093 ,I,SEEDS,51 kgs,₹ 62.51,"₹ 3,188.01",BRD-YTM
T019284,18/06/2022,F01093,Input Purchase,NPK 10:26:26,170 kgs,₹ 40.09,"₹ 6,815.30",BRD-YTM
T019285,07/11/2022,F01095,Delivery,Cotton,4.3 qtl,"₹ 8,835.00","₹ 37,725.45",BRD-YTM
T019286,30/10/2022,F01095,FPO_DELIVERY,soya,6.0 qtl,"₹ 5,655.00","₹ 33,816.90",BRD-YTM
T019287,02/07/2022,f01095,INPUT_PURCHASE,FERTILIZER 50kg bag,86 kg,₹ 38.93,"₹ 3,347.98",BRD-YTM
T019288,06/06/2022,F01095,Input Purchase,Fertilizer,212 kgs,₹ 47.50,"₹ 10,070.00",BRD-YTM
T019289,06/07/2022,F01095,I,Hybrid Seeds,65 kg,₹ 73.05,"₹ 4,748.25",BRD-YTM
T019290,05/08/2022,F01095,Loan Repayment,Loan Repayment,,,"₹ 4,000.00",BRD-YTM
T019291,07/09/2022,F01095,loan,EMI,,,"₹ 3,700.00",BRD-YTM
T019292,10/06/2022,F01095,Loan Repayment,Loan Repayment,,,"₹ 5,500.00",BRD-YTM
T019293,09/06/2022,F01095,loan,EMI,,,"₹ 6,200.00",BRD-YTM
T019294,14/10/2022,f01098,FPO_DELIVERY,COTTON (Kapas),7.0 qtl,"₹ 8,905.00","₹ 62,513.10",BRD-YTM
T019295,28/11/2022,F01098,DELIVERY,SOYABEAN,0.84 q,"₹ 5,685.00","₹ 4,775.40",BRD-YTM
T019296,18/11/2022,F01098,DELIVERY,Soybean (Yellow),8.86 q,"₹ 5,685.00","₹ 50,369.10",BRD-YTM
T019297,21/06/2022, F01098 ,INPUT_PURCHASE,Urea,172 kg,₹ 30.37,"₹ 5,223.64",BRD-YTM
T019298,09/07/2022,F01098,INPUT_PURCHASE,Seeds,148 kgs,₹ 70.37,"₹ 10,414.76",BRD-YTM
T019299,25/06/2022,f01098,I,DAP,204 kg,₹ 30.87,"₹ 6,297.48",BRD-YTM
T019300,07/09/2022,F01098,Loan Repayment,EMI,,,"₹ 7,300.00",BRD-YTM
T019301,02/08/2022,F01098,LOAN_REPAY,EMI,,,"₹ 5,300.00",BRD-YTM
T019302,17/11/2022,F01104,FPO_DELIVERY,Cotton,30.44 quintals,"₹ 8,415.00","₹ 2,56,152.60",BRD-YTM
T019303,11/11/2022,F01104,FPO_DELIVERY,SOYABEAN,31.7 qtl,"₹ 5,385.00","₹ 1,70,542.95",BRD-YTM
T019304,11/07/2022,F01104,Input Purchase,Urea,287 kgs,₹ 47.94,"₹ 13,758.78",BRD-YTM
T019305,04/09/2022,F01104,Loan Repayment,EMI,,,"₹ 4,300.00",BRD-YTM
T019306,05/10/2022,F01105,Delivery,Cotton Kapas,25.46 quintals,"₹ 8,265.00","₹ 2,10,426.90",BRD-YTM
T019307,07/10/2022,f01105,Delivery,SOYABEAN,27.68 quintals,"₹ 5,350.00","₹ 1,48,088.00",BRD-YTM
T019308,14/06/2022,F01105,Input Purchase,SEEDS,35 kg,₹ 46.81,"₹ 1,638.35",BRD-YTM
T019309,17/06/2022,F01105,Input Purchase,DAP,269 kgs,₹ 30.57,"₹ 8,223.33",BRD-YTM
T019310,03/06/2022,F01105,FERT_PURCHASE,Urea,122 kgs,₹ 38.96,"₹ 4,753.12",BRD-YTM
T019311,09/07/2022,f01105,input,PP chemicals,241 kg,₹ 570.97,"₹ 1,37,603.77",BRD-YTM
T019312,18/10/2022,F01107,D,COTTON (Kapas),11.64 q,"₹ 8,835.00","₹ 1,02,839.40",BRD-YTM
T019313,03/11/2022,F01107,DELIVERY,kapas,7.15 q,"₹ 8,835.00","₹ 63,170.25",BRD-YTM
T019314,12/11/2022, F01107 ,Delivery,Soybean (Yellow),1.50 quintals,"₹ 5,680.00","₹ 8,520.00",BRD-YTM
T019315,26/10/2022,F01107,Delivery,SOYABEAN,21.81 q,"₹ 5,680.00","₹ 1,23,880.80",BRD-YTM
T019316,07/07/2022,F01107,Input Purchase,FERTILIZER 50kg bag,61 kg,₹ 28.98,"₹ 1,767.78",BRD-YTM
T019317,28/06/2022,F01107,input,PP chemicals,67 kg,₹ 546.94,"₹ 36,644.98",BRD-YTM
T019318,12/09/2022,F01107,L,EMI,,,"₹ 2,900.00",BRD-YTM
T019319,24/11/2022,F01110,FPO_DELIVERY,Cotton Kapas,18.6 qtl,"₹ 8,535.00","₹ 1,58,409.60",BRD-YTM
T019320,12/07/2022,F01110,INPUT_PURCHASE,FERTILIZER 50kg bag,244 kg,₹ 33.85,"₹ 8,259.40",BRD-YTM
T019321,16/11/2022,f01111,FPO_DELIVERY,COTTON (Kapas),2.26 q,"₹ 8,795.00","₹ 19,876.70",BRD-YTM
T019322,04/11/2022,F01111,DELIVERY,Cotton Kapas,6.13 quintals,"₹ 8,795.00","₹ 53,913.35",BRD-YTM
T019323,05/10/2022,f01111,FPO_DELIVERY,Cotton,4.8 qtl,"₹ 8,795.00","₹ 42,655.75",BRD-YTM
T019324,15/07/2022,F01111,INPUT_PURCHASE,Urea,173 kgs,₹ 32.13,"₹ 5,558.49",BRD-YTM
T019325,16/10/2022, F01111 ,LOAN_REPAY,Loan Repayment,,,"₹ 2,600.00",BRD-YTM
T019326,20/10/2022,f01112,Delivery,Cotton,19.62 q,"₹ 8,735.00","₹ 1,71,380.70",BRD-YTM
T019327,01/07/2022,F01112,I,Urea,246 kgs,₹ 49.41,"₹ 12,154.86",BRD-YTM
T019328,01/06/2022,F01112,Input Purchase,Seeds,271 kgs,₹ 81.39,"₹ 22,056.69",BRD-YTM
T019329,07/06/2022, F01112 ,Input Purchase,Fertilizer,282 kg,₹ 39.91,"₹ 11,254.62",BRD-YTM
T019330,16/10/2022,F01114,DELIVERY,kapas,10.82 q,"₹ 8,600.00","₹ 93,052.00",BRD-YTM
T019331,01/06/2022,F01114,FERT_PURCHASE,Bio-pesticide,54 kgs,₹ 608.27,"₹ 32,846.58",BRD-YTM
T019332,02/07/2022,F01114,INPUT_PURCHASE,NPK 10:26:26,92 kg,₹ 47.14,"₹ 4,336.88",BRD-YTM
T019333,15/07/2022,f01114,I,DAP,188 kgs,₹ 32.09,"₹ 6,032.92",BRD-YTM
T019334,16/11/2022,F01115,delivery,COTTON (Kapas),5.71 q,"₹ 8,670.00","₹ 49,505.70",BRD-YTM
T019335,10/11/2022,F01115,delivery,SOYABEAN,3.47 quintals,"₹ 5,655.00","₹ 19,622.85",BRD-YTM
T019336,12/11/2022,F01115,delivery,SOYABEAN,3.0 qtl,"₹ 5,655.00","₹ 17,247.75",BRD-YTM
T019337,04/06/2022,f01115,I,SEEDS,305 kg,₹ 111.98,"₹ 34,153.90",BRD-YTM
T019338,23/10/2022,F01116,Delivery,Cotton,8.8 qtl,"₹ 8,780.00","₹ 77,439.60",BRD-YTM
T019339,02/10/2022,F01116,FPO_DELIVERY,COTTON (Kapas),3.27 quintals,"₹ 8,780.00","₹ 28,710.60",BRD-YTM
T019340,06/07/2022,F01116,Input Purchase,DAP,303 kgs,₹ 43.47,"₹ 13,171.41",BRD-YTM
T019341,10/07/2022,F01116,INPUT_PURCHASE,Fertilizer,29 kgs,₹ 53.66,"₹ 1,556.14",BRD-YTM
T019342,04/10/2022,f01117,Delivery,Cotton,2.47 quintals,"₹ 8,570.00","₹ 21,167.90",BRD-YTM
T019343,27/10/2022,F01117,FPO_DELIVERY,COTTON (Kapas),5.3 qtl,"₹ 8,570.00","₹ 45,849.50",BRD-YTM
T019344,06/10/2022,F01120,delivery,kapas,4.39 q,"₹ 8,815.00","₹ 38,697.85",BRD-YTM
T019345,07/10/2022,F01120,Delivery,Cotton,10.8 qtl,"₹ 8,815.00","₹ 95,113.85",BRD-YTM
T019346,13/11/2022,F01120,DELIVERY,SOYABEAN,8.8 qtl,"₹ 5,355.00","₹ 46,963.35",BRD-YTM
T019347,29/11/2022,F01120,DELIVERY,soya,11.22 quintals,"₹ 5,355.00","₹ 60,083.10",BRD-YTM
T019348,11/06/2022,F01120,input,FERTILIZER 50kg bag,153 kgs,₹ 32.99,"₹ 5,047.47",BRD-YTM
T019349,02/10/2022,F01121,D,COTTON (Kapas),0.65 q,"₹ 8,625.00","₹ 5,606.25",BRD-YTM
T019350,01/11/2022,F01121,FPO_DELIVERY,kapas,2.1 qtl,"₹ 8,625.00","₹ 17,853.75",BRD-YTM
T019351,19/11/2022,F01121,D,Cotton Kapas,0.49 quintals,"₹ 8,625.00","₹ 4,226.25",BRD-YTM
T019352,11/11/2022,F01121,DELIVERY,soya,1.41 quintals,"₹ 5,525.00","₹ 7,790.25",BRD-YTM
T019353,30/10/2022,f01121,D,Soybean (Yellow),3.34 quintals,"₹ 5,525.00","₹ 18,453.50",BRD-YTM
T019354,07/07/2022,F01121,input,NPK 10:26:26,58 kg,₹ 29.51,"₹ 1,711.58",BRD-YTM
T019355,04/11/2022,F01122,delivery,kapas,0.38 q,"₹ 7,545.00","₹ 2,867.10",BRD-YTM
T019356,06/10/2022,F01122,D,kapas,1.42 quintals,"₹ 7,545.00","₹ 10,713.90",BRD-YTM
T019357,24/11/2022,F01122,delivery,Cotton Kapas,1.0 qtl,"₹ 7,545.00","₹ 7,394.10",BRD-YTM
T019358,08/11/2022,f01122,DELIVERY,Soybean (Yellow),3.9 qtl,"₹ 5,640.00","₹ 22,052.40",BRD-YTM
T019359,12/10/2022,F01131,Delivery,kapas,4.45 quintals,"₹ 7,935.00","₹ 35,310.75",BRD-YTM
T019360,23/11/2022,F01131,D,Cotton,7.79 q,"₹ 7,935.00","₹ 61,813.65",BRD-YTM
T019361,11/11/2022,F01131,DELIVERY,SOYABEAN,12.0 qtl,"₹ 5,365.00","₹ 64,540.95",BRD-YTM
T019362,31/10/2022,F01131,Delivery,SOYABEAN,1.8 qtl,"₹ 5,365.00","₹ 9,496.05",BRD-YTM
T019363,08/06/2022,F01131,FERT_PURCHASE,Bio-pesticide,268 kg,₹ 122.23,"₹ 32,757.64",BRD-YTM
T019364,04/07/2022,f01131,FERT_PURCHASE,NPK 10:26:26,314 kgs,₹ 51.89,"₹ 16,293.46",BRD-YTM
T019365,01/06/2022,F01131,Input Purchase,PP chemicals,273 kg,₹ 301.06,"₹ 82,189.38",BRD-YTM
T019366,07/11/2022,F01133,DELIVERY,Cotton,0.84 quintals,"₹ 8,860.00","₹ 7,442.40",BRD-YTM
T019367,18/11/2022,F01133,DELIVERY,kapas,3.3 qtl,"₹ 8,860.00","₹ 29,415.20",BRD-YTM
T019368,13/11/2022,F01133,delivery,Soybean,5.32 quintals,"₹ 5,725.00","₹ 30,457.00",BRD-YTM
T019369,06/06/2022,F01133,I,FERTILIZER 50kg bag,136 kg,₹ 51.58,"₹ 7,014.88",BRD-YTM
T019370,30/08/2022,F01133,loan,Loan Repayment,,,"₹ 2,700.00",BRD-YTM
T019371,11/06/2022,F01133,L,EMI,,,"₹ 7,300.00",BRD-YTM
T019372,29/10/2022,F01135,D,Cotton Kapas,0.05 quintals,"₹ 8,655.00",₹ 432.75,BRD-YTM
T019373,02/10/2022,F01135,Delivery,Cotton,2.5 qtl,"₹ 8,655.00","₹ 21,204.75",BRD-YTM
T019374,01/06/2022,F01135,FERT_PURCHASE,SEEDS,91 kg,₹ 70.36,"₹ 6,402.76",BRD-YTM
T019375,10/06/2022,F01135,FERT_PURCHASE,NPK 10:26:26,311 kgs,₹ 32.98,"₹ 10,256.78",BRD-YTM
T019376,16/10/2022,F01139,DELIVERY,Cotton Kapas,9.0 qtl,"₹ 8,995.00","₹ 81,044.95",BRD-YTM
T019377,22/06/2022,F01139,Loan Repayment,Loan Repayment,,,"₹ 7,800.00",BRD-YTM
T019378,12/11/2022,F01139,L,Loan Repayment,,,"₹ 7,400.00",BRD-YTM
T019379,09/10/2022,F01141,Delivery,kapas,16.1 qtl,"₹ 9,205.00","₹ 1,47,740.25",BRD-YTM
T019380,05/06/2022,F01141,FERT_PURCHASE,PP chemicals,210 kg,₹ 160.80,"₹ 33,768.00",BRD-YTM
T019381,03/06/2022,F01141,Input Purchase,Hybrid Seeds,177 kgs,₹ 118.86,"₹ 21,038.22",BRD-YTM
T019382,17/06/2022, F01141 ,INPUT_PURCHASE,PP chemicals,185 kg,₹ 592.21,"₹ 1,09,558.85",BRD-YTM
T019383,07/06/2022,F01141,I,NPK 10:26:26,269 kgs,₹ 55.77,"₹ 15,002.13",BRD-YTM
T019384,12/10/2022,F01142,D,Cotton,2.6 qtl,"₹ 9,160.00","₹ 23,907.60",BRD-YTM
T019385,20/10/2022,F01142,delivery,Cotton Kapas,2.8 qtl,"₹ 9,160.00","₹ 25,190.00",BRD-YTM
T019386,02/11/2022,F01142,DELIVERY,soya,4.56 quintals,"₹ 5,650.00","₹ 25,764.00",BRD-YTM
T019387,08/10/2022,F01142,Delivery,soya,2.56 q,"₹ 5,650.00","₹ 14,464.00",BRD-YTM
T019388,21/06/2022,F01142,I,FERTILIZER 50kg bag,185 kg,₹ 28.89,"₹ 5,344.65",BRD-YTM
T019389,25/10/2022,F01146,FPO_DELIVERY,Cotton Kapas,1.78 quintals,"₹ 8,345.00","₹ 14,854.10",BRD-YTM
T019390,11/10/2022,F01146,Delivery,Cotton Kapas,3.6 qtl,"₹ 8,345.00","₹ 30,208.90",BRD-YTM
T019391,09/07/2022,F01146,FERT_PURCHASE,FERTILIZER 50kg bag,69 kg,₹ 29.31,"₹ 2,022.39",BRD-YTM
T019392,10/06/2022,F01146,INPUT_PURCHASE,Fertilizer,70 kgs,₹ 41.45,"₹ 2,901.50",BRD-YTM
T019393,04/07/2022,f01146,I,FERTILIZER 50kg bag,53 kg,₹ 35.21,"₹ 1,866.13",BRD-YTM
T019394,09/11/2022,F01146,L,Loan Repayment,,,"₹ 1,600.00",BRD-YTM
T019395,26/06/2022,F01146,Loan Repayment,EMI,,,"₹ 2,800.00",BRD-YTM
T019396,21/11/2022,f01146,L,Loan Repayment,,,"₹ 2,800.00",BRD-YTM
T019397,17/11/2022,F01147,DELIVERY,COTTON (Kapas),13.29 quintals,"₹ 8,230.00","₹ 1,09,376.70",BRD-YTM
T019398,08/11/2022,F01147,FPO_DELIVERY,kapas,5.02 q,"₹ 8,230.00","₹ 41,314.60",BRD-YTM
T019399,30/11/2022,F01147,DELIVERY,soya,15.61 q,"₹ 5,540.00","₹ 86,479.40",BRD-YTM
T019400,29/10/2022,F01147,Delivery,SOYABEAN,3.8 qtl,"₹ 5,540.00","₹ 21,218.20",BRD-YTM
T019401,10/06/2022,F01147,I,Urea,33 kgs,₹ 29.25,₹ 965.25,BRD-YTM
T019402,12/07/2022,F01147,I,Urea,259 kgs,₹ 37.92,"₹ 9,821.28",BRD-YTM
T019403,01/10/2022,F01151,Delivery,COTTON (Kapas),3.9 qtl,"₹ 8,680.00","₹ 33,852.00",BRD-YTM
T019404,05/10/2022,F01151,D,Soybean (Yellow),1.28 q,"₹ 5,750.00","₹ 7,360.00",BRD-YTM
T019405,09/11/2022,F01151,FPO_DELIVERY,Soybean,3.54 q,"₹ 5,750.00","₹ 20,355.00",BRD-YTM
T019406,03/07/2022,F01151,INPUT_PURCHASE,SEEDS,67 kg,₹ 101.94,"₹ 6,829.98",BRD-YTM
T019407,02/06/2022, F01151 ,Input Purchase,Hybrid Seeds,249 kgs,₹ 66.10,"₹ 16,458.90",BRD-YTM
T019408,27/10/2022,F01152,DELIVERY,Cotton,18.1 qtl,"₹ 8,920.00","₹ 1,61,362.80",BRD-YTM
T019409,11/06/2022,F01152,I,DAP,140 kg,₹ 55.41,"₹ 7,757.40",BRD-YTM
T019410,19/06/2022,F01152,input,NPK 10:26:26,286 kg,₹ 40.68,"₹ 11,634.48",BRD-YTM
T019411,19/10/2022,F01153,Delivery,COTTON (Kapas),2.04 quintals,"₹ 8,800.00","₹ 17,952.00",BRD-YTM
T019412,32/01/2022,F01153,delivery,kapas,16.9 qtl,"₹ 8,800.00","₹ 1,48,808.00",BRD-YTM
T019413,01/06/2022,F01153,I,Urea,93 kgs,₹ 36.80,"₹ 3,422.40",BRD-YTM
T019414,10/06/2022,F01153,INPUT_PURCHASE,Seeds,278 kg,₹ 76.17,"₹ 21,175.26",BRD-YTM
T019415,14/07/2022, F01153 ,INPUT_PURCHASE,Bio-pesticide,145 kg,₹ 276.68,"₹ 40,118.60",BRD-YTM
T020878,10/11/2022,F02225,Delivery,kapas,4.35 q,"₹ 9,070.00","₹ 39,454.50",BRD-YTM
T020879,08/10/2022,F02225,D,kapas,18.67 q,"₹ 9,070.00","₹ 1,69,336.90",BRD-YTM
T020880,27/06/2022,F02225,FERT_PURCHASE,Bio-pesticide,94 kgs,₹ 511.11,"₹ 48,044.34",BRD-YTM
T020891,21/10/2022,F02233,Delivery,COTTON (Kapas),10.01 q,"₹ 8,825.00","₹ 88,338.25",BRD-YTM
T020892,05/11/2022,F02233,FPO_DELIVERY,COTTON (Kapas),1.34 q,"₹ 8,825.00","₹ 11,825.50",BRD-YTM
T020893,03/07/2022,F02233,I,DAP,46 kg,₹ 36.06,"₹ 1,658.76",BRD-YTM
T020894,07/06/2022,F02233,INPUT_PURCHASE,Urea,249 kg,₹ 32.57,"₹ 8,109.93",BRD-YTM
T020928,19/11/2022,f02263,FPO_DELIVERY,COTTON (Kapas),10.78 q,"₹ 8,675.00","₹ 93,516.50",BRD-YTM
T020929,30/06/2022,F02263,INPUT_PURCHASE,FERTILIZER 50kg bag,285 kg,₹ 43.39,"₹ 12,366.15",BRD-YTM
T020930,12/06/2022,F02263,L,EMI,,,"₹ 4,400.00",BRD-YTM
T020936,31/10/2022,F02270,DELIVERY,Cotton,23.52 quintals,"₹ 8,805.00","₹ 2,07,093.60",BRD-YTM
T020937,03/07/2022,F02270,Input Purchase,NPK 10:26:26,288 kg,₹ 50.40,"₹ 14,515.20",BRD-YTM
T020938,09/07/2022,F02270,Input Purchase,PPC,181 kg,₹ 432.02,"₹ 78,195.62",BRD-YTM
T020939,03/06/2022,f02270,input,FERTILIZER 50kg bag,285 kgs,₹ 31.62,"₹ 9,011.70",BRD-YTM
T020940,27/06/2022,F02270,FERT_PURCHASE,PP chemicals,39 kg,₹ 299.52,"₹ 11,681.28",BRD-YTM
T020958,17/11/2022,F02279,FPO_DELIVERY,Cotton,13.61 q,"₹ 8,790.00","₹ 1,19,631.90",BRD-YTM
T020959,22/11/2022,F02279,DELIVERY,COTTON (Kapas),0.45 q,"₹ 8,790.00","₹ 3,955.50",BRD-YTM
T020960,12/07/2022,F02279,I,Bio-pesticide,249 kg,₹ 249.89,"₹ 62,222.61",BRD-YTM
T020961,26/06/2022,F02279,input,Bio-pesticide,35 kg,₹ 215.83,"₹ 7,554.05",BRD-YTM
T020988,07/11/2022,f02296,delivery,Cotton Kapas,3.1 qtl,"₹ 8,310.00","₹ 26,093.40",BRD-YTM
T020989,05/11/2022,F02296,FPO_DELIVERY,Cotton,13.44 q,"₹ 8,310.00","₹ 1,11,686.40",BRD-YTM
T020990,21/06/2022,f02296,Input Purchase,Bio-pesticide,278 kgs,₹ 521.44,"₹ 1,44,960.32",BRD-YTM
T020991,01/06/2022,F02296,Input Purchase,FERTILIZER 50kg bag,188 kg,₹ 39.68,"₹ 7,459.84",BRD-YTM
T021121,02/10/2022,F02367,FPO_DELIVERY,Cotton,5.2 qtl,"₹ 8,950.00","₹ 46,361.00",BRD-YTM
T021122,18/11/2022,F02367,Delivery,COTTON (Kapas),3.01 quintals,"₹ 8,950.00","₹ 26,939.50",BRD-YTM
T021123,03/11/2022,F02368,Delivery,Cotton Kapas,12.37 q,"₹ 9,020.00","₹ 1,11,577.40",BRD-YTM
T021124,16/06/2022,F02368,I,Urea,193 kg,₹ 55.10,"₹ 10,634.30",BRD-YTM
T021125,19/11/2022,f02368,loan,EMI,,,"₹ 5,700.00",BRD-YTM
T021137,29/11/2022,F02372,FPO_DELIVERY,Cotton,18.37 quintals,"₹ 8,765.00","₹ 1,61,013.05",BRD-YTM
T021138,23/10/2022,F02372,DELIVERY,Cotton Kapas,0.22 quintals,"₹ 8,765.00","₹ 1,928.30",BRD-YTM
T021139,31/07/2022,F02372,L,Loan Repayment,,,"₹ 1,900.00",BRD-YTM
T021140,08/09/2022,F02372,LOAN_REPAY,EMI,,,"₹ 5,000.00",BRD-YTM
T021148,24/10/2022,F02382,FPO_DELIVERY,kapas,15.51 quintals,"₹ 8,780.00","₹ 1,36,177.80",BRD-YTM
T021149,12/11/2022,f02382,Delivery,kapas,0.07 quintals,"₹ 8,780.00",₹ 614.60,BRD-YTM
T021150,06/07/2022,F02382,I,PPC,232 kg,₹ 319.47,"₹ 74,117.04",BRD-YTM
T021151,22/06/2022,F02382,Input Purchase,Fertilizer,319 kgs,₹ 42.50,"₹ 13,557.50",BRD-YTM
T021152,07/06/2022,F02382,FERT_PURCHASE,Urea,286 kg,₹ 59.19,"₹ 16,928.34",BRD-YTM
T021153,06/07/2022,F02382,INPUT_PURCHASE,DAP,72 kgs,₹ 37.77,"₹ 2,719.44",BRD-YTM
T021181,07/10/2022,F02397,Delivery,kapas,1.92 quintals,"₹ 8,565.00","₹ 16,444.80",BRD-YTM
T021182,11/10/2022,F02397,delivery,kapas,4.70 quintals,"₹ 8,565.00","₹ 40,255.50",BRD-YTM
T021183,08/07/2022,,input,Seeds,251 kgs,₹ 50.97,"₹ 12,793.47",BRD-YTM
T021194,29/10/2022,F02404,Delivery,COTTON (Kapas),0.6 qtl,"₹ 8,135.00","₹ 4,555.60",BRD-YTM
T021195,29/11/2022,F02404,delivery,Cotton,1.02 q,"₹ 8,135.00","₹ 8,297.70",BRD-YTM
T021196,17/10/2022,F02404,D,kapas,0.79 quintals,"₹ 8,135.00","₹ 6,426.65",BRD-YTM
T021197,10/06/2022,F02404,Input Purchase,NPK 10:26:26,180 kgs,₹ 42.55,"₹ 7,659.00",BRD-YTM
T021208,23/10/2022,F02407,Delivery,Cotton Kapas,9.35 q,"₹ 8,750.00","₹ 81,812.50",BRD-YTM
T021209,04/06/2022,F02407,INPUT_PURCHASE,DAP,282 kg,₹ 41.64,"₹ 11,742.48",BRD-YTM
T021210,15/07/2022,F02407,Input Purchase,Urea,29 kg,₹ 51.68,"₹ 1,498.72",BRD-YTM
T021211,08/06/2022,F02407,INPUT_PURCHASE,DAP,102 kg,₹ 33.46,"₹ 3,412.92",BRD-YTM
T021212,16/06/2022,F02407,FERT_PURCHASE,Bio-pesticide,250 kgs,₹ 568.23,"₹ 1,42,057.50",BRD-YTM
T021213,14/06/2022,F02407,input,NPK 10:26:26,248 kg,₹ 44.86,"₹ 11,125.28",BRD-YTM
T021230,06/10/2022, F02417 ,FPO_DELIVERY,COTTON (Kapas),8.87 quintals,"₹ 8,475.00","₹ 75,173.25",BRD-YTM
T021231,23/10/2022,F02417,DELIVERY,Cotton,0.31 q,"₹ 8,475.00","₹ 2,627.25",BRD-YTM
T021232,15/06/2022,F02417,INPUT_PURCHASE,Hybrid Seeds,29 kgs,₹ 66.67,"₹ 1,933.43",BRD-YTM
T021233,27/06/2022,F02417,I,DAP,124 kg,₹ 37.14,"₹ 4,605.36",BRD-YTM
T021234,26/07/2022,F02417,L,Loan Repayment,,,"₹ 4,900.00",BRD-YTM
T021235,09/06/2022,f02417,LOAN_REPAY,EMI,,,"₹ 5,100.00",BRD-YTM
T021290,10/10/2022, F02438 ,Delivery,COTTON (Kapas),2.3 qtl,"₹ 8,595.00","₹ 20,112.30",BRD-YTM
T021291,28/11/2022,F02438,D,Cotton Kapas,6.44 q,"₹ 8,595.00","₹ 55,351.80",BRD-YTM
T021334,27/11/2022,F02454,delivery,Cotton Kapas,2.81 quintals,"₹ 8,100.00","₹ 22,761.00",BRD-YTM
T021335,11/11/2022,F02454,DELIVERY,Cotton Kapas,1.8 qtl,"₹ 8,100.00","₹ 14,256.00",BRD-YTM
T021336,20/06/2022,F02454,Input Purchase,Bio-pesticide,27 kg,₹ 139.99,"₹ 3,779.73",BRD-YTM
T021370,04/11/2022,f02461,delivery,COTTON (Kapas),18.75 q,"₹ 8,385.00","₹ 1,57,218.75",BRD-YTM
T021371,21/11/2022,F02461,delivery,COTTON (Kapas),0.35 quintals,"₹ 8,385.00","₹ 2,934.75",BRD-YTM
T021372,16/06/2022,F02461,Input Purchase,Bio-pesticide,200 kg,₹ 339.54,"₹ 67,908.00",BRD-YTM
T021373,05/06/2022,F02461,INPUT_PURCHASE,PP chemicals,43 kgs,₹ 501.56,"₹ 21,567.08",BRD-YTM
T021374,01/07/2022,F02461,I,PP chemicals,265 kg,₹ 449.93,"₹ 1,19,231.45",BRD-YTM
T021403,18/11/2022,F02470,delivery,kapas,3.6 qtl,"₹ 8,075.00","₹ 29,070.00",BRD-YTM
T021404,01/10/2022,F02470,Delivery,Cotton,2.0 qtl,"₹ 8,075.00","₹ 16,230.75",BRD-YTM
T021430,06/10/2022,f02479,Delivery,kapas,5.8 qtl,"₹ 8,800.00","₹ 50,688.00",BRD-YTM
T021431,09/10/2022,F02479,FPO_DELIVERY,Cotton Kapas,3.14 q,"₹ 8,800.00","₹ 27,632.00",BRD-YTM
T021432,11/07/2022,F02479,input,Seeds,50 kgs,₹ 107.00,"₹ 5,350.00",BRD-YTM
T021433,10/06/2022, F02479 ,I,FERTILIZER 50kg bag,183 kgs,₹ 33.98,"₹ 6,218.34",BRD-YTM
T021439,15/10/2022,F02482,delivery,COTTON (Kapas),9.96 quintals,"₹ 8,740.00","₹ 87,050.40",BRD-YTM
T021440,13/07/2022,F02482,I,Fertilizer,150 kg,₹ 32.89,"₹ 4,933.50",BRD-YTM
T021441,15/06/2022,f02482,input,PP chemicals,219 kg,₹ 551.69,"₹ 1,20,820.11",BRD-YTM
T021442,03/07/2022,f02482,Loan Repayment,EMI,,,"₹ 4,300.00",BRD-YTM
T021457,30/11/2022,F02486,DELIVERY,COTTON (Kapas),17.92 quintals,"₹ 8,690.00","₹ 1,55,724.80",BRD-YTM
T021458,20/10/2022,F02486,delivery,Cotton,12.25 q,"₹ 8,690.00","₹ 1,06,452.50",BRD-YTM
T021459,22/06/2022,F02486,FERT_PURCHASE,FERTILIZER 50kg bag,38 kgs,₹ 37.45,"₹ 1,423.10",BRD-YTM
T021460,25/08/2022,F02486,L,Loan Repayment,,,"₹ 7,900.00",BRD-YTM
T021461,16/10/2022,F02486,L,EMI,,,"₹ 6,800.00",BRD-YTM
T021468,11/11/2022,F02489,FPO_DELIVERY,Cotton,17.4 qtl,"₹ 9,115.00","₹ 1,58,692.15",BRD-YTM
T021469,07/07/2022,F02489,Input Purchase,DAP,287 kg,₹ 44.44,"₹ 12,754.28",BRD-YTM
T021478,04/04/2023,F01003,DELIVERY,chana,5.8 qtl,"₹ 6,430.00","₹ 37,486.90",BRD-YTM
T021479,01/01/2023,F01003,Input Purchase,Seeds,44 kgs,₹ 47.96,"₹ 2,110.24",BRD-YTM
T021480,08/01/2023,F01003,FERT_PURCHASE,Seeds,310 kg,₹ 79.07,"₹ 24,511.70",BRD-YTM
T021481,25/03/2023,f01005,D,Bengal Gram,11.0 qtl,"₹ 6,250.00","₹ 68,500.00",BRD-YTM
T021482,04/03/2023,F01005,DELIVERY,chana,8.1 qtl,"₹ 6,250.00","₹ 50,375.00",BRD-YTM
T021483,04/01/2023,F01005,input,NPK 10:26:26,163 kg,₹ 57.02,"₹ 9,294.26",BRD-YTM
T021484,30/12/2022,F01005,FERT_PURCHASE,Urea,95 kgs,₹ 48.70,"₹ 4,626.50",BRD-YTM
T021485,02/03/2023,F01008,DELIVERY,Gram,0.25 quintals,"₹ 6,265.00","₹ 1,566.25",BRD-YTM
T021486,31/03/2023,F01008,delivery,chana,6.70 quintals,"₹ 6,265.00","₹ 41,975.50",BRD-YTM
T021487,12/12/2022,F01008,INPUT_PURCHASE,FERTILIZER 50kg bag,95 kgs,₹ 38.33,"₹ 3,641.35",BRD-YTM
T021488,31/03/2023, F01009 ,DELIVERY,chana,0.48 quintals,"₹ 6,810.00","₹ 3,268.80",BRD-YTM
T021489,30/03/2023,f01009,D,Bengal Gram,,"₹ 6,810.00","₹ 51,892.20",BRD-YTM
T021490,23/12/2022,F01009,input,FERTILIZER 50kg bag,85 kg,₹ 40.53,"₹ 3,445.05",BRD-YTM
T021491,08/01/2023,F01009,input,Hybrid Seeds,260 kgs,₹ 115.11,"₹ 29,928.60",BRD-YTM
T021492,23/05/2023,F01009,loan,EMI,,,"₹ 2,400.00",BRD-YTM
T021493,04/03/2023,F01013,DELIVERY,chana,11.39 quintals,"₹ 6,705.00","₹ 76,369.95",BRD-YTM
T021494,08/04/2023,F01013,D,GRAM (Chana),0.64 quintals,"₹ 6,705.00","₹ 4,291.20",BRD-YTM
T021495,17/04/2023,F01017,D,Bengal Gram,3.20 quintals,"₹ 6,540.00","₹ 20,928.00",BRD-YTM
T021496,30/04/2023,F01017,Delivery,Bengal Gram,0.66 quintals,"₹ 6,540.00","₹ 4,316.40",BRD-YTM
T021497,05/05/2023,F01017,Delivery,Lokwan Wheat,8.0 qtl,"₹ 2,510.00","₹ 20,180.40",BRD-YTM
T021498,26/03/2023,F01017,D,Wheat (Durum),3.3 qtl,"₹ 2,510.00","₹ 8,383.40",BRD-YTM
T021499,20/02/2023,F01017,Loan Repayment,EMI,,,"₹ 1,800.00",BRD-YTM
T021500,11/03/2023,F01020,FPO_DELIVERY,Bengal Gram,2.4 qtl,"₹ 6,565.00","₹ 15,493.40",BRD-YTM
T021501,26/04/2023,F01020,delivery,Wheat (Durum),5.70 q,"₹ 2,460.00","₹ 14,022.00",BRD-YTM
T021502,05/05/2023,F01021,DELIVERY,Gram,13.9 qtl,"₹ 6,485.00","₹ 90,206.35",BRD-YTM
T021503,04/04/2023,F01021,DELIVERY,WHEAT,31.76 q,"₹ 2,470.00","₹ 78,447.20",BRD-YTM
T021504,05/05/2023,F01021,delivery,Wheat (Durum),1.6 qtl,"₹ 2,470.00","₹ 3,927.30",BRD-YTM
T021505,10/01/2023,,Input Purchase,Urea,288 kg,₹ 58.75,"₹ 16,920.00",BRD-YTM
T021506,09/12/2022,F01021,INPUT_PURCHASE,FERTILIZER 50kg bag,143 kgs,₹ 45.11,"₹ 6,450.73",BRD-YTM
T021507,02/03/2023,F01022,Delivery,Gram,3.63 quintals,"₹ 6,960.00","₹ 25,264.80",BRD-YTM
T021508,27/03/2023,F01022,Delivery,Gram,3.94 quintals,"₹ 6,960.00","₹ 27,422.40",BRD-YTM
T021509,03/05/2023,F01022,delivery,Gram,0.3 qtl,"₹ 6,960.00","₹ 1,879.20",BRD-YTM
T021510,10/01/2023,F01022,INPUT_PURCHASE,Urea,66 kg,₹ 42.83,"₹ 2,826.78",BRD-YTM
T021511,09/01/2023, F01022 ,INPUT_PURCHASE,Bio-pesticide,209 kg,₹ 469.46,"₹ 98,117.14",BRD-YTM
T021512,11/12/2022,F01022,I,Hybrid Seeds,134 kg,₹ 122.83,"₹ 16,459.22",BRD-YTM
T021513,23/04/2023,f01023,Delivery,Bengal Gram,11.41 quintals,"₹ 6,440.00","₹ 73,480.40",BRD-YTM
T021514,22/12/2022,F01023,I,DAP,257 kgs,₹ 59.93,"₹ 15,402.01",BRD-YTM
T021515,09/03/2023,F01029,delivery,chana,8.76 q,"₹ 7,120.00","₹ 62,371.20",BRD-YTM
T021516,07/03/2023,F01029,delivery,Gram,0.4 qtl,"₹ 7,120.00","₹ 3,132.80",BRD-YTM
T021517,13/12/2022,F01029,input,Hybrid Seeds,42 kgs,₹ 68.36,"₹ 2,871.12",BRD-YTM
T021518,16/03/2023,F01030,DELIVERY,Bengal Gram,2.5 qtl,"₹ 6,880.00","₹ 17,406.40",BRD-YTM
T021519,08/04/2023, F01030 ,FPO_DELIVERY,WHEAT,3.9 qtl,"₹ 2,675.00","₹ 10,298.75",BRD-YTM
T021520,04/03/2023,f01030,D,Lokwan Wheat,3.34 quintals,"₹ 2,675.00","₹ 8,934.50",BRD-YTM
T021521,15/01/2023,F01030,I,PP chemicals,206 kg,₹ 633.22,"₹ 1,30,443.32",BRD-YTM
T021522,26/12/2022,F01030,I,NPK 10:26:26,114 kg,₹ 37.00,"₹ 4,218.00",BRD-YTM
T021523,29/12/2022,F01030,input,Urea,57 kgs,₹ 32.76,"₹ 1,867.32",BRD-YTM
T021524,26/03/2023,F01032,D,chana,2.9 qtl,"₹ 6,905.00","₹ 19,886.40",BRD-YTM
T021525,14/05/2023,F01032,DELIVERY,GRAM (Chana),5.7 qtl,"₹ 6,905.00","₹ 39,289.45",BRD-YTM
T021526,30/03/2023,f01032,delivery,wheat,12.26 q,"₹ 2,660.00","₹ 32,611.60",BRD-YTM
T021527,15/03/2023,F01032,D,Wheat,15.86 q,"₹ 2,660.00","₹ 42,187.60",BRD-YTM
T021528,07/01/2023,F01032,I,FERTILIZER 50kg bag,80 kg,₹ 54.48,"₹ 4,358.40",BRD-YTM
T021529,11/01/2023, F01032 ,I,Seeds,32 kgs,₹ 99.12,"₹ 3,171.84",BRD-YTM
T021530,02/12/2022,F01032,Input Purchase,Hybrid Seeds,173 kg,₹ 109.54,"₹ 18,950.42",BRD-YTM
T021531,29/03/2023,F01035,DELIVERY,chana,3.2 qtl,"₹ 6,120.00","₹ 19,890.00",BRD-YTM
T021532,04/04/2023,F01035,Delivery,GRAM (Chana),2.49 q,"₹ 6,120.00","₹ 15,238.80",BRD-YTM
T021533,14/05/2023,F01035,FPO_DELIVERY,wheat,4.5 qtl,"₹ 2,500.00","₹ 11,375.00",BRD-YTM
T021534,15/03/2023,F01035,Delivery,Lokwan Wheat,9.69 q,"₹ 2,500.00","₹ 24,225.00",BRD-YTM
T021535,13/01/2023,F01035,Input Purchase,DAP,294 kgs,₹ 58.30,"₹ 17,140.20",BRD-YTM
T021536,17/04/2023,F01036,Delivery,Gram,2.17 quintals,"₹ 6,345.00","₹ 13,768.65",BRD-YTM
T021537,16/04/2023,f01036,D,chana,7.60 quintals,"₹ 6,345.00","₹ 48,222.00",BRD-YTM
T021538,05/12/2022,F01036,INPUT_PURCHASE,FERTILIZER 50kg bag,109 kgs,₹ 56.54,"₹ 6,162.86",BRD-YTM
T021539,11/01/2023,f01036,FERT_PURCHASE,PPC,255 kgs,₹ 313.38,"₹ 79,911.90",BRD-YTM
T021540,04/01/2023,F01036,input,FERTILIZER 50kg bag,38 kgs,₹ 47.19,"₹ 1,793.22",BRD-YTM
T021541,22/12/2022,F01036,I,Hybrid Seeds,103 kgs,₹ 99.48,"₹ 10,246.44",BRD-YTM
T021542,13/04/2023,F01037,DELIVERY,Gram,0.4 qtl,"₹ 6,570.00","₹ 2,759.40",BRD-YTM
T021543,15/03/2023,F01037,delivery,chana,6.1 qtl,"₹ 6,570.00","₹ 40,274.10",BRD-YTM
T021544,05/04/2023,F01037,FPO_DELIVERY,Wheat (Durum),0.33 quintals,"₹ 2,635.00",₹ 869.55,BRD-YTM
T021545,01/03/2023,F01037,D,Wheat (Durum),18.53 q,"₹ 2,635.00","₹ 48,826.55",BRD-YTM
T021546,16/03/2023,F01044,delivery,Gram,3.22 quintals,"₹ 6,655.00","₹ 21,429.10",BRD-YTM
T021547,02/05/2023,F01044,D,Bengal Gram,16.83 quintals,"₹ 6,655.00","₹ 1,12,003.65",BRD-YTM
T021548,13/03/2023,F01044,D,Wheat,55.61 q,"₹ 2,465.00","₹ 1,37,078.65",BRD-YTM
T021549,21/12/2022,F01044,FERT_PURCHASE,NPK 10:26:26,247 kg,₹ 28.75,"₹ 7,101.25",BRD-YTM
T021550,23/04/2023,F01048,DELIVERY,Gram,3.88 q,"₹ 6,755.00","₹ 26,209.40",BRD-YTM
T021551,19/12/2022,F01048,input,DAP,273 kgs,₹ 55.98,"₹ 15,282.54",BRD-YTM
T021552,14/01/2023,F01048,INPUT_PURCHASE,Fertilizer,91 kgs,₹ 32.35,"₹ 2,943.85",BRD-YTM
T021553,18/12/2022,F01048,input,Fertilizer,234 kgs,₹ 41.29,"₹ 9,661.86",BRD-YTM
T021554,16/12/2022,f01048,input,PP chemicals,125 kgs,₹ 522.06,"₹ 65,257.50",BRD-YTM
T021555,10/04/2023,F01050,Delivery,Bengal Gram,3.01 q,"₹ 6,550.00","₹ 19,715.50",BRD-YTM
T021556,01/05/2023,F01050,DELIVERY,Bengal Gram,25.87 q,"₹ 6,550.00","₹ 1,69,448.50",BRD-YTM
T021557,05/03/2023,F01051,Delivery,Gram,0.8 qtl,"₹ 6,385.00","₹ 4,916.45",BRD-YTM
T021558,03/04/2023,F01051,FPO_DELIVERY,Gram,6.19 q,"₹ 6,385.00","₹ 39,523.15",BRD-YTM
T021559,08/04/2023,F01051,FPO_DELIVERY,wheat,11.93 q,"₹ 2,535.00","₹ 30,242.55",BRD-YTM
T021560,13/05/2023,F01051,delivery,Lokwan Wheat,8.88 q,"₹ 2,535.00","₹ 22,510.80",BRD-YTM
T021561,13/12/2022,F01051,INPUT_PURCHASE,PPC,290 kg,₹ 672.43,"₹ 1,95,004.70",BRD-YTM
T021562,19/04/2023,F01051,LOAN_REPAY,EMI,,,"₹ 7,600.00",BRD-YTM
T021563,24/04/2023,F01055,FPO_DELIVERY,Bengal Gram,13.9 qtl,"₹ 6,250.00","₹ 87,062.50",BRD-YTM
T021564,20/03/2023,F01055,D,wheat,40.36 q,"₹ 2,640.00","₹ 1,06,550.40",BRD-YTM
T021565,26/12/2022,F01055,FERT_PURCHASE,PP chemicals,121 kg,₹ 304.04,"₹ 36,788.84",BRD-YTM
T021566,07/01/2023,F01055,Input Purchase,SEEDS,232 kg,₹ 105.29,"₹ 24,427.28",BRD-YTM
T021567,01/12/2022,F01055,FERT_PURCHASE,SEEDS,289 kg,₹ 62.22,"₹ 17,981.58",BRD-YTM
T021568,23/03/2023,f01057,delivery,Bengal Gram,14.9 qtl,"₹ 6,365.00","₹ 94,711.20",BRD-YTM
T021569,14/01/2023,F01057,FERT_PURCHASE,FERTILIZER 50kg bag,306 kg,₹ 43.48,"₹ 13,304.88",BRD-YTM
T021570,14/12/2022,F01057,Input Purchase,FERTILIZER 50kg bag,108 kg,₹ 52.16,"₹ 5,633.28",BRD-YTM
T021571,11/03/2023,F01064,D,Bengal Gram,13.89 quintals,"₹ 7,030.00","₹ 97,646.70",BRD-YTM
T021572,28/04/2023,F01064,DELIVERY,Gram,10.76 quintals,"₹ 7,030.00","₹ 75,642.80",BRD-YTM
T021573,31/03/2023,f01064,DELIVERY,GRAM (Chana),0.32 q,"₹ 7,030.00","₹ 2,249.60",BRD-YTM
T021574,21/12/2022,F01064,I,SEEDS,77 kg,₹ 53.96,"₹ 4,154.92",BRD-YTM
T021575,06/01/2023,F01064,input,FERTILIZER 50kg bag,150 kgs,₹ 39.46,"₹ 5,919.00",BRD-YTM
T021576,11/12/2022,F01064,INPUT_PURCHASE,DAP,141 kg,₹ 53.41,"₹ 7,530.81",BRD-YTM
T021577,16/03/2023,F01064,LOAN_REPAY,Loan Repayment,,,"₹ 4,200.00",BRD-YTM
T021578,13/04/2023,F01064,Loan Repayment,EMI,,,"₹ 1,900.00",BRD-YTM
T021579,21/02/2023,F01064,LOAN_REPAY,Loan Repayment,,,"₹ 1,000.00",BRD-YTM
T021580,31/01/2023,F01064,L,EMI,,,"₹ 3,600.00",BRD-YTM
T021581,20/04/2023,F01064,LOAN_REPAY,EMI,,,"₹ 1,000.00",BRD-YTM
T021582,06/03/2023,F01071,FPO_DELIVERY,GRAM (Chana),6.4 qtl,"₹ 6,415.00","₹ 41,248.45",BRD-YTM
T021583,13/01/2023,F01071,INPUT_PURCHASE,PPC,166 kgs,₹ 225.39,"₹ 37,414.74",BRD-YTM
T021584,04/12/2022,F01071,input,Hybrid Seeds,31 kg,₹ 91.05,"₹ 2,822.55",BRD-YTM
T021585,22/05/2023,F01071,L,Loan Repayment,,,"₹ 6,500.00",BRD-YTM
T021586,02/02/2023,F01071,Loan Repayment,EMI,,,"₹ 1,600.00",BRD-YTM
T021587,21/03/2023,f01075,Delivery,Bengal Gram,12.79 quintals,"₹ 6,195.00","₹ 79,234.05",BRD-YTM
T021588,03/04/2023,F01079,Delivery,chana,6.8 qtl,"₹ 6,145.00","₹ 41,970.35",BRD-YTM
T021589,07/12/2022,f01079,I,Fertilizer,273 kg,₹ 47.71,"₹ 13,024.83",BRD-YTM
T021590,07/12/2022,F01079,I,FERTILIZER 50kg bag,60 kg,₹ 47.29,"₹ 2,837.40",BRD-YTM
T021591,19/04/2023,F01081,FPO_DELIVERY,chana,16.59 quintals,"₹ 6,445.00","₹ 1,06,922.55",BRD-YTM
T021592,13/05/2023,F01081,delivery,Lokwan Wheat,45.54 quintals,"₹ 2,755.00","₹ 1,25,462.70",BRD-YTM
T021593,06/12/2022, F01081 ,input,FERTILIZER 50kg bag,97 kg,₹ 39.55,"₹ 3,836.35",BRD-YTM
T021594,19/05/2023,F01081,L,Loan Repayment,,,"₹ 3,600.00",BRD-YTM
T021595,13/03/2023,F01082,DELIVERY,GRAM (Chana),7.2 qtl,"₹ 6,620.00","₹ 47,531.60",BRD-YTM
T021596,28/03/2023,F01082,DELIVERY,Gram,1.1 qtl,"₹ 6,620.00","₹ 7,083.40",BRD-YTM
T021597,14/01/2023,F01082,FERT_PURCHASE,NPK 10:26:26,33 kgs,₹ 46.96,"₹ 1,549.68",BRD-YTM
T021598,15/01/2023,F01082,Input Purchase,PP chemicals,218 kg,₹ 274.29,"₹ 59,795.22",BRD-YTM
T021599,26/12/2022,F01082,Input Purchase,Seeds,71 kgs,₹ 46.23,"₹ 3,282.33",BRD-YTM
T021600,13/04/2023,f01087,Delivery,chana,11.97 quintals,"₹ 6,750.00","₹ 80,797.50",BRD-YTM
T021601,14/04/2023,F01087,delivery,Gram,2.14 q,"₹ 6,750.00","₹ 14,445.00",BRD-YTM
T021602,28/12/2022,f01087,I,FERTILIZER 50kg bag,44 kg,₹ 40.17,"₹ 1,767.48",BRD-YTM
T021603,06/12/2022,f01087,INPUT_PURCHASE,Urea,196 kgs,₹ 35.63,"₹ 6,983.48",BRD-YTM
T021604,02/01/2023,F01087,FERT_PURCHASE,NPK 10:26:26,305 kgs,₹ 35.64,"₹ 10,870.20",BRD-YTM
T021605,15/01/2023,F01087,FERT_PURCHASE,Fertilizer,284 kgs,₹ 35.41,"₹ 10,056.44",BRD-YTM
T021606,15/12/2022,F01087,Input Purchase,DAP,277 kgs,₹ 48.56,"₹ 13,451.12",BRD-YTM
T021607,04/12/2022,F01087,I,Urea,246 kg,₹ 53.94,"₹ 13,269.24",BRD-YTM
T021608,21/04/2023,F01088,FPO_DELIVERY,Gram,6.5 qtl,"₹ 6,500.00","₹ 42,055.00",BRD-YTM
T021609,26/04/2023,F01088,D,wheat,0.64 quintals,"₹ 2,665.00","₹ 1,705.60",BRD-YTM
T021610,22/03/2023,F01088,DELIVERY,Wheat (Durum),12.33 q,"₹ 2,665.00","₹ 32,859.45",BRD-YTM
T021611,12/01/2023,F01088,I,Fertilizer,200 kgs,₹ 55.22,"₹ 11,044.00",BRD-YTM
T021612,12/12/2022,F01088,Input Purchase,Seeds,39 kgs,₹ 120.57,"₹ 4,702.23",BRD-YTM
T021613,06/04/2023,F01090,DELIVERY,chana,0.31 quintals,"₹ 6,085.00","₹ 1,886.35",BRD-YTM
T021614,03/05/2023,f01090,D,Gram,5.3 qtl,"₹ 6,085.00","₹ 32,311.35",BRD-YTM
T021615,03/12/2022,F01090,FERT_PURCHASE,Fertilizer,47 kg,₹ 53.76,"₹ 2,526.72",BRD-YTM
T021616,07/12/2022, F01090 ,input,SEEDS,193 kg,₹ 117.70,"₹ 22,716.10",BRD-YTM
T021617,24/12/2022,F01090,input,Seeds,319 kgs,₹ 65.27,"₹ 20,821.13",BRD-YTM
T021618,04/04/2023,F01092,DELIVERY,chana,8.65 q,"₹ 7,050.00","₹ 60,982.50",BRD-YTM
T021619,01/01/2023,F01092,I,Seeds,96 kg,₹ 73.97,"₹ 7,101.12",BRD-YTM
T021620,11/12/2022,F01092,FERT_PURCHASE,Urea,290 kg,₹ 50.41,"₹ 14,618.90",BRD-YTM
T021621,12/04/2023,f01093,Delivery,Bengal Gram,8.3 qtl,"₹ 5,985.00","₹ 49,495.95",BRD-YTM
T021622,10/03/2023,F01093,delivery,Gram,6.35 q,"₹ 5,985.00","₹ 38,004.75",BRD-YTM
T021623,14/04/2023,F01098,delivery,chana,6.55 q,"₹ 6,840.00","₹ 44,802.00",BRD-YTM
T021624,08/05/2023,F01098,delivery,WHEAT,8.8 qtl,"₹ 2,680.00","₹ 23,664.40",BRD-YTM
T021625,18/03/2023,f01098,delivery,Lokwan Wheat,9.81 quintals,"₹ 2,680.00","₹ 26,290.80",BRD-YTM
T021626,22/12/2022,F01098,I,SEEDS,133 kg,₹ 110.46,"₹ 14,691.18",BRD-YTM
T021627,15/12/2022,F01098,I,Hybrid Seeds,65 kgs,₹ 89.54,"₹ 5,820.10",BRD-YTM
T021628,09/01/2023,f01098,FERT_PURCHASE,PP chemicals,76 kgs,₹ 602.44,"₹ 45,785.44",BRD-YTM
T021629,31/03/2023,F01098,loan,EMI,,,"₹ 6,400.00",BRD-YTM
T021630,06/03/2023,F01104,Delivery,Gram,25.6 qtl,"₹ 6,860.00","₹ 1,75,547.40",BRD-YTM
T021631,15/03/2023,f01104,FPO_DELIVERY,GRAM (Chana),1.32 quintals,"₹ 6,860.00","₹ 9,055.20",BRD-YTM
T021632,06/12/2022,F01104,Input Purchase,Fertilizer,159 kg,₹ 42.89,"₹ 6,819.51",BRD-YTM
T021633,08/01/2023,F01104,input,Seeds,173 kg,₹ 45.99,"₹ 7,956.27",BRD-YTM
T021634,13/12/2022,f01104,Input Purchase,FERTILIZER 50kg bag,292 kg,₹ 39.01,"₹ 11,390.92",BRD-YTM
T021635,02/01/2023,f01104,input,Urea,204 kg,₹ 55.97,"₹ 11,417.88",BRD-YTM
T021636,12/12/2022, F01104 ,LOAN_REPAY,EMI,,,"₹ 4,600.00",BRD-YTM
T021637,16/01/2023,F01104,Loan Repayment,Loan Repayment,,,"₹ 4,100.00",BRD-YTM
T021638,29/05/2023,F01104,loan,Loan Repayment,,,"₹ 6,100.00",BRD-YTM
T021639,17/04/2023, F01105 ,D,Bengal Gram,3.2 qtl,"₹ 6,245.00","₹ 20,296.25",BRD-YTM
T021640,05/03/2023,f01105,Delivery,chana,17.37 quintals,"₹ 6,245.00","₹ 1,08,475.65",BRD-YTM
T021641,24/03/2023, F01105 ,FPO_DELIVERY,GRAM (Chana),1.92 q,"₹ 6,245.00","₹ 11,990.40",BRD-YTM
T021642,07/01/2023,F01105,I,Fertilizer,290 kgs,₹ 48.30,"₹ 14,007.00",BRD-YTM
T021643,12/01/2023,F01105,FERT_PURCHASE,SEEDS,275 kgs,₹ 102.93,"₹ 28,305.75",BRD-YTM
T021644,10/12/2022,F01105,I,Seeds,55 kg,₹ 54.37,"₹ 2,990.35",BRD-YTM
T021645,14/03/2023,F01107,FPO_DELIVERY,Bengal Gram,5.0 qtl,"₹ 6,080.00","₹ 30,278.40",BRD-YTM
T021646,09/03/2023,f01107,delivery,Bengal Gram,11.25 quintals,"₹ 6,080.00","₹ 68,400.00",BRD-YTM
T021647,15/12/2022,F01107,INPUT_PURCHASE,PP chemicals,112 kgs,₹ 661.85,"₹ 74,127.20",BRD-YTM
T021648,01/01/2023,F01107,FERT_PURCHASE,DAP,38 kgs,₹ 50.48,"₹ 1,918.24",BRD-YTM
T021649,12/12/2022,F01107,I,Bio-pesticide,300 kgs,₹ 581.68,"₹ 1,74,504.00",BRD-YTM
T021650,29/04/2023,F01107,loan,EMI,,,"₹ 2,100.00",BRD-YTM
T021651,01/04/2023,F01110,delivery,Gram,2.87 q,"₹ 6,595.00","₹ 18,927.65",BRD-YTM
T021652,07/04/2023,F01110,Delivery,GRAM (Chana),15.0 qtl,"₹ 6,595.00","₹ 98,859.05",BRD-YTM
T021653,25/04/2023,F01110,FPO_DELIVERY,Wheat (Durum),46.89 quintals,"₹ 2,810.00","₹ 1,31,760.90",BRD-YTM
T021654,18/04/2023,F01111,DELIVERY,Bengal Gram,17.40 q,"₹ 6,340.00","₹ 1,10,316.00",BRD-YTM
T021655,02/12/2022,F01111,FERT_PURCHASE,DAP,136 kg,₹ 30.83,"₹ 4,192.88",BRD-YTM
T021656,04/01/2023,F01111,Input Purchase,DAP,184 kgs,₹ 59.95,"₹ 11,030.80",BRD-YTM
T021657,12/03/2023,F01111,LOAN_REPAY,Loan Repayment,,,"₹ 6,000.00",BRD-YTM
T021658,08/05/2023, F01111 ,Loan Repayment,Loan Repayment,,,"₹ 1,200.00",BRD-YTM
T021659,11/04/2023, F01112 ,delivery,GRAM (Chana),4.5 qtl,"₹ 6,390.00","₹ 28,755.00",BRD-YTM
T021660,15/03/2023,F01112,DELIVERY,chana,16.85 q,"₹ 6,390.00","₹ 1,07,671.50",BRD-YTM
T021661,12/03/2023,F01112,FPO_DELIVERY,wheat,33.03 q,"₹ 2,585.00","₹ 85,382.55",BRD-YTM
T021662,20/04/2023,F01112,DELIVERY,wheat,29.02 q,"₹ 2,585.00","₹ 75,016.70",BRD-YTM
T021663,01/04/2023,F01114,delivery,GRAM (Chana),8.3 qtl,"₹ 6,250.00","₹ 51,625.00",BRD-YTM
T021664,03/12/2022,F01114,Input Purchase,Fertilizer,312 kg,₹ 56.99,"₹ 17,780.88",BRD-YTM
T021665,04/05/2023,F01116,FPO_DELIVERY,Gram,8.22 quintals,"₹ 6,485.00","₹ 53,306.70",BRD-YTM
T021666,01/05/2023,F01116,delivery,GRAM (Chana),3.39 q,"₹ 6,485.00","₹ 21,984.15",BRD-YTM
T021667,09/03/2023,f01116,delivery,chana,2.33 quintals,"₹ 6,485.00","₹ 15,110.05",BRD-YTM
T021668,10/12/2022,F01116,input,Bio-pesticide,26 kg,₹ 274.88,"₹ 7,146.88",BRD-YTM
T021669,14/01/2023,F01116,FERT_PURCHASE,Bio-pesticide,300 kgs,₹ 641.01,"₹ 1,92,303.00",BRD-YTM
T021670,20/12/2022,F01116,FERT_PURCHASE,SEEDS,73 kg,₹ 107.96,"₹ 7,881.08",BRD-YTM
T021671,17/12/2022,f01116,I,Fertilizer,294 kg,₹ 39.36,"₹ 11,571.84",BRD-YTM
T021672,27/03/2023,F01117,D,Bengal Gram,4.15 q,"₹ 6,845.00","₹ 28,406.75",BRD-YTM
T021673,09/04/2023,F01117,delivery,GRAM (Chana),3.34 quintals,"₹ 6,845.00","₹ 22,862.30",BRD-YTM
T021674,19/12/2022,F01117,input,FERTILIZER 50kg bag,238 kg,₹ 35.18,"₹ 8,372.84",BRD-YTM
T021675,10/05/2023,F01120,FPO_DELIVERY,GRAM (Chana),16.06 q,"₹ 6,775.00","₹ 1,08,806.50",BRD-YTM
T021676,23/04/2023,F01120,Delivery,Wheat (Durum),44.71 quintals,"₹ 2,475.00","₹ 1,10,657.25",BRD-YTM
T021677,16/04/2023,F01120,FPO_DELIVERY,WHEAT,3.03 quintals,"₹ 2,475.00","₹ 7,499.25",BRD-YTM
T021678,08/01/2023,F01120,INPUT_PURCHASE,Fertilizer,238 kg,₹ 46.08,"₹ 10,967.04",BRD-YTM
T021679,02/03/2023,F01121,FPO_DELIVERY,chana,3.51 quintals,"₹ 6,395.00","₹ 22,446.45",BRD-YTM
T021680,02/03/2023,F01121,FPO_DELIVERY,Gram,0.2 qtl,"₹ 6,395.00","₹ 1,151.10",BRD-YTM
T021681,03/05/2023,f01122,Delivery,chana,1.16 q,"₹ 5,990.00","₹ 6,948.40",BRD-YTM
T021682,09/05/2023,F01122,Delivery,GRAM (Chana),1.9 qtl,"₹ 5,990.00","₹ 11,321.10",BRD-YTM
T021683,01/04/2023,F01122,Delivery,Wheat (Durum),2.2 qtl,"₹ 2,620.00","₹ 5,842.60",BRD-YTM
T021684,29/03/2023,F01122,FPO_DELIVERY,WHEAT,6.27 quintals,"₹ 2,620.00","₹ 16,427.40",BRD-YTM
T021685,02/03/2023,F01131,FPO_DELIVERY,chana,4.3 qtl,"₹ 6,120.00","₹ 26,071.20",BRD-YTM
T021686,11/03/2023,f01131,FPO_DELIVERY,Bengal Gram,7.79 q,"₹ 6,120.00","₹ 47,674.80",BRD-YTM
T021687,17/04/2023,F01131,DELIVERY,wheat,18.79 quintals,"₹ 2,635.00","₹ 49,511.65",BRD-YTM
T021688,26/03/2023,F01131,D,Wheat (Durum),11.16 q,"₹ 2,635.00","₹ 29,406.60",BRD-YTM
T021689,06/12/2022,F01131,Input Purchase,SEEDS,25 kgs,₹ 64.92,"₹ 1,623.00",BRD-YTM
T021690,09/12/2022,F01131,INPUT_PURCHASE,PP chemicals,168 kg,₹ 533.39,"₹ 89,609.52",BRD-YTM
T021691,14/05/2023,F01133,Delivery,GRAM (Chana),2.2 qtl,"₹ 6,620.00","₹ 14,762.60",BRD-YTM
T021692,28/03/2023,f01133,D,chana,1.54 q,"₹ 6,620.00","₹ 10,194.80",BRD-YTM
T021693,24/04/2023,f01133,DELIVERY,Lokwan Wheat,4.91 quintals,"₹ 2,575.00","₹ 12,643.25",BRD-YTM
T021694,13/03/2023,F01133,DELIVERY,wheat,4.6 qtl,"₹ 2,575.00","₹ 11,948.00",BRD-YTM
T021695,07/12/2022,F01133,INPUT_PURCHASE,SEEDS,242 kgs,₹ 127.89,"₹ 30,949.38",BRD-YTM
T021696,28/12/2022, F01133 ,INPUT_PURCHASE,NPK 10:26:26,98 kgs,₹ 33.76,"₹ 3,308.48",BRD-YTM
T021697,09/12/2022,F01133,input,Hybrid Seeds,196 kgs,₹ 60.94,"₹ 11,944.24",BRD-YTM
T021698,28/12/2022, F01133 ,loan,EMI,,,"₹ 6,300.00",BRD-YTM
T021699,06/01/2023,f01133,L,EMI,,,"₹ 1,000.00",BRD-YTM
T021700,04/03/2023,F01139,Delivery,Gram,7.01 q,"₹ 6,475.00","₹ 45,389.75",BRD-YTM
T021701,03/05/2023,F01139,FPO_DELIVERY,Wheat (Durum),14.60 quintals,"₹ 2,545.00","₹ 37,157.00",BRD-YTM
T021702,15/05/2023,F01139,DELIVERY,Lokwan Wheat,7.28 quintals,"₹ 2,545.00","₹ 18,527.60",BRD-YTM
T021703,13/05/2023,F01139,LOAN_REPAY,EMI,,,"₹ 5,000.00",BRD-YTM
T021704,19/12/2022,F01139,loan,Loan Repayment,,,"₹ 6,800.00",BRD-YTM
T021705,19/02/2023,F01139,Loan Repayment,Loan Repayment,,,"₹ 7,300.00",BRD-YTM
T021706,22/12/2022,F01139,loan,Loan Repayment,,,"₹ 4,600.00",BRD-YTM
T021707,08/05/2023,F01141,DELIVERY,chana,7.2 qtl,"₹ 6,995.00","₹ 50,643.80",BRD-YTM
T021708,01/03/2023,F01141,Delivery,Bengal Gram,7.25 q,"₹ 6,995.00","₹ 50,713.75",BRD-YTM
T021709,19/03/2023,F01141,delivery,Lokwan Wheat,44.44 q,"₹ 2,600.00","₹ 1,15,544.00",BRD-YTM
T021710,09/01/2023,F01141,Input Purchase,Seeds,123 kgs,₹ 66.45,"₹ 8,173.35",BRD-YTM
T021711,19/12/2022,F01141,Input Purchase,SEEDS,147 kg,₹ 106.90,"₹ 15,714.30",BRD-YTM
T021712,07/12/2022,F01141,INPUT_PURCHASE,NPK 10:26:26,140 kg,₹ 49.95,"₹ 6,993.00",BRD-YTM
T021713,08/01/2023,F01141,Input Purchase,Fertilizer,296 kgs,₹ 53.13,"₹ 15,726.48",BRD-YTM
T021714,19/02/2023,F01141,L,Loan Repayment,,,"₹ 3,400.00",BRD-YTM
T021715,11/04/2023,F01142,Delivery,Gram,5.42 q,"₹ 6,465.00","₹ 35,040.30",BRD-YTM
T021716,16/12/2022,F01142,input,Hybrid Seeds,217 kg,₹ 65.88,"₹ 14,295.96",BRD-YTM
T021717,09/01/2023,F01142,input,Fertilizer,189 kgs,₹ 35.62,"₹ 6,732.18",BRD-YTM
T021718,01/01/2023,f01142,input,SEEDS,88 kgs,₹ 60.29,"₹ 5,305.52",BRD-YTM
T021719,02/01/2023,F01142,input,DAP,80 kgs,₹ 52.92,"₹ 4,233.60",BRD-YTM
T021720,07/01/2023,F01142,FERT_PURCHASE,Urea,73 kgs,₹ 58.51,"₹ 4,271.23",BRD-YTM
T021721,01/03/2023,F01146,DELIVERY,Gram,2.41 quintals,"₹ 6,285.00","₹ 15,146.85",BRD-YTM
T021722,19/04/2023,F01146,Delivery,chana,0.25 quintals,"₹ 6,285.00","₹ 1,571.25",BRD-YTM
T021723,11/01/2023,f01146,Input Purchase,Urea,306 kgs,₹ 32.32,"₹ 9,889.92",BRD-YTM
T021724,25/04/2023,F01147,Delivery,chana,11.1 qtl,"₹ 6,300.00","₹ 69,615.00",BRD-YTM
T021725,23/04/2023,F01147,DELIVERY,GRAM (Chana),8.50 q,"₹ 6,300.00","₹ 53,550.00",BRD-YTM
T021726,29/04/2023,F01147,D,WHEAT,31.0 qtl,"₹ 2,700.00","₹ 83,808.00",BRD-YTM
T021727,03/04/2023,F01147,Delivery,Wheat,14.3 qtl,"₹ 2,700.00","₹ 38,691.00",BRD-YTM
T021728,29/04/2023,F01151,FPO_DELIVERY,Bengal Gram,3.57 quintals,"₹ 6,425.00","₹ 22,937.25",BRD-YTM
T021729,12/12/2022,F01151,INPUT_PURCHASE,Seeds,248 kg,₹ 81.82,"₹ 20,291.36",BRD-YTM
T021730,05/05/2023, F01152 ,FPO_DELIVERY,GRAM (Chana),5.6 qtl,"₹ 6,530.00","₹ 36,437.40",BRD-YTM
T021731,07/05/2023,F01152,delivery,Gram,5.98 q,"₹ 6,530.00","₹ 39,049.40",BRD-YTM
T021732,01/04/2023,F01152,DELIVERY,GRAM (Chana),10.4 qtl,"₹ 6,530.00","₹ 67,650.80",BRD-YTM
T021733,25/12/2022,F01152,Input Purchase,FERTILIZER 50kg bag,251 kgs,₹ 34.92,"₹ 8,764.92",BRD-YTM
T021734,02/12/2022,F01152,input,NPK 10:26:26,75 kg,₹ 36.45,"₹ 2,733.75",BRD-YTM
T021735,21/12/2022,f01152,I,DAP,87 kgs,₹ 37.31,"₹ 3,245.97",BRD-YTM
T021736,04/01/2023,F01152,INPUT_PURCHASE,Fertilizer,196 kgs,₹ 58.11,"₹ 11,389.56",BRD-YTM
T021737,06/04/2023, F01153 ,DELIVERY,Bengal Gram,0.89 quintals,"₹ 6,580.00","₹ 5,856.20",BRD-YTM
T021738,03/03/2023,F01153,FPO_DELIVERY,Gram,13.30 q,"₹ 6,580.00","₹ 87,514.00",BRD-YTM
T021739,23/04/2023,F01153,DELIVERY,Wheat (Durum),38.3 qtl,"₹ 2,490.00","₹ 95,317.20",BRD-YTM
T021740,21/04/2023,f01153,FPO_DELIVERY,Wheat,7.76 q,"₹ 2,490.00","₹ 19,322.40",BRD-YTM
T023226,06/05/2023,F02225,delivery,Bengal Gram,7.5 qtl,"₹ 6,820.00","₹ 50,877.20",BRD-YTM
T023227,05/05/2023,F02225,D,chana,17.39 quintals,"₹ 6,820.00","₹ 1,18,599.80",BRD-YTM
T023228,14/01/2023,f02225,FERT_PURCHASE,Urea,119 kgs,₹ 29.79,"₹ 3,545.01",BRD-YTM
T023229,24/12/2022,F02225,I,Seeds,240 kg,₹ 109.51,"₹ 26,282.40",BRD-YTM
T023237,30/04/2023,F02233,delivery,GRAM (Chana),1.34 quintals,"₹ 6,515.00","₹ 8,730.10",BRD-YTM
T023238,18/04/2023,F02233,D,chana,11.11 quintals,"₹ 6,515.00","₹ 72,381.65",BRD-YTM
T023288,30/03/2023,F02263,delivery,chana,12.83 quintals,"₹ 6,450.00","₹ 82,753.50",BRD-YTM
T023292,27/03/2023,F02270,FPO_DELIVERY,chana,21.18 quintals,"₹ 6,605.00","₹ 1,39,893.90",BRD-YTM
T023293,04/12/2022,F02270,I,Bio-pesticide,113 kgs,₹ 531.25,"₹ 60,031.25",BRD-YTM
T023294,13/12/2022,F02270,input,DAP,267 kgs,₹ 46.35,"₹ 12,375.45",BRD-YTM
T023315,11/03/2023,F02279,delivery,GRAM (Chana),12.7 qtl,"₹ 6,500.00","₹ 82,485.00",BRD-YTM
T023316,06/05/2023,F02279,Delivery,Bengal Gram,1.43 q,"₹ 6,500.00","₹ 9,295.00",BRD-YTM
T023347,05/03/2023,F02296,D,chana,6.7 qtl,"₹ 6,770.00","₹ 45,359.00",BRD-YTM
T023348,10/03/2023,f02296,delivery,GRAM (Chana),6.58 q,"₹ 6,770.00","₹ 44,546.60",BRD-YTM
T023349,06/01/2023,F02296,I,Urea,214 kg,₹ 42.72,"₹ 9,142.08",BRD-YTM
T023481,13/04/2023,f02367,D,Bengal Gram,7.78 q,"₹ 6,695.00","₹ 52,087.10",BRD-YTM
T023482,30/03/2023,F02368,delivery,Bengal Gram,14.25 q,"₹ 6,215.00","₹ 88,563.75",BRD-YTM
T023483,13/12/2022,F02368,input,FERTILIZER 50kg bag,71 kg,₹ 43.73,"₹ 3,104.83",BRD-YTM
T023484,28/12/2022,F02368,I,NPK 10:26:26,145 kgs,₹ 57.26,"₹ 8,302.70",BRD-YTM
T023485,24/02/2023,f02368,loan,Loan Repayment,,,"₹ 3,900.00",BRD-YTM
T023486,25/03/2023,F02368,L,EMI,,,"₹ 4,200.00",BRD-YTM
T023487,12/04/2023,F02368,loan,EMI,,,"₹ 1,500.00",BRD-YTM
T023492,29/03/2023,f02372,D,chana,15.08 q,"₹ 6,650.00","₹ 1,00,282.00",BRD-YTM
T023493,22/03/2023,f02372,D,Bengal Gram,1.85 quintals,"₹ 6,650.00","₹ 12,302.50",BRD-YTM
T023497,15/05/2023,F02382,FPO_DELIVERY,Gram,15.95 quintals,"₹ 6,520.00","₹ 1,03,994.00",BRD-YTM
T023498,01/01/2023, F02382 ,FERT_PURCHASE,DAP,315 kgs,₹ 39.20,"₹ 12,348.00",BRD-YTM
T023524,16/04/2023,F02397,FPO_DELIVERY,GRAM (Chana),5.5 qtl,"₹ 7,030.00","₹ 38,805.60",BRD-YTM
T023525,21/04/2023,F02397,DELIVERY,Gram,1.2 qtl,"₹ 7,030.00","₹ 8,576.60",BRD-YTM
T023526,13/01/2023,f02397,Input Purchase,SEEDS,112 kg,₹ 74.32,"₹ 8,323.84",BRD-YTM
T023546,08/05/2023, F02407 ,DELIVERY,chana,1.97 quintals,"₹ 6,615.00","₹ 13,031.55",BRD-YTM
T023547,20/03/2023,f02407,FPO_DELIVERY,Bengal Gram,10.3 qtl,"₹ 6,615.00","₹ 68,002.20",BRD-YTM
T023548,06/12/2022,F02407,input,Urea,41 kg,₹ 40.80,"₹ 1,672.80",BRD-YTM
T023555,11/03/2023,F02417,Delivery,chana,9.01 quintals,"₹ 6,245.00","₹ 56,267.45",BRD-YTM
T023556,30/12/2022,F02417,FERT_PURCHASE,FERTILIZER 50kg bag,226 kgs,₹ 57.64,"₹ 13,026.64",BRD-YTM
T023557,26/12/2022,F02417,I,DAP,173 kgs,₹ 51.82,"₹ 8,964.86",BRD-YTM
T023558,11/12/2022,F02417,INPUT_PURCHASE,SEEDS,261 kg,₹ 124.71,"₹ 32,549.31",BRD-YTM
T023655,10/05/2023,F02454,delivery,chana,4.01 quintals,"₹ 6,550.00","₹ 26,265.50",BRD-YTM
T023670,07/03/2023,F02461,D,chana,20.09 q,"₹ 6,705.00","₹ 1,34,703.45",BRD-YTM
T023671,18/12/2022,F02461,input,FERTILIZER 50kg bag,171 kgs,₹ 54.10,"₹ 9,251.10",BRD-YTM
T023672,13/12/2022,F02461,input,DAP,288 kg,₹ 45.39,"₹ 13,072.32",BRD-YTM
T023690,08/05/2023,f02470,FPO_DELIVERY,chana,0.7 qtl,"₹ 6,790.00","₹ 4,617.20",BRD-YTM
T023691,02/04/2023,F02470,delivery,Gram,0.80 quintals,"₹ 6,790.00","₹ 5,432.00",BRD-YTM
T023692,17/03/2023,F02470,DELIVERY,Bengal Gram,3.24 quintals,"₹ 6,790.00","₹ 21,999.60",BRD-YTM
T023715,01/03/2023,F02479,delivery,Bengal Gram,1.5 qtl,"₹ 6,795.00","₹ 10,328.40",BRD-YTM
T023716,21/04/2023,F02479,DELIVERY,GRAM (Chana),3.49 q,"₹ 6,795.00","₹ 23,714.55",BRD-YTM
T023717,22/03/2023,F02479,D,GRAM (Chana),4.18 q,"₹ 6,795.00","₹ 28,403.10",BRD-YTM
T023718,12/01/2023,F02479,INPUT_PURCHASE,Seeds,149 kg,₹ 64.35,"₹ 9,588.15",BRD-YTM
T023737,29/03/2023,F02486,FPO_DELIVERY,Gram,4.8 qtl,"₹ 6,640.00","₹ 31,805.60",BRD-YTM
T023738,12/04/2023,F02486,D,GRAM (Chana),22.70 quintals,"₹ 6,640.00","₹ 1,50,728.00",BRD-YTM
T023739,16/12/2022,F02486,FERT_PURCHASE,Urea,151 kg,₹ 28.60,"₹ 4,318.60",BRD-YTM
T023740,26/12/2022,F02486,Input Purchase,Urea,125 kg,₹ 28.18,"₹ 3,522.50",BRD-YTM
T023741,14/12/2022,F02486,I,Fertilizer,279 kgs,₹ 32.97,"₹ 9,198.63",BRD-YTM
T023742,08/01/2023,F02486,Input Purchase,Urea,86 kg,₹ 58.97,"₹ 5,071.42",BRD-YTM
T023743,15/01/2023,f02486,input,PPC,133 kgs,₹ 202.46,"₹ 26,927.18",BRD-YTM
T023744,13/12/2022,F02486,I,Bio-pesticide,152 kg,₹ 283.96,"₹ 43,161.92",BRD-YTM
T023745,28/05/2023,F02486,loan,EMI,,,"₹ 6,400.00",BRD-YTM
T023753,18/03/2023,F02489,FPO_DELIVERY,GRAM (Chana),5.15 quintals,"₹ 6,830.00","₹ 35,174.50",BRD-YTM
T023754,03/05/2023, F02489 ,DELIVERY,Bengal Gram,7.73 quintals,"₹ 6,830.00","₹ 52,795.90",BRD-YTM
T023755,12/12/2022,F02489,input,Fertilizer,91 kgs,₹ 31.91,"₹ 2,903.81",BRD-YTM
T023756,03/12/2022,F02489,Input Purchase,DAP,46 kg,₹ 51.95,"₹ 2,389.70",BRD-YTM
T023760,19/04/2023,F02493,D,GRAM (Chana),11.69 q,"₹ 6,670.00","₹ 77,972.30",BRD-YTM
T023761,24/04/2023,F02493,DELIVERY,GRAM (Chana),2.97 q,"₹ 6,670.00","₹ 19,809.90",BRD-YTM
T023762,09/12/2022,F02493,Input Purchase,PPC,40 kgs,₹ 532.32,"₹ 21,292.80",BRD-YTM
T023763,13/01/2023,F02493,input,Seeds,120 kgs,₹ 127.22,"₹ 15,266.40",BRD-YTM
T023780,10/05/2023,F02497,FPO_DELIVERY,chana,4.90 quintals,"₹ 6,735.00","₹ 33,001.50",BRD-YTM
T023786,06/03/2023,F02500,delivery,Bengal Gram,18.1 qtl,"₹ 7,015.00","₹ 1,26,831.20",BRD-YTM
T023811,04/05/2023,F02508,delivery,GRAM (Chana),8.02 quintals,"₹ 7,055.00","₹ 56,581.10",BRD-YTM
T023812,19/12/2022,F02508,INPUT_PURCHASE,Fertilizer,98 kgs,₹ 39.22,"₹ 3,843.56",BRD-YTM
T023813,02/05/2023,F02509,delivery,Gram,6.03 q,"₹ 6,625.00","₹ 39,948.75",BRD-YTM
T023814,04/04/2023,F02509,DELIVERY,Bengal Gram,0.17 q,"₹ 6,625.00","₹ 1,126.25",BRD-YTM
T023815,07/12/2022,F02509,FERT_PURCHASE,Seeds,265 kg,₹ 96.84,"₹ 25,662.60",BRD-YTM
T023820,20/04/2023,F02512,delivery,Gram,0.6 qtl,"₹ 6,540.00","₹ 4,120.20",BRD-YTM
T023821,15/05/2023,F02512,FPO_DELIVERY,Gram,9.8 qtl,"₹ 6,540.00","₹ 64,222.80",BRD-YTM
T023822,02/12/2022,F02512,INPUT_PURCHASE,DAP,294 kg,₹ 42.30,"₹ 12,436.20",BRD-YTM
T023827,29/04/2023,F02514,DELIVERY,Gram,12.67 quintals,"₹ 6,460.00","₹ 81,848.20",BRD-YTM
T023828,23/12/2022,F02514,INPUT_PURCHASE,Fertilizer,209 kg,₹ 38.94,"₹ 8,138.46",BRD-YTM
T023829,21/12/2022,F02514,input,Fertilizer,182 kg,₹ 40.97,"₹ 7,456.54",BRD-YTM
T023830,02/01/2023,F02514,FERT_PURCHASE,Hybrid Seeds,301 kgs,₹ 109.36,"₹ 32,917.36",BRD-YTM
T023831,11/01/2023,f02514,I,PP chemicals,127 kgs,₹ 683.21,"₹ 86,767.67",BRD-YTM
T023901,31/10/2023,F01003,delivery,Cotton,1.4 qtl,"₹ 8,605.00","₹ 12,047.00",BRD-YTM
T023902,24/11/2023,F01003,Delivery,COTTON (Kapas),4.65 quintals,"₹ 8,605.00","₹ 40,013.25",BRD-YTM
T023903,26/11/2023,F01003,Delivery,Soybean,0.7 qtl,"₹ 5,890.00","₹ 3,946.30",BRD-YTM
T023904,12/10/2023,F01003,FPO_DELIVERY,Soybean (Yellow),0.4 qtl,"₹ 5,890.00","₹ 2,356.00",BRD-YTM
T023905,24/11/2023, F01003 ,D,soya,5.71 q,"₹ 5,890.00","₹ 33,631.90",BRD-YTM
T023906,15/07/2023,F01003,Input Purchase,Bio-pesticide,55 kg,₹ 679.60,"₹ 37,378.00",BRD-YTM
T023907,25/10/2023,f01005,D,Cotton Kapas,0.4 qtl,"₹ 9,205.00","₹ 3,405.85",BRD-YTM
T023908,07/10/2023,F01005,FPO_DELIVERY,COTTON (Kapas),6.75 quintals,"₹ 9,205.00","₹ 62,133.75",BRD-YTM
T023909,15/11/2023,F01008,D,COTTON (Kapas),4.78 quintals,"₹ 9,005.00","₹ 43,043.90",BRD-YTM
T023910,24/10/2023,F01008,FPO_DELIVERY,COTTON (Kapas),2.3 qtl,"₹ 9,005.00","₹ 20,441.35",BRD-YTM
T023911,25/10/2023,F01008,delivery,Soybean (Yellow),7.0 qtl,"₹ 5,500.00","₹ 38,335.00",BRD-YTM
T023912,29/11/2023,F01008,D,SOYABEAN,2.7 qtl,"₹ 5,500.00","₹ 14,850.00",BRD-YTM
T023913,14/07/2023,F01008,Input Purchase,Fertilizer,287 kgs,₹ 40.64,"₹ 11,663.68",BRD-YTM
T023914,09/07/2023,F01008,I,PPC,306 kg,₹ 142.10,"₹ 43,482.60",BRD-YTM
T023915,29/11/2023, F01009 ,Delivery,kapas,7.0 qtl,"₹ 8,570.00","₹ 59,904.30",BRD-YTM
T023916,04/11/2023,F01009,D,Cotton Kapas,0.88 quintals,"₹ 8,570.00","₹ 7,541.60",BRD-YTM
T023917,13/11/2023,F01013,delivery,Cotton,12.8 qtl,"₹ 9,060.00","₹ 1,15,515.00",BRD-YTM
T023918,11/06/2023,F01013,INPUT_PURCHASE,DAP,281 kgs,₹ 37.69,"₹ 10,590.89",BRD-YTM
T023919,24/10/2023,F01020,FPO_DELIVERY,Cotton,0.44 q,"₹ 8,710.00","₹ 3,832.40",BRD-YTM
T023920,17/11/2023,F01020,FPO_DELIVERY,Cotton Kapas,1.30 q,"₹ 8,710.00","₹ 11,323.00",BRD-YTM
T023921,09/11/2023,F01020,DELIVERY,COTTON (Kapas),0.16 quintals,"₹ 8,710.00","₹ 1,393.60",BRD-YTM
T023922,32/01/2022,F01020,input,DAP,67 kgs,₹ 35.31,"₹ 2,365.77",BRD-YTM
T023923,19/10/2023,F01021,D,Cotton,11.37 q,"₹ 8,650.00","₹ 98,350.50",BRD-YTM
T023924,03/11/2023,F01021,D,soya,17.8 qtl,"₹ 5,860.00","₹ 1,04,190.80",BRD-YTM
T023925,18/10/2023,F01021,FPO_DELIVERY,SOYABEAN,1.1 qtl,"₹ 5,860.00","₹ 6,621.80",BRD-YTM
T023926,04/06/2023,F01021,Input Purchase,SEEDS,199 kg,₹ 111.13,"₹ 22,114.87",BRD-YTM
T023927,20/11/2023,F01023,D,kapas,0.45 q,"₹ 8,650.00","₹ 3,892.50",BRD-YTM
T023928,11/10/2023,f01023,D,Cotton Kapas,7.1 qtl,"₹ 8,650.00","₹ 61,674.50",BRD-YTM
T023929,28/10/2023,F01023,Delivery,kapas,3.5 qtl,"₹ 8,650.00","₹ 30,015.50",BRD-YTM
T023930,05/07/2023,F01023,FERT_PURCHASE,DAP,106 kgs,₹ 47.64,"₹ 5,049.84",BRD-YTM
T023931,29/11/2023,F01029,delivery,Cotton,10.15 q,"₹ 9,325.00","₹ 94,648.75",BRD-YTM
T023932,27/11/2023,F01030,delivery,Cotton Kapas,0.98 quintals,"₹ 9,000.00","₹ 8,820.00",BRD-YTM
T023933,30/11/2023,F01030,delivery,SOYABEAN,1.27 quintals,"₹ 6,185.00","₹ 7,854.95",BRD-YTM
T023934,01/10/2023,F01032,Delivery,Cotton Kapas,1.0 qtl,"₹ 9,410.00","₹ 9,692.30",BRD-YTM
T023935,23/10/2023,F01032,FPO_DELIVERY,COTTON (Kapas),2.60 q,"₹ 9,410.00","₹ 24,466.00",BRD-YTM
T023936,20/11/2023,f01032,D,Cotton,0.42 quintals,"₹ 9,410.00","₹ 3,952.20",BRD-YTM
T023937,22/11/2023,f01035,Delivery,Cotton,4.20 quintals,"₹ 8,795.00","₹ 36,939.00",BRD-YTM
T023938,03/10/2023,F01035,Delivery,Cotton Kapas,1.0 qtl,"₹ 8,795.00","₹ 9,058.85",BRD-YTM
T023939,02/10/2023,F01035,Delivery,Soybean,2.27 quintals,"₹ 5,625.00","₹ 12,768.75",BRD-YTM
T023940,08/11/2023,F01035,FPO_DELIVERY,Soybean,5.01 quintals,"₹ 5,625.00","₹ 28,181.25",BRD-YTM
T023941,23/06/2023,F01035,I,DAP,129 kgs,₹ 32.10,"₹ 4,140.90",BRD-YTM
T023942,04/07/2023,f01035,INPUT_PURCHASE,Seeds,189 kgs,₹ 50.68,"₹ 9,578.52",BRD-YTM
T023943,30/06/2023,F01035,I,Bio-pesticide,195 kgs,₹ 417.35,"₹ 81,383.25",BRD-YTM
T023944,20/11/2023,F01036,DELIVERY,kapas,9.64 q,"₹ 9,045.00","₹ 87,193.80",BRD-YTM
T023945,26/11/2023,F01036,delivery,Soybean (Yellow),12.60 q,"₹ 5,680.00","₹ 71,568.00",BRD-YTM
T023946,06/06/2023,F01036,FERT_PURCHASE,NPK 10:26:26,193 kg,₹ 55.55,"₹ 10,721.15",BRD-YTM
T023947,28/06/2023,F01036,FERT_PURCHASE,SEEDS,163 kg,₹ 100.32,"₹ 16,352.16",BRD-YTM
T023948,27/06/2023,F01036,FERT_PURCHASE,Hybrid Seeds,221 kg,₹ 103.34,"₹ 22,838.14",BRD-YTM
T023949,24/11/2023,F01037,DELIVERY,Cotton Kapas,1.8 qtl,"₹ 9,530.00","₹ 17,058.70",BRD-YTM
T023950,15/11/2023,F01037,D,COTTON (Kapas),7.15 q,"₹ 9,530.00","₹ 68,139.50",BRD-YTM
T023951,31/10/2023,f01037,D,soya,8.10 quintals,"₹ 6,205.00","₹ 50,260.50",BRD-YTM
T023952,18/11/2023,F01037,delivery,Soybean (Yellow),0.80 quintals,"₹ 6,205.00","₹ 4,964.00",BRD-YTM
T023953,06/07/2023,f01037,INPUT_PURCHASE,NPK 10:26:26,144 kgs,₹ 34.17,"₹ 4,920.48",BRD-YTM
T023954,03/06/2023,f01037,I,Urea,273 kg,₹ 31.54,"₹ 8,610.42",BRD-YTM
T023955,03/10/2023,F01044,Delivery,COTTON (Kapas),22.27 quintals,"₹ 9,430.00","₹ 2,10,006.10",BRD-YTM
T023956,31/10/2023,F01044,delivery,soya,26.2 qtl,"₹ 6,010.00","₹ 1,57,281.70",BRD-YTM
T023957,14/07/2023,F01044,Input Purchase,DAP,220 kgs,₹ 56.12,"₹ 12,346.40",BRD-YTM
T023958,30/06/2023,F01044,I,Fertilizer,180 kgs,₹ 44.07,"₹ 7,932.60",BRD-YTM
T023959,07/11/2023,F01048,DELIVERY,COTTON (Kapas),5.60 quintals,"₹ 8,920.00","₹ 49,952.00",BRD-YTM
T023960,13/10/2023,F01048,FPO_DELIVERY,Soybean (Yellow),2.1 qtl,"₹ 6,060.00","₹ 12,544.20",BRD-YTM
T023961,29/10/2023,F01048,Delivery,SOYABEAN,4.54 quintals,"₹ 6,060.00","₹ 27,512.40",BRD-YTM
T023962,11/10/2023,F01048,delivery,Soybean,0.35 q,"₹ 6,060.00","₹ 2,121.00",BRD-YTM
T023963,13/06/2023,F01048,Input Purchase,PPC,68 kgs,₹ 516.20,"₹ 35,101.60",BRD-YTM
T023964,16/10/2023,F01050,delivery,COTTON (Kapas),10.34 quintals,"₹ 8,975.00","₹ 92,801.50",BRD-YTM
T023965,28/10/2023,F01050,D,kapas,7.7 qtl,"₹ 8,975.00","₹ 69,287.00",BRD-YTM
T023966,08/10/2023,F01050,Delivery,COTTON (Kapas),11.0 qtl,"₹ 8,975.00","₹ 98,814.75",BRD-YTM
T023967,26/06/2023,F01050,Input Purchase,Hybrid Seeds,210 kgs,₹ 106.49,"₹ 22,362.90",BRD-YTM
T023968,07/07/2023,F01050,INPUT_PURCHASE,Seeds,258 kgs,₹ 128.30,"₹ 33,101.40",BRD-YTM
T023969,17/06/2023,F01050,input,SEEDS,257 kgs,₹ 96.92,"₹ 24,908.44",BRD-YTM
T023970,06/07/2023,F01050,input,NPK 10:26:26,103 kg,₹ 32.44,"₹ 3,341.32",BRD-YTM
T023971,14/07/2023,F01050,INPUT_PURCHASE,FERTILIZER 50kg bag,297 kg,₹ 48.55,"₹ 14,419.35",BRD-YTM
T023972,10/07/2023,F01050,input,Urea,270 kgs,₹ 50.19,"₹ 13,551.30",BRD-YTM
T023973,05/10/2023,F01051,Delivery,kapas,3.68 quintals,"₹ 8,715.00","₹ 32,071.20",BRD-YTM
T023974,07/10/2023,F01051,D,COTTON (Kapas),3.4 qtl,"₹ 8,715.00","₹ 29,892.45",BRD-YTM
T023975,18/06/2023,F01051,input,Bio-pesticide,72 kg,₹ 146.17,"₹ 10,524.24",BRD-YTM
T023976,24/06/2023,F01051,Loan Repayment,EMI,,,"₹ 3,300.00",BRD-YTM
T023977,11/11/2023,F01055,delivery,Cotton Kapas,1.7 qtl,"₹ 9,350.00","₹ 15,895.00",BRD-YTM
T023978,15/10/2023, F01055 ,FPO_DELIVERY,COTTON (Kapas),3.62 quintals,"₹ 9,350.00","₹ 33,847.00",BRD-YTM
T023979,16/10/2023,F01057,Delivery,COTTON (Kapas),4.4 qtl,"₹ 9,335.00","₹ 40,793.95",BRD-YTM
T023980,28/10/2023,F01057,delivery,Cotton,0.48 q,"₹ 9,335.00","₹ 4,480.80",BRD-YTM
T023981,24/10/2023,F01057,DELIVERY,Cotton,0.8 qtl,"₹ 9,335.00","₹ 7,841.40",BRD-YTM
T023982,18/10/2023,F01057,D,Soybean,1.77 q,"₹ 5,465.00","₹ 9,673.05",BRD-YTM
T023983,24/10/2023, F01057 ,Delivery,SOYABEAN,5.43 quintals,"₹ 5,465.00","₹ 29,674.95",BRD-YTM
T023984,20/11/2023,F01064,delivery,COTTON (Kapas),24.91 q,"₹ 8,880.00","₹ 2,21,200.80",BRD-YTM
T023985,12/06/2023,F01064,I,Hybrid Seeds,122 kg,₹ 56.78,"₹ 6,927.16",BRD-YTM
T023986,17/08/2023, F01064 ,loan,Loan Repayment,,,₹ 800.00,BRD-YTM
T023987,08/09/2023,F01064,L,Loan Repayment,,,"₹ 4,800.00",BRD-YTM
T023988,29/10/2023, F01071 ,FPO_DELIVERY,COTTON (Kapas),6.83 quintals,"₹ 9,065.00","₹ 61,913.95",BRD-YTM
T023989,19/11/2023, F01071 ,delivery,soya,3.17 q,"₹ 6,130.00","₹ 19,432.10",BRD-YTM
T023990,11/10/2023,F01071,D,Soybean,5.89 quintals,"₹ 6,130.00","₹ 36,105.70",BRD-YTM
T023991,07/09/2023,F01071,Loan Repayment,Loan Repayment,,,"₹ 4,000.00",BRD-YTM
T023992,01/10/2023,F01079,delivery,kapas,5.40 quintals,"₹ 8,790.00","₹ 47,466.00",BRD-YTM
T023993,12/11/2023,F01079,D,kapas,1.5 qtl,"₹ 8,790.00","₹ 13,097.10",BRD-YTM
T023994,29/10/2023,F01079,D,SOYABEAN,1.33 quintals,"₹ 5,770.00","₹ 7,674.10",BRD-YTM
T023995,24/10/2023,F01079,FPO_DELIVERY,Soybean,7.9 qtl,"₹ 5,770.00","₹ 45,756.10",BRD-YTM
T023996,11/07/2023,F01079,Input Purchase,PPC,81 kg,₹ 637.09,"₹ 51,604.29",BRD-YTM
T023997,11/11/2023,F01081,delivery,kapas,14.4 qtl,"₹ 8,955.00","₹ 1,28,862.45",BRD-YTM
T023998,18/10/2023,F01082,FPO_DELIVERY,Cotton Kapas,1.66 q,"₹ 9,285.00","₹ 15,413.10",BRD-YTM
T023999,14/10/2023,F01082,DELIVERY,Cotton Kapas,5.5 qtl,"₹ 9,285.00","₹ 51,531.75",BRD-YTM
T024000,04/07/2023,F01082,I,FERTILIZER 50kg bag,130 kgs,₹ 55.70,"₹ 7,241.00",BRD-YTM
T024001,08/06/2023,F01082,Input Purchase,SEEDS,152 kg,₹ 127.12,"₹ 19,322.24",BRD-YTM
T024002,02/07/2023,F01082,input,Urea,44 kg,₹ 28.30,"₹ 1,245.20",BRD-YTM
T024003,02/11/2023,f01088,Delivery,Cotton Kapas,1.65 q,"₹ 9,345.00","₹ 15,419.25",BRD-YTM
T024004,15/11/2023,F01088,DELIVERY,COTTON (Kapas),0.58 q,"₹ 9,345.00","₹ 5,420.10",BRD-YTM
T024005,07/06/2023,F01088,input,Seeds,316 kg,₹ 118.16,"₹ 37,338.56",BRD-YTM
T024006,05/06/2023,F01088,Input Purchase,Urea,32 kg,₹ 43.11,"₹ 1,379.52",BRD-YTM
T024007,02/07/2023,F01088,INPUT_PURCHASE,Fertilizer,108 kgs,₹ 32.68,"₹ 3,529.44",BRD-YTM
T024008,16/11/2023,F01092,FPO_DELIVERY,Cotton Kapas,5.2 qtl,"₹ 8,590.00","₹ 44,839.80",BRD-YTM
T024009,25/10/2023,F01092,Delivery,Cotton,3.53 quintals,"₹ 8,590.00","₹ 30,322.70",BRD-YTM
T024010,30/10/2023,f01092,delivery,soya,13.52 q,"₹ 5,230.00","₹ 70,709.60",BRD-YTM
T024011,05/07/2023,F01092,Input Purchase,NPK 10:26:26,154 kgs,₹ 39.33,"₹ 6,056.82",BRD-YTM
T024012,18/06/2023,F01092,INPUT_PURCHASE,DAP,258 kgs,₹ 31.73,"₹ 8,186.34",BRD-YTM
T024013,27/11/2023,F01098,Delivery,COTTON (Kapas),5.58 quintals,"₹ 8,775.00","₹ 48,964.50",BRD-YTM
T024014,02/10/2023, F01098 ,D,Cotton Kapas,2.06 q,"₹ 8,775.00","₹ 18,076.50",BRD-YTM
T024015,16/10/2023,F01098,Delivery,soya,8.32 q,"₹ 6,005.00","₹ 49,961.60",BRD-YTM
T024016,07/06/2023,F01098,input,Seeds,73 kg,₹ 106.90,"₹ 7,803.70",BRD-YTM
T024017,14/07/2023,f01098,input,Urea,304 kgs,₹ 56.94,"₹ 17,309.76",BRD-YTM
T024018,26/11/2023,F01098,L,EMI,,,"₹ 1,000.00",BRD-YTM
T024019,25/11/2023,F01104,delivery,Cotton Kapas,16.72 q,"₹ 9,515.00","₹ 1,59,090.80",BRD-YTM
T024020,03/10/2023,F01104,D,Cotton Kapas,13.09 q,"₹ 9,515.00","₹ 1,24,551.35",BRD-YTM
T024021,29/10/2023,F01104,delivery,SOYABEAN,39.02 quintals,"₹ 5,485.00","₹ 2,14,024.70",BRD-YTM
T024022,16/06/2023,F01104,INPUT_PURCHASE,FERTILIZER 50kg bag,268 kg,₹ 48.54,"₹ 13,008.72",BRD-YTM
T024023,16/06/2023,F01104,Input Purchase,Seeds,273 kg,₹ 83.00,"₹ 22,659.00",BRD-YTM
T024024,15/11/2023,F01105,Delivery,COTTON (Kapas),18.25 quintals,"₹ 8,330.00","₹ 1,52,022.50",BRD-YTM
T024025,29/10/2023,F01105,delivery,kapas,7.21 quintals,"₹ 8,330.00","₹ 60,059.30",BRD-YTM
T024026,09/11/2023,F01105,Delivery,Soybean,17.48 q,"₹ 6,015.00","₹ 1,05,142.20",BRD-YTM
T024027,17/11/2023,F01105,Delivery,Soybean (Yellow),10.37 quintals,"₹ 6,015.00","₹ 62,375.55",BRD-YTM
T024028,06/06/2023,F01105,input,Urea,114 kg,₹ 30.37,"₹ 3,462.18",BRD-YTM
T024029,24/06/2023,F01105,FERT_PURCHASE,Urea,181 kg,₹ 54.13,"₹ 9,797.53",BRD-YTM
T024030,04/10/2023,F01107,delivery,Cotton,7.4 qtl,"₹ 8,820.00","₹ 65,179.80",BRD-YTM
T024031,28/11/2023, F01107 ,D,Cotton Kapas,9.31 quintals,"₹ 8,820.00","₹ 82,114.20",BRD-YTM
T024032,03/11/2023,F01107,D,Soybean,9.26 q,"₹ 5,475.00","₹ 50,698.50",BRD-YTM
T024033,23/11/2023,f01107,delivery,Soybean,13.5 qtl,"₹ 5,475.00","₹ 73,803.00",BRD-YTM
T024034,30/06/2023,f01107,Input Purchase,FERTILIZER 50kg bag,201 kgs,₹ 34.84,"₹ 7,002.84",BRD-YTM
T024035,12/07/2023,F01107,I,PPC,46 kgs,₹ 174.35,"₹ 8,020.10",BRD-YTM
T024036,22/06/2023,f01107,Loan Repayment,EMI,,,"₹ 6,800.00",BRD-YTM
T024037,30/10/2023,F01110,D,COTTON (Kapas),17.65 quintals,"₹ 8,880.00","₹ 1,56,732.00",BRD-YTM
T024038,09/06/2023,F01110,INPUT_PURCHASE,PPC,111 kgs,₹ 330.29,"₹ 36,662.19",BRD-YTM
T024039,04/06/2023,f01110,Input Purchase,Fertilizer,200 kgs,₹ 50.29,"₹ 10,058.00",BRD-YTM
T024040,11/07/2023,f01110,Input Purchase,DAP,141 kgs,₹ 38.70,"₹ 5,456.70",BRD-YTM
T024041,09/07/2023,F01110,I,Seeds,86 kg,₹ 107.87,"₹ 9,276.82",BRD-YTM
T024042,11/10/2023, F01111 ,D,Cotton,14.88 q,"₹ 9,260.00","₹ 1,37,788.80",BRD-YTM
T024043,01/06/2023,F01111,FERT_PURCHASE,Urea,139 kgs,₹ 55.80,"₹ 7,756.20",BRD-YTM
T024044,03/06/2023,F01111,Input Purchase,Hybrid Seeds,115 kg,₹ 84.16,"₹ 9,678.40",BRD-YTM
T024045,14/10/2023,F01111,loan,EMI,,,"₹ 5,700.00",BRD-YTM
T024046,29/10/2023,F01112,delivery,Cotton,27.44 q,"₹ 9,165.00","₹ 2,51,487.60",BRD-YTM
T024047,29/06/2023,F01112,Input Purchase,Seeds,138 kg,₹ 74.71,"₹ 10,309.98",BRD-YTM
T024048,24/11/2023,F01114,delivery,Cotton Kapas,13.2 qtl,"₹ 9,285.00","₹ 1,22,562.00",BRD-YTM
T024049,06/10/2023,F01116,Delivery,COTTON (Kapas),2.81 q,"₹ 8,695.00","₹ 24,432.95",BRD-YTM
T024050,12/10/2023, F01116 ,DELIVERY,Cotton Kapas,9.8 qtl,"₹ 8,695.00","₹ 85,645.75",BRD-YTM
T024051,11/06/2023,f01116,INPUT_PURCHASE,Fertilizer,139 kgs,₹ 32.31,"₹ 4,491.09",BRD-YTM
T024052,05/06/2023,f01116,INPUT_PURCHASE,PPC,72 kgs,₹ 302.61,"₹ 21,787.92",BRD-YTM
T024053,22/10/2023,F01117,FPO_DELIVERY,Cotton,1.4 qtl,"₹ 9,370.00","₹ 12,649.50",BRD-YTM
T024054,27/11/2023,F01117,DELIVERY,COTTON (Kapas),1.95 q,"₹ 9,370.00","₹ 18,271.50",BRD-YTM
T024055,09/11/2023,f01120,delivery,Cotton Kapas,8.2 qtl,"₹ 8,585.00","₹ 69,967.75",BRD-YTM
T024056,28/10/2023,F01120,DELIVERY,Cotton,9.01 quintals,"₹ 8,585.00","₹ 77,350.85",BRD-YTM
T024057,25/10/2023,F01120,delivery,Soybean,16.05 q,"₹ 6,005.00","₹ 96,380.25",BRD-YTM
T024058,02/06/2023,f01120,I,Fertilizer,232 kg,₹ 40.52,"₹ 9,400.64",BRD-YTM
T024059,01/10/2023,F01121,FPO_DELIVERY,COTTON (Kapas),3.6 qtl,"₹ 9,060.00","₹ 32,706.60",BRD-YTM
T024060,13/11/2023,F01121,Delivery,kapas,0.14 quintals,"₹ 9,060.00","₹ 1,268.40",BRD-YTM
T024061,21/10/2023,F01121,delivery,Soybean (Yellow),0.4 qtl,"₹ 5,760.00","₹ 2,361.60",BRD-YTM
T024062,09/10/2023,f01121,DELIVERY,soya,5.0 qtl,"₹ 5,760.00","₹ 28,800.00",BRD-YTM
T024063,02/11/2023,F01122,delivery,Cotton Kapas,0.7 qtl,"₹ 8,995.00","₹ 6,656.30",BRD-YTM
T024064,04/10/2023,f01122,Delivery,kapas,3.02 quintals,"₹ 8,995.00","₹ 27,164.90",BRD-YTM
T024065,20/10/2023,F01122,FPO_DELIVERY,Soybean,1.24 quintals,"₹ 5,100.00","₹ 6,324.00",BRD-YTM
T024066,05/11/2023,f01122,Delivery,Soybean,1.1 qtl,"₹ 5,100.00","₹ 5,661.00",BRD-YTM
T024067,07/10/2023,F01122,DELIVERY,Soybean (Yellow),2.03 quintals,"₹ 5,100.00","₹ 10,353.00",BRD-YTM
T024068,26/10/2023,F01131,D,Cotton,5.98 q,"₹ 9,290.00","₹ 55,554.20",BRD-YTM
T024069,15/10/2023,F01131,D,Cotton Kapas,4.73 quintals,"₹ 9,290.00","₹ 43,941.70",BRD-YTM
T024070,05/10/2023,F01131,delivery,Soybean,8.48 quintals,"₹ 5,900.00","₹ 50,032.00",BRD-YTM
T024071,22/10/2023,F01131,FPO_DELIVERY,SOYABEAN,4.07 quintals,"₹ 5,900.00","₹ 24,013.00",BRD-YTM
T024072,22/06/2023,F01131,Input Purchase,FERTILIZER 50kg bag,148 kg,₹ 39.70,"₹ 5,875.60",BRD-YTM
T024073,15/07/2023,F01131,I,PPC,107 kg,₹ 601.88,"₹ 64,401.16",BRD-YTM
T024074,19/06/2023,F01131,input,DAP,199 kgs,₹ 46.57,"₹ 9,267.43",BRD-YTM
T024075,30/11/2023,F01133,Delivery,Cotton Kapas,3.82 quintals,"₹ 9,020.00","₹ 34,456.40",BRD-YTM
T024076,25/11/2023, F01133 ,D,Cotton,0.83 q,"₹ 9,020.00","₹ 7,486.60",BRD-YTM
T024077,03/11/2023,f01133,Delivery,Soybean (Yellow),5.7 qtl,"₹ 6,150.00","₹ 34,747.50",BRD-YTM
T024078,12/10/2023,F01133,D,SOYABEAN,0.6 qtl,"₹ 6,150.00","₹ 3,690.00",BRD-YTM
T024079,04/06/2023,F01133,Input Purchase,Bio-pesticide,44 kgs,₹ 357.57,"₹ 15,733.08",BRD-YTM
T024080,29/06/2023,F01133,I,Fertilizer,82 kgs,₹ 53.52,"₹ 4,388.64",BRD-YTM
T024081,08/07/2023,f01133,LOAN_REPAY,EMI,,,"₹ 2,300.00",BRD-YTM
T024082,22/08/2023,F01133,LOAN_REPAY,Loan Repayment,,,₹ 900.00,BRD-YTM
T024083,16/10/2023,F01133,Loan Repayment,Loan Repayment,,,"₹ 4,800.00",BRD-YTM
T024084,05/11/2023,F01139,D,Cotton,5.38 q,"₹ 8,835.00","₹ 47,532.30",BRD-YTM
T024085,20/11/2023,F01139,FPO_DELIVERY,Cotton Kapas,3.3 qtl,"₹ 8,835.00","₹ 29,243.85",BRD-YTM
T024086,30/06/2023,F01139,loan,EMI,,,"₹ 6,800.00",BRD-YTM
T024087,23/10/2023,F01141,FPO_DELIVERY,Cotton Kapas,14.93 q,"₹ 9,550.00","₹ 1,42,581.50",BRD-YTM
T024088,10/06/2023,F01141,Input Purchase,NPK 10:26:26,284 kgs,₹ 47.60,"₹ 13,518.40",BRD-YTM
T024089,05/06/2023,f01141,Input Purchase,Urea,188 kg,₹ 57.50,"₹ 10,810.00",BRD-YTM
T024090,17/06/2023,F01141,input,Urea,268 kg,₹ 59.17,"₹ 15,857.56",BRD-YTM
T024091,15/06/2023, F01141 ,I,FERTILIZER 50kg bag,241 kgs,₹ 54.94,"₹ 13,240.54",BRD-YTM
T024092,21/06/2023,f01141,Input Purchase,Bio-pesticide,53 kg,₹ 584.06,"₹ 30,955.18",BRD-YTM
T024093,19/09/2023,F01141,Loan Repayment,EMI,,,"₹ 3,700.00",BRD-YTM
T024094,07/10/2023,F01142,D,Cotton Kapas,4.39 quintals,"₹ 9,350.00","₹ 41,046.50",BRD-YTM
T024095,23/10/2023,F01142,FPO_DELIVERY,Soybean (Yellow),6.87 quintals,"₹ 6,140.00","₹ 42,181.80",BRD-YTM
T024096,11/10/2023,F01147,FPO_DELIVERY,COTTON (Kapas),6.5 qtl,"₹ 8,720.00","₹ 56,767.20",BRD-YTM
T024097,26/10/2023,F01147,delivery,Cotton,12.69 q,"₹ 8,720.00","₹ 1,10,656.80",BRD-YTM
T024098,16/10/2023,F01147,D,Soybean (Yellow),25.10 q,"₹ 5,955.00","₹ 1,49,470.50",BRD-YTM
T024099,17/06/2023,f01147,I,DAP,68 kgs,₹ 35.48,"₹ 2,412.64",BRD-YTM
T024100,29/06/2023,F01147,input,Bio-pesticide,207 kg,₹ 327.70,"₹ 67,833.90",BRD-YTM
T024101,13/06/2023,F01147,INPUT_PURCHASE,Seeds,225 kgs,₹ 123.73,"₹ 27,839.25",BRD-YTM
T024102,19/11/2023,F01151,FPO_DELIVERY,COTTON (Kapas),1.29 q,"₹ 8,545.00","₹ 11,023.05",BRD-YTM
T024103,01/10/2023,F01151,DELIVERY,COTTON (Kapas),2.27 quintals,"₹ 8,545.00","₹ 19,397.15",BRD-YTM
T024104,11/11/2023,F01151,Delivery,Soybean,1.17 quintals,"₹ 6,185.00","₹ 7,236.45",BRD-YTM
T024105,29/11/2023,F01151,DELIVERY,Soybean,4.7 qtl,"₹ 6,185.00","₹ 28,883.95",BRD-YTM
T024106,10/10/2023,F01152,delivery,COTTON (Kapas),28.46 q,"₹ 9,510.00","₹ 2,70,654.60",BRD-YTM
T024107,25/06/2023,F01152,INPUT_PURCHASE,Seeds,134 kgs,₹ 68.57,"₹ 9,188.38",BRD-YTM
T024108,24/06/2023,F01152,FERT_PURCHASE,FERTILIZER 50kg bag,95 kgs,₹ 48.67,"₹ 4,623.65",BRD-YTM
T024109,12/10/2023,F01153,D,kapas,6.11 q,"₹ 8,770.00","₹ 53,584.70",BRD-YTM
T024110,26/10/2023,F01153,D,COTTON (Kapas),6.37 q,"₹ 8,770.00","₹ 55,864.90",BRD-YTM
T024111,08/11/2023,F01153,DELIVERY,Cotton Kapas,2.61 quintals,"₹ 8,770.00","₹ 22,889.70",BRD-YTM
T024112,05/07/2023,F01153,INPUT_PURCHASE,DAP,104 kgs,₹ 48.90,"₹ 5,085.60",BRD-YTM
T025382,14/11/2023, F02225 ,D,Cotton,23.05 quintals,"₹ 9,035.00","₹ 2,08,256.75",BRD-YTM
T025383,14/06/2023,F02225,I,SEEDS,133 kg,₹ 74.13,"₹ 9,859.29",BRD-YTM
T025384,23/06/2023,f02225,Input Purchase,FERTILIZER 50kg bag,176 kgs,₹ 51.35,"₹ 9,037.60",BRD-YTM
T025385,15/06/2023,F02225,INPUT_PURCHASE,DAP,91 kgs,₹ 41.86,"₹ 3,809.26",BRD-YTM
T025398,26/10/2023,F02233,FPO_DELIVERY,Cotton Kapas,3.67 q,"₹ 9,020.00","₹ 33,103.40",BRD-YTM
T025399,19/10/2023,F02233,DELIVERY,kapas,9.85 quintals,"₹ 9,020.00","₹ 88,847.00",BRD-YTM
T025400,01/06/2023,F02233,Input Purchase,Fertilizer,185 kg,₹ 56.70,"₹ 10,489.50",BRD-YTM
T025442,17/11/2023,F02263,FPO_DELIVERY,Cotton Kapas,15.0 qtl,"₹ 8,835.00","₹ 1,32,436.65",BRD-YTM
T025443,06/11/2023,F02263,FPO_DELIVERY,Cotton Kapas,0.1 qtl,"₹ 8,835.00","₹ 1,325.25",BRD-YTM
T025444,24/06/2023,F02263,Input Purchase,SEEDS,259 kg,₹ 93.83,"₹ 24,301.97",BRD-YTM
T025445,23/06/2023,F02263,I,Fertilizer,106 kgs,₹ 35.06,"₹ 3,716.36",BRD-YTM
T025446,23/07/2023,F02263,loan,EMI,,,"₹ 5,200.00",BRD-YTM
T025452,02/11/2023,F02270,D,COTTON (Kapas),21.44 quintals,"₹ 9,315.00","₹ 1,99,713.60",BRD-YTM
T025453,13/07/2023,f02270,input,PPC,215 kgs,₹ 434.34,"₹ 93,383.10",BRD-YTM
T025469,08/10/2023,f02279,delivery,kapas,11.68 quintals,"₹ 9,790.00","₹ 1,14,347.20",BRD-YTM
T025470,29/10/2023,F02279,DELIVERY,COTTON (Kapas),3.56 q,"₹ 9,790.00","₹ 34,852.40",BRD-YTM
T025471,16/06/2023,F02279,Input Purchase,Seeds,159 kgs,₹ 109.02,"₹ 17,334.18",BRD-YTM
T025472,09/06/2023,F02279,FERT_PURCHASE,NPK 10:26:26,222 kgs,₹ 44.93,"₹ 9,974.46",BRD-YTM
T025504,17/10/2023,F02296,Delivery,COTTON (Kapas),7.81 q,"₹ 8,495.00","₹ 66,345.95",BRD-YTM
T025505,27/11/2023,F02296,D,COTTON (Kapas),10.62 quintals,"₹ 8,495.00","₹ 90,216.90",BRD-YTM
T025506,05/07/2023,F02296,input,NPK 10:26:26,232 kgs,₹ 54.34,"₹ 12,606.88",BRD-YTM
T025507,16/06/2023,f02296,input,Seeds,94 kg,₹ 68.14,"₹ 6,405.16",BRD-YTM
T025593,19/11/2023,F02367,delivery,Cotton,3.11 q,"₹ 8,670.00","₹ 26,963.70",BRD-YTM
T025594,25/11/2023,F02368,delivery,Cotton Kapas,7.78 q,"₹ 9,515.00","₹ 74,026.70",BRD-YTM
T025595,03/11/2023,F02368,D,COTTON (Kapas),5.9 qtl,"₹ 9,515.00","₹ 56,138.50",BRD-YTM
T025596,20/09/2023,F02368,LOAN_REPAY,EMI,,,"₹ 3,700.00",BRD-YTM
T025603,15/10/2023,F02372,D,kapas,9.52 quintals,"₹ 9,260.00","₹ 88,155.20",BRD-YTM
T025604,01/11/2023,F02372,D,Cotton Kapas,5.53 q,"₹ 9,260.00","₹ 51,207.80",BRD-YTM
T025605,22/11/2023,f02372,FPO_DELIVERY,Cotton,1.4 qtl,"₹ 9,260.00","₹ 12,593.60",BRD-YTM
T025606,05/07/2023,f02372,Input Purchase,Fertilizer,312 kg,₹ 54.41,"₹ 16,975.92",BRD-YTM
T025607,30/09/2023,F02372,L,Loan Repayment,,,"₹ 2,700.00",BRD-YTM
T025613,20/11/2023,F02382,FPO_DELIVERY,Cotton,15.9 qtl,"₹ 8,890.00","₹ 1,41,173.20",BRD-YTM
T025614,27/06/2023,F02382,I,DAP,95 kg,₹ 46.16,"₹ 4,385.20",BRD-YTM
T025615,24/06/2023,F02382,input,PP chemicals,299 kg,₹ 353.09,"₹ 1,05,573.91",BRD-YTM
T025616,03/07/2023,F02382,FERT_PURCHASE,NPK 10:26:26,273 kgs,₹ 38.77,"₹ 10,584.21",BRD-YTM
T025642,12/10/2023,F02397,D,kapas,3.4 qtl,"₹ 8,385.00","₹ 28,341.30",BRD-YTM
T025643,10/11/2023,F02397,Delivery,Cotton,4.0 qtl,"₹ 8,385.00","₹ 33,288.45",BRD-YTM
T025644,10/06/2023,F02397,FERT_PURCHASE,FERTILIZER 50kg bag,80 kg,₹ 52.42,"₹ 4,193.60",BRD-YTM
T025666,19/10/2023,F02407,delivery,COTTON (Kapas),9.71 q,"₹ 8,575.00","₹ 83,263.25",BRD-YTM
T025667,06/11/2023,F02407,delivery,Cotton,2.88 q,"₹ 8,575.00","₹ 24,696.00",BRD-YTM
T025668,08/07/2023,F02407,I,NPK 10:26:26,159 kg,₹ 53.66,"₹ 8,531.94",BRD-YTM
T025672,16/10/2023,F02417,Delivery,Cotton,7.48 q,"₹ 8,955.00","₹ 66,983.40",BRD-YTM
T025673,26/06/2023,F02417,FERT_PURCHASE,Hybrid Seeds,263 kg,₹ 124.66,"₹ 32,785.58",BRD-YTM
T025674,11/06/2023,F02417,FERT_PURCHASE,NPK 10:26:26,227 kgs,₹ 42.80,"₹ 9,715.60",BRD-YTM
T025675,02/07/2023,F02417,I,NPK 10:26:26,93 kg,₹ 29.86,"₹ 2,776.98",BRD-YTM
T025676,12/10/2023,F02417,Loan Repayment,EMI,,,"₹ 3,000.00",BRD-YTM
T025677,09/08/2023,F02417,LOAN_REPAY,EMI,,,"₹ 7,100.00",BRD-YTM
T025752,16/11/2023,F02454,delivery,COTTON (Kapas),2.62 q,"₹ 8,515.00","₹ 22,309.30",BRD-YTM
T025753,06/11/2023,f02454,D,kapas,1.65 q,"₹ 8,515.00","₹ 14,049.75",BRD-YTM
T025754,01/07/2023,f02454,Input Purchase,Urea,30 kg,₹ 49.21,"₹ 1,476.30",BRD-YTM
T025755,02/07/2023,F02454,Input Purchase,FERTILIZER 50kg bag,135 kgs,₹ 36.73,"₹ 4,958.55",BRD-YTM
T025756,06/07/2023,F02454,FERT_PURCHASE,FERTILIZER 50kg bag,92 kg,₹ 53.89,"₹ 4,957.88",BRD-YTM
T025768,06/11/2023,F02461,DELIVERY,Cotton,10.81 quintals,"₹ 9,040.00","₹ 97,722.40",BRD-YTM
T025769,15/11/2023,F02461,Delivery,kapas,3.83 q,"₹ 9,040.00","₹ 34,623.20",BRD-YTM
T025770,05/11/2023,F02461,Delivery,COTTON (Kapas),4.7 qtl,"₹ 9,040.00","₹ 42,668.80",BRD-YTM
T025771,25/06/2023,F02461,I,PP chemicals,242 kgs,₹ 619.49,"₹ 1,49,916.58",BRD-YTM
T025772,07/07/2023,f02461,Input Purchase,NPK 10:26:26,69 kg,₹ 35.61,"₹ 2,457.09",BRD-YTM
T025773,11/06/2023,F02461,Input Purchase,Bio-pesticide,195 kg,₹ 346.00,"₹ 67,470.00",BRD-YTM
T025813,03/11/2023,f02479,delivery,kapas,11.75 quintals,"₹ 9,775.00","₹ 1,14,856.25",BRD-YTM
T025814,29/06/2023,F02479,input,NPK 10:26:26,310 kgs,₹ 55.86,"₹ 17,316.60",BRD-YTM
T025826,05/11/2023,F02486,DELIVERY,COTTON (Kapas),0.82 q,"₹ 9,350.00","₹ 7,667.00",BRD-YTM
T025827,19/10/2023,F02486,DELIVERY,kapas,18.58 q,"₹ 9,350.00","₹ 1,73,723.00",BRD-YTM
T025828,02/10/2023,F02486,FPO_DELIVERY,Cotton Kapas,11.77 q,"₹ 9,350.00","₹ 1,10,049.50",BRD-YTM
T025829,08/07/2023,F02486,FERT_PURCHASE,Bio-pesticide,31 kg,₹ 266.10,"₹ 8,249.10",BRD-YTM
T025830,04/07/2023,F02486,input,SEEDS,167 kgs,₹ 80.42,"₹ 13,430.14",BRD-YTM
T025831,12/06/2023,F02486,L,Loan Repayment,,,"₹ 7,600.00",BRD-YTM
T025839,13/10/2023,F02489,delivery,Cotton Kapas,14.93 q,"₹ 8,975.00","₹ 1,33,996.75",BRD-YTM
T025840,03/11/2023,F02489,delivery,COTTON (Kapas),0.15 quintals,"₹ 8,975.00","₹ 1,346.25",BRD-YTM
T025841,01/07/2023,F02489,input,SEEDS,176 kgs,₹ 85.06,"₹ 14,970.56",BRD-YTM
T025855,26/10/2023,f02497,delivery,Cotton,1.93 quintals,"₹ 9,170.00","₹ 17,698.10",BRD-YTM
T025856,02/10/2023,f02497,FPO_DELIVERY,Cotton,2.7 qtl,"₹ 9,170.00","₹ 24,850.70",BRD-YTM
T025864,07/11/2023,F02500,D,kapas,25.90 quintals,"₹ 9,110.00","₹ 2,35,949.00",BRD-YTM
T025865,04/06/2023,F02500,INPUT_PURCHASE,PPC,137 kg,₹ 301.57,"₹ 41,315.09",BRD-YTM
T025866,18/06/2023,F02500,input,Seeds,111 kgs,₹ 103.81,"₹ 11,522.91",BRD-YTM
T025867,24/06/2023,F02500,I,SEEDS,266 kgs,₹ 119.39,"₹ 31,757.74",BRD-YTM
T025885,21/11/2023,F02508,DELIVERY,Cotton Kapas,6.00 quintals,"₹ 8,875.00","₹ 53,250.00",BRD-YTM
T025886,30/11/2023,f02508,DELIVERY,Cotton Kapas,1.76 q,"₹ 8,875.00","₹ 15,620.00",BRD-YTM
T025887,16/06/2023, F02508 ,INPUT_PURCHASE,DAP,106 kgs,₹ 39.53,"₹ 4,190.18",BRD-YTM
T025888,12/06/2023,F02508,INPUT_PURCHASE,Fertilizer,279 kg,₹ 57.54,"₹ 16,053.66",BRD-YTM
T025897,19/11/2023,F02512,D,kapas,3.64 quintals,"₹ 8,915.00","₹ 32,450.60",BRD-YTM
T025898,04/07/2023,F02512,INPUT_PURCHASE,Hybrid Seeds,234 kg,₹ 120.40,"₹ 28,173.60",BRD-YTM
T025899,03/07/2023,F02512,Input Purchase,Bio-pesticide,309 kg,₹ 372.67,"₹ 1,15,155.03",BRD-YTM
T025900,23/06/2023,F02512,I,FERTILIZER 50kg bag,166 kgs,₹ 30.23,"₹ 5,018.18",BRD-YTM
T025901,01/07/2023,F02512,INPUT_PURCHASE,PP chemicals,220 kg,₹ 237.47,"₹ 52,243.40",BRD-YTM
T025906,23/10/2023,F02514,DELIVERY,kapas,6.32 quintals,"₹ 8,700.00","₹ 54,984.00",BRD-YTM
T025907,27/11/2023, F02514 ,D,Cotton,5.05 q,"₹ 8,700.00","₹ 43,935.00",BRD-YTM
T025908,02/07/2023, F02514 ,input,NPK 10:26:26,164 kgs,₹ 47.78,"₹ 7,835.92",BRD-YTM
T025909,04/07/2023,F02514,INPUT_PURCHASE,FERTILIZER 50kg bag,146 kgs,₹ 43.25,"₹ 6,314.50",BRD-YTM
T025956,25/11/2023,F02536,DELIVERY,Cotton,10.11 quintals,"₹ 9,860.00","₹ 99,684.60",BRD-YTM
T025957,01/07/2023,F02536,FERT_PURCHASE,NPK 10:26:26,118 kgs,₹ 52.23,"₹ 6,163.14",BRD-YTM
T025968,18/11/2023,F02540,delivery,Cotton,4.1 qtl,"₹ 9,205.00","₹ 37,556.40",BRD-YTM
T025969,17/10/2023,F02540,D,Cotton,4.04 quintals,"₹ 9,205.00","₹ 37,188.20",BRD-YTM
T025970,03/11/2023,F02540,FPO_DELIVERY,Cotton Kapas,0.43 q,"₹ 9,205.00","₹ 3,958.15",BRD-YTM
T025971,17/06/2023,f02540,INPUT_PURCHASE,Fertilizer,173 kgs,₹ 35.16,"₹ 6,082.68",BRD-YTM
T026031,05/10/2023,F02559,Delivery,kapas,42.53 quintals,"₹ 8,980.00","₹ 3,81,919.40",BRD-YTM
T026032,05/10/2023, F02559 ,Delivery,kapas,6.0 qtl,"₹ 8,980.00","₹ 54,059.60",BRD-YTM
T026033,12/07/2023,F02559,input,Seeds,67 kg,₹ 47.55,"₹ 3,185.85",BRD-YTM
T026072,27/11/2023,F02570,FPO_DELIVERY,kapas,0.05 q,"₹ 9,165.00",₹ 458.25,BRD-YTM
T026073,27/11/2023,F02570,delivery,Cotton Kapas,5.17 q,"₹ 9,165.00","₹ 47,383.05",BRD-YTM
T026074,14/06/2023,f02570,input,DAP,270 kgs,₹ 58.10,"₹ 15,687.00",BRD-YTM
T026075,09/07/2023,F02570,input,Seeds,258 kg,₹ 55.58,"₹ 14,339.64",BRD-YTM
T026082,28/04/2024, F01003 ,D,Bengal Gram,0.3 qtl,"₹ 6,385.00","₹ 1,723.95",BRD-YTM
T026083,13/04/2024,F01003,DELIVERY,GRAM (Chana),5.24 q,"₹ 6,385.00","₹ 33,457.40",BRD-YTM
T026084,30/12/2023,F01003,FERT_PURCHASE,SEEDS,199 kgs,₹ 56.02,"₹ 11,147.98",BRD-YTM
T026085,01/12/2023,f01003,Input Purchase,FERTILIZER 50kg bag,33 kg,₹ 49.04,"₹ 1,618.32",BRD-YTM
T026086,21/03/2024,F01008,DELIVERY,GRAM (Chana),8.30 q,"₹ 7,015.00","₹ 58,224.50",BRD-YTM
T026087,01/12/2023,f01008,INPUT_PURCHASE,Hybrid Seeds,111 kg,₹ 93.83,"₹ 10,415.13",BRD-YTM
T026088,06/05/2024,F01009,DELIVERY,chana,7.73 quintals,"₹ 6,495.00","₹ 50,206.35",BRD-YTM
T026089,06/04/2024,F01009,DELIVERY,GRAM (Chana),1.37 quintals,"₹ 6,495.00","₹ 8,898.15",BRD-YTM
T026090,06/12/2023,F01009,I,Fertilizer,118 kg,₹ 35.44,"₹ 4,181.92",BRD-YTM
T026091,04/01/2024,F01009,Input Purchase,DAP,192 kgs,₹ 34.28,"₹ 6,581.76",BRD-YTM
T026092,07/01/2024,F01009,FERT_PURCHASE,Hybrid Seeds,33 kgs,₹ 96.73,"₹ 3,192.09",BRD-YTM
T026093,21/12/2023,F01009,FERT_PURCHASE,Hybrid Seeds,279 kgs,₹ 65.72,"₹ 18,335.88",BRD-YTM
T026094,30/01/2024,F01009,Loan Repayment,EMI,,,"₹ 6,000.00",BRD-YTM
T026095,27/04/2024,f01013,D,GRAM (Chana),9.45 quintals,"₹ 6,520.00","₹ 61,614.00",BRD-YTM
T026096,29/12/2023,F01013,input,PP chemicals,258 kg,₹ 313.88,"₹ 80,981.04",BRD-YTM
T026097,03/01/2024,F01013,INPUT_PURCHASE,Urea,315 kgs,₹ 46.92,"₹ 14,779.80",BRD-YTM
T026098,11/03/2024,F01020,FPO_DELIVERY,GRAM (Chana),1.4 qtl,"₹ 7,090.00","₹ 9,642.40",BRD-YTM
T026099,15/04/2024,F01020,D,Bengal Gram,0.7 qtl,"₹ 7,090.00","₹ 4,821.20",BRD-YTM
T026100,21/03/2024,F01020,FPO_DELIVERY,Wheat,4.2 qtl,"₹ 2,665.00","₹ 11,246.30",BRD-YTM
T026101,12/03/2024,f01020,D,wheat,2.24 quintals,"₹ 2,665.00","₹ 5,969.60",BRD-YTM
T026102,22/12/2023,F01020,INPUT_PURCHASE,Fertilizer,50 kg,₹ 48.71,"₹ 2,435.50",BRD-YTM
T026103,28/12/2023, F01020 ,input,PPC,25 kgs,₹ 382.08,"₹ 9,552.00",BRD-YTM
T026104,02/05/2024,F01021,Delivery,Bengal Gram,6.97 q,"₹ 6,645.00","₹ 46,315.65",BRD-YTM
T026105,19/03/2024,F01021,DELIVERY,Bengal Gram,4.91 quintals,"₹ 6,645.00","₹ 32,626.95",BRD-YTM
T026106,17/04/2024,F01021,D,Wheat (Durum),0.89 q,"₹ 2,640.00","₹ 2,349.60",BRD-YTM
T026107,10/04/2024,F01021,DELIVERY,WHEAT,32.81 q,"₹ 2,640.00","₹ 86,618.40",BRD-YTM
T026108,10/12/2023,F01021,INPUT_PURCHASE,DAP,284 kg,₹ 52.10,"₹ 14,796.40",BRD-YTM
T026109,11/12/2023,F01021,INPUT_PURCHASE,Urea,57 kg,₹ 45.68,"₹ 2,603.76",BRD-YTM
T026110,04/12/2023,F01021,Input Purchase,NPK 10:26:26,124 kg,₹ 37.19,"₹ 4,611.56",BRD-YTM
T026111,18/04/2024,F01021,LOAN_REPAY,EMI,,,"₹ 4,800.00",BRD-YTM
T026112,14/04/2024,f01021,LOAN_REPAY,Loan Repayment,,,"₹ 3,600.00",BRD-YTM
T026113,30/01/2024,F01021,loan,Loan Repayment,,,"₹ 3,700.00",BRD-YTM
T026114,15/04/2024,F01023,D,GRAM (Chana),8.9 qtl,"₹ 6,850.00","₹ 60,896.50",BRD-YTM
T026115,22/12/2023,F01023,INPUT_PURCHASE,Hybrid Seeds,287 kg,₹ 83.44,"₹ 23,947.28",BRD-YTM
T026116,16/12/2023,F01023,INPUT_PURCHASE,Hybrid Seeds,51 kg,₹ 104.08,"₹ 5,308.08",BRD-YTM
T026117,10/12/2023,F01023,Input Purchase,PP chemicals,168 kgs,₹ 345.10,"₹ 57,976.80",BRD-YTM
T026118,13/05/2024,F01029,delivery,chana,9.1 qtl,"₹ 6,810.00","₹ 61,766.70",BRD-YTM
T026119,19/04/2024,f01029,DELIVERY,chana,1.1 qtl,"₹ 6,810.00","₹ 7,150.50",BRD-YTM
T026120,06/01/2024,F01029,INPUT_PURCHASE,DAP,41 kgs,₹ 29.90,"₹ 1,225.90",BRD-YTM
T026121,31/03/2024,F01035,DELIVERY,chana,6.28 q,"₹ 7,225.00","₹ 45,373.00",BRD-YTM
T026122,02/05/2024,F01035,delivery,wheat,9.4 qtl,"₹ 2,790.00","₹ 26,365.50",BRD-YTM
T026123,03/04/2024,F01035,delivery,Wheat,7.95 quintals,"₹ 2,790.00","₹ 22,180.50",BRD-YTM
T026124,21/12/2023,f01035,input,FERTILIZER 50kg bag,26 kg,₹ 34.55,₹ 898.30,BRD-YTM
T026125,26/03/2024,F01036,DELIVERY,Bengal Gram,6.68 quintals,"₹ 6,760.00","₹ 45,156.80",BRD-YTM
T026126,29/03/2024,F01036,Delivery,Gram,3.6 qtl,"₹ 6,760.00","₹ 24,268.40",BRD-YTM
T026127,05/12/2023,F01036,FERT_PURCHASE,NPK 10:26:26,26 kgs,₹ 35.69,₹ 927.94,BRD-YTM
T026128,20/12/2023,F01036,I,Hybrid Seeds,69 kgs,₹ 89.83,"₹ 6,198.27",BRD-YTM
T026129,18/04/2024,F01037,FPO_DELIVERY,chana,8.2 qtl,"₹ 6,495.00","₹ 53,323.95",BRD-YTM
T026130,06/04/2024,F01037,DELIVERY,wheat,20.70 quintals,"₹ 2,755.00","₹ 57,028.50",BRD-YTM
T026131,03/01/2024, F01037 ,FERT_PURCHASE,Fertilizer,272 kgs,₹ 29.50,"₹ 8,024.00",BRD-YTM
T026132,11/04/2024,F01044,DELIVERY,Bengal Gram,24.38 quintals,"₹ 6,500.00","₹ 1,58,470.00",BRD-YTM
T026133,01/05/2024,F01044,FPO_DELIVERY,wheat,52.22 q,"₹ 2,750.00","₹ 1,43,605.00",BRD-YTM
T026134,25/04/2024,F01044,DELIVERY,Lokwan Wheat,8.05 quintals,"₹ 2,750.00","₹ 22,137.50",BRD-YTM
T026135,20/12/2023,F01044,FERT_PURCHASE,FERTILIZER 50kg bag,101 kg,₹ 53.00,"₹ 5,353.00",BRD-YTM
T026136,24/03/2024,F01048,DELIVERY,chana,1.88 q,"₹ 6,785.00","₹ 12,755.80",BRD-YTM
T026137,29/04/2024,F01050,Delivery,GRAM (Chana),12.38 quintals,"₹ 6,490.00","₹ 80,346.20",BRD-YTM
T026138,10/05/2024,f01050,FPO_DELIVERY,Gram,19.70 q,"₹ 6,490.00","₹ 1,27,853.00",BRD-YTM
T026139,11/12/2023,F01050,FERT_PURCHASE,NPK 10:26:26,245 kg,₹ 39.07,"₹ 9,572.15",BRD-YTM
T026140,27/04/2024,F01051,D,chana,8.4 qtl,"₹ 6,690.00","₹ 56,463.60",BRD-YTM
T026141,30/04/2024,f01051,FPO_DELIVERY,wheat,22.49 q,"₹ 2,505.00","₹ 56,337.45",BRD-YTM
T026142,16/04/2024,F01051,L,EMI,,,"₹ 4,200.00",BRD-YTM
T026143,16/02/2024,F01051,Loan Repayment,Loan Repayment,,,"₹ 3,800.00",BRD-YTM
T026144,16/04/2024,F01055,FPO_DELIVERY,GRAM (Chana),3.2 qtl,"₹ 7,275.00","₹ 23,134.50",BRD-YTM
T026145,25/03/2024,F01055,FPO_DELIVERY,chana,1.69 q,"₹ 7,275.00","₹ 12,294.75",BRD-YTM
T026146,09/05/2024,F01055,Delivery,wheat,6.21 quintals,"₹ 2,680.00","₹ 16,642.80",BRD-YTM
T026147,08/03/2024,f01055,D,wheat,7.03 q,"₹ 2,680.00","₹ 18,840.40",BRD-YTM
T026148,07/12/2023,F01055,I,FERTILIZER 50kg bag,287 kgs,₹ 53.87,"₹ 15,460.69",BRD-YTM
T026149,01/12/2023,F01055,Input Purchase,Seeds,154 kgs,₹ 61.99,"₹ 9,546.46",BRD-YTM
T026150,18/03/2024,F01064,delivery,chana,21.7 qtl,"₹ 6,545.00","₹ 1,42,222.85",BRD-YTM
T026151,09/04/2024,f01064,delivery,GRAM (Chana),4.90 q,"₹ 6,545.00","₹ 32,070.50",BRD-YTM
T026152,16/12/2023,F01064,INPUT_PURCHASE,FERTILIZER 50kg bag,78 kg,₹ 56.35,"₹ 4,395.30",BRD-YTM
T026153,10/12/2023,F01064,FERT_PURCHASE,Hybrid Seeds,308 kgs,₹ 64.91,"₹ 19,992.28",BRD-YTM
T026154,03/01/2024,F01064,Input Purchase,DAP,67 kgs,₹ 49.19,"₹ 3,295.73",BRD-YTM
T026155,08/03/2024,F01071,Delivery,Gram,1.86 quintals,"₹ 7,075.00","₹ 13,159.50",BRD-YTM
T026156,07/04/2024,F01071,delivery,GRAM (Chana),4.75 q,"₹ 7,075.00","₹ 33,606.25",BRD-YTM
T026157,26/12/2023,F01071,I,Urea,53 kg,₹ 48.85,"₹ 2,589.05",BRD-YTM
T026158,11/01/2024,F01071,FERT_PURCHASE,PP chemicals,308 kgs,₹ 549.23,"₹ 1,69,162.84",BRD-YTM
T026159,27/03/2024,,DELIVERY,GRAM (Chana),5.0 qtl,"₹ 7,310.00","₹ 36,769.30",BRD-YTM
T026160,03/03/2024,F01079,Delivery,chana,2.77 q,"₹ 7,310.00","₹ 20,248.70",BRD-YTM
T026161,27/12/2023,F01079,I,PP chemicals,179 kgs,₹ 265.94,"₹ 47,603.26",BRD-YTM
T026162,09/04/2024,,D,chana,15.7 qtl,"₹ 6,475.00","₹ 1,01,722.25",BRD-YTM
T026163,23/03/2024,F01081,delivery,Wheat,11.28 quintals,"₹ 2,580.00","₹ 29,102.40",BRD-YTM
T026164,23/04/2024,F01081,FPO_DELIVERY,Lokwan Wheat,25.59 quintals,"₹ 2,580.00","₹ 66,022.20",BRD-YTM
T026165,01/01/2024,F01081,Input Purchase,Urea,87 kg,₹ 50.55,"₹ 4,397.85",BRD-YTM
T026166,26/12/2023, F01081 ,FERT_PURCHASE,SEEDS,106 kg,₹ 87.29,"₹ 9,252.74",BRD-YTM
T026167,10/01/2024,f01081,INPUT_PURCHASE,NPK 10:26:26,256 kgs,₹ 43.27,"₹ 11,077.12",BRD-YTM
T026168,26/01/2024,f01081,LOAN_REPAY,EMI,,,"₹ 5,000.00",BRD-YTM
T026169,06/12/2023,F01081,Loan Repayment,Loan Repayment,,,"₹ 5,300.00",BRD-YTM
T026170,10/03/2024,F01082,DELIVERY,chana,8.38 q,"₹ 6,855.00","₹ 57,444.90",BRD-YTM
T026171,24/04/2024,,FPO_DELIVERY,Gram,7.4 qtl,"₹ 7,115.00","₹ 52,366.40",BRD-YTM
T026172,05/04/2024,F01092,Delivery,Bengal Gram,0.74 q,"₹ 7,115.00","₹ 5,265.10",BRD-YTM
T026173,20/12/2023,F01092,input,SEEDS,277 kgs,₹ 95.31,"₹ 26,400.87",BRD-YTM
T026174,07/04/2024, F01098 ,DELIVERY,Bengal Gram,6.82 quintals,"₹ 6,520.00","₹ 44,466.40",BRD-YTM
T026175,04/04/2024,F01098,delivery,WHEAT,4.00 q,"₹ 2,575.00","₹ 10,300.00",BRD-YTM
T026176,29/03/2024,F01098,DELIVERY,Lokwan Wheat,14.37 quintals,"₹ 2,575.00","₹ 37,002.75",BRD-YTM
T026177,08/12/2023,F01098,Input Purchase,SEEDS,316 kgs,₹ 113.73,"₹ 35,938.68",BRD-YTM
T026178,03/01/2024,F01098,I,SEEDS,77 kgs,₹ 103.53,"₹ 7,971.81",BRD-YTM
T026179,14/04/2024,F01104,DELIVERY,chana,28.8 qtl,"₹ 7,015.00","₹ 2,01,891.70",BRD-YTM
T026180,07/12/2023,F01104,Loan Repayment,Loan Repayment,,,"₹ 7,900.00",BRD-YTM
T026181,27/05/2024,F01104,L,Loan Repayment,,,"₹ 2,100.00",BRD-YTM
T026182,21/03/2024,F01104,LOAN_REPAY,Loan Repayment,,,"₹ 3,400.00",BRD-YTM
T026183,31/03/2024,F01105,DELIVERY,Gram,16.50 quintals,"₹ 6,900.00","₹ 1,13,850.00",BRD-YTM
T026184,19/04/2024,F01105,FPO_DELIVERY,Bengal Gram,3.41 quintals,"₹ 6,900.00","₹ 23,529.00",BRD-YTM
T026185,18/03/2024,F01107,DELIVERY,chana,15.46 q,"₹ 6,835.00","₹ 1,05,669.10",BRD-YTM
T026186,15/01/2024,F01107,FERT_PURCHASE,DAP,130 kg,₹ 30.26,"₹ 3,933.80",BRD-YTM
T026187,18/12/2023,f01107,I,Urea,259 kg,₹ 31.92,"₹ 8,267.28",BRD-YTM
T026188,01/05/2024,F01107,L,Loan Repayment,,,"₹ 7,100.00",BRD-YTM
T026189,14/05/2024,F01110,Delivery,Bengal Gram,10.7 qtl,"₹ 7,120.00","₹ 75,970.40",BRD-YTM
T026190,23/03/2024,F01110,FPO_DELIVERY,Bengal Gram,6.67 quintals,"₹ 7,120.00","₹ 47,490.40",BRD-YTM
T026191,24/03/2024,F01110,Delivery,wheat,48.8 qtl,"₹ 2,545.00","₹ 1,24,068.75",BRD-YTM
T026192,02/12/2023,F01110,INPUT_PURCHASE,Urea,248 kgs,₹ 56.39,"₹ 13,984.72",BRD-YTM
T026193,13/12/2023,F01110,input,FERTILIZER 50kg bag,274 kgs,₹ 43.61,"₹ 11,949.14",BRD-YTM
T026194,07/12/2023,f01110,INPUT_PURCHASE,FERTILIZER 50kg bag,92 kg,₹ 37.50,"₹ 3,450.00",BRD-YTM
T026195,25/03/2024,F01111,D,GRAM (Chana),6.35 quintals,"₹ 6,620.00","₹ 42,037.00",BRD-YTM
T026196,02/03/2024,F01111,Delivery,Gram,6.22 quintals,"₹ 6,620.00","₹ 41,176.40",BRD-YTM
T026197,08/01/2024,F01111,INPUT_PURCHASE,Seeds,93 kg,₹ 96.44,"₹ 8,968.92",BRD-YTM
T026198,18/12/2023,F01111,L,EMI,,,₹ 800.00,BRD-YTM
T026199,14/04/2024,F01112,FPO_DELIVERY,Bengal Gram,12.0 qtl,"₹ 6,980.00","₹ 83,480.80",BRD-YTM
T026200,10/04/2024,F01112,delivery,GRAM (Chana),6.4 qtl,"₹ 6,980.00","₹ 44,672.00",BRD-YTM
T026201,07/05/2024,F01112,delivery,Wheat (Durum),2.69 q,"₹ 2,645.00","₹ 7,115.05",BRD-YTM
T026202,10/04/2024,f01112,DELIVERY,WHEAT,48.40 quintals,"₹ 2,645.00","₹ 1,28,018.00",BRD-YTM
T026203,11/01/2024,F01112,INPUT_PURCHASE,PP chemicals,38 kg,₹ 376.78,"₹ 14,317.64",BRD-YTM
T026204,16/04/2024,f01114,Delivery,Gram,7.30 quintals,"₹ 7,135.00","₹ 52,085.50",BRD-YTM
T026205,11/05/2024,F01114,delivery,chana,2.4 qtl,"₹ 7,135.00","₹ 17,124.00",BRD-YTM
T026206,16/12/2023,F01114,input,Urea,232 kgs,₹ 50.44,"₹ 11,702.08",BRD-YTM
T026207,19/12/2023,F01114,FERT_PURCHASE,DAP,221 kgs,₹ 29.49,"₹ 6,517.29",BRD-YTM
T026208,06/01/2024,f01114,input,Hybrid Seeds,230 kg,₹ 92.46,"₹ 21,265.80",BRD-YTM
T026209,19/04/2024,f01116,Delivery,Gram,3.56 quintals,"₹ 6,800.00","₹ 24,208.00",BRD-YTM
T026210,11/05/2024,F01116,D,Bengal Gram,9.40 q,"₹ 6,800.00","₹ 63,920.00",BRD-YTM
T026211,05/12/2023,F01116,FERT_PURCHASE,Urea,212 kg,₹ 48.94,"₹ 10,375.28",BRD-YTM
T026212,08/12/2023,f01116,Input Purchase,Urea,304 kg,₹ 30.01,"₹ 9,123.04",BRD-YTM
T026213,17/12/2023,F01116,INPUT_PURCHASE,Urea,243 kg,₹ 55.21,"₹ 13,416.03",BRD-YTM
T026214,10/01/2024,F01116,INPUT_PURCHASE,SEEDS,116 kg,₹ 51.85,"₹ 6,014.60",BRD-YTM
T026215,29/03/2024,F01120,DELIVERY,chana,9.24 quintals,"₹ 7,200.00","₹ 66,528.00",BRD-YTM
T026216,29/03/2024,F01120,delivery,Gram,8.4 qtl,"₹ 7,200.00","₹ 60,192.00",BRD-YTM
T026217,01/03/2024,F01120,Delivery,WHEAT,6.68 q,"₹ 2,860.00","₹ 19,104.80",BRD-YTM
T026218,21/03/2024,f01120,D,Wheat (Durum),21.0 qtl,"₹ 2,860.00","₹ 60,060.00",BRD-YTM
T026219,20/03/2024,F01120,delivery,Wheat (Durum),13.99 q,"₹ 2,860.00","₹ 40,011.40",BRD-YTM
T026220,07/03/2024,F01121,FPO_DELIVERY,GRAM (Chana),4.06 q,"₹ 6,750.00","₹ 27,405.00",BRD-YTM
T026221,18/12/2023,F01121,Input Purchase,SEEDS,301 kgs,₹ 99.58,"₹ 29,973.58",BRD-YTM
T026222,07/05/2024,F01122,delivery,chana,3.37 quintals,"₹ 7,210.00","₹ 24,297.70",BRD-YTM
T026223,03/05/2024,F01122,FPO_DELIVERY,Wheat,8.83 quintals,"₹ 2,670.00","₹ 23,576.10",BRD-YTM
T026224,11/01/2024,F01122,Input Purchase,Urea,227 kgs,₹ 59.89,"₹ 13,595.03",BRD-YTM
T026225,07/03/2024,F01131,FPO_DELIVERY,Gram,10.89 quintals,"₹ 6,990.00","₹ 76,121.10",BRD-YTM
T026226,01/05/2024,f01131,D,chana,2.15 quintals,"₹ 6,990.00","₹ 15,028.50",BRD-YTM
T026227,08/04/2024,F01131,D,WHEAT,27.3 qtl,"₹ 2,700.00","₹ 73,602.00",BRD-YTM
T026228,15/03/2024,F01131,D,WHEAT,3.48 q,"₹ 2,700.00","₹ 9,396.00",BRD-YTM
T026229,10/01/2024,F01131,Input Purchase,DAP,84 kgs,₹ 33.57,"₹ 2,819.88",BRD-YTM
T026230,28/12/2023,F01131,input,NPK 10:26:26,32 kg,₹ 50.97,"₹ 1,631.04",BRD-YTM
T026231,01/05/2024,F01133,DELIVERY,chana,3.1 qtl,"₹ 7,065.00","₹ 22,254.75",BRD-YTM
T026232,29/04/2024,F01133,delivery,chana,0.7 qtl,"₹ 7,065.00","₹ 4,662.90",BRD-YTM
T026233,12/04/2024, F01133 ,FPO_DELIVERY,WHEAT,8.53 q,"₹ 2,800.00","₹ 23,884.00",BRD-YTM
T026234,10/05/2024,F01133,Delivery,wheat,3.21 q,"₹ 2,800.00","₹ 8,988.00",BRD-YTM
T026235,16/12/2023,F01133,INPUT_PURCHASE,Bio-pesticide,186 kgs,₹ 290.34,"₹ 54,003.24",BRD-YTM
T026236,01/02/2024,F01133,L,Loan Repayment,,,"₹ 4,700.00",BRD-YTM
T026237,23/04/2024, F01139 ,D,Bengal Gram,6.16 q,"₹ 6,835.00","₹ 42,103.60",BRD-YTM
T026238,12/05/2024,F01139,DELIVERY,Gram,2.04 q,"₹ 6,835.00","₹ 13,943.40",BRD-YTM
T026239,30/03/2024,F01139,DELIVERY,Lokwan Wheat,2.56 quintals,"₹ 2,785.00","₹ 7,129.60",BRD-YTM
T026240,30/04/2024,F01139,Delivery,wheat,20.2 qtl,"₹ 2,785.00","₹ 56,284.85",BRD-YTM
T026241,15/04/2024,f01139,Delivery,Lokwan Wheat,3.06 quintals,"₹ 2,785.00","₹ 8,522.10",BRD-YTM
T026242,26/12/2023,F01139,INPUT_PURCHASE,NPK 10:26:26,103 kg,₹ 36.50,"₹ 3,759.50",BRD-YTM
T026243,02/01/2024,F01139,FERT_PURCHASE,NPK 10:26:26,82 kgs,₹ 54.91,"₹ 4,502.62",BRD-YTM
T026244,05/01/2024,F01139,INPUT_PURCHASE,NPK 10:26:26,200 kg,₹ 52.12,"₹ 10,424.00",BRD-YTM
T026245,06/02/2024,F01139,loan,EMI,,,"₹ 4,100.00",BRD-YTM
T026246,29/02/2024,F01141,delivery,GRAM (Chana),10.74 quintals,"₹ 6,990.00","₹ 75,072.60",BRD-YTM
T026247,09/05/2024,F01141,Delivery,chana,2.94 quintals,"₹ 6,990.00","₹ 20,550.60",BRD-YTM
T026248,24/03/2024,F01141,DELIVERY,Lokwan Wheat,0.46 q,"₹ 2,605.00","₹ 1,198.30",BRD-YTM
T026249,05/05/2024,F01141,delivery,Lokwan Wheat,8.77 q,"₹ 2,605.00","₹ 22,845.85",BRD-YTM
T026250,11/03/2024,F01141,D,Wheat (Durum),30.74 q,"₹ 2,605.00","₹ 80,077.70",BRD-YTM
T026251,09/01/2024,F01141,input,Seeds,236 kgs,₹ 81.78,"₹ 19,300.08",BRD-YTM
T026252,06/01/2024,F01141,input,Seeds,37 kg,₹ 128.70,"₹ 4,761.90",BRD-YTM
T026253,08/01/2024,F01141,Loan Repayment,EMI,,,"₹ 2,200.00",BRD-YTM
T026254,05/04/2024,F01147,FPO_DELIVERY,chana,14.3 qtl,"₹ 6,745.00","₹ 96,723.30",BRD-YTM
T026255,18/03/2024,F01147,D,GRAM (Chana),1.65 quintals,"₹ 6,745.00","₹ 11,129.25",BRD-YTM
T026256,06/03/2024,F01147,D,GRAM (Chana),4.54 quintals,"₹ 6,745.00","₹ 30,622.30",BRD-YTM
T026257,07/03/2024, F01147 ,D,Wheat,51.25 quintals,"₹ 2,815.00","₹ 1,44,268.75",BRD-YTM
T026258,16/12/2023,F01147,input,PPC,80 kgs,₹ 199.92,"₹ 15,993.60",BRD-YTM
T026259,05/01/2024,F01147,Input Purchase,FERTILIZER 50kg bag,79 kg,₹ 47.62,"₹ 3,761.98",BRD-YTM
T026260,25/12/2023,F01147,I,Seeds,244 kg,₹ 69.93,"₹ 17,062.92",BRD-YTM
T026261,07/01/2024,F01147,I,NPK 10:26:26,198 kg,₹ 34.60,"₹ 6,850.80",BRD-YTM
T026262,06/01/2024,F01147,INPUT_PURCHASE,Hybrid Seeds,242 kgs,₹ 61.28,"₹ 14,829.76",BRD-YTM
T026263,07/04/2024,F01151,delivery,GRAM (Chana),0.15 q,"₹ 6,715.00","₹ 1,007.25",BRD-YTM
T026264,09/03/2024,F01151,D,Bengal Gram,3.70 quintals,"₹ 6,715.00","₹ 24,845.50",BRD-YTM
T026265,11/12/2023,F01151,Input Purchase,DAP,294 kgs,₹ 47.92,"₹ 14,088.48",BRD-YTM
T026266,23/12/2023,f01151,input,NPK 10:26:26,153 kg,₹ 31.61,"₹ 4,836.33",BRD-YTM
T026267,10/01/2024,F01151,I,Urea,250 kg,₹ 44.95,"₹ 11,237.50",BRD-YTM
T026268,12/05/2024,F01152,delivery,GRAM (Chana),4.53 quintals,"₹ 7,425.00","₹ 33,635.25",BRD-YTM
T026269,01/03/2024,F01152,FPO_DELIVERY,chana,12.46 quintals,"₹ 7,425.00","₹ 92,515.50",BRD-YTM
T026270,18/04/2024,F01152,D,Bengal Gram,6.7 qtl,"₹ 7,425.00","₹ 49,673.25",BRD-YTM
T026271,02/01/2024,F01152,Input Purchase,DAP,195 kgs,₹ 54.27,"₹ 10,582.65",BRD-YTM
T026272,10/01/2024,F01152,Input Purchase,FERTILIZER 50kg bag,238 kgs,₹ 52.58,"₹ 12,514.04",BRD-YTM
T026273,14/05/2024,f01153,delivery,chana,7.08 q,"₹ 6,515.00","₹ 46,126.20",BRD-YTM
T026274,01/03/2024,F01153,D,Bengal Gram,9.63 q,"₹ 6,515.00","₹ 62,739.45",BRD-YTM
T026275,25/03/2024,F01153,Delivery,wheat,24.7 qtl,"₹ 2,725.00","₹ 67,253.00",BRD-YTM
T026276,29/04/2024,F01153,delivery,wheat,17.6 qtl,"₹ 2,725.00","₹ 47,823.75",BRD-YTM
T026277,28/12/2023,F01153,I,Urea,256 kg,₹ 29.02,"₹ 7,429.12",BRD-YTM
T026278,02/12/2023,F01153,Input Purchase,PP chemicals,283 kgs,₹ 294.34,"₹ 83,298.22",BRD-YTM
T026279,04/12/2023,F01153,I,Fertilizer,174 kg,₹ 37.78,"₹ 6,573.72",BRD-YTM
T027551,28/04/2024,F02225,FPO_DELIVERY,GRAM (Chana),1.82 quintals,"₹ 7,015.00","₹ 12,767.30",BRD-YTM
T027552,11/05/2024,f02225,Delivery,GRAM (Chana),20.3 qtl,"₹ 7,015.00","₹ 1,42,474.65",BRD-YTM
T027553,08/12/2023,F02225,INPUT_PURCHASE,Urea,182 kg,₹ 34.99,"₹ 6,368.18",BRD-YTM
T027567,16/04/2024,F02233,FPO_DELIVERY,chana,11.23 quintals,"₹ 7,465.00","₹ 83,831.95",BRD-YTM
T027604,04/05/2024,F02263,DELIVERY,chana,2.60 q,"₹ 7,020.00","₹ 18,252.00",BRD-YTM
T027605,14/03/2024,F02263,FPO_DELIVERY,Bengal Gram,10.83 q,"₹ 7,020.00","₹ 76,026.60",BRD-YTM
T027606,09/05/2024,F02263,loan,Loan Repayment,,,"₹ 6,700.00",BRD-YTM
T027607,16/04/2024,F02263,LOAN_REPAY,EMI,,,"₹ 4,400.00",BRD-YTM
T027611,04/04/2024,F02270,DELIVERY,chana,24.0 qtl,"₹ 6,730.00","₹ 1,61,721.90",BRD-YTM
T027612,04/12/2023,F02270,Input Purchase,Seeds,52 kgs,₹ 98.38,"₹ 5,115.76",BRD-YTM
T027613,24/12/2023,f02270,INPUT_PURCHASE,SEEDS,303 kgs,₹ 95.02,"₹ 28,791.06",BRD-YTM
T027635,07/04/2024,f02279,FPO_DELIVERY,Gram,3.63 q,"₹ 6,440.00","₹ 23,377.20",BRD-YTM
T027636,05/03/2024,F02279,Delivery,Gram,5.02 quintals,"₹ 6,440.00","₹ 32,328.80",BRD-YTM
T027637,11/05/2024, F02279 ,FPO_DELIVERY,Gram,7.2 qtl,"₹ 6,440.00","₹ 46,303.60",BRD-YTM
T027638,19/12/2023,F02279,FERT_PURCHASE,Fertilizer,156 kg,₹ 47.17,"₹ 7,358.52",BRD-YTM
T027669,24/03/2024,F02296,FPO_DELIVERY,Bengal Gram,11.4 qtl,"₹ 6,705.00","₹ 76,235.85",BRD-YTM
T027670,05/01/2024,F02296,I,SEEDS,25 kgs,₹ 98.67,"₹ 2,466.75",BRD-YTM
T027757,02/04/2024,F02368,FPO_DELIVERY,Gram,6.05 quintals,"₹ 6,505.00","₹ 39,355.25",BRD-YTM
T027758,14/04/2024,F02368,DELIVERY,Gram,4.20 quintals,"₹ 6,505.00","₹ 27,321.00",BRD-YTM
T027759,19/04/2024,f02368,DELIVERY,Gram,0.1 qtl,"₹ 6,505.00",₹ 780.60,BRD-YTM
T027760,05/12/2023, F02368 ,FERT_PURCHASE,Bio-pesticide,116 kgs,₹ 371.28,"₹ 43,068.48",BRD-YTM
T027761,04/12/2023,F02368,I,DAP,203 kg,₹ 37.47,"₹ 7,606.41",BRD-YTM
T027762,04/01/2024,F02368,Input Purchase,Urea,201 kgs,₹ 58.73,"₹ 11,804.73",BRD-YTM
T027763,11/01/2024,F02368,input,FERTILIZER 50kg bag,129 kg,₹ 36.24,"₹ 4,674.96",BRD-YTM
T027764,03/04/2024,F02368,loan,Loan Repayment,,,"₹ 3,200.00",BRD-YTM
T027775,13/05/2024,F02372,FPO_DELIVERY,chana,15.55 quintals,"₹ 6,805.00","₹ 1,05,817.75",BRD-YTM
T027776,02/01/2024,F02372,Input Purchase,DAP,35 kg,₹ 40.26,"₹ 1,409.10",BRD-YTM
T027777,10/01/2024,F02372,I,Bio-pesticide,42 kgs,₹ 603.61,"₹ 25,351.62",BRD-YTM
T027778,03/12/2023,F02372,Loan Repayment,EMI,,,"₹ 1,500.00",BRD-YTM
T027779,20/02/2024,F02372,L,EMI,,,"₹ 3,300.00",BRD-YTM
T027781,08/05/2024,F02382,FPO_DELIVERY,chana,10.09 q,"₹ 6,505.00","₹ 65,635.45",BRD-YTM
T027782,16/04/2024,F02382,Delivery,Gram,5.67 quintals,"₹ 6,505.00","₹ 36,883.35",BRD-YTM
T027783,05/12/2023,F02382,FERT_PURCHASE,Seeds,315 kgs,₹ 114.74,"₹ 36,143.10",BRD-YTM
T027784,29/12/2023,F02382,input,PP chemicals,210 kgs,₹ 315.92,"₹ 66,343.20",BRD-YTM
T027806,20/03/2024,F02397,Delivery,chana,6.62 quintals,"₹ 6,925.00","₹ 45,843.50",BRD-YTM
T027807,11/03/2024,F02397,D,Bengal Gram,0.59 quintals,"₹ 6,925.00","₹ 4,085.75",BRD-YTM
T027809,21/04/2024,F02407,D,GRAM (Chana),3.71 q,"₹ 6,905.00","₹ 25,617.55",BRD-YTM
T027810,09/01/2024,F02407,input,PPC,102 kg,₹ 552.75,"₹ 56,380.50",BRD-YTM
T027884,24/04/2024,F02454,FPO_DELIVERY,Bengal Gram,2.77 quintals,"₹ 6,825.00","₹ 18,905.25",BRD-YTM
T027885,09/03/2024,F02454,DELIVERY,GRAM (Chana),2.13 q,"₹ 6,825.00","₹ 14,537.25",BRD-YTM
T027894,26/03/2024,F02461,Delivery,Gram,22.94 quintals,"₹ 6,275.00","₹ 1,43,948.50",BRD-YTM
T027895,19/12/2023,F02461,input,FERTILIZER 50kg bag,139 kg,₹ 33.24,"₹ 4,620.36",BRD-YTM
T027935,13/03/2024,F02479,delivery,chana,8.22 q,"₹ 6,460.00","₹ 53,101.20",BRD-YTM
T027936,21/03/2024,F02479,DELIVERY,GRAM (Chana),2.50 quintals,"₹ 6,460.00","₹ 16,150.00",BRD-YTM
T027937,15/01/2024,F02479,FERT_PURCHASE,Urea,267 kg,₹ 49.75,"₹ 13,283.25",BRD-YTM
T027938,25/12/2023,F02479,I,FERTILIZER 50kg bag,197 kgs,₹ 50.77,"₹ 10,001.69",BRD-YTM
T027939,15/01/2024,F02479,INPUT_PURCHASE,Hybrid Seeds,229 kgs,₹ 68.35,"₹ 15,652.15",BRD-YTM
T027952,03/04/2024,F02486,DELIVERY,chana,24.31 q,"₹ 7,160.00","₹ 1,74,059.60",BRD-YTM
T027953,20/12/2023,F02486,Input Purchase,Fertilizer,153 kgs,₹ 58.57,"₹ 8,961.21",BRD-YTM
T027954,04/12/2023,F02486,INPUT_PURCHASE,SEEDS,165 kgs,₹ 114.19,"₹ 18,841.35",BRD-YTM
T027955,15/01/2024,F02486,I,NPK 10:26:26,162 kgs,₹ 53.75,"₹ 8,707.50",BRD-YTM
T027956,04/03/2024,F02486,L,Loan Repayment,,,"₹ 3,300.00",BRD-YTM
T027957,29/04/2024,F02486,LOAN_REPAY,Loan Repayment,,,"₹ 4,200.00",BRD-YTM
T027967,25/03/2024, F02489 ,delivery,chana,8.84 quintals,"₹ 6,795.00","₹ 60,067.80",BRD-YTM
T027968,20/03/2024,F02489,DELIVERY,GRAM (Chana),3.90 quintals,"₹ 6,795.00","₹ 26,500.50",BRD-YTM
T027969,20/04/2024,F02489,FPO_DELIVERY,Gram,3.34 quintals,"₹ 6,795.00","₹ 22,695.30",BRD-YTM
T027978,09/03/2024,F02497,DELIVERY,chana,1.6 qtl,"₹ 6,665.00","₹ 10,530.70",BRD-YTM
T027979,27/12/2023,F02497,Input Purchase,Urea,201 kgs,₹ 54.57,"₹ 10,968.57",BRD-YTM
T027984,19/03/2024,F02500,Delivery,chana,8.26 quintals,"₹ 6,570.00","₹ 54,268.20",BRD-YTM
T027985,04/12/2023,F02500,Input Purchase,Seeds,203 kg,₹ 81.27,"₹ 16,497.81",BRD-YTM
T028008,26/03/2024,F02508,Delivery,Bengal Gram,8.1 qtl,"₹ 7,355.00","₹ 59,869.70",BRD-YTM
T028009,24/03/2024,F02508,DELIVERY,Gram,0.18 quintals,"₹ 7,355.00","₹ 1,323.90",BRD-YTM
T028010,15/12/2023,F02508,I,NPK 10:26:26,53 kg,₹ 33.04,"₹ 1,751.12",BRD-YTM
T028011,12/12/2023,f02508,INPUT_PURCHASE,NPK 10:26:26,103 kgs,₹ 32.67,"₹ 3,365.01",BRD-YTM
T028012,29/12/2023, F02508 ,LOAN_REPAY,Loan Repayment,,,"₹ 6,500.00",BRD-YTM
T028021,12/03/2024,F02514,D,Bengal Gram,9.94 q,"₹ 6,545.00","₹ 65,057.30",BRD-YTM
T028022,18/03/2024,F02514,Delivery,Gram,1.11 quintals,"₹ 6,545.00","₹ 7,264.95",BRD-YTM
T028072,18/03/2024,F02540,FPO_DELIVERY,chana,11.3 qtl,"₹ 7,355.00","₹ 82,890.85",BRD-YTM
T028073,13/01/2024,F02540,FERT_PURCHASE,Seeds,240 kgs,₹ 84.08,"₹ 20,179.20",BRD-YTM
T028074,07/01/2024,f02540,input,Urea,277 kgs,₹ 47.87,"₹ 13,259.99",BRD-YTM
T028075,01/12/2023,F02540,INPUT_PURCHASE,DAP,200 kg,₹ 35.05,"₹ 7,010.00",BRD-YTM
T028107,19/03/2024,F02559,FPO_DELIVERY,Gram,44.45 quintals,"₹ 6,565.00","₹ 2,91,814.25",BRD-YTM
T028108,06/12/2023,F02559,FERT_PURCHASE,SEEDS,112 kgs,₹ 83.50,"₹ 9,352.00",BRD-YTM
T028165,22/03/2024,F02580,FPO_DELIVERY,GRAM (Chana),3.97 q,"₹ 6,830.00","₹ 27,115.10",BRD-YTM
T028166,06/05/2024,F02580,DELIVERY,chana,0.6 qtl,"₹ 6,830.00","₹ 4,098.00",BRD-YTM
T028167,02/05/2024,F02580,DELIVERY,chana,5.34 q,"₹ 6,830.00","₹ 36,472.20",BRD-YTM
T028168,11/12/2023,F02580,Input Purchase,NPK 10:26:26,106 kg,₹ 58.54,"₹ 6,205.24",BRD-YTM
T028169,15/01/2024,F02580,INPUT_PURCHASE,SEEDS,313 kg,₹ 87.97,"₹ 27,534.61",BRD-YTM
T028170,20/12/2023,F02580,FERT_PURCHASE,DAP,246 kg,₹ 55.75,"₹ 13,714.50",BRD-YTM
T028171,13/01/2024,F02580,input,PPC,101 kgs,₹ 524.69,"₹ 52,993.69",BRD-YTM
T028172,14/04/2024,f02580,Loan Repayment,Loan Repayment,,,"₹ 3,500.00",BRD-YTM
T028177,29/04/2024,F02582,FPO_DELIVERY,chana,10.50 quintals,"₹ 6,845.00","₹ 71,872.50",BRD-YTM
T028178,31/12/2023,F02582,input,NPK 10:26:26,243 kg,₹ 48.53,"₹ 11,792.79",BRD-YTM
T028189,19/03/2024,F02585,FPO_DELIVERY,Gram,10.51 quintals,"₹ 7,505.00","₹ 78,877.55",BRD-YTM
T028190,26/04/2024,F02585,Delivery,GRAM (Chana),3.64 q,"₹ 7,505.00","₹ 27,318.20",BRD-YTM
T028191,23/12/2023,F02585,FERT_PURCHASE,DAP,306 kgs,₹ 46.80,"₹ 14,320.80",BRD-YTM
T028195,28/03/2024,F02587,FPO_DELIVERY,chana,7.13 quintals,"₹ 6,520.00","₹ 46,487.60",BRD-YTM
T028196,05/05/2024,F02587,D,Bengal Gram,0.7 qtl,"₹ 6,520.00","₹ 4,303.20",BRD-YTM
T028197,07/04/2024,,D,GRAM (Chana),3.34 quintals,"₹ 6,520.00","₹ 21,776.80",BRD-YTM
T028198,20/12/2023, F02587 ,INPUT_PURCHASE,Bio-pesticide,266 kgs,₹ 693.19,"₹ 1,84,388.54",BRD-YTM
T028199,05/01/2024,F02587,input,PP chemicals,206 kg,₹ 493.17,"₹ 1,01,593.02",BRD-YTM
T028217,13/03/2024,F02593,D,Gram,2.67 quintals,"₹ 7,195.00","₹ 19,210.65",BRD-YTM
T028218,11/03/2024,F02593,delivery,GRAM (Chana),5.71 q,"₹ 7,195.00","₹ 41,083.45",BRD-YTM
T028219,04/12/2023,F02593,FERT_PURCHASE,SEEDS,266 kg,₹ 83.63,"₹ 22,245.58",BRD-YTM
T028223,30/04/2024,F02595,delivery,chana,1.7 qtl,"₹ 6,920.00","₹ 11,487.20",BRD-YTM
T028224,01/03/2024,F02595,FPO_DELIVERY,GRAM (Chana),5.7 qtl,"₹ 6,920.00","₹ 39,513.20",BRD-YTM
T028225,18/12/2023,F02595,loan,EMI,,,"₹ 6,200.00",BRD-YTM
T028253,30/03/2024,F02605,delivery,Bengal Gram,3.9 qtl,"₹ 6,875.00","₹ 26,675.00",BRD-YTM
T028254,32/01/2022,F02605,D,GRAM (Chana),6.1 qtl,"₹ 6,875.00","₹ 42,143.75",BRD-YTM
T028255,30/12/2023,F02605,INPUT_PURCHASE,SEEDS,34 kgs,₹ 110.04,"₹ 3,741.36",BRD-YTM
T028256,01/12/2023,F02605,input,Urea,58 kg,₹ 51.11,"₹ 2,964.38",BRD-YTM
T028271,17/10/2024,F01003,Delivery,Cotton Kapas,2.31 q,"₹ 9,640.00","₹ 22,268.40",BRD-YTM
T028272,01/10/2024,F01003,FPO_DELIVERY,Cotton,3.21 quintals,"₹ 9,640.00","₹ 30,944.40",BRD-YTM
T028273,10/10/2024, F01003 ,FPO_DELIVERY,soya,7.56 q,"₹ 6,185.00","₹ 46,758.60",BRD-YTM
T028274,03/06/2024,F01003,Input Purchase,DAP,97 kgs,₹ 55.44,"₹ 5,377.68",BRD-YTM
T028275,13/07/2024,F01003,input,Seeds,253 kg,₹ 78.29,"₹ 19,807.37",BRD-YTM
T028276,22/06/2024,F01003,input,Fertilizer,278 kgs,₹ 49.00,"₹ 13,622.00",BRD-YTM
T028277,06/07/2024,F01003,FERT_PURCHASE,Seeds,74 kg,₹ 110.51,"₹ 8,177.74",BRD-YTM
T028278,11/07/2024,f01003,I,Fertilizer,180 kgs,₹ 56.94,"₹ 10,249.20",BRD-YTM
T028279,05/11/2024,F01008,FPO_DELIVERY,Cotton,0.99 quintals,"₹ 8,990.00","₹ 8,900.10",BRD-YTM
T028280,30/11/2024,F01008,Delivery,COTTON (Kapas),1.67 q,"₹ 8,990.00","₹ 15,013.30",BRD-YTM
T028281,08/10/2024,F01008,delivery,Cotton Kapas,6.79 quintals,"₹ 8,990.00","₹ 61,042.10",BRD-YTM
T028282,21/11/2024,F01008,D,soya,9.22 q,"₹ 5,385.00","₹ 49,649.70",BRD-YTM
T028283,24/06/2024,F01008,INPUT_PURCHASE,Seeds,39 kg,₹ 90.97,"₹ 3,547.83",BRD-YTM
T028284,27/06/2024,F01008,FERT_PURCHASE,PPC,82 kgs,₹ 675.10,"₹ 55,358.20",BRD-YTM
T028285,02/06/2024,F01008,input,DAP,67 kg,₹ 29.46,"₹ 1,973.82",BRD-YTM
T028286,14/11/2024,f01009,Delivery,Cotton,6.89 quintals,"₹ 8,965.00","₹ 61,768.85",BRD-YTM
T028287,03/07/2024,F01009,FERT_PURCHASE,Urea,79 kg,₹ 35.09,"₹ 2,772.11",BRD-YTM
T028288,31/10/2024,F01013,Delivery,COTTON (Kapas),6.61 quintals,"₹ 9,670.00","₹ 63,918.70",BRD-YTM
T028289,02/11/2024,F01013,Delivery,kapas,3.52 quintals,"₹ 9,670.00","₹ 34,038.40",BRD-YTM
T028290,08/06/2024,F01013,INPUT_PURCHASE,Fertilizer,297 kg,₹ 59.77,"₹ 17,751.69",BRD-YTM
T028291,23/06/2024,F01013,FERT_PURCHASE,FERTILIZER 50kg bag,188 kg,₹ 48.19,"₹ 9,059.72",BRD-YTM
T028292,04/10/2024,F01020,delivery,Cotton Kapas,1.9 qtl,"₹ 9,000.00","₹ 17,100.00",BRD-YTM
T028293,14/10/2024,F01020,Delivery,COTTON (Kapas),0.34 quintals,"₹ 9,000.00","₹ 3,060.00",BRD-YTM
T028294,09/07/2024,F01020,FERT_PURCHASE,Seeds,129 kg,₹ 115.81,"₹ 14,939.49",BRD-YTM
T028295,15/07/2024,F01020,FERT_PURCHASE,SEEDS,191 kgs,₹ 102.44,"₹ 19,566.04",BRD-YTM
T028296,23/11/2024,F01021,DELIVERY,Cotton Kapas,5.82 q,"₹ 9,700.00","₹ 56,454.00",BRD-YTM
T028297,30/11/2024,F01021,D,COTTON (Kapas),7.90 q,"₹ 9,700.00","₹ 76,630.00",BRD-YTM
T028298,10/11/2024,F01021,D,Soybean (Yellow),14.94 quintals,"₹ 6,235.00","₹ 93,150.90",BRD-YTM
T028299,10/06/2024,F01021,FERT_PURCHASE,Hybrid Seeds,200 kg,₹ 107.31,"₹ 21,462.00",BRD-YTM
T028300,12/07/2024,F01021,FERT_PURCHASE,Fertilizer,182 kgs,₹ 38.52,"₹ 7,010.64",BRD-YTM
T028301,08/07/2024,F01021,FERT_PURCHASE,Fertilizer,33 kg,₹ 28.78,₹ 949.74,BRD-YTM
T028302,29/06/2024,F01021,Loan Repayment,Loan Repayment,,,"₹ 7,900.00",BRD-YTM
T028303,10/11/2024,F01021,LOAN_REPAY,Loan Repayment,,,"₹ 7,600.00",BRD-YTM
T028304,26/10/2024,F01023,FPO_DELIVERY,kapas,5.1 qtl,"₹ 8,895.00","₹ 45,275.55",BRD-YTM
T028305,18/11/2024,F01023,delivery,Cotton,5.34 q,"₹ 8,895.00","₹ 47,499.30",BRD-YTM
T028306,03/10/2024,F01029,D,COTTON (Kapas),9.4 qtl,"₹ 9,580.00","₹ 90,435.20",BRD-YTM
T028307,01/10/2024,F01035,D,Cotton,6.21 q,"₹ 8,975.00","₹ 55,734.75",BRD-YTM
T028308,12/11/2024,f01035,FPO_DELIVERY,SOYABEAN,6.96 q,"₹ 5,790.00","₹ 40,298.40",BRD-YTM
T028309,13/10/2024,F01036,DELIVERY,Cotton,0.7 qtl,"₹ 9,720.00","₹ 6,901.20",BRD-YTM
T028310,16/11/2024,F01036,Delivery,Cotton Kapas,3.42 q,"₹ 9,720.00","₹ 33,242.40",BRD-YTM
T028311,05/10/2024,F01036,FPO_DELIVERY,Soybean,1.8 qtl,"₹ 5,655.00","₹ 10,122.45",BRD-YTM
T028312,30/11/2024,F01036,delivery,Soybean (Yellow),0.65 q,"₹ 5,655.00","₹ 3,675.75",BRD-YTM
T028313,31/10/2024,F01036,DELIVERY,Soybean,3.34 q,"₹ 5,655.00","₹ 18,887.70",BRD-YTM
T028314,29/06/2024,F01036,input,DAP,269 kgs,₹ 33.03,"₹ 8,885.07",BRD-YTM
T028315,25/06/2024,F01036,FERT_PURCHASE,PP chemicals,30 kg,₹ 522.02,"₹ 15,660.60",BRD-YTM
T028316,19/11/2024,F01037,FPO_DELIVERY,Cotton Kapas,7.6 qtl,"₹ 9,515.00","₹ 72,314.00",BRD-YTM
T028317,13/11/2024,F01037,D,Soybean (Yellow),8.95 q,"₹ 6,090.00","₹ 54,505.50",BRD-YTM
T028318,17/10/2024,F01037,FPO_DELIVERY,soya,0.85 q,"₹ 6,090.00","₹ 5,176.50",BRD-YTM
T028319,15/06/2024,F01037,FERT_PURCHASE,Urea,177 kgs,₹ 47.45,"₹ 8,398.65",BRD-YTM
T028320,20/10/2024,F01044,DELIVERY,kapas,2.64 quintals,"₹ 9,070.00","₹ 23,944.80",BRD-YTM
T028321,29/11/2024,F01044,Delivery,kapas,14.08 quintals,"₹ 9,070.00","₹ 1,27,705.60",BRD-YTM
T028322,04/11/2024,F01044,delivery,soya,24.11 quintals,"₹ 6,460.00","₹ 1,55,750.60",BRD-YTM
T028323,10/07/2024,f01044,INPUT_PURCHASE,PPC,124 kgs,₹ 286.35,"₹ 35,507.40",BRD-YTM
T028324,02/07/2024,F01044,FERT_PURCHASE,Seeds,246 kgs,₹ 126.88,"₹ 31,212.48",BRD-YTM
T028325,02/07/2024,F01044,Input Purchase,DAP,213 kg,₹ 47.78,"₹ 10,177.14",BRD-YTM
T028326,09/10/2024,F01050,D,Cotton Kapas,5.6 qtl,"₹ 9,585.00","₹ 53,771.85",BRD-YTM
T028327,13/11/2024,F01050,FPO_DELIVERY,kapas,13.15 quintals,"₹ 9,585.00","₹ 1,26,042.75",BRD-YTM
T028328,15/11/2024,F01050,delivery,kapas,7.2 qtl,"₹ 9,585.00","₹ 68,532.75",BRD-YTM
T028329,07/06/2024,f01050,input,Hybrid Seeds,284 kg,₹ 87.71,"₹ 24,909.64",BRD-YTM
T028330,08/06/2024,F01050,I,PPC,63 kgs,₹ 667.49,"₹ 42,051.87",BRD-YTM
T028331,23/11/2024,F01051,FPO_DELIVERY,COTTON (Kapas),9.36 q,"₹ 9,570.00","₹ 89,575.20",BRD-YTM
T028332,03/06/2024,F01051,FERT_PURCHASE,Fertilizer,112 kgs,₹ 29.50,"₹ 3,304.00",BRD-YTM
T028333,14/07/2024,f01051,INPUT_PURCHASE,PP chemicals,37 kg,₹ 224.98,"₹ 8,324.26",BRD-YTM
T028334,25/06/2024,F01051,input,Hybrid Seeds,46 kg,₹ 82.49,"₹ 3,794.54",BRD-YTM
T028335,05/11/2024,F01064,FPO_DELIVERY,Cotton Kapas,27.66 q,"₹ 9,320.00","₹ 2,57,791.20",BRD-YTM
T028336,07/10/2024,F01064,D,Cotton Kapas,3.58 q,"₹ 9,320.00","₹ 33,365.60",BRD-YTM
T028337,09/06/2024,F01064,input,DAP,31 kg,₹ 35.91,"₹ 1,113.21",BRD-YTM
T028338,30/06/2024,F01064,I,NPK 10:26:26,302 kg,₹ 39.37,"₹ 11,889.74",BRD-YTM
T028339,02/07/2024,F01064,FERT_PURCHASE,NPK 10:26:26,76 kg,₹ 49.57,"₹ 3,767.32",BRD-YTM
T028340,02/10/2024,F01071,FPO_DELIVERY,Cotton Kapas,0.71 q,"₹ 8,585.00","₹ 6,095.35",BRD-YTM
T028341,06/10/2024,F01071,DELIVERY,kapas,7.3 qtl,"₹ 8,585.00","₹ 62,327.10",BRD-YTM
T028342,04/11/2024,F01071,D,soya,7.2 qtl,"₹ 5,780.00","₹ 41,789.40",BRD-YTM
T028343,29/11/2024,F01071,FPO_DELIVERY,Soybean,3.0 qtl,"₹ 5,780.00","₹ 17,108.80",BRD-YTM
T028344,16/06/2024, F01071 ,input,Seeds,102 kg,₹ 90.82,"₹ 9,263.64",BRD-YTM
T028345,11/06/2024,F01071,loan,EMI,,,"₹ 5,900.00",BRD-YTM
T028346,17/10/2024,f01079,delivery,Cotton Kapas,0.30 quintals,"₹ 10,035.00","₹ 3,010.50",BRD-YTM
T028347,29/10/2024,F01079,delivery,kapas,6.6 qtl,"₹ 10,035.00","₹ 66,231.00",BRD-YTM
T028348,03/10/2024,F01079,delivery,soya,7.39 q,"₹ 6,445.00","₹ 47,628.55",BRD-YTM
T028349,18/10/2024,F01081,Delivery,COTTON (Kapas),15.8 qtl,"₹ 9,205.00","₹ 1,45,162.85",BRD-YTM
T028350,01/09/2024,F01081,Loan Repayment,EMI,,,₹ 900.00,BRD-YTM
T028351,18/07/2024,F01081,loan,EMI,,,"₹ 4,500.00",BRD-YTM
T028352,13/09/2024,F01081,Loan Repayment,EMI,,,"₹ 6,000.00",BRD-YTM
T028353,14/11/2024,F01082,FPO_DELIVERY,kapas,3.80 q,"₹ 9,375.00","₹ 35,625.00",BRD-YTM
T028354,10/11/2024,F01082,Delivery,Cotton,6.1 qtl,"₹ 9,375.00","₹ 57,187.50",BRD-YTM
T028355,06/11/2024,F01092,FPO_DELIVERY,kapas,9.42 quintals,"₹ 8,985.00","₹ 84,638.70",BRD-YTM
T028356,26/11/2024,F01092,FPO_DELIVERY,SOYABEAN,10.4 qtl,"₹ 5,765.00","₹ 60,013.65",BRD-YTM
T028357,25/11/2024,F01092,FPO_DELIVERY,Soybean,1.09 quintals,"₹ 5,765.00","₹ 6,283.85",BRD-YTM
T028358,32/01/2022,F01092,FERT_PURCHASE,NPK 10:26:26,269 kgs,₹ 29.45,"₹ 7,922.05",BRD-YTM
T028359,27/06/2024,F01092,FERT_PURCHASE,PPC,267 kg,₹ 560.92,"₹ 1,49,765.64",BRD-YTM
T028360,03/10/2024,f01098,DELIVERY,kapas,2.0 qtl,"₹ 10,055.00","₹ 20,110.00",BRD-YTM
T028361,18/10/2024,F01098,D,COTTON (Kapas),4.71 q,"₹ 10,055.00","₹ 47,359.05",BRD-YTM
T028362,02/11/2024,F01098,DELIVERY,soya,3.40 quintals,"₹ 5,915.00","₹ 20,111.00",BRD-YTM
T028363,29/11/2024,F01098,D,Soybean,4.11 q,"₹ 5,915.00","₹ 24,310.65",BRD-YTM
T028364,16/06/2024,F01098,FERT_PURCHASE,Fertilizer,229 kgs,₹ 51.36,"₹ 11,761.44",BRD-YTM
T028365,13/09/2024,F01098,Loan Repayment,Loan Repayment,,,"₹ 7,600.00",BRD-YTM
T028366,24/08/2024,F01098,L,EMI,,,"₹ 1,800.00",BRD-YTM
T028367,01/08/2024, F01098 ,L,EMI,,,"₹ 6,300.00",BRD-YTM
T028368,23/10/2024,F01104,delivery,Cotton Kapas,29.06 q,"₹ 8,775.00","₹ 2,55,001.50",BRD-YTM
T028369,02/11/2024,f01104,delivery,kapas,0.76 q,"₹ 8,775.00","₹ 6,669.00",BRD-YTM
T028370,21/11/2024,F01104,DELIVERY,soya,35.85 q,"₹ 6,165.00","₹ 2,21,015.25",BRD-YTM
T028371,19/06/2024,f01104,INPUT_PURCHASE,Fertilizer,212 kgs,₹ 31.98,"₹ 6,779.76",BRD-YTM
T028372,14/07/2024,F01104,FERT_PURCHASE,Fertilizer,119 kg,₹ 50.76,"₹ 6,040.44",BRD-YTM
T028373,06/07/2024,F01104,INPUT_PURCHASE,Seeds,115 kgs,₹ 101.03,"₹ 11,618.45",BRD-YTM
T028374,20/09/2024,F01104,Loan Repayment,EMI,,,"₹ 7,400.00",BRD-YTM
T028375,30/08/2024,F01104,Loan Repayment,EMI,,,"₹ 4,200.00",BRD-YTM
T028376,24/11/2024,F01105,delivery,Cotton Kapas,22.17 q,"₹ 9,575.00","₹ 2,12,277.75",BRD-YTM
T028377,12/10/2024,F01105,Delivery,SOYABEAN,29.31 quintals,"₹ 5,880.00","₹ 1,72,342.80",BRD-YTM
T028378,01/06/2024,F01105,FERT_PURCHASE,Seeds,264 kgs,₹ 124.97,"₹ 32,992.08",BRD-YTM
T028379,22/11/2024, F01107 ,delivery,COTTON (Kapas),9.0 qtl,"₹ 9,495.00","₹ 85,265.10",BRD-YTM
T028380,19/11/2024,f01107,delivery,Cotton Kapas,8.49 quintals,"₹ 9,495.00","₹ 80,612.55",BRD-YTM
T028381,21/10/2024,f01107,DELIVERY,Soybean (Yellow),6.49 q,"₹ 5,985.00","₹ 38,842.65",BRD-YTM
T028382,11/11/2024,F01107,D,Soybean,13.12 q,"₹ 5,985.00","₹ 78,523.20",BRD-YTM
T028383,13/07/2024,F01107,input,Hybrid Seeds,284 kgs,₹ 78.19,"₹ 22,205.96",BRD-YTM
T028384,02/07/2024,F01107,I,SEEDS,89 kgs,₹ 90.07,"₹ 8,016.23",BRD-YTM
T028385,21/09/2024,F01107,L,Loan Repayment,,,"₹ 6,400.00",BRD-YTM
T028386,15/10/2024,f01110,D,Cotton,16.5 qtl,"₹ 10,115.00","₹ 1,66,897.50",BRD-YTM
T028387,17/06/2024,F01110,Input Purchase,FERTILIZER 50kg bag,313 kgs,₹ 42.34,"₹ 13,252.42",BRD-YTM
T028388,30/06/2024,F01110,I,PP chemicals,175 kg,₹ 617.60,"₹ 1,08,080.00",BRD-YTM
T028389,11/07/2024,F01110,I,SEEDS,54 kg,₹ 65.89,"₹ 3,558.06",BRD-YTM
T028390,02/11/2024,F01111,D,COTTON (Kapas),16.5 qtl,"₹ 8,695.00","₹ 1,43,554.45",BRD-YTM
T028391,19/07/2024,f01111,Loan Repayment,Loan Repayment,,,"₹ 4,500.00",BRD-YTM
T028392,15/08/2024,F01111,LOAN_REPAY,Loan Repayment,,,"₹ 1,100.00",BRD-YTM
T028393,05/11/2024,F01112,FPO_DELIVERY,Cotton Kapas,23.37 quintals,"₹ 9,920.00","₹ 2,31,830.40",BRD-YTM
T028394,05/07/2024,F01112,I,DAP,256 kg,₹ 55.24,"₹ 14,141.44",BRD-YTM
T028395,23/06/2024,F01112,FERT_PURCHASE,Hybrid Seeds,88 kg,₹ 71.94,"₹ 6,330.72",BRD-YTM
T028396,09/07/2024,f01112,input,NPK 10:26:26,279 kg,₹ 38.37,"₹ 10,705.23",BRD-YTM
T028397,05/06/2024,f01112,INPUT_PURCHASE,SEEDS,73 kgs,₹ 129.03,"₹ 9,419.19",BRD-YTM
T028398,06/11/2024,f01114,Delivery,Cotton Kapas,6.86 quintals,"₹ 9,705.00","₹ 66,576.30",BRD-YTM
T028399,08/10/2024,F01114,FPO_DELIVERY,COTTON (Kapas),2.78 quintals,"₹ 9,705.00","₹ 26,979.90",BRD-YTM
T028400,14/11/2024,F01116,FPO_DELIVERY,Cotton Kapas,0.94 quintals,"₹ 9,485.00","₹ 8,915.90",BRD-YTM
T028401,15/10/2024,F01116,DELIVERY,Cotton,4.6 qtl,"₹ 9,485.00","₹ 43,441.30",BRD-YTM
T028402,26/10/2024,F01116,D,Cotton Kapas,5.85 q,"₹ 9,485.00","₹ 55,487.25",BRD-YTM
T028403,15/06/2024,f01116,INPUT_PURCHASE,SEEDS,90 kgs,₹ 57.93,"₹ 5,213.70",BRD-YTM
T028404,22/10/2024,F01120,Delivery,Cotton,10.25 quintals,"₹ 9,660.00","₹ 99,015.00",BRD-YTM
T028405,22/10/2024,f01120,D,Cotton Kapas,7.4 qtl,"₹ 9,660.00","₹ 71,290.80",BRD-YTM
T028406,09/11/2024,F01120,DELIVERY,Soybean (Yellow),19.66 q,"₹ 6,550.00","₹ 1,28,773.00",BRD-YTM
T028407,10/11/2024,f01120,FPO_DELIVERY,Soybean,3.7 qtl,"₹ 6,550.00","₹ 23,973.00",BRD-YTM
T028408,06/06/2024,F01120,INPUT_PURCHASE,DAP,217 kgs,₹ 47.53,"₹ 10,314.01",BRD-YTM
T028409,13/06/2024,f01120,input,Hybrid Seeds,246 kg,₹ 58.60,"₹ 14,415.60",BRD-YTM
T028410,12/10/2024,F01121,delivery,Cotton,3.8 qtl,"₹ 8,685.00","₹ 33,263.55",BRD-YTM
T028411,08/10/2024,F01121,Delivery,Cotton,1.0 qtl,"₹ 8,685.00","₹ 8,337.60",BRD-YTM
T028412,06/11/2024,F01121,FPO_DELIVERY,Soybean,1.54 quintals,"₹ 6,290.00","₹ 9,686.60",BRD-YTM
T028413,15/11/2024,F01121,D,soya,3.92 q,"₹ 6,290.00","₹ 24,656.80",BRD-YTM
T028414,02/06/2024,F01121,input,PPC,319 kgs,₹ 567.02,"₹ 1,80,879.38",BRD-YTM
T028415,31/10/2024,F01122,D,kapas,2.96 q,"₹ 9,515.00","₹ 28,164.40",BRD-YTM
T028416,20/11/2024,F01122,delivery,SOYABEAN,2.80 quintals,"₹ 6,105.00","₹ 17,094.00",BRD-YTM
T028417,28/11/2024,F01122,FPO_DELIVERY,Soybean,1.41 quintals,"₹ 6,105.00","₹ 8,608.05",BRD-YTM
T028418,15/07/2024,F01122,INPUT_PURCHASE,FERTILIZER 50kg bag,307 kg,₹ 59.73,"₹ 18,337.11",BRD-YTM
T028419,19/06/2024,F01122,Input Purchase,PPC,127 kg,₹ 579.68,"₹ 73,619.36",BRD-YTM
T028420,20/11/2024,F01131,FPO_DELIVERY,Cotton Kapas,12.54 quintals,"₹ 9,630.00","₹ 1,20,760.20",BRD-YTM
T028421,13/11/2024,F01131,Delivery,soya,9.3 qtl,"₹ 5,705.00","₹ 53,227.65",BRD-YTM
T028422,30/11/2024,F01131,FPO_DELIVERY,soya,5.94 q,"₹ 5,705.00","₹ 33,887.70",BRD-YTM
T028423,01/07/2024,F01131,Input Purchase,NPK 10:26:26,203 kg,₹ 28.24,"₹ 5,732.72",BRD-YTM
T028424,03/07/2024,F01131,INPUT_PURCHASE,Urea,241 kg,₹ 57.36,"₹ 13,823.76",BRD-YTM
T028425,23/10/2024,F01133,DELIVERY,kapas,2.94 quintals,"₹ 9,080.00","₹ 26,695.20",BRD-YTM
T028426,01/10/2024,F01133,FPO_DELIVERY,kapas,0.79 q,"₹ 9,080.00","₹ 7,173.20",BRD-YTM
T028427,14/11/2024,F01133,D,Soybean (Yellow),3.39 quintals,"₹ 6,115.00","₹ 20,729.85",BRD-YTM
T028428,05/11/2024, F01133 ,D,Soybean,1.90 q,"₹ 6,115.00","₹ 11,618.50",BRD-YTM
T028429,06/06/2024,F01133,Input Purchase,Fertilizer,127 kgs,₹ 50.20,"₹ 6,375.40",BRD-YTM
T028430,06/11/2024,f01133,LOAN_REPAY,Loan Repayment,,,"₹ 6,100.00",BRD-YTM
T028431,11/08/2024,f01133,Loan Repayment,Loan Repayment,,,"₹ 3,600.00",BRD-YTM
T028432,28/08/2024,F01133,Loan Repayment,Loan Repayment,,,"₹ 6,600.00",BRD-YTM
T028433,05/11/2024,F01139,D,kapas,5.66 quintals,"₹ 9,575.00","₹ 54,194.50",BRD-YTM
T028434,28/11/2024,F01139,delivery,Cotton,2.4 qtl,"₹ 9,575.00","₹ 23,171.50",BRD-YTM
T028435,24/06/2024,F01139,FERT_PURCHASE,FERTILIZER 50kg bag,222 kg,₹ 55.69,"₹ 12,363.18",BRD-YTM
T028436,04/11/2024,F01139,LOAN_REPAY,EMI,,,"₹ 5,300.00",BRD-YTM
T028437,11/10/2024,F01139,loan,Loan Repayment,,,"₹ 4,400.00",BRD-YTM
T028438,08/10/2024,f01141,DELIVERY,Cotton Kapas,8.44 q,"₹ 8,755.00","₹ 73,892.20",BRD-YTM
T028439,14/10/2024,F01141,DELIVERY,Cotton,9.8 qtl,"₹ 8,755.00","₹ 85,711.45",BRD-YTM
T028440,12/06/2024,F01141,input,FERTILIZER 50kg bag,229 kg,₹ 45.41,"₹ 10,398.89",BRD-YTM
T028441,03/06/2024,F01141,L,Loan Repayment,,,"₹ 7,600.00",BRD-YTM
T028442,02/11/2024,F01147,DELIVERY,Cotton,19.42 quintals,"₹ 9,530.00","₹ 1,85,072.60",BRD-YTM
T028443,27/11/2024,F01147,DELIVERY,Cotton Kapas,3.65 q,"₹ 9,530.00","₹ 34,784.50",BRD-YTM
T028444,03/11/2024,F01147,Delivery,soya,25.84 q,"₹ 6,300.00","₹ 1,62,792.00",BRD-YTM
T028445,14/06/2024,F01147,INPUT_PURCHASE,Seeds,252 kg,₹ 120.44,"₹ 30,350.88",BRD-YTM
T028446,01/11/2024,F01151,Delivery,Cotton Kapas,0.1 qtl,"₹ 9,465.00",₹ 851.85,BRD-YTM
T028447,10/11/2024, F01151 ,D,COTTON (Kapas),4.1 qtl,"₹ 9,465.00","₹ 38,806.50",BRD-YTM
T028448,13/10/2024,F01151,DELIVERY,Soybean (Yellow),5.6 qtl,"₹ 5,910.00","₹ 33,096.00",BRD-YTM
T028449,23/06/2024,F01151,Input Purchase,Seeds,210 kgs,₹ 50.26,"₹ 10,554.60",BRD-YTM
T028450,05/07/2024,f01151,INPUT_PURCHASE,Fertilizer,294 kg,₹ 59.55,"₹ 17,507.70",BRD-YTM
T028451,11/06/2024,F01151,FERT_PURCHASE,FERTILIZER 50kg bag,150 kgs,₹ 33.01,"₹ 4,951.50",BRD-YTM
T028452,26/11/2024,F01152,delivery,COTTON (Kapas),0.32 q,"₹ 9,190.00","₹ 2,940.80",BRD-YTM
T028453,06/10/2024,F01152,FPO_DELIVERY,Cotton,23.0 qtl,"₹ 9,190.00","₹ 2,11,002.40",BRD-YTM
T028454,12/07/2024, F01152 ,Input Purchase,Fertilizer,179 kg,₹ 32.70,"₹ 5,853.30",BRD-YTM
T028455,16/06/2024,F01152,I,PP chemicals,148 kgs,₹ 389.68,"₹ 57,672.64",BRD-YTM
T028456,19/10/2024,F01153,delivery,COTTON (Kapas),15.30 q,"₹ 9,325.00","₹ 1,42,672.50",BRD-YTM
T028457,14/07/2024,F01153,I,NPK 10:26:26,216 kgs,₹ 55.21,"₹ 11,925.36",BRD-YTM
T028458,03/07/2024,F01153,Input Purchase,PPC,36 kg,₹ 688.33,"₹ 24,779.88",BRD-YTM
T029575,13/11/2024,F02225,delivery,Cotton,19.83 q,"₹ 9,370.00","₹ 1,85,807.10",BRD-YTM
T029576,01/06/2024,F02225,I,Urea,111 kg,₹ 38.91,"₹ 4,319.01",BRD-YTM
T029577,14/06/2024,F02225,input,PPC,54 kgs,₹ 549.31,"₹ 29,662.74",BRD-YTM
T029591,23/11/2024,F02233,delivery,Cotton Kapas,12.84 q,"₹ 9,040.00","₹ 1,16,073.60",BRD-YTM
T029592,03/07/2024,f02233,FERT_PURCHASE,FERTILIZER 50kg bag,101 kgs,₹ 56.56,"₹ 5,712.56",BRD-YTM
T029593,21/06/2024,F02233,INPUT_PURCHASE,DAP,122 kg,₹ 29.85,"₹ 3,641.70",BRD-YTM
T029632,15/10/2024,F02263,D,kapas,13.01 quintals,"₹ 9,245.00","₹ 1,20,277.45",BRD-YTM
T029633,08/07/2024,F02263,INPUT_PURCHASE,Hybrid Seeds,103 kg,₹ 55.73,"₹ 5,740.19",BRD-YTM
T029634,13/06/2024,F02263,I,SEEDS,218 kgs,₹ 57.63,"₹ 12,563.34",BRD-YTM
T029635,27/11/2024, F02263 ,loan,EMI,,,"₹ 3,100.00",BRD-YTM
T029640,10/11/2024, F02270 ,Delivery,Cotton Kapas,10.9 qtl,"₹ 10,030.00","₹ 1,09,327.00",BRD-YTM
T029641,10/10/2024,f02270,D,kapas,7.8 qtl,"₹ 10,030.00","₹ 77,933.10",BRD-YTM
T029642,10/11/2024,F02270,FPO_DELIVERY,kapas,7.0 qtl,"₹ 10,030.00","₹ 70,510.90",BRD-YTM
T029643,27/06/2024,F02270,FERT_PURCHASE,FERTILIZER 50kg bag,57 kg,₹ 39.20,"₹ 2,234.40",BRD-YTM
T029644,30/06/2024,F02270,FERT_PURCHASE,FERTILIZER 50kg bag,235 kgs,₹ 35.83,"₹ 8,420.05",BRD-YTM
T029645,01/06/2024,F02270,Input Purchase,SEEDS,207 kg,₹ 58.65,"₹ 12,140.55",BRD-YTM
T029663,20/10/2024,f02279,DELIVERY,kapas,9.02 q,"₹ 9,500.00","₹ 85,690.00",BRD-YTM
T029664,19/10/2024,F02279,delivery,Cotton,3.99 quintals,"₹ 9,500.00","₹ 37,905.00",BRD-YTM
T029665,10/06/2024,f02279,INPUT_PURCHASE,Seeds,165 kg,₹ 53.73,"₹ 8,865.45",BRD-YTM
T029666,12/07/2024,F02279,Input Purchase,Fertilizer,137 kgs,₹ 37.05,"₹ 5,075.85",BRD-YTM
T029667,13/07/2024,F02279,Input Purchase,SEEDS,87 kgs,₹ 126.68,"₹ 11,021.16",BRD-YTM
T029690,09/11/2024,f02296,delivery,Cotton,10.8 qtl,"₹ 10,030.00","₹ 1,08,725.20",BRD-YTM
T029691,22/11/2024,F02296,FPO_DELIVERY,Cotton,2.88 quintals,"₹ 10,030.00","₹ 28,886.40",BRD-YTM
T029692,25/06/2024,F02296,Input Purchase,Urea,293 kg,₹ 47.70,"₹ 13,976.10",BRD-YTM
T029693,02/07/2024,F02296,FERT_PURCHASE,DAP,115 kg,₹ 53.94,"₹ 6,203.10",BRD-YTM
T029694,13/06/2024,F02296,FERT_PURCHASE,DAP,266 kgs,₹ 57.94,"₹ 15,412.04",BRD-YTM
T029789,09/10/2024,F02368,DELIVERY,kapas,13.87 q,"₹ 8,995.00","₹ 1,24,760.65",BRD-YTM
T029790,02/07/2024,F02368,INPUT_PURCHASE,FERTILIZER 50kg bag,146 kgs,₹ 45.52,"₹ 6,645.92",BRD-YTM
T029791,03/06/2024, F02368 ,I,Seeds,75 kgs,₹ 90.12,"₹ 6,759.00",BRD-YTM
T029795,22/11/2024,F02372,DELIVERY,Cotton Kapas,5.41 quintals,"₹ 9,870.00","₹ 53,396.70",BRD-YTM
T029796,01/10/2024,F02372,D,COTTON (Kapas),11.59 quintals,"₹ 9,870.00","₹ 1,14,393.30",BRD-YTM
T029797,08/07/2024,F02372,Input Purchase,Seeds,86 kgs,₹ 45.60,"₹ 3,921.60",BRD-YTM
T029798,15/10/2024,F02372,LOAN_REPAY,Loan Repayment,,,"₹ 7,300.00",BRD-YTM
T029799,14/11/2024,F02372,Loan Repayment,Loan Repayment,,,"₹ 2,400.00",BRD-YTM
T029803,12/10/2024,F02382,DELIVERY,Cotton Kapas,14.21 q,"₹ 8,850.00","₹ 1,25,758.50",BRD-YTM
T029804,07/06/2024,F02382,I,Hybrid Seeds,180 kg,₹ 78.56,"₹ 14,140.80",BRD-YTM
T029822,25/11/2024,F02397,D,COTTON (Kapas),7.47 quintals,"₹ 9,180.00","₹ 68,574.60",BRD-YTM
T029881,28/10/2024,F02454,D,Cotton Kapas,4.70 q,"₹ 8,625.00","₹ 40,537.50",BRD-YTM
T029882,05/06/2024,F02454,INPUT_PURCHASE,PPC,39 kg,₹ 663.87,"₹ 25,890.93",BRD-YTM
T029883,13/06/2024,F02454,I,DAP,187 kgs,₹ 57.52,"₹ 10,756.24",BRD-YTM
T029884,06/06/2024,F02454,FERT_PURCHASE,DAP,313 kgs,₹ 58.93,"₹ 18,445.09",BRD-YTM
T029892,31/10/2024,F02461,delivery,Cotton Kapas,15.2 qtl,"₹ 9,075.00","₹ 1,38,030.75",BRD-YTM
T029893,27/11/2024,F02461,DELIVERY,COTTON (Kapas),4.26 quintals,"₹ 9,075.00","₹ 38,659.50",BRD-YTM
T029894,06/10/2024,F02461,delivery,COTTON (Kapas),0.74 q,"₹ 9,075.00","₹ 6,715.50",BRD-YTM
T029895,30/06/2024,F02461,FERT_PURCHASE,DAP,164 kg,₹ 32.63,"₹ 5,351.32",BRD-YTM
T029942,09/11/2024,f02479,delivery,kapas,0.63 quintals,"₹ 9,545.00","₹ 6,013.35",BRD-YTM
T029943,25/11/2024,f02479,D,Cotton,9.52 quintals,"₹ 9,545.00","₹ 90,868.40",BRD-YTM
T029957,14/11/2024,F02486,FPO_DELIVERY,kapas,18.88 quintals,"₹ 8,955.00","₹ 1,69,070.40",BRD-YTM
T029958,02/11/2024,F02486,DELIVERY,kapas,7.47 quintals,"₹ 8,955.00","₹ 66,893.85",BRD-YTM
T029959,15/06/2024,F02486,Input Purchase,Fertilizer,205 kgs,₹ 30.59,"₹ 6,270.95",BRD-YTM
T029960,22/08/2024,F02486,LOAN_REPAY,Loan Repayment,,,"₹ 3,600.00",BRD-YTM
T029963,13/11/2024,F02489,delivery,COTTON (Kapas),1.22 quintals,"₹ 9,545.00","₹ 11,644.90",BRD-YTM
T029964,23/11/2024, F02489 ,FPO_DELIVERY,COTTON (Kapas),15.0 qtl,"₹ 9,545.00","₹ 1,42,984.10",BRD-YTM
T029998,14/10/2024,F02508,Delivery,Cotton Kapas,0.34 q,"₹ 10,175.00","₹ 3,459.50",BRD-YTM
T029999,03/10/2024,F02508,delivery,Cotton,8.00 quintals,"₹ 10,175.00","₹ 81,400.00",BRD-YTM
T030000,04/06/2024,F02508,INPUT_PURCHASE,SEEDS,79 kgs,₹ 60.47,"₹ 4,777.13",BRD-YTM
T030006,07/11/2024,F02514,D,kapas,4.4 qtl,"₹ 9,075.00","₹ 40,111.50",BRD-YTM
T030007,31/10/2024,F02514,DELIVERY,COTTON (Kapas),6.6 qtl,"₹ 9,075.00","₹ 60,167.25",BRD-YTM
T030061,16/10/2024,F02540,FPO_DELIVERY,kapas,11.41 quintals,"₹ 9,840.00","₹ 1,12,274.40",BRD-YTM
T030062,01/07/2024,f02540,INPUT_PURCHASE,Fertilizer,236 kgs,₹ 38.88,"₹ 9,175.68",BRD-YTM
T030063,20/06/2024,F02540,input,Seeds,39 kg,₹ 101.96,"₹ 3,976.44",BRD-YTM
T030089,26/11/2024,F02559,Delivery,Cotton Kapas,2.69 quintals,"₹ 9,520.00","₹ 25,608.80",BRD-YTM
T030090,30/10/2024,F02559,delivery,COTTON (Kapas),42.2 qtl,"₹ 9,520.00","₹ 4,01,553.60",BRD-YTM
T030091,03/06/2024,f02559,FERT_PURCHASE,Hybrid Seeds,189 kg,₹ 54.57,"₹ 10,313.73",BRD-YTM
T030092,27/06/2024,F02559,Input Purchase,FERTILIZER 50kg bag,65 kg,₹ 54.85,"₹ 3,565.25",BRD-YTM
T030135,02/11/2024,F02580,DELIVERY,Cotton Kapas,4.8 qtl,"₹ 8,815.00","₹ 42,576.45",BRD-YTM
T030136,26/11/2024,f02580,delivery,kapas,3.9 qtl,"₹ 8,815.00","₹ 34,114.05",BRD-YTM
T030137,29/06/2024,F02580,input,Seeds,304 kg,₹ 97.57,"₹ 29,661.28",BRD-YTM
T030138,06/09/2024,F02580,LOAN_REPAY,EMI,,,"₹ 6,400.00",BRD-YTM
T030139,30/07/2024,F02580,L,EMI,,,"₹ 2,900.00",BRD-YTM
T030140,26/07/2024,F02580,loan,Loan Repayment,,,"₹ 6,600.00",BRD-YTM
T030141,23/11/2024,f02582,delivery,Cotton,6.31 q,"₹ 9,425.00","₹ 59,471.75",BRD-YTM
T030142,06/11/2024,F02582,delivery,kapas,5.31 q,"₹ 9,425.00","₹ 50,046.75",BRD-YTM
T030143,19/06/2024,F02582,FERT_PURCHASE,FERTILIZER 50kg bag,150 kgs,₹ 42.89,"₹ 6,433.50",BRD-YTM
T030151,02/11/2024,F02585,D,kapas,10.72 q,"₹ 9,700.00","₹ 1,03,984.00",BRD-YTM
T030152,18/06/2024,F02585,FERT_PURCHASE,DAP,312 kg,₹ 38.13,"₹ 11,896.56",BRD-YTM
T030153,14/06/2024,F02585,Input Purchase,PP chemicals,137 kg,₹ 439.55,"₹ 60,218.35",BRD-YTM
T030154,15/08/2024,F02585,Loan Repayment,EMI,,,"₹ 5,400.00",BRD-YTM
T030155,03/06/2024,F02585,loan,EMI,,,"₹ 4,100.00",BRD-YTM
T030156,11/11/2024,F02585,Loan Repayment,EMI,,,"₹ 3,300.00",BRD-YTM
T030157,27/11/2024,F02587,FPO_DELIVERY,Cotton Kapas,12.12 quintals,"₹ 9,470.00","₹ 1,14,776.40",BRD-YTM
T030180,28/11/2024,F02593,FPO_DELIVERY,kapas,8.2 qtl,"₹ 8,850.00","₹ 72,393.00",BRD-YTM
T030181,05/07/2024,F02593,FERT_PURCHASE,FERTILIZER 50kg bag,127 kgs,₹ 54.59,"₹ 6,932.93",BRD-YTM
T030182,26/11/2024,F02595,DELIVERY,kapas,6.90 q,"₹ 9,335.00","₹ 64,411.50",BRD-YTM
T030193,15/11/2024,F02605,DELIVERY,Cotton Kapas,6.9 qtl,"₹ 8,740.00","₹ 60,568.20",BRD-YTM
T030194,08/11/2024,F02605,D,Cotton,2.4 qtl,"₹ 8,740.00","₹ 20,539.00",BRD-YTM
T030195,05/06/2024,F02605,input,PP chemicals,236 kgs,₹ 544.67,"₹ 1,28,542.12",BRD-YTM
T030268,16/11/2024,F02624,delivery,Cotton Kapas,6.21 quintals,"₹ 9,320.00","₹ 57,877.20",BRD-YTM
T030295,23/10/2024,F02633,Delivery,kapas,9.43 q,"₹ 9,565.00","₹ 90,197.95",BRD-YTM
T030296,29/06/2024,F02633,FERT_PURCHASE,FERTILIZER 50kg bag,291 kgs,₹ 44.03,"₹ 12,812.73",BRD-YTM
T030297,17/06/2024,F02633,I,Urea,223 kgs,₹ 33.76,"₹ 7,528.48",BRD-YTM
T030298,08/06/2024,F02633,Input Purchase,PPC,63 kg,₹ 480.64,"₹ 30,280.32",BRD-YTM
T030299,11/06/2024,F02633,INPUT_PURCHASE,Seeds,159 kgs,₹ 70.70,"₹ 11,241.30",BRD-YTM
T030311,15/11/2024, F02636 ,delivery,COTTON (Kapas),6.20 q,"₹ 9,045.00","₹ 56,079.00",BRD-YTM
T030312,28/06/2024,f02636,Input Purchase,Hybrid Seeds,310 kg,₹ 107.56,"₹ 33,343.60",BRD-YTM
T030313,06/11/2024,F02637,D,COTTON (Kapas),11.59 q,"₹ 8,860.00","₹ 1,02,687.40",BRD-YTM
T030314,04/11/2024,f02637,Delivery,Cotton,1.4 qtl,"₹ 8,860.00","₹ 12,404.00",BRD-YTM
T030315,02/10/2024,F02637,FPO_DELIVERY,Cotton,0.09 quintals,"₹ 8,860.00",₹ 797.40,BRD-YTM
T030316,16/06/2024,F02637,INPUT_PURCHASE,SEEDS,305 kg,₹ 76.49,"₹ 23,329.45",BRD-YTM
T030317,05/06/2024,F02637,Input Purchase,Hybrid Seeds,164 kg,₹ 51.61,"₹ 8,464.04",BRD-YTM
T030332,16/10/2024,F02641,delivery,COTTON (Kapas),10.70 q,"₹ 9,295.00","₹ 99,456.50",BRD-YTM
T030333,25/11/2024,F02641,FPO_DELIVERY,kapas,9.4 qtl,"₹ 9,295.00","₹ 87,837.75",BRD-YTM
T030334,22/06/2024,F02641,FERT_PURCHASE,Seeds,36 kg,₹ 96.60,"₹ 3,477.60",BRD-YTM
T030335,21/06/2024,f02641,INPUT_PURCHASE,DAP,90 kg,₹ 46.36,"₹ 4,172.40",BRD-YTM
T030336,10/06/2024,F02641,input,Urea,178 kg,₹ 41.93,"₹ 7,463.54",BRD-YTM
T030337,29/11/2024,F02641,L,Loan Repayment,,,"₹ 5,500.00",BRD-YTM
T030348,05/11/2024,F02645,FPO_DELIVERY,kapas,21.6 qtl,"₹ 10,620.00","₹ 2,29,816.80",BRD-YTM
T030349,19/06/2024, F02645 ,input,NPK 10:26:26,71 kgs,₹ 51.05,"₹ 3,624.55",BRD-YTM
T030350,24/06/2024,F02645,Input Purchase,Hybrid Seeds,186 kgs,₹ 123.68,"₹ 23,004.48",BRD-YTM
T030388,24/03/2025,F01003,D,GRAM (Chana),5.4 qtl,"₹ 7,355.00","₹ 39,717.00",BRD-YTM
T030389,18/12/2024,F01003,Input Purchase,Hybrid Seeds,313 kgs,₹ 69.37,"₹ 21,712.81",BRD-YTM
T030390,24/12/2024,F01003,FERT_PURCHASE,DAP,204 kgs,₹ 43.38,"₹ 8,849.52",BRD-YTM
T030391,28/12/2024,f01003,INPUT_PURCHASE,FERTILIZER 50kg bag,240 kg,₹ 52.95,"₹ 12,708.00",BRD-YTM
T030392,09/01/2025,F01003,FERT_PURCHASE,PP chemicals,112 kg,₹ 264.96,"₹ 29,675.52",BRD-YTM
T030393,17/04/2025,F01008,D,chana,7.10 quintals,"₹ 7,215.00","₹ 51,226.50",BRD-YTM
T030394,28/12/2024,F01008,input,NPK 10:26:26,167 kg,₹ 54.23,"₹ 9,056.41",BRD-YTM
T030395,22/12/2024,F01008,INPUT_PURCHASE,FERTILIZER 50kg bag,134 kgs,₹ 50.26,"₹ 6,734.84",BRD-YTM
T030396,08/12/2024,f01008,input,Fertilizer,274 kgs,₹ 59.02,"₹ 16,171.48",BRD-YTM
T030397,26/04/2025,F01009,delivery,Bengal Gram,0.6 qtl,"₹ 7,145.00","₹ 4,501.35",BRD-YTM
T030398,02/03/2025,F01009,delivery,Bengal Gram,0.73 q,"₹ 7,145.00","₹ 5,215.85",BRD-YTM
T030399,06/05/2025,f01009,delivery,chana,1.52 quintals,"₹ 7,145.00","₹ 10,860.40",BRD-YTM
T030400,11/02/2025,F01009,LOAN_REPAY,EMI,,,"₹ 1,700.00",BRD-YTM
T030401,08/04/2025,F01013,DELIVERY,GRAM (Chana),11.57 quintals,"₹ 7,210.00","₹ 83,419.70",BRD-YTM
T030402,12/12/2024,F01013,input,PPC,138 kgs,₹ 158.57,"₹ 21,882.66",BRD-YTM
T030403,07/01/2025,F01013,INPUT_PURCHASE,FERTILIZER 50kg bag,272 kgs,₹ 42.99,"₹ 11,693.28",BRD-YTM
T030404,04/04/2025,F01020,D,Gram,1.20 q,"₹ 6,890.00","₹ 8,268.00",BRD-YTM
T030405,25/04/2025,F01020,DELIVERY,Gram,1.22 q,"₹ 6,890.00","₹ 8,405.80",BRD-YTM
T030406,11/04/2025,F01020,FPO_DELIVERY,wheat,6.28 quintals,"₹ 3,000.00","₹ 18,840.00",BRD-YTM
T030407,28/03/2025,F01020,delivery,wheat,1.33 quintals,"₹ 3,000.00","₹ 3,990.00",BRD-YTM
T030408,13/01/2025,F01020,input,SEEDS,238 kg,₹ 125.90,"₹ 29,964.20",BRD-YTM
T030409,13/05/2025,F01021,DELIVERY,Gram,3.6 qtl,"₹ 7,170.00","₹ 25,525.20",BRD-YTM
T030410,09/03/2025,F01021,Delivery,Gram,1.1 qtl,"₹ 7,170.00","₹ 7,671.90",BRD-YTM
T030411,05/05/2025,F01021,DELIVERY,GRAM (Chana),6.58 q,"₹ 7,170.00","₹ 47,178.60",BRD-YTM
T030412,02/03/2025,F01021,FPO_DELIVERY,Wheat,32.30 quintals,"₹ 2,930.00","₹ 94,639.00",BRD-YTM
T030413,05/01/2025,F01021,Input Purchase,NPK 10:26:26,315 kg,₹ 30.27,"₹ 9,535.05",BRD-YTM
T030414,07/01/2025,F01021,FERT_PURCHASE,PPC,318 kgs,₹ 372.09,"₹ 1,18,324.62",BRD-YTM
T030415,15/12/2024, F01021 ,INPUT_PURCHASE,DAP,299 kgs,₹ 42.04,"₹ 12,569.96",BRD-YTM
T030416,13/04/2025,f01023,DELIVERY,chana,0.8 qtl,"₹ 7,260.00","₹ 6,098.40",BRD-YTM
T030417,07/03/2025,F01023,delivery,chana,9.71 quintals,"₹ 7,260.00","₹ 70,494.60",BRD-YTM
T030418,28/03/2025,F01029,delivery,chana,10.53 quintals,"₹ 7,255.00","₹ 76,395.15",BRD-YTM
T030419,14/12/2024,F01029,INPUT_PURCHASE,Seeds,64 kg,₹ 122.75,"₹ 7,856.00",BRD-YTM
T030420,13/12/2024,F01029,input,PP chemicals,176 kgs,₹ 585.98,"₹ 1,03,132.48",BRD-YTM
T030421,23/12/2024,F01029,I,FERTILIZER 50kg bag,66 kg,₹ 57.29,"₹ 3,781.14",BRD-YTM
T030422,21/03/2025,F01035,DELIVERY,Bengal Gram,5.4 qtl,"₹ 6,885.00","₹ 37,316.70",BRD-YTM
T030423,18/03/2025,f01035,delivery,wheat,15.41 quintals,"₹ 2,590.00","₹ 39,911.90",BRD-YTM
T030424,02/04/2025,F01035,D,Wheat,0.67 q,"₹ 2,590.00","₹ 1,735.30",BRD-YTM
T030425,23/12/2024,F01035,INPUT_PURCHASE,NPK 10:26:26,196 kgs,₹ 54.26,"₹ 10,634.96",BRD-YTM
T030426,08/01/2025,F01035,I,Bio-pesticide,275 kgs,₹ 673.07,"₹ 1,85,094.25",BRD-YTM
T030427,21/03/2025,F01037,DELIVERY,Bengal Gram,8.31 quintals,"₹ 6,640.00","₹ 55,178.40",BRD-YTM
T030428,12/04/2025,F01037,DELIVERY,Lokwan Wheat,13.1 qtl,"₹ 2,820.00","₹ 36,829.20",BRD-YTM
T030429,09/04/2025,F01037,D,Wheat,7.62 q,"₹ 2,820.00","₹ 21,488.40",BRD-YTM
T030430,03/01/2025,F01037,Input Purchase,DAP,138 kg,₹ 52.29,"₹ 7,216.02",BRD-YTM
T030431,06/01/2025,F01037,Input Purchase,Urea,62 kg,₹ 30.95,"₹ 1,918.90",BRD-YTM
T030432,24/04/2025,F01044,DELIVERY,GRAM (Chana),5.97 q,"₹ 7,635.00","₹ 45,580.95",BRD-YTM
T030433,03/05/2025,F01044,FPO_DELIVERY,Bengal Gram,9.37 quintals,"₹ 7,635.00","₹ 71,539.95",BRD-YTM
T030434,18/04/2025,F01044,D,Gram,4.97 quintals,"₹ 7,635.00","₹ 37,945.95",BRD-YTM
T030435,30/03/2025,F01044,delivery,Lokwan Wheat,53.61 quintals,"₹ 2,890.00","₹ 1,54,932.90",BRD-YTM
T030436,08/05/2025,F01044,Delivery,Wheat,3.5 qtl,"₹ 2,890.00","₹ 10,086.10",BRD-YTM
T030437,18/12/2024,F01044,I,Urea,308 kg,₹ 58.72,"₹ 18,085.76",BRD-YTM
T030438,29/03/2025, F01050 ,D,Gram,1.45 quintals,"₹ 7,240.00","₹ 10,498.00",BRD-YTM
T030439,21/04/2025,f01050,DELIVERY,chana,8.04 quintals,"₹ 7,240.00","₹ 58,209.60",BRD-YTM
T030440,28/03/2025, F01051 ,DELIVERY,chana,3.0 qtl,"₹ 7,485.00","₹ 22,155.60",BRD-YTM
T030441,30/03/2025,f01051,D,Gram,5.86 quintals,"₹ 7,485.00","₹ 43,862.10",BRD-YTM
T030442,26/03/2025,F01051,FPO_DELIVERY,Lokwan Wheat,8.42 quintals,"₹ 2,905.00","₹ 24,460.10",BRD-YTM
T030443,15/03/2025,F01051,Delivery,Wheat (Durum),0.39 q,"₹ 2,905.00","₹ 1,132.95",BRD-YTM
T030444,16/03/2025,F01051,FPO_DELIVERY,Wheat,12.0 qtl,"₹ 2,905.00","₹ 34,743.80",BRD-YTM
T030445,31/12/2024,F01051,LOAN_REPAY,EMI,,,"₹ 4,900.00",BRD-YTM
T030446,10/05/2025, F01064 ,D,GRAM (Chana),28.12 quintals,"₹ 7,050.00","₹ 1,98,246.00",BRD-YTM
T030447,09/03/2025,f01071,FPO_DELIVERY,chana,0.26 q,"₹ 7,180.00","₹ 1,866.80",BRD-YTM
T030448,04/05/2025,F01071,Delivery,chana,6.74 quintals,"₹ 7,180.00","₹ 48,393.20",BRD-YTM
T030449,09/12/2024,F01071,I,Fertilizer,181 kg,₹ 43.72,"₹ 7,913.32",BRD-YTM
T030450,18/12/2024,F01071,input,Fertilizer,311 kg,₹ 29.19,"₹ 9,078.09",BRD-YTM
T030451,08/03/2025,F01071,LOAN_REPAY,Loan Repayment,,,"₹ 4,600.00",BRD-YTM
T030452,17/04/2025,F01079,delivery,Bengal Gram,4.52 quintals,"₹ 7,115.00","₹ 32,159.80",BRD-YTM
T030453,07/03/2025,F01079,D,Gram,2.74 q,"₹ 7,115.00","₹ 19,495.10",BRD-YTM
T030454,02/03/2025,F01081,Delivery,GRAM (Chana),7.8 qtl,"₹ 7,210.00","₹ 55,949.60",BRD-YTM
T030455,03/05/2025,F01081,delivery,chana,1.90 q,"₹ 7,210.00","₹ 13,699.00",BRD-YTM
T030456,19/04/2025,F01081,D,GRAM (Chana),5.8 qtl,"₹ 7,210.00","₹ 42,034.30",BRD-YTM
T030457,13/03/2025, F01081 ,D,Lokwan Wheat,48.07 quintals,"₹ 2,940.00","₹ 1,41,325.80",BRD-YTM
T030458,09/05/2025,F01082,Delivery,GRAM (Chana),7.30 quintals,"₹ 6,890.00","₹ 50,297.00",BRD-YTM
T030459,26/03/2025,F01082,D,Gram,3.1 qtl,"₹ 6,890.00","₹ 21,152.30",BRD-YTM
T030460,17/12/2024,F01082,INPUT_PURCHASE,NPK 10:26:26,305 kgs,₹ 33.48,"₹ 10,211.40",BRD-YTM
T030461,17/03/2025,F01092,FPO_DELIVERY,GRAM (Chana),5.7 qtl,"₹ 7,205.00","₹ 40,708.25",BRD-YTM
T030462,21/03/2025,F01092,D,chana,4.09 q,"₹ 7,205.00","₹ 29,468.45",BRD-YTM
T030463,01/12/2024,F01092,I,Fertilizer,84 kgs,₹ 58.44,"₹ 4,908.96",BRD-YTM
T030464,01/05/2025, F01098 ,D,GRAM (Chana),6.17 quintals,"₹ 7,355.00","₹ 45,380.35",BRD-YTM
T030465,24/04/2025,F01098,D,Gram,1.1 qtl,"₹ 7,355.00","₹ 8,090.50",BRD-YTM
T030466,16/03/2025,F01098,DELIVERY,WHEAT,21.83 quintals,"₹ 2,780.00","₹ 60,687.40",BRD-YTM
T030467,10/01/2025,F01098,input,NPK 10:26:26,178 kgs,₹ 33.83,"₹ 6,021.74",BRD-YTM
T030468,11/01/2025,F01098,INPUT_PURCHASE,NPK 10:26:26,35 kg,₹ 43.58,"₹ 1,525.30",BRD-YTM
T030469,04/04/2025,f01098,Loan Repayment,Loan Repayment,,,₹ 800.00,BRD-YTM
T030470,25/04/2025,F01098,loan,EMI,,,"₹ 2,500.00",BRD-YTM
T030471,02/05/2025, F01104 ,D,GRAM (Chana),4.3 qtl,"₹ 6,925.00","₹ 29,500.50",BRD-YTM
T030472,06/05/2025,F01104,Delivery,GRAM (Chana),25.79 quintals,"₹ 6,925.00","₹ 1,78,595.75",BRD-YTM
T030473,13/12/2024,F01104,input,DAP,96 kgs,₹ 41.55,"₹ 3,988.80",BRD-YTM
T030474,09/01/2025,f01104,FERT_PURCHASE,Bio-pesticide,212 kg,₹ 504.86,"₹ 1,07,030.32",BRD-YTM
T030475,16/12/2024,F01104,FERT_PURCHASE,Urea,247 kgs,₹ 47.96,"₹ 11,846.12",BRD-YTM
T030476,18/02/2025,F01104,LOAN_REPAY,EMI,,,"₹ 7,500.00",BRD-YTM
T030477,30/05/2025, F01104 ,Loan Repayment,EMI,,,"₹ 6,800.00",BRD-YTM
T030478,21/04/2025,F01105,Delivery,chana,6.9 qtl,"₹ 7,580.00","₹ 52,226.20",BRD-YTM
T030479,10/05/2025,F01105,FPO_DELIVERY,Bengal Gram,14.5 qtl,"₹ 7,580.00","₹ 1,09,834.20",BRD-YTM
T030480,05/01/2025,F01105,FERT_PURCHASE,FERTILIZER 50kg bag,158 kgs,₹ 32.63,"₹ 5,155.54",BRD-YTM
T030481,14/03/2025, F01107 ,delivery,chana,14.63 q,"₹ 7,180.00","₹ 1,05,043.40",BRD-YTM
T030482,21/03/2025,f01107,Delivery,GRAM (Chana),1.07 quintals,"₹ 7,180.00","₹ 7,682.60",BRD-YTM
T030483,14/12/2024,F01107,I,SEEDS,318 kgs,₹ 76.57,"₹ 24,349.26",BRD-YTM
T030484,07/12/2024,F01107,input,PPC,84 kgs,₹ 286.53,"₹ 24,068.52",BRD-YTM
T030485,18/04/2025,F01110,D,GRAM (Chana),5.25 quintals,"₹ 7,510.00","₹ 39,427.50",BRD-YTM
T030486,06/04/2025,F01110,delivery,Bengal Gram,11.14 quintals,"₹ 7,510.00","₹ 83,661.40",BRD-YTM
T030487,12/05/2025,F01110,Delivery,Lokwan Wheat,39.97 quintals,"₹ 2,810.00","₹ 1,12,315.70",BRD-YTM
T030488,09/03/2025,F01110,delivery,Lokwan Wheat,1.64 quintals,"₹ 2,810.00","₹ 4,608.40",BRD-YTM
T030489,25/12/2024,F01110,Input Purchase,Fertilizer,146 kg,₹ 54.05,"₹ 7,891.30",BRD-YTM
T030490,02/04/2025,F01111,D,Bengal Gram,5.46 quintals,"₹ 7,805.00","₹ 42,615.30",BRD-YTM
T030491,03/04/2025,F01111,Delivery,chana,8.13 q,"₹ 7,805.00","₹ 63,454.65",BRD-YTM
T030492,26/12/2024,F01111,FERT_PURCHASE,DAP,214 kg,₹ 32.42,"₹ 6,937.88",BRD-YTM
T030493,04/12/2024, F01111 ,Input Purchase,Seeds,226 kg,₹ 98.53,"₹ 22,267.78",BRD-YTM
T030494,12/12/2024,F01111,FERT_PURCHASE,DAP,230 kgs,₹ 59.46,"₹ 13,675.80",BRD-YTM
T030495,24/12/2024,f01111,Input Purchase,DAP,308 kg,₹ 45.35,"₹ 13,967.80",BRD-YTM
T030496,29/12/2024,F01111,loan,Loan Repayment,,,"₹ 2,700.00",BRD-YTM
T030497,13/04/2025,F01112,delivery,Gram,0.70 quintals,"₹ 7,275.00","₹ 5,092.50",BRD-YTM
T030498,02/04/2025,F01112,delivery,Gram,19.3 qtl,"₹ 7,275.00","₹ 1,40,116.50",BRD-YTM
T030499,04/04/2025,F01112,FPO_DELIVERY,Lokwan Wheat,2.36 quintals,"₹ 2,775.00","₹ 6,549.00",BRD-YTM
T030500,06/04/2025,F01112,DELIVERY,Wheat,62.19 q,"₹ 2,775.00","₹ 1,72,577.25",BRD-YTM
T030501,14/12/2024,F01112,input,Bio-pesticide,259 kg,₹ 577.14,"₹ 1,49,479.26",BRD-YTM
T030502,12/04/2025,F01114,D,Gram,3.9 qtl,"₹ 7,875.00","₹ 31,027.50",BRD-YTM
T030503,06/05/2025,F01114,Delivery,chana,7.68 quintals,"₹ 7,875.00","₹ 60,480.00",BRD-YTM
T030504,25/12/2024,F01114,INPUT_PURCHASE,SEEDS,147 kgs,₹ 88.76,"₹ 13,047.72",BRD-YTM
T030505,15/12/2024,F01114,INPUT_PURCHASE,PP chemicals,261 kgs,₹ 340.67,"₹ 88,914.87",BRD-YTM
T030506,31/12/2024,f01114,I,NPK 10:26:26,142 kg,₹ 57.02,"₹ 8,096.84",BRD-YTM
T030507,09/01/2025,F01114,INPUT_PURCHASE,NPK 10:26:26,200 kgs,₹ 41.69,"₹ 8,338.00",BRD-YTM
T030508,21/04/2025,F01116,Delivery,Bengal Gram,9.5 qtl,"₹ 7,325.00","₹ 69,660.75",BRD-YTM
T030509,13/05/2025,F01116,DELIVERY,GRAM (Chana),3.1 qtl,"₹ 7,325.00","₹ 22,414.50",BRD-YTM
T030510,28/12/2024,F01116,INPUT_PURCHASE,Fertilizer,133 kg,₹ 58.47,"₹ 7,776.51",BRD-YTM
T030511,02/12/2024,F01116,input,Urea,99 kgs,₹ 42.20,"₹ 4,177.80",BRD-YTM
T030512,06/04/2025,F01120,D,Gram,19.5 qtl,"₹ 7,110.00","₹ 1,38,645.00",BRD-YTM
T030513,14/03/2025,F01120,FPO_DELIVERY,Wheat,51.22 q,"₹ 2,850.00","₹ 1,45,977.00",BRD-YTM
T030514,01/12/2024,F01120,INPUT_PURCHASE,DAP,148 kg,₹ 51.42,"₹ 7,610.16",BRD-YTM
T030515,10/01/2025,F01120,Input Purchase,FERTILIZER 50kg bag,159 kg,₹ 32.86,"₹ 5,224.74",BRD-YTM
T030516,12/01/2025,F01120,I,Urea,29 kg,₹ 28.21,₹ 818.09,BRD-YTM
T030517,14/01/2025,F01120,INPUT_PURCHASE,Urea,255 kgs,₹ 50.83,"₹ 12,961.65",BRD-YTM
T030518,11/03/2025,F01121,FPO_DELIVERY,GRAM (Chana),4.05 quintals,"₹ 7,385.00","₹ 29,909.25",BRD-YTM
T030519,08/01/2025,F01121,Input Purchase,Fertilizer,156 kgs,₹ 49.82,"₹ 7,771.92",BRD-YTM
T030520,02/01/2025,f01121,I,FERTILIZER 50kg bag,40 kg,₹ 32.68,"₹ 1,307.20",BRD-YTM
T030521,03/04/2025,F01122,D,GRAM (Chana),0.83 quintals,"₹ 6,765.00","₹ 5,614.95",BRD-YTM
T030522,22/03/2025,F01122,delivery,Gram,2.63 q,"₹ 6,765.00","₹ 17,791.95",BRD-YTM
T030523,02/05/2025,F01122,D,Lokwan Wheat,8.32 quintals,"₹ 2,690.00","₹ 22,380.80",BRD-YTM
T030524,04/12/2024,F01122,INPUT_PURCHASE,Fertilizer,62 kg,₹ 33.88,"₹ 2,100.56",BRD-YTM
T030525,10/03/2025,F01131,DELIVERY,chana,5.81 q,"₹ 6,840.00","₹ 39,740.40",BRD-YTM
T030526,22/04/2025,F01131,delivery,Bengal Gram,3.3 qtl,"₹ 6,840.00","₹ 22,708.80",BRD-YTM
T030527,02/05/2025,F01131,delivery,chana,2.79 q,"₹ 6,840.00","₹ 19,083.60",BRD-YTM
T030528,21/03/2025,F01131,DELIVERY,Wheat (Durum),17.00 q,"₹ 2,880.00","₹ 48,960.00",BRD-YTM
T030529,01/05/2025,F01131,delivery,wheat,15.30 quintals,"₹ 2,880.00","₹ 44,064.00",BRD-YTM
T030530,31/12/2024, F01131 ,input,DAP,49 kgs,₹ 29.44,"₹ 1,442.56",BRD-YTM
T030531,13/05/2025,F01133,Delivery,Gram,3.7 qtl,"₹ 7,140.00","₹ 26,418.00",BRD-YTM
T030532,08/05/2025,F01133,delivery,Lokwan Wheat,9.88 quintals,"₹ 2,730.00","₹ 26,972.40",BRD-YTM
T030533,17/12/2024,F01133,INPUT_PURCHASE,Seeds,62 kg,₹ 117.48,"₹ 7,283.76",BRD-YTM
T030534,12/12/2024,F01133,LOAN_REPAY,Loan Repayment,,,"₹ 7,400.00",BRD-YTM
T030535,26/12/2024,F01133,Loan Repayment,EMI,,,"₹ 5,600.00",BRD-YTM
T030536,28/04/2025,f01139,DELIVERY,GRAM (Chana),0.40 quintals,"₹ 7,010.00","₹ 2,804.00",BRD-YTM
T030537,24/03/2025,F01139,D,GRAM (Chana),4.13 q,"₹ 7,010.00","₹ 28,951.30",BRD-YTM
T030538,06/03/2025, F01139 ,DELIVERY,GRAM (Chana),3.93 q,"₹ 7,010.00","₹ 27,549.30",BRD-YTM
T030539,09/05/2025,f01139,delivery,Wheat,23.2 qtl,"₹ 2,940.00","₹ 68,355.00",BRD-YTM
T030540,11/01/2025,F01139,I,Fertilizer,196 kgs,₹ 54.90,"₹ 10,760.40",BRD-YTM
T030541,31/12/2024,F01139,FERT_PURCHASE,Hybrid Seeds,140 kgs,₹ 112.56,"₹ 15,758.40",BRD-YTM
T030542,02/12/2024,F01139,input,SEEDS,190 kgs,₹ 84.06,"₹ 15,971.40",BRD-YTM
T030543,10/05/2025,F01139,Loan Repayment,EMI,,,"₹ 2,000.00",BRD-YTM
T030544,20/02/2025,F01139,loan,EMI,,,"₹ 7,000.00",BRD-YTM
T030545,15/02/2025,F01139,LOAN_REPAY,Loan Repayment,,,"₹ 1,700.00",BRD-YTM
T030546,03/03/2025,f01141,D,GRAM (Chana),14.36 quintals,"₹ 6,770.00","₹ 97,217.20",BRD-YTM
T030547,02/05/2025,F01141,delivery,Lokwan Wheat,37.94 q,"₹ 2,950.00","₹ 1,11,923.00",BRD-YTM
T030548,10/01/2025,F01141,I,NPK 10:26:26,239 kg,₹ 43.65,"₹ 10,432.35",BRD-YTM
T030549,06/01/2025,F01141,Input Purchase,Seeds,57 kg,₹ 112.10,"₹ 6,389.70",BRD-YTM
T030550,12/12/2024,f01141,FERT_PURCHASE,FERTILIZER 50kg bag,154 kg,₹ 40.28,"₹ 6,203.12",BRD-YTM
T030551,06/01/2025,F01141,Input Purchase,PPC,195 kgs,₹ 686.55,"₹ 1,33,877.25",BRD-YTM
T030552,18/03/2025,F01147,D,Gram,14.04 q,"₹ 7,390.00","₹ 1,03,755.60",BRD-YTM
T030553,20/03/2025,F01147,DELIVERY,GRAM (Chana),6.65 quintals,"₹ 7,390.00","₹ 49,143.50",BRD-YTM
T030554,20/04/2025,F01147,D,Lokwan Wheat,11.81 q,"₹ 2,730.00","₹ 32,241.30",BRD-YTM
T030555,08/05/2025,F01147,Delivery,Lokwan Wheat,34.28 quintals,"₹ 2,730.00","₹ 93,584.40",BRD-YTM
T030556,10/05/2025,F01147,DELIVERY,Wheat,2.6 qtl,"₹ 2,730.00","₹ 7,179.90",BRD-YTM
T030557,07/01/2025,F01147,input,Seeds,115 kgs,₹ 49.61,"₹ 5,705.15",BRD-YTM
T030558,04/01/2025,F01147,FERT_PURCHASE,Hybrid Seeds,243 kg,₹ 122.14,"₹ 29,680.02",BRD-YTM
T030559,19/12/2024,f01147,I,Seeds,194 kgs,₹ 116.39,"₹ 22,579.66",BRD-YTM
T030560,17/04/2025,F01151,DELIVERY,Bengal Gram,3.7 qtl,"₹ 7,365.00","₹ 27,397.80",BRD-YTM
T030561,16/12/2024,F01151,FERT_PURCHASE,Hybrid Seeds,51 kg,₹ 60.33,"₹ 3,076.83",BRD-YTM
T030562,08/01/2025,F01151,Input Purchase,Seeds,175 kgs,₹ 115.65,"₹ 20,238.75",BRD-YTM
T030563,12/01/2025,F01151,INPUT_PURCHASE,SEEDS,107 kgs,₹ 97.56,"₹ 10,438.92",BRD-YTM
T030564,25/03/2025,F01152,Delivery,Gram,4.95 quintals,"₹ 7,500.00","₹ 37,125.00",BRD-YTM
T030565,26/04/2025,F01152,FPO_DELIVERY,chana,5.01 quintals,"₹ 7,500.00","₹ 37,575.00",BRD-YTM
T030566,18/12/2024,F01152,input,Urea,140 kgs,₹ 29.05,"₹ 4,067.00",BRD-YTM
T030567,07/12/2024,F01152,Input Purchase,Seeds,181 kg,₹ 110.05,"₹ 19,919.05",BRD-YTM
T030568,10/12/2024,F01152,I,NPK 10:26:26,152 kg,₹ 32.91,"₹ 5,002.32",BRD-YTM
T030569,03/04/2025,F01153,D,chana,18.4 qtl,"₹ 7,420.00","₹ 1,36,602.20",BRD-YTM
T030570,08/04/2025,f01153,D,Lokwan Wheat,8.10 quintals,"₹ 2,840.00","₹ 23,004.00",BRD-YTM
T030571,05/05/2025,f01153,DELIVERY,wheat,43.4 qtl,"₹ 2,840.00","₹ 1,23,284.40",BRD-YTM
T030572,03/12/2024,F01153,Input Purchase,Fertilizer,130 kg,₹ 37.07,"₹ 4,819.10",BRD-YTM
T030573,30/12/2024,F01153,input,NPK 10:26:26,227 kgs,₹ 46.16,"₹ 10,478.32",BRD-YTM
T031650,19/03/2025,F02225,Delivery,Gram,0.39 q,"₹ 6,580.00","₹ 2,566.20",BRD-YTM
T031651,10/04/2025,F02225,delivery,chana,23.5 qtl,"₹ 6,580.00","₹ 1,54,498.40",BRD-YTM
T031652,12/01/2025,f02225,I,Urea,275 kg,₹ 58.83,"₹ 16,178.25",BRD-YTM
T031665,05/03/2025,F02233,FPO_DELIVERY,chana,12.51 quintals,"₹ 7,205.00","₹ 90,134.55",BRD-YTM
T031666,24/12/2024,F02233,INPUT_PURCHASE,Seeds,135 kg,₹ 116.85,"₹ 15,774.75",BRD-YTM
T031667,07/12/2024,F02233,INPUT_PURCHASE,Fertilizer,92 kg,₹ 32.82,"₹ 3,019.44",BRD-YTM
T031698,29/03/2025,f02263,Delivery,Bengal Gram,15.2 qtl,"₹ 7,130.00","₹ 1,08,447.30",BRD-YTM
T031699,01/01/2025,F02263,input,SEEDS,197 kg,₹ 104.42,"₹ 20,570.74",BRD-YTM
T031700,07/12/2024,f02263,input,Fertilizer,231 kgs,₹ 46.06,"₹ 10,639.86",BRD-YTM
T031701,17/12/2024,F02263,loan,Loan Repayment,,,"₹ 7,600.00",BRD-YTM
T031702,27/02/2025,F02263,loan,Loan Repayment,,,"₹ 4,000.00",BRD-YTM
T031706,30/03/2025,F02270,FPO_DELIVERY,GRAM (Chana),23.16 quintals,"₹ 7,130.00","₹ 1,65,130.80",BRD-YTM
T031707,02/12/2024,F02270,I,DAP,36 kgs,₹ 49.16,"₹ 1,769.76",BRD-YTM
T031708,23/12/2024,f02270,input,Bio-pesticide,165 kgs,₹ 155.41,"₹ 25,642.65",BRD-YTM
T031709,15/01/2025,F02270,Input Purchase,Fertilizer,207 kg,₹ 38.38,"₹ 7,944.66",BRD-YTM
T031723,04/04/2025,F02279,D,GRAM (Chana),16.38 quintals,"₹ 7,020.00","₹ 1,14,987.60",BRD-YTM
T031724,08/01/2025,F02279,input,PPC,311 kgs,₹ 499.73,"₹ 1,55,416.03",BRD-YTM
T031725,24/12/2024,F02279,FERT_PURCHASE,Urea,115 kgs,₹ 33.56,"₹ 3,859.40",BRD-YTM
T031726,05/01/2025,F02279,INPUT_PURCHASE,SEEDS,277 kgs,₹ 126.60,"₹ 35,068.20",BRD-YTM
T031749,12/04/2025,F02296,delivery,chana,2.2 qtl,"₹ 6,720.00","₹ 14,851.20",BRD-YTM
T031750,07/05/2025,F02296,delivery,GRAM (Chana),9.72 q,"₹ 6,720.00","₹ 65,318.40",BRD-YTM
T031751,13/03/2025,F02296,DELIVERY,Bengal Gram,1.35 q,"₹ 6,720.00","₹ 9,072.00",BRD-YTM
T031752,09/12/2024,F02296,Input Purchase,NPK 10:26:26,201 kg,₹ 52.21,"₹ 10,494.21",BRD-YTM
T031753,25/12/2024,F02296,I,DAP,115 kgs,₹ 37.19,"₹ 4,276.85",BRD-YTM
T031754,23/12/2024,F02296,INPUT_PURCHASE,PPC,172 kg,₹ 589.82,"₹ 1,01,449.04",BRD-YTM
T031755,05/12/2024,F02296,I,Urea,65 kg,₹ 54.67,"₹ 3,553.55",BRD-YTM
T031756,07/12/2024,F02296,INPUT_PURCHASE,PP chemicals,78 kgs,₹ 268.37,"₹ 20,932.86",BRD-YTM
T031829,31/03/2025,F02368,D,GRAM (Chana),8.6 qtl,"₹ 6,915.00","₹ 59,676.45",BRD-YTM
T031830,06/03/2025,F02368,D,chana,1.43 quintals,"₹ 6,915.00","₹ 9,888.45",BRD-YTM
T031831,03/03/2025,F02368,D,Bengal Gram,2.96 quintals,"₹ 6,915.00","₹ 20,468.40",BRD-YTM
T031840,16/03/2025,F02372,FPO_DELIVERY,Gram,14.70 q,"₹ 6,625.00","₹ 97,387.50",BRD-YTM
T031841,22/12/2024,F02372,FERT_PURCHASE,Hybrid Seeds,148 kgs,₹ 46.57,"₹ 6,892.36",BRD-YTM
T031842,09/12/2024,F02372,L,Loan Repayment,,,"₹ 7,100.00",BRD-YTM
T031849,17/03/2025,F02382,FPO_DELIVERY,GRAM (Chana),15.6 qtl,"₹ 6,900.00","₹ 1,07,709.00",BRD-YTM
T031850,16/12/2024,F02382,I,FERTILIZER 50kg bag,187 kgs,₹ 56.24,"₹ 10,516.88",BRD-YTM
T031851,15/01/2025,f02382,INPUT_PURCHASE,Seeds,245 kg,₹ 55.27,"₹ 13,541.15",BRD-YTM
T031873,28/04/2025,F02397,D,Gram,2.7 qtl,"₹ 6,910.00","₹ 18,933.40",BRD-YTM
T031874,13/04/2025,F02397,DELIVERY,Bengal Gram,3.60 q,"₹ 6,910.00","₹ 24,876.00",BRD-YTM
T031875,09/01/2025,F02397,I,Fertilizer,176 kgs,₹ 42.95,"₹ 7,559.20",BRD-YTM
T031942,21/03/2025,F02454,DELIVERY,chana,0.48 q,"₹ 7,280.00","₹ 3,494.40",BRD-YTM
T031943,06/05/2025,F02454,FPO_DELIVERY,Gram,4.01 quintals,"₹ 7,280.00","₹ 29,192.80",BRD-YTM
T031944,04/05/2025,F02454,Delivery,chana,0.55 quintals,"₹ 7,280.00","₹ 4,004.00",BRD-YTM
T031945,03/12/2024,f02454,INPUT_PURCHASE,Seeds,162 kgs,₹ 93.82,"₹ 15,198.84",BRD-YTM
T031946,13/01/2025,F02454,Input Purchase,Urea,175 kgs,₹ 58.09,"₹ 10,165.75",BRD-YTM
T031947,30/12/2024,F02454,Input Purchase,Hybrid Seeds,196 kgs,₹ 89.83,"₹ 17,606.68",BRD-YTM
T031958,29/03/2025,F02461,D,Gram,24.10 q,"₹ 7,105.00","₹ 1,71,230.50",BRD-YTM
T031959,02/12/2024,F02461,FERT_PURCHASE,Urea,276 kgs,₹ 33.85,"₹ 9,342.60",BRD-YTM
T031960,18/12/2024,F02461,input,PPC,268 kg,₹ 670.29,"₹ 1,79,637.72",BRD-YTM
T031961,01/12/2024,F02461,INPUT_PURCHASE,NPK 10:26:26,260 kg,₹ 33.16,"₹ 8,621.60",BRD-YTM
T031998,15/03/2025,F02479,delivery,Gram,10.44 q,"₹ 6,740.00","₹ 70,365.60",BRD-YTM
T032007,02/03/2025,f02486,D,Bengal Gram,29.8 qtl,"₹ 7,460.00","₹ 2,22,457.20",BRD-YTM
T032008,08/01/2025,F02486,FERT_PURCHASE,Bio-pesticide,213 kg,₹ 537.44,"₹ 1,14,474.72",BRD-YTM
T032011,10/03/2025,F02489,FPO_DELIVERY,chana,18.40 quintals,"₹ 7,630.00","₹ 1,40,392.00",BRD-YTM
T032036,30/04/2025, F02508 ,FPO_DELIVERY,Gram,8.49 quintals,"₹ 7,370.00","₹ 62,571.30",BRD-YTM
T032037,09/12/2024,F02508,Input Purchase,SEEDS,198 kg,₹ 121.17,"₹ 23,991.66",BRD-YTM
T032038,17/12/2024,F02508,INPUT_PURCHASE,Seeds,310 kg,₹ 94.10,"₹ 29,171.00",BRD-YTM
T032039,19/12/2024,F02508,Input Purchase,FERTILIZER 50kg bag,91 kgs,₹ 37.65,"₹ 3,426.15",BRD-YTM
T032040,26/02/2025,F02508,L,Loan Repayment,,,"₹ 4,700.00",BRD-YTM
T032049,23/04/2025,F02514,FPO_DELIVERY,chana,5.8 qtl,"₹ 6,625.00","₹ 38,623.75",BRD-YTM
T032050,11/04/2025,F02514,DELIVERY,GRAM (Chana),5.36 q,"₹ 6,625.00","₹ 35,510.00",BRD-YTM
T032051,01/12/2024,F02514,Input Purchase,Fertilizer,70 kg,₹ 45.24,"₹ 3,166.80",BRD-YTM
T032091,14/05/2025,F02540,DELIVERY,GRAM (Chana),3.98 quintals,"₹ 6,935.00","₹ 27,601.30",BRD-YTM
T032092,25/03/2025,F02540,FPO_DELIVERY,GRAM (Chana),6.26 quintals,"₹ 6,935.00","₹ 43,413.10",BRD-YTM
T032093,18/12/2024,f02540,INPUT_PURCHASE,Fertilizer,211 kgs,₹ 43.40,"₹ 9,157.40",BRD-YTM
T032094,04/12/2024,F02540,I,Fertilizer,224 kg,₹ 37.11,"₹ 8,312.64",BRD-YTM
T032126,17/03/2025,F02559,delivery,Gram,18.18 q,"₹ 6,700.00","₹ 1,21,806.00",BRD-YTM
T032127,12/05/2025,f02559,FPO_DELIVERY,GRAM (Chana),32.27 q,"₹ 6,700.00","₹ 2,16,209.00",BRD-YTM
T032128,03/12/2024,F02559,FERT_PURCHASE,Urea,52 kgs,₹ 35.26,"₹ 1,833.52",BRD-YTM
T032162,27/03/2025,F02580,delivery,Bengal Gram,6.50 quintals,"₹ 7,115.00","₹ 46,247.50",BRD-YTM
T032163,08/01/2025, F02580 ,I,NPK 10:26:26,230 kg,₹ 39.61,"₹ 9,110.30",BRD-YTM
T032164,02/12/2024,f02580,input,PP chemicals,279 kgs,₹ 553.78,"₹ 1,54,504.62",BRD-YTM
T032165,14/12/2024,F02580,input,DAP,260 kgs,₹ 30.18,"₹ 7,846.80",BRD-YTM
T032166,24/12/2024,F02580,LOAN_REPAY,EMI,,,"₹ 4,700.00",BRD-YTM
T032167,20/04/2025,F02582,Delivery,Gram,4.94 q,"₹ 6,855.00","₹ 33,863.70",BRD-YTM
T032168,08/05/2025,F02582,Delivery,Bengal Gram,4.28 quintals,"₹ 6,855.00","₹ 29,339.40",BRD-YTM
T032169,21/12/2024,F02582,FERT_PURCHASE,SEEDS,177 kg,₹ 51.80,"₹ 9,168.60",BRD-YTM
T032170,21/12/2024,F02582,Input Purchase,Seeds,279 kg,₹ 94.15,"₹ 26,267.85",BRD-YTM
T032176,07/04/2025,F02585,Delivery,Gram,0.26 quintals,"₹ 7,330.00","₹ 1,905.80",BRD-YTM
T032177,10/05/2025,F02585,Delivery,GRAM (Chana),12.28 q,"₹ 7,330.00","₹ 90,012.40",BRD-YTM
T032178,17/12/2024,F02585,loan,EMI,,,"₹ 5,700.00",BRD-YTM
T032179,17/03/2025,F02585,Loan Repayment,Loan Repayment,,,"₹ 6,700.00",BRD-YTM
T032180,07/01/2025,F02585,LOAN_REPAY,Loan Repayment,,,"₹ 7,900.00",BRD-YTM
T032181,10/04/2025,F02587,delivery,GRAM (Chana),9.71 q,"₹ 7,220.00","₹ 70,106.20",BRD-YTM
T032182,02/04/2025,F02587,D,chana,2.70 quintals,"₹ 7,220.00","₹ 19,494.00",BRD-YTM
T032183,12/01/2025,F02587,I,SEEDS,262 kgs,₹ 80.15,"₹ 20,999.30",BRD-YTM
T032184,17/12/2024,f02587,input,FERTILIZER 50kg bag,149 kg,₹ 41.71,"₹ 6,214.79",BRD-YTM
T032199,28/04/2025,F02595,delivery,Gram,5.44 q,"₹ 7,580.00","₹ 41,235.20",BRD-YTM
T032200,04/03/2025,F02595,FPO_DELIVERY,Bengal Gram,2.38 q,"₹ 7,580.00","₹ 18,040.40",BRD-YTM
T032201,21/12/2024,F02595,FERT_PURCHASE,DAP,256 kgs,₹ 31.21,"₹ 7,989.76",BRD-YTM
T032202,18/12/2024,F02595,I,PPC,103 kgs,₹ 291.65,"₹ 30,039.95",BRD-YTM
T032203,02/12/2024,F02595,loan,EMI,,,"₹ 7,500.00",BRD-YTM
T032209,13/05/2025,F02605,Delivery,GRAM (Chana),6.38 q,"₹ 7,010.00","₹ 44,723.80",BRD-YTM
T032210,09/04/2025,F02605,FPO_DELIVERY,chana,5.03 quintals,"₹ 7,010.00","₹ 35,260.30",BRD-YTM
T032211,12/12/2024,F02605,I,SEEDS,62 kgs,₹ 62.54,"₹ 3,877.48",BRD-YTM
T032212,14/12/2024,F02605,I,FERTILIZER 50kg bag,314 kg,₹ 35.47,"₹ 11,137.58",BRD-YTM
T032287,16/04/2025,F02633,delivery,chana,2.8 qtl,"₹ 7,235.00","₹ 20,330.35",BRD-YTM
T032288,20/04/2025,F02633,FPO_DELIVERY,chana,3.97 quintals,"₹ 7,235.00","₹ 28,722.95",BRD-YTM
T032289,01/01/2025,F02633,input,Urea,147 kgs,₹ 46.65,"₹ 6,857.55",BRD-YTM
T032290,14/12/2024,F02633,INPUT_PURCHASE,Fertilizer,214 kg,₹ 55.03,"₹ 11,776.42",BRD-YTM
T032297,20/03/2025,F02636,FPO_DELIVERY,chana,2.53 quintals,"₹ 7,405.00","₹ 18,734.65",BRD-YTM
T032298,24/03/2025,F02636,D,chana,2.67 q,"₹ 7,405.00","₹ 19,771.35",BRD-YTM
T032299,04/12/2024,F02636,FERT_PURCHASE,Hybrid Seeds,121 kg,₹ 89.26,"₹ 10,800.46",BRD-YTM
T032300,07/01/2025,f02636,FERT_PURCHASE,Fertilizer,203 kgs,₹ 53.18,"₹ 10,795.54",BRD-YTM
T032301,26/12/2024,f02636,INPUT_PURCHASE,SEEDS,114 kg,₹ 87.19,"₹ 9,939.66",BRD-YTM
T032302,15/12/2024,F02636,input,FERTILIZER 50kg bag,217 kgs,₹ 48.31,"₹ 10,483.27",BRD-YTM
T032303,13/05/2025,F02636,Loan Repayment,EMI,,,"₹ 4,400.00",BRD-YTM
T032304,20/02/2025,F02636,L,Loan Repayment,,,"₹ 4,800.00",BRD-YTM
T032305,16/03/2025,F02637,DELIVERY,GRAM (Chana),13.2 qtl,"₹ 7,145.00","₹ 94,528.35",BRD-YTM
T032306,07/12/2024,f02637,INPUT_PURCHASE,Fertilizer,190 kg,₹ 48.79,"₹ 9,270.10",BRD-YTM
T032314,13/05/2025,F02641,DELIVERY,chana,3.89 quintals,"₹ 7,010.00","₹ 27,268.90",BRD-YTM
T032315,14/03/2025,F02641,DELIVERY,Gram,15.5 qtl,"₹ 7,010.00","₹ 1,08,374.60",BRD-YTM
T032316,11/12/2024,F02641,input,Urea,283 kgs,₹ 50.51,"₹ 14,294.33",BRD-YTM
T032317,07/04/2025,f02641,L,EMI,,,"₹ 2,700.00",BRD-YTM
T032318,21/05/2025,F02641,Loan Repayment,EMI,,,"₹ 3,400.00",BRD-YTM
T032319,19/02/2025,F02641,LOAN_REPAY,Loan Repayment,,,"₹ 7,700.00",BRD-YTM
T032325,21/04/2025,F02645,DELIVERY,Bengal Gram,6.31 q,"₹ 6,465.00","₹ 40,794.15",BRD-YTM
T032326,25/04/2025,F02645,Delivery,GRAM (Chana),10.26 q,"₹ 6,465.00","₹ 66,330.90",BRD-YTM
T032372,01/05/2025,F02661,Delivery,Gram,2.2 qtl,"₹ 7,160.00","₹ 15,465.60",BRD-YTM
T032373,06/04/2025,F02661,FPO_DELIVERY,Gram,5.8 qtl,"₹ 7,160.00","₹ 41,456.40",BRD-YTM
T032374,18/12/2024,F02661,INPUT_PURCHASE,FERTILIZER 50kg bag,157 kg,₹ 56.26,"₹ 8,832.82",BRD-YTM
T032375,10/12/2024,f02661,Input Purchase,Hybrid Seeds,219 kgs,₹ 56.42,"₹ 12,355.98",BRD-YTM
T032376,04/01/2025, F02661 ,input,DAP,101 kgs,₹ 47.73,"₹ 4,820.73",BRD-YTM
T032377,15/12/2024,F02661,INPUT_PURCHASE,PP chemicals,184 kg,₹ 452.15,"₹ 83,195.60",BRD-YTM
T032384,05/04/2025,f02664,FPO_DELIVERY,Gram,11.5 qtl,"₹ 7,425.00","₹ 85,090.50",BRD-YTM
T032385,27/04/2025,F02664,Delivery,Gram,3.20 q,"₹ 7,425.00","₹ 23,760.00",BRD-YTM
T032386,14/01/2025,F02664,INPUT_PURCHASE,FERTILIZER 50kg bag,303 kg,₹ 51.72,"₹ 15,671.16",BRD-YTM
T032425,15/05/2025,F02679,Delivery,Gram,24.14 q,"₹ 6,825.00","₹ 1,64,755.50",BRD-YTM
T032426,22/04/2025,F02679,Delivery,Bengal Gram,10.52 q,"₹ 6,825.00","₹ 71,799.00",BRD-YTM
T032427,08/01/2025,F02679,input,Seeds,167 kg,₹ 76.38,"₹ 12,755.46",BRD-YTM
T032428,07/12/2024,F02679,INPUT_PURCHASE,Seeds,184 kg,₹ 92.97,"₹ 17,106.48",BRD-YTM
T032429,31/03/2025,F02679,loan,Loan Repayment,,,"₹ 3,500.00",BRD-YTM
T032444,07/03/2025,F02685,DELIVERY,chana,0.23 quintals,"₹ 7,220.00","₹ 1,660.60",BRD-YTM
T032445,02/03/2025,F02685,Delivery,Gram,2.74 q,"₹ 7,220.00","₹ 19,782.80",BRD-YTM
T032446,15/01/2025,F02685,INPUT_PURCHASE,NPK 10:26:26,312 kgs,₹ 39.86,"₹ 12,436.32",BRD-YTM
T027809,21/04/2024,F02407,D,GRAM (Chana),3.71 q,"₹ 6,905.00","₹ 25,617.55",BRD-YTM
T011177,21/04/2021, F01040 ,D,Gram,1.3 qtl,"₹ 5,740.00","₹ 7,634.20",BRD-YTM
T028296,23/11/2024,F01021,DELIVERY,Cotton Kapas,5.82 q,"₹ 9,700.00","₹ 56,454.00",BRD-YTM
T000123,22/10/2019,F01030,delivery,Soybean,3.3 qtl,"₹ 4,865.00","₹ 16,151.80",BRD-YTM
T021122,18/11/2022,F02367,Delivery,COTTON (Kapas),3.01 quintals,"₹ 8,950.00","₹ 26,939.50",BRD-YTM
T000044,08/10/2019,F01010,FPO_DELIVERY,kapas,1.01 quintals,"₹ 7,220.00","₹ 7,292.20",BRD-YTM
T021557,05/03/2023,F01051,Delivery,Gram,0.8 qtl,"₹ 6,385.00","₹ 4,916.45",BRD-YTM
T023822,02/12/2022,F02512,INPUT_PURCHASE,DAP,294 kg,₹ 42.30,"₹ 12,436.20",BRD-YTM
T016554,06/12/2021,F01030,FERT_PURCHASE,Fertilizer,298 kgs,₹ 47.65,"₹ 14,199.70",BRD-YTM
T032425,15/05/2025,F02679,Delivery,Gram,24.14 q,"₹ 6,825.00","₹ 1,64,755.50",BRD-YTM
T000554,12/10/2019,F01133,delivery,COTTON (Kapas),1.85 q,"₹ 7,655.00","₹ 14,161.75",BRD-YTM
T016568,25/12/2021,f01036,input,NPK 10:26:26,93 kg,₹ 53.36,"₹ 4,962.48",BRD-YTM
T008351,04/10/2020,F01057,FPO_DELIVERY,Soybean,13.5 qtl,"₹ 4,995.00","₹ 67,332.60",BRD-YTM
T013945,14/06/2021,F01003,Input Purchase,PP chemicals,75 kgs,₹ 401.51,"₹ 30,113.25",BRD-YTM
T005040,13/12/2019,F01141,INPUT_PURCHASE,PP chemicals,274 kgs,₹ 510.77,"₹ 1,39,950.98",BRD-YTM
T028415,31/10/2024,F01122,D,kapas,2.96 q,"₹ 9,515.00","₹ 28,164.40",BRD-YTM
T028418,15/07/2024,F01122,INPUT_PURCHASE,FERTILIZER 50kg bag,307 kg,₹ 59.73,"₹ 18,337.11",BRD-YTM
T027776,02/01/2024,F02372,Input Purchase,DAP,35 kg,₹ 40.26,"₹ 1,409.10",BRD-YTM
T028305,18/11/2024,F01023,delivery,Cotton,5.34 q,"₹ 8,895.00","₹ 47,499.30",BRD-YTM
T025826,05/11/2023,F02486,DELIVERY,COTTON (Kapas),0.82 q,"₹ 9,350.00","₹ 7,667.00",BRD-YTM
T021538,05/12/2022,F01036,INPUT_PURCHASE,FERTILIZER 50kg bag,109 kgs,₹ 56.54,"₹ 6,162.86",BRD-YTM
T000421,01/07/2019,F01100,input,FERTILIZER 50kg bag,162 kgs,₹ 30.75,"₹ 4,981.50",BRD-YTM
T021523,29/12/2022,F01030,input,Urea,57 kgs,₹ 32.76,"₹ 1,867.32",BRD-YTM
T019019,09/03/2022, F02417 ,FPO_DELIVERY,GRAM (Chana),6.18 q,"₹ 6,540.00","₹ 40,417.20",BRD-YTM
T027553,08/12/2023,F02225,INPUT_PURCHASE,Urea,182 kg,₹ 34.99,"₹ 6,368.18",BRD-YTM
T023993,12/11/2023,F01079,D,kapas,1.5 qtl,"₹ 8,790.00","₹ 13,097.10",BRD-YTM
T004653,03/03/2020,F01022,DELIVERY,GRAM (Chana),1.81 q,"₹ 6,130.00","₹ 11,095.30",BRD-YTM
T023829,21/12/2022,F02514,input,Fertilizer,182 kg,₹ 40.97,"₹ 7,456.54",BRD-YTM
T019168,22/10/2022,F01013,delivery,COTTON (Kapas),9.9 qtl,"₹ 8,810.00","₹ 87,042.80",BRD-YTM
T030334,22/06/2024,F02641,FERT_PURCHASE,Seeds,36 kg,₹ 96.60,"₹ 3,477.60",BRD-YTM
T014053,23/06/2021,F01063,INPUT_PURCHASE,FERTILIZER 50kg bag,36 kgs,₹ 58.19,"₹ 2,094.84",BRD-YTM
T004698,26/03/2020,F01038,FPO_DELIVERY,GRAM (Chana),32.8 qtl,"₹ 6,200.00","₹ 2,03,236.00",BRD-YTM
T032297,20/03/2025,F02636,FPO_DELIVERY,chana,2.53 quintals,"₹ 7,405.00","₹ 18,734.65",BRD-YTM
