txn_id,txn_date,farmer_id,txn_type,item,qty,rate_inr,amount_inr,gid
T000652,05/10/2019,F01154,FPO_DELIVERY,Soybean (Yellow),1.26 quintals,"Rs. 4,765/-","Rs. 6,004/-",BRD-AMT
T000653,29/07/2019,F01154,loan,Loan Repayment,,,"Rs. 7,600/-",BRD-AMT
T000654,20/11/2019,F01154,L,Loan Repayment,,,"Rs. 1,600/-",BRD-AMT
T000655,29/10/2019,F01155,DELIVERY,soya,1.2 qtl,"Rs. 5,165/-","Rs. 6,146/-",BRD-AMT
T000656,27/11/2019,f01155,D,Soybean (Yellow),3.47 q,"Rs. 5,165/-","Rs. 17,923/-",BRD-AMT
T000657,02/10/2019,F01156,DELIVERY,Soybean (Yellow),1.80 q,"Rs. 4,645/-","Rs. 8,361/-",BRD-AMT
T000658,10/11/2019,f01156,DELIVERY,kapas,0.7 qtl,"Rs. 7,955/-","Rs. 5,250/-",BRD-AMT
T000659,26/11/2019,F01156,DELIVERY,Cotton,0.9 qtl,"Rs. 7,955/-","Rs. 7,319/-",BRD-AMT
T000660,01/06/2019,F01156,FERT_PURCHASE,DAP,152 kgs,Rs. 55/-,"Rs. 8,386/-",BRD-AMT
T000661,22/11/2019,F01157,delivery,Soybean (Yellow),0.43 quintals,"Rs. 5,000/-","Rs. 2,150/-",BRD-AMT
T000662,13/11/2019,F01157,Delivery,SOYABEAN,0.7 qtl,"Rs. 5,000/-","Rs. 3,600/-",BRD-AMT
T000663,18/06/2019,f01157,Input Purchase,FERTILIZER 50kg bag,209 kgs,Rs. 34/-,"Rs. 7,066/-",BRD-AMT
T000664,23/10/2019,F01158,Delivery,Soybean,15.1 qtl,"Rs. 4,555/-","Rs. 68,826/-",BRD-AMT
T000665,06/07/2019,f01158,input,SEEDS,273 kg,Rs. 81/-,"Rs. 22,007/-",BRD-AMT
T000666,01/06/2019,F01158,Input Purchase,NPK 10:26:26,122 kg,Rs. 34/-,"Rs. 4,194/-",BRD-AMT
T000667,25/06/2019,F01158,INPUT_PURCHASE,Hybrid Seeds,303 kg,Rs. 112/-,"Rs. 33,884/-",BRD-AMT
T000668,02/07/2019,F01158,FERT_PURCHASE,PP chemicals,109 kg,Rs. 607/-,"Rs. 66,148/-",BRD-AMT
T000669,05/10/2019,F01159,DELIVERY,soya,21.03 quintals,"Rs. 5,115/-","Rs. 1,07,568/-",BRD-AMT
T000670,30/11/2019,f01160,FPO_DELIVERY,SOYABEAN,13.4 qtl,"Rs. 5,280/-","Rs. 70,541/-",BRD-AMT
T000671,29/10/2019,F01160,delivery,kapas,1.52 quintals,"Rs. 8,125/-","Rs. 12,350/-",BRD-AMT
T000672,04/11/2019,f01160,FPO_DELIVERY,Cotton,7.3 qtl,"Rs. 8,125/-","Rs. 59,637.50",BRD-AMT
T000673,02/06/2019,F01160,Input Purchase,NPK 10:26:26,149 kgs,Rs. 31/-,"Rs. 4,661/-",BRD-AMT
T000674,16/11/2019,f01161,DELIVERY,Soybean (Yellow),1.15 q,"Rs. 4,870/-","Rs. 5,600.50",BRD-AMT
T000675,16/11/2019,F01161,D,SOYABEAN,6.0 qtl,"Rs. 4,870/-","Rs. 29,171/-",BRD-AMT
T000676,14/07/2019,F01161,input,PP chemicals,272 kgs,Rs. 121/-,"Rs. 32,871/-",BRD-AMT
T000677,15/10/2019,F01162,FPO_DELIVERY,soya,6.7 qtl,"Rs. 4,850/-","Rs. 32,689/-",BRD-AMT
T000678,19/10/2019,F01162,Delivery,Soybean,5.94 quintals,"Rs. 4,850/-","Rs. 28,809/-",BRD-AMT
T000679,14/07/2019,f01162,I,NPK 10:26:26,304 kg,Rs. 30/-,"Rs. 9,239/-",BRD-AMT
T000680,02/06/2019,F01162,I,Hybrid Seeds,77 kgs,Rs. 93/-,"Rs. 7,176/-",BRD-AMT
T000681,05/07/2019, F01162 ,LOAN_REPAY,EMI,,,"Rs. 3,500/-",BRD-AMT
T000682,18/10/2019,F01163,Delivery,Soybean (Yellow),13.83 quintals,"Rs. 4,985/-","Rs. 68,943/-",BRD-AMT
T000683,20/10/2019,F01163,Delivery,Soybean,4.43 quintals,"Rs. 4,985/-","Rs. 22,084/-",BRD-AMT
T000684,19/11/2019,F01163,Delivery,Soybean (Yellow),12.4 qtl,"Rs. 4,985/-","Rs. 61,814/-",BRD-AMT
T000685,06/06/2019,F01163,I,FERTILIZER 50kg bag,256 kg,Rs. 53/-,"Rs. 13,686/-",BRD-AMT
T000686,06/07/2019,f01163,input,FERTILIZER 50kg bag,40 kgs,Rs. 35/-,"Rs. 1,414/-",BRD-AMT
T000687,10/10/2019,F01164,delivery,Soybean (Yellow),11.14 quintals,"Rs. 4,835/-","Rs. 53,862/-",BRD-AMT
T000688,18/10/2019,F01164,Delivery,SOYABEAN,11.26 quintals,"Rs. 4,835/-","Rs. 54,442/-",BRD-AMT
T000689,02/06/2019,F01164,input,Seeds,156 kg,Rs. 109/-,"Rs. 17,065/-",BRD-AMT
T000690,11/11/2019,F01165,DELIVERY,soya,19.9 qtl,"Rs. 4,995/-","Rs. 99,500/-",BRD-AMT
T000691,14/10/2019,F01165,DELIVERY,Soybean,3.7 qtl,"Rs. 4,995/-","Rs. 18,581/-",BRD-AMT
T000692,13/07/2019,F01165,input,NPK 10:26:26,261 kgs,Rs. 50/-,"Rs. 13,102/-",BRD-AMT
T000693,07/07/2019,F01165,I,Hybrid Seeds,296 kg,Rs. 118/-,"Rs. 35,064/-",BRD-AMT
T000694,15/11/2019,f01166,delivery,Soybean,2.7 qtl,"Rs. 4,695/-","Rs. 12,864/-",BRD-AMT
T000695,31/10/2019,f01166,FPO_DELIVERY,Cotton,1.73 q,"Rs. 7,740/-","Rs. 13,390/-",BRD-AMT
T000696,22/11/2019,F01166,DELIVERY,COTTON (Kapas),0.38 quintals,"Rs. 7,740/-","Rs. 2,941/-",BRD-AMT
T000697,24/06/2019,F01166,FERT_PURCHASE,NPK 10:26:26,295 kgs,Rs. 59/-,"Rs. 17,529/-",BRD-AMT
T000698,02/11/2019,F01167,D,SOYABEAN,1.26 q,"Rs. 4,910/-","Rs. 6,187/-",BRD-AMT
T000699,14/11/2019,F01167,delivery,soya,4.70 quintals,"Rs. 4,910/-","Rs. 23,077/-",BRD-AMT
T000700,23/11/2019,F01168,D,SOYABEAN,2.8 qtl,"Rs. 4,965/-","Rs. 13,703/-",BRD-AMT
T000701,10/11/2019,F01168,D,soya,0.68 q,"Rs. 4,965/-","Rs. 3,376/-",BRD-AMT
T000702,18/11/2019,F01168,Delivery,Soybean,5.53 q,"Rs. 4,965/-","Rs. 27,456/-",BRD-AMT
T000703,01/07/2019,F01168,FERT_PURCHASE,SEEDS,49 kgs,Rs. 98/-,"Rs. 4,801/-",BRD-AMT
T000704,04/10/2019,F01169,DELIVERY,Soybean,11.04 quintals,"Rs. 4,730/-","Rs. 52,219/-",BRD-AMT
T000705,03/11/2019,f01169,delivery,Soybean (Yellow),5.16 quintals,"Rs. 4,730/-","Rs. 24,407/-",BRD-AMT
T000706,11/06/2019,F01169,input,NPK 10:26:26,235 kg,Rs. 42/-,"Rs. 9,877/-",BRD-AMT
T000707,06/11/2019,F01170,FPO_DELIVERY,SOYABEAN,3.53 quintals,"Rs. 4,965/-","Rs. 17,526/-",BRD-AMT
T000708,23/11/2019,F01170,delivery,SOYABEAN,13.97 q,"Rs. 4,965/-","Rs. 69,361/-",BRD-AMT
T000709,02/10/2019,f01170,D,kapas,14.32 q,"Rs. 7,890/-","Rs. 1,12,985/-",BRD-AMT
T000710,18/06/2019,f01170,INPUT_PURCHASE,Fertilizer,284 kg,Rs. 41/-,"Rs. 11,783/-",BRD-AMT
T000711,08/07/2019,F01170,FERT_PURCHASE,DAP,286 kg,Rs. 32/-,"Rs. 9,215/-",BRD-AMT
T000712,17/10/2019,F01171,D,SOYABEAN,11.4 qtl,"Rs. 4,605/-","Rs. 52,405/-",BRD-AMT
T000713,13/06/2019,F01171,FERT_PURCHASE,SEEDS,173 kg,Rs. 92/-,"Rs. 15,911/-",BRD-AMT
T000714,08/06/2019,F01171,input,Hybrid Seeds,246 kg,Rs. 114/-,"Rs. 27,970/-",BRD-AMT
T000715,19/10/2019,F01172,DELIVERY,Soybean (Yellow),11.2 qtl,"Rs. 4,735/-","Rs. 53,221/-",BRD-AMT
T000716,03/06/2019,F01172,FERT_PURCHASE,Seeds,163 kgs,Rs. 59/-,"Rs. 9,641/-",BRD-AMT
T000717,04/06/2019,F01172,FERT_PURCHASE,Seeds,56 kgs,Rs. 62/-,"Rs. 3,448/-",BRD-AMT
T000718,14/06/2019,F01172,INPUT_PURCHASE,PPC,256 kgs,Rs. 470/-,"Rs. 1,20,430/-",BRD-AMT
T000719,24/06/2019,F01172,INPUT_PURCHASE,Urea,271 kgs,Rs. 55/-,"Rs. 14,981/-",BRD-AMT
T000720,27/10/2019,F01173,delivery,Soybean,1.35 quintals,"Rs. 5,020/-","Rs. 6,777/-",BRD-AMT
T000721,13/10/2019,F01174,Delivery,soya,5.70 q,"Rs. 4,785/-","Rs. 27,274.50",BRD-AMT
T000722,22/11/2019,F01174,delivery,Soybean (Yellow),0.58 q,"Rs. 4,785/-","Rs. 2,775/-",BRD-AMT
T000723,18/10/2019,F01174,FPO_DELIVERY,Cotton Kapas,4.97 quintals,"Rs. 7,615/-","Rs. 37,847/-",BRD-AMT
T000724,03/11/2019,f01175,Delivery,soya,21.70 q,"Rs. 5,175/-","Rs. 1,12,297.50",BRD-AMT
T000725,16/11/2019,f01175,delivery,Soybean,2.0 qtl,"Rs. 5,175/-","Rs. 10,609/-",BRD-AMT
T000726,02/06/2019,F01175,INPUT_PURCHASE,NPK 10:26:26,214 kgs,Rs. 47/-,"Rs. 10,039/-",BRD-AMT
T000727,14/07/2019,F01175,Input Purchase,DAP,229 kgs,Rs. 53/-,"Rs. 12,082/-",BRD-AMT
T000728,16/11/2019,F01176,Delivery,Soybean (Yellow),6.2 qtl,"Rs. 4,945/-","Rs. 30,461/-",BRD-AMT
T000729,14/11/2019,F01176,delivery,kapas,4.63 quintals,"Rs. 7,830/-","Rs. 36,253/-",BRD-AMT
T000730,01/07/2019,F01176,input,Hybrid Seeds,258 kgs,Rs. 67/-,"Rs. 17,402/-",BRD-AMT
T000731,10/10/2019,F01177,Delivery,soya,1.75 quintals,"Rs. 5,000/-","Rs. 8,750/-",BRD-AMT
T000732,16/10/2019,f01177,DELIVERY,Soybean (Yellow),4.90 q,"Rs. 5,000/-","Rs. 24,500/-",BRD-AMT
T000733,16/10/2019,F01177,LOAN_REPAY,Loan Repayment,,,"Rs. 1,400/-",BRD-AMT
T000734,20/07/2019,F01177,LOAN_REPAY,EMI,,,"Rs. 4,200/-",BRD-AMT
T000735,16/11/2019,F01178,FPO_DELIVERY,Soybean,8.28 q,"Rs. 4,995/-","Rs. 41,359/-",BRD-AMT
T000736,05/07/2019,F01178,I,Urea,229 kgs,Rs. 29/-,"Rs. 6,648/-",BRD-AMT
T000737,18/06/2019,F01178,input,Bio-pesticide,273 kg,Rs. 401/-,"Rs. 1,09,539/-",BRD-AMT
T000738,25/09/2019, F01178 ,LOAN_REPAY,Loan Repayment,,,"Rs. 5,200/-",BRD-AMT
T000739,29/10/2019,F01179,delivery,SOYABEAN,15.10 q,"Rs. 4,870/-","Rs. 73,537/-",BRD-AMT
T000740,20/11/2019,f01179,delivery,Soybean (Yellow),5.60 quintals,"Rs. 4,870/-","Rs. 27,272/-",BRD-AMT
T000741,26/10/2019, F01179 ,D,Cotton Kapas,15.95 quintals,"Rs. 7,150/-","Rs. 1,14,042.50",BRD-AMT
T000742,13/06/2019,F01179,I,Urea,180 kg,Rs. 31/-,"Rs. 5,504/-",BRD-AMT
T000743,22/06/2019,F01179,input,Urea,215 kg,Rs. 34/-,"Rs. 7,336/-",BRD-AMT
T000744,03/11/2019,f01180,delivery,Soybean,9.9 qtl,"Rs. 4,725/-","Rs. 46,588.50",BRD-AMT
T000745,20/06/2019,F01180,I,Urea,253 kgs,Rs. 56/-,"Rs. 14,095/-",BRD-AMT
T000746,14/10/2019,F01181,DELIVERY,Soybean (Yellow),0.09 quintals,"Rs. 4,895/-",Rs. 441/-,BRD-AMT
T000747,27/10/2019,F01181,delivery,Soybean (Yellow),12.56 quintals,"Rs. 4,895/-","Rs. 61,481/-",BRD-AMT
T000748,23/10/2019,F01181,delivery,soya,2.54 q,"Rs. 4,895/-","Rs. 12,433/-",BRD-AMT
T000749,18/06/2019,F01181,I,Urea,83 kg,Rs. 45/-,"Rs. 3,766/-",BRD-AMT
T000750,13/06/2019,F01181,input,Fertilizer,158 kg,Rs. 54/-,"Rs. 8,560/-",BRD-AMT
T000751,21/08/2019,F01181,loan,EMI,,,"Rs. 2,700/-",BRD-AMT
T000752,12/07/2019,F01181,LOAN_REPAY,EMI,,,"Rs. 7,700/-",BRD-AMT
T000753,30/06/2019,F01181,L,EMI,,,"Rs. 6,900/-",BRD-AMT
T000754,26/10/2019,f01181,Loan Repayment,EMI,,,"Rs. 4,600/-",BRD-AMT
T000755,19/10/2019,F01182,D,Soybean,8.74 quintals,"Rs. 4,695/-","Rs. 41,034/-",BRD-AMT
T000756,10/07/2019,f01182,input,NPK 10:26:26,143 kg,Rs. 45/-,"Rs. 6,414/-",BRD-AMT
T000757,21/11/2019,f01183,Delivery,Soybean,9.08 q,"Rs. 5,030/-","Rs. 45,672/-",BRD-AMT
T000758,26/10/2019,F01183,delivery,SOYABEAN,5.3 qtl,"Rs. 5,030/-","Rs. 26,458/-",BRD-AMT
T000759,16/10/2019,F01183,D,COTTON (Kapas),3.38 quintals,"Rs. 7,430/-","Rs. 25,113/-",BRD-AMT
T000760,10/10/2019,F01183,DELIVERY,Cotton Kapas,10.9 qtl,"Rs. 7,430/-","Rs. 80,690/-",BRD-AMT
T000761,23/06/2019,F01183,INPUT_PURCHASE,SEEDS,190 kg,Rs. 49/-,"Rs. 9,371/-",BRD-AMT
T000762,15/06/2019,F01183,FERT_PURCHASE,PP chemicals,145 kgs,Rs. 487/-,"Rs. 70,567/-",BRD-AMT
T000763,12/07/2019,F01183,input,Hybrid Seeds,40 kg,Rs. 68/-,"Rs. 2,737/-",BRD-AMT
T000764,28/06/2019,F01183,input,FERTILIZER 50kg bag,78 kg,Rs. 59/-,"Rs. 4,615/-",BRD-AMT
T000765,26/06/2019,F01183,Loan Repayment,Loan Repayment,,,"Rs. 4,100/-",BRD-AMT
T000766,04/10/2019,f01183,LOAN_REPAY,EMI,,,"Rs. 2,700/-",BRD-AMT
T000767,06/10/2019, F01184 ,Delivery,Soybean (Yellow),6.69 q,"Rs. 4,610/-","Rs. 30,841/-",BRD-AMT
T000768,16/10/2019,F01184,LOAN_REPAY,EMI,,,"Rs. 3,600/-",BRD-AMT
T000769,25/10/2019,F01185,delivery,SOYABEAN,1.37 q,"Rs. 4,995/-","Rs. 6,843/-",BRD-AMT
T000770,24/10/2019,F01185,FPO_DELIVERY,SOYABEAN,0.92 quintals,"Rs. 4,995/-","Rs. 4,595/-",BRD-AMT
T000771,14/06/2019,F01185,FERT_PURCHASE,SEEDS,156 kg,Rs. 73/-,"Rs. 11,338/-",BRD-AMT
T000772,14/10/2019,F01186,Delivery,Soybean (Yellow),2.52 quintals,"Rs. 4,995/-","Rs. 12,587/-",BRD-AMT
T000773,31/10/2019,F01186,FPO_DELIVERY,Soybean (Yellow),11.14 q,"Rs. 4,995/-","Rs. 55,644/-",BRD-AMT
T000774,14/07/2019,F01186,Input Purchase,Urea,159 kgs,Rs. 36/-,"Rs. 5,740/-",BRD-AMT
T000775,08/08/2019,f01186,L,EMI,,,"Rs. 5,300/-",BRD-AMT
T000776,02/10/2019,F01186,L,Loan Repayment,,,"Rs. 1,800/-",BRD-AMT
T000777,12/10/2019,F01187,D,Soybean,3.0 qtl,"Rs. 4,700/-","Rs. 13,912/-",BRD-AMT
T000778,29/11/2019,F01187,Delivery,soya,2.43 q,"Rs. 4,700/-","Rs. 11,421/-",BRD-AMT
T000779,01/07/2019,F01187,FERT_PURCHASE,Fertilizer,56 kgs,Rs. 59/-,"Rs. 3,322/-",BRD-AMT
T000780,25/10/2019,F01188,D,Soybean,19.89 quintals,"Rs. 4,765/-","Rs. 94,776/-",BRD-AMT
T000781,22/06/2019,F01188,I,DAP,305 kgs,Rs. 51/-,"Rs. 15,653/-",BRD-AMT
T000782,21/06/2019,F01188,input,SEEDS,63 kgs,Rs. 75/-,"Rs. 4,721/-",BRD-AMT
T000783,04/06/2019,F01188,input,Seeds,46 kg,Rs. 47/-,"Rs. 2,184/-",BRD-AMT
T000784,03/06/2019,f01188,INPUT_PURCHASE,Seeds,28 kgs,Rs. 127/-,"Rs. 3,548/-",BRD-AMT
T000785,07/06/2019,F01188,input,Bio-pesticide,132 kg,Rs. 259/-,"Rs. 34,156/-",BRD-AMT
T000786,07/11/2019,F01189,FPO_DELIVERY,soya,33.45 quintals,"Rs. 4,885/-","Rs. 1,63,403/-",BRD-AMT
T000787,09/06/2019,F01189,INPUT_PURCHASE,Urea,162 kgs,Rs. 40/-,"Rs. 6,532/-",BRD-AMT
T000788,17/10/2019,F01189,L,Loan Repayment,,,"Rs. 2,900/-",BRD-AMT
T000789,06/06/2019,F01189,Loan Repayment,EMI,,,"Rs. 5,500/-",BRD-AMT
T000790,07/08/2019,F01189,LOAN_REPAY,EMI,,,"Rs. 4,700/-",BRD-AMT
T000791,28/10/2019, F01190 ,delivery,soya,13.57 quintals,"Rs. 5,120/-","Rs. 69,478/-",BRD-AMT
T000792,28/11/2019,F01190,FPO_DELIVERY,COTTON (Kapas),11.20 q,"Rs. 8,030/-","Rs. 89,936/-",BRD-AMT
T000793,23/10/2019,F01191,Delivery,soya,4.39 quintals,"Rs. 4,930/-","Rs. 21,643/-",BRD-AMT
T000794,31/10/2019,F01191,DELIVERY,Soybean (Yellow),3.31 q,"Rs. 4,930/-","Rs. 16,318/-",BRD-AMT
T000795,10/07/2019,F01191,I,Fertilizer,124 kg,Rs. 44/-,"Rs. 5,439/-",BRD-AMT
T000796,11/10/2019,F01192,D,Soybean (Yellow),0.65 quintals,"Rs. 5,035/-","Rs. 3,273/-",BRD-AMT
T000797,20/10/2019,F01192,D,SOYABEAN,16.2 qtl,"Rs. 5,035/-","Rs. 81,466/-",BRD-AMT
T000798,13/10/2019,F01192,Loan Repayment,EMI,,,"Rs. 7,500/-",BRD-AMT
T000799,06/10/2019,F01193,D,soya,9.5 qtl,"Rs. 5,010/-","Rs. 47,745/-",BRD-AMT
T000800,26/11/2019,F01193,DELIVERY,SOYABEAN,18.71 quintals,"Rs. 5,010/-","Rs. 93,737/-",BRD-AMT
T000801,17/11/2019,F01193,DELIVERY,Soybean,0.6 qtl,"Rs. 5,010/-","Rs. 2,806/-",BRD-AMT
T000802,16/06/2019,F01193,I,DAP,251 kg,Rs. 30/-,"Rs. 7,578/-",BRD-AMT
T000803,02/06/2019,F01193,Input Purchase,FERTILIZER 50kg bag,167 kgs,Rs. 35/-,"Rs. 5,763/-",BRD-AMT
T000804,19/11/2019,F01194,Delivery,soya,7.9 qtl,"Rs. 4,610/-","Rs. 36,419/-",BRD-AMT
T000805,14/11/2019,F01194,delivery,COTTON (Kapas),1.9 qtl,"Rs. 7,485/-","Rs. 14,221.50",BRD-AMT
T000806,28/10/2019,F01194,delivery,Cotton Kapas,5.32 quintals,"Rs. 7,485/-","Rs. 39,820/-",BRD-AMT
T000807,14/06/2019,F01194,INPUT_PURCHASE,DAP,72 kgs,Rs. 44/-,"Rs. 3,146/-",BRD-AMT
T000808,06/06/2019,F01194,L,Loan Repayment,,,"Rs. 3,800/-",BRD-AMT
T000809,08/10/2019,F01195,delivery,soya,31.93 quintals,"Rs. 4,835/-","Rs. 1,54,382/-",BRD-AMT
T000810,18/06/2019,F01195,FERT_PURCHASE,DAP,239 kgs,Rs. 39/-,"Rs. 9,299/-",BRD-AMT
T000811,01/06/2019,f01195,I,SEEDS,223 kgs,Rs. 78/-,"Rs. 17,492/-",BRD-AMT
T000812,23/10/2019,F01196,D,Soybean,1.69 q,"Rs. 5,050/-","Rs. 8,534.50",BRD-AMT
T000813,26/11/2019,F01196,Delivery,Soybean,3.28 q,"Rs. 5,050/-","Rs. 16,564/-",BRD-AMT
T000814,09/10/2019,F01197,delivery,soya,9.98 q,"Rs. 4,895/-","Rs. 48,852/-",BRD-AMT
T000815,09/06/2019, F01197 ,input,DAP,164 kg,Rs. 52/-,"Rs. 8,507/-",BRD-AMT
T000816,05/06/2019,F01197,FERT_PURCHASE,SEEDS,310 kgs,Rs. 59/-,"Rs. 18,234/-",BRD-AMT
T000817,02/07/2019,F01197,input,Bio-pesticide,55 kgs,Rs. 377/-,"Rs. 20,747/-",BRD-AMT
T000818,11/07/2019,f01197,LOAN_REPAY,Loan Repayment,,,"Rs. 5,700/-",BRD-AMT
T000819,20/11/2019, F01198 ,FPO_DELIVERY,Soybean (Yellow),4.92 quintals,"Rs. 4,255/-","Rs. 20,935/-",BRD-AMT
T000820,06/06/2019,F01198,Input Purchase,FERTILIZER 50kg bag,173 kg,Rs. 55/-,"Rs. 9,506/-",BRD-AMT
T000821,28/08/2019,F01198,L,EMI,,,"Rs. 5,200/-",BRD-AMT
T000822,06/06/2019,F01198,loan,Loan Repayment,,,"Rs. 4,300/-",BRD-AMT
T000823,25/10/2019,F01199,Delivery,Soybean,18.18 q,"Rs. 4,605/-","Rs. 83,719/-",BRD-AMT
T000824,13/10/2019,F01199,DELIVERY,SOYABEAN,2.59 quintals,"Rs. 4,605/-","Rs. 11,927/-",BRD-AMT
T000825,01/10/2019,F01199,FPO_DELIVERY,kapas,3.70 quintals,"Rs. 7,805/-","Rs. 28,878.50",BRD-AMT
T000826,26/11/2019,F01199,FPO_DELIVERY,COTTON (Kapas),14.2 qtl,"Rs. 7,805/-","Rs. 1,10,519/-",BRD-AMT
T000827,19/06/2019,F01199,Input Purchase,Hybrid Seeds,198 kg,Rs. 79/-,"Rs. 15,555/-",BRD-AMT
T000828,08/07/2019,F01199,I,PP chemicals,303 kg,Rs. 331/-,"Rs. 1,00,287/-",BRD-AMT
T000829,23/11/2019,F01200,Delivery,Soybean,1.0 qtl,"Rs. 4,965/-","Rs. 4,816/-",BRD-AMT
T000830,21/10/2019,f01200,D,Soybean (Yellow),2.47 q,"Rs. 4,965/-","Rs. 12,264/-",BRD-AMT
T000831,27/10/2019,F01200,delivery,SOYABEAN,6.45 q,"Rs. 4,965/-","Rs. 32,024/-",BRD-AMT
T000832,09/10/2019,F01200,FPO_DELIVERY,Cotton,0.18 q,"Rs. 7,775/-","Rs. 1,399.50",BRD-AMT
T000833,13/10/2019,f01200,DELIVERY,COTTON (Kapas),8.0 qtl,"Rs. 7,775/-","Rs. 62,122/-",BRD-AMT
T000834,22/10/2019,F01201,Delivery,SOYABEAN,2.9 qtl,"Rs. 4,950/-","Rs. 14,157/-",BRD-AMT
T000835,05/11/2019,F01201,DELIVERY,SOYABEAN,2.16 quintals,"Rs. 4,950/-","Rs. 10,692/-",BRD-AMT
T000836,27/06/2019,F01201,input,Fertilizer,178 kg,Rs. 33/-,"Rs. 5,787/-",BRD-AMT
T000837,17/09/2019,F01201,Loan Repayment,Loan Repayment,,,"Rs. 5,800/-",BRD-AMT
T000838,20/11/2019,F01202,Delivery,Soybean,27.83 quintals,"Rs. 4,785/-","Rs. 1,33,167/-",BRD-AMT
T000839,12/06/2019,F01202,I,DAP,219 kg,Rs. 37/-,"Rs. 8,053/-",BRD-AMT
T000840,09/07/2019,F01202,loan,EMI,,,"Rs. 2,900/-",BRD-AMT
T000841,12/10/2019,F01203,Delivery,Soybean,12.5 qtl,"Rs. 4,855/-","Rs. 60,687.50",BRD-AMT
T000842,02/10/2019,F01203,FPO_DELIVERY,Cotton Kapas,13.00 quintals,"Rs. 6,825/-","Rs. 88,725/-",BRD-AMT
T000843,06/07/2019,F01203,input,NPK 10:26:26,221 kgs,Rs. 46/-,"Rs. 10,263/-",BRD-AMT
T000844,14/06/2019,f01203,FERT_PURCHASE,FERTILIZER 50kg bag,61 kg,Rs. 43/-,"Rs. 2,649/-",BRD-AMT
T000845,10/06/2019,f01203,input,Urea,51 kg,Rs. 54/-,"Rs. 2,759/-",BRD-AMT
T000846,22/11/2019,F01204,DELIVERY,SOYABEAN,21.42 quintals,"Rs. 4,805/-","Rs. 1,02,923/-",BRD-AMT
T000847,02/11/2019,f01204,FPO_DELIVERY,COTTON (Kapas),4.61 q,"Rs. 7,760/-","Rs. 35,774/-",BRD-AMT
T000848,10/11/2019,F01204,Delivery,kapas,12.07 quintals,"Rs. 7,760/-","Rs. 93,663/-",BRD-AMT
T000849,19/10/2019, F01205 ,Delivery,Soybean,0.86 q,"Rs. 4,675/-","Rs. 4,020.50",BRD-AMT
T000850,30/11/2019,F01205,delivery,soya,15.2 qtl,"Rs. 4,675/-","Rs. 70,826/-",BRD-AMT
T000851,09/06/2019,F01205,INPUT_PURCHASE,Seeds,305 kg,Rs. 121/-,"Rs. 36,969/-",BRD-AMT
T000852,06/07/2019,f01205,INPUT_PURCHASE,Fertilizer,302 kg,Rs. 51/-,"Rs. 15,535/-",BRD-AMT
T000853,16/11/2019,F01205,loan,Loan Repayment,,,"Rs. 5,900/-",BRD-AMT
T000854,01/11/2019,F01205,LOAN_REPAY,Loan Repayment,,,"Rs. 3,700/-",BRD-AMT
T000855,20/10/2019,F01206,FPO_DELIVERY,Soybean,7.64 q,"Rs. 5,335/-","Rs. 40,759/-",BRD-AMT
T000856,03/06/2019,f01206,INPUT_PURCHASE,NPK 10:26:26,275 kg,Rs. 45/-,"Rs. 12,254/-",BRD-AMT
T000857,01/06/2019,F01206,input,Bio-pesticide,297 kgs,Rs. 560/-,"Rs. 1,66,344/-",BRD-AMT
T000858,18/10/2019,F01207,delivery,Soybean,23.26 quintals,"Rs. 4,965/-","Rs. 1,15,486/-",BRD-AMT
T000859,11/10/2019,F01208,FPO_DELIVERY,SOYABEAN,3.6 qtl,"Rs. 4,820/-","Rs. 17,400/-",BRD-AMT
T000860,19/10/2019, F01208 ,D,Soybean,4.35 quintals,"Rs. 4,820/-","Rs. 20,967/-",BRD-AMT
T000861,29/11/2019,F01208,Delivery,COTTON (Kapas),7.61 quintals,"Rs. 7,915/-","Rs. 60,233/-",BRD-AMT
T000862,23/06/2019,F01208,INPUT_PURCHASE,PP chemicals,77 kgs,Rs. 241/-,"Rs. 18,522/-",BRD-AMT
T000863,09/07/2019,F01208,FERT_PURCHASE,Hybrid Seeds,41 kg,Rs. 72/-,"Rs. 2,940/-",BRD-AMT
T000864,21/11/2019,F01209,FPO_DELIVERY,soya,7.8 qtl,"Rs. 4,750/-","Rs. 36,955/-",BRD-AMT
T000865,25/11/2019,F01209,FPO_DELIVERY,Soybean (Yellow),3.62 q,"Rs. 4,750/-","Rs. 17,195/-",BRD-AMT
T000866,07/10/2019, F01209 ,FPO_DELIVERY,kapas,7.5 qtl,"Rs. 7,840/-","Rs. 58,722/-",BRD-AMT
T000867,21/06/2019,F01209,input,Hybrid Seeds,41 kgs,Rs. 46/-,"Rs. 1,891/-",BRD-AMT
T000868,16/06/2019,,FERT_PURCHASE,PP chemicals,63 kg,Rs. 520/-,"Rs. 32,781/-",BRD-AMT
T000869,10/07/2019,F01209,INPUT_PURCHASE,DAP,65 kg,Rs. 28/-,"Rs. 1,843/-",BRD-AMT
T000870,24/09/2019,F01209,L,EMI,,,Rs. 800/-,BRD-AMT
T000871,23/10/2019,f01210,FPO_DELIVERY,SOYABEAN,16.65 q,"Rs. 5,000/-","Rs. 83,250/-",BRD-AMT
T000872,21/08/2019,F01210,Loan Repayment,Loan Repayment,,,"Rs. 3,900/-",BRD-AMT
T000873,16/11/2019, F01211 ,D,SOYABEAN,19.7 qtl,"Rs. 4,880/-","Rs. 95,941/-",BRD-AMT
T000874,03/10/2019,F01211,D,Cotton,16.6 qtl,"Rs. 7,160/-","Rs. 1,18,641/-",BRD-AMT
T000875,15/11/2019,F01211,FPO_DELIVERY,Cotton,0.7 qtl,"Rs. 7,160/-","Rs. 5,155/-",BRD-AMT
T000876,16/11/2019,F01212,Delivery,soya,1.4 qtl,"Rs. 5,005/-","Rs. 7,207/-",BRD-AMT
T000877,17/11/2019,F01212,D,soya,6.41 q,"Rs. 5,005/-","Rs. 32,082/-",BRD-AMT
T000878,02/06/2019,F01212,input,PPC,239 kgs,Rs. 536/-,"Rs. 1,28,023/-",BRD-AMT
T000879,24/10/2019,F01213,delivery,Soybean (Yellow),19.2 qtl,"Rs. 4,930/-","Rs. 94,607/-",BRD-AMT
T000880,12/11/2019,F01213,Delivery,SOYABEAN,4.32 quintals,"Rs. 4,930/-","Rs. 21,298/-",BRD-AMT
T000881,08/10/2019,F01213,Delivery,Cotton,2.24 q,"Rs. 7,760/-","Rs. 17,382/-",BRD-AMT
T000882,04/11/2019,F01213,DELIVERY,kapas,12.47 q,"Rs. 7,760/-","Rs. 96,767/-",BRD-AMT
T000883,12/11/2019,F01213,FPO_DELIVERY,kapas,4.98 quintals,"Rs. 7,760/-","Rs. 38,645/-",BRD-AMT
T000884,28/10/2019,F01214,DELIVERY,Soybean (Yellow),15.58 quintals,"Rs. 4,860/-","Rs. 75,719/-",BRD-AMT
T000885,09/06/2019,F01214,INPUT_PURCHASE,Seeds,114 kg,Rs. 58/-,"Rs. 6,648/-",BRD-AMT
T000886,18/11/2019,F01215,DELIVERY,SOYABEAN,12.92 q,"Rs. 4,585/-","Rs. 59,238/-",BRD-AMT
T000887,09/11/2019,F01215,DELIVERY,kapas,7.34 quintals,"Rs. 7,525/-","Rs. 55,233.50",BRD-AMT
T000888,16/10/2019,F01215,D,kapas,2.4 qtl,"Rs. 7,525/-","Rs. 18,210.50",BRD-AMT
T000889,05/06/2019,f01215,input,Urea,216 kgs,Rs. 34/-,"Rs. 7,439/-",BRD-AMT
T000890,10/07/2019,F01215,I,Fertilizer,57 kg,Rs. 59/-,"Rs. 3,369/-",BRD-AMT
T000891,29/11/2019,F01216,delivery,Soybean,2.4 qtl,"Rs. 4,610/-","Rs. 11,110/-",BRD-AMT
T000892,20/10/2019,F01216,DELIVERY,Soybean (Yellow),5.17 quintals,"Rs. 4,610/-","Rs. 23,834/-",BRD-AMT
T000893,03/10/2019,F01216,DELIVERY,Soybean (Yellow),7.29 quintals,"Rs. 4,610/-","Rs. 33,607/-",BRD-AMT
T000894,10/06/2019,F01216,Input Purchase,Urea,152 kg,Rs. 40/-,"Rs. 6,129/-",BRD-AMT
T000895,10/06/2019, F01216 ,I,NPK 10:26:26,243 kgs,Rs. 44/-,"Rs. 10,600/-",BRD-AMT
T000896,13/11/2019,F01217,delivery,soya,6.54 quintals,"Rs. 5,250/-","Rs. 34,335/-",BRD-AMT
T000897,13/10/2019,f01217,D,soya,0.4 qtl,"Rs. 5,250/-","Rs. 1,890/-",BRD-AMT
T000898,29/06/2019,F01217,Input Purchase,SEEDS,178 kg,Rs. 104/-,"Rs. 18,428/-",BRD-AMT
T000899,30/06/2019,F01217,input,Seeds,155 kg,Rs. 112/-,"Rs. 17,377/-",BRD-AMT
T000900,02/07/2019,F01217,input,Bio-pesticide,25 kg,Rs. 290/-,"Rs. 7,241/-",BRD-AMT
T000901,18/11/2019,F01218,D,Soybean (Yellow),3.34 q,"Rs. 4,775/-","Rs. 15,948.50",BRD-AMT
T000902,02/10/2019,F01218,FPO_DELIVERY,SOYABEAN,9.14 quintals,"Rs. 4,775/-","Rs. 43,643.50",BRD-AMT
T000903,04/06/2019,F01218,Input Purchase,Fertilizer,208 kgs,Rs. 37/-,"Rs. 7,773/-",BRD-AMT
T000904,03/07/2019,F01218,FERT_PURCHASE,PP chemicals,54 kg,Rs. 395/-,"Rs. 21,349/-",BRD-AMT
T000905,09/07/2019,F01218,I,Fertilizer,45 kg,Rs. 60/-,"Rs. 2,679/-",BRD-AMT
T000906,10/11/2019,F01219,delivery,SOYABEAN,13.44 q,"Rs. 5,100/-","Rs. 68,544/-",BRD-AMT
T000907,28/10/2019,F01219,D,soya,0.25 quintals,"Rs. 5,100/-","Rs. 1,275/-",BRD-AMT
T000908,12/09/2019,F01219,LOAN_REPAY,EMI,,,"Rs. 1,400/-",BRD-AMT
T000909,25/10/2019,F01220,Delivery,soya,2.58 quintals,"Rs. 4,640/-","Rs. 11,971/-",BRD-AMT
T000910,27/06/2019,F01220,input,NPK 10:26:26,152 kg,Rs. 32/-,"Rs. 4,894/-",BRD-AMT
T000911,05/07/2019,F01220,I,Seeds,303 kgs,Rs. 64/-,"Rs. 19,356/-",BRD-AMT
T000912,24/10/2019,f01221,D,soya,10.1 qtl,"Rs. 4,875/-","Rs. 48,994/-",BRD-AMT
T000913,19/06/2019,F01221,INPUT_PURCHASE,DAP,175 kg,Rs. 38/-,"Rs. 6,722/-",BRD-AMT
T000914,04/07/2019,F01221,I,Bio-pesticide,236 kgs,Rs. 566/-,"Rs. 1,33,545/-",BRD-AMT
T000915,17/10/2019,F01222,DELIVERY,Soybean (Yellow),0.82 q,"Rs. 4,835/-","Rs. 3,965/-",BRD-AMT
T000916,20/11/2019,F01222,D,SOYABEAN,6.68 quintals,"Rs. 4,835/-","Rs. 32,298/-",BRD-AMT
T000917,11/10/2019,f01223,delivery,SOYABEAN,42.0 qtl,"Rs. 5,060/-","Rs. 2,12,520/-",BRD-AMT
T000918,17/11/2019,F01223,Delivery,soya,8.93 q,"Rs. 5,060/-","Rs. 45,186/-",BRD-AMT
T000919,27/10/2019,F01224,delivery,Soybean (Yellow),4.63 q,"Rs. 4,985/-","Rs. 23,081/-",BRD-AMT
T000920,08/11/2019,F01224,DELIVERY,SOYABEAN,3.26 q,"Rs. 4,985/-","Rs. 16,251/-",BRD-AMT
T000921,12/11/2019,F01225,FPO_DELIVERY,SOYABEAN,3.62 quintals,"Rs. 5,040/-","Rs. 18,245/-",BRD-AMT
T000922,03/11/2019,F01225,FPO_DELIVERY,SOYABEAN,9.18 q,"Rs. 5,040/-","Rs. 46,267/-",BRD-AMT
T000923,12/06/2019,F01225,input,Seeds,147 kgs,Rs. 93/-,"Rs. 13,683/-",BRD-AMT
T000924,14/07/2019,F01225,I,FERTILIZER 50kg bag,217 kg,Rs. 38/-,"Rs. 8,287/-",BRD-AMT
T000925,19/10/2019,f01226,delivery,Soybean,9.44 q,"Rs. 4,635/-","Rs. 43,754/-",BRD-AMT
T000926,11/07/2019,F01226,INPUT_PURCHASE,DAP,299 kg,Rs. 37/-,"Rs. 11,066/-",BRD-AMT
T000927,27/11/2019,F01227,D,Soybean,5.7 qtl,"Rs. 4,735/-","Rs. 27,037/-",BRD-AMT
T000928,25/10/2019,F01227,DELIVERY,SOYABEAN,11.49 quintals,"Rs. 4,735/-","Rs. 54,405/-",BRD-AMT
T000929,20/11/2019,F01227,DELIVERY,Soybean (Yellow),3.6 qtl,"Rs. 4,735/-","Rs. 16,857/-",BRD-AMT
T000930,12/11/2019,F01227,D,Cotton Kapas,8.19 q,"Rs. 7,255/-","Rs. 59,418/-",BRD-AMT
T000931,23/11/2019,F01227,D,Cotton,5.4 qtl,"Rs. 7,255/-","Rs. 39,032/-",BRD-AMT
T000932,10/10/2019,F01227,delivery,kapas,2.4 qtl,"Rs. 7,255/-","Rs. 17,339/-",BRD-AMT
T000933,15/06/2019,F01227,INPUT_PURCHASE,FERTILIZER 50kg bag,155 kg,Rs. 50/-,"Rs. 7,765.50",BRD-AMT
T000934,21/06/2019,f01227,INPUT_PURCHASE,PPC,194 kg,Rs. 443/-,"Rs. 86,006/-",BRD-AMT
T000935,31/10/2019,f01228,Delivery,Soybean,3.6 qtl,"Rs. 4,805/-","Rs. 17,250/-",BRD-AMT
T000936,26/11/2019,F01228,delivery,Soybean,1.78 q,"Rs. 4,805/-","Rs. 8,553/-",BRD-AMT
T000937,25/10/2019,F01229,DELIVERY,SOYABEAN,0.36 quintals,"Rs. 4,975/-","Rs. 1,791/-",BRD-AMT
T000938,30/11/2019,F01229,DELIVERY,soya,0.9 qtl,"Rs. 4,975/-","Rs. 4,428/-",BRD-AMT
T000939,07/07/2019,F01229,INPUT_PURCHASE,Urea,129 kg,Rs. 28/-,"Rs. 3,629/-",BRD-AMT
T000940,30/06/2019,F01229,Input Purchase,Urea,243 kg,Rs. 46/-,"Rs. 11,059/-",BRD-AMT
T000941,02/07/2019,F01229,Input Purchase,NPK 10:26:26,102 kgs,Rs. 29/-,"Rs. 2,932.50",BRD-AMT
T000942,10/11/2019,F01230,FPO_DELIVERY,Soybean (Yellow),0.24 q,"Rs. 4,890/-","Rs. 1,174/-",BRD-AMT
T000943,16/10/2019,F01230,Delivery,SOYABEAN,4.93 q,"Rs. 4,890/-","Rs. 24,108/-",BRD-AMT
T000944,06/10/2019,f01230,D,Cotton,3.5 qtl,"Rs. 7,985/-","Rs. 28,107/-",BRD-AMT
T000945,12/07/2019,F01230,I,NPK 10:26:26,38 kg,Rs. 29/-,"Rs. 1,121/-",BRD-AMT
T000946,13/06/2019,F01230,I,DAP,96 kgs,Rs. 45/-,"Rs. 4,365/-",BRD-AMT
T000947,01/07/2019,F01230,input,SEEDS,256 kg,Rs. 110/-,"Rs. 28,099/-",BRD-AMT
T000948,01/11/2019,F01231,delivery,Soybean,13.35 q,"Rs. 4,970/-","Rs. 66,349.50",BRD-AMT
T000949,25/10/2019,F01231,delivery,SOYABEAN,1.64 quintals,"Rs. 4,970/-","Rs. 8,151/-",BRD-AMT
T000950,01/07/2019,F01231,FERT_PURCHASE,NPK 10:26:26,143 kgs,Rs. 55/-,"Rs. 7,924/-",BRD-AMT
T000951,24/06/2019,F01231,I,Hybrid Seeds,235 kgs,Rs. 68/-,"Rs. 16,074/-",BRD-AMT
T000952,17/06/2019,F01231,INPUT_PURCHASE,Seeds,179 kg,Rs. 63/-,"Rs. 11,202/-",BRD-AMT
T000953,06/11/2019,F01231,Loan Repayment,EMI,,,"Rs. 2,600/-",BRD-AMT
T000954,22/06/2019,F01231,loan,EMI,,,"Rs. 3,000/-",BRD-AMT
T000955,25/06/2019,f01231,loan,EMI,,,"Rs. 7,100/-",BRD-AMT
T000956,27/10/2019,F01232,Delivery,SOYABEAN,0.72 q,"Rs. 4,930/-","Rs. 3,550/-",BRD-AMT
T000957,09/10/2019,F01232,delivery,SOYABEAN,4.42 q,"Rs. 4,930/-","Rs. 21,791/-",BRD-AMT
T000958,29/11/2019,F01232,DELIVERY,Cotton,1.64 q,"Rs. 7,720/-","Rs. 12,661/-",BRD-AMT
T000959,27/11/2019,F01232,FPO_DELIVERY,Cotton Kapas,0.40 quintals,"Rs. 7,720/-","Rs. 3,088/-",BRD-AMT
T000960,26/11/2019,F01232,D,kapas,1.9 qtl,"Rs. 7,720/-","Rs. 14,977/-",BRD-AMT
T000961,16/09/2019, F01232 ,LOAN_REPAY,EMI,,,"Rs. 7,000/-",BRD-AMT
T000962,19/07/2019,F01232,loan,Loan Repayment,,,"Rs. 7,900/-",BRD-AMT
T000963,23/10/2019,F01233,DELIVERY,SOYABEAN,3.12 q,"Rs. 5,335/-","Rs. 16,645/-",BRD-AMT
T000964,31/10/2019,F01233,delivery,Soybean (Yellow),6.74 quintals,"Rs. 5,335/-","Rs. 35,958/-",BRD-AMT
T000965,06/07/2019,f01233,I,SEEDS,163 kg,Rs. 117/-,"Rs. 18,994/-",BRD-AMT
T000966,17/10/2019,F01234,D,Soybean (Yellow),7.83 q,"Rs. 4,745/-","Rs. 37,153/-",BRD-AMT
T000967,20/06/2019,F01234,INPUT_PURCHASE,NPK 10:26:26,197 kg,Rs. 46/-,"Rs. 9,054/-",BRD-AMT
T000968,15/11/2019,F01235,delivery,Soybean (Yellow),8.11 quintals,"Rs. 4,635/-","Rs. 37,590/-",BRD-AMT
T000969,13/11/2019,F01235,FPO_DELIVERY,SOYABEAN,2.12 quintals,"Rs. 4,635/-","Rs. 9,826/-",BRD-AMT
T000970,13/10/2019, F01235 ,FPO_DELIVERY,COTTON (Kapas),6.38 q,"Rs. 7,095/-","Rs. 45,266/-",BRD-AMT
T000971,13/07/2019,f01235,FERT_PURCHASE,NPK 10:26:26,165 kg,Rs. 39/-,"Rs. 6,443/-",BRD-AMT
T000972,06/06/2019,F01235,Input Purchase,PP chemicals,204 kgs,Rs. 204/-,"Rs. 41,581/-",BRD-AMT
T000973,24/10/2019,F01236,delivery,Soybean (Yellow),5.2 qtl,"Rs. 4,850/-","Rs. 25,220/-",BRD-AMT
T000974,12/11/2019,F01236,FPO_DELIVERY,soya,15.1 qtl,"Rs. 4,850/-","Rs. 73,138/-",BRD-AMT
T000975,06/07/2019,F01236,INPUT_PURCHASE,Urea,212 kgs,Rs. 38/-,"Rs. 8,026/-",BRD-AMT
T000976,09/06/2019,F01236,I,DAP,293 kgs,Rs. 34/-,"Rs. 9,842/-",BRD-AMT
T000977,08/07/2019,F01236,INPUT_PURCHASE,DAP,159 kg,Rs. 37/-,"Rs. 5,889/-",BRD-AMT
T000978,14/07/2019,F01236,FERT_PURCHASE,DAP,299 kgs,Rs. 34/-,"Rs. 10,202/-",BRD-AMT
T000979,02/10/2019,F01237,FPO_DELIVERY,soya,40.58 quintals,"Rs. 5,325/-","Rs. 2,16,088.50",BRD-AMT
T000980,23/06/2019,F01237,FERT_PURCHASE,NPK 10:26:26,126 kg,Rs. 39/-,"Rs. 4,964/-",BRD-AMT
T000981,11/07/2019,F01237,input,DAP,175 kg,Rs. 29/-,"Rs. 5,073/-",BRD-AMT
T000982,15/07/2019,F01237,Loan Repayment,Loan Repayment,,,"Rs. 3,200/-",BRD-AMT
T000983,11/11/2019,F01238,FPO_DELIVERY,Soybean,0.1 qtl,"Rs. 4,980/-",Rs. 598/-,BRD-AMT
T000984,22/10/2019,F01238,DELIVERY,Soybean (Yellow),6.49 q,"Rs. 4,980/-","Rs. 32,320/-",BRD-AMT
T000985,05/10/2019,F01238,FPO_DELIVERY,Cotton,3.9 qtl,"Rs. 7,420/-","Rs. 28,864/-",BRD-AMT
T000986,16/10/2019,F01238,FPO_DELIVERY,kapas,0.38 q,"Rs. 7,420/-","Rs. 2,820/-",BRD-AMT
T000987,14/07/2019,F01238,input,Urea,89 kgs,Rs. 52/-,"Rs. 4,592/-",BRD-AMT
T000988,29/06/2019, F01238 ,INPUT_PURCHASE,Seeds,88 kg,Rs. 100/-,"Rs. 8,767/-",BRD-AMT
T000989,27/06/2019,F01238,INPUT_PURCHASE,Fertilizer,90 kgs,Rs. 45/-,"Rs. 4,018.50",BRD-AMT
T000990,03/11/2019,F01239,D,soya,15.34 q,"Rs. 5,215/-","Rs. 79,998/-",BRD-AMT
T000991,28/11/2019,F01239,delivery,soya,5.46 q,"Rs. 5,215/-","Rs. 28,474/-",BRD-AMT
T000992,14/06/2019,F01239,input,DAP,295 kg,Rs. 45/-,"Rs. 13,414/-",BRD-AMT
T000993,01/06/2019,F01239,input,NPK 10:26:26,183 kg,Rs. 39/-,"Rs. 7,210/-",BRD-AMT
T000994,08/07/2019,F01239,Input Purchase,NPK 10:26:26,125 kgs,Rs. 54/-,"Rs. 6,784/-",BRD-AMT
T000995,03/06/2019,F01239,Input Purchase,NPK 10:26:26,257 kgs,Rs. 50/-,"Rs. 12,824/-",BRD-AMT
T000996,12/10/2019,F01240,DELIVERY,SOYABEAN,2.26 q,"Rs. 4,955/-","Rs. 11,198/-",BRD-AMT
T000997,20/06/2019,F01240,I,SEEDS,284 kg,Rs. 113/-,"Rs. 32,069/-",BRD-AMT
T000998,14/10/2019,F01241,delivery,soya,15.88 quintals,"Rs. 4,705/-","Rs. 74,715/-",BRD-AMT
T000999,16/06/2019,F01241,Input Purchase,PP chemicals,220 kg,Rs. 195/-,"Rs. 42,940/-",BRD-AMT
T001000,14/11/2019,F01242,delivery,SOYABEAN,2.90 quintals,"Rs. 4,900/-","Rs. 14,210/-",BRD-AMT
T001001,25/11/2019,F01242,DELIVERY,Soybean (Yellow),1.32 quintals,"Rs. 4,900/-","Rs. 6,468/-",BRD-AMT
T001002,13/07/2019,f01242,INPUT_PURCHASE,Hybrid Seeds,181 kgs,Rs. 63/-,"Rs. 11,457/-",BRD-AMT
T001003,02/07/2019,F01242,LOAN_REPAY,EMI,,,"Rs. 6,600/-",BRD-AMT
T001004,22/07/2019,F01242,Loan Repayment,EMI,,,"Rs. 7,000/-",BRD-AMT
T001005,07/11/2019,f01242,Loan Repayment,Loan Repayment,,,"Rs. 3,500/-",BRD-AMT
T001006,13/06/2019,F01242,Loan Repayment,EMI,,,"Rs. 5,700/-",BRD-AMT
T001007,07/10/2019,F01243,FPO_DELIVERY,Soybean,0.87 quintals,"Rs. 4,960/-","Rs. 4,315/-",BRD-AMT
T001008,19/10/2019,f01243,D,Soybean (Yellow),6.70 quintals,"Rs. 4,960/-","Rs. 33,232/-",BRD-AMT
T001009,23/11/2019,f01244,D,SOYABEAN,3.31 q,"Rs. 4,660/-","Rs. 15,425/-",BRD-AMT
T001010,02/06/2019,F01244,Input Purchase,SEEDS,143 kgs,Rs. 92/-,"Rs. 13,196/-",BRD-AMT
T001011,19/10/2019,F01245,delivery,Soybean,0.50 q,"Rs. 4,730/-","Rs. 2,365/-",BRD-AMT
T001012,09/11/2019,F01245,delivery,soya,6.11 quintals,"Rs. 4,730/-","Rs. 28,900/-",BRD-AMT
T001013,07/11/2019,F01245,delivery,SOYABEAN,12.73 q,"Rs. 4,730/-","Rs. 60,213/-",BRD-AMT
T001014,17/06/2019,F01245,INPUT_PURCHASE,FERTILIZER 50kg bag,126 kg,Rs. 55/-,"Rs. 6,944/-",BRD-AMT
T001015,02/07/2019,F01245,INPUT_PURCHASE,DAP,56 kgs,Rs. 48/-,"Rs. 2,709/-",BRD-AMT
T001016,07/06/2019,F01245,Input Purchase,Urea,192 kgs,Rs. 45/-,"Rs. 8,673/-",BRD-AMT
T001017,27/10/2019,F01246,D,SOYABEAN,17.16 q,"Rs. 4,840/-","Rs. 83,054/-",BRD-AMT
T001018,20/06/2019,F01246,FERT_PURCHASE,SEEDS,182 kg,Rs. 127/-,"Rs. 23,143/-",BRD-AMT
T001019,20/06/2019,F01246,Input Purchase,Fertilizer,205 kgs,Rs. 44/-,"Rs. 9,047/-",BRD-AMT
T001020,19/10/2019,f01247,DELIVERY,SOYABEAN,1.2 qtl,"Rs. 4,845/-","Rs. 5,862/-",BRD-AMT
T001021,09/10/2019,F01247,Delivery,SOYABEAN,1.20 q,"Rs. 4,845/-","Rs. 5,814/-",BRD-AMT
T001022,11/10/2019,f01247,DELIVERY,SOYABEAN,3.48 q,"Rs. 4,845/-","Rs. 16,861/-",BRD-AMT
T001023,03/11/2019,F01248,delivery,SOYABEAN,2.30 q,"Rs. 5,165/-","Rs. 11,879/-",BRD-AMT
T001024,18/10/2019,F01248,Delivery,Soybean (Yellow),5.08 quintals,"Rs. 5,165/-","Rs. 26,238/-",BRD-AMT
T001025,18/10/2019,F01248,delivery,kapas,5.93 q,"Rs. 7,235/-","Rs. 42,904/-",BRD-AMT
T001026,12/07/2019,F01248,input,Seeds,143 kg,Rs. 50/-,"Rs. 7,219/-",BRD-AMT
T001027,12/06/2019,F01248,input,Urea,125 kgs,Rs. 46/-,"Rs. 5,689/-",BRD-AMT
T001028,22/10/2019,F01249,FPO_DELIVERY,Soybean,9.45 q,"Rs. 4,925/-","Rs. 46,541/-",BRD-AMT
T001029,18/11/2019,F01249,FPO_DELIVERY,Soybean (Yellow),11.24 q,"Rs. 4,925/-","Rs. 55,357/-",BRD-AMT
T001030,31/08/2019,F01249,Loan Repayment,EMI,,,"Rs. 7,400/-",BRD-AMT
T001031,23/11/2019,F01249,loan,Loan Repayment,,,"Rs. 1,100/-",BRD-AMT
T001032,20/10/2019,F01250,Delivery,Soybean (Yellow),4.18 q,"Rs. 4,955/-","Rs. 20,712/-",BRD-AMT
T001033,29/11/2019,F01250,delivery,Soybean,1.50 q,"Rs. 4,955/-","Rs. 7,432.50",BRD-AMT
T001034,27/11/2019,F01251,Delivery,soya,5.88 quintals,"Rs. 4,660/-","Rs. 27,401/-",BRD-AMT
T001035,13/11/2019,F01251,delivery,soya,6.02 q,"Rs. 4,660/-","Rs. 28,053/-",BRD-AMT
T001036,18/06/2019,f01251,INPUT_PURCHASE,DAP,92 kgs,Rs. 32/-,"Rs. 2,945/-",BRD-AMT
T001037,03/07/2019,F01251,I,DAP,56 kg,Rs. 32/-,"Rs. 1,795/-",BRD-AMT
T001038,10/10/2019,F01252,D,Soybean (Yellow),3.0 qtl,"Rs. 5,070/-","Rs. 15,007/-",BRD-AMT
T001039,03/10/2019,f01252,FPO_DELIVERY,soya,5.54 q,"Rs. 5,070/-","Rs. 28,088/-",BRD-AMT
T001040,01/06/2019,F01252,I,FERTILIZER 50kg bag,215 kg,Rs. 52/-,"Rs. 11,184/-",BRD-AMT
T001041,07/06/2019,F01252,FERT_PURCHASE,Fertilizer,49 kgs,Rs. 51/-,"Rs. 2,489/-",BRD-AMT
T001042,05/10/2019,F01253,FPO_DELIVERY,SOYABEAN,3.39 quintals,"Rs. 4,795/-","Rs. 16,255/-",BRD-AMT
T001043,23/11/2019,F01253,loan,Loan Repayment,,,"Rs. 4,200/-",BRD-AMT
T001044,06/10/2019,F01253,L,Loan Repayment,,,"Rs. 2,900/-",BRD-AMT
T001045,24/07/2019,F01253,L,Loan Repayment,,,"Rs. 7,300/-",BRD-AMT
T001046,27/09/2019,F01253,LOAN_REPAY,EMI,,,"Rs. 5,300/-",BRD-AMT
T001047,12/10/2019, F01254 ,delivery,soya,6.35 q,"Rs. 4,625/-","Rs. 29,369/-",BRD-AMT
T001048,17/10/2019,F01254,Delivery,Soybean,24.50 quintals,"Rs. 4,625/-","Rs. 1,13,312.50",BRD-AMT
T001049,05/10/2019,F01254,DELIVERY,Cotton,11.52 quintals,"Rs. 7,205/-","Rs. 83,002/-",BRD-AMT
T001050,28/11/2019, F01254 ,DELIVERY,Cotton Kapas,4.08 q,"Rs. 7,205/-","Rs. 29,396/-",BRD-AMT
T001051,25/11/2019,F01254,DELIVERY,Cotton Kapas,8.75 q,"Rs. 7,205/-","Rs. 63,044/-",BRD-AMT
T001052,03/07/2019,F01254,input,Fertilizer,318 kgs,Rs. 55/-,"Rs. 17,509/-",BRD-AMT
T001053,02/07/2019, F01254 ,FERT_PURCHASE,Hybrid Seeds,275 kg,Rs. 49/-,"Rs. 13,464/-",BRD-AMT
T001054,05/06/2019,F01254,input,NPK 10:26:26,46 kgs,Rs. 45/-,"Rs. 2,084/-",BRD-AMT
T001055,02/07/2019,F01254,I,FERTILIZER 50kg bag,265 kgs,Rs. 33/-,"Rs. 8,673/-",BRD-AMT
T001056,07/10/2019,F01255,FPO_DELIVERY,Soybean,0.62 q,"Rs. 5,140/-","Rs. 3,187/-",BRD-AMT
T001057,22/10/2019,F01255,Delivery,SOYABEAN,2.34 quintals,"Rs. 5,140/-","Rs. 12,028/-",BRD-AMT
T001058,19/11/2019, F01255 ,LOAN_REPAY,Loan Repayment,,,"Rs. 5,200/-",BRD-AMT
T001059,30/09/2019,F01255,L,Loan Repayment,,,"Rs. 1,400/-",BRD-AMT
T001060,25/08/2019, F01255 ,Loan Repayment,Loan Repayment,,,"Rs. 4,100/-",BRD-AMT
T001061,30/10/2019,F01256,DELIVERY,SOYABEAN,2.1 qtl,"Rs. 4,940/-","Rs. 10,423/-",BRD-AMT
T001062,24/10/2019,F01256,FPO_DELIVERY,Soybean,0.9 qtl,"Rs. 4,940/-","Rs. 4,495/-",BRD-AMT
T001063,22/06/2019,F01256,INPUT_PURCHASE,SEEDS,61 kg,Rs. 105/-,"Rs. 6,388/-",BRD-AMT
T001064,08/07/2019,F01256,Input Purchase,Hybrid Seeds,237 kg,Rs. 128/-,"Rs. 30,270/-",BRD-AMT
T001065,01/10/2019,f01257,Delivery,soya,0.39 quintals,"Rs. 4,820/-","Rs. 1,880/-",BRD-AMT
T001066,20/06/2019,F01257,INPUT_PURCHASE,DAP,142 kg,Rs. 58/-,"Rs. 8,218/-",BRD-AMT
T001067,02/06/2019,F01257,INPUT_PURCHASE,Urea,172 kgs,Rs. 38/-,"Rs. 6,524/-",BRD-AMT
T001068,30/08/2019,f01257,L,EMI,,,"Rs. 4,500/-",BRD-AMT
T001069,04/11/2019,f01258,delivery,Soybean,0.06 quintals,"Rs. 4,955/-",Rs. 297/-,BRD-AMT
T001070,16/10/2019,F01258,FPO_DELIVERY,SOYABEAN,0.12 q,"Rs. 4,955/-",Rs. 595/-,BRD-AMT
T001071,26/11/2019,F01258,LOAN_REPAY,EMI,,,"Rs. 3,900/-",BRD-AMT
T001072,06/11/2019,f01259,Delivery,SOYABEAN,10.7 qtl,"Rs. 4,960/-","Rs. 53,171/-",BRD-AMT
T001073,17/06/2019,F01259,Input Purchase,Fertilizer,102 kgs,Rs. 38/-,"Rs. 3,861/-",BRD-AMT
T001074,10/11/2019,F01260,D,SOYABEAN,10.03 quintals,"Rs. 4,740/-","Rs. 47,542/-",BRD-AMT
T001075,24/11/2019,F01260,DELIVERY,SOYABEAN,0.2 qtl,"Rs. 4,740/-","Rs. 1,138/-",BRD-AMT
T001076,12/11/2019,F01260,delivery,SOYABEAN,2.05 q,"Rs. 4,740/-","Rs. 9,717/-",BRD-AMT
T001077,15/06/2019,F01260,I,Urea,260 kgs,Rs. 38/-,"Rs. 9,831/-",BRD-AMT
T001078,30/06/2019,F01260,INPUT_PURCHASE,NPK 10:26:26,164 kg,Rs. 37/-,"Rs. 5,999/-",BRD-AMT
T001079,01/07/2019,F01260,FERT_PURCHASE,DAP,150 kgs,Rs. 33/-,"Rs. 5,016/-",BRD-AMT
T001080,18/10/2019,F01261,D,Soybean,2.20 q,"Rs. 4,630/-","Rs. 10,186/-",BRD-AMT
T001081,04/11/2019,F01261,FPO_DELIVERY,SOYABEAN,6.39 q,"Rs. 4,630/-","Rs. 29,586/-",BRD-AMT
T001082,04/11/2019,F01261,DELIVERY,Cotton,6.0 qtl,"Rs. 7,190/-","Rs. 43,356/-",BRD-AMT
T001083,19/11/2019,F01261,DELIVERY,COTTON (Kapas),0.84 quintals,"Rs. 7,190/-","Rs. 6,040/-",BRD-AMT
T001084,03/07/2019,F01261,input,Fertilizer,273 kgs,Rs. 42/-,"Rs. 11,542/-",BRD-AMT
T001085,20/10/2019,F01262,DELIVERY,soya,14.9 qtl,"Rs. 4,640/-","Rs. 68,997/-",BRD-AMT
T001086,15/06/2019,F01262,Input Purchase,Seeds,104 kg,Rs. 72/-,"Rs. 7,532/-",BRD-AMT
T001087,02/06/2019,f01262,input,FERTILIZER 50kg bag,213 kgs,Rs. 52/-,"Rs. 11,025/-",BRD-AMT
T001088,23/06/2019,F01262,I,Urea,141 kgs,Rs. 32/-,"Rs. 4,575/-",BRD-AMT
T001089,26/11/2019,F01263,FPO_DELIVERY,Soybean (Yellow),9.29 quintals,"Rs. 5,215/-","Rs. 48,447/-",BRD-AMT
T001090,14/11/2019,F01263,FPO_DELIVERY,soya,2.59 quintals,"Rs. 5,215/-","Rs. 13,507/-",BRD-AMT
T001091,10/07/2019,F01263,INPUT_PURCHASE,FERTILIZER 50kg bag,265 kg,Rs. 51/-,"Rs. 13,494/-",BRD-AMT
T001092,04/06/2019,F01263,I,NPK 10:26:26,156 kgs,Rs. 49/-,"Rs. 7,597/-",BRD-AMT
T001093,26/10/2019,F01264,FPO_DELIVERY,SOYABEAN,7.7 qtl,"Rs. 4,955/-","Rs. 37,906/-",BRD-AMT
T001094,15/06/2019,F01264,input,Seeds,157 kg,Rs. 79/-,"Rs. 12,441/-",BRD-AMT
T001095,11/11/2019,F01265,FPO_DELIVERY,soya,0.23 q,"Rs. 5,485/-","Rs. 1,262/-",BRD-AMT
T001096,07/11/2019,F01265,delivery,SOYABEAN,7.35 q,"Rs. 5,485/-","Rs. 40,315/-",BRD-AMT
T001097,28/06/2019,F01265,INPUT_PURCHASE,Hybrid Seeds,278 kgs,Rs. 54/-,"Rs. 15,132/-",BRD-AMT
T001098,19/10/2019,f01266,Delivery,Soybean,3.9 qtl,"Rs. 5,045/-","Rs. 19,524/-",BRD-AMT
T001099,17/11/2019,F01266,FPO_DELIVERY,COTTON (Kapas),2.9 qtl,"Rs. 7,640/-","Rs. 21,927/-",BRD-AMT
T001100,17/06/2019,F01266,Input Purchase,FERTILIZER 50kg bag,47 kg,Rs. 56/-,"Rs. 2,640/-",BRD-AMT
T001101,09/07/2019,F01266,input,FERTILIZER 50kg bag,226 kgs,Rs. 58/-,"Rs. 13,183/-",BRD-AMT
T001102,23/10/2019, F01267 ,Delivery,Soybean,0.51 q,"Rs. 5,020/-","Rs. 2,560/-",BRD-AMT
T001103,21/10/2019,F01267,D,soya,1.33 q,"Rs. 5,020/-","Rs. 6,677/-",BRD-AMT
T001104,32/01/2022,F01267,Delivery,Soybean (Yellow),2.4 qtl,"Rs. 5,020/-","Rs. 12,249/-",BRD-AMT
T001105,26/10/2019,F01268,DELIVERY,Soybean (Yellow),2.60 quintals,"Rs. 4,850/-","Rs. 12,610/-",BRD-AMT
T001106,29/11/2019, F01268 ,FPO_DELIVERY,Soybean,5.45 q,"Rs. 4,850/-","Rs. 26,432.50",BRD-AMT
T001107,09/06/2019,F01268,input,SEEDS,57 kg,Rs. 71/-,"Rs. 4,025/-",BRD-AMT
T001108,17/06/2019,f01268,INPUT_PURCHASE,Hybrid Seeds,262 kgs,Rs. 123/-,"Rs. 32,210/-",BRD-AMT
T001109,12/06/2019,F01268,INPUT_PURCHASE,FERTILIZER 50kg bag,269 kgs,Rs. 32/-,"Rs. 8,600/-",BRD-AMT
T001110,09/06/2019,F01268,LOAN_REPAY,EMI,,,"Rs. 6,500/-",BRD-AMT
T001111,07/10/2019,F01269,FPO_DELIVERY,SOYABEAN,7.9 qtl,"Rs. 4,830/-","Rs. 38,157/-",BRD-AMT
T001112,17/10/2019,F01269,DELIVERY,soya,3.14 q,"Rs. 4,830/-","Rs. 15,166/-",BRD-AMT
T001113,11/10/2019,F01269,DELIVERY,Cotton Kapas,9.3 qtl,"Rs. 7,635/-","Rs. 71,082/-",BRD-AMT
T001114,10/07/2019,f01269,Loan Repayment,Loan Repayment,,,"Rs. 3,300/-",BRD-AMT
T001115,20/11/2019,F01270,Delivery,SOYABEAN,7.44 q,"Rs. 4,730/-","Rs. 35,191/-",BRD-AMT
T001116,23/06/2019,F01270,I,Seeds,219 kg,Rs. 76/-,"Rs. 16,552/-",BRD-AMT
T001117,06/07/2019,F01270,Loan Repayment,EMI,,,"Rs. 5,000/-",BRD-AMT
T001118,04/11/2019,f01270,loan,Loan Repayment,,,"Rs. 2,400/-",BRD-AMT
T001119,18/11/2019,F01271,Delivery,SOYABEAN,0.37 q,"Rs. 5,125/-","Rs. 1,896/-",BRD-AMT
T001120,15/11/2019,F01271,FPO_DELIVERY,Soybean,0.55 quintals,"Rs. 5,125/-","Rs. 2,819/-",BRD-AMT
T001121,31/10/2019,F01271,D,Soybean (Yellow),2.53 quintals,"Rs. 5,125/-","Rs. 12,966/-",BRD-AMT
T001122,06/06/2019,F01271,INPUT_PURCHASE,DAP,159 kgs,Rs. 57/-,"Rs. 9,074/-",BRD-AMT
T001123,15/06/2019,F01271,input,SEEDS,304 kgs,Rs. 120/-,"Rs. 36,407/-",BRD-AMT
T001124,12/11/2019,F01272,delivery,Soybean,2.97 q,"Rs. 5,025/-","Rs. 14,924/-",BRD-AMT
T001125,11/10/2019,F01272,DELIVERY,SOYABEAN,0.3 qtl,"Rs. 5,025/-","Rs. 1,608/-",BRD-AMT
T001126,15/11/2019,F01272,D,Cotton,0.1 qtl,"Rs. 7,555/-",Rs. 604/-,BRD-AMT
T001127,06/11/2019,f01272,FPO_DELIVERY,kapas,1.5 qtl,"Rs. 7,555/-","Rs. 11,484/-",BRD-AMT
T001128,03/11/2019,F01272,FPO_DELIVERY,kapas,1.0 qtl,"Rs. 7,555/-","Rs. 7,328/-",BRD-AMT
T001129,27/10/2019,F01273,FPO_DELIVERY,Soybean,3.76 quintals,"Rs. 4,680/-","Rs. 17,597/-",BRD-AMT
T001130,04/10/2019,F01273,FPO_DELIVERY,Soybean (Yellow),3.86 q,"Rs. 4,680/-","Rs. 18,065/-",BRD-AMT
T001131,07/10/2019,F01273,D,kapas,0.06 q,"Rs. 7,555/-",Rs. 453/-,BRD-AMT
T001132,01/10/2019,F01273,delivery,Cotton,7.27 q,"Rs. 7,555/-","Rs. 54,925/-",BRD-AMT
T001133,09/10/2019,F01274,Delivery,Soybean (Yellow),9.21 q,"Rs. 5,090/-","Rs. 46,879/-",BRD-AMT
T001134,02/11/2019,F01274,D,kapas,0.26 q,"Rs. 6,880/-","Rs. 1,789/-",BRD-AMT
T001135,26/10/2019,f01274,Delivery,Cotton,6.4 qtl,"Rs. 6,880/-","Rs. 43,963/-",BRD-AMT
T001136,27/11/2019,F01275,Delivery,SOYABEAN,1.9 qtl,"Rs. 4,870/-","Rs. 9,253/-",BRD-AMT
T001137,22/11/2019,F01275,Delivery,Soybean (Yellow),5.65 q,"Rs. 4,870/-","Rs. 27,515.50",BRD-AMT
T001138,11/11/2019,F01275,delivery,Cotton,5.80 quintals,"Rs. 7,755/-","Rs. 44,979/-",BRD-AMT
T001139,11/07/2019,F01275,FERT_PURCHASE,Fertilizer,225 kg,Rs. 40/-,"Rs. 9,056/-",BRD-AMT
T001140,07/06/2019,f01275,INPUT_PURCHASE,SEEDS,280 kg,Rs. 113/-,"Rs. 31,508/-",BRD-AMT
T001141,29/11/2019,F01276,delivery,Soybean (Yellow),7.77 q,"Rs. 5,045/-","Rs. 39,200/-",BRD-AMT
T001142,24/10/2019,F01276,Delivery,Soybean,3.58 q,"Rs. 5,045/-","Rs. 18,061/-",BRD-AMT
T001143,03/10/2019,F01277,DELIVERY,Soybean (Yellow),7.08 q,"Rs. 4,810/-","Rs. 34,055/-",BRD-AMT
T001144,11/11/2019,F01277,delivery,Cotton,1.07 quintals,"Rs. 7,190/-","Rs. 7,693/-",BRD-AMT
T001145,19/10/2019,F01277,FPO_DELIVERY,Cotton Kapas,0.2 qtl,"Rs. 7,190/-","Rs. 1,438/-",BRD-AMT
T001146,12/11/2019,f01277,FPO_DELIVERY,COTTON (Kapas),4.65 quintals,"Rs. 7,190/-","Rs. 33,433.50",BRD-AMT
T001147,24/11/2019, F01278 ,delivery,SOYABEAN,13.23 quintals,"Rs. 5,500/-","Rs. 72,765/-",BRD-AMT
T001148,22/07/2019,F01278,L,EMI,,,Rs. 800/-,BRD-AMT
T001149,11/11/2019,F01279,DELIVERY,soya,6.57 q,"Rs. 4,865/-","Rs. 31,963/-",BRD-AMT
T001150,27/11/2019,f01279,DELIVERY,soya,9.2 qtl,"Rs. 4,865/-","Rs. 44,855/-",BRD-AMT
T001151,29/11/2019,F01279,FPO_DELIVERY,SOYABEAN,2.10 q,"Rs. 4,865/-","Rs. 10,216.50",BRD-AMT
T001152,05/11/2019,F01280,DELIVERY,soya,15.31 quintals,"Rs. 4,615/-","Rs. 70,656/-",BRD-AMT
T001153,09/10/2019,F01280,D,SOYABEAN,11.63 quintals,"Rs. 4,615/-","Rs. 53,672/-",BRD-AMT
T001154,09/11/2019,F01280,DELIVERY,soya,1.28 q,"Rs. 4,615/-","Rs. 5,907/-",BRD-AMT
T001155,29/06/2019,F01280,I,FERTILIZER 50kg bag,277 kg,Rs. 51/-,"Rs. 14,163/-",BRD-AMT
T001156,06/07/2019,F01280,L,EMI,,,"Rs. 3,700/-",BRD-AMT
T001157,17/10/2019,F01281,delivery,Soybean,4.7 qtl,"Rs. 4,815/-","Rs. 22,727/-",BRD-AMT
T001158,29/10/2019,f01281,Delivery,Soybean (Yellow),0.08 quintals,"Rs. 4,815/-",Rs. 385/-,BRD-AMT
T001159,20/06/2019,F01281,FERT_PURCHASE,PP chemicals,201 kg,Rs. 417/-,"Rs. 83,847/-",BRD-AMT
T001160,04/07/2019,f01281,input,Fertilizer,26 kgs,Rs. 34/-,Rs. 891/-,BRD-AMT
T001161,09/06/2019,F01281,FERT_PURCHASE,Urea,206 kgs,Rs. 38/-,"Rs. 7,814/-",BRD-AMT
T001162,31/10/2019,f01282,DELIVERY,Soybean,7.5 qtl,"Rs. 5,050/-","Rs. 37,925.50",BRD-AMT
T001163,11/10/2019,F01282,DELIVERY,soya,26.69 q,"Rs. 5,050/-","Rs. 1,34,784.50",BRD-AMT
T001164,15/10/2019,F01282,FPO_DELIVERY,COTTON (Kapas),9.48 quintals,"Rs. 7,545/-","Rs. 71,527/-",BRD-AMT
T001165,07/11/2019,F01282,D,Cotton Kapas,16.48 q,"Rs. 7,545/-","Rs. 1,24,342/-",BRD-AMT
T001166,09/07/2019, F01282 ,FERT_PURCHASE,Urea,263 kgs,Rs. 44/-,"Rs. 11,564/-",BRD-AMT
T001167,05/06/2019,f01282,INPUT_PURCHASE,PP chemicals,90 kgs,Rs. 621/-,"Rs. 55,912/-",BRD-AMT
T001168,29/06/2019,f01282,input,SEEDS,179 kg,Rs. 112/-,"Rs. 20,075/-",BRD-AMT
T001169,24/10/2019,F01283,Delivery,SOYABEAN,3.25 q,"Rs. 4,940/-","Rs. 16,055/-",BRD-AMT
T001170,07/11/2019,F01283,Delivery,Soybean (Yellow),1.8 qtl,"Rs. 4,940/-","Rs. 8,744/-",BRD-AMT
T001171,30/06/2019,F01283,FERT_PURCHASE,Fertilizer,166 kgs,Rs. 36/-,"Rs. 5,961/-",BRD-AMT
T001172,19/11/2019,f01284,D,SOYABEAN,2.26 quintals,"Rs. 4,650/-","Rs. 10,509/-",BRD-AMT
T001173,27/11/2019,F01284,LOAN_REPAY,Loan Repayment,,,"Rs. 7,800/-",BRD-AMT
T001174,28/10/2019,F01285,Delivery,SOYABEAN,9.7 qtl,"Rs. 4,890/-","Rs. 47,629/-",BRD-AMT
T001175,19/11/2019,F01285,Delivery,Soybean (Yellow),12.61 quintals,"Rs. 4,890/-","Rs. 61,663/-",BRD-AMT
T001176,22/11/2019,F01286,delivery,Soybean,21.96 q,"Rs. 5,175/-","Rs. 1,13,643/-",BRD-AMT
T001177,12/10/2019,F01286,delivery,kapas,7.24 quintals,"Rs. 7,710/-","Rs. 55,820/-",BRD-AMT
T001178,11/11/2019,F01286,DELIVERY,kapas,8.8 qtl,"Rs. 7,710/-","Rs. 68,079/-",BRD-AMT
T001179,07/07/2019,F01286,input,FERTILIZER 50kg bag,67 kgs,Rs. 59/-,"Rs. 3,974/-",BRD-AMT
T001180,02/06/2019,F01286,I,FERTILIZER 50kg bag,60 kg,Rs. 47/-,"Rs. 2,839/-",BRD-AMT
T001181,22/06/2019,F01286,input,NPK 10:26:26,72 kg,Rs. 42/-,"Rs. 3,019/-",BRD-AMT
T001182,22/11/2019,F01287,DELIVERY,Soybean (Yellow),14.45 quintals,"Rs. 4,670/-","Rs. 67,481.50",BRD-AMT
T001183,12/11/2019,f01288,FPO_DELIVERY,soya,21.94 q,"Rs. 4,940/-","Rs. 1,08,384/-",BRD-AMT
T001184,28/11/2019,F01288,Delivery,SOYABEAN,1.03 q,"Rs. 4,940/-","Rs. 5,088/-",BRD-AMT
T001185,02/06/2019,F01288,input,Urea,175 kgs,Rs. 29/-,"Rs. 5,134.50",BRD-AMT
T001186,06/06/2019,f01288,FERT_PURCHASE,Fertilizer,86 kgs,Rs. 49/-,"Rs. 4,239/-",BRD-AMT
T001187,14/07/2019,F01288,Input Purchase,SEEDS,149 kg,Rs. 106/-,"Rs. 15,863/-",BRD-AMT
T001188,14/06/2019,F01288,Input Purchase,PP chemicals,231 kg,Rs. 210/-,"Rs. 48,542/-",BRD-AMT
T001189,24/07/2019,F01288,Loan Repayment,Loan Repayment,,,"Rs. 7,500/-",BRD-AMT
T001190,19/08/2019,f01288,L,Loan Repayment,,,"Rs. 2,300/-",BRD-AMT
T001191,13/09/2019,F01288,L,EMI,,,"Rs. 1,300/-",BRD-AMT
T001192,24/06/2019,F01288,L,EMI,,,"Rs. 3,900/-",BRD-AMT
T001193,24/09/2019,F01288,Loan Repayment,EMI,,,"Rs. 4,900/-",BRD-AMT
T001194,11/10/2019,F01289,Delivery,Soybean,7.66 quintals,"Rs. 4,820/-","Rs. 36,921/-",BRD-AMT
T001195,04/10/2019,F01289,Delivery,COTTON (Kapas),7.2 qtl,"Rs. 7,270/-","Rs. 52,126/-",BRD-AMT
T001196,05/10/2019,F01289,delivery,Cotton,0.1 qtl,"Rs. 7,270/-",Rs. 727/-,BRD-AMT
T001197,09/07/2019,F01289,INPUT_PURCHASE,PP chemicals,65 kg,Rs. 305/-,"Rs. 19,839/-",BRD-AMT
T001198,27/06/2019,F01289,input,Hybrid Seeds,29 kg,Rs. 57.50,"Rs. 1,667.50",BRD-AMT
T001199,16/06/2019,f01289,INPUT_PURCHASE,FERTILIZER 50kg bag,301 kgs,Rs. 53/-,"Rs. 16,013/-",BRD-AMT
T001200,12/06/2019,F01289,loan,Loan Repayment,,,"Rs. 1,600/-",BRD-AMT
T001201,24/09/2019,F01289,loan,EMI,,,"Rs. 7,500/-",BRD-AMT
T001202,09/10/2019,F01290,FPO_DELIVERY,Soybean,5.0 qtl,"Rs. 4,990/-","Rs. 25,100/-",BRD-AMT
T001203,11/10/2019,F01290,FPO_DELIVERY,Soybean,1.49 q,"Rs. 4,990/-","Rs. 7,435/-",BRD-AMT
T001204,18/11/2019,F01291,FPO_DELIVERY,SOYABEAN,2.81 quintals,"Rs. 5,105/-","Rs. 14,345/-",BRD-AMT
T001205,20/10/2019,F01291,D,Cotton Kapas,0.50 quintals,"Rs. 7,225/-","Rs. 3,612.50",BRD-AMT
T001206,06/10/2019,F01291,FPO_DELIVERY,kapas,2.0 qtl,"Rs. 7,225/-","Rs. 14,594.50",BRD-AMT
T001207,21/06/2019,F01291,Input Purchase,Urea,251 kgs,Rs. 48.50,"Rs. 12,173.50",BRD-AMT
T001208,14/07/2019,F01291,Input Purchase,Urea,94 kg,Rs. 53/-,"Rs. 5,011/-",BRD-AMT
T001209,11/10/2019,F01292,DELIVERY,SOYABEAN,28.5 qtl,"Rs. 4,840/-","Rs. 1,37,988/-",BRD-AMT
T001210,11/11/2019, F01292 ,Delivery,SOYABEAN,12.8 qtl,"Rs. 4,840/-",₹ N/A,BRD-AMT
T001211,01/07/2019,F01292,I,SEEDS,184 kgs,Rs. 86/-,"Rs. 15,831/-",BRD-AMT
T001212,18/06/2019,F01292,INPUT_PURCHASE,DAP,164 kgs,Rs. 48/-,"Rs. 7,847/-",BRD-AMT
T001213,11/07/2019,F01292,input,NPK 10:26:26,61 kg,Rs. 40/-,"Rs. 2,437/-",BRD-AMT
T001214,07/07/2019,F01292,INPUT_PURCHASE,NPK 10:26:26,88 kg,Rs. 58/-,"Rs. 5,076/-",BRD-AMT
T001215,22/07/2019,F01292,LOAN_REPAY,EMI,,,"Rs. 6,800/-",BRD-AMT
T001216,31/10/2019,F01292,loan,EMI,,,"Rs. 6,000/-",BRD-AMT
T001217,29/11/2019,F01292,Loan Repayment,EMI,,,"Rs. 4,400/-",BRD-AMT
T001218,22/11/2019,F01293,Delivery,Soybean (Yellow),9.8 qtl,"Rs. 4,845/-","Rs. 47,481/-",BRD-AMT
T001219,21/10/2019,F01293,Delivery,Soybean (Yellow),3.6 qtl,"Rs. 4,845/-","Rs. 17,394/-",BRD-AMT
T001220,16/11/2019,F01293,delivery,Soybean (Yellow),0.16 q,"Rs. 4,845/-",Rs. 775/-,BRD-AMT
T001221,23/10/2019,F01294,FPO_DELIVERY,Soybean (Yellow),11.1 qtl,"Rs. 5,070/-","Rs. 56,226/-",BRD-AMT
T001222,01/11/2019, F01294 ,DELIVERY,Soybean (Yellow),8.0 qtl,"Rs. 5,070/-","Rs. 40,408/-",BRD-AMT
T001223,19/06/2019,F01294,I,Fertilizer,185 kg,Rs. 45/-,"Rs. 8,369/-",BRD-AMT
T001224,10/07/2019,f01294,INPUT_PURCHASE,NPK 10:26:26,158 kgs,Rs. 28/-,"Rs. 4,460/-",BRD-AMT
T001225,28/06/2019,F01294,Loan Repayment,EMI,,,"Rs. 7,200/-",BRD-AMT
T001226,12/10/2019,F01294,LOAN_REPAY,EMI,,,"Rs. 4,000/-",BRD-AMT
T001227,10/10/2019,F01295,DELIVERY,Soybean (Yellow),8.2 qtl,"Rs. 4,585/-","Rs. 37,826/-",BRD-AMT
T001228,07/06/2019,F01295,FERT_PURCHASE,NPK 10:26:26,270 kg,Rs. 31/-,"Rs. 8,473/-",BRD-AMT
T001229,07/06/2019,F01295,FERT_PURCHASE,Urea,25 kg,Rs. 29/-,Rs. 730/-,BRD-AMT
T001230,27/06/2019,F01295,loan,EMI,,,"Rs. 2,900/-",BRD-AMT
T001231,10/11/2019,F01296,Delivery,Soybean (Yellow),2.12 q,"Rs. 4,715/-","Rs. 9,996/-",BRD-AMT
T001232,21/11/2019,F01296,DELIVERY,soya,11.33 quintals,"Rs. 4,715/-","Rs. 53,421/-",BRD-AMT
T001233,20/10/2019,F01296,FPO_DELIVERY,soya,7.06 quintals,"Rs. 4,715/-","Rs. 33,288/-",BRD-AMT
T001234,14/07/2019,F01296,input,NPK 10:26:26,145 kg,Rs. 57/-,"Rs. 8,308.50",BRD-AMT
T001235,24/06/2019, F01296 ,INPUT_PURCHASE,Fertilizer,277 kg,Rs. 50/-,"Rs. 13,825/-",BRD-AMT
T001236,20/10/2019,F01297,delivery,Soybean,9.28 q,"Rs. 5,000/-","Rs. 46,400/-",BRD-AMT
T001237,11/06/2019,F01297,Input Purchase,Urea,25 kgs,Rs. 30/-,Rs. 751/-,BRD-AMT
T001238,18/06/2019,F01297,Input Purchase,NPK 10:26:26,65 kgs,Rs. 45/-,"Rs. 2,938/-",BRD-AMT
T001239,07/10/2019,F01297,loan,EMI,,,"Rs. 6,400/-",BRD-AMT
T001240,16/10/2019,F01298,DELIVERY,Soybean,1.29 q,"Rs. 4,910/-","Rs. 6,334/-",BRD-AMT
T001241,04/10/2019,F01298,Delivery,Soybean (Yellow),10.34 q,"Rs. 4,910/-","Rs. 50,769/-",BRD-AMT
T001242,07/06/2019,f01298,INPUT_PURCHASE,Hybrid Seeds,177 kg,Rs. 77/-,"Rs. 13,627/-",BRD-AMT
T001243,16/06/2019,F01298,I,FERTILIZER 50kg bag,99 kg,Rs. 41/-,"Rs. 4,030/-",BRD-AMT
T001244,10/11/2019,F01299,FPO_DELIVERY,SOYABEAN,3.33 quintals,"Rs. 4,950/-","Rs. 16,483.50",BRD-AMT
T001245,12/11/2019,F01299,Delivery,Soybean,2.74 q,"Rs. 4,950/-","Rs. 13,563/-",BRD-AMT
T001246,05/10/2019,F01299,D,Soybean,10.52 q,"Rs. 4,950/-","Rs. 52,074/-",BRD-AMT
T001247,04/06/2019,F01299,Input Purchase,NPK 10:26:26,72 kg,Rs. 57/-,"Rs. 4,128/-",BRD-AMT
T001248,02/11/2019,,Delivery,soya,7.1 qtl,"Rs. 4,635/-","Rs. 32,955/-",BRD-AMT
T001249,03/10/2019,F01300,FPO_DELIVERY,COTTON (Kapas),5.21 q,"Rs. 6,920/-","Rs. 36,053/-",BRD-AMT
T001250,03/07/2019,F01300,Input Purchase,PP chemicals,244 kgs,Rs. 698/-,"Rs. 1,70,410/-",BRD-AMT
T001251,19/06/2019,F01300,input,Bio-pesticide,122 kgs,Rs. 122/-,"Rs. 14,860/-",BRD-AMT
T001252,05/06/2019,F01300,INPUT_PURCHASE,Urea,226 kgs,Rs. 35/-,"Rs. 8,000/-",BRD-AMT
T001253,01/07/2019,F01300,FERT_PURCHASE,Seeds,147 kgs,Rs. 98/-,"Rs. 14,412/-",BRD-AMT
T001254,05/11/2019,F01300,LOAN_REPAY,EMI,,,"Rs. 2,700/-",BRD-AMT
T001255,08/11/2019,F01300,L,Loan Repayment,,,"Rs. 1,800/-",BRD-AMT
T004472,26/10/2019,F02220,Delivery,SOYABEAN,1.69 quintals,"Rs. 5,010/-","Rs. 8,467/-",BRD-AMT
T004473,18/10/2019,F02220,Delivery,Soybean (Yellow),21.33 q,"Rs. 5,010/-","Rs. 1,06,863/-",BRD-AMT
T004474,20/06/2019,f02220,Input Purchase,DAP,269 kgs,Rs. 60/-,"Rs. 16,094/-",BRD-AMT
T004482,01/10/2019,F02224,FPO_DELIVERY,soya,3.5 qtl,"Rs. 4,960/-","Rs. 17,360/-",BRD-AMT
T004483,08/10/2019,F02224,DELIVERY,Soybean,7.13 quintals,"Rs. 4,960/-","Rs. 35,365/-",BRD-AMT
T004484,12/06/2019,F02224,FERT_PURCHASE,FERTILIZER 50kg bag,41 kgs,Rs. 43/-,"Rs. 1,747/-",BRD-AMT
T004485,14/06/2019,F02224,INPUT_PURCHASE,Bio-pesticide,45 kg,Rs. 622/-,"Rs. 27,985/-",BRD-AMT
T004486,17/06/2019,F02224,input,Seeds,151 kg,Rs. 62/-,"Rs. 9,412/-",BRD-AMT
T004487,08/07/2019,F02224,FERT_PURCHASE,FERTILIZER 50kg bag,115 kgs,Rs. 48/-,"Rs. 5,519/-",BRD-AMT
T004488,27/09/2019, F02224 ,Loan Repayment,Loan Repayment,,,"Rs. 6,000/-",BRD-AMT
T004530,02/11/2019,F02234,Delivery,Soybean,5.93 quintals,"Rs. 4,825/-","Rs. 28,612/-",BRD-AMT
T004531,09/07/2019,F02234,FERT_PURCHASE,FERTILIZER 50kg bag,28 kgs,Rs. 36/-,"Rs. 1,007/-",BRD-AMT
T004532,01/06/2019,F02234,input,Fertilizer,317 kgs,Rs. 40/-,"Rs. 12,547/-",BRD-AMT
T004533,01/10/2019,F02235,delivery,Soybean (Yellow),14.5 qtl,"Rs. 4,715/-","Rs. 68,509/-",BRD-AMT
T004534,12/10/2019,f02235,delivery,soya,1.83 quintals,"Rs. 4,715/-","Rs. 8,628/-",BRD-AMT
T004549,25/11/2019,F02240,delivery,Soybean (Yellow),8.61 quintals,"Rs. 5,085/-","Rs. 43,782/-",BRD-AMT
T004550,08/06/2019, F02240 ,INPUT_PURCHASE,Bio-pesticide,55 kg,Rs. 591/-,"Rs. 32,480/-",BRD-AMT
T004551,15/07/2019,F02240,INPUT_PURCHASE,PP chemicals,236 kg,Rs. 319/-,"Rs. 75,374/-",BRD-AMT
T004559,04/11/2019,F02244,FPO_DELIVERY,Soybean,17.0 qtl,"Rs. 4,335/-","Rs. 73,825/-",BRD-AMT
T004560,25/11/2019,f02244,DELIVERY,SOYABEAN,15.29 quintals,"Rs. 4,335/-","Rs. 66,282/-",BRD-AMT
T004561,09/06/2019,F02244,I,NPK 10:26:26,119 kgs,Rs. 47/-,"Rs. 5,544/-",BRD-AMT
T004576,15/11/2019,F02252,D,SOYABEAN,0.55 quintals,"Rs. 4,820/-","Rs. 2,651/-",BRD-AMT
T004577,14/11/2019,F02252,delivery,Soybean (Yellow),18.45 quintals,"Rs. 4,820/-","Rs. 88,929/-",BRD-AMT
T005085,08/05/2020,F01155,Delivery,Wheat,5.0 qtl,"Rs. 2,405/-","Rs. 11,929/-",BRD-AMT
T005086,04/04/2020, F01155 ,FPO_DELIVERY,wheat,3.89 q,"Rs. 2,405/-","Rs. 9,355/-",BRD-AMT
T005087,06/12/2019,F01155,Input Purchase,FERTILIZER 50kg bag,40 kg,Rs. 36/-,"Rs. 1,426/-",BRD-AMT
T005088,10/01/2020,F01155,input,PP chemicals,292 kg,Rs. 216/-,"Rs. 63,171/-",BRD-AMT
T005089,05/05/2020,F01158,DELIVERY,WHEAT,5.5 qtl,"Rs. 2,250/-","Rs. 12,375/-",BRD-AMT
T005090,08/04/2020,F01158,delivery,Lokwan Wheat,25.38 q,"Rs. 2,250/-","Rs. 57,105/-",BRD-AMT
T005091,10/12/2019,F01158,FERT_PURCHASE,FERTILIZER 50kg bag,192 kg,Rs. 39/-,"Rs. 7,407/-",BRD-AMT
T005092,06/01/2020,F01158,input,FERTILIZER 50kg bag,35 kgs,Rs. 33/-,"Rs. 1,158/-",BRD-AMT
T005093,29/02/2020,F01159,D,WHEAT,10.3 qtl,"Rs. 2,225/-","Rs. 22,940/-",BRD-AMT
T005094,07/05/2020,F01159,Delivery,Wheat (Durum),3.92 q,"Rs. 2,225/-","Rs. 8,722/-",BRD-AMT
T005095,07/03/2020,F01159,Delivery,Lokwan Wheat,2.51 q,"Rs. 2,225/-","Rs. 5,585/-",BRD-AMT
T005096,19/04/2020,F01159,D,Gram,1.9 qtl,"Rs. 5,435/-","Rs. 10,490/-",BRD-AMT
T005097,16/03/2020,F01159,D,chana,4.3 qtl,"Rs. 5,435/-","Rs. 23,534/-",BRD-AMT
T005098,09/05/2020,F01160,DELIVERY,WHEAT,17.36 quintals,"Rs. 2,370/-","Rs. 41,143/-",BRD-AMT
T005099,19/03/2020, F01160 ,delivery,WHEAT,8.3 qtl,"Rs. 2,370/-","Rs. 19,576/-",BRD-AMT
T005100,14/12/2019,F01160,Input Purchase,DAP,156 kg,Rs. 52/-,"Rs. 8,070/-",BRD-AMT
T005101,24/12/2019, F01160 ,Input Purchase,DAP,213 kg,Rs. 31/-,"Rs. 6,633/-",BRD-AMT
T005102,13/12/2019,F01160,FERT_PURCHASE,SEEDS,86 kg,Rs. 73/-,"Rs. 6,320/-",BRD-AMT
T005103,27/04/2020,F01162,Delivery,wheat,0.39 quintals,"Rs. 2,325/-",Rs. 907/-,BRD-AMT
T005104,07/03/2020,F01162,FPO_DELIVERY,WHEAT,6.82 quintals,"Rs. 2,325/-","Rs. 15,856.50",BRD-AMT
T005105,10/03/2020,F01162,D,Wheat,3.28 quintals,"Rs. 2,325/-","Rs. 7,626/-",BRD-AMT
T005106,11/04/2020,F01162,Delivery,chana,3.9 qtl,"Rs. 5,835/-","Rs. 22,873/-",BRD-AMT
T005107,02/05/2020,F01163,Delivery,Wheat (Durum),61.5 qtl,"Rs. 2,245/-","Rs. 1,38,045/-",BRD-AMT
T005108,17/12/2019,F01163,INPUT_PURCHASE,Urea,25 kg,Rs. 58/-,"Rs. 1,440/-",BRD-AMT
T005109,10/05/2020,F01164,FPO_DELIVERY,Wheat (Durum),6.72 q,"Rs. 2,245/-","Rs. 15,086/-",BRD-AMT
T005110,12/03/2020,F01164,FPO_DELIVERY,Lokwan Wheat,42.38 quintals,"Rs. 2,245/-","Rs. 95,143/-",BRD-AMT
T005111,04/05/2020,f01165,delivery,Wheat (Durum),55.49 quintals,"Rs. 2,380/-","Rs. 1,32,066/-",BRD-AMT
T005112,13/12/2019,F01165,FERT_PURCHASE,Seeds,191 kgs,Rs. 73/-,"Rs. 13,979/-",BRD-AMT
T005113,07/03/2020,F01168,D,Lokwan Wheat,20.72 q,"Rs. 2,500/-","Rs. 51,800/-",BRD-AMT
T005114,21/12/2019,F01168,FERT_PURCHASE,PPC,263 kgs,Rs. 293/-,"Rs. 76,956/-",BRD-AMT
T005115,08/12/2019,F01168,I,FERTILIZER 50kg bag,234 kgs,Rs. 49/-,"Rs. 11,400/-",BRD-AMT
T005116,24/12/2019,f01168,INPUT_PURCHASE,Seeds,61 kg,Rs. 67/-,"Rs. 4,101/-",BRD-AMT
T005117,23/04/2020,F01169,DELIVERY,wheat,15.36 quintals,"Rs. 2,080/-","Rs. 31,949/-",BRD-AMT
T005118,07/03/2020,F01169,FPO_DELIVERY,Wheat,31.62 quintals,"Rs. 2,080/-","Rs. 65,770/-",BRD-AMT
T005119,16/12/2019,F01169,INPUT_PURCHASE,Seeds,141 kgs,Rs. 80.50,"Rs. 11,350.50",BRD-AMT
T005120,02/01/2020,F01169,input,PPC,273 kg,Rs. 469/-,"Rs. 1,28,141/-",BRD-AMT
T005121,06/03/2020,F01170,Delivery,WHEAT,3.49 quintals,"Rs. 2,225/-","Rs. 7,765/-",BRD-AMT
T005122,02/05/2020,F01170,Delivery,WHEAT,41.60 q,"Rs. 2,225/-","Rs. 92,560/-",BRD-AMT
T005123,02/12/2019,F01170,input,FERTILIZER 50kg bag,290 kg,Rs. 40/-,"Rs. 11,519/-",BRD-AMT
T005124,11/05/2020,F01171,FPO_DELIVERY,Wheat (Durum),21.8 qtl,"Rs. 2,335/-","Rs. 50,926/-",BRD-AMT
T005125,25/03/2020,F01171,D,Bengal Gram,5.57 q,"Rs. 5,930/-","Rs. 33,030/-",BRD-AMT
T005126,01/05/2020,f01171,delivery,Bengal Gram,3.7 qtl,"Rs. 5,930/-","Rs. 22,060/-",BRD-AMT
T005127,09/12/2019,F01171,Input Purchase,NPK 10:26:26,144 kg,Rs. 51/-,"Rs. 7,396/-",BRD-AMT
T005128,09/04/2020,f01172,delivery,Lokwan Wheat,20.63 quintals,"Rs. 2,325/-","Rs. 47,965/-",BRD-AMT
T005129,07/01/2020,F01172,FERT_PURCHASE,Urea,81 kgs,Rs. 48/-,"Rs. 3,918/-",BRD-AMT
T005130,11/12/2019,F01172,Input Purchase,NPK 10:26:26,183 kgs,Rs. 44/-,"Rs. 8,041/-",BRD-AMT
T005131,23/12/2019,F01172,L,Loan Repayment,,,"Rs. 6,600/-",BRD-AMT
T005132,29/04/2020,F01175,delivery,Wheat (Durum),45.6 qtl,"Rs. 2,205/-","Rs. 1,00,614/-",BRD-AMT
T005133,08/04/2020,F01175,DELIVERY,Wheat (Durum),6.53 q,"Rs. 2,205/-","Rs. 14,399/-",BRD-AMT
T005134,18/04/2020,F01175,D,GRAM (Chana),22.34 quintals,"Rs. 5,430/-","Rs. 1,21,306/-",BRD-AMT
T005135,09/04/2020,F01175,Delivery,Gram,0.5 qtl,"Rs. 5,430/-","Rs. 2,661/-",BRD-AMT
T005136,11/12/2019,F01175,I,Fertilizer,175 kg,Rs. 46/-,"Rs. 8,048/-",BRD-AMT
T005137,03/03/2020,F01176,DELIVERY,wheat,11.89 q,"Rs. 2,255/-","Rs. 26,812/-",BRD-AMT
T005138,06/12/2019,F01176,I,Hybrid Seeds,268 kg,Rs. 54/-,"Rs. 14,392/-",BRD-AMT
T005139,14/03/2020,F01177,delivery,wheat,3.54 q,"Rs. 2,290/-","Rs. 8,107/-",BRD-AMT
T005140,08/12/2019,F01177,INPUT_PURCHASE,Fertilizer,102 kgs,Rs. 57/-,"Rs. 5,843/-",BRD-AMT
T005141,14/05/2020,F01179,delivery,WHEAT,20.43 q,"Rs. 2,240/-","Rs. 45,763/-",BRD-AMT
T005142,22/03/2020,F01179,FPO_DELIVERY,wheat,24.5 qtl,"Rs. 2,240/-","Rs. 54,925/-",BRD-AMT
T005143,21/03/2020,F01179,delivery,GRAM (Chana),18.83 quintals,"Rs. 5,910/-","Rs. 1,11,285/-",BRD-AMT
T005144,01/12/2019,F01179,Input Purchase,Bio-pesticide,271 kgs,Rs. 384/-,"Rs. 1,03,966/-",BRD-AMT
T005145,21/12/2019,F01179,I,Hybrid Seeds,267 kg,Rs. 82/-,"Rs. 21,969/-",BRD-AMT
T005146,21/04/2020,f01180,D,WHEAT,21.74 quintals,"Rs. 2,215/-","Rs. 48,154/-",BRD-AMT
T005147,04/05/2020, F01180 ,FPO_DELIVERY,Bengal Gram,8.46 quintals,"Rs. 5,805/-","Rs. 49,110/-",BRD-AMT
T005148,12/12/2019,F01180,Input Purchase,Urea,74 kg,Rs. 47/-,"Rs. 3,489/-",BRD-AMT
T005149,02/12/2019,F01180,I,Fertilizer,311 kg,Rs. 31/-,"Rs. 9,719/-",BRD-AMT
T005150,19/03/2020, F01181 ,D,wheat,25.60 q,"Rs. 2,290/-","Rs. 58,624/-",BRD-AMT
T005151,20/02/2020,F01181,L,EMI,,,"Rs. 2,400/-",BRD-AMT
T005152,25/05/2020,F01181,L,EMI,,,"Rs. 4,000/-",BRD-AMT
T005153,02/05/2020,F01183,DELIVERY,Lokwan Wheat,20.83 quintals,"Rs. 2,110/-","Rs. 43,951/-",BRD-AMT
T005154,31/03/2020, F01183 ,DELIVERY,wheat,7.17 q,"Rs. 2,110/-","Rs. 15,129/-",BRD-AMT
T005155,12/04/2020,f01183,FPO_DELIVERY,Bengal Gram,1.51 quintals,"Rs. 5,320/-","Rs. 8,033/-",BRD-AMT
T005156,01/03/2020,F01183,Delivery,Gram,9.76 quintals,"Rs. 5,320/-","Rs. 51,923/-",BRD-AMT
T005157,15/01/2020,F01183,INPUT_PURCHASE,SEEDS,296 kgs,Rs. 123/-,"Rs. 36,313/-",BRD-AMT
T005158,21/12/2019,f01183,I,FERTILIZER 50kg bag,117 kgs,Rs. 58/-,"Rs. 6,761/-",BRD-AMT
T005159,01/12/2019,f01183,I,Fertilizer,139 kg,Rs. 32/-,"Rs. 4,458/-",BRD-AMT
T005160,05/03/2020,F01184,FPO_DELIVERY,Lokwan Wheat,1.9 qtl,"Rs. 2,170/-","Rs. 4,210/-",BRD-AMT
T005161,30/04/2020,F01184,delivery,Wheat,9.6 qtl,"Rs. 2,170/-","Rs. 20,832/-",BRD-AMT
T005162,10/12/2019, F01184 ,Input Purchase,NPK 10:26:26,235 kgs,Rs. 37/-,"Rs. 8,686/-",BRD-AMT
T005163,20/12/2019,F01184,input,PPC,208 kgs,Rs. 374/-,"Rs. 77,742/-",BRD-AMT
T005164,15/05/2020,F01184,loan,EMI,,,"Rs. 2,500/-",BRD-AMT
T005165,10/04/2020,F01184,LOAN_REPAY,Loan Repayment,,,"Rs. 5,500/-",BRD-AMT
T005166,30/03/2020,f01184,LOAN_REPAY,Loan Repayment,,,"Rs. 4,000/-",BRD-AMT
T005167,21/02/2020,F01184,loan,Loan Repayment,,,"Rs. 1,600/-",BRD-AMT
T005168,03/05/2020,F01188,DELIVERY,Wheat,18.45 q,"Rs. 2,175/-","Rs. 40,129/-",BRD-AMT
T005169,31/03/2020,F01188,FPO_DELIVERY,wheat,0.42 q,"Rs. 2,175/-",Rs. 913.50,BRD-AMT
T005170,31/03/2020,F01188,DELIVERY,Gram,7.63 quintals,"Rs. 5,760/-","Rs. 43,949/-",BRD-AMT
T005171,28/12/2019,F01188,input,Urea,44 kgs,Rs. 60/-,"Rs. 2,624/-",BRD-AMT
T005172,10/01/2020,F01188,FERT_PURCHASE,Seeds,145 kgs,Rs. 58/-,"Rs. 8,417/-",BRD-AMT
T005173,21/04/2020,F01189,delivery,wheat,2.19 quintals,"Rs. 2,325/-","Rs. 5,092/-",BRD-AMT
T005174,18/03/2020,F01189,D,Lokwan Wheat,19.88 quintals,"Rs. 2,325/-","Rs. 46,221/-",BRD-AMT
T005175,22/04/2020,F01189,DELIVERY,Bengal Gram,4.66 q,"Rs. 5,745/-","Rs. 26,772/-",BRD-AMT
T005176,11/03/2020,F01189,FPO_DELIVERY,chana,3.4 qtl,"Rs. 5,745/-","Rs. 19,246/-",BRD-AMT
T005177,07/01/2020,f01189,I,Bio-pesticide,27 kgs,Rs. 500/-,"Rs. 13,509/-",BRD-AMT
T005178,08/05/2020,f01191,FPO_DELIVERY,WHEAT,9.65 q,"Rs. 2,255/-","Rs. 21,761/-",BRD-AMT
T005179,07/05/2020,F01191,Delivery,WHEAT,11.42 q,"Rs. 2,255/-","Rs. 25,752/-",BRD-AMT
T005180,03/05/2020,F01193,D,wheat,60.0 qtl,"Rs. 2,165/-","Rs. 1,29,987/-",BRD-AMT
T005181,27/03/2020,F01193,Delivery,wheat,4.84 quintals,"Rs. 2,165/-","Rs. 10,479/-",BRD-AMT
T005182,02/04/2020,F01193,DELIVERY,Bengal Gram,12.57 q,"Rs. 5,430/-","Rs. 68,255/-",BRD-AMT
T005183,22/03/2020,F01193,D,GRAM (Chana),9.85 quintals,"Rs. 5,430/-","Rs. 53,485.50",BRD-AMT
T005184,08/01/2020,F01193,Input Purchase,Bio-pesticide,138 kg,Rs. 555/-,"Rs. 76,535/-",BRD-AMT
T005185,05/01/2020,F01193,INPUT_PURCHASE,Bio-pesticide,213 kg,Rs. 527/-,"Rs. 1,12,300/-",BRD-AMT
T005186,14/05/2020,f01194,DELIVERY,WHEAT,16.35 quintals,"Rs. 2,285/-","Rs. 37,360/-",BRD-AMT
T005187,08/05/2020,F01194,D,GRAM (Chana),5.99 q,"Rs. 5,985/-","Rs. 35,850/-",BRD-AMT
T005188,15/03/2020,f01194,D,GRAM (Chana),1.20 quintals,"Rs. 5,985/-","Rs. 7,182/-",BRD-AMT
T005189,21/12/2019,F01194,FERT_PURCHASE,FERTILIZER 50kg bag,163 kgs,Rs. 38/-,"Rs. 6,246/-",BRD-AMT
T005190,11/01/2020,F01194,FERT_PURCHASE,Seeds,100 kgs,Rs. 126/-,"Rs. 12,563/-",BRD-AMT
T005191,26/05/2020,F01194,L,Loan Repayment,,,"Rs. 6,600/-",BRD-AMT
T005192,07/05/2020,F01194,LOAN_REPAY,Loan Repayment,,,"Rs. 1,800/-",BRD-AMT
T005193,15/04/2020,F01195,FPO_DELIVERY,Lokwan Wheat,7.90 q,"Rs. 2,290/-","Rs. 18,091/-",BRD-AMT
T005194,03/05/2020,F01195,Delivery,Wheat (Durum),20.14 q,"Rs. 2,290/-","Rs. 46,121/-",BRD-AMT
T005195,05/01/2020,F01195,INPUT_PURCHASE,Hybrid Seeds,163 kg,Rs. 50/-,"Rs. 8,137/-",BRD-AMT
T005196,28/12/2019,F01195,FERT_PURCHASE,PP chemicals,207 kgs,Rs. 132/-,"Rs. 27,367/-",BRD-AMT
T005197,05/12/2019,F01195,FERT_PURCHASE,Seeds,154 kgs,Rs. 93/-,"Rs. 14,296/-",BRD-AMT
T005198,12/04/2020,F01197,D,wheat,18.21 q,"Rs. 2,270/-","Rs. 41,337/-",BRD-AMT
T005199,01/04/2020,F01197,D,Wheat (Durum),2.34 q,"Rs. 2,270/-","Rs. 5,312/-",BRD-AMT
T005200,20/12/2019,F01197,I,PPC,214 kg,Rs. 464/-,"Rs. 99,266/-",BRD-AMT
T005201,07/04/2020,F01199,DELIVERY,WHEAT,4.71 quintals,"Rs. 2,260/-","Rs. 10,645/-",BRD-AMT
T005202,17/04/2020,F01199,DELIVERY,Wheat,32.11 quintals,"Rs. 2,260/-","Rs. 72,569/-",BRD-AMT
T005203,03/01/2020,f01199,FERT_PURCHASE,Hybrid Seeds,302 kgs,Rs. 100/-,"Rs. 30,149/-",BRD-AMT
T005204,07/01/2020, F01199 ,FERT_PURCHASE,Seeds,308 kgs,Rs. 58/-,"Rs. 17,950/-",BRD-AMT
T005205,02/12/2019,F01199,Input Purchase,PPC,299 kgs,Rs. 631/-,"Rs. 1,88,537/-",BRD-AMT
T005206,20/03/2020,F01200,FPO_DELIVERY,Lokwan Wheat,20.81 q,"Rs. 2,250/-","Rs. 46,822.50",BRD-AMT
T005207,01/12/2019,F01200,input,Fertilizer,289 kgs,Rs. 44/-,"Rs. 12,690/-",BRD-AMT
T005208,30/12/2019,F01200,Input Purchase,PP chemicals,216 kgs,Rs. 581/-,"Rs. 1,25,451/-",BRD-AMT
T005209,08/04/2020,F01201,FPO_DELIVERY,Lokwan Wheat,1.74 q,"Rs. 2,155/-","Rs. 3,750/-",BRD-AMT
T005210,11/05/2020,F01201,D,wheat,2.4 qtl,"Rs. 2,155/-","Rs. 5,258/-",BRD-AMT
T005211,08/04/2020,F01201,Delivery,Wheat,4.11 q,"Rs. 2,155/-","Rs. 8,857/-",BRD-AMT
T005212,25/12/2019,F01201,INPUT_PURCHASE,Bio-pesticide,318 kg,Rs. 544/-,"Rs. 1,72,858/-",BRD-AMT
T005213,07/01/2020,F01201,I,Hybrid Seeds,96 kgs,Rs. 119/-,"Rs. 11,393/-",BRD-AMT
T005214,16/03/2020,F01201,LOAN_REPAY,EMI,,,"Rs. 1,600/-",BRD-AMT
T005215,09/03/2020,f01202,D,Wheat (Durum),8.34 q,"Rs. 2,190/-","Rs. 18,265/-",BRD-AMT
T005216,13/05/2020,F01202,Delivery,Wheat (Durum),40.80 quintals,"Rs. 2,190/-","Rs. 89,352/-",BRD-AMT
T005217,11/01/2020,F01202,INPUT_PURCHASE,Seeds,109 kg,Rs. 101/-,"Rs. 10,958/-",BRD-AMT
T005218,18/12/2019,F01202,input,NPK 10:26:26,250 kgs,Rs. 54/-,"Rs. 13,562.50",BRD-AMT
T005219,16/12/2019,F01202,LOAN_REPAY,EMI,,,"Rs. 1,100/-",BRD-AMT
T005220,06/05/2020,F01203,DELIVERY,Lokwan Wheat,27.29 q,"Rs. 2,300/-","Rs. 62,767/-",BRD-AMT
T005221,10/01/2020,F01203,input,PP chemicals,43 kgs,Rs. 140/-,"Rs. 6,012/-",BRD-AMT
T005222,19/12/2019,F01203,INPUT_PURCHASE,FERTILIZER 50kg bag,296 kgs,Rs. 34/-,"Rs. 9,981/-",BRD-AMT
T005223,29/04/2020,F01204,Delivery,WHEAT,12.10 q,"Rs. 2,485/-","Rs. 30,068.50",BRD-AMT
T005224,17/03/2020,F01204,Delivery,Wheat (Durum),30.53 q,"Rs. 2,485/-","Rs. 75,867/-",BRD-AMT
T005225,15/01/2020,F01204,I,NPK 10:26:26,35 kg,Rs. 54/-,"Rs. 1,891/-",BRD-AMT
T005226,10/03/2020,F01205,D,wheat,1.48 quintals,"Rs. 2,310/-","Rs. 3,419/-",BRD-AMT
T005227,02/03/2020,F01205,FPO_DELIVERY,Wheat,6.6 qtl,"Rs. 2,310/-","Rs. 15,338/-",BRD-AMT
T005228,24/03/2020,F01205,DELIVERY,WHEAT,5.26 quintals,"Rs. 2,310/-","Rs. 12,151/-",BRD-AMT
T005229,17/03/2020,F01205,Delivery,chana,4.70 quintals,"Rs. 5,580/-","Rs. 26,226/-",BRD-AMT
T005230,17/12/2019,F01205,FERT_PURCHASE,Hybrid Seeds,105 kgs,Rs. 86/-,"Rs. 9,026/-",BRD-AMT
T005231,16/12/2019,F01205,INPUT_PURCHASE,FERTILIZER 50kg bag,284 kgs,Rs. 32/-,"Rs. 9,187/-",BRD-AMT
T005232,04/05/2020,F01206,D,wheat,2.93 quintals,"Rs. 2,245/-","Rs. 6,578/-",BRD-AMT
T005233,17/04/2020,F01206,Delivery,wheat,16.3 qtl,"Rs. 2,245/-","Rs. 36,571/-",BRD-AMT
T005234,02/01/2020,F01206,INPUT_PURCHASE,Urea,142 kg,Rs. 38/-,"Rs. 5,386/-",BRD-AMT
T005235,03/01/2020,F01206,I,Hybrid Seeds,284 kgs,Rs. 121/-,"Rs. 34,472/-",BRD-AMT
T005236,08/05/2020,F01207,D,Wheat (Durum),17.79 q,"Rs. 2,365/-","Rs. 42,073/-",BRD-AMT
T005237,18/03/2020,F01207,FPO_DELIVERY,wheat,20.99 quintals,"Rs. 2,365/-","Rs. 49,641/-",BRD-AMT
T005238,11/01/2020,F01207,Input Purchase,NPK 10:26:26,108 kgs,Rs. 33/-,"Rs. 3,599/-",BRD-AMT
T005239,28/12/2019,F01207,I,Hybrid Seeds,295 kgs,Rs. 70/-,"Rs. 20,771/-",BRD-AMT
T005240,30/03/2020,F01207,L,Loan Repayment,,,"Rs. 5,400/-",BRD-AMT
T005241,24/03/2020,F01207,loan,EMI,,,"Rs. 3,900/-",BRD-AMT
T005242,19/04/2020,F01210,DELIVERY,wheat,9.44 q,"Rs. 2,125/-","Rs. 20,060/-",BRD-AMT
T005243,10/03/2020,F01210,delivery,Wheat (Durum),1.8 qtl,"Rs. 2,125/-","Rs. 3,867.50",BRD-AMT
T005244,08/03/2020,f01210,Delivery,GRAM (Chana),0.24 quintals,"Rs. 5,955/-","Rs. 1,429/-",BRD-AMT
T005245,09/03/2020,F01210,D,Gram,4.4 qtl,"Rs. 5,955/-","Rs. 26,321/-",BRD-AMT
T005246,26/04/2020,F01211,delivery,Wheat,44.5 qtl,"Rs. 2,330/-","Rs. 1,03,732/-",BRD-AMT
T005247,03/04/2020, F01211 ,D,Gram,5.69 quintals,"Rs. 5,920/-","Rs. 33,685/-",BRD-AMT
T005248,18/03/2020,f01211,delivery,Gram,11.7 qtl,"Rs. 5,920/-","Rs. 69,205/-",BRD-AMT
T005249,04/03/2020,F01213,Delivery,Lokwan Wheat,34.0 qtl,"Rs. 2,260/-","Rs. 76,817/-",BRD-AMT
T005250,15/03/2020,F01213,D,Lokwan Wheat,22.30 q,"Rs. 2,260/-","Rs. 50,398/-",BRD-AMT
T005251,10/05/2020,F01213,D,Bengal Gram,23.81 q,"Rs. 5,915/-","Rs. 1,40,836/-",BRD-AMT
T005252,24/12/2019,F01213,INPUT_PURCHASE,DAP,26 kgs,Rs. 57/-,"Rs. 1,471/-",BRD-AMT
T005253,04/01/2020,F01213,Input Purchase,PPC,74 kg,Rs. 173/-,"Rs. 12,823/-",BRD-AMT
T005254,03/04/2020,F01215,D,Wheat (Durum),29.36 quintals,"Rs. 2,255/-","Rs. 66,207/-",BRD-AMT
T005255,19/12/2019,f01215,Input Purchase,NPK 10:26:26,246 kgs,Rs. 56/-,"Rs. 13,887/-",BRD-AMT
T005256,14/05/2020,F01216,Delivery,wheat,27.19 q,"Rs. 2,210/-","Rs. 60,090/-",BRD-AMT
T005257,03/03/2020,f01216,delivery,Wheat (Durum),6.26 q,"Rs. 2,210/-","Rs. 13,835/-",BRD-AMT
T005258,02/05/2020,F01217,FPO_DELIVERY,wheat,11.66 q,"Rs. 2,325/-","Rs. 27,109.50",BRD-AMT
T005259,19/04/2020,F01217,FPO_DELIVERY,Wheat (Durum),1.85 quintals,"Rs. 2,325/-","Rs. 4,301/-",BRD-AMT
T005260,08/04/2020,,Delivery,GRAM (Chana),0.8 qtl,"Rs. 5,805/-","Rs. 4,876/-",BRD-AMT
T005261,17/03/2020,F01217,DELIVERY,Gram,4.1 qtl,"Rs. 5,805/-","Rs. 23,742/-",BRD-AMT
T005262,10/01/2020,F01217,Input Purchase,PP chemicals,116 kgs,Rs. 164/-,"Rs. 19,079/-",BRD-AMT
T005263,04/05/2020,F01218,FPO_DELIVERY,Wheat (Durum),9.77 q,"Rs. 2,235/-","Rs. 21,836/-",BRD-AMT
T005264,10/04/2020,F01218,FPO_DELIVERY,GRAM (Chana),3.94 quintals,"Rs. 5,575/-","Rs. 21,965.50",BRD-AMT
T005265,12/05/2020,F01219,delivery,WHEAT,28.98 quintals,"Rs. 2,110/-","Rs. 61,148/-",BRD-AMT
T005266,05/02/2020,F01219,L,EMI,,,"Rs. 1,500/-",BRD-AMT
T005267,25/05/2020,F01219,L,Loan Repayment,,,"Rs. 2,100/-",BRD-AMT
T005268,14/05/2020,F01221,FPO_DELIVERY,Wheat,16.9 qtl,"Rs. 2,135/-","Rs. 36,167/-",BRD-AMT
T005269,04/05/2020,F01221,Delivery,Gram,3.31 q,"Rs. 5,460/-","Rs. 18,073/-",BRD-AMT
T005270,03/05/2020,F01221,D,Bengal Gram,2.77 q,"Rs. 5,460/-","Rs. 15,124/-",BRD-AMT
T005271,24/12/2019,F01221,I,NPK 10:26:26,130 kg,Rs. 30/-,"Rs. 3,956/-",BRD-AMT
T005272,19/04/2020, F01223 ,D,Lokwan Wheat,135.27 q,"Rs. 2,175/-","Rs. 2,94,212/-",BRD-AMT
T005273,03/05/2020,F01223,DELIVERY,chana,7.77 quintals,"Rs. 5,955/-","Rs. 46,270/-",BRD-AMT
T005274,11/03/2020,F01223,D,GRAM (Chana),34.80 quintals,"Rs. 5,955/-","Rs. 2,07,234/-",BRD-AMT
T005275,01/05/2020,F01224,DELIVERY,Lokwan Wheat,11.1 qtl,"Rs. 2,265/-","Rs. 25,074/-",BRD-AMT
T005276,28/04/2020,F01224,DELIVERY,WHEAT,5.74 quintals,"Rs. 2,265/-","Rs. 13,001/-",BRD-AMT
T005277,06/12/2019,F01224,input,FERTILIZER 50kg bag,103 kgs,Rs. 30/-,"Rs. 3,081/-",BRD-AMT
T005278,12/12/2019,F01224,input,Fertilizer,269 kg,Rs. 52/-,"Rs. 13,888/-",BRD-AMT
T005279,09/12/2019,F01224,FERT_PURCHASE,Bio-pesticide,110 kgs,Rs. 184/-,"Rs. 20,215/-",BRD-AMT
T005280,19/04/2020,F01225,delivery,Lokwan Wheat,26.8 qtl,"Rs. 2,170/-","Rs. 58,221/-",BRD-AMT
T005281,24/12/2019,F01225,FERT_PURCHASE,Urea,123 kgs,Rs. 29/-,"Rs. 3,549/-",BRD-AMT
T005282,20/03/2020,F01226,delivery,wheat,21.0 qtl,"Rs. 2,300/-","Rs. 48,277/-",BRD-AMT
T005283,08/04/2020,F01226,DELIVERY,wheat,2.4 qtl,"Rs. 2,300/-","Rs. 5,405/-",BRD-AMT
T005284,13/12/2019,F01226,input,Fertilizer,182 kg,Rs. 40/-,"Rs. 7,318/-",BRD-AMT
T005285,21/03/2020,F01227,Delivery,Lokwan Wheat,38.5 qtl,"Rs. 2,405/-","Rs. 92,592.50",BRD-AMT
T005286,26/03/2020, F01227 ,Delivery,GRAM (Chana),18.6 qtl,"Rs. 5,700/-","Rs. 1,06,020/-",BRD-AMT
T005287,13/12/2019,f01227,I,PPC,307 kgs,Rs. 467/-,"Rs. 1,43,483/-",BRD-AMT
T005288,12/01/2020,F01227,INPUT_PURCHASE,Seeds,211 kg,Rs. 116/-,"Rs. 24,419/-",BRD-AMT
T005289,10/01/2020,F01227,Input Purchase,SEEDS,94 kgs,Rs. 105/-,"Rs. 9,869/-",BRD-AMT
T005290,10/03/2020,F01228,delivery,Wheat,6.04 q,"Rs. 2,570/-","Rs. 15,523/-",BRD-AMT
T005291,17/04/2020,F01228,Delivery,Lokwan Wheat,2.6 qtl,"Rs. 2,570/-","Rs. 6,810.50",BRD-AMT
T005292,02/01/2020,F01228,FERT_PURCHASE,Seeds,171 kgs,Rs. 80/-,"Rs. 13,598/-",BRD-AMT
T005293,16/12/2019,F01228,INPUT_PURCHASE,Urea,54 kg,Rs. 53/-,"Rs. 2,882/-",BRD-AMT
T005294,04/05/2020,F01232,delivery,Wheat (Durum),0.67 q,"Rs. 2,255/-","Rs. 1,511/-",BRD-AMT
T005295,06/03/2020,F01232,FPO_DELIVERY,Lokwan Wheat,7.5 qtl,"Rs. 2,255/-","Rs. 16,867/-",BRD-AMT
T005296,22/04/2020,F01232,FPO_DELIVERY,GRAM (Chana),2.85 q,"Rs. 5,535/-","Rs. 15,775/-",BRD-AMT
T005297,21/03/2020,F01235,DELIVERY,Wheat (Durum),18.7 qtl,"Rs. 2,285/-","Rs. 42,729.50",BRD-AMT
T005298,14/01/2020, F01235 ,Input Purchase,Hybrid Seeds,74 kgs,Rs. 71/-,"Rs. 5,277/-",BRD-AMT
T005299,22/03/2020,F01236,delivery,Wheat,6.56 q,"Rs. 2,260/-","Rs. 14,826/-",BRD-AMT
T005300,12/05/2020,f01236,Delivery,wheat,26.39 quintals,"Rs. 2,260/-","Rs. 59,641/-",BRD-AMT
T005301,20/04/2020,f01236,delivery,Bengal Gram,14.1 qtl,"Rs. 5,900/-","Rs. 83,131/-",BRD-AMT
T005302,03/04/2020,F01236,FPO_DELIVERY,Gram,0.13 q,"Rs. 5,900/-",Rs. 767/-,BRD-AMT
T005303,14/12/2019,F01236,I,Seeds,90 kg,Rs. 87/-,"Rs. 7,800/-",BRD-AMT
T005304,25/12/2019,F01236,Input Purchase,Urea,233 kgs,Rs. 46/-,"Rs. 10,688/-",BRD-AMT
T005305,15/01/2020,F01236,Input Purchase,Fertilizer,40 kg,Rs. 50/-,"Rs. 2,005/-",BRD-AMT
T005306,24/03/2020,F01237,FPO_DELIVERY,Wheat,87.47 quintals,"Rs. 2,195/-","Rs. 1,91,997/-",BRD-AMT
T005307,06/04/2020,F01237,DELIVERY,Gram,25.59 quintals,"Rs. 5,920/-","Rs. 1,51,493/-",BRD-AMT
T005308,09/04/2020,F01237,FPO_DELIVERY,Bengal Gram,6.8 qtl,"Rs. 5,920/-","Rs. 40,256/-",BRD-AMT
T005309,11/01/2020,F01237,I,Urea,213 kg,Rs. 51/-,"Rs. 10,761/-",BRD-AMT
T005310,12/03/2020,F01238,delivery,WHEAT,6.23 quintals,"Rs. 2,150/-","Rs. 13,395/-",BRD-AMT
T005311,24/04/2020,F01238,D,Lokwan Wheat,6.2 qtl,"Rs. 2,150/-","Rs. 13,265.50",BRD-AMT
T005312,03/12/2019,F01238,Input Purchase,Fertilizer,133 kgs,Rs. 45/-,"Rs. 6,042/-",BRD-AMT
T005313,25/12/2019, F01238 ,LOAN_REPAY,Loan Repayment,,,Rs. 800/-,BRD-AMT
T005314,11/04/2020,F01239,Delivery,Wheat (Durum),39.3 qtl,"Rs. 2,170/-","Rs. 85,194/-",BRD-AMT
T005315,12/01/2020,F01239,INPUT_PURCHASE,PP chemicals,37 kgs,Rs. 518/-,₹ N/A,BRD-AMT
T005316,31/12/2019,F01239,FERT_PURCHASE,Fertilizer,191 kgs,Rs. 41/-,"Rs. 7,923/-",BRD-AMT
T005317,28/12/2019,F01239,Input Purchase,SEEDS,107 kgs,Rs. 115/-,"Rs. 12,281/-",BRD-AMT
T005318,12/12/2019,F01239,input,DAP,244 kgs,Rs. 40/-,"Rs. 9,670/-",BRD-AMT
T005319,28/04/2020,F01241,delivery,wheat,7.17 q,"Rs. 2,215/-","Rs. 15,882/-",BRD-AMT
T005320,28/04/2020,F01241,DELIVERY,wheat,24.3 qtl,"Rs. 2,215/-","Rs. 53,913/-",BRD-AMT
T005321,27/12/2019, F01241 ,FERT_PURCHASE,Urea,316 kgs,Rs. 46/-,"Rs. 14,552/-",BRD-AMT
T005322,31/12/2019,f01241,FERT_PURCHASE,Hybrid Seeds,255 kgs,Rs. 129/-,"Rs. 32,964/-",BRD-AMT
T005323,20/03/2020,F01242,FPO_DELIVERY,Wheat (Durum),7.35 quintals,"Rs. 2,205/-","Rs. 16,207/-",BRD-AMT
T005324,11/12/2019,F01242,Input Purchase,SEEDS,74 kgs,Rs. 64/-,"Rs. 4,702/-",BRD-AMT
T005325,01/05/2020, F01242 ,LOAN_REPAY,Loan Repayment,,,"Rs. 7,100/-",BRD-AMT
T005326,30/03/2020,F01243,FPO_DELIVERY,Wheat (Durum),2.99 quintals,"Rs. 2,325/-","Rs. 6,952/-",BRD-AMT
T005327,23/03/2020,F01243,Delivery,Wheat,7.5 qtl,"Rs. 2,325/-","Rs. 17,391/-",BRD-AMT
T005328,28/03/2020,F01243,FPO_DELIVERY,Bengal Gram,4.32 quintals,"Rs. 5,515/-","Rs. 23,825/-",BRD-AMT
T005329,28/12/2019,F01243,Input Purchase,PPC,88 kgs,Rs. 350/-,"Rs. 30,769/-",BRD-AMT
T005330,10/05/2020,F01245,DELIVERY,Lokwan Wheat,22.39 quintals,"Rs. 2,265/-","Rs. 50,713/-",BRD-AMT
T005331,09/04/2020,f01245,FPO_DELIVERY,WHEAT,16.81 q,"Rs. 2,265/-","Rs. 38,075/-",BRD-AMT
T005332,14/12/2019,F01245,Input Purchase,NPK 10:26:26,35 kgs,Rs. 35/-,"Rs. 1,218/-",BRD-AMT
T005333,25/03/2020,F01246,FPO_DELIVERY,Wheat,27.32 quintals,"Rs. 2,165/-","Rs. 59,148/-",BRD-AMT
T005334,05/03/2020,F01246,FPO_DELIVERY,Wheat,10.24 q,"Rs. 2,165/-","Rs. 22,170/-",BRD-AMT
T005335,12/03/2020,f01246,delivery,GRAM (Chana),2.85 quintals,"Rs. 5,685/-","Rs. 16,202/-",BRD-AMT
T005336,19/03/2020,F01246,delivery,Gram,13.3 qtl,"Rs. 5,685/-","Rs. 75,724/-",BRD-AMT
T005337,02/12/2019,F01246,I,Hybrid Seeds,168 kg,Rs. 70/-,"Rs. 11,841/-",BRD-AMT
T005338,23/04/2020,F01248,Delivery,WHEAT,15.12 quintals,"Rs. 2,540/-","Rs. 38,405/-",BRD-AMT
T005339,07/03/2020,F01249,DELIVERY,wheat,24.58 q,"Rs. 2,215/-","Rs. 54,445/-",BRD-AMT
T005340,25/04/2020, F01249 ,DELIVERY,Wheat,10.91 quintals,"Rs. 2,215/-","Rs. 24,166/-",BRD-AMT
T005341,27/03/2020, F01249 ,D,Bengal Gram,13.80 q,"Rs. 5,680/-","Rs. 78,384/-",BRD-AMT
T005342,10/01/2020,F01249,I,FERTILIZER 50kg bag,54 kgs,Rs. 58/-,"Rs. 3,144/-",BRD-AMT
T005343,17/12/2019,F01249,FERT_PURCHASE,Fertilizer,175 kg,Rs. 49/-,"Rs. 8,657/-",BRD-AMT
T005344,26/02/2020,F01249,Loan Repayment,Loan Repayment,,,"Rs. 1,200/-",BRD-AMT
T005345,22/03/2020,F01250,DELIVERY,wheat,2.30 quintals,"Rs. 2,290/-","Rs. 5,267/-",BRD-AMT
T005346,08/04/2020,F01250,FPO_DELIVERY,wheat,2.26 quintals,"Rs. 2,290/-","Rs. 5,175/-",BRD-AMT
T005347,03/01/2020,F01250,INPUT_PURCHASE,Seeds,37 kg,Rs. 64/-,"Rs. 2,385/-",BRD-AMT
T005348,14/01/2020,f01250,INPUT_PURCHASE,NPK 10:26:26,165 kg,Rs. 48/-,"Rs. 7,932/-",BRD-AMT
T005349,04/04/2020,F01251,DELIVERY,Lokwan Wheat,16.24 q,"Rs. 2,285/-","Rs. 37,108/-",BRD-AMT
T005350,03/05/2020,F01251,Delivery,Wheat,6.31 quintals,"Rs. 2,285/-","Rs. 14,418/-",BRD-AMT
T005351,13/03/2020,F01254,DELIVERY,Lokwan Wheat,54.63 q,"Rs. 2,195/-","Rs. 1,19,913/-",BRD-AMT
T005352,08/03/2020,f01254,DELIVERY,chana,23.48 quintals,"Rs. 5,785/-","Rs. 1,35,832/-",BRD-AMT
T005353,06/01/2020,F01254,I,DAP,137 kgs,Rs. 59/-,"Rs. 8,132/-",BRD-AMT
T005354,27/04/2020,F01260,Delivery,WHEAT,13.66 quintals,"Rs. 2,380/-","Rs. 32,511/-",BRD-AMT
T005355,28/04/2020,f01260,DELIVERY,Wheat,11.4 qtl,"Rs. 2,380/-","Rs. 27,203/-",BRD-AMT
T005356,02/12/2019,f01260,INPUT_PURCHASE,DAP,227 kg,Rs. 48/-,"Rs. 10,855/-",BRD-AMT
T005357,20/04/2020,F01261,FPO_DELIVERY,WHEAT,13.3 qtl,"Rs. 2,320/-","Rs. 30,902/-",BRD-AMT
T005358,04/12/2019,F01261,input,NPK 10:26:26,203 kg,Rs. 46/-,"Rs. 9,393/-",BRD-AMT
T005359,01/04/2020,F01262,delivery,Wheat,1.8 qtl,"Rs. 2,215/-","Rs. 4,009/-",BRD-AMT
T005360,11/05/2020,f01262,delivery,WHEAT,24.34 q,"Rs. 2,215/-","Rs. 53,913/-",BRD-AMT
T005361,30/12/2019,F01262,INPUT_PURCHASE,Fertilizer,33 kg,Rs. 55/-,"Rs. 1,808/-",BRD-AMT
T005362,10/04/2020,F01263,D,WHEAT,3.35 quintals,"Rs. 2,220/-","Rs. 7,437/-",BRD-AMT
T005363,20/03/2020,F01263,DELIVERY,Lokwan Wheat,15.18 quintals,"Rs. 2,220/-","Rs. 33,700/-",BRD-AMT
T005364,12/04/2020,F01263,D,Wheat (Durum),2.67 q,"Rs. 2,220/-","Rs. 5,927/-",BRD-AMT
T005365,06/04/2020,F01263,Delivery,chana,0.87 quintals,"Rs. 5,775/-","Rs. 5,024/-",BRD-AMT
T005366,13/03/2020,F01263,FPO_DELIVERY,Gram,9.1 qtl,"Rs. 5,775/-","Rs. 52,437/-",BRD-AMT
T005367,01/01/2020,F01263,Input Purchase,NPK 10:26:26,45 kg,Rs. 44/-,"Rs. 2,001/-",BRD-AMT
T005368,29/12/2019,F01263,input,Hybrid Seeds,193 kgs,Rs. 102/-,"Rs. 19,613/-",BRD-AMT
T005369,26/12/2019,F01263,FERT_PURCHASE,Seeds,217 kg,Rs. 122/-,"Rs. 26,372/-",BRD-AMT
T005370,14/03/2020,F01264,FPO_DELIVERY,wheat,19.39 q,"Rs. 2,285/-","Rs. 44,306/-",BRD-AMT
T005371,11/01/2020,F01264,INPUT_PURCHASE,FERTILIZER 50kg bag,193 kg,Rs. 35/-,"Rs. 6,823/-",BRD-AMT
T005372,12/03/2020,F01269,FPO_DELIVERY,WHEAT,28.93 quintals,"Rs. 2,315/-","Rs. 66,973/-",BRD-AMT
T005373,19/12/2019,F01269,FERT_PURCHASE,Fertilizer,141 kg,Rs. 41/-,"Rs. 5,839/-",BRD-AMT
T005374,03/01/2020,F01269,FERT_PURCHASE,DAP,30 kgs,Rs. 31/-,Rs. 933/-,BRD-AMT
T005375,28/05/2020,F01269,LOAN_REPAY,EMI,,,"Rs. 7,200/-",BRD-AMT
T005376,07/03/2020,F01269,Loan Repayment,Loan Repayment,,,₹ N/A,BRD-AMT
T005377,20/03/2020,f01273,D,Wheat (Durum),3.32 quintals,"Rs. 2,340/-","Rs. 7,769/-",BRD-AMT
T005378,14/03/2020,F01273,DELIVERY,Bengal Gram,1.53 q,"Rs. 5,985/-","Rs. 9,157/-",BRD-AMT
T005379,11/12/2019,F01273,FERT_PURCHASE,NPK 10:26:26,175 kg,Rs. 56/-,"Rs. 9,714/-",BRD-AMT
T005380,01/04/2020,F01274,FPO_DELIVERY,WHEAT,19.09 q,"Rs. 2,295/-","Rs. 43,812/-",BRD-AMT
T005381,06/12/2019,F01274,FERT_PURCHASE,DAP,251 kgs,Rs. 51/-,"Rs. 12,881/-",BRD-AMT
T005382,12/01/2020,f01274,FERT_PURCHASE,SEEDS,162 kgs,Rs. 122/-,"Rs. 19,803/-",BRD-AMT
T005383,19/12/2019,f01274,I,FERTILIZER 50kg bag,318 kg,Rs. 33/-,"Rs. 10,475/-",BRD-AMT
T005384,04/05/2020,F01275,DELIVERY,WHEAT,12.03 q,"Rs. 2,345/-","Rs. 28,210/-",BRD-AMT
T005385,02/03/2020,F01275,FPO_DELIVERY,WHEAT,3.45 q,"Rs. 2,345/-","Rs. 8,090/-",BRD-AMT
T005386,10/03/2020,F01275,Delivery,GRAM (Chana),1.94 q,"Rs. 5,895/-","Rs. 11,436/-",BRD-AMT
T005387,07/03/2020, F01275 ,DELIVERY,GRAM (Chana),4.32 q,"Rs. 5,895/-","Rs. 25,466/-",BRD-AMT
T005388,28/12/2019,F01275,INPUT_PURCHASE,FERTILIZER 50kg bag,300 kgs,Rs. 58/-,"Rs. 17,394/-",BRD-AMT
T005389,20/03/2020,F01276,Delivery,wheat,27.31 q,"Rs. 2,340/-","Rs. 63,905/-",BRD-AMT
T005390,24/04/2020,F01276,Delivery,Gram,2.08 q,"Rs. 5,710/-","Rs. 11,877/-",BRD-AMT
T005391,18/04/2020,F01276,delivery,Bengal Gram,2.93 q,"Rs. 5,710/-","Rs. 16,730/-",BRD-AMT
T005392,06/04/2020,F01276,Delivery,GRAM (Chana),4.9 qtl,"Rs. 5,710/-","Rs. 27,979/-",BRD-AMT
T005393,05/12/2019,F01276,Input Purchase,SEEDS,86 kg,Rs. 88/-,"Rs. 7,553/-",BRD-AMT
T005394,01/01/2020,F01276,I,NPK 10:26:26,269 kgs,Rs. 39/-,"Rs. 10,566/-",BRD-AMT
T005395,17/12/2019,F01276,L,Loan Repayment,,,"Rs. 4,200/-",BRD-AMT
T005396,31/03/2020,f01277,FPO_DELIVERY,WHEAT,1.59 quintals,"Rs. 2,300/-","Rs. 3,657/-",BRD-AMT
T005397,20/04/2020,F01277,Delivery,Wheat,10.96 quintals,"Rs. 2,300/-","Rs. 25,208/-",BRD-AMT
T005398,16/03/2020,F01277,DELIVERY,WHEAT,0.6 qtl,"Rs. 2,300/-","Rs. 1,265/-",BRD-AMT
T005399,15/01/2020,F01277,I,NPK 10:26:26,177 kgs,Rs. 37/-,"Rs. 6,540/-",BRD-AMT
T005400,07/05/2020,F01280,Delivery,Lokwan Wheat,49.95 quintals,"Rs. 2,320/-","Rs. 1,15,884/-",BRD-AMT
T005401,07/03/2020,F01280,DELIVERY,chana,21.34 quintals,"Rs. 5,925/-","Rs. 1,26,439.50",BRD-AMT
T005402,01/01/2020,F01280,input,SEEDS,158 kgs,Rs. 62/-,"Rs. 9,731/-",BRD-AMT
T005403,15/04/2020, F01282 ,D,Wheat (Durum),20.1 qtl,"Rs. 2,185/-","Rs. 43,918.50",BRD-AMT
T005404,01/03/2020,F01282,Delivery,Wheat,47.50 q,"Rs. 2,185/-","Rs. 1,03,787.50",BRD-AMT
T005405,24/12/2019,f01282,Input Purchase,Seeds,37 kg,Rs. 49/-,"Rs. 1,830/-",BRD-AMT
T005406,03/05/2020,F01283,DELIVERY,wheat,9.61 q,"Rs. 2,300/-","Rs. 22,103/-",BRD-AMT
T005407,17/04/2020,F01283,Delivery,chana,2.05 quintals,"Rs. 5,905/-","Rs. 12,105/-",BRD-AMT
T005408,24/04/2020,F01283,FPO_DELIVERY,Bengal Gram,0.76 q,"Rs. 5,905/-","Rs. 4,488/-",BRD-AMT
T005409,21/03/2020,F01283,D,Bengal Gram,1.46 q,"Rs. 5,905/-","Rs. 8,621/-",BRD-AMT
T005410,09/12/2019,F01283,INPUT_PURCHASE,Fertilizer,231 kg,Rs. 40/-,"Rs. 9,185/-",BRD-AMT
T005411,18/03/2020, F01285 ,D,Wheat,44.4 qtl,"Rs. 2,310/-","Rs. 1,02,610/-",BRD-AMT
T005412,11/12/2019,F01285,INPUT_PURCHASE,Hybrid Seeds,264 kg,Rs. 123/-,"Rs. 32,564/-",BRD-AMT
T005413,12/12/2019,F01285,Input Purchase,SEEDS,135 kgs,Rs. 101/-,"Rs. 13,692/-",BRD-AMT
T005414,11/04/2020,F01286,delivery,wheat,48.2 qtl,"Rs. 2,415/-","Rs. 1,16,306/-",BRD-AMT
T005415,03/01/2020,F01286,input,Fertilizer,285 kgs,Rs. 50/-,"Rs. 14,207/-",BRD-AMT
T005416,28/12/2019,F01286,Input Purchase,Fertilizer,145 kgs,Rs. 59/-,"Rs. 8,501/-",BRD-AMT
T005417,13/04/2020,F01288,D,wheat,28.43 quintals,"Rs. 2,295/-","Rs. 65,247/-",BRD-AMT
T005418,12/03/2020,F01288,delivery,Lokwan Wheat,11.05 q,"Rs. 2,295/-","Rs. 25,360/-",BRD-AMT
T005419,10/01/2020,F01288,input,DAP,226 kg,Rs. 52/-,"Rs. 11,799/-",BRD-AMT
T005420,15/03/2020,f01292,D,wheat,50.1 qtl,"Rs. 2,190/-","Rs. 1,09,785/-",BRD-AMT
T005421,28/04/2020,F01292,D,Lokwan Wheat,31.87 q,"Rs. 2,190/-","Rs. 69,795/-",BRD-AMT
T005422,09/05/2020,F01292,DELIVERY,chana,34.6 qtl,"Rs. 5,775/-","Rs. 1,99,584/-",BRD-AMT
T005423,08/12/2019,F01292,Input Purchase,DAP,130 kgs,Rs. 57/-,"Rs. 7,407/-",BRD-AMT
T005424,26/12/2019,F01292,Input Purchase,Fertilizer,296 kg,Rs. 52/-,"Rs. 15,383/-",BRD-AMT
T005425,25/12/2019,F01292,INPUT_PURCHASE,PPC,79 kg,Rs. 574/-,"Rs. 45,359/-",BRD-AMT
T005426,02/12/2019,F01292,FERT_PURCHASE,Urea,,Rs. 42/-,"Rs. 8,052/-",BRD-AMT
T005427,02/04/2020,F01292,loan,EMI,,,"Rs. 4,700/-",BRD-AMT
T005428,07/04/2020,F01293,DELIVERY,Wheat (Durum),24.91 q,"Rs. 2,290/-","Rs. 57,044/-",BRD-AMT
T005429,05/01/2020,F01293,Input Purchase,Fertilizer,294 kgs,Rs. 41/-,"Rs. 12,060/-",BRD-AMT
T005430,07/05/2020,F01295,FPO_DELIVERY,wheat,11.29 q,"Rs. 2,190/-","Rs. 24,725/-",BRD-AMT
T005431,21/04/2020, F01295 ,DELIVERY,Lokwan Wheat,10.67 quintals,"Rs. 2,190/-","Rs. 23,367/-",BRD-AMT
T005432,18/04/2020,F01295,Delivery,Bengal Gram,1.0 qtl,"Rs. 5,835/-","Rs. 5,835/-",BRD-AMT
T005433,29/02/2020,f01295,delivery,Gram,1.06 q,"Rs. 5,835/-","Rs. 6,185/-",BRD-AMT
T005434,28/04/2020,F01295,delivery,GRAM (Chana),5.02 quintals,"Rs. 5,835/-","Rs. 29,292/-",BRD-AMT
T005435,20/12/2019,F01295,FERT_PURCHASE,SEEDS,318 kgs,Rs. 85/-,"Rs. 27,040/-",BRD-AMT
T005436,09/03/2020, F01295 ,L,Loan Repayment,,,"Rs. 2,800/-",BRD-AMT
T005437,07/03/2020,F01296,FPO_DELIVERY,wheat,37.95 quintals,"Rs. 2,240/-","Rs. 85,008/-",BRD-AMT
T005438,08/05/2020,f01296,delivery,Gram,15.20 q,"Rs. 5,435/-","Rs. 82,612/-",BRD-AMT
T005439,03/12/2019,F01296,INPUT_PURCHASE,FERTILIZER 50kg bag,232 kgs,Rs. 41/-,"Rs. 9,493/-",BRD-AMT
T005440,21/03/2020,F01297,delivery,Wheat,18.37 quintals,"Rs. 2,350/-","Rs. 43,169.50",BRD-AMT
T005441,04/01/2020,F01297,input,Hybrid Seeds,209 kgs,Rs. 116/-,"Rs. 24,185/-",BRD-AMT
T005442,03/03/2020,f01298,FPO_DELIVERY,Wheat,0.17 q,"Rs. 2,345/-",Rs. 399/-,BRD-AMT
T005443,13/03/2020,f01298,DELIVERY,Wheat,8.99 q,"Rs. 2,345/-","Rs. 21,082/-",BRD-AMT
T005444,16/03/2020,F01299,D,WHEAT,24.30 quintals,"Rs. 2,380/-","Rs. 57,834/-",BRD-AMT
T007932,18/04/2020,F02220,D,wheat,3.02 quintals,"Rs. 2,350/-","Rs. 7,097/-",BRD-AMT
T007933,12/03/2020,F02220,Delivery,WHEAT,41.89 q,"Rs. 2,350/-","Rs. 98,441.50",BRD-AMT
T007934,14/01/2020,F02220,I,Urea,67 kg,Rs. 34/-,"Rs. 2,311/-",BRD-AMT
T007935,20/12/2019,F02220,Input Purchase,DAP,179 kgs,Rs. 49/-,"Rs. 8,707/-",BRD-AMT
T007936,06/12/2019,F02220,input,FERTILIZER 50kg bag,199 kg,Rs. 49/-,"Rs. 9,761/-",BRD-AMT
T007939,04/04/2020,F02224,FPO_DELIVERY,WHEAT,18.45 quintals,"Rs. 2,235/-","Rs. 41,236/-",BRD-AMT
T007940,28/12/2019,F02224,Input Purchase,Fertilizer,241 kg,Rs. 43/-,"Rs. 10,438/-",BRD-AMT
T007941,28/03/2020,F02224,L,Loan Repayment,,,"Rs. 1,400/-",BRD-AMT
T007942,12/05/2020,F02224,loan,EMI,,,"Rs. 5,100/-",BRD-AMT
T007969,10/05/2020,F02234,DELIVERY,Wheat (Durum),6.69 quintals,"Rs. 2,155/-","Rs. 14,417/-",BRD-AMT
T007970,27/04/2020,F02234,DELIVERY,WHEAT,3.94 quintals,"Rs. 2,155/-","Rs. 8,491/-",BRD-AMT
T007971,06/01/2020,F02234,Input Purchase,DAP,134 kg,Rs. 50/-,"Rs. 6,692/-",BRD-AMT
T007972,12/01/2020,F02234,input,PP chemicals,124 kg,Rs. 395/-,"Rs. 49,033/-",BRD-AMT
T008000,09/03/2020,F02244,Delivery,wheat,30.91 quintals,"Rs. 2,225/-","Rs. 68,775/-",BRD-AMT
T008001,05/05/2020,F02244,D,Lokwan Wheat,1.09 quintals,"Rs. 2,225/-","Rs. 2,425/-",BRD-AMT
T008002,26/03/2020,F02244,DELIVERY,Wheat,33.7 qtl,"Rs. 2,225/-","Rs. 75,049/-",BRD-AMT
T008003,04/01/2020,F02244,INPUT_PURCHASE,FERTILIZER 50kg bag,31 kg,Rs. 32/-,"Rs. 1,005/-",BRD-AMT
T008004,21/12/2019,F02244,INPUT_PURCHASE,FERTILIZER 50kg bag,218 kgs,Rs. 40/-,"Rs. 8,753/-",BRD-AMT
T008005,05/01/2020,F02244,Input Purchase,FERTILIZER 50kg bag,278 kgs,Rs. 51/-,"Rs. 14,270/-",BRD-AMT
T008020,13/05/2020,F02252,DELIVERY,WHEAT,21.84 quintals,"Rs. 2,340/-","Rs. 51,106/-",BRD-AMT
T008021,08/04/2020,F02252,Delivery,wheat,17.63 quintals,"Rs. 2,340/-","Rs. 41,254/-",BRD-AMT
T008022,09/01/2020,F02252,Input Purchase,DAP,227 kg,Rs. 54/-,"Rs. 12,326/-",BRD-AMT
T008023,27/12/2019,F02252,Input Purchase,Fertilizer,177 kg,Rs. 33/-,"Rs. 5,859/-",BRD-AMT
T008024,24/12/2019,F02252,input,DAP,185 kgs,Rs. 50/-,"Rs. 9,302/-",BRD-AMT
T008025,29/12/2019,F02252,Input Purchase,NPK 10:26:26,63 kg,Rs. 57/-,"Rs. 3,604/-",BRD-AMT
T008026,05/12/2019,f02252,FERT_PURCHASE,Fertilizer,200 kg,Rs. 51/-,"Rs. 10,156/-",BRD-AMT
T008027,09/12/2019,F02252,Input Purchase,Fertilizer,307 kg,Rs. 54/-,"Rs. 16,526/-",BRD-AMT
T008028,16/02/2020,F02252,LOAN_REPAY,Loan Repayment,,,"Rs. 2,100/-",BRD-AMT
T008029,28/05/2020,F02252,loan,Loan Repayment,,,"Rs. 1,100/-",BRD-AMT
T008030,04/12/2019,F02252,L,EMI,,,"Rs. 7,400/-",BRD-AMT
T008057,24/03/2020,F02261,DELIVERY,wheat,61.03 q,"Rs. 2,245/-","Rs. 1,37,012/-",BRD-AMT
T008058,22/12/2019,f02261,INPUT_PURCHASE,NPK 10:26:26,205 kg,Rs. 36/-,"Rs. 7,372/-",BRD-AMT
T008118,16/03/2020,F02276,delivery,Wheat (Durum),15.77 q,"Rs. 2,450/-","Rs. 38,636.50",BRD-AMT
T008119,06/01/2020,F02276,input,FERTILIZER 50kg bag,273 kg,Rs. 31/-,"Rs. 8,337/-",BRD-AMT
T008120,29/12/2019,F02276,Input Purchase,DAP,116 kg,Rs. 33/-,"Rs. 3,804/-",BRD-AMT
T008121,28/02/2020,f02276,loan,Loan Repayment,,,"Rs. 5,300/-",BRD-AMT
T008122,01/05/2020,F02276,L,EMI,,,"Rs. 1,700/-",BRD-AMT
T008636,14/10/2020,F01155,Delivery,Soybean,3.8 qtl,"Rs. 4,660/-","Rs. 17,522/-",BRD-AMT
T008637,22/11/2020,F01155,Delivery,soya,0.4 qtl,"Rs. 4,660/-","Rs. 1,957/-",BRD-AMT
T008638,02/07/2020,f01155,I,Hybrid Seeds,73 kg,Rs. 79/-,"Rs. 5,760/-",BRD-AMT
T008639,24/06/2020,F01155,input,Bio-pesticide,59 kgs,Rs. 406/-,"Rs. 23,976/-",BRD-AMT
T008640,05/07/2020,F01155,input,Hybrid Seeds,188 kgs,Rs. 62/-,"Rs. 11,660/-",BRD-AMT
T008641,15/11/2020,F01158,D,soya,11.34 q,"Rs. 4,870/-","Rs. 55,226/-",BRD-AMT
T008642,22/06/2020,F01158,Input Purchase,Seeds,34 kgs,Rs. 80/-,"Rs. 2,724/-",BRD-AMT
T008643,13/06/2020,F01158,input,PPC,113 kgs,Rs. 380/-,"Rs. 42,919/-",BRD-AMT
T008644,13/11/2020,F01160,Delivery,Soybean,13.8 qtl,"Rs. 4,945/-","Rs. 67,994/-",BRD-AMT
T008645,27/11/2020,F01160,FPO_DELIVERY,Cotton Kapas,9.58 quintals,"Rs. 7,365/-","Rs. 70,557/-",BRD-AMT
T008646,29/11/2020,F01163,delivery,soya,32.31 quintals,"Rs. 4,905/-","Rs. 1,58,481/-",BRD-AMT
T008647,09/07/2020,f01163,INPUT_PURCHASE,PP chemicals,90 kgs,Rs. 377/-,"Rs. 33,959/-",BRD-AMT
T008648,18/10/2020,F01164,DELIVERY,Soybean,15.18 quintals,"Rs. 5,200/-","Rs. 78,936/-",BRD-AMT
T008649,02/11/2020,F01164,FPO_DELIVERY,Soybean (Yellow),12.15 quintals,"Rs. 5,200/-","Rs. 63,180/-",BRD-AMT
T008650,19/06/2020,F01164,INPUT_PURCHASE,NPK 10:26:26,303 kgs,Rs. 49/-,"Rs. 14,838/-",BRD-AMT
T008651,21/10/2020,F01165,FPO_DELIVERY,SOYABEAN,8.03 q,"Rs. 5,260/-","Rs. 42,238/-",BRD-AMT
T008652,27/10/2020, F01165 ,delivery,soya,14.3 qtl,"Rs. 5,260/-","Rs. 75,060/-",BRD-AMT
T008653,12/07/2020,F01165,input,Bio-pesticide,261 kg,Rs. 394/-,"Rs. 1,02,899/-",BRD-AMT
T008654,15/06/2020,F01165,I,DAP,195 kg,Rs. 43/-,"Rs. 8,453/-",BRD-AMT
T008655,26/10/2020,F01168,FPO_DELIVERY,soya,10.9 qtl,"Rs. 4,935/-","Rs. 53,890/-",BRD-AMT
T008656,04/11/2020,F01168,Delivery,soya,0.3 qtl,"Rs. 4,935/-","Rs. 1,579/-",BRD-AMT
T008657,28/06/2020,F01168,I,NPK 10:26:26,53 kg,Rs. 29/-,"Rs. 1,521/-",BRD-AMT
T008658,10/10/2020,F01169,DELIVERY,Soybean,24.77 q,"Rs. 5,090/-","Rs. 1,26,079/-",BRD-AMT
T008659,11/11/2020,F01170,delivery,SOYABEAN,14.5 qtl,"Rs. 5,060/-","Rs. 73,168/-",BRD-AMT
T008660,05/11/2020,F01170,delivery,Soybean,6.67 quintals,"Rs. 5,060/-","Rs. 33,750/-",BRD-AMT
T008661,05/11/2020,F01170,DELIVERY,kapas,15.76 quintals,"Rs. 7,555/-","Rs. 1,19,067/-",BRD-AMT
T008662,05/06/2020,F01170,INPUT_PURCHASE,PP chemicals,140 kg,Rs. 445/-,"Rs. 62,241/-",BRD-AMT
T008663,14/06/2020,F01170,INPUT_PURCHASE,Urea,102 kg,Rs. 54/-,"Rs. 5,520/-",BRD-AMT
T008664,01/06/2020,F01170,I,Seeds,181 kgs,Rs. 66/-,"Rs. 11,892/-",BRD-AMT
T008665,31/10/2020,F01171,delivery,Soybean (Yellow),4.3 qtl,"Rs. 4,920/-","Rs. 21,107/-",BRD-AMT
T008666,17/10/2020,F01171,FPO_DELIVERY,SOYABEAN,3.64 q,"Rs. 4,920/-","Rs. 17,909/-",BRD-AMT
T008667,03/11/2020,F01171,Delivery,soya,2.8 qtl,"Rs. 4,920/-","Rs. 13,776/-",BRD-AMT
T008668,08/07/2020,F01171,INPUT_PURCHASE,FERTILIZER 50kg bag,78 kgs,Rs. 33/-,"Rs. 2,604/-",BRD-AMT
T008669,15/11/2020,F01172,delivery,Soybean (Yellow),4.20 quintals,"Rs. 5,235/-","Rs. 21,987/-",BRD-AMT
T008670,12/10/2020,f01172,Delivery,Soybean (Yellow),6.72 quintals,"Rs. 5,235/-","Rs. 35,179/-",BRD-AMT
T008671,23/10/2020,F01175,FPO_DELIVERY,Soybean (Yellow),7.13 quintals,"Rs. 4,895/-","Rs. 34,901/-",BRD-AMT
T008672,11/11/2020,F01175,FPO_DELIVERY,Soybean (Yellow),0.92 quintals,"Rs. 4,895/-","Rs. 4,503/-",BRD-AMT
T008673,32/01/2022,F01175,FERT_PURCHASE,Bio-pesticide,236 kg,Rs. 638/-,"Rs. 1,50,488/-",BRD-AMT
T008674,10/06/2020,F01175,FERT_PURCHASE,Urea,183 kg,Rs. 59/-,"Rs. 10,885/-",BRD-AMT
T008675,25/06/2020,F01175,input,Hybrid Seeds,32 kg,Rs. 51/-,"Rs. 1,629/-",BRD-AMT
T008676,21/11/2020,F01176,FPO_DELIVERY,soya,3.15 quintals,"Rs. 5,540/-","Rs. 17,451/-",BRD-AMT
T008677,17/10/2020,F01176,FPO_DELIVERY,Soybean,2.9 qtl,"Rs. 5,540/-","Rs. 16,121/-",BRD-AMT
T008678,16/10/2020,F01176,delivery,Cotton Kapas,3.69 q,"Rs. 8,240/-","Rs. 30,406/-",BRD-AMT
T008679,15/10/2020,F01176,delivery,kapas,1.27 quintals,"Rs. 8,240/-","Rs. 10,465/-",BRD-AMT
T008680,07/11/2020,F01179,DELIVERY,Soybean,8.3 qtl,"Rs. 5,250/-","Rs. 43,522/-",BRD-AMT
T008681,17/10/2020,F01179,Delivery,Soybean (Yellow),12.69 q,"Rs. 5,250/-","Rs. 66,622.50",BRD-AMT
T008682,01/11/2020,F01179,DELIVERY,soya,0.54 quintals,"Rs. 5,250/-","Rs. 2,835/-",BRD-AMT
T008683,23/11/2020,F01179,DELIVERY,COTTON (Kapas),0.89 q,"Rs. 7,720/-","Rs. 6,871/-",BRD-AMT
T008684,06/11/2020,F01179,Delivery,Cotton,0.94 q,"Rs. 7,720/-","Rs. 7,257/-",BRD-AMT
T008685,30/10/2020,F01179,Delivery,Cotton Kapas,15.97 quintals,"Rs. 7,720/-","Rs. 1,23,288/-",BRD-AMT
T008686,15/07/2020,F01179,I,PPC,230 kgs,Rs. 691/-,"Rs. 1,58,879/-",BRD-AMT
T008687,21/06/2020,F01179,FERT_PURCHASE,Urea,138 kgs,Rs. 29/-,"Rs. 4,045/-",BRD-AMT
T008688,07/10/2020,f01180,D,soya,10.70 quintals,"Rs. 5,040/-","Rs. 53,928/-",BRD-AMT
T008689,26/06/2020,F01180,Input Purchase,Fertilizer,214 kgs,Rs. 57/-,"Rs. 12,179/-",BRD-AMT
T008690,13/06/2020,F01180,FERT_PURCHASE,Urea,233 kgs,Rs. 51/-,"Rs. 11,855/-",BRD-AMT
T008691,26/10/2020,F01183,D,SOYABEAN,15.12 quintals,"Rs. 5,185/-","Rs. 78,397/-",BRD-AMT
T008692,06/11/2020,F01183,Delivery,COTTON (Kapas),12.7 qtl,"Rs. 7,890/-","Rs. 1,00,045/-",BRD-AMT
T008693,27/10/2020,F01183,Loan Repayment,EMI,,,"Rs. 7,200/-",BRD-AMT
T008694,06/11/2020,F01191,DELIVERY,Soybean (Yellow),10.62 quintals,"Rs. 5,405/-","Rs. 57,401/-",BRD-AMT
T008695,23/06/2020,F01191,INPUT_PURCHASE,Urea,54 kg,Rs. 53/-,"Rs. 2,872/-",BRD-AMT
T008696,14/11/2020,F01193,FPO_DELIVERY,Soybean,29.7 qtl,"Rs. 4,780/-","Rs. 1,41,966/-",BRD-AMT
T008697,05/10/2020,F01194,DELIVERY,Soybean (Yellow),4.3 qtl,"Rs. 5,530/-","Rs. 23,890/-",BRD-AMT
T008698,25/10/2020,F01194,D,Soybean,2.56 q,"Rs. 5,530/-","Rs. 14,157/-",BRD-AMT
T008699,17/11/2020,f01194,delivery,COTTON (Kapas),5.43 quintals,"Rs. 7,775/-","Rs. 42,218/-",BRD-AMT
T008700,03/07/2020,F01194,FERT_PURCHASE,Fertilizer,268 kgs,Rs. 48/-,"Rs. 12,995/-",BRD-AMT
T008701,13/06/2020,F01194,I,Urea,105 kgs,Rs. 44/-,"Rs. 4,569/-",BRD-AMT
T008702,09/07/2020, F01194 ,input,Bio-pesticide,48 kgs,Rs. 562/-,"Rs. 26,983/-",BRD-AMT
T008703,28/08/2020,F01194,Loan Repayment,Loan Repayment,,,"Rs. 3,300/-",BRD-AMT
T008704,02/07/2020,F01194,L,EMI,,,"Rs. 5,700/-",BRD-AMT
T008705,29/08/2020, F01194 ,L,Loan Repayment,,,"Rs. 7,200/-",BRD-AMT
T008706,13/10/2020,F01195,FPO_DELIVERY,Soybean,10.48 q,"Rs. 5,245/-","Rs. 54,968/-",BRD-AMT
T008707,21/11/2020,F01197,Delivery,SOYABEAN,8.43 quintals,"Rs. 5,000/-","Rs. 42,150/-",BRD-AMT
T008708,12/11/2020,F01197,delivery,Soybean (Yellow),2.75 quintals,"Rs. 5,000/-","Rs. 13,750/-",BRD-AMT
T008709,24/06/2020,F01197,INPUT_PURCHASE,PPC,259 kg,Rs. 229/-,"Rs. 59,228/-",BRD-AMT
T008710,05/07/2020,F01197,loan,Loan Repayment,,,"Rs. 7,400/-",BRD-AMT
T008711,09/09/2020,F01197,Loan Repayment,EMI,,,"Rs. 7,500/-",BRD-AMT
T008712,15/11/2020,F01199,delivery,soya,1.54 quintals,"Rs. 4,815/-","Rs. 7,415/-",BRD-AMT
T008713,29/10/2020,F01199,Delivery,soya,2.1 qtl,"Rs. 4,815/-","Rs. 10,304/-",BRD-AMT
T008714,26/10/2020,F01199,FPO_DELIVERY,Soybean,19.0 qtl,"Rs. 4,815/-","Rs. 91,678/-",BRD-AMT
T008715,27/10/2020,F01199,FPO_DELIVERY,Cotton Kapas,13.98 quintals,"Rs. 7,705/-","Rs. 1,07,716/-",BRD-AMT
T008716,08/07/2020,F01199,I,SEEDS,276 kg,Rs. 75/-,"Rs. 20,584/-",BRD-AMT
T008717,01/11/2020,F01200,Delivery,SOYABEAN,9.62 quintals,"Rs. 5,195/-","Rs. 49,976/-",BRD-AMT
T008718,09/10/2020,F01200,delivery,COTTON (Kapas),6.5 qtl,"Rs. 7,640/-","Rs. 49,736/-",BRD-AMT
T008719,11/07/2020,F01200,input,Urea,290 kg,Rs. 30/-,"Rs. 8,581/-",BRD-AMT
T008720,17/06/2020, F01200 ,INPUT_PURCHASE,DAP,33 kg,Rs. 52/-,"Rs. 1,710/-",BRD-AMT
T008721,02/11/2020,F01202,D,Soybean (Yellow),30.0 qtl,"Rs. 4,960/-","Rs. 1,48,602/-",BRD-AMT
T008722,23/10/2020,F01203,DELIVERY,Soybean (Yellow),13.82 q,"Rs. 5,170/-","Rs. 71,449/-",BRD-AMT
T008723,07/10/2020,f01203,Delivery,COTTON (Kapas),12.12 quintals,"Rs. 7,255/-","Rs. 87,931/-",BRD-AMT
T008724,01/10/2020,f01203,delivery,Cotton,0.12 q,"Rs. 7,255/-",Rs. 871/-,BRD-AMT
T008725,13/07/2020,F01203,INPUT_PURCHASE,DAP,178 kg,Rs. 51/-,"Rs. 9,067/-",BRD-AMT
T008726,17/11/2020,F01204,D,Soybean,23.57 quintals,"Rs. 5,155/-","Rs. 1,21,503/-",BRD-AMT
T008727,18/11/2020,F01204,Delivery,Cotton,15.7 qtl,"Rs. 7,700/-","Rs. 1,20,582/-",BRD-AMT
T008728,06/06/2020,f01204,FERT_PURCHASE,Hybrid Seeds,258 kg,Rs. 127/-,"Rs. 32,880/-",BRD-AMT
T008729,01/11/2020,F01206,Delivery,soya,9.28 quintals,"Rs. 4,910/-","Rs. 45,565/-",BRD-AMT
T008730,09/06/2020,f01206,Input Purchase,PP chemicals,89 kgs,Rs. 698/-,"Rs. 62,081/-",BRD-AMT
T008731,03/06/2020,F01206,I,Urea,46 kg,Rs. 49/-,"Rs. 2,255/-",BRD-AMT
T008732,23/06/2020,f01206,FERT_PURCHASE,Fertilizer,102 kgs,Rs. 38/-,"Rs. 3,861/-",BRD-AMT
T008733,03/10/2020,F01207,D,Soybean,0.08 q,"Rs. 5,460/-",Rs. 437/-,BRD-AMT
T008734,12/11/2020,F01207,D,soya,21.1 qtl,"Rs. 5,460/-","Rs. 1,15,097/-",BRD-AMT
T008735,13/07/2020,F01207,FERT_PURCHASE,Hybrid Seeds,43 kg,Rs. 122/-,"Rs. 5,225/-",BRD-AMT
T008736,25/06/2020,F01207,Input Purchase,Seeds,88 kgs,Rs. 84/-,"Rs. 7,391/-",BRD-AMT
T008737,08/06/2020,F01207,Input Purchase,DAP,204 kgs,Rs. 43/-,"Rs. 8,799/-",BRD-AMT
T008738,01/07/2020,F01207,input,Bio-pesticide,292 kg,Rs. 307/-,"Rs. 89,536/-",BRD-AMT
T008739,03/08/2020,f01207,Loan Repayment,Loan Repayment,,,"Rs. 2,400/-",BRD-AMT
T008740,12/08/2020,F01207,LOAN_REPAY,EMI,,,"Rs. 6,500/-",BRD-AMT
T008741,22/11/2020,f01207,LOAN_REPAY,EMI,,,"Rs. 1,000/-",BRD-AMT
T008742,08/10/2020,f01211,DELIVERY,soya,19.18 quintals,"Rs. 4,930/-","Rs. 94,557/-",BRD-AMT
T008743,11/11/2020,F01211,Delivery,kapas,7.64 quintals,"Rs. 7,340/-","Rs. 56,078/-",BRD-AMT
T008744,26/11/2020,F01211,D,kapas,10.2 qtl,"Rs. 7,340/-","Rs. 74,868/-",BRD-AMT
T008745,20/06/2020,F01211,INPUT_PURCHASE,Hybrid Seeds,252 kg,Rs. 105/-,"Rs. 26,359/-",BRD-AMT
T008746,01/07/2020,f01211,FERT_PURCHASE,Hybrid Seeds,233 kg,Rs. 108/-,"Rs. 25,159/-",BRD-AMT
T008747,17/11/2020,F01213,FPO_DELIVERY,Soybean (Yellow),11.8 qtl,"Rs. 5,240/-","Rs. 61,832/-",BRD-AMT
T008748,16/11/2020,F01213,delivery,soya,18.93 quintals,"Rs. 5,240/-","Rs. 99,193/-",BRD-AMT
T008749,11/11/2020,f01213,delivery,Cotton Kapas,21.6 qtl,"Rs. 8,035/-","Rs. 1,73,235/-",BRD-AMT
T008750,15/06/2020,F01213,INPUT_PURCHASE,NPK 10:26:26,138 kg,Rs. 41/-,"Rs. 5,608/-",BRD-AMT
T008751,03/06/2020,F01213,FERT_PURCHASE,FERTILIZER 50kg bag,74 kgs,Rs. 34/-,"Rs. 2,520/-",BRD-AMT
T008752,25/10/2020,F01215,delivery,Soybean (Yellow),15.6 qtl,"Rs. 5,040/-","Rs. 78,574/-",BRD-AMT
T008753,15/10/2020,F01215,delivery,Cotton Kapas,8.11 q,"Rs. 7,705/-","Rs. 62,488/-",BRD-AMT
T008754,17/11/2020,F01215,FPO_DELIVERY,kapas,2.12 quintals,"Rs. 7,705/-","Rs. 16,335/-",BRD-AMT
T008755,19/06/2020,F01215,input,Fertilizer,287 kg,Rs. 57/-,"Rs. 16,471/-",BRD-AMT
T008756,14/11/2020, F01216 ,Delivery,soya,3.46 q,"Rs. 5,015/-","Rs. 17,352/-",BRD-AMT
T008757,14/11/2020,F01216,delivery,Soybean,10.73 q,"Rs. 5,015/-","Rs. 53,811/-",BRD-AMT
T008758,24/10/2020,F01216,FPO_DELIVERY,Soybean,0.9 qtl,"Rs. 5,015/-","Rs. 4,714/-",BRD-AMT
T008759,30/06/2020, F01216 ,INPUT_PURCHASE,Urea,196 kg,Rs. 29/-,"Rs. 5,766/-",BRD-AMT
T008760,10/07/2020, F01216 ,I,Bio-pesticide,263 kgs,Rs. 206/-,"Rs. 54,052/-",BRD-AMT
T008761,22/10/2020,f01218,D,SOYABEAN,4.32 q,"Rs. 5,055/-","Rs. 21,838/-",BRD-AMT
T008762,16/06/2020,F01218,I,Urea,102 kg,Rs. 44/-,"Rs. 4,477/-",BRD-AMT
T008763,13/07/2020,F01218,INPUT_PURCHASE,PPC,209 kgs,Rs. 378/-,"Rs. 79,023/-",BRD-AMT
T008764,13/11/2020,F01219,delivery,soya,3.0 qtl,"Rs. 4,855/-","Rs. 14,516/-",BRD-AMT
T008765,05/11/2020,F01219,FPO_DELIVERY,soya,12.17 quintals,"Rs. 4,855/-","Rs. 59,085/-",BRD-AMT
T008766,05/06/2020,F01219,FERT_PURCHASE,Fertilizer,66 kgs,Rs. 28/-,"Rs. 1,868/-",BRD-AMT
T008767,19/06/2020,F01219,input,NPK 10:26:26,88 kgs,Rs. 46/-,"Rs. 4,057/-",BRD-AMT
T008768,07/07/2020,F01219,INPUT_PURCHASE,Urea,222 kg,Rs. 35/-,"Rs. 7,837/-",BRD-AMT
T008769,13/07/2020,F01219,I,Hybrid Seeds,267 kgs,Rs. 70/-,"Rs. 18,759/-",BRD-AMT
T008770,18/11/2020, F01221 ,D,soya,11.85 quintals,"Rs. 4,995/-","Rs. 59,191/-",BRD-AMT
T008771,22/06/2020,F01221,I,Fertilizer,304 kgs,Rs. 35/-,"Rs. 10,701/-",BRD-AMT
T008772,30/11/2020,F01223,Delivery,Soybean (Yellow),35.27 quintals,"Rs. 5,130/-","Rs. 1,80,935/-",BRD-AMT
T008773,19/11/2020,F01223,D,Soybean,17.37 q,"Rs. 5,130/-","Rs. 89,108/-",BRD-AMT
T008774,02/07/2020,F01223,Input Purchase,Bio-pesticide,314 kg,Rs. 560/-,"Rs. 1,75,856/-",BRD-AMT
T008775,03/06/2020,F01223,I,PP chemicals,65 kgs,Rs. 660/-,"Rs. 42,883/-",BRD-AMT
T008776,14/11/2020,F01224,Delivery,Soybean (Yellow),6.2 qtl,"Rs. 4,920/-","Rs. 30,356/-",BRD-AMT
T008777,03/07/2020, F01224 ,INPUT_PURCHASE,DAP,247 kg,Rs. 40/-,"Rs. 9,853/-",BRD-AMT
T008778,08/11/2020,F01225,FPO_DELIVERY,soya,10.19 q,"Rs. 5,045/-","Rs. 51,409/-",BRD-AMT
T008779,29/06/2020,F01225,FERT_PURCHASE,FERTILIZER 50kg bag,146 kgs,Rs. 47/-,"Rs. 6,916/-",BRD-AMT
T008780,24/11/2020,F01226,FPO_DELIVERY,soya,1.6 qtl,"Rs. 5,010/-","Rs. 8,116/-",BRD-AMT
T008781,31/10/2020,F01226,delivery,SOYABEAN,10.07 q,"Rs. 5,010/-","Rs. 50,451/-",BRD-AMT
T008782,09/06/2020,F01226,INPUT_PURCHASE,DAP,27 kgs,Rs. 33/-,Rs. 891/-,BRD-AMT
T008783,21/06/2020,F01226,Input Purchase,Fertilizer,246 kgs,Rs. 40/-,"Rs. 9,744/-",BRD-AMT
T008784,13/07/2020,F01226,INPUT_PURCHASE,FERTILIZER 50kg bag,180 kg,Rs. 46/-,"Rs. 8,266/-",BRD-AMT
T008785,07/07/2020,F01226,input,SEEDS,211 kgs,Rs. 118/-,"Rs. 24,985/-",BRD-AMT
T008786,03/11/2020, F01227 ,D,soya,8.97 quintals,"Rs. 5,315/-","Rs. 47,676/-",BRD-AMT
T008787,28/11/2020,F01227,DELIVERY,Soybean (Yellow),15.0 qtl,"Rs. 5,315/-","Rs. 79,725/-",BRD-AMT
T008788,07/11/2020,F01227,FPO_DELIVERY,kapas,9.8 qtl,"Rs. 7,945/-","Rs. 77,464/-",BRD-AMT
T008789,01/11/2020,f01227,D,kapas,3.33 quintals,"Rs. 7,945/-","Rs. 26,457/-",BRD-AMT
T008790,14/06/2020,f01227,input,FERTILIZER 50kg bag,142 kgs,Rs. 43/-,"Rs. 6,068/-",BRD-AMT
T008791,07/07/2020,F01227,INPUT_PURCHASE,SEEDS,29 kgs,Rs. 67/-,"Rs. 1,945/-",BRD-AMT
T008792,31/07/2020,F01227,Loan Repayment,Loan Repayment,,,"Rs. 6,100/-",BRD-AMT
T008793,20/11/2020,F01228,D,SOYABEAN,0.45 quintals,"Rs. 4,760/-","Rs. 2,142/-",BRD-AMT
T008794,03/11/2020, F01228 ,delivery,SOYABEAN,4.7 qtl,"Rs. 4,760/-","Rs. 22,182/-",BRD-AMT
T008795,12/07/2020,F01228,FERT_PURCHASE,NPK 10:26:26,173 kg,Rs. 35/-,"Rs. 6,001/-",BRD-AMT
T008796,18/11/2020,F01235,Delivery,soya,4.16 q,"Rs. 4,645/-","Rs. 19,323/-",BRD-AMT
T008797,04/11/2020,F01235,Delivery,soya,6.23 q,"Rs. 4,645/-","Rs. 28,938/-",BRD-AMT
T008798,08/10/2020,F01235,delivery,Cotton Kapas,8.55 quintals,"Rs. 7,850/-","Rs. 67,117.50",BRD-AMT
T008799,10/07/2020,F01235,Input Purchase,Seeds,96 kg,Rs. 76/-,"Rs. 7,318/-",BRD-AMT
T008800,05/10/2020,f01236,FPO_DELIVERY,soya,19.5 qtl,"Rs. 4,815/-","Rs. 93,700/-",BRD-AMT
T008801,07/07/2020,F01236,Input Purchase,NPK 10:26:26,293 kg,Rs. 39/-,"Rs. 11,538/-",BRD-AMT
T008802,03/10/2020,F01237,FPO_DELIVERY,Soybean (Yellow),0.05 quintals,"Rs. 5,110/-",Rs. 255.50,BRD-AMT
T008803,18/11/2020,F01237,DELIVERY,Soybean,14.42 quintals,"Rs. 5,110/-","Rs. 73,686/-",BRD-AMT
T008804,22/10/2020,F01238,delivery,Soybean,3.9 qtl,"Rs. 4,705/-","Rs. 18,349.50",BRD-AMT
T008805,26/10/2020,F01238,DELIVERY,soya,2.90 quintals,"Rs. 4,705/-","Rs. 13,644.50",BRD-AMT
T008806,17/10/2020,F01238,Delivery,COTTON (Kapas),5.54 q,"Rs. 8,055/-","Rs. 44,625/-",BRD-AMT
T008807,25/06/2020,F01238,INPUT_PURCHASE,PPC,305 kg,Rs. 458/-,"Rs. 1,39,800/-",BRD-AMT
T008808,03/10/2020, F01238 ,loan,EMI,,,"Rs. 2,400/-",BRD-AMT
T008809,13/10/2020,F01239,delivery,Soybean (Yellow),22.6 qtl,"Rs. 4,665/-","Rs. 1,05,196/-",BRD-AMT
T008810,14/11/2020,f01241,delivery,SOYABEAN,1.98 quintals,"Rs. 4,770/-","Rs. 9,445/-",BRD-AMT
T008811,24/11/2020,F01241,FPO_DELIVERY,SOYABEAN,2.77 q,"Rs. 4,770/-","Rs. 13,213/-",BRD-AMT
T008812,01/10/2020,F01241,L,Loan Repayment,,,"Rs. 1,900/-",BRD-AMT
T008813,24/10/2020,F01245,delivery,soya,19.3 qtl,"Rs. 4,855/-","Rs. 93,701.50",BRD-AMT
T008814,14/07/2020,F01245,INPUT_PURCHASE,Fertilizer,313 kgs,Rs. 32/-,"Rs. 9,991/-",BRD-AMT
T008815,07/07/2020,F01245,I,Urea,85 kg,Rs. 42/-,"Rs. 3,567/-",BRD-AMT
T008816,13/07/2020,f01245,FERT_PURCHASE,DAP,274 kgs,Rs. 47/-,"Rs. 12,864/-",BRD-AMT
T008817,12/06/2020,f01245,Input Purchase,NPK 10:26:26,101 kgs,Rs. 31/-,"Rs. 3,108/-",BRD-AMT
T008818,20/06/2020,f01245,Input Purchase,Seeds,205 kgs,Rs. 105/-,"Rs. 21,519/-",BRD-AMT
T008819,25/06/2020,F01245,Input Purchase,Fertilizer,227 kgs,Rs. 29/-,"Rs. 6,558/-",BRD-AMT
T008820,15/11/2020,F01246,FPO_DELIVERY,SOYABEAN,0.32 q,"Rs. 5,145/-","Rs. 1,646/-",BRD-AMT
T008821,26/11/2020,F01246,delivery,SOYABEAN,6.27 quintals,"Rs. 5,145/-","Rs. 32,259/-",BRD-AMT
T008822,05/10/2020,F01246,D,soya,13.66 q,"Rs. 5,145/-","Rs. 70,281/-",BRD-AMT
T008823,11/06/2020, F01246 ,Input Purchase,NPK 10:26:26,122 kgs,Rs. 34/-,"Rs. 4,191/-",BRD-AMT
T008824,02/10/2020,f01248,DELIVERY,Soybean (Yellow),0.48 quintals,"Rs. 5,265/-","Rs. 2,527/-",BRD-AMT
T008825,08/11/2020,F01248,D,Soybean (Yellow),7.62 quintals,"Rs. 5,265/-","Rs. 40,119/-",BRD-AMT
T008826,04/10/2020,F01248,FPO_DELIVERY,COTTON (Kapas),1.31 quintals,"Rs. 8,270/-","Rs. 10,834/-",BRD-AMT
T008827,30/11/2020,F01248,D,kapas,3.95 quintals,"Rs. 8,270/-","Rs. 32,666.50",BRD-AMT
T008828,13/11/2020,F01249,FPO_DELIVERY,soya,6.53 quintals,"Rs. 4,750/-","Rs. 31,017.50",BRD-AMT
T008829,23/10/2020,F01249,delivery,Soybean (Yellow),12.49 q,"Rs. 4,750/-","Rs. 59,327.50",BRD-AMT
T008830,06/10/2020,F01251,Delivery,soya,14.50 quintals,"Rs. 4,980/-","Rs. 72,210/-",BRD-AMT
T008831,11/06/2020,F01251,I,FERTILIZER 50kg bag,224 kgs,Rs. 44/-,"Rs. 9,912/-",BRD-AMT
T008832,16/10/2020,F01254,delivery,Soybean,27.10 quintals,"Rs. 5,150/-","Rs. 1,39,565/-",BRD-AMT
T008833,02/10/2020,F01254,Delivery,Cotton Kapas,10.08 quintals,"Rs. 7,660/-","Rs. 77,213/-",BRD-AMT
T008834,16/11/2020,F01254,FPO_DELIVERY,Cotton,12.49 q,"Rs. 7,660/-","Rs. 95,673/-",BRD-AMT
T008835,28/06/2020,F01254,I,Seeds,95 kg,Rs. 60/-,"Rs. 5,739/-",BRD-AMT
T008836,06/10/2020,F01262,DELIVERY,Soybean,8.7 qtl,"Rs. 4,610/-","Rs. 40,153/-",BRD-AMT
T008837,25/11/2020,F01262,Delivery,Soybean,3.5 qtl,"Rs. 4,610/-","Rs. 16,365.50",BRD-AMT
T008838,10/07/2020,F01262,Input Purchase,FERTILIZER 50kg bag,228 kgs,Rs. 50/-,"Rs. 11,455/-",BRD-AMT
T008839,01/11/2020,F01263,delivery,SOYABEAN,11.29 quintals,"Rs. 5,140/-","Rs. 58,031/-",BRD-AMT
T008840,13/06/2020,f01263,I,Fertilizer,109 kgs,Rs. 31/-,"Rs. 3,417/-",BRD-AMT
T008841,22/11/2020,F01264,DELIVERY,Soybean,3.2 qtl,"Rs. 5,125/-","Rs. 16,246/-",BRD-AMT
T008842,10/11/2020,F01264,D,SOYABEAN,4.2 qtl,"Rs. 5,125/-","Rs. 21,371/-",BRD-AMT
T008843,01/07/2020,F01264,INPUT_PURCHASE,DAP,149 kgs,Rs. 42/-,"Rs. 6,221/-",BRD-AMT
T008844,09/07/2020,F01264,FERT_PURCHASE,NPK 10:26:26,185 kgs,Rs. 47/-,"Rs. 8,786/-",BRD-AMT
T008845,30/11/2020,F01269,DELIVERY,soya,9.71 quintals,"Rs. 5,035/-","Rs. 48,890/-",BRD-AMT
T008846,06/11/2020,F01269,FPO_DELIVERY,Soybean (Yellow),0.66 quintals,"Rs. 5,035/-","Rs. 3,323/-",BRD-AMT
T008847,02/11/2020,f01269,FPO_DELIVERY,Soybean,1.42 quintals,"Rs. 5,035/-","Rs. 7,150/-",BRD-AMT
T008848,23/10/2020,F01269,FPO_DELIVERY,kapas,9.08 q,"Rs. 8,220/-","Rs. 74,638/-",BRD-AMT
T008849,05/06/2020,F01269,input,Urea,212 kgs,Rs. 33/-,"Rs. 7,055/-",BRD-AMT
T008850,03/07/2020,F01269,Loan Repayment,Loan Repayment,,,"Rs. 1,100/-",BRD-AMT
T008851,26/11/2020,F01274,delivery,Soybean (Yellow),3.37 quintals,"Rs. 5,105/-","Rs. 17,204/-",BRD-AMT
T008852,16/10/2020,F01274,DELIVERY,soya,5.7 qtl,"Rs. 5,105/-","Rs. 28,945/-",BRD-AMT
T008853,03/10/2020,f01274,FPO_DELIVERY,COTTON (Kapas),2.78 q,"Rs. 7,930/-","Rs. 22,045/-",BRD-AMT
T008854,14/10/2020,F01274,D,kapas,4.58 quintals,"Rs. 7,930/-","Rs. 36,319/-",BRD-AMT
T008855,20/06/2020,F01274,I,NPK 10:26:26,83 kgs,Rs. 42/-,"Rs. 3,446/-",BRD-AMT
T008856,23/11/2020,F01275,DELIVERY,SOYABEAN,7.89 quintals,"Rs. 4,875/-","Rs. 38,464/-",BRD-AMT
T008857,22/11/2020,F01275,FPO_DELIVERY,Cotton,5.74 q,"Rs. 7,880/-","Rs. 45,231/-",BRD-AMT
T008858,27/06/2020,F01275,I,Bio-pesticide,180 kg,Rs. 699/-,"Rs. 1,25,755/-",BRD-AMT
T008859,10/11/2020,,Delivery,Soybean,8.03 q,"Rs. 5,145/-","Rs. 41,314/-",BRD-AMT
T008860,20/11/2020,F01276,D,Soybean (Yellow),3.31 q,"Rs. 5,145/-","Rs. 17,030/-",BRD-AMT
T008861,08/06/2020,f01276,Input Purchase,Bio-pesticide,27 kg,Rs. 406/-,"Rs. 10,973/-",BRD-AMT
T008862,20/06/2020,F01276,FERT_PURCHASE,Seeds,314 kg,Rs. 101/-,"Rs. 31,692/-",BRD-AMT
T008863,14/06/2020,f01276,INPUT_PURCHASE,Urea,229 kgs,Rs. 39/-,"Rs. 8,887/-",BRD-AMT
T008864,26/10/2020,F01280,FPO_DELIVERY,Soybean,27.74 quintals,"Rs. 5,115/-","Rs. 1,41,890/-",BRD-AMT
T008865,10/09/2020,F01280,loan,Loan Repayment,,,"Rs. 4,800/-",BRD-AMT
T008866,11/09/2020,F01280,LOAN_REPAY,EMI,,,"Rs. 7,600/-",BRD-AMT
T008867,12/10/2020,F01282,D,SOYABEAN,33.4 qtl,"Rs. 5,130/-","Rs. 1,71,137/-",BRD-AMT
T008868,22/10/2020,F01282,delivery,COTTON (Kapas),18.45 q,"Rs. 6,975/-","Rs. 1,28,689/-",BRD-AMT
T008869,17/11/2020,F01282,FPO_DELIVERY,kapas,7.22 quintals,"Rs. 6,975/-","Rs. 50,359.50",BRD-AMT
T008870,05/07/2020,F01282,FERT_PURCHASE,Seeds,215 kgs,Rs. 108/-,"Rs. 23,315/-",BRD-AMT
T008871,14/07/2020,F01282,I,Urea,187 kgs,Rs. 38/-,"Rs. 7,102/-",BRD-AMT
T008872,04/10/2020,F01283,Delivery,Soybean,0.38 q,"Rs. 5,180/-","Rs. 1,968/-",BRD-AMT
T008873,02/11/2020,F01283,D,Soybean (Yellow),4.5 qtl,"Rs. 5,180/-","Rs. 23,465/-",BRD-AMT
T008874,21/10/2020,F01283,DELIVERY,Soybean,0.26 quintals,"Rs. 5,180/-","Rs. 1,347/-",BRD-AMT
T008875,21/06/2020,F01283,INPUT_PURCHASE,Fertilizer,44 kgs,Rs. 55/-,"Rs. 2,440/-",BRD-AMT
T008876,21/10/2020,F01285,FPO_DELIVERY,Soybean,8.3 qtl,"Rs. 4,710/-","Rs. 39,140/-",BRD-AMT
T008877,16/10/2020,F01285,D,soya,11.25 q,"Rs. 4,710/-","Rs. 52,987.50",BRD-AMT
T008878,19/06/2020,f01285,I,Seeds,216 kgs,Rs. 90/-,"Rs. 19,485/-",BRD-AMT
T008879,05/07/2020,F01285,FERT_PURCHASE,Hybrid Seeds,257 kg,Rs. 46/-,"Rs. 11,843/-",BRD-AMT
T008880,03/07/2020,F01285,FERT_PURCHASE,DAP,305 kgs,Rs. 45/-,"Rs. 13,688/-",BRD-AMT
T008881,30/06/2020, F01285 ,input,Urea,86 kg,Rs. 28/-,"Rs. 2,435/-",BRD-AMT
T008882,28/10/2020,F01286,FPO_DELIVERY,Soybean,20.8 qtl,"Rs. 5,190/-","Rs. 1,08,056/-",BRD-AMT
T008883,27/11/2020,F01286,Delivery,Cotton,11.34 q,"Rs. 8,110/-","Rs. 91,967/-",BRD-AMT
T008884,15/11/2020,F01286,delivery,COTTON (Kapas),7.7 qtl,"Rs. 8,110/-","Rs. 62,204/-",BRD-AMT
T008885,19/06/2020,F01286,I,FERTILIZER 50kg bag,251 kg,Rs. 58/-,"Rs. 14,641/-",BRD-AMT
T008886,11/07/2020,F01286,Input Purchase,NPK 10:26:26,48 kg,Rs. 30/-,"Rs. 1,425/-",BRD-AMT
T008887,06/11/2020,F01288,D,soya,25.83 quintals,"Rs. 4,830/-","Rs. 1,24,759/-",BRD-AMT
T008888,03/07/2020,F01288,INPUT_PURCHASE,FERTILIZER 50kg bag,239 kg,Rs. 31/-,"Rs. 7,500/-",BRD-AMT
T008889,01/06/2020,F01288,input,FERTILIZER 50kg bag,284 kg,Rs. 55/-,"Rs. 15,634/-",BRD-AMT
T008890,02/09/2020,F01288,L,Loan Repayment,,,"Rs. 4,400/-",BRD-AMT
T008891,09/11/2020, F01288 ,Loan Repayment,Loan Repayment,,,"Rs. 3,800/-",BRD-AMT
T008892,24/10/2020, F01292 ,D,Soybean,49.4 qtl,"Rs. 4,995/-","Rs. 2,46,953/-",BRD-AMT
T008893,18/11/2020,f01292,Loan Repayment,Loan Repayment,,,"Rs. 1,000/-",BRD-AMT
T008894,13/10/2020,F01292,loan,EMI,,,"Rs. 5,900/-",BRD-AMT
T008895,19/10/2020, F01293 ,DELIVERY,soya,12.4 qtl,"Rs. 5,640/-","Rs. 70,105/-",BRD-AMT
T008896,05/06/2020,f01293,FERT_PURCHASE,DAP,266 kgs,Rs. 53/-,"Rs. 14,199/-",BRD-AMT
T008897,07/08/2020,F01293,loan,Loan Repayment,,,"Rs. 5,000/-",BRD-AMT
T008898,24/11/2020,F01295,delivery,soya,3.49 quintals,"Rs. 4,735/-","Rs. 16,525/-",BRD-AMT
T008899,16/11/2020,F01296,Delivery,Soybean,19.28 q,"Rs. 4,925/-","Rs. 94,954/-",BRD-AMT
T008900,02/10/2020,F01296,D,Soybean,2.04 q,"Rs. 4,925/-","Rs. 10,047/-",BRD-AMT
T008901,07/11/2020,F01296,delivery,Soybean (Yellow),2.42 quintals,"Rs. 4,925/-","Rs. 11,918.50",BRD-AMT
T008902,09/06/2020,F01296,input,NPK 10:26:26,252 kg,Rs. 57/-,"Rs. 14,430/-",BRD-AMT
T008903,09/11/2020,f01297,Delivery,soya,1.67 quintals,"Rs. 5,090/-","Rs. 8,500/-",BRD-AMT
T008904,17/10/2020,F01297,DELIVERY,Soybean (Yellow),0.43 q,"Rs. 5,090/-","Rs. 2,189/-",BRD-AMT
T008905,29/10/2020,f01297,DELIVERY,Soybean (Yellow),9.30 q,"Rs. 5,090/-","Rs. 47,337/-",BRD-AMT
T008906,23/09/2020,F01297,LOAN_REPAY,EMI,,,"Rs. 2,700/-",BRD-AMT
T008907,28/11/2020,F01299,Delivery,soya,7.42 q,"Rs. 5,065/-","Rs. 37,582/-",BRD-AMT
T008908,29/11/2020,F01299,delivery,Soybean (Yellow),1.91 quintals,"Rs. 5,065/-","Rs. 9,674/-",BRD-AMT
T008909,26/06/2020,F01299,I,Fertilizer,213 kgs,Rs. 29/-,"Rs. 6,113/-",BRD-AMT
T010755,06/11/2020,F02220,DELIVERY,Soybean,19.81 q,"Rs. 4,895/-","Rs. 96,970/-",BRD-AMT
T010756,19/06/2020,F02220,FERT_PURCHASE,DAP,143 kg,Rs. 33/-,"Rs. 4,736/-",BRD-AMT
T010784,18/10/2020,F02234,D,soya,5.13 q,"Rs. 5,265/-","Rs. 27,009/-",BRD-AMT
T010785,14/07/2020,F02234,FERT_PURCHASE,SEEDS,213 kg,Rs. 85/-,"Rs. 18,139/-",BRD-AMT
T010786,12/07/2020,F02234,input,Fertilizer,231 kgs,Rs. 32/-,"Rs. 7,337/-",BRD-AMT
T010787,11/06/2020,f02234,input,FERTILIZER 50kg bag,230 kgs,Rs. 28/-,"Rs. 6,518/-",BRD-AMT
T010788,18/06/2020,F02234,input,Fertilizer,31 kgs,Rs. 52/-,"Rs. 1,600/-",BRD-AMT
T010814,07/11/2020,F02244,D,Soybean,26.49 quintals,"Rs. 5,080/-","Rs. 1,34,569/-",BRD-AMT
T010815,26/10/2020,F02244,delivery,SOYABEAN,11.68 quintals,"Rs. 5,080/-","Rs. 59,334/-",BRD-AMT
T010816,07/06/2020,F02244,INPUT_PURCHASE,Seeds,238 kgs,Rs. 66/-,"Rs. 15,710/-",BRD-AMT
T010837,05/10/2020,F02252,FPO_DELIVERY,Soybean,15.94 q,"Rs. 4,855/-","Rs. 77,389/-",BRD-AMT
T010838,29/11/2020,F02252,DELIVERY,Soybean (Yellow),4.32 quintals,"Rs. 4,855/-","Rs. 20,974/-",BRD-AMT
T010839,27/06/2020,F02252,INPUT_PURCHASE,Hybrid Seeds,70 kg,Rs. 109/-,"Rs. 7,664/-",BRD-AMT
T010840,21/06/2020,F02252,input,Urea,160 kgs,Rs. 49/-,"Rs. 7,770/-",BRD-AMT
T010841,01/07/2020,F02252,INPUT_PURCHASE,NPK 10:26:26,127 kgs,Rs. 59/-,"Rs. 7,463/-",BRD-AMT
T010842,30/10/2020,f02252,LOAN_REPAY,EMI,,,"Rs. 5,100/-",BRD-AMT
T010861,01/11/2020,F02261,delivery,soya,33.21 quintals,"Rs. 5,190/-","Rs. 1,72,360/-",BRD-AMT
T010862,27/06/2020,F02261,INPUT_PURCHASE,PP chemicals,257 kg,Rs. 350/-,"Rs. 89,901/-",BRD-AMT
T010953,31/10/2020,F02299,FPO_DELIVERY,SOYABEAN,7.33 quintals,"Rs. 5,230/-","Rs. 38,336/-",BRD-AMT
T010954,30/06/2020,F02299,I,DAP,122 kg,Rs. 56/-,"Rs. 6,891/-",BRD-AMT
T010955,11/07/2020,F02299,Input Purchase,Bio-pesticide,124 kgs,Rs. 199/-,"Rs. 24,711/-",BRD-AMT
T010956,08/06/2020,F02299,input,DAP,136 kg,Rs. 29/-,"Rs. 3,887/-",BRD-AMT
T010957,30/06/2020,F02299,Input Purchase,Seeds,281 kg,Rs. 83/-,"Rs. 23,298/-",BRD-AMT
T010977,17/11/2020,F02305,D,SOYABEAN,2.12 q,"Rs. 5,205/-","Rs. 11,035/-",BRD-AMT
T010978,28/11/2020,F02305,DELIVERY,Soybean (Yellow),6.84 q,"Rs. 5,205/-","Rs. 35,602/-",BRD-AMT
T010979,09/10/2020,F02305,delivery,Soybean (Yellow),6.63 quintals,"Rs. 5,205/-","Rs. 34,509/-",BRD-AMT
T010980,17/06/2020,f02305,input,NPK 10:26:26,202 kgs,Rs. 32/-,"Rs. 6,462/-",BRD-AMT
T010981,26/06/2020,F02305,input,Hybrid Seeds,60 kgs,Rs. 113/-,"Rs. 6,781/-",BRD-AMT
T010982,13/06/2020,F02305,INPUT_PURCHASE,SEEDS,142 kgs,Rs. 96/-,"Rs. 13,581/-",BRD-AMT
T010993,18/10/2020,F02309,FPO_DELIVERY,soya,10.88 q,"Rs. 4,980/-","Rs. 54,182/-",BRD-AMT
T010994,20/06/2020,F02309,Input Purchase,DAP,163 kgs,Rs. 44/-,"Rs. 7,223/-",BRD-AMT
T011038,18/10/2020,F02324,delivery,Soybean (Yellow),2.3 qtl,"Rs. 5,130/-","Rs. 11,645/-",BRD-AMT
T011039,22/10/2020,f02324,delivery,Soybean,7.12 q,"Rs. 5,130/-","Rs. 36,526/-",BRD-AMT
T011040,30/11/2020,F02324,Delivery,Soybean,0.3 qtl,"Rs. 5,130/-","Rs. 1,693/-",BRD-AMT
T011048,16/11/2020,F02327,D,Soybean (Yellow),2.64 q,"Rs. 5,020/-","Rs. 13,253/-",BRD-AMT
T011049,01/11/2020,F02327,D,Soybean,4.88 quintals,"Rs. 5,020/-","Rs. 24,498/-",BRD-AMT
T011050,02/10/2020,F02327,delivery,SOYABEAN,1.2 qtl,"Rs. 5,020/-","Rs. 6,074/-",BRD-AMT
T011051,25/06/2020,F02327,INPUT_PURCHASE,Hybrid Seeds,266 kg,Rs. 87/-,"Rs. 23,185/-",BRD-AMT
T011067,07/11/2020,F02333,Delivery,Soybean,2.5 qtl,"Rs. 5,175/-","Rs. 13,041/-",BRD-AMT
T011068,10/10/2020,f02333,DELIVERY,Soybean,5.78 q,"Rs. 5,175/-","Rs. 29,911.50",BRD-AMT
T011498,11/05/2021,F01155,delivery,wheat,0.79 q,"Rs. 2,270/-","Rs. 1,793/-",BRD-AMT
T011499,22/04/2021,F01155,delivery,Wheat,3.46 quintals,"Rs. 2,270/-","Rs. 7,854/-",BRD-AMT
T011500,30/03/2021,F01155,FPO_DELIVERY,Lokwan Wheat,5.05 q,"Rs. 2,270/-","Rs. 11,463.50",BRD-AMT
T011501,27/12/2020,F01155,input,FERTILIZER 50kg bag,44 kgs,Rs. 29/-,"Rs. 1,274/-",BRD-AMT
T011502,05/01/2021,F01155,Input Purchase,DAP,263 kgs,Rs. 35/-,"Rs. 9,108/-",BRD-AMT
T011503,26/03/2021,F01158,Delivery,Lokwan Wheat,19.17 q,"Rs. 2,365/-","Rs. 45,337/-",BRD-AMT
T011504,07/05/2021,F01158,Delivery,WHEAT,8.53 q,"Rs. 2,365/-","Rs. 20,173/-",BRD-AMT
T011505,08/05/2021,f01160,delivery,WHEAT,28.74 quintals,"Rs. 2,525/-","Rs. 72,568.50",BRD-AMT
T011506,13/04/2021,F01160,FPO_DELIVERY,WHEAT,3.4 qtl,"Rs. 2,525/-","Rs. 8,509/-",BRD-AMT
T011507,07/04/2021,F01163,delivery,Wheat,15.2 qtl,"Rs. 2,320/-","Rs. 35,171/-",BRD-AMT
T011508,03/05/2021,F01163,Delivery,WHEAT,51.4 qtl,"Rs. 2,320/-","Rs. 1,19,318/-",BRD-AMT
T011509,26/12/2020,F01163,I,Fertilizer,61 kg,Rs. 55/-,"Rs. 3,329/-",BRD-AMT
T011510,19/04/2021,F01164,DELIVERY,Wheat (Durum),7.0 qtl,"Rs. 2,300/-","Rs. 16,192/-",BRD-AMT
T011511,16/04/2021,F01164,Delivery,Lokwan Wheat,3.20 q,"Rs. 2,300/-","Rs. 7,360/-",BRD-AMT
T011512,07/03/2021,F01164,D,Wheat (Durum),38.00 quintals,"Rs. 2,300/-","Rs. 87,400/-",BRD-AMT
T011513,02/01/2021,F01164,Input Purchase,DAP,145 kg,Rs. 47/-,"Rs. 6,825/-",BRD-AMT
T011514,17/04/2021,F01165,D,WHEAT,48.4 qtl,"Rs. 2,380/-","Rs. 1,15,168/-",BRD-AMT
T011515,08/04/2021,F01168,Delivery,Lokwan Wheat,21.5 qtl,"Rs. 2,390/-","Rs. 51,337/-",BRD-AMT
T011516,01/12/2020,f01168,FERT_PURCHASE,Fertilizer,317 kgs,Rs. 51/-,"Rs. 16,240/-",BRD-AMT
T011517,03/05/2021,F01169,Delivery,Lokwan Wheat,51.9 qtl,"Rs. 2,315/-","Rs. 1,20,102/-",BRD-AMT
T011518,08/01/2021,f01169,input,NPK 10:26:26,123 kg,Rs. 32/-,"Rs. 3,931/-",BRD-AMT
T011519,10/01/2021,F01169,input,NPK 10:26:26,299 kg,Rs. 59/-,"Rs. 17,602/-",BRD-AMT
T011520,21/12/2020,F01169,FERT_PURCHASE,Seeds,224 kgs,Rs. 122/-,"Rs. 27,261/-",BRD-AMT
T011521,30/03/2021,F01170,delivery,Wheat,44.75 quintals,"Rs. 2,445/-","Rs. 1,09,414/-",BRD-AMT
T011522,18/12/2020,F01170,I,PPC,241 kgs,Rs. 502/-,"Rs. 1,20,963/-",BRD-AMT
T011523,04/01/2021,F01170,I,DAP,105 kgs,Rs. 29/-,"Rs. 3,078/-",BRD-AMT
T011524,07/01/2021,F01170,INPUT_PURCHASE,NPK 10:26:26,286 kgs,Rs. 48/-,"Rs. 13,805/-",BRD-AMT
T011525,25/12/2020, F01170 ,I,NPK 10:26:26,274 kgs,Rs. 44/-,"Rs. 12,160/-",BRD-AMT
T011526,01/03/2021,F01171,delivery,Lokwan Wheat,5.7 qtl,"Rs. 2,360/-","Rs. 13,381/-",BRD-AMT
T011527,10/04/2021,F01171,Delivery,Wheat,19.4 qtl,"Rs. 2,360/-","Rs. 45,666/-",BRD-AMT
T011528,05/03/2021,F01171,FPO_DELIVERY,Bengal Gram,9.83 quintals,"Rs. 5,955/-","Rs. 58,538/-",BRD-AMT
T011529,20/04/2021,F01172,Delivery,Lokwan Wheat,27.42 quintals,"Rs. 2,395/-","Rs. 65,671/-",BRD-AMT
T011530,17/12/2020,F01172,I,NPK 10:26:26,160 kgs,Rs. 51/-,"Rs. 8,197/-",BRD-AMT
T011531,25/12/2020,F01172,FERT_PURCHASE,Seeds,291 kg,Rs. 117/-,"Rs. 33,980/-",BRD-AMT
T011532,28/03/2021,f01172,L,Loan Repayment,,,"Rs. 1,700/-",BRD-AMT
T011533,31/01/2021,f01172,Loan Repayment,Loan Repayment,,,"Rs. 6,800/-",BRD-AMT
T011534,17/03/2021,F01176,delivery,wheat,1.5 qtl,"Rs. 2,400/-","Rs. 3,504/-",BRD-AMT
T011535,31/03/2021,F01176,DELIVERY,WHEAT,10.08 quintals,"Rs. 2,400/-","Rs. 24,192/-",BRD-AMT
T011536,01/01/2021,F01176,input,Hybrid Seeds,259 kgs,Rs. 60/-,"Rs. 15,449/-",BRD-AMT
T011537,17/04/2021,F01179,DELIVERY,wheat,19.36 q,"Rs. 2,415/-","Rs. 46,754/-",BRD-AMT
T011538,10/04/2021,F01179,DELIVERY,Wheat (Durum),24.34 q,"Rs. 2,415/-","Rs. 58,781/-",BRD-AMT
T011539,16/03/2021,F01179,Delivery,WHEAT,13.4 qtl,"Rs. 2,415/-","Rs. 32,289/-",BRD-AMT
T011540,20/03/2021,F01179,Delivery,chana,19.9 qtl,"Rs. 5,705/-","Rs. 1,13,529/-",BRD-AMT
T011541,04/04/2021,F01180,DELIVERY,Wheat,1.25 q,"Rs. 2,515/-","Rs. 3,144/-",BRD-AMT
T011542,26/04/2021,f01180,DELIVERY,WHEAT,7.71 quintals,"Rs. 2,515/-","Rs. 19,391/-",BRD-AMT
T011543,04/03/2021,F01180,Delivery,Gram,2.9 qtl,"Rs. 6,140/-","Rs. 17,806/-",BRD-AMT
T011544,05/05/2021,f01180,D,Bengal Gram,0.39 q,"Rs. 6,140/-","Rs. 2,395/-",BRD-AMT
T011545,08/01/2021,F01180,INPUT_PURCHASE,PPC,44 kgs,Rs. 402/-,"Rs. 17,676/-",BRD-AMT
T011546,12/12/2020,F01180,FERT_PURCHASE,FERTILIZER 50kg bag,91 kgs,Rs. 59/-,"Rs. 5,373/-",BRD-AMT
T011547,10/04/2021,F01183,DELIVERY,WHEAT,31.49 quintals,"Rs. 2,245/-","Rs. 70,695/-",BRD-AMT
T011548,16/04/2021, F01183 ,delivery,chana,1.9 qtl,"Rs. 6,005/-","Rs. 11,109/-",BRD-AMT
T011549,14/05/2021,F01183,FPO_DELIVERY,GRAM (Chana),11.67 q,"Rs. 6,005/-","Rs. 70,078/-",BRD-AMT
T011550,13/05/2021,F01183,L,Loan Repayment,,,"Rs. 1,000/-",BRD-AMT
T011551,27/03/2021, F01191 ,DELIVERY,Wheat,19.17 quintals,"Rs. 2,365/-","Rs. 45,337/-",BRD-AMT
T011552,13/04/2021,f01193,DELIVERY,wheat,67.0 qtl,"Rs. 2,445/-","Rs. 1,63,815/-",BRD-AMT
T011553,22/03/2021,f01193,FPO_DELIVERY,chana,7.3 qtl,"Rs. 6,300/-","Rs. 46,053/-",BRD-AMT
T011554,24/03/2021,F01193,DELIVERY,Bengal Gram,2.48 q,"Rs. 6,300/-","Rs. 15,624/-",BRD-AMT
T011555,27/04/2021, F01193 ,DELIVERY,chana,10.92 quintals,"Rs. 6,300/-",₹ N/A,BRD-AMT
T011556,17/03/2021,F01197,delivery,wheat,21.04 q,"Rs. 2,425/-","Rs. 51,022/-",BRD-AMT
T011557,14/03/2021,F01197,L,Loan Repayment,,,"Rs. 1,000/-",BRD-AMT
T011558,27/04/2021,F01199,delivery,Lokwan Wheat,37.26 q,"Rs. 2,320/-","Rs. 86,443/-",BRD-AMT
T011559,01/05/2021,F01199,Delivery,Wheat,4.5 qtl,"Rs. 2,320/-","Rs. 10,556/-",BRD-AMT
T011560,30/04/2021,F01200,FPO_DELIVERY,WHEAT,10.02 q,"Rs. 2,310/-","Rs. 23,146/-",BRD-AMT
T011561,04/03/2021,F01200,FPO_DELIVERY,Wheat (Durum),6.7 qtl,"Rs. 2,310/-","Rs. 15,408/-",BRD-AMT
T011562,13/05/2021,F01200,D,Wheat,1.3 qtl,"Rs. 2,310/-","Rs. 3,026/-",BRD-AMT
T011563,27/03/2021,F01202,DELIVERY,wheat,22.99 quintals,"Rs. 2,290/-","Rs. 52,647/-",BRD-AMT
T011564,14/05/2021,F01202,Delivery,Wheat (Durum),28.3 qtl,"Rs. 2,290/-","Rs. 64,876/-",BRD-AMT
T011565,13/12/2020,F01202,FERT_PURCHASE,DAP,244 kgs,Rs. 33/-,"Rs. 7,979/-",BRD-AMT
T011566,11/12/2020,F01202,FERT_PURCHASE,Hybrid Seeds,80 kg,Rs. 63/-,"Rs. 5,010/-",BRD-AMT
T011567,06/01/2021,F01202,FERT_PURCHASE,FERTILIZER 50kg bag,38 kg,Rs. 40/-,"Rs. 1,519/-",BRD-AMT
T011568,05/01/2021,F01202,Input Purchase,DAP,121 kgs,Rs. 51/-,"Rs. 6,205/-",BRD-AMT
T011569,11/03/2021,F01203,D,Lokwan Wheat,30.5 qtl,"Rs. 2,390/-","Rs. 72,919/-",BRD-AMT
T011570,18/12/2020,F01203,input,Hybrid Seeds,224 kg,Rs. 59/-,"Rs. 13,326/-",BRD-AMT
T011571,14/03/2021,F01204,D,Wheat,2.0 qtl,"Rs. 2,315/-","Rs. 4,584/-",BRD-AMT
T011572,04/04/2021,F01204,D,Wheat,47.2 qtl,"Rs. 2,315/-","Rs. 1,09,175/-",BRD-AMT
T011573,08/05/2021,F01206,D,Wheat,11.4 qtl,"Rs. 2,340/-","Rs. 26,770/-",BRD-AMT
T011574,29/04/2021, F01206 ,FPO_DELIVERY,wheat,6.50 quintals,"Rs. 2,340/-","Rs. 15,210/-",BRD-AMT
T011575,30/12/2020, F01206 ,I,DAP,109 kgs,Rs. 50/-,"Rs. 5,446/-",BRD-AMT
T011576,05/12/2020,F01206,input,SEEDS,184 kg,Rs. 98/-,"Rs. 18,004/-",BRD-AMT
T011577,22/03/2021,F01207,Delivery,Wheat,17.4 qtl,"Rs. 2,465/-","Rs. 42,965/-",BRD-AMT
T011578,04/05/2021,F01207,DELIVERY,wheat,22.6 qtl,"Rs. 2,465/-","Rs. 55,635/-",BRD-AMT
T011579,31/12/2020,F01207,input,Fertilizer,175 kgs,Rs. 57/-,"Rs. 10,026/-",BRD-AMT
T011580,12/01/2021,F01207,INPUT_PURCHASE,Urea,203 kg,Rs. 55/-,"Rs. 11,224/-",BRD-AMT
T011581,03/12/2020,F01207,input,FERTILIZER 50kg bag,299 kgs,Rs. 48/-,"Rs. 14,259/-",BRD-AMT
T011582,29/04/2021,f01207,LOAN_REPAY,EMI,,,"Rs. 6,000/-",BRD-AMT
T011583,05/03/2021,F01207,Loan Repayment,Loan Repayment,,,"Rs. 2,200/-",BRD-AMT
T011584,02/05/2021,F01211,delivery,WHEAT,3.2 qtl,"Rs. 2,330/-","Rs. 7,363/-",BRD-AMT
T011585,24/03/2021,F01211,D,Wheat,10.5 qtl,"Rs. 2,330/-","Rs. 24,418/-",BRD-AMT
T011586,07/03/2021,F01211,delivery,Lokwan Wheat,30.68 quintals,"Rs. 2,330/-","Rs. 71,484/-",BRD-AMT
T011587,03/05/2021,F01211,delivery,chana,15.41 q,"Rs. 5,745/-","Rs. 88,530/-",BRD-AMT
T011588,10/03/2021,F01211,Delivery,Bengal Gram,1.9 qtl,"Rs. 5,745/-","Rs. 10,858/-",BRD-AMT
T011589,07/01/2021,F01211,Input Purchase,FERTILIZER 50kg bag,62 kg,Rs. 38/-,"Rs. 2,332/-",BRD-AMT
T011590,25/12/2020,F01211,FERT_PURCHASE,SEEDS,64 kg,Rs. 81/-,"Rs. 5,160/-",BRD-AMT
T011591,31/12/2020,F01211,INPUT_PURCHASE,Urea,71 kg,Rs. 42/-,"Rs. 3,013/-",BRD-AMT
T011592,15/01/2021,F01211,input,Urea,97 kg,Rs. 54/-,"Rs. 5,229/-",BRD-AMT
T011593,03/03/2021,F01213,FPO_DELIVERY,Lokwan Wheat,54.67 q,"Rs. 2,305/-","Rs. 1,26,014/-",BRD-AMT
T011594,23/04/2021,F01213,Delivery,Lokwan Wheat,22.3 qtl,"Rs. 2,305/-","Rs. 51,332/-",BRD-AMT
T011595,10/05/2021,F01213,delivery,chana,5.6 qtl,"Rs. 5,710/-","Rs. 31,919/-",BRD-AMT
T011596,28/04/2021,F01213,D,Gram,16.40 q,"Rs. 5,710/-","Rs. 93,644/-",BRD-AMT
T011597,03/04/2021,F01215,FPO_DELIVERY,Wheat (Durum),10.79 quintals,"Rs. 2,440/-","Rs. 26,328/-",BRD-AMT
T011598,09/12/2020,F01215,input,Hybrid Seeds,248 kgs,Rs. 100/-,"Rs. 24,840/-",BRD-AMT
T011599,05/12/2020,F01215,input,Seeds,172 kgs,Rs. 119/-,"Rs. 20,494/-",BRD-AMT
T011600,05/01/2021,F01215,Input Purchase,Hybrid Seeds,52 kgs,Rs. 54/-,"Rs. 2,787/-",BRD-AMT
T011601,15/05/2021,F01216,delivery,wheat,19.13 quintals,"Rs. 2,365/-","Rs. 45,242/-",BRD-AMT
T011602,24/04/2021,f01216,DELIVERY,Wheat,10.7 qtl,"Rs. 2,365/-","Rs. 25,258/-",BRD-AMT
T011603,11/01/2021,F01216,FERT_PURCHASE,Hybrid Seeds,167 kg,Rs. 106/-,"Rs. 17,622/-",BRD-AMT
T011604,08/01/2021,F01216,input,PPC,281 kg,Rs. 432/-,"Rs. 1,21,412/-",BRD-AMT
T011605,03/12/2020,F01216,input,SEEDS,286 kgs,Rs. 65/-,"Rs. 18,704/-",BRD-AMT
T011606,09/03/2021,f01219,Delivery,wheat,27.35 q,"Rs. 2,410/-","Rs. 65,913.50",BRD-AMT
T011607,13/05/2021, F01219 ,D,Wheat (Durum),4.4 qtl,"Rs. 2,410/-","Rs. 10,556/-",BRD-AMT
T011608,14/04/2021,F01219,L,EMI,,,"Rs. 1,600/-",BRD-AMT
T011609,12/05/2021,F01223,Delivery,Wheat,112.07 q,"Rs. 2,415/-","Rs. 2,70,649/-",BRD-AMT
T011610,19/04/2021,F01223,delivery,Wheat,6.3 qtl,"Rs. 2,415/-","Rs. 15,166/-",BRD-AMT
T011611,02/04/2021, F01223 ,Delivery,Bengal Gram,23.3 qtl,"Rs. 5,790/-","Rs. 1,34,907/-",BRD-AMT
T011612,03/05/2021,F01223,delivery,chana,15.57 q,"Rs. 5,790/-","Rs. 90,150/-",BRD-AMT
T011613,18/04/2021,F01223,Delivery,chana,7.03 q,"Rs. 5,790/-","Rs. 40,704/-",BRD-AMT
T011614,14/01/2021,F01223,Input Purchase,FERTILIZER 50kg bag,249 kgs,Rs. 38/-,"Rs. 9,584/-",BRD-AMT
T011615,13/12/2020,F01223,Input Purchase,PP chemicals,294 kg,Rs. 136/-,"Rs. 39,996/-",BRD-AMT
T011616,01/01/2021,F01223,input,SEEDS,130 kg,Rs. 58.50,"Rs. 7,605/-",BRD-AMT
T011617,16/12/2020,F01223,I,Hybrid Seeds,197 kg,Rs. 92/-,"Rs. 18,197/-",BRD-AMT
T011618,24/03/2021,F01224,Delivery,Lokwan Wheat,14.8 qtl,"Rs. 2,450/-","Rs. 36,162/-",BRD-AMT
T011619,20/03/2021,F01224,DELIVERY,Wheat,0.07 q,"Rs. 2,450/-",Rs. 172/-,BRD-AMT
T011620,05/03/2021, F01225 ,FPO_DELIVERY,WHEAT,9.35 quintals,"Rs. 2,400/-","Rs. 22,440/-",BRD-AMT
T011621,05/04/2021,F01225,DELIVERY,wheat,12.47 q,"Rs. 2,400/-","Rs. 29,928/-",BRD-AMT
T011622,05/01/2021,f01225,input,SEEDS,124 kg,Rs. 46/-,"Rs. 5,761/-",BRD-AMT
T011623,06/05/2021,F01226,DELIVERY,WHEAT,24.23 quintals,"Rs. 2,290/-","Rs. 55,487/-",BRD-AMT
T011624,07/12/2020,F01226,input,Fertilizer,252 kg,Rs. 55/-,"Rs. 13,852/-",BRD-AMT
T011625,10/01/2021,F01226,I,DAP,229 kg,Rs. 36/-,"Rs. 8,281/-",BRD-AMT
T011626,08/01/2021,F01226,INPUT_PURCHASE,DAP,289 kg,Rs. 53/-,"Rs. 15,375/-",BRD-AMT
T011627,01/04/2021,F01227,D,WHEAT,39.53 q,"Rs. 2,700/-","Rs. 1,06,731/-",BRD-AMT
T011628,24/04/2021,F01227,delivery,GRAM (Chana),4.65 q,"Rs. 6,095/-","Rs. 28,342/-",BRD-AMT
T011629,30/04/2021,F01227,DELIVERY,Gram,8.41 q,"Rs. 6,095/-","Rs. 51,259/-",BRD-AMT
T011630,19/03/2021,F01227,delivery,Bengal Gram,0.43 q,"Rs. 6,095/-","Rs. 2,621/-",BRD-AMT
T011631,21/12/2020,F01227,Input Purchase,SEEDS,311 kg,Rs. 107/-,"Rs. 33,429/-",BRD-AMT
T011632,20/01/2021,F01227,L,Loan Repayment,,,"Rs. 1,100/-",BRD-AMT
T011633,23/03/2021,F01228,FPO_DELIVERY,Wheat (Durum),9.6 qtl,"Rs. 2,410/-","Rs. 23,040/-",BRD-AMT
T011634,13/01/2021,F01228,input,Urea,134 kg,Rs. 59/-,"Rs. 7,956/-",BRD-AMT
T011635,12/05/2021,F01235,DELIVERY,Lokwan Wheat,15.69 quintals,"Rs. 2,215/-","Rs. 34,753/-",BRD-AMT
T011636,08/03/2021,F01235,D,Lokwan Wheat,4.93 q,"Rs. 2,215/-","Rs. 10,920/-",BRD-AMT
T011637,01/01/2021,F01235,INPUT_PURCHASE,Hybrid Seeds,116 kgs,Rs. 98/-,"Rs. 11,352/-",BRD-AMT
T011638,20/12/2020,F01235,INPUT_PURCHASE,Urea,306 kg,Rs. 42/-,"Rs. 12,981/-",BRD-AMT
T011639,30/12/2020,F01235,Input Purchase,Seeds,87 kg,Rs. 115/-,"Rs. 9,973/-",BRD-AMT
T011640,03/03/2021,F01236,D,wheat,38.02 quintals,"Rs. 2,305/-","Rs. 87,636/-",BRD-AMT
T011641,12/03/2021,F01236,DELIVERY,WHEAT,3.59 q,"Rs. 2,305/-","Rs. 8,275/-",BRD-AMT
T011642,32/01/2022,F01236,D,GRAM (Chana),3.6 qtl,"Rs. 5,800/-","Rs. 20,880/-",BRD-AMT
T011643,06/05/2021,F01236,FPO_DELIVERY,chana,9.43 quintals,"Rs. 5,800/-","Rs. 54,694/-",BRD-AMT
T011644,17/12/2020,F01236,INPUT_PURCHASE,Urea,207 kg,Rs. 42/-,"Rs. 8,783/-",BRD-AMT
T011645,04/01/2021,F01236,INPUT_PURCHASE,DAP,202 kg,Rs. 28/-,"Rs. 5,729/-",BRD-AMT
T011646,01/01/2021,F01236,INPUT_PURCHASE,Seeds,34 kgs,Rs. 73/-,"Rs. 2,495/-",BRD-AMT
T011647,08/04/2021,F01238,DELIVERY,Lokwan Wheat,5.76 q,"Rs. 2,215/-","Rs. 12,758/-",BRD-AMT
T011648,17/04/2021,F01238,D,Wheat (Durum),10.07 quintals,"Rs. 2,215/-","Rs. 22,305/-",BRD-AMT
T011649,01/12/2020,F01238,I,Hybrid Seeds,186 kg,Rs. 85/-,"Rs. 15,873/-",BRD-AMT
T011650,11/05/2021,F01239,D,Wheat (Durum),7.0 qtl,"Rs. 2,480/-","Rs. 17,434/-",BRD-AMT
T011651,27/03/2021,F01239,Delivery,Lokwan Wheat,2.04 q,"Rs. 2,480/-","Rs. 5,059/-",BRD-AMT
T011652,18/04/2021,F01239,Delivery,Wheat,9.78 q,"Rs. 2,480/-","Rs. 24,254/-",BRD-AMT
T011653,26/12/2020,F01239,INPUT_PURCHASE,Urea,308 kgs,Rs. 37/-,"Rs. 11,359/-",BRD-AMT
T011654,02/12/2020,F01239,INPUT_PURCHASE,FERTILIZER 50kg bag,259 kg,Rs. 46/-,"Rs. 12,018/-",BRD-AMT
T011655,06/03/2021,f01241,FPO_DELIVERY,Lokwan Wheat,23.56 quintals,"Rs. 2,385/-","Rs. 56,191/-",BRD-AMT
T011656,06/12/2020,F01241,FERT_PURCHASE,NPK 10:26:26,163 kgs,Rs. 42/-,"Rs. 6,782/-",BRD-AMT
T011657,07/04/2021,F01245,Delivery,wheat,2.0 qtl,"Rs. 2,300/-","Rs. 4,600/-",BRD-AMT
T011658,11/03/2021, F01245 ,FPO_DELIVERY,wheat,15.63 q,"Rs. 2,300/-","Rs. 35,949/-",BRD-AMT
T011659,13/01/2021,f01245,INPUT_PURCHASE,Urea,188 kg,Rs. 57/-,"Rs. 10,731/-",BRD-AMT
T011660,17/03/2021,f01246,Delivery,Wheat,11.59 q,"Rs. 2,320/-","Rs. 26,889/-",BRD-AMT
T011661,13/04/2021,f01246,D,Wheat (Durum),31.69 quintals,"Rs. 2,320/-","Rs. 73,521/-",BRD-AMT
T011662,28/03/2021,F01246,DELIVERY,Bengal Gram,15.22 quintals,"Rs. 6,355/-","Rs. 96,723/-",BRD-AMT
T011663,21/12/2020,F01246,input,SEEDS,37 kgs,Rs. 89/-,"Rs. 3,290/-",BRD-AMT
T011664,01/03/2021,F01249,Delivery,Wheat,33.21 quintals,"Rs. 2,355/-","Rs. 78,210/-",BRD-AMT
T011665,25/03/2021,f01249,DELIVERY,chana,3.22 q,"Rs. 5,690/-","Rs. 18,322/-",BRD-AMT
T011666,16/03/2021,F01249,FPO_DELIVERY,GRAM (Chana),10.19 quintals,"Rs. 5,690/-","Rs. 57,981/-",BRD-AMT
T011667,04/01/2021,F01249,INPUT_PURCHASE,Urea,293 kg,Rs. 36/-,"Rs. 10,445/-",BRD-AMT
T011668,11/12/2020,F01249,FERT_PURCHASE,Urea,153 kg,Rs. 48/-,"Rs. 7,272/-",BRD-AMT
T011669,26/12/2020,F01249,I,PPC,215 kg,Rs. 638/-,"Rs. 1,37,103/-",BRD-AMT
T011670,20/05/2021,F01249,LOAN_REPAY,EMI,,,"Rs. 4,900/-",BRD-AMT
T011671,23/04/2021,F01249,LOAN_REPAY,Loan Repayment,,,"Rs. 7,500/-",BRD-AMT
T011672,10/03/2021,f01251,Delivery,WHEAT,20.84 q,"Rs. 2,560/-","Rs. 53,350/-",BRD-AMT
T011673,22/03/2021,F01251,D,Wheat,5.79 q,"Rs. 2,560/-","Rs. 14,822/-",BRD-AMT
T011674,19/12/2020,F01251,FERT_PURCHASE,PP chemicals,75 kgs,Rs. 182/-,"Rs. 13,651.50",BRD-AMT
T011675,06/01/2021,F01251,I,Urea,41 kgs,Rs. 29/-,"Rs. 1,178/-",BRD-AMT
T011676,01/03/2021,F01262,DELIVERY,Lokwan Wheat,22.59 q,"Rs. 2,195/-","Rs. 49,585/-",BRD-AMT
T011677,12/05/2021,F01262,delivery,Lokwan Wheat,8.39 q,"Rs. 2,195/-","Rs. 18,416/-",BRD-AMT
T011678,10/04/2021,F01263,D,Wheat,8.51 quintals,"Rs. 2,265/-","Rs. 19,275/-",BRD-AMT
T011679,31/03/2021,F01263,delivery,wheat,8.5 qtl,"Rs. 2,265/-","Rs. 19,185/-",BRD-AMT
T011680,03/03/2021,F01263,Delivery,Wheat (Durum),9.94 quintals,"Rs. 2,265/-","Rs. 22,514/-",BRD-AMT
T011681,04/04/2021,f01263,DELIVERY,Bengal Gram,9.6 qtl,"Rs. 5,835/-","Rs. 55,783/-",BRD-AMT
T011682,23/12/2020,F01263,Input Purchase,Urea,181 kg,Rs. 35/-,"Rs. 6,380/-",BRD-AMT
T011683,06/12/2020,F01263,input,Hybrid Seeds,307 kg,Rs. 126/-,"Rs. 38,618/-",BRD-AMT
T011684,03/03/2021,F01264,FPO_DELIVERY,wheat,6.83 q,"Rs. 2,380/-","Rs. 16,255/-",BRD-AMT
T011685,05/05/2021,F01264,delivery,Wheat (Durum),14.7 qtl,"Rs. 2,380/-","Rs. 34,986/-",BRD-AMT
T011686,03/12/2020,F01264,Input Purchase,Seeds,219 kg,Rs. 63/-,"Rs. 13,793/-",BRD-AMT
T011687,16/04/2021,F01269,FPO_DELIVERY,WHEAT,3.1 qtl,"Rs. 2,465/-","Rs. 7,641.50",BRD-AMT
T011688,11/04/2021,f01269,FPO_DELIVERY,Lokwan Wheat,2.42 quintals,"Rs. 2,465/-","Rs. 5,965/-",BRD-AMT
T011689,22/04/2021,F01269,DELIVERY,Wheat,19.9 qtl,"Rs. 2,465/-","Rs. 49,152/-",BRD-AMT
T011690,22/01/2021,F01269,LOAN_REPAY,Loan Repayment,,,"Rs. 4,700/-",BRD-AMT
T011691,31/03/2021,F01269,loan,EMI,,,"Rs. 6,800/-",BRD-AMT
T011692,13/05/2021,F01269,L,Loan Repayment,,,"Rs. 6,400/-",BRD-AMT
T011693,06/04/2021,F01274,FPO_DELIVERY,Wheat (Durum),24.5 qtl,"Rs. 2,395/-","Rs. 58,701/-",BRD-AMT
T011694,07/03/2021,F01275,delivery,Wheat,0.17 quintals,"Rs. 2,280/-",Rs. 388/-,BRD-AMT
T011695,17/03/2021,F01275,D,Wheat,17.21 q,"Rs. 2,280/-","Rs. 39,239/-",BRD-AMT
T011696,24/04/2021,F01275,DELIVERY,chana,2.31 quintals,"Rs. 5,640/-","Rs. 13,028/-",BRD-AMT
T011697,23/03/2021,f01275,DELIVERY,Bengal Gram,2.7 qtl,"Rs. 5,640/-","Rs. 15,059/-",BRD-AMT
T011698,30/12/2020,F01275,I,PP chemicals,273 kg,Rs. 137/-,"Rs. 37,486/-",BRD-AMT
T011699,09/01/2021,F01275,input,FERTILIZER 50kg bag,158 kg,Rs. 48/-,"Rs. 7,546/-",BRD-AMT
T011700,05/04/2021,F01276,D,Wheat (Durum),10.38 q,"Rs. 2,470/-","Rs. 25,639/-",BRD-AMT
T011701,13/03/2021,F01276,delivery,WHEAT,10.7 qtl,"Rs. 2,470/-","Rs. 26,528/-",BRD-AMT
T011702,25/03/2021,F01276,DELIVERY,chana,9.52 q,"Rs. 6,275/-","Rs. 59,738/-",BRD-AMT
T011703,25/03/2021,F01280,D,Wheat (Durum),40.78 quintals,"Rs. 2,300/-","Rs. 93,794/-",BRD-AMT
T011704,03/03/2021,,delivery,Wheat,15.3 qtl,"Rs. 2,300/-","Rs. 35,190/-",BRD-AMT
T011705,24/03/2021,F01280,DELIVERY,GRAM (Chana),22.33 quintals,"Rs. 5,780/-","Rs. 1,29,067/-",BRD-AMT
T011706,11/05/2021,F01280,Delivery,Bengal Gram,0.79 q,"Rs. 5,780/-","Rs. 4,566/-",BRD-AMT
T011707,03/12/2020,F01280,input,FERTILIZER 50kg bag,126 kg,Rs. 54/-,"Rs. 6,810/-",BRD-AMT
T011708,03/03/2021,F01280,Loan Repayment,EMI,,,"Rs. 5,500/-",BRD-AMT
T011709,29/12/2020,F01280,Loan Repayment,EMI,,,"Rs. 5,300/-",BRD-AMT
T011710,28/03/2021,F01282,delivery,wheat,59.46 q,"Rs. 2,185/-","Rs. 1,29,920/-",BRD-AMT
T011711,20/04/2021,F01282,Delivery,WHEAT,7.86 q,"Rs. 2,185/-","Rs. 17,174/-",BRD-AMT
T011712,27/03/2021, F01283 ,D,wheat,5.7 qtl,"Rs. 2,500/-","Rs. 14,125/-",BRD-AMT
T011713,10/05/2021,F01283,FPO_DELIVERY,Wheat (Durum),0.1 qtl,"Rs. 2,500/-",Rs. 375/-,BRD-AMT
T011714,13/03/2021,F01283,FPO_DELIVERY,Lokwan Wheat,5.2 qtl,"Rs. 2,500/-","Rs. 13,125/-",BRD-AMT
T011715,20/03/2021,f01283,Delivery,GRAM (Chana),3.93 q,"Rs. 5,880/-","Rs. 23,108/-",BRD-AMT
T011716,18/12/2020,F01283,INPUT_PURCHASE,Urea,282 kg,Rs. 45/-,"Rs. 12,682/-",BRD-AMT
T011717,21/03/2021,F01285,delivery,Wheat,22.2 qtl,"Rs. 2,205/-","Rs. 48,995/-",BRD-AMT
T011718,01/03/2021,F01285,DELIVERY,Lokwan Wheat,19.79 quintals,"Rs. 2,205/-","Rs. 43,637/-",BRD-AMT
T011719,04/12/2020,F01285,input,SEEDS,290 kgs,Rs. 119/-,"Rs. 34,545/-",BRD-AMT
T011720,25/03/2021,F01286,Delivery,wheat,33.71 quintals,"Rs. 2,290/-","Rs. 77,196/-",BRD-AMT
T011721,11/04/2021,F01286,FPO_DELIVERY,wheat,12.4 qtl,"Rs. 2,290/-","Rs. 28,304/-",BRD-AMT
T011722,24/12/2020, F01286 ,input,NPK 10:26:26,95 kgs,Rs. 40/-,"Rs. 3,798/-",BRD-AMT
T011723,24/03/2021,F01288,DELIVERY,wheat,17.7 qtl,"Rs. 2,300/-","Rs. 40,618/-",BRD-AMT
T011724,28/03/2021,F01288,DELIVERY,wheat,4.3 qtl,"Rs. 2,300/-","Rs. 9,982/-",BRD-AMT
T011725,27/04/2021,f01288,Delivery,Wheat (Durum),23.3 qtl,"Rs. 2,300/-","Rs. 53,636/-",BRD-AMT
T011726,16/12/2020,F01288,input,DAP,298 kgs,Rs. 44/-,"Rs. 13,118/-",BRD-AMT
T011727,23/12/2020,F01288,input,DAP,227 kg,Rs. 41/-,"Rs. 9,300/-",BRD-AMT
T011728,07/12/2020,F01288,FERT_PURCHASE,Bio-pesticide,281 kgs,Rs. 673/-,"Rs. 1,89,017/-",BRD-AMT
T011729,06/01/2021,F01288,FERT_PURCHASE,FERTILIZER 50kg bag,62 kgs,Rs. 31/-,"Rs. 1,919/-",BRD-AMT
T011730,07/05/2021, F01292 ,D,wheat,10.9 qtl,"Rs. 2,245/-","Rs. 24,515/-",BRD-AMT
T011731,11/05/2021,F01292,Delivery,wheat,15.49 q,"Rs. 2,245/-","Rs. 34,775/-",BRD-AMT
T011732,02/04/2021,F01292,delivery,Wheat (Durum),76.1 qtl,"Rs. 2,245/-","Rs. 1,70,844.50",BRD-AMT
T011733,08/04/2021,F01292,D,Gram,35.60 quintals,"Rs. 5,870/-","Rs. 2,08,972/-",BRD-AMT
T011734,26/12/2020,F01292,Input Purchase,Seeds,56 kg,Rs. 123/-,"Rs. 6,861/-",BRD-AMT
T011735,19/12/2020,F01292,I,Bio-pesticide,228 kgs,Rs. 354/-,"Rs. 80,735/-",BRD-AMT
T011736,16/12/2020,F01292,Input Purchase,DAP,297 kgs,Rs. 41/-,"Rs. 12,177/-",BRD-AMT
T011737,31/12/2020,F01292,loan,EMI,,,"Rs. 7,800/-",BRD-AMT
T011738,17/12/2020,F01292,loan,Loan Repayment,,,"Rs. 7,900/-",BRD-AMT
T011739,02/05/2021,F01292,Loan Repayment,EMI,,,"Rs. 3,300/-",BRD-AMT
T011740,15/01/2021,F01292,loan,EMI,,,"Rs. 3,400/-",BRD-AMT
T011741,27/04/2021,F01293,DELIVERY,Lokwan Wheat,5.4 qtl,"Rs. 2,305/-","Rs. 12,447/-",BRD-AMT
T011742,29/03/2021,F01293,DELIVERY,WHEAT,19.60 quintals,"Rs. 2,305/-","Rs. 45,178/-",BRD-AMT
T011743,11/12/2020,F01293,input,SEEDS,199 kgs,Rs. 100/-,"Rs. 19,968/-",BRD-AMT
T011744,08/12/2020,F01293,FERT_PURCHASE,Seeds,82 kgs,Rs. 72/-,"Rs. 5,920/-",BRD-AMT
T011745,04/01/2021,F01293,I,Bio-pesticide,231 kgs,Rs. 286/-,"Rs. 66,008/-",BRD-AMT
T011746,06/02/2021,F01293,L,Loan Repayment,,,"Rs. 2,200/-",BRD-AMT
T011747,12/04/2021,F01296,delivery,WHEAT,29.50 q,"Rs. 2,265/-","Rs. 66,817.50",BRD-AMT
T011748,04/05/2021,F01296,FPO_DELIVERY,Wheat (Durum),5.92 q,"Rs. 2,265/-","Rs. 13,409/-",BRD-AMT
T011749,29/04/2021,F01296,D,wheat,1.5 qtl,"Rs. 2,265/-","Rs. 3,465/-",BRD-AMT
T011750,05/03/2021,F01296,delivery,GRAM (Chana),13.5 qtl,"Rs. 5,750/-","Rs. 77,567.50",BRD-AMT
T011751,27/03/2021,F01297,D,wheat,6.25 q,"Rs. 2,290/-","Rs. 14,312.50",BRD-AMT
T011752,24/04/2021,F01297,D,wheat,12.49 q,"Rs. 2,290/-","Rs. 28,602/-",BRD-AMT
T011753,07/01/2021,f01297,Input Purchase,DAP,131 kgs,Rs. 46/-,"Rs. 5,978/-",BRD-AMT
T011754,12/12/2020,F01297,loan,Loan Repayment,,,"Rs. 4,600/-",BRD-AMT
T013532,27/03/2021,F02220,DELIVERY,Lokwan Wheat,9.94 q,"Rs. 2,250/-","Rs. 22,365/-",BRD-AMT
T013533,23/04/2021,F02220,DELIVERY,Lokwan Wheat,29.09 q,"Rs. 2,250/-","Rs. 65,452.50",BRD-AMT
T013534,01/01/2021,F02220,input,Bio-pesticide,225 kgs,Rs. 465/-,"Rs. 1,04,654/-",BRD-AMT
T013535,07/01/2021,F02220,input,PPC,319 kg,Rs. 411/-,"Rs. 1,31,048/-",BRD-AMT
T013560,15/04/2021,F02234,delivery,Lokwan Wheat,1.26 q,"Rs. 2,315/-","Rs. 2,917/-",BRD-AMT
T013561,18/03/2021,F02234,D,Lokwan Wheat,7.93 q,"Rs. 2,315/-","Rs. 18,358/-",BRD-AMT
T013562,11/12/2020,F02234,INPUT_PURCHASE,Urea,55 kg,Rs. 51/-,"Rs. 2,826/-",BRD-AMT
T013563,28/12/2020,F02234,INPUT_PURCHASE,Fertilizer,56 kg,Rs. 43/-,"Rs. 2,425/-",BRD-AMT
T013586,13/03/2021,F02244,Delivery,Wheat,58.99 q,"Rs. 2,295/-","Rs. 1,35,382/-",BRD-AMT
T013587,07/03/2021,F02244,delivery,Lokwan Wheat,2.13 quintals,"Rs. 2,295/-","Rs. 4,888/-",BRD-AMT
T013588,16/12/2020,F02244,FERT_PURCHASE,SEEDS,213 kgs,Rs. 52/-,"Rs. 11,170/-",BRD-AMT
T013589,30/12/2020,F02244,INPUT_PURCHASE,Bio-pesticide,183 kgs,Rs. 146/-,"Rs. 26,738/-",BRD-AMT
T013590,01/01/2021,F02244,Input Purchase,FERTILIZER 50kg bag,65 kgs,Rs. 34/-,"Rs. 2,185/-",BRD-AMT
T013611,29/03/2021,F02252,DELIVERY,Lokwan Wheat,14.7 qtl,"Rs. 2,440/-","Rs. 35,868/-",BRD-AMT
T013612,10/04/2021,F02252,FPO_DELIVERY,Lokwan Wheat,28.74 q,"Rs. 2,440/-","Rs. 70,126/-",BRD-AMT
T013613,13/05/2021,F02252,loan,EMI,,,"Rs. 1,400/-",BRD-AMT
T013619,13/04/2021,F02261,DELIVERY,WHEAT,80.12 q,"Rs. 2,370/-","Rs. 1,89,884/-",BRD-AMT
T013620,10/01/2021,F02261,FERT_PURCHASE,Urea,47 kg,Rs. 40/-,"Rs. 1,876/-",BRD-AMT
T013621,11/12/2020,F02261,Input Purchase,Urea,185 kg,Rs. 44/-,"Rs. 8,223/-",BRD-AMT
T013622,31/12/2020,F02261,input,SEEDS,126 kg,Rs. 130/-,"Rs. 16,336/-",BRD-AMT
T013623,23/12/2020,F02261,I,Fertilizer,81 kg,Rs. 51.50,"Rs. 4,171.50",BRD-AMT
T013703,04/03/2021,F02299,DELIVERY,WHEAT,16.7 qtl,"Rs. 2,360/-","Rs. 39,483/-",BRD-AMT
T013704,11/04/2021,F02299,delivery,wheat,3.7 qtl,"Rs. 2,360/-","Rs. 8,826/-",BRD-AMT
T013705,21/12/2020,F02299,input,FERTILIZER 50kg bag,206 kgs,Rs. 32/-,"Rs. 6,524/-",BRD-AMT
T013725,20/04/2021,F02305,D,WHEAT,31.30 quintals,"Rs. 2,300/-","Rs. 71,990/-",BRD-AMT
T013726,25/04/2021,F02305,Delivery,Wheat (Durum),6.37 q,"Rs. 2,300/-","Rs. 14,651/-",BRD-AMT
T013727,02/01/2021,F02305,FERT_PURCHASE,NPK 10:26:26,132 kg,Rs. 59/-,"Rs. 7,818/-",BRD-AMT
T013728,01/01/2021,F02305,I,Hybrid Seeds,89 kg,Rs. 94/-,"Rs. 8,366/-",BRD-AMT
T013729,08/12/2020,F02305,FERT_PURCHASE,FERTILIZER 50kg bag,303 kg,Rs. 34/-,"Rs. 10,441/-",BRD-AMT
T013738,05/05/2021,F02309,D,WHEAT,9.60 quintals,"Rs. 2,425/-","Rs. 23,280/-",BRD-AMT
T013739,19/03/2021,F02309,D,Lokwan Wheat,9.13 quintals,"Rs. 2,425/-","Rs. 22,140/-",BRD-AMT
T013783,13/04/2021,F02324,D,Lokwan Wheat,2.4 qtl,"Rs. 2,365/-","Rs. 5,723/-",BRD-AMT
T013784,29/04/2021,F02324,D,WHEAT,10.87 q,"Rs. 2,365/-","Rs. 25,708/-",BRD-AMT
T013785,13/01/2021,F02324,INPUT_PURCHASE,Fertilizer,220 kg,Rs. 29/-,"Rs. 6,303/-",BRD-AMT
T013795,12/03/2021,F02327,D,Lokwan Wheat,16.51 quintals,"Rs. 2,335/-","Rs. 38,551/-",BRD-AMT
T013796,12/01/2021,F02327,input,Seeds,305 kg,Rs. 55/-,"Rs. 16,702/-",BRD-AMT
T013797,26/12/2020,F02327,INPUT_PURCHASE,Fertilizer,25 kg,Rs. 34/-,Rs. 848/-,BRD-AMT
T013802,31/03/2021,F02333,delivery,Wheat (Durum),12.5 qtl,"Rs. 2,525/-","Rs. 31,638/-",BRD-AMT
T013803,10/12/2020,F02333,FERT_PURCHASE,FERTILIZER 50kg bag,141 kgs,Rs. 53/-,"Rs. 7,535/-",BRD-AMT
T013804,13/12/2020,F02333,FERT_PURCHASE,DAP,124 kgs,Rs. 51/-,"Rs. 6,372/-",BRD-AMT
T013805,14/12/2020,F02333,Input Purchase,Urea,88 kgs,Rs. 31/-,"Rs. 2,747/-",BRD-AMT
T013813,13/04/2021,F02337,FPO_DELIVERY,Wheat,29.5 qtl,"Rs. 2,320/-","Rs. 68,347/-",BRD-AMT
T013814,27/04/2021,F02337,FPO_DELIVERY,Lokwan Wheat,11.91 quintals,"Rs. 2,320/-","Rs. 27,631/-",BRD-AMT
T013815,15/12/2020,f02337,input,FERTILIZER 50kg bag,215 kgs,Rs. 38/-,"Rs. 8,084/-",BRD-AMT
T013816,10/01/2021,f02337,INPUT_PURCHASE,SEEDS,80 kg,Rs. 119/-,"Rs. 9,541/-",BRD-AMT
T013817,10/12/2020,F02337,I,NPK 10:26:26,80 kgs,Rs. 58/-,"Rs. 4,627/-",BRD-AMT
T013818,07/01/2021,f02337,L,EMI,,,"Rs. 6,300/-",BRD-AMT
T013864,15/05/2021,F02353,Delivery,Wheat,7.9 qtl,"Rs. 2,475/-","Rs. 19,503/-",BRD-AMT
T013868,19/03/2021,F02355,delivery,WHEAT,8.40 quintals,"Rs. 2,410/-","Rs. 20,244/-",BRD-AMT
T013869,10/03/2021,f02355,DELIVERY,WHEAT,8.8 qtl,"Rs. 2,410/-","Rs. 21,208/-",BRD-AMT
T013870,14/12/2020,F02355,I,SEEDS,249 kg,Rs. 64/-,"Rs. 15,921/-",BRD-AMT
T013871,29/12/2020,F02355,INPUT_PURCHASE,DAP,160 kg,Rs. 48/-,"Rs. 7,653/-",BRD-AMT
T013872,25/01/2021,f02355,LOAN_REPAY,EMI,,,"Rs. 6,300/-",BRD-AMT
T013873,16/03/2021,F02355,L,EMI,,,Rs. 800/-,BRD-AMT
T013898,11/05/2021,f02361,D,WHEAT,5.79 quintals,"Rs. 2,335/-","Rs. 13,520/-",BRD-AMT
T014244,18/11/2021,F01155,D,Soybean (Yellow),4.43 quintals,"Rs. 5,390/-","Rs. 23,878/-",BRD-AMT
T014245,29/06/2021,F01155,input,FERTILIZER 50kg bag,289 kgs,Rs. 56/-,"Rs. 16,167/-",BRD-AMT
T014246,11/07/2021,F01155,I,FERTILIZER 50kg bag,189 kg,Rs. 47/-,"Rs. 8,809/-",BRD-AMT
T014247,29/10/2021,F01158,FPO_DELIVERY,SOYABEAN,16.26 q,"Rs. 5,385/-","Rs. 87,560/-",BRD-AMT
T014248,20/10/2021,f01160,D,soya,2.9 qtl,"Rs. 5,390/-","Rs. 15,685/-",BRD-AMT
T014249,22/11/2021,F01160,DELIVERY,Soybean,11.97 quintals,"Rs. 5,390/-","Rs. 64,518/-",BRD-AMT
T014250,18/10/2021, F01160 ,delivery,Cotton Kapas,2.9 qtl,"Rs. 8,070/-","Rs. 23,484/-",BRD-AMT
T014251,29/11/2021,f01160,DELIVERY,Cotton Kapas,7.4 qtl,"Rs. 8,070/-","Rs. 59,718/-",BRD-AMT
T014252,24/06/2021,F01160,INPUT_PURCHASE,NPK 10:26:26,195 kg,Rs. 40/-,"Rs. 7,864/-",BRD-AMT
T014253,11/10/2021,F01163,Delivery,Soybean (Yellow),27.89 q,"Rs. 5,015/-","Rs. 1,39,868/-",BRD-AMT
T014254,02/10/2021,F01164,Delivery,SOYABEAN,25.9 qtl,"Rs. 5,030/-","Rs. 1,30,126/-",BRD-AMT
T014255,23/11/2021,F01164,FPO_DELIVERY,Soybean (Yellow),0.81 q,"Rs. 5,030/-","Rs. 4,074/-",BRD-AMT
T014256,06/11/2021,F01165,DELIVERY,soya,22.1 qtl,"Rs. 5,515/-","Rs. 1,21,606/-",BRD-AMT
T014257,01/07/2021,F01165,Input Purchase,Fertilizer,212 kgs,Rs. 58/-,"Rs. 12,362/-",BRD-AMT
T014258,26/06/2021,F01165,INPUT_PURCHASE,NPK 10:26:26,270 kgs,Rs. 28/-,"Rs. 7,606/-",BRD-AMT
T014259,27/06/2021,F01165,INPUT_PURCHASE,Seeds,62 kgs,Rs. 98/-,"Rs. 6,087/-",BRD-AMT
T014260,28/11/2021,f01169,FPO_DELIVERY,Soybean (Yellow),3.20 quintals,"Rs. 5,330/-","Rs. 17,056/-",BRD-AMT
T014261,22/11/2021,F01169,Delivery,Soybean (Yellow),22.30 quintals,"Rs. 5,330/-","Rs. 1,18,859/-",BRD-AMT
T014262,17/06/2021,f01169,Input Purchase,PPC,214 kg,Rs. 471/-,"Rs. 1,00,753/-",BRD-AMT
T014263,01/11/2021,F01170,DELIVERY,Soybean,9.25 q,"Rs. 5,355/-","Rs. 49,534/-",BRD-AMT
T014264,30/11/2021,F01170,delivery,SOYABEAN,11.2 qtl,"Rs. 5,355/-","Rs. 60,030/-",BRD-AMT
T014265,18/10/2021, F01170 ,D,COTTON (Kapas),13.90 q,"Rs. 8,170/-","Rs. 1,13,563/-",BRD-AMT
T014266,20/06/2021,F01170,input,NPK 10:26:26,246 kgs,Rs. 58/-,"Rs. 14,293/-",BRD-AMT
T014267,21/06/2021,F01170,INPUT_PURCHASE,SEEDS,120 kg,Rs. 104/-,"Rs. 12,460/-",BRD-AMT
T014268,16/06/2021,F01170,Input Purchase,Urea,221 kgs,Rs. 58/-,"Rs. 12,754/-",BRD-AMT
T014269,27/11/2021,F01171,Delivery,Soybean,5.3 qtl,"Rs. 5,180/-","Rs. 27,299/-",BRD-AMT
T014270,10/11/2021,F01171,DELIVERY,SOYABEAN,6.17 quintals,"Rs. 5,180/-","Rs. 31,961/-",BRD-AMT
T014271,29/06/2021,F01171,FERT_PURCHASE,SEEDS,121 kg,Rs. 54/-,"Rs. 6,587/-",BRD-AMT
T014272,08/06/2021,F01171,input,Seeds,158 kg,Rs. 94/-,"Rs. 14,920/-",BRD-AMT
T014273,22/11/2021,F01172,FPO_DELIVERY,Soybean (Yellow),4.1 qtl,"Rs. 5,695/-","Rs. 23,463/-",BRD-AMT
T014274,04/11/2021,F01172,DELIVERY,soya,7.3 qtl,"Rs. 5,695/-","Rs. 41,687/-",BRD-AMT
T014275,20/06/2021,F01172,Input Purchase,Urea,92 kgs,Rs. 53/-,"Rs. 4,903/-",BRD-AMT
T014276,30/06/2021,F01172,INPUT_PURCHASE,Fertilizer,27 kgs,Rs. 43/-,"Rs. 1,158/-",BRD-AMT
T014277,02/11/2021, F01176 ,D,soya,6.4 qtl,"Rs. 5,425/-","Rs. 34,503/-",BRD-AMT
T014278,17/10/2021,F01176,Delivery,Soybean,0.11 quintals,"Rs. 5,425/-",Rs. 597/-,BRD-AMT
T014279,10/11/2021,F01176,Delivery,kapas,4.32 quintals,"Rs. 8,895/-","Rs. 38,426/-",BRD-AMT
T014280,30/10/2021,F01179,delivery,Soybean,20.40 q,"Rs. 5,360/-","Rs. 1,09,344/-",BRD-AMT
T014281,06/11/2021,F01179,FPO_DELIVERY,kapas,1.54 q,"Rs. 8,410/-","Rs. 12,951/-",BRD-AMT
T014282,16/10/2021,F01179,Delivery,Cotton,17.61 q,"Rs. 8,410/-","Rs. 1,48,100/-",BRD-AMT
T014283,21/10/2021,F01183,DELIVERY,Soybean (Yellow),5.9 qtl,"Rs. 5,315/-","Rs. 31,412/-",BRD-AMT
T014284,28/10/2021,F01183,DELIVERY,kapas,4.02 quintals,"Rs. 8,170/-","Rs. 32,843/-",BRD-AMT
T014285,20/11/2021,F01183,D,COTTON (Kapas),0.73 q,"Rs. 8,170/-","Rs. 5,964/-",BRD-AMT
T014286,03/08/2021,f01183,LOAN_REPAY,Loan Repayment,,,"Rs. 4,100/-",BRD-AMT
T014287,18/11/2021,F01183,L,Loan Repayment,,,"Rs. 5,900/-",BRD-AMT
T014288,24/10/2021,,delivery,SOYABEAN,8.9 qtl,"Rs. 5,525/-","Rs. 49,449/-",BRD-AMT
T014289,02/06/2021,F01191,I,NPK 10:26:26,44 kg,Rs. 31/-,"Rs. 1,364/-",BRD-AMT
T014290,15/07/2021,f01191,FERT_PURCHASE,PP chemicals,105 kgs,Rs. 397/-,"Rs. 41,730/-",BRD-AMT
T014291,28/11/2021,F01193,delivery,Soybean,13.3 qtl,"Rs. 5,435/-","Rs. 72,068/-",BRD-AMT
T014292,01/10/2021,F01193,delivery,SOYABEAN,19.96 q,"Rs. 5,435/-","Rs. 1,08,483/-",BRD-AMT
T014293,06/06/2021,F01193,I,DAP,31 kg,Rs. 42/-,"Rs. 1,301/-",BRD-AMT
T014294,27/10/2021,F01197,Delivery,SOYABEAN,2.39 quintals,"Rs. 5,240/-","Rs. 12,524/-",BRD-AMT
T014295,13/11/2021,f01197,delivery,soya,1.30 quintals,"Rs. 5,240/-","Rs. 6,812/-",BRD-AMT
T014296,14/11/2021,F01199,delivery,soya,19.2 qtl,"Rs. 5,455/-","Rs. 1,04,518/-",BRD-AMT
T014297,18/11/2021,f01199,DELIVERY,Cotton Kapas,11.89 q,"Rs. 8,410/-","Rs. 99,995/-",BRD-AMT
T014298,10/10/2021,F01199,DELIVERY,Cotton,3.42 quintals,"Rs. 8,410/-","Rs. 28,762/-",BRD-AMT
T014299,14/07/2021,F01199,input,NPK 10:26:26,235 kg,Rs. 53/-,"Rs. 12,389/-",BRD-AMT
T014300,30/06/2021,F01199,INPUT_PURCHASE,SEEDS,240 kgs,Rs. 77/-,"Rs. 18,413/-",BRD-AMT
T014301,30/06/2021,F01199,input,Hybrid Seeds,68 kg,Rs. 50/-,"Rs. 3,371/-",BRD-AMT
T014302,15/07/2021,F01199,FERT_PURCHASE,FERTILIZER 50kg bag,311 kg,Rs. 41/-,"Rs. 12,798/-",BRD-AMT
T014303,06/10/2021,F01200,D,SOYABEAN,9.56 quintals,"Rs. 4,935/-","Rs. 47,179/-",BRD-AMT
T014304,02/10/2021, F01200 ,Delivery,Cotton,1.9 qtl,"Rs. 7,810/-","Rs. 15,229.50",BRD-AMT
T014305,18/11/2021,F01200,FPO_DELIVERY,COTTON (Kapas),5.29 q,"Rs. 7,810/-","Rs. 41,315/-",BRD-AMT
T014306,14/07/2021, F01200 ,I,Seeds,128 kg,Rs. 85/-,"Rs. 10,925/-",BRD-AMT
T014307,21/10/2021,F01202,Delivery,SOYABEAN,30.2 qtl,"Rs. 5,095/-","Rs. 1,53,971/-",BRD-AMT
T014308,13/07/2021,F01202,Input Purchase,FERTILIZER 50kg bag,297 kg,Rs. 47/-,"Rs. 14,045/-",BRD-AMT
T014309,29/07/2021,F01202,Loan Repayment,Loan Repayment,,,"Rs. 6,100/-",BRD-AMT
T014310,31/08/2021,F01202,LOAN_REPAY,Loan Repayment,,,"Rs. 2,200/-",BRD-AMT
T014311,07/10/2021,F01203,D,Soybean,3.04 quintals,"Rs. 5,310/-","Rs. 16,142/-",BRD-AMT
T014312,09/11/2021,F01203,FPO_DELIVERY,SOYABEAN,12.1 qtl,"Rs. 5,310/-","Rs. 64,039/-",BRD-AMT
T014313,07/10/2021,F01203,FPO_DELIVERY,kapas,4.16 quintals,"Rs. 8,575/-","Rs. 35,672/-",BRD-AMT
T014314,12/10/2021,F01203,FPO_DELIVERY,Cotton,6.66 quintals,"Rs. 8,575/-","Rs. 57,109.50",BRD-AMT
T014315,19/11/2021,F01204,D,Soybean,23.80 q,"Rs. 5,445/-","Rs. 1,29,591/-",BRD-AMT
T014316,23/11/2021,F01204,Delivery,Cotton Kapas,19.0 qtl,"Rs. 8,330/-","Rs. 1,58,353/-",BRD-AMT
T014317,03/07/2021,F01204,FERT_PURCHASE,Seeds,254 kg,Rs. 90/-,"Rs. 22,906/-",BRD-AMT
T014318,12/07/2021,F01204,Input Purchase,Urea,68 kgs,Rs. 32/-,"Rs. 2,169/-",BRD-AMT
T014319,12/07/2021,F01204,input,PPC,317 kg,Rs. 690/-,"Rs. 2,18,879/-",BRD-AMT
T014320,04/11/2021,F01206,DELIVERY,soya,10.97 q,"Rs. 5,200/-","Rs. 57,044/-",BRD-AMT
T014321,20/06/2021,F01206,I,Hybrid Seeds,86 kg,Rs. 77/-,"Rs. 6,662/-",BRD-AMT
T014322,11/07/2021,F01206,FERT_PURCHASE,SEEDS,92 kg,Rs. 124/-,"Rs. 11,450/-",BRD-AMT
T014323,03/11/2021,F01207,Delivery,soya,6.3 qtl,"Rs. 5,660/-","Rs. 35,828/-",BRD-AMT
T014324,28/10/2021,F01207,delivery,SOYABEAN,15.15 quintals,"Rs. 5,660/-","Rs. 85,749/-",BRD-AMT
T014325,08/06/2021,F01207,input,PP chemicals,31 kg,Rs. 157/-,"Rs. 4,863/-",BRD-AMT
T014326,30/06/2021,F01207,LOAN_REPAY,Loan Repayment,,,"Rs. 6,700/-",BRD-AMT
T014327,13/06/2021,F01207,L,Loan Repayment,,,"Rs. 7,700/-",BRD-AMT
T014328,01/06/2021,F01207,Loan Repayment,Loan Repayment,,,"Rs. 5,100/-",BRD-AMT
T014329,28/11/2021,F01211,DELIVERY,SOYABEAN,26.6 qtl,"Rs. 5,530/-","Rs. 1,46,987/-",BRD-AMT
T014330,12/11/2021,F01211,Delivery,Cotton,19.26 q,"Rs. 8,470/-","Rs. 1,63,132/-",BRD-AMT
T014331,08/06/2021,F01211,I,Urea,199 kgs,Rs. 38/-,"Rs. 7,476/-",BRD-AMT
T014332,05/07/2021,F01211,input,Hybrid Seeds,26 kgs,Rs. 109/-,"Rs. 2,833/-",BRD-AMT
T014333,02/06/2021,F01211,FERT_PURCHASE,Fertilizer,127 kg,Rs. 56/-,"Rs. 7,056/-",BRD-AMT
T014334,11/11/2021,F01213,D,soya,10.9 qtl,"Rs. 5,365/-","Rs. 58,586/-",BRD-AMT
T014335,07/10/2021,F01213,FPO_DELIVERY,kapas,4.7 qtl,"Rs. 8,695/-","Rs. 40,606/-",BRD-AMT
T014336,17/11/2021,F01213,Delivery,kapas,4.43 quintals,"Rs. 8,695/-","Rs. 38,519/-",BRD-AMT
T014337,15/07/2021,F01213,INPUT_PURCHASE,Seeds,305 kg,Rs. 109/-,"Rs. 33,242/-",BRD-AMT
T014338,06/07/2021,f01213,FERT_PURCHASE,Urea,276 kgs,Rs. 48/-,"Rs. 13,138/-",BRD-AMT
T014339,01/07/2021,F01213,input,SEEDS,142 kgs,Rs. 63/-,"Rs. 8,983/-",BRD-AMT
T014340,21/10/2021,F01216,FPO_DELIVERY,Soybean,10.90 q,"Rs. 5,395/-","Rs. 58,805.50",BRD-AMT
T014341,29/10/2021,f01216,delivery,Soybean,5.35 q,"Rs. 5,395/-","Rs. 28,863/-",BRD-AMT
T014342,18/06/2021,F01216,FERT_PURCHASE,SEEDS,267 kg,Rs. 95/-,"Rs. 25,442/-",BRD-AMT
T014343,30/06/2021,F01216,input,Fertilizer,294 kgs,Rs. 31/-,"Rs. 9,114/-",BRD-AMT
T014344,04/10/2021,F01219,FPO_DELIVERY,SOYABEAN,12.7 qtl,"Rs. 5,040/-","Rs. 63,806/-",BRD-AMT
T014345,29/10/2021,F01219,Delivery,Soybean,0.72 quintals,"Rs. 5,040/-","Rs. 3,629/-",BRD-AMT
T014346,04/06/2021,F01219,input,Urea,170 kg,Rs. 45/-,"Rs. 7,602/-",BRD-AMT
T014347,25/11/2021,F01223,DELIVERY,SOYABEAN,8.83 quintals,"Rs. 5,530/-","Rs. 48,830/-",BRD-AMT
T014348,26/10/2021,f01223,D,Soybean (Yellow),50.37 q,"Rs. 5,530/-","Rs. 2,78,546/-",BRD-AMT
T014349,29/06/2021,F01223,Input Purchase,Urea,121 kgs,Rs. 40/-,"Rs. 4,876/-",BRD-AMT
T014350,13/11/2021,f01224,delivery,Soybean,2.5 qtl,"Rs. 5,600/-","Rs. 13,832/-",BRD-AMT
T014351,14/10/2021,f01224,FPO_DELIVERY,soya,0.56 q,"Rs. 5,600/-","Rs. 3,136/-",BRD-AMT
T014352,08/10/2021,F01225,FPO_DELIVERY,Soybean (Yellow),4.3 qtl,"Rs. 5,340/-","Rs. 23,176/-",BRD-AMT
T014353,09/10/2021, F01225 ,Delivery,Soybean,8.2 qtl,"Rs. 5,340/-","Rs. 43,628/-",BRD-AMT
T014354,07/11/2021,,delivery,SOYABEAN,10.9 qtl,"Rs. 5,545/-","Rs. 60,607/-",BRD-AMT
T014355,07/07/2021,F01226,I,Urea,281 kgs,Rs. 47/-,"Rs. 13,162/-",BRD-AMT
T014356,14/10/2021,F01227,DELIVERY,soya,4.32 quintals,"Rs. 5,215/-","Rs. 22,529/-",BRD-AMT
T014357,24/11/2021,F01227,FPO_DELIVERY,Soybean (Yellow),15.37 q,"Rs. 5,215/-","Rs. 80,155/-",BRD-AMT
T014358,14/10/2021,F01227,D,COTTON (Kapas),15.79 quintals,"Rs. 9,530/-","Rs. 1,50,479/-",BRD-AMT
T014359,27/10/2021,F01227,DELIVERY,Cotton,0.24 quintals,"Rs. 9,530/-","Rs. 2,287/-",BRD-AMT
T014360,26/06/2021,F01227,FERT_PURCHASE,SEEDS,25 kgs,Rs. 57/-,"Rs. 1,418/-",BRD-AMT
T014361,29/06/2021, F01227 ,input,DAP,121 kg,Rs. 41/-,"Rs. 4,913/-",BRD-AMT
T014362,14/06/2021,F01227,INPUT_PURCHASE,Seeds,194 kg,Rs. 112/-,"Rs. 21,685/-",BRD-AMT
T014363,07/06/2021,f01227,LOAN_REPAY,Loan Repayment,,,"Rs. 3,200/-",BRD-AMT
T014364,25/07/2021,F01227,Loan Repayment,EMI,,,"Rs. 1,100/-",BRD-AMT
T014365,16/10/2021,f01228,delivery,Soybean (Yellow),4.80 q,"Rs. 5,165/-","Rs. 24,792/-",BRD-AMT
T014366,24/06/2021,F01228,FERT_PURCHASE,FERTILIZER 50kg bag,290 kgs,Rs. 34/-,"Rs. 9,985/-",BRD-AMT
T014367,08/07/2021,F01228,input,PPC,289 kg,Rs. 458/-,"Rs. 1,32,463/-",BRD-AMT
T014368,08/06/2021, F01228 ,FERT_PURCHASE,Hybrid Seeds,217 kgs,Rs. 94/-,"Rs. 20,385/-",BRD-AMT
T014369,02/11/2021,F01235,delivery,soya,9.45 quintals,"Rs. 4,875/-","Rs. 46,069/-",BRD-AMT
T014370,12/11/2021, F01235 ,FPO_DELIVERY,Cotton,3.1 qtl,"Rs. 8,160/-","Rs. 25,622/-",BRD-AMT
T014371,02/11/2021,F01235,delivery,Cotton Kapas,4.23 quintals,"Rs. 8,160/-","Rs. 34,517/-",BRD-AMT
T014372,03/10/2021,F01236,FPO_DELIVERY,SOYABEAN,21.64 quintals,"Rs. 5,380/-","Rs. 1,16,423/-",BRD-AMT
T014373,11/07/2021,F01236,input,Urea,152 kgs,Rs. 56/-,"Rs. 8,518/-",BRD-AMT
T014374,04/07/2021,F01236,input,FERTILIZER 50kg bag,151 kg,Rs. 39/-,"Rs. 5,847/-",BRD-AMT
T014375,10/07/2021,F01236,INPUT_PURCHASE,FERTILIZER 50kg bag,210 kgs,Rs. 29/-,"Rs. 6,004/-",BRD-AMT
T014376,14/07/2021,F01236,Input Purchase,NPK 10:26:26,264 kgs,Rs. 55/-,"Rs. 14,459/-",BRD-AMT
T014377,07/07/2021,F01236,input,NPK 10:26:26,178 kgs,Rs. 54/-,"Rs. 9,648/-",BRD-AMT
T014378,15/10/2021,F01238,delivery,Soybean,7.5 qtl,"Rs. 5,250/-","Rs. 39,585/-",BRD-AMT
T014379,23/10/2021,F01238,D,kapas,5.57 q,"Rs. 7,685/-","Rs. 42,805/-",BRD-AMT
T014380,04/10/2021,F01238,delivery,kapas,1.1 qtl,"Rs. 7,685/-","Rs. 8,530/-",BRD-AMT
T014381,09/07/2021,F01238,INPUT_PURCHASE,Urea,133 kg,Rs. 51/-,"Rs. 6,842/-",BRD-AMT
T014382,12/06/2021,F01238,FERT_PURCHASE,PPC,136 kg,Rs. 641/-,"Rs. 87,214/-",BRD-AMT
T014383,17/06/2021,F01238,FERT_PURCHASE,PPC,228 kg,Rs. 124/-,"Rs. 28,320/-",BRD-AMT
T014384,11/07/2021,F01238,I,Seeds,144 kg,Rs. 57/-,"Rs. 8,243/-",BRD-AMT
T014385,12/07/2021,F01238,Input Purchase,Fertilizer,239 kgs,Rs. 42/-,"Rs. 9,976/-",BRD-AMT
T014386,11/11/2021,F01241,Delivery,soya,14.32 q,"Rs. 5,045/-","Rs. 72,244/-",BRD-AMT
T014387,12/06/2021,F01241,INPUT_PURCHASE,PP chemicals,194 kg,Rs. 609/-,"Rs. 1,18,235/-",BRD-AMT
T014388,15/07/2021,F01241,I,Fertilizer,228 kgs,Rs. 38/-,"Rs. 8,707/-",BRD-AMT
T014389,05/07/2021,F01241,INPUT_PURCHASE,Fertilizer,44 kg,Rs. 40/-,"Rs. 1,758/-",BRD-AMT
T014390,13/06/2021,F01241,I,NPK 10:26:26,225 kg,Rs. 54/-,"Rs. 12,188/-",BRD-AMT
T014391,16/10/2021,f01246,FPO_DELIVERY,SOYABEAN,19.65 quintals,"Rs. 5,295/-","Rs. 1,04,047/-",BRD-AMT
T014392,02/07/2021,F01246,INPUT_PURCHASE,SEEDS,219 kg,Rs. 129/-,"Rs. 28,336/-",BRD-AMT
T014393,04/10/2021,f01249,D,Soybean (Yellow),19.28 quintals,"Rs. 5,285/-","Rs. 1,01,895/-",BRD-AMT
T014394,12/07/2021,F01249,INPUT_PURCHASE,DAP,286 kgs,Rs. 53/-,"Rs. 15,132/-",BRD-AMT
T014395,26/06/2021,F01249,INPUT_PURCHASE,Bio-pesticide,242 kgs,Rs. 205/-,"Rs. 49,533/-",BRD-AMT
T014396,18/07/2021,F01249,Loan Repayment,EMI,,,"Rs. 5,800/-",BRD-AMT
T014397,22/08/2021,F01249,loan,Loan Repayment,,,"Rs. 4,100/-",BRD-AMT
T014398,07/11/2021,F01251,Delivery,Soybean,3.91 q,"Rs. 5,675/-","Rs. 22,189/-",BRD-AMT
T014399,07/11/2021, F01251 ,delivery,SOYABEAN,2.1 qtl,"Rs. 5,675/-","Rs. 12,144.50",BRD-AMT
T014400,25/06/2021,F01251,FERT_PURCHASE,SEEDS,33 kg,Rs. 66/-,"Rs. 2,178/-",BRD-AMT
T014401,14/07/2021,F01251,FERT_PURCHASE,Urea,272 kgs,Rs. 51/-,"Rs. 13,981/-",BRD-AMT
T014402,12/10/2021,F01263,FPO_DELIVERY,Soybean,9.4 qtl,"Rs. 4,850/-","Rs. 45,444/-",BRD-AMT
T014403,28/10/2021,F01263,Delivery,SOYABEAN,4.71 q,"Rs. 4,850/-","Rs. 22,843.50",BRD-AMT
T014404,28/06/2021,F01263,FERT_PURCHASE,NPK 10:26:26,150 kg,Rs. 59/-,"Rs. 8,902.50",BRD-AMT
T014405,16/11/2021,F01264,D,Soybean (Yellow),2.2 qtl,"Rs. 5,320/-","Rs. 11,810/-",BRD-AMT
T014406,03/10/2021,f01264,D,Soybean,7.05 q,"Rs. 5,320/-","Rs. 37,506/-",BRD-AMT
T014407,20/06/2021,F01264,INPUT_PURCHASE,SEEDS,102 kg,Rs. 111/-,"Rs. 11,351/-",BRD-AMT
T014408,03/07/2021,F01264,FERT_PURCHASE,SEEDS,163 kg,Rs. 126/-,"Rs. 20,494/-",BRD-AMT
T014409,25/11/2021,F01274,D,Soybean,1.5 qtl,"Rs. 5,325/-","Rs. 8,200.50",BRD-AMT
T014410,20/11/2021,F01274,D,soya,3.7 qtl,"Rs. 5,325/-","Rs. 19,809/-",BRD-AMT
T014411,14/10/2021,F01274,Delivery,SOYABEAN,6.19 q,"Rs. 5,325/-","Rs. 32,962/-",BRD-AMT
T014412,30/10/2021,f01274,FPO_DELIVERY,Cotton Kapas,5.1 qtl,"Rs. 8,295/-","Rs. 42,636/-",BRD-AMT
T014413,20/11/2021,F01274,FPO_DELIVERY,Cotton,0.7 qtl,"Rs. 8,295/-","Rs. 5,392/-",BRD-AMT
T014414,16/10/2021,F01274,D,COTTON (Kapas),1.06 q,"Rs. 8,295/-","Rs. 8,793/-",BRD-AMT
T014415,22/06/2021,f01274,Input Purchase,Hybrid Seeds,170 kgs,Rs. 118/-,"Rs. 20,079/-",BRD-AMT
T014416,12/07/2021,F01274,I,DAP,244 kg,Rs. 40/-,"Rs. 9,650/-",BRD-AMT
T014417,24/10/2021,f01275,FPO_DELIVERY,Soybean (Yellow),6.62 q,"Rs. 5,310/-","Rs. 35,152/-",BRD-AMT
T014418,27/10/2021,F01275,Delivery,COTTON (Kapas),0.34 quintals,"Rs. 8,170/-","Rs. 2,778/-",BRD-AMT
T014419,09/10/2021,F01275,D,Cotton,5.0 qtl,"Rs. 8,170/-","Rs. 40,687/-",BRD-AMT
T014420,08/06/2021,F01275,INPUT_PURCHASE,DAP,311 kgs,Rs. 35/-,"Rs. 10,935/-",BRD-AMT
T014421,28/06/2021,F01275,Input Purchase,Hybrid Seeds,266 kgs,Rs. 100/-,"Rs. 26,627/-",BRD-AMT
T014422,14/11/2021, F01276 ,FPO_DELIVERY,SOYABEAN,9.1 qtl,"Rs. 5,470/-","Rs. 49,832/-",BRD-AMT
T014423,14/10/2021,F01276,FPO_DELIVERY,SOYABEAN,1.77 q,"Rs. 5,470/-","Rs. 9,682/-",BRD-AMT
T014424,16/06/2021,F01276,I,Hybrid Seeds,49 kgs,Rs. 90/-,"Rs. 4,413/-",BRD-AMT
T014425,19/06/2021,F01276,input,Urea,277 kg,Rs. 44/-,"Rs. 12,299/-",BRD-AMT
T014426,21/06/2021,F01276,I,PP chemicals,56 kg,Rs. 456/-,"Rs. 25,556/-",BRD-AMT
T014427,31/10/2021,F01276,Loan Repayment,Loan Repayment,,,"Rs. 3,900/-",BRD-AMT
T014428,21/10/2021,F01280,delivery,soya,31.76 q,"Rs. 5,835/-","Rs. 1,85,320/-",BRD-AMT
T014429,14/06/2021,F01280,INPUT_PURCHASE,Bio-pesticide,263 kg,Rs. 326/-,"Rs. 85,659/-",BRD-AMT
T014430,01/06/2021,F01280,LOAN_REPAY,EMI,,,"Rs. 7,800/-",BRD-AMT
T014431,16/10/2021,F01282,Delivery,soya,9.74 q,"Rs. 5,530/-","Rs. 53,862/-",BRD-AMT
T014432,21/11/2021,F01282,delivery,SOYABEAN,4.08 quintals,"Rs. 5,530/-","Rs. 22,562/-",BRD-AMT
T014433,07/11/2021,F01282,D,kapas,5.5 qtl,"Rs. 7,920/-","Rs. 43,560/-",BRD-AMT
T014434,31/10/2021,F01282,FPO_DELIVERY,kapas,5.31 quintals,"Rs. 7,920/-","Rs. 42,055/-",BRD-AMT
T014435,14/06/2021,F01282,INPUT_PURCHASE,Hybrid Seeds,212 kg,Rs. 90/-,"Rs. 19,095/-",BRD-AMT
T014436,07/06/2021,F01282,INPUT_PURCHASE,Hybrid Seeds,291 kg,Rs. 98/-,"Rs. 28,384/-",BRD-AMT
T014437,20/11/2021,F01283,FPO_DELIVERY,SOYABEAN,4.9 qtl,"Rs. 5,090/-","Rs. 25,043/-",BRD-AMT
T014438,12/06/2021, F01283 ,input,Bio-pesticide,318 kg,Rs. 592/-,"Rs. 1,88,113/-",BRD-AMT
T014439,29/11/2021,F01285,FPO_DELIVERY,SOYABEAN,14.1 qtl,"Rs. 4,860/-","Rs. 68,332/-",BRD-AMT
T014440,18/10/2021,F01285,delivery,Soybean (Yellow),10.2 qtl,"Rs. 4,860/-","Rs. 49,718/-",BRD-AMT
T014441,04/07/2021,F01285,input,FERTILIZER 50kg bag,39 kgs,Rs. 31/-,"Rs. 1,204/-",BRD-AMT
T014442,06/11/2021,F01286,FPO_DELIVERY,soya,1.25 quintals,"Rs. 5,625/-","Rs. 7,031/-",BRD-AMT
T014443,27/10/2021,F01286,DELIVERY,soya,9.12 quintals,"Rs. 5,625/-","Rs. 51,300/-",BRD-AMT
T014444,05/11/2021,F01286,delivery,COTTON (Kapas),6.5 qtl,"Rs. 8,210/-","Rs. 53,529/-",BRD-AMT
T014445,08/06/2021,F01286,INPUT_PURCHASE,Fertilizer,242 kgs,Rs. 50/-,"Rs. 12,015/-",BRD-AMT
T014446,26/11/2021,F01288,DELIVERY,soya,3.5 qtl,"Rs. 5,355/-","Rs. 18,528/-",BRD-AMT
T014447,01/11/2021,F01288,Delivery,SOYABEAN,21.96 quintals,"Rs. 5,355/-","Rs. 1,17,596/-",BRD-AMT
T014448,16/06/2021,F01288,input,Fertilizer,30 kgs,Rs. 36/-,"Rs. 1,081/-",BRD-AMT
T014449,08/07/2021,F01288,INPUT_PURCHASE,Seeds,127 kgs,Rs. 45/-,"Rs. 5,761/-",BRD-AMT
T014450,20/06/2021,f01288,INPUT_PURCHASE,NPK 10:26:26,184 kgs,Rs. 33/-,"Rs. 5,995/-",BRD-AMT
T014451,23/09/2021,f01288,Loan Repayment,Loan Repayment,,,"Rs. 2,000/-",BRD-AMT
T014452,25/07/2021,F01288,LOAN_REPAY,EMI,,,"Rs. 7,200/-",BRD-AMT
T014453,08/10/2021,f01292,Delivery,soya,50.71 quintals,"Rs. 5,055/-","Rs. 2,56,339/-",BRD-AMT
T014454,09/10/2021,F01292,LOAN_REPAY,Loan Repayment,,,Rs. 800/-,BRD-AMT
T014455,23/10/2021,F01293,D,Soybean,13.46 quintals,"Rs. 5,595/-",₹ N/A,BRD-AMT
T014456,12/06/2021,F01293,I,NPK 10:26:26,190 kgs,Rs. 50/-,"Rs. 9,477/-",BRD-AMT
T014457,30/06/2021,F01293,input,SEEDS,294 kgs,Rs. 54/-,"Rs. 16,020/-",BRD-AMT
T014458,21/07/2021,F01293,LOAN_REPAY,EMI,,,"Rs. 3,100/-",BRD-AMT
T014459,18/08/2021,F01293,L,Loan Repayment,,,"Rs. 5,800/-",BRD-AMT
T014460,18/10/2021,F01296,D,Soybean (Yellow),19.95 quintals,"Rs. 5,115/-","Rs. 1,02,044/-",BRD-AMT
T014461,05/07/2021,F01296,I,Bio-pesticide,138 kgs,Rs. 522/-,"Rs. 72,050/-",BRD-AMT
T014462,01/11/2021,F01297,D,Soybean,8.1 qtl,"Rs. 5,825/-","Rs. 46,949.50",BRD-AMT
T014463,26/10/2021,f01297,FPO_DELIVERY,soya,0.61 quintals,"Rs. 5,825/-","Rs. 3,553/-",BRD-AMT
T014464,18/06/2021,F01297,INPUT_PURCHASE,Urea,166 kg,Rs. 49/-,"Rs. 8,088/-",BRD-AMT
T014465,24/06/2021,F01297,Input Purchase,Hybrid Seeds,77 kg,Rs. 49/-,"Rs. 3,743/-",BRD-AMT
T014466,10/07/2021,F01297,input,Urea,275 kg,Rs. 59/-,"Rs. 16,327/-",BRD-AMT
T014467,02/08/2021,F01297,LOAN_REPAY,Loan Repayment,,,"Rs. 6,800/-",BRD-AMT
T016025,12/10/2021,F02220,DELIVERY,Soybean (Yellow),2.36 quintals,"Rs. 5,340/-","Rs. 12,602/-",BRD-AMT
T016026,09/11/2021,F02220,delivery,soya,16.08 quintals,"Rs. 5,340/-","Rs. 85,867/-",BRD-AMT
T016027,09/06/2021,F02220,input,PPC,87 kg,Rs. 263/-,"Rs. 22,868/-",BRD-AMT
T016028,10/07/2021,F02220,I,PPC,25 kg,Rs. 307/-,"Rs. 7,667/-",BRD-AMT
T016029,29/06/2021,F02220,input,Bio-pesticide,294 kgs,Rs. 279/-,"Rs. 82,158/-",BRD-AMT
T016030,02/07/2021,F02220,FERT_PURCHASE,PPC,273 kg,Rs. 253/-,"Rs. 69,085/-",BRD-AMT
T016047,21/11/2021,f02234,Delivery,soya,5.72 quintals,"Rs. 5,285/-","Rs. 30,230/-",BRD-AMT
T016048,05/07/2021,F02234,Input Purchase,FERTILIZER 50kg bag,143 kgs,Rs. 43/-,"Rs. 6,082/-",BRD-AMT
T016070,15/11/2021,F02244,FPO_DELIVERY,Soybean,32.8 qtl,"Rs. 5,045/-","Rs. 1,65,627/-",BRD-AMT
T016071,03/07/2021,F02244,FERT_PURCHASE,Hybrid Seeds,253 kg,Rs. 55/-,"Rs. 13,915/-",BRD-AMT
T016072,16/06/2021,F02244,Input Purchase,FERTILIZER 50kg bag,214 kg,Rs. 55/-,"Rs. 11,761/-",BRD-AMT
T016093,19/11/2021,F02252,DELIVERY,SOYABEAN,18.87 quintals,"Rs. 5,050/-","Rs. 95,293.50",BRD-AMT
T016094,04/07/2021,F02252,INPUT_PURCHASE,SEEDS,197 kgs,Rs. 62/-,"Rs. 12,141/-",BRD-AMT
T016095,09/06/2021,F02252,INPUT_PURCHASE,SEEDS,27 kg,Rs. 74/-,"Rs. 2,002/-",BRD-AMT
T016096,15/06/2021,F02252,L,Loan Repayment,,,"Rs. 1,300/-",BRD-AMT
T016101,30/11/2021,F02261,Delivery,SOYABEAN,16.98 q,"Rs. 5,400/-","Rs. 91,692/-",BRD-AMT
T016102,13/11/2021,f02261,D,Soybean (Yellow),12.24 q,"Rs. 5,400/-","Rs. 66,096/-",BRD-AMT
T016103,18/10/2021,F02261,DELIVERY,SOYABEAN,10.74 q,"Rs. 5,400/-","Rs. 57,996/-",BRD-AMT
T016104,18/06/2021,F02261,Input Purchase,NPK 10:26:26,75 kgs,Rs. 49/-,"Rs. 3,638/-",BRD-AMT
T016105,07/06/2021,F02261,INPUT_PURCHASE,NPK 10:26:26,218 kg,Rs. 32/-,"Rs. 7,028/-",BRD-AMT
T016178,20/11/2021,F02299,FPO_DELIVERY,SOYABEAN,9.4 qtl,"Rs. 5,235/-","Rs. 49,052/-",BRD-AMT
T016179,07/06/2021,F02299,Input Purchase,Seeds,161 kgs,Rs. 127/-,"Rs. 20,503/-",BRD-AMT
T016180,14/06/2021,F02299,I,Hybrid Seeds,176 kg,Rs. 67/-,"Rs. 11,799/-",BRD-AMT
T016196,30/11/2021,F02305,delivery,SOYABEAN,4.12 quintals,"Rs. 5,365/-","Rs. 22,104/-",BRD-AMT
T016197,17/10/2021,F02305,DELIVERY,Soybean,9.9 qtl,"Rs. 5,365/-","Rs. 52,953/-",BRD-AMT
T016198,13/10/2021,F02305,DELIVERY,soya,0.58 quintals,"Rs. 5,365/-","Rs. 3,112/-",BRD-AMT
T016199,30/06/2021,F02305,INPUT_PURCHASE,Urea,186 kg,Rs. 40/-,"Rs. 7,459/-",BRD-AMT
T016200,20/06/2021,F02305,I,Urea,191 kgs,Rs. 55/-,"Rs. 10,578/-",BRD-AMT
T016213,02/10/2021,F02309,delivery,Soybean,4.4 qtl,"Rs. 5,285/-","Rs. 23,095/-",BRD-AMT
T016214,01/11/2021,F02309,D,Soybean (Yellow),5.73 q,"Rs. 5,285/-","Rs. 30,283/-",BRD-AMT
T016215,11/07/2021,F02309,INPUT_PURCHASE,NPK 10:26:26,230 kgs,Rs. 35/-,"Rs. 8,025/-",BRD-AMT
T016216,11/06/2021,F02309,FERT_PURCHASE,Urea,207 kg,Rs. 56/-,"Rs. 11,551/-",BRD-AMT
T016261,08/11/2021,F02333,Delivery,SOYABEAN,2.19 quintals,"Rs. 5,315/-","Rs. 11,640/-",BRD-AMT
T016262,09/10/2021,F02333,delivery,Soybean,4.3 qtl,"Rs. 5,315/-","Rs. 23,120/-",BRD-AMT
T016361,15/10/2021,F02375,D,Soybean (Yellow),6.07 q,"Rs. 5,455/-","Rs. 33,112/-",BRD-AMT
T016362,02/06/2021,F02375,I,DAP,291 kgs,Rs. 28/-,"Rs. 8,206/-",BRD-AMT
T016363,27/06/2021,F02375,INPUT_PURCHASE,NPK 10:26:26,93 kgs,Rs. 34/-,"Rs. 3,151/-",BRD-AMT
T016364,05/06/2021,F02375,I,Urea,166 kgs,Rs. 56/-,"Rs. 9,231/-",BRD-AMT
T016365,12/06/2021,f02375,LOAN_REPAY,Loan Repayment,,,"Rs. 1,100/-",BRD-AMT
T016366,08/11/2021,F02375,loan,Loan Repayment,,,"Rs. 3,100/-",BRD-AMT
T016376,26/10/2021,F02379,DELIVERY,SOYABEAN,1.18 quintals,"Rs. 5,570/-","Rs. 6,573/-",BRD-AMT
T016377,31/10/2021,F02379,DELIVERY,soya,4.00 quintals,"Rs. 5,570/-","Rs. 22,280/-",BRD-AMT
T016378,07/09/2021,F02379,L,EMI,,,"Rs. 6,900/-",BRD-AMT
T016379,27/06/2021,F02379,L,EMI,,,"Rs. 6,700/-",BRD-AMT
T016380,21/08/2021,F02379,L,Loan Repayment,,,"Rs. 5,700/-",BRD-AMT
T016381,01/07/2021, F02379 ,Loan Repayment,Loan Repayment,,,"Rs. 2,400/-",BRD-AMT
T016385,26/11/2021,F02381,FPO_DELIVERY,Soybean,5.9 qtl,"Rs. 5,300/-","Rs. 31,376/-",BRD-AMT
T016412,17/10/2021,F02390,D,SOYABEAN,5.2 qtl,"Rs. 5,020/-","Rs. 26,355/-",BRD-AMT
T016413,13/07/2021,F02390,input,Urea,203 kgs,Rs. 58/-,"Rs. 11,815/-",BRD-AMT
T016846,04/03/2022,F01155,D,Lokwan Wheat,6.8 qtl,"Rs. 2,570/-","Rs. 17,425/-",BRD-AMT
T016847,28/03/2022,f01155,Delivery,Wheat,2.01 q,"Rs. 2,570/-","Rs. 5,166/-",BRD-AMT
T016848,15/01/2022,F01155,I,Hybrid Seeds,,Rs. 76/-,"Rs. 5,295/-",BRD-AMT
T016849,18/03/2022,,Delivery,wheat,24.9 qtl,"Rs. 2,685/-","Rs. 66,991/-",BRD-AMT
T016850,17/12/2021,F01158,Input Purchase,Fertilizer,125 kgs,Rs. 32/-,"Rs. 4,031/-",BRD-AMT
T016851,07/01/2022,F01158,input,DAP,276 kgs,Rs. 47/-,"Rs. 12,986/-",BRD-AMT
T016852,05/01/2022, F01158 ,Input Purchase,NPK 10:26:26,149 kgs,Rs. 34/-,"Rs. 4,994/-",BRD-AMT
T016853,18/04/2022,F01160,Delivery,Wheat,14.38 quintals,"Rs. 2,605/-","Rs. 37,460/-",BRD-AMT
T016854,29/03/2022,F01160,Delivery,WHEAT,15.66 q,"Rs. 2,605/-","Rs. 40,794/-",BRD-AMT
T016855,19/12/2021,F01160,INPUT_PURCHASE,NPK 10:26:26,115 kg,Rs. 37/-,"Rs. 4,302/-",BRD-AMT
T016856,11/12/2021,F01160,FERT_PURCHASE,Urea,252 kg,Rs. 47/-,"Rs. 11,836/-",BRD-AMT
T016857,21/12/2021,F01160,input,Fertilizer,107 kgs,Rs. 45/-,"Rs. 4,840/-",BRD-AMT
T016858,23/03/2022,f01163,delivery,Lokwan Wheat,63.72 q,"Rs. 2,500/-","Rs. 1,59,300/-",BRD-AMT
T016859,30/04/2022,F01163,FPO_DELIVERY,wheat,3.2 qtl,"Rs. 2,500/-","Rs. 7,900/-",BRD-AMT
T016860,12/12/2021,F01163,Input Purchase,PPC,238 kgs,Rs. 365/-,"Rs. 86,784/-",BRD-AMT
T016861,03/03/2022,F01164,delivery,Wheat,54.2 qtl,"Rs. 2,425/-","Rs. 1,31,362/-",BRD-AMT
T016862,24/12/2021,F01164,input,Seeds,295 kg,Rs. 105/-,"Rs. 30,884/-",BRD-AMT
T016863,12/04/2022,F01165,delivery,Wheat (Durum),46.8 qtl,"Rs. 2,405/-","Rs. 1,12,578/-",BRD-AMT
T016864,21/04/2022,f01165,D,Lokwan Wheat,5.65 q,"Rs. 2,405/-","Rs. 13,588/-",BRD-AMT
T016865,04/12/2021,F01165,Input Purchase,Urea,282 kg,Rs. 32/-,"Rs. 8,891/-",BRD-AMT
T016866,17/12/2021,F01165,INPUT_PURCHASE,Hybrid Seeds,223 kgs,Rs. 111/-,"Rs. 24,802/-",BRD-AMT
T016867,20/12/2021,F01165,input,FERTILIZER 50kg bag,183 kgs,Rs. 51.50,"Rs. 9,424.50",BRD-AMT
T016868,21/03/2022,F01169,D,Wheat,21.5 qtl,"Rs. 2,335/-","Rs. 50,132/-",BRD-AMT
T016869,08/04/2022,F01169,D,Lokwan Wheat,23.32 q,"Rs. 2,335/-","Rs. 54,452/-",BRD-AMT
T016870,15/04/2022,F01170,FPO_DELIVERY,Wheat,2.07 quintals,"Rs. 2,485/-","Rs. 5,144/-",BRD-AMT
T016871,10/04/2022,F01170,FPO_DELIVERY,WHEAT,24.49 quintals,"Rs. 2,485/-","Rs. 60,858/-",BRD-AMT
T016872,09/04/2022,F01170,delivery,Wheat,10.85 quintals,"Rs. 2,485/-","Rs. 26,962/-",BRD-AMT
T016873,07/01/2022,F01170,Input Purchase,Seeds,300 kgs,Rs. 61/-,"Rs. 18,285/-",BRD-AMT
T016874,27/04/2022,F01171,delivery,WHEAT,22.7 qtl,"Rs. 2,370/-","Rs. 53,799/-",BRD-AMT
T016875,15/03/2022,F01171,delivery,Wheat (Durum),2.1 qtl,"Rs. 2,370/-","Rs. 4,930/-",BRD-AMT
T016876,31/03/2022,F01171,D,GRAM (Chana),0.99 quintals,"Rs. 6,045/-","Rs. 5,985/-",BRD-AMT
T016877,16/04/2022,F01171,DELIVERY,Gram,6.1 qtl,"Rs. 6,045/-","Rs. 36,754/-",BRD-AMT
T016878,29/03/2022,F01176,Delivery,Wheat,13.37 quintals,"Rs. 2,610/-","Rs. 34,896/-",BRD-AMT
T016879,09/12/2021, F01176 ,I,FERTILIZER 50kg bag,151 kgs,Rs. 45/-,"Rs. 6,858/-",BRD-AMT
T016880,08/03/2022,F01179,D,Lokwan Wheat,22.48 q,"Rs. 2,590/-","Rs. 58,223/-",BRD-AMT
T016881,24/04/2022,F01179,delivery,Lokwan Wheat,27.6 qtl,"Rs. 2,590/-","Rs. 71,484/-",BRD-AMT
T016882,11/05/2022,F01179,D,GRAM (Chana),2.49 quintals,"Rs. 6,090/-","Rs. 15,164/-",BRD-AMT
T016883,17/03/2022,F01179,DELIVERY,Bengal Gram,16.21 q,"Rs. 6,090/-","Rs. 98,719/-",BRD-AMT
T016884,03/01/2022,F01179,INPUT_PURCHASE,Hybrid Seeds,305 kgs,Rs. 59/-,"Rs. 17,891/-",BRD-AMT
T016885,10/12/2021,F01179,I,Bio-pesticide,,Rs. 439/-,"Rs. 1,24,339/-",BRD-AMT
T016886,02/01/2022,F01179,FERT_PURCHASE,DAP,250 kg,Rs. 33/-,"Rs. 8,217.50",BRD-AMT
T016887,20/12/2021,F01179,FERT_PURCHASE,Hybrid Seeds,209 kgs,Rs. 73/-,"Rs. 15,282/-",BRD-AMT
T016888,08/04/2022,F01191,DELIVERY,WHEAT,20.5 qtl,"Rs. 2,535/-","Rs. 52,044/-",BRD-AMT
T016889,27/12/2021,F01191,INPUT_PURCHASE,DAP,104 kg,Rs. 46/-,"Rs. 4,736/-",BRD-AMT
T016890,08/01/2022,F01191,Input Purchase,DAP,252 kgs,Rs. 37/-,"Rs. 9,316/-",BRD-AMT
T016891,04/05/2022,F01193,Delivery,wheat,15.22 q,"Rs. 2,420/-","Rs. 36,832/-",BRD-AMT
T016892,04/05/2022,f01193,delivery,Wheat (Durum),62.33 q,"Rs. 2,420/-","Rs. 1,50,839/-",BRD-AMT
T016893,19/04/2022,f01193,Delivery,Gram,25.55 quintals,"Rs. 6,245/-","Rs. 1,59,560/-",BRD-AMT
T016894,28/12/2021,F01193,Input Purchase,Urea,47 kg,Rs. 50/-,"Rs. 2,351/-",BRD-AMT
T016895,19/04/2022,F01197,D,WHEAT,9.01 q,"Rs. 2,460/-","Rs. 22,165/-",BRD-AMT
T016896,13/03/2022,F01197,FPO_DELIVERY,Wheat (Durum),2.6 qtl,"Rs. 2,460/-","Rs. 6,396/-",BRD-AMT
T016897,29/04/2022,F01197,delivery,wheat,4.49 quintals,"Rs. 2,460/-","Rs. 11,045/-",BRD-AMT
T016898,04/01/2022,F01197,input,SEEDS,163 kg,Rs. 105/-,"Rs. 17,078/-",BRD-AMT
T016899,03/12/2021,F01197,I,SEEDS,301 kgs,Rs. 118/-,"Rs. 35,578/-",BRD-AMT
T016900,13/02/2022,F01197,loan,EMI,,,"Rs. 6,500/-",BRD-AMT
T016901,01/02/2022,F01197,L,EMI,,,"Rs. 2,900/-",BRD-AMT
T016902,31/03/2022,F01197,Loan Repayment,EMI,,,"Rs. 2,800/-",BRD-AMT
T016903,01/03/2022,F01199,DELIVERY,Lokwan Wheat,43.6 qtl,"Rs. 2,705/-","Rs. 1,17,884/-",BRD-AMT
T016904,10/01/2022,F01199,I,Seeds,136 kg,Rs. 82/-,"Rs. 11,155/-",BRD-AMT
T016905,22/12/2021,F01199,Input Purchase,DAP,302 kgs,Rs. 56/-,"Rs. 16,840/-",BRD-AMT
T016906,11/05/2022,F01200,delivery,wheat,2.2 qtl,"Rs. 2,605/-","Rs. 5,653/-",BRD-AMT
T016907,11/04/2022,F01200,D,Wheat,17.36 q,"Rs. 2,605/-","Rs. 45,223/-",BRD-AMT
T016908,11/12/2021, F01200 ,Input Purchase,DAP,84 kgs,Rs. 32/-,"Rs. 2,659/-",BRD-AMT
T016909,19/03/2022,F01202,D,Lokwan Wheat,60.0 qtl,"Rs. 2,400/-","Rs. 1,43,976/-",BRD-AMT
T016910,15/03/2022,F01202,Delivery,WHEAT,3.27 q,"Rs. 2,400/-","Rs. 7,848/-",BRD-AMT
T016911,05/12/2021,F01202,I,Bio-pesticide,246 kg,Rs. 143/-,"Rs. 35,244/-",BRD-AMT
T016912,17/12/2021,f01202,Input Purchase,FERTILIZER 50kg bag,280 kg,Rs. 42/-,"Rs. 11,743/-",BRD-AMT
T016913,13/12/2021,f01202,loan,EMI,,,"Rs. 6,000/-",BRD-AMT
T016914,20/05/2022,F01202,Loan Repayment,Loan Repayment,,,"Rs. 7,700/-",BRD-AMT
T016915,06/05/2022,F01203,D,wheat,28.97 quintals,"Rs. 2,480/-","Rs. 71,846/-",BRD-AMT
T016916,08/05/2022,F01203,DELIVERY,wheat,3.99 q,"Rs. 2,480/-","Rs. 9,895/-",BRD-AMT
T016917,11/05/2022,F01207,D,Wheat,40.9 qtl,"Rs. 2,675/-","Rs. 1,09,354/-",BRD-AMT
T016918,28/12/2021,F01207,I,Urea,203 kg,Rs. 56/-,"Rs. 11,392/-",BRD-AMT
T016919,26/12/2021,F01207,INPUT_PURCHASE,PPC,266 kgs,Rs. 661/-,"Rs. 1,75,834/-",BRD-AMT
T016920,28/04/2022,F01207,LOAN_REPAY,Loan Repayment,,,"Rs. 6,200/-",BRD-AMT
T016921,25/04/2022, F01211 ,delivery,Lokwan Wheat,30.2 qtl,"Rs. 2,385/-","Rs. 72,122/-",BRD-AMT
T016922,02/03/2022,F01211,DELIVERY,Wheat,1.32 quintals,"Rs. 2,385/-","Rs. 3,148/-",BRD-AMT
T016923,15/05/2022, F01211 ,Delivery,wheat,16.4 qtl,"Rs. 2,385/-","Rs. 39,019/-",BRD-AMT
T016924,27/03/2022, F01211 ,Delivery,GRAM (Chana),18.3 qtl,"Rs. 6,525/-","Rs. 1,19,277/-",BRD-AMT
T016925,23/03/2022,F01216,FPO_DELIVERY,Wheat (Durum),10.6 qtl,"Rs. 2,555/-","Rs. 27,134/-",BRD-AMT
T016926,15/03/2022,f01216,D,Wheat,25.10 q,"Rs. 2,555/-","Rs. 64,130.50",BRD-AMT
T016927,08/12/2021,F01216,Input Purchase,PPC,145 kg,Rs. 491/-,"Rs. 71,136/-",BRD-AMT
T016928,19/12/2021,F01216,I,Fertilizer,287 kgs,Rs. 56/-,"Rs. 16,095/-",BRD-AMT
T016929,12/01/2022,F01216,Input Purchase,SEEDS,238 kgs,Rs. 104/-,"Rs. 24,826/-",BRD-AMT
T016930,02/04/2022,F01219,D,Lokwan Wheat,19.6 qtl,"Rs. 2,540/-","Rs. 49,657/-",BRD-AMT
T016931,27/03/2022,F01219,Delivery,Wheat (Durum),11.54 q,"Rs. 2,540/-","Rs. 29,312/-",BRD-AMT
T016932,12/01/2022,F01219,Input Purchase,NPK 10:26:26,223 kg,Rs. 59/-,"Rs. 13,110/-",BRD-AMT
T016933,05/01/2022,F01219,Input Purchase,Fertilizer,34 kg,Rs. 29/-,"Rs. 1,003/-",BRD-AMT
T016934,07/01/2022,F01219,FERT_PURCHASE,FERTILIZER 50kg bag,253 kgs,Rs. 49/-,"Rs. 12,491/-",BRD-AMT
T016935,10/12/2021,F01219,FERT_PURCHASE,SEEDS,28 kgs,Rs. 94/-,"Rs. 2,628/-",BRD-AMT
T016936,04/12/2021,F01219,Input Purchase,Fertilizer,250 kg,Rs. 44/-,"Rs. 10,920/-",BRD-AMT
T016937,31/12/2021,f01219,input,FERTILIZER 50kg bag,142 kgs,Rs. 45/-,"Rs. 6,360/-",BRD-AMT
T016938,13/12/2021,F01219,L,Loan Repayment,,,"Rs. 1,000/-",BRD-AMT
T016939,13/04/2022,F01223,delivery,wheat,10.0 qtl,"Rs. 2,560/-","Rs. 25,626/-",BRD-AMT
T016940,11/05/2022,F01223,FPO_DELIVERY,Wheat,66.3 qtl,"Rs. 2,560/-","Rs. 1,69,856/-",BRD-AMT
T016941,15/05/2022,F01223,DELIVERY,wheat,46.9 qtl,"Rs. 2,560/-","Rs. 1,20,115/-",BRD-AMT
T016942,13/03/2022,F01223,delivery,GRAM (Chana),47.17 q,"Rs. 6,465/-","Rs. 3,04,954/-",BRD-AMT
T016943,12/12/2021,F01223,FERT_PURCHASE,Urea,127 kg,Rs. 58/-,"Rs. 7,344/-",BRD-AMT
T016944,12/04/2022,F01225,Delivery,Wheat (Durum),5.91 q,"Rs. 2,595/-","Rs. 15,336/-",BRD-AMT
T016945,09/05/2022,F01225,D,WHEAT,17.21 q,"Rs. 2,595/-","Rs. 44,660/-",BRD-AMT
T016946,15/03/2022,F01226,Delivery,Wheat (Durum),0.56 quintals,"Rs. 2,505/-","Rs. 1,403/-",BRD-AMT
T016947,28/03/2022,F01226,FPO_DELIVERY,WHEAT,26.2 qtl,"Rs. 2,505/-","Rs. 65,756/-",BRD-AMT
T016948,29/12/2021,F01226,input,Seeds,300 kgs,Rs. 72/-,"Rs. 21,693/-",BRD-AMT
T016949,26/03/2022,F01227,D,wheat,31.23 q,"Rs. 2,450/-","Rs. 76,513.50",BRD-AMT
T016950,29/03/2022,F01227,D,Wheat (Durum),9.3 qtl,"Rs. 2,450/-","Rs. 22,785/-",BRD-AMT
T016951,17/04/2022,F01227,Delivery,chana,7.46 quintals,"Rs. 6,790/-","Rs. 50,653/-",BRD-AMT
T016952,11/03/2022,F01227,delivery,GRAM (Chana),8.69 q,"Rs. 6,790/-","Rs. 59,005/-",BRD-AMT
T016953,09/01/2022, F01227 ,FERT_PURCHASE,Seeds,89 kgs,Rs. 100/-,"Rs. 8,912/-",BRD-AMT
T016954,01/12/2021,F01227,I,PPC,272 kgs,Rs. 352/-,"Rs. 95,739/-",BRD-AMT
T016955,20/01/2022,f01227,L,Loan Repayment,,,"Rs. 5,100/-",BRD-AMT
T016956,09/03/2022,F01228,Delivery,Lokwan Wheat,6.91 q,"Rs. 2,525/-","Rs. 17,448/-",BRD-AMT
T016957,12/05/2022,F01228,DELIVERY,wheat,3.95 quintals,"Rs. 2,525/-","Rs. 9,974/-",BRD-AMT
T016958,05/03/2022,f01235,delivery,WHEAT,22.39 q,"Rs. 2,335/-","Rs. 52,281/-",BRD-AMT
T016959,10/03/2022,F01236,FPO_DELIVERY,wheat,47.5 qtl,"Rs. 2,530/-","Rs. 1,20,301.50",BRD-AMT
T016960,12/03/2022,f01236,D,GRAM (Chana),6.1 qtl,"Rs. 6,270/-","Rs. 38,372/-",BRD-AMT
T016961,06/05/2022,F01236,D,Gram,11.9 qtl,"Rs. 6,270/-","Rs. 74,613/-",BRD-AMT
T016962,12/12/2021,F01236,INPUT_PURCHASE,FERTILIZER 50kg bag,135 kg,Rs. 45/-,"Rs. 6,033/-",BRD-AMT
T016963,18/04/2022,F01238,delivery,Wheat,10.32 q,"Rs. 2,405/-","Rs. 24,820/-",BRD-AMT
T016964,13/05/2022,f01238,delivery,Lokwan Wheat,4.04 q,"Rs. 2,405/-","Rs. 9,716/-",BRD-AMT
T016965,23/12/2021,F01238,FERT_PURCHASE,PPC,197 kgs,Rs. 202/-,"Rs. 39,731/-",BRD-AMT
T016966,06/01/2022,F01238,LOAN_REPAY,EMI,,,"Rs. 6,100/-",BRD-AMT
T016967,19/03/2022,F01241,DELIVERY,Lokwan Wheat,6.5 qtl,"Rs. 2,355/-","Rs. 15,355/-",BRD-AMT
T016968,09/05/2022, F01241 ,D,wheat,20.66 q,"Rs. 2,355/-","Rs. 48,654/-",BRD-AMT
T016969,13/02/2022,f01241,loan,Loan Repayment,,,"Rs. 3,900/-",BRD-AMT
T016970,17/04/2022,F01241,loan,Loan Repayment,,,"Rs. 7,900/-",BRD-AMT
T016971,28/03/2022,F01246,delivery,wheat,2.77 q,"Rs. 2,440/-","Rs. 6,759/-",BRD-AMT
T016972,03/04/2022,f01246,Delivery,wheat,36.8 qtl,"Rs. 2,440/-","Rs. 89,816/-",BRD-AMT
T016973,12/03/2022,f01246,Delivery,Bengal Gram,8.92 quintals,"Rs. 6,185/-","Rs. 55,170/-",BRD-AMT
T016974,15/05/2022,F01246,Delivery,Bengal Gram,3.94 quintals,"Rs. 6,185/-","Rs. 24,369/-",BRD-AMT
T016975,04/04/2022,f01249,Delivery,WHEAT,39.24 q,"Rs. 2,505/-","Rs. 98,296/-",BRD-AMT
T016976,16/03/2022,F01249,Delivery,Bengal Gram,9.2 qtl,"Rs. 6,325/-","Rs. 57,874/-",BRD-AMT
T016977,01/05/2022,F01249,DELIVERY,GRAM (Chana),4.28 q,"Rs. 6,325/-","Rs. 27,071/-",BRD-AMT
T016978,07/12/2021,F01249,FERT_PURCHASE,DAP,161 kg,Rs. 48/-,"Rs. 7,660/-",BRD-AMT
T016979,01/12/2021,F01249,I,SEEDS,290 kgs,Rs. 104/-,"Rs. 30,082/-",BRD-AMT
T016980,04/05/2022,F01263,FPO_DELIVERY,WHEAT,25.44 quintals,"Rs. 2,555/-","Rs. 64,999/-",BRD-AMT
T016981,21/03/2022,F01263,delivery,Wheat (Durum),6.30 q,"Rs. 2,555/-","Rs. 16,096.50",BRD-AMT
T016982,28/04/2022, F01263 ,D,Gram,4.54 quintals,"Rs. 6,690/-","Rs. 30,373/-",BRD-AMT
T016983,06/05/2022,f01263,D,GRAM (Chana),7.72 q,"Rs. 6,690/-","Rs. 51,647/-",BRD-AMT
T016984,03/01/2022,F01263,I,Fertilizer,32 kgs,Rs. 40/-,"Rs. 1,281/-",BRD-AMT
T016985,22/12/2021,F01263,input,SEEDS,279 kg,Rs. 91/-,"Rs. 25,501/-",BRD-AMT
T016986,20/12/2021,F01263,input,NPK 10:26:26,110 kgs,Rs. 31/-,"Rs. 3,357/-",BRD-AMT
T016987,01/12/2021,F01263,Input Purchase,DAP,279 kg,Rs. 33/-,"Rs. 9,305/-",BRD-AMT
T016988,18/03/2022,F01264,FPO_DELIVERY,Wheat,9.86 quintals,"Rs. 2,460/-","Rs. 24,256/-",BRD-AMT
T016989,12/05/2022,F01264,Delivery,Wheat,11.21 q,"Rs. 2,460/-","Rs. 27,577/-",BRD-AMT
T016990,31/12/2021,f01264,FERT_PURCHASE,PPC,128 kg,Rs. 223/-,"Rs. 28,521/-",BRD-AMT
T016991,05/03/2022,F01274,delivery,WHEAT,16.65 quintals,"Rs. 2,370/-","Rs. 39,460.50",BRD-AMT
T016992,05/04/2022, F01274 ,D,wheat,2.88 q,"Rs. 2,370/-","Rs. 6,826/-",BRD-AMT
T016993,04/01/2022,F01274,INPUT_PURCHASE,Urea,77 kg,Rs. 30/-,"Rs. 2,322/-",BRD-AMT
T016994,21/12/2021,F01274,FERT_PURCHASE,Hybrid Seeds,233 kg,Rs. 104/-,"Rs. 24,244/-",BRD-AMT
T016995,09/05/2022,F01275,delivery,wheat,17.40 quintals,"Rs. 2,360/-","Rs. 41,064/-",BRD-AMT
T016996,14/04/2022,f01275,D,chana,6.57 quintals,"Rs. 6,830/-","Rs. 44,873/-",BRD-AMT
T016997,01/01/2022,F01275,FERT_PURCHASE,Bio-pesticide,267 kgs,Rs. 472/-,"Rs. 1,25,901/-",BRD-AMT
T016998,31/12/2021,F01275,I,Seeds,60 kg,Rs. 87/-,"Rs. 5,191/-",BRD-AMT
T016999,14/04/2022,F01276,delivery,Wheat (Durum),23.9 qtl,"Rs. 2,490/-","Rs. 59,386.50",BRD-AMT
T017000,19/04/2022,F01276,delivery,Gram,3.67 quintals,"Rs. 6,465/-","Rs. 23,727/-",BRD-AMT
T017001,07/03/2022,F01276,FPO_DELIVERY,chana,6.09 quintals,"Rs. 6,465/-","Rs. 39,372/-",BRD-AMT
T017002,12/01/2022,F01276,INPUT_PURCHASE,Fertilizer,145 kg,Rs. 48/-,"Rs. 6,982/-",BRD-AMT
T017003,24/05/2022,F01276,loan,Loan Repayment,,,"Rs. 7,500/-",BRD-AMT
T017004,24/01/2022,F01276,LOAN_REPAY,Loan Repayment,,,"Rs. 1,000/-",BRD-AMT
T017005,10/05/2022,F01280,DELIVERY,wheat,33.1 qtl,"Rs. 2,490/-","Rs. 82,444/-",BRD-AMT
T017006,11/05/2022,F01280,DELIVERY,WHEAT,18.4 qtl,"Rs. 2,490/-","Rs. 45,691.50",BRD-AMT
T017007,16/04/2022,F01280,D,wheat,17.04 q,"Rs. 2,490/-","Rs. 42,430/-",BRD-AMT
T017008,09/03/2022,F01280,DELIVERY,Gram,2.3 qtl,"Rs. 6,325/-","Rs. 14,421/-",BRD-AMT
T017009,01/04/2022,F01280,DELIVERY,GRAM (Chana),8.91 quintals,"Rs. 6,325/-","Rs. 56,356/-",BRD-AMT
T017010,11/03/2022,F01280,FPO_DELIVERY,Bengal Gram,11.8 qtl,"Rs. 6,325/-","Rs. 74,319/-",BRD-AMT
T017011,25/12/2021,F01280,Input Purchase,Seeds,211 kg,Rs. 110/-,"Rs. 23,189/-",BRD-AMT
T017012,10/03/2022,F01283,D,Lokwan Wheat,11.3 qtl,"Rs. 2,460/-","Rs. 27,872/-",BRD-AMT
T017013,07/03/2022,F01283,DELIVERY,Bengal Gram,1.6 qtl,"Rs. 6,115/-","Rs. 9,601/-",BRD-AMT
T017014,07/05/2022,f01283,D,chana,2.43 q,"Rs. 6,115/-","Rs. 14,859/-",BRD-AMT
T017015,16/12/2021,F01283,I,Fertilizer,53 kg,Rs. 36/-,"Rs. 1,888/-",BRD-AMT
T017016,04/01/2022,F01283,INPUT_PURCHASE,Seeds,52 kg,Rs. 79/-,"Rs. 4,118/-",BRD-AMT
T017017,06/01/2022,F01283,Input Purchase,Urea,287 kgs,Rs. 56/-,"Rs. 16,170/-",BRD-AMT
T017018,01/04/2022, F01285 ,delivery,Wheat (Durum),41.3 qtl,"Rs. 2,405/-","Rs. 99,423/-",BRD-AMT
T017019,24/12/2021,f01285,FERT_PURCHASE,SEEDS,129 kg,Rs. 48/-,"Rs. 6,130/-",BRD-AMT
T017020,06/12/2021,F01285,I,Fertilizer,252 kgs,Rs. 41/-,"Rs. 10,282/-",BRD-AMT
T017021,03/05/2022,F01288,Delivery,Wheat,46.94 q,"Rs. 2,455/-","Rs. 1,15,238/-",BRD-AMT
T017022,28/02/2022,f01288,LOAN_REPAY,EMI,,,"Rs. 1,300/-",BRD-AMT
T017023,17/05/2022,f01288,LOAN_REPAY,EMI,,,"Rs. 2,500/-",BRD-AMT
T017024,07/03/2022,F01292,delivery,Lokwan Wheat,94.16 quintals,"Rs. 2,550/-","Rs. 2,40,108/-",BRD-AMT
T017025,32/01/2022,F01292,DELIVERY,WHEAT,7.23 q,"Rs. 2,550/-","Rs. 18,436.50",BRD-AMT
T017026,06/03/2022,F01292,Delivery,Gram,35.3 qtl,"Rs. 6,460/-","Rs. 2,27,909/-",BRD-AMT
T017027,10/03/2022,F01293,D,Wheat,29.2 qtl,"Rs. 2,405/-","Rs. 70,202/-",BRD-AMT
T017028,01/12/2021,F01293,INPUT_PURCHASE,Seeds,76 kgs,Rs. 63/-,"Rs. 4,777/-",BRD-AMT
T017029,22/04/2022,F01293,LOAN_REPAY,Loan Repayment,,,"Rs. 2,600/-",BRD-AMT
T017030,19/04/2022,f01296,FPO_DELIVERY,Wheat (Durum),8.07 q,"Rs. 2,610/-","Rs. 21,063/-",BRD-AMT
T017031,12/05/2022,F01296,Delivery,Lokwan Wheat,38.1 qtl,"Rs. 2,610/-","Rs. 99,441/-",BRD-AMT
T017032,10/04/2022,F01296,D,GRAM (Chana),10.44 quintals,"Rs. 6,115/-","Rs. 63,841/-",BRD-AMT
T017033,25/03/2022,F01296,delivery,GRAM (Chana),4.92 q,"Rs. 6,115/-","Rs. 30,086/-",BRD-AMT
T017034,21/12/2021,F01296,Input Purchase,SEEDS,295 kgs,Rs. 58/-,"Rs. 17,137/-",BRD-AMT
T017035,04/04/2022,F01297,Delivery,WHEAT,7.2 qtl,"Rs. 2,575/-","Rs. 18,566/-",BRD-AMT
T017036,01/03/2022,F01297,FPO_DELIVERY,wheat,10.68 quintals,"Rs. 2,575/-","Rs. 27,501/-",BRD-AMT
T017037,03/03/2022,f01297,loan,EMI,,,"Rs. 5,600/-",BRD-AMT
T017038,01/03/2022,F01297,LOAN_REPAY,Loan Repayment,,,"Rs. 7,500/-",BRD-AMT
T017039,31/12/2021,F01297,Loan Repayment,EMI,,,"Rs. 3,500/-",BRD-AMT
T017040,28/05/2022,f01297,Loan Repayment,EMI,,,"Rs. 7,200/-",BRD-AMT
T017041,13/05/2022,F01297,L,EMI,,,"Rs. 7,300/-",BRD-AMT
T018601,05/04/2022,F02220,Delivery,Wheat (Durum),7.51 q,"Rs. 2,530/-","Rs. 19,000/-",BRD-AMT
T018602,06/03/2022,F02220,Delivery,Lokwan Wheat,5.2 qtl,"Rs. 2,530/-","Rs. 13,232/-",BRD-AMT
T018603,04/05/2022,F02220,D,Wheat (Durum),27.72 q,"Rs. 2,530/-","Rs. 70,132/-",BRD-AMT
T018604,23/12/2021,f02220,INPUT_PURCHASE,PPC,137 kg,Rs. 452/-,"Rs. 61,946/-",BRD-AMT
T018632,30/03/2022,f02234,FPO_DELIVERY,Wheat,6.9 qtl,"Rs. 2,620/-","Rs. 18,078/-",BRD-AMT
T018633,15/05/2022,F02234,Delivery,Wheat (Durum),3.54 q,"Rs. 2,620/-","Rs. 9,275/-",BRD-AMT
T018647,30/04/2022,F02244,D,Wheat (Durum),12.67 q,"Rs. 2,435/-","Rs. 30,851/-",BRD-AMT
T018648,21/04/2022,F02244,D,Wheat (Durum),8.43 quintals,"Rs. 2,435/-","Rs. 20,527/-",BRD-AMT
T018649,10/03/2022,F02244,DELIVERY,Wheat,50.01 q,"Rs. 2,435/-","Rs. 1,21,774/-",BRD-AMT
T018650,08/01/2022,F02244,I,FERTILIZER 50kg bag,206 kg,Rs. 48/-,"Rs. 9,878/-",BRD-AMT
T018651,28/12/2021,F02244,FERT_PURCHASE,Hybrid Seeds,293 kg,Rs. 126/-,"Rs. 36,848/-",BRD-AMT
T018664,07/04/2022,F02252,FPO_DELIVERY,WHEAT,24.0 qtl,"Rs. 2,685/-","Rs. 64,521/-",BRD-AMT
T018665,21/03/2022,F02252,delivery,Lokwan Wheat,13.9 qtl,"Rs. 2,685/-","Rs. 37,241/-",BRD-AMT
T018666,14/12/2021,F02252,INPUT_PURCHASE,FERTILIZER 50kg bag,289 kgs,Rs. 43/-,"Rs. 12,421/-",BRD-AMT
T018667,20/04/2022,F02261,Delivery,Wheat (Durum),64.8 qtl,"Rs. 2,410/-","Rs. 1,56,120/-",BRD-AMT
T018668,29/12/2021,F02261,Input Purchase,Seeds,143 kg,Rs. 51/-,"Rs. 7,269/-",BRD-AMT
T018745,17/03/2022,F02299,delivery,Lokwan Wheat,15.8 qtl,"Rs. 2,560/-","Rs. 40,320/-",BRD-AMT
T018746,06/05/2022,F02299,Delivery,WHEAT,0.7 qtl,"Rs. 2,560/-","Rs. 1,792/-",BRD-AMT
T018747,18/04/2022,F02299,D,Lokwan Wheat,3.7 qtl,"Rs. 2,560/-","Rs. 9,498/-",BRD-AMT
T018765,10/03/2022,f02305,FPO_DELIVERY,Wheat,37.52 q,"Rs. 2,315/-","Rs. 86,859/-",BRD-AMT
T018766,22/12/2021,F02305,input,Hybrid Seeds,89 kgs,Rs. 81/-,"Rs. 7,182/-",BRD-AMT
T018767,11/01/2022,F02305,Input Purchase,Seeds,318 kg,Rs. 88/-,"Rs. 28,044/-",BRD-AMT
T018768,22/12/2021,F02305,input,NPK 10:26:26,171 kg,Rs. 49/-,"Rs. 8,386/-",BRD-AMT
T018782,07/03/2022,F02309,Delivery,Wheat,23.3 qtl,"Rs. 2,585/-","Rs. 60,127/-",BRD-AMT
T018818,28/03/2022,F02333,delivery,WHEAT,9.28 quintals,"Rs. 2,685/-","Rs. 24,917/-",BRD-AMT
T018819,06/04/2022,f02333,delivery,Wheat (Durum),5.81 quintals,"Rs. 2,685/-","Rs. 15,600/-",BRD-AMT
T018820,14/12/2021, F02333 ,Input Purchase,NPK 10:26:26,110 kgs,Rs. 45/-,"Rs. 4,938/-",BRD-AMT
T018821,23/12/2021,F02333,input,DAP,174 kgs,Rs. 51/-,"Rs. 8,890/-",BRD-AMT
T018937,05/03/2022,F02375,DELIVERY,WHEAT,6.75 quintals,"Rs. 2,590/-","Rs. 17,482.50",BRD-AMT
T018938,28/03/2022, F02375 ,Delivery,Lokwan Wheat,1.42 q,"Rs. 2,590/-","Rs. 3,678/-",BRD-AMT
T018939,19/05/2022,F02375,L,EMI,,,"Rs. 1,500/-",BRD-AMT
T018940,15/02/2022,F02375,L,EMI,,,"Rs. 1,000/-",BRD-AMT
T018960,12/03/2022,F02390,DELIVERY,Wheat,0.7 qtl,"Rs. 2,320/-","Rs. 1,508/-",BRD-AMT
T018961,15/03/2022,F02390,FPO_DELIVERY,Wheat,12.3 qtl,"Rs. 2,320/-","Rs. 28,606/-",BRD-AMT
T019050,01/04/2022,F02426,FPO_DELIVERY,Wheat,1.24 q,"Rs. 2,655/-","Rs. 3,292/-",BRD-AMT
T019051,27/03/2022,F02426,D,Wheat (Durum),32.5 qtl,"Rs. 2,655/-","Rs. 86,208/-",BRD-AMT
T019129,25/03/2022,F02451,DELIVERY,Wheat,25.61 quintals,"Rs. 2,540/-","Rs. 65,049/-",BRD-AMT
T019130,09/04/2022,F02451,Delivery,Wheat,28.28 q,"Rs. 2,540/-","Rs. 71,831/-",BRD-AMT
T019131,05/12/2021,F02451,FERT_PURCHASE,Urea,288 kgs,Rs. 36/-,"Rs. 10,437/-",BRD-AMT
T019132,31/12/2021,f02451,input,Fertilizer,59 kgs,Rs. 55/-,"Rs. 3,250/-",BRD-AMT
T019133,02/01/2022,F02451,input,FERTILIZER 50kg bag,177 kg,Rs. 42/-,"Rs. 7,496/-",BRD-AMT
T019134,13/05/2022,F02452,D,WHEAT,40.92 q,"Rs. 2,445/-","Rs. 1,00,049/-",BRD-AMT
T019135,21/12/2021,F02452,I,Fertilizer,101 kg,Rs. 52/-,"Rs. 5,283/-",BRD-AMT
T019416,19/10/2022, F01155 ,DELIVERY,soya,0.93 q,"Rs. 5,425/-","Rs. 5,045/-",BRD-AMT
T019417,21/11/2022,F01155,Delivery,Soybean,2.18 q,"Rs. 5,425/-","Rs. 11,826.50",BRD-AMT
T019418,03/10/2022, F01155 ,FPO_DELIVERY,Soybean,1.55 quintals,"Rs. 5,425/-","Rs. 8,409/-",BRD-AMT
T019419,01/07/2022,F01155,INPUT_PURCHASE,Hybrid Seeds,253 kg,Rs. 123/-,"Rs. 31,033/-",BRD-AMT
T019420,08/06/2022,F01155,INPUT_PURCHASE,DAP,252 kgs,Rs. 30/-,"Rs. 7,489/-",BRD-AMT
T019421,03/11/2022,F01158,D,Soybean (Yellow),15.13 q,"Rs. 5,525/-","Rs. 83,593/-",BRD-AMT
T019422,23/06/2022,F01158,I,PP chemicals,113 kg,Rs. 627/-,"Rs. 70,871/-",BRD-AMT
T019423,15/06/2022,F01158,I,Fertilizer,209 kgs,Rs. 34/-,"Rs. 7,125/-",BRD-AMT
T019424,04/06/2022,F01158,I,SEEDS,191 kgs,Rs. 79/-,"Rs. 15,116/-",BRD-AMT
T019425,16/06/2022,F01158,I,Seeds,262 kg,Rs. 124/-,"Rs. 32,543/-",BRD-AMT
T019426,19/10/2022,F01160,D,Soybean (Yellow),13.39 q,"Rs. 5,660/-","Rs. 75,787/-",BRD-AMT
T019427,01/10/2022,f01160,FPO_DELIVERY,Cotton,11.3 qtl,"Rs. 8,800/-","Rs. 99,088/-",BRD-AMT
T019428,07/10/2022,F01160,FPO_DELIVERY,COTTON (Kapas),0.7 qtl,"Rs. 8,800/-","Rs. 6,336/-",BRD-AMT
T019429,18/06/2022,F01160,input,Fertilizer,161 kgs,Rs. 49/-,"Rs. 7,961/-",BRD-AMT
T019430,17/06/2022,F01160,input,PP chemicals,128 kg,Rs. 154/-,"Rs. 19,767/-",BRD-AMT
T019431,10/11/2022,F01163,D,SOYABEAN,29.05 quintals,"Rs. 5,405/-","Rs. 1,57,015/-",BRD-AMT
T019432,25/06/2022,F01163,Input Purchase,FERTILIZER 50kg bag,316 kg,Rs. 31/-,"Rs. 9,780/-",BRD-AMT
T019433,20/06/2022, F01163 ,input,Seeds,176 kgs,Rs. 75/-,"Rs. 13,123/-",BRD-AMT
T019434,29/10/2022,F01164,Delivery,Soybean,21.6 qtl,"Rs. 5,220/-","Rs. 1,12,961/-",BRD-AMT
T019435,05/07/2022,F01164,INPUT_PURCHASE,Seeds,313 kgs,Rs. 90/-,"Rs. 28,139/-",BRD-AMT
T019436,10/07/2022,F01164,input,DAP,270 kgs,Rs. 40/-,"Rs. 10,765/-",BRD-AMT
T019437,09/11/2022,F01165,delivery,soya,16.13 q,"Rs. 5,525/-","Rs. 89,118/-",BRD-AMT
T019438,30/10/2022,f01165,Delivery,Soybean,5.4 qtl,"Rs. 5,525/-","Rs. 29,890/-",BRD-AMT
T019439,15/06/2022,f01165,I,PPC,244 kg,Rs. 329/-,"Rs. 80,266/-",BRD-AMT
T019440,08/07/2022,F01165,Input Purchase,Bio-pesticide,265 kgs,Rs. 602/-,"Rs. 1,59,419/-",BRD-AMT
T019441,03/06/2022,F01165,FERT_PURCHASE,Seeds,288 kg,Rs. 46/-,"Rs. 13,389/-",BRD-AMT
T019442,04/11/2022,F01169,DELIVERY,soya,21.85 quintals,"Rs. 5,510/-","Rs. 1,20,394/-",BRD-AMT
T019443,05/06/2022,F01169,I,Fertilizer,163 kg,Rs. 31/-,"Rs. 4,993/-",BRD-AMT
T019444,22/11/2022,F01170,FPO_DELIVERY,SOYABEAN,15.07 q,"Rs. 5,505/-","Rs. 82,960/-",BRD-AMT
T019445,18/10/2022,f01170,FPO_DELIVERY,Soybean,12.1 qtl,"Rs. 5,505/-","Rs. 66,610.50",BRD-AMT
T019446,29/11/2022,F01170,FPO_DELIVERY,COTTON (Kapas),3.4 qtl,"Rs. 8,790/-","Rs. 29,798/-",BRD-AMT
T019447,14/10/2022,f01170,Delivery,Cotton Kapas,13.13 q,"Rs. 8,790/-","Rs. 1,15,413/-",BRD-AMT
T019448,05/11/2022,F01171,Delivery,Soybean,9.8 qtl,"Rs. 5,685/-","Rs. 55,997/-",BRD-AMT
T019449,25/11/2022,F01171,FPO_DELIVERY,SOYABEAN,4.7 qtl,"Rs. 5,685/-","Rs. 26,776/-",BRD-AMT
T019450,23/06/2022,F01171,Input Purchase,Seeds,305 kgs,Rs. 64/-,"Rs. 19,651/-",BRD-AMT
T019451,28/06/2022,F01171,INPUT_PURCHASE,Hybrid Seeds,51 kg,Rs. 80/-,"Rs. 4,062/-",BRD-AMT
T019452,01/07/2022,F01171,INPUT_PURCHASE,Urea,93 kgs,Rs. 31/-,"Rs. 2,917/-",BRD-AMT
T019453,22/11/2022,f01176,FPO_DELIVERY,SOYABEAN,6.17 quintals,"Rs. 5,690/-","Rs. 35,107/-",BRD-AMT
T019454,26/11/2022,f01176,FPO_DELIVERY,kapas,3.08 q,"Rs. 8,815/-","Rs. 27,150/-",BRD-AMT
T019455,05/10/2022,F01176,FPO_DELIVERY,COTTON (Kapas),0.6 qtl,"Rs. 8,815/-","Rs. 5,025/-",BRD-AMT
T019456,28/10/2022,F01176,D,kapas,1.77 q,"Rs. 8,815/-","Rs. 15,603/-",BRD-AMT
T019457,20/06/2022,F01176,Input Purchase,Bio-pesticide,283 kgs,Rs. 608/-,"Rs. 1,72,166/-",BRD-AMT
T019458,18/11/2022,F01179,Delivery,soya,24.0 qtl,"Rs. 5,960/-","Rs. 1,43,159/-",BRD-AMT
T019459,04/10/2022,F01179,delivery,kapas,0.56 q,"Rs. 8,545/-","Rs. 4,785/-",BRD-AMT
T019460,22/11/2022,F01179,DELIVERY,Cotton Kapas,18.7 qtl,"Rs. 8,545/-","Rs. 1,59,450/-",BRD-AMT
T019461,27/06/2022,f01179,I,NPK 10:26:26,317 kg,Rs. 33/-,"Rs. 10,490/-",BRD-AMT
T019462,11/07/2022,F01179,input,FERTILIZER 50kg bag,94 kgs,Rs. 48/-,"Rs. 4,495/-",BRD-AMT
T019463,15/06/2022,F01179,Input Purchase,PP chemicals,280 kg,Rs. 126/-,"Rs. 35,314/-",BRD-AMT
T019464,09/06/2022,F01179,INPUT_PURCHASE,Urea,169 kg,Rs. 46/-,"Rs. 7,698/-",BRD-AMT
T019465,07/10/2022,F01191,DELIVERY,SOYABEAN,1.01 quintals,"Rs. 5,560/-","Rs. 5,616/-",BRD-AMT
T019466,27/11/2022,F01191,D,SOYABEAN,6.35 q,"Rs. 5,560/-","Rs. 35,306/-",BRD-AMT
T019467,29/10/2022,F01191,delivery,soya,2.41 quintals,"Rs. 5,560/-","Rs. 13,400/-",BRD-AMT
T019468,06/10/2022, F01193 ,D,Soybean,33.20 quintals,"Rs. 5,560/-","Rs. 1,84,592/-",BRD-AMT
T019469,21/06/2022,F01193,INPUT_PURCHASE,Hybrid Seeds,256 kgs,Rs. 56/-,"Rs. 14,331/-",BRD-AMT
T019470,18/06/2022,F01193,input,PPC,87 kgs,Rs. 581/-,"Rs. 50,585/-",BRD-AMT
T019471,22/06/2022,f01193,input,Fertilizer,284 kg,Rs. 30/-,"Rs. 8,537/-",BRD-AMT
T019472,19/10/2022,F01197,Delivery,Soybean,3.59 q,"Rs. 5,135/-","Rs. 18,435/-",BRD-AMT
T019473,11/11/2022,F01199,delivery,SOYABEAN,19.90 quintals,"Rs. 5,235/-","Rs. 1,04,176/-",BRD-AMT
T019474,13/11/2022,F01199,Delivery,SOYABEAN,0.92 quintals,"Rs. 5,235/-","Rs. 4,816/-",BRD-AMT
T019475,15/11/2022,F01199,Delivery,Cotton,13.84 quintals,"Rs. 8,870/-","Rs. 1,22,761/-",BRD-AMT
T019476,04/11/2022, F01199 ,FPO_DELIVERY,Cotton Kapas,0.9 qtl,"Rs. 8,870/-","Rs. 8,249/-",BRD-AMT
T019477,18/06/2022,f01199,FERT_PURCHASE,Fertilizer,249 kg,Rs. 40/-,"Rs. 9,845/-",BRD-AMT
T019478,30/11/2022,F01200,FPO_DELIVERY,soya,10.4 qtl,"Rs. 5,670/-","Rs. 59,138/-",BRD-AMT
T019479,22/11/2022,F01200,delivery,Cotton,5.5 qtl,"Rs. 8,230/-","Rs. 44,853.50",BRD-AMT
T019480,26/11/2022,f01200,D,COTTON (Kapas),2.3 qtl,"Rs. 8,230/-","Rs. 19,258/-",BRD-AMT
T019481,10/06/2022,F01200,FERT_PURCHASE,Hybrid Seeds,172 kg,Rs. 124/-,"Rs. 21,380/-",BRD-AMT
T019482,30/10/2022,f01202,DELIVERY,Soybean,26.71 quintals,"Rs. 5,180/-","Rs. 1,38,358/-",BRD-AMT
T019483,13/06/2022,F01202,FERT_PURCHASE,PPC,216 kg,Rs. 165/-,"Rs. 35,597/-",BRD-AMT
T019484,12/07/2022,F01202,Input Purchase,DAP,180 kg,Rs. 44/-,"Rs. 7,940/-",BRD-AMT
T019485,28/09/2022,F01202,L,EMI,,,"Rs. 5,900/-",BRD-AMT
T019486,03/09/2022,F01202,Loan Repayment,EMI,,,"Rs. 6,400/-",BRD-AMT
T019487,18/10/2022,F01203,DELIVERY,Soybean,13.51 q,"Rs. 5,635/-","Rs. 76,129/-",BRD-AMT
T019488,17/11/2022,F01203,FPO_DELIVERY,SOYABEAN,0.56 q,"Rs. 5,635/-","Rs. 3,156/-",BRD-AMT
T019489,27/11/2022,F01203,Delivery,Cotton,10.5 qtl,"Rs. 8,490/-","Rs. 89,230/-",BRD-AMT
T019490,05/11/2022,F01207,Delivery,Soybean (Yellow),13.21 quintals,"Rs. 5,435/-","Rs. 71,796/-",BRD-AMT
T019491,07/11/2022,F01207,D,soya,7.69 q,"Rs. 5,435/-","Rs. 41,795/-",BRD-AMT
T019492,05/07/2022,F01207,I,Seeds,136 kgs,Rs. 78/-,"Rs. 10,541/-",BRD-AMT
T019493,01/11/2022,F01211,FPO_DELIVERY,Soybean,24.55 quintals,"Rs. 5,375/-","Rs. 1,31,956/-",BRD-AMT
T019494,28/11/2022,f01211,delivery,Cotton Kapas,20.1 qtl,"Rs. 9,280/-","Rs. 1,86,621/-",BRD-AMT
T019495,03/06/2022,F01211,FERT_PURCHASE,FERTILIZER 50kg bag,261 kgs,Rs. 33/-,"Rs. 8,488/-",BRD-AMT
T019496,26/10/2022,F01216,FPO_DELIVERY,soya,16.24 q,"Rs. 5,685/-","Rs. 92,324/-",BRD-AMT
T019497,19/11/2022,F01216,DELIVERY,SOYABEAN,1.44 quintals,"Rs. 5,685/-","Rs. 8,186/-",BRD-AMT
T019498,11/07/2022,F01216,Input Purchase,Seeds,261 kg,Rs. 85/-,"Rs. 22,214/-",BRD-AMT
T019499,27/11/2022,f01219,Delivery,SOYABEAN,15.37 quintals,"Rs. 5,225/-","Rs. 80,308/-",BRD-AMT
T019500,19/06/2022,F01219,FERT_PURCHASE,PPC,138 kg,Rs. 618/-,"Rs. 85,258/-",BRD-AMT
T019501,07/06/2022,F01219,I,SEEDS,311 kgs,Rs. 107/-,"Rs. 33,395/-",BRD-AMT
T019502,26/06/2022,F01219,Input Purchase,PP chemicals,144 kg,Rs. 478/-,"Rs. 68,828/-",BRD-AMT
T019503,15/10/2022,F01219,Loan Repayment,EMI,,,"Rs. 6,700/-",BRD-AMT
T019504,23/08/2022,F01219,L,Loan Repayment,,,"Rs. 2,100/-",BRD-AMT
T019505,04/11/2022,F01219,loan,EMI,,,"Rs. 7,000/-",BRD-AMT
T019506,22/06/2022,F01219,Loan Repayment,EMI,,,"Rs. 6,100/-",BRD-AMT
T019507,18/11/2022, F01223 ,FPO_DELIVERY,Soybean (Yellow),36.2 qtl,"Rs. 5,300/-","Rs. 1,91,701/-",BRD-AMT
T019508,14/10/2022,F01223,delivery,Soybean,24.04 q,"Rs. 5,300/-","Rs. 1,27,412/-",BRD-AMT
T019509,05/07/2022,F01223,I,SEEDS,153 kg,Rs. 106/-,"Rs. 16,171/-",BRD-AMT
T019510,30/06/2022,F01223,FERT_PURCHASE,FERTILIZER 50kg bag,170 kg,Rs. 51/-,"Rs. 8,655/-",BRD-AMT
T019511,18/06/2022,F01223,Input Purchase,Hybrid Seeds,84 kgs,Rs. 49/-,"Rs. 4,127/-",BRD-AMT
T019512,10/06/2022,f01223,Input Purchase,Fertilizer,249 kgs,Rs. 38/-,"Rs. 9,559/-",BRD-AMT
T019513,03/10/2022,F01225,D,Soybean (Yellow),3.00 q,"Rs. 5,255/-","Rs. 15,765/-",BRD-AMT
T019514,21/11/2022,F01225,DELIVERY,Soybean,7.2 qtl,"Rs. 5,255/-","Rs. 38,099/-",BRD-AMT
T019515,28/11/2022,F01226,DELIVERY,Soybean,5.50 q,"Rs. 5,505/-","Rs. 30,277.50",BRD-AMT
T019516,11/10/2022,f01226,D,SOYABEAN,3.8 qtl,"Rs. 5,505/-","Rs. 20,644/-",BRD-AMT
T019517,17/06/2022,F01226,I,Hybrid Seeds,169 kg,Rs. 87/-,"Rs. 14,755/-",BRD-AMT
T019518,08/06/2022,f01226,I,DAP,143 kgs,Rs. 31/-,"Rs. 4,467/-",BRD-AMT
T019519,17/06/2022,F01226,I,NPK 10:26:26,161 kg,Rs. 33/-,"Rs. 5,315/-",BRD-AMT
T019520,05/07/2022, F01226 ,I,Fertilizer,269 kgs,Rs. 43/-,"Rs. 11,524/-",BRD-AMT
T019521,31/10/2022,F01227,Delivery,soya,19.8 qtl,"Rs. 5,495/-","Rs. 1,08,636/-",BRD-AMT
T019522,26/11/2022,F01227,DELIVERY,Soybean,2.1 qtl,"Rs. 5,495/-","Rs. 11,430/-",BRD-AMT
T019523,08/11/2022,F01227,Delivery,Cotton,5.3 qtl,"Rs. 8,810/-","Rs. 46,517/-",BRD-AMT
T019524,20/10/2022,F01227,D,Cotton Kapas,9.5 qtl,"Rs. 8,810/-","Rs. 83,871/-",BRD-AMT
T019525,27/10/2022,F01228,FPO_DELIVERY,Soybean (Yellow),5.41 quintals,"Rs. 5,830/-","Rs. 31,540/-",BRD-AMT
T019526,14/06/2022, F01228 ,FERT_PURCHASE,PP chemicals,266 kgs,Rs. 422/-,"Rs. 1,12,148/-",BRD-AMT
T019527,18/11/2022,F01235,FPO_DELIVERY,SOYABEAN,4.8 qtl,"Rs. 5,485/-","Rs. 26,547/-",BRD-AMT
T019528,13/10/2022,F01235,FPO_DELIVERY,SOYABEAN,4.16 q,"Rs. 5,485/-","Rs. 22,818/-",BRD-AMT
T019529,12/11/2022,F01235,Delivery,kapas,5.4 qtl,"Rs. 8,770/-","Rs. 47,183/-",BRD-AMT
T019530,20/10/2022,F01235,DELIVERY,Cotton,1.77 quintals,"Rs. 8,770/-","Rs. 15,523/-",BRD-AMT
T019531,08/06/2022,F01235,FERT_PURCHASE,NPK 10:26:26,254 kgs,Rs. 49/-,"Rs. 12,530/-",BRD-AMT
T019532,15/11/2022,F01236,D,soya,7.55 q,"Rs. 5,570/-","Rs. 42,053.50",BRD-AMT
T019533,24/11/2022,F01236,D,SOYABEAN,14.4 qtl,"Rs. 5,570/-","Rs. 80,431/-",BRD-AMT
T019534,16/10/2022,F01238,DELIVERY,Soybean,6.42 quintals,"Rs. 5,630/-","Rs. 36,145/-",BRD-AMT
T019535,03/11/2022, F01238 ,DELIVERY,kapas,1.48 quintals,"Rs. 9,040/-","Rs. 13,379/-",BRD-AMT
T019536,30/11/2022,f01238,DELIVERY,kapas,4.73 q,"Rs. 9,040/-","Rs. 42,759/-",BRD-AMT
T019537,20/11/2022,F01246,DELIVERY,Soybean (Yellow),0.92 q,"Rs. 5,730/-","Rs. 5,272/-",BRD-AMT
T019538,03/11/2022,F01246,delivery,SOYABEAN,5.54 quintals,"Rs. 5,730/-","Rs. 31,744/-",BRD-AMT
T019539,27/10/2022,F01249,D,Soybean (Yellow),3.57 quintals,"Rs. 5,565/-","Rs. 19,867/-",BRD-AMT
T019540,24/11/2022,F01249,delivery,SOYABEAN,13.9 qtl,"Rs. 5,565/-","Rs. 77,465/-",BRD-AMT
T019541,09/10/2022,f01263,delivery,soya,17.35 quintals,"Rs. 5,640/-","Rs. 97,854/-",BRD-AMT
T019542,09/07/2022,F01263,input,Hybrid Seeds,138 kgs,Rs. 68/-,"Rs. 9,446/-",BRD-AMT
T019543,06/06/2022,F01263,Input Purchase,Seeds,157 kgs,Rs. 122/-,"Rs. 19,206/-",BRD-AMT
T019544,13/07/2022,F01263,input,SEEDS,150 kgs,Rs. 103/-,"Rs. 15,399/-",BRD-AMT
T019545,06/10/2022,F01264,FPO_DELIVERY,Soybean (Yellow),9.02 quintals,"Rs. 5,325/-","Rs. 48,031.50",BRD-AMT
T019546,17/06/2022,F01264,Input Purchase,DAP,187 kgs,Rs. 44/-,"Rs. 8,219/-",BRD-AMT
T019547,03/06/2022,f01264,FERT_PURCHASE,Seeds,292 kg,Rs. 64/-,"Rs. 18,670/-",BRD-AMT
T019548,23/10/2022,f01274,delivery,Soybean (Yellow),9.96 q,"Rs. 5,175/-","Rs. 51,543/-",BRD-AMT
T019549,10/11/2022,F01274,delivery,kapas,6.2 qtl,"Rs. 9,055/-","Rs. 55,688/-",BRD-AMT
T019550,17/11/2022,F01274,DELIVERY,COTTON (Kapas),1.8 qtl,"Rs. 9,055/-","Rs. 16,027/-",BRD-AMT
T019551,15/07/2022,F01274,input,Hybrid Seeds,73 kgs,Rs. 106/-,"Rs. 7,710/-",BRD-AMT
T019552,05/10/2022,F01275,DELIVERY,Soybean,6.77 quintals,"Rs. 5,325/-","Rs. 36,050/-",BRD-AMT
T019553,08/10/2022,F01275,Delivery,Cotton Kapas,5.6 qtl,"Rs. 8,215/-","Rs. 46,333/-",BRD-AMT
T019554,30/06/2022,F01275,Input Purchase,NPK 10:26:26,226 kgs,Rs. 58/-,"Rs. 13,153/-",BRD-AMT
T019555,05/06/2022,F01275,FERT_PURCHASE,Urea,258 kg,Rs. 50/-,"Rs. 12,848/-",BRD-AMT
T019556,28/11/2022,F01276,delivery,soya,11.56 q,"Rs. 6,015/-","Rs. 69,533/-",BRD-AMT
T019557,14/08/2022,f01276,L,Loan Repayment,,,Rs. 800/-,BRD-AMT
T019558,07/06/2022,F01276,L,EMI,,,"Rs. 4,000/-",BRD-AMT
T019559,01/07/2022,F01276,L,EMI,,,"Rs. 5,600/-",BRD-AMT
T019560,30/10/2022,F01280,D,SOYABEAN,34.7 qtl,"Rs. 5,545/-","Rs. 1,92,245/-",BRD-AMT
T019561,21/09/2022,F01280,LOAN_REPAY,EMI,,,"Rs. 2,500/-",BRD-AMT
T019562,13/09/2022,f01280,loan,Loan Repayment,,,"Rs. 7,000/-",BRD-AMT
T019563,08/09/2022,F01280,Loan Repayment,EMI,,,"Rs. 1,900/-",BRD-AMT
T019564,19/10/2022,F01283,Delivery,soya,3.81 q,"Rs. 5,810/-","Rs. 22,136/-",BRD-AMT
T019565,30/10/2022,f01283,D,SOYABEAN,0.94 quintals,"Rs. 5,810/-","Rs. 5,461/-",BRD-AMT
T019566,06/06/2022,F01283,FERT_PURCHASE,SEEDS,95 kg,Rs. 79/-,"Rs. 7,522/-",BRD-AMT
T019567,05/11/2022,F01285,D,Soybean,17.82 q,"Rs. 5,255/-","Rs. 93,644/-",BRD-AMT
T019568,07/10/2022,F01285,DELIVERY,Soybean (Yellow),0.8 qtl,"Rs. 5,255/-","Rs. 4,204/-",BRD-AMT
T019569,08/07/2022,F01285,input,FERTILIZER 50kg bag,65 kgs,Rs. 43/-,"Rs. 2,764/-",BRD-AMT
T019570,30/06/2022,F01285,input,NPK 10:26:26,90 kgs,Rs. 52/-,"Rs. 4,684.50",BRD-AMT
T019571,09/06/2022,F01285,INPUT_PURCHASE,Bio-pesticide,188 kgs,Rs. 269/-,"Rs. 50,564/-",BRD-AMT
T019572,06/11/2022,F01288,delivery,Soybean (Yellow),19.10 quintals,"Rs. 5,880/-","Rs. 1,12,308/-",BRD-AMT
T019573,23/11/2022,F01288,FPO_DELIVERY,Soybean,5.88 quintals,"Rs. 5,880/-","Rs. 34,574/-",BRD-AMT
T019574,07/10/2022,F01288,LOAN_REPAY,Loan Repayment,,,"Rs. 6,300/-",BRD-AMT
T019575,29/07/2022,F01288,Loan Repayment,EMI,,,"Rs. 3,400/-",BRD-AMT
T019576,01/11/2022,F01292,D,Soybean (Yellow),31.8 qtl,"Rs. 5,545/-","Rs. 1,76,331/-",BRD-AMT
T019577,11/10/2022,F01292,D,soya,8.60 q,"Rs. 5,545/-","Rs. 47,687/-",BRD-AMT
T019578,20/11/2022,F01292,FPO_DELIVERY,SOYABEAN,0.05 q,"Rs. 5,545/-",Rs. 277/-,BRD-AMT
T019579,09/06/2022,F01292,FERT_PURCHASE,PP chemicals,62 kg,Rs. 387/-,"Rs. 24,000/-",BRD-AMT
T019580,13/07/2022,F01292,INPUT_PURCHASE,SEEDS,135 kgs,Rs. 84/-,"Rs. 11,308/-",BRD-AMT
T019581,12/06/2022,F01292,Input Purchase,NPK 10:26:26,262 kg,Rs. 43/-,"Rs. 11,389/-",BRD-AMT
T019582,14/06/2022,F01292,FERT_PURCHASE,Urea,126 kgs,Rs. 42/-,"Rs. 5,268/-",BRD-AMT
T019583,24/11/2022,F01292,loan,Loan Repayment,,,"Rs. 4,900/-",BRD-AMT
T019584,21/10/2022,F01293,D,Soybean (Yellow),12.32 quintals,"Rs. 5,635/-","Rs. 69,423/-",BRD-AMT
T019585,13/06/2022,F01293,FERT_PURCHASE,DAP,255 kgs,Rs. 35/-,"Rs. 8,892/-",BRD-AMT
T019586,07/07/2022,F01293,input,Bio-pesticide,175 kg,Rs. 637/-,"Rs. 1,11,435/-",BRD-AMT
T019587,26/08/2022,F01293,LOAN_REPAY,Loan Repayment,,,"Rs. 1,300/-",BRD-AMT
T019588,31/10/2022,F01296,DELIVERY,soya,25.1 qtl,"Rs. 5,380/-","Rs. 1,35,199/-",BRD-AMT
T019589,14/07/2022,F01296,Input Purchase,FERTILIZER 50kg bag,300 kgs,Rs. 58/-,"Rs. 17,487/-",BRD-AMT
T019590,01/07/2022,F01296,I,DAP,205 kgs,Rs. 44/-,"Rs. 9,038/-",BRD-AMT
T019591,24/10/2022,F01297,Delivery,Soybean (Yellow),10.5 qtl,"Rs. 5,395/-","Rs. 56,809/-",BRD-AMT
T019592,05/07/2022,F01297,I,SEEDS,195 kgs,Rs. 127/-,"Rs. 24,843/-",BRD-AMT
T020869,10/10/2022,F02220,FPO_DELIVERY,Soybean (Yellow),9.7 qtl,"Rs. 5,465/-","Rs. 53,120/-",BRD-AMT
T020870,09/10/2022, F02220 ,FPO_DELIVERY,Soybean (Yellow),7.2 qtl,"Rs. 5,465/-","Rs. 39,348/-",BRD-AMT
T020871,11/07/2022, F02220 ,INPUT_PURCHASE,Fertilizer,49 kgs,Rs. 53/-,"Rs. 2,575/-",BRD-AMT
T020872,26/06/2022,f02220,INPUT_PURCHASE,Urea,58 kgs,Rs. 45/-,"Rs. 2,626/-",BRD-AMT
T020873,26/06/2022,f02220,INPUT_PURCHASE,FERTILIZER 50kg bag,313 kgs,Rs. 31/-,"Rs. 9,822/-",BRD-AMT
T020874,15/07/2022,F02220,FERT_PURCHASE,FERTILIZER 50kg bag,217 kgs,Rs. 46/-,"Rs. 10,015/-",BRD-AMT
T020895,12/10/2022,F02234,DELIVERY,Soybean (Yellow),5.0 qtl,"Rs. 5,285/-","Rs. 26,478/-",BRD-AMT
T020896,29/06/2022,F02234,input,Fertilizer,291 kg,Rs. 34/-,"Rs. 9,810/-",BRD-AMT
T020907,12/10/2022,F02244,DELIVERY,Soybean (Yellow),36.64 quintals,"Rs. 5,895/-","Rs. 2,15,993/-",BRD-AMT
T020908,05/06/2022,F02244,input,SEEDS,150 kgs,Rs. 110/-,"Rs. 16,428/-",BRD-AMT
T020916,06/10/2022,F02252,FPO_DELIVERY,Soybean,25.06 quintals,"Rs. 5,745/-","Rs. 1,43,970/-",BRD-AMT
T020917,12/07/2022,F02252,input,FERTILIZER 50kg bag,169 kg,Rs. 36/-,"Rs. 6,062/-",BRD-AMT
T020918,22/06/2022,F02252,INPUT_PURCHASE,NPK 10:26:26,188 kgs,Rs. 34/-,"Rs. 6,428/-",BRD-AMT
T020919,05/07/2022,f02252,I,SEEDS,109 kg,Rs. 56/-,"Rs. 6,147/-",BRD-AMT
T020920,02/08/2022,F02252,L,EMI,,,"Rs. 3,100/-",BRD-AMT
T020921,08/10/2022,F02261,FPO_DELIVERY,SOYABEAN,35.33 q,"Rs. 5,695/-","Rs. 2,01,204/-",BRD-AMT
T020994,14/11/2022,F02299,DELIVERY,Soybean,10.36 q,"Rs. 5,630/-","Rs. 58,327/-",BRD-AMT
T021007,15/11/2022,f02305,Delivery,Soybean (Yellow),2.08 q,"Rs. 5,645/-","Rs. 11,742/-",BRD-AMT
T021008,15/10/2022,f02305,D,soya,12.44 quintals,"Rs. 5,645/-","Rs. 70,224/-",BRD-AMT
T021009,21/10/2022,F02305,D,Soybean (Yellow),3.0 qtl,"Rs. 5,645/-","Rs. 16,653/-",BRD-AMT
T021010,12/07/2022, F02305 ,Input Purchase,DAP,201 kgs,Rs. 41/-,"Rs. 8,319/-",BRD-AMT
T021016,24/11/2022,f02309,D,SOYABEAN,11.42 q,"Rs. 5,705/-","Rs. 65,151/-",BRD-AMT
T021017,30/06/2022,F02309,FERT_PURCHASE,PP chemicals,103 kgs,Rs. 671/-,"Rs. 69,063/-",BRD-AMT
T021045,16/10/2022,F02333,FPO_DELIVERY,Soybean,0.8 qtl,"Rs. 6,025/-","Rs. 4,579/-",BRD-AMT
T021046,27/10/2022,F02333,DELIVERY,Soybean (Yellow),5.89 q,"Rs. 6,025/-","Rs. 35,487/-",BRD-AMT
T021047,15/07/2022,F02333,I,DAP,204 kgs,Rs. 30/-,"Rs. 6,140/-",BRD-AMT
T021167,30/10/2022,F02390,D,Soybean (Yellow),5.45 quintals,"Rs. 5,405/-","Rs. 29,457/-",BRD-AMT
T021168,25/06/2022,F02390,I,FERTILIZER 50kg bag,108 kg,Rs. 41/-,"Rs. 4,377/-",BRD-AMT
T021169,09/07/2022,F02390,input,DAP,101 kgs,Rs. 33/-,"Rs. 3,369/-",BRD-AMT
T021259,07/11/2022,F02426,FPO_DELIVERY,SOYABEAN,2.50 quintals,"Rs. 5,210/-","Rs. 13,025/-",BRD-AMT
T021260,23/11/2022,F02426,FPO_DELIVERY,SOYABEAN,8.58 quintals,"Rs. 5,210/-","Rs. 44,702/-",BRD-AMT
T021261,13/10/2022,f02426,Delivery,Soybean (Yellow),5.72 quintals,"Rs. 5,210/-","Rs. 29,801/-",BRD-AMT
T021262,04/07/2022,f02426,input,NPK 10:26:26,277 kg,Rs. 42/-,"Rs. 11,579/-",BRD-AMT
T021263,03/07/2022,F02426,FERT_PURCHASE,FERTILIZER 50kg bag,297 kg,Rs. 39/-,"Rs. 11,639/-",BRD-AMT
T021326,22/11/2022, F02451 ,DELIVERY,soya,2.4 qtl,"Rs. 5,515/-","Rs. 12,960/-",BRD-AMT
T021327,04/11/2022,F02451,Delivery,SOYABEAN,21.08 q,"Rs. 5,515/-","Rs. 1,16,256/-",BRD-AMT
T021328,12/06/2022,F02451,INPUT_PURCHASE,PPC,258 kg,Rs. 173/-,"Rs. 44,515/-",BRD-AMT
T021329,09/10/2022,F02452,DELIVERY,Soybean,21.68 q,"Rs. 5,145/-","Rs. 1,11,544/-",BRD-AMT
T021330,07/07/2022,F02452,INPUT_PURCHASE,Seeds,112 kgs,Rs. 123/-,"Rs. 13,804/-",BRD-AMT
T021337,12/11/2022,f02455,delivery,Soybean (Yellow),4.14 q,"Rs. 5,475/-","Rs. 22,666.50",BRD-AMT
T021338,02/07/2022,F02455,INPUT_PURCHASE,Seeds,292 kgs,Rs. 61/-,"Rs. 17,853/-",BRD-AMT
T021454,08/11/2022,f02485,DELIVERY,soya,1.50 q,"Rs. 5,260/-","Rs. 7,890/-",BRD-AMT
T021455,25/10/2022,F02485,DELIVERY,SOYABEAN,14.76 q,"Rs. 5,260/-","Rs. 77,638/-",BRD-AMT
T021456,01/07/2022,F02485,Input Purchase,SEEDS,209 kg,Rs. 110/-,"Rs. 23,082/-",BRD-AMT
T021741,09/05/2023,F01155,delivery,Lokwan Wheat,5.4 qtl,"Rs. 2,650/-","Rs. 14,283.50",BRD-AMT
T021742,05/03/2023,F01155,DELIVERY,Wheat (Durum),3.7 qtl,"Rs. 2,650/-","Rs. 9,884.50",BRD-AMT
T021743,14/12/2022,F01155,FERT_PURCHASE,DAP,51 kgs,Rs. 35/-,"Rs. 1,774/-",BRD-AMT
T021744,23/12/2022,F01155,Input Purchase,NPK 10:26:26,67 kg,Rs. 40/-,"Rs. 2,664/-",BRD-AMT
T021745,15/05/2023,f01158,delivery,WHEAT,28.20 quintals,"Rs. 2,755/-","Rs. 77,691/-",BRD-AMT
T021746,11/01/2023,F01158,FERT_PURCHASE,Seeds,293 kgs,Rs. 55/-,"Rs. 15,977/-",BRD-AMT
T021747,15/12/2022,F01158,Input Purchase,Urea,203 kgs,Rs. 46/-,"Rs. 9,330/-",BRD-AMT
T021748,31/03/2023,F01160,DELIVERY,WHEAT,33.45 quintals,"Rs. 2,385/-","Rs. 79,778/-",BRD-AMT
T021749,25/04/2023,f01160,delivery,WHEAT,1.92 quintals,"Rs. 2,385/-","Rs. 4,579/-",BRD-AMT
T021750,12/01/2023,F01160,Input Purchase,PPC,68 kg,Rs. 615/-,"Rs. 41,825/-",BRD-AMT
T021751,11/12/2022,F01160,Input Purchase,Bio-pesticide,195 kgs,Rs. 693/-,"Rs. 1,35,217/-",BRD-AMT
T021752,06/01/2023,f01160,INPUT_PURCHASE,Urea,92 kgs,Rs. 46/-,"Rs. 4,216/-",BRD-AMT
T021753,29/03/2023,F01163,Delivery,Wheat,86.46 quintals,"Rs. 2,505/-","Rs. 2,16,582/-",BRD-AMT
T021754,08/12/2022,F01163,input,DAP,307 kgs,Rs. 55/-,"Rs. 16,937/-",BRD-AMT
T021755,27/12/2022,F01163,input,Seeds,118 kg,Rs. 77/-,"Rs. 9,123/-",BRD-AMT
T021756,30/03/2023,F01164,D,wheat,13.68 quintals,"Rs. 2,465/-","Rs. 33,721/-",BRD-AMT
T021757,17/04/2023,F01164,DELIVERY,WHEAT,31.16 q,"Rs. 2,465/-","Rs. 76,809/-",BRD-AMT
T021758,05/01/2023,F01164,FERT_PURCHASE,Fertilizer,65 kg,Rs. 55/-,"Rs. 3,606/-",BRD-AMT
T021759,26/12/2022,F01164,input,SEEDS,118 kg,Rs. 57/-,"Rs. 6,763/-",BRD-AMT
T021760,20/12/2022,F01164,I,Fertilizer,300 kg,Rs. 58/-,"Rs. 17,346/-",BRD-AMT
T021761,27/03/2023,F01165,FPO_DELIVERY,Wheat (Durum),54.18 q,"Rs. 2,505/-","Rs. 1,35,721/-",BRD-AMT
T021762,02/01/2023,F01165,FERT_PURCHASE,Fertilizer,62 kgs,Rs. 30/-,"Rs. 1,856/-",BRD-AMT
T021763,07/01/2023,F01165,FERT_PURCHASE,NPK 10:26:26,210 kgs,Rs. 49/-,"Rs. 10,376/-",BRD-AMT
T021764,27/04/2023,F01169,FPO_DELIVERY,wheat,52.47 quintals,"Rs. 2,535/-","Rs. 1,33,011/-",BRD-AMT
T021765,09/12/2022,F01169,FERT_PURCHASE,Urea,175 kgs,Rs. 38/-,"Rs. 6,697/-",BRD-AMT
T021766,17/12/2022,F01169,FERT_PURCHASE,NPK 10:26:26,131 kgs,Rs. 59/-,"Rs. 7,749/-",BRD-AMT
T021767,01/05/2023,F01170,Delivery,wheat,5.4 qtl,"Rs. 2,685/-","Rs. 14,606/-",BRD-AMT
T021768,22/03/2023,F01170,DELIVERY,WHEAT,33.1 qtl,"Rs. 2,685/-","Rs. 88,954/-",BRD-AMT
T021769,07/03/2023,F01171,delivery,wheat,22.2 qtl,"Rs. 2,680/-","Rs. 59,389/-",BRD-AMT
T021770,06/05/2023,F01171,D,WHEAT,3.89 quintals,"Rs. 2,680/-","Rs. 10,425/-",BRD-AMT
T021771,01/05/2023,F01171,Delivery,chana,5.13 quintals,"Rs. 6,345/-","Rs. 32,550/-",BRD-AMT
T021772,08/03/2023,F01171,D,chana,4.29 q,"Rs. 6,345/-","Rs. 27,220/-",BRD-AMT
T021773,08/01/2023,F01171,FERT_PURCHASE,NPK 10:26:26,31 kgs,Rs. 41/-,"Rs. 1,267/-",BRD-AMT
T021774,01/01/2023,f01171,I,FERTILIZER 50kg bag,288 kgs,Rs. 60/-,"Rs. 17,251/-",BRD-AMT
T021775,28/03/2023,F01176,delivery,WHEAT,2.13 q,"Rs. 2,570/-","Rs. 5,474/-",BRD-AMT
T021776,24/04/2023,F01176,Delivery,Wheat (Durum),4.3 qtl,"Rs. 2,570/-","Rs. 11,025/-",BRD-AMT
T021777,15/03/2023,f01176,delivery,wheat,7.01 quintals,"Rs. 2,570/-","Rs. 18,016/-",BRD-AMT
T021778,25/12/2022,F01176,I,Hybrid Seeds,318 kgs,Rs. 128/-,"Rs. 40,698/-",BRD-AMT
T021779,21/12/2022,f01176,I,Fertilizer,191 kg,Rs. 50/-,"Rs. 9,525/-",BRD-AMT
T021780,13/12/2022,F01176,Input Purchase,Fertilizer,211 kgs,Rs. 32/-,"Rs. 6,796/-",BRD-AMT
T021781,01/01/2023,F01176,I,FERTILIZER 50kg bag,183 kg,Rs. 48/-,"Rs. 8,771/-",BRD-AMT
T021782,30/03/2023,F01179,D,Wheat (Durum),21.28 q,"Rs. 2,645/-","Rs. 56,286/-",BRD-AMT
T021783,25/04/2023,F01179,FPO_DELIVERY,Wheat,35.56 quintals,"Rs. 2,645/-","Rs. 94,056/-",BRD-AMT
T021784,30/04/2023,F01179,Delivery,Gram,14.40 q,"Rs. 6,720/-","Rs. 96,768/-",BRD-AMT
T021785,03/03/2023,f01179,delivery,GRAM (Chana),4.39 quintals,"Rs. 6,720/-","Rs. 29,501/-",BRD-AMT
T021786,15/01/2023,F01179,I,Bio-pesticide,83 kgs,Rs. 230/-,"Rs. 19,067/-",BRD-AMT
T021787,14/05/2023,F01191,FPO_DELIVERY,Wheat,11.3 qtl,"Rs. 2,580/-","Rs. 29,283/-",BRD-AMT
T021788,11/04/2023,F01191,DELIVERY,WHEAT,6.0 qtl,"Rs. 2,580/-","Rs. 15,454/-",BRD-AMT
T021789,19/12/2022,F01191,I,Hybrid Seeds,165 kgs,Rs. 69/-,"Rs. 11,316/-",BRD-AMT
T021790,09/01/2023,F01191,I,FERTILIZER 50kg bag,240 kgs,Rs. 46/-,"Rs. 11,023/-",BRD-AMT
T021791,17/12/2022,F01191,input,SEEDS,74 kgs,Rs. 121/-,"Rs. 8,935/-",BRD-AMT
T021792,15/05/2023,F01193,FPO_DELIVERY,Lokwan Wheat,32.6 qtl,"Rs. 2,500/-","Rs. 81,450/-",BRD-AMT
T021793,19/03/2023,F01193,Delivery,WHEAT,35.2 qtl,"Rs. 2,500/-","Rs. 88,050/-",BRD-AMT
T021794,22/03/2023,f01193,D,wheat,3.18 q,"Rs. 2,500/-","Rs. 7,950/-",BRD-AMT
T021795,19/04/2023,F01193,Delivery,Gram,4.17 q,"Rs. 6,595/-","Rs. 27,501/-",BRD-AMT
T021796,20/04/2023,F01193,Delivery,chana,26.68 quintals,"Rs. 6,595/-","Rs. 1,75,955/-",BRD-AMT
T021797,02/01/2023,F01193,INPUT_PURCHASE,NPK 10:26:26,276 kgs,Rs. 39/-,"Rs. 10,665/-",BRD-AMT
T021798,13/03/2023,F01199,D,Wheat,3.82 quintals,"Rs. 2,530/-","Rs. 9,665/-",BRD-AMT
T021799,16/04/2023,F01199,Delivery,wheat,11.68 q,"Rs. 2,530/-","Rs. 29,550/-",BRD-AMT
T021800,27/03/2023,F01199,FPO_DELIVERY,Wheat (Durum),28.15 quintals,"Rs. 2,530/-","Rs. 71,219.50",BRD-AMT
T021801,23/12/2022,F01199,INPUT_PURCHASE,Hybrid Seeds,223 kg,Rs. 128/-,"Rs. 28,633/-",BRD-AMT
T021802,09/03/2023,f01200,DELIVERY,Lokwan Wheat,7.6 qtl,"Rs. 2,465/-","Rs. 18,660/-",BRD-AMT
T021803,13/04/2023,f01202,DELIVERY,wheat,0.65 q,"Rs. 2,530/-","Rs. 1,644.50",BRD-AMT
T021804,24/03/2023,F01202,DELIVERY,Wheat,20.60 quintals,"Rs. 2,530/-","Rs. 52,118/-",BRD-AMT
T021805,28/12/2022,F01202,I,DAP,190 kg,Rs. 58/-,"Rs. 10,959/-",BRD-AMT
T021806,23/12/2022,F01202,I,Bio-pesticide,242 kg,Rs. 539/-,"Rs. 1,30,440/-",BRD-AMT
T021807,26/04/2023,F01203,FPO_DELIVERY,Lokwan Wheat,28.8 qtl,"Rs. 2,675/-","Rs. 77,013/-",BRD-AMT
T021808,11/04/2023,F01203,delivery,Lokwan Wheat,3.5 qtl,"Rs. 2,675/-","Rs. 9,336/-",BRD-AMT
T021809,05/01/2023,F01203,input,Fertilizer,32 kg,Rs. 52/-,"Rs. 1,655/-",BRD-AMT
T021810,15/03/2023,F01207,delivery,Lokwan Wheat,51.2 qtl,"Rs. 2,805/-","Rs. 1,43,616/-",BRD-AMT
T021811,09/12/2022,F01207,Input Purchase,Seeds,85 kgs,Rs. 53/-,"Rs. 4,535/-",BRD-AMT
T021812,10/12/2022,F01207,FERT_PURCHASE,DAP,255 kgs,Rs. 44.50,"Rs. 11,347.50",BRD-AMT
T021813,10/12/2022,F01207,INPUT_PURCHASE,Urea,91 kgs,Rs. 53/-,"Rs. 4,837/-",BRD-AMT
T021814,24/03/2023,F01207,Loan Repayment,EMI,,,"Rs. 6,700/-",BRD-AMT
T021815,19/03/2023,F01207,loan,EMI,,,"Rs. 3,800/-",BRD-AMT
T021816,09/05/2023,F01211,DELIVERY,WHEAT,4.89 quintals,"Rs. 2,520/-","Rs. 12,323/-",BRD-AMT
T021817,14/04/2023,F01211,DELIVERY,wheat,15.26 quintals,"Rs. 2,520/-","Rs. 38,455/-",BRD-AMT
T021818,15/03/2023,F01211,D,Gram,1.85 quintals,"Rs. 6,675/-","Rs. 12,349/-",BRD-AMT
T021819,10/04/2023,F01211,DELIVERY,Gram,4.62 quintals,"Rs. 6,675/-","Rs. 30,838.50",BRD-AMT
T021820,24/03/2023,f01216,delivery,wheat,37.7 qtl,"Rs. 2,615/-","Rs. 98,507/-",BRD-AMT
T021821,08/12/2022, F01216 ,INPUT_PURCHASE,FERTILIZER 50kg bag,171 kg,Rs. 39/-,"Rs. 6,618/-",BRD-AMT
T021822,09/01/2023,f01216,Input Purchase,FERTILIZER 50kg bag,146 kgs,Rs. 37/-,"Rs. 5,414/-",BRD-AMT
T021823,02/03/2023,F01219,DELIVERY,wheat,32.43 q,"Rs. 2,645/-","Rs. 85,777/-",BRD-AMT
T021824,07/05/2023,F01219,delivery,WHEAT,2.44 q,"Rs. 2,645/-","Rs. 6,454/-",BRD-AMT
T021825,20/04/2023, F01223 ,FPO_DELIVERY,WHEAT,4.25 q,"Rs. 2,530/-","Rs. 10,752.50",BRD-AMT
T021826,16/03/2023,F01223,Delivery,Lokwan Wheat,105.06 q,"Rs. 2,530/-","Rs. 2,65,802/-",BRD-AMT
T021827,06/05/2023,F01223,Delivery,Bengal Gram,8.15 quintals,"Rs. 6,745/-","Rs. 54,972/-",BRD-AMT
T021828,15/03/2023,F01223,FPO_DELIVERY,GRAM (Chana),19.4 qtl,"Rs. 6,745/-","Rs. 1,31,123/-",BRD-AMT
T021829,12/03/2023,F01223,delivery,Gram,15.43 q,"Rs. 6,745/-","Rs. 1,04,075/-",BRD-AMT
T021830,02/12/2022,F01223,I,Seeds,99 kg,Rs. 70/-,"Rs. 6,910/-",BRD-AMT
T021831,13/01/2023,F01223,Input Purchase,Seeds,92 kgs,Rs. 55/-,"Rs. 5,066/-",BRD-AMT
T021832,19/03/2023,F01225,delivery,Wheat,5.20 q,"Rs. 2,765/-","Rs. 14,378/-",BRD-AMT
T021833,19/03/2023,F01225,Delivery,Lokwan Wheat,16.9 qtl,"Rs. 2,765/-","Rs. 46,784/-",BRD-AMT
T021834,01/12/2022,F01225,FERT_PURCHASE,Hybrid Seeds,37 kg,Rs. 46/-,"Rs. 1,707/-",BRD-AMT
T021835,28/04/2023,f01226,FPO_DELIVERY,wheat,14.81 quintals,"Rs. 2,610/-","Rs. 38,654/-",BRD-AMT
T021836,06/05/2023,F01226,D,Lokwan Wheat,6.6 qtl,"Rs. 2,610/-","Rs. 17,148/-",BRD-AMT
T021837,01/01/2023,F01226,input,FERTILIZER 50kg bag,90 kg,Rs. 56/-,"Rs. 5,020/-",BRD-AMT
T021838,14/12/2022,F01226,INPUT_PURCHASE,Fertilizer,69 kg,Rs. 46/-,"Rs. 3,195/-",BRD-AMT
T021839,13/01/2023,F01226,input,DAP,77 kg,Rs. 53/-,"Rs. 4,086/-",BRD-AMT
T021840,27/04/2023,F01227,D,WHEAT,51.95 quintals,"Rs. 2,685/-","Rs. 1,39,486/-",BRD-AMT
T021841,13/05/2023,F01227,D,GRAM (Chana),18.68 q,"Rs. 6,865/-","Rs. 1,28,238/-",BRD-AMT
T021842,23/12/2022,F01227,INPUT_PURCHASE,NPK 10:26:26,246 kgs,Rs. 37/-,"Rs. 9,016/-",BRD-AMT
T021843,28/12/2022,F01227,INPUT_PURCHASE,PP chemicals,266 kg,Rs. 481/-,"Rs. 1,27,895/-",BRD-AMT
T021844,15/12/2022,F01227,FERT_PURCHASE,Seeds,278 kgs,Rs. 76/-,"Rs. 21,248/-",BRD-AMT
T021845,20/03/2023,F01227,L,Loan Repayment,,,"Rs. 7,800/-",BRD-AMT
T021846,12/02/2023,F01227,loan,Loan Repayment,,,"Rs. 7,300/-",BRD-AMT
T021847,03/03/2023,F01227,Loan Repayment,EMI,,,"Rs. 1,000/-",BRD-AMT
T021848,04/05/2023,f01228,FPO_DELIVERY,Wheat,3.95 q,"Rs. 2,570/-","Rs. 10,151.50",BRD-AMT
T021849,12/05/2023,F01228,D,Wheat,8.6 qtl,"Rs. 2,570/-","Rs. 21,974/-",BRD-AMT
T021850,21/03/2023,F01235,delivery,Lokwan Wheat,14.56 quintals,"Rs. 2,565/-","Rs. 37,346/-",BRD-AMT
T021851,27/04/2023,f01235,delivery,Lokwan Wheat,2.71 q,"Rs. 2,565/-","Rs. 6,951/-",BRD-AMT
T021852,13/04/2023,F01235,D,Wheat (Durum),2.12 q,"Rs. 2,565/-","Rs. 5,438/-",BRD-AMT
T021853,17/12/2022,F01235,INPUT_PURCHASE,DAP,169 kgs,Rs. 31/-,"Rs. 5,212/-",BRD-AMT
T021854,18/03/2023, F01236 ,Delivery,WHEAT,36.77 quintals,"Rs. 2,645/-","Rs. 97,257/-",BRD-AMT
T021855,28/04/2023,F01236,D,Wheat (Durum),6.8 qtl,"Rs. 2,645/-","Rs. 17,986/-",BRD-AMT
T021856,24/03/2023,F01236,Delivery,Gram,13.59 quintals,"Rs. 6,425/-","Rs. 87,316/-",BRD-AMT
T021857,05/03/2023,F01236,delivery,Bengal Gram,4.2 qtl,"Rs. 6,425/-","Rs. 26,921/-",BRD-AMT
T021858,27/04/2023,F01238,D,Lokwan Wheat,4.9 qtl,"Rs. 2,610/-","Rs. 12,737/-",BRD-AMT
T021859,24/04/2023,F01238,FPO_DELIVERY,WHEAT,10.63 q,"Rs. 2,610/-","Rs. 27,744/-",BRD-AMT
T021860,07/12/2022,F01238,FERT_PURCHASE,SEEDS,290 kgs,Rs. 100/-,"Rs. 28,951/-",BRD-AMT
T021861,22/12/2022,F01238,Input Purchase,Fertilizer,262 kg,Rs. 38/-,"Rs. 9,961/-",BRD-AMT
T021862,05/12/2022,F01238,I,PPC,258 kg,Rs. 509/-,"Rs. 1,31,242/-",BRD-AMT
T021863,16/03/2023,F01249,Delivery,Lokwan Wheat,19.17 quintals,"Rs. 2,555/-","Rs. 48,979/-",BRD-AMT
T021864,20/04/2023,F01249,FPO_DELIVERY,wheat,15.29 quintals,"Rs. 2,555/-","Rs. 39,066/-",BRD-AMT
T021865,24/03/2023,F01249,D,GRAM (Chana),12.79 q,"Rs. 6,630/-","Rs. 84,798/-",BRD-AMT
T021866,21/12/2022,F01249,FERT_PURCHASE,Fertilizer,161 kg,Rs. 51/-,"Rs. 8,200/-",BRD-AMT
T021867,13/12/2022,F01249,FERT_PURCHASE,Fertilizer,43 kgs,Rs. 41/-,"Rs. 1,751/-",BRD-AMT
T021868,12/03/2023,F01249,LOAN_REPAY,Loan Repayment,,,"Rs. 1,200/-",BRD-AMT
T021869,13/03/2023,F01263,delivery,Wheat (Durum),38.13 quintals,"Rs. 2,605/-","Rs. 99,329/-",BRD-AMT
T021870,13/03/2023,F01263,FPO_DELIVERY,chana,0.68 quintals,"Rs. 6,490/-","Rs. 4,413/-",BRD-AMT
T021871,02/03/2023,F01263,D,GRAM (Chana),11.9 qtl,"Rs. 6,490/-","Rs. 77,361/-",BRD-AMT
T021872,02/12/2022,F01263,INPUT_PURCHASE,Fertilizer,274 kgs,Rs. 43/-,"Rs. 11,681/-",BRD-AMT
T021873,02/01/2023,F01263,Input Purchase,FERTILIZER 50kg bag,298 kg,Rs. 47/-,"Rs. 13,881/-",BRD-AMT
T021874,09/01/2023,F01263,FERT_PURCHASE,Urea,159 kgs,Rs. 39/-,"Rs. 6,241/-",BRD-AMT
T021875,05/04/2023,F01264,Delivery,wheat,13.2 qtl,"Rs. 2,485/-","Rs. 32,827/-",BRD-AMT
T021876,01/05/2023, F01264 ,D,WHEAT,6.30 quintals,"Rs. 2,485/-","Rs. 15,655.50",BRD-AMT
T021877,06/12/2022,F01264,input,Fertilizer,138 kg,Rs. 59/-,"Rs. 8,139/-",BRD-AMT
T021878,12/01/2023,F01264,input,DAP,206 kgs,Rs. 40/-,"Rs. 8,324/-",BRD-AMT
T021879,04/12/2022,F01264,I,Fertilizer,197 kg,Rs. 51/-,"Rs. 10,128/-",BRD-AMT
T021880,09/04/2023,F01274,Delivery,Lokwan Wheat,1.43 q,"Rs. 2,425/-","Rs. 3,468/-",BRD-AMT
T021881,16/03/2023,f01274,delivery,Wheat (Durum),18.39 quintals,"Rs. 2,425/-","Rs. 44,596/-",BRD-AMT
T021882,25/12/2022,F01274,FERT_PURCHASE,Bio-pesticide,290 kg,Rs. 297/-,"Rs. 86,200/-",BRD-AMT
T021883,02/05/2023,F01275,delivery,wheat,15.52 quintals,"Rs. 2,685/-","Rs. 41,671/-",BRD-AMT
T021884,06/05/2023,F01275,D,Bengal Gram,5.4 qtl,"Rs. 6,995/-","Rs. 37,703/-",BRD-AMT
T021885,13/05/2023,F01275,DELIVERY,chana,1.0 qtl,"Rs. 6,995/-","Rs. 6,995/-",BRD-AMT
T021886,24/04/2023,f01275,delivery,Gram,0.16 q,"Rs. 6,995/-","Rs. 1,119/-",BRD-AMT
T021887,01/05/2023,f01276,delivery,Lokwan Wheat,2.64 quintals,"Rs. 2,520/-","Rs. 6,653/-",BRD-AMT
T021888,12/04/2023, F01276 ,FPO_DELIVERY,wheat,10.1 qtl,"Rs. 2,520/-","Rs. 25,477/-",BRD-AMT
T021889,19/04/2023,F01276,Delivery,Bengal Gram,1.1 qtl,"Rs. 6,505/-","Rs. 7,351/-",BRD-AMT
T021890,18/03/2023,F01276,FPO_DELIVERY,Bengal Gram,2.89 q,"Rs. 6,505/-","Rs. 18,799/-",BRD-AMT
T021891,20/03/2023,F01280,DELIVERY,Wheat (Durum),0.3 qtl,"Rs. 2,565/-",Rs. 872/-,BRD-AMT
T021892,17/03/2023,F01280,D,Wheat (Durum),60.85 q,"Rs. 2,565/-",₹ N/A,BRD-AMT
T021893,04/05/2023,F01280,DELIVERY,Gram,21.46 quintals,"Rs. 6,575/-","Rs. 1,41,099.50",BRD-AMT
T021894,16/03/2023,F01280,DELIVERY,GRAM (Chana),0.72 quintals,"Rs. 6,575/-","Rs. 4,734/-",BRD-AMT
T021895,26/12/2022,F01280,Input Purchase,Fertilizer,60 kg,Rs. 47/-,"Rs. 2,846/-",BRD-AMT
T021896,15/12/2022,F01280,I,Urea,74 kg,Rs. 33/-,"Rs. 2,443/-",BRD-AMT
T021897,24/12/2022,F01280,FERT_PURCHASE,PP chemicals,206 kg,Rs. 422/-,"Rs. 87,006/-",BRD-AMT
T021898,18/03/2023,f01283,D,Lokwan Wheat,9.35 q,"Rs. 2,620/-","Rs. 24,497/-",BRD-AMT
T021899,11/03/2023,F01283,delivery,Wheat,0.54 q,"Rs. 2,620/-","Rs. 1,415/-",BRD-AMT
T021900,15/04/2023, F01283 ,FPO_DELIVERY,chana,4.24 quintals,"Rs. 7,090/-","Rs. 30,062/-",BRD-AMT
T021901,25/12/2022,F01283,Input Purchase,NPK 10:26:26,166 kgs,Rs. 50/-,"Rs. 8,287/-",BRD-AMT
T021902,03/12/2022,f01283,INPUT_PURCHASE,NPK 10:26:26,220 kg,Rs. 34/-,"Rs. 7,416/-",BRD-AMT
T021903,26/03/2023,F01285,FPO_DELIVERY,Wheat (Durum),26.8 qtl,"Rs. 2,525/-","Rs. 67,670/-",BRD-AMT
T021904,21/04/2023,f01285,D,Wheat,17.99 q,"Rs. 2,525/-","Rs. 45,425/-",BRD-AMT
T021905,26/12/2022,F01285,input,SEEDS,156 kgs,Rs. 72/-,"Rs. 11,243/-",BRD-AMT
T021906,02/12/2022,F01285,input,Urea,224 kg,Rs. 52/-,"Rs. 11,661/-",BRD-AMT
T021907,24/12/2022,F01285,INPUT_PURCHASE,NPK 10:26:26,63 kgs,Rs. 36/-,"Rs. 2,259/-",BRD-AMT
T021908,22/12/2022,F01285,Input Purchase,SEEDS,243 kgs,Rs. 78/-,"Rs. 18,925/-",BRD-AMT
T021909,28/03/2023,F01288,Delivery,Wheat,19.04 quintals,"Rs. 2,680/-","Rs. 51,027/-",BRD-AMT
T021910,09/05/2023,F01288,delivery,WHEAT,28.5 qtl,"Rs. 2,680/-","Rs. 76,273/-",BRD-AMT
T021911,11/01/2023,F01288,Input Purchase,FERTILIZER 50kg bag,298 kg,Rs. 42/-,"Rs. 12,444/-",BRD-AMT
T021912,14/05/2023,F01288,L,Loan Repayment,,,"Rs. 2,700/-",BRD-AMT
T021913,06/04/2023,F01288,loan,EMI,,,"Rs. 3,600/-",BRD-AMT
T021914,22/03/2023,F01292,Delivery,WHEAT,97.2 qtl,"Rs. 2,530/-","Rs. 2,45,967/-",BRD-AMT
T021915,21/04/2023,F01292,FPO_DELIVERY,Gram,32.1 qtl,"Rs. 6,305/-","Rs. 2,02,201/-",BRD-AMT
T021916,04/12/2022,F01292,I,NPK 10:26:26,149 kgs,Rs. 56/-,"Rs. 8,384/-",BRD-AMT
T021917,18/05/2023,F01292,L,Loan Repayment,,,"Rs. 2,100/-",BRD-AMT
T021918,04/04/2023,F01292,loan,EMI,,,"Rs. 4,900/-",BRD-AMT
T021919,14/02/2023,F01292,LOAN_REPAY,Loan Repayment,,,"Rs. 7,800/-",BRD-AMT
T021920,05/05/2023,F01293,delivery,WHEAT,15.68 q,"Rs. 2,535/-","Rs. 39,749/-",BRD-AMT
T021921,06/03/2023,F01293,FPO_DELIVERY,Wheat,5.40 q,"Rs. 2,535/-","Rs. 13,689/-",BRD-AMT
T021922,02/03/2023,F01293,Delivery,Wheat,4.66 quintals,"Rs. 2,535/-","Rs. 11,813/-",BRD-AMT
T021923,08/12/2022,f01293,I,SEEDS,241 kg,Rs. 121.50,"Rs. 29,281.50",BRD-AMT
T021924,19/05/2023,F01293,Loan Repayment,Loan Repayment,,,"Rs. 7,800/-",BRD-AMT
T021925,09/03/2023,F01296,delivery,WHEAT,51.32 q,"Rs. 2,445/-","Rs. 1,25,477/-",BRD-AMT
T021926,20/04/2023,F01296,delivery,Bengal Gram,1.20 q,"Rs. 6,005/-","Rs. 7,206/-",BRD-AMT
T021927,12/03/2023,F01296,DELIVERY,Bengal Gram,11.9 qtl,"Rs. 6,005/-","Rs. 71,520/-",BRD-AMT
T021928,02/01/2023,,Input Purchase,FERTILIZER 50kg bag,134 kgs,Rs. 50/-,"Rs. 6,747/-",BRD-AMT
T021929,24/12/2022,F01296,FERT_PURCHASE,PPC,42 kgs,Rs. 581/-,"Rs. 24,411/-",BRD-AMT
T021930,28/04/2023, F01297 ,delivery,Wheat (Durum),21.41 q,"Rs. 2,620/-","Rs. 56,094/-",BRD-AMT
T021931,05/01/2023,f01297,input,PPC,146 kg,Rs. 300/-,"Rs. 43,761/-",BRD-AMT
T021932,13/02/2023, F01297 ,Loan Repayment,EMI,,,"Rs. 7,400/-",BRD-AMT
T021933,26/03/2023,f01297,loan,Loan Repayment,,,"Rs. 3,200/-",BRD-AMT
T023220,10/03/2023,F02220,Delivery,Lokwan Wheat,0.42 q,"Rs. 2,440/-","Rs. 1,025/-",BRD-AMT
T023221,09/05/2023,F02220,D,WHEAT,34.41 q,"Rs. 2,440/-","Rs. 83,960/-",BRD-AMT
T023222,19/12/2022,F02220,input,Hybrid Seeds,83 kg,Rs. 72/-,"Rs. 5,998/-",BRD-AMT
T023239,17/03/2023,F02234,DELIVERY,Wheat,4.61 q,"Rs. 2,475/-","Rs. 11,410/-",BRD-AMT
T023240,11/04/2023,F02234,DELIVERY,wheat,6.15 quintals,"Rs. 2,475/-","Rs. 15,221/-",BRD-AMT
T023241,04/05/2023,f02234,FPO_DELIVERY,Lokwan Wheat,1.3 qtl,"Rs. 2,475/-","Rs. 3,292/-",BRD-AMT
T023242,23/12/2022,F02234,INPUT_PURCHASE,DAP,221 kg,Rs. 54/-,"Rs. 11,976/-",BRD-AMT
T023243,02/01/2023,F02234,Input Purchase,FERTILIZER 50kg bag,174 kgs,Rs. 48/-,"Rs. 8,293/-",BRD-AMT
T023244,25/12/2022,F02234,INPUT_PURCHASE,PP chemicals,192 kg,Rs. 221/-,"Rs. 42,367/-",BRD-AMT
T023259,20/03/2023,F02244,D,Lokwan Wheat,38.2 qtl,"Rs. 2,340/-","Rs. 89,411/-",BRD-AMT
T023260,31/03/2023,F02244,Delivery,Wheat (Durum),44.39 q,"Rs. 2,340/-","Rs. 1,03,873/-",BRD-AMT
T023261,09/12/2022,F02244,FERT_PURCHASE,DAP,242 kg,Rs. 35/-,"Rs. 8,526/-",BRD-AMT
T023273,20/04/2023,F02252,FPO_DELIVERY,WHEAT,38.9 qtl,"Rs. 2,715/-","Rs. 1,05,586/-",BRD-AMT
T023274,14/05/2023,F02252,Delivery,Wheat (Durum),6.73 quintals,"Rs. 2,715/-","Rs. 18,272/-",BRD-AMT
T023275,01/01/2023,f02252,I,Seeds,155 kg,Rs. 86/-,"Rs. 13,347/-",BRD-AMT
T023276,31/12/2022,f02252,FERT_PURCHASE,Seeds,314 kg,Rs. 51/-,"Rs. 16,042/-",BRD-AMT
T023277,05/12/2022,f02252,input,Urea,62 kg,Rs. 42/-,"Rs. 2,618/-",BRD-AMT
T023278,18/03/2023,F02261,D,wheat,68.06 q,"Rs. 2,695/-","Rs. 1,83,422/-",BRD-AMT
T023279,26/03/2023,f02261,FPO_DELIVERY,WHEAT,10.91 q,"Rs. 2,695/-","Rs. 29,402/-",BRD-AMT
T023280,15/12/2022,F02261,INPUT_PURCHASE,Fertilizer,160 kg,Rs. 44/-,"Rs. 7,056/-",BRD-AMT
T023281,14/12/2022,F02261,I,SEEDS,80 kgs,Rs. 91/-,"Rs. 7,302/-",BRD-AMT
T023353,07/05/2023,F02299,delivery,WHEAT,8.4 qtl,"Rs. 2,760/-","Rs. 23,184/-",BRD-AMT
T023354,27/03/2023,f02299,DELIVERY,wheat,15.24 q,"Rs. 2,760/-","Rs. 42,062/-",BRD-AMT
T023355,09/12/2022,f02299,FERT_PURCHASE,DAP,251 kgs,Rs. 54/-,"Rs. 13,449/-",BRD-AMT
T023368,31/03/2023,f02305,DELIVERY,wheat,19.64 q,"Rs. 2,565/-","Rs. 50,377/-",BRD-AMT
T023369,10/05/2023,F02305,Delivery,Wheat,14.7 qtl,"Rs. 2,565/-","Rs. 37,757/-",BRD-AMT
T023370,15/12/2022,F02305,I,Urea,280 kg,Rs. 47/-,"Rs. 13,054/-",BRD-AMT
T023371,10/12/2022,f02305,input,PPC,300 kg,Rs. 515/-,"Rs. 1,54,374/-",BRD-AMT
T023383,02/03/2023,F02309,Delivery,Lokwan Wheat,6.1 qtl,"Rs. 2,570/-","Rs. 15,754/-",BRD-AMT
T023384,27/03/2023,F02309,D,Wheat,14.39 quintals,"Rs. 2,570/-","Rs. 36,982/-",BRD-AMT
T023385,24/12/2022,F02309,Input Purchase,Seeds,258 kg,Rs. 65/-,"Rs. 16,716/-",BRD-AMT
T023403,13/03/2023,F02333,Delivery,Wheat,11.51 q,"Rs. 2,605/-","Rs. 29,984/-",BRD-AMT
T023404,26/03/2023,F02333,Delivery,Wheat (Durum),0.4 qtl,"Rs. 2,605/-","Rs. 1,146/-",BRD-AMT
T023405,28/12/2022,F02333,I,PPC,47 kgs,Rs. 232/-,"Rs. 10,886/-",BRD-AMT
T023510,16/03/2023,F02390,DELIVERY,wheat,11.13 quintals,"Rs. 2,525/-","Rs. 28,103/-",BRD-AMT
T023511,12/04/2023,F02390,delivery,Wheat (Durum),2.85 quintals,"Rs. 2,525/-","Rs. 7,196/-",BRD-AMT
T023584,03/03/2023,F02426,Delivery,wheat,37.3 qtl,"Rs. 2,560/-","Rs. 95,565/-",BRD-AMT
T023585,16/12/2022,F02426,I,Hybrid Seeds,317 kgs,Rs. 120/-,"Rs. 37,923/-",BRD-AMT
T023648,04/05/2023,F02451,delivery,wheat,31.59 q,"Rs. 2,750/-","Rs. 86,872.50",BRD-AMT
T023649,23/04/2023,F02451,DELIVERY,Lokwan Wheat,21.4 qtl,"Rs. 2,750/-","Rs. 58,822.50",BRD-AMT
T023650,20/03/2023,F02452,DELIVERY,Wheat,29.84 quintals,"Rs. 2,585/-","Rs. 77,136/-",BRD-AMT
T023651,25/03/2023,F02452,D,Lokwan Wheat,11.45 q,"Rs. 2,585/-","Rs. 29,598/-",BRD-AMT
T023652,12/12/2022,F02452,Input Purchase,DAP,28 kgs,Rs. 49/-,₹ N/A,BRD-AMT
T023774,03/05/2023,F02496,Delivery,Wheat,50.24 q,"Rs. 2,860/-","Rs. 1,43,686/-",BRD-AMT
T023775,18/03/2023,F02496,delivery,Lokwan Wheat,1.34 quintals,"Rs. 2,860/-","Rs. 3,832/-",BRD-AMT
T023776,24/12/2022,F02496,Input Purchase,SEEDS,166 kg,Rs. 123/-,"Rs. 20,421/-",BRD-AMT
T023777,30/12/2022,F02496,input,SEEDS,76 kgs,Rs. 106/-,"Rs. 8,075/-",BRD-AMT
T023778,31/12/2022,F02496,input,Urea,148 kg,Rs. 60/-,"Rs. 8,819/-",BRD-AMT
T023779,07/05/2023,F02496,L,Loan Repayment,,,"Rs. 3,900/-",BRD-AMT
T023787,14/04/2023,f02501,delivery,wheat,8.77 q,"Rs. 2,690/-","Rs. 23,591/-",BRD-AMT
T023788,10/04/2023,f02501,D,Lokwan Wheat,15.63 quintals,"Rs. 2,690/-","Rs. 42,045/-",BRD-AMT
T023789,24/12/2022,F02501,FERT_PURCHASE,Bio-pesticide,110 kgs,Rs. 422/-,"Rs. 46,372/-",BRD-AMT
T023818,21/04/2023,F02511,delivery,WHEAT,29.80 q,"Rs. 2,840/-","Rs. 84,632/-",BRD-AMT
T023819,28/12/2022,F02511,loan,EMI,,,"Rs. 2,100/-",BRD-AMT
T023834,21/04/2023,F02516,delivery,WHEAT,9.8 qtl,"Rs. 2,555/-","Rs. 25,013/-",BRD-AMT
T023835,04/03/2023,F02516,FPO_DELIVERY,Lokwan Wheat,24.56 quintals,"Rs. 2,555/-","Rs. 62,751/-",BRD-AMT
T023836,01/01/2023,f02516,I,Bio-pesticide,191 kgs,Rs. 642/-,"Rs. 1,22,635/-",BRD-AMT
T023837,10/04/2023,F02517,FPO_DELIVERY,Wheat (Durum),2.16 q,"Rs. 2,605/-","Rs. 5,627/-",BRD-AMT
T023838,02/05/2023,F02517,FPO_DELIVERY,WHEAT,39.3 qtl,"Rs. 2,605/-","Rs. 1,02,298/-",BRD-AMT
T023839,07/12/2022,F02517,FERT_PURCHASE,NPK 10:26:26,278 kg,Rs. 37/-,"Rs. 10,292/-",BRD-AMT
T023840,28/12/2022,F02517,FERT_PURCHASE,PP chemicals,191 kgs,Rs. 664/-,"Rs. 1,26,734/-",BRD-AMT
T023841,12/01/2023,F02517,input,FERTILIZER 50kg bag,247 kg,Rs. 42/-,"Rs. 10,485/-",BRD-AMT
T023842,09/01/2023,F02517,Input Purchase,NPK 10:26:26,31 kg,Rs. 41/-,"Rs. 1,279/-",BRD-AMT
T023843,11/01/2023,F02517,FERT_PURCHASE,PP chemicals,76 kg,Rs. 695/-,"Rs. 52,818/-",BRD-AMT
T023844,31/12/2022,F02517,input,SEEDS,114 kg,Rs. 106/-,"Rs. 12,034/-",BRD-AMT
T023861,17/04/2023,F02522,D,Wheat (Durum),46.12 quintals,"Rs. 2,590/-","Rs. 1,19,451/-",BRD-AMT
T023862,07/03/2023,F02522,DELIVERY,Wheat (Durum),10.42 quintals,"Rs. 2,590/-","Rs. 26,988/-",BRD-AMT
T023863,06/01/2023,F02522,I,Urea,69 kgs,Rs. 31/-,"Rs. 2,169/-",BRD-AMT
T023864,15/12/2022,F02522,I,PPC,34 kgs,Rs. 322/-,"Rs. 10,956/-",BRD-AMT
T023869,11/03/2023,F02525,DELIVERY,Wheat,15.11 q,"Rs. 2,650/-","Rs. 40,041.50",BRD-AMT
T023870,01/04/2023,F02525,D,WHEAT,21.2 qtl,"Rs. 2,650/-","Rs. 56,101/-",BRD-AMT
T023871,29/12/2022,F02525,INPUT_PURCHASE,FERTILIZER 50kg bag,111 kg,Rs. 58/-,"Rs. 6,449/-",BRD-AMT
T023872,25/12/2022,F02525,INPUT_PURCHASE,FERTILIZER 50kg bag,143 kg,Rs. 38/-,"Rs. 5,385/-",BRD-AMT
T023893,17/04/2023,F02530,FPO_DELIVERY,Wheat (Durum),17.2 qtl,"Rs. 2,465/-","Rs. 42,521/-",BRD-AMT
T023894,17/12/2022,F02530,I,Bio-pesticide,145 kgs,Rs. 473/-,"Rs. 68,552/-",BRD-AMT
T023895,28/12/2022,F02530,Input Purchase,Urea,222 kgs,Rs. 32/-,"Rs. 7,088/-",BRD-AMT
T024113,11/11/2023,F01155,D,Soybean,1.7 qtl,"Rs. 5,715/-","Rs. 9,944/-",BRD-AMT
T024114,30/10/2023,F01158,DELIVERY,soya,13.3 qtl,"Rs. 5,755/-","Rs. 76,714/-",BRD-AMT
T024115,17/11/2023,,DELIVERY,Soybean,15.2 qtl,"Rs. 6,120/-","Rs. 93,269/-",BRD-AMT
T024116,14/11/2023,F01160,FPO_DELIVERY,COTTON (Kapas),6.99 quintals,"Rs. 9,395/-","Rs. 65,671/-",BRD-AMT
T024117,17/11/2023,f01160,delivery,Cotton,4.83 q,"Rs. 9,395/-","Rs. 45,378/-",BRD-AMT
T024118,05/07/2023,F01160,input,PPC,297 kgs,Rs. 271/-,"Rs. 80,576/-",BRD-AMT
T024119,13/06/2023,F01160,I,DAP,69 kgs,Rs. 49/-,"Rs. 3,394/-",BRD-AMT
T024120,09/11/2023,F01163,delivery,soya,21.44 quintals,"Rs. 5,755/-","Rs. 1,23,387/-",BRD-AMT
T024121,05/10/2023,F01163,DELIVERY,Soybean (Yellow),13.66 q,"Rs. 5,755/-","Rs. 78,613/-",BRD-AMT
T024122,20/06/2023, F01163 ,I,FERTILIZER 50kg bag,177 kgs,Rs. 54/-,"Rs. 9,514/-",BRD-AMT
T024123,26/10/2023,F01164,D,Soybean,24.19 q,"Rs. 5,925/-","Rs. 1,43,326/-",BRD-AMT
T024124,02/06/2023,F01164,input,Bio-pesticide,62 kgs,Rs. 305/-,"Rs. 18,920/-",BRD-AMT
T024125,13/10/2023,F01165,Delivery,soya,10.47 quintals,"Rs. 5,970/-","Rs. 62,506/-",BRD-AMT
T024126,16/10/2023,F01165,D,SOYABEAN,16.72 quintals,"Rs. 5,970/-","Rs. 99,818/-",BRD-AMT
T024127,15/11/2023,F01169,Delivery,Soybean,25.7 qtl,"Rs. 6,005/-","Rs. 1,54,088/-",BRD-AMT
T024128,12/06/2023,F01169,Input Purchase,PP chemicals,198 kg,Rs. 218/-,"Rs. 43,204/-",BRD-AMT
T024129,27/10/2023,F01170,DELIVERY,Soybean,21.7 qtl,"Rs. 6,040/-","Rs. 1,31,008/-",BRD-AMT
T024130,22/10/2023,F01170,delivery,Cotton,1.50 quintals,"Rs. 9,085/-","Rs. 13,627.50",BRD-AMT
T024131,06/10/2023,F01170,FPO_DELIVERY,Cotton,13.2 qtl,"Rs. 9,085/-","Rs. 1,20,285/-",BRD-AMT
T024132,11/06/2023,F01170,INPUT_PURCHASE,NPK 10:26:26,256 kgs,Rs. 35/-,"Rs. 8,932/-",BRD-AMT
T024133,03/06/2023,F01170,INPUT_PURCHASE,Urea,196 kgs,Rs. 57/-,"Rs. 11,164/-",BRD-AMT
T024134,11/07/2023,F01170,I,NPK 10:26:26,54 kg,Rs. 34/-,"Rs. 1,827/-",BRD-AMT
T024135,23/06/2023,F01170,Input Purchase,FERTILIZER 50kg bag,149 kgs,Rs. 44/-,"Rs. 6,531/-",BRD-AMT
T024136,12/07/2023, F01170 ,INPUT_PURCHASE,PP chemicals,233 kg,Rs. 534/-,"Rs. 1,24,312/-",BRD-AMT
T024137,17/10/2023,F01171,DELIVERY,SOYABEAN,10.59 q,"Rs. 5,440/-","Rs. 57,610/-",BRD-AMT
T024138,12/10/2023,F01171,Delivery,Soybean (Yellow),2.38 q,"Rs. 5,440/-","Rs. 12,947/-",BRD-AMT
T024139,15/07/2023,F01171,INPUT_PURCHASE,DAP,113 kg,Rs. 36/-,"Rs. 4,061/-",BRD-AMT
T024140,10/11/2023,F01176,delivery,Soybean,0.48 quintals,"Rs. 5,750/-","Rs. 2,760/-",BRD-AMT
T024141,12/11/2023, F01176 ,D,SOYABEAN,5.87 q,"Rs. 5,750/-","Rs. 33,752.50",BRD-AMT
T024142,05/11/2023,F01176,D,kapas,4.49 q,"Rs. 9,440/-","Rs. 42,386/-",BRD-AMT
T024143,11/07/2023,F01176,FERT_PURCHASE,SEEDS,130 kg,Rs. 93/-,"Rs. 12,128/-",BRD-AMT
T024144,18/06/2023,F01176,INPUT_PURCHASE,NPK 10:26:26,110 kgs,Rs. 32/-,"Rs. 3,467/-",BRD-AMT
T024145,08/11/2023,F01179,delivery,soya,29.09 quintals,"Rs. 5,735/-","Rs. 1,66,831/-",BRD-AMT
T024146,09/10/2023,F01179,Delivery,COTTON (Kapas),11.1 qtl,"Rs. 8,705/-","Rs. 96,974/-",BRD-AMT
T024147,12/10/2023,F01179,FPO_DELIVERY,kapas,11.15 quintals,"Rs. 8,705/-","Rs. 97,061/-",BRD-AMT
T024148,22/10/2023,F01191,FPO_DELIVERY,SOYABEAN,0.76 q,"Rs. 5,635/-","Rs. 4,283/-",BRD-AMT
T024149,09/10/2023,F01191,FPO_DELIVERY,Soybean (Yellow),7.6 qtl,"Rs. 5,635/-","Rs. 42,882/-",BRD-AMT
T024150,26/10/2023,F01193,D,Soybean,36.85 quintals,"Rs. 5,760/-","Rs. 2,12,256/-",BRD-AMT
T024151,15/06/2023,F01193,INPUT_PURCHASE,Urea,64 kgs,Rs. 48/-,"Rs. 3,069/-",BRD-AMT
T024152,21/11/2023,F01199,Delivery,soya,10.17 q,"Rs. 5,860/-","Rs. 59,596/-",BRD-AMT
T024153,09/11/2023, F01199 ,DELIVERY,SOYABEAN,10.8 qtl,"Rs. 5,860/-","Rs. 63,347/-",BRD-AMT
T024154,17/11/2023,F01199,FPO_DELIVERY,Cotton Kapas,14.46 quintals,"Rs. 8,655/-","Rs. 1,25,151/-",BRD-AMT
T024155,13/07/2023,f01199,I,Fertilizer,172 kgs,Rs. 57/-,"Rs. 9,873/-",BRD-AMT
T024156,04/10/2023,F01203,D,soya,8.2 qtl,"Rs. 6,220/-","Rs. 51,253/-",BRD-AMT
T024157,15/10/2023, F01203 ,DELIVERY,SOYABEAN,6.8 qtl,"Rs. 6,220/-","Rs. 42,234/-",BRD-AMT
T024158,02/10/2023,F01203,D,kapas,4.5 qtl,"Rs. 9,235/-","Rs. 41,465/-",BRD-AMT
T024159,19/10/2023,f01203,Delivery,Cotton,6.98 quintals,"Rs. 9,235/-","Rs. 64,460/-",BRD-AMT
T024160,05/06/2023,f01203,FERT_PURCHASE,PP chemicals,121 kgs,Rs. 457/-,"Rs. 55,330/-",BRD-AMT
T024161,15/10/2023,F01207,DELIVERY,SOYABEAN,21.45 q,"Rs. 6,140/-","Rs. 1,31,703/-",BRD-AMT
T024162,15/06/2023,F01207,INPUT_PURCHASE,Seeds,147 kg,Rs. 65/-,"Rs. 9,592/-",BRD-AMT
T024163,20/08/2023,F01207,LOAN_REPAY,EMI,,,"Rs. 1,700/-",BRD-AMT
T024164,03/09/2023,F01207,LOAN_REPAY,Loan Repayment,,,"Rs. 4,100/-",BRD-AMT
T024165,29/11/2023,f01216,D,soya,0.63 quintals,"Rs. 5,680/-","Rs. 3,578/-",BRD-AMT
T024166,17/10/2023,F01216,delivery,SOYABEAN,16.29 quintals,"Rs. 5,680/-","Rs. 92,527/-",BRD-AMT
T024167,06/06/2023,F01216,I,SEEDS,186 kg,Rs. 96/-,"Rs. 17,795/-",BRD-AMT
T024168,27/06/2023,F01216,FERT_PURCHASE,SEEDS,207 kgs,Rs. 100/-,"Rs. 20,741/-",BRD-AMT
T024169,29/10/2023,F01219,Delivery,Soybean,14.11 quintals,"Rs. 6,195/-","Rs. 87,411/-",BRD-AMT
T024170,01/10/2023,F01219,Delivery,SOYABEAN,1.26 q,"Rs. 6,195/-","Rs. 7,806/-",BRD-AMT
T024171,24/10/2023,f01219,L,EMI,,,"Rs. 4,400/-",BRD-AMT
T024172,28/11/2023,F01223,FPO_DELIVERY,Soybean (Yellow),17.29 q,"Rs. 6,015/-","Rs. 1,03,999/-",BRD-AMT
T024173,15/10/2023,F01223,Delivery,SOYABEAN,33.9 qtl,"Rs. 6,015/-","Rs. 2,03,608/-",BRD-AMT
T024174,21/06/2023,F01223,INPUT_PURCHASE,DAP,88 kg,Rs. 57/-,"Rs. 5,017/-",BRD-AMT
T024175,08/06/2023,F01223,Input Purchase,NPK 10:26:26,159 kg,Rs. 42/-,"Rs. 6,695/-",BRD-AMT
T024176,28/11/2023,F01226,D,SOYABEAN,5.0 qtl,"Rs. 5,420/-","Rs. 27,154/-",BRD-AMT
T024177,08/11/2023,F01226,DELIVERY,Soybean,10.20 quintals,"Rs. 5,420/-","Rs. 55,284/-",BRD-AMT
T024178,28/06/2023,F01226,FERT_PURCHASE,Fertilizer,318 kg,Rs. 54/-,"Rs. 17,045/-",BRD-AMT
T024179,04/11/2023,F01227,delivery,Soybean,0.74 q,"Rs. 5,865/-","Rs. 4,340/-",BRD-AMT
T024180,19/11/2023,F01227,D,SOYABEAN,19.8 qtl,"Rs. 5,865/-","Rs. 1,15,951/-",BRD-AMT
T024181,30/10/2023,F01227,DELIVERY,Cotton,14.57 q,"Rs. 8,635/-","Rs. 1,25,812/-",BRD-AMT
T024182,20/06/2023,F01227,input,Seeds,64 kgs,Rs. 74/-,"Rs. 4,728/-",BRD-AMT
T024183,01/08/2023,F01227,loan,EMI,,,"Rs. 6,700/-",BRD-AMT
T024184,16/10/2023,F01228,Delivery,Soybean (Yellow),1.98 q,"Rs. 5,585/-","Rs. 11,058/-",BRD-AMT
T024185,07/11/2023,f01235,Delivery,Soybean (Yellow),0.9 qtl,"Rs. 5,410/-","Rs. 5,085/-",BRD-AMT
T024186,11/10/2023,f01235,DELIVERY,SOYABEAN,9.86 q,"Rs. 5,410/-","Rs. 53,343/-",BRD-AMT
T024187,30/11/2023,F01235,delivery,Cotton,8.12 quintals,"Rs. 9,370/-","Rs. 76,084/-",BRD-AMT
T024188,16/10/2023, F01236 ,delivery,Soybean,5.76 quintals,"Rs. 5,950/-","Rs. 34,272/-",BRD-AMT
T024189,16/10/2023,F01236,delivery,soya,8.52 quintals,"Rs. 5,950/-","Rs. 50,694/-",BRD-AMT
T024190,28/11/2023,F01236,DELIVERY,Soybean,3.29 q,"Rs. 5,950/-","Rs. 19,575.50",BRD-AMT
T024191,08/10/2023,F01238,Delivery,Soybean (Yellow),0.22 q,"Rs. 5,960/-","Rs. 1,311/-",BRD-AMT
T024192,07/10/2023,F01238,D,soya,2.7 qtl,"Rs. 5,960/-","Rs. 15,973/-",BRD-AMT
T024193,17/11/2023,F01238,delivery,Cotton Kapas,2.41 q,"Rs. 8,560/-","Rs. 20,630/-",BRD-AMT
T024194,27/07/2023,F01238,L,EMI,,,"Rs. 5,000/-",BRD-AMT
T024195,19/11/2023,f01249,Delivery,SOYABEAN,10.57 q,"Rs. 5,675/-","Rs. 59,985/-",BRD-AMT
T024196,31/10/2023,F01249,FPO_DELIVERY,soya,6.20 q,"Rs. 5,675/-","Rs. 35,185/-",BRD-AMT
T024197,15/07/2023,F01249,I,Fertilizer,35 kg,Rs. 47/-,"Rs. 1,645/-",BRD-AMT
T024198,04/11/2023,F01249,loan,Loan Repayment,,,"Rs. 7,600/-",BRD-AMT
T024199,04/11/2023,F01263,Delivery,SOYABEAN,2.8 qtl,"Rs. 5,515/-","Rs. 15,332/-",BRD-AMT
T024200,04/10/2023,f01263,D,Soybean,8.95 quintals,"Rs. 5,515/-","Rs. 49,359/-",BRD-AMT
T024201,14/10/2023,F01263,Delivery,soya,2.3 qtl,"Rs. 5,515/-","Rs. 12,464/-",BRD-AMT
T024202,06/07/2023,F01263,INPUT_PURCHASE,Fertilizer,198 kg,Rs. 45/-,"Rs. 8,952/-",BRD-AMT
T024203,19/06/2023,f01263,input,PP chemicals,245 kg,Rs. 587/-,"Rs. 1,43,911/-",BRD-AMT
T024204,27/06/2023,F01263,I,SEEDS,290 kgs,Rs. 107/-,"Rs. 31,033/-",BRD-AMT
T024205,04/07/2023,F01263,INPUT_PURCHASE,Hybrid Seeds,159 kgs,Rs. 107/-,"Rs. 17,026/-",BRD-AMT
T024206,16/06/2023,F01263,INPUT_PURCHASE,NPK 10:26:26,259 kg,Rs. 47/-,"Rs. 12,176/-",BRD-AMT
T024207,03/11/2023,F01264,D,SOYABEAN,1.2 qtl,"Rs. 5,910/-","Rs. 6,856/-",BRD-AMT
T024208,19/10/2023,F01264,FPO_DELIVERY,Soybean,7.81 quintals,"Rs. 5,910/-","Rs. 46,157/-",BRD-AMT
T024209,09/06/2023,f01264,I,Seeds,100 kg,Rs. 84/-,"Rs. 8,417/-",BRD-AMT
T024210,22/10/2023,F01274,delivery,SOYABEAN,0.66 quintals,"Rs. 5,590/-","Rs. 3,689/-",BRD-AMT
T024211,18/11/2023,F01274,delivery,SOYABEAN,8.1 qtl,"Rs. 5,590/-","Rs. 45,000/-",BRD-AMT
T024212,03/10/2023,F01274,Delivery,kapas,6.89 q,"Rs. 9,265/-","Rs. 63,836/-",BRD-AMT
T024213,02/11/2023,F01274,Delivery,Cotton,0.19 q,"Rs. 9,265/-","Rs. 1,760/-",BRD-AMT
T024214,22/06/2023,f01274,I,Fertilizer,59 kgs,Rs. 43/-,"Rs. 2,548/-",BRD-AMT
T024215,13/07/2023,F01274,input,Fertilizer,256 kg,Rs. 32/-,"Rs. 8,251/-",BRD-AMT
T024216,14/07/2023,F01274,Input Purchase,SEEDS,268 kgs,Rs. 59/-,"Rs. 15,911/-",BRD-AMT
T024217,29/10/2023,f01275,D,soya,5.2 qtl,"Rs. 5,680/-","Rs. 29,366/-",BRD-AMT
T024218,07/10/2023,F01275,DELIVERY,soya,0.81 quintals,"Rs. 5,680/-","Rs. 4,601/-",BRD-AMT
T024219,20/10/2023,f01275,D,Cotton,5.94 q,"Rs. 9,025/-","Rs. 53,608.50",BRD-AMT
T024220,25/06/2023,F01275,Input Purchase,Fertilizer,263 kg,Rs. 37/-,"Rs. 9,626/-",BRD-AMT
T024221,21/10/2023,F01280,delivery,SOYABEAN,32.77 quintals,"Rs. 5,615/-","Rs. 1,84,004/-",BRD-AMT
T024222,21/10/2023,f01280,FPO_DELIVERY,soya,7.0 qtl,"Rs. 5,615/-","Rs. 39,137/-",BRD-AMT
T024223,30/06/2023,F01280,FERT_PURCHASE,Urea,148 kg,Rs. 39/-,"Rs. 5,708/-",BRD-AMT
T024224,17/06/2023,F01280,Input Purchase,Urea,104 kgs,Rs. 41/-,"Rs. 4,235/-",BRD-AMT
T024225,29/06/2023,F01280,input,SEEDS,150 kgs,Rs. 129/-,"Rs. 19,317/-",BRD-AMT
T024226,12/06/2023,f01280,I,PP chemicals,49 kg,Rs. 357/-,"Rs. 17,495/-",BRD-AMT
T024227,18/11/2023,f01280,LOAN_REPAY,EMI,,,"Rs. 3,100/-",BRD-AMT
T024228,16/06/2023,F01280,LOAN_REPAY,Loan Repayment,,,"Rs. 6,500/-",BRD-AMT
T024229,24/11/2023,F01283,D,SOYABEAN,1.39 q,"Rs. 6,230/-","Rs. 8,660/-",BRD-AMT
T024230,28/11/2023,F01283,delivery,Soybean,3.3 qtl,"Rs. 6,230/-","Rs. 20,434/-",BRD-AMT
T024231,25/06/2023,F01283,Input Purchase,Seeds,247 kg,Rs. 116/-,"Rs. 28,687/-",BRD-AMT
T024232,14/07/2023,F01283,I,PPC,199 kg,Rs. 301/-,"Rs. 59,849/-",BRD-AMT
T024233,15/10/2023,F01285,delivery,Soybean,3.9 qtl,"Rs. 5,880/-","Rs. 22,814/-",BRD-AMT
T024234,31/10/2023,F01285,DELIVERY,Soybean,0.23 quintals,"Rs. 5,880/-","Rs. 1,352/-",BRD-AMT
T024235,16/10/2023, F01285 ,DELIVERY,Soybean (Yellow),19.03 quintals,"Rs. 5,880/-","Rs. 1,11,896/-",BRD-AMT
T024236,16/06/2023,f01285,FERT_PURCHASE,Seeds,48 kgs,Rs. 120/-,"Rs. 5,742/-",BRD-AMT
T024237,15/07/2023,F01285,Input Purchase,NPK 10:26:26,95 kgs,Rs. 32/-,"Rs. 3,087/-",BRD-AMT
T024238,22/06/2023,F01285,FERT_PURCHASE,NPK 10:26:26,158 kg,Rs. 35/-,"Rs. 5,562/-",BRD-AMT
T024239,08/06/2023,F01285,FERT_PURCHASE,Bio-pesticide,101 kgs,Rs. 438/-,"Rs. 44,285/-",BRD-AMT
T024240,07/10/2023,F01288,D,soya,21.0 qtl,"Rs. 5,695/-","Rs. 1,19,424/-",BRD-AMT
T024241,20/10/2023,f01288,DELIVERY,soya,2.9 qtl,"Rs. 5,695/-","Rs. 16,459/-",BRD-AMT
T024242,03/06/2023,F01288,input,DAP,103 kg,Rs. 45/-,"Rs. 4,649/-",BRD-AMT
T024243,14/07/2023,F01288,input,Bio-pesticide,212 kgs,Rs. 472/-,"Rs. 1,00,026/-",BRD-AMT
T024244,26/11/2023,F01288,loan,EMI,,,"Rs. 6,900/-",BRD-AMT
T024245,27/11/2023,F01292,Delivery,SOYABEAN,22.27 q,"Rs. 5,665/-","Rs. 1,26,160/-",BRD-AMT
T024246,08/10/2023,f01292,delivery,Soybean,28.15 q,"Rs. 5,665/-","Rs. 1,59,470/-",BRD-AMT
T024247,11/07/2023,F01292,I,NPK 10:26:26,70 kgs,Rs. 58/-,"Rs. 4,088/-",BRD-AMT
T024248,05/11/2023,F01293,DELIVERY,SOYABEAN,11.3 qtl,"Rs. 5,865/-","Rs. 66,509/-",BRD-AMT
T024249,16/10/2023,F01296,FPO_DELIVERY,soya,12.4 qtl,"Rs. 5,710/-","Rs. 70,576/-",BRD-AMT
T024250,24/11/2023,F01296,DELIVERY,SOYABEAN,10.9 qtl,"Rs. 5,710/-","Rs. 62,182/-",BRD-AMT
T024251,18/06/2023,F01296,input,Seeds,220 kgs,Rs. 95/-,"Rs. 21,006/-",BRD-AMT
T024252,15/10/2023,F01297,delivery,soya,8.5 qtl,"Rs. 5,870/-","Rs. 49,836/-",BRD-AMT
T024253,27/10/2023,F01297,DELIVERY,Soybean (Yellow),0.41 q,"Rs. 5,870/-","Rs. 2,407/-",BRD-AMT
T024254,10/06/2023,F01297,I,Bio-pesticide,172 kg,Rs. 588/-,"Rs. 1,01,067/-",BRD-AMT
T024255,15/06/2023,F01297,Input Purchase,Urea,53 kgs,Rs. 30/-,"Rs. 1,583/-",BRD-AMT
T025373,23/11/2023,F02220,FPO_DELIVERY,Soybean,17.6 qtl,"Rs. 5,600/-","Rs. 98,784/-",BRD-AMT
T025374,26/11/2023,F02220,D,Soybean (Yellow),2.9 qtl,"Rs. 5,600/-","Rs. 16,352/-",BRD-AMT
T025375,08/06/2023,F02220,I,Seeds,81 kg,Rs. 53/-,"Rs. 4,298/-",BRD-AMT
T025376,21/06/2023,F02220,I,Seeds,27 kgs,Rs. 48/-,"Rs. 1,302/-",BRD-AMT
T025401,19/11/2023,F02234,DELIVERY,Soybean (Yellow),1.3 qtl,"Rs. 5,510/-","Rs. 6,998/-",BRD-AMT
T025402,22/11/2023,f02234,Delivery,Soybean (Yellow),4.7 qtl,"Rs. 5,510/-","Rs. 25,622/-",BRD-AMT
T025403,18/06/2023,F02234,Input Purchase,FERTILIZER 50kg bag,309 kg,Rs. 55/-,"Rs. 16,933/-",BRD-AMT
T025404,09/07/2023,F02234,I,Seeds,101 kg,Rs. 52/-,"Rs. 5,217/-",BRD-AMT
T025407,27/10/2023,F02244,DELIVERY,soya,2.1 qtl,"Rs. 6,045/-","Rs. 12,453/-",BRD-AMT
T025408,08/11/2023,F02244,FPO_DELIVERY,Soybean (Yellow),3.33 q,"Rs. 6,045/-","Rs. 20,130/-",BRD-AMT
T025409,20/11/2023,f02244,delivery,SOYABEAN,23.2 qtl,"Rs. 6,045/-","Rs. 1,40,304/-",BRD-AMT
T025410,11/06/2023, F02244 ,FERT_PURCHASE,FERTILIZER 50kg bag,301 kg,Rs. 58/-,"Rs. 17,449/-",BRD-AMT
T025411,14/07/2023,F02244,Input Purchase,Seeds,229 kgs,Rs. 90/-,"Rs. 20,518/-",BRD-AMT
T025412,02/06/2023,f02244,Input Purchase,PP chemicals,82 kg,Rs. 575/-,"Rs. 47,153/-",BRD-AMT
T025426,21/10/2023,F02252,Delivery,Soybean (Yellow),17.05 q,"Rs. 5,680/-","Rs. 96,844/-",BRD-AMT
T025427,26/10/2023,F02252,D,SOYABEAN,7.88 quintals,"Rs. 5,680/-","Rs. 44,758/-",BRD-AMT
T025428,11/06/2023,f02252,input,NPK 10:26:26,318 kg,Rs. 41/-,"Rs. 13,070/-",BRD-AMT
T025429,14/06/2023,F02252,INPUT_PURCHASE,SEEDS,215 kg,Rs. 109/-,"Rs. 23,334/-",BRD-AMT
T025430,31/07/2023,F02252,LOAN_REPAY,EMI,,,"Rs. 3,200/-",BRD-AMT
T025431,08/10/2023,F02261,DELIVERY,SOYABEAN,38.32 q,"Rs. 5,895/-","Rs. 2,25,896/-",BRD-AMT
T025432,21/10/2023,F02261,DELIVERY,SOYABEAN,6.52 q,"Rs. 5,895/-","Rs. 38,435/-",BRD-AMT
T025433,08/06/2023,F02261,I,FERTILIZER 50kg bag,212 kgs,Rs. 59/-,"Rs. 12,417/-",BRD-AMT
T025434,15/07/2023,f02261,input,Fertilizer,267 kgs,Rs. 55/-,"Rs. 14,608/-",BRD-AMT
T025435,14/06/2023,F02261,input,Fertilizer,81 kg,Rs. 47/-,"Rs. 3,796/-",BRD-AMT
T025436,15/06/2023,F02261,input,FERTILIZER 50kg bag,250 kg,Rs. 44/-,"Rs. 11,057.50",BRD-AMT
T025437,03/06/2023,F02261,FERT_PURCHASE,Urea,72 kgs,Rs. 33/-,"Rs. 2,364/-",BRD-AMT
T025511,02/11/2023,f02299,delivery,soya,3.35 quintals,"Rs. 5,945/-","Rs. 19,916/-",BRD-AMT
T025512,15/07/2023,F02299,FERT_PURCHASE,FERTILIZER 50kg bag,190 kgs,Rs. 43/-,"Rs. 8,088/-",BRD-AMT
T025528,29/10/2023,F02305,D,Soybean (Yellow),1.91 q,"Rs. 6,020/-","Rs. 11,498/-",BRD-AMT
T025529,11/10/2023,F02305,FPO_DELIVERY,Soybean,8.72 quintals,"Rs. 6,020/-","Rs. 52,494/-",BRD-AMT
T025530,20/11/2023,F02305,DELIVERY,Soybean (Yellow),4.4 qtl,"Rs. 6,020/-","Rs. 26,488/-",BRD-AMT
T025538,22/11/2023,F02309,Delivery,soya,3.72 q,"Rs. 5,945/-","Rs. 22,115/-",BRD-AMT
T025539,23/10/2023,F02309,Delivery,SOYABEAN,6.02 q,"Rs. 5,945/-","Rs. 35,789/-",BRD-AMT
T025558,04/11/2023,F02333,FPO_DELIVERY,SOYABEAN,2.82 quintals,"Rs. 5,630/-","Rs. 15,877/-",BRD-AMT
T025630,20/11/2023,F02390,D,Soybean,5.44 quintals,"Rs. 5,680/-","Rs. 30,899/-",BRD-AMT
T025631,01/07/2023, F02390 ,INPUT_PURCHASE,Urea,308 kgs,Rs. 41/-,"Rs. 12,665/-",BRD-AMT
T025696,06/10/2023,F02426,D,Soybean (Yellow),5.51 quintals,"Rs. 5,715/-","Rs. 31,490/-",BRD-AMT
T025740,05/11/2023,F02451,FPO_DELIVERY,Soybean (Yellow),14.52 quintals,"Rs. 6,200/-","Rs. 90,024/-",BRD-AMT
T025741,20/11/2023,F02451,FPO_DELIVERY,Soybean,13.40 q,"Rs. 6,200/-","Rs. 83,080/-",BRD-AMT
T025742,19/06/2023,F02451,I,PPC,55 kgs,Rs. 569/-,"Rs. 31,290/-",BRD-AMT
T025743,25/06/2023,F02451,FERT_PURCHASE,FERTILIZER 50kg bag,76 kg,Rs. 34/-,"Rs. 2,561/-",BRD-AMT
T025744,05/07/2023,F02451,Input Purchase,Fertilizer,302 kg,Rs. 30/-,"Rs. 9,021/-",BRD-AMT
T025745,25/06/2023,F02451,FERT_PURCHASE,Fertilizer,110 kgs,Rs. 41/-,"Rs. 4,470/-",BRD-AMT
T025746,04/10/2023,F02452,DELIVERY,soya,17.84 q,"Rs. 5,810/-","Rs. 1,03,650/-",BRD-AMT
T025747,02/07/2023,F02452,input,Urea,217 kg,Rs. 32/-,"Rs. 6,964/-",BRD-AMT
T025748,26/06/2023,F02452,input,Seeds,79 kgs,Rs. 109/-,"Rs. 8,634/-",BRD-AMT
T025749,05/06/2023,F02452,I,PP chemicals,301 kg,Rs. 325/-,"Rs. 97,813/-",BRD-AMT
T025750,08/07/2023,F02452,I,Fertilizer,261 kgs,Rs. 30/-,"Rs. 7,838/-",BRD-AMT
T025852,07/11/2023,F02496,FPO_DELIVERY,soya,21.90 q,"Rs. 5,790/-","Rs. 1,26,801/-",BRD-AMT
T025853,01/07/2023,F02496,FERT_PURCHASE,DAP,252 kgs,Rs. 48/-,"Rs. 12,028/-",BRD-AMT
T025854,10/06/2023,F02496,loan,EMI,,,"Rs. 4,800/-",BRD-AMT
T025868,02/11/2023,F02501,FPO_DELIVERY,soya,12.04 quintals,"Rs. 5,940/-","Rs. 71,518/-",BRD-AMT
T025869,08/06/2023,F02501,input,SEEDS,215 kg,Rs. 72/-,"Rs. 15,409/-",BRD-AMT
T025870,11/06/2023,F02501,INPUT_PURCHASE,NPK 10:26:26,118 kgs,Rs. 58/-,"Rs. 6,816/-",BRD-AMT
T025871,02/07/2023, F02501 ,Input Purchase,Urea,147 kgs,Rs. 59/-,"Rs. 8,655/-",BRD-AMT
T025894,28/10/2023,F02511,FPO_DELIVERY,Soybean,2.96 quintals,"Rs. 5,885/-","Rs. 17,420/-",BRD-AMT
T025895,29/10/2023,F02511,delivery,Soybean,5.60 q,"Rs. 5,885/-","Rs. 32,956/-",BRD-AMT
T025896,23/11/2023, F02511 ,delivery,Soybean (Yellow),0.96 q,"Rs. 5,885/-","Rs. 5,650/-",BRD-AMT
T025917,01/10/2023,F02516,D,Soybean (Yellow),13.75 q,"Rs. 5,765/-","Rs. 79,269/-",BRD-AMT
T025918,10/06/2023,F02516,I,PP chemicals,93 kgs,Rs. 552/-,"Rs. 51,292/-",BRD-AMT
T025919,27/06/2023,F02516,Input Purchase,DAP,60 kg,Rs. 45/-,"Rs. 2,712/-",BRD-AMT
T025920,21/11/2023,F02517,delivery,soya,5.59 quintals,"Rs. 5,605/-","Rs. 31,332/-",BRD-AMT
T025921,05/11/2023,F02517,FPO_DELIVERY,Soybean,15.42 quintals,"Rs. 5,605/-","Rs. 86,429/-",BRD-AMT
T025924,08/11/2023,F02522,FPO_DELIVERY,Soybean,27.53 quintals,"Rs. 5,995/-","Rs. 1,65,042/-",BRD-AMT
T025925,09/10/2023,f02522,DELIVERY,SOYABEAN,0.8 qtl,"Rs. 5,995/-","Rs. 4,676/-",BRD-AMT
T025926,03/06/2023,F02522,FERT_PURCHASE,Hybrid Seeds,312 kgs,Rs. 92/-,"Rs. 28,663/-",BRD-AMT
T025927,04/10/2023,F02525,D,soya,8.1 qtl,"Rs. 5,865/-","Rs. 47,506.50",BRD-AMT
T025928,24/11/2023,F02525,FPO_DELIVERY,Soybean (Yellow),3.1 qtl,"Rs. 5,865/-","Rs. 18,299/-",BRD-AMT
T025929,22/11/2023,F02525,D,Soybean (Yellow),3.67 q,"Rs. 5,865/-","Rs. 21,525/-",BRD-AMT
T025930,21/06/2023,f02525,input,PP chemicals,149 kg,Rs. 594/-,"Rs. 88,575/-",BRD-AMT
T025984,01/11/2023,F02544,DELIVERY,Soybean,6.6 qtl,"Rs. 5,855/-","Rs. 38,409/-",BRD-AMT
T025985,09/11/2023,F02544,DELIVERY,Soybean,0.22 quintals,"Rs. 5,855/-","Rs. 1,288/-",BRD-AMT
T026280,30/04/2024,F01158,D,Wheat (Durum),1.70 q,"Rs. 2,725/-","Rs. 4,632.50",BRD-AMT
T026281,13/05/2024,F01158,Delivery,wheat,25.41 q,"Rs. 2,725/-","Rs. 69,242/-",BRD-AMT
T026282,20/12/2023,F01158,I,Hybrid Seeds,307 kgs,Rs. 104/-,"Rs. 31,805/-",BRD-AMT
T026283,08/12/2023,F01158,I,DAP,31 kg,Rs. 48/-,"Rs. 1,481/-",BRD-AMT
T026284,23/04/2024,F01160,delivery,wheat,44.55 quintals,"Rs. 2,740/-","Rs. 1,22,067/-",BRD-AMT
T026285,23/03/2024,F01163,delivery,Lokwan Wheat,49.5 qtl,"Rs. 2,750/-","Rs. 1,36,262.50",BRD-AMT
T026286,13/03/2024,F01163,FPO_DELIVERY,Wheat,38.18 q,"Rs. 2,750/-","Rs. 1,04,995/-",BRD-AMT
T026287,22/12/2023, F01163 ,I,Bio-pesticide,161 kgs,Rs. 199/-,"Rs. 32,074/-",BRD-AMT
T026288,07/12/2023,F01163,I,Hybrid Seeds,237 kg,Rs. 47/-,"Rs. 11,184/-",BRD-AMT
T026289,14/04/2024,F01164,D,WHEAT,19.12 q,"Rs. 2,870/-","Rs. 54,874/-",BRD-AMT
T026290,18/03/2024,F01164,Delivery,WHEAT,24.57 q,"Rs. 2,870/-","Rs. 70,516/-",BRD-AMT
T026291,27/12/2023,F01164,INPUT_PURCHASE,Seeds,93 kg,Rs. 110/-,"Rs. 10,230/-",BRD-AMT
T026292,10/01/2024,f01164,input,Hybrid Seeds,266 kgs,Rs. 111/-,"Rs. 29,574/-",BRD-AMT
T026293,17/03/2024,F01165,DELIVERY,WHEAT,20.23 q,"Rs. 2,615/-","Rs. 52,901/-",BRD-AMT
T026294,14/05/2024,F01165,DELIVERY,wheat,43.56 quintals,"Rs. 2,615/-","Rs. 1,13,909/-",BRD-AMT
T026295,07/01/2024,F01165,Input Purchase,Hybrid Seeds,60 kg,Rs. 53/-,"Rs. 3,180/-",BRD-AMT
T026296,26/12/2023,F01165,INPUT_PURCHASE,Hybrid Seeds,137 kg,Rs. 97/-,"Rs. 13,292/-",BRD-AMT
T026297,21/04/2024,F01169,Delivery,wheat,13.75 q,"Rs. 2,735/-","Rs. 37,606/-",BRD-AMT
T026298,23/04/2024,F01169,D,Lokwan Wheat,48.0 qtl,"Rs. 2,735/-","Rs. 1,31,307/-",BRD-AMT
T026299,25/12/2023,,input,FERTILIZER 50kg bag,79 kgs,Rs. 37/-,"Rs. 2,895/-",BRD-AMT
T026300,12/03/2024,,D,WHEAT,9.28 q,"Rs. 2,630/-","Rs. 24,406/-",BRD-AMT
T026301,10/05/2024,F01170,Delivery,wheat,11.74 quintals,"Rs. 2,630/-","Rs. 30,876/-",BRD-AMT
T026302,08/05/2024,F01170,delivery,wheat,24.04 q,"Rs. 2,630/-","Rs. 63,225/-",BRD-AMT
T026303,12/01/2024,F01170,I,PPC,71 kg,Rs. 463/-,"Rs. 32,872/-",BRD-AMT
T026304,14/01/2024,F01170,input,Urea,99 kg,Rs. 44/-,"Rs. 4,343/-",BRD-AMT
T026305,08/05/2024,F01171,FPO_DELIVERY,Lokwan Wheat,24.4 qtl,"Rs. 2,700/-","Rs. 65,880/-",BRD-AMT
T026306,08/05/2024,F01171,DELIVERY,Gram,9.6 qtl,"Rs. 6,490/-","Rs. 61,980/-",BRD-AMT
T026307,03/12/2023,F01171,I,Hybrid Seeds,73 kg,Rs. 130/-,"Rs. 9,464/-",BRD-AMT
T026308,10/12/2023,F01171,Input Purchase,Seeds,94 kg,Rs. 91/-,"Rs. 8,529/-",BRD-AMT
T026309,06/12/2023,F01171,input,DAP,284 kgs,Rs. 56/-,"Rs. 15,810/-",BRD-AMT
T026310,10/05/2024, F01176 ,DELIVERY,Wheat (Durum),12.9 qtl,"Rs. 2,575/-","Rs. 33,166/-",BRD-AMT
T026311,28/12/2023,F01176,I,FERTILIZER 50kg bag,64 kg,Rs. 45/-,"Rs. 2,868/-",BRD-AMT
T026312,14/03/2024,F01179,Delivery,wheat,20.06 q,"Rs. 2,790/-","Rs. 55,967/-",BRD-AMT
T026313,26/03/2024,F01179,FPO_DELIVERY,wheat,26.09 quintals,"Rs. 2,790/-","Rs. 72,791/-",BRD-AMT
T026314,28/04/2024,F01179,DELIVERY,Wheat,11.0 qtl,"Rs. 2,790/-","Rs. 30,802/-",BRD-AMT
T026315,15/04/2024,F01179,FPO_DELIVERY,GRAM (Chana),6.2 qtl,"Rs. 6,685/-","Rs. 41,447/-",BRD-AMT
T026316,04/03/2024,F01179,delivery,Bengal Gram,18.7 qtl,"Rs. 6,685/-","Rs. 1,25,143/-",BRD-AMT
T026317,09/01/2024,F01179,input,FERTILIZER 50kg bag,276 kg,Rs. 37/-,"Rs. 10,234/-",BRD-AMT
T026318,12/12/2023,F01179,I,PP chemicals,159 kg,Rs. 218/-,"Rs. 34,662/-",BRD-AMT
T026319,19/03/2024,F01191,delivery,WHEAT,10.10 quintals,"Rs. 2,970/-","Rs. 29,997/-",BRD-AMT
T026320,19/03/2024,F01191,delivery,Lokwan Wheat,9.6 qtl,"Rs. 2,970/-","Rs. 28,423/-",BRD-AMT
T026321,07/01/2024,F01191,INPUT_PURCHASE,DAP,275 kg,Rs. 46/-,"Rs. 12,688.50",BRD-AMT
T026322,29/03/2024,F01193,FPO_DELIVERY,Wheat (Durum),43.67 q,"Rs. 2,830/-","Rs. 1,23,586/-",BRD-AMT
T026323,24/04/2024,F01193,Delivery,Wheat (Durum),41.22 q,"Rs. 2,830/-","Rs. 1,16,653/-",BRD-AMT
T026324,29/02/2024, F01193 ,delivery,Gram,1.17 quintals,"Rs. 7,060/-","Rs. 8,260/-",BRD-AMT
T026325,06/05/2024, F01193 ,D,Gram,27.08 quintals,"Rs. 7,060/-","Rs. 1,91,185/-",BRD-AMT
T026326,01/01/2024,F01193,Input Purchase,PP chemicals,192 kg,Rs. 297/-,"Rs. 57,080/-",BRD-AMT
T026327,18/04/2024,F01199,Delivery,WHEAT,42.09 quintals,"Rs. 2,620/-","Rs. 1,10,276/-",BRD-AMT
T026328,05/12/2023,F01199,INPUT_PURCHASE,PPC,158 kgs,Rs. 560/-,"Rs. 88,486/-",BRD-AMT
T026329,23/03/2024,F01203,delivery,Wheat (Durum),16.6 qtl,"Rs. 2,875/-","Rs. 47,667/-",BRD-AMT
T026330,15/03/2024,F01203,FPO_DELIVERY,WHEAT,17.0 qtl,"Rs. 2,875/-","Rs. 48,789/-",BRD-AMT
T026331,13/03/2024,F01207,D,WHEAT,13.49 q,"Rs. 2,735/-","Rs. 36,895/-",BRD-AMT
T026332,04/04/2024,F01207,D,Lokwan Wheat,35.0 qtl,"Rs. 2,735/-","Rs. 95,834/-",BRD-AMT
T026333,30/12/2023,F01207,I,Bio-pesticide,226 kg,Rs. 461/-,"Rs. 1,04,283/-",BRD-AMT
T026334,02/01/2024, F01207 ,Loan Repayment,Loan Repayment,,,"Rs. 3,000/-",BRD-AMT
T026335,19/04/2024,F01207,L,EMI,,,"Rs. 2,100/-",BRD-AMT
T026336,01/05/2024, F01216 ,Delivery,WHEAT,28.52 q,"Rs. 2,830/-","Rs. 80,712/-",BRD-AMT
T026337,29/04/2024,F01219,D,WHEAT,30.98 quintals,"Rs. 2,735/-","Rs. 84,730/-",BRD-AMT
T026338,16/12/2023,F01219,Input Purchase,Fertilizer,248 kgs,Rs. 57/-,"Rs. 14,200/-",BRD-AMT
T026339,17/12/2023,f01219,input,DAP,91 kgs,Rs. 57/-,"Rs. 5,220/-",BRD-AMT
T026340,15/12/2023,F01219,input,Urea,251 kgs,Rs. 40/-,"Rs. 10,163/-",BRD-AMT
T026341,05/12/2023,F01219,FERT_PURCHASE,Hybrid Seeds,285 kg,Rs. 128/-,"Rs. 36,451.50",BRD-AMT
T026342,07/05/2024,F01223,D,Lokwan Wheat,128.3 qtl,"Rs. 2,755/-","Rs. 3,53,439/-",BRD-AMT
T026343,09/04/2024,F01223,FPO_DELIVERY,Gram,44.2 qtl,"Rs. 6,820/-","Rs. 3,01,239/-",BRD-AMT
T026344,13/12/2023,F01223,input,NPK 10:26:26,72 kg,Rs. 52/-,"Rs. 3,720/-",BRD-AMT
T026345,12/12/2023,F01223,Input Purchase,DAP,58 kgs,Rs. 54/-,"Rs. 3,129/-",BRD-AMT
T026346,28/04/2024,F01226,D,wheat,7.58 quintals,"Rs. 2,590/-","Rs. 19,632/-",BRD-AMT
T026347,12/12/2023,F01226,I,Urea,253 kgs,Rs. 41/-,"Rs. 10,274/-",BRD-AMT
T026348,15/12/2023,F01226,Input Purchase,SEEDS,129 kg,Rs. 91/-,"Rs. 11,787/-",BRD-AMT
T026349,01/12/2023,F01226,input,Bio-pesticide,284 kgs,Rs. 291/-,"Rs. 82,760/-",BRD-AMT
T026350,07/05/2024,F01235,DELIVERY,wheat,0.7 qtl,"Rs. 2,850/-","Rs. 1,966/-",BRD-AMT
T026351,16/03/2024,F01235,FPO_DELIVERY,WHEAT,9.17 q,"Rs. 2,850/-","Rs. 26,134.50",BRD-AMT
T026352,08/05/2024,f01235,FPO_DELIVERY,Wheat,11.8 qtl,"Rs. 2,850/-","Rs. 33,658.50",BRD-AMT
T026353,07/01/2024,F01235,Input Purchase,FERTILIZER 50kg bag,222 kgs,Rs. 57/-,"Rs. 12,752/-",BRD-AMT
T026354,09/03/2024,F01236,delivery,Lokwan Wheat,45.33 quintals,"Rs. 2,790/-","Rs. 1,26,471/-",BRD-AMT
T026355,24/03/2024,F01236,D,Bengal Gram,17.2 qtl,"Rs. 7,020/-","Rs. 1,21,095/-",BRD-AMT
T026356,03/12/2023,F01236,I,NPK 10:26:26,163 kgs,Rs. 48/-,"Rs. 7,891/-",BRD-AMT
T026357,13/12/2023, F01236 ,input,SEEDS,225 kg,Rs. 70/-,"Rs. 15,709/-",BRD-AMT
T026358,13/05/2024,f01249,delivery,Wheat,41.91 q,"Rs. 2,745/-","Rs. 1,15,043/-",BRD-AMT
T026359,17/03/2024,F01249,D,Bengal Gram,17.50 quintals,"Rs. 6,555/-","Rs. 1,14,712.50",BRD-AMT
T026360,13/12/2023, F01249 ,FERT_PURCHASE,Fertilizer,288 kg,Rs. 29/-,"Rs. 8,277/-",BRD-AMT
T026361,22/03/2024,F01249,loan,Loan Repayment,,,"Rs. 4,300/-",BRD-AMT
T026362,03/05/2024,F01263,Delivery,wheat,2.7 qtl,"Rs. 2,860/-","Rs. 7,751/-",BRD-AMT
T026363,16/03/2024,F01263,D,wheat,35.8 qtl,"Rs. 2,860/-","Rs. 1,02,417/-",BRD-AMT
T026364,12/04/2024,f01263,delivery,Bengal Gram,11.94 quintals,"Rs. 6,990/-","Rs. 83,461/-",BRD-AMT
T026365,09/03/2024,F01263,Delivery,Gram,1.61 q,"Rs. 6,990/-","Rs. 11,254/-",BRD-AMT
T026366,09/04/2024,f01264,FPO_DELIVERY,Wheat (Durum),21.6 qtl,"Rs. 2,660/-","Rs. 57,376/-",BRD-AMT
T026367,28/03/2024,F01264,D,Wheat (Durum),0.3 qtl,"Rs. 2,660/-",Rs. 931/-,BRD-AMT
T026368,15/01/2024,F01264,I,Bio-pesticide,301 kg,Rs. 516/-,"Rs. 1,55,340/-",BRD-AMT
T026369,02/03/2024,F01274,Delivery,Wheat (Durum),20.06 quintals,"Rs. 2,590/-","Rs. 51,955/-",BRD-AMT
T026370,12/12/2023,F01274,FERT_PURCHASE,Bio-pesticide,298 kgs,Rs. 463/-,"Rs. 1,38,028/-",BRD-AMT
T026371,23/12/2023,F01274,INPUT_PURCHASE,NPK 10:26:26,228 kgs,Rs. 49/-,"Rs. 11,140/-",BRD-AMT
T026372,20/03/2024,F01275,Delivery,Wheat,16.9 qtl,"Rs. 2,710/-","Rs. 45,718/-",BRD-AMT
T026373,23/04/2024,F01275,Delivery,GRAM (Chana),5.1 qtl,"Rs. 6,300/-","Rs. 32,193/-",BRD-AMT
T026374,05/01/2024,F01275,INPUT_PURCHASE,Hybrid Seeds,99 kgs,Rs. 111/-,"Rs. 10,974/-",BRD-AMT
T026375,18/03/2024,F01280,DELIVERY,Wheat (Durum),57.79 quintals,"Rs. 2,665/-","Rs. 1,54,010/-",BRD-AMT
T026376,28/04/2024,f01280,Delivery,Wheat (Durum),7.0 qtl,"Rs. 2,665/-","Rs. 18,655/-",BRD-AMT
T026377,01/03/2024,F01280,Delivery,GRAM (Chana),17.45 q,"Rs. 7,055/-","Rs. 1,23,110/-",BRD-AMT
T026378,09/04/2024,f01280,DELIVERY,Bengal Gram,5.79 quintals,"Rs. 7,055/-","Rs. 40,848/-",BRD-AMT
T026379,10/12/2023,F01280,input,NPK 10:26:26,256 kgs,Rs. 28/-,"Rs. 7,214/-",BRD-AMT
T026380,20/12/2023,F01280,input,DAP,253 kg,Rs. 53/-,"Rs. 13,444/-",BRD-AMT
T026381,03/12/2023,F01280,INPUT_PURCHASE,DAP,240 kg,Rs. 54/-,"Rs. 12,857/-",BRD-AMT
T026382,12/01/2024,F01280,INPUT_PURCHASE,Bio-pesticide,194 kg,Rs. 575/-,"Rs. 1,11,577/-",BRD-AMT
T026383,03/12/2023,F01280,I,Seeds,74 kgs,Rs. 118/-,"Rs. 8,709/-",BRD-AMT
T026384,26/12/2023,F01280,Input Purchase,PP chemicals,259 kgs,Rs. 456/-,"Rs. 1,18,143/-",BRD-AMT
T026385,03/03/2024,F01280,LOAN_REPAY,EMI,,,"Rs. 2,700/-",BRD-AMT
T026386,16/03/2024,f01283,DELIVERY,WHEAT,2.4 qtl,"Rs. 2,780/-","Rs. 6,755/-",BRD-AMT
T026387,21/04/2024,F01283,FPO_DELIVERY,wheat,10.02 q,"Rs. 2,780/-","Rs. 27,856/-",BRD-AMT
T026388,09/05/2024,f01283,D,GRAM (Chana),4.17 quintals,"Rs. 6,770/-","Rs. 28,231/-",BRD-AMT
T026389,09/12/2023, F01283 ,input,DAP,206 kgs,Rs. 29/-,"Rs. 5,912/-",BRD-AMT
T026390,20/12/2023,F01283,Input Purchase,PPC,59 kgs,Rs. 693/-,"Rs. 40,901/-",BRD-AMT
T026391,10/03/2024,f01285,DELIVERY,Wheat,32.2 qtl,"Rs. 2,665/-","Rs. 85,920/-",BRD-AMT
T026392,26/04/2024,f01285,Delivery,WHEAT,14.87 q,"Rs. 2,665/-","Rs. 39,629/-",BRD-AMT
T026393,02/01/2024,F01285,Input Purchase,Fertilizer,102 kgs,Rs. 39/-,"Rs. 3,939/-",BRD-AMT
T026394,05/12/2023,F01285,FERT_PURCHASE,DAP,250 kgs,Rs. 29/-,"Rs. 7,135/-",BRD-AMT
T026395,04/12/2023,F01285,Input Purchase,Seeds,58 kg,Rs. 65/-,"Rs. 3,773/-",BRD-AMT
T026396,06/01/2024,F01285,input,Bio-pesticide,149 kgs,Rs. 490/-,"Rs. 73,058/-",BRD-AMT
T026397,18/03/2024,F01288,DELIVERY,WHEAT,24.5 qtl,"Rs. 2,535/-","Rs. 62,158/-",BRD-AMT
T026398,07/05/2024,F01288,FPO_DELIVERY,wheat,31.1 qtl,"Rs. 2,535/-","Rs. 78,838.50",BRD-AMT
T026399,10/12/2023, F01288 ,Input Purchase,SEEDS,25 kg,Rs. 98/-,"Rs. 2,459.50",BRD-AMT
T026400,13/12/2023,F01288,input,DAP,282 kgs,Rs. 51/-,"Rs. 14,264/-",BRD-AMT
T026401,08/02/2024, F01288 ,Loan Repayment,EMI,,,"Rs. 1,400/-",BRD-AMT
T026402,20/02/2024,F01288,LOAN_REPAY,EMI,,,"Rs. 2,600/-",BRD-AMT
T026403,10/04/2024,f01288,L,Loan Repayment,,,"Rs. 3,400/-",BRD-AMT
T026404,19/04/2024,F01292,DELIVERY,Wheat (Durum),99.47 quintals,"Rs. 2,790/-","Rs. 2,77,521/-",BRD-AMT
T026405,09/04/2024, F01292 ,Delivery,Lokwan Wheat,1.55 quintals,"Rs. 2,790/-","Rs. 4,324.50",BRD-AMT
T026406,13/03/2024,F01292,D,Bengal Gram,15.33 q,"Rs. 6,445/-","Rs. 98,802/-",BRD-AMT
T026407,04/04/2024,F01292,delivery,chana,28.19 quintals,"Rs. 6,445/-","Rs. 1,81,685/-",BRD-AMT
T026408,15/01/2024,F01292,INPUT_PURCHASE,Seeds,101 kg,Rs. 102/-,"Rs. 10,313/-",BRD-AMT
T026409,24/12/2023,f01292,FERT_PURCHASE,NPK 10:26:26,73 kgs,Rs. 31/-,"Rs. 2,289/-",BRD-AMT
T026410,26/12/2023,F01292,Input Purchase,Seeds,309 kg,Rs. 72/-,"Rs. 22,097/-",BRD-AMT
T026411,20/12/2023,F01292,FERT_PURCHASE,FERTILIZER 50kg bag,133 kg,Rs. 30/-,"Rs. 3,950/-",BRD-AMT
T026412,09/01/2024,F01292,I,Urea,163 kg,Rs. 48/-,"Rs. 7,808/-",BRD-AMT
T026413,26/12/2023,f01292,FERT_PURCHASE,Fertilizer,39 kg,Rs. 48/-,"Rs. 1,874/-",BRD-AMT
T026414,07/04/2024,F01292,Loan Repayment,Loan Repayment,,,"Rs. 1,900/-",BRD-AMT
T026415,03/05/2024,F01293,Delivery,Wheat,23.06 quintals,"Rs. 2,860/-","Rs. 65,952/-",BRD-AMT
T026416,16/02/2024,F01293,L,EMI,,,"Rs. 1,300/-",BRD-AMT
T026417,13/04/2024,F01296,Delivery,Wheat (Durum),4.80 quintals,"Rs. 2,675/-","Rs. 12,840/-",BRD-AMT
T026418,09/03/2024,F01296,delivery,Wheat (Durum),46.1 qtl,"Rs. 2,675/-","Rs. 1,23,264/-",BRD-AMT
T026419,26/04/2024,F01296,DELIVERY,chana,5.65 q,"Rs. 6,815/-","Rs. 38,505/-",BRD-AMT
T026420,03/03/2024,F01296,DELIVERY,Gram,9.42 q,"Rs. 6,815/-","Rs. 64,197/-",BRD-AMT
T026421,06/05/2024, F01296 ,Delivery,chana,2.86 q,"Rs. 6,815/-","Rs. 19,491/-",BRD-AMT
T026422,23/12/2023,F01296,input,SEEDS,94 kgs,Rs. 78/-,"Rs. 7,322/-",BRD-AMT
T026423,15/03/2024,F01297,delivery,WHEAT,21.52 quintals,"Rs. 2,640/-","Rs. 56,813/-",BRD-AMT
T026424,06/01/2024,F01297,Input Purchase,Fertilizer,162 kgs,Rs. 44/-,"Rs. 7,099/-",BRD-AMT
T026425,05/01/2024,F01297,INPUT_PURCHASE,DAP,167 kgs,Rs. 44/-,"Rs. 7,328/-",BRD-AMT
T026426,08/01/2024,F01297,INPUT_PURCHASE,NPK 10:26:26,164 kg,Rs. 48/-,"Rs. 7,836/-",BRD-AMT
T026427,04/01/2024,F01297,Loan Repayment,Loan Repayment,,,"Rs. 2,000/-",BRD-AMT
T027543,07/04/2024, F02220 ,Delivery,Wheat (Durum),20.54 quintals,"Rs. 2,820/-","Rs. 57,923/-",BRD-AMT
T027544,25/03/2024,f02220,delivery,Wheat,17.7 qtl,"Rs. 2,820/-","Rs. 50,027/-",BRD-AMT
T027545,15/01/2024,F02220,I,FERTILIZER 50kg bag,49 kg,Rs. 47/-,"Rs. 2,317/-",BRD-AMT
T027568,18/04/2024,F02234,FPO_DELIVERY,wheat,0.40 quintals,"Rs. 2,810/-","Rs. 1,124/-",BRD-AMT
T027569,10/05/2024,F02234,DELIVERY,Lokwan Wheat,11.36 q,"Rs. 2,810/-","Rs. 31,922/-",BRD-AMT
T027578,15/04/2024,F02244,D,WHEAT,72.8 qtl,"Rs. 2,880/-","Rs. 2,09,808/-",BRD-AMT
T027579,17/04/2024,F02244,D,WHEAT,0.45 q,"Rs. 2,880/-","Rs. 1,296/-",BRD-AMT
T027594,24/04/2024,f02252,D,Lokwan Wheat,40.28 q,"Rs. 2,795/-","Rs. 1,12,583/-",BRD-AMT
T027595,05/04/2024,F02252,DELIVERY,WHEAT,1.3 qtl,"Rs. 2,795/-","Rs. 3,633.50",BRD-AMT
T027596,10/12/2023,F02252,Input Purchase,Seeds,270 kgs,Rs. 94/-,"Rs. 25,477/-",BRD-AMT
T027597,18/05/2024,F02252,Loan Repayment,Loan Repayment,,,Rs. 800/-,BRD-AMT
T027598,28/04/2024,F02261,Delivery,Wheat,75.0 qtl,"Rs. 2,690/-","Rs. 2,01,831/-",BRD-AMT
T027599,17/04/2024,F02261,FPO_DELIVERY,Lokwan Wheat,2.8 qtl,"Rs. 2,690/-","Rs. 7,586/-",BRD-AMT
T027687,30/04/2024,F02305,DELIVERY,WHEAT,26.84 q,"Rs. 2,725/-","Rs. 73,139/-",BRD-AMT
T027688,29/03/2024,F02305,FPO_DELIVERY,Wheat,1.94 quintals,"Rs. 2,725/-","Rs. 5,286.50",BRD-AMT
T027689,21/12/2023,F02305,I,NPK 10:26:26,40 kgs,Rs. 35/-,"Rs. 1,415/-",BRD-AMT
T027690,04/12/2023,F02305,INPUT_PURCHASE,Fertilizer,106 kgs,Rs. 37/-,"Rs. 3,926/-",BRD-AMT
T027700,13/05/2024,F02309,FPO_DELIVERY,Wheat (Durum),24.68 quintals,"Rs. 2,775/-","Rs. 68,487/-",BRD-AMT
T027701,05/12/2023,F02309,Input Purchase,FERTILIZER 50kg bag,41 kgs,Rs. 31/-,"Rs. 1,286/-",BRD-AMT
T027722,30/03/2024,F02333,Delivery,Wheat,0.86 q,"Rs. 2,725/-","Rs. 2,343.50",BRD-AMT
T027723,09/04/2024,F02333,FPO_DELIVERY,Lokwan Wheat,0.68 quintals,"Rs. 2,725/-","Rs. 1,853/-",BRD-AMT
T027724,14/05/2024,F02333,D,Lokwan Wheat,3.1 qtl,"Rs. 2,725/-","Rs. 8,366/-",BRD-AMT
T027792,07/03/2024,F02390,delivery,Wheat (Durum),12.5 qtl,"Rs. 2,545/-","Rs. 31,812.50",BRD-AMT
T027874,12/05/2024, F02451 ,Delivery,Wheat,59.4 qtl,"Rs. 2,890/-","Rs. 1,71,521.50",BRD-AMT
T027875,03/12/2023,f02451,Input Purchase,Hybrid Seeds,64 kgs,Rs. 83/-,"Rs. 5,306/-",BRD-AMT
T027876,11/01/2024,F02451,Input Purchase,SEEDS,79 kg,Rs. 89/-,"Rs. 7,036/-",BRD-AMT
T027877,10/04/2024,F02452,delivery,Wheat (Durum),47.19 quintals,"Rs. 2,750/-","Rs. 1,29,772.50",BRD-AMT
T027878,03/12/2023,F02452,I,Seeds,154 kgs,Rs. 127/-,"Rs. 19,573/-",BRD-AMT
T027879,05/01/2024,F02452,input,Seeds,27 kg,Rs. 81/-,"Rs. 2,198/-",BRD-AMT
T027880,07/01/2024,F02452,Input Purchase,DAP,168 kg,Rs. 52/-,"Rs. 8,795/-",BRD-AMT
T027974,14/04/2024,f02496,D,WHEAT,16.44 q,"Rs. 2,890/-","Rs. 47,512/-",BRD-AMT
T027975,15/03/2024,F02496,D,wheat,32.24 quintals,"Rs. 2,890/-","Rs. 93,174/-",BRD-AMT
T027976,05/12/2023,F02496,input,NPK 10:26:26,168 kgs,Rs. 43/-,"Rs. 7,145/-",BRD-AMT
T027977,27/12/2023,F02496,input,Urea,45 kg,Rs. 31/-,"Rs. 1,377/-",BRD-AMT
T027986,01/04/2024,F02501,Delivery,Lokwan Wheat,26.5 qtl,"Rs. 2,795/-","Rs. 74,067.50",BRD-AMT
T027987,15/12/2023,F02501,FERT_PURCHASE,DAP,284 kgs,Rs. 29/-,"Rs. 8,174/-",BRD-AMT
T028027,12/04/2024,F02516,D,Lokwan Wheat,17.2 qtl,"Rs. 2,785/-","Rs. 47,818/-",BRD-AMT
T028028,20/04/2024,F02516,FPO_DELIVERY,wheat,10.28 q,"Rs. 2,785/-","Rs. 28,630/-",BRD-AMT
T028029,01/12/2023, F02516 ,input,Bio-pesticide,183 kgs,Rs. 558/-,"Rs. 1,02,054/-",BRD-AMT
T028030,23/12/2023,F02516,INPUT_PURCHASE,FERTILIZER 50kg bag,161 kgs,Rs. 32/-,"Rs. 5,123/-",BRD-AMT
T028031,28/12/2023,F02516,input,DAP,64 kgs,Rs. 34/-,"Rs. 2,198/-",BRD-AMT
T028032,22/12/2023,F02516,input,SEEDS,313 kg,Rs. 56/-,"Rs. 17,672/-",BRD-AMT
T028033,12/12/2023,F02516,input,Fertilizer,71 kgs,Rs. 46/-,"Rs. 3,245/-",BRD-AMT
T028034,04/05/2024,F02517,FPO_DELIVERY,Wheat,17.90 q,"Rs. 2,580/-","Rs. 46,182/-",BRD-AMT
T028035,02/04/2024,F02517,Delivery,Wheat (Durum),15.98 quintals,"Rs. 2,580/-","Rs. 41,228/-",BRD-AMT
T028036,02/03/2024,F02517,DELIVERY,wheat,6.60 quintals,"Rs. 2,580/-","Rs. 17,028/-",BRD-AMT
T028037,27/12/2023,F02517,input,PP chemicals,138 kg,Rs. 518/-,"Rs. 71,487/-",BRD-AMT
T028043,27/04/2024,,Delivery,Wheat,0.34 q,"Rs. 2,710/-",Rs. 921/-,BRD-AMT
T028044,15/04/2024,F02522,Delivery,wheat,53.04 q,"Rs. 2,710/-","Rs. 1,43,738/-",BRD-AMT
T028045,13/12/2023,F02522,I,NPK 10:26:26,254 kgs,Rs. 40/-,"Rs. 10,127/-",BRD-AMT
T028046,26/12/2023, F02522 ,INPUT_PURCHASE,Hybrid Seeds,51 kgs,Rs. 111/-,"Rs. 5,675/-",BRD-AMT
T028047,30/12/2023,F02522,FERT_PURCHASE,Seeds,179 kgs,Rs. 128/-,"Rs. 22,867/-",BRD-AMT
T028048,01/03/2024,F02525,Delivery,wheat,29.12 quintals,"Rs. 2,820/-","Rs. 82,118/-",BRD-AMT
T028049,07/01/2024,F02525,FERT_PURCHASE,Fertilizer,146 kg,Rs. 34/-,"Rs. 4,932/-",BRD-AMT
T028050,08/12/2023,F02525,INPUT_PURCHASE,NPK 10:26:26,131 kgs,Rs. 48/-,"Rs. 6,313/-",BRD-AMT
T028154,05/03/2024,F02578,FPO_DELIVERY,Wheat,28.5 qtl,"Rs. 2,815/-","Rs. 80,312/-",BRD-AMT
T028155,12/03/2024,F02578,D,Wheat (Durum),2.26 q,"Rs. 2,815/-","Rs. 6,362/-",BRD-AMT
T028156,19/12/2023,F02578,INPUT_PURCHASE,Hybrid Seeds,64 kgs,Rs. 75/-,"Rs. 4,783/-",BRD-AMT
T028157,21/12/2023,F02578,Input Purchase,PP chemicals,222 kgs,Rs. 374/-,"Rs. 83,001/-",BRD-AMT
T028158,07/12/2023,F02578,Input Purchase,FERTILIZER 50kg bag,43 kg,Rs. 59/-,"Rs. 2,543/-",BRD-AMT
T028159,22/12/2023,F02578,INPUT_PURCHASE,Urea,124 kg,Rs. 50/-,"Rs. 6,183/-",BRD-AMT
T028173,22/03/2024,F02581,DELIVERY,Lokwan Wheat,8.00 quintals,"Rs. 2,745/-","Rs. 21,960/-",BRD-AMT
T028174,13/04/2024,F02581,D,WHEAT,3.45 q,"Rs. 2,745/-","Rs. 9,470/-",BRD-AMT
T028175,14/04/2024,F02581,DELIVERY,Wheat,5.3 qtl,"Rs. 2,745/-","Rs. 14,686/-",BRD-AMT
T028176,04/05/2024,F02581,Loan Repayment,Loan Repayment,,,"Rs. 5,200/-",BRD-AMT
T028206,05/03/2024,f02590,Delivery,WHEAT,20.0 qtl,"Rs. 2,790/-","Rs. 55,772/-",BRD-AMT
T028207,17/04/2024,F02590,D,Wheat (Durum),3.1 qtl,"Rs. 2,790/-","Rs. 8,537/-",BRD-AMT
T028208,09/12/2023,f02590,FERT_PURCHASE,DAP,35 kgs,Rs. 55/-,"Rs. 1,939/-",BRD-AMT
T028209,07/12/2023, F02590 ,I,Hybrid Seeds,29 kgs,Rs. 102/-,"Rs. 2,964/-",BRD-AMT
T028240,21/03/2024,F02601,delivery,wheat,18.3 qtl,"Rs. 2,725/-","Rs. 49,976.50",BRD-AMT
T028241,13/04/2024,F02601,D,Wheat (Durum),2.4 qtl,"Rs. 2,725/-","Rs. 6,513/-",BRD-AMT
T028242,06/04/2024,F02601,L,EMI,,,"Rs. 4,200/-",BRD-AMT
T028243,13/05/2024,f02601,Loan Repayment,Loan Repayment,,,"Rs. 1,800/-",BRD-AMT
T028459,12/10/2024, F01158 ,Delivery,soya,11.48 q,"Rs. 5,830/-","Rs. 66,928/-",BRD-AMT
T028460,03/10/2024,F01158,D,soya,2.09 q,"Rs. 5,830/-","Rs. 12,185/-",BRD-AMT
T028461,01/11/2024,f01160,delivery,Soybean (Yellow),16.55 quintals,"Rs. 6,110/-","Rs. 1,01,120.50",BRD-AMT
T028462,07/11/2024,f01160,DELIVERY,kapas,14.86 quintals,"Rs. 9,765/-","Rs. 1,45,108/-",BRD-AMT
T028463,02/10/2024,F01163,Delivery,Soybean (Yellow),39.9 qtl,"Rs. 6,010/-","Rs. 2,39,559/-",BRD-AMT
T028464,08/10/2024,F01164,D,SOYABEAN,25.4 qtl,"Rs. 5,855/-","Rs. 1,48,658/-",BRD-AMT
T028465,28/10/2024,F01165,Delivery,soya,5.69 q,"Rs. 6,025/-","Rs. 34,282/-",BRD-AMT
T028466,14/11/2024,F01165,delivery,Soybean (Yellow),14.7 qtl,"Rs. 6,025/-","Rs. 88,748/-",BRD-AMT
T028467,12/07/2024,F01165,Input Purchase,Urea,234 kgs,Rs. 28/-,"Rs. 6,608/-",BRD-AMT
T028468,01/11/2024,F01169,DELIVERY,soya,13.0 qtl,"Rs. 6,300/-","Rs. 81,774/-",BRD-AMT
T028469,12/11/2024,F01169,delivery,Soybean,14.42 q,"Rs. 6,300/-","Rs. 90,846/-",BRD-AMT
T028470,11/07/2024,F01169,INPUT_PURCHASE,PP chemicals,216 kg,Rs. 214/-,"Rs. 46,122/-",BRD-AMT
T028471,15/06/2024,F01169,I,Seeds,137 kgs,Rs. 108/-,"Rs. 14,826/-",BRD-AMT
T028472,01/07/2024,F01169,FERT_PURCHASE,Urea,277 kgs,Rs. 44/-,"Rs. 12,230/-",BRD-AMT
T028473,20/11/2024, F01170 ,D,Soybean,1.46 quintals,"Rs. 5,670/-","Rs. 8,278/-",BRD-AMT
T028474,02/10/2024,F01170,DELIVERY,Soybean,5.51 q,"Rs. 5,670/-","Rs. 31,242/-",BRD-AMT
T028475,11/10/2024,F01170,delivery,Cotton Kapas,4.2 qtl,"Rs. 8,735/-","Rs. 36,600/-",BRD-AMT
T028476,16/11/2024,F01170,Delivery,Cotton Kapas,1.85 quintals,"Rs. 8,735/-","Rs. 16,160/-",BRD-AMT
T028477,11/11/2024,F01170,FPO_DELIVERY,Cotton Kapas,0.08 q,"Rs. 8,735/-",Rs. 699/-,BRD-AMT
T028478,19/10/2024,F01171,DELIVERY,SOYABEAN,3.7 qtl,"Rs. 5,730/-","Rs. 21,430/-",BRD-AMT
T028479,07/11/2024,F01171,FPO_DELIVERY,Soybean,7.7 qtl,"Rs. 5,730/-","Rs. 44,006/-",BRD-AMT
T028480,06/07/2024,F01171,FERT_PURCHASE,PP chemicals,119 kg,Rs. 245/-,"Rs. 29,209/-",BRD-AMT
T028481,12/06/2024,f01171,Input Purchase,DAP,245 kg,Rs. 34/-,"Rs. 8,423/-",BRD-AMT
T028482,12/11/2024,F01176,FPO_DELIVERY,Soybean (Yellow),4.28 q,"Rs. 6,035/-","Rs. 25,830/-",BRD-AMT
T028483,05/10/2024,F01176,delivery,Soybean (Yellow),1.30 q,"Rs. 6,035/-","Rs. 7,845.50",BRD-AMT
T028484,21/10/2024,F01176,delivery,Cotton Kapas,4.83 quintals,"Rs. 9,735/-","Rs. 47,020/-",BRD-AMT
T028485,04/07/2024,F01176,FERT_PURCHASE,Hybrid Seeds,170 kg,Rs. 110/-,"Rs. 18,715/-",BRD-AMT
T028486,01/06/2024,F01176,input,Fertilizer,279 kgs,Rs. 57/-,"Rs. 15,950/-",BRD-AMT
T028487,05/10/2024,F01179,DELIVERY,SOYABEAN,27.78 q,"Rs. 6,135/-","Rs. 1,70,430/-",BRD-AMT
T028488,09/10/2024,F01179,delivery,Cotton,25.64 q,"Rs. 9,345/-","Rs. 2,39,606/-",BRD-AMT
T028489,11/10/2024,F01191,Delivery,Soybean (Yellow),7.74 quintals,"Rs. 5,975/-","Rs. 46,246.50",BRD-AMT
T028490,12/07/2024,F01191,FERT_PURCHASE,Hybrid Seeds,216 kgs,Rs. 96/-,"Rs. 20,751/-",BRD-AMT
T028491,13/06/2024,F01191,Input Purchase,SEEDS,295 kg,Rs. 92/-,"Rs. 27,140/-",BRD-AMT
T028492,18/11/2024, F01193 ,DELIVERY,SOYABEAN,6.1 qtl,"Rs. 6,590/-","Rs. 40,331/-",BRD-AMT
T028493,30/10/2024,F01193,DELIVERY,SOYABEAN,33.87 quintals,"Rs. 6,590/-","Rs. 2,23,203/-",BRD-AMT
T028494,11/07/2024,F01193,input,Hybrid Seeds,41 kgs,Rs. 90/-,"Rs. 3,706/-",BRD-AMT
T028495,13/06/2024,F01193,input,FERTILIZER 50kg bag,233 kg,Rs. 33/-,"Rs. 7,766/-",BRD-AMT
T028496,22/10/2024,F01199,D,SOYABEAN,20.4 qtl,"Rs. 6,095/-","Rs. 1,24,094/-",BRD-AMT
T028497,17/11/2024,F01199,DELIVERY,COTTON (Kapas),14.47 q,"Rs. 9,840/-","Rs. 1,42,385/-",BRD-AMT
T028498,02/06/2024,F01199,FERT_PURCHASE,PPC,298 kgs,Rs. 175/-,"Rs. 52,135/-",BRD-AMT
T028499,23/10/2024,F01203,delivery,Soybean,14.68 q,"Rs. 6,280/-","Rs. 92,190/-",BRD-AMT
T028500,07/10/2024,F01203,Delivery,kapas,12.38 quintals,"Rs. 9,755/-","Rs. 1,20,767/-",BRD-AMT
T028501,30/06/2024,F01203,input,Hybrid Seeds,222 kg,Rs. 77/-,"Rs. 17,136/-",BRD-AMT
T028502,06/06/2024,F01203,INPUT_PURCHASE,NPK 10:26:26,271 kg,Rs. 33/-,"Rs. 8,959/-",BRD-AMT
T028503,18/06/2024,F01203,input,SEEDS,142 kgs,Rs. 69/-,"Rs. 9,822/-",BRD-AMT
T028504,14/10/2024,F01207,DELIVERY,soya,22.74 quintals,"Rs. 6,555/-","Rs. 1,49,061/-",BRD-AMT
T028505,30/11/2024,F01207,delivery,soya,1.23 q,"Rs. 6,555/-","Rs. 8,063/-",BRD-AMT
T028506,04/07/2024,F01207,FERT_PURCHASE,PP chemicals,108 kg,Rs. 251.50,"Rs. 27,162/-",BRD-AMT
T028507,01/06/2024,F01207,input,Hybrid Seeds,250 kg,Rs. 113/-,"Rs. 28,255/-",BRD-AMT
T028508,21/07/2024,F01207,loan,Loan Repayment,,,"Rs. 5,500/-",BRD-AMT
T028509,12/10/2024, F01216 ,FPO_DELIVERY,Soybean (Yellow),6.56 q,"Rs. 6,515/-","Rs. 42,738/-",BRD-AMT
T028510,26/10/2024,F01216,DELIVERY,soya,9.9 qtl,"Rs. 6,515/-","Rs. 64,629/-",BRD-AMT
T028511,01/11/2024,f01219,delivery,Soybean (Yellow),13.7 qtl,"Rs. 5,970/-","Rs. 81,550/-",BRD-AMT
T028512,11/11/2024,F01219,LOAN_REPAY,EMI,,,"Rs. 4,800/-",BRD-AMT
T028513,12/11/2024,F01223,Delivery,Soybean (Yellow),10.70 q,"Rs. 6,200/-","Rs. 66,340/-",BRD-AMT
T028514,14/10/2024,f01223,D,SOYABEAN,50.97 q,"Rs. 6,200/-","Rs. 3,16,014/-",BRD-AMT
T028515,18/06/2024,F01223,FERT_PURCHASE,Urea,90 kgs,Rs. 58/-,"Rs. 5,197.50",BRD-AMT
T028516,01/10/2024, F01235 ,Delivery,soya,7.7 qtl,"Rs. 6,040/-","Rs. 46,387/-",BRD-AMT
T028517,25/11/2024,F01235,DELIVERY,soya,2.03 quintals,"Rs. 6,040/-","Rs. 12,261/-",BRD-AMT
T028518,09/11/2024,F01235,D,Cotton Kapas,7.13 q,"Rs. 9,210/-","Rs. 65,667/-",BRD-AMT
T028519,02/11/2024,F01236,D,soya,21.54 q,"Rs. 6,065/-","Rs. 1,30,640/-",BRD-AMT
T028520,13/06/2024,F01236,FERT_PURCHASE,FERTILIZER 50kg bag,306 kgs,Rs. 51/-,"Rs. 15,600/-",BRD-AMT
T028521,17/06/2024,F01236,FERT_PURCHASE,Hybrid Seeds,121 kgs,Rs. 127/-,"Rs. 15,314/-",BRD-AMT
T028522,14/07/2024,F01236,FERT_PURCHASE,Seeds,271 kg,Rs. 69/-,"Rs. 18,778/-",BRD-AMT
T028523,06/11/2024,F01249,delivery,soya,20.89 q,"Rs. 6,280/-","Rs. 1,31,189/-",BRD-AMT
T028524,18/06/2024,F01249,Loan Repayment,EMI,,,"Rs. 1,200/-",BRD-AMT
T028525,06/07/2024,F01249,L,Loan Repayment,,,"Rs. 6,500/-",BRD-AMT
T028526,05/11/2024,F01263,FPO_DELIVERY,Soybean (Yellow),12.2 qtl,"Rs. 6,065/-","Rs. 74,114/-",BRD-AMT
T028527,20/10/2024,F01263,delivery,SOYABEAN,3.52 quintals,"Rs. 6,065/-","Rs. 21,349/-",BRD-AMT
T028528,02/10/2024,F01264,delivery,Soybean,8.45 quintals,"Rs. 6,485/-","Rs. 54,798/-",BRD-AMT
T028529,24/10/2024,F01274,delivery,SOYABEAN,10.06 q,"Rs. 6,160/-","Rs. 61,970/-",BRD-AMT
T028530,14/11/2024,f01274,DELIVERY,kapas,2.4 qtl,"Rs. 9,160/-","Rs. 21,526/-",BRD-AMT
T028531,13/10/2024,F01274,FPO_DELIVERY,kapas,1.5 qtl,"Rs. 9,160/-","Rs. 13,374/-",BRD-AMT
T028532,08/11/2024,F01274,FPO_DELIVERY,kapas,3.49 q,"Rs. 9,160/-","Rs. 31,968/-",BRD-AMT
T028533,20/06/2024,F01274,Input Purchase,NPK 10:26:26,257 kgs,Rs. 45/-,"Rs. 11,580/-",BRD-AMT
T028534,25/11/2024, F01275 ,Delivery,SOYABEAN,8.03 quintals,"Rs. 6,205/-","Rs. 49,826/-",BRD-AMT
T028535,26/11/2024,F01275,delivery,COTTON (Kapas),6.5 qtl,"Rs. 8,810/-","Rs. 57,001/-",BRD-AMT
T028536,04/06/2024,F01275,FERT_PURCHASE,SEEDS,240 kg,Rs. 103/-,"Rs. 24,677/-",BRD-AMT
T028537,24/11/2024,F01280,DELIVERY,soya,7.3 qtl,"Rs. 5,815/-","Rs. 42,217/-",BRD-AMT
T028538,30/11/2024,F01280,DELIVERY,SOYABEAN,30.87 q,"Rs. 5,815/-","Rs. 1,79,509/-",BRD-AMT
T028539,26/06/2024,F01280,INPUT_PURCHASE,Hybrid Seeds,161 kgs,Rs. 48/-,"Rs. 7,738/-",BRD-AMT
T028540,15/08/2024,F01280,L,Loan Repayment,,,"Rs. 3,700/-",BRD-AMT
T028541,05/09/2024,F01280,Loan Repayment,Loan Repayment,,,"Rs. 5,400/-",BRD-AMT
T028542,09/11/2024,F01283,D,SOYABEAN,4.92 quintals,"Rs. 6,010/-","Rs. 29,569/-",BRD-AMT
T028543,30/10/2024,F01283,FPO_DELIVERY,soya,0.19 quintals,"Rs. 6,010/-","Rs. 1,142/-",BRD-AMT
T028544,20/11/2024,F01283,DELIVERY,SOYABEAN,0.3 qtl,"Rs. 6,010/-","Rs. 1,923/-",BRD-AMT
T028545,29/06/2024,F01283,Input Purchase,FERTILIZER 50kg bag,191 kgs,Rs. 38/-,"Rs. 7,233/-",BRD-AMT
T028546,27/10/2024, F01285 ,D,Soybean,11.28 quintals,"Rs. 6,345/-","Rs. 71,572/-",BRD-AMT
T028547,02/11/2024,F01285,DELIVERY,SOYABEAN,9.8 qtl,"Rs. 6,345/-","Rs. 61,991/-",BRD-AMT
T028548,14/06/2024,F01285,I,Bio-pesticide,295 kg,Rs. 379/-,"Rs. 1,11,885/-",BRD-AMT
T028549,18/11/2024,f01288,delivery,Soybean (Yellow),24.09 quintals,"Rs. 6,045/-","Rs. 1,45,624/-",BRD-AMT
T028550,25/06/2024,F01288,LOAN_REPAY,Loan Repayment,,,"Rs. 4,100/-",BRD-AMT
T028551,12/11/2024,F01292,delivery,Soybean,45.3 qtl,"Rs. 5,860/-","Rs. 2,65,517/-",BRD-AMT
T028552,02/07/2024,F01292,I,Seeds,153 kg,Rs. 113/-,"Rs. 17,355/-",BRD-AMT
T028553,17/06/2024,F01292,Input Purchase,Urea,142 kgs,Rs. 54/-,"Rs. 7,617/-",BRD-AMT
T028554,11/07/2024,F01292,Input Purchase,FERTILIZER 50kg bag,117 kg,Rs. 29/-,"Rs. 3,336/-",BRD-AMT
T028555,21/06/2024,F01292,loan,Loan Repayment,,,Rs. 900/-,BRD-AMT
T028556,08/06/2024,F01292,Loan Repayment,EMI,,,"Rs. 2,800/-",BRD-AMT
T028557,27/11/2024,F01293,Delivery,SOYABEAN,4.59 quintals,"Rs. 6,440/-","Rs. 29,560/-",BRD-AMT
T028558,02/11/2024,F01293,delivery,Soybean (Yellow),5.17 q,"Rs. 6,440/-","Rs. 33,295/-",BRD-AMT
T028559,10/10/2024,F01293,FPO_DELIVERY,soya,2.22 q,"Rs. 6,440/-","Rs. 14,297/-",BRD-AMT
T028560,15/11/2024,f01296,DELIVERY,soya,24.20 quintals,"Rs. 5,965/-","Rs. 1,44,353/-",BRD-AMT
T028561,05/07/2024,F01296,I,FERTILIZER 50kg bag,117 kg,Rs. 42/-,"Rs. 4,944/-",BRD-AMT
T028562,04/10/2024,F01297,Delivery,Soybean (Yellow),8.66 q,"Rs. 5,865/-","Rs. 50,791/-",BRD-AMT
T028563,17/06/2024,F01297,Input Purchase,DAP,189 kgs,Rs. 48/-,"Rs. 9,125/-",BRD-AMT
T028564,01/07/2024,F01297,FERT_PURCHASE,Bio-pesticide,115 kg,Rs. 682/-,"Rs. 78,377/-",BRD-AMT
T028565,27/08/2024,f01297,Loan Repayment,EMI,,,"Rs. 1,100/-",BRD-AMT
T028566,20/08/2024,f01297,L,Loan Repayment,,,"Rs. 4,300/-",BRD-AMT
T028567,15/11/2024,F01297,loan,EMI,,,"Rs. 4,700/-",BRD-AMT
T029572,15/11/2024,F02220,Delivery,Soybean (Yellow),16.3 qtl,"Rs. 5,710/-","Rs. 93,073/-",BRD-AMT
T029594,18/10/2024,F02234,FPO_DELIVERY,SOYABEAN,4.68 quintals,"Rs. 5,990/-","Rs. 28,033/-",BRD-AMT
T029595,17/10/2024,F02234,FPO_DELIVERY,soya,1.29 q,"Rs. 5,990/-","Rs. 7,727/-",BRD-AMT
T029596,20/11/2024,F02234,delivery,Soybean (Yellow),0.31 q,"Rs. 5,990/-","Rs. 1,857/-",BRD-AMT
T029600,27/11/2024,F02244,Delivery,Soybean (Yellow),6.83 q,"Rs. 6,090/-","Rs. 41,595/-",BRD-AMT
T029601,16/10/2024,F02244,D,Soybean,25.81 q,"Rs. 6,090/-","Rs. 1,57,183/-",BRD-AMT
T029602,15/07/2024,F02244,INPUT_PURCHASE,Fertilizer,35 kg,Rs. 51/-,"Rs. 1,778/-",BRD-AMT
T029603,12/06/2024,f02244,I,Hybrid Seeds,208 kgs,Rs. 116/-,"Rs. 24,220/-",BRD-AMT
T029604,25/06/2024,F02244,I,NPK 10:26:26,32 kg,Rs. 57/-,"Rs. 1,836/-",BRD-AMT
T029620,16/10/2024,F02252,FPO_DELIVERY,soya,17.65 quintals,"Rs. 5,805/-","Rs. 1,02,458/-",BRD-AMT
T029621,29/10/2024,F02252,DELIVERY,Soybean (Yellow),0.13 q,"Rs. 5,805/-",Rs. 755/-,BRD-AMT
T029622,22/06/2024,F02252,INPUT_PURCHASE,DAP,50 kgs,Rs. 54/-,"Rs. 2,677.50",BRD-AMT
T029623,23/06/2024,F02252,INPUT_PURCHASE,FERTILIZER 50kg bag,267 kgs,Rs. 46/-,"Rs. 12,413/-",BRD-AMT
T029624,04/08/2024,F02252,Loan Repayment,EMI,,,"Rs. 1,500/-",BRD-AMT
T029625,31/10/2024,F02261,DELIVERY,SOYABEAN,3.8 qtl,"Rs. 6,120/-","Rs. 23,317/-",BRD-AMT
T029626,29/11/2024,F02261,Delivery,Soybean (Yellow),34.16 q,"Rs. 6,120/-","Rs. 2,09,059/-",BRD-AMT
T029627,16/06/2024, F02261 ,input,PP chemicals,191 kg,Rs. 305/-,"Rs. 58,236/-",BRD-AMT
T029715,17/11/2024,f02305,D,Soybean,20.14 q,"Rs. 6,460/-","Rs. 1,30,104/-",BRD-AMT
T029716,28/06/2024,F02305,I,Seeds,158 kgs,Rs. 122/-,"Rs. 19,206/-",BRD-AMT
T029727,22/11/2024,F02309,DELIVERY,Soybean,8.04 q,"Rs. 6,430/-","Rs. 51,697/-",BRD-AMT
T029728,18/11/2024,F02309,DELIVERY,SOYABEAN,4.56 q,"Rs. 6,430/-","Rs. 29,321/-",BRD-AMT
T029729,04/07/2024,F02309,input,DAP,272 kg,Rs. 34/-,"Rs. 9,264/-",BRD-AMT
T029730,11/06/2024,f02309,input,Hybrid Seeds,231 kg,Rs. 45/-,"Rs. 10,457/-",BRD-AMT
T029731,23/06/2024,F02309,input,Hybrid Seeds,314 kgs,Rs. 129/-,"Rs. 40,654/-",BRD-AMT
T029810,12/10/2024,F02390,D,SOYABEAN,2.0 qtl,"Rs. 6,595/-","Rs. 13,058/-",BRD-AMT
T029811,14/10/2024,F02390,DELIVERY,Soybean,3.68 q,"Rs. 6,595/-","Rs. 24,270/-",BRD-AMT
T029812,12/07/2024,F02390,INPUT_PURCHASE,Urea,281 kgs,Rs. 31/-,"Rs. 8,646/-",BRD-AMT
T029874,03/10/2024,F02451,FPO_DELIVERY,SOYABEAN,16.07 q,"Rs. 5,950/-","Rs. 95,616.50",BRD-AMT
T029875,23/11/2024,F02451,delivery,SOYABEAN,11.61 quintals,"Rs. 5,950/-","Rs. 69,079.50",BRD-AMT
T029876,22/06/2024,F02451,FERT_PURCHASE,SEEDS,102 kg,Rs. 87/-,"Rs. 8,897/-",BRD-AMT
T029877,03/11/2024,F02452,delivery,Soybean,21.48 quintals,"Rs. 6,575/-","Rs. 1,41,231/-",BRD-AMT
T029878,24/06/2024,F02452,INPUT_PURCHASE,FERTILIZER 50kg bag,162 kg,Rs. 29/-,"Rs. 4,690/-",BRD-AMT
T029879,13/06/2024,F02452,FERT_PURCHASE,DAP,208 kg,Rs. 30/-,"Rs. 6,205/-",BRD-AMT
T029974,17/10/2024,F02496,FPO_DELIVERY,SOYABEAN,10.21 q,"Rs. 5,940/-","Rs. 60,647/-",BRD-AMT
T029975,05/11/2024,F02496,delivery,Soybean (Yellow),18.0 qtl,"Rs. 5,940/-","Rs. 1,07,098/-",BRD-AMT
T029976,23/06/2024,F02496,input,DAP,75 kg,Rs. 42/-,"Rs. 3,115/-",BRD-AMT
T029982,26/11/2024,F02501,DELIVERY,Soybean,4.36 quintals,"Rs. 6,195/-","Rs. 27,010/-",BRD-AMT
T029983,18/11/2024,F02501,D,Soybean (Yellow),6.0 qtl,"Rs. 6,195/-","Rs. 37,294/-",BRD-AMT
T029984,06/07/2024,F02501,input,Seeds,158 kg,Rs. 83/-,"Rs. 13,084/-",BRD-AMT
T030013,25/11/2024,F02516,Delivery,SOYABEAN,21.25 q,"Rs. 6,135/-","Rs. 1,30,369/-",BRD-AMT
T030014,04/07/2024,F02516,input,Seeds,51 kg,Rs. 123/-,"Rs. 6,280/-",BRD-AMT
T030015,02/07/2024,F02516,I,Seeds,53 kgs,Rs. 103/-,"Rs. 5,451/-",BRD-AMT
T030016,30/06/2024,F02516,I,Hybrid Seeds,188 kgs,Rs. 50/-,"Rs. 9,362/-",BRD-AMT
T030017,07/11/2024,F02517,delivery,Soybean (Yellow),13.9 qtl,"Rs. 5,595/-","Rs. 77,882/-",BRD-AMT
T030018,20/10/2024,F02517,delivery,Soybean (Yellow),2.4 qtl,"Rs. 5,595/-","Rs. 13,484/-",BRD-AMT
T030019,16/06/2024,F02517,INPUT_PURCHASE,FERTILIZER 50kg bag,31 kgs,Rs. 53/-,"Rs. 1,653/-",BRD-AMT
T030020,12/07/2024,F02517,Input Purchase,PP chemicals,107 kgs,Rs. 503/-,"Rs. 53,863/-",BRD-AMT
T030024,17/11/2024,F02522,D,SOYABEAN,28.77 quintals,"Rs. 5,890/-","Rs. 1,69,455/-",BRD-AMT
T030025,04/07/2024,f02522,I,Seeds,306 kgs,Rs. 59/-,"Rs. 18,005/-",BRD-AMT
T030026,07/07/2024,F02522,I,Fertilizer,220 kgs,Rs. 54/-,"Rs. 11,840/-",BRD-AMT
T030027,02/07/2024,F02522,FERT_PURCHASE,DAP,35 kgs,Rs. 42/-,"Rs. 1,475/-",BRD-AMT
T030028,29/10/2024,F02525,delivery,Soybean,11.77 q,"Rs. 5,955/-","Rs. 70,090/-",BRD-AMT
T030029,11/10/2024,F02525,D,Soybean,2.95 q,"Rs. 5,955/-","Rs. 17,567/-",BRD-AMT
T030030,02/06/2024,F02525,input,FERTILIZER 50kg bag,253 kg,Rs. 36/-,"Rs. 9,070/-",BRD-AMT
T030127,08/11/2024,F02578,D,Soybean (Yellow),10.39 quintals,"Rs. 5,795/-","Rs. 60,210/-",BRD-AMT
T030128,20/11/2024,F02578,Delivery,Soybean (Yellow),3.8 qtl,"Rs. 5,795/-","Rs. 22,137/-",BRD-AMT
T030129,10/06/2024,F02578,Input Purchase,Hybrid Seeds,237 kg,Rs. 79/-,"Rs. 18,768/-",BRD-AMT
T030130,30/06/2024,F02578,I,Hybrid Seeds,258 kg,Rs. 79/-,"Rs. 20,294/-",BRD-AMT
T030173,21/11/2024,F02590,FPO_DELIVERY,Soybean,15.76 quintals,"Rs. 6,215/-","Rs. 97,948/-",BRD-AMT
T030174,23/06/2024, F02590 ,I,SEEDS,80 kgs,Rs. 89/-,"Rs. 7,159/-",BRD-AMT
T030175,03/06/2024,F02590,input,Seeds,313 kg,Rs. 129/-,"Rs. 40,518/-",BRD-AMT
T030176,13/07/2024,F02590,I,DAP,96 kgs,Rs. 29/-,"Rs. 2,802/-",BRD-AMT
T030211,26/11/2024,F02611,D,Soybean (Yellow),4.55 quintals,"Rs. 5,995/-","Rs. 27,277/-",BRD-AMT
T030212,28/11/2024,F02611,D,SOYABEAN,1.4 qtl,"Rs. 5,995/-","Rs. 8,693/-",BRD-AMT
T030213,12/06/2024,f02611,INPUT_PURCHASE,SEEDS,54 kg,Rs. 79/-,"Rs. 4,255/-",BRD-AMT
T030214,08/07/2024,F02611,Input Purchase,Bio-pesticide,293 kg,Rs. 140/-,"Rs. 40,906/-",BRD-AMT
T030215,15/07/2024,F02611,I,PPC,80 kgs,Rs. 495/-,"Rs. 39,600/-",BRD-AMT
T030235,27/11/2024,F02617,Delivery,soya,16.5 qtl,"Rs. 6,200/-","Rs. 1,02,486/-",BRD-AMT
T030236,20/10/2024,F02617,FPO_DELIVERY,SOYABEAN,0.96 quintals,"Rs. 6,200/-","Rs. 5,952/-",BRD-AMT
T030237,02/07/2024, F02617 ,Input Purchase,Urea,177 kg,Rs. 40/-,"Rs. 7,023/-",BRD-AMT
T030238,09/06/2024,F02617,I,Urea,241 kgs,Rs. 31/-,"Rs. 7,423/-",BRD-AMT
T030246,17/11/2024,F02619,DELIVERY,SOYABEAN,6.3 qtl,"Rs. 6,315/-","Rs. 39,532/-",BRD-AMT
T030247,19/10/2024,f02619,delivery,soya,0.9 qtl,"Rs. 6,315/-","Rs. 5,557/-",BRD-AMT
T030248,13/07/2024,F02619,I,NPK 10:26:26,313 kgs,Rs. 47/-,"Rs. 14,655/-",BRD-AMT
T030249,07/06/2024,f02619,FERT_PURCHASE,NPK 10:26:26,72 kg,Rs. 54/-,"Rs. 3,887/-",BRD-AMT
T030250,07/06/2024,F02619,Input Purchase,SEEDS,75 kg,Rs. 103/-,"Rs. 7,737/-",BRD-AMT
T030258,16/11/2024,F02622,delivery,Soybean (Yellow),0.4 qtl,"Rs. 6,015/-","Rs. 2,226/-",BRD-AMT
T030259,16/11/2024,F02622,FPO_DELIVERY,Soybean (Yellow),16.75 q,"Rs. 6,015/-","Rs. 1,00,751/-",BRD-AMT
T030260,10/07/2024,f02622,input,Bio-pesticide,261 kg,Rs. 654/-,"Rs. 1,70,618/-",BRD-AMT
T030261,06/07/2024,F02622,Input Purchase,SEEDS,145 kg,Rs. 53/-,"Rs. 7,695/-",BRD-AMT
T030262,11/06/2024,F02622,INPUT_PURCHASE,NPK 10:26:26,158 kgs,Rs. 28/-,"Rs. 4,479/-",BRD-AMT
T030274,14/10/2024,F02626,FPO_DELIVERY,Soybean,2.01 q,"Rs. 6,090/-","Rs. 12,241/-",BRD-AMT
T030275,29/10/2024,f02626,D,Soybean (Yellow),1.87 q,"Rs. 6,090/-","Rs. 11,388/-",BRD-AMT
T030276,03/07/2024,F02626,input,Seeds,139 kgs,Rs. 54/-,"Rs. 7,502/-",BRD-AMT
T030367,25/10/2024,F02650,Delivery,Soybean,4.31 q,"Rs. 5,995/-","Rs. 25,838/-",BRD-AMT
T030368,27/10/2024,F02650,delivery,SOYABEAN,3.32 quintals,"Rs. 5,995/-","Rs. 19,903/-",BRD-AMT
T030369,01/07/2024,F02650,input,DAP,163 kgs,Rs. 42/-,"Rs. 6,869/-",BRD-AMT
T030370,04/07/2024,f02650,I,Hybrid Seeds,232 kgs,Rs. 96/-,"Rs. 22,272/-",BRD-AMT
T030371,12/06/2024,F02650,I,Hybrid Seeds,215 kgs,Rs. 94/-,"Rs. 20,257/-",BRD-AMT
T030574,12/05/2025,F01158,D,wheat,10.75 q,"Rs. 2,600/-","Rs. 27,950/-",BRD-AMT
T030575,15/03/2025,F01158,Delivery,Wheat,10.9 qtl,"Rs. 2,600/-","Rs. 28,444/-",BRD-AMT
T030576,05/01/2025,F01158,I,Fertilizer,254 kgs,Rs. 57/-,"Rs. 14,549/-",BRD-AMT
T030577,30/04/2025,F01160,delivery,Wheat,35.84 quintals,"Rs. 2,755/-","Rs. 98,739/-",BRD-AMT
T030578,05/12/2024,F01160,I,Urea,256 kgs,Rs. 40/-,"Rs. 10,115/-",BRD-AMT
T030579,02/12/2024,f01160,input,Urea,294 kg,Rs. 42/-,"Rs. 12,210/-",BRD-AMT
T030580,01/04/2025,F01163,FPO_DELIVERY,Lokwan Wheat,81.34 quintals,"Rs. 2,960/-","Rs. 2,40,766/-",BRD-AMT
T030581,12/03/2025,f01163,FPO_DELIVERY,Wheat,0.77 quintals,"Rs. 2,960/-","Rs. 2,279/-",BRD-AMT
T030582,08/01/2025,f01163,I,PPC,222 kg,Rs. 219/-,"Rs. 48,627/-",BRD-AMT
T030583,01/12/2024,F01163,Input Purchase,Fertilizer,48 kgs,Rs. 29/-,"Rs. 1,380/-",BRD-AMT
T030584,09/04/2025,F01164,FPO_DELIVERY,Wheat,5.50 quintals,"Rs. 2,740/-","Rs. 15,070/-",BRD-AMT
T030585,04/04/2025,F01164,D,WHEAT,14.35 quintals,"Rs. 2,740/-","Rs. 39,319/-",BRD-AMT
T030586,16/12/2024,F01164,FERT_PURCHASE,DAP,306 kgs,Rs. 28/-,"Rs. 8,586/-",BRD-AMT
T030587,29/04/2025,F01165,DELIVERY,Wheat (Durum),31.4 qtl,"Rs. 2,725/-","Rs. 85,538/-",BRD-AMT
T030588,17/03/2025,f01165,Delivery,wheat,23.6 qtl,"Rs. 2,725/-","Rs. 64,392/-",BRD-AMT
T030589,06/05/2025,F01169,D,wheat,47.83 q,"Rs. 2,865/-","Rs. 1,37,033/-",BRD-AMT
T030590,27/04/2025,F01171,DELIVERY,Wheat (Durum),13.03 quintals,"Rs. 2,765/-","Rs. 36,028/-",BRD-AMT
T030591,20/03/2025,F01171,Delivery,Wheat (Durum),12.54 q,"Rs. 2,765/-","Rs. 34,673/-",BRD-AMT
T030592,10/03/2025,F01171,FPO_DELIVERY,Bengal Gram,8.40 q,"Rs. 7,525/-","Rs. 63,210/-",BRD-AMT
T030593,13/12/2024,F01171,input,Urea,148 kgs,Rs. 47/-,"Rs. 6,980/-",BRD-AMT
T030594,04/01/2025,F01171,FERT_PURCHASE,Hybrid Seeds,124 kgs,Rs. 65/-,"Rs. 8,018/-",BRD-AMT
T030595,04/12/2024,F01171,I,SEEDS,200 kg,Rs. 120/-,"Rs. 23,984/-",BRD-AMT
T030596,04/12/2024,F01171,INPUT_PURCHASE,Urea,306 kgs,Rs. 48/-,"Rs. 14,578/-",BRD-AMT
T030597,24/12/2024,F01171,FERT_PURCHASE,Hybrid Seeds,220 kg,Rs. 109/-,"Rs. 23,965/-",BRD-AMT
T030598,21/04/2025,F01176,FPO_DELIVERY,WHEAT,2.74 quintals,"Rs. 2,715/-","Rs. 7,439/-",BRD-AMT
T030599,28/03/2025,F01176,FPO_DELIVERY,wheat,9.08 quintals,"Rs. 2,715/-","Rs. 24,652/-",BRD-AMT
T030600,15/12/2024,F01176,FERT_PURCHASE,SEEDS,40 kg,Rs. 83/-,"Rs. 3,306/-",BRD-AMT
T030601,20/04/2025, F01179 ,D,Lokwan Wheat,59.24 quintals,"Rs. 2,885/-","Rs. 1,70,907/-",BRD-AMT
T030602,24/04/2025,F01179,DELIVERY,Gram,20.4 qtl,"Rs. 7,535/-","Rs. 1,53,337/-",BRD-AMT
T030603,06/12/2024,F01179,Input Purchase,Hybrid Seeds,51 kgs,Rs. 129/-,"Rs. 6,592/-",BRD-AMT
T030604,31/12/2024,f01179,input,PP chemicals,154 kg,Rs. 173/-,"Rs. 26,708/-",BRD-AMT
T030605,20/12/2024,F01179,input,Hybrid Seeds,149 kgs,Rs. 106/-,"Rs. 15,828/-",BRD-AMT
T030606,17/03/2025,F01193,D,Wheat,71.3 qtl,"Rs. 2,890/-","Rs. 2,05,941/-",BRD-AMT
T030607,15/03/2025,F01193,D,Bengal Gram,28.6 qtl,"Rs. 7,340/-","Rs. 2,09,557/-",BRD-AMT
T030608,02/12/2024,F01193,I,Urea,120 kg,Rs. 41/-,"Rs. 4,950/-",BRD-AMT
T030609,31/12/2024,F01193,INPUT_PURCHASE,DAP,76 kg,Rs. 48/-,"Rs. 3,680/-",BRD-AMT
T030610,10/01/2025,F01193,input,SEEDS,120 kg,Rs. 56/-,"Rs. 6,679/-",BRD-AMT
T030611,31/12/2024,f01193,I,SEEDS,58 kg,Rs. 101/-,"Rs. 5,850/-",BRD-AMT
T030612,05/04/2025,F01199,DELIVERY,Lokwan Wheat,16.45 quintals,"Rs. 2,855/-","Rs. 46,965/-",BRD-AMT
T030613,08/05/2025,F01203,DELIVERY,Wheat,31.14 quintals,"Rs. 3,025/-","Rs. 94,198.50",BRD-AMT
T030614,03/12/2024,F01203,input,FERTILIZER 50kg bag,308 kg,Rs. 50/-,"Rs. 15,474/-",BRD-AMT
T030615,07/12/2024,F01203,I,PP chemicals,44 kg,Rs. 122/-,"Rs. 5,388/-",BRD-AMT
T030616,28/12/2024,F01203,Input Purchase,Hybrid Seeds,252 kg,Rs. 95/-,"Rs. 24,053/-",BRD-AMT
T030617,05/04/2025,F01207,Delivery,Wheat (Durum),1.1 qtl,"Rs. 2,750/-","Rs. 2,970/-",BRD-AMT
T030618,12/04/2025,F01207,delivery,WHEAT,4.43 q,"Rs. 2,750/-","Rs. 12,182.50",BRD-AMT
T030619,28/03/2025,F01207,FPO_DELIVERY,Wheat,47.49 quintals,"Rs. 2,750/-","Rs. 1,30,597.50",BRD-AMT
T030620,10/12/2024,F01207,Input Purchase,Urea,197 kgs,Rs. 42/-,"Rs. 8,227/-",BRD-AMT
T030621,13/05/2025,F01216,FPO_DELIVERY,Lokwan Wheat,33.64 quintals,"Rs. 2,965/-","Rs. 99,743/-",BRD-AMT
T030622,08/01/2025,,I,PPC,150 kgs,Rs. 353/-,"Rs. 52,905/-",BRD-AMT
T030623,14/01/2025,F01216,Input Purchase,FERTILIZER 50kg bag,177 kg,Rs. 48/-,"Rs. 8,484/-",BRD-AMT
T030624,13/12/2024,F01216,input,Urea,54 kg,Rs. 48/-,"Rs. 2,566/-",BRD-AMT
T030625,05/03/2025,F01219,Delivery,WHEAT,4.50 q,"Rs. 2,965/-","Rs. 13,342.50",BRD-AMT
T030626,03/05/2025, F01219 ,FPO_DELIVERY,Wheat,6.48 q,"Rs. 2,965/-","Rs. 19,213/-",BRD-AMT
T030627,18/12/2024,F01219,I,DAP,290 kg,Rs. 55/-,"Rs. 15,970/-",BRD-AMT
T030628,15/04/2025,f01223,D,WHEAT,2.60 quintals,"Rs. 2,675/-","Rs. 6,955/-",BRD-AMT
T030629,02/04/2025,F01223,D,wheat,67.96 quintals,"Rs. 2,675/-","Rs. 1,81,793/-",BRD-AMT
T030630,08/04/2025,F01223,D,WHEAT,71.1 qtl,"Rs. 2,675/-","Rs. 1,90,112/-",BRD-AMT
T030631,08/05/2025,f01223,D,Gram,1.0 qtl,"Rs. 7,355/-","Rs. 7,576/-",BRD-AMT
T030632,23/04/2025,F01223,Delivery,Gram,37.31 quintals,"Rs. 7,355/-","Rs. 2,74,415/-",BRD-AMT
T030633,19/04/2025,F01235,DELIVERY,Wheat (Durum),22.5 qtl,"Rs. 2,605/-","Rs. 58,534/-",BRD-AMT
T030634,08/12/2024,F01235,INPUT_PURCHASE,Bio-pesticide,289 kg,Rs. 626/-,"Rs. 1,80,842/-",BRD-AMT
T030635,04/04/2025,F01236,Delivery,Wheat,9.51 q,"Rs. 2,725/-","Rs. 25,915/-",BRD-AMT
T030636,06/05/2025,F01236,delivery,Lokwan Wheat,32.9 qtl,"Rs. 2,725/-","Rs. 89,761.50",BRD-AMT
T030637,09/03/2025,F01236,DELIVERY,Bengal Gram,17.86 quintals,"Rs. 7,585/-","Rs. 1,35,468/-",BRD-AMT
T030638,25/12/2024,F01236,input,Seeds,303 kg,Rs. 54/-,"Rs. 16,253/-",BRD-AMT
T030639,08/12/2024,F01236,Input Purchase,NPK 10:26:26,236 kg,Rs. 43/-,"Rs. 10,202/-",BRD-AMT
T030640,03/01/2025,F01236,input,SEEDS,218 kgs,Rs. 47/-,"Rs. 10,333/-",BRD-AMT
T030641,06/01/2025,F01236,input,FERTILIZER 50kg bag,52 kgs,Rs. 41/-,"Rs. 2,141/-",BRD-AMT
T030642,10/01/2025,F01236,FERT_PURCHASE,DAP,103 kgs,Rs. 44/-,"Rs. 4,527/-",BRD-AMT
T030643,12/03/2025,F01249,Delivery,Lokwan Wheat,1.2 qtl,"Rs. 2,965/-","Rs. 3,469/-",BRD-AMT
T030644,12/04/2025,F01249,FPO_DELIVERY,wheat,43.8 qtl,"Rs. 2,965/-","Rs. 1,29,719/-",BRD-AMT
T030645,15/04/2025,F01249,D,GRAM (Chana),14.9 qtl,"Rs. 7,150/-","Rs. 1,06,678/-",BRD-AMT
T030646,17/12/2024,F01249,Input Purchase,Urea,118 kgs,Rs. 43/-,"Rs. 5,044.50",BRD-AMT
T030647,19/12/2024,F01249,FERT_PURCHASE,Seeds,242 kgs,Rs. 54/-,"Rs. 13,075/-",BRD-AMT
T030648,22/05/2025,f01249,LOAN_REPAY,Loan Repayment,,,"Rs. 6,700/-",BRD-AMT
T030649,24/04/2025, F01263 ,FPO_DELIVERY,Wheat,23.21 q,"Rs. 2,805/-","Rs. 65,104/-",BRD-AMT
T030650,03/03/2025,F01263,DELIVERY,chana,0.4 qtl,"Rs. 7,195/-","Rs. 3,166/-",BRD-AMT
T030651,29/04/2025,F01263,FPO_DELIVERY,Bengal Gram,12.69 quintals,"Rs. 7,195/-","Rs. 91,305/-",BRD-AMT
T030652,24/12/2024, F01263 ,I,Urea,105 kg,Rs. 34/-,"Rs. 3,604/-",BRD-AMT
T030653,15/03/2025,F01264,Delivery,Lokwan Wheat,15.83 quintals,"Rs. 2,720/-","Rs. 43,058/-",BRD-AMT
T030654,15/03/2025,F01264,D,Wheat (Durum),6.94 q,"Rs. 2,720/-","Rs. 18,877/-",BRD-AMT
T030655,19/12/2024,f01264,FERT_PURCHASE,Urea,40 kg,Rs. 33/-,"Rs. 1,321/-",BRD-AMT
T030656,16/04/2025,f01274,delivery,Wheat (Durum),22.33 quintals,"Rs. 2,800/-","Rs. 62,524/-",BRD-AMT
T030657,10/12/2024,F01274,Input Purchase,FERTILIZER 50kg bag,169 kgs,Rs. 56/-,"Rs. 9,505/-",BRD-AMT
T030658,03/05/2025,F01275,Delivery,wheat,3.88 q,"Rs. 2,680/-","Rs. 10,398/-",BRD-AMT
T030659,18/03/2025,F01275,delivery,wheat,2.7 qtl,"Rs. 2,680/-","Rs. 7,316/-",BRD-AMT
T030660,24/04/2025,F01275,DELIVERY,GRAM (Chana),1.4 qtl,"Rs. 6,915/-","Rs. 9,681/-",BRD-AMT
T030661,22/03/2025,F01275,FPO_DELIVERY,Gram,0.59 quintals,"Rs. 6,915/-","Rs. 4,080/-",BRD-AMT
T030662,09/05/2025,F01280,D,Lokwan Wheat,61.4 qtl,"Rs. 2,845/-","Rs. 1,74,740/-",BRD-AMT
T030663,20/03/2025,F01280,D,Wheat,24.76 quintals,"Rs. 2,845/-","Rs. 70,442/-",BRD-AMT
T030664,02/03/2025,F01280,delivery,chana,32.2 qtl,"Rs. 7,150/-","Rs. 2,30,230/-",BRD-AMT
T030665,06/05/2025,F01280,Loan Repayment,EMI,,,"Rs. 6,700/-",BRD-AMT
T030666,18/04/2025,F01283,D,WHEAT,11.0 qtl,"Rs. 2,795/-","Rs. 30,633/-",BRD-AMT
T030667,11/05/2025,f01283,delivery,GRAM (Chana),0.97 q,"Rs. 6,850/-","Rs. 6,644.50",BRD-AMT
T030668,12/03/2025,F01283,DELIVERY,Gram,3.33 quintals,"Rs. 6,850/-","Rs. 22,810.50",BRD-AMT
T030669,07/12/2024,f01283,Input Purchase,Hybrid Seeds,163 kg,Rs. 54/-,"Rs. 8,742/-",BRD-AMT
T030670,11/05/2025,F01285,DELIVERY,wheat,36.65 quintals,"Rs. 2,915/-","Rs. 1,06,835/-",BRD-AMT
T030671,07/05/2025,F01285,DELIVERY,wheat,10.94 quintals,"Rs. 2,915/-","Rs. 31,890/-",BRD-AMT
T030672,01/12/2024,F01285,I,Urea,267 kg,Rs. 54/-,"Rs. 14,541/-",BRD-AMT
T030673,01/03/2025,f01288,delivery,WHEAT,40.45 q,"Rs. 2,915/-","Rs. 1,17,912/-",BRD-AMT
T030674,19/03/2025,F01288,delivery,wheat,3.79 quintals,"Rs. 2,915/-","Rs. 11,048/-",BRD-AMT
T030675,15/01/2025,F01288,Input Purchase,SEEDS,191 kgs,Rs. 48/-,"Rs. 9,162/-",BRD-AMT
T030676,12/02/2025,F01288,Loan Repayment,Loan Repayment,,,"Rs. 3,100/-",BRD-AMT
T030677,28/01/2025,F01288,Loan Repayment,Loan Repayment,,,"Rs. 1,300/-",BRD-AMT
T030678,22/02/2025,F01288,LOAN_REPAY,Loan Repayment,,,"Rs. 7,400/-",BRD-AMT
T030679,03/03/2025,F01292,delivery,WHEAT,100.1 qtl,"Rs. 2,860/-","Rs. 2,86,172/-",BRD-AMT
T030680,11/04/2025, F01292 ,FPO_DELIVERY,Wheat (Durum),10.22 q,"Rs. 2,860/-","Rs. 29,229/-",BRD-AMT
T030681,15/05/2025,F01292,DELIVERY,Bengal Gram,33.7 qtl,"Rs. 7,165/-","Rs. 2,41,317/-",BRD-AMT
T030682,11/12/2024,F01292,INPUT_PURCHASE,Urea,137 kg,Rs. 55/-,"Rs. 7,576/-",BRD-AMT
T030683,14/12/2024,F01292,INPUT_PURCHASE,Hybrid Seeds,282 kgs,Rs. 126/-,"Rs. 35,467/-",BRD-AMT
T030684,21/12/2024,F01292,FERT_PURCHASE,DAP,65 kg,Rs. 34/-,"Rs. 2,239/-",BRD-AMT
T030685,14/01/2025,F01292,INPUT_PURCHASE,NPK 10:26:26,62 kg,Rs. 58/-,"Rs. 3,611.50",BRD-AMT
T030686,02/01/2025,F01292,input,Hybrid Seeds,305 kgs,Rs. 125/-,"Rs. 38,220/-",BRD-AMT
T030687,17/12/2024,F01292,input,Hybrid Seeds,44 kg,Rs. 98/-,"Rs. 4,294/-",BRD-AMT
T030688,11/03/2025,F01292,LOAN_REPAY,Loan Repayment,,,"Rs. 4,400/-",BRD-AMT
T030689,02/05/2025,F01293,Delivery,Lokwan Wheat,27.12 q,"Rs. 2,585/-","Rs. 70,105/-",BRD-AMT
T030690,08/01/2025,F01293,input,Seeds,158 kgs,Rs. 94/-,"Rs. 14,923/-",BRD-AMT
T030691,26/12/2024,F01293,L,Loan Repayment,,,"Rs. 6,100/-",BRD-AMT
T030692,30/05/2025,F01293,Loan Repayment,Loan Repayment,,,"Rs. 3,200/-",BRD-AMT
T030693,29/04/2025,F01296,Delivery,Wheat,42.28 quintals,"Rs. 2,750/-","Rs. 1,16,270/-",BRD-AMT
T030694,06/04/2025,F01296,DELIVERY,Wheat (Durum),8.1 qtl,"Rs. 2,750/-","Rs. 22,247.50",BRD-AMT
T030695,11/03/2025,F01296,FPO_DELIVERY,Bengal Gram,16.0 qtl,"Rs. 7,640/-","Rs. 1,22,469/-",BRD-AMT
T030696,10/04/2025, F01297 ,delivery,wheat,15.2 qtl,"Rs. 2,745/-","Rs. 41,642/-",BRD-AMT
T030697,11/03/2025,F01297,Delivery,Wheat,5.07 quintals,"Rs. 2,745/-","Rs. 13,917/-",BRD-AMT
T030698,21/12/2024,F01297,INPUT_PURCHASE,SEEDS,141 kg,Rs. 118/-,"Rs. 16,676/-",BRD-AMT
T030699,03/01/2025,F01297,I,PPC,273 kg,Rs. 260/-,"Rs. 71,007/-",BRD-AMT
T031644,01/03/2025,F02220,FPO_DELIVERY,wheat,10.88 q,"Rs. 2,745/-","Rs. 29,866/-",BRD-AMT
T031645,18/04/2025,F02220,DELIVERY,Wheat (Durum),31.25 quintals,"Rs. 2,745/-","Rs. 85,781/-",BRD-AMT
T031646,13/01/2025,F02220,Input Purchase,Fertilizer,162 kgs,Rs. 31/-,"Rs. 5,048/-",BRD-AMT
T031668,01/04/2025,F02234,FPO_DELIVERY,WHEAT,11.11 quintals,"Rs. 2,955/-","Rs. 32,830/-",BRD-AMT
T031669,08/12/2024,F02234,I,Bio-pesticide,134 kgs,Rs. 652/-,"Rs. 87,321/-",BRD-AMT
T031670,18/12/2024,F02234,INPUT_PURCHASE,NPK 10:26:26,293 kg,Rs. 56/-,"Rs. 16,434/-",BRD-AMT
T031676,21/03/2025,F02244,FPO_DELIVERY,Wheat,67.86 q,"Rs. 2,735/-","Rs. 1,85,597/-",BRD-AMT
T031677,17/04/2025,F02244,Delivery,Lokwan Wheat,5.93 quintals,"Rs. 2,735/-","Rs. 16,219/-",BRD-AMT
T031678,07/12/2024,F02244,I,PPC,184 kgs,Rs. 535/-,"Rs. 98,390/-",BRD-AMT
T031689,08/03/2025,F02252,Delivery,Lokwan Wheat,48.3 qtl,"Rs. 2,830/-","Rs. 1,36,576/-",BRD-AMT
T031690,15/12/2024,F02252,FERT_PURCHASE,DAP,93 kg,Rs. 55/-,"Rs. 5,135/-",BRD-AMT
T031691,08/04/2025,F02261,delivery,WHEAT,8.98 q,"Rs. 2,885/-","Rs. 25,907/-",BRD-AMT
T031692,22/03/2025,F02261,DELIVERY,WHEAT,32.29 q,"Rs. 2,885/-","Rs. 93,157/-",BRD-AMT
T031693,18/04/2025,F02261,DELIVERY,Lokwan Wheat,27.50 quintals,"Rs. 2,885/-","Rs. 79,337.50",BRD-AMT
T031694,18/12/2024,F02261,input,Seeds,245 kg,Rs. 72/-,"Rs. 17,711/-",BRD-AMT
T031772,11/04/2025,F02305,delivery,Wheat (Durum),32.94 quintals,"Rs. 2,675/-","Rs. 88,114.50",BRD-AMT
T031773,31/12/2024,F02305,Input Purchase,PP chemicals,185 kg,Rs. 605/-,"Rs. 1,11,958/-",BRD-AMT
T031782,29/04/2025,F02309,FPO_DELIVERY,Wheat,8.9 qtl,"Rs. 2,965/-","Rs. 26,359/-",BRD-AMT
T031783,07/05/2025,F02309,delivery,wheat,9.8 qtl,"Rs. 2,965/-","Rs. 29,087/-",BRD-AMT
T031784,14/01/2025, F02309 ,INPUT_PURCHASE,PP chemicals,265 kg,Rs. 487/-,"Rs. 1,29,172/-",BRD-AMT
T031785,11/01/2025,F02309,I,NPK 10:26:26,109 kg,Rs. 47/-,"Rs. 5,088/-",BRD-AMT
T031859,08/04/2025,F02390,delivery,WHEAT,13.16 quintals,"Rs. 2,870/-","Rs. 37,769/-",BRD-AMT
T031860,08/12/2024,F02390,FERT_PURCHASE,PPC,153 kg,Rs. 290/-,"Rs. 44,416/-",BRD-AMT
T031861,01/12/2024,F02390,FERT_PURCHASE,FERTILIZER 50kg bag,259 kg,Rs. 58/-,"Rs. 15,038/-",BRD-AMT
T031862,24/12/2024,F02390,FERT_PURCHASE,PPC,121 kg,Rs. 143/-,"Rs. 17,272/-",BRD-AMT
T031930,03/04/2025,F02451,DELIVERY,Lokwan Wheat,8.7 qtl,"Rs. 2,880/-","Rs. 24,941/-",BRD-AMT
T031931,17/04/2025,F02451,D,WHEAT,61.2 qtl,"Rs. 2,880/-","Rs. 1,76,285/-",BRD-AMT
T031932,22/12/2024,F02451,Input Purchase,Hybrid Seeds,185 kgs,Rs. 82/-,"Rs. 15,140/-",BRD-AMT
T031933,09/01/2025,F02451,INPUT_PURCHASE,FERTILIZER 50kg bag,159 kgs,Rs. 32/-,"Rs. 5,037/-",BRD-AMT
T031934,10/01/2025,F02451,input,FERTILIZER 50kg bag,29 kgs,Rs. 41/-,"Rs. 1,203/-",BRD-AMT
T031935,20/04/2025,F02452,Delivery,Wheat (Durum),44.40 quintals,"Rs. 3,010/-","Rs. 1,33,644/-",BRD-AMT
T031936,04/12/2024,F02452,input,Seeds,128 kg,Rs. 68/-,"Rs. 8,745/-",BRD-AMT
T031937,31/12/2024,F02452,Input Purchase,SEEDS,53 kgs,Rs. 92/-,"Rs. 4,860/-",BRD-AMT
T031938,11/12/2024,F02452,input,NPK 10:26:26,108 kgs,Rs. 46/-,"Rs. 4,953/-",BRD-AMT
T032016,27/03/2025,F02496,Delivery,Wheat (Durum),1.61 quintals,"Rs. 2,715/-","Rs. 4,371/-",BRD-AMT
T032017,13/03/2025,F02496,DELIVERY,Wheat (Durum),61.5 qtl,"Rs. 2,715/-","Rs. 1,66,972.50",BRD-AMT
T032018,25/12/2024,F02496,INPUT_PURCHASE,SEEDS,234 kg,Rs. 111/-,"Rs. 26,032.50",BRD-AMT
T032019,03/01/2025,f02496,I,PP chemicals,72 kgs,Rs. 170/-,"Rs. 12,229/-",BRD-AMT
T032020,04/05/2025,F02496,L,EMI,,,"Rs. 7,200/-",BRD-AMT
T032025,28/04/2025,F02501,D,Wheat,22.12 q,"Rs. 3,015/-","Rs. 66,692/-",BRD-AMT
T032026,04/01/2025,f02501,INPUT_PURCHASE,FERTILIZER 50kg bag,76 kg,Rs. 32/-,"Rs. 2,465/-",BRD-AMT
T032027,31/12/2024,F02501,INPUT_PURCHASE,SEEDS,62 kgs,Rs. 64/-,"Rs. 3,975/-",BRD-AMT
T032054,01/04/2025,F02516,DELIVERY,Wheat (Durum),33.52 quintals,"Rs. 2,790/-","Rs. 93,521/-",BRD-AMT
T032055,21/12/2024,F02516,INPUT_PURCHASE,Seeds,303 kgs,Rs. 53/-,"Rs. 16,068/-",BRD-AMT
T032056,18/03/2025,f02517,DELIVERY,Wheat (Durum),7.9 qtl,"Rs. 2,790/-","Rs. 22,153/-",BRD-AMT
T032057,04/05/2025,F02517,D,Wheat (Durum),28.96 q,"Rs. 2,790/-","Rs. 80,798/-",BRD-AMT
T032058,26/12/2024,F02517,INPUT_PURCHASE,Seeds,313 kg,Rs. 74/-,"Rs. 23,250/-",BRD-AMT
T032059,06/01/2025,F02517,INPUT_PURCHASE,Bio-pesticide,60 kg,Rs. 389/-,"Rs. 23,342/-",BRD-AMT
T032062,05/04/2025,f02525,FPO_DELIVERY,WHEAT,5.4 qtl,"Rs. 2,875/-","Rs. 15,582.50",BRD-AMT
T032063,28/04/2025,f02525,DELIVERY,Wheat,26.81 quintals,"Rs. 2,875/-","Rs. 77,079/-",BRD-AMT
T032155,25/03/2025,F02578,D,Wheat (Durum),28.3 qtl,"Rs. 2,895/-","Rs. 81,871/-",BRD-AMT
T032156,04/03/2025,F02578,DELIVERY,Lokwan Wheat,2.2 qtl,"Rs. 2,895/-","Rs. 6,282/-",BRD-AMT
T032157,12/01/2025,F02578,I,Urea,108 kg,Rs. 50/-,"Rs. 5,403/-",BRD-AMT
T032193,21/04/2025,F02590,DELIVERY,Wheat,27.38 q,"Rs. 2,845/-","Rs. 77,896/-",BRD-AMT
T032194,15/12/2024,F02590,input,Seeds,251 kg,Rs. 110/-,"Rs. 27,492/-",BRD-AMT
T032223,19/04/2025,F02611,FPO_DELIVERY,Lokwan Wheat,9.27 q,"Rs. 2,850/-","Rs. 26,419.50",BRD-AMT
T032224,16/03/2025,F02611,delivery,wheat,2.86 q,"Rs. 2,850/-","Rs. 8,151/-",BRD-AMT
T032241,26/03/2025, F02617 ,D,Wheat (Durum),35.81 quintals,"Rs. 2,895/-","Rs. 1,03,670/-",BRD-AMT
T032242,13/04/2025,F02617,DELIVERY,Wheat,5.56 q,"Rs. 2,895/-","Rs. 16,096/-",BRD-AMT
T032243,02/12/2024,F02617,Input Purchase,NPK 10:26:26,259 kg,Rs. 29/-,"Rs. 7,524/-",BRD-AMT
T032244,07/01/2025,F02617,INPUT_PURCHASE,DAP,123 kg,Rs. 54/-,"Rs. 6,673/-",BRD-AMT
T032245,11/01/2025,F02617,input,PP chemicals,120 kgs,Rs. 494/-,"Rs. 59,254/-",BRD-AMT
T032246,11/12/2024,F02617,FERT_PURCHASE,Seeds,121 kgs,Rs. 50/-,"Rs. 6,025/-",BRD-AMT
T032247,13/04/2025,F02619,delivery,Wheat (Durum),8.4 qtl,"Rs. 2,865/-","Rs. 24,181/-",BRD-AMT
T032248,21/04/2025,F02619,FPO_DELIVERY,wheat,6.2 qtl,"Rs. 2,865/-","Rs. 17,620/-",BRD-AMT
T032260,30/04/2025,F02622,Delivery,Lokwan Wheat,43.9 qtl,"Rs. 2,815/-","Rs. 1,23,663/-",BRD-AMT
T032261,05/01/2025,F02622,I,SEEDS,302 kg,Rs. 51/-,"Rs. 15,532/-",BRD-AMT
T032262,05/12/2024,F02622,FERT_PURCHASE,Hybrid Seeds,217 kg,Rs. 119/-,"Rs. 25,769/-",BRD-AMT
T032340,27/04/2025,F02650,D,Wheat (Durum),16.1 qtl,"Rs. 2,855/-","Rs. 45,823/-",BRD-AMT
T032341,19/04/2025,f02650,FPO_DELIVERY,wheat,1.29 quintals,"Rs. 2,855/-","Rs. 3,683/-",BRD-AMT
T032342,13/12/2024,F02650,FERT_PURCHASE,Urea,69 kg,Rs. 45/-,"Rs. 3,073/-",BRD-AMT
T032343,13/01/2025,F02650,input,FERTILIZER 50kg bag,50 kg,Rs. 36/-,"Rs. 1,811/-",BRD-AMT
T032344,06/12/2024,F02650,Input Purchase,FERTILIZER 50kg bag,107 kg,Rs. 41/-,"Rs. 4,336/-",BRD-AMT
T032345,26/12/2024,F02650,I,Fertilizer,229 kgs,Rs. 55/-,"Rs. 12,620/-",BRD-AMT
T032360,01/03/2025,F02656,delivery,Wheat,16.35 q,"Rs. 2,700/-","Rs. 44,145/-",BRD-AMT
T032407,08/05/2025,F02673,D,wheat,0.5 qtl,"Rs. 2,770/-","Rs. 1,496/-",BRD-AMT
T032408,05/05/2025,f02673,Delivery,WHEAT,6.9 qtl,"Rs. 2,770/-","Rs. 19,196/-",BRD-AMT
T032409,14/01/2025,f02673,FERT_PURCHASE,NPK 10:26:26,193 kg,Rs. 48/-,"Rs. 9,324/-",BRD-AMT
T032410,17/12/2024,F02673,FERT_PURCHASE,PPC,186 kg,Rs. 572/-,"Rs. 1,06,437/-",BRD-AMT
T032411,12/12/2024,F02673,FERT_PURCHASE,SEEDS,50 kg,Rs. 93/-,"Rs. 4,649/-",BRD-AMT
T021744,23/12/2022,F01155,Input Purchase,NPK 10:26:26,67 kg,Rs. 40/-,"Rs. 2,664/-",BRD-AMT
T000854,01/11/2019,F01205,LOAN_REPAY,Loan Repayment,,,"Rs. 3,700/-",BRD-AMT
T005375,28/05/2020,F01269,LOAN_REPAY,EMI,,,"Rs. 7,200/-",BRD-AMT
T000735,16/11/2019,F01178,FPO_DELIVERY,Soybean,8.28 q,"Rs. 4,995/-","Rs. 41,359/-",BRD-AMT
T016071,03/07/2021,F02244,FERT_PURCHASE,Hybrid Seeds,253 kg,Rs. 55/-,"Rs. 13,915/-",BRD-AMT
T005427,02/04/2020,F01292,loan,EMI,,,"Rs. 4,700/-",BRD-AMT
T032063,28/04/2025,f02525,DELIVERY,Wheat,26.81 quintals,"Rs. 2,875/-","Rs. 77,079/-",BRD-AMT
T017041,13/05/2022,F01297,L,EMI,,,"Rs. 7,300/-",BRD-AMT
T014320,04/11/2021,F01206,DELIVERY,soya,10.97 q,"Rs. 5,200/-","Rs. 57,044/-",BRD-AMT
T001122,06/06/2019,F01271,INPUT_PURCHASE,DAP,159 kgs,Rs. 57/-,"Rs. 9,074/-",BRD-AMT
T014288,24/10/2021,F01191,delivery,SOYABEAN,8.9 qtl,"Rs. 5,525/-","Rs. 49,449/-",BRD-AMT
T030587,29/04/2025,F01165,DELIVERY,Wheat (Durum),31.4 qtl,"Rs. 2,725/-","Rs. 85,538/-",BRD-AMT
T016982,28/04/2022, F01263 ,D,Gram,4.54 quintals,"Rs. 6,690/-","Rs. 30,373/-",BRD-AMT
T019463,15/06/2022,F01179,Input Purchase,PP chemicals,280 kg,Rs. 126/-,"Rs. 35,314/-",BRD-AMT
T014441,04/07/2021,F01285,input,FERTILIZER 50kg bag,39 kgs,Rs. 31/-,"Rs. 1,204/-",BRD-AMT
T008740,12/08/2020,F01207,LOAN_REPAY,EMI,,,"Rs. 6,500/-",BRD-AMT
T014430,01/06/2021,F01280,LOAN_REPAY,EMI,,,"Rs. 7,800/-",BRD-AMT
T001003,02/07/2019,F01242,LOAN_REPAY,EMI,,,"Rs. 6,600/-",BRD-AMT
T014456,12/06/2021,F01293,I,NPK 10:26:26,190 kgs,Rs. 50/-,"Rs. 9,477/-",BRD-AMT
T001179,07/07/2019,F01286,input,FERTILIZER 50kg bag,67 kgs,Rs. 59/-,"Rs. 3,974/-",BRD-AMT
T008660,05/11/2020,F01170,delivery,Soybean,6.67 quintals,"Rs. 5,060/-","Rs. 33,750/-",BRD-AMT
T030579,02/12/2024,f01160,input,Urea,294 kg,Rs. 42/-,"Rs. 12,210/-",BRD-AMT
T017007,16/04/2022,F01280,D,wheat,17.04 q,"Rs. 2,490/-","Rs. 42,430/-",BRD-AMT
T017018,01/04/2022, F01285 ,delivery,Wheat (Durum),41.3 qtl,"Rs. 2,405/-","Rs. 99,423/-",BRD-AMT
T005338,23/04/2020,F01248,Delivery,WHEAT,15.12 quintals,"Rs. 2,540/-","Rs. 38,405/-",BRD-AMT
T000791,28/10/2019, F01190 ,delivery,soya,13.57 quintals,"Rs. 5,120/-","Rs. 69,478/-",BRD-AMT
T026361,22/03/2024,F01249,loan,Loan Repayment,,,"Rs. 4,300/-",BRD-AMT
T000663,18/06/2019,f01157,Input Purchase,FERTILIZER 50kg bag,209 kgs,Rs. 34/-,"Rs. 7,066/-",BRD-AMT
