TXN_ID,TXN_DATE,FARMER_ID,TXN_TYPE,ITEM,QTY,RATE_INR,AMOUNT_INR,GID
T001256,11/01/2019,f01301,DELIVERY,PADDY,"2,528.00 kgs",INR 2080.00,INR 52582.40,BRD-NSK
T001257,07/06/2019, F01301 ,Input Purchase,Seeds,195 kgs,INR 67.06,INR 13076.70,BRD-NSK
T001258,06/01/2019, F01301 ,I,Hybrid Seeds,315 kg,INR 71.16,INR 22415.40,BRD-NSK
T001259,10/02/2019,F01302,D,Paddy (Rainfed),2610 kg,INR 2195.00,INR 57289.50,BRD-NSK
T001260,11/27/2019,F01302,loan,Loan Repayment,,,INR 4800.00,BRD-NSK
T001261,10/31/2019,F01303,delivery,Sona Masoori Paddy,2733 kg,INR 2325.00,INR 63542.25,BRD-NSK
T001262,06/18/2019,f01303,INPUT_PURCHASE,FERTILIZER 50kg bag,159 kgs,INR 55.99,INR 8902.41,BRD-NSK
T001263,07/04/2019,F01303,I,PPC,121 kg,INR 516.09,INR 62446.89,BRD-NSK
T001264,07/04/2019,F01303,FERT_PURCHASE,Urea,174 kg,INR 35.97,INR 6258.78,BRD-NSK
T001265,06/02/2019,F01303,Input Purchase,FERTILIZER 50kg bag,105 kg,INR 37.92,INR 3981.60,BRD-NSK
T001266,11/25/2019, F01304 ,DELIVERY,PADDY,"1,897.00 kgs",INR 2225.00,INR 42208.25,BRD-NSK
T001267,11/11/2019,F01304,Delivery,PADDY,"1,810.00 kgs",INR 2225.00,INR 40272.50,BRD-NSK
T001268,06/24/2019,F01304,INPUT_PURCHASE,Urea,206 kg,INR 52.87,INR 10891.22,BRD-NSK
T001269,06/10/2019,F01304,Input Purchase,SEEDS,81 kgs,INR 65.96,INR 5342.76,BRD-NSK
T001270,10/04/2019,F01305,delivery,Sona Masoori Paddy,"1,288.00 kgs",INR 2140.00,INR 27563.20,BRD-NSK
T001271,11/26/2019,F01305,delivery,Paddy (Rainfed),322 kg,INR 2140.00,INR 6890.80,BRD-NSK
T001272,08/30/2019,f01305,L,EMI,,,INR 2500.00,BRD-NSK
T001273,10/19/2019,F01306,DELIVERY,Paddy,2061 kg,INR 2140.00,INR 44105.40,BRD-NSK
T001274,10/16/2019,F01307,Delivery,PADDY,"2,249.00 kgs",INR 2100.00,INR 47229.00,BRD-NSK
T001275,10/27/2019,F01307,delivery,Sona Masoori Paddy,597 kg,INR 2100.00,INR 12537.00,BRD-NSK
T001276,11/23/2019,F01307,D,Paddy,308 kg,INR 2100.00,INR 6468.00,BRD-NSK
T001277,07/15/2019,F01307,I,FERTILIZER 50kg bag,212 kgs,INR 51.49,INR 10915.88,BRD-NSK
T001278,07/05/2019,F01307,I,Urea,253 kgs,INR 48.95,INR 12384.35,BRD-NSK
T001279,07/19/2019,F01307,Loan Repayment,EMI,,,INR 7300.00,BRD-NSK
T001280,10/13/2019,F01308,delivery,Paddy,4668 kg,INR 2175.00,INR 101529.00,BRD-NSK
T001281,07/13/2019,F01308,FERT_PURCHASE,Urea,103 kg,INR 29.47,INR 3035.41,BRD-NSK
T001282,06/07/2019,F01308,Input Purchase,DAP,159 kgs,INR 41.01,INR 6520.59,BRD-NSK
T001283,06/16/2019,f01308,FERT_PURCHASE,SEEDS,190 kgs,INR 96.11,INR 18260.90,BRD-NSK
T001284,10/13/2019,F01309,DELIVERY,Sona Masoori Paddy,"2,823.00 kgs",INR 2180.00,INR 61541.40,BRD-NSK
T001285,06/16/2019,F01309,input,NPK 10:26:26,34 kgs,INR 48.29,INR 1641.86,BRD-NSK
T001286,07/09/2019,F01309,input,Urea,173 kgs,INR 37.69,INR 6520.37,BRD-NSK
T001287,10/23/2019,F01310,delivery,paddy,77.00 kgs,INR 2175.00,INR 1674.75,BRD-NSK
T001288,11/10/2019,F01310,Delivery,Paddy,"1,451.00 kgs",INR 2175.00,INR 31559.25,BRD-NSK
T001289,10/16/2019,F01311,D,Paddy,1884 kg,INR 2385.00,INR 44933.40,BRD-NSK
T001290,06/30/2019,F01311,Input Purchase,NPK 10:26:26,61 kgs,INR 36.71,INR 2239.31,BRD-NSK
T001291,09/20/2019,F01311,Loan Repayment,Loan Repayment,,,INR 2200.00,BRD-NSK
T001292,06/09/2019,F01311,Loan Repayment,EMI,,,INR 7400.00,BRD-NSK
T001293,11/21/2019,F01312,Delivery,PADDY,5311 kg,INR 2105.00,INR 111796.55,BRD-NSK
T001294,06/25/2019,F01312,input,Urea,253 kgs,INR 31.93,INR 8078.29,BRD-NSK
T001295,06/27/2019,F01312,FERT_PURCHASE,NPK 10:26:26,140 kg,INR 32.31,INR 4523.40,BRD-NSK
T001296,07/05/2019,F01312,Input Purchase,Bio-pesticide,111 kg,INR 496.99,INR 55165.89,BRD-NSK
T001297,06/04/2019,f01312,input,FERTILIZER 50kg bag,60 kg,INR 45.76,INR 2745.60,BRD-NSK
T001298,10/30/2019,f01313,FPO_DELIVERY,Sona Masoori Paddy,875.00 kgs,INR 2160.00,INR 18900.00,BRD-NSK
T001299,10/07/2019,F01313,Delivery,Paddy (Rainfed),324.00 kgs,INR 2160.00,INR 6998.40,BRD-NSK
T001300,11/07/2019,f01313,LOAN_REPAY,EMI,,,INR 7300.00,BRD-NSK
T001301,11/12/2019,f01314,D,PADDY,"1,499.00 kgs",INR 2415.00,INR 36200.85,BRD-NSK
T001302,10/17/2019,f01315,Delivery,PADDY,"1,533.00 kgs",INR 2290.00,INR 35105.70,BRD-NSK
T001303,11/15/2019,F01315,FPO_DELIVERY,Sona Masoori Paddy,"2,496.00 kgs",INR 2290.00,INR 57158.40,BRD-NSK
T001304,10/04/2019,f01316,DELIVERY,Paddy (Rainfed),2880 kg,INR 2170.00,INR 62496.00,BRD-NSK
T001305,11/12/2019,F01317,delivery,Paddy (Rainfed),4798 kg,INR 2195.00,INR 105316.10,BRD-NSK
T001306,06/04/2019, F01317 ,input,PP chemicals,284 kg,INR 348.02,INR 98837.68,BRD-NSK
T001307,08/01/2019,f01317,LOAN_REPAY,EMI,,,INR 2900.00,BRD-NSK
T001308,11/08/2019,F01317,loan,EMI,,,INR 6900.00,BRD-NSK
T001309,11/01/2019,f01318,Delivery,Paddy,708 kg,INR 2180.00,INR 15434.40,BRD-NSK
T001310,11/18/2019,F01318,delivery,Paddy (Rainfed),25 kg,INR 2180.00,INR 545.00,BRD-NSK
T001311,11/27/2019,F01319,DELIVERY,Sona Masoori Paddy,3262 kg,INR 2365.00,INR 77146.30,BRD-NSK
T001312,10/28/2019, F01319 ,Delivery,Paddy (Rainfed),"1,924.00 kgs",INR 2365.00,INR 45502.60,BRD-NSK
T001313,06/12/2019,F01319,Input Purchase,NPK 10:26:26,83 kgs,INR 42.06,INR 3490.98,BRD-NSK
T001314,11/01/2019,F01320,D,Sona Masoori Paddy,"2,092.00 kgs",INR 2165.00,INR 45291.80,BRD-NSK
T001315,11/01/2019,F01320,DELIVERY,PADDY,"1,259.00 kgs",INR 2165.00,INR 27257.35,BRD-NSK
T001316,10/17/2019,F01320,Delivery,paddy,705 kg,INR 2165.00,INR 15263.25,BRD-NSK
T001317,07/07/2019,F01320,Input Purchase,Fertilizer,268 kgs,INR 47.03,INR 12604.04,BRD-NSK
T001318,07/04/2019,F01320,I,DAP,108 kgs,INR 30.58,INR 3302.64,BRD-NSK
T001319,06/10/2019,F01320,Input Purchase,Seeds,261 kg,INR 85.47,INR 22307.67,BRD-NSK
T001320,11/07/2019,f01321,Delivery,PADDY,"2,591.00 kgs",INR 2340.00,INR 60629.40,BRD-NSK
T001321,11/10/2019,F01322,FPO_DELIVERY,Paddy (Rainfed),"2,795.00 kgs",INR 2195.00,INR 61350.25,BRD-NSK
T001322,10/12/2019,F01322,D,paddy,1411 kg,INR 2195.00,INR 30971.45,BRD-NSK
T001323,06/12/2019,F01322,FERT_PURCHASE,Urea,299 kgs,INR 37.49,INR 11209.51,BRD-NSK
T001324,11/22/2019,F01323,delivery,PADDY,3097 kg,INR 2145.00,INR 66430.65,BRD-NSK
T001325,11/15/2019,F01323,Delivery,Sona Masoori Paddy,619 kg,INR 2145.00,INR 13277.55,BRD-NSK
T001326,10/28/2019,F01324,Delivery,Paddy,"6,858.00 kgs",INR 2220.00,INR 152247.60,BRD-NSK
T001327,07/04/2019,f01324,FERT_PURCHASE,DAP,119 kgs,INR 43.10,INR 5128.90,BRD-NSK
T001328,08/27/2019,F01324,L,EMI,,,INR 2200.00,BRD-NSK
T001329,06/15/2019,F01324,Loan Repayment,Loan Repayment,,,INR 4600.00,BRD-NSK
T001330,11/14/2019,F01325,DELIVERY,Sona Masoori Paddy,"3,717.00 kgs",INR 2195.00,INR 81588.15,BRD-NSK
T001331,06/27/2019,F01325,INPUT_PURCHASE,NPK 10:26:26,85 kg,INR 32.02,INR 2721.70,BRD-NSK
T001332,06/02/2019,F01325,I,DAP,143 kg,INR 31.45,INR 4497.35,BRD-NSK
T001333,10/12/2019,F01326,D,PADDY,662 kg,INR 2235.00,INR 14795.70,BRD-NSK
T001334,11/09/2019,F01326,D,Paddy,495.00 kgs,INR 2235.00,INR 11063.25,BRD-NSK
T001335,11/27/2019,f01326,FPO_DELIVERY,Paddy (Rainfed),619 kg,INR 2235.00,INR 13834.65,BRD-NSK
T001336,07/13/2019,F01326,I,Seeds,244 kg,INR 105.30,INR 25693.20,BRD-NSK
T001337,06/18/2019,F01326,INPUT_PURCHASE,SEEDS,135 kgs,INR 102.61,INR 13852.35,BRD-NSK
T001338,07/02/2019,F01326,Input Purchase,DAP,83 kgs,INR 35.91,INR 2980.53,BRD-NSK
T001339,09/12/2019,F01326,L,EMI,,,INR 3200.00,BRD-NSK
T001340,11/02/2019,F01327,FPO_DELIVERY,Paddy,"3,120.00 kgs",INR 2195.00,INR 68484.00,BRD-NSK
T001341,11/21/2019,F01327,Delivery,Paddy (Rainfed),380.00 kgs,INR 2195.00,INR 8341.00,BRD-NSK
T001342,11/21/2019,F01328,delivery,Paddy,647.00 kgs,INR 2135.00,INR 13813.45,BRD-NSK
T001343,10/26/2019,F01328,Delivery,paddy,1427 kg,INR 2135.00,INR 30466.45,BRD-NSK
T001344,07/07/2019,F01328,Input Purchase,DAP,101 kgs,INR 57.64,INR 5821.64,BRD-NSK
T001345,11/15/2019,F01329,Delivery,paddy,11 kg,INR 2240.00,INR 246.40,BRD-NSK
T001346,10/25/2019, F01329 ,D,Paddy,"3,013.00 kgs",INR 2240.00,INR 67491.20,BRD-NSK
T001347,06/27/2019,F01329,Input Purchase,Urea,112 kgs,INR 43.30,INR 4849.60,BRD-NSK
T001348,09/27/2019,F01329,loan,Loan Repayment,,,INR 3000.00,BRD-NSK
T001349,10/12/2019,F01329,loan,Loan Repayment,,,INR 4400.00,BRD-NSK
T001350,11/24/2019,F01330,DELIVERY,PADDY,1413 kg,INR 2155.00,INR 30450.15,BRD-NSK
T001351,07/03/2019,F01330,input,Hybrid Seeds,319 kg,INR 79.68,INR 25417.92,BRD-NSK
T001352,11/29/2019,F01331,delivery,Sona Masoori Paddy,"3,093.00 kgs",INR 2060.00,INR 63715.80,BRD-NSK
T001353,11/13/2019,F01331,D,Sona Masoori Paddy,4146 kg,INR 2060.00,INR 85407.60,BRD-NSK
T001354,07/11/2019,F01331,I,PP chemicals,135 kgs,INR 528.29,INR 71319.15,BRD-NSK
T001355,10/06/2019,F01332,DELIVERY,Paddy,"3,087.00 kgs",INR 2170.00,INR 66987.90,BRD-NSK
T001356,10/10/2019,,D,PADDY,"2,568.00 kgs",INR 2170.00,INR 55725.60,BRD-NSK
T001357,10/25/2019,f01332,FPO_DELIVERY,Sona Masoori Paddy,"1,382.00 kgs",INR 2170.00,INR 29989.40,BRD-NSK
T001358,10/07/2019,F01333,delivery,Paddy (Rainfed),2085 kg,INR 2285.00,INR 47642.25,BRD-NSK
T001359,06/24/2019,F01333,input,Urea,233 kgs,INR 28.24,INR 6579.92,BRD-NSK
T001360,11/17/2019,F01334,DELIVERY,paddy,523 kg,INR 2110.00,INR 11035.30,BRD-NSK
T001361,06/24/2019,F01334,FERT_PURCHASE,PP chemicals,153 kgs,INR 333.60,INR 51040.80,BRD-NSK
T001362,06/23/2019,F01334,INPUT_PURCHASE,SEEDS,66 kg,INR 89.25,INR 5890.50,BRD-NSK
T001363,11/08/2019,F01334,LOAN_REPAY,Loan Repayment,,,INR 5400.00,BRD-NSK
T001364,10/04/2019,F01335,Delivery,Paddy (Rainfed),"3,893.00 kgs",INR 2270.00,INR 88371.10,BRD-NSK
T001365,10/23/2019,F01335,D,paddy,1054 kg,INR 2270.00,INR 23925.80,BRD-NSK
T001366,06/17/2019,F01335,input,Hybrid Seeds,261 kg,INR 72.39,INR 18893.79,BRD-NSK
T001367,06/16/2019,f01335,INPUT_PURCHASE,SEEDS,307 kgs,INR 87.18,INR 26764.26,BRD-NSK
T001368,11/02/2019,F01336,FPO_DELIVERY,PADDY,242.00 kgs,INR 2155.00,INR 5215.10,BRD-NSK
T001369,10/16/2019,F01336,delivery,paddy,317.00 kgs,INR 2155.00,INR 6831.35,BRD-NSK
T001370,07/09/2019,F01336,Input Purchase,Hybrid Seeds,236 kg,INR 127.06,INR 29986.16,BRD-NSK
T001371,07/09/2019,F01336,LOAN_REPAY,EMI,,,INR 4700.00,BRD-NSK
T001372,09/06/2019,F01336,Loan Repayment,EMI,,,INR 6300.00,BRD-NSK
T001373,07/29/2019,F01336,loan,EMI,,,INR 6200.00,BRD-NSK
T001374,09/21/2019,F01336,L,Loan Repayment,,,INR 6200.00,BRD-NSK
T001375,11/08/2019,F01336,L,EMI,,,INR 3800.00,BRD-NSK
T001376,10/19/2019,F01337,Delivery,paddy,4409 kg,INR 2115.00,INR 93250.35,BRD-NSK
T001377,10/18/2019,F01337,FPO_DELIVERY,Sona Masoori Paddy,766 kg,INR 2115.00,INR 16200.90,BRD-NSK
T001378,07/03/2019,F01337,I,FERTILIZER 50kg bag,269 kg,INR 29.47,INR 7927.43,BRD-NSK
T001379,06/12/2019,F01337,input,DAP,272 kg,INR 43.37,INR 11796.64,BRD-NSK
T001380,06/18/2019,F01337,I,FERTILIZER 50kg bag,284 kgs,INR 45.59,INR 12947.56,BRD-NSK
T001381,07/10/2019,F01337,INPUT_PURCHASE,Urea,238 kgs,INR 59.78,INR 14227.64,BRD-NSK
T001382,11/01/2019,F01337,L,Loan Repayment,,,INR 2200.00,BRD-NSK
T001383,10/02/2019,F01337,LOAN_REPAY,EMI,,,INR 5600.00,BRD-NSK
T001384,10/13/2019,F01338,Delivery,Paddy (Rainfed),4183 kg,INR 2160.00,INR 90352.80,BRD-NSK
T001385,10/02/2019, F01338 ,Delivery,Paddy (Rainfed),"1,897.00 kgs",INR 2160.00,INR 40975.20,BRD-NSK
T001386,06/24/2019,F01338,I,Hybrid Seeds,220 kg,INR 110.75,INR 24365.00,BRD-NSK
T001387,11/19/2019,F01339,D,Paddy,813 kg,INR 2235.00,INR 18170.55,BRD-NSK
T001388,10/16/2019,F01339,Delivery,Sona Masoori Paddy,4973 kg,INR 2235.00,INR 111146.55,BRD-NSK
T001389,06/30/2019, F01339 ,FERT_PURCHASE,Fertilizer,317 kgs,INR 53.07,INR 16823.19,BRD-NSK
T001390,11/19/2019,F01339,loan,Loan Repayment,,,INR 7000.00,BRD-NSK
T001391,10/27/2019,F01340,FPO_DELIVERY,Paddy (Rainfed),485.00 kgs,INR 2030.00,INR 9845.50,BRD-NSK
T001392,11/17/2019,F01340,D,Paddy (Rainfed),342.00 kgs,INR 2030.00,INR 6942.60,BRD-NSK
T001393,10/07/2019,F01340,D,paddy,"5,631.00 kgs",INR 2030.00,INR 114309.30,BRD-NSK
T001394,07/02/2019,F01340,I,Urea,276 kgs,INR 29.04,INR 8015.04,BRD-NSK
T001395,06/02/2019,F01340,INPUT_PURCHASE,Fertilizer,229 kg,INR 47.74,INR 10932.46,BRD-NSK
T001396,07/02/2019,F01340,I,NPK 10:26:26,169 kg,INR 40.70,INR 6878.30,BRD-NSK
T001397,06/16/2019,F01340,INPUT_PURCHASE,DAP,279 kg,INR 59.39,INR 16569.81,BRD-NSK
T001398,11/14/2019,F01341,FPO_DELIVERY,PADDY,"5,776.00 kgs",INR 2250.00,INR 129960.00,BRD-NSK
T001399,06/01/2019,F01341,FERT_PURCHASE,Seeds,117 kg,INR 103.82,INR 12146.94,BRD-NSK
T001400,11/26/2019,F01342,FPO_DELIVERY,Paddy (Rainfed),2648 kg,INR 2260.00,INR 59844.80,BRD-NSK
T001401,10/29/2019,F01342,FPO_DELIVERY,paddy,"1,457.00 kgs",INR 2260.00,₹ N/A,BRD-NSK
T001402,06/23/2019, F01342 ,I,DAP,84 kgs,INR 53.04,INR 4455.36,BRD-NSK
T001403,06/13/2019,F01342,Input Purchase,PPC,77 kgs,INR 509.13,INR 39203.01,BRD-NSK
T001404,06/04/2019,F01342,INPUT_PURCHASE,DAP,314 kgs,INR 59.29,INR 18617.06,BRD-NSK
T001405,10/02/2019,F01343,FPO_DELIVERY,Sona Masoori Paddy,971.00 kgs,INR 2035.00,INR 19759.85,BRD-NSK
T001406,10/31/2019,F01343,D,Sona Masoori Paddy,2132 kg,INR 2035.00,INR 43386.20,BRD-NSK
T001407,10/12/2019,F01344,D,Paddy,853.00 kgs,INR 2150.00,INR 18339.50,BRD-NSK
T001408,10/29/2019,F01344,D,paddy,1846 kg,INR 2150.00,INR 39689.00,BRD-NSK
T001409,07/06/2019,F01344,I,PP chemicals,151 kgs,INR 697.73,INR 105357.23,BRD-NSK
T001410,11/21/2019,F01345,FPO_DELIVERY,paddy,459 kg,INR 2205.00,INR 10120.95,BRD-NSK
T001411,10/08/2019,F01345,DELIVERY,PADDY,"1,907.00 kgs",INR 2205.00,INR 42049.35,BRD-NSK
T001412,07/10/2019,F01345,I,Bio-pesticide,277 kg,INR 191.68,INR 53095.36,BRD-NSK
T001413,06/12/2019,F01345,I,DAP,128 kgs,INR 30.61,INR 3918.08,BRD-NSK
T001414,07/10/2019,F01345,I,FERTILIZER 50kg bag,202 kg,INR 58.66,INR 11849.32,BRD-NSK
T001415,07/14/2019,f01345,I,Hybrid Seeds,195 kgs,INR 82.62,INR 16110.90,BRD-NSK
T001416,10/22/2019,f01346,DELIVERY,Paddy,2454 kg,INR 2210.00,INR 54233.40,BRD-NSK
T001417,07/11/2019,F01346,FERT_PURCHASE,Seeds,117 kgs,INR 119.84,INR 14021.28,BRD-NSK
T001418,11/28/2019,F01347,delivery,Paddy (Rainfed),514.00 kgs,INR 2165.00,INR 11128.10,BRD-NSK
T001419,11/20/2019,F01347,D,Paddy (Rainfed),877.00 kgs,INR 2165.00,INR 18987.05,BRD-NSK
T001420,11/02/2019,F01347,delivery,Sona Masoori Paddy,"1,392.00 kgs",INR 2165.00,INR 30136.80,BRD-NSK
T001421,07/04/2019,F01347,Input Purchase,DAP,106 kg,INR 32.91,INR 3488.46,BRD-NSK
T001422,07/05/2019,F01347,INPUT_PURCHASE,DAP,34 kg,INR 41.99,INR 1427.66,BRD-NSK
T001423,07/15/2019,f01347,INPUT_PURCHASE,Seeds,224 kg,INR 105.01,INR 23522.24,BRD-NSK
T001424,11/12/2019,F01348,DELIVERY,Paddy (Rainfed),3684 kg,INR 2305.00,INR 84916.20,BRD-NSK
T001425,06/27/2019,F01348,INPUT_PURCHASE,PPC,76 kgs,INR 685.69,INR 52112.44,BRD-NSK
T001426,06/12/2019,F01348,I,Urea,245 kgs,INR 53.74,INR 13166.30,BRD-NSK
T001427,11/06/2019,F01349,DELIVERY,paddy,773.00 kgs,INR 2195.00,INR 16967.35,BRD-NSK
T001428,10/15/2019,f01349,FPO_DELIVERY,Paddy (Rainfed),848.00 kgs,INR 2195.00,INR 18613.60,BRD-NSK
T001429,07/15/2019,F01349,FERT_PURCHASE,NPK 10:26:26,201 kg,INR 50.42,INR 10134.42,BRD-NSK
T001430,06/29/2019,F01349,I,Seeds,234 kg,INR 114.48,INR 26788.32,BRD-NSK
T001431,10/04/2019,F01350,delivery,paddy,144.00 kgs,INR 2310.00,INR 3326.40,BRD-NSK
T001432,11/27/2019, F01350 ,D,Paddy,"1,368.00 kgs",INR 2310.00,INR 31600.80,BRD-NSK
T001433,06/28/2019, F01350 ,input,Seeds,263 kgs,INR 122.62,INR 32249.06,BRD-NSK
T001434,06/26/2019,F01350,FERT_PURCHASE,Hybrid Seeds,48 kgs,INR 119.73,INR 5747.04,BRD-NSK
T001435,10/11/2019,F01351,delivery,Paddy,"2,479.00 kgs",INR 2130.00,INR 52802.70,BRD-NSK
T001436,11/16/2019,F01351,D,Sona Masoori Paddy,352.00 kgs,INR 2130.00,INR 7497.60,BRD-NSK
T001437,07/11/2019,F01351,Input Purchase,NPK 10:26:26,177 kg,INR 39.44,INR 6980.88,BRD-NSK
T001438,10/11/2019,F01351,LOAN_REPAY,EMI,,,INR 2700.00,BRD-NSK
T001439,08/19/2019,F01351,Loan Repayment,EMI,,,INR 4600.00,BRD-NSK
T001440,10/06/2019,f01352,D,Paddy,"3,299.00 kgs",INR 2205.00,INR 72742.95,BRD-NSK
T001441,11/22/2019,f01352,delivery,Sona Masoori Paddy,1669 kg,INR 2205.00,INR 36801.45,BRD-NSK
T001442,07/13/2019,F01352,Input Purchase,DAP,26 kg,INR 41.57,INR 1080.82,BRD-NSK
T001443,06/11/2019,F01352,INPUT_PURCHASE,Hybrid Seeds,239 kgs,INR 46.91,INR 11211.49,BRD-NSK
T001444,10/12/2019,F01353,D,PADDY,123.00 kgs,INR 2265.00,INR 2785.95,BRD-NSK
T001445,11/25/2019,F01353,FPO_DELIVERY,paddy,"3,662.00 kgs",INR 2265.00,INR 82944.30,BRD-NSK
T001446,11/18/2019,F01353,LOAN_REPAY,EMI,,,INR 4200.00,BRD-NSK
T001447,06/06/2019,F01353,LOAN_REPAY,Loan Repayment,,,INR 6900.00,BRD-NSK
T001448,10/02/2019,F01354,FPO_DELIVERY,Paddy (Rainfed),3484 kg,INR 2165.00,INR 75428.60,BRD-NSK
T001449,11/12/2019,F01354,delivery,Paddy,2195 kg,INR 2165.00,INR 47521.75,BRD-NSK
T001450,10/25/2019,F01355,D,Sona Masoori Paddy,700.00 kgs,INR 2140.00,INR 14980.00,BRD-NSK
T001451,10/29/2019,F01355,DELIVERY,Paddy,4774 kg,INR 2140.00,INR 102163.60,BRD-NSK
T001452,06/25/2019,F01355,FERT_PURCHASE,FERTILIZER 50kg bag,306 kg,INR 50.07,INR 15321.42,BRD-NSK
T001453,06/04/2019,F01355,input,Hybrid Seeds,157 kg,INR 91.88,INR 14425.16,BRD-NSK
T001454,07/08/2019,F01355,FERT_PURCHASE,Urea,182 kg,INR 52.01,INR 9465.82,BRD-NSK
T001455,07/01/2019,F01355,I,FERTILIZER 50kg bag,128 kgs,INR 31.63,INR 4048.64,BRD-NSK
T001456,11/18/2019,F01356,delivery,Paddy (Rainfed),"1,563.00 kgs",INR 2175.00,INR 33995.25,BRD-NSK
T001457,10/21/2019,F01356,D,Sona Masoori Paddy,"1,634.00 kgs",INR 2175.00,INR 35539.50,BRD-NSK
T001458,11/16/2019,F01356,FPO_DELIVERY,Paddy,2589 kg,INR 2175.00,INR 56310.75,BRD-NSK
T001459,11/12/2019,F01357,D,Paddy (Rainfed),"2,624.00 kgs",INR 2120.00,INR 55628.80,BRD-NSK
T001460,06/18/2019,F01357,INPUT_PURCHASE,Urea,272 kg,INR 34.40,INR 9356.80,BRD-NSK
T001461,07/09/2019,f01357,Input Purchase,Seeds,156 kg,INR 116.86,INR 18230.16,BRD-NSK
T001462,06/13/2019,F01357,FERT_PURCHASE,SEEDS,196 kgs,INR 124.95,INR 24490.20,BRD-NSK
T001463,06/15/2019,F01357,Input Purchase,Hybrid Seeds,162 kg,INR 54.92,INR 8897.04,BRD-NSK
T001464,11/12/2019,f01358,D,Paddy (Rainfed),499 kg,INR 2160.00,INR 10778.40,BRD-NSK
T001465,10/21/2019,F01358,D,Paddy (Rainfed),71.00 kgs,INR 2160.00,INR 1533.60,BRD-NSK
T001466,11/06/2019,F01359,D,Paddy,"2,678.00 kgs",INR 2040.00,INR 54631.20,BRD-NSK
T001467,06/30/2019,F01359,FERT_PURCHASE,Seeds,208 kg,INR 78.79,INR 16388.32,BRD-NSK
T001468,10/25/2019,F01360,D,Sona Masoori Paddy,1922 kg,INR 2235.00,INR 42956.70,BRD-NSK
T001469,11/07/2019,F01361,D,paddy,4824 kg,INR 2145.00,INR 103474.80,BRD-NSK
T001470,06/09/2019,F01361,FERT_PURCHASE,Hybrid Seeds,34 kgs,INR 100.88,INR 3429.92,BRD-NSK
T001471,11/28/2019,F01362,delivery,Paddy (Rainfed),"1,986.00 kgs",INR 2150.00,INR 42699.00,BRD-NSK
T001472,11/06/2019,F01362,Delivery,paddy,"3,478.00 kgs",INR 2150.00,INR 74777.00,BRD-NSK
T001473,10/11/2019,F01362,D,PADDY,1991 kg,INR 2150.00,INR 42806.50,BRD-NSK
T001474,06/27/2019,F01362,input,Bio-pesticide,59 kg,INR 506.60,INR 29889.40,BRD-NSK
T001475,06/21/2019,F01362,INPUT_PURCHASE,Bio-pesticide,147 kgs,INR 636.85,INR 93616.95,BRD-NSK
T001476,07/07/2019,F01362,INPUT_PURCHASE,SEEDS,295 kg,INR 90.78,INR 26780.10,BRD-NSK
T001477,11/17/2019,F01363,FPO_DELIVERY,paddy,"1,902.00 kgs",INR 2210.00,INR 42034.20,BRD-NSK
T001478,10/28/2019,f01363,DELIVERY,Paddy,784 kg,INR 2210.00,INR 17326.40,BRD-NSK
T001479,06/04/2019,F01363,Input Purchase,Fertilizer,134 kg,INR 50.43,INR 6757.62,BRD-NSK
T001480,06/03/2019,F01363,FERT_PURCHASE,Hybrid Seeds,197 kg,INR 114.56,INR 22568.32,BRD-NSK
T001481,10/07/2019,F01364,DELIVERY,PADDY,750.00 kgs,INR 2195.00,INR 16462.50,BRD-NSK
T001482,11/21/2019,F01364,D,Paddy,"4,076.00 kgs",INR 2195.00,INR 89468.20,BRD-NSK
T001483,06/24/2019,f01364,input,Urea,266 kg,INR 59.64,INR 15864.24,BRD-NSK
T001484,11/25/2019,F01365,D,paddy,1067 kg,INR 2120.00,INR 22620.40,BRD-NSK
T001485,11/14/2019,F01365,DELIVERY,paddy,"2,999.00 kgs",INR 2120.00,INR 63578.80,BRD-NSK
T001486,11/25/2019,F01366,DELIVERY,Paddy (Rainfed),1959 kg,INR 2315.00,INR 45350.85,BRD-NSK
T001487,11/03/2019,F01366,DELIVERY,Paddy,4374 kg,INR 2315.00,INR 101258.10,BRD-NSK
T001488,10/21/2019,F01367,D,Paddy (Rainfed),3157 kg,INR 2225.00,INR 70243.25,BRD-NSK
T001489,10/03/2019,F01367,DELIVERY,Paddy (Rainfed),971.00 kgs,INR 2225.00,INR 21604.75,BRD-NSK
T001490,06/15/2019,F01367,input,Fertilizer,112 kg,INR 54.35,INR 6087.20,BRD-NSK
T001491,06/08/2019,F01367,Input Purchase,Hybrid Seeds,117 kg,INR 73.33,INR 8579.61,BRD-NSK
T001492,08/18/2019,F01367,Loan Repayment,EMI,,,₹ N/A,BRD-NSK
T001493,11/23/2019, F01368 ,DELIVERY,PADDY,75.00 kgs,INR 2200.00,INR 1650.00,BRD-NSK
T001494,11/24/2019,F01368,Delivery,PADDY,"1,089.00 kgs",INR 2200.00,INR 23958.00,BRD-NSK
T001495,11/18/2019,F01369,FPO_DELIVERY,Paddy (Rainfed),1850 kg,INR 2085.00,INR 38572.50,BRD-NSK
T001496,07/10/2019,F01369,Input Purchase,NPK 10:26:26,226 kg,INR 51.43,INR 11623.18,BRD-NSK
T001497,10/13/2019,F01370,DELIVERY,paddy,"6,228.00 kgs",INR 2040.00,INR 127051.20,BRD-NSK
T001498,11/14/2019,F01370,DELIVERY,PADDY,878 kg,INR 2040.00,INR 17911.20,BRD-NSK
T001499,11/08/2019,f01371,Delivery,Paddy,366 kg,INR 2195.00,INR 8033.70,BRD-NSK
T001500,11/22/2019,F01371,DELIVERY,PADDY,616.00 kgs,INR 2195.00,INR 13521.20,BRD-NSK
T001501,10/02/2019,F01371,D,Paddy,33 kg,INR 2195.00,INR 724.35,BRD-NSK
T001502,11/13/2019,F01372,Delivery,paddy,"2,537.00 kgs",INR 2295.00,INR 58224.15,BRD-NSK
T001503,11/10/2019,F01373,FPO_DELIVERY,Sona Masoori Paddy,1186 kg,INR 2280.00,INR 27040.80,BRD-NSK
T001504,10/26/2019,F01373,delivery,Paddy (Rainfed),"1,797.00 kgs",INR 2280.00,INR 40971.60,BRD-NSK
T001505,06/15/2019,F01373,I,Bio-pesticide,281 kgs,INR 564.83,INR 158717.23,BRD-NSK
T001506,10/31/2019,F01374,Delivery,PADDY,1800 kg,INR 2335.00,INR 42030.00,BRD-NSK
T001507,10/17/2019,F01374,FPO_DELIVERY,PADDY,931.00 kgs,INR 2335.00,INR 21738.85,BRD-NSK
T001508,11/09/2019,F01374,D,Paddy,702.00 kgs,INR 2335.00,INR 16391.70,BRD-NSK
T001509,06/24/2019,F01374,I,SEEDS,319 kg,INR 47.51,INR 15155.69,BRD-NSK
T001510,10/19/2019,F01375,delivery,Paddy (Rainfed),854 kg,INR 2285.00,INR 19513.90,BRD-NSK
T001511,11/08/2019,F01375,Delivery,paddy,452.00 kgs,INR 2285.00,INR 10328.20,BRD-NSK
T001512,07/11/2019,F01375,INPUT_PURCHASE,Hybrid Seeds,265 kg,INR 76.96,INR 20394.40,BRD-NSK
T001513,06/14/2019,F01375,input,SEEDS,306 kgs,INR 88.34,INR 27032.04,BRD-NSK
T001514,11/07/2019,f01376,DELIVERY,Paddy (Rainfed),2069 kg,INR 2250.00,INR 46552.50,BRD-NSK
T001515,10/27/2019,F01376,DELIVERY,PADDY,282.00 kgs,INR 2250.00,INR 6345.00,BRD-NSK
T001516,10/12/2019,F01377,DELIVERY,Paddy (Rainfed),1797 kg,INR 2240.00,INR 40252.80,BRD-NSK
T001517,11/07/2019,F01378,FPO_DELIVERY,Sona Masoori Paddy,3428 kg,INR 2325.00,INR 79701.00,BRD-NSK
T001518,11/10/2019,F01378,FPO_DELIVERY,Paddy,2956 kg,INR 2325.00,INR 68727.00,BRD-NSK
T001519,06/25/2019,f01378,input,SEEDS,236 kgs,INR 62.58,INR 14768.88,BRD-NSK
T001520,06/01/2019,f01378,input,SEEDS,218 kg,INR 125.53,INR 27365.54,BRD-NSK
T001521,11/18/2019,F01379,D,Sona Masoori Paddy,2544 kg,INR 2400.00,INR 61056.00,BRD-NSK
T001522,06/18/2019,F01379,input,SEEDS,71 kg,INR 125.30,INR 8896.30,BRD-NSK
T001523,06/17/2019,F01379,INPUT_PURCHASE,Hybrid Seeds,141 kgs,INR 88.41,INR 12465.81,BRD-NSK
T001524,06/05/2019,F01379,FERT_PURCHASE,Hybrid Seeds,235 kgs,INR 121.63,INR 28583.05,BRD-NSK
T001525,10/27/2019,F01379,L,EMI,,,INR 2600.00,BRD-NSK
T001526,06/28/2019,F01379,loan,Loan Repayment,,,INR 7200.00,BRD-NSK
T001527,06/28/2019,f01379,L,Loan Repayment,,,INR 1300.00,BRD-NSK
T001528,08/26/2019,F01379,L,Loan Repayment,,,INR 6100.00,BRD-NSK
T001529,11/14/2019,F01380,D,Paddy,1276 kg,INR 1870.00,INR 23861.20,BRD-NSK
T001530,10/30/2019, F01380 ,delivery,paddy,743.00 kgs,INR 1870.00,INR 13894.10,BRD-NSK
T001531,06/22/2019,F01380,I,Hybrid Seeds,282 kgs,INR 128.72,INR 36299.04,BRD-NSK
T001532,06/16/2019,F01380,FERT_PURCHASE,Hybrid Seeds,154 kg,INR 105.85,INR 16300.90,BRD-NSK
T001533,07/08/2019,F01380,INPUT_PURCHASE,Seeds,278 kg,INR 115.92,INR 32225.76,BRD-NSK
T001534,11/28/2019,F01381,delivery,Sona Masoori Paddy,"1,996.00 kgs",INR 2135.00,INR 42614.60,BRD-NSK
T001535,06/22/2019,F01381,I,PPC,173 kg,INR 532.15,INR 92061.95,BRD-NSK
T001536,11/28/2019,F01382,DELIVERY,PADDY,2543 kg,INR 2215.00,INR 56327.45,BRD-NSK
T001537,10/29/2019,F01382,FPO_DELIVERY,Paddy,"1,693.00 kgs",INR 2215.00,INR 37499.95,BRD-NSK
T001538,06/11/2019,f01382,Input Purchase,Urea,206 kg,INR 43.05,INR 8868.30,BRD-NSK
T001539,10/10/2019,F01383,Delivery,PADDY,"2,695.00 kgs",INR 2215.00,INR 59694.25,BRD-NSK
T001540,10/11/2019,F01383,Loan Repayment,Loan Repayment,,,INR 7700.00,BRD-NSK
T001541,10/07/2019,F01384,FPO_DELIVERY,PADDY,2788 kg,INR 2300.00,INR 64124.00,BRD-NSK
T001542,11/10/2019,F01384,DELIVERY,PADDY,"2,814.00 kgs",INR 2300.00,INR 64722.00,BRD-NSK
T001543,06/17/2019,F01384,input,SEEDS,223 kgs,INR 78.31,INR 17463.13,BRD-NSK
T001544,11/08/2019,F01385,Delivery,Sona Masoori Paddy,125 kg,INR 2265.00,INR 2831.25,BRD-NSK
T001545,10/20/2019,F01385,FPO_DELIVERY,Paddy (Rainfed),1304 kg,INR 2265.00,INR 29535.60,BRD-NSK
T001546,10/10/2019,F01386,delivery,PADDY,"4,890.00 kgs",INR 2165.00,INR 105868.50,BRD-NSK
T001547,10/19/2019,f01386,FPO_DELIVERY,Paddy (Rainfed),65 kg,INR 2165.00,INR 1407.25,BRD-NSK
T001548,06/20/2019,F01386,INPUT_PURCHASE,SEEDS,64 kgs,INR 123.95,INR 7932.80,BRD-NSK
T001549,07/09/2019,F01386,INPUT_PURCHASE,FERTILIZER 50kg bag,95 kgs,INR 41.71,INR 3962.45,BRD-NSK
T001550,10/13/2019,F01387,delivery,PADDY,"2,062.00 kgs",INR 2290.00,INR 47219.80,BRD-NSK
T001551,10/11/2019, F01388 ,D,paddy,573 kg,INR 2195.00,INR 12577.35,BRD-NSK
T001552,10/28/2019,F01388,DELIVERY,Paddy,302.00 kgs,INR 2195.00,INR 6628.90,BRD-NSK
T001553,10/27/2019,F01389,D,paddy,"2,631.00 kgs",INR 2215.00,INR 58276.65,BRD-NSK
T001554,06/30/2019,f01389,Input Purchase,FERTILIZER 50kg bag,49 kg,INR 48.10,INR 2356.90,BRD-NSK
T001555,11/20/2019,F01390,DELIVERY,Sona Masoori Paddy,5.00 kgs,INR 2140.00,INR 107.00,BRD-NSK
T001556,11/13/2019, F01390 ,FPO_DELIVERY,Paddy,"1,855.00 kgs",INR 2140.00,INR 39697.00,BRD-NSK
T001557,07/11/2019,F01390,input,DAP,183 kg,INR 35.08,INR 6419.64,BRD-NSK
T001558,10/21/2019,f01391,FPO_DELIVERY,paddy,"2,785.00 kgs",INR 2005.00,INR 55839.25,BRD-NSK
T001559,11/18/2019,F01391,FPO_DELIVERY,Paddy,657 kg,INR 2005.00,INR 13172.85,BRD-NSK
T001560,06/28/2019,F01391,Input Purchase,Fertilizer,118 kg,INR 47.46,INR 5600.28,BRD-NSK
T001561,06/30/2019,F01391,I,Fertilizer,207 kgs,INR 32.26,INR 6677.82,BRD-NSK
T001562,06/29/2019,f01391,INPUT_PURCHASE,NPK 10:26:26,73 kg,INR 45.93,INR 3352.89,BRD-NSK
T001563,11/09/2019,F01392,DELIVERY,Sona Masoori Paddy,"7,428.00 kgs",INR 2135.00,INR 158587.80,BRD-NSK
T001564,11/16/2019,f01392,Delivery,Paddy,3274 kg,INR 2135.00,INR 69899.90,BRD-NSK
T001565,07/01/2019,F01392,INPUT_PURCHASE,FERTILIZER 50kg bag,127 kg,INR 36.36,INR 4617.72,BRD-NSK
T001566,10/22/2019,F01393,DELIVERY,Sona Masoori Paddy,237 kg,INR 2180.00,INR 5166.60,BRD-NSK
T001567,11/10/2019,F01393,DELIVERY,Sona Masoori Paddy,2997 kg,INR 2180.00,INR 65334.60,BRD-NSK
T001568,07/27/2019,F01393,loan,Loan Repayment,,,INR 5000.00,BRD-NSK
T001569,11/18/2019,F01394,delivery,paddy,"1,392.00 kgs",INR 2255.00,INR 31389.60,BRD-NSK
T001570,11/22/2019,F01394,delivery,Sona Masoori Paddy,4252 kg,INR 2255.00,INR 95882.60,BRD-NSK
T001571,06/13/2019,F01394,I,Bio-pesticide,313 kg,INR 476.94,INR 149282.22,BRD-NSK
T001572,06/26/2019,f01394,input,PPC,177 kgs,INR 631.69,INR 111809.13,BRD-NSK
T001573,11/10/2019,F01395,Delivery,Paddy (Rainfed),"1,497.00 kgs",INR 2145.00,INR 32110.65,BRD-NSK
T001574,06/18/2019,F01395,INPUT_PURCHASE,FERTILIZER 50kg bag,202 kgs,INR 55.49,INR 11208.98,BRD-NSK
T001575,06/18/2019,F01395,Input Purchase,Urea,248 kgs,INR 54.86,INR 13605.28,BRD-NSK
T001576,06/02/2019,f01395,input,Urea,135 kg,INR 32.08,INR 4330.80,BRD-NSK
T001577,07/05/2019,F01395,Input Purchase,DAP,168 kgs,INR 53.39,INR 8969.52,BRD-NSK
T001578,10/16/2019,F01395,Loan Repayment,Loan Repayment,,,INR 7200.00,BRD-NSK
T001579,10/26/2019,F01396,FPO_DELIVERY,Sona Masoori Paddy,"6,837.00 kgs",INR 2370.00,INR 162036.90,BRD-NSK
T001580,06/09/2019,F01396,input,NPK 10:26:26,207 kgs,INR 50.88,INR 10532.16,BRD-NSK
T001581,11/19/2019,F01397,FPO_DELIVERY,Paddy,"2,367.00 kgs",INR 2235.00,INR 52902.45,BRD-NSK
T001582,07/07/2019,F01397,input,FERTILIZER 50kg bag,304 kg,INR 43.62,INR 13260.48,BRD-NSK
T001583,06/02/2019,F01397,INPUT_PURCHASE,SEEDS,60 kgs,INR 118.02,INR 7081.20,BRD-NSK
T001584,11/28/2019,F01398,FPO_DELIVERY,Paddy (Rainfed),"4,177.00 kgs",INR 2525.00,INR 105469.25,BRD-NSK
T001585,06/30/2019,F01398,Input Purchase,Fertilizer,129 kg,INR 58.33,INR 7524.57,BRD-NSK
T001586,10/07/2019,F01399,Delivery,PADDY,1262 kg,INR 2300.00,INR 29026.00,BRD-NSK
T001587,11/28/2019, F01399 ,FPO_DELIVERY,paddy,115.00 kgs,INR 2300.00,INR 2645.00,BRD-NSK
T001588,09/16/2019,F01399,L,Loan Repayment,,,INR 4400.00,BRD-NSK
T001589,10/13/2019,F01400,delivery,paddy,3771 kg,INR 2340.00,INR 88241.40,BRD-NSK
T001590,10/27/2019,F01400,D,Sona Masoori Paddy,3679 kg,INR 2340.00,INR 86088.60,BRD-NSK
T001591,11/15/2019,F01401,DELIVERY,Sona Masoori Paddy,3823 kg,INR 2260.00,INR 86399.80,BRD-NSK
T001592,07/08/2019,f01401,INPUT_PURCHASE,Bio-pesticide,147 kg,INR 523.97,INR 77023.59,BRD-NSK
T001593,11/11/2019,F01402,DELIVERY,paddy,3648 kg,INR 2250.00,INR 82080.00,BRD-NSK
T001594,07/09/2019,F01402,Input Purchase,FERTILIZER 50kg bag,220 kgs,INR 37.67,INR 8287.40,BRD-NSK
T001595,10/01/2019,F01403,Delivery,PADDY,2322 kg,INR 2190.00,INR 50851.80,BRD-NSK
T001596,10/09/2019,f01403,DELIVERY,paddy,240 kg,INR 2190.00,INR 5256.00,BRD-NSK
T001597,06/01/2019,F01403,input,NPK 10:26:26,274 kgs,INR 58.67,INR 16075.58,BRD-NSK
T001598,07/10/2019,f01403,Input Purchase,Hybrid Seeds,62 kgs,INR 91.16,INR 5651.92,BRD-NSK
T001599,06/14/2019, F01403 ,I,PPC,138 kgs,INR 651.90,INR 89962.20,BRD-NSK
T001600,06/25/2019,F01403,I,Urea,270 kg,INR 55.75,INR 15052.50,BRD-NSK
T001601,11/11/2019,F01404,delivery,Paddy (Rainfed),1414 kg,INR 2100.00,INR 29694.00,BRD-NSK
T001602,11/27/2019,F01404,delivery,paddy,1913 kg,INR 2100.00,INR 40173.00,BRD-NSK
T001603,06/10/2019,F01404,INPUT_PURCHASE,SEEDS,138 kg,INR 86.85,INR 11985.30,BRD-NSK
T001604,06/21/2019,F01404,FERT_PURCHASE,Urea,218 kg,INR 56.56,INR 12330.08,BRD-NSK
T001605,06/29/2019,F01404,INPUT_PURCHASE,Urea,297 kg,INR 30.66,INR 9106.02,BRD-NSK
T001606,11/04/2019,F01405,Delivery,Paddy,1445 kg,INR 2160.00,INR 31212.00,BRD-NSK
T001607,06/08/2019,F01405,INPUT_PURCHASE,Hybrid Seeds,203 kg,INR 83.44,INR 16938.32,BRD-NSK
T001608,11/28/2019,F01406,D,Paddy (Rainfed),113.00 kgs,INR 2250.00,INR 2542.50,BRD-NSK
T001609,11/01/2019,F01406,D,PADDY,603 kg,INR 2250.00,INR 13567.50,BRD-NSK
T001610,06/02/2019,F01406,INPUT_PURCHASE,SEEDS,156 kgs,INR 109.81,INR 17130.36,BRD-NSK
T001611,06/23/2019,F01406,FERT_PURCHASE,Bio-pesticide,292 kgs,INR 261.70,INR 76416.40,BRD-NSK
T001612,11/23/2019,F01406,Loan Repayment,Loan Repayment,,,INR 5400.00,BRD-NSK
T001613,10/28/2019,f01407,delivery,PADDY,4061 kg,INR 2305.00,INR 93606.05,BRD-NSK
T001614,10/11/2019, F01407 ,FPO_DELIVERY,Paddy (Rainfed),113 kg,INR 2305.00,INR 2604.65,BRD-NSK
T001615,10/18/2019, F01408 ,delivery,Sona Masoori Paddy,3894 kg,INR 2250.00,INR 87615.00,BRD-NSK
T001616,10/06/2019,F01409,DELIVERY,Paddy,"2,671.00 kgs",INR 2300.00,INR 61433.00,BRD-NSK
T001617,10/08/2019,F01409,DELIVERY,paddy,"2,820.00 kgs",INR 2300.00,INR 64860.00,BRD-NSK
T001618,10/11/2019,F01409,FPO_DELIVERY,Paddy (Rainfed),622 kg,INR 2300.00,INR 14306.00,BRD-NSK
T001619,06/30/2019,F01409,FERT_PURCHASE,Seeds,233 kg,INR 103.85,INR 24197.05,BRD-NSK
T001620,06/08/2019,,input,PPC,316 kg,INR 647.05,INR 204467.80,BRD-NSK
T001621,11/18/2019,F01410,FPO_DELIVERY,paddy,5237 kg,INR 2170.00,INR 113642.90,BRD-NSK
T001622,06/29/2019,f01410,FERT_PURCHASE,FERTILIZER 50kg bag,267 kgs,INR 36.12,INR 9644.04,BRD-NSK
T001623,11/23/2019,F01411,D,PADDY,514.00 kgs,INR 2375.00,INR 12207.50,BRD-NSK
T001624,10/22/2019,F01411,D,PADDY,180.00 kgs,INR 2375.00,INR 4275.00,BRD-NSK
T001625,11/22/2019,F01411,D,PADDY,101 kg,INR 2375.00,INR 2398.75,BRD-NSK
T001626,06/29/2019,F01411,I,NPK 10:26:26,249 kgs,INR 54.04,INR 13455.96,BRD-NSK
T001627,11/14/2019,F01412,FPO_DELIVERY,Sona Masoori Paddy,4797 kg,INR 2070.00,INR 99297.90,BRD-NSK
T001628,11/04/2019,F01412,FPO_DELIVERY,Sona Masoori Paddy,"1,441.00 kgs",INR 2070.00,INR 29828.70,BRD-NSK
T001629,11/16/2019,F01412,DELIVERY,Paddy (Rainfed),"1,399.00 kgs",INR 2070.00,INR 28959.30,BRD-NSK
T001630,07/09/2019,F01412,I,Bio-pesticide,125 kgs,INR 268.80,INR 33600.00,BRD-NSK
T001631,06/11/2019,F01412,input,Bio-pesticide,216 kgs,INR 662.68,INR 143138.88,BRD-NSK
T001632,10/24/2019,F01413,D,Paddy,551 kg,INR 2255.00,INR 12425.05,BRD-NSK
T001633,10/07/2019,F01413,D,Sona Masoori Paddy,36.00 kgs,INR 2255.00,INR 811.80,BRD-NSK
T001634,06/14/2019,F01413,INPUT_PURCHASE,PP chemicals,91 kgs,INR 680.41,INR 61917.31,BRD-NSK
T001635,06/05/2019,f01413,I,Fertilizer,206 kgs,INR 32.55,INR 6705.30,BRD-NSK
T001636,11/09/2019,F01414,D,Sona Masoori Paddy,3954 kg,INR 2170.00,INR 85801.80,BRD-NSK
T001637,07/06/2019,F01414,FERT_PURCHASE,DAP,29 kgs,INR 47.77,INR 1385.33,BRD-NSK
T001638,08/08/2019, F01414 ,L,Loan Repayment,,,INR 4600.00,BRD-NSK
T001639,11/22/2019,F01415,D,PADDY,309.00 kgs,INR 2285.00,INR 7060.65,BRD-NSK
T001640,10/28/2019,F01415,DELIVERY,Sona Masoori Paddy,91.00 kgs,INR 2285.00,INR 2079.35,BRD-NSK
T001641,11/27/2019,F01415,delivery,Sona Masoori Paddy,512 kg,INR 2285.00,INR 11699.20,BRD-NSK
T001642,10/12/2019,F01416,delivery,Paddy,"1,462.00 kgs",INR 2475.00,INR 36184.50,BRD-NSK
T001643,07/02/2019,F01416,I,Urea,212 kgs,INR 46.15,INR 9783.80,BRD-NSK
T001644,07/11/2019,F01416,I,FERTILIZER 50kg bag,95 kgs,INR 54.54,INR 5181.30,BRD-NSK
T001645,10/24/2019,F01416,L,Loan Repayment,,,INR 3000.00,BRD-NSK
T001646,09/28/2019,F01416,LOAN_REPAY,EMI,,,INR 5500.00,BRD-NSK
T001647,11/18/2019,f01417,Delivery,Paddy (Rainfed),"5,194.00 kgs",INR 2150.00,INR 111671.00,BRD-NSK
T001648,06/09/2019,f01417,I,PPC,39 kg,INR 174.00,INR 6786.00,BRD-NSK
T001649,06/25/2019,F01417,I,Bio-pesticide,121 kg,INR 188.55,INR 22814.55,BRD-NSK
T001650,10/28/2019,F01418,D,Paddy,658.00 kgs,INR 2135.00,INR 14048.30,BRD-NSK
T001651,11/15/2019,F01418,FPO_DELIVERY,paddy,43 kg,INR 2135.00,INR 918.05,BRD-NSK
T001652,11/22/2019,F01418,D,paddy,45.00 kgs,INR 2135.00,INR 960.75,BRD-NSK
T001653,07/14/2019,F01418,FERT_PURCHASE,Fertilizer,138 kg,INR 41.05,INR 5664.90,BRD-NSK
T001654,11/10/2019,f01419,DELIVERY,Paddy (Rainfed),366 kg,INR 2250.00,INR 8235.00,BRD-NSK
T001655,10/31/2019,F01419,D,Sona Masoori Paddy,"2,844.00 kgs",INR 2250.00,INR 63990.00,BRD-NSK
T001656,06/13/2019,f01419,loan,EMI,,,INR 3000.00,BRD-NSK
T001657,11/07/2019,F01420,D,paddy,"4,621.00 kgs",INR 2115.00,INR 97734.15,BRD-NSK
T001658,11/24/2019,f01420,Delivery,paddy,"1,815.00 kgs",INR 2115.00,INR 38387.25,BRD-NSK
T001659,06/27/2019,F01420,input,SEEDS,58 kgs,INR 102.52,INR 5946.16,BRD-NSK
T001660,11/21/2019,f01421,FPO_DELIVERY,Paddy (Rainfed),"3,461.00 kgs",INR 2270.00,INR 78564.70,BRD-NSK
T001661,11/21/2019,F01422,DELIVERY,Paddy,248.00 kgs,INR 2215.00,INR 5493.20,BRD-NSK
T001662,11/18/2019,F01422,D,Paddy (Rainfed),469 kg,INR 2215.00,INR 10388.35,BRD-NSK
T001663,07/01/2019,F01422,Input Purchase,Fertilizer,78 kgs,INR 54.07,INR 4217.46,BRD-NSK
T001664,11/26/2019,F01422,LOAN_REPAY,EMI,,,INR 5500.00,BRD-NSK
T001665,07/17/2019,F01422,L,Loan Repayment,,,INR 1400.00,BRD-NSK
T001666,10/15/2019,F01423,delivery,Sona Masoori Paddy,416.00 kgs,INR 2285.00,INR 9505.60,BRD-NSK
T001667,10/04/2019,F01423,Delivery,Sona Masoori Paddy,64 kg,INR 2285.00,INR 1462.40,BRD-NSK
T001668,06/22/2019,f01423,FERT_PURCHASE,PP chemicals,112 kgs,INR 403.22,INR 45160.64,BRD-NSK
T001669,07/04/2019, F01423 ,INPUT_PURCHASE,NPK 10:26:26,34 kgs,INR 34.30,INR 1166.20,BRD-NSK
T001670,11/10/2019,F01424,DELIVERY,Paddy,325 kg,INR 2130.00,INR 6922.50,BRD-NSK
T001671,11/28/2019,F01424,FPO_DELIVERY,Paddy (Rainfed),"5,803.00 kgs",INR 2130.00,INR 123603.90,BRD-NSK
T001672,11/05/2019,F01425,D,PADDY,2107 kg,INR 2200.00,INR 46354.00,BRD-NSK
T001673,11/11/2019,f01425,delivery,paddy,531 kg,INR 2200.00,INR 11682.00,BRD-NSK
T001674,06/23/2019,F01425,Input Purchase,DAP,249 kg,INR 45.29,INR 11277.21,BRD-NSK
T001675,11/11/2019,F01426,DELIVERY,paddy,"3,440.00 kgs",INR 2150.00,INR 73960.00,BRD-NSK
T001676,10/02/2019,F01427,DELIVERY,Paddy,3281 kg,INR 2150.00,INR 70541.50,BRD-NSK
T001677,11/15/2019,f01427,FPO_DELIVERY,Paddy (Rainfed),217 kg,INR 2150.00,INR 4665.50,BRD-NSK
T001678,10/13/2019,F01428,DELIVERY,Sona Masoori Paddy,"2,116.00 kgs",INR 2185.00,INR 46234.60,BRD-NSK
T001679,10/01/2019,F01428,FPO_DELIVERY,Paddy (Rainfed),360 kg,INR 2185.00,INR 7866.00,BRD-NSK
T001680,10/03/2019,F01429,DELIVERY,PADDY,272 kg,INR 2305.00,INR 6269.60,BRD-NSK
T001681,09/16/2019,F01429,loan,EMI,,,INR 1600.00,BRD-NSK
T001682,09/21/2019,F01429,Loan Repayment,EMI,,,INR 6500.00,BRD-NSK
T001683,10/30/2019,f01430,delivery,Paddy (Rainfed),"3,372.00 kgs",INR 2200.00,INR 74184.00,BRD-NSK
T001684,07/02/2019,F01430,Input Purchase,Urea,163 kg,INR 33.75,INR 5501.25,BRD-NSK
T001685,11/15/2019,f01431,DELIVERY,Paddy,"3,528.00 kgs",INR 2235.00,INR 78850.80,BRD-NSK
T001686,06/09/2019,F01431,Input Purchase,Seeds,251 kg,INR 128.37,INR 32220.87,BRD-NSK
T001687,06/20/2019,F01431,input,DAP,232 kg,INR 31.38,INR 7280.16,BRD-NSK
T001688,06/12/2019,F01431,L,EMI,,,INR 2200.00,BRD-NSK
T001689,11/06/2019,F01432,D,PADDY,"2,046.00 kgs",INR 2195.00,INR 44909.70,BRD-NSK
T001690,10/12/2019,F01432,Delivery,PADDY,117 kg,INR 2195.00,INR 2568.15,BRD-NSK
T001691,06/11/2019,F01432,FERT_PURCHASE,FERTILIZER 50kg bag,95 kg,INR 59.60,INR 5662.00,BRD-NSK
T001692,06/02/2019,F01432,Input Purchase,SEEDS,161 kgs,INR 116.49,INR 18754.89,BRD-NSK
T001693,06/06/2019,f01432,Input Purchase,Seeds,74 kgs,INR 68.53,INR 5071.22,BRD-NSK
T001694,11/06/2019,F01433,FPO_DELIVERY,PADDY,1809 kg,INR 2255.00,INR 40792.95,BRD-NSK
T001695,06/29/2019,F01433,FERT_PURCHASE,FERTILIZER 50kg bag,105 kgs,INR 38.81,INR 4075.05,BRD-NSK
T001696,10/02/2019,F01434,FPO_DELIVERY,Paddy,"1,987.00 kgs",INR 2040.00,INR 40534.80,BRD-NSK
T001697,11/18/2019,F01434,delivery,paddy,60.00 kgs,INR 2040.00,INR 1224.00,BRD-NSK
T001698,06/26/2019,f01434,I,SEEDS,192 kgs,INR 69.29,INR 13303.68,BRD-NSK
T001699,10/11/2019,F01435,FPO_DELIVERY,Sona Masoori Paddy,530 kg,INR 2065.00,INR 10944.50,BRD-NSK
T001700,11/16/2019,F01435,Delivery,Paddy,436 kg,INR 2065.00,INR 9003.40,BRD-NSK
T001701,10/19/2019,F01436,Delivery,Paddy (Rainfed),"2,926.00 kgs",INR 2090.00,INR 61153.40,BRD-NSK
T001702,11/01/2019,F01436,Delivery,Sona Masoori Paddy,440 kg,INR 2090.00,INR 9196.00,BRD-NSK
T001703,07/14/2019,F01436,FERT_PURCHASE,Seeds,171 kg,INR 126.47,INR 21626.37,BRD-NSK
T001704,11/22/2019,F01436,Loan Repayment,Loan Repayment,,,INR 3900.00,BRD-NSK
T001705,08/10/2019,F01436,L,Loan Repayment,,,INR 2500.00,BRD-NSK
T001706,10/07/2019,F01437,delivery,Paddy (Rainfed),"2,464.00 kgs",INR 2080.00,INR 51251.20,BRD-NSK
T001707,10/27/2019, F01438 ,Delivery,PADDY,"5,815.00 kgs",INR 2325.00,INR 135198.75,BRD-NSK
T001708,07/04/2019,F01438,I,NPK 10:26:26,187 kg,INR 50.51,INR 9445.37,BRD-NSK
T001709,06/23/2019,F01438,Input Purchase,SEEDS,145 kg,INR 116.16,INR 16843.20,BRD-NSK
T001710,06/29/2019,F01438,Input Purchase,Hybrid Seeds,32 kg,INR 81.18,INR 2597.76,BRD-NSK
T001711,11/25/2019,F01439,D,Paddy,459.00 kgs,INR 2295.00,INR 10534.05,BRD-NSK
T001712,11/05/2019,F01439,D,Paddy,719.00 kgs,INR 2295.00,INR 16501.05,BRD-NSK
T001713,06/19/2019,F01439,I,PPC,102 kg,INR 545.09,INR 55599.18,BRD-NSK
T001714,11/17/2019,F01439,LOAN_REPAY,EMI,,,INR 4900.00,BRD-NSK
T001715,11/08/2019,F01439,loan,Loan Repayment,,,INR 7000.00,BRD-NSK
T001716,11/10/2019,F01440,FPO_DELIVERY,PADDY,"3,782.00 kgs",INR 2320.00,INR 87742.40,BRD-NSK
T001717,11/15/2019,F01440,Delivery,Paddy (Rainfed),347 kg,INR 2320.00,INR 8050.40,BRD-NSK
T001718,06/28/2019,F01440,INPUT_PURCHASE,FERTILIZER 50kg bag,267 kgs,INR 44.58,INR 11902.86,BRD-NSK
T001719,07/18/2019,f01440,LOAN_REPAY,Loan Repayment,,,INR 5200.00,BRD-NSK
T001720,11/05/2019,f01441,DELIVERY,Paddy (Rainfed),1434 kg,INR 2120.00,INR 30400.80,BRD-NSK
T001721,10/03/2019,F01441,D,Paddy (Rainfed),2804 kg,INR 2120.00,INR 59444.80,BRD-NSK
T001722,07/12/2019,F01441,input,DAP,119 kg,INR 36.08,INR 4293.52,BRD-NSK
T001723,08/25/2019,F01441,loan,EMI,,,INR 5700.00,BRD-NSK
T001724,10/25/2019,F01442,Delivery,paddy,"9,167.00 kgs",INR 2255.00,INR 206715.85,BRD-NSK
T001725,10/18/2019,F01442,DELIVERY,Paddy,279 kg,INR 2255.00,₹ N/A,BRD-NSK
T001726,06/10/2019,F01442,I,FERTILIZER 50kg bag,160 kg,INR 56.45,INR 9032.00,BRD-NSK
T001727,11/11/2019,F01443,DELIVERY,paddy,813.00 kgs,INR 2055.00,INR 16707.15,BRD-NSK
T001728,07/09/2019,F01443,input,SEEDS,76 kgs,INR 79.38,INR 6032.88,BRD-NSK
T001729,07/06/2019,F01443,Input Purchase,DAP,145 kgs,INR 55.45,INR 8040.25,BRD-NSK
T001730,11/29/2019,F01444,Delivery,Sona Masoori Paddy,191.00 kgs,INR 2085.00,INR 3982.35,BRD-NSK
T001731,10/11/2019,F01444,FPO_DELIVERY,paddy,2491 kg,INR 2085.00,INR 51937.35,BRD-NSK
T001732,06/30/2019,F01444,I,Urea,33 kgs,INR 31.28,INR 1032.24,BRD-NSK
T001733,06/03/2019,F01444,Input Purchase,Seeds,135 kgs,INR 55.79,INR 7531.65,BRD-NSK
T001734,11/16/2019,F01445,Delivery,PADDY,145 kg,INR 2210.00,INR 3204.50,BRD-NSK
T001735,10/08/2019,F01445,DELIVERY,Paddy,888 kg,INR 2210.00,INR 19624.80,BRD-NSK
T001736,06/13/2019,F01445,INPUT_PURCHASE,Fertilizer,176 kg,INR 48.50,INR 8536.00,BRD-NSK
T001737,10/27/2019,F01446,Delivery,Sona Masoori Paddy,106 kg,INR 2115.00,INR 2241.90,BRD-NSK
T001738,10/01/2019,F01446,FPO_DELIVERY,PADDY,404 kg,INR 2115.00,INR 8544.60,BRD-NSK
T001739,10/05/2019,F01447,DELIVERY,paddy,"1,805.00 kgs",INR 2065.00,INR 37273.25,BRD-NSK
T001740,11/01/2019,F01447,DELIVERY,Paddy (Rainfed),"6,010.00 kgs",INR 2065.00,INR 124106.50,BRD-NSK
T001741,06/25/2019,F01447,Input Purchase,NPK 10:26:26,37 kgs,INR 51.26,INR 1896.62,BRD-NSK
T001742,06/13/2019,F01447,Input Purchase,SEEDS,263 kgs,INR 52.35,INR 13768.05,BRD-NSK
T001743,06/23/2019,F01447,I,Hybrid Seeds,202 kg,INR 106.53,INR 21519.06,BRD-NSK
T001744,10/15/2019,F01448,delivery,PADDY,"5,463.00 kgs",INR 2260.00,INR 123463.80,BRD-NSK
T001745,06/01/2019,F01448,Input Purchase,Fertilizer,64 kgs,INR 52.27,INR 3345.28,BRD-NSK
T001746,10/28/2019,F01449,Delivery,paddy,688.00 kgs,INR 2300.00,INR 15824.00,BRD-NSK
T001747,10/30/2019,F01449,D,Paddy (Rainfed),1190 kg,INR 2300.00,INR 27370.00,BRD-NSK
T001748,10/24/2019, F01450 ,FPO_DELIVERY,Paddy (Rainfed),3781 kg,INR 2150.00,INR 81291.50,BRD-NSK
T001749,11/15/2019,F01450,D,paddy,214.00 kgs,INR 2150.00,INR 4601.00,BRD-NSK
T001750,06/07/2019,F01450,input,DAP,132 kg,INR 30.12,INR 3975.84,BRD-NSK
T001751,10/25/2019,F01450,Loan Repayment,Loan Repayment,,,INR 5600.00,BRD-NSK
T001752,11/09/2019,F01451,DELIVERY,Paddy (Rainfed),3143 kg,INR 2155.00,INR 67731.65,BRD-NSK
T001753,06/15/2019,F01451,FERT_PURCHASE,DAP,315 kg,INR 56.23,INR 17712.45,BRD-NSK
T001754,10/08/2019,F01452,delivery,Sona Masoori Paddy,"2,194.00 kgs",INR 2115.00,INR 46403.10,BRD-NSK
T001755,06/01/2019,F01452,Input Purchase,PP chemicals,82 kgs,INR 294.76,INR 24170.32,BRD-NSK
T001756,10/30/2019,F01453,Delivery,Sona Masoori Paddy,1137 kg,INR 2170.00,INR 24672.90,BRD-NSK
T001757,10/23/2019,F01453,Delivery,Paddy,"6,310.00 kgs",INR 2170.00,INR 136927.00,BRD-NSK
T001758,11/27/2019,F01454,Delivery,PADDY,186.00 kgs,INR 2250.00,INR 4185.00,BRD-NSK
T001759,10/20/2019,f01454,DELIVERY,Sona Masoori Paddy,834 kg,INR 2250.00,INR 18765.00,BRD-NSK
T001760,06/29/2019,F01454,FERT_PURCHASE,Fertilizer,153 kgs,INR 40.26,INR 6159.78,BRD-NSK
T001761,06/10/2019,F01454,FERT_PURCHASE,NPK 10:26:26,126 kg,INR 50.41,INR 6351.66,BRD-NSK
T001762,10/23/2019,F01455,DELIVERY,Paddy,93.00 kgs,INR 2205.00,INR 2050.65,BRD-NSK
T001763,10/15/2019,F01455,DELIVERY,paddy,717.00 kgs,INR 2205.00,INR 15809.85,BRD-NSK
T001764,11/30/2019,f01456,D,Paddy,"1,273.00 kgs",INR 2070.00,INR 26351.10,BRD-NSK
T001765,10/23/2019, F01456 ,D,Paddy,322 kg,INR 2070.00,INR 6665.40,BRD-NSK
T001766,06/16/2019,F01456,INPUT_PURCHASE,NPK 10:26:26,317 kgs,INR 43.80,INR 13884.60,BRD-NSK
T001767,11/10/2019,F01457,DELIVERY,PADDY,926.00 kgs,INR 2130.00,INR 19723.80,BRD-NSK
T001768,10/25/2019,F01457,FPO_DELIVERY,PADDY,"1,854.00 kgs",INR 2130.00,INR 39490.20,BRD-NSK
T004537,10/30/2019,F02237,DELIVERY,Paddy,"8,432.00 kgs",INR 2205.00,INR 185925.60,BRD-NSK
T004538,11/30/2019,f02237,FPO_DELIVERY,PADDY,"3,411.00 kgs",INR 2205.00,INR 75212.55,BRD-NSK
T004539,06/15/2019,F02237,input,NPK 10:26:26,240 kgs,INR 49.11,INR 11786.40,BRD-NSK
T004540,07/02/2019,F02237,Loan Repayment,Loan Repayment,,,INR 7900.00,BRD-NSK
T004552,11/28/2019,F02241,FPO_DELIVERY,Sona Masoori Paddy,8570 kg,INR 2125.00,INR 182112.50,BRD-NSK
T004553,07/25/2019,F02241,LOAN_REPAY,EMI,,,INR 2600.00,BRD-NSK
T004569,11/08/2019, F02248 ,DELIVERY,Sona Masoori Paddy,"3,971.00 kgs",INR 2255.00,INR 89546.05,BRD-NSK
T005445,03/03/2020,f01301,Delivery,Wheat (Durum),2316 kg,INR 2465.00,INR 57089.40,BRD-NSK
T005446,01/05/2020,F01301,I,NPK 10:26:26,93 kg,INR 40.16,INR 3734.88,BRD-NSK
T005447,01/05/2020,f01301,I,NPK 10:26:26,31 kgs,INR 32.04,INR 993.24,BRD-NSK
T005448,03/14/2020, F01301 ,L,EMI,,,INR 3100.00,BRD-NSK
T005449,03/22/2020,F01302,FPO_DELIVERY,wheat,1634 kg,INR 2210.00,INR 36111.40,BRD-NSK
T005450,03/01/2020,F01302,delivery,WHEAT,736.00 kgs,INR 2210.00,INR 16265.60,BRD-NSK
T005451,01/09/2020,F01302,Input Purchase,Seeds,48 kg,INR 125.97,INR 6046.56,BRD-NSK
T005452,04/22/2020,F01302,LOAN_REPAY,Loan Repayment,,,INR 3000.00,BRD-NSK
T005453,04/02/2020,f01303,FPO_DELIVERY,wheat,"2,559.00 kgs",INR 2180.00,INR 55786.20,BRD-NSK
T005454,04/14/2020,F01304,D,Lokwan Wheat,325.00 kgs,INR 2465.00,INR 8011.25,BRD-NSK
T005455,04/14/2020,F01304,delivery,WHEAT,916.00 kgs,INR 2465.00,INR 22579.40,BRD-NSK
T005456,03/25/2020,F01305,FPO_DELIVERY,WHEAT,95.00 kgs,INR 2240.00,INR 2128.00,BRD-NSK
T005457,05/02/2020,F01305,delivery,Wheat (Durum),1362 kg,INR 2240.00,INR 30508.80,BRD-NSK
T005458,03/18/2020,f01305,FPO_DELIVERY,Wheat,81.00 kgs,INR 2240.00,INR 1814.40,BRD-NSK
T005459,02/02/2020,F01305,L,EMI,,,INR 1300.00,BRD-NSK
T005460,05/14/2020,F01307,Delivery,Wheat (Durum),892 kg,INR 2185.00,INR 19490.20,BRD-NSK
T005461,04/04/2020,F01307,D,WHEAT,"2,365.00 kgs",INR 2185.00,INR 51675.25,BRD-NSK
T005462,03/27/2020,F01307,Loan Repayment,EMI,,,INR 2400.00,BRD-NSK
T005463,03/03/2020,F01308,Delivery,Lokwan Wheat,"2,063.00 kgs",INR 2385.00,INR 49202.55,BRD-NSK
T005464,04/06/2020,F01308,DELIVERY,wheat,2672 kg,INR 2385.00,INR 63727.20,BRD-NSK
T005465,12/30/2019,F01308,Input Purchase,Fertilizer,86 kgs,INR 56.14,INR 4828.04,BRD-NSK
T005466,01/07/2020,F01308,INPUT_PURCHASE,Hybrid Seeds,28 kg,INR 58.86,INR 1648.08,BRD-NSK
T005467,01/07/2020,F01308,Input Purchase,NPK 10:26:26,29 kg,INR 37.67,INR 1092.43,BRD-NSK
T005468,12/19/2019,F01308,INPUT_PURCHASE,DAP,113 kgs,INR 41.24,INR 4660.12,BRD-NSK
T005469,03/27/2020,F01309,delivery,wheat,1649 kg,INR 2200.00,INR 36278.00,BRD-NSK
T005470,04/22/2020,F01309,Delivery,Wheat (Durum),681 kg,INR 2200.00,INR 14982.00,BRD-NSK
T005471,04/24/2020,F01310,Delivery,Wheat,"1,082.00 kgs",INR 2275.00,INR 24615.50,BRD-NSK
T005472,03/02/2020,F01310,FPO_DELIVERY,Wheat,466 kg,INR 2275.00,INR 10601.50,BRD-NSK
T005473,12/05/2019,f01310,I,FERTILIZER 50kg bag,129 kgs,INR 57.10,INR 7365.90,BRD-NSK
T005474,01/06/2020,F01310,FERT_PURCHASE,Hybrid Seeds,147 kgs,INR 96.64,INR 14206.08,BRD-NSK
T005475,12/28/2019,F01310,input,Hybrid Seeds,260 kg,INR 99.82,INR 25953.20,BRD-NSK
T005476,02/29/2020,F01311,FPO_DELIVERY,WHEAT,820.00 kgs,INR 2290.00,INR 18778.00,BRD-NSK
T005477,05/09/2020, F01311 ,DELIVERY,WHEAT,714 kg,INR 2290.00,INR 16350.60,BRD-NSK
T005478,01/08/2020,F01311,I,Seeds,138 kg,INR 50.98,INR 7035.24,BRD-NSK
T005479,12/29/2019,F01311,Loan Repayment,Loan Repayment,,,INR 3500.00,BRD-NSK
T005480,01/29/2020,f01311,Loan Repayment,EMI,,,INR 5000.00,BRD-NSK
T005481,05/14/2020,f01311,Loan Repayment,EMI,,,INR 1100.00,BRD-NSK
T005482,04/19/2020,F01312,FPO_DELIVERY,wheat,"4,054.00 kgs",INR 2090.00,INR 84728.60,BRD-NSK
T005483,12/22/2019,F01312,I,Urea,210 kgs,INR 43.80,INR 9198.00,BRD-NSK
T005484,04/28/2020,,FPO_DELIVERY,Wheat (Durum),"1,020.00 kgs",INR 2335.00,INR 23817.00,BRD-NSK
T005485,01/06/2020,F01313,input,Fertilizer,205 kg,INR 51.87,INR 10633.35,BRD-NSK
T005486,03/12/2020,f01313,L,Loan Repayment,,,INR 7900.00,BRD-NSK
T005487,03/30/2020,F01316,DELIVERY,Lokwan Wheat,"2,687.00 kgs",INR 2250.00,INR 60457.50,BRD-NSK
T005488,01/02/2020,F01316,input,Urea,165 kgs,INR 42.94,INR 7085.10,BRD-NSK
T005489,12/13/2019,F01316,loan,EMI,,,INR 6700.00,BRD-NSK
T005490,03/09/2020,F01316,LOAN_REPAY,Loan Repayment,,,INR 4800.00,BRD-NSK
T005491,05/05/2020,F01317,FPO_DELIVERY,wheat,"5,075.00 kgs",INR 2310.00,INR 117232.50,BRD-NSK
T005492,12/26/2019,F01317,input,Hybrid Seeds,110 kgs,INR 117.07,INR 12877.70,BRD-NSK
T005493,04/16/2020,F01317,loan,Loan Repayment,,,INR 4200.00,BRD-NSK
T005494,02/27/2020,F01317,L,EMI,,,INR 5500.00,BRD-NSK
T005495,03/03/2020,F01318,DELIVERY,Lokwan Wheat,349 kg,INR 2215.00,INR 7730.35,BRD-NSK
T005496,04/28/2020,F01318,D,WHEAT,371 kg,INR 2215.00,INR 8217.65,BRD-NSK
T005497,05/02/2020,f01319,FPO_DELIVERY,wheat,"1,316.00 kgs",INR 2305.00,INR 30333.80,BRD-NSK
T005498,03/22/2020,f01319,FPO_DELIVERY,WHEAT,,INR 2305.00,INR 70486.90,BRD-NSK
T005499,01/14/2020,F01319,input,Hybrid Seeds,210 kg,INR 116.40,INR 24444.00,BRD-NSK
T005500,12/08/2019,F01319,Input Purchase,Urea,168 kgs,INR 51.54,INR 8658.72,BRD-NSK
T005501,05/26/2020,f01319,LOAN_REPAY,EMI,,,INR 2400.00,BRD-NSK
T005502,03/30/2020,f01320,Delivery,Lokwan Wheat,"3,471.00 kgs",INR 2365.00,INR 82089.15,BRD-NSK
T005503,12/28/2019,f01320,Input Purchase,Seeds,74 kg,INR 125.96,INR 9321.04,BRD-NSK
T005504,04/12/2020,f01321,delivery,Wheat,2198 kg,INR 2375.00,INR 52202.50,BRD-NSK
T005505,12/23/2019,F01321,INPUT_PURCHASE,NPK 10:26:26,101 kg,INR 34.03,INR 3437.03,BRD-NSK
T005506,03/30/2020,F01322,Delivery,wheat,1515 kg,INR 2445.00,INR 37041.75,BRD-NSK
T005507,05/02/2020,F01322,DELIVERY,Wheat,142 kg,INR 2445.00,INR 3471.90,BRD-NSK
T005508,04/09/2020,F01322,DELIVERY,WHEAT,1832 kg,INR 2445.00,INR 44792.40,BRD-NSK
T005509,01/03/2020,F01322,Input Purchase,DAP,86 kg,INR 52.88,INR 4547.68,BRD-NSK
T005510,01/11/2020,F01322,INPUT_PURCHASE,PPC,293 kg,INR 165.56,INR 48509.08,BRD-NSK
T005511,03/11/2020,F01323,FPO_DELIVERY,wheat,2619 kg,INR 2205.00,INR 57748.95,BRD-NSK
T005512,04/26/2020,f01323,D,Wheat,30.00 kgs,INR 2205.00,INR 661.50,BRD-NSK
T005513,12/28/2019, F01323 ,Input Purchase,PP chemicals,93 kg,INR 278.00,INR 25854.00,BRD-NSK
T005514,12/03/2019,F01323,input,Bio-pesticide,57 kgs,INR 310.80,INR 17715.60,BRD-NSK
T005515,03/20/2020,F01324,DELIVERY,Wheat (Durum),3987 kg,INR 2310.00,INR 92099.70,BRD-NSK
T005516,05/06/2020,F01324,DELIVERY,Lokwan Wheat,1925 kg,INR 2310.00,INR 44467.50,BRD-NSK
T005517,01/03/2020,F01324,INPUT_PURCHASE,Hybrid Seeds,208 kgs,INR 80.64,INR 16773.12,BRD-NSK
T005518,12/10/2019,F01324,input,Urea,131 kgs,INR 31.55,INR 4133.05,BRD-NSK
T005519,01/15/2020,F01324,FERT_PURCHASE,SEEDS,237 kg,INR 70.72,INR 16760.64,BRD-NSK
T005520,02/05/2020,F01324,loan,EMI,,,INR 4400.00,BRD-NSK
T005521,04/07/2020,f01324,L,EMI,,,INR 6900.00,BRD-NSK
T005522,12/19/2019,F01324,loan,EMI,,,INR 2800.00,BRD-NSK
T005523,03/09/2020,F01324,LOAN_REPAY,EMI,,,INR 5400.00,BRD-NSK
T005524,03/11/2020,F01325,Delivery,Wheat,1295 kg,INR 2225.00,INR 28813.75,BRD-NSK
T005525,05/12/2020,F01325,DELIVERY,Lokwan Wheat,"1,724.00 kgs",INR 2225.00,INR 38359.00,BRD-NSK
T005526,12/08/2019,F01325,FERT_PURCHASE,Fertilizer,181 kg,INR 33.71,INR 6101.51,BRD-NSK
T005527,12/29/2019,f01325,INPUT_PURCHASE,SEEDS,72 kgs,INR 71.03,INR 5114.16,BRD-NSK
T005528,01/11/2020,F01325,loan,Loan Repayment,,,INR 1900.00,BRD-NSK
T005529,04/18/2020,F01326,delivery,Wheat (Durum),833 kg,INR 2350.00,INR 19575.50,BRD-NSK
T005530,04/07/2020,F01326,Delivery,Lokwan Wheat,23 kg,INR 2350.00,INR 540.50,BRD-NSK
T005531,04/30/2020,F01326,D,WHEAT,244.00 kgs,INR 2350.00,INR 5734.00,BRD-NSK
T005532,04/03/2020,F01327,DELIVERY,Lokwan Wheat,2150 kg,INR 2265.00,INR 48697.50,BRD-NSK
T005533,03/18/2020,F01327,delivery,wheat,185.00 kgs,INR 2265.00,INR 4190.25,BRD-NSK
T005534,12/29/2019,f01327,FERT_PURCHASE,NPK 10:26:26,278 kg,INR 28.69,INR 7975.82,BRD-NSK
T005535,04/05/2020,F01328,DELIVERY,Wheat (Durum),"1,963.00 kgs",INR 2215.00,INR 43480.45,BRD-NSK
T005536,12/17/2019,F01328,input,Hybrid Seeds,79 kg,INR 98.69,INR 7796.51,BRD-NSK
T005537,12/08/2019,F01328,FERT_PURCHASE,DAP,39 kg,INR 35.08,INR 1368.12,BRD-NSK
T005538,12/25/2019,f01328,I,Urea,143 kg,INR 51.29,INR 7334.47,BRD-NSK
T005539,12/02/2019,F01328,INPUT_PURCHASE,Seeds,154 kg,INR 112.57,INR 17335.78,BRD-NSK
T005540,12/17/2019,F01328,I,Fertilizer,236 kgs,INR 51.93,INR 12255.48,BRD-NSK
T005541,12/21/2019,F01328,I,FERTILIZER 50kg bag,85 kgs,INR 49.47,INR 4204.95,BRD-NSK
T005542,12/12/2019,F01328,LOAN_REPAY,EMI,,,INR 3800.00,BRD-NSK
T005543,01/14/2020,F01328,LOAN_REPAY,Loan Repayment,,,INR 6200.00,BRD-NSK
T005544,04/11/2020,F01329,delivery,Wheat (Durum),1173 kg,INR 2215.00,INR 25981.95,BRD-NSK
T005545,04/05/2020,F01329,FPO_DELIVERY,Lokwan Wheat,801.00 kgs,INR 2215.00,INR 17742.15,BRD-NSK
T005546,03/08/2020,F01329,D,Wheat,581 kg,INR 2215.00,INR 12869.15,BRD-NSK
T005547,04/21/2020,F01330,D,WHEAT,145 kg,INR 2330.00,INR 3378.50,BRD-NSK
T005548,05/07/2020,f01330,delivery,Wheat,974 kg,INR 2330.00,INR 22694.20,BRD-NSK
T005549,01/10/2020,F01330,FERT_PURCHASE,FERTILIZER 50kg bag,277 kg,INR 46.36,INR 12841.72,BRD-NSK
T005550,04/24/2020,F01331,Delivery,WHEAT,1234 kg,INR 2240.00,INR 27641.60,BRD-NSK
T005551,03/14/2020,F01331,D,wheat,1554 kg,INR 2240.00,INR 34809.60,BRD-NSK
T005552,04/21/2020,F01331,FPO_DELIVERY,Lokwan Wheat,"2,758.00 kgs",INR 2240.00,INR 61779.20,BRD-NSK
T005553,12/04/2019,F01331,INPUT_PURCHASE,FERTILIZER 50kg bag,75 kgs,INR 35.20,INR 2640.00,BRD-NSK
T005554,04/25/2020,F01333,D,WHEAT,"1,413.00 kgs",INR 2270.00,INR 32075.10,BRD-NSK
T005555,03/26/2020,F01333,D,Wheat,422 kg,INR 2270.00,INR 9579.40,BRD-NSK
T005556,12/24/2019,F01333,input,Urea,170 kgs,INR 28.27,INR 4805.90,BRD-NSK
T005557,01/01/2020,F01333,input,NPK 10:26:26,45 kgs,INR 47.16,INR 2122.20,BRD-NSK
T005558,04/01/2020,F01333,LOAN_REPAY,Loan Repayment,,,INR 7800.00,BRD-NSK
T005559,03/15/2020,F01337,D,Wheat,"3,878.00 kgs",INR 2305.00,INR 89387.90,BRD-NSK
T005560,04/10/2020,F01337,D,Wheat,555 kg,INR 2305.00,INR 12792.75,BRD-NSK
T005561,12/03/2019,F01337,INPUT_PURCHASE,Hybrid Seeds,222 kgs,INR 103.64,INR 23008.08,BRD-NSK
T005562,05/08/2020,F01337,loan,EMI,,,INR 1300.00,BRD-NSK
T005563,03/27/2020,F01337,loan,EMI,,,INR 4700.00,BRD-NSK
T005564,05/05/2020,F01338,Delivery,wheat,4620 kg,INR 2405.00,INR 111111.00,BRD-NSK
T005565,12/18/2019,F01338,I,Bio-pesticide,196 kg,INR 477.40,INR 93570.40,BRD-NSK
T005566,04/27/2020,F01339,Delivery,wheat,"1,571.00 kgs",INR 2340.00,INR 36761.40,BRD-NSK
T005567,05/06/2020, F01339 ,Delivery,wheat,409 kg,INR 2340.00,INR 9570.60,BRD-NSK
T005568,12/29/2019,F01339,input,SEEDS,184 kgs,INR 71.24,INR 13108.16,BRD-NSK
T005569,12/20/2019,F01339,INPUT_PURCHASE,DAP,123 kgs,INR 34.35,INR 4225.05,BRD-NSK
T005570,01/16/2020,F01339,Loan Repayment,EMI,,,INR 5400.00,BRD-NSK
T005571,04/20/2020,F01339,LOAN_REPAY,EMI,,,INR 5400.00,BRD-NSK
T005572,03/10/2020,F01340,delivery,Lokwan Wheat,"5,115.00 kgs",INR 2215.00,INR 113297.25,BRD-NSK
T005573,04/17/2020,F01341,Delivery,wheat,"2,284.00 kgs",INR 2165.00,INR 49448.60,BRD-NSK
T005574,01/02/2020,f01341,Input Purchase,Fertilizer,311 kg,INR 44.30,INR 13777.30,BRD-NSK
T005575,01/09/2020,f01341,Input Purchase,DAP,261 kg,INR 58.70,INR 15320.70,BRD-NSK
T005576,04/11/2020,F01342,delivery,Wheat (Durum),2227 kg,INR 2175.00,INR 48437.25,BRD-NSK
T005577,04/20/2020,F01342,DELIVERY,Wheat (Durum),"1,201.00 kgs",INR 2175.00,INR 26121.75,BRD-NSK
T005578,12/19/2019,F01342,INPUT_PURCHASE,Urea,156 kg,INR 53.21,INR 8300.76,BRD-NSK
T005579,01/14/2020,f01342,input,FERTILIZER 50kg bag,113 kgs,INR 30.82,INR 3482.66,BRD-NSK
T005580,04/25/2020,F01343,Delivery,wheat,623.00 kgs,INR 2090.00,INR 13020.70,BRD-NSK
T005581,03/20/2020,F01343,DELIVERY,WHEAT,1969 kg,INR 2090.00,INR 41152.10,BRD-NSK
T005582,12/08/2019,f01343,input,FERTILIZER 50kg bag,32 kg,INR 59.37,INR 1899.84,BRD-NSK
T005583,12/23/2019,F01343,Input Purchase,FERTILIZER 50kg bag,99 kgs,INR 42.01,INR 4158.99,BRD-NSK
T005584,12/13/2019,F01343,Input Purchase,Urea,282 kg,INR 41.35,INR 11660.70,BRD-NSK
T005585,05/07/2020,F01345,Delivery,wheat,475.00 kgs,INR 2165.00,INR 10283.75,BRD-NSK
T005586,05/06/2020,F01345,DELIVERY,wheat,"1,872.00 kgs",INR 2165.00,INR 40528.80,BRD-NSK
T005587,01/03/2020,F01345,INPUT_PURCHASE,Seeds,203 kgs,INR 88.12,INR 17888.36,BRD-NSK
T005588,12/02/2019,F01345,INPUT_PURCHASE,PPC,187 kgs,INR 483.20,INR 90358.40,BRD-NSK
T005589,04/14/2020,F01346,DELIVERY,Lokwan Wheat,"1,155.00 kgs",INR 2245.00,INR 25929.75,BRD-NSK
T005590,05/07/2020,F01346,Delivery,Lokwan Wheat,"1,404.00 kgs",INR 2245.00,INR 31519.80,BRD-NSK
T005591,01/14/2020,F01346,FERT_PURCHASE,Bio-pesticide,290 kgs,INR 266.68,INR 77337.20,BRD-NSK
T005592,04/07/2020,F01347,DELIVERY,Wheat (Durum),"2,847.00 kgs",INR 2305.00,INR 65623.35,BRD-NSK
T005593,03/12/2020,F01348,DELIVERY,wheat,832.00 kgs,INR 2415.00,INR 20092.80,BRD-NSK
T005594,04/23/2020,F01348,D,Wheat,"2,217.00 kgs",INR 2415.00,INR 53540.55,BRD-NSK
T005595,01/10/2020,f01348,FERT_PURCHASE,Fertilizer,246 kgs,INR 29.06,INR 7148.76,BRD-NSK
T005596,12/19/2019,F01348,input,Fertilizer,28 kgs,INR 31.09,INR 870.52,BRD-NSK
T005597,04/26/2020,F01350,D,Lokwan Wheat,401 kg,INR 2495.00,INR 10004.95,BRD-NSK
T005598,05/06/2020,F01350,delivery,WHEAT,"1,281.00 kgs",INR 2495.00,INR 31960.95,BRD-NSK
T005599,12/30/2019,f01350,input,NPK 10:26:26,288 kg,INR 59.00,INR 16992.00,BRD-NSK
T005600,05/09/2020,F01351,D,Wheat (Durum),1214 kg,INR 2085.00,INR 25311.90,BRD-NSK
T005601,05/06/2020,F01351,D,WHEAT,1188 kg,INR 2085.00,INR 24769.80,BRD-NSK
T005602,05/17/2020,F01351,LOAN_REPAY,EMI,,,INR 4000.00,BRD-NSK
T005603,05/31/2020,F01351,LOAN_REPAY,Loan Repayment,,,INR 3300.00,BRD-NSK
T005604,04/17/2020,F01351,L,EMI,,,INR 7500.00,BRD-NSK
T005605,05/16/2020,F01351,LOAN_REPAY,EMI,,,INR 7100.00,BRD-NSK
T005606,03/14/2020,f01352,Delivery,WHEAT,4066 kg,INR 2195.00,INR 89248.70,BRD-NSK
T005607,01/15/2020,F01352,I,SEEDS,315 kgs,INR 101.34,INR 31922.10,BRD-NSK
T005608,12/18/2019,F01352,I,DAP,166 kgs,INR 34.57,INR 5738.62,BRD-NSK
T005609,12/27/2019,F01352,input,DAP,71 kgs,INR 58.52,INR 4154.92,BRD-NSK
T005610,12/02/2019,F01352,INPUT_PURCHASE,Hybrid Seeds,89 kgs,INR 111.25,INR 9901.25,BRD-NSK
T005611,01/02/2020,f01352,FERT_PURCHASE,DAP,244 kgs,INR 59.85,INR 14603.40,BRD-NSK
T005612,04/15/2020,F01353,delivery,Lokwan Wheat,"2,303.00 kgs",INR 2350.00,INR 54120.50,BRD-NSK
T005613,05/04/2020,F01353,delivery,Wheat,363 kg,INR 2350.00,INR 8530.50,BRD-NSK
T005614,04/16/2020,F01353,LOAN_REPAY,Loan Repayment,,,INR 7900.00,BRD-NSK
T005615,03/29/2020,F01353,loan,EMI,,,INR 900.00,BRD-NSK
T005616,03/15/2020,f01354,DELIVERY,wheat,"3,089.00 kgs",INR 2265.00,INR 69965.85,BRD-NSK
T005617,03/14/2020,F01354,delivery,wheat,1596 kg,INR 2265.00,INR 36149.40,BRD-NSK
T005618,12/01/2019,F01354,INPUT_PURCHASE,PPC,301 kgs,INR 172.26,INR 51850.26,BRD-NSK
T005619,03/17/2020,F01355,DELIVERY,Lokwan Wheat,"1,838.00 kgs",INR 2380.00,INR 43744.40,BRD-NSK
T005620,04/19/2020,F01355,FPO_DELIVERY,wheat,"2,884.00 kgs",INR 2380.00,INR 68639.20,BRD-NSK
T005621,04/12/2020, F01356 ,delivery,Wheat,146 kg,INR 2130.00,INR 3109.80,BRD-NSK
T005622,05/04/2020,F01356,Delivery,wheat,1790 kg,INR 2130.00,INR 38127.00,BRD-NSK
T005623,03/09/2020,F01356,FPO_DELIVERY,Wheat,"3,248.00 kgs",INR 2130.00,INR 69182.40,BRD-NSK
T005624,12/27/2019,F01356,INPUT_PURCHASE,Fertilizer,96 kg,INR 51.25,INR 4920.00,BRD-NSK
T005625,12/13/2019,F01356,FERT_PURCHASE,DAP,156 kg,INR 33.18,INR 5176.08,BRD-NSK
T005626,12/29/2019, F01356 ,INPUT_PURCHASE,DAP,159 kg,INR 58.57,INR 9312.63,BRD-NSK
T005627,03/20/2020,F01360,Delivery,Lokwan Wheat,"1,331.00 kgs",INR 2425.00,INR 32276.75,BRD-NSK
T005628,04/15/2020,F01360,FPO_DELIVERY,wheat,"1,089.00 kgs",INR 2425.00,INR 26408.25,BRD-NSK
T005629,12/05/2019,f01360,Input Purchase,NPK 10:26:26,155 kgs,INR 42.73,INR 6623.15,BRD-NSK
T005630,04/05/2020,F01362,delivery,Lokwan Wheat,5814 kg,INR 2300.00,INR 133722.00,BRD-NSK
T005631,12/25/2019,f01362,FERT_PURCHASE,Bio-pesticide,74 kgs,INR 273.61,INR 20247.14,BRD-NSK
T005632,12/28/2019,f01362,I,DAP,135 kgs,INR 32.40,INR 4374.00,BRD-NSK
T005633,05/09/2020,F01364,FPO_DELIVERY,Wheat (Durum),"3,556.00 kgs",INR 2285.00,INR 81254.60,BRD-NSK
T005634,04/12/2020,F01364,delivery,Wheat,785.00 kgs,INR 2285.00,INR 17937.25,BRD-NSK
T005635,01/08/2020,F01364,INPUT_PURCHASE,Urea,125 kgs,INR 46.10,INR 5762.50,BRD-NSK
T005636,01/15/2020,F01364,Input Purchase,Hybrid Seeds,53 kg,INR 94.27,INR 4996.31,BRD-NSK
T005637,12/09/2019,F01364,FERT_PURCHASE,NPK 10:26:26,317 kgs,INR 54.40,INR 17244.80,BRD-NSK
T005638,04/25/2020,f01365,DELIVERY,wheat,"2,421.00 kgs",INR 2250.00,INR 54472.50,BRD-NSK
T005639,12/19/2019,F01365,Input Purchase,NPK 10:26:26,26 kgs,INR 50.57,INR 1314.82,BRD-NSK
T005640,12/24/2019,F01365,Input Purchase,SEEDS,101 kgs,INR 56.63,INR 5719.63,BRD-NSK
T005641,01/02/2020,F01365,input,Hybrid Seeds,228 kg,INR 72.48,INR 16525.44,BRD-NSK
T005642,03/03/2020,F01366,delivery,Wheat,"3,872.00 kgs",INR 2220.00,INR 85958.40,BRD-NSK
T005643,04/24/2020,F01366,DELIVERY,Wheat (Durum),"2,873.00 kgs",INR 2220.00,INR 63780.60,BRD-NSK
T005644,01/02/2020,F01366,FERT_PURCHASE,NPK 10:26:26,90 kg,INR 54.46,INR 4901.40,BRD-NSK
T005645,12/25/2019,F01366,FERT_PURCHASE,NPK 10:26:26,314 kgs,INR 43.14,INR 13545.96,BRD-NSK
T005646,03/10/2020,F01368,Delivery,Wheat,10 kg,INR 2360.00,INR 236.00,BRD-NSK
T005647,05/09/2020,F01368,FPO_DELIVERY,WHEAT,823 kg,INR 2360.00,INR 19422.80,BRD-NSK
T005648,03/15/2020,F01369,FPO_DELIVERY,Wheat (Durum),394.00 kgs,INR 2220.00,INR 8746.80,BRD-NSK
T005649,05/09/2020,F01369,Delivery,Lokwan Wheat,"1,115.00 kgs",INR 2220.00,INR 24753.00,BRD-NSK
T005650,12/26/2019,F01369,INPUT_PURCHASE,Seeds,75 kg,INR 123.09,INR 9231.75,BRD-NSK
T005651,03/27/2020,F01370,FPO_DELIVERY,Wheat,888 kg,INR 2070.00,INR 18381.60,BRD-NSK
T005652,04/30/2020,F01370,D,Lokwan Wheat,1680 kg,INR 2070.00,INR 34776.00,BRD-NSK
T005653,03/03/2020,F01370,Delivery,WHEAT,3337 kg,INR 2070.00,INR 69075.90,BRD-NSK
T005654,01/03/2020,F01370,input,DAP,174 kgs,INR 34.78,INR 6051.72,BRD-NSK
T005655,12/19/2019,F01370,Input Purchase,DAP,198 kgs,INR 43.02,INR 8517.96,BRD-NSK
T005656,12/14/2019,f01370,I,PP chemicals,238 kg,INR 206.54,INR 49156.52,BRD-NSK
T005657,12/03/2019,F01370,input,FERTILIZER 50kg bag,102 kg,INR 48.83,INR 4980.66,BRD-NSK
T005658,12/17/2019,F01370,Input Purchase,Hybrid Seeds,303 kg,INR 63.99,INR 19388.97,BRD-NSK
T005659,04/11/2020,F01372,Delivery,Wheat (Durum),739.00 kgs,INR 2230.00,INR 16479.70,BRD-NSK
T005660,01/12/2020, F01372 ,FERT_PURCHASE,SEEDS,236 kgs,INR 84.80,INR 20012.80,BRD-NSK
T005661,12/31/2019,F01372,I,Urea,258 kg,INR 46.01,INR 11870.58,BRD-NSK
T005662,03/24/2020,F01374,FPO_DELIVERY,Wheat (Durum),101 kg,INR 2330.00,INR 2353.30,BRD-NSK
T005663,04/15/2020,F01374,D,Wheat,"3,121.00 kgs",INR 2330.00,INR 72719.30,BRD-NSK
T005664,12/08/2019,F01374,FERT_PURCHASE,NPK 10:26:26,201 kgs,INR 52.62,INR 10576.62,BRD-NSK
T005665,05/13/2020,F01376,DELIVERY,Lokwan Wheat,"1,530.00 kgs",INR 2420.00,INR 37026.00,BRD-NSK
T005666,04/12/2020,F01376,delivery,Wheat (Durum),549 kg,INR 2420.00,INR 13285.80,BRD-NSK
T005667,03/29/2020,F01377,Delivery,Wheat (Durum),"1,678.00 kgs",INR 2305.00,INR 38677.90,BRD-NSK
T005668,04/02/2020,F01377,DELIVERY,WHEAT,185 kg,INR 2305.00,INR 4264.25,BRD-NSK
T005669,12/17/2019,F01377,input,Hybrid Seeds,163 kg,INR 93.51,INR 15242.13,BRD-NSK
T005670,04/22/2020,F01378,DELIVERY,Wheat (Durum),"3,863.00 kgs",INR 2340.00,INR 90394.20,BRD-NSK
T005671,03/08/2020,F01378,D,wheat,934.00 kgs,INR 2340.00,INR 21855.60,BRD-NSK
T005672,12/05/2019,F01378,input,Urea,263 kgs,INR 39.06,INR 10272.78,BRD-NSK
T005673,03/31/2020,F01379,delivery,Wheat,"2,416.00 kgs",INR 2415.00,INR 58346.40,BRD-NSK
T005674,12/29/2019,F01379,I,Fertilizer,97 kgs,INR 29.09,INR 2821.73,BRD-NSK
T005675,04/12/2020,F01380,DELIVERY,Wheat,90.00 kgs,INR 2280.00,INR 2052.00,BRD-NSK
T005676,04/07/2020,F01380,D,wheat,825 kg,INR 2280.00,INR 18810.00,BRD-NSK
T005677,04/08/2020,f01380,Delivery,wheat,518.00 kgs,INR 2280.00,INR 11810.40,BRD-NSK
T005678,12/14/2019,F01380,FERT_PURCHASE,NPK 10:26:26,83 kg,INR 44.34,INR 3680.22,BRD-NSK
T005679,01/12/2020,F01380,I,Fertilizer,295 kgs,INR 38.62,INR 11392.90,BRD-NSK
T005680,04/24/2020,f01382,delivery,Wheat,2292 kg,INR 2110.00,INR 48361.20,BRD-NSK
T005681,04/06/2020,f01382,delivery,Wheat (Durum),40.00 kgs,INR 2110.00,INR 844.00,BRD-NSK
T005682,03/10/2020,F01382,delivery,Lokwan Wheat,1238 kg,INR 2110.00,INR 26121.80,BRD-NSK
T005683,04/13/2020,f01382,L,Loan Repayment,,,INR 4400.00,BRD-NSK
T005684,02/01/2020,F01382,LOAN_REPAY,EMI,,,INR 7100.00,BRD-NSK
T005685,04/28/2020, F01383 ,delivery,Wheat,664.00 kgs,INR 2165.00,INR 14375.60,BRD-NSK
T005686,03/29/2020,F01383,DELIVERY,Lokwan Wheat,"1,254.00 kgs",INR 2165.00,INR 27149.10,BRD-NSK
T005687,12/16/2019,F01383,INPUT_PURCHASE,Urea,267 kg,INR 33.15,INR 8851.05,BRD-NSK
T005688,04/20/2020,F01384,Delivery,wheat,1901 kg,INR 2385.00,INR 45338.85,BRD-NSK
T005689,03/28/2020,F01384,Delivery,WHEAT,2956 kg,INR 2385.00,INR 70500.60,BRD-NSK
T005690,12/27/2019,F01384,FERT_PURCHASE,SEEDS,314 kgs,INR 123.09,INR 38650.26,BRD-NSK
T005691,04/12/2020,F01385,D,wheat,124 kg,INR 2245.00,INR 2783.80,BRD-NSK
T005692,04/20/2020,F01385,delivery,Wheat (Durum),991 kg,INR 2245.00,INR 22247.95,BRD-NSK
T005693,04/05/2020,F01385,D,WHEAT,133 kg,INR 2245.00,INR 2985.85,BRD-NSK
T005694,03/05/2020,F01386,DELIVERY,Wheat (Durum),4172 kg,INR 2220.00,INR 92618.40,BRD-NSK
T005695,05/06/2020, F01386 ,FPO_DELIVERY,Lokwan Wheat,120 kg,INR 2220.00,INR 2664.00,BRD-NSK
T005696,12/09/2019,F01386,FERT_PURCHASE,DAP,270 kgs,INR 53.86,INR 14542.20,BRD-NSK
T005697,03/19/2020,F01388,D,WHEAT,652.00 kgs,INR 2305.00,INR 15028.60,BRD-NSK
T005698,01/04/2020,F01388,I,FERTILIZER 50kg bag,73 kg,INR 54.39,INR 3970.47,BRD-NSK
T005699,12/24/2019,F01388,INPUT_PURCHASE,Seeds,65 kgs,INR 88.10,INR 5726.50,BRD-NSK
T005700,04/03/2020,F01389,Delivery,Wheat (Durum),109 kg,INR 2280.00,INR 2485.20,BRD-NSK
T005701,03/14/2020,F01389,Delivery,Wheat (Durum),859.00 kgs,INR 2280.00,INR 19585.20,BRD-NSK
T005702,12/03/2019,F01389,input,Bio-pesticide,27 kgs,INR 210.31,INR 5678.37,BRD-NSK
T005703,03/24/2020,F01390,DELIVERY,WHEAT,"1,246.00 kgs",INR 2130.00,INR 26539.80,BRD-NSK
T005704,04/15/2020,F01390,D,Lokwan Wheat,804.00 kgs,INR 2130.00,INR 17125.20,BRD-NSK
T005705,12/06/2019,f01390,Input Purchase,Seeds,221 kg,INR 71.14,INR 15721.94,BRD-NSK
T005706,12/23/2019,,Input Purchase,DAP,272 kgs,INR 54.60,INR 14851.20,BRD-NSK
T005707,12/14/2019,F01390,I,SEEDS,288 kgs,INR 122.84,INR 35377.92,BRD-NSK
T005708,12/01/2019, F01390 ,FERT_PURCHASE,SEEDS,276 kgs,INR 84.05,INR 23197.80,BRD-NSK
T005709,12/19/2019,F01390,FERT_PURCHASE,PPC,62 kg,INR 670.71,INR 41584.02,BRD-NSK
T005710,12/31/2019,f01390,FERT_PURCHASE,Hybrid Seeds,229 kgs,INR 108.54,INR 24855.66,BRD-NSK
T005711,01/28/2020,F01390,loan,EMI,,,INR 6900.00,BRD-NSK
T005712,01/07/2020,f01390,loan,Loan Repayment,,,INR 6100.00,BRD-NSK
T005713,12/05/2019,F01390,L,EMI,,,INR 6300.00,BRD-NSK
T005714,03/19/2020,F01391,D,Wheat (Durum),"1,474.00 kgs",INR 2120.00,INR 31248.80,BRD-NSK
T005715,04/07/2020,f01391,D,WHEAT,868.00 kgs,INR 2120.00,INR 18401.60,BRD-NSK
T005716,12/18/2019,F01391,I,SEEDS,294 kgs,INR 117.54,INR 34556.76,BRD-NSK
T005717,04/21/2020,F01392,FPO_DELIVERY,Wheat,5034 kg,INR 2235.00,INR 112509.90,BRD-NSK
T005718,04/19/2020,F01392,D,Wheat,"3,280.00 kgs",INR 2235.00,INR 73308.00,BRD-NSK
T005719,05/05/2020,F01393,delivery,Wheat (Durum),2303 kg,INR 2260.00,INR 52047.80,BRD-NSK
T005720,01/10/2020,f01393,FERT_PURCHASE,FERTILIZER 50kg bag,161 kg,INR 53.77,INR 8656.97,BRD-NSK
T005721,12/23/2019,F01393,FERT_PURCHASE,Bio-pesticide,128 kgs,INR 578.04,INR 73989.12,BRD-NSK
T005722,05/13/2020,F01394,Delivery,WHEAT,5777 kg,INR 2325.00,INR 134315.25,BRD-NSK
T005723,05/07/2020,F01395,FPO_DELIVERY,WHEAT,"1,073.00 kgs",INR 2430.00,INR 26073.90,BRD-NSK
T005724,12/09/2019,F01395,input,SEEDS,128 kg,INR 108.97,INR 13948.16,BRD-NSK
T005725,12/15/2019,F01395,I,FERTILIZER 50kg bag,219 kgs,INR 47.75,INR 10457.25,BRD-NSK
T005726,12/05/2019,F01395,input,Bio-pesticide,230 kg,INR 140.10,INR 32223.00,BRD-NSK
T005727,04/07/2020,F01395,loan,Loan Repayment,,,INR 2900.00,BRD-NSK
T005728,03/05/2020, F01396 ,delivery,wheat,6121 kg,INR 2295.00,INR 140476.95,BRD-NSK
T005729,12/09/2019,F01396,Input Purchase,Fertilizer,316 kgs,INR 35.68,INR 11274.88,BRD-NSK
T005730,01/01/2020,F01396,Input Purchase,Bio-pesticide,303 kg,INR 539.64,INR 163510.92,BRD-NSK
T005731,03/09/2020,F01398,D,Wheat (Durum),2534 kg,INR 2260.00,INR 57268.40,BRD-NSK
T005732,04/19/2020,F01398,DELIVERY,Lokwan Wheat,415.00 kgs,INR 2260.00,INR 9379.00,BRD-NSK
T005733,12/26/2019,F01398,Input Purchase,DAP,312 kg,INR 53.32,INR 16635.84,BRD-NSK
T005734,01/10/2020,F01398,Input Purchase,Bio-pesticide,231 kgs,INR 660.96,INR 152681.76,BRD-NSK
T005735,04/02/2020,F01400,D,Lokwan Wheat,"6,168.00 kgs",INR 2210.00,INR 136312.80,BRD-NSK
T005736,01/08/2020,F01400,I,Hybrid Seeds,85 kg,INR 125.72,INR 10686.20,BRD-NSK
T005737,04/01/2020,F01401,FPO_DELIVERY,wheat,"2,773.00 kgs",INR 2130.00,INR 59064.90,BRD-NSK
T005738,04/06/2020,f01401,delivery,Wheat,287 kg,INR 2130.00,INR 6113.10,BRD-NSK
T005739,12/03/2019,F01401,Input Purchase,DAP,299 kgs,INR 50.31,INR 15042.69,BRD-NSK
T005740,05/12/2020,F01402,DELIVERY,wheat,386 kg,INR 2330.00,INR 8993.80,BRD-NSK
T005741,04/19/2020,F01402,FPO_DELIVERY,Wheat,"1,214.00 kgs",INR 2330.00,INR 28286.20,BRD-NSK
T005742,04/14/2020,F01402,delivery,Lokwan Wheat,14.00 kgs,INR 2330.00,INR 326.20,BRD-NSK
T005743,12/15/2019,f01402,Input Purchase,Seeds,85 kg,INR 105.22,INR 8943.70,BRD-NSK
T005744,12/21/2019,F01402,INPUT_PURCHASE,NPK 10:26:26,117 kgs,INR 42.62,INR 4986.54,BRD-NSK
T005745,03/11/2020,F01403,FPO_DELIVERY,Lokwan Wheat,"2,181.00 kgs",INR 2240.00,INR 48854.40,BRD-NSK
T005746,03/09/2020,F01403,D,Wheat,270.00 kgs,INR 2240.00,INR 6048.00,BRD-NSK
T005747,12/22/2019,F01403,Input Purchase,Bio-pesticide,68 kg,INR 554.23,INR 37687.64,BRD-NSK
T005748,12/22/2019,F01403,Input Purchase,NPK 10:26:26,214 kgs,INR 34.91,INR 7470.74,BRD-NSK
T005749,12/08/2019,F01403,Input Purchase,FERTILIZER 50kg bag,236 kgs,INR 33.22,INR 7839.92,BRD-NSK
T005750,12/07/2019,F01403,I,Seeds,78 kg,INR 86.30,INR 6731.40,BRD-NSK
T005751,12/22/2019,F01403,Input Purchase,SEEDS,203 kg,INR 111.31,INR 22595.93,BRD-NSK
T005752,05/08/2020,F01404,D,wheat,"1,405.00 kgs",INR 2160.00,INR 30348.00,BRD-NSK
T005753,04/01/2020,F01404,FPO_DELIVERY,Wheat (Durum),"1,376.00 kgs",INR 2160.00,INR 29721.60,BRD-NSK
T005754,04/18/2020,F01404,Delivery,Lokwan Wheat,56 kg,INR 2160.00,INR 1209.60,BRD-NSK
T005755,12/13/2019,F01404,INPUT_PURCHASE,Fertilizer,107 kgs,INR 46.82,INR 5009.74,BRD-NSK
T005756,03/30/2020,F01405,delivery,Lokwan Wheat,"1,405.00 kgs",INR 2360.00,INR 33158.00,BRD-NSK
T005757,01/07/2020,F01405,input,Fertilizer,248 kg,INR 40.40,INR 10019.20,BRD-NSK
T005758,12/30/2019,F01405,I,FERTILIZER 50kg bag,150 kgs,INR 46.51,INR 6976.50,BRD-NSK
T005759,12/27/2019,F01405,Input Purchase,DAP,280 kgs,INR 40.63,INR 11376.40,BRD-NSK
T005760,03/18/2020,F01408,FPO_DELIVERY,Lokwan Wheat,3307 kg,INR 2140.00,INR 70769.80,BRD-NSK
T005761,01/03/2020,F01408,I,Fertilizer,70 kg,INR 57.39,INR 4017.30,BRD-NSK
T005762,03/30/2020,F01409,delivery,WHEAT,"2,603.00 kgs",INR 2220.00,INR 57786.60,BRD-NSK
T005763,04/17/2020,F01409,D,Wheat,2728 kg,INR 2220.00,INR 60561.60,BRD-NSK
T005764,05/07/2020,F01412,FPO_DELIVERY,Wheat (Durum),3157 kg,INR 2205.00,INR 69611.85,BRD-NSK
T005765,04/13/2020,F01412,delivery,wheat,1961 kg,INR 2205.00,INR 43240.05,BRD-NSK
T005766,12/20/2019,f01412,INPUT_PURCHASE,DAP,143 kg,INR 36.18,INR 5173.74,BRD-NSK
T005767,12/09/2019,F01412,L,EMI,,,INR 7000.00,BRD-NSK
T005768,02/15/2020,F01412,L,Loan Repayment,,,INR 4400.00,BRD-NSK
T005769,05/11/2020,F01414,delivery,Lokwan Wheat,1516 kg,INR 2265.00,INR 34337.40,BRD-NSK
T005770,05/13/2020,F01414,D,WHEAT,1896 kg,INR 2265.00,INR 42944.40,BRD-NSK
T005771,04/04/2020,F01417,FPO_DELIVERY,Wheat,"1,088.00 kgs",INR 2450.00,INR 26656.00,BRD-NSK
T005772,04/17/2020,F01417,Delivery,wheat,"2,423.00 kgs",INR 2450.00,INR 59363.50,BRD-NSK
T005773,12/30/2019,F01417,INPUT_PURCHASE,DAP,139 kgs,INR 28.63,INR 3979.57,BRD-NSK
T005774,01/12/2020,F01417,FERT_PURCHASE,FERTILIZER 50kg bag,188 kgs,INR 51.99,INR 9774.12,BRD-NSK
T005775,12/15/2019,F01417,INPUT_PURCHASE,Bio-pesticide,120 kgs,INR 676.88,INR 81225.60,BRD-NSK
T005776,04/22/2020,F01419,delivery,WHEAT,368.00 kgs,INR 2300.00,INR 8464.00,BRD-NSK
T005777,05/10/2020,F01419,delivery,Lokwan Wheat,1655 kg,INR 2300.00,INR 38065.00,BRD-NSK
T005778,01/04/2020,F01419,INPUT_PURCHASE,Fertilizer,27 kg,INR 46.36,INR 1251.72,BRD-NSK
T005779,01/03/2020,F01419,Input Purchase,Seeds,192 kgs,INR 117.85,INR 22627.20,BRD-NSK
T005780,03/07/2020,F01420,delivery,Wheat (Durum),"1,056.00 kgs",INR 2295.00,INR 24235.20,BRD-NSK
T005781,05/14/2020,F01420,DELIVERY,WHEAT,"3,251.00 kgs",INR 2295.00,INR 74610.45,BRD-NSK
T005782,03/13/2020,F01424,delivery,Lokwan Wheat,4776 kg,INR 2205.00,INR 105310.80,BRD-NSK
T005783,01/06/2020,F01424,INPUT_PURCHASE,Hybrid Seeds,156 kg,INR 102.22,INR 15946.32,BRD-NSK
T005784,12/20/2019,F01424,Input Purchase,Fertilizer,146 kg,INR 55.43,INR 8092.78,BRD-NSK
T005785,03/18/2020, F01425 ,delivery,Wheat,"2,223.00 kgs",INR 2235.00,INR 49684.05,BRD-NSK
T005786,12/18/2019,F01425,FERT_PURCHASE,Seeds,114 kg,INR 115.94,INR 13217.16,BRD-NSK
T005787,03/01/2020,F01426,Delivery,wheat,2966 kg,INR 2185.00,INR 64807.10,BRD-NSK
T005788,03/06/2020,F01428,DELIVERY,Lokwan Wheat,"2,508.00 kgs",INR 2330.00,INR 58436.40,BRD-NSK
T005789,12/23/2019,F01428,Input Purchase,SEEDS,116 kg,INR 86.91,INR 10081.56,BRD-NSK
T005790,03/29/2020,F01430,DELIVERY,WHEAT,"2,012.00 kgs",INR 2410.00,INR 48489.20,BRD-NSK
T005791,05/10/2020,F01430,delivery,Wheat,"2,223.00 kgs",INR 2410.00,INR 53574.30,BRD-NSK
T005792,05/04/2020,F01431,DELIVERY,Lokwan Wheat,"3,135.00 kgs",INR 2210.00,INR 69283.50,BRD-NSK
T005793,03/09/2020,F01431,FPO_DELIVERY,Lokwan Wheat,55 kg,INR 2210.00,INR 1215.50,BRD-NSK
T005794,12/08/2019, F01431 ,Input Purchase,NPK 10:26:26,154 kg,INR 30.69,INR 4726.26,BRD-NSK
T005795,01/10/2020,F01431,INPUT_PURCHASE,Bio-pesticide,60 kg,INR 446.83,INR 26809.80,BRD-NSK
T005796,12/19/2019,F01431,INPUT_PURCHASE,FERTILIZER 50kg bag,84 kg,INR 52.57,INR 4415.88,BRD-NSK
T005797,12/14/2019,F01431,INPUT_PURCHASE,Seeds,33 kgs,INR 96.98,INR 3200.34,BRD-NSK
T005798,12/21/2019,F01431,L,EMI,,,INR 4100.00,BRD-NSK
T005799,05/28/2020,F01431,LOAN_REPAY,Loan Repayment,,,INR 3100.00,BRD-NSK
T005800,04/30/2020, F01432 ,Delivery,WHEAT,"2,099.00 kgs",INR 2280.00,INR 47857.20,BRD-NSK
T005801,03/30/2020,F01433,Delivery,Lokwan Wheat,738.00 kgs,INR 2205.00,INR 16272.90,BRD-NSK
T005802,04/26/2020,F01433,DELIVERY,Wheat (Durum),"1,045.00 kgs",INR 2205.00,INR 23042.25,BRD-NSK
T005803,12/07/2019,F01433,input,Bio-pesticide,249 kgs,INR 687.16,INR 171102.84,BRD-NSK
T005804,03/03/2020,F01437,DELIVERY,wheat,"1,975.00 kgs",INR 2360.00,INR 46610.00,BRD-NSK
T005805,04/14/2020,f01441,Delivery,Wheat,"3,443.00 kgs",INR 2190.00,INR 75401.70,BRD-NSK
T005806,12/23/2019,F01441,INPUT_PURCHASE,DAP,286 kgs,INR 59.38,INR 16982.68,BRD-NSK
T005807,12/21/2019,F01441,I,Fertilizer,105 kg,INR 29.00,INR 3045.00,BRD-NSK
T005808,02/29/2020,F01441,LOAN_REPAY,EMI,,,INR 6400.00,BRD-NSK
T005809,03/24/2020,F01444,FPO_DELIVERY,wheat,"1,061.00 kgs",INR 2365.00,INR 25092.65,BRD-NSK
T005810,12/08/2019,F01444,INPUT_PURCHASE,Bio-pesticide,104 kg,INR 502.17,INR 52225.68,BRD-NSK
T005811,12/30/2019,F01444,FERT_PURCHASE,Hybrid Seeds,95 kg,INR 127.76,INR 12137.20,BRD-NSK
T005812,12/30/2019,F01444,Input Purchase,Hybrid Seeds,242 kg,INR 75.30,INR 18222.60,BRD-NSK
T005813,03/26/2020,F01447,delivery,Wheat,7283 kg,INR 2155.00,INR 156948.65,BRD-NSK
T005814,12/16/2019,F01447,I,FERTILIZER 50kg bag,252 kg,INR 33.28,INR 8386.56,BRD-NSK
T005815,12/23/2019,F01447,I,Urea,61 kgs,INR 41.56,INR 2535.16,BRD-NSK
T005816,03/21/2020,F01448,Delivery,Wheat,"5,103.00 kgs",INR 2295.00,INR 117113.85,BRD-NSK
T005817,12/10/2019,F01448,input,Bio-pesticide,195 kg,INR 620.40,INR 120978.00,BRD-NSK
T005818,04/08/2020,F01450,FPO_DELIVERY,Lokwan Wheat,3237 kg,INR 1985.00,INR 64254.45,BRD-NSK
T005819,05/05/2020,F01450,D,Wheat,293.00 kgs,INR 1985.00,INR 5816.05,BRD-NSK
T005820,01/15/2020, F01450 ,I,Fertilizer,132 kgs,INR 38.10,INR 5029.20,BRD-NSK
T005821,12/12/2019,F01450,I,PP chemicals,255 kg,INR 696.92,INR 177714.60,BRD-NSK
T005822,01/11/2020,F01450,input,NPK 10:26:26,86 kgs,INR 56.69,INR 4875.34,BRD-NSK
T005823,12/21/2019,F01450,input,DAP,139 kg,INR 58.10,INR 8075.90,BRD-NSK
T005824,03/01/2020,F01451,delivery,Wheat,523 kg,INR 2220.00,INR 11610.60,BRD-NSK
T005825,03/31/2020,F01451,FPO_DELIVERY,WHEAT,1887 kg,INR 2220.00,INR 41891.40,BRD-NSK
T005826,12/13/2019,F01451,FERT_PURCHASE,Bio-pesticide,241 kgs,INR 121.12,INR 29189.92,BRD-NSK
T005827,03/31/2020,f01452,delivery,wheat,661 kg,INR 2300.00,INR 15203.00,BRD-NSK
T005828,05/06/2020,F01452,delivery,Wheat,97.00 kgs,INR 2300.00,INR 2231.00,BRD-NSK
T005829,04/23/2020,F01453,FPO_DELIVERY,Lokwan Wheat,"7,182.00 kgs",INR 2335.00,INR 167699.70,BRD-NSK
T005830,02/09/2020,F01453,L,EMI,,,INR 3000.00,BRD-NSK
T005831,02/16/2020,F01453,LOAN_REPAY,EMI,,,INR 6500.00,BRD-NSK
T005832,04/22/2020,f01457,delivery,Wheat,589 kg,INR 2185.00,INR 12869.65,BRD-NSK
T005833,04/26/2020,F01457,DELIVERY,wheat,"1,509.00 kgs",INR 2185.00,INR 32971.65,BRD-NSK
T007976,05/03/2020,f02237,delivery,Lokwan Wheat,1121 kg,INR 2205.00,INR 24718.05,BRD-NSK
T007977,03/06/2020,F02237,DELIVERY,wheat,8756 kg,INR 2205.00,INR 193069.80,BRD-NSK
T007978,12/02/2019,F02237,FERT_PURCHASE,Bio-pesticide,91 kg,INR 191.09,INR 17389.19,BRD-NSK
T007986,04/29/2020,F02241,delivery,WHEAT,5642 kg,INR 2215.00,INR 124970.30,BRD-NSK
T007987,03/31/2020,F02241,D,WHEAT,150.00 kgs,INR 2215.00,INR 3322.50,BRD-NSK
T007988,04/03/2020,F02241,DELIVERY,Wheat (Durum),1215 kg,INR 2215.00,INR 26912.25,BRD-NSK
T007989,12/19/2019,F02241,INPUT_PURCHASE,Hybrid Seeds,181 kg,INR 98.37,INR 17804.97,BRD-NSK
T007990,12/19/2019,F02241,I,Urea,46 kgs,INR 46.59,INR 2143.14,BRD-NSK
T007991,04/18/2020,f02241,LOAN_REPAY,EMI,,,INR 2500.00,BRD-NSK
T008012,03/08/2020,F02248,delivery,Wheat,"2,901.00 kgs",INR 2325.00,INR 67448.25,BRD-NSK
T008052,05/05/2020,F02260,D,Wheat (Durum),111.00 kgs,INR 2300.00,INR 2553.00,BRD-NSK
T008053,04/10/2020,F02260,D,Wheat (Durum),977 kg,INR 2300.00,INR 22471.00,BRD-NSK
T008054,12/19/2019,f02260,I,Hybrid Seeds,163 kg,INR 115.95,INR 18899.85,BRD-NSK
T008055,12/28/2019,f02260,FERT_PURCHASE,FERTILIZER 50kg bag,87 kg,INR 31.31,INR 2723.97,BRD-NSK
T008056,03/22/2020,F02260,LOAN_REPAY,Loan Repayment,,,INR 7700.00,BRD-NSK
T008086,03/16/2020,f02269,D,WHEAT,13.00 kgs,INR 2280.00,INR 296.40,BRD-NSK
T008087,03/26/2020,f02269,D,Lokwan Wheat,818 kg,INR 2280.00,INR 18650.40,BRD-NSK
T008088,12/13/2019,F02269,FERT_PURCHASE,DAP,258 kg,INR 29.27,INR 7551.66,BRD-NSK
T008089,12/16/2019,F02269,I,Fertilizer,275 kg,INR 32.11,INR 8830.25,BRD-NSK
T008093,04/28/2020,F02271,DELIVERY,Lokwan Wheat,100 kg,INR 2095.00,INR 2095.00,BRD-NSK
T008094,04/09/2020,f02271,Delivery,Wheat (Durum),1167 kg,INR 2095.00,INR 24448.65,BRD-NSK
T008095,01/07/2020,F02271,FERT_PURCHASE,Hybrid Seeds,127 kg,INR 63.96,INR 8122.92,BRD-NSK
T008096,01/18/2020,F02271,L,EMI,,,INR 4300.00,BRD-NSK
T008161,04/25/2020,F02287,DELIVERY,WHEAT,1784 kg,INR 2265.00,INR 40407.60,BRD-NSK
T008162,05/14/2020,f02287,FPO_DELIVERY,Wheat,506.00 kgs,INR 2265.00,INR 11460.90,BRD-NSK
T008163,01/10/2020,F02287,I,SEEDS,178 kgs,INR 73.11,INR 13013.58,BRD-NSK
T008164,12/20/2019,F02287,FERT_PURCHASE,NPK 10:26:26,221 kgs,INR 59.56,INR 13162.76,BRD-NSK
T008185,03/28/2020,F02294,delivery,Lokwan Wheat,6168 kg,INR 2230.00,INR 137546.40,BRD-NSK
T008186,12/04/2019,F02294,INPUT_PURCHASE,Hybrid Seeds,183 kgs,INR 82.83,INR 15157.89,BRD-NSK
T008187,01/13/2020,F02294,I,FERTILIZER 50kg bag,44 kg,INR 29.70,INR 1306.80,BRD-NSK
T008188,12/16/2019,F02294,I,Seeds,39 kgs,INR 129.94,INR 5067.66,BRD-NSK
T008189,05/10/2020,F02295,Delivery,Lokwan Wheat,"3,066.00 kgs",INR 2210.00,INR 67758.60,BRD-NSK
T008910,10/10/2020,F01301,DELIVERY,paddy,"2,024.00 kgs",INR 2230.00,INR 45135.20,BRD-NSK
T008911,06/07/2020,f01301,I,FERTILIZER 50kg bag,175 kgs,INR 42.88,INR 7504.00,BRD-NSK
T008912,06/09/2020,F01301,loan,EMI,,,INR 6800.00,BRD-NSK
T008913,10/29/2020, F01302 ,Delivery,Paddy,3071 kg,INR 2285.00,INR 70172.35,BRD-NSK
T008914,06/25/2020,F01302,I,Urea,86 kg,INR 33.56,INR 2886.16,BRD-NSK
T008915,06/26/2020, F01302 ,Input Purchase,FERTILIZER 50kg bag,222 kg,INR 39.33,INR 8731.26,BRD-NSK
T008916,11/11/2020,F01302,loan,Loan Repayment,,,INR 2800.00,BRD-NSK
T008917,10/02/2020,F01303,FPO_DELIVERY,Paddy (Rainfed),1859 kg,INR 2390.00,INR 44430.10,BRD-NSK
T008918,11/26/2020,F01303,D,Paddy,857 kg,INR 2390.00,INR 20482.30,BRD-NSK
T008919,10/06/2020, F01307 ,delivery,PADDY,1643 kg,INR 2210.00,INR 36310.30,BRD-NSK
T008920,11/16/2020,F01307,DELIVERY,Sona Masoori Paddy,1537 kg,INR 2210.00,INR 33967.70,BRD-NSK
T008921,07/18/2020,F01307,Loan Repayment,Loan Repayment,,,INR 7600.00,BRD-NSK
T008922,11/18/2020,F01308,D,paddy,5369 kg,INR 2200.00,INR 118118.00,BRD-NSK
T008923,10/11/2020,f01309,FPO_DELIVERY,Paddy,"2,724.00 kgs",INR 2215.00,INR 60336.60,BRD-NSK
T008924,10/16/2020,F01310,Delivery,PADDY,1681 kg,INR 2260.00,INR 37990.60,BRD-NSK
T008925,11/27/2020,F01310,FPO_DELIVERY,paddy,130.00 kgs,INR 2260.00,INR 2938.00,BRD-NSK
T008926,07/01/2020,F01310,FERT_PURCHASE,Hybrid Seeds,184 kg,INR 93.18,INR 17145.12,BRD-NSK
T008927,11/21/2020,F01311,Delivery,Sona Masoori Paddy,2426 kg,INR 2385.00,INR 57860.10,BRD-NSK
T008928,07/02/2020, F01311 ,FERT_PURCHASE,Seeds,305 kg,INR 68.75,INR 20968.75,BRD-NSK
T008929,11/15/2020,F01312,D,paddy,3797 kg,INR 2230.00,INR 84673.10,BRD-NSK
T008930,11/16/2020,F01312,Delivery,Paddy (Rainfed),"1,421.00 kgs",INR 2230.00,INR 31688.30,BRD-NSK
T008931,10/25/2020,F01313,DELIVERY,Paddy,697 kg,INR 2070.00,INR 14427.90,BRD-NSK
T008932,10/19/2020,F01313,Delivery,Paddy (Rainfed),412.00 kgs,INR 2070.00,INR 8528.40,BRD-NSK
T008933,06/26/2020,F01313,FERT_PURCHASE,FERTILIZER 50kg bag,127 kg,INR 33.23,INR 4220.21,BRD-NSK
T008934,06/26/2020,F01313,Input Purchase,FERTILIZER 50kg bag,61 kg,INR 59.91,INR 3654.51,BRD-NSK
T008935,07/15/2020,F01313,loan,EMI,,,INR 2500.00,BRD-NSK
T008936,10/25/2020,F01316,Delivery,PADDY,514 kg,INR 2280.00,INR 11719.20,BRD-NSK
T008937,11/10/2020,f01316,DELIVERY,PADDY,515.00 kgs,INR 2280.00,INR 11742.00,BRD-NSK
T008938,06/16/2020,F01316,FERT_PURCHASE,SEEDS,137 kgs,INR 92.68,INR 12697.16,BRD-NSK
T008939,10/08/2020,f01317,D,paddy,4088 kg,INR 2335.00,INR 95454.80,BRD-NSK
T008940,11/12/2020,F01317,DELIVERY,Sona Masoori Paddy,1662 kg,INR 2335.00,INR 38807.70,BRD-NSK
T008941,06/22/2020,F01317,I,SEEDS,40 kg,INR 95.84,INR 3833.60,BRD-NSK
T008942,10/21/2020,F01319,Delivery,paddy,575.00 kgs,INR 2230.00,INR 12822.50,BRD-NSK
T008943,10/22/2020,F01319,delivery,Paddy (Rainfed),"4,712.00 kgs",INR 2230.00,INR 105077.60,BRD-NSK
T008944,09/07/2020,f01319,Loan Repayment,EMI,,,INR 7600.00,BRD-NSK
T008945,07/23/2020,F01319,L,Loan Repayment,,,INR 4800.00,BRD-NSK
T008946,07/13/2020,F01319,LOAN_REPAY,EMI,,,INR 3900.00,BRD-NSK
T008947,07/03/2020,F01319,loan,Loan Repayment,,,INR 5500.00,BRD-NSK
T008948,11/08/2020,F01320,DELIVERY,Sona Masoori Paddy,2741 kg,INR 2455.00,INR 67291.55,BRD-NSK
T008949,11/04/2020,F01320,Delivery,Sona Masoori Paddy,"1,175.00 kgs",INR 2455.00,INR 28846.25,BRD-NSK
T008950,11/08/2020,F01321,FPO_DELIVERY,Sona Masoori Paddy,95.00 kgs,INR 2320.00,INR 2204.00,BRD-NSK
T008951,10/30/2020, F01321 ,Delivery,Sona Masoori Paddy,433.00 kgs,INR 2320.00,INR 10045.60,BRD-NSK
T008952,10/27/2020,F01321,D,Sona Masoori Paddy,274.00 kgs,INR 2320.00,INR 6356.80,BRD-NSK
T008953,11/19/2020,F01322,delivery,PADDY,"4,467.00 kgs",INR 2345.00,INR 104751.15,BRD-NSK
T008954,07/13/2020,F01322,I,Bio-pesticide,165 kgs,INR 176.79,INR 29170.35,BRD-NSK
T008955,11/29/2020,f01324,Delivery,PADDY,3104 kg,INR 2300.00,INR 71392.00,BRD-NSK
T008956,11/22/2020, F01324 ,DELIVERY,Paddy (Rainfed),4184 kg,INR 2300.00,INR 96232.00,BRD-NSK
T008957,06/05/2020,F01324,INPUT_PURCHASE,DAP,103 kgs,INR 37.26,INR 3837.78,BRD-NSK
T008958,06/03/2020, F01324 ,FERT_PURCHASE,PPC,198 kg,INR 229.71,INR 45482.58,BRD-NSK
T008959,07/23/2020,F01324,L,EMI,,,INR 2200.00,BRD-NSK
T008960,11/13/2020,F01325,Delivery,Paddy (Rainfed),"2,102.00 kgs",INR 2275.00,INR 47820.50,BRD-NSK
T008961,10/04/2020,F01325,Delivery,paddy,1507 kg,INR 2275.00,INR 34284.25,BRD-NSK
T008962,07/01/2020,F01325,input,SEEDS,137 kgs,INR 118.78,INR 16272.86,BRD-NSK
T008963,06/12/2020,F01325,I,FERTILIZER 50kg bag,179 kg,INR 39.17,INR 7011.43,BRD-NSK
T008964,06/28/2020,F01325,INPUT_PURCHASE,FERTILIZER 50kg bag,136 kg,INR 57.77,INR 7856.72,BRD-NSK
T008965,07/18/2020,F01325,Loan Repayment,Loan Repayment,,,INR 3700.00,BRD-NSK
T008966,11/17/2020,F01329,delivery,Sona Masoori Paddy,"2,483.00 kgs",INR 2225.00,INR 55246.75,BRD-NSK
T008967,06/15/2020,F01329,Input Purchase,Seeds,123 kgs,INR 98.44,INR 12108.12,BRD-NSK
T008968,07/09/2020,F01329,L,EMI,,,INR 1600.00,BRD-NSK
T008969,08/29/2020,F01329,L,Loan Repayment,,,INR 2800.00,BRD-NSK
T008970,11/14/2020,F01330,D,PADDY,1494 kg,INR 2310.00,INR 34511.40,BRD-NSK
T008971,10/20/2020,F01330,Delivery,PADDY,95 kg,INR 2310.00,INR 2194.50,BRD-NSK
T008972,07/01/2020, F01330 ,FERT_PURCHASE,PPC,269 kg,INR 638.60,INR 171783.40,BRD-NSK
T008973,07/01/2020,F01330,I,Fertilizer,166 kg,INR 56.97,INR 9457.02,BRD-NSK
T008974,07/02/2020,F01330,INPUT_PURCHASE,Bio-pesticide,213 kgs,INR 533.39,INR 113612.07,BRD-NSK
T008975,10/16/2020,F01331,DELIVERY,Paddy (Rainfed),"4,131.00 kgs",INR 2265.00,INR 93567.15,BRD-NSK
T008976,10/18/2020,F01331,FPO_DELIVERY,paddy,"2,537.00 kgs",INR 2265.00,INR 57463.05,BRD-NSK
T008977,10/30/2020,F01331,FPO_DELIVERY,Paddy,1023 kg,INR 2265.00,INR 23170.95,BRD-NSK
T008978,07/03/2020,F01331,FERT_PURCHASE,FERTILIZER 50kg bag,35 kg,INR 53.05,INR 1856.75,BRD-NSK
T008979,07/12/2020,F01331,Input Purchase,NPK 10:26:26,193 kgs,INR 45.63,INR 8806.59,BRD-NSK
T008980,11/21/2020,F01333,D,Sona Masoori Paddy,2145 kg,INR 2395.00,INR 51372.75,BRD-NSK
T008981,06/24/2020,f01333,input,Hybrid Seeds,,INR 61.41,INR 10439.70,BRD-NSK
T008982,11/21/2020,F01337,delivery,paddy,"2,127.00 kgs",INR 2180.00,INR 46368.60,BRD-NSK
T008983,06/19/2020,F01337,input,Urea,103 kg,INR 55.18,INR 5683.54,BRD-NSK
T008984,11/26/2020,F01338,Delivery,PADDY,414 kg,INR 2390.00,INR 9894.60,BRD-NSK
T008985,11/30/2020,F01338,FPO_DELIVERY,Paddy,6727 kg,INR 2390.00,INR 160775.30,BRD-NSK
T008986,06/28/2020,f01338,FERT_PURCHASE,Urea,257 kg,INR 51.43,INR 13217.51,BRD-NSK
T008987,06/12/2020,F01338,I,SEEDS,93 kgs,INR 111.61,INR 10379.73,BRD-NSK
T008988,06/01/2020,F01338,FERT_PURCHASE,SEEDS,290 kgs,INR 124.90,INR 36221.00,BRD-NSK
T008989,11/23/2020,F01339,delivery,paddy,4185 kg,INR 2365.00,INR 98975.25,BRD-NSK
T008990,11/27/2020,F01340,FPO_DELIVERY,paddy,"7,031.00 kgs",INR 2100.00,INR 147651.00,BRD-NSK
T008991,11/11/2020,F01342,D,Sona Masoori Paddy,"4,741.00 kgs",INR 2270.00,INR 107620.70,BRD-NSK
T008992,06/23/2020,F01342,input,Hybrid Seeds,139 kgs,INR 76.73,INR 10665.47,BRD-NSK
T008993,06/15/2020,F01342,FERT_PURCHASE,Seeds,209 kgs,INR 98.95,INR 20680.55,BRD-NSK
T008994,06/17/2020,F01342,Input Purchase,Urea,204 kgs,INR 44.38,INR 9053.52,BRD-NSK
T008995,11/17/2020,F01343,FPO_DELIVERY,Paddy,1576 kg,INR 2190.00,INR 34514.40,BRD-NSK
T008996,10/04/2020,F01343,DELIVERY,Paddy,1447 kg,INR 2190.00,INR 31689.30,BRD-NSK
T008997,09/09/2020,F01343,Loan Repayment,Loan Repayment,,,INR 7200.00,BRD-NSK
T008998,06/24/2020,f01343,L,EMI,,,INR 4800.00,BRD-NSK
T008999,10/15/2020,F01343,Loan Repayment,EMI,,,INR 6200.00,BRD-NSK
T009000,11/14/2020,F01345,FPO_DELIVERY,PADDY,"2,357.00 kgs",INR 2160.00,INR 50911.20,BRD-NSK
T009001,06/21/2020,F01345,input,NPK 10:26:26,291 kg,INR 45.23,INR 13161.93,BRD-NSK
T009002,06/11/2020,F01345,Input Purchase,SEEDS,44 kgs,INR 94.78,INR 4170.32,BRD-NSK
T009003,11/29/2020,F01347,DELIVERY,paddy,703.00 kgs,INR 2385.00,INR 16766.55,BRD-NSK
T009004,10/23/2020,F01347,DELIVERY,Paddy (Rainfed),2401 kg,INR 2385.00,INR 57263.85,BRD-NSK
T009005,07/14/2020,F01347,INPUT_PURCHASE,FERTILIZER 50kg bag,177 kgs,INR 32.20,INR 5699.40,BRD-NSK
T009006,10/10/2020, F01348 ,Delivery,PADDY,229.00 kgs,INR 2350.00,INR 5381.50,BRD-NSK
T009007,11/16/2020,F01348,D,Paddy (Rainfed),"3,316.00 kgs",INR 2350.00,INR 77926.00,BRD-NSK
T009008,06/08/2020,F01348,I,PPC,195 kg,INR 593.02,INR 115638.90,BRD-NSK
T009009,11/20/2020,F01350,delivery,paddy,"1,543.00 kgs",INR 2310.00,INR 35643.30,BRD-NSK
T009010,07/14/2020,F01350,I,PPC,308 kgs,INR 437.27,INR 134679.16,BRD-NSK
T009011,06/28/2020,F01350,INPUT_PURCHASE,Seeds,77 kgs,INR 65.32,INR 5029.64,BRD-NSK
T009012,06/10/2020,F01350,I,SEEDS,298 kgs,INR 112.63,INR 33563.74,BRD-NSK
T009013,11/13/2020,F01351,Delivery,Sona Masoori Paddy,"1,122.00 kgs",INR 2145.00,INR 24066.90,BRD-NSK
T009014,10/09/2020,F01352,D,Sona Masoori Paddy,"5,021.00 kgs",INR 2305.00,INR 115734.05,BRD-NSK
T009015,11/21/2020,F01353,Delivery,Sona Masoori Paddy,201 kg,INR 2315.00,INR 4653.15,BRD-NSK
T009016,11/18/2020,f01353,FPO_DELIVERY,Paddy,512.00 kgs,INR 2315.00,INR 11852.80,BRD-NSK
T009017,10/04/2020,F01353,D,Paddy (Rainfed),676.00 kgs,INR 2315.00,INR 15649.40,BRD-NSK
T009018,10/10/2020,F01353,L,EMI,,,INR 7100.00,BRD-NSK
T009019,11/21/2020,F01354,D,PADDY,"3,019.00 kgs",INR 2180.00,INR 65814.20,BRD-NSK
T009020,11/01/2020, F01354 ,DELIVERY,Paddy (Rainfed),2940 kg,INR 2180.00,INR 64092.00,BRD-NSK
T009021,07/09/2020,F01354,INPUT_PURCHASE,DAP,58 kg,INR 42.96,INR 2491.68,BRD-NSK
T009022,10/09/2020,F01355,FPO_DELIVERY,paddy,"3,293.00 kgs",INR 2355.00,INR 77550.15,BRD-NSK
T009023,11/24/2020,F01355,Delivery,paddy,1630 kg,INR 2355.00,INR 38386.50,BRD-NSK
T009024,07/14/2020,f01355,Input Purchase,DAP,47 kg,INR 54.03,INR 2539.41,BRD-NSK
T009025,11/21/2020,f01356,delivery,Paddy,5835 kg,INR 2290.00,INR 133621.50,BRD-NSK
T009026,07/14/2020,F01356,I,DAP,154 kgs,INR 32.50,INR 5005.00,BRD-NSK
T009027,11/10/2020,F01360,DELIVERY,Sona Masoori Paddy,1218 kg,INR 2330.00,INR 28379.40,BRD-NSK
T009028,11/27/2020,F01360,D,Paddy (Rainfed),1338 kg,INR 2330.00,INR 31175.40,BRD-NSK
T009029,06/29/2020,F01360,I,NPK 10:26:26,229 kgs,INR 55.89,INR 12798.81,BRD-NSK
T009030,07/03/2020,F01360,INPUT_PURCHASE,PP chemicals,105 kg,INR 143.68,INR 15086.40,BRD-NSK
T009031,11/01/2020,F01362,DELIVERY,paddy,"6,574.00 kgs",INR 2215.00,INR 145614.10,BRD-NSK
T009032,06/14/2020,F01362,FERT_PURCHASE,SEEDS,60 kgs,INR 52.29,INR 3137.40,BRD-NSK
T009033,06/15/2020, F01362 ,input,FERTILIZER 50kg bag,30 kgs,INR 46.12,INR 1383.60,BRD-NSK
T009034,11/15/2020,F01364,DELIVERY,paddy,"4,427.00 kgs",INR 2300.00,INR 101821.00,BRD-NSK
T009035,11/12/2020,F01364,FPO_DELIVERY,Paddy (Rainfed),225.00 kgs,INR 2300.00,INR 5175.00,BRD-NSK
T009036,11/26/2020,F01365,FPO_DELIVERY,Paddy (Rainfed),"3,788.00 kgs",INR 2420.00,INR 91669.60,BRD-NSK
T009037,10/31/2020,F01365,Delivery,Sona Masoori Paddy,206.00 kgs,INR 2420.00,INR 4985.20,BRD-NSK
T009038,06/08/2020,F01365,INPUT_PURCHASE,Urea,164 kg,INR 48.72,INR 7990.08,BRD-NSK
T009039,10/21/2020,F01366,DELIVERY,paddy,1600 kg,INR 2335.00,INR 37360.00,BRD-NSK
T009040,10/09/2020,F01366,D,Paddy (Rainfed),5549 kg,INR 2335.00,INR 129569.15,BRD-NSK
T009041,07/10/2020,F01366,Input Purchase,Fertilizer,69 kg,INR 39.34,INR 2714.46,BRD-NSK
T009042,07/10/2020,F01366,input,PP chemicals,85 kg,INR 563.26,INR 47877.10,BRD-NSK
T009043,07/08/2020,F01366,FERT_PURCHASE,PPC,289 kgs,INR 609.40,INR 176116.60,BRD-NSK
T009044,10/02/2020,F01369,D,Sona Masoori Paddy,"1,631.00 kgs",INR 2225.00,INR 36289.75,BRD-NSK
T009045,06/13/2020,F01369,I,Fertilizer,229 kgs,INR 38.95,INR 8919.55,BRD-NSK
T009046,11/22/2020,f01370,FPO_DELIVERY,Paddy,"4,752.00 kgs",INR 2205.00,INR 104781.60,BRD-NSK
T009047,11/28/2020,F01370,FPO_DELIVERY,Paddy,1939 kg,INR 2205.00,INR 42754.95,BRD-NSK
T009048,10/05/2020,F01374,Delivery,Sona Masoori Paddy,3706 kg,INR 2225.00,INR 82458.50,BRD-NSK
T009049,11/26/2020,F01376,DELIVERY,Paddy (Rainfed),484.00 kgs,INR 2270.00,INR 10986.80,BRD-NSK
T009050,10/14/2020,F01376,delivery,PADDY,1648 kg,INR 2270.00,INR 37409.60,BRD-NSK
T009051,06/19/2020,F01376,I,FERTILIZER 50kg bag,226 kg,INR 42.45,INR 9593.70,BRD-NSK
T009052,07/06/2020,F01376,INPUT_PURCHASE,DAP,199 kgs,INR 40.01,INR 7961.99,BRD-NSK
T009053,07/23/2020,F01376,loan,EMI,,,INR 7000.00,BRD-NSK
T009054,10/14/2020,f01376,loan,Loan Repayment,,,INR 2000.00,BRD-NSK
T009055,09/04/2020,F01376,Loan Repayment,EMI,,,INR 6100.00,BRD-NSK
T009056,10/09/2020,F01377,Delivery,paddy,133.00 kgs,INR 2080.00,INR 2766.40,BRD-NSK
T009057,10/28/2020,F01377,D,Paddy,515 kg,INR 2080.00,INR 10712.00,BRD-NSK
T009058,10/20/2020,F01378,D,PADDY,"4,474.00 kgs",INR 2190.00,INR 97980.60,BRD-NSK
T009059,10/15/2020,F01378,DELIVERY,paddy,2644 kg,INR 2190.00,INR 57903.60,BRD-NSK
T009060,06/13/2020,F01378,INPUT_PURCHASE,PPC,114 kgs,INR 195.04,INR 22234.56,BRD-NSK
T009061,06/26/2020,F01378,FERT_PURCHASE,Hybrid Seeds,109 kgs,INR 70.40,INR 7673.60,BRD-NSK
T009062,11/20/2020,F01379,DELIVERY,Sona Masoori Paddy,3024 kg,INR 2520.00,INR 76204.80,BRD-NSK
T009063,07/11/2020,F01379,input,Hybrid Seeds,27 kg,INR 95.45,INR 2577.15,BRD-NSK
T009064,07/18/2020,F01379,L,EMI,,,INR 1900.00,BRD-NSK
T009065,08/04/2020,F01379,LOAN_REPAY,EMI,,,INR 5500.00,BRD-NSK
T009066,11/27/2020,F01380,delivery,PADDY,654.00 kgs,INR 2425.00,INR 15859.50,BRD-NSK
T009067,10/05/2020,F01380,Delivery,Sona Masoori Paddy,742.00 kgs,INR 2425.00,INR 17993.50,BRD-NSK
T009068,11/26/2020,f01380,Delivery,Paddy (Rainfed),438 kg,INR 2425.00,INR 10621.50,BRD-NSK
T009069,11/23/2020,,delivery,paddy,4400 kg,INR 2390.00,INR 105160.00,BRD-NSK
T009070,10/15/2020,F01384,delivery,Sona Masoori Paddy,7176 kg,INR 2155.00,INR 154642.80,BRD-NSK
T009071,06/12/2020,F01384,INPUT_PURCHASE,SEEDS,37 kg,INR 89.70,INR 3318.90,BRD-NSK
T009072,07/13/2020,F01384,INPUT_PURCHASE,Seeds,156 kg,INR 109.83,INR 17133.48,BRD-NSK
T009073,06/30/2020,F01384,INPUT_PURCHASE,FERTILIZER 50kg bag,96 kg,INR 48.96,INR 4700.16,BRD-NSK
T009074,10/10/2020,F01385,delivery,Paddy,1124 kg,INR 2350.00,INR 26414.00,BRD-NSK
T009075,11/17/2020,F01385,Delivery,Sona Masoori Paddy,272.00 kgs,INR 2350.00,INR 6392.00,BRD-NSK
T009076,07/13/2020,F01385,I,SEEDS,206 kg,INR 59.33,INR 12221.98,BRD-NSK
T009077,11/14/2020,F01386,D,Paddy,"1,230.00 kgs",INR 2300.00,INR 28290.00,BRD-NSK
T009078,10/18/2020,F01386,Delivery,paddy,2449 kg,INR 2300.00,INR 56327.00,BRD-NSK
T009079,06/03/2020,f01386,FERT_PURCHASE,Seeds,36 kg,INR 86.70,INR 3121.20,BRD-NSK
T009080,06/14/2020,f01386,I,Urea,140 kgs,INR 49.79,INR 6970.60,BRD-NSK
T009081,11/05/2020,F01390,delivery,paddy,360.00 kgs,INR 2245.00,INR 8082.00,BRD-NSK
T009082,11/20/2020,F01390,FPO_DELIVERY,Paddy (Rainfed),1611 kg,INR 2245.00,INR 36166.95,BRD-NSK
T009083,07/09/2020, F01390 ,L,EMI,,,INR 5400.00,BRD-NSK
T009084,08/14/2020,F01390,LOAN_REPAY,Loan Repayment,,,INR 1400.00,BRD-NSK
T009085,11/01/2020,F01391,FPO_DELIVERY,Paddy,445.00 kgs,INR 2190.00,INR 9745.50,BRD-NSK
T009086,11/09/2020,F01391,Delivery,Paddy,"2,548.00 kgs",INR 2190.00,INR 55801.20,BRD-NSK
T009087,06/24/2020,F01391,INPUT_PURCHASE,FERTILIZER 50kg bag,231 kg,INR 46.76,INR 10801.56,BRD-NSK
T009088,07/07/2020,F01391,I,NPK 10:26:26,47 kgs,INR 36.84,INR 1731.48,BRD-NSK
T009089,07/13/2020,F01391,INPUT_PURCHASE,SEEDS,243 kg,INR 111.26,INR 27036.18,BRD-NSK
T009090,06/05/2020,F01391,FERT_PURCHASE,PP chemicals,140 kgs,INR 645.29,INR 90340.60,BRD-NSK
T009091,10/02/2020,f01392,FPO_DELIVERY,Paddy,985 kg,INR 2325.00,INR 22901.25,BRD-NSK
T009092,11/30/2020,F01392,DELIVERY,paddy,"2,477.00 kgs",INR 2325.00,INR 57590.25,BRD-NSK
T009093,06/03/2020,F01392,FERT_PURCHASE,Seeds,258 kg,INR 93.34,INR 24081.72,BRD-NSK
T009094,10/19/2020,F01393,delivery,PADDY,1524 kg,INR 2255.00,INR 34366.20,BRD-NSK
T009095,10/23/2020,F01393,FPO_DELIVERY,Paddy (Rainfed),1703 kg,INR 2255.00,INR 38402.65,BRD-NSK
T009096,10/23/2020,F01394,FPO_DELIVERY,Sona Masoori Paddy,5114 kg,INR 2295.00,INR 117366.30,BRD-NSK
T009097,10/21/2020,F01394,delivery,PADDY,2093 kg,INR 2295.00,INR 48034.35,BRD-NSK
T009098,11/04/2020,F01395,D,Paddy (Rainfed),662 kg,INR 2375.00,INR 15722.50,BRD-NSK
T009099,11/29/2020,F01395,FPO_DELIVERY,Sona Masoori Paddy,766 kg,INR 2375.00,INR 18192.50,BRD-NSK
T009100,06/10/2020,F01395,I,Seeds,290 kgs,INR 82.52,INR 23930.80,BRD-NSK
T009101,11/28/2020,F01396,D,PADDY,"7,681.00 kgs",INR 2230.00,INR 171286.30,BRD-NSK
T009102,10/17/2020,f01396,FPO_DELIVERY,Sona Masoori Paddy,54.00 kgs,INR 2230.00,INR 1204.20,BRD-NSK
T009103,07/08/2020,F01396,FERT_PURCHASE,Seeds,293 kgs,INR 54.56,INR 15986.08,BRD-NSK
T009104,06/17/2020,F01396,FERT_PURCHASE,Seeds,281 kgs,INR 103.60,INR 29111.60,BRD-NSK
T009105,10/24/2020,F01398,FPO_DELIVERY,Sona Masoori Paddy,"4,375.00 kgs",INR 2330.00,INR 101937.50,BRD-NSK
T009106,06/30/2020,F01398,INPUT_PURCHASE,Seeds,121 kg,INR 110.69,INR 13393.49,BRD-NSK
T009107,11/11/2020,F01400,D,Paddy (Rainfed),"2,022.00 kgs",INR 2335.00,INR 47213.70,BRD-NSK
T009108,11/03/2020,F01400,D,Paddy (Rainfed),4357 kg,INR 2335.00,INR 101735.95,BRD-NSK
T009109,06/18/2020,F01400,Input Purchase,Fertilizer,91 kg,INR 45.00,INR 4095.00,BRD-NSK
T009110,07/09/2020,F01400,Input Purchase,Fertilizer,227 kgs,INR 59.45,INR 13495.15,BRD-NSK
T009111,10/23/2020,F01401,D,PADDY,"3,761.00 kgs",INR 2245.00,INR 84434.45,BRD-NSK
T009112,06/06/2020,f01401,FERT_PURCHASE,FERTILIZER 50kg bag,192 kg,INR 37.06,INR 7115.52,BRD-NSK
T009113,06/17/2020,f01401,Input Purchase,Seeds,132 kg,INR 98.50,INR 13002.00,BRD-NSK
T009114,11/20/2020,F01403,D,Paddy,2813 kg,INR 2220.00,INR 62448.60,BRD-NSK
T009115,06/03/2020,f01403,Input Purchase,DAP,67 kg,INR 59.72,INR 4001.24,BRD-NSK
T009116,06/06/2020,F01403,input,SEEDS,130 kg,INR 118.56,INR 15412.80,BRD-NSK
T009117,11/27/2020,F01404,FPO_DELIVERY,Paddy (Rainfed),2305 kg,INR 2255.00,INR 51977.75,BRD-NSK
T009118,11/01/2020,F01404,Delivery,Paddy,1381 kg,INR 2255.00,INR 31141.55,BRD-NSK
T009119,06/07/2020,F01404,Input Purchase,Fertilizer,146 kgs,INR 38.34,INR 5597.64,BRD-NSK
T009120,10/15/2020,F01405,Delivery,Sona Masoori Paddy,644.00 kgs,INR 2365.00,INR 15230.60,BRD-NSK
T009121,10/03/2020,F01408,delivery,Paddy,3852 kg,INR 2245.00,INR 86477.40,BRD-NSK
T009122,11/08/2020,F01409,delivery,Paddy,6538 kg,INR 2345.00,INR 153316.10,BRD-NSK
T009123,06/20/2020,F01409,Input Purchase,Seeds,142 kg,INR 52.71,INR 7484.82,BRD-NSK
T009124,11/06/2020,F01412,FPO_DELIVERY,Paddy,"6,838.00 kgs",INR 2330.00,INR 159325.40,BRD-NSK
T009125,07/02/2020,F01412,FERT_PURCHASE,NPK 10:26:26,119 kg,INR 54.59,INR 6496.21,BRD-NSK
T009126,06/15/2020,F01412,FERT_PURCHASE,NPK 10:26:26,188 kg,INR 56.87,INR 10691.56,BRD-NSK
T009127,08/14/2020,F01412,Loan Repayment,EMI,,,INR 6800.00,BRD-NSK
T009128,09/12/2020,F01412,Loan Repayment,Loan Repayment,,,INR 3800.00,BRD-NSK
T009129,11/29/2020,f01414,FPO_DELIVERY,Sona Masoori Paddy,3720 kg,INR 2170.00,INR 80724.00,BRD-NSK
T009130,06/21/2020,F01414,INPUT_PURCHASE,FERTILIZER 50kg bag,180 kg,INR 34.16,INR 6148.80,BRD-NSK
T009131,06/03/2020,f01414,Input Purchase,SEEDS,85 kgs,INR 117.99,INR 10029.15,BRD-NSK
T009132,10/20/2020,F01417,delivery,PADDY,"3,401.00 kgs",INR 2310.00,INR 78563.10,BRD-NSK
T009133,11/28/2020, F01417 ,D,Paddy,1088 kg,INR 2310.00,INR 25132.80,BRD-NSK
T009134,10/05/2020,F01419,delivery,Sona Masoori Paddy,653 kg,INR 2250.00,INR 14692.50,BRD-NSK
T009135,10/20/2020,F01419,Delivery,Sona Masoori Paddy,"2,608.00 kgs",INR 2250.00,INR 58680.00,BRD-NSK
T009136,07/01/2020,F01419,I,Seeds,27 kg,INR 58.72,INR 1585.44,BRD-NSK
T009137,11/08/2020, F01419 ,L,Loan Repayment,,,INR 7600.00,BRD-NSK
T009138,09/27/2020,F01419,loan,Loan Repayment,,,INR 3100.00,BRD-NSK
T009139,08/16/2020,F01419,Loan Repayment,Loan Repayment,,,INR 1000.00,BRD-NSK
T009140,11/25/2020,F01420,D,Sona Masoori Paddy,1653 kg,INR 2295.00,INR 37936.35,BRD-NSK
T009141,11/24/2020,F01420,D,Sona Masoori Paddy,"4,582.00 kgs",INR 2295.00,INR 105156.90,BRD-NSK
T009142,10/18/2020,F01424,delivery,Sona Masoori Paddy,"1,781.00 kgs",INR 2300.00,INR 40963.00,BRD-NSK
T009143,11/02/2020, F01424 ,D,paddy,4394 kg,INR 2300.00,INR 101062.00,BRD-NSK
T009144,06/03/2020,f01424,Input Purchase,PP chemicals,105 kg,INR 263.86,INR 27705.30,BRD-NSK
T009145,06/23/2020,F01424,INPUT_PURCHASE,Urea,152 kgs,INR 29.74,INR 4520.48,BRD-NSK
T009146,11/07/2020,F01425,Delivery,Sona Masoori Paddy,1251 kg,INR 2355.00,INR 29461.05,BRD-NSK
T009147,11/09/2020,F01425,Delivery,Paddy (Rainfed),1162 kg,INR 2355.00,INR 27365.10,BRD-NSK
T009148,11/16/2020,F01428,FPO_DELIVERY,Paddy (Rainfed),"2,730.00 kgs",INR 2315.00,INR 63199.50,BRD-NSK
T009149,07/06/2020,F01428,input,PP chemicals,152 kg,INR 475.63,INR 72295.76,BRD-NSK
T009150,10/29/2020, F01430 ,D,PADDY,"4,893.00 kgs",INR 2315.00,INR 113272.95,BRD-NSK
T009151,07/14/2020,f01430,input,SEEDS,111 kg,INR 72.85,INR 8086.35,BRD-NSK
T009152,10/06/2020,F01431,DELIVERY,Sona Masoori Paddy,325.00 kgs,INR 2295.00,INR 7458.75,BRD-NSK
T009153,10/02/2020,F01431,delivery,paddy,"1,256.00 kgs",INR 2295.00,INR 28825.20,BRD-NSK
T009154,11/26/2020,F01431,D,Paddy,2218 kg,INR 2295.00,INR 50903.10,BRD-NSK
T009155,06/24/2020,F01431,input,DAP,35 kg,INR 28.25,INR 988.75,BRD-NSK
T009156,11/20/2020,F01432,DELIVERY,Paddy (Rainfed),832 kg,INR 2495.00,INR 20758.40,BRD-NSK
T009157,11/27/2020,F01432,FPO_DELIVERY,Sona Masoori Paddy,"1,378.00 kgs",INR 2495.00,INR 34381.10,BRD-NSK
T009158,07/05/2020,F01432,INPUT_PURCHASE,Hybrid Seeds,50 kg,INR 86.88,INR 4344.00,BRD-NSK
T009159,07/05/2020,F01432,FERT_PURCHASE,Urea,46 kg,INR 48.54,INR 2232.84,BRD-NSK
T009160,11/07/2020,F01433,Delivery,Paddy,850.00 kgs,INR 2165.00,INR 18402.50,BRD-NSK
T009161,11/29/2020,F01433,delivery,PADDY,"1,173.00 kgs",INR 2165.00,INR 25395.45,BRD-NSK
T009162,06/18/2020,F01433,Input Purchase,Urea,229 kgs,INR 29.85,INR 6835.65,BRD-NSK
T009163,10/18/2020,f01441,FPO_DELIVERY,paddy,"4,476.00 kgs",INR 2240.00,INR 100262.40,BRD-NSK
T009164,07/08/2020, F01441 ,Input Purchase,SEEDS,223 kgs,INR 96.42,INR 21501.66,BRD-NSK
T009165,09/11/2020,F01441,Loan Repayment,EMI,,,INR 4200.00,BRD-NSK
T009166,11/17/2020,F01447,delivery,Paddy,3769 kg,INR 2350.00,INR 88571.50,BRD-NSK
T009167,10/22/2020,F01447,Delivery,Paddy,5467 kg,INR 2350.00,INR 128474.50,BRD-NSK
T009168,06/30/2020,F01447,I,PPC,143 kg,INR 562.79,INR 80478.97,BRD-NSK
T009169,10/06/2020,F01448,Delivery,Paddy (Rainfed),1918 kg,INR 2395.00,INR 45936.10,BRD-NSK
T009170,11/15/2020,F01448,delivery,Sona Masoori Paddy,2772 kg,INR 2395.00,INR 66389.40,BRD-NSK
T009171,06/05/2020,F01448,FERT_PURCHASE,FERTILIZER 50kg bag,224 kg,INR 54.74,INR 12261.76,BRD-NSK
T009172,11/22/2020,F01450,D,paddy,4753 kg,INR 2310.00,INR 109794.30,BRD-NSK
T009173,06/28/2020,F01450,INPUT_PURCHASE,SEEDS,179 kg,INR 55.35,INR 9907.65,BRD-NSK
T009174,07/15/2020,F01450,input,NPK 10:26:26,170 kgs,INR 55.86,INR 9496.20,BRD-NSK
T009175,07/03/2020,F01450,Input Purchase,SEEDS,259 kg,INR 72.52,INR 18782.68,BRD-NSK
T009176,07/25/2020,F01450,LOAN_REPAY,Loan Repayment,,,INR 2900.00,BRD-NSK
T009177,08/31/2020,F01450,LOAN_REPAY,EMI,,,INR 6800.00,BRD-NSK
T009178,10/13/2020,F01451,D,Paddy,"2,479.00 kgs",INR 2295.00,INR 56893.05,BRD-NSK
T009179,06/13/2020,F01451,input,NPK 10:26:26,276 kgs,INR 57.31,INR 15817.56,BRD-NSK
T009180,06/08/2020,F01451,I,Seeds,79 kg,INR 49.08,INR 3877.32,BRD-NSK
T009181,11/09/2020, F01451 ,loan,Loan Repayment,,,INR 3100.00,BRD-NSK
T009182,10/19/2020,F01451,loan,EMI,,,INR 5300.00,BRD-NSK
T009183,11/21/2020,F01453,DELIVERY,Paddy,"3,133.00 kgs",INR 2370.00,INR 74252.10,BRD-NSK
T009184,11/10/2020,f01453,DELIVERY,Paddy,3744 kg,INR 2370.00,INR 88732.80,BRD-NSK
T009185,06/16/2020,F01453,Input Purchase,Urea,152 kg,INR 28.73,INR 4366.96,BRD-NSK
T009186,08/08/2020,F01453,Loan Repayment,EMI,,,INR 7200.00,BRD-NSK
T009187,10/12/2020,F01457,delivery,Paddy (Rainfed),1659 kg,INR 2325.00,INR 38571.75,BRD-NSK
T009188,10/14/2020, F01457 ,delivery,paddy,1212 kg,INR 2325.00,INR 28179.00,BRD-NSK
T009189,06/11/2020,F01457,Input Purchase,SEEDS,174 kg,INR 105.35,INR 18330.90,BRD-NSK
T010789,11/02/2020,F02237,DELIVERY,paddy,6284 kg,INR 2230.00,INR 140133.20,BRD-NSK
T010790,11/30/2020,f02237,D,Sona Masoori Paddy,"5,619.00 kgs",INR 2230.00,INR 125303.70,BRD-NSK
T010791,06/16/2020,F02237,I,NPK 10:26:26,41 kgs,INR 38.33,INR 1571.53,BRD-NSK
T010792,07/03/2020,F02237,INPUT_PURCHASE,DAP,302 kg,INR 47.39,INR 14311.78,BRD-NSK
T010793,06/13/2020,F02237,INPUT_PURCHASE,Fertilizer,48 kgs,INR 55.70,INR 2673.60,BRD-NSK
T010794,06/09/2020,F02237,INPUT_PURCHASE,FERTILIZER 50kg bag,236 kgs,INR 38.70,INR 9133.20,BRD-NSK
T010795,06/29/2020,F02237,Input Purchase,Fertilizer,73 kgs,INR 28.14,INR 2054.22,BRD-NSK
T010796,06/28/2020,F02237,input,NPK 10:26:26,174 kgs,INR 37.79,INR 6575.46,BRD-NSK
T010800,10/02/2020,F02241,delivery,paddy,2656 kg,INR 2315.00,INR 61486.40,BRD-NSK
T010801,10/12/2020,F02241,FPO_DELIVERY,Paddy,7275 kg,INR 2315.00,INR 168416.25,BRD-NSK
T010802,07/01/2020,F02241,L,Loan Repayment,,,INR 5000.00,BRD-NSK
T010803,07/23/2020,f02241,LOAN_REPAY,Loan Repayment,,,INR 4100.00,BRD-NSK
T010823,11/02/2020,f02248,FPO_DELIVERY,Paddy,"3,376.00 kgs",INR 2030.00,INR 68532.80,BRD-NSK
T010824,11/18/2020,f02248,Delivery,Paddy,487.00 kgs,INR 2030.00,INR 9886.10,BRD-NSK
T010825,07/05/2020, F02248 ,input,Seeds,221 kg,INR 93.51,INR 20665.71,BRD-NSK
T010858,10/08/2020,F02260,FPO_DELIVERY,PADDY,1181 kg,INR 2375.00,INR 28048.75,BRD-NSK
T010859,11/21/2020,F02260,D,paddy,184.00 kgs,INR 2375.00,INR 4370.00,BRD-NSK
T010860,06/29/2020,F02260,input,PPC,130 kg,INR 351.64,INR 45713.20,BRD-NSK
T010882,11/03/2020,F02269,D,PADDY,26 kg,INR 2315.00,INR 601.90,BRD-NSK
T010883,10/08/2020,F02269,delivery,Paddy (Rainfed),208.00 kgs,INR 2315.00,INR 4815.20,BRD-NSK
T010884,07/05/2020,F02269,FERT_PURCHASE,PP chemicals,159 kg,INR 350.19,INR 55680.21,BRD-NSK
T010885,06/15/2020,F02269,FERT_PURCHASE,Fertilizer,279 kgs,INR 58.94,INR 16444.26,BRD-NSK
T010927,10/15/2020,F02287,FPO_DELIVERY,PADDY,89.00 kgs,INR 2255.00,INR 2006.95,BRD-NSK
T010928,10/19/2020,F02287,Delivery,Sona Masoori Paddy,2576 kg,INR 2255.00,INR 58088.80,BRD-NSK
T010929,07/12/2020,f02287,Input Purchase,FERTILIZER 50kg bag,269 kg,INR 29.84,INR 8026.96,BRD-NSK
T010930,07/02/2020,F02287,input,Urea,169 kg,INR 42.70,INR 7216.30,BRD-NSK
T010942,11/25/2020,f02294,Delivery,Paddy (Rainfed),9808 kg,INR 2380.00,INR 233430.40,BRD-NSK
T010943,07/06/2020,F02294,FERT_PURCHASE,Seeds,280 kgs,INR 110.71,INR 30998.80,BRD-NSK
T010944,10/15/2020,F02295,Delivery,Sona Masoori Paddy,809.00 kgs,INR 2210.00,INR 17878.90,BRD-NSK
T010945,11/17/2020,F02295,DELIVERY,Sona Masoori Paddy,625 kg,INR 2210.00,INR 13812.50,BRD-NSK
T010946,11/28/2020,F02295,DELIVERY,PADDY,88 kg,INR 2210.00,INR 1944.80,BRD-NSK
T010947,07/08/2020,F02295,FERT_PURCHASE,Fertilizer,256 kg,INR 29.56,INR 7567.36,BRD-NSK
T010972,10/10/2020,F02303,Delivery,paddy,309.00 kgs,INR 2280.00,INR 7045.20,BRD-NSK
T010973,11/25/2020,F02303,FPO_DELIVERY,PADDY,1263 kg,INR 2280.00,INR 28796.40,BRD-NSK
T010974,11/08/2020,f02303,D,Paddy (Rainfed),166.00 kgs,INR 2280.00,INR 3784.80,BRD-NSK
T010975,06/03/2020,F02303,Input Purchase,FERTILIZER 50kg bag,314 kgs,INR 31.38,INR 9853.32,BRD-NSK
T010983,11/21/2020,F02306,Delivery,Sona Masoori Paddy,"1,348.00 kgs",INR 2290.00,INR 30869.20,BRD-NSK
T010984,11/12/2020,F02306,delivery,Paddy (Rainfed),73 kg,INR 2290.00,INR 1671.70,BRD-NSK
T010985,07/15/2020, F02306 ,FERT_PURCHASE,FERTILIZER 50kg bag,131 kgs,INR 47.78,INR 6259.18,BRD-NSK
T011015,10/21/2020,F02317,delivery,Sona Masoori Paddy,608.00 kgs,INR 2335.00,INR 14196.80,BRD-NSK
T011016,10/14/2020,F02317,D,Sona Masoori Paddy,"7,679.00 kgs",INR 2335.00,INR 179304.65,BRD-NSK
T011017,06/29/2020,F02317,INPUT_PURCHASE,DAP,261 kgs,INR 29.87,INR 7796.07,BRD-NSK
T011028,11/20/2020,F02322,D,Sona Masoori Paddy,2018 kg,INR 2195.00,INR 44295.10,BRD-NSK
T011029,10/16/2020,F02322,delivery,Sona Masoori Paddy,3182 kg,INR 2195.00,INR 69844.90,BRD-NSK
T011030,06/15/2020,F02322,INPUT_PURCHASE,PPC,80 kg,INR 670.36,INR 53628.80,BRD-NSK
T011031,07/13/2020,F02322,FERT_PURCHASE,NPK 10:26:26,127 kg,INR 49.10,INR 6235.70,BRD-NSK
T011052,10/15/2020,F02328,FPO_DELIVERY,Paddy,7733 kg,INR 2230.00,INR 172445.90,BRD-NSK
T011053,06/11/2020,F02328,INPUT_PURCHASE,Urea,31 kgs,INR 31.93,INR 989.83,BRD-NSK
T011755,04/08/2021,F01301,Delivery,Lokwan Wheat,408.00 kgs,INR 2325.00,INR 9486.00,BRD-NSK
T011756,04/01/2021,F01301,Delivery,wheat,"1,992.00 kgs",INR 2325.00,INR 46314.00,BRD-NSK
T011757,12/24/2020,F01301,INPUT_PURCHASE,Hybrid Seeds,276 kgs,INR 55.19,INR 15232.44,BRD-NSK
T011758,12/20/2020,f01301,I,DAP,270 kgs,INR 45.43,INR 12266.10,BRD-NSK
T011759,12/10/2020,F01301,Loan Repayment,Loan Repayment,,,INR 3900.00,BRD-NSK
T011760,03/05/2021,F01301,Loan Repayment,Loan Repayment,,,INR 2400.00,BRD-NSK
T011761,04/10/2021,F01301,loan,EMI,,,INR 3300.00,BRD-NSK
T011762,01/10/2021,F01301,loan,Loan Repayment,,,INR 3500.00,BRD-NSK
T011763,03/05/2021,F01302,DELIVERY,Lokwan Wheat,"1,114.00 kgs",INR 2515.00,INR 28017.10,BRD-NSK
T011764,04/27/2021,F01302,DELIVERY,Wheat,462.00 kgs,INR 2515.00,INR 11619.30,BRD-NSK
T011765,03/17/2021,F01302,FPO_DELIVERY,WHEAT,1085 kg,INR 2515.00,INR 27287.75,BRD-NSK
T011766,12/12/2020,F01302,input,Seeds,201 kgs,INR 92.20,INR 18532.20,BRD-NSK
T011767,01/12/2021,F01302,Input Purchase,Urea,297 kg,INR 42.84,INR 12723.48,BRD-NSK
T011768,01/23/2021,F01302,LOAN_REPAY,EMI,,,INR 6600.00,BRD-NSK
T011769,04/18/2021,F01303,FPO_DELIVERY,Wheat (Durum),721 kg,INR 2440.00,INR 17592.40,BRD-NSK
T011770,04/23/2021,F01303,Delivery,Wheat,1772 kg,INR 2440.00,INR 43236.80,BRD-NSK
T011771,12/12/2020,f01303,input,NPK 10:26:26,278 kg,INR 43.57,INR 12112.46,BRD-NSK
T011772,03/31/2021,F01307,Delivery,Wheat,2801 kg,INR 2365.00,INR 66243.65,BRD-NSK
T011773,12/26/2020,F01307,Input Purchase,NPK 10:26:26,226 kgs,INR 49.94,INR 11286.44,BRD-NSK
T011774,12/22/2020,F01307,INPUT_PURCHASE,NPK 10:26:26,242 kg,INR 53.17,INR 12867.14,BRD-NSK
T011775,03/21/2021,F01307,Loan Repayment,Loan Repayment,,,INR 5900.00,BRD-NSK
T011776,04/02/2021, F01308 ,DELIVERY,Lokwan Wheat,4800 kg,INR 2430.00,INR 116640.00,BRD-NSK
T011777,12/19/2020,F01308,I,DAP,86 kg,INR 37.63,INR 3236.18,BRD-NSK
T011778,01/05/2021,F01308,input,Fertilizer,48 kg,INR 52.19,INR 2505.12,BRD-NSK
T011779,12/17/2020, F01308 ,INPUT_PURCHASE,SEEDS,49 kgs,INR 68.78,INR 3370.22,BRD-NSK
T011780,04/25/2021,F01310,DELIVERY,Wheat (Durum),"1,849.00 kgs",INR 2500.00,INR 46225.00,BRD-NSK
T011781,01/14/2021,,FERT_PURCHASE,Fertilizer,153 kg,INR 31.30,INR 4788.90,BRD-NSK
T011782,12/11/2020,F01310,I,Urea,263 kgs,INR 29.78,INR 7832.14,BRD-NSK
T011783,01/07/2021,F01310,FERT_PURCHASE,DAP,274 kg,INR 56.03,INR 15352.22,BRD-NSK
T011784,01/15/2021, F01310 ,input,DAP,76 kg,INR 39.16,INR 2976.16,BRD-NSK
T011785,04/02/2021,F01311,DELIVERY,Lokwan Wheat,1900 kg,INR 2620.00,INR 49780.00,BRD-NSK
T011786,12/27/2020,F01311,INPUT_PURCHASE,NPK 10:26:26,100 kgs,INR 40.64,INR 4064.00,BRD-NSK
T011787,04/18/2021,F01311,loan,Loan Repayment,,,INR 2600.00,BRD-NSK
T011788,12/28/2020,F01311,LOAN_REPAY,EMI,,,INR 7900.00,BRD-NSK
T011789,03/17/2021,F01312,Delivery,WHEAT,"4,471.00 kgs",INR 2365.00,INR 105739.15,BRD-NSK
T011790,05/10/2021,F01312,FPO_DELIVERY,Wheat (Durum),205 kg,INR 2365.00,INR 4848.25,BRD-NSK
T011791,03/31/2021,F01317,delivery,Wheat,678 kg,INR 2200.00,INR 14916.00,BRD-NSK
T011792,03/07/2021,F01317,FPO_DELIVERY,Lokwan Wheat,3792 kg,INR 2200.00,INR 83424.00,BRD-NSK
T011793,12/08/2020,F01317,Input Purchase,Urea,58 kgs,INR 33.42,INR 1938.36,BRD-NSK
T011794,12/31/2020,F01317,LOAN_REPAY,EMI,,,INR 2100.00,BRD-NSK
T011795,05/03/2021,F01319,DELIVERY,WHEAT,"4,048.00 kgs",INR 2305.00,INR 93306.40,BRD-NSK
T011796,01/14/2021,F01319,I,Fertilizer,318 kgs,INR 28.75,INR 9142.50,BRD-NSK
T011797,05/10/2021,F01319,loan,EMI,,,INR 1700.00,BRD-NSK
T011798,01/17/2021,F01319,Loan Repayment,Loan Repayment,,,INR 2000.00,BRD-NSK
T011799,04/17/2021,F01319,LOAN_REPAY,Loan Repayment,,,INR 1200.00,BRD-NSK
T011800,04/22/2021,F01320,Delivery,Wheat (Durum),"3,037.00 kgs",INR 2420.00,INR 73495.40,BRD-NSK
T011801,04/06/2021,F01320,D,wheat,70 kg,INR 2420.00,INR 1694.00,BRD-NSK
T011802,03/10/2021,F01320,Delivery,Lokwan Wheat,447 kg,INR 2420.00,INR 10817.40,BRD-NSK
T011803,12/02/2020,F01320,I,Fertilizer,67 kg,INR 36.19,INR 2424.73,BRD-NSK
T011804,01/01/2021, F01320 ,I,Urea,227 kgs,INR 28.71,INR 6517.17,BRD-NSK
T011805,03/25/2021,F01322,FPO_DELIVERY,wheat,"4,243.00 kgs",INR 2495.00,INR 105862.85,BRD-NSK
T011806,04/24/2021,F01324,DELIVERY,Wheat (Durum),2330 kg,INR 2465.00,INR 57434.50,BRD-NSK
T011807,04/24/2021,f01324,delivery,WHEAT,"3,136.00 kgs",INR 2465.00,INR 77302.40,BRD-NSK
T011808,12/19/2020,F01324,FERT_PURCHASE,DAP,156 kg,INR 38.71,INR 6038.76,BRD-NSK
T011809,01/09/2021,F01324,input,Bio-pesticide,73 kg,INR 362.23,INR 26442.79,BRD-NSK
T011810,12/20/2020,F01324,INPUT_PURCHASE,Hybrid Seeds,94 kg,INR 126.91,INR 11929.54,BRD-NSK
T011811,05/24/2021,F01324,Loan Repayment,EMI,,,INR 5800.00,BRD-NSK
T011812,12/23/2020,f01324,loan,EMI,,,INR 4300.00,BRD-NSK
T011813,05/13/2021,F01329,D,Wheat (Durum),"2,645.00 kgs",INR 2385.00,INR 63083.25,BRD-NSK
T011814,12/20/2020,F01329,Input Purchase,Fertilizer,319 kg,INR 43.56,INR 13895.64,BRD-NSK
T011815,05/01/2021,F01329,LOAN_REPAY,EMI,,,INR 3900.00,BRD-NSK
T011816,04/19/2021,F01330,Delivery,Wheat (Durum),1005 kg,INR 2330.00,INR 23416.50,BRD-NSK
T011817,04/14/2021,F01330,Delivery,wheat,274.00 kgs,INR 2330.00,INR 6384.20,BRD-NSK
T011818,12/23/2020,F01330,input,Hybrid Seeds,152 kg,INR 46.98,INR 7140.96,BRD-NSK
T011819,03/19/2021,F01331,FPO_DELIVERY,Lokwan Wheat,8434 kg,INR 2420.00,INR 204102.80,BRD-NSK
T011820,12/04/2020,f01331,Input Purchase,NPK 10:26:26,65 kgs,INR 39.77,INR 2585.05,BRD-NSK
T011821,01/02/2021,F01331,FERT_PURCHASE,Fertilizer,290 kgs,INR 35.49,INR 10292.10,BRD-NSK
T011822,03/24/2021,f01333,delivery,Lokwan Wheat,435 kg,INR 2320.00,INR 10092.00,BRD-NSK
T011823,04/30/2021,f01333,DELIVERY,WHEAT,"1,679.00 kgs",INR 2320.00,INR 38952.80,BRD-NSK
T011824,12/25/2020,F01333,INPUT_PURCHASE,PP chemicals,196 kgs,INR 224.63,INR 44027.48,BRD-NSK
T011825,12/20/2020, F01333 ,INPUT_PURCHASE,DAP,234 kgs,INR 35.19,INR 8234.46,BRD-NSK
T011826,01/10/2021,F01333,Input Purchase,DAP,254 kgs,INR 43.02,INR 10927.08,BRD-NSK
T011827,04/02/2021,F01338,DELIVERY,Wheat (Durum),125.00 kgs,INR 2460.00,INR 3075.00,BRD-NSK
T011828,03/04/2021,F01338,Delivery,Lokwan Wheat,247.00 kgs,INR 2460.00,INR 6076.20,BRD-NSK
T011829,03/06/2021,f01338,Delivery,wheat,"1,573.00 kgs",INR 2460.00,INR 38695.80,BRD-NSK
T011830,01/02/2021,F01338,FERT_PURCHASE,Urea,126 kg,INR 58.18,INR 7330.68,BRD-NSK
T011831,32/01/2022,F01338,Input Purchase,Fertilizer,91 kg,INR 30.80,INR 2802.80,BRD-NSK
T011832,03/11/2021,F01339,D,WHEAT,3666 kg,INR 2220.00,INR 81385.20,BRD-NSK
T011833,12/28/2020,F01339,INPUT_PURCHASE,Bio-pesticide,227 kgs,INR 269.82,INR 61249.14,BRD-NSK
T011834,12/31/2020,F01339,Input Purchase,PP chemicals,255 kg,INR 197.41,INR 50339.55,BRD-NSK
T011835,02/28/2021,F01339,loan,EMI,,,INR 5300.00,BRD-NSK
T011836,05/11/2021,F01339,Loan Repayment,Loan Repayment,,,INR 2000.00,BRD-NSK
T011837,03/04/2021,F01339,loan,Loan Repayment,,,INR 7000.00,BRD-NSK
T011838,03/08/2021,F01340,delivery,Wheat (Durum),"6,382.00 kgs",INR 2285.00,INR 145828.70,BRD-NSK
T011839,12/27/2020,F01340,INPUT_PURCHASE,PP chemicals,166 kg,INR 468.92,INR 77840.72,BRD-NSK
T011840,12/29/2020,F01340,I,FERTILIZER 50kg bag,304 kg,INR 52.55,INR 15975.20,BRD-NSK
T011841,04/06/2021,F01342,Delivery,wheat,1914 kg,INR 2300.00,INR 44022.00,BRD-NSK
T011842,04/03/2021,F01342,delivery,Wheat (Durum),"1,091.00 kgs",INR 2300.00,INR 25093.00,BRD-NSK
T011843,12/14/2020,F01342,I,PP chemicals,93 kgs,INR 397.07,INR 36927.51,BRD-NSK
T011844,04/16/2021,f01345,FPO_DELIVERY,Wheat,"1,316.00 kgs",INR 2405.00,INR 31649.80,BRD-NSK
T011845,05/08/2021,f01345,Delivery,wheat,"1,040.00 kgs",INR 2405.00,INR 25012.00,BRD-NSK
T011846,03/04/2021,F01347,FPO_DELIVERY,Wheat,1732 kg,INR 2390.00,INR 41394.80,BRD-NSK
T011847,04/18/2021,F01347,FPO_DELIVERY,Wheat,731 kg,INR 2390.00,INR 17470.90,BRD-NSK
T011848,12/22/2020,F01347,FERT_PURCHASE,Seeds,70 kgs,INR 84.09,INR 5886.30,BRD-NSK
T011849,03/07/2021,F01348,DELIVERY,Wheat,"1,667.00 kgs",INR 2600.00,INR 43342.00,BRD-NSK
T011850,03/08/2021,F01348,D,Lokwan Wheat,"1,708.00 kgs",INR 2600.00,INR 44408.00,BRD-NSK
T011851,12/03/2020,F01348,FERT_PURCHASE,Urea,238 kg,INR 47.27,INR 11250.26,BRD-NSK
T011852,12/29/2020, F01348 ,INPUT_PURCHASE,Hybrid Seeds,91 kg,INR 103.17,INR 9388.47,BRD-NSK
T011853,12/18/2020,f01348,Input Purchase,PP chemicals,64 kgs,INR 267.68,INR 17131.52,BRD-NSK
T011854,12/18/2020,F01348,INPUT_PURCHASE,Fertilizer,86 kg,INR 41.97,INR 3609.42,BRD-NSK
T011855,12/29/2020,F01348,FERT_PURCHASE,DAP,132 kgs,INR 46.50,INR 6138.00,BRD-NSK
T011856,03/13/2021,F01350,DELIVERY,WHEAT,1703 kg,INR 2340.00,INR 39850.20,BRD-NSK
T011857,12/15/2020,F01350,I,Hybrid Seeds,46 kg,INR 67.89,INR 3122.94,BRD-NSK
T011858,04/16/2021,F01352,DELIVERY,Wheat,1970 kg,INR 2450.00,INR 48265.00,BRD-NSK
T011859,04/08/2021,F01352,Delivery,Lokwan Wheat,1799 kg,INR 2450.00,INR 44075.50,BRD-NSK
T011860,12/12/2020,F01352,INPUT_PURCHASE,DAP,310 kg,INR 45.78,INR 14191.80,BRD-NSK
T011861,12/24/2020,f01352,INPUT_PURCHASE,Fertilizer,211 kg,INR 33.23,INR 7011.53,BRD-NSK
T011862,12/20/2020,F01352,I,SEEDS,70 kg,INR 87.73,INR 6141.10,BRD-NSK
T011863,04/27/2021,F01355,FPO_DELIVERY,Lokwan Wheat,743.00 kgs,INR 2230.00,INR 16568.90,BRD-NSK
T011864,05/15/2021,F01355,FPO_DELIVERY,Lokwan Wheat,876 kg,INR 2230.00,INR 19534.80,BRD-NSK
T011865,01/05/2021,F01355,Input Purchase,Hybrid Seeds,192 kgs,INR 102.39,INR 19658.88,BRD-NSK
T011866,04/03/2021,F01356,D,wheat,"1,102.00 kgs",INR 2275.00,INR 25070.50,BRD-NSK
T011867,03/04/2021,F01356,FPO_DELIVERY,Lokwan Wheat,593 kg,INR 2275.00,INR 13490.75,BRD-NSK
T011868,03/13/2021,F01360,DELIVERY,Wheat,"2,349.00 kgs",INR 2320.00,INR 54496.80,BRD-NSK
T011869,12/05/2020,F01360,FERT_PURCHASE,SEEDS,286 kgs,INR 119.38,INR 34142.68,BRD-NSK
T011870,03/17/2021,F01362,Delivery,Wheat (Durum),"2,514.00 kgs",INR 2320.00,INR 58324.80,BRD-NSK
T011871,04/28/2021,F01362,delivery,Wheat (Durum),4556 kg,INR 2320.00,INR 105699.20,BRD-NSK
T011872,12/30/2020,F01362,input,SEEDS,105 kgs,INR 46.64,INR 4897.20,BRD-NSK
T011873,12/07/2020,f01362,I,DAP,103 kg,INR 56.20,INR 5788.60,BRD-NSK
T011874,01/13/2021,F01362,input,FERTILIZER 50kg bag,295 kgs,INR 39.88,INR 11764.60,BRD-NSK
T011875,04/15/2021,F01364,FPO_DELIVERY,Wheat,1961 kg,INR 2315.00,INR 45397.15,BRD-NSK
T011876,03/09/2021,F01364,Delivery,WHEAT,"2,022.00 kgs",INR 2315.00,INR 46809.30,BRD-NSK
T011877,12/13/2020,F01364,input,Urea,57 kg,INR 47.47,INR 2705.79,BRD-NSK
T011878,04/11/2021,F01365,Delivery,Wheat (Durum),623.00 kgs,INR 2345.00,INR 14609.35,BRD-NSK
T011879,05/01/2021,f01365,delivery,wheat,578.00 kgs,INR 2345.00,INR 13554.10,BRD-NSK
T011880,12/07/2020,F01365,INPUT_PURCHASE,Seeds,260 kg,INR 123.45,INR 32097.00,BRD-NSK
T011881,01/05/2021,F01365,input,Urea,273 kgs,INR 32.78,INR 8948.94,BRD-NSK
T011882,03/28/2021,F01366,DELIVERY,Lokwan Wheat,1012 kg,INR 2465.00,INR 24945.80,BRD-NSK
T011883,03/25/2021,F01366,Delivery,WHEAT,"5,744.00 kgs",INR 2465.00,INR 141589.60,BRD-NSK
T011884,01/15/2021,f01366,FERT_PURCHASE,FERTILIZER 50kg bag,245 kgs,INR 34.35,INR 8415.75,BRD-NSK
T011885,04/07/2021,F01369,D,WHEAT,1486 kg,INR 2345.00,INR 34846.70,BRD-NSK
T011886,12/11/2020,f01369,I,NPK 10:26:26,267 kgs,INR 50.37,INR 13448.79,BRD-NSK
T011887,01/09/2021,F01369,INPUT_PURCHASE,Urea,45 kg,INR 52.74,INR 2373.30,BRD-NSK
T011888,12/01/2020,F01369,FERT_PURCHASE,Fertilizer,26 kgs,INR 55.91,INR 1453.66,BRD-NSK
T011889,12/21/2020,F01369,Input Purchase,DAP,91 kgs,INR 40.36,INR 3672.76,BRD-NSK
T011890,01/04/2021,F01369,Input Purchase,Seeds,265 kgs,INR 109.66,INR 29059.90,BRD-NSK
T011891,03/17/2021,F01370,delivery,Lokwan Wheat,6438 kg,INR 2200.00,INR 141636.00,BRD-NSK
T011892,12/28/2020,F01370,FERT_PURCHASE,NPK 10:26:26,36 kgs,INR 28.33,INR 1019.88,BRD-NSK
T011893,01/01/2021,F01370,Input Purchase,FERTILIZER 50kg bag,33 kgs,INR 53.74,INR 1773.42,BRD-NSK
T011894,01/08/2021,f01370,Input Purchase,Fertilizer,242 kgs,INR 37.38,INR 9045.96,BRD-NSK
T011895,12/18/2020,F01370,INPUT_PURCHASE,FERTILIZER 50kg bag,25 kg,INR 50.24,INR 1256.00,BRD-NSK
T011896,01/03/2021,F01370,INPUT_PURCHASE,NPK 10:26:26,199 kg,INR 30.39,INR 6047.61,BRD-NSK
T011897,05/07/2021,F01374,FPO_DELIVERY,Lokwan Wheat,540.00 kgs,INR 2370.00,INR 12798.00,BRD-NSK
T011898,04/19/2021,F01374,FPO_DELIVERY,WHEAT,2428 kg,INR 2370.00,INR 57543.60,BRD-NSK
T011899,12/07/2020, F01374 ,Input Purchase,FERTILIZER 50kg bag,317 kg,INR 40.25,INR 12759.25,BRD-NSK
T011900,01/05/2021,F01374,INPUT_PURCHASE,NPK 10:26:26,254 kgs,INR 40.97,INR 10406.38,BRD-NSK
T011901,12/30/2020,F01374,I,Bio-pesticide,311 kgs,INR 124.70,INR 38781.70,BRD-NSK
T011902,03/15/2021,F01376,DELIVERY,WHEAT,233.00 kgs,INR 2320.00,INR 5405.60,BRD-NSK
T011903,03/28/2021,F01376,DELIVERY,WHEAT,1673 kg,INR 2320.00,INR 38813.60,BRD-NSK
T011904,12/01/2020,F01376,input,FERTILIZER 50kg bag,151 kg,INR 57.43,INR 8671.93,BRD-NSK
T011905,02/24/2021,F01376,loan,EMI,,,INR 4700.00,BRD-NSK
T011906,04/13/2021,F01378,Delivery,Wheat,5493 kg,INR 2445.00,INR 134303.85,BRD-NSK
T011907,01/15/2021,F01378,Input Purchase,Urea,144 kgs,INR 52.56,INR 7568.64,BRD-NSK
T011908,12/25/2020,F01378,INPUT_PURCHASE,FERTILIZER 50kg bag,204 kg,INR 40.73,INR 8308.92,BRD-NSK
T011909,05/06/2021,f01378,L,EMI,,,INR 4100.00,BRD-NSK
T011910,05/24/2021,F01378,L,EMI,,,INR 4700.00,BRD-NSK
T011911,04/18/2021, F01378 ,loan,EMI,,,INR 3800.00,BRD-NSK
T011912,03/02/2021,F01379,delivery,wheat,1957 kg,INR 2355.00,INR 46087.35,BRD-NSK
T011913,05/03/2021,f01379,FPO_DELIVERY,wheat,704 kg,INR 2355.00,INR 16579.20,BRD-NSK
T011914,01/03/2021,F01379,I,Bio-pesticide,206 kg,INR 407.71,INR 83988.26,BRD-NSK
T011915,03/22/2021,F01379,loan,EMI,,,INR 4000.00,BRD-NSK
T011916,01/28/2021,F01379,LOAN_REPAY,EMI,,,INR 7400.00,BRD-NSK
T011917,02/04/2021, F01379 ,LOAN_REPAY,Loan Repayment,,,INR 2900.00,BRD-NSK
T011918,02/08/2021,F01379,L,Loan Repayment,,,INR 2800.00,BRD-NSK
T011919,04/15/2021,F01380,delivery,Wheat,"1,294.00 kgs",INR 2435.00,INR 31508.90,BRD-NSK
T011920,04/14/2021,F01380,delivery,Wheat,866.00 kgs,INR 2435.00,INR 21087.10,BRD-NSK
T011921,04/10/2021,F01382,Delivery,Lokwan Wheat,3444 kg,INR 2415.00,INR 83172.60,BRD-NSK
T011922,03/04/2021, F01382 ,Delivery,WHEAT,846.00 kgs,INR 2415.00,INR 20430.90,BRD-NSK
T011923,12/06/2020,F01382,I,SEEDS,149 kg,INR 54.40,INR 8105.60,BRD-NSK
T011924,03/22/2021,F01382,LOAN_REPAY,Loan Repayment,,,INR 5500.00,BRD-NSK
T011925,12/12/2020,f01382,LOAN_REPAY,EMI,,,INR 7200.00,BRD-NSK
T011926,05/03/2021,F01384,FPO_DELIVERY,Wheat,5408 kg,INR 2435.00,INR 131684.80,BRD-NSK
T011927,12/14/2020,F01384,I,PP chemicals,34 kg,INR 553.30,INR 18812.20,BRD-NSK
T011928,12/25/2020,f01384,INPUT_PURCHASE,Urea,168 kgs,INR 32.81,INR 5512.08,BRD-NSK
T011929,12/25/2020,F01384,FERT_PURCHASE,FERTILIZER 50kg bag,305 kg,INR 58.21,INR 17754.05,BRD-NSK
T011930,03/15/2021,F01385,DELIVERY,Lokwan Wheat,1196 kg,INR 2335.00,INR 27926.60,BRD-NSK
T011931,12/20/2020,F01385,FERT_PURCHASE,PPC,159 kgs,INR 207.40,INR 32976.60,BRD-NSK
T011932,03/26/2021,F01386,D,Lokwan Wheat,"3,933.00 kgs",INR 2380.00,INR 93605.40,BRD-NSK
T011933,05/15/2021,F01390,FPO_DELIVERY,Wheat,28 kg,INR 2335.00,INR 653.80,BRD-NSK
T011934,03/19/2021,F01390,Delivery,wheat,1750 kg,INR 2335.00,INR 40862.50,BRD-NSK
T011935,12/28/2020,F01390,Input Purchase,FERTILIZER 50kg bag,113 kg,INR 29.36,INR 3317.68,BRD-NSK
T011936,01/01/2021,F01390,FERT_PURCHASE,Fertilizer,147 kg,INR 46.12,INR 6779.64,BRD-NSK
T011937,04/11/2021, F01391 ,D,wheat,818.00 kgs,INR 2295.00,INR 18773.10,BRD-NSK
T011938,03/14/2021,F01391,Delivery,Wheat,"1,957.00 kgs",INR 2295.00,INR 44913.15,BRD-NSK
T011939,12/06/2020,F01391,FERT_PURCHASE,Fertilizer,118 kg,INR 46.72,INR 5512.96,BRD-NSK
T011940,05/02/2021, F01393 ,Delivery,Wheat,2740 kg,INR 2295.00,INR 62883.00,BRD-NSK
T011941,12/26/2020,f01393,FERT_PURCHASE,Urea,160 kg,INR 56.03,INR 8964.80,BRD-NSK
T011942,01/12/2021,F01393,Loan Repayment,Loan Repayment,,,INR 3400.00,BRD-NSK
T011943,04/29/2021,F01394,DELIVERY,WHEAT,1400 kg,INR 2210.00,INR 30940.00,BRD-NSK
T011944,05/11/2021,F01394,FPO_DELIVERY,WHEAT,"5,464.00 kgs",INR 2210.00,INR 120754.40,BRD-NSK
T011945,12/04/2020,F01394,INPUT_PURCHASE,DAP,260 kgs,INR 39.03,INR 10147.80,BRD-NSK
T011946,03/27/2021,F01395,Delivery,Wheat (Durum),1029 kg,INR 2255.00,INR 23203.95,BRD-NSK
T011947,01/03/2021,F01395,Input Purchase,NPK 10:26:26,111 kg,INR 59.38,INR 6591.18,BRD-NSK
T011948,01/01/2021,F01395,FERT_PURCHASE,FERTILIZER 50kg bag,113 kg,INR 55.64,INR 6287.32,BRD-NSK
T011949,05/06/2021,f01395,L,Loan Repayment,,,INR 6800.00,BRD-NSK
T011950,03/03/2021,F01396,Delivery,WHEAT,5499 kg,INR 2525.00,INR 138849.75,BRD-NSK
T011951,12/15/2020,f01396,I,PP chemicals,155 kg,INR 592.52,INR 91840.60,BRD-NSK
T011952,12/26/2020,F01396,INPUT_PURCHASE,FERTILIZER 50kg bag,159 kg,INR 41.88,INR 6658.92,BRD-NSK
T011953,12/09/2020,F01396,I,Seeds,279 kg,INR 114.61,INR 31976.19,BRD-NSK
T011954,05/14/2021,f01398,D,WHEAT,1925 kg,INR 2585.00,INR 49761.25,BRD-NSK
T011955,03/19/2021,F01398,FPO_DELIVERY,Wheat,"1,319.00 kgs",INR 2585.00,INR 34096.15,BRD-NSK
T011956,04/30/2021,F01400,DELIVERY,Wheat (Durum),6049 kg,INR 2440.00,INR 147595.60,BRD-NSK
T011957,12/13/2020,F01400,input,Urea,196 kg,INR 40.74,INR 7985.04,BRD-NSK
T011958,12/29/2020,F01400,FERT_PURCHASE,DAP,291 kg,INR 36.73,INR 10688.43,BRD-NSK
T011959,12/18/2020,F01400,I,DAP,55 kg,INR 48.18,INR 2649.90,BRD-NSK
T011960,03/15/2021,F01401,Delivery,Wheat,,INR 2320.00,INR 87510.40,BRD-NSK
T011961,12/18/2020,f01401,INPUT_PURCHASE,DAP,266 kg,INR 40.69,INR 10823.54,BRD-NSK
T011962,01/15/2021,F01401,INPUT_PURCHASE,PP chemicals,224 kgs,INR 370.29,INR 82944.96,BRD-NSK
T011963,04/18/2021,F01403,Delivery,Wheat,556 kg,INR 2310.00,INR 12843.60,BRD-NSK
T011964,04/21/2021,F01403,D,WHEAT,320 kg,INR 2310.00,INR 7392.00,BRD-NSK
T011965,12/03/2020,F01403,FERT_PURCHASE,SEEDS,30 kgs,INR 75.33,INR 2259.90,BRD-NSK
T011966,04/11/2021,F01404,Delivery,Lokwan Wheat,403.00 kgs,INR 2335.00,INR 9410.05,BRD-NSK
T011967,04/22/2021,F01404,FPO_DELIVERY,Lokwan Wheat,2600 kg,INR 2335.00,INR 60710.00,BRD-NSK
T011968,01/09/2021,F01404,I,PP chemicals,92 kgs,INR 329.25,INR 30291.00,BRD-NSK
T011969,12/20/2020, F01404 ,Input Purchase,Fertilizer,200 kg,INR 59.69,INR 11938.00,BRD-NSK
T011970,03/27/2021,F01408,DELIVERY,WHEAT,2818 kg,INR 2445.00,INR 68900.10,BRD-NSK
T011971,12/10/2020,F01408,FERT_PURCHASE,DAP,216 kg,INR 53.04,INR 11456.64,BRD-NSK
T011972,32/01/2022,F01409,delivery,WHEAT,"5,260.00 kgs",INR 2355.00,INR 123873.00,BRD-NSK
T011973,01/14/2021,F01409,I,NPK 10:26:26,299 kg,INR 31.78,INR 9502.22,BRD-NSK
T011974,01/15/2021,F01409,INPUT_PURCHASE,NPK 10:26:26,102 kg,INR 59.26,INR 6044.52,BRD-NSK
T011975,12/21/2020,F01409,input,FERTILIZER 50kg bag,107 kg,INR 32.76,INR 3505.32,BRD-NSK
T011976,04/28/2021,F01412,D,Wheat (Durum),5870 kg,INR 2435.00,INR 142934.50,BRD-NSK
T011977,12/08/2020,f01412,Input Purchase,Fertilizer,114 kgs,INR 31.81,INR 3626.34,BRD-NSK
T011978,12/16/2020,F01412,input,Hybrid Seeds,188 kg,INR 84.85,INR 15951.80,BRD-NSK
T011979,04/03/2021,F01412,LOAN_REPAY,EMI,,,INR 7200.00,BRD-NSK
T011980,03/30/2021,F01414,FPO_DELIVERY,wheat,218.00 kgs,INR 2285.00,INR 4981.30,BRD-NSK
T011981,04/07/2021,F01414,D,wheat,955 kg,INR 2285.00,INR 21821.75,BRD-NSK
T011982,04/19/2021,F01414,delivery,Wheat (Durum),1790 kg,INR 2285.00,INR 40901.50,BRD-NSK
T011983,01/05/2021,F01414,input,PPC,207 kgs,INR 630.59,INR 130532.13,BRD-NSK
T011984,03/17/2021,f01417,D,WHEAT,245.00 kgs,INR 2475.00,INR 6063.75,BRD-NSK
T011985,04/19/2021,F01417,delivery,Wheat,"1,991.00 kgs",INR 2475.00,INR 49277.25,BRD-NSK
T011986,05/03/2021,F01417,D,Wheat (Durum),1456 kg,INR 2475.00,INR 36036.00,BRD-NSK
T011987,12/28/2020,F01417,FERT_PURCHASE,Fertilizer,124 kgs,INR 54.80,INR 6795.20,BRD-NSK
T011988,03/24/2021,F01419,Delivery,wheat,268.00 kgs,INR 2465.00,INR 6606.20,BRD-NSK
T011989,03/25/2021,F01419,delivery,Lokwan Wheat,"2,252.00 kgs",INR 2465.00,INR 55511.80,BRD-NSK
T011990,12/17/2020,F01419,FERT_PURCHASE,NPK 10:26:26,301 kgs,INR 42.70,INR 12852.70,BRD-NSK
T011991,01/08/2021,F01419,I,Fertilizer,108 kgs,INR 59.62,INR 6438.96,BRD-NSK
T011992,12/07/2020,f01419,Input Purchase,DAP,51 kg,INR 32.60,INR 1662.60,BRD-NSK
T011993,01/10/2021,f01419,INPUT_PURCHASE,Seeds,51 kg,INR 45.16,INR 2303.16,BRD-NSK
T011994,05/04/2021,F01420,delivery,WHEAT,3684 kg,INR 2195.00,INR 80863.80,BRD-NSK
T011995,04/06/2021,F01420,D,WHEAT,"1,051.00 kgs",INR 2195.00,INR 23069.45,BRD-NSK
T011996,05/06/2021,F01424,D,Wheat,5239 kg,INR 2360.00,INR 123640.40,BRD-NSK
T011997,05/13/2021,F01425,FPO_DELIVERY,Wheat,"2,329.00 kgs",INR 2500.00,INR 58225.00,BRD-NSK
T011998,12/04/2020,F01425,I,SEEDS,197 kg,INR 88.31,INR 17397.07,BRD-NSK
T011999,03/27/2021,F01428,Delivery,Wheat (Durum),2783 kg,INR 2360.00,INR 65678.80,BRD-NSK
T012000,12/06/2020,f01428,input,FERTILIZER 50kg bag,290 kgs,INR 50.42,INR 14621.80,BRD-NSK
T012001,03/27/2021, F01430 ,DELIVERY,Lokwan Wheat,3928 kg,INR 2515.00,INR 98789.20,BRD-NSK
T012002,01/13/2021,f01430,input,Hybrid Seeds,178 kgs,INR 58.09,INR 10340.02,BRD-NSK
T012003,12/16/2020,F01430,INPUT_PURCHASE,DAP,184 kg,INR 56.72,INR 10436.48,BRD-NSK
T012004,01/11/2021,F01430,input,Urea,129 kgs,INR 38.13,INR 4918.77,BRD-NSK
T012005,04/26/2021,F01431,DELIVERY,Wheat,3078 kg,INR 2220.00,INR 68331.60,BRD-NSK
T012006,01/06/2021,F01431,Input Purchase,PP chemicals,140 kg,INR 411.07,INR 57549.80,BRD-NSK
T012007,12/02/2020, F01431 ,input,Urea,251 kg,INR 55.94,INR 14040.94,BRD-NSK
T012008,12/21/2020,F01431,Input Purchase,NPK 10:26:26,317 kgs,INR 58.78,INR 18633.26,BRD-NSK
T012009,03/07/2021,F01432,FPO_DELIVERY,Wheat (Durum),"2,359.00 kgs",INR 2430.00,INR 57323.70,BRD-NSK
T012010,04/22/2021,F01432,DELIVERY,Wheat,205.00 kgs,INR 2430.00,INR 4981.50,BRD-NSK
T012011,12/25/2020,F01432,input,Urea,179 kgs,INR 53.83,INR 9635.57,BRD-NSK
T012012,01/05/2021,F01432,input,Seeds,216 kg,INR 100.03,INR 21606.48,BRD-NSK
T012013,12/02/2020, F01432 ,input,DAP,189 kgs,INR 40.38,INR 7631.82,BRD-NSK
T012014,05/04/2021,f01433,delivery,Lokwan Wheat,172.00 kgs,INR 2305.00,INR 3964.60,BRD-NSK
T012015,03/12/2021,F01433,FPO_DELIVERY,Wheat,776.00 kgs,INR 2305.00,INR 17886.80,BRD-NSK
T012016,05/02/2021,F01433,Delivery,Lokwan Wheat,1124 kg,INR 2305.00,INR 25908.20,BRD-NSK
T012017,03/01/2021,f01441,Delivery,Wheat,"3,331.00 kgs",INR 2330.00,INR 77612.30,BRD-NSK
T012018,01/05/2021,F01441,FERT_PURCHASE,Fertilizer,206 kgs,INR 55.62,INR 11457.72,BRD-NSK
T012019,12/29/2020,f01441,Loan Repayment,EMI,,,INR 1200.00,BRD-NSK
T012020,03/23/2021,F01447,delivery,WHEAT,3041 kg,INR 2295.00,INR 69790.95,BRD-NSK
T012021,12/29/2020,F01447,I,FERTILIZER 50kg bag,88 kgs,INR 49.00,INR 4312.00,BRD-NSK
T012022,05/12/2021,F01448,FPO_DELIVERY,Wheat (Durum),4464 kg,INR 2300.00,INR 102672.00,BRD-NSK
T012023,04/22/2021,F01448,delivery,WHEAT,309.00 kgs,INR 2300.00,INR 7107.00,BRD-NSK
T012024,32/01/2022,F01448,Input Purchase,FERTILIZER 50kg bag,121 kgs,INR 51.02,INR 6173.42,BRD-NSK
T012025,12/09/2020,F01448,INPUT_PURCHASE,Bio-pesticide,301 kg,INR 143.71,INR 43256.71,BRD-NSK
T012026,12/16/2020,F01448,I,Hybrid Seeds,94 kg,INR 90.26,INR 8484.44,BRD-NSK
T012027,04/08/2021,F01450,D,wheat,"4,358.00 kgs",INR 2340.00,INR 101977.20,BRD-NSK
T012028,03/06/2021,F01450,FPO_DELIVERY,WHEAT,226.00 kgs,INR 2340.00,INR 5288.40,BRD-NSK
T012029,12/12/2020,F01450,FERT_PURCHASE,NPK 10:26:26,27 kgs,INR 51.80,INR 1398.60,BRD-NSK
T012030,12/20/2020,F01450,FERT_PURCHASE,Bio-pesticide,302 kg,INR 428.10,INR 129286.20,BRD-NSK
T012031,01/08/2021,F01450,Input Purchase,DAP,257 kgs,INR 34.15,INR 8776.55,BRD-NSK
T012032,02/01/2021,f01450,Loan Repayment,EMI,,,INR 3400.00,BRD-NSK
T012033,02/17/2021,f01450,L,EMI,,,INR 4100.00,BRD-NSK
T012034,04/06/2021,f01453,Delivery,Wheat,"3,245.00 kgs",INR 2390.00,INR 77555.50,BRD-NSK
T012035,03/22/2021,F01453,DELIVERY,Lokwan Wheat,"3,679.00 kgs",INR 2390.00,INR 87928.10,BRD-NSK
T012036,12/15/2020,F01453,FERT_PURCHASE,SEEDS,207 kg,INR 119.13,INR 24659.91,BRD-NSK
T012037,12/24/2020,F01453,I,NPK 10:26:26,134 kg,INR 58.72,INR 7868.48,BRD-NSK
T012038,01/29/2021,F01453,loan,Loan Repayment,,,INR 3400.00,BRD-NSK
T012039,04/14/2021,F01457,delivery,WHEAT,"1,658.00 kgs",INR 2345.00,INR 38880.10,BRD-NSK
T012040,04/21/2021,F01457,FPO_DELIVERY,Wheat (Durum),294 kg,INR 2345.00,INR 6894.30,BRD-NSK
T012041,12/22/2020,F01457,Input Purchase,Urea,63 kg,INR 34.93,INR 2200.59,BRD-NSK
T012042,01/03/2021,f01457,input,SEEDS,269 kgs,INR 88.92,INR 23919.48,BRD-NSK
T013564,04/02/2021, F02237 ,FPO_DELIVERY,WHEAT,2079 kg,INR 2435.00,INR 50623.65,BRD-NSK
T013565,03/24/2021,f02237,DELIVERY,wheat,9848 kg,INR 2435.00,INR 239798.80,BRD-NSK
T013566,12/31/2020,F02237,input,Fertilizer,146 kgs,INR 55.03,INR 8034.38,BRD-NSK
T013571,04/16/2021,F02241,D,Wheat (Durum),"6,452.00 kgs",INR 2330.00,INR 150331.60,BRD-NSK
T013572,12/10/2020,F02241,INPUT_PURCHASE,Urea,271 kg,INR 31.84,INR 8628.64,BRD-NSK
T013573,01/09/2021,F02241,LOAN_REPAY,EMI,,,INR 1100.00,BRD-NSK
T013574,01/05/2021,F02241,Loan Repayment,EMI,,,INR 4400.00,BRD-NSK
T013575,03/12/2021,F02241,L,Loan Repayment,,,INR 4000.00,BRD-NSK
T013576,04/23/2021,F02241,L,Loan Repayment,,,INR 7900.00,BRD-NSK
T013597,03/18/2021,f02248,D,Wheat (Durum),"1,262.00 kgs",INR 2415.00,INR 30477.30,BRD-NSK
T013598,03/24/2021,F02248,FPO_DELIVERY,wheat,"2,653.00 kgs",INR 2415.00,INR 64069.95,BRD-NSK
T013599,12/22/2020,F02248,input,NPK 10:26:26,130 kg,INR 42.67,INR 5547.10,BRD-NSK
T013600,12/30/2020,F02248,FERT_PURCHASE,Bio-pesticide,131 kg,INR 239.95,INR 31433.45,BRD-NSK
T013614,04/24/2021,F02260,delivery,Wheat (Durum),393.00 kgs,INR 2440.00,INR 9589.20,BRD-NSK
T013615,04/07/2021,F02260,DELIVERY,wheat,931.00 kgs,INR 2440.00,INR 22716.40,BRD-NSK
T013616,12/19/2020,F02260,INPUT_PURCHASE,Hybrid Seeds,112 kgs,INR 46.96,INR 5259.52,BRD-NSK
T013617,01/25/2021,F02260,loan,Loan Repayment,,,INR 4800.00,BRD-NSK
T013618,03/04/2021,F02260,loan,Loan Repayment,,,INR 5500.00,BRD-NSK
T013677,05/06/2021,F02287,D,wheat,"2,377.00 kgs",INR 2420.00,INR 57523.40,BRD-NSK
T013678,12/06/2020,F02287,Input Purchase,DAP,311 kgs,INR 28.38,INR 8826.18,BRD-NSK
T013679,12/25/2020, F02287 ,input,DAP,274 kgs,INR 47.11,INR 12908.14,BRD-NSK
T013680,12/26/2020,F02287,I,Seeds,301 kg,INR 87.83,INR 26436.83,BRD-NSK
T013692,05/01/2021,F02294,delivery,Lokwan Wheat,2378 kg,INR 2340.00,INR 55645.20,BRD-NSK
T013693,05/15/2021,F02294,DELIVERY,wheat,4628 kg,INR 2340.00,INR 108295.20,BRD-NSK
T013694,03/05/2021,F02294,loan,Loan Repayment,,,INR 1300.00,BRD-NSK
T013717,03/27/2021,F02303,Delivery,Wheat,939 kg,INR 2585.00,INR 24273.15,BRD-NSK
T013718,05/14/2021,F02303,DELIVERY,Wheat,665.00 kgs,INR 2585.00,INR 17190.25,BRD-NSK
T013719,12/19/2020, F02303 ,Input Purchase,PPC,141 kgs,INR 561.16,INR 79123.56,BRD-NSK
T013730,05/10/2021,F02306,D,Wheat,"1,240.00 kgs",INR 2435.00,INR 30194.00,BRD-NSK
T013761,04/12/2021,F02317,Delivery,Wheat,2933 kg,INR 2370.00,INR 69512.10,BRD-NSK
T013762,05/03/2021,f02317,D,Wheat (Durum),2804 kg,INR 2370.00,INR 66454.80,BRD-NSK
T013763,01/07/2021,F02317,L,EMI,,,INR 2000.00,BRD-NSK
T013764,05/27/2021,F02317,LOAN_REPAY,Loan Repayment,,,INR 3200.00,BRD-NSK
T013765,03/13/2021,F02317,LOAN_REPAY,EMI,,,INR 1500.00,BRD-NSK
T013766,02/06/2021,F02317,LOAN_REPAY,Loan Repayment,,,INR 7700.00,BRD-NSK
T013774,03/15/2021,F02322,FPO_DELIVERY,Wheat (Durum),"4,196.00 kgs",INR 2415.00,INR 101333.40,BRD-NSK
T013775,05/02/2021,F02322,D,Lokwan Wheat,1586 kg,INR 2415.00,INR 38301.90,BRD-NSK
T013776,12/12/2020,f02322,Input Purchase,DAP,307 kgs,INR 36.32,INR 11150.24,BRD-NSK
T013777,12/26/2020,F02322,input,PP chemicals,281 kgs,INR 551.66,INR 155016.46,BRD-NSK
T013778,01/09/2021,F02322,FERT_PURCHASE,DAP,166 kg,INR 52.59,INR 8729.94,BRD-NSK
T013779,12/26/2020,F02322,INPUT_PURCHASE,Fertilizer,71 kg,INR 40.01,INR 2840.71,BRD-NSK
T013798,05/15/2021,F02328,delivery,Lokwan Wheat,7816 kg,INR 2335.00,INR 182503.60,BRD-NSK
T013882,04/16/2021,F02357,Delivery,WHEAT,616.00 kgs,INR 2435.00,INR 14999.60,BRD-NSK
T013883,03/14/2021,F02357,FPO_DELIVERY,Lokwan Wheat,465.00 kgs,INR 2435.00,INR 11322.75,BRD-NSK
T013884,01/15/2021,F02357,input,Hybrid Seeds,264 kgs,INR 77.10,INR 20354.40,BRD-NSK
T013891,03/11/2021,F02359,Delivery,Lokwan Wheat,"4,099.00 kgs",INR 2315.00,INR 94891.85,BRD-NSK
T013892,01/15/2021,F02359,FERT_PURCHASE,PP chemicals,131 kgs,INR 644.12,INR 84379.72,BRD-NSK
T013903,05/02/2021,F02363,Delivery,WHEAT,1124 kg,INR 2340.00,INR 26301.60,BRD-NSK
T013904,05/14/2021,F02363,delivery,Lokwan Wheat,1889 kg,INR 2340.00,INR 44202.60,BRD-NSK
T013905,04/07/2021,F02363,delivery,WHEAT,"3,472.00 kgs",INR 2340.00,INR 81244.80,BRD-NSK
T013906,12/10/2020,F02363,INPUT_PURCHASE,PPC,107 kg,INR 197.44,INR 21126.08,BRD-NSK
T013907,12/29/2020,F02363,I,Hybrid Seeds,236 kgs,INR 57.58,INR 13588.88,BRD-NSK
T013908,05/03/2021,f02363,L,EMI,,,INR 7000.00,BRD-NSK
T013909,02/15/2021,F02363,L,Loan Repayment,,,INR 7000.00,BRD-NSK
T013928,05/09/2021,F02371,D,wheat,"3,667.00 kgs",INR 2230.00,INR 81774.10,BRD-NSK
T013929,01/04/2021,F02371,input,NPK 10:26:26,27 kgs,INR 30.09,INR 812.43,BRD-NSK
T013930,01/05/2021,F02371,Input Purchase,SEEDS,167 kg,INR 124.09,INR 20723.03,BRD-NSK
T013931,12/05/2020,F02371,FERT_PURCHASE,FERTILIZER 50kg bag,242 kg,INR 48.71,INR 11787.82,BRD-NSK
T013932,12/01/2020,F02371,INPUT_PURCHASE,DAP,90 kgs,INR 43.52,INR 3916.80,BRD-NSK
T013933,02/27/2021,F02371,LOAN_REPAY,Loan Repayment,,,INR 7600.00,BRD-NSK
T013934,01/29/2021,F02371,loan,Loan Repayment,,,INR 5100.00,BRD-NSK
T014468,11/20/2021,F01301,Delivery,paddy,"2,711.00 kgs",INR 2370.00,INR 64250.70,BRD-NSK
T014469,08/03/2021,F01301,Loan Repayment,EMI,,,INR 4800.00,BRD-NSK
T014470,09/29/2021,f01301,Loan Repayment,Loan Repayment,,,INR 5800.00,BRD-NSK
T014471,10/15/2021,F01302,FPO_DELIVERY,Sona Masoori Paddy,1542 kg,INR 2435.00,INR 37547.70,BRD-NSK
T014472,11/24/2021,F01302,D,Sona Masoori Paddy,"1,430.00 kgs",INR 2435.00,INR 34820.50,BRD-NSK
T014473,11/25/2021,f01302,Loan Repayment,EMI,,,INR 5300.00,BRD-NSK
T014474,11/06/2021,F01302,Loan Repayment,EMI,,,INR 1000.00,BRD-NSK
T014475,11/28/2021,f01303,delivery,Paddy (Rainfed),1049 kg,INR 2440.00,INR 25595.60,BRD-NSK
T014476,06/21/2021,F01303,input,Hybrid Seeds,150 kgs,INR 106.41,INR 15961.50,BRD-NSK
T014477,11/15/2021,F01307,DELIVERY,Paddy,3127 kg,INR 2385.00,INR 74578.95,BRD-NSK
T014478,06/20/2021,F01307,I,NPK 10:26:26,104 kgs,INR 29.19,INR 3035.76,BRD-NSK
T014479,06/04/2021,F01307,input,PP chemicals,253 kg,INR 552.74,INR 139843.22,BRD-NSK
T014480,10/08/2021,F01307,LOAN_REPAY,EMI,,,INR 1500.00,BRD-NSK
T014481,11/19/2021,F01308,DELIVERY,Paddy (Rainfed),844.00 kgs,INR 2360.00,INR 19918.40,BRD-NSK
T014482,11/21/2021,F01308,delivery,Sona Masoori Paddy,"4,790.00 kgs",INR 2360.00,INR 113044.00,BRD-NSK
T014483,07/01/2021,F01308,FERT_PURCHASE,PP chemicals,233 kgs,INR 232.58,INR 54191.14,BRD-NSK
T014484,07/03/2021,F01308,input,Fertilizer,184 kg,INR 43.44,INR 7992.96,BRD-NSK
T014485,06/02/2021,F01308,INPUT_PURCHASE,SEEDS,151 kg,INR 104.53,INR 15784.03,BRD-NSK
T014486,11/11/2021,F01310,D,paddy,696.00 kgs,INR 2540.00,INR 17678.40,BRD-NSK
T014487,10/25/2021,F01311,delivery,paddy,"1,250.00 kgs",INR 2395.00,INR 29937.50,BRD-NSK
T014488,10/03/2021,F01311,DELIVERY,PADDY,581.00 kgs,INR 2395.00,INR 13914.95,BRD-NSK
T014489,07/27/2021,F01311,L,EMI,,,INR 7100.00,BRD-NSK
T014490,11/30/2021,F01312,FPO_DELIVERY,Paddy,"5,541.00 kgs",INR 2475.00,INR 137139.75,BRD-NSK
T014491,07/13/2021,F01312,Input Purchase,SEEDS,272 kgs,INR 65.76,INR 17886.72,BRD-NSK
T014492,06/10/2021,F01312,input,FERTILIZER 50kg bag,126 kg,INR 31.71,INR 3995.46,BRD-NSK
T014493,06/17/2021,F01312,input,Urea,243 kgs,INR 40.50,INR 9841.50,BRD-NSK
T014494,06/05/2021,F01312,INPUT_PURCHASE,FERTILIZER 50kg bag,127 kg,INR 49.16,INR 6243.32,BRD-NSK
T014495,10/18/2021,F01317,D,Paddy (Rainfed),1027 kg,INR 2365.00,INR 24288.55,BRD-NSK
T014496,10/31/2021,f01317,FPO_DELIVERY,Paddy (Rainfed),"4,013.00 kgs",INR 2365.00,INR 94907.45,BRD-NSK
T014497,10/17/2021,F01317,FPO_DELIVERY,paddy,380 kg,INR 2365.00,INR 8987.00,BRD-NSK
T014498,06/29/2021,F01317,Input Purchase,Hybrid Seeds,314 kgs,INR 53.76,INR 16880.64,BRD-NSK
T014499,07/02/2021,F01317,Input Purchase,NPK 10:26:26,157 kgs,INR 49.00,INR 7693.00,BRD-NSK
T014500,09/11/2021,F01317,Loan Repayment,Loan Repayment,,,INR 5500.00,BRD-NSK
T014501,10/03/2021,f01319,FPO_DELIVERY,Paddy,2338 kg,INR 2440.00,INR 57047.20,BRD-NSK
T014502,11/15/2021,F01319,delivery,PADDY,2827 kg,INR 2440.00,INR 68978.80,BRD-NSK
T014503,07/09/2021,F01319,FERT_PURCHASE,FERTILIZER 50kg bag,275 kg,INR 50.27,INR 13824.25,BRD-NSK
T014504,06/27/2021,F01319,Input Purchase,Bio-pesticide,183 kgs,INR 328.95,INR 60197.85,BRD-NSK
T014505,06/09/2021,F01319,FERT_PURCHASE,DAP,157 kgs,INR 28.44,INR 4465.08,BRD-NSK
T014506,06/12/2021,f01319,loan,Loan Repayment,,,INR 2300.00,BRD-NSK
T014507,09/25/2021,F01319,LOAN_REPAY,Loan Repayment,,,INR 2600.00,BRD-NSK
T014508,09/14/2021,F01319,L,EMI,,,INR 1900.00,BRD-NSK
T014509,10/14/2021,F01320,Delivery,PADDY,3830 kg,INR 2500.00,INR 95750.00,BRD-NSK
T014510,11/22/2021,F01322,Delivery,Sona Masoori Paddy,5218 kg,INR 2405.00,INR 125492.90,BRD-NSK
T014511,10/24/2021,F01324,delivery,paddy,"6,359.00 kgs",INR 2240.00,INR 142441.60,BRD-NSK
T014512,07/10/2021,F01324,INPUT_PURCHASE,DAP,51 kgs,INR 42.94,INR 2189.94,BRD-NSK
T014513,06/04/2021,F01324,FERT_PURCHASE,Bio-pesticide,60 kg,INR 619.32,INR 37159.20,BRD-NSK
T014514,09/03/2021,f01324,L,Loan Repayment,,,INR 3200.00,BRD-NSK
T014515,06/30/2021,F01324,loan,Loan Repayment,,,INR 5700.00,BRD-NSK
T014516,10/27/2021,F01329,delivery,Paddy (Rainfed),3251 kg,INR 2505.00,INR 81437.55,BRD-NSK
T014517,06/17/2021,F01329,input,FERTILIZER 50kg bag,112 kgs,INR 29.81,INR 3338.72,BRD-NSK
T014518,08/17/2021,F01329,L,Loan Repayment,,,INR 4900.00,BRD-NSK
T014519,09/03/2021,F01329,L,EMI,,,INR 6900.00,BRD-NSK
T014520,10/06/2021,f01330,DELIVERY,PADDY,39.00 kgs,INR 2400.00,INR 936.00,BRD-NSK
T014521,11/09/2021,f01330,FPO_DELIVERY,Paddy (Rainfed),38 kg,INR 2400.00,INR 912.00,BRD-NSK
T014522,10/20/2021,F01330,DELIVERY,PADDY,488 kg,INR 2400.00,INR 11712.00,BRD-NSK
T014523,07/07/2021, F01330 ,INPUT_PURCHASE,DAP,181 kgs,INR 53.67,INR 9714.27,BRD-NSK
T014524,11/17/2021,F01331,delivery,Sona Masoori Paddy,"6,108.00 kgs",INR 2385.00,INR 145675.80,BRD-NSK
T014525,11/19/2021,F01331,Delivery,Paddy,297 kg,INR 2385.00,INR 7083.45,BRD-NSK
T014526,10/07/2021,F01331,DELIVERY,Paddy,"3,059.00 kgs",INR 2385.00,INR 72957.15,BRD-NSK
T014527,07/11/2021,F01331,I,PPC,80 kgs,INR 314.31,INR 25144.80,BRD-NSK
T014528,06/11/2021,F01331,FERT_PURCHASE,Seeds,102 kg,INR 117.99,INR 12034.98,BRD-NSK
T014529,07/10/2021,F01331,FERT_PURCHASE,Urea,65 kgs,INR 54.07,INR 3514.55,BRD-NSK
T014530,10/25/2021,F01333,DELIVERY,paddy,206 kg,INR 2405.00,INR 4954.30,BRD-NSK
T014531,11/11/2021, F01333 ,delivery,Paddy,734 kg,INR 2405.00,INR 17652.70,BRD-NSK
T014532,06/29/2021,F01333,L,EMI,,,INR 4600.00,BRD-NSK
T014533,08/22/2021,F01333,Loan Repayment,Loan Repayment,,,INR 6000.00,BRD-NSK
T014534,10/30/2021,F01340,D,Sona Masoori Paddy,6305 kg,INR 2430.00,INR 153211.50,BRD-NSK
T014535,06/09/2021,F01340,FERT_PURCHASE,Hybrid Seeds,270 kg,INR 92.29,INR 24918.30,BRD-NSK
T014536,10/02/2021,F01342,D,paddy,1125 kg,INR 2300.00,INR 25875.00,BRD-NSK
T014537,10/13/2021,F01342,Delivery,Paddy (Rainfed),4129 kg,INR 2300.00,INR 94967.00,BRD-NSK
T014538,06/22/2021,f01342,FERT_PURCHASE,PPC,124 kgs,INR 278.33,INR 34512.92,BRD-NSK
T014539,10/04/2021,F01347,DELIVERY,paddy,"1,424.00 kgs",INR 2395.00,INR 34104.80,BRD-NSK
T014540,10/02/2021,F01347,Delivery,PADDY,1640 kg,INR 2395.00,INR 39278.00,BRD-NSK
T014541,07/05/2021,F01347,INPUT_PURCHASE,NPK 10:26:26,281 kgs,INR 39.09,INR 10984.29,BRD-NSK
T014542,11/23/2021,f01348,Delivery,Sona Masoori Paddy,1815 kg,INR 2245.00,INR 40746.75,BRD-NSK
T014543,11/07/2021,F01348,delivery,paddy,407.00 kgs,INR 2245.00,INR 9137.15,BRD-NSK
T014544,11/27/2021,F01348,delivery,Sona Masoori Paddy,"1,867.00 kgs",INR 2245.00,INR 41914.15,BRD-NSK
T014545,06/03/2021,F01348,Input Purchase,Fertilizer,30 kgs,INR 33.53,INR 1005.90,BRD-NSK
T014546,06/29/2021,F01348,Input Purchase,FERTILIZER 50kg bag,204 kgs,INR 33.97,INR 6929.88,BRD-NSK
T014547,10/28/2021,F01350,D,Sona Masoori Paddy,1605 kg,INR 2290.00,INR 36754.50,BRD-NSK
T014548,10/31/2021,F01350,delivery,Sona Masoori Paddy,253.00 kgs,INR 2290.00,INR 5793.70,BRD-NSK
T014549,07/04/2021,F01350,Input Purchase,NPK 10:26:26,264 kg,INR 59.96,INR 15829.44,BRD-NSK
T014550,10/24/2021,f01352,DELIVERY,Paddy (Rainfed),347 kg,INR 2240.00,INR 7772.80,BRD-NSK
T014551,10/31/2021,F01352,FPO_DELIVERY,Paddy (Rainfed),"5,290.00 kgs",INR 2240.00,INR 118496.00,BRD-NSK
T014552,06/09/2021,F01352,FERT_PURCHASE,Urea,67 kgs,INR 28.90,INR 1936.30,BRD-NSK
T014553,11/02/2021,F01360,FPO_DELIVERY,Paddy,3250 kg,INR 2445.00,INR 79462.50,BRD-NSK
T014554,06/01/2021,F01360,INPUT_PURCHASE,DAP,229 kgs,INR 56.27,INR 12885.83,BRD-NSK
T014555,06/09/2021,F01360,input,PP chemicals,25 kg,INR 241.56,INR 6039.00,BRD-NSK
T014556,11/18/2021,F01362,Delivery,PADDY,853 kg,INR 2205.00,INR 18808.65,BRD-NSK
T014557,10/02/2021, F01362 ,delivery,paddy,6908 kg,INR 2205.00,INR 152321.40,BRD-NSK
T014558,07/11/2021,F01362,INPUT_PURCHASE,SEEDS,146 kg,INR 59.35,INR 8665.10,BRD-NSK
T014559,07/15/2021,F01362,I,FERTILIZER 50kg bag,285 kg,INR 55.15,INR 15717.75,BRD-NSK
T014560,10/20/2021,F01364,Delivery,Paddy,"5,333.00 kgs",INR 2490.00,INR 132791.70,BRD-NSK
T014561,06/20/2021,F01364,INPUT_PURCHASE,SEEDS,296 kgs,INR 60.05,INR 17774.80,BRD-NSK
T014562,11/20/2021,F01366,FPO_DELIVERY,Paddy,"7,111.00 kgs",INR 2435.00,INR 173152.85,BRD-NSK
T014563,07/14/2021,F01366,FERT_PURCHASE,Fertilizer,205 kgs,INR 54.68,INR 11209.40,BRD-NSK
T014564,06/03/2021,f01366,input,NPK 10:26:26,218 kg,INR 43.39,INR 9459.02,BRD-NSK
T014565,10/25/2021,F01369,DELIVERY,PADDY,482 kg,INR 2550.00,INR 12291.00,BRD-NSK
T014566,10/30/2021,F01369,DELIVERY,paddy,1366 kg,INR 2550.00,INR 34833.00,BRD-NSK
T014567,06/22/2021,F01369,input,Seeds,163 kg,INR 45.71,INR 7450.73,BRD-NSK
T014568,06/15/2021,F01369,Input Purchase,PP chemicals,115 kg,INR 684.54,INR 78722.10,BRD-NSK
T014569,07/06/2021,F01369,INPUT_PURCHASE,Fertilizer,27 kgs,INR 33.15,INR 895.05,BRD-NSK
T014570,06/03/2021,F01369,FERT_PURCHASE,PP chemicals,137 kgs,INR 503.28,INR 68949.36,BRD-NSK
T014571,10/30/2021,f01370,delivery,paddy,8014 kg,INR 2455.00,INR 196743.70,BRD-NSK
T014572,11/11/2021,F01370,D,Paddy (Rainfed),399 kg,INR 2455.00,INR 9795.45,BRD-NSK
T014573,06/11/2021,F01370,INPUT_PURCHASE,PP chemicals,223 kgs,INR 641.20,INR 142987.60,BRD-NSK
T014574,11/15/2021,f01374,D,paddy,"1,210.00 kgs",INR 2480.00,INR 30008.00,BRD-NSK
T014575,10/14/2021,f01374,delivery,PADDY,263.00 kgs,INR 2480.00,INR 6522.40,BRD-NSK
T014576,11/08/2021,F01376,Delivery,paddy,2272 kg,INR 2345.00,INR 53278.40,BRD-NSK
T014577,11/04/2021,f01376,DELIVERY,Sona Masoori Paddy,57.00 kgs,INR 2345.00,INR 1336.65,BRD-NSK
T014578,07/01/2021,F01376,INPUT_PURCHASE,Urea,100 kgs,INR 51.37,INR 5137.00,BRD-NSK
T014579,06/10/2021,F01376,I,SEEDS,66 kgs,INR 56.62,INR 3736.92,BRD-NSK
T014580,11/10/2021,F01376,LOAN_REPAY,Loan Repayment,,,INR 2200.00,BRD-NSK
T014581,11/14/2021,f01376,LOAN_REPAY,Loan Repayment,,,INR 4400.00,BRD-NSK
T014582,10/15/2021,F01378,delivery,PADDY,"7,331.00 kgs",INR 2470.00,INR 181075.70,BRD-NSK
T014583,06/20/2021,F01378,FERT_PURCHASE,PP chemicals,103 kg,INR 582.26,INR 59972.78,BRD-NSK
T014584,07/10/2021,F01378,Loan Repayment,EMI,,,INR 6900.00,BRD-NSK
T014585,07/05/2021,F01378,Loan Repayment,Loan Repayment,,,INR 4900.00,BRD-NSK
T014586,10/14/2021,F01379,DELIVERY,Paddy,267.00 kgs,INR 2395.00,INR 6394.65,BRD-NSK
T014587,11/03/2021,F01379,Delivery,paddy,3270 kg,INR 2395.00,INR 78316.50,BRD-NSK
T014588,06/09/2021,F01379,INPUT_PURCHASE,SEEDS,40 kg,INR 59.36,INR 2374.40,BRD-NSK
T014589,06/18/2021,F01379,input,DAP,48 kg,INR 37.63,INR 1806.24,BRD-NSK
T014590,06/24/2021,f01379,INPUT_PURCHASE,FERTILIZER 50kg bag,148 kg,INR 44.78,INR 6627.44,BRD-NSK
T014591,10/12/2021,F01380,DELIVERY,Paddy (Rainfed),1962 kg,INR 2305.00,INR 45224.10,BRD-NSK
T014592,06/03/2021,f01380,input,DAP,189 kg,INR 31.23,INR 5902.47,BRD-NSK
T014593,06/08/2021,F01380,FERT_PURCHASE,PP chemicals,271 kg,INR 634.24,INR 171879.04,BRD-NSK
T014594,06/27/2021,F01380,Input Purchase,Bio-pesticide,203 kgs,INR 132.10,INR 26816.30,BRD-NSK
T014595,11/23/2021,F01382,DELIVERY,Paddy,"2,520.00 kgs",INR 2440.00,INR 61488.00,BRD-NSK
T014596,10/21/2021,F01382,D,Paddy,3312 kg,INR 2440.00,INR 80812.80,BRD-NSK
T014597,06/14/2021,F01382,INPUT_PURCHASE,Urea,172 kg,INR 50.67,INR 8715.24,BRD-NSK
T014598,06/26/2021,F01382,INPUT_PURCHASE,Urea,300 kgs,INR 28.14,INR 8442.00,BRD-NSK
T014599,07/19/2021,F01382,Loan Repayment,Loan Repayment,,,INR 6500.00,BRD-NSK
T014600,10/07/2021,F01384,FPO_DELIVERY,PADDY,"5,437.00 kgs",INR 2435.00,INR 132390.95,BRD-NSK
T014601,10/30/2021,F01384,DELIVERY,Sona Masoori Paddy,148 kg,INR 2435.00,INR 3603.80,BRD-NSK
T014602,06/19/2021,F01384,I,SEEDS,222 kg,INR 59.59,INR 13228.98,BRD-NSK
T014603,10/07/2021,F01385,D,paddy,1327 kg,INR 2350.00,INR 31184.50,BRD-NSK
T014604,06/24/2021,F01385,FERT_PURCHASE,NPK 10:26:26,78 kgs,INR 52.92,INR 4127.76,BRD-NSK
T014605,07/14/2021,f01385,Input Purchase,Seeds,142 kg,INR 92.02,INR 13066.84,BRD-NSK
T014606,10/27/2021,F01386,FPO_DELIVERY,Sona Masoori Paddy,4024 kg,INR 2440.00,INR 98185.60,BRD-NSK
T014607,07/12/2021,F01386,INPUT_PURCHASE,SEEDS,179 kgs,INR 62.39,INR 11167.81,BRD-NSK
T014608,06/17/2021,f01386,input,Hybrid Seeds,299 kg,INR 52.75,INR 15772.25,BRD-NSK
T014609,06/13/2021, F01386 ,I,Urea,83 kg,INR 43.98,INR 3650.34,BRD-NSK
T014610,11/13/2021,F01390,D,Sona Masoori Paddy,1538 kg,INR 2345.00,INR 36066.10,BRD-NSK
T014611,10/18/2021,F01390,FPO_DELIVERY,Paddy (Rainfed),545 kg,INR 2345.00,INR 12780.25,BRD-NSK
T014612,06/10/2021,f01390,Loan Repayment,Loan Repayment,,,INR 2200.00,BRD-NSK
T014613,07/13/2021,F01390,LOAN_REPAY,EMI,,,INR 2800.00,BRD-NSK
T014614,11/28/2021,F01391,FPO_DELIVERY,Paddy,83.00 kgs,INR 2470.00,INR 2050.10,BRD-NSK
T014615,11/04/2021,f01391,D,PADDY,3542 kg,INR 2470.00,INR 87487.40,BRD-NSK
T014616,06/13/2021,F01391,FERT_PURCHASE,Urea,102 kgs,INR 55.82,INR 5693.64,BRD-NSK
T014617,11/12/2021,F01393,Delivery,Paddy (Rainfed),301.00 kgs,INR 2505.00,INR 7540.05,BRD-NSK
T014618,11/04/2021,F01393,D,Sona Masoori Paddy,2801 kg,INR 2505.00,INR 70165.05,BRD-NSK
T014619,10/04/2021,f01393,FPO_DELIVERY,paddy,73.00 kgs,INR 2505.00,INR 1828.65,BRD-NSK
T014620,06/04/2021,F01393,LOAN_REPAY,EMI,,,INR 5100.00,BRD-NSK
T014621,11/21/2021,F01394,delivery,Paddy (Rainfed),"5,878.00 kgs",INR 2390.00,INR 140484.20,BRD-NSK
T014622,11/12/2021, F01395 ,D,paddy,"1,591.00 kgs",INR 2430.00,INR 38661.30,BRD-NSK
T014623,06/20/2021,f01395,INPUT_PURCHASE,PPC,250 kg,INR 178.12,INR 44530.00,BRD-NSK
T014624,06/15/2021,F01395,FERT_PURCHASE,DAP,97 kg,INR 56.45,INR 5475.65,BRD-NSK
T014625,07/08/2021,F01395,INPUT_PURCHASE,Urea,108 kgs,INR 33.54,INR 3622.32,BRD-NSK
T014626,07/15/2021,f01395,FERT_PURCHASE,NPK 10:26:26,217 kg,INR 48.62,INR 10550.54,BRD-NSK
T014627,06/10/2021,F01395,loan,Loan Repayment,,,INR 5400.00,BRD-NSK
T014628,10/29/2021,f01396,D,Sona Masoori Paddy,"7,868.00 kgs",INR 2565.00,INR 201814.20,BRD-NSK
T014629,07/02/2021,F01396,I,Fertilizer,278 kg,INR 54.68,INR 15201.04,BRD-NSK
T014630,06/06/2021,F01396,INPUT_PURCHASE,SEEDS,264 kgs,INR 46.22,INR 12202.08,BRD-NSK
T014631,06/06/2021,F01396,INPUT_PURCHASE,Hybrid Seeds,250 kg,INR 68.23,INR 17057.50,BRD-NSK
T014632,07/04/2021,f01396,Input Purchase,Bio-pesticide,134 kgs,INR 367.99,INR 49310.66,BRD-NSK
T014633,06/19/2021,F01396,FERT_PURCHASE,Bio-pesticide,231 kg,INR 595.74,INR 137615.94,BRD-NSK
T014634,06/21/2021,F01396,Input Purchase,Fertilizer,95 kg,INR 56.22,INR 5340.90,BRD-NSK
T014635,10/24/2021,f01398,DELIVERY,paddy,"4,730.00 kgs",INR 2455.00,INR 116121.50,BRD-NSK
T014636,10/07/2021,F01398,DELIVERY,PADDY,60 kg,INR 2455.00,INR 1473.00,BRD-NSK
T014637,06/22/2021,F01398,Input Purchase,Fertilizer,178 kg,INR 31.57,INR 5619.46,BRD-NSK
T014638,06/03/2021,F01398,input,Seeds,115 kg,INR 54.53,INR 6270.95,BRD-NSK
T014639,11/06/2021,F01400,Delivery,Paddy,"5,588.00 kgs",INR 2435.00,INR 136067.80,BRD-NSK
T014640,11/08/2021,F01400,delivery,Sona Masoori Paddy,1376 kg,INR 2435.00,INR 33505.60,BRD-NSK
T014641,10/28/2021,F01400,DELIVERY,Paddy,563 kg,INR 2435.00,INR 13709.05,BRD-NSK
T014642,06/05/2021,F01400,I,Hybrid Seeds,267 kg,INR 51.17,INR 13662.39,BRD-NSK
T014643,06/09/2021,F01400,input,SEEDS,173 kgs,INR 82.43,INR 14260.39,BRD-NSK
T014644,11/07/2021,F01401,D,PADDY,"2,655.00 kgs",INR 2495.00,INR 66242.25,BRD-NSK
T014645,11/11/2021,F01401,FPO_DELIVERY,paddy,372 kg,INR 2495.00,INR 9281.40,BRD-NSK
T014646,11/26/2021,F01401,DELIVERY,Paddy (Rainfed),652.00 kgs,INR 2495.00,INR 16267.40,BRD-NSK
T014647,07/03/2021,F01401,I,PP chemicals,196 kg,INR 391.48,INR 76730.08,BRD-NSK
T014648,07/05/2021,F01401,input,Fertilizer,179 kg,INR 54.55,INR 9764.45,BRD-NSK
T014649,10/19/2021,F01404,delivery,paddy,879 kg,INR 2440.00,INR 21447.60,BRD-NSK
T014650,10/09/2021,F01404,D,Paddy,"3,265.00 kgs",INR 2440.00,INR 79666.00,BRD-NSK
T014651,10/08/2021,F01408,delivery,Paddy (Rainfed),4238 kg,INR 2375.00,INR 100652.50,BRD-NSK
T014652,11/28/2021,F01409,FPO_DELIVERY,paddy,"1,035.00 kgs",INR 2500.00,INR 25875.00,BRD-NSK
T014653,11/17/2021,F01409,delivery,paddy,"5,905.00 kgs",INR 2500.00,INR 147625.00,BRD-NSK
T014654,07/15/2021,F01409,input,FERTILIZER 50kg bag,153 kgs,INR 33.78,INR 5168.34,BRD-NSK
T014655,10/18/2021,F01412,D,Paddy,7377 kg,INR 2240.00,INR 165244.80,BRD-NSK
T014656,07/26/2021,F01412,LOAN_REPAY,Loan Repayment,,,INR 5800.00,BRD-NSK
T014657,10/09/2021,F01412,LOAN_REPAY,Loan Repayment,,,INR 1900.00,BRD-NSK
T014658,10/04/2021,F01414,D,PADDY,3905 kg,INR 2470.00,INR 96453.50,BRD-NSK
T014659,06/27/2021,F01414,input,Fertilizer,70 kg,INR 58.45,INR 4091.50,BRD-NSK
T014660,06/25/2021,F01414,input,Bio-pesticide,312 kg,INR 559.91,INR 174691.92,BRD-NSK
T014661,11/21/2021,F01414,loan,EMI,,,INR 1300.00,BRD-NSK
T014662,08/26/2021,F01414,L,EMI,,,INR 4700.00,BRD-NSK
T014663,10/31/2021,f01417,delivery,Sona Masoori Paddy,"3,419.00 kgs",INR 2515.00,INR 85987.85,BRD-NSK
T014664,07/06/2021,F01417,FERT_PURCHASE,FERTILIZER 50kg bag,177 kgs,INR 41.49,INR 7343.73,BRD-NSK
T014665,10/26/2021,F01419,DELIVERY,Paddy (Rainfed),"2,582.00 kgs",INR 2380.00,INR 61451.60,BRD-NSK
T014666,11/04/2021,F01419,delivery,Paddy,1303 kg,INR 2380.00,INR 31011.40,BRD-NSK
T014667,06/11/2021,F01419,input,Fertilizer,91 kg,INR 31.51,INR 2867.41,BRD-NSK
T014668,07/15/2021, F01419 ,I,SEEDS,205 kg,INR 59.11,INR 12117.55,BRD-NSK
T014669,07/11/2021,F01419,I,NPK 10:26:26,156 kg,INR 38.59,INR 6020.04,BRD-NSK
T014670,09/06/2021,F01419,Loan Repayment,EMI,,,INR 5400.00,BRD-NSK
T014671,10/03/2021,F01420,FPO_DELIVERY,paddy,"4,306.00 kgs",INR 2325.00,INR 100114.50,BRD-NSK
T014672,07/14/2021,f01420,Input Purchase,DAP,97 kgs,INR 53.52,INR 5191.44,BRD-NSK
T014673,10/03/2021,F01424,Delivery,Sona Masoori Paddy,"6,715.00 kgs",INR 2285.00,INR 153437.75,BRD-NSK
T014674,10/24/2021,f01424,FPO_DELIVERY,Sona Masoori Paddy,124 kg,INR 2285.00,INR 2833.40,BRD-NSK
T014675,06/18/2021,F01424,I,PPC,237 kg,INR 498.65,INR 118180.05,BRD-NSK
T014676,10/07/2021,F01425,delivery,Paddy (Rainfed),2456 kg,INR 2255.00,INR 55382.80,BRD-NSK
T014677,06/21/2021,F01425,I,PP chemicals,223 kg,INR 409.88,INR 91403.24,BRD-NSK
T014678,06/28/2021,F01425,INPUT_PURCHASE,PP chemicals,88 kgs,INR 353.14,INR 31076.32,BRD-NSK
T014679,11/26/2021,F01428,DELIVERY,Paddy,3416 kg,INR 2390.00,INR 81642.40,BRD-NSK
T014680,11/05/2021,F01430,DELIVERY,paddy,2747 kg,INR 2355.00,INR 64691.85,BRD-NSK
T014681,10/29/2021,f01430,D,Paddy (Rainfed),"2,084.00 kgs",INR 2355.00,INR 49078.20,BRD-NSK
T014682,10/01/2021,f01431,delivery,Paddy,4025 kg,INR 2435.00,INR 98008.75,BRD-NSK
T014683,06/06/2021,F01431,input,NPK 10:26:26,265 kgs,INR 50.16,INR 13292.40,BRD-NSK
T014684,06/01/2021,F01431,Input Purchase,DAP,120 kgs,INR 32.91,INR 3949.20,BRD-NSK
T014685,06/16/2021,F01431,I,Urea,82 kgs,INR 58.86,INR 4826.52,BRD-NSK
T014686,09/23/2021,F01431,LOAN_REPAY,Loan Repayment,,,INR 3400.00,BRD-NSK
T014687,09/18/2021,F01431,loan,Loan Repayment,,,INR 4200.00,BRD-NSK
T014688,10/26/2021,F01432,delivery,paddy,2886 kg,INR 2290.00,INR 66089.40,BRD-NSK
T014689,06/21/2021,F01432,input,NPK 10:26:26,233 kgs,INR 45.26,INR 10545.58,BRD-NSK
T014690,07/11/2021,f01432,I,DAP,245 kg,INR 40.44,INR 9907.80,BRD-NSK
T014691,11/05/2021,F01433,DELIVERY,Paddy,554.00 kgs,INR 2180.00,INR 12077.20,BRD-NSK
T014692,10/26/2021,f01433,delivery,PADDY,428 kg,INR 2180.00,INR 9330.40,BRD-NSK
T014693,11/27/2021, F01433 ,delivery,Paddy,837 kg,INR 2180.00,INR 18246.60,BRD-NSK
T014694,06/11/2021, F01433 ,INPUT_PURCHASE,SEEDS,72 kgs,INR 111.28,INR 8012.16,BRD-NSK
T014695,11/08/2021,F01441,delivery,Paddy (Rainfed),2061 kg,INR 2570.00,INR 52967.70,BRD-NSK
T014696,11/09/2021,f01441,D,PADDY,"2,084.00 kgs",INR 2570.00,INR 53558.80,BRD-NSK
T014697,10/23/2021,F01441,FPO_DELIVERY,PADDY,658.00 kgs,INR 2570.00,INR 16910.60,BRD-NSK
T014698,11/20/2021,F01448,delivery,Paddy,"3,000.00 kgs",INR 2590.00,INR 77700.00,BRD-NSK
T014699,11/08/2021,F01448,FPO_DELIVERY,PADDY,1734 kg,INR 2590.00,INR 44910.60,BRD-NSK
T014700,06/16/2021,F01448,INPUT_PURCHASE,DAP,305 kgs,INR 32.74,INR 9985.70,BRD-NSK
T014701,07/03/2021,F01448,input,SEEDS,177 kg,INR 77.67,INR 13747.59,BRD-NSK
T014702,10/15/2021,F01450,FPO_DELIVERY,paddy,224 kg,INR 2175.00,INR 4872.00,BRD-NSK
T014703,11/05/2021,F01450,D,PADDY,4448 kg,INR 2175.00,INR 96744.00,BRD-NSK
T014704,07/11/2021,f01450,FERT_PURCHASE,Bio-pesticide,166 kgs,INR 322.44,INR 53525.04,BRD-NSK
T014705,06/16/2021,F01450,FERT_PURCHASE,NPK 10:26:26,42 kgs,INR 53.50,INR 2247.00,BRD-NSK
T014706,06/05/2021,F01450,FERT_PURCHASE,PP chemicals,279 kgs,INR 682.88,INR 190523.52,BRD-NSK
T014707,06/08/2021,f01450,INPUT_PURCHASE,Seeds,174 kgs,INR 75.82,INR 13192.68,BRD-NSK
T014708,06/20/2021,F01450,loan,EMI,,,INR 5300.00,BRD-NSK
T014709,10/29/2021,F01453,D,PADDY,"7,292.00 kgs",INR 2320.00,INR 169174.40,BRD-NSK
T014710,06/25/2021,F01453,input,FERTILIZER 50kg bag,89 kg,INR 41.31,INR 3676.59,BRD-NSK
T014711,07/01/2021,F01453,I,Hybrid Seeds,294 kgs,INR 113.41,INR 33342.54,BRD-NSK
T014712,10/31/2021,F01457,Delivery,paddy,"2,618.00 kgs",INR 2410.00,INR 63093.80,BRD-NSK
T014713,06/25/2021,F01457,I,SEEDS,65 kg,INR 118.59,INR 7708.35,BRD-NSK
T014714,06/24/2021,F01457,INPUT_PURCHASE,Hybrid Seeds,306 kg,INR 60.18,INR 18415.08,BRD-NSK
T016049,10/24/2021,F02237,D,PADDY,"10,747.00 kgs",INR 2445.00,INR 262764.15,BRD-NSK
T016050,11/12/2021,F02237,FPO_DELIVERY,Paddy,1859 kg,INR 2445.00,INR 45452.55,BRD-NSK
T016051,06/22/2021,F02237,Input Purchase,NPK 10:26:26,65 kg,INR 37.16,INR 2415.40,BRD-NSK
T016052,06/09/2021,F02237,INPUT_PURCHASE,Bio-pesticide,99 kgs,INR 284.14,INR 28129.86,BRD-NSK
T016053,07/08/2021,F02237,I,SEEDS,283 kg,INR 72.58,INR 20540.14,BRD-NSK
T016054,09/25/2021,F02237,Loan Repayment,Loan Repayment,,,INR 3600.00,BRD-NSK
T016059,10/14/2021,F02241,Delivery,Sona Masoori Paddy,1526 kg,INR 2490.00,INR 37997.40,BRD-NSK
T016060,10/31/2021,F02241,DELIVERY,Paddy (Rainfed),7906 kg,INR 2490.00,INR 196859.40,BRD-NSK
T016061,07/04/2021,f02241,INPUT_PURCHASE,Fertilizer,178 kg,INR 59.88,INR 10658.64,BRD-NSK
T016062,06/02/2021,F02241,Input Purchase,DAP,28 kgs,INR 30.82,INR 862.96,BRD-NSK
T016063,06/07/2021,F02241,I,Urea,50 kgs,INR 36.22,INR 1811.00,BRD-NSK
T016064,06/12/2021,F02241,FERT_PURCHASE,NPK 10:26:26,82 kgs,INR 55.77,INR 4573.14,BRD-NSK
T016082,10/28/2021,F02248,Delivery,PADDY,"4,605.00 kgs",INR 2280.00,INR 104994.00,BRD-NSK
T016083,06/19/2021,F02248,I,Urea,163 kg,INR 52.34,INR 8531.42,BRD-NSK
T016097,10/07/2021,F02260,D,PADDY,1762 kg,INR 2660.00,INR 46869.20,BRD-NSK
T016098,06/06/2021,F02260,input,FERTILIZER 50kg bag,28 kg,INR 34.37,INR 962.36,BRD-NSK
T016099,06/15/2021,F02260,loan,EMI,,,INR 5000.00,BRD-NSK
T016100,07/27/2021,F02260,LOAN_REPAY,EMI,,,INR 900.00,BRD-NSK
T016157,10/11/2021,F02287,Delivery,Paddy (Rainfed),536.00 kgs,INR 2225.00,INR 11926.00,BRD-NSK
T016158,11/18/2021,F02287,FPO_DELIVERY,Sona Masoori Paddy,"2,341.00 kgs",INR 2225.00,INR 52087.25,BRD-NSK
T016167,11/08/2021,F02294,DELIVERY,Sona Masoori Paddy,"2,190.00 kgs",INR 2575.00,INR 56392.50,BRD-NSK
T016168,11/22/2021,F02294,FPO_DELIVERY,Paddy,7378 kg,INR 2575.00,INR 189983.50,BRD-NSK
T016169,07/04/2021,F02294,input,DAP,39 kg,INR 54.63,INR 2130.57,BRD-NSK
T016170,06/25/2021,F02294,INPUT_PURCHASE,DAP,64 kgs,INR 40.13,INR 2568.32,BRD-NSK
T016171,06/02/2021,F02294,Input Purchase,PPC,220 kg,INR 283.14,INR 62290.80,BRD-NSK
T016172,06/28/2021,F02294,loan,Loan Repayment,,,INR 2300.00,BRD-NSK
T016189,11/16/2021,F02303,Delivery,paddy,630.00 kgs,INR 2445.00,INR 15403.50,BRD-NSK
T016190,11/12/2021,F02303,D,Paddy (Rainfed),121.00 kgs,INR 2445.00,INR 2958.45,BRD-NSK
T016201,11/24/2021,F02306,DELIVERY,Sona Masoori Paddy,"1,339.00 kgs",INR 2405.00,INR 32202.95,BRD-NSK
T016202,06/08/2021,F02306,Input Purchase,NPK 10:26:26,273 kg,INR 30.91,INR 8438.43,BRD-NSK
T016232,11/08/2021,F02317,Delivery,PADDY,5927 kg,INR 2420.00,INR 143433.40,BRD-NSK
T016233,07/03/2021,F02317,input,PPC,88 kg,INR 319.52,INR 28117.76,BRD-NSK
T016238,11/03/2021,F02322,D,PADDY,2064 kg,INR 2400.00,INR 49536.00,BRD-NSK
T016239,10/23/2021,f02322,D,Sona Masoori Paddy,4345 kg,INR 2400.00,INR 104280.00,BRD-NSK
T016240,06/08/2021,f02322,FERT_PURCHASE,DAP,114 kgs,INR 47.48,INR 5412.72,BRD-NSK
T016241,07/07/2021,F02322,input,SEEDS,44 kg,INR 101.80,INR 4479.20,BRD-NSK
T016242,06/30/2021,F02322,input,DAP,86 kgs,INR 58.65,INR 5043.90,BRD-NSK
T016243,06/02/2021,F02322,I,Seeds,232 kgs,INR 88.01,INR 20418.32,BRD-NSK
T016244,09/16/2021,F02322,loan,Loan Repayment,,,INR 800.00,BRD-NSK
T016245,06/26/2021,F02322,L,EMI,,,INR 6100.00,BRD-NSK
T016254,11/22/2021,F02328,Delivery,PADDY,"9,293.00 kgs",INR 2315.00,INR 215132.95,BRD-NSK
T016255,07/02/2021,F02328,INPUT_PURCHASE,SEEDS,59 kg,INR 60.01,INR 3540.59,BRD-NSK
T016256,06/17/2021,F02328,Input Purchase,PPC,189 kg,INR 284.62,INR 53793.18,BRD-NSK
T016257,06/18/2021,F02328,FERT_PURCHASE,Urea,265 kgs,INR 44.94,INR 11909.10,BRD-NSK
T016323,10/18/2021,F02359,delivery,Sona Masoori Paddy,"5,060.00 kgs",INR 2250.00,INR 113850.00,BRD-NSK
T016324,06/21/2021,F02359,input,FERTILIZER 50kg bag,39 kg,INR 39.58,INR 1543.62,BRD-NSK
T016331,10/03/2021,F02363,Delivery,Sona Masoori Paddy,"7,732.00 kgs",INR 2430.00,INR 187887.60,BRD-NSK
T016332,06/05/2021,F02363,FERT_PURCHASE,DAP,89 kgs,INR 51.58,INR 4590.62,BRD-NSK
T016333,06/15/2021,F02363,I,PP chemicals,94 kg,INR 539.59,INR 50721.46,BRD-NSK
T016351,11/30/2021,F02371,FPO_DELIVERY,PADDY,334.00 kgs,INR 2345.00,INR 7832.30,BRD-NSK
T016352,10/14/2021,F02371,delivery,Sona Masoori Paddy,3524 kg,INR 2345.00,INR 82637.80,BRD-NSK
T016353,06/29/2021,F02371,input,Bio-pesticide,227 kg,INR 649.13,INR 147352.51,BRD-NSK
T016405,11/04/2021,F02388,FPO_DELIVERY,Paddy,3224 kg,INR 2350.00,INR 75764.00,BRD-NSK
T016406,10/14/2021, F02388 ,DELIVERY,Paddy (Rainfed),359 kg,INR 2350.00,INR 8436.50,BRD-NSK
T016407,07/01/2021,F02388,input,PPC,65 kgs,INR 654.11,INR 42517.15,BRD-NSK
T016408,06/28/2021,F02388,INPUT_PURCHASE,DAP,268 kg,INR 42.93,INR 11505.24,BRD-NSK
T016409,06/27/2021,F02388,I,Bio-pesticide,42 kg,INR 144.13,INR 6053.46,BRD-NSK
T016418,10/10/2021,F02392,delivery,Paddy,3295 kg,INR 2535.00,INR 83528.25,BRD-NSK
T016419,10/24/2021,f02392,DELIVERY,Paddy,"1,100.00 kgs",INR 2535.00,INR 27885.00,BRD-NSK
T016420,07/14/2021,F02392,I,Fertilizer,239 kgs,INR 40.83,INR 9758.37,BRD-NSK
T016421,06/08/2021, F02392 ,Input Purchase,FERTILIZER 50kg bag,174 kg,INR 46.92,₹ N/A,BRD-NSK
T016422,06/28/2021,F02392,I,DAP,264 kg,INR 31.03,INR 8191.92,BRD-NSK
T016431,10/04/2021,F02396,delivery,Paddy (Rainfed),896.00 kgs,INR 2365.00,INR 21190.40,BRD-NSK
T016432,06/07/2021,F02396,input,FERTILIZER 50kg bag,176 kg,INR 36.89,INR 6492.64,BRD-NSK
T016433,06/04/2021,F02396,Input Purchase,DAP,100 kg,INR 28.22,INR 2822.00,BRD-NSK
T016434,06/06/2021,F02396,Input Purchase,Fertilizer,200 kg,INR 45.43,INR 9086.00,BRD-NSK
T016460,10/23/2021,F02405,FPO_DELIVERY,Paddy (Rainfed),"1,493.00 kgs",INR 2355.00,INR 35160.15,BRD-NSK
T016461,11/10/2021,F02405,delivery,PADDY,"1,463.00 kgs",INR 2355.00,INR 34453.65,BRD-NSK
T016462,06/17/2021,F02405,Input Purchase,DAP,278 kgs,INR 49.25,INR 13691.50,BRD-NSK
T016463,06/26/2021,F02405,Input Purchase,Hybrid Seeds,257 kg,INR 78.61,INR 20202.77,BRD-NSK
T016474,11/29/2021,f02408,D,Sona Masoori Paddy,5193 kg,INR 2530.00,INR 131382.90,BRD-NSK
T016475,06/04/2021,F02408,INPUT_PURCHASE,Hybrid Seeds,29 kg,INR 47.16,INR 1367.64,BRD-NSK
T016476,07/06/2021,F02408,INPUT_PURCHASE,Seeds,98 kgs,INR 68.79,INR 6741.42,BRD-NSK
T016477,07/13/2021,F02408,I,DAP,155 kg,INR 54.97,INR 8520.35,BRD-NSK
T016478,07/10/2021,F02408,loan,Loan Repayment,,,INR 1800.00,BRD-NSK
T017042,03/28/2022,F01301,FPO_DELIVERY,Wheat,451 kg,INR 2655.00,INR 11974.05,BRD-NSK
T017043,03/25/2022, F01301 ,delivery,Wheat,"1,693.00 kgs",INR 2655.00,INR 44949.15,BRD-NSK
T017044,12/21/2021,F01301,FERT_PURCHASE,Bio-pesticide,319 kgs,INR 313.72,INR 100076.68,BRD-NSK
T017045,04/02/2022,F01301,loan,EMI,,,INR 7200.00,BRD-NSK
T017046,05/18/2022,F01301,LOAN_REPAY,Loan Repayment,,,INR 7400.00,BRD-NSK
T017047,03/14/2022,F01302,D,wheat,366.00 kgs,INR 2405.00,INR 8802.30,BRD-NSK
T017048,04/14/2022,F01302,DELIVERY,WHEAT,708.00 kgs,INR 2405.00,INR 17027.40,BRD-NSK
T017049,12/10/2021,F01302,FERT_PURCHASE,Seeds,193 kg,INR 126.33,INR 24381.69,BRD-NSK
T017050,01/05/2022,F01302,FERT_PURCHASE,Fertilizer,228 kgs,INR 52.93,INR 12068.04,BRD-NSK
T017051,12/21/2021,F01302,I,FERTILIZER 50kg bag,46 kgs,INR 29.02,INR 1334.92,BRD-NSK
T017052,12/10/2021,F01302,Input Purchase,Fertilizer,233 kgs,INR 57.80,INR 13467.40,BRD-NSK
T017053,04/16/2022,F01307,D,Lokwan Wheat,"1,218.00 kgs",INR 2575.00,INR 31363.50,BRD-NSK
T017054,05/15/2022,F01307,DELIVERY,wheat,"1,426.00 kgs",INR 2575.00,INR 36719.50,BRD-NSK
T017055,01/01/2022, F01307 ,input,SEEDS,213 kgs,INR 85.95,INR 18307.35,BRD-NSK
T017056,12/28/2021,f01307,I,FERTILIZER 50kg bag,104 kgs,INR 40.60,INR 4222.40,BRD-NSK
T017057,04/14/2022,F01308,Delivery,Wheat,5557 kg,INR 2245.00,INR 124754.65,BRD-NSK
T017058,12/24/2021,f01308,input,PPC,235 kgs,INR 234.66,INR 55145.10,BRD-NSK
T017059,12/07/2021,F01308,Input Purchase,PP chemicals,173 kgs,INR 127.03,INR 21976.19,BRD-NSK
T017060,12/12/2021,F01308,input,SEEDS,290 kgs,INR 124.61,INR 36136.90,BRD-NSK
T017061,03/19/2022,F01311,delivery,Lokwan Wheat,"1,364.00 kgs",INR 2690.00,INR 36691.60,BRD-NSK
T017062,03/10/2022,F01311,FPO_DELIVERY,Wheat,516 kg,INR 2690.00,INR 13880.40,BRD-NSK
T017063,12/17/2021,F01311,input,FERTILIZER 50kg bag,204 kg,INR 57.36,INR 11701.44,BRD-NSK
T017064,01/05/2022,F01311,INPUT_PURCHASE,FERTILIZER 50kg bag,306 kgs,INR 46.00,INR 14076.00,BRD-NSK
T017065,05/14/2022,F01312,D,Wheat,4790 kg,INR 2550.00,INR 122145.00,BRD-NSK
T017066,12/25/2021,F01312,Input Purchase,NPK 10:26:26,183 kg,INR 29.00,INR 5307.00,BRD-NSK
T017067,12/19/2021,F01312,INPUT_PURCHASE,SEEDS,41 kgs,INR 94.81,INR 3887.21,BRD-NSK
T017068,04/27/2022,F01317,delivery,WHEAT,4732 kg,INR 2530.00,INR 119719.60,BRD-NSK
T017069,12/30/2021,F01317,FERT_PURCHASE,Fertilizer,310 kg,INR 32.43,INR 10053.30,BRD-NSK
T017070,12/17/2021,F01317,loan,EMI,,,INR 7300.00,BRD-NSK
T017071,05/08/2022,F01319,D,WHEAT,4998 kg,INR 2390.00,INR 119452.20,BRD-NSK
T017072,12/24/2021,F01319,FERT_PURCHASE,SEEDS,51 kg,INR 96.51,INR 4922.01,BRD-NSK
T017073,12/25/2021,F01319,I,DAP,216 kg,INR 47.33,INR 10223.28,BRD-NSK
T017074,01/03/2022,F01319,INPUT_PURCHASE,SEEDS,70 kgs,INR 85.85,INR 6009.50,BRD-NSK
T017075,12/02/2021,F01319,INPUT_PURCHASE,SEEDS,273 kg,INR 71.70,INR 19574.10,BRD-NSK
T017076,12/01/2021,F01319,INPUT_PURCHASE,FERTILIZER 50kg bag,138 kg,INR 28.59,INR 3945.42,BRD-NSK
T017077,04/21/2022, F01320 ,FPO_DELIVERY,Lokwan Wheat,2524 kg,INR 2500.00,INR 63100.00,BRD-NSK
T017078,03/02/2022,F01320,FPO_DELIVERY,wheat,699 kg,INR 2500.00,INR 17475.00,BRD-NSK
T017079,12/08/2021,F01320,Input Purchase,PP chemicals,315 kg,INR 206.74,INR 65123.10,BRD-NSK
T017080,04/24/2022,F01322,D,wheat,1444 kg,INR 2325.00,INR 33573.00,BRD-NSK
T017081,04/16/2022,F01322,FPO_DELIVERY,WHEAT,331.00 kgs,INR 2325.00,INR 7695.75,BRD-NSK
T017082,04/15/2022,F01324,DELIVERY,wheat,"4,304.00 kgs",INR 2505.00,INR 107815.20,BRD-NSK
T017083,04/04/2022,F01324,Delivery,wheat,"1,701.00 kgs",INR 2505.00,INR 42610.05,BRD-NSK
T017084,01/03/2022,F01324,Input Purchase,Seeds,142 kg,INR 68.72,INR 9758.24,BRD-NSK
T017085,12/25/2021,F01324,input,Hybrid Seeds,67 kg,INR 84.10,INR 5634.70,BRD-NSK
T017086,04/01/2022,f01324,loan,EMI,,,INR 3600.00,BRD-NSK
T017087,04/25/2022,F01329,delivery,Wheat (Durum),"2,691.00 kgs",INR 2495.00,INR 67140.45,BRD-NSK
T017088,12/19/2021,F01329,input,Hybrid Seeds,259 kgs,INR 56.85,INR 14724.15,BRD-NSK
T017089,04/25/2022,F01331,Delivery,Wheat (Durum),"7,204.00 kgs",INR 2250.00,INR 162090.00,BRD-NSK
T017090,12/22/2021,F01331,Input Purchase,Seeds,188 kgs,INR 112.17,INR 21087.96,BRD-NSK
T017091,05/09/2022,F01340,delivery,WHEAT,3735 kg,INR 2505.00,INR 93561.75,BRD-NSK
T017092,04/27/2022,F01340,D,Wheat (Durum),"1,779.00 kgs",INR 2505.00,INR 44563.95,BRD-NSK
T017093,01/01/2022,F01340,INPUT_PURCHASE,DAP,181 kgs,INR 30.21,INR 5468.01,BRD-NSK
T017094,01/10/2022,F01340,INPUT_PURCHASE,Fertilizer,231 kg,INR 56.08,INR 12954.48,BRD-NSK
T017095,01/02/2022,F01340,input,Urea,298 kgs,INR 46.55,INR 13871.90,BRD-NSK
T017096,03/12/2022,F01342,DELIVERY,Wheat (Durum),"4,071.00 kgs",INR 2320.00,INR 94447.20,BRD-NSK
T017097,12/14/2021,F01342,INPUT_PURCHASE,DAP,309 kgs,INR 55.39,INR 17115.51,BRD-NSK
T017098,12/23/2021,f01342,FERT_PURCHASE,Urea,291 kg,INR 53.99,INR 15711.09,BRD-NSK
T017099,12/04/2021,F01342,I,NPK 10:26:26,181 kg,INR 40.74,INR 7373.94,BRD-NSK
T017100,03/07/2022,F01347,delivery,Wheat (Durum),"3,042.00 kgs",INR 2530.00,INR 76962.60,BRD-NSK
T017101,04/13/2022,F01348,DELIVERY,Wheat,"1,758.00 kgs",INR 2360.00,INR 41488.80,BRD-NSK
T017102,04/19/2022,F01348,Delivery,wheat,2048 kg,INR 2360.00,INR 48332.80,BRD-NSK
T017103,04/20/2022,F01350,DELIVERY,Wheat (Durum),173.00 kgs,INR 2400.00,INR 4152.00,BRD-NSK
T017104,04/26/2022,F01350,D,Lokwan Wheat,1515 kg,INR 2400.00,INR 36360.00,BRD-NSK
T017105,03/22/2022, F01352 ,FPO_DELIVERY,Lokwan Wheat,"4,704.00 kgs",INR 2555.00,INR 120187.20,BRD-NSK
T017106,12/21/2021,f01352,FERT_PURCHASE,Seeds,60 kg,INR 121.27,INR 7276.20,BRD-NSK
T017107,03/10/2022,F01360,delivery,Lokwan Wheat,807 kg,INR 2650.00,INR 21385.50,BRD-NSK
T017108,03/31/2022,F01360,D,Wheat (Durum),"1,526.00 kgs",INR 2650.00,INR 40439.00,BRD-NSK
T017109,01/12/2022,F01360,Input Purchase,Urea,103 kgs,INR 36.34,INR 3743.02,BRD-NSK
T017110,12/03/2021,F01360,FERT_PURCHASE,Seeds,146 kg,INR 59.08,INR 8625.68,BRD-NSK
T017111,12/30/2021,F01360,I,Bio-pesticide,189 kgs,INR 642.98,INR 121523.22,BRD-NSK
T017112,01/06/2022,F01360,INPUT_PURCHASE,DAP,216 kgs,INR 40.28,INR 8700.48,BRD-NSK
T017113,03/16/2022,f01362,DELIVERY,Wheat,"3,746.00 kgs",INR 2475.00,INR 92713.50,BRD-NSK
T017114,05/14/2022,F01362,Delivery,WHEAT,1886 kg,INR 2475.00,INR 46678.50,BRD-NSK
T017115,01/02/2022,F01362,INPUT_PURCHASE,Fertilizer,189 kgs,INR 48.78,INR 9219.42,BRD-NSK
T017116,12/05/2021,F01362,input,PPC,193 kg,INR 499.16,INR 96337.88,BRD-NSK
T017117,01/09/2022, F01362 ,INPUT_PURCHASE,Seeds,73 kgs,INR 74.94,INR 5470.62,BRD-NSK
T017118,04/23/2022,F01364,delivery,wheat,5116 kg,INR 2545.00,INR 130202.20,BRD-NSK
T017119,04/07/2022,F01364,DELIVERY,Wheat,807.00 kgs,INR 2545.00,INR 20538.15,BRD-NSK
T017120,01/13/2022,f01364,FERT_PURCHASE,PPC,287 kgs,INR 215.55,INR 61862.85,BRD-NSK
T017121,01/14/2022,F01364,FERT_PURCHASE,PP chemicals,248 kg,INR 595.18,INR 147604.64,BRD-NSK
T017122,04/13/2022,F01366,D,Lokwan Wheat,5541 kg,INR 2455.00,INR 136031.55,BRD-NSK
T017123,03/13/2022,F01366,DELIVERY,Lokwan Wheat,"1,298.00 kgs",INR 2455.00,INR 31865.90,BRD-NSK
T017124,12/22/2021,F01366,FERT_PURCHASE,SEEDS,174 kgs,INR 93.24,INR 16223.76,BRD-NSK
T017125,12/13/2021,F01366,input,SEEDS,88 kgs,INR 103.72,INR 9127.36,BRD-NSK
T017126,04/07/2022,F01369,FPO_DELIVERY,wheat,1685 kg,INR 2650.00,INR 44652.50,BRD-NSK
T017127,12/13/2021,F01369,I,PPC,187 kg,INR 217.53,INR 40678.11,BRD-NSK
T017128,01/08/2022,F01369,input,DAP,238 kgs,INR 44.08,INR 10491.04,BRD-NSK
T017129,12/31/2021,F01369,FERT_PURCHASE,Fertilizer,195 kgs,INR 37.67,INR 7345.65,BRD-NSK
T017130,12/14/2021,f01369,input,Fertilizer,143 kg,INR 50.04,INR 7155.72,BRD-NSK
T017131,05/09/2022,F01370,D,WHEAT,"4,604.00 kgs",INR 2400.00,INR 110496.00,BRD-NSK
T017132,04/30/2022,F01370,Delivery,Wheat (Durum),1519 kg,INR 2400.00,INR 36456.00,BRD-NSK
T017133,05/14/2022,F01376,D,WHEAT,1074 kg,INR 2505.00,INR 26903.70,BRD-NSK
T017134,03/30/2022,F01376,D,wheat,1169 kg,INR 2505.00,INR 29283.45,BRD-NSK
T017135,12/03/2021,F01376,I,Hybrid Seeds,215 kg,INR 111.16,INR 23899.40,BRD-NSK
T017136,01/04/2022,F01376,input,FERTILIZER 50kg bag,98 kg,INR 37.67,INR 3691.66,BRD-NSK
T017137,03/15/2022,F01378,D,wheat,"3,567.00 kgs",INR 2725.00,INR 97200.75,BRD-NSK
T017138,03/27/2022,F01378,D,WHEAT,"1,609.00 kgs",INR 2725.00,INR 43845.25,BRD-NSK
T017139,05/12/2022,F01378,DELIVERY,wheat,"1,492.00 kgs",INR 2725.00,INR 40657.00,BRD-NSK
T017140,12/23/2021,F01378,FERT_PURCHASE,NPK 10:26:26,46 kg,INR 34.03,INR 1565.38,BRD-NSK
T017141,01/03/2022,F01378,INPUT_PURCHASE,Urea,191 kg,INR 56.05,INR 10705.55,BRD-NSK
T017142,12/23/2021,F01378,Loan Repayment,EMI,,,INR 7400.00,BRD-NSK
T017143,04/17/2022,F01378,Loan Repayment,EMI,,,INR 2300.00,BRD-NSK
T017144,02/19/2022,F01378,LOAN_REPAY,EMI,,,INR 5200.00,BRD-NSK
T017145,03/08/2022,F01379,DELIVERY,Wheat (Durum),1895 kg,INR 2380.00,INR 45101.00,BRD-NSK
T017146,03/21/2022,f01379,Delivery,Wheat (Durum),898.00 kgs,INR 2380.00,INR 21372.40,BRD-NSK
T017147,01/07/2022,F01379,FERT_PURCHASE,DAP,149 kg,INR 51.22,INR 7631.78,BRD-NSK
T017148,05/23/2022,F01379,loan,EMI,,,INR 2200.00,BRD-NSK
T017149,04/17/2022,F01380,D,WHEAT,1811 kg,INR 2510.00,INR 45456.10,BRD-NSK
T017150,04/24/2022,F01380,Delivery,Wheat (Durum),124 kg,INR 2510.00,INR 3112.40,BRD-NSK
T017151,12/14/2021,F01380,input,Bio-pesticide,140 kgs,INR 607.31,INR 85023.40,BRD-NSK
T017152,12/13/2021,F01380,Input Purchase,SEEDS,184 kg,INR 45.76,INR 8419.84,BRD-NSK
T017153,04/08/2022,F01382,Delivery,WHEAT,"3,731.00 kgs",INR 2355.00,INR 87865.05,BRD-NSK
T017154,01/02/2022,F01382,loan,Loan Repayment,,,INR 2500.00,BRD-NSK
T017155,04/27/2022,F01382,LOAN_REPAY,EMI,,,INR 800.00,BRD-NSK
T017156,03/23/2022,F01384,D,Lokwan Wheat,4079 kg,INR 2615.00,INR 106665.85,BRD-NSK
T017157,04/26/2022,F01384,delivery,wheat,1017 kg,INR 2615.00,INR 26594.55,BRD-NSK
T017158,04/26/2022,F01384,Delivery,Wheat,214.00 kgs,INR 2615.00,INR 5596.10,BRD-NSK
T017159,01/15/2022,F01384,INPUT_PURCHASE,PPC,299 kgs,INR 420.65,INR 125774.35,BRD-NSK
T017160,01/04/2022,F01384,input,PP chemicals,273 kg,INR 696.79,INR 190223.67,BRD-NSK
T017161,03/22/2022,f01385,delivery,Lokwan Wheat,600.00 kgs,INR 2405.00,INR 14430.00,BRD-NSK
T017162,05/07/2022, F01385 ,FPO_DELIVERY,wheat,513 kg,INR 2405.00,INR 12337.65,BRD-NSK
T017163,03/03/2022,F01385,DELIVERY,Wheat,156.00 kgs,INR 2405.00,INR 3751.80,BRD-NSK
T017164,03/17/2022,F01386,DELIVERY,WHEAT,"1,216.00 kgs",INR 2490.00,INR 30278.40,BRD-NSK
T017165,04/06/2022,F01386,D,Lokwan Wheat,3109 kg,INR 2490.00,INR 77414.10,BRD-NSK
T017166,12/31/2021,f01386,I,DAP,133 kgs,INR 51.00,INR 6783.00,BRD-NSK
T017167,03/29/2022,F01390,FPO_DELIVERY,Wheat (Durum),"1,382.00 kgs",INR 2550.00,INR 35241.00,BRD-NSK
T017168,01/14/2022,F01390,input,Urea,82 kgs,INR 50.15,INR 4112.30,BRD-NSK
T017169,05/02/2022,F01391,D,WHEAT,45.00 kgs,INR 2410.00,INR 1084.50,BRD-NSK
T017170,03/28/2022,F01391,Delivery,Wheat (Durum),"3,047.00 kgs",INR 2410.00,₹ N/A,BRD-NSK
T017171,01/05/2022,F01391,INPUT_PURCHASE,Hybrid Seeds,130 kgs,INR 98.37,INR 12788.10,BRD-NSK
T017172,04/25/2022,F01393,Delivery,Wheat (Durum),"1,250.00 kgs",INR 2360.00,INR 29500.00,BRD-NSK
T017173,03/30/2022,F01393,FPO_DELIVERY,Lokwan Wheat,1114 kg,INR 2360.00,INR 26290.40,BRD-NSK
T017174,04/04/2022,F01393,Loan Repayment,Loan Repayment,,,INR 2200.00,BRD-NSK
T017175,03/31/2022, F01393 ,loan,Loan Repayment,,,INR 3200.00,BRD-NSK
T017176,12/17/2021,F01393,loan,Loan Repayment,,,INR 5000.00,BRD-NSK
T017177,03/30/2022,F01394,Delivery,Lokwan Wheat,5323 kg,INR 2480.00,INR 132010.40,BRD-NSK
T017178,03/19/2022,F01394,D,Wheat,"1,278.00 kgs",INR 2480.00,INR 31694.40,BRD-NSK
T017179,01/07/2022,F01394,input,DAP,265 kgs,INR 34.05,INR 9023.25,BRD-NSK
T017180,12/10/2021,f01394,input,FERTILIZER 50kg bag,236 kg,INR 38.25,INR 9027.00,BRD-NSK
T017181,12/05/2021,F01394,input,Seeds,237 kgs,INR 128.43,INR 30437.91,BRD-NSK
T017182,03/14/2022,F01395,Delivery,wheat,"1,460.00 kgs",INR 2505.00,INR 36573.00,BRD-NSK
T017183,12/04/2021,F01395,I,Seeds,234 kgs,INR 93.52,INR 21883.68,BRD-NSK
T017184,03/22/2022,f01396,delivery,Lokwan Wheat,5281 kg,INR 2360.00,INR 124631.60,BRD-NSK
T017185,04/11/2022,F01396,Delivery,Lokwan Wheat,694 kg,INR 2360.00,INR 16378.40,BRD-NSK
T017186,12/07/2021,F01396,I,PPC,145 kg,INR 693.48,INR 100554.60,BRD-NSK
T017187,03/13/2022,F01398,D,WHEAT,3618 kg,INR 2575.00,INR 93163.50,BRD-NSK
T017188,12/07/2021,F01398,Input Purchase,Bio-pesticide,189 kgs,INR 429.58,INR 81190.62,BRD-NSK
T017189,03/24/2022,F01400,FPO_DELIVERY,Lokwan Wheat,877.00 kgs,INR 2500.00,INR 21925.00,BRD-NSK
T017190,03/28/2022,F01400,D,Wheat,5112 kg,INR 2500.00,INR 127800.00,BRD-NSK
T017191,12/10/2021,F01400,INPUT_PURCHASE,Bio-pesticide,300 kgs,INR 491.56,INR 147468.00,BRD-NSK
T017192,03/13/2022,F01401,D,Lokwan Wheat,3580 kg,INR 2495.00,INR 89321.00,BRD-NSK
T017193,12/21/2021,F01401,input,Bio-pesticide,288 kg,INR 350.08,INR 100823.04,BRD-NSK
T017194,12/21/2021,F01401,input,Seeds,233 kg,INR 92.56,INR 21566.48,BRD-NSK
T017195,04/15/2022,f01404,FPO_DELIVERY,WHEAT,"1,441.00 kgs",INR 2410.00,INR 34728.10,BRD-NSK
T017196,04/25/2022,F01404,D,WHEAT,2155 kg,INR 2410.00,INR 51935.50,BRD-NSK
T017197,01/03/2022,F01404,Input Purchase,FERTILIZER 50kg bag,62 kg,INR 47.56,INR 2948.72,BRD-NSK
T017198,04/10/2022,F01408,D,Lokwan Wheat,2057 kg,INR 2435.00,INR 50087.95,BRD-NSK
T017199,03/07/2022,F01408,FPO_DELIVERY,Lokwan Wheat,"1,238.00 kgs",INR 2435.00,INR 30145.30,BRD-NSK
T017200,01/04/2022, F01408 ,input,Urea,192 kgs,INR 38.33,INR 7359.36,BRD-NSK
T017201,01/04/2022,F01408,I,Hybrid Seeds,124 kgs,INR 87.60,INR 10862.40,BRD-NSK
T017202,04/04/2022,F01409,delivery,Wheat,"4,006.00 kgs",INR 2335.00,INR 93540.10,BRD-NSK
T017203,03/03/2022,F01409,FPO_DELIVERY,WHEAT,1905 kg,INR 2335.00,INR 44481.75,BRD-NSK
T017204,01/05/2022,F01409,FERT_PURCHASE,Seeds,81 kgs,INR 78.61,INR 6367.41,BRD-NSK
T017205,12/31/2021,F01409,FERT_PURCHASE,Fertilizer,28 kgs,INR 31.81,INR 890.68,BRD-NSK
T017206,32/01/2022,F01409,FERT_PURCHASE,SEEDS,42 kgs,INR 62.84,INR 2639.28,BRD-NSK
T017207,04/12/2022,F01412,delivery,wheat,"4,350.00 kgs",INR 2495.00,INR 108532.50,BRD-NSK
T017208,04/05/2022,F01412,D,wheat,"2,027.00 kgs",INR 2495.00,INR 50573.65,BRD-NSK
T017209,05/10/2022,F01412,D,wheat,170 kg,INR 2495.00,INR 4241.50,BRD-NSK
T017210,12/11/2021,F01412,FERT_PURCHASE,PPC,139 kg,INR 338.94,INR 47112.66,BRD-NSK
T017211,12/27/2021,F01412,Input Purchase,Urea,188 kgs,INR 47.38,INR 8907.44,BRD-NSK
T017212,12/20/2021,F01412,Input Purchase,Hybrid Seeds,273 kg,INR 92.52,INR 25257.96,BRD-NSK
T017213,12/12/2021,F01412,loan,EMI,,,INR 7000.00,BRD-NSK
T017214,05/04/2022,F01412,LOAN_REPAY,EMI,,,INR 3200.00,BRD-NSK
T017215,03/20/2022,F01414,D,Wheat,3259 kg,INR 2245.00,INR 73164.55,BRD-NSK
T017216,03/31/2022,f01414,FPO_DELIVERY,WHEAT,184.00 kgs,INR 2245.00,INR 4130.80,BRD-NSK
T017217,12/31/2021,F01414,INPUT_PURCHASE,Urea,79 kg,INR 28.50,INR 2251.50,BRD-NSK
T017218,12/09/2021,F01414,FERT_PURCHASE,FERTILIZER 50kg bag,218 kgs,INR 46.22,INR 10075.96,BRD-NSK
T017219,12/10/2021,F01414,INPUT_PURCHASE,Seeds,295 kg,INR 50.28,INR 14832.60,BRD-NSK
T017220,03/14/2022,F01417,Delivery,Wheat,3169 kg,INR 2610.00,INR 82710.90,BRD-NSK
T017221,12/30/2021,F01417,Input Purchase,Urea,266 kgs,INR 32.06,INR 8527.96,BRD-NSK
T017222,03/18/2022,F01419,DELIVERY,Wheat (Durum),2799 kg,INR 2580.00,INR 72214.20,BRD-NSK
T017223,12/17/2021,f01419,I,Seeds,208 kgs,INR 118.64,INR 24677.12,BRD-NSK
T017224,01/03/2022,F01419,input,SEEDS,112 kg,INR 100.00,INR 11200.00,BRD-NSK
T017225,12/14/2021,F01419,I,FERTILIZER 50kg bag,72 kg,INR 48.93,INR 3522.96,BRD-NSK
T017226,12/19/2021,F01419,loan,Loan Repayment,,,INR 2600.00,BRD-NSK
T017227,02/11/2022,F01419,L,EMI,,,INR 7200.00,BRD-NSK
T017228,04/03/2022,F01420,D,WHEAT,"4,544.00 kgs",INR 2620.00,INR 119052.80,BRD-NSK
T017229,04/29/2022,F01420,D,wheat,381 kg,INR 2620.00,INR 9982.20,BRD-NSK
T017230,01/15/2022,F01420,INPUT_PURCHASE,PPC,168 kg,INR 421.22,INR 70764.96,BRD-NSK
T017231,04/25/2022,F01424,DELIVERY,Wheat (Durum),6148 kg,INR 2180.00,INR 134026.40,BRD-NSK
T017232,03/28/2022,F01425,D,Lokwan Wheat,949 kg,INR 2575.00,INR 24436.75,BRD-NSK
T017233,04/05/2022,F01425,D,WHEAT,"1,562.00 kgs",INR 2575.00,INR 40221.50,BRD-NSK
T017234,01/15/2022,F01425,FERT_PURCHASE,DAP,,INR 44.06,INR 2863.90,BRD-NSK
T017235,12/21/2021,F01425,Input Purchase,FERTILIZER 50kg bag,304 kg,INR 39.46,INR 11995.84,BRD-NSK
T017236,04/26/2022,F01428,DELIVERY,Lokwan Wheat,2804 kg,INR 2520.00,INR 70660.80,BRD-NSK
T017237,12/08/2021,f01428,INPUT_PURCHASE,Urea,30 kg,INR 42.04,INR 1261.20,BRD-NSK
T017238,04/28/2022, F01430 ,D,WHEAT,3802 kg,INR 2440.00,INR 92768.80,BRD-NSK
T017239,04/07/2022,F01430,Delivery,Wheat (Durum),"1,253.00 kgs",INR 2440.00,INR 30573.20,BRD-NSK
T017240,12/25/2021,F01430,INPUT_PURCHASE,NPK 10:26:26,63 kg,INR 40.81,INR 2571.03,BRD-NSK
T017241,12/21/2021,F01430,input,Seeds,49 kg,INR 70.96,INR 3477.04,BRD-NSK
T017242,04/28/2022,F01431,DELIVERY,Lokwan Wheat,"1,369.00 kgs",INR 2460.00,INR 33677.40,BRD-NSK
T017243,01/11/2022,F01431,I,Fertilizer,273 kg,INR 43.64,INR 11913.72,BRD-NSK
T017244,12/24/2021,F01431,input,Urea,292 kgs,INR 34.07,INR 9948.44,BRD-NSK
T017245,12/15/2021,f01431,Input Purchase,DAP,153 kgs,INR 40.09,INR 6133.77,BRD-NSK
T017246,04/13/2022,f01432,delivery,WHEAT,1701 kg,INR 2430.00,INR 41334.30,BRD-NSK
T017247,04/20/2022,F01432,Delivery,wheat,219 kg,INR 2430.00,INR 5321.70,BRD-NSK
T017248,04/11/2022,F01432,delivery,Wheat (Durum),355 kg,INR 2430.00,INR 8626.50,BRD-NSK
T017249,04/03/2022,F01433,FPO_DELIVERY,Wheat,"1,433.00 kgs",INR 2500.00,INR 35825.00,BRD-NSK
T017250,04/04/2022,F01433,FPO_DELIVERY,Wheat,161 kg,INR 2500.00,INR 4025.00,BRD-NSK
T017251,03/16/2022,F01433,D,Wheat (Durum),320 kg,INR 2500.00,INR 8000.00,BRD-NSK
T017252,05/07/2022,F01441,FPO_DELIVERY,Wheat,351.00 kgs,INR 2540.00,INR 8915.40,BRD-NSK
T017253,03/06/2022,f01441,delivery,Lokwan Wheat,3802 kg,INR 2540.00,INR 96570.80,BRD-NSK
T017254,12/14/2021,F01441,input,DAP,226 kgs,INR 50.44,INR 11399.44,BRD-NSK
T017255,12/19/2021,F01441,Input Purchase,NPK 10:26:26,164 kg,INR 58.59,INR 9608.76,BRD-NSK
T017256,05/13/2022,F01441,L,EMI,,,INR 3000.00,BRD-NSK
T017257,01/06/2022,F01441,loan,Loan Repayment,,,INR 2000.00,BRD-NSK
T017258,04/29/2022,F01448,Delivery,Wheat (Durum),"4,296.00 kgs",INR 2135.00,INR 91719.60,BRD-NSK
T017259,01/11/2022,f01448,I,DAP,46 kgs,INR 44.88,INR 2064.48,BRD-NSK
T017260,01/06/2022,F01448,input,Hybrid Seeds,273 kgs,INR 52.05,INR 14209.65,BRD-NSK
T017261,12/22/2021,F01448,input,Hybrid Seeds,296 kgs,INR 98.49,INR 29153.04,BRD-NSK
T017262,04/14/2022,F01450,D,Wheat,"3,621.00 kgs",INR 2540.00,INR 91973.40,BRD-NSK
T017263,01/07/2022,F01450,INPUT_PURCHASE,SEEDS,213 kgs,INR 73.62,INR 15681.06,BRD-NSK
T017264,01/27/2022,F01450,L,Loan Repayment,,,INR 800.00,BRD-NSK
T017265,04/28/2022,F01453,DELIVERY,Wheat,8009 kg,INR 2295.00,INR 183806.55,BRD-NSK
T017266,01/11/2022,F01453,FERT_PURCHASE,Seeds,245 kg,INR 86.91,INR 21292.95,BRD-NSK
T017267,12/29/2021,F01453,FERT_PURCHASE,SEEDS,266 kg,INR 95.41,INR 25379.06,BRD-NSK
T017268,02/13/2022,F01453,LOAN_REPAY,EMI,,,INR 3700.00,BRD-NSK
T017269,04/29/2022,F01457,D,Wheat (Durum),1419 kg,INR 2405.00,INR 34126.95,BRD-NSK
T017270,03/14/2022,F01457,Delivery,WHEAT,123 kg,INR 2405.00,INR 2958.15,BRD-NSK
T017271,04/12/2022,F01457,FPO_DELIVERY,wheat,944 kg,INR 2405.00,INR 22703.20,BRD-NSK
T017272,01/02/2022,F01457,input,FERTILIZER 50kg bag,61 kgs,INR 40.58,INR 2475.38,BRD-NSK
T017273,12/04/2021,F01457,Input Purchase,Fertilizer,64 kg,INR 58.21,INR 3725.44,BRD-NSK
T017274,01/12/2022,F01457,FERT_PURCHASE,Hybrid Seeds,90 kg,INR 105.42,INR 9487.80,BRD-NSK
T018634,04/22/2022,f02237,D,Wheat (Durum),"3,977.00 kgs",INR 2390.00,INR 95050.30,BRD-NSK
T018635,04/28/2022,F02237,DELIVERY,Wheat (Durum),326.00 kgs,INR 2390.00,INR 7791.40,BRD-NSK
T018638,04/08/2022,F02241,delivery,wheat,2839 kg,INR 2375.00,INR 67426.25,BRD-NSK
T018639,12/11/2021,F02241,Input Purchase,PP chemicals,143 kg,INR 682.00,INR 97526.00,BRD-NSK
T018654,03/16/2022,F02248,D,Wheat,725.00 kgs,INR 2280.00,INR 16530.00,BRD-NSK
T018655,03/08/2022,f02248,D,Lokwan Wheat,"2,629.00 kgs",INR 2280.00,INR 59941.20,BRD-NSK
T018656,12/09/2021,F02248,I,Fertilizer,232 kgs,INR 28.78,INR 6676.96,BRD-NSK
T018657,12/19/2021,f02248,I,FERTILIZER 50kg bag,305 kgs,INR 42.58,INR 12986.90,BRD-NSK
T018725,03/05/2022,F02287,FPO_DELIVERY,wheat,"1,202.00 kgs",INR 2495.00,INR 29989.90,BRD-NSK
T018726,04/14/2022, F02287 ,delivery,Wheat (Durum),"1,696.00 kgs",INR 2495.00,INR 42315.20,BRD-NSK
T018727,01/13/2022,F02287,FERT_PURCHASE,Seeds,95 kg,INR 120.36,INR 11434.20,BRD-NSK
T018738,04/20/2022,F02294,delivery,Wheat (Durum),7588 kg,INR 2465.00,INR 187044.20,BRD-NSK
T018739,12/28/2021,F02294,FERT_PURCHASE,DAP,84 kg,INR 50.52,INR 4243.68,BRD-NSK
T018740,12/01/2021,f02294,Loan Repayment,EMI,,,INR 6000.00,BRD-NSK
T018769,03/20/2022,F02306,FPO_DELIVERY,wheat,1394 kg,INR 2565.00,INR 35756.10,BRD-NSK
T018770,01/06/2022,F02306,INPUT_PURCHASE,Seeds,292 kgs,INR 52.81,INR 15420.52,BRD-NSK
T018771,12/16/2021,F02306,I,DAP,119 kgs,INR 33.37,INR 3971.03,BRD-NSK
T018772,12/20/2021,F02306,Input Purchase,FERTILIZER 50kg bag,281 kgs,INR 38.40,INR 10790.40,BRD-NSK
T018773,12/02/2021,F02306,INPUT_PURCHASE,SEEDS,213 kgs,INR 104.76,INR 22313.88,BRD-NSK
T018774,12/26/2021, F02306 ,I,DAP,156 kgs,INR 29.56,INR 4611.36,BRD-NSK
T018798,05/06/2022,f02317,DELIVERY,Wheat,"2,396.00 kgs",INR 2310.00,INR 55347.60,BRD-NSK
T018799,04/23/2022,F02322,DELIVERY,Wheat (Durum),2100 kg,INR 2475.00,INR 51975.00,BRD-NSK
T018800,03/05/2022,F02322,DELIVERY,wheat,2891 kg,INR 2475.00,INR 71552.25,BRD-NSK
T018801,01/04/2022,F02322,Input Purchase,DAP,278 kg,INR 50.39,INR 14008.42,BRD-NSK
T018802,01/20/2022,F02322,loan,Loan Repayment,,,INR 2800.00,BRD-NSK
T018803,04/30/2022,F02322,Loan Repayment,Loan Repayment,,,INR 2200.00,BRD-NSK
T018804,02/25/2022,F02322,LOAN_REPAY,Loan Repayment,,,INR 4100.00,BRD-NSK
T018805,02/28/2022,f02322,loan,EMI,,,INR 6000.00,BRD-NSK
T018814,03/09/2022,F02328,FPO_DELIVERY,Wheat (Durum),"8,301.00 kgs",INR 2520.00,INR 209185.20,BRD-NSK
T018889,04/05/2022,F02359,FPO_DELIVERY,WHEAT,"1,633.00 kgs",INR 2555.00,INR 41723.15,BRD-NSK
T018898,05/10/2022,F02363,FPO_DELIVERY,Wheat,"8,648.00 kgs",INR 2425.00,INR 209714.00,BRD-NSK
T018899,12/16/2021,F02363,I,Fertilizer,266 kg,INR 58.40,INR 15534.40,BRD-NSK
T018900,12/08/2021,f02363,Input Purchase,Seeds,32 kgs,INR 52.90,INR 1692.80,BRD-NSK
T018925,05/15/2022,F02371,D,wheat,952.00 kgs,INR 2345.00,INR 22324.40,BRD-NSK
T018926,05/05/2022,f02371,DELIVERY,Wheat (Durum),"2,487.00 kgs",INR 2345.00,INR 58320.15,BRD-NSK
T018927,01/09/2022,f02371,Input Purchase,NPK 10:26:26,307 kgs,INR 42.52,INR 13053.64,BRD-NSK
T018928,01/19/2022,F02371,loan,Loan Repayment,,,INR 800.00,BRD-NSK
T018958,03/21/2022, F02388 ,D,wheat,250.00 kgs,INR 2470.00,INR 6175.00,BRD-NSK
T018959,04/30/2022,F02388,FPO_DELIVERY,Lokwan Wheat,"3,068.00 kgs",INR 2470.00,INR 75779.60,BRD-NSK
T018963,04/26/2022,f02392,DELIVERY,Wheat (Durum),"4,653.00 kgs",INR 2340.00,INR 108880.20,BRD-NSK
T018964,12/19/2021,F02392,Input Purchase,Bio-pesticide,78 kgs,INR 469.27,INR 36603.06,BRD-NSK
T018973,03/04/2022,F02396,delivery,Wheat (Durum),806.00 kgs,INR 2515.00,INR 20270.90,BRD-NSK
T018974,12/25/2021,F02396,I,PPC,60 kgs,INR 253.69,INR 15221.40,BRD-NSK
T018975,01/14/2022,F02396,input,Fertilizer,256 kg,INR 35.86,INR 9180.16,BRD-NSK
T018989,04/23/2022,F02405,D,Lokwan Wheat,2311 kg,INR 2585.00,INR 59739.35,BRD-NSK
T019000,03/26/2022,F02408,Delivery,Wheat (Durum),3969 kg,INR 2700.00,INR 107163.00,BRD-NSK
T019001,03/12/2022,F02408,DELIVERY,Wheat,768 kg,INR 2700.00,INR 20736.00,BRD-NSK
T019002,01/11/2022,F02408,input,SEEDS,222 kg,INR 91.14,INR 20233.08,BRD-NSK
T019003,01/09/2022,F02408,input,NPK 10:26:26,294 kg,INR 53.35,INR 15684.90,BRD-NSK
T019004,12/19/2021,F02408,L,Loan Repayment,,,INR 3900.00,BRD-NSK
T019022,04/09/2022,F02418,D,Wheat (Durum),"2,034.00 kgs",INR 2340.00,INR 47595.60,BRD-NSK
T019023,01/03/2022,F02418,input,SEEDS,234 kg,INR 71.76,INR 16791.84,BRD-NSK
T019028,05/10/2022,F02420,D,Wheat (Durum),2300 kg,INR 2415.00,INR 55545.00,BRD-NSK
T019029,05/06/2022,F02420,DELIVERY,Wheat,"1,443.00 kgs",INR 2415.00,INR 34848.45,BRD-NSK
T019030,12/12/2021,F02420,Input Purchase,DAP,142 kgs,INR 50.25,INR 7135.50,BRD-NSK
T019046,03/25/2022,f02425,D,Lokwan Wheat,2683 kg,INR 2415.00,INR 64794.45,BRD-NSK
T019047,03/27/2022,F02425,Delivery,Wheat,100 kg,INR 2415.00,INR 2415.00,BRD-NSK
T019048,01/12/2022,F02425,INPUT_PURCHASE,Fertilizer,222 kgs,INR 30.05,INR 6671.10,BRD-NSK
T019049,12/01/2021,F02425,Input Purchase,Bio-pesticide,86 kg,INR 531.65,INR 45721.90,BRD-NSK
T019072,04/12/2022,F02434,D,WHEAT,"4,461.00 kgs",INR 2440.00,INR 108848.40,BRD-NSK
T019073,01/03/2022, F02434 ,I,Hybrid Seeds,129 kgs,INR 94.61,INR 12204.69,BRD-NSK
T019074,04/29/2022,F02435,FPO_DELIVERY,Wheat (Durum),"2,529.00 kgs",INR 2470.00,INR 62466.30,BRD-NSK
T019075,12/26/2021,F02435,FERT_PURCHASE,DAP,78 kg,INR 47.29,INR 3688.62,BRD-NSK
T019076,02/21/2022,f02435,Loan Repayment,Loan Repayment,,,INR 6300.00,BRD-NSK
T019085,05/05/2022,F02439,delivery,Wheat,"2,358.00 kgs",INR 2420.00,INR 57063.60,BRD-NSK
T019086,04/14/2022,F02439,DELIVERY,Lokwan Wheat,6808 kg,INR 2420.00,INR 164753.60,BRD-NSK
T019087,01/13/2022,F02439,INPUT_PURCHASE,Bio-pesticide,149 kg,INR 473.63,INR 70570.87,BRD-NSK
T019088,03/05/2022,F02439,LOAN_REPAY,Loan Repayment,,,INR 6200.00,BRD-NSK
T019115,04/29/2022,F02448,DELIVERY,Wheat,"1,297.00 kgs",INR 2525.00,INR 32749.25,BRD-NSK
T019116,05/01/2022, F02448 ,FPO_DELIVERY,Wheat,1107 kg,INR 2525.00,INR 27951.75,BRD-NSK
T019117,01/02/2022,F02448,FERT_PURCHASE,Urea,59 kgs,INR 51.43,INR 3034.37,BRD-NSK
T019118,01/07/2022,F02448,INPUT_PURCHASE,Urea,129 kgs,INR 31.95,INR 4121.55,BRD-NSK
T019593,11/12/2022,F01301,DELIVERY,Paddy,2187 kg,INR 2505.00,INR 54784.35,BRD-NSK
T019594,06/05/2022,F01301,Input Purchase,Hybrid Seeds,195 kgs,INR 67.11,INR 13086.45,BRD-NSK
T019595,11/13/2022,F01307,delivery,Paddy,3410 kg,INR 2555.00,INR 87125.50,BRD-NSK
T019596,08/09/2022,F01307,Loan Repayment,EMI,,,INR 5700.00,BRD-NSK
T019597,11/22/2022, F01308 ,Delivery,PADDY,519.00 kgs,INR 2485.00,INR 12897.15,BRD-NSK
T019598,11/05/2022,F01308,DELIVERY,Paddy (Rainfed),7250 kg,INR 2485.00,INR 180162.50,BRD-NSK
T019599,06/29/2022,F01308,Input Purchase,DAP,212 kgs,INR 50.57,INR 10720.84,BRD-NSK
T019600,06/14/2022,F01308,Input Purchase,FERTILIZER 50kg bag,229 kg,INR 46.40,INR 10625.60,BRD-NSK
T019601,10/02/2022,F01311,Delivery,paddy,2199 kg,INR 2570.00,INR 56514.30,BRD-NSK
T019602,07/07/2022,F01311,input,NPK 10:26:26,220 kgs,INR 58.94,INR 12966.80,BRD-NSK
T019603,07/08/2022,F01311,Input Purchase,PPC,59 kg,INR 692.35,INR 40848.65,BRD-NSK
T019604,06/19/2022,f01311,FERT_PURCHASE,SEEDS,173 kg,INR 98.72,INR 17078.56,BRD-NSK
T019605,06/17/2022,f01311,L,Loan Repayment,,,INR 7700.00,BRD-NSK
T019606,11/28/2022,F01312,DELIVERY,Paddy (Rainfed),5354 kg,INR 2565.00,INR 137330.10,BRD-NSK
T019607,06/26/2022,F01312,Input Purchase,Seeds,280 kg,INR 118.98,INR 33314.40,BRD-NSK
T019608,11/19/2022,F01317,Delivery,Paddy,"3,427.00 kgs",INR 2685.00,INR 92014.95,BRD-NSK
T019609,11/29/2022,F01317,Delivery,paddy,2096 kg,INR 2685.00,INR 56277.60,BRD-NSK
T019610,07/11/2022,F01317,Input Purchase,Fertilizer,252 kg,INR 34.49,INR 8691.48,BRD-NSK
T019611,07/02/2022,F01317,INPUT_PURCHASE,Seeds,260 kgs,INR 112.09,INR 29143.40,BRD-NSK
T019612,07/15/2022,f01317,INPUT_PURCHASE,Hybrid Seeds,117 kgs,INR 87.53,INR 10241.01,BRD-NSK
T019613,07/21/2022,F01317,Loan Repayment,EMI,,,INR 4000.00,BRD-NSK
T019614,10/18/2022,f01319,delivery,Paddy (Rainfed),"5,672.00 kgs",INR 2560.00,INR 145203.20,BRD-NSK
T019615,06/28/2022,F01319,INPUT_PURCHASE,FERTILIZER 50kg bag,106 kgs,INR 40.44,INR 4286.64,BRD-NSK
T019616,06/07/2022,F01319,I,DAP,220 kg,INR 42.09,INR 9259.80,BRD-NSK
T019617,06/10/2022,F01319,input,FERTILIZER 50kg bag,132 kg,INR 43.39,INR 5727.48,BRD-NSK
T019618,10/24/2022,F01320,delivery,PADDY,"3,831.00 kgs",INR 2640.00,INR 101138.40,BRD-NSK
T019619,06/30/2022,f01320,Input Purchase,NPK 10:26:26,182 kgs,INR 31.93,INR 5811.26,BRD-NSK
T019620,10/29/2022,F01329,delivery,Paddy (Rainfed),606 kg,INR 2665.00,INR 16149.90,BRD-NSK
T019621,10/23/2022,F01329,DELIVERY,PADDY,3005 kg,INR 2665.00,INR 80083.25,BRD-NSK
T019622,06/10/2022,F01329,FERT_PURCHASE,FERTILIZER 50kg bag,208 kgs,INR 53.88,INR 11207.04,BRD-NSK
T019623,07/04/2022,F01329,FERT_PURCHASE,Seeds,109 kgs,INR 68.76,INR 7494.84,BRD-NSK
T019624,07/11/2022,F01329,INPUT_PURCHASE,Fertilizer,292 kg,INR 28.35,INR 8278.20,BRD-NSK
T019625,07/14/2022,f01329,FERT_PURCHASE,Urea,259 kg,INR 28.88,INR 7479.92,BRD-NSK
T019626,11/15/2022,f01331,D,Paddy (Rainfed),8040 kg,INR 2480.00,INR 199392.00,BRD-NSK
T019627,11/12/2022, F01331 ,delivery,Paddy (Rainfed),5 kg,INR 2480.00,INR 124.00,BRD-NSK
T019628,06/05/2022,F01331,input,FERTILIZER 50kg bag,100 kg,INR 57.86,INR 5786.00,BRD-NSK
T019629,06/23/2022,F01331,INPUT_PURCHASE,Urea,292 kgs,INR 36.80,INR 10745.60,BRD-NSK
T019630,11/14/2022,F01340,Delivery,PADDY,"4,595.00 kgs",INR 2680.00,INR 123146.00,BRD-NSK
T019631,11/17/2022,f01340,Delivery,Paddy,2501 kg,INR 2680.00,INR 67026.80,BRD-NSK
T019632,10/18/2022,F01342,D,paddy,"1,932.00 kgs",INR 2495.00,INR 48203.40,BRD-NSK
T019633,06/20/2022,f01342,INPUT_PURCHASE,FERTILIZER 50kg bag,264 kg,INR 32.74,INR 8643.36,BRD-NSK
T019634,07/03/2022,F01342,input,Hybrid Seeds,143 kgs,INR 69.97,INR 10005.71,BRD-NSK
T019635,11/25/2022,F01347,FPO_DELIVERY,Sona Masoori Paddy,854.00 kgs,INR 2575.00,INR 21990.50,BRD-NSK
T019636,11/16/2022,f01347,FPO_DELIVERY,paddy,"2,438.00 kgs",INR 2575.00,INR 62778.50,BRD-NSK
T019637,07/01/2022,F01347,input,Seeds,136 kgs,INR 91.91,INR 12499.76,BRD-NSK
T019638,06/10/2022,F01347,FERT_PURCHASE,PP chemicals,53 kg,INR 390.61,INR 20702.33,BRD-NSK
T019639,10/06/2022,F01348,D,PADDY,2978 kg,INR 2440.00,INR 72663.20,BRD-NSK
T019640,10/20/2022,F01348,delivery,PADDY,553.00 kgs,INR 2440.00,INR 13493.20,BRD-NSK
T019641,07/06/2022,F01348,Input Purchase,Urea,132 kgs,INR 51.66,INR 6819.12,BRD-NSK
T019642,07/11/2022,F01348,Input Purchase,Fertilizer,89 kgs,INR 40.89,INR 3639.21,BRD-NSK
T019643,06/29/2022,F01348,Input Purchase,Fertilizer,308 kg,INR 54.13,INR 16672.04,BRD-NSK
T019644,07/04/2022,f01348,Input Purchase,FERTILIZER 50kg bag,134 kgs,INR 32.12,INR 4304.08,BRD-NSK
T019645,10/19/2022,F01350,FPO_DELIVERY,Paddy,1836 kg,INR 2665.00,INR 48929.40,BRD-NSK
T019646,06/29/2022,F01350,Input Purchase,Urea,211 kgs,INR 41.00,INR 8651.00,BRD-NSK
T019647,06/01/2022,F01350,INPUT_PURCHASE,Urea,81 kg,INR 32.23,INR 2610.63,BRD-NSK
T019648,06/18/2022,F01350,input,SEEDS,200 kg,INR 125.89,INR 25178.00,BRD-NSK
T019649,11/01/2022,f01352,FPO_DELIVERY,Sona Masoori Paddy,5933 kg,INR 2365.00,INR 140315.45,BRD-NSK
T019650,06/07/2022,F01352,Input Purchase,Fertilizer,298 kg,INR 53.57,INR 15963.86,BRD-NSK
T019651,07/09/2022,F01352,I,Seeds,102 kgs,INR 60.98,INR 6219.96,BRD-NSK
T019652,11/29/2022,F01360,delivery,Sona Masoori Paddy,543 kg,INR 2620.00,INR 14226.60,BRD-NSK
T019653,11/07/2022,F01360,FPO_DELIVERY,Sona Masoori Paddy,"2,727.00 kgs",INR 2620.00,INR 71447.40,BRD-NSK
T019654,10/02/2022,F01362,D,paddy,5180 kg,INR 2440.00,INR 126392.00,BRD-NSK
T019655,10/14/2022,F01362,D,PADDY,817 kg,INR 2440.00,INR 19934.80,BRD-NSK
T019656,11/14/2022,F01364,FPO_DELIVERY,Paddy,2895 kg,INR 2410.00,INR 69769.50,BRD-NSK
T019657,11/06/2022,F01364,DELIVERY,Sona Masoori Paddy,3736 kg,INR 2410.00,INR 90037.60,BRD-NSK
T019658,07/10/2022,F01364,INPUT_PURCHASE,NPK 10:26:26,252 kgs,INR 59.60,INR 15019.20,BRD-NSK
T019659,06/23/2022, F01364 ,input,Urea,288 kgs,INR 51.71,INR 14892.48,BRD-NSK
T019660,10/01/2022,F01366,FPO_DELIVERY,Sona Masoori Paddy,3559 kg,INR 2505.00,INR 89152.95,BRD-NSK
T019661,10/22/2022, F01366 ,D,PADDY,4271 kg,INR 2505.00,INR 106988.55,BRD-NSK
T019662,07/05/2022, F01366 ,I,Seeds,114 kgs,INR 45.65,INR 5204.10,BRD-NSK
T019663,10/04/2022,F01369,FPO_DELIVERY,Paddy,"1,820.00 kgs",INR 2410.00,INR 43862.00,BRD-NSK
T019664,06/26/2022,F01369,INPUT_PURCHASE,NPK 10:26:26,183 kgs,INR 57.37,INR 10498.71,BRD-NSK
T019665,11/14/2022,F01370,Delivery,Sona Masoori Paddy,9053 kg,INR 2465.00,INR 223156.45,BRD-NSK
T019666,06/10/2022,F01370,Input Purchase,Fertilizer,65 kgs,INR 52.34,INR 3402.10,BRD-NSK
T019667,06/19/2022,F01370,input,SEEDS,29 kgs,INR 49.02,INR 1421.58,BRD-NSK
T019668,06/16/2022,F01370,INPUT_PURCHASE,NPK 10:26:26,118 kg,INR 36.27,INR 4279.86,BRD-NSK
T019669,10/03/2022,F01376,Delivery,Paddy,"2,532.00 kgs",INR 2625.00,INR 66465.00,BRD-NSK
T019670,06/21/2022,F01376,INPUT_PURCHASE,Seeds,102 kg,INR 47.03,INR 4797.06,BRD-NSK
T019671,06/04/2022,F01376,I,DAP,268 kgs,INR 32.28,INR 8651.04,BRD-NSK
T019672,06/21/2022,F01376,INPUT_PURCHASE,Fertilizer,276 kgs,INR 35.86,INR 9897.36,BRD-NSK
T019673,10/10/2022,F01378,D,paddy,6794 kg,INR 2290.00,INR 155582.60,BRD-NSK
T019674,07/13/2022,F01378,FERT_PURCHASE,Seeds,190 kgs,INR 68.13,INR 12944.70,BRD-NSK
T019675,06/07/2022,F01378,Input Purchase,PPC,198 kgs,INR 201.01,INR 39799.98,BRD-NSK
T019676,11/09/2022,F01379,Delivery,paddy,1887 kg,INR 2715.00,INR 51232.05,BRD-NSK
T019677,10/06/2022,F01379,delivery,Sona Masoori Paddy,"1,152.00 kgs",INR 2715.00,INR 31276.80,BRD-NSK
T019678,06/23/2022,F01379,I,Hybrid Seeds,110 kgs,INR 79.34,INR 8727.40,BRD-NSK
T019679,11/13/2022,F01379,LOAN_REPAY,EMI,,,INR 1400.00,BRD-NSK
T019680,10/07/2022,F01380,FPO_DELIVERY,Paddy,"2,121.00 kgs",INR 2370.00,INR 50267.70,BRD-NSK
T019681,11/14/2022,F01382,delivery,paddy,4490 kg,INR 2725.00,INR 122352.50,BRD-NSK
T019682,06/18/2022,F01382,I,NPK 10:26:26,53 kg,INR 44.03,INR 2333.59,BRD-NSK
T019683,07/08/2022,F01382,FERT_PURCHASE,NPK 10:26:26,150 kgs,INR 50.17,INR 7525.50,BRD-NSK
T019684,06/20/2022,F01382,FERT_PURCHASE,Bio-pesticide,247 kgs,INR 325.41,INR 80376.27,BRD-NSK
T019685,08/03/2022,F01382,loan,Loan Repayment,,,INR 6600.00,BRD-NSK
T019686,10/16/2022,f01384,delivery,paddy,6824 kg,INR 2425.00,INR 165482.00,BRD-NSK
T019687,07/09/2022,f01384,INPUT_PURCHASE,PPC,60 kg,INR 296.83,INR 17809.80,BRD-NSK
T019688,06/28/2022,F01384,input,FERTILIZER 50kg bag,292 kg,INR 53.06,INR 15493.52,BRD-NSK
T019689,10/28/2022,F01385,FPO_DELIVERY,PADDY,1326 kg,INR 2405.00,INR 31890.30,BRD-NSK
T019690,06/04/2022,F01385,Input Purchase,Fertilizer,105 kg,INR 57.35,INR 6021.75,BRD-NSK
T019691,11/16/2022,F01386,delivery,Paddy,"5,713.00 kgs",INR 2575.00,INR 147109.75,BRD-NSK
T019692,11/07/2022,f01390,DELIVERY,paddy,1967 kg,INR 2435.00,INR 47896.45,BRD-NSK
T019693,06/02/2022,F01390,Input Purchase,DAP,145 kgs,INR 45.71,INR 6627.95,BRD-NSK
T019694,11/03/2022,F01391,delivery,paddy,"2,752.00 kgs",INR 2370.00,INR 65222.40,BRD-NSK
T019695,10/10/2022,f01391,delivery,Paddy,748.00 kgs,INR 2370.00,INR 17727.60,BRD-NSK
T019696,11/22/2022,F01393,D,PADDY,3218 kg,INR 2405.00,INR 77392.90,BRD-NSK
T019697,06/30/2022,F01393,Input Purchase,FERTILIZER 50kg bag,167 kg,INR 33.18,INR 5541.06,BRD-NSK
T019698,06/11/2022,f01393,I,FERTILIZER 50kg bag,66 kgs,INR 54.98,INR 3628.68,BRD-NSK
T019699,06/27/2022,F01393,INPUT_PURCHASE,FERTILIZER 50kg bag,212 kgs,INR 59.52,INR 12618.24,BRD-NSK
T019700,06/17/2022,f01393,FERT_PURCHASE,FERTILIZER 50kg bag,38 kgs,INR 59.17,INR 2248.46,BRD-NSK
T019701,10/30/2022,F01394,D,PADDY,"6,339.00 kgs",INR 2540.00,INR 161010.60,BRD-NSK
T019702,10/05/2022,F01394,delivery,PADDY,369 kg,INR 2540.00,INR 9372.60,BRD-NSK
T019703,11/09/2022,F01395,Delivery,PADDY,717.00 kgs,INR 2410.00,INR 17279.70,BRD-NSK
T019704,11/27/2022,F01395,DELIVERY,Sona Masoori Paddy,903.00 kgs,INR 2410.00,INR 21762.30,BRD-NSK
T019705,07/15/2022,F01395,Input Purchase,Urea,56 kg,INR 40.51,INR 2268.56,BRD-NSK
T019706,06/25/2022,F01395,INPUT_PURCHASE,DAP,222 kg,INR 28.96,INR 6429.12,BRD-NSK
T019707,06/05/2022,F01395,input,Urea,234 kgs,INR 36.25,INR 8482.50,BRD-NSK
T019708,10/19/2022,F01396,DELIVERY,Sona Masoori Paddy,"2,490.00 kgs",INR 2380.00,INR 59262.00,BRD-NSK
T019709,11/01/2022,F01396,Delivery,Sona Masoori Paddy,"5,602.00 kgs",INR 2380.00,INR 133327.60,BRD-NSK
T019710,06/07/2022, F01396 ,I,PP chemicals,192 kgs,INR 284.50,INR 54624.00,BRD-NSK
T019711,11/13/2022,F01398,delivery,Paddy (Rainfed),"4,296.00 kgs",INR 2560.00,INR 109977.60,BRD-NSK
T019712,06/16/2022,F01398,INPUT_PURCHASE,PP chemicals,167 kgs,INR 429.29,INR 71691.43,BRD-NSK
T019713,06/09/2022,F01398,FERT_PURCHASE,PPC,276 kg,INR 554.52,INR 153047.52,BRD-NSK
T019714,07/08/2022,F01398,input,SEEDS,218 kgs,INR 99.28,INR 21643.04,BRD-NSK
T019715,06/17/2022,f01398,FERT_PURCHASE,NPK 10:26:26,142 kg,INR 45.61,INR 6476.62,BRD-NSK
T019716,11/01/2022,F01400,DELIVERY,Sona Masoori Paddy,"5,169.00 kgs",INR 2620.00,INR 135427.80,BRD-NSK
T019717,10/22/2022,F01400,delivery,PADDY,2892 kg,INR 2620.00,INR 75770.40,BRD-NSK
T019718,06/04/2022,f01400,FERT_PURCHASE,Hybrid Seeds,115 kgs,INR 121.78,INR 14004.70,BRD-NSK
T019719,11/06/2022,F01401,D,Paddy,"4,094.00 kgs",INR 2355.00,INR 96413.70,BRD-NSK
T019720,06/24/2022,F01401,Input Purchase,Hybrid Seeds,304 kgs,INR 100.58,INR 30576.32,BRD-NSK
T019721,07/10/2022,f01401,FERT_PURCHASE,Hybrid Seeds,238 kg,INR 129.67,INR 30861.46,BRD-NSK
T019722,07/08/2022,F01401,input,Urea,51 kgs,INR 46.21,INR 2356.71,BRD-NSK
T019723,11/08/2022,F01404,Delivery,paddy,3991 kg,INR 2545.00,INR 101570.95,BRD-NSK
T019724,06/15/2022,F01404,Input Purchase,NPK 10:26:26,99 kg,INR 55.75,INR 5519.25,BRD-NSK
T019725,06/12/2022,F01404,input,Fertilizer,251 kgs,INR 47.51,INR 11925.01,BRD-NSK
T019726,10/20/2022,F01408,delivery,Paddy,2797 kg,INR 2220.00,INR 62093.40,BRD-NSK
T019727,10/12/2022,F01408,Delivery,Paddy,1299 kg,INR 2220.00,INR 28837.80,BRD-NSK
T019728,07/11/2022,F01408,FERT_PURCHASE,FERTILIZER 50kg bag,274 kgs,INR 51.05,INR 13987.70,BRD-NSK
T019729,11/04/2022,F01409,D,Paddy,"5,358.00 kgs",INR 2390.00,INR 128056.20,BRD-NSK
T019730,10/20/2022,F01409,Delivery,paddy,655.00 kgs,INR 2390.00,INR 15654.50,BRD-NSK
T019731,07/04/2022,f01409,Input Purchase,Fertilizer,175 kgs,INR 34.82,INR 6093.50,BRD-NSK
T019732,10/27/2022,F01412,Delivery,PADDY,"7,322.00 kgs",INR 2540.00,INR 185978.80,BRD-NSK
T019733,06/19/2022,F01412,input,DAP,95 kgs,INR 47.39,INR 4502.05,BRD-NSK
T019734,06/14/2022, F01412 ,I,NPK 10:26:26,25 kg,INR 53.00,INR 1325.00,BRD-NSK
T019735,06/05/2022,F01412,FERT_PURCHASE,DAP,318 kgs,INR 59.32,INR 18863.76,BRD-NSK
T019736,07/14/2022,F01412,FERT_PURCHASE,NPK 10:26:26,123 kgs,INR 33.17,INR 4079.91,BRD-NSK
T019737,06/18/2022,F01412,Loan Repayment,Loan Repayment,,,INR 4800.00,BRD-NSK
T019738,06/13/2022,F01412,loan,EMI,,,INR 7000.00,BRD-NSK
T019739,10/18/2022, F01414 ,Delivery,PADDY,"3,534.00 kgs",INR 2430.00,INR 85876.20,BRD-NSK
T019740,06/11/2022,F01414,LOAN_REPAY,EMI,,,INR 3300.00,BRD-NSK
T019741,11/21/2022,F01414,LOAN_REPAY,EMI,,,INR 2500.00,BRD-NSK
T019742,11/09/2022,F01417,Delivery,Sona Masoori Paddy,4434 kg,INR 2385.00,INR 105750.90,BRD-NSK
T019743,06/07/2022,F01417,INPUT_PURCHASE,DAP,206 kgs,INR 51.25,INR 10557.50,BRD-NSK
T019744,06/17/2022,F01417,INPUT_PURCHASE,DAP,262 kg,INR 49.30,INR 12916.60,BRD-NSK
T019745,06/10/2022,F01417,FERT_PURCHASE,FERTILIZER 50kg bag,50 kgs,INR 35.90,INR 1795.00,BRD-NSK
T019746,10/08/2022,f01419,delivery,PADDY,3175 kg,INR 2335.00,INR 74136.25,BRD-NSK
T019747,10/16/2022,F01419,L,EMI,,,INR 4800.00,BRD-NSK
T019748,10/30/2022,F01420,Delivery,Paddy (Rainfed),"4,952.00 kgs",INR 2600.00,INR 128752.00,BRD-NSK
T019749,06/07/2022, F01420 ,input,Urea,189 kg,INR 33.10,INR 6255.90,BRD-NSK
T019750,11/12/2022,F01425,Delivery,paddy,2391 kg,INR 2540.00,INR 60731.40,BRD-NSK
T019751,10/05/2022,F01425,FPO_DELIVERY,paddy,308.00 kgs,INR 2540.00,INR 7823.20,BRD-NSK
T019752,11/19/2022,F01428,DELIVERY,PADDY,344.00 kgs,INR 2465.00,INR 8479.60,BRD-NSK
T019753,11/14/2022,F01428,D,paddy,"2,843.00 kgs",INR 2465.00,INR 70079.95,BRD-NSK
T019754,06/15/2022,f01428,FERT_PURCHASE,Fertilizer,298 kg,INR 36.08,INR 10751.84,BRD-NSK
T019755,06/15/2022,F01428,INPUT_PURCHASE,Urea,184 kgs,INR 42.07,INR 7740.88,BRD-NSK
T019756,11/27/2022, F01430 ,Delivery,Sona Masoori Paddy,516.00 kgs,INR 2535.00,INR 13080.60,BRD-NSK
T019757,11/19/2022,F01430,delivery,Paddy (Rainfed),4288 kg,INR 2535.00,INR 108700.80,BRD-NSK
T019758,11/28/2022,F01432,FPO_DELIVERY,PADDY,1596 kg,INR 2480.00,INR 39580.80,BRD-NSK
T019759,10/19/2022, F01432 ,D,Paddy (Rainfed),"1,088.00 kgs",INR 2480.00,INR 26982.40,BRD-NSK
T019760,07/10/2022,F01432,input,FERTILIZER 50kg bag,281 kgs,INR 50.15,INR 14092.15,BRD-NSK
T019761,06/17/2022,f01432,I,Hybrid Seeds,34 kgs,INR 56.83,INR 1932.22,BRD-NSK
T019762,06/13/2022,f01432,INPUT_PURCHASE,FERTILIZER 50kg bag,275 kgs,INR 54.74,INR 15053.50,BRD-NSK
T019763,11/17/2022,F01433,DELIVERY,PADDY,1672 kg,INR 2485.00,INR 41549.20,BRD-NSK
T019764,10/20/2022,,DELIVERY,Paddy (Rainfed),81 kg,INR 2485.00,INR 2012.85,BRD-NSK
T019765,06/04/2022, F01433 ,input,Seeds,290 kgs,INR 70.43,INR 20424.70,BRD-NSK
T019766,10/18/2022,F01441,D,PADDY,"4,609.00 kgs",INR 2315.00,INR 106698.35,BRD-NSK
T019767,06/29/2022,F01441,INPUT_PURCHASE,Hybrid Seeds,80 kg,INR 122.51,INR 9800.80,BRD-NSK
T019768,07/08/2022,F01441,I,Hybrid Seeds,154 kgs,INR 71.64,INR 11032.56,BRD-NSK
T019769,10/19/2022,F01448,delivery,Paddy (Rainfed),294 kg,INR 2445.00,INR 7188.30,BRD-NSK
T019770,11/13/2022, F01448 ,Delivery,Paddy,"4,467.00 kgs",INR 2445.00,INR 109218.15,BRD-NSK
T019771,06/09/2022,F01448,Input Purchase,Seeds,230 kgs,INR 100.59,INR 23135.70,BRD-NSK
T019772,10/21/2022,F01450,FPO_DELIVERY,PADDY,4744 kg,INR 2475.00,INR 117414.00,BRD-NSK
T019773,06/15/2022,F01450,INPUT_PURCHASE,NPK 10:26:26,294 kg,INR 32.98,INR 9696.12,BRD-NSK
T019774,07/25/2022,F01450,LOAN_REPAY,Loan Repayment,,,INR 6300.00,BRD-NSK
T019775,11/06/2022,F01453,FPO_DELIVERY,paddy,4090 kg,INR 2430.00,INR 99387.00,BRD-NSK
T019776,11/09/2022,F01453,FPO_DELIVERY,Sona Masoori Paddy,"4,550.00 kgs",INR 2430.00,INR 110565.00,BRD-NSK
T019777,06/23/2022,F01453,I,Bio-pesticide,160 kgs,INR 291.95,INR 46712.00,BRD-NSK
T019778,06/28/2022,F01453,LOAN_REPAY,Loan Repayment,,,INR 4900.00,BRD-NSK
T019779,07/10/2022,F01453,L,Loan Repayment,,,INR 5800.00,BRD-NSK
T019780,09/20/2022,F01453,loan,EMI,,,INR 4400.00,BRD-NSK
T019781,09/04/2022,F01453,loan,EMI,,,INR 7500.00,BRD-NSK
T019782,10/03/2022,F01457,FPO_DELIVERY,Sona Masoori Paddy,558 kg,INR 2550.00,INR 14229.00,BRD-NSK
T019783,10/31/2022,F01457,FPO_DELIVERY,Paddy (Rainfed),2041 kg,INR 2550.00,INR 52045.50,BRD-NSK
T019784,07/07/2022,F01457,Input Purchase,NPK 10:26:26,270 kgs,INR 31.60,INR 8532.00,BRD-NSK
T020912,10/31/2022,F02248,Delivery,Sona Masoori Paddy,"4,039.00 kgs",INR 2565.00,INR 103600.35,BRD-NSK
T020913,10/12/2022,F02248,Delivery,Paddy (Rainfed),"1,301.00 kgs",INR 2565.00,INR 33370.65,BRD-NSK
T020976,11/11/2022,F02287,FPO_DELIVERY,Paddy,3337 kg,INR 2445.00,INR 81589.65,BRD-NSK
T020977,06/07/2022,F02287,Input Purchase,DAP,99 kg,INR 46.97,INR 4650.03,BRD-NSK
T020985,11/10/2022,f02294,FPO_DELIVERY,Sona Masoori Paddy,"9,550.00 kgs",INR 2525.00,INR 241137.50,BRD-NSK
T020986,06/04/2022,F02294,input,Fertilizer,155 kg,INR 52.89,INR 8197.95,BRD-NSK
T020987,08/01/2022,F02294,LOAN_REPAY,Loan Repayment,,,INR 4400.00,BRD-NSK
T021011,11/01/2022,F02306,D,Paddy,"1,606.00 kgs",INR 2530.00,INR 40631.80,BRD-NSK
T021029,10/28/2022,F02322,DELIVERY,paddy,"6,763.00 kgs",INR 2560.00,INR 173132.80,BRD-NSK
T021030,06/26/2022,F02322,INPUT_PURCHASE,Hybrid Seeds,233 kg,INR 128.71,INR 29989.43,BRD-NSK
T021031,10/24/2022,F02322,loan,EMI,,,INR 6900.00,BRD-NSK
T021041,11/08/2022,F02328,DELIVERY,paddy,"2,387.00 kgs",INR 2500.00,INR 59675.00,BRD-NSK
T021042,10/18/2022,F02328,FPO_DELIVERY,Paddy (Rainfed),"6,214.00 kgs",INR 2500.00,INR 155350.00,BRD-NSK
T021043,07/15/2022,f02328,INPUT_PURCHASE,Fertilizer,115 kgs,INR 45.40,INR 5221.00,BRD-NSK
T021109,11/04/2022,f02363,D,Paddy (Rainfed),"9,825.00 kgs",INR 2430.00,INR 238747.50,BRD-NSK
T021110,06/10/2022,F02363,I,Fertilizer,66 kgs,INR 28.74,INR 1896.84,BRD-NSK
T021131,10/27/2022,F02371,D,paddy,"1,998.00 kgs",INR 2465.00,INR 49250.70,BRD-NSK
T021132,10/12/2022,F02371,D,paddy,2212 kg,INR 2465.00,INR 54525.80,BRD-NSK
T021133,07/15/2022,F02371,FERT_PURCHASE,NPK 10:26:26,77 kgs,INR 41.94,INR 3229.38,BRD-NSK
T021134,06/01/2022,F02371,Input Purchase,PP chemicals,284 kg,INR 688.04,INR 195403.36,BRD-NSK
T021135,08/06/2022,F02371,L,Loan Repayment,,,INR 5100.00,BRD-NSK
T021136,06/17/2022,F02371,L,EMI,,,INR 1400.00,BRD-NSK
T021163,11/09/2022,F02388,DELIVERY,PADDY,3287 kg,INR 2455.00,INR 80695.85,BRD-NSK
T021164,10/21/2022,F02388,Delivery,Sona Masoori Paddy,1310 kg,INR 2455.00,INR 32160.50,BRD-NSK
T021165,06/06/2022,F02388,INPUT_PURCHASE,Urea,176 kgs,INR 28.27,INR 4975.52,BRD-NSK
T021166,06/13/2022,F02388,INPUT_PURCHASE,Hybrid Seeds,309 kg,INR 103.05,INR 31842.45,BRD-NSK
T021173,11/28/2022,F02392,D,paddy,"4,319.00 kgs",INR 2520.00,INR 108838.80,BRD-NSK
T021174,10/24/2022,F02392,Delivery,Paddy (Rainfed),2016 kg,INR 2520.00,INR 50803.20,BRD-NSK
T021175,06/08/2022,F02392,input,Bio-pesticide,244 kg,INR 449.24,INR 109614.56,BRD-NSK
T021176,07/07/2022,F02392,input,FERTILIZER 50kg bag,185 kgs,INR 44.03,INR 8145.55,BRD-NSK
T021179,10/21/2022,F02396,D,Paddy (Rainfed),403.00 kgs,INR 2485.00,INR 10014.55,BRD-NSK
T021180,11/27/2022,F02396,D,paddy,522.00 kgs,INR 2485.00,INR 12971.70,BRD-NSK
T021198,11/17/2022,F02405,Delivery,paddy,"2,633.00 kgs",INR 2390.00,INR 62928.70,BRD-NSK
T021199,06/03/2022,F02405,input,NPK 10:26:26,231 kgs,INR 30.91,INR 7140.21,BRD-NSK
T021200,06/02/2022,F02405,INPUT_PURCHASE,SEEDS,237 kg,INR 111.53,INR 26432.61,BRD-NSK
T021201,06/09/2022,F02405,INPUT_PURCHASE,SEEDS,56 kg,INR 84.33,INR 4722.48,BRD-NSK
T021202,10/21/2022, F02405 ,loan,Loan Repayment,,,INR 6300.00,BRD-NSK
T021203,07/15/2022,F02405,loan,EMI,,,INR 6800.00,BRD-NSK
T021214,11/30/2022,F02408,D,PADDY,4787 kg,INR 2470.00,INR 118238.90,BRD-NSK
T021215,10/24/2022,F02408,D,PADDY,"1,805.00 kgs",INR 2470.00,INR 44583.50,BRD-NSK
T021216,06/13/2022,F02408,input,Urea,230 kgs,INR 56.97,INR 13103.10,BRD-NSK
T021217,07/06/2022,F02408,I,Hybrid Seeds,221 kgs,INR 100.91,INR 22301.11,BRD-NSK
T021218,06/26/2022,F02408,Input Purchase,DAP,162 kgs,INR 34.29,INR 5554.98,BRD-NSK
T021219,09/25/2022,F02408,LOAN_REPAY,EMI,,,INR 4700.00,BRD-NSK
T021220,06/23/2022,F02408,loan,Loan Repayment,,,INR 2600.00,BRD-NSK
T021221,11/12/2022,f02408,Loan Repayment,Loan Repayment,,,INR 900.00,BRD-NSK
T021236,10/25/2022,F02418,delivery,PADDY,2936 kg,INR 2470.00,INR 72519.20,BRD-NSK
T021237,07/15/2022,F02418,I,PPC,240 kgs,INR 216.83,INR 52039.20,BRD-NSK
T021238,06/21/2022,F02418,INPUT_PURCHASE,PP chemicals,230 kgs,INR 666.78,INR 153359.40,BRD-NSK
T021239,07/13/2022,F02418,Input Purchase,Seeds,140 kg,INR 84.48,INR 11827.20,BRD-NSK
T021240,07/03/2022,F02418,FERT_PURCHASE,Fertilizer,260 kgs,INR 30.18,INR 7846.80,BRD-NSK
T021241,06/30/2022,f02418,I,SEEDS,84 kgs,INR 81.45,INR 6841.80,BRD-NSK
T021242,07/01/2022,F02418,input,NPK 10:26:26,246 kg,INR 46.62,INR 11468.52,BRD-NSK
T021245,10/13/2022,F02420,FPO_DELIVERY,Paddy (Rainfed),2027 kg,INR 2660.00,INR 53918.20,BRD-NSK
T021246,11/12/2022,F02420,D,Sona Masoori Paddy,2090 kg,INR 2660.00,INR 55594.00,BRD-NSK
T021257,11/25/2022,F02425,FPO_DELIVERY,Paddy,875.00 kgs,INR 2630.00,INR 23012.50,BRD-NSK
T021258,10/27/2022,F02425,DELIVERY,PADDY,1395 kg,INR 2630.00,INR 36688.50,BRD-NSK
T021282,10/04/2022,F02434,DELIVERY,Paddy,6398 kg,INR 2470.00,INR 158030.60,BRD-NSK
T021283,07/05/2022,f02434,INPUT_PURCHASE,FERTILIZER 50kg bag,162 kg,INR 50.72,INR 8216.64,BRD-NSK
T021284,10/11/2022,f02435,DELIVERY,PADDY,"2,013.00 kgs",INR 2515.00,INR 50626.95,BRD-NSK
T021285,11/17/2022,F02435,FPO_DELIVERY,Paddy (Rainfed),853.00 kgs,INR 2515.00,INR 21452.95,BRD-NSK
T021286,06/25/2022,F02435,I,Seeds,60 kg,INR 118.34,INR 7100.40,BRD-NSK
T021287,06/03/2022,F02435,INPUT_PURCHASE,Hybrid Seeds,229 kg,INR 110.93,INR 25402.97,BRD-NSK
T021288,06/17/2022,F02435,L,Loan Repayment,,,INR 1000.00,BRD-NSK
T021292,11/12/2022,F02439,D,Paddy,14735 kg,INR 2400.00,INR 353640.00,BRD-NSK
T021293,11/24/2022,F02439,FPO_DELIVERY,Sona Masoori Paddy,434 kg,INR 2400.00,INR 10416.00,BRD-NSK
T021294,06/11/2022,F02439,Loan Repayment,Loan Repayment,,,INR 1300.00,BRD-NSK
T021357,10/17/2022,F02459,Delivery,PADDY,396.00 kgs,INR 2425.00,INR 9603.00,BRD-NSK
T021358,10/04/2022,F02459,FPO_DELIVERY,Paddy (Rainfed),"1,323.00 kgs",INR 2425.00,INR 32082.75,BRD-NSK
T021359,07/13/2022,f02459,I,Fertilizer,161 kgs,INR 31.95,INR 5143.95,BRD-NSK
T021360,06/25/2022,F02459,input,Hybrid Seeds,297 kgs,INR 97.83,INR 29055.51,BRD-NSK
T021361,06/25/2022,f02459,Input Purchase,Fertilizer,117 kgs,INR 35.26,INR 4125.42,BRD-NSK
T021362,10/13/2022,F02459,LOAN_REPAY,EMI,,,INR 7400.00,BRD-NSK
T021363,07/13/2022,F02459,LOAN_REPAY,EMI,,,INR 2800.00,BRD-NSK
T021375,11/18/2022,F02462,FPO_DELIVERY,Paddy,516 kg,INR 2520.00,INR 13003.20,BRD-NSK
T021376,11/25/2022,f02462,FPO_DELIVERY,Paddy,"1,342.00 kgs",INR 2520.00,INR 33818.40,BRD-NSK
T021377,07/06/2022,F02462,I,Fertilizer,113 kg,INR 30.99,INR 3501.87,BRD-NSK
T021378,06/28/2022,F02462,input,Seeds,73 kgs,INR 103.49,INR 7554.77,BRD-NSK
T021379,10/21/2022,F02463,FPO_DELIVERY,paddy,"1,975.00 kgs",INR 2490.00,INR 49177.50,BRD-NSK
T021380,07/06/2022,F02463,Loan Repayment,Loan Repayment,,,INR 5600.00,BRD-NSK
T021381,06/20/2022,f02463,loan,EMI,,,INR 3700.00,BRD-NSK
T021382,07/31/2022,F02463,loan,EMI,,,INR 2400.00,BRD-NSK
T021391,10/21/2022,F02467,FPO_DELIVERY,paddy,"2,933.00 kgs",INR 2430.00,INR 71271.90,BRD-NSK
T021392,06/16/2022, F02467 ,Input Purchase,Fertilizer,65 kg,INR 30.57,INR 1987.05,BRD-NSK
T021393,06/07/2022,F02467,Input Purchase,SEEDS,267 kgs,INR 124.88,INR 33342.96,BRD-NSK
T021394,09/23/2022,F02467,Loan Repayment,EMI,,,INR 3900.00,BRD-NSK
T021475,11/22/2022,F02491,DELIVERY,Sona Masoori Paddy,2726 kg,INR 2595.00,INR 70739.70,BRD-NSK
T021476,06/19/2022,F02491,input,Hybrid Seeds,278 kgs,INR 121.48,INR 33771.44,BRD-NSK
T021477,07/04/2022,F02491,Input Purchase,Hybrid Seeds,195 kg,INR 110.50,INR 21547.50,BRD-NSK
T021934,04/30/2023,f01301,D,WHEAT,1916 kg,INR 2655.00,INR 50869.80,BRD-NSK
T021935,01/14/2023,F01301,FERT_PURCHASE,Fertilizer,33 kgs,INR 31.64,INR 1044.12,BRD-NSK
T021936,05/07/2023,F01301,Loan Repayment,EMI,,,INR 3500.00,BRD-NSK
T021937,05/11/2023,F01301,loan,EMI,,,INR 7700.00,BRD-NSK
T021938,03/10/2023,f01307,Delivery,wheat,2050 kg,INR 2405.00,INR 49302.50,BRD-NSK
T021939,03/23/2023, F01307 ,delivery,Wheat (Durum),647 kg,INR 2405.00,INR 15560.35,BRD-NSK
T021940,02/09/2023, F01307 ,Loan Repayment,EMI,,,INR 2400.00,BRD-NSK
T021941,03/09/2023,F01308,DELIVERY,Wheat,3808 kg,INR 2645.00,INR 100721.60,BRD-NSK
T021942,04/19/2023,F01308,DELIVERY,Lokwan Wheat,"1,404.00 kgs",INR 2645.00,INR 37135.80,BRD-NSK
T021943,12/30/2022,F01308,Input Purchase,PPC,81 kg,INR 699.63,INR 56670.03,BRD-NSK
T021944,12/16/2022,f01308,Input Purchase,SEEDS,311 kg,INR 92.55,INR 28783.05,BRD-NSK
T021945,01/09/2023,F01308,input,Seeds,219 kg,INR 51.66,INR 11313.54,BRD-NSK
T021946,03/29/2023,F01311,DELIVERY,Wheat (Durum),"1,721.00 kgs",INR 2465.00,INR 42422.65,BRD-NSK
T021947,01/04/2023,F01311,I,Fertilizer,70 kg,INR 47.65,INR 3335.50,BRD-NSK
T021948,12/21/2022,F01311,Input Purchase,DAP,242 kgs,INR 42.39,INR 10258.38,BRD-NSK
T021949,01/14/2023, F01311 ,INPUT_PURCHASE,Fertilizer,150 kg,INR 35.52,INR 5328.00,BRD-NSK
T021950,12/27/2022,F01311,INPUT_PURCHASE,Hybrid Seeds,271 kg,INR 87.98,INR 23842.58,BRD-NSK
T021951,05/22/2023,F01311,Loan Repayment,EMI,,,INR 6900.00,BRD-NSK
T021952,03/19/2023,F01312,D,wheat,5274 kg,INR 2675.00,INR 141079.50,BRD-NSK
T021953,12/21/2022,F01312,INPUT_PURCHASE,PPC,285 kg,INR 292.48,INR 83356.80,BRD-NSK
T021954,05/09/2023,F01317,delivery,Lokwan Wheat,1105 kg,INR 2485.00,INR 27459.25,BRD-NSK
T021955,05/01/2023,F01317,Delivery,wheat,4478 kg,INR 2485.00,INR 111278.30,BRD-NSK
T021956,01/06/2023,F01317,L,Loan Repayment,,,INR 7200.00,BRD-NSK
T021957,01/22/2023,F01317,Loan Repayment,EMI,,,INR 7800.00,BRD-NSK
T021958,02/03/2023,f01317,Loan Repayment,EMI,,,INR 2500.00,BRD-NSK
T021959,01/17/2023,F01317,Loan Repayment,Loan Repayment,,,INR 1700.00,BRD-NSK
T021960,05/13/2023,F01319,delivery,Lokwan Wheat,"4,712.00 kgs",INR 2525.00,INR 118978.00,BRD-NSK
T021961,01/01/2023,F01319,FERT_PURCHASE,DAP,50 kgs,INR 50.42,INR 2521.00,BRD-NSK
T021962,12/12/2022,F01319,FERT_PURCHASE,Fertilizer,91 kg,INR 30.27,INR 2754.57,BRD-NSK
T021963,03/07/2023,F01320,delivery,Lokwan Wheat,3138 kg,INR 2660.00,INR 83470.80,BRD-NSK
T021964,04/27/2023,F01320,DELIVERY,WHEAT,55.00 kgs,INR 2660.00,INR 1463.00,BRD-NSK
T021965,12/08/2022,F01320,Input Purchase,Seeds,254 kg,INR 71.23,INR 18092.42,BRD-NSK
T021966,05/11/2023,f01329,D,Wheat,2255 kg,INR 2600.00,INR 58630.00,BRD-NSK
T021967,03/06/2023,F01329,D,wheat,300.00 kgs,INR 2600.00,INR 7800.00,BRD-NSK
T021968,12/09/2022,F01329,input,SEEDS,107 kg,INR 119.02,INR 12735.14,BRD-NSK
T021969,01/05/2023, F01329 ,input,Urea,304 kg,INR 54.29,INR 16504.16,BRD-NSK
T021970,12/15/2022,f01329,FERT_PURCHASE,Hybrid Seeds,237 kg,INR 63.47,INR 15042.39,BRD-NSK
T021971,02/12/2023,F01329,L,EMI,,,INR 2400.00,BRD-NSK
T021972,03/17/2023, F01331 ,DELIVERY,Wheat,"1,216.00 kgs",INR 2720.00,INR 33075.20,BRD-NSK
T021973,04/04/2023,F01331,delivery,Wheat (Durum),"2,306.00 kgs",INR 2720.00,INR 62723.20,BRD-NSK
T021974,03/04/2023,F01331,Delivery,Lokwan Wheat,3002 kg,INR 2720.00,INR 81654.40,BRD-NSK
T021975,12/01/2022,f01331,Input Purchase,Bio-pesticide,119 kg,INR 644.85,INR 76737.15,BRD-NSK
T021976,12/23/2022,F01331,INPUT_PURCHASE,Bio-pesticide,307 kg,INR 622.31,INR 191049.17,BRD-NSK
T021977,05/03/2023,F01340,DELIVERY,wheat,"2,858.00 kgs",INR 2420.00,INR 69163.60,BRD-NSK
T021978,04/29/2023,F01340,Delivery,Wheat,"2,554.00 kgs",INR 2420.00,INR 61806.80,BRD-NSK
T021979,12/03/2022,F01340,Input Purchase,Seeds,145 kg,INR 111.88,INR 16222.60,BRD-NSK
T021980,01/13/2023,F01340,input,SEEDS,264 kg,INR 121.10,INR 31970.40,BRD-NSK
T021981,01/05/2023,F01340,I,FERTILIZER 50kg bag,233 kgs,INR 30.71,INR 7155.43,BRD-NSK
T021982,04/11/2023,f01347,DELIVERY,Lokwan Wheat,2550 kg,INR 2610.00,INR 66555.00,BRD-NSK
T021983,12/01/2022,F01347,INPUT_PURCHASE,NPK 10:26:26,195 kgs,INR 28.30,INR 5518.50,BRD-NSK
T021984,12/24/2022, F01347 ,INPUT_PURCHASE,Fertilizer,263 kgs,INR 54.44,INR 14317.72,BRD-NSK
T021985,01/06/2023,F01347,FERT_PURCHASE,Seeds,109 kg,INR 57.03,INR 6216.27,BRD-NSK
T021986,03/26/2023, F01348 ,D,Wheat,640.00 kgs,INR 2760.00,INR 17664.00,BRD-NSK
T021987,04/27/2023,F01348,DELIVERY,Wheat (Durum),"1,969.00 kgs",INR 2760.00,INR 54344.40,BRD-NSK
T021988,03/01/2023,F01350,FPO_DELIVERY,WHEAT,"1,410.00 kgs",INR 2730.00,INR 38493.00,BRD-NSK
T021989,05/06/2023,F01350,Delivery,Lokwan Wheat,360.00 kgs,INR 2730.00,INR 9828.00,BRD-NSK
T021990,12/11/2022,F01350,FERT_PURCHASE,Fertilizer,52 kg,INR 43.49,INR 2261.48,BRD-NSK
T021991,04/30/2023,f01352,Delivery,Wheat (Durum),4588 kg,INR 2540.00,INR 116535.20,BRD-NSK
T021992,12/01/2022,F01352,FERT_PURCHASE,FERTILIZER 50kg bag,148 kgs,INR 39.01,INR 5773.48,BRD-NSK
T021993,04/26/2023,F01360,D,WHEAT,741 kg,INR 2725.00,INR 20192.25,BRD-NSK
T021994,03/26/2023,F01360,D,wheat,"1,772.00 kgs",INR 2725.00,INR 48287.00,BRD-NSK
T021995,12/15/2022,f01360,FERT_PURCHASE,Urea,196 kg,INR 31.94,INR 6260.24,BRD-NSK
T021996,01/01/2023,F01360,Input Purchase,SEEDS,206 kgs,INR 70.76,INR 14576.56,BRD-NSK
T021997,05/15/2023,F01362,FPO_DELIVERY,wheat,"4,009.00 kgs",INR 2695.00,INR 108042.55,BRD-NSK
T021998,05/12/2023,F01362,FPO_DELIVERY,wheat,"2,636.00 kgs",INR 2695.00,INR 71040.20,BRD-NSK
T021999,01/01/2023,F01362,input,Urea,293 kgs,INR 43.36,INR 12704.48,BRD-NSK
T022000,05/15/2023,F01364,FPO_DELIVERY,Lokwan Wheat,4270 kg,INR 2915.00,INR 124470.50,BRD-NSK
T022001,12/03/2022,F01364,INPUT_PURCHASE,NPK 10:26:26,164 kg,INR 41.88,INR 6868.32,BRD-NSK
T022002,12/24/2022,F01364,INPUT_PURCHASE,PP chemicals,207 kgs,INR 518.41,INR 107310.87,BRD-NSK
T022003,04/14/2023,f01366,delivery,wheat,426 kg,INR 2755.00,INR 11736.30,BRD-NSK
T022004,03/15/2023,f01366,D,Wheat,"5,667.00 kgs",INR 2755.00,INR 156125.85,BRD-NSK
T022005,04/28/2023,F01366,delivery,WHEAT,460.00 kgs,INR 2755.00,INR 12673.00,BRD-NSK
T022006,12/07/2022,F01366,INPUT_PURCHASE,Seeds,34 kg,INR 49.01,INR 1666.34,BRD-NSK
T022007,12/23/2022,F01366,Input Purchase,Seeds,267 kg,INR 111.38,INR 29738.46,BRD-NSK
T022008,12/26/2022,F01366,FERT_PURCHASE,Seeds,87 kg,INR 120.41,INR 10475.67,BRD-NSK
T022009,03/07/2023,F01369,delivery,Wheat (Durum),"1,585.00 kgs",INR 2575.00,INR 40813.75,BRD-NSK
T022010,12/25/2022,F01369,input,Fertilizer,269 kg,INR 57.94,INR 15585.86,BRD-NSK
T022011,12/28/2022,f01369,I,Urea,220 kgs,INR 45.50,INR 10010.00,BRD-NSK
T022012,04/11/2023,F01370,Delivery,Lokwan Wheat,6468 kg,INR 2665.00,INR 172372.20,BRD-NSK
T022013,04/29/2023,F01376,delivery,WHEAT,"1,746.00 kgs",INR 2570.00,INR 44872.20,BRD-NSK
T022014,03/05/2023,F01376,D,WHEAT,369 kg,INR 2570.00,INR 9483.30,BRD-NSK
T022015,12/01/2022,F01376,Input Purchase,NPK 10:26:26,93 kgs,INR 44.57,INR 4145.01,BRD-NSK
T022016,04/20/2023,F01378,FPO_DELIVERY,Wheat,2306 kg,INR 2610.00,INR 60186.60,BRD-NSK
T022017,04/25/2023,F01378,FPO_DELIVERY,Lokwan Wheat,"5,467.00 kgs",INR 2610.00,INR 142688.70,BRD-NSK
T022018,12/23/2022,F01378,INPUT_PURCHASE,SEEDS,236 kgs,INR 60.75,INR 14337.00,BRD-NSK
T022019,12/29/2022,F01378,INPUT_PURCHASE,PP chemicals,88 kgs,INR 448.99,INR 39511.12,BRD-NSK
T022020,01/11/2023,F01378,I,NPK 10:26:26,267 kg,INR 47.32,INR 12634.44,BRD-NSK
T022021,12/09/2022,f01378,FERT_PURCHASE,Hybrid Seeds,59 kg,INR 74.25,INR 4380.75,BRD-NSK
T022022,03/09/2023,f01378,Loan Repayment,Loan Repayment,,,INR 4200.00,BRD-NSK
T022023,03/12/2023,F01378,Loan Repayment,Loan Repayment,,,INR 1600.00,BRD-NSK
T022024,02/17/2023,F01378,LOAN_REPAY,EMI,,,INR 5400.00,BRD-NSK
T022025,03/06/2023,F01378,LOAN_REPAY,Loan Repayment,,,INR 800.00,BRD-NSK
T022026,03/31/2023,F01379,Delivery,Wheat,"2,480.00 kgs",INR 2765.00,INR 68572.00,BRD-NSK
T022027,12/03/2022,F01379,INPUT_PURCHASE,PP chemicals,96 kg,INR 274.15,INR 26318.40,BRD-NSK
T022028,12/04/2022,F01379,FERT_PURCHASE,Fertilizer,174 kgs,INR 38.74,INR 6740.76,BRD-NSK
T022029,12/20/2022,F01379,I,FERTILIZER 50kg bag,133 kgs,INR 44.22,INR 5881.26,BRD-NSK
T022030,05/31/2023,F01379,Loan Repayment,Loan Repayment,,,INR 4600.00,BRD-NSK
T022031,04/29/2023,,loan,EMI,,,INR 7500.00,BRD-NSK
T022032,05/22/2023,F01379,LOAN_REPAY,EMI,,,INR 2100.00,BRD-NSK
T022033,03/01/2023,F01380,D,wheat,"1,228.00 kgs",INR 2555.00,INR 31375.40,BRD-NSK
T022034,04/30/2023,F01380,D,Wheat,653.00 kgs,INR 2555.00,INR 16684.15,BRD-NSK
T022035,04/03/2023,F01382,DELIVERY,Lokwan Wheat,4041 kg,INR 2505.00,INR 101227.05,BRD-NSK
T022036,12/02/2022, F01382 ,FERT_PURCHASE,Urea,83 kgs,INR 45.61,INR 3785.63,BRD-NSK
T022037,05/05/2023,F01384,FPO_DELIVERY,Wheat (Durum),2046 kg,INR 2490.00,INR 50945.40,BRD-NSK
T022038,03/05/2023,F01385,DELIVERY,Lokwan Wheat,197.00 kgs,INR 2485.00,INR 4895.45,BRD-NSK
T022039,04/23/2023,f01385,delivery,WHEAT,1014 kg,INR 2485.00,INR 25197.90,BRD-NSK
T022040,12/10/2022,F01385,input,FERTILIZER 50kg bag,221 kgs,INR 34.63,INR 7653.23,BRD-NSK
T022041,03/09/2023,F01386,FPO_DELIVERY,Lokwan Wheat,4982 kg,INR 2445.00,INR 121809.90,BRD-NSK
T022042,12/14/2022,F01386,FERT_PURCHASE,Seeds,285 kgs,INR 61.90,INR 17641.50,BRD-NSK
T022043,03/29/2023,F01390,DELIVERY,Wheat,262.00 kgs,INR 2505.00,INR 6563.10,BRD-NSK
T022044,04/03/2023,F01390,Delivery,Lokwan Wheat,467 kg,INR 2505.00,INR 11698.35,BRD-NSK
T022045,04/08/2023,F01391,Delivery,Wheat,"3,112.00 kgs",INR 2700.00,INR 84024.00,BRD-NSK
T022046,12/19/2022,F01391,FERT_PURCHASE,SEEDS,210 kgs,INR 113.50,INR 23835.00,BRD-NSK
T022047,12/18/2022,F01391,I,Fertilizer,51 kgs,INR 37.60,INR 1917.60,BRD-NSK
T022048,12/22/2022,F01391,I,SEEDS,210 kg,INR 127.71,INR 26819.10,BRD-NSK
T022049,03/15/2023,F01393,DELIVERY,Lokwan Wheat,"1,477.00 kgs",INR 2475.00,INR 36555.75,BRD-NSK
T022050,03/17/2023,F01393,D,WHEAT,892.00 kgs,INR 2475.00,INR 22077.00,BRD-NSK
T022051,01/08/2023,F01393,loan,EMI,,,INR 4400.00,BRD-NSK
T022052,12/31/2022,F01393,LOAN_REPAY,Loan Repayment,,,INR 1300.00,BRD-NSK
T022053,04/30/2023,f01394,FPO_DELIVERY,Wheat (Durum),6242 kg,INR 2625.00,INR 163852.50,BRD-NSK
T022054,12/08/2022,F01394,I,NPK 10:26:26,111 kgs,INR 35.96,INR 3991.56,BRD-NSK
T022055,03/25/2023,F01395,delivery,WHEAT,818.00 kgs,INR 2635.00,INR 21554.30,BRD-NSK
T022056,03/06/2023,F01395,DELIVERY,Lokwan Wheat,471 kg,INR 2635.00,INR 12410.85,BRD-NSK
T022057,01/05/2023,F01395,Input Purchase,Seeds,44 kg,INR 68.11,INR 2996.84,BRD-NSK
T022058,04/30/2023,F01396,delivery,WHEAT,1582 kg,INR 2620.00,INR 41448.40,BRD-NSK
T022059,04/12/2023,f01396,delivery,Wheat (Durum),"3,856.00 kgs",INR 2620.00,INR 101027.20,BRD-NSK
T022060,03/08/2023,F01398,FPO_DELIVERY,WHEAT,3203 kg,INR 2625.00,INR 84078.75,BRD-NSK
T022061,03/08/2023,F01398,DELIVERY,WHEAT,1317 kg,INR 2625.00,INR 34571.25,BRD-NSK
T022062,03/21/2023,F01400,D,Wheat,"1,844.00 kgs",INR 2530.00,INR 46653.20,BRD-NSK
T022063,04/02/2023,F01400,FPO_DELIVERY,WHEAT,896 kg,INR 2530.00,INR 22668.80,BRD-NSK
T022064,12/18/2022,F01400,input,DAP,215 kg,INR 50.67,INR 10894.05,BRD-NSK
T022065,12/21/2022,F01400,INPUT_PURCHASE,Urea,293 kgs,INR 40.75,INR 11939.75,BRD-NSK
T022066,12/14/2022,F01400,input,NPK 10:26:26,52 kgs,INR 29.66,INR 1542.32,BRD-NSK
T022067,03/25/2023,F01401,delivery,wheat,1710 kg,INR 2615.00,INR 44716.50,BRD-NSK
T022068,05/04/2023,F01401,delivery,wheat,1783 kg,INR 2615.00,INR 46625.45,BRD-NSK
T022069,01/13/2023,f01401,input,Bio-pesticide,165 kgs,INR 536.89,INR 88586.85,BRD-NSK
T022070,01/15/2023,f01401,INPUT_PURCHASE,Fertilizer,35 kg,INR 42.15,INR 1475.25,BRD-NSK
T022071,12/30/2022,f01401,INPUT_PURCHASE,Bio-pesticide,30 kg,INR 653.95,INR 19618.50,BRD-NSK
T022072,32/01/2022,F01404,DELIVERY,wheat,382 kg,INR 2450.00,INR 9359.00,BRD-NSK
T022073,04/26/2023,F01404,D,wheat,898.00 kgs,INR 2450.00,INR 22001.00,BRD-NSK
T022074,04/10/2023,F01408,FPO_DELIVERY,Wheat,697.00 kgs,INR 2475.00,INR 17250.75,BRD-NSK
T022075,03/17/2023,F01408,DELIVERY,Lokwan Wheat,655 kg,INR 2475.00,INR 16211.25,BRD-NSK
T022076,05/07/2023,F01409,D,Wheat,3228 kg,INR 2505.00,INR 80861.40,BRD-NSK
T022077,05/13/2023,F01409,DELIVERY,WHEAT,2640 kg,INR 2505.00,INR 66132.00,BRD-NSK
T022078,04/22/2023,F01412,DELIVERY,Wheat (Durum),2644 kg,INR 2610.00,INR 69008.40,BRD-NSK
T022079,03/28/2023,F01412,DELIVERY,Lokwan Wheat,"3,248.00 kgs",INR 2610.00,INR 84772.80,BRD-NSK
T022080,12/26/2022,F01412,FERT_PURCHASE,FERTILIZER 50kg bag,150 kg,INR 50.03,INR 7504.50,BRD-NSK
T022081,01/09/2023,f01412,FERT_PURCHASE,DAP,214 kg,INR 43.57,INR 9323.98,BRD-NSK
T022082,01/09/2023,,input,PPC,163 kgs,INR 433.31,INR 70629.53,BRD-NSK
T022083,02/17/2023,F01412,L,Loan Repayment,,,INR 2300.00,BRD-NSK
T022084,05/02/2023,F01414,DELIVERY,wheat,680 kg,INR 2555.00,INR 17374.00,BRD-NSK
T022085,03/19/2023, F01414 ,FPO_DELIVERY,wheat,2636 kg,INR 2555.00,INR 67349.80,BRD-NSK
T022086,12/30/2022,f01414,INPUT_PURCHASE,SEEDS,225 kg,INR 95.42,INR 21469.50,BRD-NSK
T022087,04/15/2023,F01417,DELIVERY,WHEAT,"2,632.00 kgs",INR 2590.00,INR 68168.80,BRD-NSK
T022088,04/08/2023,F01417,Delivery,Lokwan Wheat,517.00 kgs,INR 2590.00,INR 13390.30,BRD-NSK
T022089,03/13/2023,F01419,delivery,Lokwan Wheat,3054 kg,INR 2535.00,INR 77418.90,BRD-NSK
T022090,03/23/2023,f01419,delivery,Wheat,121.00 kgs,INR 2535.00,INR 3067.35,BRD-NSK
T022091,12/17/2022,f01419,INPUT_PURCHASE,PPC,38 kgs,INR 644.30,INR 24483.40,BRD-NSK
T022092,01/10/2023,F01419,input,Fertilizer,33 kg,INR 51.35,INR 1694.55,BRD-NSK
T022093,12/22/2022,f01419,I,Seeds,81 kg,INR 72.49,INR 5871.69,BRD-NSK
T022094,12/25/2022,F01419,L,EMI,,,INR 5700.00,BRD-NSK
T022095,04/03/2023,F01420,delivery,Wheat (Durum),3308 kg,INR 2650.00,INR 87662.00,BRD-NSK
T022096,03/07/2023,F01420,delivery,WHEAT,625 kg,INR 2650.00,INR 16562.50,BRD-NSK
T022097,03/24/2023,F01428,DELIVERY,wheat,69.00 kgs,INR 2565.00,INR 1769.85,BRD-NSK
T022098,05/01/2023,F01428,delivery,Wheat,"2,694.00 kgs",INR 2565.00,INR 69101.10,BRD-NSK
T022099,01/13/2023,F01428,input,PP chemicals,134 kgs,INR 166.60,INR 22324.40,BRD-NSK
T022100,03/10/2023,F01430,delivery,Wheat (Durum),941.00 kgs,INR 2700.00,INR 25407.00,BRD-NSK
T022101,04/13/2023,F01430,D,Wheat,3330 kg,INR 2700.00,INR 89910.00,BRD-NSK
T022102,12/30/2022,F01430,INPUT_PURCHASE,Bio-pesticide,31 kgs,INR 598.76,INR 18561.56,BRD-NSK
T022103,12/19/2022,F01430,Input Purchase,DAP,303 kgs,INR 37.49,INR 11359.47,BRD-NSK
T022104,03/17/2023,F01432,Delivery,Lokwan Wheat,634 kg,INR 2565.00,INR 16262.10,BRD-NSK
T022105,03/21/2023, F01432 ,DELIVERY,wheat,2009 kg,INR 2565.00,INR 51530.85,BRD-NSK
T022106,01/04/2023,F01432,FERT_PURCHASE,Urea,201 kgs,INR 56.10,INR 11276.10,BRD-NSK
T022107,04/03/2023,F01433,delivery,wheat,1622 kg,INR 2695.00,INR 43712.90,BRD-NSK
T022108,01/11/2023,F01433,I,Seeds,264 kgs,INR 77.55,INR 20473.20,BRD-NSK
T022109,01/02/2023, F01433 ,INPUT_PURCHASE,PPC,99 kg,INR 184.32,INR 18247.68,BRD-NSK
T022110,03/28/2023,F01441,D,WHEAT,"1,565.00 kgs",INR 2590.00,INR 40533.50,BRD-NSK
T022111,05/02/2023,F01441,DELIVERY,Lokwan Wheat,"2,485.00 kgs",INR 2590.00,INR 64361.50,BRD-NSK
T022112,01/10/2023,F01441,input,FERTILIZER 50kg bag,87 kgs,INR 32.32,INR 2811.84,BRD-NSK
T022113,03/07/2023,F01448,Delivery,Wheat,"4,516.00 kgs",INR 2570.00,INR 116061.20,BRD-NSK
T022114,12/03/2022,F01448,I,PPC,269 kg,INR 218.94,INR 58894.86,BRD-NSK
T022115,12/26/2022, F01448 ,Input Purchase,NPK 10:26:26,118 kgs,INR 47.09,INR 5556.62,BRD-NSK
T022116,04/14/2023,f01450,Delivery,Wheat,4576 kg,INR 2645.00,INR 121035.20,BRD-NSK
T022117,05/09/2023,F01453,Delivery,Lokwan Wheat,"6,586.00 kgs",INR 2510.00,INR 165308.60,BRD-NSK
T022118,04/13/2023,F01453,FPO_DELIVERY,WHEAT,2608 kg,INR 2510.00,INR 65460.80,BRD-NSK
T022119,05/03/2023,F01453,L,Loan Repayment,,,INR 2700.00,BRD-NSK
T022120,03/07/2023,F01457,Delivery,WHEAT,2175 kg,INR 2610.00,INR 56767.50,BRD-NSK
T022121,03/20/2023,F01457,DELIVERY,wheat,132 kg,INR 2610.00,INR 3445.20,BRD-NSK
T022122,12/14/2022,F01457,Input Purchase,Bio-pesticide,319 kg,INR 176.13,INR 56185.47,BRD-NSK
T022123,01/10/2023,F01457,FERT_PURCHASE,SEEDS,274 kgs,INR 81.65,INR 22372.10,BRD-NSK
T023266,03/19/2023,F02248,DELIVERY,WHEAT,"4,620.00 kgs",INR 2475.00,INR 114345.00,BRD-NSK
T023267,01/10/2023,F02248,I,PPC,43 kg,INR 176.27,INR 7579.61,BRD-NSK
T023328,04/24/2023,F02287,FPO_DELIVERY,WHEAT,2693 kg,INR 2700.00,INR 72711.00,BRD-NSK
T023329,12/10/2022,F02287,input,NPK 10:26:26,72 kgs,INR 37.23,INR 2680.56,BRD-NSK
T023330,12/07/2022,F02287,FERT_PURCHASE,PPC,145 kgs,INR 371.06,INR 53803.70,BRD-NSK
T023342,03/09/2023,F02294,D,WHEAT,8429 kg,INR 2650.00,INR 223368.50,BRD-NSK
T023343,01/09/2023,F02294,INPUT_PURCHASE,FERTILIZER 50kg bag,159 kg,INR 56.54,INR 8989.86,BRD-NSK
T023344,03/01/2023,F02294,Loan Repayment,Loan Repayment,,,INR 6900.00,BRD-NSK
T023345,04/14/2023,f02294,Loan Repayment,EMI,,,INR 5400.00,BRD-NSK
T023346,03/01/2023,F02294,LOAN_REPAY,Loan Repayment,,,INR 2200.00,BRD-NSK
T023372,04/23/2023,F02306,Delivery,WHEAT,1228 kg,INR 2480.00,INR 30454.40,BRD-NSK
T023373,12/06/2022,F02306,input,PP chemicals,234 kgs,INR 560.82,INR 131231.88,BRD-NSK
T023401,03/12/2023,F02328,delivery,Wheat (Durum),"8,260.00 kgs",INR 2555.00,INR 211043.00,BRD-NSK
T023402,01/01/2023,f02328,Input Purchase,DAP,155 kgs,INR 51.54,INR 7988.70,BRD-NSK
T023465,03/01/2023, F02363 ,delivery,WHEAT,1997 kg,INR 2465.00,INR 49226.05,BRD-NSK
T023466,03/02/2023,F02363,delivery,wheat,"3,743.00 kgs",INR 2465.00,INR 92264.95,BRD-NSK
T023467,05/15/2023,F02363,FPO_DELIVERY,wheat,1461 kg,INR 2465.00,INR 36013.65,BRD-NSK
T023468,01/05/2023,F02363,I,Bio-pesticide,271 kgs,INR 566.64,INR 153559.44,BRD-NSK
T023469,01/15/2023,f02363,Loan Repayment,EMI,,,INR 3300.00,BRD-NSK
T023470,03/15/2023,F02363,Loan Repayment,Loan Repayment,,,INR 1500.00,BRD-NSK
T023471,05/23/2023,F02363,LOAN_REPAY,EMI,,,INR 5700.00,BRD-NSK
T023489,05/13/2023,F02371,FPO_DELIVERY,wheat,3173 kg,INR 2655.00,INR 84243.15,BRD-NSK
T023490,12/17/2022,F02371,FERT_PURCHASE,Seeds,253 kgs,INR 116.19,INR 29396.07,BRD-NSK
T023491,12/29/2022,F02371,L,EMI,,,INR 5300.00,BRD-NSK
T023508,04/11/2023,F02388,FPO_DELIVERY,WHEAT,"1,186.00 kgs",INR 2605.00,INR 30895.30,BRD-NSK
T023509,03/31/2023,F02388,Delivery,Lokwan Wheat,137 kg,INR 2605.00,INR 3568.85,BRD-NSK
T023516,05/05/2023,F02392,delivery,wheat,34 kg,INR 2650.00,INR 901.00,BRD-NSK
T023517,03/02/2023,F02392,delivery,Wheat,1771 kg,INR 2650.00,INR 46931.50,BRD-NSK
T023518,04/26/2023,F02392,FPO_DELIVERY,wheat,3580 kg,INR 2650.00,INR 94870.00,BRD-NSK
T023521,03/01/2023,F02396,Delivery,Wheat (Durum),84.00 kgs,INR 2540.00,INR 2133.60,BRD-NSK
T023522,04/29/2023,F02396,Delivery,WHEAT,703.00 kgs,INR 2540.00,INR 17856.20,BRD-NSK
T023523,01/02/2023,F02396,Input Purchase,DAP,210 kg,INR 29.78,INR 6253.80,BRD-NSK
T023539,03/22/2023,F02405,FPO_DELIVERY,Wheat,"1,758.00 kgs",INR 2740.00,INR 48169.20,BRD-NSK
T023540,05/04/2023,F02405,Delivery,Wheat (Durum),"1,153.00 kgs",INR 2740.00,INR 31592.20,BRD-NSK
T023541,01/03/2023,F02405,INPUT_PURCHASE,Bio-pesticide,70 kg,INR 617.63,INR 43234.10,BRD-NSK
T023549,05/09/2023,F02408,D,Wheat (Durum),937 kg,INR 2755.00,INR 25814.35,BRD-NSK
T023550,05/14/2023,f02408,DELIVERY,Wheat (Durum),1381 kg,INR 2755.00,INR 38046.55,BRD-NSK
T023559,03/23/2023,F02418,Delivery,wheat,597 kg,INR 2650.00,INR 15820.50,BRD-NSK
T023560,03/19/2023,f02418,D,WHEAT,1624 kg,INR 2650.00,INR 43036.00,BRD-NSK
T023561,01/11/2023,F02418,INPUT_PURCHASE,PP chemicals,116 kg,INR 528.19,INR 61270.04,BRD-NSK
T023562,12/02/2022,F02418,I,Hybrid Seeds,213 kgs,INR 85.16,INR 18139.08,BRD-NSK
T023568,03/20/2023,F02420,DELIVERY,Wheat,874 kg,INR 2570.00,INR 22461.80,BRD-NSK
T023569,03/10/2023, F02420 ,Delivery,wheat,"2,340.00 kgs",INR 2570.00,INR 60138.00,BRD-NSK
T023570,01/14/2023,F02420,FERT_PURCHASE,Urea,127 kgs,INR 32.86,INR 4173.22,BRD-NSK
T023580,03/25/2023,F02425,FPO_DELIVERY,wheat,"1,431.00 kgs",INR 2565.00,INR 36705.15,BRD-NSK
T023581,04/28/2023,F02425,FPO_DELIVERY,Wheat,"1,202.00 kgs",INR 2565.00,INR 30831.30,BRD-NSK
T023582,01/07/2023,F02425,input,FERTILIZER 50kg bag,294 kgs,INR 47.27,INR 13897.38,BRD-NSK
T023583,12/21/2022,F02425,I,PPC,38 kg,INR 339.63,INR 12905.94,BRD-NSK
T023605,05/07/2023,F02434,DELIVERY,WHEAT,"4,596.00 kgs",INR 2685.00,INR 123402.60,BRD-NSK
T023606,05/08/2023,F02434,FPO_DELIVERY,Wheat (Durum),"1,180.00 kgs",INR 2685.00,INR 31683.00,BRD-NSK
T023607,12/09/2022,f02434,Input Purchase,Hybrid Seeds,29 kgs,INR 99.39,INR 2882.31,BRD-NSK
T023608,03/05/2023,F02434,L,EMI,,,INR 6100.00,BRD-NSK
T023609,04/15/2023,F02434,loan,EMI,,,INR 5400.00,BRD-NSK
T023610,12/24/2022,F02434,L,Loan Repayment,,,INR 3900.00,BRD-NSK
T023611,03/20/2023,F02435,FPO_DELIVERY,Wheat (Durum),464 kg,INR 2570.00,INR 11924.80,BRD-NSK
T023612,05/05/2023,F02435,FPO_DELIVERY,wheat,"1,744.00 kgs",INR 2570.00,INR 44820.80,BRD-NSK
T023613,12/15/2022,F02435,INPUT_PURCHASE,SEEDS,130 kg,INR 107.52,INR 13977.60,BRD-NSK
T023614,12/19/2022,F02435,I,Hybrid Seeds,73 kg,INR 49.87,INR 3640.51,BRD-NSK
T023615,12/30/2022,F02435,I,PP chemicals,198 kgs,INR 246.78,INR 48862.44,BRD-NSK
T023616,01/09/2023,F02435,INPUT_PURCHASE,Urea,39 kgs,INR 36.53,INR 1424.67,BRD-NSK
T023621,03/23/2023,F02439,DELIVERY,Wheat,3783 kg,INR 2435.00,INR 92116.05,BRD-NSK
T023622,03/03/2023,F02439,Delivery,WHEAT,5980 kg,INR 2435.00,INR 145613.00,BRD-NSK
T023623,12/29/2022,F02439,I,Seeds,264 kg,INR 59.05,INR 15589.20,BRD-NSK
T023624,01/14/2023, F02439 ,input,Fertilizer,281 kg,INR 47.92,INR 13465.52,BRD-NSK
T023663,04/29/2023,F02459,FPO_DELIVERY,Wheat,605 kg,INR 2345.00,INR 14187.25,BRD-NSK
T023664,12/08/2022,F02459,FERT_PURCHASE,Urea,147 kg,INR 35.16,INR 5168.52,BRD-NSK
T023665,12/24/2022,F02459,FERT_PURCHASE,FERTILIZER 50kg bag,313 kg,INR 50.02,INR 15656.26,BRD-NSK
T023666,02/28/2023,F02459,LOAN_REPAY,EMI,,,INR 7500.00,BRD-NSK
T023757,03/09/2023,f02491,D,Wheat (Durum),"2,180.00 kgs",INR 2525.00,INR 55045.00,BRD-NSK
T023758,12/05/2022,F02491,INPUT_PURCHASE,FERTILIZER 50kg bag,95 kg,INR 38.51,INR 3658.45,BRD-NSK
T023769,03/12/2023,F02495,FPO_DELIVERY,WHEAT,"1,099.00 kgs",INR 2565.00,INR 28189.35,BRD-NSK
T023770,01/05/2023,F02495,INPUT_PURCHASE,Hybrid Seeds,76 kgs,INR 85.79,INR 6520.04,BRD-NSK
T023771,01/02/2023,F02495,input,Urea,144 kg,INR 46.20,INR 6652.80,BRD-NSK
T023772,12/27/2022,F02495,I,DAP,94 kgs,INR 34.66,INR 3258.04,BRD-NSK
T023773,12/05/2022,F02495,input,Fertilizer,143 kg,INR 36.28,INR 5188.04,BRD-NSK
T023784,04/20/2023,F02499,delivery,Wheat (Durum),2716 kg,INR 2770.00,INR 75233.20,BRD-NSK
T023785,01/12/2023,F02499,input,SEEDS,71 kg,INR 118.21,INR 8392.91,BRD-NSK
T023793,04/07/2023,F02503,delivery,Lokwan Wheat,"2,343.00 kgs",INR 2495.00,INR 58457.85,BRD-NSK
T023794,04/13/2023,f02503,delivery,Wheat (Durum),2168 kg,INR 2495.00,INR 54091.60,BRD-NSK
T023873,03/03/2023,F02526,FPO_DELIVERY,Lokwan Wheat,755 kg,INR 2600.00,INR 19630.00,BRD-NSK
T023874,04/20/2023,F02526,Delivery,Lokwan Wheat,1928 kg,INR 2600.00,INR 50128.00,BRD-NSK
T023875,12/29/2022,F02526,I,SEEDS,46 kg,INR 82.74,INR 3806.04,BRD-NSK
T023876,12/09/2022,F02526,input,Urea,226 kg,INR 50.40,INR 11390.40,BRD-NSK
T023877,04/25/2023,F02526,Loan Repayment,EMI,,,INR 1500.00,BRD-NSK
T023878,03/13/2023,F02526,loan,EMI,,,INR 6500.00,BRD-NSK
T023879,12/19/2022,F02526,loan,Loan Repayment,,,INR 3800.00,BRD-NSK
T023896,03/06/2023,F02531,D,Lokwan Wheat,"5,582.00 kgs",INR 2675.00,INR 149318.50,BRD-NSK
T023897,12/16/2022,F02531,Input Purchase,FERTILIZER 50kg bag,242 kg,INR 56.93,INR 13777.06,BRD-NSK
T023898,12/23/2022,F02531,input,Urea,139 kg,INR 33.24,INR 4620.36,BRD-NSK
T023899,12/12/2022,F02531,INPUT_PURCHASE,DAP,318 kg,INR 59.49,INR 18917.82,BRD-NSK
T023900,12/01/2022,F02531,Input Purchase,Urea,87 kgs,INR 56.45,INR 4911.15,BRD-NSK
T024256,10/19/2023,F01301,FPO_DELIVERY,PADDY,593.00 kgs,INR 2600.00,INR 15418.00,BRD-NSK
T024257,10/17/2023,F01301,DELIVERY,paddy,375.00 kgs,INR 2600.00,INR 9750.00,BRD-NSK
T024258,06/03/2023,F01301,I,SEEDS,33 kg,INR 56.33,INR 1858.89,BRD-NSK
T024259,06/08/2023,f01301,Input Purchase,Hybrid Seeds,246 kgs,INR 116.27,INR 28602.42,BRD-NSK
T024260,06/29/2023,F01301,I,Urea,285 kgs,INR 52.18,INR 14871.30,BRD-NSK
T024261,06/09/2023,F01301,I,NPK 10:26:26,130 kg,INR 51.16,INR 6650.80,BRD-NSK
T024262,06/11/2023,F01301,INPUT_PURCHASE,Seeds,180 kg,INR 81.08,INR 14594.40,BRD-NSK
T024263,11/03/2023,F01301,LOAN_REPAY,EMI,,,INR 1700.00,BRD-NSK
T024264,06/07/2023,f01301,Loan Repayment,Loan Repayment,,,INR 7500.00,BRD-NSK
T024265,11/05/2023,F01307,Delivery,paddy,"1,132.00 kgs",INR 2630.00,INR 29771.60,BRD-NSK
T024266,10/30/2023,F01307,delivery,PADDY,313 kg,INR 2630.00,INR 8231.90,BRD-NSK
T024267,06/09/2023,f01307,I,FERTILIZER 50kg bag,211 kgs,INR 33.35,INR 7036.85,BRD-NSK
T024268,07/07/2023,F01307,Input Purchase,FERTILIZER 50kg bag,215 kgs,INR 28.41,INR 6108.15,BRD-NSK
T024269,06/05/2023,F01307,Input Purchase,Hybrid Seeds,242 kgs,INR 78.32,INR 18953.44,BRD-NSK
T024270,10/16/2023,F01308,D,Paddy (Rainfed),"5,959.00 kgs",INR 2700.00,INR 160893.00,BRD-NSK
T024271,07/07/2023,F01308,I,Urea,204 kgs,INR 50.27,INR 10255.08,BRD-NSK
T024272,07/13/2023,F01308,input,PP chemicals,210 kg,INR 682.95,INR 143419.50,BRD-NSK
T024273,10/06/2023,F01311,FPO_DELIVERY,PADDY,"1,359.00 kgs",INR 2680.00,INR 36421.20,BRD-NSK
T024274,11/21/2023,F01311,Delivery,Sona Masoori Paddy,824 kg,INR 2680.00,INR 22083.20,BRD-NSK
T024275,07/12/2023,f01311,input,Hybrid Seeds,206 kgs,INR 95.13,INR 19596.78,BRD-NSK
T024276,11/30/2023,F01312,DELIVERY,PADDY,2011 kg,INR 2475.00,INR 49772.25,BRD-NSK
T024277,11/05/2023,F01312,DELIVERY,Sona Masoori Paddy,3397 kg,INR 2475.00,INR 84075.75,BRD-NSK
T024278,06/17/2023,F01312,FERT_PURCHASE,Hybrid Seeds,72 kg,INR 56.86,INR 4093.92,BRD-NSK
T024279,06/11/2023,f01312,I,Urea,162 kg,INR 37.04,INR 6000.48,BRD-NSK
T024280,10/25/2023,F01317,D,PADDY,4611 kg,INR 2665.00,INR 122883.15,BRD-NSK
T024281,11/04/2023,F01317,Delivery,Sona Masoori Paddy,"1,358.00 kgs",INR 2665.00,INR 36190.70,BRD-NSK
T024282,06/08/2023,f01317,INPUT_PURCHASE,SEEDS,303 kgs,INR 108.65,INR 32920.95,BRD-NSK
T024283,06/14/2023,F01317,LOAN_REPAY,EMI,,,INR 4000.00,BRD-NSK
T024284,08/05/2023,F01317,Loan Repayment,EMI,,,INR 3100.00,BRD-NSK
T024285,10/17/2023,F01319,FPO_DELIVERY,Paddy,1405 kg,INR 2720.00,INR 38216.00,BRD-NSK
T024286,10/11/2023,f01319,delivery,Paddy (Rainfed),"4,265.00 kgs",INR 2720.00,INR 116008.00,BRD-NSK
T024287,06/24/2023,F01319,Loan Repayment,EMI,,,INR 3100.00,BRD-NSK
T024288,09/04/2023,F01319,LOAN_REPAY,EMI,,,INR 6900.00,BRD-NSK
T024289,10/02/2023,F01319,LOAN_REPAY,Loan Repayment,,,INR 2100.00,BRD-NSK
T024290,10/12/2023,F01320,delivery,PADDY,2402 kg,INR 2545.00,INR 61130.90,BRD-NSK
T024291,10/02/2023,F01320,delivery,paddy,995 kg,INR 2545.00,INR 25322.75,BRD-NSK
T024292,10/25/2023,F01329,DELIVERY,PADDY,"3,601.00 kgs",INR 2590.00,INR 93265.90,BRD-NSK
T024293,06/13/2023,f01329,I,SEEDS,31 kg,INR 93.05,INR 2884.55,BRD-NSK
T024294,06/27/2023,F01329,FERT_PURCHASE,SEEDS,305 kg,INR 122.26,INR 37289.30,BRD-NSK
T024295,07/11/2023,F01329,input,Hybrid Seeds,306 kgs,INR 75.91,INR 23228.46,BRD-NSK
T024296,11/08/2023,F01331,D,paddy,3880 kg,INR 2505.00,INR 97194.00,BRD-NSK
T024297,10/27/2023,F01331,DELIVERY,paddy,1757 kg,INR 2505.00,INR 44012.85,BRD-NSK
T024298,10/05/2023,F01331,D,Paddy (Rainfed),"2,351.00 kgs",INR 2505.00,INR 58892.55,BRD-NSK
T024299,06/10/2023,F01331,FERT_PURCHASE,DAP,73 kgs,INR 50.79,INR 3707.67,BRD-NSK
T024300,06/12/2023,F01331,FERT_PURCHASE,DAP,316 kgs,INR 50.41,INR 15929.56,BRD-NSK
T024301,07/09/2023,F01331,input,Urea,31 kg,INR 53.82,INR 1668.42,BRD-NSK
T024302,06/12/2023,F01331,I,PPC,304 kgs,INR 403.84,INR 122767.36,BRD-NSK
T024303,11/23/2023, F01340 ,Delivery,Paddy (Rainfed),4581 kg,INR 2600.00,INR 119106.00,BRD-NSK
T024304,10/14/2023,F01340,FPO_DELIVERY,paddy,314 kg,INR 2600.00,INR 8164.00,BRD-NSK
T024305,11/03/2023,F01340,FPO_DELIVERY,paddy,977 kg,INR 2600.00,INR 25402.00,BRD-NSK
T024306,06/04/2023,F01340,Input Purchase,DAP,137 kg,INR 41.21,INR 5645.77,BRD-NSK
T024307,10/27/2023,F01347,DELIVERY,PADDY,210.00 kgs,INR 2655.00,INR 5575.50,BRD-NSK
T024308,10/14/2023,F01347,delivery,Sona Masoori Paddy,"2,861.00 kgs",INR 2655.00,INR 75959.55,BRD-NSK
T024309,07/05/2023,F01347,input,PPC,194 kg,INR 506.09,INR 98181.46,BRD-NSK
T024310,07/03/2023,F01347,input,DAP,200 kgs,INR 57.52,INR 11504.00,BRD-NSK
T024311,11/16/2023,F01348,D,Sona Masoori Paddy,"3,726.00 kgs",INR 2680.00,INR 99856.80,BRD-NSK
T024312,07/10/2023,F01348,FERT_PURCHASE,Seeds,54 kg,INR 108.63,INR 5866.02,BRD-NSK
T024313,07/03/2023,F01348,Input Purchase,NPK 10:26:26,62 kg,INR 48.90,INR 3031.80,BRD-NSK
T024314,11/19/2023,F01350,D,Paddy (Rainfed),1952 kg,INR 2410.00,INR 47043.20,BRD-NSK
T024315,06/17/2023,F01350,FERT_PURCHASE,DAP,52 kgs,INR 44.60,INR 2319.20,BRD-NSK
T024316,06/06/2023,f01350,INPUT_PURCHASE,Seeds,262 kgs,INR 84.54,INR 22149.48,BRD-NSK
T024317,06/18/2023,F01350,INPUT_PURCHASE,DAP,162 kg,INR 34.52,INR 5592.24,BRD-NSK
T024318,10/21/2023,F01352,delivery,Paddy (Rainfed),"5,598.00 kgs",INR 2560.00,INR 143308.80,BRD-NSK
T024319,07/06/2023,F01352,I,Urea,296 kg,INR 30.69,INR 9084.24,BRD-NSK
T024320,10/26/2023, F01360 ,DELIVERY,Paddy,1074 kg,INR 2695.00,INR 28944.30,BRD-NSK
T024321,10/14/2023,F01360,D,Sona Masoori Paddy,"2,563.00 kgs",INR 2695.00,INR 69072.85,BRD-NSK
T024322,07/09/2023,F01360,I,SEEDS,315 kgs,INR 103.86,INR 32715.90,BRD-NSK
T024323,07/03/2023,F01360,Input Purchase,NPK 10:26:26,241 kgs,INR 33.60,INR 8097.60,BRD-NSK
T024324,07/05/2023,F01360,FERT_PURCHASE,Seeds,119 kgs,INR 83.24,INR 9905.56,BRD-NSK
T024325,07/03/2023,F01360,input,Fertilizer,256 kgs,INR 32.32,INR 8273.92,BRD-NSK
T024326,10/26/2023,F01362,DELIVERY,Sona Masoori Paddy,4586 kg,INR 2670.00,INR 122446.20,BRD-NSK
T024327,11/06/2023,F01362,FPO_DELIVERY,paddy,2825 kg,INR 2670.00,INR 75427.50,BRD-NSK
T024328,06/29/2023, F01362 ,FERT_PURCHASE,NPK 10:26:26,237 kgs,INR 42.31,INR 10027.47,BRD-NSK
T024329,11/07/2023,f01364,D,Paddy,"5,232.00 kgs",INR 2650.00,INR 138648.00,BRD-NSK
T024330,07/09/2023,F01364,Input Purchase,Bio-pesticide,227 kgs,INR 504.89,INR 114610.03,BRD-NSK
T024331,10/20/2023,F01366,FPO_DELIVERY,Paddy,"5,586.00 kgs",INR 2670.00,INR 149146.20,BRD-NSK
T024332,11/15/2023,F01366,delivery,Paddy,880.00 kgs,INR 2670.00,INR 23496.00,BRD-NSK
T024333,11/16/2023,F01366,DELIVERY,Sona Masoori Paddy,606 kg,INR 2670.00,INR 16180.20,BRD-NSK
T024334,07/15/2023,F01366,input,SEEDS,92 kgs,INR 120.18,INR 11056.56,BRD-NSK
T024335,07/05/2023,F01366,Input Purchase,FERTILIZER 50kg bag,199 kg,INR 29.06,INR 5782.94,BRD-NSK
T024336,10/24/2023,F01369,DELIVERY,paddy,1042 kg,INR 2745.00,INR 28602.90,BRD-NSK
T024337,10/11/2023,F01369,FPO_DELIVERY,Paddy (Rainfed),407.00 kgs,INR 2745.00,INR 11172.15,BRD-NSK
T024338,06/27/2023,F01369,Input Purchase,Bio-pesticide,191 kgs,INR 192.44,INR 36756.04,BRD-NSK
T024339,06/08/2023,F01369,INPUT_PURCHASE,FERTILIZER 50kg bag,176 kgs,INR 36.91,INR 6496.16,BRD-NSK
T024340,07/14/2023,F01369,INPUT_PURCHASE,Fertilizer,103 kg,INR 58.89,INR 6065.67,BRD-NSK
T024341,10/03/2023,F01370,DELIVERY,PADDY,"2,453.00 kgs",INR 2480.00,INR 60834.40,BRD-NSK
T024342,11/26/2023,F01370,delivery,PADDY,"3,376.00 kgs",INR 2480.00,INR 83724.80,BRD-NSK
T024343,10/07/2023,F01370,FPO_DELIVERY,paddy,"1,953.00 kgs",INR 2480.00,INR 48434.40,BRD-NSK
T024344,06/07/2023,F01370,I,PPC,223 kg,INR 321.06,INR 71596.38,BRD-NSK
T024345,10/06/2023,F01376,DELIVERY,paddy,"2,517.00 kgs",INR 2705.00,INR 68084.85,BRD-NSK
T024346,11/18/2023,F01378,delivery,paddy,3193 kg,INR 2590.00,INR 82698.70,BRD-NSK
T024347,10/14/2023,F01378,delivery,Paddy,3773 kg,INR 2590.00,INR 97720.70,BRD-NSK
T024348,06/02/2023,f01378,FERT_PURCHASE,Urea,283 kg,INR 53.61,INR 15171.63,BRD-NSK
T024349,06/16/2023,F01378,I,Fertilizer,136 kg,INR 43.91,INR 5971.76,BRD-NSK
T024350,06/21/2023,F01378,Input Purchase,NPK 10:26:26,71 kg,INR 34.02,INR 2415.42,BRD-NSK
T024351,06/19/2023,F01378,INPUT_PURCHASE,PPC,204 kg,INR 438.22,INR 89396.88,BRD-NSK
T024352,11/07/2023,F01378,L,Loan Repayment,,,INR 7900.00,BRD-NSK
T024353,10/27/2023,F01378,loan,EMI,,,INR 5400.00,BRD-NSK
T024354,06/13/2023,F01378,LOAN_REPAY,Loan Repayment,,,INR 7900.00,BRD-NSK
T024355,07/12/2023,F01378,Loan Repayment,Loan Repayment,,,INR 2400.00,BRD-NSK
T024356,10/14/2023,F01379,DELIVERY,Paddy,760 kg,INR 2570.00,INR 19532.00,BRD-NSK
T024357,11/25/2023,F01379,D,Paddy (Rainfed),"2,699.00 kgs",INR 2570.00,INR 69364.30,BRD-NSK
T024358,06/01/2023,F01379,FERT_PURCHASE,Seeds,129 kgs,INR 112.41,INR 14500.89,BRD-NSK
T024359,06/15/2023,F01379,input,Fertilizer,228 kg,INR 38.17,INR 8702.76,BRD-NSK
T024360,06/10/2023,F01379,I,Urea,149 kg,INR 34.80,INR 5185.20,BRD-NSK
T024361,07/15/2023,F01379,LOAN_REPAY,Loan Repayment,,,INR 7900.00,BRD-NSK
T024362,11/03/2023,F01380,DELIVERY,paddy,1022 kg,INR 2695.00,INR 27542.90,BRD-NSK
T024363,11/17/2023,F01380,Delivery,Paddy,1186 kg,INR 2695.00,INR 31962.70,BRD-NSK
T024364,07/15/2023,f01380,INPUT_PURCHASE,PPC,204 kg,INR 141.06,INR 28776.24,BRD-NSK
T024365,06/21/2023,F01380,FERT_PURCHASE,DAP,87 kg,INR 56.71,₹ N/A,BRD-NSK
T024366,10/19/2023,F01382,D,Paddy,"3,339.00 kgs",INR 2655.00,INR 88650.45,BRD-NSK
T024367,11/02/2023,F01382,D,Paddy,1139 kg,INR 2655.00,INR 30240.45,BRD-NSK
T024368,07/05/2023,F01382,Input Purchase,Seeds,111 kg,INR 101.74,INR 11293.14,BRD-NSK
T024369,07/15/2023,F01382,Input Purchase,Fertilizer,92 kg,INR 38.36,INR 3529.12,BRD-NSK
T024370,06/30/2023,f01382,INPUT_PURCHASE,SEEDS,193 kgs,INR 95.81,INR 18491.33,BRD-NSK
T024371,10/20/2023,F01385,FPO_DELIVERY,paddy,46.00 kgs,INR 2730.00,INR 1255.80,BRD-NSK
T024372,10/24/2023,F01385,delivery,paddy,"1,136.00 kgs",INR 2730.00,INR 31012.80,BRD-NSK
T024373,07/06/2023,F01385,I,Hybrid Seeds,220 kg,INR 116.11,INR 25544.20,BRD-NSK
T024374,11/06/2023,F01386,Delivery,PADDY,1467 kg,INR 2570.00,INR 37701.90,BRD-NSK
T024375,10/19/2023,f01386,D,PADDY,"1,088.00 kgs",INR 2570.00,INR 27961.60,BRD-NSK
T024376,10/24/2023,F01386,delivery,Paddy (Rainfed),"2,408.00 kgs",INR 2570.00,INR 61885.60,BRD-NSK
T024377,06/28/2023,F01386,input,Bio-pesticide,300 kgs,INR 525.29,INR 157587.00,BRD-NSK
T024378,10/14/2023,F01391,delivery,Sona Masoori Paddy,"3,412.00 kgs",INR 2510.00,INR 85641.20,BRD-NSK
T024379,06/19/2023,F01391,FERT_PURCHASE,Seeds,118 kgs,INR 54.15,INR 6389.70,BRD-NSK
T024380,06/08/2023,F01391,INPUT_PURCHASE,PPC,38 kg,INR 333.39,INR 12668.82,BRD-NSK
T024381,06/16/2023,F01391,INPUT_PURCHASE,FERTILIZER 50kg bag,299 kgs,INR 28.95,INR 8656.05,BRD-NSK
T024382,10/22/2023,F01393,DELIVERY,Paddy (Rainfed),"3,488.00 kgs",INR 2460.00,INR 85804.80,BRD-NSK
T024383,07/10/2023,F01393,input,Bio-pesticide,101 kg,INR 159.23,INR 16082.23,BRD-NSK
T024384,11/03/2023,F01394,D,paddy,87.00 kgs,INR 2685.00,INR 2335.95,BRD-NSK
T024385,10/08/2023,F01394,DELIVERY,Paddy,7776 kg,INR 2685.00,INR 208785.60,BRD-NSK
T024386,11/23/2023, F01395 ,FPO_DELIVERY,Paddy,1355 kg,INR 2485.00,INR 33671.75,BRD-NSK
T024387,07/10/2023,f01395,I,Fertilizer,213 kg,INR 44.18,INR 9410.34,BRD-NSK
T024388,10/09/2023,F01396,D,PADDY,"8,360.00 kgs",INR 2740.00,INR 229064.00,BRD-NSK
T024389,06/27/2023,F01396,Input Purchase,Bio-pesticide,279 kgs,INR 292.00,INR 81468.00,BRD-NSK
T024390,06/09/2023,F01396,I,PPC,310 kg,INR 315.85,INR 97913.50,BRD-NSK
T024391,11/11/2023, F01398 ,Delivery,Paddy,76 kg,INR 2535.00,INR 1926.60,BRD-NSK
T024392,11/12/2023,F01398,DELIVERY,Sona Masoori Paddy,453.00 kgs,INR 2535.00,INR 11483.55,BRD-NSK
T024393,10/31/2023,F01398,delivery,paddy,1280 kg,INR 2535.00,INR 32448.00,BRD-NSK
T024394,11/15/2023,F01401,Delivery,PADDY,826.00 kgs,INR 2580.00,INR 21310.80,BRD-NSK
T024395,10/14/2023,F01401,D,Sona Masoori Paddy,3144 kg,INR 2580.00,INR 81115.20,BRD-NSK
T024396,06/14/2023,F01401,FERT_PURCHASE,NPK 10:26:26,235 kgs,INR 51.64,INR 12135.40,BRD-NSK
T024397,07/10/2023,F01401,Input Purchase,Fertilizer,51 kg,INR 50.53,INR 2577.03,BRD-NSK
T024398,11/16/2023,F01409,DELIVERY,Paddy,1576 kg,INR 2670.00,INR 42079.20,BRD-NSK
T024399,10/28/2023,F01409,FPO_DELIVERY,paddy,4348 kg,INR 2670.00,INR 116091.60,BRD-NSK
T024400,10/07/2023,F01412,D,Paddy (Rainfed),2767 kg,INR 2515.00,INR 69590.05,BRD-NSK
T024401,10/31/2023,F01412,delivery,paddy,4622 kg,INR 2515.00,INR 116243.30,BRD-NSK
T024402,06/02/2023,F01412,I,Hybrid Seeds,65 kg,INR 51.50,INR 3347.50,BRD-NSK
T024403,07/14/2023,f01412,Input Purchase,Seeds,110 kgs,INR 81.51,INR 8966.10,BRD-NSK
T024404,06/17/2023,F01412,Input Purchase,Bio-pesticide,84 kg,INR 477.78,INR 40133.52,BRD-NSK
T024405,09/20/2023,F01412,L,Loan Repayment,,,INR 5400.00,BRD-NSK
T024406,11/03/2023,f01412,loan,Loan Repayment,,,INR 3300.00,BRD-NSK
T024407,10/21/2023,f01414,delivery,Paddy,286.00 kgs,INR 2595.00,INR 7421.70,BRD-NSK
T024408,10/19/2023,F01414,DELIVERY,Sona Masoori Paddy,"2,991.00 kgs",INR 2595.00,INR 77616.45,BRD-NSK
T024409,06/23/2023,F01414,Input Purchase,Bio-pesticide,39 kgs,INR 356.96,INR 13921.44,BRD-NSK
T024410,11/26/2023,F01414,loan,Loan Repayment,,,INR 6600.00,BRD-NSK
T024411,09/02/2023,F01414,Loan Repayment,EMI,,,INR 1900.00,BRD-NSK
T024412,10/07/2023,F01417,DELIVERY,paddy,1041 kg,INR 2615.00,INR 27222.15,BRD-NSK
T024413,11/29/2023,F01417,DELIVERY,PADDY,"2,553.00 kgs",INR 2615.00,INR 66760.95,BRD-NSK
T024414,06/21/2023,F01417,input,FERTILIZER 50kg bag,303 kgs,INR 44.71,INR 13547.13,BRD-NSK
T024415,07/10/2023,F01417,INPUT_PURCHASE,NPK 10:26:26,205 kg,INR 57.74,INR 11836.70,BRD-NSK
T024416,07/11/2023,F01417,input,NPK 10:26:26,224 kg,INR 49.80,INR 11155.20,BRD-NSK
T024417,11/24/2023,F01419,FPO_DELIVERY,Paddy (Rainfed),874 kg,INR 2780.00,INR 24297.20,BRD-NSK
T024418,10/26/2023,F01419,D,Paddy (Rainfed),"3,346.00 kgs",INR 2780.00,INR 93018.80,BRD-NSK
T024419,11/07/2023,F01420,delivery,Sona Masoori Paddy,5657 kg,INR 2485.00,INR 140576.45,BRD-NSK
T024420,10/29/2023,F01428,Delivery,paddy,262.00 kgs,INR 2675.00,INR 7008.50,BRD-NSK
T024421,10/12/2023,F01428,Delivery,Sona Masoori Paddy,"3,400.00 kgs",INR 2675.00,INR 90950.00,BRD-NSK
T024422,06/25/2023,F01428,INPUT_PURCHASE,Urea,218 kg,INR 34.60,INR 7542.80,BRD-NSK
T024423,11/04/2023,F01430,delivery,Paddy (Rainfed),5738 kg,INR 2670.00,INR 153204.60,BRD-NSK
T024424,06/22/2023,F01430,I,Hybrid Seeds,27 kgs,INR 57.76,INR 1559.52,BRD-NSK
T024425,10/16/2023,F01432,DELIVERY,PADDY,"2,900.00 kgs",INR 2655.00,INR 76995.00,BRD-NSK
T024426,11/07/2023,F01433,D,Paddy,1980 kg,INR 2445.00,INR 48411.00,BRD-NSK
T024427,06/25/2023,f01433,FERT_PURCHASE,Fertilizer,76 kg,INR 29.90,INR 2272.40,BRD-NSK
T024428,10/06/2023,F01441,Delivery,paddy,2349 kg,INR 2455.00,INR 57667.95,BRD-NSK
T024429,10/08/2023,F01441,D,PADDY,"1,956.00 kgs",INR 2455.00,INR 48019.80,BRD-NSK
T024430,06/04/2023,F01441,I,SEEDS,221 kgs,INR 112.84,INR 24937.64,BRD-NSK
T024431,11/04/2023,F01448,delivery,PADDY,"5,626.00 kgs",INR 2760.00,INR 155277.60,BRD-NSK
T024432,10/25/2023,F01450,D,paddy,"3,121.00 kgs",INR 2800.00,INR 87388.00,BRD-NSK
T024433,10/10/2023,F01450,FPO_DELIVERY,Paddy,1621 kg,INR 2800.00,INR 45388.00,BRD-NSK
T024434,07/07/2023,F01450,INPUT_PURCHASE,Hybrid Seeds,161 kg,INR 122.07,INR 19653.27,BRD-NSK
T024435,10/29/2023,F01453,DELIVERY,Sona Masoori Paddy,7535 kg,INR 2425.00,INR 182723.75,BRD-NSK
T024436,10/04/2023,F01453,Delivery,Sona Masoori Paddy,"1,616.00 kgs",INR 2425.00,INR 39188.00,BRD-NSK
T024437,07/04/2023,F01453,Input Purchase,Seeds,82 kgs,INR 119.12,INR 9767.84,BRD-NSK
T024438,11/09/2023,F01453,Loan Repayment,EMI,,,INR 7500.00,BRD-NSK
T024439,11/20/2023,F01457,FPO_DELIVERY,paddy,334 kg,INR 2590.00,INR 8650.60,BRD-NSK
T024440,11/08/2023,F01457,delivery,paddy,"2,850.00 kgs",INR 2590.00,INR 73815.00,BRD-NSK
T024441,06/20/2023,F01457,input,Hybrid Seeds,305 kg,INR 123.49,INR 37664.45,BRD-NSK
T024442,06/12/2023,F01457,FERT_PURCHASE,Urea,305 kg,INR 39.74,INR 12120.70,BRD-NSK
T024443,06/22/2023,F01457,I,DAP,270 kgs,INR 33.37,INR 9009.90,BRD-NSK
T025420,11/16/2023,F02248,FPO_DELIVERY,Paddy,4415 kg,INR 2570.00,INR 113465.50,BRD-NSK
T025421,07/13/2023,f02248,Input Purchase,DAP,256 kg,INR 55.07,INR 14097.92,BRD-NSK
T025422,07/12/2023,F02248,input,NPK 10:26:26,36 kgs,INR 40.62,INR 1462.32,BRD-NSK
T025484,10/12/2023,f02287,DELIVERY,paddy,2764 kg,INR 2740.00,INR 75733.60,BRD-NSK
T025485,06/04/2023,F02287,Input Purchase,FERTILIZER 50kg bag,193 kg,INR 59.28,INR 11441.04,BRD-NSK
T025486,06/21/2023,F02287,I,Fertilizer,309 kgs,INR 43.52,INR 13447.68,BRD-NSK
T025487,06/04/2023,F02287,Input Purchase,NPK 10:26:26,113 kg,INR 48.48,INR 5478.24,BRD-NSK
T025488,06/27/2023,F02287,INPUT_PURCHASE,Fertilizer,50 kg,INR 52.53,INR 2626.50,BRD-NSK
T025489,07/09/2023,F02287,FERT_PURCHASE,NPK 10:26:26,198 kg,INR 50.52,INR 10002.96,BRD-NSK
T025500,11/25/2023,F02294,FPO_DELIVERY,Paddy (Rainfed),6851 kg,INR 2540.00,INR 174015.40,BRD-NSK
T025501,11/16/2023,F02294,Delivery,PADDY,"1,203.00 kgs",INR 2540.00,INR 30556.20,BRD-NSK
T025502,09/14/2023,F02294,LOAN_REPAY,Loan Repayment,,,INR 3400.00,BRD-NSK
T025503,07/19/2023,F02294,LOAN_REPAY,EMI,,,INR 1300.00,BRD-NSK
T025531,10/10/2023,F02306,delivery,Paddy,1694 kg,INR 2775.00,INR 47008.50,BRD-NSK
T025532,07/15/2023,F02306,FERT_PURCHASE,DAP,114 kg,INR 48.24,INR 5499.36,BRD-NSK
T025554,11/21/2023,F02328,delivery,Sona Masoori Paddy,"8,831.00 kgs",INR 2525.00,INR 222982.75,BRD-NSK
T025555,06/03/2023,F02328,input,FERTILIZER 50kg bag,158 kg,INR 42.53,INR 6719.74,BRD-NSK
T025556,06/08/2023,F02328,Input Purchase,NPK 10:26:26,104 kg,INR 34.64,INR 3602.56,BRD-NSK
T025557,06/18/2023,F02328,Input Purchase,DAP,265 kgs,INR 48.55,INR 12865.75,BRD-NSK
T025583,11/12/2023,F02363,FPO_DELIVERY,Sona Masoori Paddy,4056 kg,INR 2860.00,INR 116001.60,BRD-NSK
T025584,11/27/2023, F02363 ,FPO_DELIVERY,Paddy (Rainfed),5949 kg,INR 2860.00,INR 170141.40,BRD-NSK
T025585,06/18/2023,F02363,INPUT_PURCHASE,SEEDS,97 kgs,INR 57.85,INR 5611.45,BRD-NSK
T025586,06/18/2023,F02363,Loan Repayment,EMI,,,INR 4500.00,BRD-NSK
T025599,10/10/2023,F02371,D,PADDY,5260 kg,INR 2625.00,INR 138075.00,BRD-NSK
T025600,07/10/2023, F02371 ,Input Purchase,Urea,317 kg,INR 28.89,INR 9158.13,BRD-NSK
T025601,10/02/2023,F02371,Loan Repayment,EMI,,,INR 2500.00,BRD-NSK
T025602,11/06/2023,F02371,L,Loan Repayment,,,INR 1800.00,BRD-NSK
T025634,10/01/2023,f02392,Delivery,Paddy (Rainfed),6626 kg,INR 2450.00,INR 162337.00,BRD-NSK
T025635,07/07/2023,F02392,Input Purchase,Hybrid Seeds,285 kg,INR 50.06,INR 14267.10,BRD-NSK
T025636,07/04/2023,F02392,input,NPK 10:26:26,109 kg,INR 56.69,INR 6179.21,BRD-NSK
T025641,11/05/2023,F02396,DELIVERY,Sona Masoori Paddy,331 kg,INR 2495.00,INR 8258.45,BRD-NSK
T025649,11/03/2023,F02405,Delivery,Paddy (Rainfed),794.00 kgs,INR 2330.00,INR 18500.20,BRD-NSK
T025650,10/04/2023,F02405,delivery,PADDY,131 kg,INR 2330.00,INR 3052.30,BRD-NSK
T025651,10/09/2023,F02405,delivery,Sona Masoori Paddy,198.00 kgs,INR 2330.00,INR 4613.40,BRD-NSK
T025652,06/22/2023, F02405 ,FERT_PURCHASE,Fertilizer,135 kg,INR 34.07,INR 4599.45,BRD-NSK
T025653,06/23/2023,F02405,Input Purchase,FERTILIZER 50kg bag,293 kg,INR 52.79,INR 15467.47,BRD-NSK
T025654,06/08/2023,F02405,FERT_PURCHASE,Seeds,187 kg,INR 52.95,INR 9901.65,BRD-NSK
T025655,07/10/2023,F02405,INPUT_PURCHASE,Urea,104 kg,INR 49.03,INR 5099.12,BRD-NSK
T025656,06/10/2023,F02405,input,Urea,58 kg,INR 48.78,INR 2829.24,BRD-NSK
T025678,11/19/2023,F02418,FPO_DELIVERY,paddy,"1,355.00 kgs",INR 2465.00,INR 33400.75,BRD-NSK
T025682,10/14/2023,F02420,DELIVERY,paddy,"4,855.00 kgs",INR 2540.00,INR 123317.00,BRD-NSK
T025683,06/01/2023,F02420,input,Fertilizer,225 kg,INR 28.60,INR 6435.00,BRD-NSK
T025692,11/15/2023,F02425,delivery,Paddy (Rainfed),569 kg,INR 2430.00,INR 13826.70,BRD-NSK
T025693,11/12/2023,F02425,Delivery,PADDY,150 kg,INR 2430.00,INR 3645.00,BRD-NSK
T025694,10/08/2023,F02425,FPO_DELIVERY,Sona Masoori Paddy,"2,496.00 kgs",INR 2430.00,INR 60652.80,BRD-NSK
T025695,06/02/2023,F02425,Input Purchase,PPC,189 kgs,INR 464.13,INR 87720.57,BRD-NSK
T025704,11/23/2023,F02434,FPO_DELIVERY,Paddy (Rainfed),71.00 kgs,INR 2760.00,INR 1959.60,BRD-NSK
T025705,10/15/2023,F02434,FPO_DELIVERY,Paddy,"6,028.00 kgs",INR 2760.00,INR 166372.80,BRD-NSK
T025706,32/01/2022,F02434,input,Seeds,128 kg,INR 129.48,INR 16573.44,BRD-NSK
T025707,06/11/2023,F02434,LOAN_REPAY,EMI,,,INR 800.00,BRD-NSK
T025708,11/12/2023,F02435,delivery,PADDY,"2,572.00 kgs",INR 2640.00,INR 67900.80,BRD-NSK
T025709,07/01/2023,F02435,Input Purchase,DAP,233 kg,INR 48.99,INR 11414.67,BRD-NSK
T025710,06/25/2023,F02435,input,Urea,289 kg,INR 58.41,INR 16880.49,BRD-NSK
T025711,10/01/2023,F02435,Loan Repayment,Loan Repayment,,,INR 6300.00,BRD-NSK
T025712,10/28/2023,F02439,Delivery,PADDY,"13,633.00 kgs",INR 2595.00,INR 353776.35,BRD-NSK
T025713,11/08/2023,F02439,Delivery,Sona Masoori Paddy,2225 kg,INR 2595.00,INR 57738.75,BRD-NSK
T025714,10/26/2023,F02439,L,Loan Repayment,,,INR 6500.00,BRD-NSK
T025715,07/25/2023,F02439,loan,EMI,,,INR 7700.00,BRD-NSK
T025842,11/06/2023,F02491,delivery,PADDY,"1,335.00 kgs",INR 2730.00,INR 36445.50,BRD-NSK
T025843,10/17/2023,F02491,FPO_DELIVERY,Paddy,"1,371.00 kgs",INR 2730.00,INR 37428.30,BRD-NSK
T025860,10/08/2023,F02499,D,Paddy,"1,560.00 kgs",INR 2635.00,INR 41106.00,BRD-NSK
T025861,11/04/2023,F02499,FPO_DELIVERY,Paddy (Rainfed),"1,505.00 kgs",INR 2635.00,INR 39656.75,BRD-NSK
T025862,06/27/2023,F02499,input,Bio-pesticide,105 kgs,INR 604.44,INR 63466.20,BRD-NSK
T025863,07/15/2023,F02499,I,PPC,318 kg,INR 456.13,INR 145049.34,BRD-NSK
T025874,11/12/2023,F02503,delivery,Sona Masoori Paddy,488.00 kgs,INR 2440.00,INR 11907.20,BRD-NSK
T025875,11/08/2023,F02503,delivery,paddy,6491 kg,INR 2440.00,INR 158380.40,BRD-NSK
T025876,06/24/2023,F02503,input,Urea,93 kg,INR 38.26,INR 3558.18,BRD-NSK
T025935,11/12/2023,F02531,FPO_DELIVERY,Paddy,7226 kg,INR 2535.00,INR 183179.10,BRD-NSK
T025936,06/25/2023,F02531,FERT_PURCHASE,Hybrid Seeds,177 kg,INR 106.09,INR 18777.93,BRD-NSK
T025937,06/17/2023, F02531 ,Input Purchase,SEEDS,89 kg,INR 93.11,INR 8286.79,BRD-NSK
T025938,10/12/2023,F02531,L,EMI,,,INR 5700.00,BRD-NSK
T025958,10/27/2023,F02537,D,Paddy (Rainfed),3858 kg,INR 2625.00,INR 101272.50,BRD-NSK
T025959,10/21/2023,F02537,LOAN_REPAY,Loan Repayment,,,INR 6700.00,BRD-NSK
T025960,07/25/2023,F02537,loan,Loan Repayment,,,INR 5700.00,BRD-NSK
T026010,10/08/2023,F02553,delivery,paddy,"2,833.00 kgs",INR 2570.00,INR 72808.10,BRD-NSK
T026011,10/16/2023,F02553,D,Sona Masoori Paddy,1242 kg,INR 2570.00,INR 31919.40,BRD-NSK
T026012,06/14/2023,F02553,FERT_PURCHASE,FERTILIZER 50kg bag,187 kgs,INR 45.92,INR 8587.04,BRD-NSK
T026013,11/08/2023,F02554,DELIVERY,Sona Masoori Paddy,628.00 kgs,INR 2505.00,INR 15731.40,BRD-NSK
T026014,10/02/2023,f02554,D,Sona Masoori Paddy,1037 kg,INR 2505.00,INR 25976.85,BRD-NSK
T026015,06/04/2023,F02554,FERT_PURCHASE,DAP,199 kgs,INR 35.74,INR 7112.26,BRD-NSK
T026016,07/14/2023,F02554,FERT_PURCHASE,NPK 10:26:26,201 kgs,INR 40.58,INR 8156.58,BRD-NSK
T026017,09/27/2023,F02554,L,EMI,,,INR 2100.00,BRD-NSK
T026022,11/27/2023,F02556,D,Paddy,"4,685.00 kgs",INR 2615.00,INR 122512.75,BRD-NSK
T026023,06/11/2023,F02556,I,Seeds,167 kg,INR 61.03,INR 10192.01,BRD-NSK
T026024,06/08/2023,f02556,input,NPK 10:26:26,194 kgs,INR 48.15,INR 9341.10,BRD-NSK
T026025,06/18/2023,F02556,I,PPC,102 kgs,INR 316.59,INR 32292.18,BRD-NSK
T026049,10/29/2023, F02563 ,FPO_DELIVERY,paddy,2926 kg,INR 2630.00,INR 76953.80,BRD-NSK
T026050,06/27/2023,F02563,input,Urea,156 kg,INR 54.42,INR 8489.52,BRD-NSK
T026051,10/05/2023,F02564,D,paddy,"9,114.00 kgs",INR 2505.00,INR 228305.70,BRD-NSK
T026052,07/30/2023,F02564,L,Loan Repayment,,,INR 3000.00,BRD-NSK
T026053,10/17/2023,F02564,LOAN_REPAY,Loan Repayment,,,INR 5300.00,BRD-NSK
T026428,04/04/2024,F01307,DELIVERY,Wheat (Durum),516.00 kgs,INR 2590.00,INR 13364.40,BRD-NSK
T026429,04/24/2024,F01307,DELIVERY,wheat,"2,032.00 kgs",INR 2590.00,INR 52628.80,BRD-NSK
T026430,12/03/2023,F01307,input,Seeds,206 kg,INR 97.07,INR 19996.42,BRD-NSK
T026431,12/21/2023,F01307,input,DAP,146 kg,INR 52.66,INR 7688.36,BRD-NSK
T026432,03/03/2024,f01307,L,EMI,,,INR 6400.00,BRD-NSK
T026433,05/14/2024,F01308,D,Lokwan Wheat,1166 kg,INR 2525.00,INR 29441.50,BRD-NSK
T026434,04/21/2024, F01308 ,delivery,Wheat,3846 kg,INR 2525.00,INR 97111.50,BRD-NSK
T026435,12/28/2023,F01308,Input Purchase,Seeds,272 kg,INR 96.18,INR 26160.96,BRD-NSK
T026436,12/31/2023,F01308,Input Purchase,Fertilizer,299 kgs,INR 45.93,INR 13733.07,BRD-NSK
T026437,04/07/2024,F01311,FPO_DELIVERY,WHEAT,1368 kg,INR 2660.00,INR 36388.80,BRD-NSK
T026438,04/28/2024,F01311,FPO_DELIVERY,Wheat,405 kg,INR 2660.00,INR 10773.00,BRD-NSK
T026439,12/22/2023,F01311,LOAN_REPAY,EMI,,,INR 7200.00,BRD-NSK
T026440,03/12/2024,F01312,Delivery,Wheat,3642 kg,INR 2700.00,INR 98334.00,BRD-NSK
T026441,04/03/2024,F01312,delivery,Lokwan Wheat,"1,448.00 kgs",INR 2700.00,INR 39096.00,BRD-NSK
T026442,12/28/2023,F01312,I,Seeds,205 kgs,INR 119.89,INR 24577.45,BRD-NSK
T026443,03/28/2024,F01317,D,Wheat,"5,090.00 kgs",INR 2620.00,INR 133358.00,BRD-NSK
T026444,12/03/2023,F01317,Input Purchase,Urea,204 kgs,INR 43.32,INR 8837.28,BRD-NSK
T026445,12/23/2023,F01317,input,Fertilizer,203 kg,INR 33.55,INR 6810.65,BRD-NSK
T026446,12/15/2023,F01317,Loan Repayment,Loan Repayment,,,INR 5200.00,BRD-NSK
T026447,03/04/2024,F01319,FPO_DELIVERY,Wheat (Durum),958.00 kgs,INR 2920.00,INR 27973.60,BRD-NSK
T026448,05/11/2024,F01319,delivery,wheat,4518 kg,INR 2920.00,INR 131925.60,BRD-NSK
T026449,12/01/2023,F01319,INPUT_PURCHASE,Hybrid Seeds,63 kg,INR 72.71,INR 4580.73,BRD-NSK
T026450,01/14/2024,F01319,I,PP chemicals,33 kg,INR 274.47,INR 9057.51,BRD-NSK
T026451,12/23/2023,F01319,input,FERTILIZER 50kg bag,252 kg,INR 51.01,INR 12854.52,BRD-NSK
T026452,05/02/2024, F01320 ,Delivery,wheat,3411 kg,INR 2835.00,INR 96701.85,BRD-NSK
T026453,12/10/2023,F01320,I,FERTILIZER 50kg bag,247 kgs,INR 28.56,INR 7054.32,BRD-NSK
T026454,04/25/2024,F01329,DELIVERY,WHEAT,3106 kg,INR 2560.00,INR 79513.60,BRD-NSK
T026455,12/27/2023,f01329,I,FERTILIZER 50kg bag,143 kgs,INR 28.12,INR 4021.16,BRD-NSK
T026456,03/01/2024,F01329,loan,EMI,,,INR 2100.00,BRD-NSK
T026457,05/13/2024,F01331,DELIVERY,wheat,6831 kg,INR 2490.00,INR 170091.90,BRD-NSK
T026458,01/05/2024,F01331,Input Purchase,NPK 10:26:26,281 kgs,INR 32.68,INR 9183.08,BRD-NSK
T026459,12/26/2023,F01331,input,Bio-pesticide,311 kg,INR 229.89,INR 71495.79,BRD-NSK
T026460,12/06/2023,F01331,Input Purchase,DAP,309 kg,INR 45.33,INR 14006.97,BRD-NSK
T026461,03/26/2024,F01340,delivery,Lokwan Wheat,"5,067.00 kgs",INR 2540.00,INR 128701.80,BRD-NSK
T026462,04/20/2024,f01347,delivery,Lokwan Wheat,501 kg,INR 2595.00,INR 13000.95,BRD-NSK
T026463,05/05/2024,F01347,Delivery,Wheat,"2,075.00 kgs",INR 2595.00,INR 53846.25,BRD-NSK
T026464,12/03/2023,F01347,INPUT_PURCHASE,Urea,35 kgs,INR 31.52,INR 1103.20,BRD-NSK
T026465,01/12/2024, F01347 ,INPUT_PURCHASE,PP chemicals,51 kgs,INR 601.33,INR 30667.83,BRD-NSK
T026466,12/01/2023,F01347,Input Purchase,PPC,83 kg,INR 166.13,INR 13788.79,BRD-NSK
T026467,04/18/2024,F01348,delivery,Lokwan Wheat,"2,908.00 kgs",INR 2765.00,INR 80406.20,BRD-NSK
T026468,12/27/2023,F01348,I,PP chemicals,311 kg,INR 578.66,INR 179963.26,BRD-NSK
T026469,04/11/2024,F01350,Delivery,Lokwan Wheat,99 kg,INR 2825.00,INR 2796.75,BRD-NSK
T026470,03/10/2024, F01350 ,Delivery,Wheat,609.00 kgs,INR 2825.00,INR 17204.25,BRD-NSK
T026471,12/20/2023,F01350,input,Fertilizer,88 kg,INR 37.14,INR 3268.32,BRD-NSK
T026472,12/03/2023,F01350,FERT_PURCHASE,Urea,220 kgs,INR 34.02,INR 7484.40,BRD-NSK
T026473,04/12/2024,F01352,delivery,wheat,5147 kg,INR 2715.00,INR 139741.05,BRD-NSK
T026474,01/12/2024,F01352,input,DAP,227 kg,INR 32.17,INR 7302.59,BRD-NSK
T026475,05/13/2024,F01360,Delivery,wheat,2595 kg,INR 2785.00,INR 72270.75,BRD-NSK
T026476,12/12/2023,F01360,I,Bio-pesticide,236 kg,INR 637.22,INR 150383.92,BRD-NSK
T026477,03/29/2024, F01362 ,FPO_DELIVERY,Wheat,1927 kg,INR 2675.00,INR 51547.25,BRD-NSK
T026478,05/13/2024,F01362,DELIVERY,wheat,4853 kg,INR 2675.00,INR 129817.75,BRD-NSK
T026479,12/21/2023,F01362,INPUT_PURCHASE,SEEDS,287 kg,INR 71.05,INR 20391.35,BRD-NSK
T026480,03/09/2024,F01364,DELIVERY,Wheat,5379 kg,INR 2745.00,INR 147653.55,BRD-NSK
T026481,12/11/2023,F01364,Input Purchase,Seeds,162 kgs,INR 80.16,INR 12985.92,BRD-NSK
T026482,12/12/2023,F01364,input,DAP,210 kg,INR 33.95,INR 7129.50,BRD-NSK
T026483,12/19/2023,F01364,Input Purchase,FERTILIZER 50kg bag,169 kgs,INR 44.25,INR 7478.25,BRD-NSK
T026484,12/22/2023,F01364,Input Purchase,Fertilizer,74 kg,INR 49.62,INR 3671.88,BRD-NSK
T026485,12/05/2023,F01364,FERT_PURCHASE,Hybrid Seeds,93 kg,INR 110.08,INR 10237.44,BRD-NSK
T026486,12/11/2023,F01364,FERT_PURCHASE,NPK 10:26:26,58 kg,INR 55.43,INR 3214.94,BRD-NSK
T026487,04/11/2024,F01366,DELIVERY,Lokwan Wheat,"1,384.00 kgs",INR 2820.00,INR 39028.80,BRD-NSK
T026488,04/17/2024,F01366,delivery,wheat,4206 kg,INR 2820.00,INR 118609.20,BRD-NSK
T026489,04/14/2024,F01369,FPO_DELIVERY,Wheat,1825 kg,INR 2975.00,INR 54293.75,BRD-NSK
T026490,12/24/2023,f01369,Input Purchase,Hybrid Seeds,315 kg,INR 75.41,INR 23754.15,BRD-NSK
T026491,04/29/2024,f01370,D,Wheat,6266 kg,INR 2890.00,INR 181087.40,BRD-NSK
T026492,01/03/2024,F01370,Input Purchase,Bio-pesticide,98 kg,INR 572.54,INR 56108.92,BRD-NSK
T026493,01/09/2024,F01370,FERT_PURCHASE,PPC,299 kgs,INR 306.53,INR 91652.47,BRD-NSK
T026494,03/10/2024,F01376,delivery,Lokwan Wheat,"1,964.00 kgs",INR 2535.00,INR 49787.40,BRD-NSK
T026495,12/21/2023,F01376,FERT_PURCHASE,Fertilizer,306 kgs,INR 46.92,INR 14357.52,BRD-NSK
T026496,01/30/2024,F01376,loan,Loan Repayment,,,INR 4600.00,BRD-NSK
T026497,03/15/2024,F01376,Loan Repayment,Loan Repayment,,,INR 6900.00,BRD-NSK
T026498,04/24/2024,F01378,Delivery,WHEAT,"7,430.00 kgs",INR 2660.00,INR 197638.00,BRD-NSK
T026499,12/22/2023,F01378,INPUT_PURCHASE,Hybrid Seeds,267 kg,INR 55.70,INR 14871.90,BRD-NSK
T026500,12/22/2023,F01378,I,FERTILIZER 50kg bag,307 kgs,INR 47.06,INR 14447.42,BRD-NSK
T026501,01/04/2024,F01378,I,FERTILIZER 50kg bag,299 kg,INR 58.31,INR 17434.69,BRD-NSK
T026502,04/01/2024,F01379,DELIVERY,WHEAT,913 kg,INR 2770.00,INR 25290.10,BRD-NSK
T026503,03/21/2024,F01379,D,WHEAT,"2,728.00 kgs",INR 2770.00,INR 75565.60,BRD-NSK
T026504,01/11/2024,F01379,FERT_PURCHASE,Urea,256 kg,INR 53.63,INR 13729.28,BRD-NSK
T026505,01/07/2024,F01379,Input Purchase,Hybrid Seeds,258 kg,INR 49.74,INR 12832.92,BRD-NSK
T026506,12/20/2023,F01379,Input Purchase,Fertilizer,160 kg,INR 31.04,INR 4966.40,BRD-NSK
T026507,03/11/2024,F01379,loan,Loan Repayment,,,INR 3400.00,BRD-NSK
T026508,03/29/2024, F01380 ,D,WHEAT,80.00 kgs,INR 2635.00,INR 2108.00,BRD-NSK
T026509,03/13/2024,F01380,D,Wheat,1511 kg,INR 2635.00,INR 39814.85,BRD-NSK
T026510,12/27/2023,F01380,I,DAP,225 kgs,INR 48.17,INR 10838.25,BRD-NSK
T026511,03/01/2024,F01382,delivery,WHEAT,1755 kg,INR 2610.00,INR 45805.50,BRD-NSK
T026512,03/31/2024, F01382 ,D,wheat,2201 kg,INR 2610.00,INR 57446.10,BRD-NSK
T026513,01/13/2024,F01382,I,Hybrid Seeds,100 kgs,INR 109.04,INR 10904.00,BRD-NSK
T026514,01/03/2024,F01382,INPUT_PURCHASE,Hybrid Seeds,293 kg,INR 48.60,INR 14239.80,BRD-NSK
T026515,12/01/2023,F01382,loan,Loan Repayment,,,INR 4700.00,BRD-NSK
T026516,02/09/2024,F01382,L,Loan Repayment,,,INR 6900.00,BRD-NSK
T026517,03/02/2024,f01385,D,Wheat,289.00 kgs,INR 2630.00,INR 7600.70,BRD-NSK
T026518,04/19/2024, F01385 ,FPO_DELIVERY,Wheat,744.00 kgs,INR 2630.00,INR 19567.20,BRD-NSK
T026519,01/12/2024,f01385,Input Purchase,Urea,87 kgs,INR 39.33,INR 3421.71,BRD-NSK
T026520,12/09/2023,F01385,INPUT_PURCHASE,FERTILIZER 50kg bag,76 kgs,INR 33.27,INR 2528.52,BRD-NSK
T026521,12/15/2023,f01385,input,PPC,78 kgs,INR 143.64,INR 11203.92,BRD-NSK
T026522,03/25/2024,F01386,Delivery,Lokwan Wheat,359.00 kgs,INR 2650.00,INR 9513.50,BRD-NSK
T026523,04/12/2024,F01386,delivery,Lokwan Wheat,4183 kg,INR 2650.00,INR 110849.50,BRD-NSK
T026524,04/19/2024,F01391,DELIVERY,Wheat,137 kg,INR 2755.00,INR 3774.35,BRD-NSK
T026525,05/08/2024,F01391,DELIVERY,wheat,"1,238.00 kgs",INR 2755.00,INR 34106.90,BRD-NSK
T026526,01/11/2024,F01391,I,PPC,73 kg,INR 586.75,INR 42832.75,BRD-NSK
T026527,05/06/2024,F01393,DELIVERY,Wheat (Durum),2837 kg,INR 2630.00,INR 74613.10,BRD-NSK
T026528,04/07/2024,F01393,Loan Repayment,Loan Repayment,,,INR 5600.00,BRD-NSK
T026529,01/31/2024,F01393,L,EMI,,,INR 6800.00,BRD-NSK
T026530,05/23/2024,F01393,LOAN_REPAY,Loan Repayment,,,INR 2800.00,BRD-NSK
T026531,04/18/2024,F01394,FPO_DELIVERY,Wheat,"4,522.00 kgs",INR 2780.00,INR 125711.60,BRD-NSK
T026532,04/15/2024,f01394,FPO_DELIVERY,Lokwan Wheat,740.00 kgs,INR 2780.00,INR 20572.00,BRD-NSK
T026533,12/17/2023,f01394,I,NPK 10:26:26,243 kg,INR 35.38,INR 8597.34,BRD-NSK
T026534,03/20/2024,F01395,Delivery,Lokwan Wheat,1148 kg,INR 2545.00,INR 29216.60,BRD-NSK
T026535,05/24/2024, F01395 ,L,EMI,,,INR 2000.00,BRD-NSK
T026536,04/20/2024,F01396,D,WHEAT,"1,052.00 kgs",INR 2725.00,INR 28667.00,BRD-NSK
T026537,03/17/2024,F01396,D,Wheat,"5,535.00 kgs",INR 2725.00,INR 150828.75,BRD-NSK
T026538,04/14/2024,F01401,FPO_DELIVERY,wheat,"3,837.00 kgs",INR 2755.00,INR 105709.35,BRD-NSK
T026539,12/20/2023,F01401,FERT_PURCHASE,Fertilizer,173 kgs,INR 33.02,INR 5712.46,BRD-NSK
T026540,12/24/2023,F01401,I,Hybrid Seeds,242 kgs,INR 106.21,INR 25702.82,BRD-NSK
T026541,04/02/2024,F01409,delivery,WHEAT,"3,923.00 kgs",INR 2790.00,INR 109451.70,BRD-NSK
T026542,04/25/2024,F01409,delivery,wheat,"1,788.00 kgs",INR 2790.00,INR 49885.20,BRD-NSK
T026543,01/14/2024,f01409,INPUT_PURCHASE,NPK 10:26:26,68 kgs,INR 29.88,INR 2031.84,BRD-NSK
T026544,04/24/2024,F01412,FPO_DELIVERY,WHEAT,6199 kg,INR 2755.00,INR 170782.45,BRD-NSK
T026545,12/18/2023,F01412,I,SEEDS,80 kgs,INR 93.51,INR 7480.80,BRD-NSK
T026546,01/11/2024,F01412,Input Purchase,DAP,129 kgs,INR 29.53,INR 3809.37,BRD-NSK
T026547,04/02/2024, F01412 ,L,EMI,,,INR 800.00,BRD-NSK
T026548,05/29/2024,F01412,L,EMI,,,INR 3100.00,BRD-NSK
T026549,03/17/2024,F01414,delivery,Wheat (Durum),3244 kg,INR 2600.00,₹ N/A,BRD-NSK
T026550,04/21/2024,F01417,FPO_DELIVERY,Wheat (Durum),"3,424.00 kgs",INR 2965.00,INR 101521.60,BRD-NSK
T026551,12/03/2023,F01417,INPUT_PURCHASE,FERTILIZER 50kg bag,94 kg,INR 52.60,INR 4944.40,BRD-NSK
T026552,01/04/2024,F01417,Input Purchase,Seeds,29 kg,INR 103.73,INR 3008.17,BRD-NSK
T026553,03/15/2024,F01419,FPO_DELIVERY,Wheat (Durum),3071 kg,INR 2785.00,INR 85527.35,BRD-NSK
T026554,12/08/2023,F01419,Input Purchase,NPK 10:26:26,78 kg,INR 50.80,INR 3962.40,BRD-NSK
T026555,12/10/2023,F01419,I,Urea,85 kg,INR 32.14,INR 2731.90,BRD-NSK
T026556,01/14/2024,F01419,Input Purchase,Seeds,245 kgs,INR 93.89,INR 23003.05,BRD-NSK
T026557,01/15/2024,f01419,Input Purchase,Urea,70 kg,INR 36.40,INR 2548.00,BRD-NSK
T026558,01/02/2024,F01419,INPUT_PURCHASE,DAP,244 kg,INR 53.78,INR 13122.32,BRD-NSK
T026559,12/04/2023,F01419,LOAN_REPAY,EMI,,,INR 5500.00,BRD-NSK
T026560,03/22/2024, F01420 ,Delivery,Wheat (Durum),"1,987.00 kgs",INR 2700.00,INR 53649.00,BRD-NSK
T026561,03/18/2024,F01420,delivery,Wheat,2687 kg,INR 2700.00,INR 72549.00,BRD-NSK
T026562,12/01/2023,F01420,FERT_PURCHASE,Seeds,183 kg,INR 110.46,INR 20214.18,BRD-NSK
T026563,05/01/2024,F01428,D,wheat,2887 kg,INR 2655.00,INR 76649.85,BRD-NSK
T026564,01/11/2024,F01428,INPUT_PURCHASE,Seeds,105 kg,INR 83.53,INR 8770.65,BRD-NSK
T026565,05/05/2024,f01430,DELIVERY,Wheat (Durum),"4,325.00 kgs",INR 2505.00,INR 108341.25,BRD-NSK
T026566,12/12/2023,F01430,I,DAP,228 kg,INR 35.51,INR 8096.28,BRD-NSK
T026567,01/01/2024,F01430,FERT_PURCHASE,Urea,169 kg,INR 29.62,INR 5005.78,BRD-NSK
T026568,12/04/2023,F01430,INPUT_PURCHASE,FERTILIZER 50kg bag,134 kg,INR 49.44,INR 6624.96,BRD-NSK
T026569,03/21/2024,F01432,Delivery,Wheat (Durum),"2,157.00 kgs",INR 2605.00,INR 56189.85,BRD-NSK
T026570,02/29/2024,f01432,Delivery,Wheat,429 kg,INR 2605.00,INR 11175.45,BRD-NSK
T026571,01/07/2024,F01432,I,Urea,219 kgs,INR 38.09,INR 8341.71,BRD-NSK
T026572,12/20/2023,F01432,FERT_PURCHASE,FERTILIZER 50kg bag,287 kgs,INR 38.28,INR 10986.36,BRD-NSK
T026573,12/18/2023,F01432,INPUT_PURCHASE,Urea,181 kgs,INR 28.17,INR 5098.77,BRD-NSK
T026574,12/13/2023,F01432,Input Purchase,Urea,49 kgs,INR 46.09,INR 2258.41,BRD-NSK
T026575,04/28/2024,F01433,D,wheat,1600 kg,INR 2820.00,INR 45120.00,BRD-NSK
T026576,03/05/2024,F01441,FPO_DELIVERY,WHEAT,2176 kg,INR 2620.00,INR 57011.20,BRD-NSK
T026577,05/09/2024,F01441,FPO_DELIVERY,Wheat,"1,064.00 kgs",INR 2620.00,INR 27876.80,BRD-NSK
T026578,05/04/2024,f01441,DELIVERY,Lokwan Wheat,452 kg,INR 2620.00,INR 11842.40,BRD-NSK
T026579,01/05/2024,F01441,input,Urea,62 kgs,INR 52.57,INR 3259.34,BRD-NSK
T026580,12/27/2023,F01441,L,Loan Repayment,,,INR 2900.00,BRD-NSK
T026581,03/30/2024,F01448,DELIVERY,Lokwan Wheat,2138 kg,INR 2385.00,INR 50991.30,BRD-NSK
T026582,03/10/2024,F01448,delivery,wheat,2327 kg,INR 2385.00,INR 55498.95,BRD-NSK
T026583,01/10/2024,F01448,input,Fertilizer,229 kg,INR 56.85,INR 13018.65,BRD-NSK
T026584,03/12/2024,F01450,FPO_DELIVERY,Wheat,4556 kg,INR 2610.00,INR 118911.60,BRD-NSK
T026585,01/12/2024,F01450,I,Seeds,194 kgs,INR 57.27,INR 11110.38,BRD-NSK
T026586,01/15/2024,F01450,loan,Loan Repayment,,,INR 2100.00,BRD-NSK
T026587,02/27/2024,f01450,LOAN_REPAY,Loan Repayment,,,INR 4400.00,BRD-NSK
T026588,04/17/2024,F01453,D,Lokwan Wheat,"7,992.00 kgs",INR 2670.00,INR 213386.40,BRD-NSK
T026589,12/09/2023,F01453,INPUT_PURCHASE,DAP,114 kg,INR 37.20,INR 4240.80,BRD-NSK
T026590,12/17/2023,F01453,INPUT_PURCHASE,Fertilizer,126 kgs,INR 53.57,INR 6749.82,BRD-NSK
T026591,03/17/2024,F01457,Delivery,wheat,"2,558.00 kgs",INR 2825.00,INR 72263.50,BRD-NSK
T026592,12/09/2023,f01457,input,SEEDS,60 kg,INR 73.08,INR 4384.80,BRD-NSK
T026593,12/24/2023,F01457,FERT_PURCHASE,Fertilizer,48 kg,INR 37.35,INR 1792.80,BRD-NSK
T027584,03/27/2024,F02248,Delivery,Wheat (Durum),"3,944.00 kgs",INR 2885.00,INR 113784.40,BRD-NSK
T027585,01/05/2024,F02248,INPUT_PURCHASE,Urea,153 kgs,INR 58.41,INR 8936.73,BRD-NSK
T027586,12/26/2023,f02248,I,Fertilizer,270 kgs,INR 50.76,INR 13705.20,BRD-NSK
T027587,01/14/2024,F02248,INPUT_PURCHASE,SEEDS,302 kg,INR 93.06,INR 28104.12,BRD-NSK
T027588,12/23/2023,F02248,Input Purchase,SEEDS,248 kgs,INR 122.39,INR 30352.72,BRD-NSK
T027665,04/20/2024,F02294,FPO_DELIVERY,Wheat (Durum),2855 kg,INR 2750.00,INR 78512.50,BRD-NSK
T027666,04/16/2024,F02294,DELIVERY,Lokwan Wheat,"5,205.00 kgs",INR 2750.00,INR 143137.50,BRD-NSK
T027667,12/30/2023,f02294,Loan Repayment,EMI,,,INR 4700.00,BRD-NSK
T027668,02/25/2024,f02294,LOAN_REPAY,EMI,,,INR 5300.00,BRD-NSK
T027691,04/05/2024,F02306,delivery,Wheat (Durum),422.00 kgs,INR 2555.00,INR 10782.10,BRD-NSK
T027692,03/05/2024,F02306,Delivery,WHEAT,900.00 kgs,INR 2555.00,INR 22995.00,BRD-NSK
T027693,12/08/2023,F02306,FERT_PURCHASE,Fertilizer,67 kg,INR 55.73,INR 3733.91,BRD-NSK
T027718,04/30/2024,F02328,D,WHEAT,"5,981.00 kgs",INR 2730.00,INR 163281.30,BRD-NSK
T027719,04/05/2024, F02328 ,delivery,WHEAT,2902 kg,INR 2730.00,INR 79224.60,BRD-NSK
T027720,12/25/2023,F02328,FERT_PURCHASE,Seeds,120 kg,INR 47.39,INR 5686.80,BRD-NSK
T027721,12/04/2023,f02328,Input Purchase,SEEDS,277 kg,INR 91.23,INR 25270.71,BRD-NSK
T027746,03/01/2024,F02363,FPO_DELIVERY,wheat,6406 kg,INR 2750.00,INR 176165.00,BRD-NSK
T027747,32/01/2022,F02363,FPO_DELIVERY,Lokwan Wheat,683 kg,INR 2750.00,INR 18782.50,BRD-NSK
T027748,01/01/2024,F02363,FERT_PURCHASE,PP chemicals,81 kg,INR 649.92,INR 52643.52,BRD-NSK
T027749,04/05/2024,F02363,L,Loan Repayment,,,INR 4500.00,BRD-NSK
T027770,04/13/2024,F02371,FPO_DELIVERY,wheat,"3,876.00 kgs",INR 2565.00,INR 99419.40,BRD-NSK
T027771,01/15/2024,F02371,input,PP chemicals,82 kg,INR 554.54,INR 45472.28,BRD-NSK
T027772,01/10/2024,F02371,input,Urea,185 kg,INR 41.69,INR 7712.65,BRD-NSK
T027773,01/08/2024, F02371 ,Loan Repayment,Loan Repayment,,,INR 2200.00,BRD-NSK
T027774,05/09/2024,F02371,loan,Loan Repayment,,,INR 6000.00,BRD-NSK
T027797,03/12/2024,F02392,DELIVERY,Wheat (Durum),4782 kg,INR 2810.00,INR 134374.20,BRD-NSK
T027798,12/18/2023,F02392,input,Seeds,160 kgs,INR 51.59,INR 8254.40,BRD-NSK
T027799,12/03/2023,F02392,input,DAP,223 kgs,INR 45.93,INR 10242.39,BRD-NSK
T027814,05/09/2024,F02420,DELIVERY,WHEAT,4001 kg,INR 2740.00,INR 109627.40,BRD-NSK
T027815,02/29/2024,F02420,D,wheat,101 kg,INR 2740.00,INR 2767.40,BRD-NSK
T027816,04/17/2024,F02420,FPO_DELIVERY,Lokwan Wheat,12 kg,INR 2740.00,INR 328.80,BRD-NSK
T027817,12/15/2023,F02420,INPUT_PURCHASE,SEEDS,140 kgs,INR 95.39,INR 13354.60,BRD-NSK
T027826,04/27/2024,F02425,delivery,Wheat (Durum),2780 kg,INR 2635.00,INR 73253.00,BRD-NSK
T027827,01/13/2024,F02425,FERT_PURCHASE,Hybrid Seeds,69 kg,INR 126.31,INR 8715.39,BRD-NSK
T027828,12/17/2023,f02425,I,Hybrid Seeds,313 kgs,INR 58.63,INR 18351.19,BRD-NSK
T027829,12/05/2023,F02425,INPUT_PURCHASE,Seeds,240 kgs,INR 95.63,INR 22951.20,BRD-NSK
T027837,03/20/2024,f02434,D,wheat,"4,107.00 kgs",INR 2795.00,INR 114790.65,BRD-NSK
T027838,04/27/2024,F02434,FPO_DELIVERY,Lokwan Wheat,1164 kg,INR 2795.00,INR 32533.80,BRD-NSK
T027839,12/28/2023,F02434,INPUT_PURCHASE,Hybrid Seeds,37 kg,INR 47.15,INR 1744.55,BRD-NSK
T027840,01/10/2024,F02434,FERT_PURCHASE,DAP,92 kg,INR 58.51,INR 5382.92,BRD-NSK
T027841,01/01/2024,F02434,Loan Repayment,Loan Repayment,,,INR 3100.00,BRD-NSK
T027842,02/06/2024,F02434,L,Loan Repayment,,,INR 900.00,BRD-NSK
T027843,03/06/2024,F02435,D,Wheat,"2,848.00 kgs",INR 2695.00,INR 76753.60,BRD-NSK
T027844,12/10/2023,F02435,INPUT_PURCHASE,Hybrid Seeds,257 kgs,INR 83.48,INR 21454.36,BRD-NSK
T027845,12/15/2023,F02435,Input Purchase,Bio-pesticide,88 kgs,INR 143.82,INR 12656.16,BRD-NSK
T027846,12/26/2023,F02435,FERT_PURCHASE,SEEDS,249 kgs,INR 114.83,INR 28592.67,BRD-NSK
T027847,02/20/2024,f02435,L,EMI,,,INR 4700.00,BRD-NSK
T027848,03/21/2024,F02439,Delivery,WHEAT,7881 kg,INR 2525.00,INR 198995.25,BRD-NSK
T027849,04/09/2024,F02439,DELIVERY,wheat,"3,087.00 kgs",INR 2525.00,INR 77946.75,BRD-NSK
T027850,05/12/2024,f02439,D,Lokwan Wheat,"1,761.00 kgs",INR 2525.00,INR 44465.25,BRD-NSK
T027851,12/11/2023,F02439,input,SEEDS,165 kgs,INR 114.18,INR 18839.70,BRD-NSK
T027852,12/08/2023,F02439,INPUT_PURCHASE,Bio-pesticide,191 kg,INR 660.76,INR 126205.16,BRD-NSK
T027853,12/12/2023,F02439,input,DAP,220 kgs,INR 30.55,INR 6721.00,BRD-NSK
T027854,02/23/2024,F02439,loan,Loan Repayment,,,INR 6100.00,BRD-NSK
T027855,12/07/2023,f02439,loan,Loan Repayment,,,INR 5600.00,BRD-NSK
T027856,02/15/2024,F02439,Loan Repayment,EMI,,,INR 5800.00,BRD-NSK
T027970,04/06/2024,F02491,D,wheat,"1,113.00 kgs",INR 2735.00,INR 30440.55,BRD-NSK
T027971,04/30/2024,,delivery,Lokwan Wheat,"1,363.00 kgs",INR 2735.00,INR 37278.05,BRD-NSK
T027983,03/18/2024, F02499 ,delivery,Lokwan Wheat,2606 kg,INR 2450.00,INR 63847.00,BRD-NSK
T027994,04/15/2024,F02503,DELIVERY,WHEAT,"3,852.00 kgs",INR 2680.00,INR 103233.60,BRD-NSK
T027995,04/19/2024,F02503,Delivery,Wheat (Durum),1615 kg,INR 2680.00,INR 43282.00,BRD-NSK
T027996,01/13/2024,F02503,INPUT_PURCHASE,SEEDS,44 kg,INR 109.50,INR 4818.00,BRD-NSK
T028058,04/27/2024,F02531,delivery,Wheat (Durum),3494 kg,INR 2655.00,INR 92765.70,BRD-NSK
T028059,03/20/2024,F02531,FPO_DELIVERY,Wheat (Durum),2309 kg,INR 2655.00,INR 61303.95,BRD-NSK
T028060,05/15/2024,F02531,Loan Repayment,EMI,,,₹ N/A,BRD-NSK
T028094,04/21/2024,F02553,D,Wheat (Durum),"1,235.00 kgs",INR 2700.00,INR 33345.00,BRD-NSK
T028095,12/27/2023,F02553,FERT_PURCHASE,Urea,56 kg,INR 30.45,INR 1705.20,BRD-NSK
T028096,12/04/2023,F02553,L,EMI,,,INR 6200.00,BRD-NSK
T028097,03/26/2024,f02554,Delivery,WHEAT,76 kg,INR 2540.00,INR 1930.40,BRD-NSK
T028098,02/29/2024,f02554,delivery,wheat,"1,182.00 kgs",INR 2540.00,INR 30022.80,BRD-NSK
T028099,12/20/2023,f02554,INPUT_PURCHASE,Urea,104 kg,INR 31.96,INR 3323.84,BRD-NSK
T028100,02/29/2024,F02554,loan,EMI,,,INR 2400.00,BRD-NSK
T028101,04/22/2024,f02556,Delivery,Wheat (Durum),4402 kg,INR 2710.00,INR 119294.20,BRD-NSK
T028116,04/21/2024,F02563,Delivery,wheat,2602 kg,INR 2825.00,INR 73506.50,BRD-NSK
T028117,12/27/2023,F02563,Input Purchase,SEEDS,118 kg,INR 109.05,INR 12867.90,BRD-NSK
T028118,03/24/2024,f02564,Delivery,WHEAT,6553 kg,INR 2560.00,INR 167756.80,BRD-NSK
T028119,05/10/2024,F02564,Delivery,WHEAT,837.00 kgs,INR 2560.00,INR 21427.20,BRD-NSK
T028120,12/10/2023,F02564,I,Hybrid Seeds,94 kgs,INR 103.82,INR 9759.08,BRD-NSK
T028121,01/10/2024,F02564,INPUT_PURCHASE,Seeds,160 kgs,INR 107.67,INR 17227.20,BRD-NSK
T028122,01/01/2024,F02564,input,NPK 10:26:26,158 kg,INR 31.04,INR 4904.32,BRD-NSK
T028123,12/15/2023,F02564,INPUT_PURCHASE,DAP,161 kg,INR 42.02,INR 6765.22,BRD-NSK
T028124,05/14/2024,F02564,loan,Loan Repayment,,,INR 1800.00,BRD-NSK
T028125,01/03/2024,F02564,loan,Loan Repayment,,,INR 6900.00,BRD-NSK
T028143,03/20/2024,F02574,Delivery,WHEAT,391.00 kgs,INR 2810.00,INR 10987.10,BRD-NSK
T028144,05/10/2024,F02574,D,wheat,"1,043.00 kgs",INR 2810.00,INR 29308.30,BRD-NSK
T028145,12/19/2023,F02574,INPUT_PURCHASE,Bio-pesticide,314 kgs,INR 603.61,INR 189533.54,BRD-NSK
T028146,12/19/2023,f02574,FERT_PURCHASE,PPC,221 kgs,INR 188.49,INR 41656.29,BRD-NSK
T028147,12/27/2023,f02574,FERT_PURCHASE,FERTILIZER 50kg bag,275 kg,INR 41.56,INR 11429.00,BRD-NSK
T028148,03/21/2024,F02575,DELIVERY,wheat,"2,068.00 kgs",INR 2605.00,INR 53871.40,BRD-NSK
T028149,03/31/2024,F02575,delivery,WHEAT,170 kg,INR 2605.00,INR 4428.50,BRD-NSK
T028192,04/23/2024,F02586,delivery,wheat,"1,314.00 kgs",INR 2650.00,INR 34821.00,BRD-NSK
T028193,03/16/2024,F02586,FPO_DELIVERY,Lokwan Wheat,503.00 kgs,INR 2650.00,INR 13329.50,BRD-NSK
T028194,01/02/2024,F02586,I,SEEDS,297 kg,INR 59.48,INR 17665.56,BRD-NSK
T028203,03/01/2024,F02589,D,wheat,162.00 kgs,INR 2670.00,INR 4325.40,BRD-NSK
T028204,03/14/2024,F02589,FPO_DELIVERY,WHEAT,"2,054.00 kgs",INR 2670.00,INR 54841.80,BRD-NSK
T028205,03/10/2024,F02589,D,WHEAT,193.00 kgs,INR 2670.00,INR 5153.10,BRD-NSK
T028220,04/26/2024,F02594,Delivery,Wheat,837.00 kgs,INR 2810.00,INR 23519.70,BRD-NSK
T028221,03/19/2024,F02594,loan,EMI,,,INR 5500.00,BRD-NSK
T028222,03/21/2024,F02594,Loan Repayment,Loan Repayment,,,INR 6800.00,BRD-NSK
T028568,11/14/2024,F01307,delivery,paddy,22.00 kgs,INR 2520.00,INR 554.40,BRD-NSK
T028569,10/10/2024,F01307,Delivery,Sona Masoori Paddy,86 kg,INR 2520.00,INR 2167.20,BRD-NSK
T028570,11/23/2024,F01307,delivery,PADDY,523 kg,INR 2520.00,INR 13179.60,BRD-NSK
T028571,07/05/2024,F01307,input,SEEDS,276 kgs,INR 81.21,INR 22413.96,BRD-NSK
T028572,06/29/2024,F01307,I,Fertilizer,183 kgs,INR 32.47,INR 5942.01,BRD-NSK
T028573,11/30/2024,F01308,DELIVERY,Sona Masoori Paddy,1887 kg,INR 2825.00,INR 53307.75,BRD-NSK
T028574,07/01/2024,f01308,input,Bio-pesticide,138 kg,INR 476.34,INR 65734.92,BRD-NSK
T028575,06/26/2024,F01308,INPUT_PURCHASE,NPK 10:26:26,144 kgs,INR 49.67,INR 7152.48,BRD-NSK
T028576,11/29/2024,F01311,D,PADDY,461.00 kgs,INR 2725.00,INR 12562.25,BRD-NSK
T028577,07/10/2024,F01311,FERT_PURCHASE,DAP,104 kgs,INR 57.38,INR 5967.52,BRD-NSK
T028578,07/02/2024,F01311,Input Purchase,FERTILIZER 50kg bag,199 kg,INR 57.60,INR 11462.40,BRD-NSK
T028579,07/09/2024,F01311,FERT_PURCHASE,PPC,61 kgs,INR 606.94,INR 37023.34,BRD-NSK
T028580,09/11/2024,F01311,Loan Repayment,EMI,,,INR 7600.00,BRD-NSK
T028581,10/19/2024,F01312,Delivery,PADDY,6 kg,INR 2830.00,INR 169.80,BRD-NSK
T028582,10/12/2024,F01312,DELIVERY,Sona Masoori Paddy,"1,151.00 kgs",INR 2830.00,INR 32573.30,BRD-NSK
T028583,07/08/2024,f01312,Input Purchase,Bio-pesticide,121 kg,INR 360.05,INR 43566.05,BRD-NSK
T028584,10/30/2024, F01317 ,delivery,Paddy (Rainfed),904.00 kgs,INR 2835.00,INR 25628.40,BRD-NSK
T028585,10/11/2024,F01317,FPO_DELIVERY,paddy,1089 kg,INR 2835.00,INR 30873.15,BRD-NSK
T028586,08/01/2024,f01317,LOAN_REPAY,EMI,,,INR 3800.00,BRD-NSK
T028587,07/07/2024,F01317,L,Loan Repayment,,,INR 4900.00,BRD-NSK
T028588,11/12/2024,F01317,Loan Repayment,Loan Repayment,,,INR 6600.00,BRD-NSK
T028589,09/23/2024,F01317,LOAN_REPAY,Loan Repayment,,,INR 6600.00,BRD-NSK
T028590,10/30/2024,F01319,FPO_DELIVERY,Paddy,1379 kg,INR 2475.00,INR 34130.25,BRD-NSK
T028591,07/08/2024,F01319,INPUT_PURCHASE,Hybrid Seeds,258 kgs,INR 113.00,INR 29154.00,BRD-NSK
T028592,07/12/2024,F01319,FERT_PURCHASE,PPC,168 kgs,INR 431.99,INR 72574.32,BRD-NSK
T028593,10/21/2024,F01319,L,EMI,,,INR 7300.00,BRD-NSK
T028594,10/05/2024,F01320,DELIVERY,paddy,966.00 kgs,INR 2665.00,INR 25743.90,BRD-NSK
T028595,07/02/2024,F01320,FERT_PURCHASE,Fertilizer,269 kgs,INR 37.89,INR 10192.41,BRD-NSK
T028596,06/02/2024,F01320,FERT_PURCHASE,PP chemicals,291 kgs,INR 563.03,INR 163841.73,BRD-NSK
T028597,11/05/2024,F01329,D,Paddy,131.00 kgs,INR 2670.00,INR 3497.70,BRD-NSK
T028598,11/02/2024,F01329,DELIVERY,Paddy (Rainfed),336.00 kgs,INR 2670.00,INR 8971.20,BRD-NSK
T028599,10/21/2024,F01329,Delivery,Sona Masoori Paddy,28.00 kgs,INR 2670.00,INR 747.60,BRD-NSK
T028600,06/14/2024,F01329,FERT_PURCHASE,Hybrid Seeds,84 kg,INR 69.17,INR 5810.28,BRD-NSK
T028601,08/17/2024,f01329,LOAN_REPAY,EMI,,,INR 800.00,BRD-NSK
T028602,07/04/2024,F01329,LOAN_REPAY,EMI,,,INR 2600.00,BRD-NSK
T028603,11/22/2024,F01331,DELIVERY,Paddy (Rainfed),976.00 kgs,INR 2725.00,INR 26596.00,BRD-NSK
T028604,10/20/2024,F01331,delivery,Paddy (Rainfed),"1,239.00 kgs",INR 2725.00,INR 33762.75,BRD-NSK
T028605,10/01/2024,F01340,DELIVERY,PADDY,1850 kg,INR 2610.00,INR 48285.00,BRD-NSK
T028606,06/15/2024,F01340,input,PP chemicals,231 kgs,INR 557.03,INR 128673.93,BRD-NSK
T028607,06/16/2024,f01340,FERT_PURCHASE,SEEDS,117 kgs,INR 72.71,INR 8507.07,BRD-NSK
T028608,11/30/2024,F01347,Delivery,Sona Masoori Paddy,106 kg,INR 2705.00,INR 2867.30,BRD-NSK
T028609,10/12/2024,F01347,delivery,PADDY,363 kg,INR 2705.00,INR 9819.15,BRD-NSK
T028610,07/15/2024,F01347,INPUT_PURCHASE,SEEDS,211 kgs,INR 122.03,INR 25748.33,BRD-NSK
T028611,06/11/2024,F01347,I,NPK 10:26:26,211 kgs,INR 37.92,INR 8001.12,BRD-NSK
T028612,06/03/2024,F01347,input,NPK 10:26:26,297 kg,INR 48.96,INR 14541.12,BRD-NSK
T028613,06/14/2024,f01347,INPUT_PURCHASE,Urea,195 kgs,INR 47.81,INR 9322.95,BRD-NSK
T028614,11/23/2024,F01348,FPO_DELIVERY,Sona Masoori Paddy,447.00 kgs,INR 2860.00,INR 12784.20,BRD-NSK
T028615,06/21/2024,F01348,I,FERTILIZER 50kg bag,212 kgs,INR 40.48,INR 8581.76,BRD-NSK
T028616,06/17/2024,f01348,input,Urea,139 kgs,INR 36.48,INR 5070.72,BRD-NSK
T028617,11/19/2024,F01350,Delivery,Paddy,117 kg,INR 2780.00,INR 3252.60,BRD-NSK
T028618,11/09/2024,F01350,DELIVERY,paddy,22 kg,INR 2780.00,INR 611.60,BRD-NSK
T028619,10/04/2024,F01352,Delivery,paddy,502 kg,INR 2835.00,INR 14231.70,BRD-NSK
T028620,11/29/2024,F01360,DELIVERY,PADDY,39 kg,INR 2750.00,INR 1072.50,BRD-NSK
T028621,10/15/2024,F01360,D,Paddy (Rainfed),449 kg,INR 2750.00,INR 12347.50,BRD-NSK
T028622,11/10/2024,F01360,FPO_DELIVERY,PADDY,103 kg,INR 2750.00,INR 2832.50,BRD-NSK
T028623,07/12/2024,f01360,INPUT_PURCHASE,PPC,234 kgs,INR 337.15,INR 78893.10,BRD-NSK
T028624,07/13/2024, F01360 ,input,FERTILIZER 50kg bag,105 kgs,INR 51.23,INR 5379.15,BRD-NSK
T028625,11/06/2024,F01362,D,Paddy,"1,626.00 kgs",INR 2575.00,INR 41869.50,BRD-NSK
T028626,06/28/2024,F01362,Input Purchase,DAP,155 kg,INR 49.86,INR 7728.30,BRD-NSK
T028627,10/20/2024,F01364,D,PADDY,361 kg,INR 2825.00,INR 10198.25,BRD-NSK
T028628,11/24/2024,F01364,Delivery,Paddy,976 kg,INR 2825.00,INR 27572.00,BRD-NSK
T028629,07/09/2024,F01364,INPUT_PURCHASE,SEEDS,193 kg,INR 67.31,INR 12990.83,BRD-NSK
T028630,07/11/2024,F01364,Input Purchase,Fertilizer,306 kg,INR 43.23,INR 13228.38,BRD-NSK
T028631,06/18/2024,F01364,INPUT_PURCHASE,SEEDS,81 kgs,INR 122.63,INR 9933.03,BRD-NSK
T028632,07/13/2024,F01364,input,Urea,184 kg,INR 29.72,INR 5468.48,BRD-NSK
T028633,06/25/2024,F01364,input,Bio-pesticide,140 kgs,INR 614.11,INR 85975.40,BRD-NSK
T028634,11/30/2024,F01366,Delivery,paddy,"1,060.00 kgs",INR 2715.00,INR 28779.00,BRD-NSK
T028635,10/04/2024,F01366,FPO_DELIVERY,PADDY,650.00 kgs,INR 2715.00,INR 17647.50,BRD-NSK
T028636,06/25/2024,F01366,I,Seeds,200 kg,INR 62.33,INR 12466.00,BRD-NSK
T028637,10/11/2024,F01369,DELIVERY,PADDY,540 kg,INR 2770.00,INR 14958.00,BRD-NSK
T028638,11/02/2024,F01370,delivery,paddy,1567 kg,INR 2660.00,INR 41682.20,BRD-NSK
T028639,07/12/2024,F01370,INPUT_PURCHASE,Urea,263 kg,INR 50.92,INR 13391.96,BRD-NSK
T028640,10/26/2024,F01376,D,PADDY,561 kg,INR 2835.00,INR 15904.35,BRD-NSK
T028641,06/25/2024,F01376,INPUT_PURCHASE,PP chemicals,227 kgs,INR 343.09,INR 77881.43,BRD-NSK
T028642,06/08/2024,f01376,FERT_PURCHASE,Fertilizer,119 kgs,INR 43.00,INR 5117.00,BRD-NSK
T028643,09/04/2024,F01376,LOAN_REPAY,Loan Repayment,,,INR 4800.00,BRD-NSK
T028644,11/18/2024,f01378,Delivery,paddy,"1,541.00 kgs",INR 2610.00,INR 40220.10,BRD-NSK
T028645,11/22/2024,f01378,DELIVERY,Paddy,34.00 kgs,INR 2610.00,INR 887.40,BRD-NSK
T028646,11/22/2024,F01379,delivery,Paddy (Rainfed),951.00 kgs,INR 2605.00,INR 24773.55,BRD-NSK
T028647,10/04/2024,F01380,DELIVERY,Paddy (Rainfed),421.00 kgs,INR 2665.00,INR 11219.65,BRD-NSK
T028648,06/09/2024,F01380,I,Urea,177 kgs,INR 48.62,INR 8605.74,BRD-NSK
T028649,06/26/2024,f01380,I,FERTILIZER 50kg bag,174 kgs,INR 29.78,INR 5181.72,BRD-NSK
T028650,07/14/2024,F01380,input,DAP,286 kg,INR 28.43,INR 8130.98,BRD-NSK
T028651,10/13/2024,F01385,delivery,paddy,42 kg,INR 2515.00,INR 1056.30,BRD-NSK
T028652,11/14/2024,F01385,Delivery,Sona Masoori Paddy,267 kg,INR 2515.00,INR 6715.05,BRD-NSK
T028653,06/11/2024,F01385,I,Fertilizer,61 kg,INR 37.66,INR 2297.26,BRD-NSK
T028654,07/03/2024,F01385,FERT_PURCHASE,PP chemicals,306 kgs,INR 319.90,INR 97889.40,BRD-NSK
T028655,10/20/2024,F01386,Delivery,PADDY,938 kg,INR 2450.00,INR 22981.00,BRD-NSK
T028656,10/17/2024,F01386,delivery,Paddy,60.00 kgs,INR 2450.00,INR 1470.00,BRD-NSK
T028657,07/13/2024, F01386 ,I,Fertilizer,294 kg,INR 59.07,INR 17366.58,BRD-NSK
T028658,10/03/2024,F01393,Delivery,PADDY,350 kg,INR 2720.00,INR 9520.00,BRD-NSK
T028659,10/06/2024,F01393,Delivery,Sona Masoori Paddy,105.00 kgs,INR 2720.00,INR 2856.00,BRD-NSK
T028660,11/04/2024,F01393,Delivery,paddy,271.00 kgs,INR 2720.00,INR 7371.20,BRD-NSK
T028661,06/19/2024, F01393 ,INPUT_PURCHASE,Urea,119 kg,INR 57.38,INR 6828.22,BRD-NSK
T028662,11/19/2024,F01394,DELIVERY,Sona Masoori Paddy,1906 kg,INR 2740.00,INR 52224.40,BRD-NSK
T028663,06/09/2024,F01394,Input Purchase,Bio-pesticide,142 kg,INR 407.08,INR 57805.36,BRD-NSK
T028664,11/02/2024,F01395,DELIVERY,Sona Masoori Paddy,252.00 kgs,INR 2820.00,INR 7106.40,BRD-NSK
T028665,06/20/2024,F01395,input,Seeds,132 kg,INR 81.83,INR 10801.56,BRD-NSK
T028666,06/03/2024,F01395,Input Purchase,PP chemicals,255 kg,INR 667.29,INR 170158.95,BRD-NSK
T028667,07/12/2024,F01395,L,EMI,,,INR 7200.00,BRD-NSK
T028668,10/02/2024,F01396,FPO_DELIVERY,Sona Masoori Paddy,"2,304.00 kgs",INR 2750.00,INR 63360.00,BRD-NSK
T028669,06/07/2024,f01396,input,FERTILIZER 50kg bag,146 kgs,INR 32.95,INR 4810.70,BRD-NSK
T028670,07/13/2024,f01396,I,NPK 10:26:26,228 kg,INR 44.19,INR 10075.32,BRD-NSK
T028671,07/07/2024,F01396,input,Bio-pesticide,143 kg,INR 484.40,INR 69269.20,BRD-NSK
T028672,06/17/2024,F01396,input,SEEDS,60 kg,INR 105.03,INR 6301.80,BRD-NSK
T028673,10/04/2024,f01401,DELIVERY,Paddy (Rainfed),"1,270.00 kgs",INR 2675.00,INR 33972.50,BRD-NSK
T028674,06/24/2024,F01401,I,Fertilizer,181 kg,INR 32.82,INR 5940.42,BRD-NSK
T028675,07/03/2024,F01401,INPUT_PURCHASE,Seeds,300 kgs,INR 57.83,INR 17349.00,BRD-NSK
T028676,07/05/2024,f01401,Input Purchase,PPC,271 kg,INR 190.96,INR 51750.16,BRD-NSK
T028677,06/24/2024,F01401,FERT_PURCHASE,SEEDS,252 kgs,INR 105.87,INR 26679.24,BRD-NSK
T028678,10/14/2024,F01409,delivery,paddy,"1,625.00 kgs",INR 2440.00,INR 39650.00,BRD-NSK
T028679,06/30/2024,F01409,INPUT_PURCHASE,SEEDS,311 kgs,INR 124.55,INR 38735.05,BRD-NSK
T028680,10/13/2024,F01412,delivery,Sona Masoori Paddy,"1,870.00 kgs",INR 2715.00,INR 50770.50,BRD-NSK
T028681,07/06/2024,F01412,input,Bio-pesticide,239 kg,INR 461.30,INR 110250.70,BRD-NSK
T028682,06/29/2024,F01412,FERT_PURCHASE,DAP,300 kg,INR 44.19,INR 13257.00,BRD-NSK
T028683,07/13/2024,F01412,INPUT_PURCHASE,Bio-pesticide,140 kg,INR 614.07,INR 85969.80,BRD-NSK
T028684,10/09/2024,F01414,DELIVERY,Sona Masoori Paddy,888.00 kgs,INR 2755.00,INR 24464.40,BRD-NSK
T028685,06/02/2024,F01414,input,SEEDS,274 kgs,INR 110.96,INR 30403.04,BRD-NSK
T028686,06/10/2024,F01414,FERT_PURCHASE,Urea,304 kg,INR 41.93,INR 12746.72,BRD-NSK
T028687,10/30/2024,F01417,delivery,Paddy (Rainfed),298 kg,INR 2950.00,INR 8791.00,BRD-NSK
T028688,11/08/2024,f01417,FPO_DELIVERY,paddy,199.00 kgs,INR 2950.00,INR 5870.50,BRD-NSK
T028689,06/01/2024,F01417,FERT_PURCHASE,PPC,217 kg,INR 683.09,INR 148230.53,BRD-NSK
T028690,11/03/2024,F01419,DELIVERY,PADDY,575.00 kgs,INR 2790.00,INR 16042.50,BRD-NSK
T028691,07/05/2024,F01419,INPUT_PURCHASE,Fertilizer,267 kgs,INR 48.45,INR 12936.15,BRD-NSK
T028692,10/30/2024,F01420,FPO_DELIVERY,paddy,620.00 kgs,INR 2845.00,INR 17639.00,BRD-NSK
T028693,11/02/2024,F01420,FPO_DELIVERY,Paddy,477.00 kgs,INR 2845.00,INR 13570.65,BRD-NSK
T028694,07/04/2024,f01420,Input Purchase,PP chemicals,62 kgs,INR 550.06,INR 34103.72,BRD-NSK
T028695,11/26/2024,F01428,D,Paddy,102 kg,INR 2790.00,INR 2845.80,BRD-NSK
T028696,10/12/2024,F01428,FPO_DELIVERY,Paddy,496 kg,INR 2790.00,INR 13838.40,BRD-NSK
T028697,07/14/2024,F01428,FERT_PURCHASE,Fertilizer,39 kg,INR 39.17,INR 1527.63,BRD-NSK
T028698,11/24/2024,F01430,Delivery,PADDY,598.00 kgs,INR 2790.00,INR 16684.20,BRD-NSK
T028699,10/15/2024,F01430,Delivery,Sona Masoori Paddy,421 kg,INR 2790.00,INR 11745.90,BRD-NSK
T028700,06/18/2024,F01430,INPUT_PURCHASE,PPC,59 kg,INR 445.77,INR 26300.43,BRD-NSK
T028701,07/15/2024,F01430,INPUT_PURCHASE,DAP,244 kg,INR 33.99,INR 8293.56,BRD-NSK
T028702,11/28/2024,F01432,D,Paddy,439 kg,INR 2810.00,INR 12335.90,BRD-NSK
T028703,11/14/2024,F01432,DELIVERY,PADDY,24 kg,INR 2810.00,INR 674.40,BRD-NSK
T028704,11/17/2024,F01432,FPO_DELIVERY,Paddy (Rainfed),429.00 kgs,INR 2810.00,INR 12054.90,BRD-NSK
T028705,11/04/2024, F01433 ,Delivery,PADDY,98.00 kgs,INR 2685.00,INR 2631.30,BRD-NSK
T028706,11/03/2024,F01433,FPO_DELIVERY,Paddy (Rainfed),477.00 kgs,INR 2685.00,INR 12807.45,BRD-NSK
T028707,06/29/2024,F01433,Input Purchase,Seeds,224 kgs,INR 91.61,INR 20520.64,BRD-NSK
T028708,10/17/2024,F01441,DELIVERY,Sona Masoori Paddy,249.00 kgs,INR 2920.00,INR 7270.80,BRD-NSK
T028709,10/24/2024,F01441,delivery,Sona Masoori Paddy,1264 kg,INR 2920.00,INR 36908.80,BRD-NSK
T028710,06/17/2024, F01441 ,INPUT_PURCHASE,Hybrid Seeds,193 kgs,INR 113.76,INR 21955.68,BRD-NSK
T028711,06/25/2024,F01441,INPUT_PURCHASE,Urea,77 kg,INR 32.35,INR 2490.95,BRD-NSK
T028712,11/27/2024,f01441,Loan Repayment,EMI,,,INR 3100.00,BRD-NSK
T028713,10/19/2024,F01448,FPO_DELIVERY,PADDY,445.00 kgs,INR 2820.00,INR 12549.00,BRD-NSK
T028714,11/17/2024,F01448,delivery,Sona Masoori Paddy,113.00 kgs,INR 2820.00,INR 3186.60,BRD-NSK
T028715,06/11/2024,F01448,input,SEEDS,29 kgs,INR 55.32,INR 1604.28,BRD-NSK
T028716,10/27/2024,F01450,D,Paddy,213 kg,INR 2665.00,INR 5676.45,BRD-NSK
T028717,10/13/2024,F01450,FPO_DELIVERY,Paddy,870 kg,INR 2665.00,INR 23185.50,BRD-NSK
T028718,06/16/2024,f01450,INPUT_PURCHASE,Urea,239 kgs,INR 31.88,INR 7619.32,BRD-NSK
T028719,11/16/2024,F01453,delivery,PADDY,"1,257.00 kgs",INR 2745.00,INR 34504.65,BRD-NSK
T028720,11/12/2024,F01453,FPO_DELIVERY,Sona Masoori Paddy,620 kg,INR 2745.00,INR 17019.00,BRD-NSK
T028721,07/07/2024,F01453,FERT_PURCHASE,DAP,81 kg,INR 28.75,INR 2328.75,BRD-NSK
T028722,06/26/2024,F01453,I,Urea,211 kg,INR 41.56,INR 8769.16,BRD-NSK
T028723,06/19/2024,F01453,INPUT_PURCHASE,Seeds,300 kgs,INR 109.66,INR 32898.00,BRD-NSK
T028724,06/03/2024,f01453,FERT_PURCHASE,Urea,48 kgs,INR 29.67,INR 1424.16,BRD-NSK
T028725,11/08/2024,F01453,loan,Loan Repayment,,,INR 7800.00,BRD-NSK
T028726,10/25/2024,F01457,FPO_DELIVERY,paddy,897 kg,INR 2665.00,INR 23905.05,BRD-NSK
T028727,06/11/2024,F01457,INPUT_PURCHASE,NPK 10:26:26,237 kg,INR 52.32,INR 12399.84,BRD-NSK
T029612,10/07/2024,F02248,Delivery,Paddy (Rainfed),"1,364.00 kgs",INR 2755.00,INR 37578.20,BRD-NSK
T029613,07/01/2024,F02248,I,NPK 10:26:26,276 kg,INR 29.73,INR 8205.48,BRD-NSK
T029688,11/14/2024,f02294,delivery,paddy,1796 kg,INR 2570.00,INR 46157.20,BRD-NSK
T029689,10/10/2024,F02294,D,PADDY,999 kg,INR 2570.00,INR 25674.30,BRD-NSK
T029717,11/25/2024,f02306,D,Sona Masoori Paddy,341 kg,INR 2690.00,INR 9172.90,BRD-NSK
T029718,06/03/2024,F02306,input,Seeds,206 kg,INR 48.16,INR 9920.96,BRD-NSK
T029719,07/02/2024,f02306,Input Purchase,PPC,240 kg,INR 319.70,INR 76728.00,BRD-NSK
T029720,06/23/2024,F02306,INPUT_PURCHASE,PPC,258 kgs,INR 442.02,INR 114041.16,BRD-NSK
T029758,11/15/2024,f02328,D,Sona Masoori Paddy,1603 kg,INR 2455.00,INR 39353.65,BRD-NSK
T029759,11/05/2024,F02328,DELIVERY,Sona Masoori Paddy,1184 kg,INR 2455.00,INR 29067.20,BRD-NSK
T029760,07/09/2024,F02328,I,NPK 10:26:26,90 kg,INR 36.94,INR 3324.60,BRD-NSK
T029781,11/02/2024,F02363,delivery,paddy,2037 kg,INR 2630.00,INR 53573.10,BRD-NSK
T029782,07/08/2024,F02363,input,Seeds,89 kgs,INR 122.66,INR 10916.74,BRD-NSK
T029793,11/07/2024,F02371,Delivery,PADDY,1433 kg,INR 2695.00,INR 38619.35,BRD-NSK
T029794,07/01/2024,F02371,L,EMI,,,INR 1100.00,BRD-NSK
T029817,11/12/2024,F02392,delivery,Sona Masoori Paddy,"1,985.00 kgs",INR 2765.00,INR 54885.25,BRD-NSK
T029834,10/30/2024,F02420,delivery,Paddy,691.00 kgs,INR 2765.00,INR 19106.15,BRD-NSK
T029835,10/28/2024,F02420,delivery,Paddy,67 kg,INR 2765.00,INR 1852.55,BRD-NSK
T029845,10/13/2024,F02425,FPO_DELIVERY,Paddy (Rainfed),638 kg,INR 2615.00,INR 16683.70,BRD-NSK
T029846,06/05/2024,F02425,input,NPK 10:26:26,240 kg,INR 42.15,INR 10116.00,BRD-NSK
T029852,10/08/2024,F02434,delivery,Paddy (Rainfed),730 kg,INR 2620.00,INR 19126.00,BRD-NSK
T029853,10/13/2024,F02434,FPO_DELIVERY,Paddy (Rainfed),323 kg,INR 2620.00,INR 8462.60,BRD-NSK
T029854,07/12/2024,F02434,INPUT_PURCHASE,NPK 10:26:26,109 kgs,INR 44.87,INR 4890.83,BRD-NSK
T029965,11/07/2024,F02491,delivery,Paddy,469 kg,INR 3000.00,INR 14070.00,BRD-NSK
T029966,11/03/2024,F02491,delivery,Paddy (Rainfed),196.00 kgs,INR 3000.00,INR 5880.00,BRD-NSK
T029979,10/06/2024, F02499 ,Delivery,PADDY,501.00 kgs,INR 2735.00,INR 13702.35,BRD-NSK
T029980,10/03/2024,F02499,DELIVERY,PADDY,176 kg,INR 2735.00,INR 4813.60,BRD-NSK
T029981,07/13/2024,F02499,FERT_PURCHASE,NPK 10:26:26,31 kg,INR 37.65,INR 1167.15,BRD-NSK
T029987,11/27/2024,F02503,FPO_DELIVERY,Sona Masoori Paddy,485.00 kgs,INR 2865.00,INR 13895.25,BRD-NSK
T029988,10/16/2024,F02503,Delivery,Paddy (Rainfed),1350 kg,INR 2865.00,INR 38677.50,BRD-NSK
T029989,07/03/2024,F02503,input,PPC,141 kg,INR 610.79,INR 86121.39,BRD-NSK
T030040,10/04/2024,F02531,FPO_DELIVERY,Paddy,1086 kg,INR 2635.00,INR 28616.10,BRD-NSK
T030041,10/11/2024,F02531,DELIVERY,Paddy (Rainfed),381.00 kgs,INR 2635.00,INR 10039.35,BRD-NSK
T030042,06/18/2024,F02531,input,Fertilizer,202 kgs,INR 40.78,INR 8237.56,BRD-NSK
T030043,06/06/2024,F02531,INPUT_PURCHASE,PPC,85 kgs,INR 323.49,INR 27496.65,BRD-NSK
T030078,10/27/2024,F02554,Delivery,Sona Masoori Paddy,217 kg,INR 2590.00,INR 5620.30,BRD-NSK
T030079,11/01/2024,F02554,FPO_DELIVERY,paddy,90.00 kgs,INR 2590.00,INR 2331.00,BRD-NSK
T030080,06/25/2024,f02554,FERT_PURCHASE,SEEDS,274 kg,INR 101.95,INR 27934.30,BRD-NSK
T030081,06/05/2024,F02554,FERT_PURCHASE,DAP,83 kgs,INR 41.37,INR 3433.71,BRD-NSK
T030082,06/26/2024,F02554,I,Fertilizer,44 kg,INR 29.45,INR 1295.80,BRD-NSK
T030083,11/23/2024,F02554,LOAN_REPAY,Loan Repayment,,,INR 5500.00,BRD-NSK
T030084,10/04/2024,F02556,FPO_DELIVERY,Paddy (Rainfed),321 kg,INR 2740.00,INR 8795.40,BRD-NSK
T030085,10/05/2024,F02556,FPO_DELIVERY,Paddy,625.00 kgs,INR 2740.00,INR 17125.00,BRD-NSK
T030086,06/20/2024,F02556,I,Bio-pesticide,66 kgs,INR 295.96,INR 19533.36,BRD-NSK
T030096,10/15/2024,F02563,Delivery,PADDY,985 kg,INR 2850.00,INR 28072.50,BRD-NSK
T030097,07/12/2024,F02563,INPUT_PURCHASE,Hybrid Seeds,269 kgs,INR 126.10,INR 33920.90,BRD-NSK
T030098,07/15/2024,F02563,I,Urea,147 kg,INR 57.36,INR 8431.92,BRD-NSK
T030099,07/14/2024,F02563,Input Purchase,Bio-pesticide,85 kgs,INR 654.37,INR 55621.45,BRD-NSK
T030100,10/14/2024,F02564,DELIVERY,Sona Masoori Paddy,2195 kg,INR 2535.00,INR 55643.25,BRD-NSK
T030101,06/22/2024,F02564,input,PPC,281 kg,INR 146.51,INR 41169.31,BRD-NSK
T030102,06/07/2024,F02564,INPUT_PURCHASE,FERTILIZER 50kg bag,178 kgs,INR 58.15,INR 10350.70,BRD-NSK
T030103,06/30/2024,F02564,Input Purchase,Urea,119 kg,INR 32.51,INR 3868.69,BRD-NSK
T030104,06/26/2024, F02564 ,I,DAP,184 kg,INR 49.18,INR 9049.12,BRD-NSK
T030105,06/27/2024,F02564,Input Purchase,Urea,52 kg,INR 34.72,INR 1805.44,BRD-NSK
T030122,10/02/2024,F02575,Delivery,Sona Masoori Paddy,6 kg,INR 2915.00,INR 174.90,BRD-NSK
T030123,11/08/2024,F02575,D,Paddy (Rainfed),597 kg,INR 2915.00,INR 17402.55,BRD-NSK
T030165,11/26/2024,f02589,DELIVERY,Paddy,89 kg,INR 2740.00,INR 2438.60,BRD-NSK
T030166,11/13/2024,F02589,Delivery,PADDY,140 kg,INR 2740.00,INR 3836.00,BRD-NSK
T030167,10/02/2024,F02589,Delivery,paddy,344 kg,INR 2740.00,INR 9425.60,BRD-NSK
T030168,07/06/2024, F02589 ,INPUT_PURCHASE,Seeds,112 kgs,INR 121.96,INR 13659.52,BRD-NSK
T030169,06/27/2024,F02589,Input Purchase,Hybrid Seeds,109 kgs,INR 90.73,INR 9889.57,BRD-NSK
T030170,06/22/2024,F02589,INPUT_PURCHASE,Hybrid Seeds,84 kgs,INR 79.07,INR 6641.88,BRD-NSK
T030171,07/14/2024,F02589,FERT_PURCHASE,SEEDS,30 kgs,INR 121.22,INR 3636.60,BRD-NSK
T030172,07/07/2024,F02589,input,FERTILIZER 50kg bag,234 kgs,INR 48.35,INR 11313.90,BRD-NSK
T030221,10/25/2024, F02614 ,FPO_DELIVERY,Paddy (Rainfed),34.00 kgs,INR 2695.00,INR 916.30,BRD-NSK
T030222,11/10/2024,F02614,DELIVERY,paddy,570.00 kgs,INR 2695.00,INR 15361.50,BRD-NSK
T030223,06/22/2024,F02614,FERT_PURCHASE,PP chemicals,99 kg,INR 405.76,INR 40170.24,BRD-NSK
T030224,07/10/2024,F02614,Input Purchase,Seeds,25 kgs,INR 95.03,INR 2375.75,BRD-NSK
T030225,07/01/2024,F02614,Loan Repayment,EMI,,,INR 1600.00,BRD-NSK
T030226,10/17/2024,F02614,Loan Repayment,Loan Repayment,,,INR 7600.00,BRD-NSK
T030292,10/14/2024,f02632,FPO_DELIVERY,Sona Masoori Paddy,1227 kg,INR 2790.00,INR 34233.30,BRD-NSK
T030293,07/18/2024,F02632,LOAN_REPAY,EMI,,,INR 4200.00,BRD-NSK
T030294,11/17/2024,F02632,Loan Repayment,EMI,,,INR 4200.00,BRD-NSK
T030318,11/10/2024,F02638,FPO_DELIVERY,Paddy,181.00 kgs,INR 2835.00,INR 5131.35,BRD-NSK
T030319,10/10/2024,f02638,FPO_DELIVERY,Paddy,458.00 kgs,INR 2835.00,INR 12984.30,BRD-NSK
T030320,07/14/2024,f02638,FERT_PURCHASE,Seeds,107 kgs,INR 83.21,INR 8903.47,BRD-NSK
T030321,06/08/2024,f02638,INPUT_PURCHASE,Seeds,263 kg,INR 80.53,INR 21179.39,BRD-NSK
T030322,06/20/2024,F02638,I,Bio-pesticide,119 kgs,INR 272.19,INR 32390.61,BRD-NSK
T030323,06/05/2024,F02638,FERT_PURCHASE,Fertilizer,295 kgs,INR 59.70,INR 17611.50,BRD-NSK
T030324,07/03/2024,f02638,I,SEEDS,68 kgs,INR 103.19,INR 7016.92,BRD-NSK
T030325,11/04/2024,F02638,LOAN_REPAY,EMI,,,INR 3600.00,BRD-NSK
T030343,11/23/2024,F02643,DELIVERY,PADDY,656 kg,INR 2690.00,INR 17646.40,BRD-NSK
T030344,10/31/2024,F02643,DELIVERY,PADDY,315 kg,INR 2690.00,INR 8473.50,BRD-NSK
T030345,07/10/2024,F02643,I,Hybrid Seeds,206 kg,INR 125.51,INR 25855.06,BRD-NSK
T030346,06/23/2024,F02643,I,SEEDS,121 kgs,INR 81.68,INR 9883.28,BRD-NSK
T030700,03/31/2025,F01307,DELIVERY,Wheat,"1,637.00 kgs",INR 2780.00,INR 45508.60,BRD-NSK
T030701,05/08/2025,F01307,delivery,WHEAT,988.00 kgs,INR 2780.00,INR 27466.40,BRD-NSK
T030702,01/08/2025,F01307,FERT_PURCHASE,Bio-pesticide,241 kgs,INR 582.74,INR 140440.34,BRD-NSK
T030703,05/20/2025,F01307,Loan Repayment,EMI,,,INR 3700.00,BRD-NSK
T030704,03/09/2025,F01307,loan,EMI,,,INR 2100.00,BRD-NSK
T030705,05/23/2025,F01307,loan,Loan Repayment,,,INR 7400.00,BRD-NSK
T030706,04/07/2025,F01308,FPO_DELIVERY,Wheat (Durum),4678 kg,INR 2695.00,INR 126072.10,BRD-NSK
T030707,12/03/2024,F01308,input,Seeds,275 kg,INR 121.64,INR 33451.00,BRD-NSK
T030708,12/17/2024, F01308 ,input,Urea,318 kg,INR 37.68,INR 11982.24,BRD-NSK
T030709,03/14/2025,F01311,FPO_DELIVERY,Wheat (Durum),1185 kg,INR 2725.00,INR 32291.25,BRD-NSK
T030710,04/27/2025,F01311,DELIVERY,WHEAT,753 kg,INR 2725.00,INR 20519.25,BRD-NSK
T030711,03/17/2025,F01312,delivery,WHEAT,4997 kg,INR 2720.00,INR 135918.40,BRD-NSK
T030712,01/09/2025,F01312,FERT_PURCHASE,DAP,108 kg,INR 37.83,INR 4085.64,BRD-NSK
T030713,01/15/2025,F01312,input,Fertilizer,259 kgs,INR 45.69,INR 11833.71,BRD-NSK
T030714,12/04/2024, F01312 ,Input Purchase,FERTILIZER 50kg bag,48 kgs,INR 43.02,INR 2064.96,BRD-NSK
T030715,12/07/2024,F01312,FERT_PURCHASE,SEEDS,314 kg,INR 70.19,INR 22039.66,BRD-NSK
T030716,04/20/2025,F01317,delivery,wheat,4844 kg,INR 2960.00,INR 143382.40,BRD-NSK
T030717,04/29/2025,F01317,delivery,Lokwan Wheat,921 kg,INR 2960.00,INR 27261.60,BRD-NSK
T030718,12/04/2024,F01317,input,NPK 10:26:26,256 kg,INR 49.55,INR 12684.80,BRD-NSK
T030719,01/15/2025,F01317,FERT_PURCHASE,Seeds,256 kgs,INR 101.45,INR 25971.20,BRD-NSK
T030720,12/22/2024,F01317,INPUT_PURCHASE,DAP,48 kg,INR 45.85,INR 2200.80,BRD-NSK
T030721,03/27/2025,F01317,Loan Repayment,EMI,,,INR 5800.00,BRD-NSK
T030722,03/28/2025,F01319,delivery,Wheat,5260 kg,INR 2980.00,INR 156748.00,BRD-NSK
T030723,12/09/2024,F01319,Input Purchase,Urea,122 kgs,INR 56.37,INR 6877.14,BRD-NSK
T030724,04/21/2025,f01319,loan,Loan Repayment,,,INR 3700.00,BRD-NSK
T030725,01/24/2025,F01319,LOAN_REPAY,EMI,,,INR 1500.00,BRD-NSK
T030726,01/19/2025,F01319,loan,EMI,,,INR 5200.00,BRD-NSK
T030727,03/14/2025,F01320,Delivery,wheat,"1,143.00 kgs",INR 2800.00,INR 32004.00,BRD-NSK
T030728,05/10/2025,F01320,FPO_DELIVERY,Lokwan Wheat,6 kg,INR 2800.00,INR 168.00,BRD-NSK
T030729,12/26/2024,F01320,FERT_PURCHASE,FERTILIZER 50kg bag,146 kgs,INR 37.47,INR 5470.62,BRD-NSK
T030730,01/13/2025,F01320,Input Purchase,Urea,205 kg,INR 33.18,INR 6801.90,BRD-NSK
T030731,12/09/2024,F01320,INPUT_PURCHASE,Seeds,241 kg,INR 61.03,INR 14708.23,BRD-NSK
T030732,12/08/2024,F01320,I,DAP,224 kgs,INR 59.68,INR 13368.32,BRD-NSK
T030733,03/10/2025,F01329,D,WHEAT,843 kg,INR 2575.00,INR 21707.25,BRD-NSK
T030734,05/14/2025,F01329,DELIVERY,Wheat (Durum),1908 kg,INR 2575.00,INR 49131.00,BRD-NSK
T030735,01/10/2025,F01329,INPUT_PURCHASE,Seeds,106 kg,INR 128.59,INR 13630.54,BRD-NSK
T030736,01/08/2025,F01329,input,Seeds,298 kg,INR 115.27,INR 34350.46,BRD-NSK
T030737,12/25/2024,F01329,I,Urea,258 kg,INR 37.50,INR 9675.00,BRD-NSK
T030738,12/10/2024,F01329,input,Hybrid Seeds,240 kgs,INR 121.20,INR 29088.00,BRD-NSK
T030739,02/08/2025,F01329,LOAN_REPAY,EMI,,,INR 1200.00,BRD-NSK
T030740,04/11/2025,F01331,DELIVERY,Wheat,2391 kg,INR 2660.00,INR 63600.60,BRD-NSK
T030741,04/02/2025,F01331,FPO_DELIVERY,WHEAT,5235 kg,INR 2660.00,INR 139251.00,BRD-NSK
T030742,04/16/2025,f01340,D,wheat,5285 kg,INR 3010.00,INR 159078.50,BRD-NSK
T030743,12/19/2024,F01340,input,Urea,39 kg,INR 35.15,INR 1370.85,BRD-NSK
T030744,12/03/2024,F01340,Input Purchase,SEEDS,264 kgs,INR 122.84,INR 32429.76,BRD-NSK
T030745,05/01/2025,F01347,FPO_DELIVERY,wheat,236 kg,INR 2855.00,INR 6737.80,BRD-NSK
T030746,04/07/2025,F01347,DELIVERY,Wheat (Durum),"2,223.00 kgs",INR 2855.00,INR 63466.65,BRD-NSK
T030747,12/13/2024,F01347,I,FERTILIZER 50kg bag,28 kg,INR 35.65,INR 998.20,BRD-NSK
T030748,12/28/2024,F01347,input,Bio-pesticide,50 kgs,INR 567.11,INR 28355.50,BRD-NSK
T030749,03/31/2025,F01348,Delivery,Wheat,"2,219.00 kgs",INR 2700.00,INR 59913.00,BRD-NSK
T030750,12/26/2024,f01348,Input Purchase,NPK 10:26:26,304 kg,INR 55.35,INR 16826.40,BRD-NSK
T030751,01/02/2025,f01348,input,DAP,125 kg,INR 32.12,INR 4015.00,BRD-NSK
T030752,04/21/2025,F01360,D,Wheat (Durum),2675 kg,INR 2840.00,INR 75970.00,BRD-NSK
T030753,12/24/2024,F01360,I,Seeds,232 kgs,INR 71.86,INR 16671.52,BRD-NSK
T030754,01/03/2025,F01360,input,Hybrid Seeds,173 kg,INR 110.53,INR 19121.69,BRD-NSK
T030755,05/02/2025,F01362,Delivery,Wheat,"7,151.00 kgs",INR 2720.00,INR 194507.20,BRD-NSK
T030756,12/01/2024,F01362,I,DAP,315 kgs,INR 46.74,INR 14723.10,BRD-NSK
T030757,12/21/2024,F01362,input,PPC,26 kgs,INR 649.74,INR 16893.24,BRD-NSK
T030758,12/16/2024,F01362,I,Urea,43 kgs,INR 41.56,INR 1787.08,BRD-NSK
T030759,03/19/2025,F01364,FPO_DELIVERY,Wheat,"5,047.00 kgs",INR 2915.00,INR 147120.05,BRD-NSK
T030760,01/11/2025,F01364,I,SEEDS,159 kg,INR 107.07,INR 17024.13,BRD-NSK
T030761,12/07/2024,F01364,FERT_PURCHASE,DAP,108 kg,INR 49.17,INR 5310.36,BRD-NSK
T030762,04/03/2025,F01366,DELIVERY,Wheat,"4,733.00 kgs",INR 2505.00,INR 118561.65,BRD-NSK
T030763,12/18/2024,F01366,Input Purchase,Hybrid Seeds,66 kg,INR 123.64,INR 8160.24,BRD-NSK
T030764,12/02/2024,F01366,Input Purchase,DAP,125 kg,INR 51.32,INR 6415.00,BRD-NSK
T030765,12/29/2024,F01366,Input Purchase,Fertilizer,203 kgs,INR 37.90,INR 7693.70,BRD-NSK
T030766,01/05/2025,F01366,input,NPK 10:26:26,132 kg,INR 51.93,INR 6854.76,BRD-NSK
T030767,12/03/2024,F01366,input,Bio-pesticide,315 kgs,INR 452.98,INR 142688.70,BRD-NSK
T030768,03/07/2025, F01369 ,FPO_DELIVERY,wheat,"1,616.00 kgs",INR 2970.00,INR 47995.20,BRD-NSK
T030769,12/16/2024,F01369,FERT_PURCHASE,Urea,157 kgs,INR 48.06,INR 7545.42,BRD-NSK
T030770,01/03/2025,f01369,INPUT_PURCHASE,Hybrid Seeds,209 kg,INR 94.64,INR 19779.76,BRD-NSK
T030771,12/03/2024,F01369,Input Purchase,SEEDS,53 kgs,INR 65.75,INR 3484.75,BRD-NSK
T030772,12/05/2024, F01369 ,INPUT_PURCHASE,SEEDS,71 kgs,INR 85.66,INR 6081.86,BRD-NSK
T030773,01/11/2025,F01369,I,DAP,112 kg,INR 38.80,INR 4345.60,BRD-NSK
T030774,04/07/2025,F01370,D,Wheat (Durum),1133 kg,INR 2870.00,INR 32517.10,BRD-NSK
T030775,04/26/2025, F01370 ,FPO_DELIVERY,Wheat,"5,357.00 kgs",INR 2870.00,INR 153745.90,BRD-NSK
T030776,01/03/2025,F01370,FERT_PURCHASE,DAP,291 kg,INR 40.08,INR 11663.28,BRD-NSK
T030777,01/01/2025,F01370,INPUT_PURCHASE,SEEDS,56 kg,INR 89.78,INR 5027.68,BRD-NSK
T030778,12/14/2024,F01370,FERT_PURCHASE,Hybrid Seeds,115 kg,INR 87.10,INR 10016.50,BRD-NSK
T030779,12/07/2024,F01370,Input Purchase,SEEDS,32 kg,INR 112.10,INR 3587.20,BRD-NSK
T030780,03/13/2025,F01378,Delivery,Wheat,"5,487.00 kgs",INR 2785.00,INR 152812.95,BRD-NSK
T030781,03/11/2025,f01378,DELIVERY,WHEAT,1730 kg,INR 2785.00,INR 48180.50,BRD-NSK
T030782,12/14/2024,F01378,FERT_PURCHASE,Fertilizer,87 kg,INR 36.59,INR 3183.33,BRD-NSK
T030783,01/13/2025,F01378,input,NPK 10:26:26,231 kg,INR 39.47,INR 9117.57,BRD-NSK
T030784,01/07/2025,F01378,FERT_PURCHASE,FERTILIZER 50kg bag,50 kg,INR 51.39,INR 2569.50,BRD-NSK
T030785,12/18/2024,F01378,I,FERTILIZER 50kg bag,262 kg,INR 42.92,INR 11245.04,BRD-NSK
T030786,05/13/2025,F01378,L,EMI,,,INR 7000.00,BRD-NSK
T030787,05/13/2025,F01379,delivery,WHEAT,"2,727.00 kgs",INR 2975.00,INR 81128.25,BRD-NSK
T030788,12/01/2024,F01379,Input Purchase,SEEDS,223 kg,INR 79.96,INR 17831.08,BRD-NSK
T030789,01/26/2025,F01379,L,EMI,,,INR 1600.00,BRD-NSK
T030790,02/20/2025,f01379,LOAN_REPAY,EMI,,,INR 4100.00,BRD-NSK
T030791,04/21/2025,F01380,D,wheat,1633 kg,INR 2815.00,INR 45968.95,BRD-NSK
T030792,03/21/2025,F01380,DELIVERY,Wheat,472.00 kgs,INR 2815.00,INR 13286.80,BRD-NSK
T030793,05/10/2025,F01385,delivery,Wheat,237 kg,INR 2775.00,INR 6576.75,BRD-NSK
T030794,03/22/2025,F01385,delivery,Wheat (Durum),870 kg,INR 2775.00,INR 24142.50,BRD-NSK
T030795,01/07/2025,F01385,Input Purchase,Hybrid Seeds,166 kgs,INR 84.76,INR 14070.16,BRD-NSK
T030796,04/09/2025,F01386,Delivery,Wheat,3105 kg,INR 2830.00,INR 87871.50,BRD-NSK
T030797,03/28/2025,f01386,delivery,WHEAT,"1,575.00 kgs",INR 2830.00,INR 44572.50,BRD-NSK
T030798,01/15/2025,F01386,INPUT_PURCHASE,Bio-pesticide,252 kg,INR 131.78,INR 33208.56,BRD-NSK
T030799,12/31/2024,F01386,input,Fertilizer,157 kgs,INR 49.24,INR 7730.68,BRD-NSK
T030800,12/03/2024,F01386,INPUT_PURCHASE,Seeds,221 kgs,INR 113.54,INR 25092.34,BRD-NSK
T030801,12/01/2024,F01386,input,PPC,61 kgs,INR 622.37,INR 37964.57,BRD-NSK
T030802,01/02/2025,F01386,input,Urea,121 kg,INR 34.35,INR 4156.35,BRD-NSK
T030803,05/06/2025,F01393,D,Lokwan Wheat,2143 kg,INR 2910.00,INR 62361.30,BRD-NSK
T030804,12/03/2024,F01393,I,DAP,311 kg,INR 37.16,INR 11556.76,BRD-NSK
T030805,12/12/2024,F01393,LOAN_REPAY,Loan Repayment,,,INR 5800.00,BRD-NSK
T030806,03/10/2025,F01394,D,wheat,1983 kg,INR 2805.00,INR 55623.15,BRD-NSK
T030807,05/08/2025, F01394 ,Delivery,WHEAT,"1,154.00 kgs",INR 2805.00,INR 32369.70,BRD-NSK
T030808,03/08/2025,F01395,DELIVERY,WHEAT,"1,164.00 kgs",INR 2835.00,INR 32999.40,BRD-NSK
T030809,12/17/2024,F01395,FERT_PURCHASE,Urea,88 kg,INR 38.68,INR 3403.84,BRD-NSK
T030810,12/30/2024,F01395,I,Seeds,108 kg,INR 75.27,INR 8129.16,BRD-NSK
T030811,01/06/2025,F01395,FERT_PURCHASE,DAP,254 kg,INR 28.52,INR 7244.08,BRD-NSK
T030812,05/31/2025,F01395,L,EMI,,,INR 1200.00,BRD-NSK
T030813,02/15/2025,F01395,LOAN_REPAY,Loan Repayment,,,INR 3800.00,BRD-NSK
T030814,04/15/2025,F01396,Delivery,Lokwan Wheat,"7,143.00 kgs",INR 2920.00,INR 208575.60,BRD-NSK
T030815,04/12/2025,F01396,D,Wheat,336 kg,INR 2920.00,INR 9811.20,BRD-NSK
T030816,12/17/2024,F01396,FERT_PURCHASE,PPC,167 kg,INR 437.41,INR 73047.47,BRD-NSK
T030817,04/04/2025,F01401,D,Wheat,3678 kg,INR 2785.00,INR 102432.30,BRD-NSK
T030818,01/15/2025,F01401,Input Purchase,NPK 10:26:26,90 kg,INR 59.74,INR 5376.60,BRD-NSK
T030819,01/12/2025,F01401,Input Purchase,Seeds,43 kg,INR 74.16,INR 3188.88,BRD-NSK
T030820,12/05/2024,F01401,I,Hybrid Seeds,252 kg,INR 88.57,INR 22319.64,BRD-NSK
T030821,12/21/2024,F01401,Input Purchase,NPK 10:26:26,171 kgs,INR 43.69,INR 7470.99,BRD-NSK
T030822,04/11/2025,F01409,D,Lokwan Wheat,6746 kg,INR 2850.00,INR 192261.00,BRD-NSK
T030823,12/05/2024,F01409,FERT_PURCHASE,Fertilizer,198 kgs,INR 49.16,INR 9733.68,BRD-NSK
T030824,12/07/2024,F01409,I,SEEDS,228 kg,INR 96.89,INR 22090.92,BRD-NSK
T030825,01/14/2025,F01409,FERT_PURCHASE,Urea,210 kgs,INR 59.70,INR 12537.00,BRD-NSK
T030826,01/07/2025,F01409,Input Purchase,Seeds,49 kgs,INR 52.62,INR 2578.38,BRD-NSK
T030827,04/19/2025,F01412,Delivery,Wheat,6664 kg,INR 2725.00,INR 181594.00,BRD-NSK
T030828,01/08/2025,F01412,INPUT_PURCHASE,Seeds,30 kg,INR 64.41,INR 1932.30,BRD-NSK
T030829,12/01/2024,F01412,Input Purchase,FERTILIZER 50kg bag,229 kgs,INR 32.75,INR 7499.75,BRD-NSK
T030830,04/25/2025,F01414,D,WHEAT,"3,003.00 kgs",INR 3055.00,INR 91741.65,BRD-NSK
T030831,04/30/2025, F01414 ,D,Lokwan Wheat,263 kg,INR 3055.00,INR 8034.65,BRD-NSK
T030832,01/07/2025,F01414,input,Hybrid Seeds,134 kg,INR 80.97,INR 10849.98,BRD-NSK
T030833,02/22/2025,F01414,L,Loan Repayment,,,INR 3800.00,BRD-NSK
T030834,03/05/2025, F01414 ,Loan Repayment,Loan Repayment,,,INR 1100.00,BRD-NSK
T030835,03/27/2025,F01417,Delivery,Lokwan Wheat,2536 kg,INR 2920.00,INR 74051.20,BRD-NSK
T030836,04/05/2025,F01417,D,wheat,676.00 kgs,INR 2920.00,INR 19739.20,BRD-NSK
T030837,04/02/2025,f01419,FPO_DELIVERY,Lokwan Wheat,3782 kg,INR 3015.00,INR 114027.30,BRD-NSK
T030838,01/13/2025,F01419,Input Purchase,PPC,181 kg,INR 288.95,INR 52299.95,BRD-NSK
T030839,01/03/2025,F01419,FERT_PURCHASE,Urea,37 kgs,INR 36.87,INR 1364.19,BRD-NSK
T030840,05/13/2025,F01420,FPO_DELIVERY,WHEAT,1608 kg,INR 2945.00,INR 47355.60,BRD-NSK
T030841,12/15/2024,F01420,INPUT_PURCHASE,FERTILIZER 50kg bag,112 kgs,INR 32.12,₹ N/A,BRD-NSK
T030842,03/24/2025,f01428,Delivery,Wheat (Durum),"2,590.00 kgs",INR 2690.00,INR 69671.00,BRD-NSK
T030843,03/31/2025,F01430,D,wheat,"4,945.00 kgs",INR 2715.00,INR 134256.75,BRD-NSK
T030844,12/08/2024, F01430 ,I,Hybrid Seeds,163 kgs,INR 100.61,INR 16399.43,BRD-NSK
T030845,03/21/2025,F01432,D,Wheat (Durum),2360 kg,INR 2775.00,INR 65490.00,BRD-NSK
T030846,04/13/2025,F01432,FPO_DELIVERY,Lokwan Wheat,36 kg,INR 2775.00,INR 999.00,BRD-NSK
T030847,12/11/2024,F01432,Input Purchase,Urea,284 kgs,INR 48.91,INR 13890.44,BRD-NSK
T030848,04/24/2025,F01441,delivery,Wheat,"2,802.00 kgs",INR 2930.00,INR 82098.60,BRD-NSK
T030849,04/21/2025,F01441,DELIVERY,Lokwan Wheat,1083 kg,INR 2930.00,INR 31731.90,BRD-NSK
T030850,01/04/2025,F01441,Input Purchase,Seeds,145 kg,INR 90.29,INR 13092.05,BRD-NSK
T030851,05/10/2025,F01448,D,WHEAT,672.00 kgs,INR 2860.00,INR 19219.20,BRD-NSK
T030852,04/14/2025,F01448,DELIVERY,Lokwan Wheat,3451 kg,INR 2860.00,INR 98698.60,BRD-NSK
T030853,04/12/2025,F01450,FPO_DELIVERY,Wheat,3452 kg,INR 2895.00,INR 99935.40,BRD-NSK
T030854,05/04/2025,f01450,FPO_DELIVERY,WHEAT,"1,273.00 kgs",INR 2895.00,INR 36853.35,BRD-NSK
T030855,01/09/2025,f01450,INPUT_PURCHASE,Fertilizer,80 kgs,INR 29.04,INR 2323.20,BRD-NSK
T030856,12/21/2024,f01450,FERT_PURCHASE,NPK 10:26:26,155 kgs,INR 55.06,INR 8534.30,BRD-NSK
T030857,12/19/2024,F01450,I,Hybrid Seeds,162 kg,INR 52.55,INR 8513.10,BRD-NSK
T030858,04/01/2025,F01450,LOAN_REPAY,EMI,,,INR 5900.00,BRD-NSK
T030859,03/04/2025,F01453,delivery,Wheat,"6,350.00 kgs",INR 2970.00,INR 188595.00,BRD-NSK
T030860,03/16/2025,F01453,D,wheat,1656 kg,INR 2970.00,INR 49183.20,BRD-NSK
T030861,02/01/2025,F01453,Loan Repayment,Loan Repayment,,,INR 3400.00,BRD-NSK
T030862,05/14/2025,F01457,D,Lokwan Wheat,3045 kg,INR 3010.00,INR 91654.50,BRD-NSK
T030863,12/28/2024,F01457,INPUT_PURCHASE,Urea,158 kg,INR 42.27,INR 6678.66,BRD-NSK
T031683,03/20/2025,F02248,FPO_DELIVERY,Wheat,4467 kg,INR 2835.00,INR 126639.45,BRD-NSK
T031684,04/04/2025,F02248,FPO_DELIVERY,Wheat,366.00 kgs,INR 2835.00,INR 10376.10,BRD-NSK
T031685,12/27/2024,F02248,Input Purchase,Fertilizer,29 kgs,INR 36.96,INR 1071.84,BRD-NSK
T031686,12/19/2024, F02248 ,FERT_PURCHASE,PP chemicals,226 kg,INR 302.54,INR 68374.04,BRD-NSK
T031687,12/15/2024,F02248,Input Purchase,PP chemicals,270 kg,INR 447.17,INR 120735.90,BRD-NSK
T031747,04/17/2025,F02294,FPO_DELIVERY,Lokwan Wheat,"8,052.00 kgs",INR 2655.00,INR 213780.60,BRD-NSK
T031748,05/06/2025,F02294,L,EMI,,,INR 3800.00,BRD-NSK
T031774,03/02/2025,F02306,FPO_DELIVERY,wheat,"1,261.00 kgs",INR 2935.00,INR 37010.35,BRD-NSK
T031775,01/05/2025,F02306,INPUT_PURCHASE,Urea,53 kgs,INR 44.03,INR 2333.59,BRD-NSK
T031776,01/06/2025,F02306,Input Purchase,PP chemicals,151 kgs,INR 163.03,INR 24617.53,BRD-NSK
T031805,04/08/2025,F02328,D,Wheat (Durum),5321 kg,INR 2925.00,INR 155639.25,BRD-NSK
T031819,05/08/2025,F02363,Delivery,Wheat (Durum),3957 kg,INR 2935.00,INR 116137.95,BRD-NSK
T031820,04/27/2025,F02363,DELIVERY,Wheat,5694 kg,INR 2935.00,INR 167118.90,BRD-NSK
T031835,05/09/2025,F02371,delivery,Lokwan Wheat,793.00 kgs,INR 2780.00,INR 22045.40,BRD-NSK
T031836,05/12/2025,F02371,FPO_DELIVERY,WHEAT,3859 kg,INR 2780.00,INR 107280.20,BRD-NSK
T031837,12/20/2024,F02371,INPUT_PURCHASE,NPK 10:26:26,55 kg,INR 57.41,INR 3157.55,BRD-NSK
T031838,04/26/2025,F02371,loan,Loan Repayment,,,INR 7500.00,BRD-NSK
T031839,05/29/2025,F02371,Loan Repayment,EMI,,,INR 7100.00,BRD-NSK
T031866,05/08/2025,F02392,DELIVERY,wheat,4997 kg,INR 2955.00,INR 147661.35,BRD-NSK
T031867,04/01/2025,F02392,delivery,wheat,499.00 kgs,INR 2955.00,INR 14745.45,BRD-NSK
T031868,12/04/2024,F02392,FERT_PURCHASE,Fertilizer,45 kg,INR 46.59,INR 2096.55,BRD-NSK
T031887,03/16/2025,F02420,FPO_DELIVERY,wheat,"3,378.00 kgs",INR 2805.00,INR 94752.90,BRD-NSK
T031900,03/21/2025,F02425,DELIVERY,Lokwan Wheat,1873 kg,INR 2830.00,INR 53005.90,BRD-NSK
T031901,03/24/2025,F02425,Delivery,Wheat,"1,491.00 kgs",INR 2830.00,INR 42195.30,BRD-NSK
T031905,04/22/2025,F02434,delivery,Lokwan Wheat,5508 kg,INR 2645.00,INR 145686.60,BRD-NSK
T031906,01/15/2025,F02434,FERT_PURCHASE,Hybrid Seeds,90 kgs,INR 92.75,INR 8347.50,BRD-NSK
T031907,12/08/2024,F02434,FERT_PURCHASE,FERTILIZER 50kg bag,123 kg,INR 31.50,INR 3874.50,BRD-NSK
T031908,05/21/2025,F02434,Loan Repayment,EMI,,,INR 4000.00,BRD-NSK
T031909,12/31/2024,F02434,L,Loan Repayment,,,INR 7200.00,BRD-NSK
T032012,04/28/2025,F02491,delivery,wheat,"2,423.00 kgs",INR 2740.00,INR 66390.20,BRD-NSK
T032022,05/11/2025,F02499,Delivery,wheat,2906 kg,INR 2685.00,INR 78026.10,BRD-NSK
T032023,12/30/2024,F02499,INPUT_PURCHASE,FERTILIZER 50kg bag,95 kgs,INR 52.26,INR 4964.70,BRD-NSK
T032024,12/08/2024,F02499,Input Purchase,DAP,134 kgs,INR 49.60,INR 6646.40,BRD-NSK
T032028,04/21/2025,F02503,delivery,Lokwan Wheat,5493 kg,INR 2850.00,INR 156550.50,BRD-NSK
T032029,01/11/2025,f02503,input,DAP,187 kg,INR 28.51,INR 5331.37,BRD-NSK
T032030,01/11/2025,F02503,FERT_PURCHASE,Seeds,259 kg,INR 91.21,INR 23623.39,BRD-NSK
T032071,04/10/2025,F02531,Delivery,WHEAT,2983 kg,INR 2900.00,INR 86507.00,BRD-NSK
T032072,04/08/2025,F02531,D,Wheat,"3,108.00 kgs",INR 2900.00,INR 90132.00,BRD-NSK
T032073,12/03/2024,f02531,I,NPK 10:26:26,144 kgs,INR 53.02,INR 7634.88,BRD-NSK
T032074,12/07/2024,F02531,INPUT_PURCHASE,SEEDS,161 kgs,INR 109.58,INR 17642.38,BRD-NSK
T032075,03/02/2025,F02531,Loan Repayment,Loan Repayment,,,INR 7600.00,BRD-NSK
T032076,01/29/2025,F02531,LOAN_REPAY,EMI,,,INR 3500.00,BRD-NSK
T032116,03/03/2025,F02554,delivery,WHEAT,802 kg,INR 2745.00,INR 22014.90,BRD-NSK
T032117,04/16/2025,F02554,D,Wheat (Durum),421.00 kgs,INR 2745.00,INR 11556.45,BRD-NSK
T032118,03/30/2025,F02554,FPO_DELIVERY,Lokwan Wheat,139.00 kgs,INR 2745.00,INR 3815.55,BRD-NSK
T032119,12/11/2024,F02554,input,SEEDS,28 kgs,INR 82.46,INR 2308.88,BRD-NSK
T032120,12/21/2024,F02554,INPUT_PURCHASE,DAP,106 kgs,INR 40.87,INR 4332.22,BRD-NSK
T032121,12/21/2024,F02554,L,Loan Repayment,,,INR 6300.00,BRD-NSK
T032122,04/10/2025,F02556,FPO_DELIVERY,wheat,"2,588.00 kgs",INR 2715.00,INR 70264.20,BRD-NSK
T032123,03/12/2025,F02556,D,wheat,1561 kg,INR 2715.00,INR 42381.15,BRD-NSK
T032124,12/10/2024,F02556,I,DAP,226 kgs,INR 56.22,INR 12705.72,BRD-NSK
T032125,12/06/2024,F02556,INPUT_PURCHASE,Fertilizer,310 kg,INR 31.53,INR 9774.30,BRD-NSK
T032134,04/01/2025, F02563 ,D,Wheat (Durum),112.00 kgs,INR 2995.00,INR 3354.40,BRD-NSK
T032135,04/05/2025,F02563,delivery,Wheat (Durum),2827 kg,INR 2995.00,INR 84668.65,BRD-NSK
T032136,12/15/2024, F02563 ,Input Purchase,PP chemicals,98 kgs,INR 217.67,INR 21331.66,BRD-NSK
T032137,03/17/2025,F02564,DELIVERY,Wheat (Durum),"3,802.00 kgs",INR 2740.00,INR 104174.80,BRD-NSK
T032138,04/30/2025,F02564,FPO_DELIVERY,WHEAT,"3,950.00 kgs",INR 2740.00,INR 108230.00,BRD-NSK
T032139,01/12/2025,F02564,INPUT_PURCHASE,PP chemicals,294 kg,INR 447.09,INR 131444.46,BRD-NSK
T032140,01/02/2025,F02564,INPUT_PURCHASE,DAP,257 kg,INR 36.34,INR 9339.38,BRD-NSK
T032141,12/01/2024, F02564 ,Loan Repayment,Loan Repayment,,,INR 2900.00,BRD-NSK
T032187,04/15/2025,f02589,DELIVERY,wheat,464 kg,INR 2845.00,INR 13200.80,BRD-NSK
T032188,05/07/2025,F02589,D,wheat,"2,460.00 kgs",INR 2845.00,INR 69987.00,BRD-NSK
T032189,12/22/2024,F02589,INPUT_PURCHASE,NPK 10:26:26,152 kgs,INR 31.73,INR 4822.96,BRD-NSK
T032190,12/05/2024,F02589,Input Purchase,Fertilizer,95 kg,INR 42.70,INR 4056.50,BRD-NSK
T032191,01/10/2025,F02589,Input Purchase,Urea,123 kg,INR 46.53,INR 5723.19,BRD-NSK
T032192,12/03/2024,F02589,INPUT_PURCHASE,Urea,104 kgs,INR 32.07,INR 3335.28,BRD-NSK
T032231,04/04/2025,,delivery,WHEAT,3382 kg,INR 2770.00,INR 93681.40,BRD-NSK
T032232,12/18/2024,F02614,Input Purchase,DAP,30 kgs,INR 41.15,INR 1234.50,BRD-NSK
T032233,12/16/2024,f02614,input,Hybrid Seeds,48 kgs,INR 58.91,INR 2827.68,BRD-NSK
T032234,12/27/2024,F02614,INPUT_PURCHASE,Hybrid Seeds,113 kg,INR 75.81,INR 8566.53,BRD-NSK
T032235,01/31/2025,F02614,Loan Repayment,Loan Repayment,,,INR 6100.00,BRD-NSK
T032284,03/26/2025,,FPO_DELIVERY,Wheat,3274 kg,INR 2785.00,INR 91180.90,BRD-NSK
T032285,04/13/2025,F02632,LOAN_REPAY,EMI,,,INR 1800.00,BRD-NSK
T032286,03/06/2025,F02632,LOAN_REPAY,EMI,,,INR 6200.00,BRD-NSK
T032307,04/14/2025,F02638,Delivery,WHEAT,64 kg,INR 2795.00,INR 1788.80,BRD-NSK
T032308,05/08/2025, F02638 ,delivery,Wheat (Durum),"2,592.00 kgs",INR 2795.00,INR 72446.40,BRD-NSK
T032309,12/20/2024,F02638,FERT_PURCHASE,Bio-pesticide,292 kg,INR 207.85,INR 60692.20,BRD-NSK
T032323,04/06/2025,F02643,delivery,Wheat (Durum),2681 kg,INR 2965.00,INR 79491.65,BRD-NSK
T032324,03/06/2025,F02643,DELIVERY,wheat,"1,025.00 kgs",INR 2965.00,INR 30391.25,BRD-NSK
T032392,03/14/2025,F02667,FPO_DELIVERY,Wheat,781.00 kgs,INR 2865.00,INR 22375.65,BRD-NSK
T032398,04/19/2025,F02670,FPO_DELIVERY,WHEAT,389.00 kgs,INR 2925.00,INR 11378.25,BRD-NSK
T032399,04/28/2025, F02670 ,delivery,wheat,"3,392.00 kgs",INR 2925.00,INR 99216.00,BRD-NSK
T032402,05/07/2025,F02672,Delivery,WHEAT,"4,813.00 kgs",INR 2910.00,INR 140058.30,BRD-NSK
T032403,01/24/2025,F02672,loan,EMI,,,INR 2500.00,BRD-NSK
T032404,04/16/2025,F02672,loan,Loan Repayment,,,INR 1300.00,BRD-NSK
T032405,01/05/2025,F02672,Loan Repayment,EMI,,,INR 7800.00,BRD-NSK
T032406,03/18/2025, F02672 ,L,EMI,,,INR 1200.00,BRD-NSK
T032430,05/02/2025,F02680,delivery,Lokwan Wheat,6459 kg,INR 3060.00,INR 197645.40,BRD-NSK
T032431,12/21/2024,F02680,Input Purchase,Fertilizer,222 kg,INR 39.74,INR 8822.28,BRD-NSK
T032432,12/20/2024,F02680,input,Fertilizer,68 kgs,INR 34.48,INR 2344.64,BRD-NSK
T032436,05/03/2025, F02682 ,FPO_DELIVERY,WHEAT,"3,337.00 kgs",INR 2875.00,INR 95938.75,BRD-NSK
T032437,12/31/2024,F02682,FERT_PURCHASE,PPC,221 kg,INR 609.55,INR 134710.55,BRD-NSK
T032438,12/22/2024,F02682,FERT_PURCHASE,NPK 10:26:26,131 kg,INR 29.29,INR 3836.99,BRD-NSK
T032439,12/23/2024,F02682,I,FERTILIZER 50kg bag,198 kg,INR 46.38,INR 9183.24,BRD-NSK
T032458,03/27/2025,f02690,DELIVERY,wheat,381.00 kgs,INR 2940.00,INR 11201.40,BRD-NSK
T032459,03/21/2025,f02690,Delivery,Lokwan Wheat,117.00 kgs,INR 2940.00,INR 3439.80,BRD-NSK
T032460,05/06/2025,F02690,delivery,wheat,28 kg,INR 2940.00,INR 823.20,BRD-NSK
T032461,12/01/2024,F02690,FERT_PURCHASE,DAP,126 kg,INR 53.77,INR 6775.02,BRD-NSK
T012041,12/22/2020,F01457,Input Purchase,Urea,63 kg,INR 34.93,INR 2200.59,BRD-NSK
T023570,01/14/2023,F02420,FERT_PURCHASE,Urea,127 kgs,INR 32.86,INR 4173.22,BRD-NSK
T009044,10/02/2020,F01369,D,Sona Masoori Paddy,"1,631.00 kgs",INR 2225.00,INR 36289.75,BRD-NSK
T026523,04/12/2024,F01386,delivery,Lokwan Wheat,4183 kg,INR 2650.00,INR 110849.50,BRD-NSK
T001335,11/27/2019,f01326,FPO_DELIVERY,Paddy (Rainfed),619 kg,INR 2235.00,INR 13834.65,BRD-NSK
T019086,04/14/2022,F02439,DELIVERY,Lokwan Wheat,6808 kg,INR 2420.00,INR 164753.60,BRD-NSK
T021986,03/26/2023, F01348 ,D,Wheat,640.00 kgs,INR 2760.00,INR 17664.00,BRD-NSK
T009024,07/14/2020,f01355,Input Purchase,DAP,47 kg,INR 54.03,INR 2539.41,BRD-NSK
T023616,01/09/2023,F02435,INPUT_PURCHASE,Urea,39 kgs,INR 36.53,INR 1424.67,BRD-NSK
T001395,06/02/2019,F01340,INPUT_PURCHASE,Fertilizer,229 kg,INR 47.74,INR 10932.46,BRD-NSK
T014576,11/08/2021,F01376,Delivery,paddy,2272 kg,INR 2345.00,INR 53278.40,BRD-NSK
T005750,12/07/2019,F01403,I,Seeds,78 kg,INR 86.30,INR 6731.40,BRD-NSK
T005615,03/29/2020,F01353,loan,EMI,,,INR 900.00,BRD-NSK
T030773,01/11/2025,F01369,I,DAP,112 kg,INR 38.80,INR 4345.60,BRD-NSK
T017149,04/17/2022,F01380,D,WHEAT,1811 kg,INR 2510.00,INR 45456.10,BRD-NSK
T017269,04/29/2022,F01457,D,Wheat (Durum),1419 kg,INR 2405.00,INR 34126.95,BRD-NSK
T014510,11/22/2021,F01322,Delivery,Sona Masoori Paddy,5218 kg,INR 2405.00,INR 125492.90,BRD-NSK
T018927,01/09/2022,f02371,Input Purchase,NPK 10:26:26,307 kgs,INR 42.52,INR 13053.64,BRD-NSK
T008932,10/19/2020,F01313,Delivery,Paddy (Rainfed),412.00 kgs,INR 2070.00,INR 8528.40,BRD-NSK
T016256,06/17/2021,F02328,Input Purchase,PPC,189 kg,INR 284.62,INR 53793.18,BRD-NSK
T018635,04/28/2022,F02237,DELIVERY,Wheat (Durum),326.00 kgs,INR 2390.00,INR 7791.40,BRD-NSK
T029793,11/07/2024,F02371,Delivery,PADDY,1433 kg,INR 2695.00,INR 38619.35,BRD-NSK
T011800,04/22/2021,F01320,Delivery,Wheat (Durum),"3,037.00 kgs",INR 2420.00,INR 73495.40,BRD-NSK
T028705,11/04/2024, F01433 ,Delivery,PADDY,98.00 kgs,INR 2685.00,INR 2631.30,BRD-NSK
T022073,04/26/2023,F01404,D,wheat,898.00 kgs,INR 2450.00,INR 22001.00,BRD-NSK
T005695,05/06/2020, F01386 ,FPO_DELIVERY,Lokwan Wheat,120 kg,INR 2220.00,INR 2664.00,BRD-NSK
T001728,07/09/2019,F01443,input,SEEDS,76 kgs,INR 79.38,INR 6032.88,BRD-NSK
T025695,06/02/2023,F02425,Input Purchase,PPC,189 kgs,INR 464.13,INR 87720.57,BRD-NSK
T001265,06/02/2019,F01303,Input Purchase,FERTILIZER 50kg bag,105 kg,INR 37.92,INR 3981.60,BRD-NSK
