farmer_id,season,side_share,yield_factor,severe_drought,defected_after
F01001,2019-K,0.393,1.027,False,False
F01002,2019-K,0.302,0.92,False,True
F01003,2019-K,0.567,0.992,False,False
F01004,2019-K,0.494,1.054,False,False
F01005,2019-K,0.522,1.011,False,False
F01006,2019-K,0.29,0.962,False,True
F01007,2019-K,0.297,0.962,False,True
F01008,2019-K,0.635,0.961,False,False
F01009,2019-K,0.713,1.014,False,False
F01010,2019-K,0.243,1.011,False,True
F01011,2019-K,0.461,0.963,False,False
F01012,2019-K,0.174,0.961,False,False
F01013,2019-K,0.592,0.958,False,False
F01014,2019-K,0.41,1.017,False,False
F01015,2019-K,0.48,0.936,False,False
F01016,2019-K,0.119,0.937,False,True
F01017,2019-K,0.491,1.046,False,False
F01018,2019-K,0.363,1.051,False,True
F01019,2019-K,0.753,1.036,False,False
F01020,2019-K,0.488,1.009,False,False
F01021,2019-K,0.75,1.01,False,False
F01022,2019-K,0.656,1.024,False,False
F01023,2019-K,0.784,1.015,False,False
F01024,2019-K,0.338,0.941,False,True
F01025,2019-K,0.338,0.946,False,True
F01026,2019-K,0.536,1.03,False,False
F01027,2019-K,0.12,0.923,False,False
F01028,2019-K,0.417,0.935,False,False
F01029,2019-K,0.57,1.045,False,False
F01030,2019-K,0.559,1.027,False,False
F01031,2019-K,0.497,0.987,False,False
F01032,2019-K,0.626,1.049,False,False
F01033,2019-K,0.237,0.979,False,True
F01034,2019-K,0.428,0.947,False,False
F01035,2019-K,0.738,0.982,False,False
F01036,2019-K,0.82,1.029,False,False
F01037,2019-K,0.703,1.002,False,False
F01038,2019-K,0.684,1.05,False,False
F01039,2019-K,0.034,1.026,False,True
F01040,2019-K,0.681,0.978,False,False
F01041,2019-K,0.352,1.002,False,True
F01042,2019-K,0.584,1.021,False,False
F01043,2019-K,0.701,0.964,False,False
F01044,2019-K,0.71,0.952,False,False
F01045,2019-K,0.475,1.015,False,False
F01046,2019-K,0.477,0.978,False,False
F01047,2019-K,0.461,1.031,False,False
F01048,2019-K,0.709,1.026,False,False
F01049,2019-K,0.132,0.966,False,True
F01050,2019-K,0.651,1.05,False,False
F01051,2019-K,0.493,0.987,False,False
F01052,2019-K,0.662,0.932,False,False
F01053,2019-K,0.558,0.942,False,False
F01054,2019-K,0.462,1.039,False,False
F01055,2019-K,0.825,0.932,False,False
F01056,2019-K,0.393,1.041,False,True
F01057,2019-K,0.642,0.942,False,False
F01058,2019-K,0.821,1.015,False,False
F01059,2019-K,0.161,1.055,False,False
F01060,2019-K,0.164,0.947,False,True
F01061,2019-K,0.317,0.924,False,True
F01062,2019-K,0.467,0.958,False,False
F01063,2019-K,0.468,0.941,False,False
F01064,2019-K,0.653,0.925,False,False
F01065,2019-K,0.64,1.022,False,False
F01066,2019-K,0.667,0.93,False,False
F01067,2019-K,0.41,0.974,False,False
F01068,2019-K,0.426,1.01,False,False
F01069,2019-K,0.324,0.969,False,True
F01070,2019-K,0.486,1.016,False,False
F01071,2019-K,0.575,1.036,False,False
F01072,2019-K,0.727,0.948,False,False
F01073,2019-K,0.244,0.965,False,True
F01074,2019-K,0.502,0.949,False,False
F01075,2019-K,0.311,1.036,False,False
F01076,2019-K,0.479,1.0,False,False
F01077,2019-K,0.381,0.965,False,True
F01078,2019-K,0.824,1.024,False,False
F01079,2019-K,0.559,0.969,False,False
F01080,2019-K,0.225,0.931,False,True
F01081,2019-K,0.73,0.987,False,False
F01082,2019-K,0.652,1.056,False,False
F01083,2019-K,0.434,0.961,False,False
F01084,2019-K,0.345,1.026,False,True
F01085,2019-K,0.474,1.041,False,False
F01086,2019-K,0.405,1.015,False,False
F01087,2019-K,0.486,1.016,False,False
F01088,2019-K,0.707,1.03,False,False
F01089,2019-K,0.562,0.943,False,False
F01090,2019-K,0.604,0.92,False,False
F01091,2019-K,0.666,1.003,False,False
F01092,2019-K,0.571,0.955,False,False
F01093,2019-K,0.619,0.969,False,False
F01094,2019-K,0.18,0.938,False,True
F01095,2019-K,0.541,0.996,False,False
F01096,2019-K,0.154,1.006,False,True
F01097,2019-K,0.373,1.038,False,True
F01098,2019-K,0.618,1.015,False,False
F01099,2019-K,0.479,1.016,False,False
F01100,2019-K,0.657,1.005,False,False
F01101,2019-K,0.367,0.926,False,True
F01102,2019-K,0.684,1.043,False,False
F01103,2019-K,0.449,0.994,False,True
F01104,2019-K,0.86,1.014,False,False
F01105,2019-K,0.796,1.012,False,False
F01106,2019-K,0.358,0.96,False,True
F01107,2019-K,0.768,0.945,False,False
F01108,2019-K,0.387,1.047,False,True
F01109,2019-K,0.734,0.931,False,False
F01110,2019-K,0.778,1.03,False,False
F01111,2019-K,0.746,0.937,False,False
F01112,2019-K,0.767,0.995,False,False
F01113,2019-K,0.424,0.998,False,False
F01114,2019-K,0.571,1.043,False,False
F01115,2019-K,0.869,1.043,False,False
F01116,2019-K,0.844,0.936,False,False
F01117,2019-K,0.546,0.957,False,False
F01118,2019-K,0.339,1.058,False,True
F01119,2019-K,0.252,1.033,False,True
F01120,2019-K,0.699,0.991,False,False
F01121,2019-K,0.547,0.944,False,False
F01122,2019-K,0.598,1.035,False,False
F01123,2019-K,0.472,0.957,False,False
F01124,2019-K,0.296,0.995,False,True
F01125,2019-K,0.676,0.952,False,False
F01126,2019-K,0.419,0.959,False,False
F01127,2019-K,0.642,0.99,False,False
F01128,2019-K,0.543,0.967,False,False
F01129,2019-K,0.256,1.036,False,True
F01130,2019-K,0.424,0.995,False,False
F01131,2019-K,0.648,0.933,False,False
F01132,2019-K,0.448,0.965,False,False
F01133,2019-K,0.51,0.94,False,False
F01134,2019-K,0.153,1.008,False,True
F01135,2019-K,0.51,0.97,False,False
F01136,2019-K,0.315,0.933,False,True
F01137,2019-K,0.406,1.022,False,False
F01138,2019-K,0.512,0.984,False,False
F01139,2019-K,0.754,1.023,False,False
F01140,2019-K,0.419,0.976,False,False
F01141,2019-K,0.82,0.923,False,False
F01142,2019-K,0.52,0.944,False,False
F01143,2019-K,0.409,1.042,False,False
F01144,2019-K,0.46,1.001,False,True
F01145,2019-K,0.299,0.98,False,True
F01146,2019-K,0.57,0.968,False,False
F01147,2019-K,0.665,0.99,False,False
F01148,2019-K,0.498,1.013,False,False
F01149,2019-K,0.511,0.949,False,False
F01150,2019-K,0.637,0.926,False,False
F01151,2019-K,0.783,0.975,False,False
F01152,2019-K,0.647,0.952,False,False
F01153,2019-K,0.702,0.987,False,False
F01154,2019-K,0.064,1.056,False,True
F01155,2019-K,0.499,0.987,False,False
F01156,2019-K,0.12,1.01,False,True
F01157,2019-K,0.168,1.051,False,True
F01158,2019-K,0.559,0.942,False,False
F01159,2019-K,0.597,0.943,False,False
F01160,2019-K,0.602,0.952,False,False
F01161,2019-K,0.271,1.042,False,True
F01162,2019-K,0.601,0.94,False,False
F01163,2019-K,0.66,1.013,False,False
F01164,2019-K,0.756,1.013,False,False
F01165,2019-K,0.778,1.0,False,False
F01166,2019-K,0.173,0.935,False,True
F01167,2019-K,0.207,0.98,False,True
F01168,2019-K,0.464,0.933,False,False
F01169,2019-K,0.675,0.93,False,False
F01170,2019-K,0.764,0.954,False,False
F01171,2019-K,0.692,1.038,False,False
F01172,2019-K,0.522,0.994,False,False
F01173,2019-K,0.08,0.927,False,True
F01174,2019-K,0.383,0.969,False,True
F01175,2019-K,0.451,0.942,False,False
F01176,2019-K,0.551,1.006,False,False
F01177,2019-K,0.302,0.944,False,False
F01178,2019-K,0.441,1.03,False,True
F01179,2019-K,0.703,0.953,False,False
F01180,2019-K,0.838,1.008,False,False
F01181,2019-K,0.439,0.922,False,False
F01182,2019-K,0.322,1.036,False,True
F01183,2019-K,0.781,0.977,False,False
F01184,2019-K,0.398,1.019,False,False
F01185,2019-K,0.115,0.957,False,True
F01186,2019-K,0.58,1.043,False,True
F01187,2019-K,0.363,0.924,False,True
F01188,2019-K,0.766,0.969,False,False
F01189,2019-K,0.666,1.016,False,False
F01190,2019-K,0.356,1.015,False,True
F01191,2019-K,0.531,0.948,False,False
F01192,2019-K,0.4,0.997,False,True
F01193,2019-K,0.653,0.951,False,False
F01194,2019-K,0.32,1.001,False,False
F01195,2019-K,0.799,0.95,False,False
F01196,2019-K,0.212,1.021,False,True
F01197,2019-K,0.834,1.021,False,False
F01198,2019-K,0.349,0.948,False,True
F01199,2019-K,0.598,1.008,False,False
F01200,2019-K,0.452,1.026,False,False
F01201,2019-K,0.415,0.954,False,False
F01202,2019-K,0.704,1.026,False,False
F01203,2019-K,0.757,1.016,False,False
F01204,2019-K,0.622,0.994,False,False
F01205,2019-K,0.606,1.028,False,False
F01206,2019-K,0.713,1.007,False,False
F01207,2019-K,0.719,1.041,False,False
F01208,2019-K,0.293,0.93,False,True
F01209,2019-K,0.358,0.956,False,True
F01210,2019-K,0.634,1.03,False,False
F01211,2019-K,0.775,1.042,False,False
F01212,2019-K,0.353,0.981,False,True
F01213,2019-K,0.679,0.926,False,False
F01214,2019-K,0.399,0.993,False,True
F01215,2019-K,0.525,0.984,False,False
F01216,2019-K,0.755,1.022,False,False
F01217,2019-K,0.441,0.937,False,False
F01218,2019-K,0.797,1.017,False,False
F01219,2019-K,0.56,0.986,False,False
F01220,2019-K,0.286,0.924,False,True
F01221,2019-K,0.473,1.024,False,False
F01222,2019-K,0.34,1.04,False,True
F01223,2019-K,0.847,1.041,False,False
F01224,2019-K,0.543,1.019,False,False
F01225,2019-K,0.534,1.051,False,False
F01226,2019-K,0.816,0.949,False,False
F01227,2019-K,0.539,0.993,False,False
F01228,2019-K,0.479,0.997,False,False
F01229,2019-K,0.178,0.928,False,True
F01230,2019-K,0.359,0.973,False,True
F01231,2019-K,0.264,1.004,False,True
F01232,2019-K,0.317,1.006,False,False
F01233,2019-K,0.357,0.972,False,True
F01234,2019-K,0.277,1.009,False,True
F01235,2019-K,0.488,0.925,False,False
F01236,2019-K,0.728,1.006,False,False
F01237,2019-K,0.785,0.956,False,False
F01238,2019-K,0.706,0.929,False,False
F01239,2019-K,0.791,0.967,False,False
F01240,2019-K,0.169,1.05,False,True
F01241,2019-K,0.644,1.057,False,False
F01242,2019-K,0.188,0.958,False,False
F01243,2019-K,0.426,1.05,False,False
F01244,2019-K,0.275,0.999,False,True
F01245,2019-K,0.655,1.037,False,False
F01246,2019-K,0.511,0.963,False,False
F01247,2019-K,0.325,0.954,False,True
F01248,2019-K,0.493,0.998,False,False
F01249,2019-K,0.792,0.941,False,False
F01250,2019-K,0.794,0.942,False,False
F01251,2019-K,0.674,1.047,False,False
F01252,2019-K,0.209,0.987,False,True
F01253,2019-K,0.265,1.037,False,True
F01254,2019-K,0.466,1.034,False,False
F01255,2019-K,0.165,0.996,False,True
F01256,2019-K,0.291,1.024,False,True
F01257,2019-K,0.02,0.937,False,True
F01258,2019-K,0.02,0.96,False,True
F01259,2019-K,0.382,0.927,False,True
F01260,2019-K,0.422,1.019,False,False
F01261,2019-K,0.4,1.005,False,False
F01262,2019-K,0.48,1.01,False,False
F01263,2019-K,0.661,0.956,False,False
F01264,2019-K,0.65,1.022,False,False
F01265,2019-K,0.369,0.986,False,True
F01266,2019-K,0.162,0.921,False,True
F01267,2019-K,0.167,1.056,False,True
F01268,2019-K,0.382,0.967,False,True
F01269,2019-K,0.474,0.972,False,False
F01270,2019-K,0.381,0.986,False,True
F01271,2019-K,0.377,1.036,False,True
F01272,2019-K,0.142,0.926,False,True
F01273,2019-K,0.248,0.971,False,False
F01274,2019-K,0.675,0.924,False,False
F01275,2019-K,0.533,0.976,False,False
F01276,2019-K,0.709,0.991,False,False
F01277,2019-K,0.412,0.998,False,False
F01278,2019-K,0.365,1.05,False,True
F01279,2019-K,0.311,1.016,False,True
F01280,2019-K,0.633,1.011,False,False
F01281,2019-K,0.391,0.995,False,True
F01282,2019-K,0.776,0.97,False,False
F01283,2019-K,0.5,1.001,False,False
F01284,2019-K,0.14,1.041,False,True
F01285,2019-K,0.521,0.993,False,False
F01286,2019-K,0.69,0.944,False,False
F01287,2019-K,0.181,1.018,False,True
F01288,2019-K,0.77,1.042,False,False
F01289,2019-K,0.122,0.924,False,True
F01290,2019-K,0.219,0.993,False,True
F01291,2019-K,0.326,0.988,False,True
F01292,2019-K,0.813,0.988,False,False
F01293,2019-K,0.481,1.013,False,False
F01294,2019-K,0.498,1.054,False,False
F01295,2019-K,0.677,0.961,False,False
F01296,2019-K,0.652,1.015,False,False
F01297,2019-K,0.594,0.957,False,False
F01298,2019-K,0.665,0.93,False,False
F01299,2019-K,0.426,1.03,False,False
F01300,2019-K,0.374,0.995,False,True
F01301,2019-K,0.874,0.995,False,False
F01302,2019-K,0.703,1.038,False,False
F01303,2019-K,0.588,1.002,False,False
F01304,2019-K,0.588,1.023,False,False
F01305,2019-K,0.662,1.024,False,False
F01306,2019-K,0.245,1.017,False,True
F01307,2019-K,0.84,1.058,False,False
F01308,2019-K,0.814,1.058,False,False
F01309,2019-K,0.642,1.022,False,False
F01310,2019-K,0.545,0.936,False,False
F01311,2019-K,0.564,0.98,False,False
F01312,2019-K,0.807,0.968,False,False
F01313,2019-K,0.474,0.979,False,False
F01314,2019-K,0.25,1.019,False,True
F01315,2019-K,0.391,0.954,False,True
F01316,2019-K,0.484,1.047,False,False
F01317,2019-K,0.608,0.935,False,False
F01318,2019-K,0.428,0.929,False,False
F01319,2019-K,0.81,1.027,False,False
F01320,2019-K,0.489,1.003,False,False
F01321,2019-K,0.888,0.967,False,False
F01322,2019-K,0.607,0.971,False,False
F01323,2019-K,0.573,1.029,False,False
F01324,2019-K,0.547,0.945,False,False
F01325,2019-K,0.641,0.981,False,False
F01326,2019-K,0.429,0.991,False,False
F01327,2019-K,0.537,1.045,False,False
F01328,2019-K,0.593,1.033,False,False
F01329,2019-K,0.774,1.018,False,False
F01330,2019-K,0.465,0.972,False,False
F01331,2019-K,0.822,1.037,False,False
F01332,2019-K,0.458,0.962,False,True
F01333,2019-K,0.459,0.926,False,False
F01334,2019-K,0.311,1.058,False,True
F01335,2019-K,0.754,0.983,False,False
F01336,2019-K,0.233,1.019,False,True
F01337,2019-K,0.784,1.009,False,False
F01338,2019-K,0.805,0.971,False,False
F01339,2019-K,0.583,1.059,False,False
F01340,2019-K,0.591,0.921,False,False
F01341,2019-K,0.661,0.925,False,False
F01342,2019-K,0.693,1.042,False,False
F01343,2019-K,0.632,0.925,False,False
F01344,2019-K,0.335,1.0,False,True
F01345,2019-K,0.748,0.949,False,False
F01346,2019-K,0.584,0.981,False,False
F01347,2019-K,0.588,0.958,False,False
F01348,2019-K,0.506,1.027,False,False
F01349,2019-K,0.335,0.92,False,True
F01350,2019-K,0.699,0.92,False,False
F01351,2019-K,0.868,1.002,False,False
F01352,2019-K,0.753,1.032,False,False
F01353,2019-K,0.685,0.952,False,False
F01354,2019-K,0.489,0.971,False,False
F01355,2019-K,0.598,0.968,False,False
F01356,2019-K,0.632,0.973,False,False
F01357,2019-K,0.317,0.978,False,True
F01358,2019-K,0.274,1.0,False,True
F01359,2019-K,0.179,0.958,False,True
F01360,2019-K,0.722,1.027,False,False
F01361,2019-K,0.373,0.978,False,True
F01362,2019-K,0.828,0.994,False,False
F01363,2019-K,0.388,1.059,False,True
F01364,2019-K,0.78,1.032,False,False
F01365,2019-K,0.698,0.993,False,False
F01366,2019-K,0.453,1.018,False,False
F01367,2019-K,0.356,1.04,False,True
F01368,2019-K,0.447,0.942,False,False
F01369,2019-K,0.767,1.052,False,False
F01370,2019-K,0.86,0.941,False,False
F01371,2019-K,0.173,0.923,False,True
F01372,2019-K,0.62,1.02,False,False
F01373,2019-K,0.308,0.965,False,True
F01374,2019-K,0.478,1.012,False,False
F01375,2019-K,0.305,0.988,False,True
F01376,2019-K,0.568,0.923,False,False
F01377,2019-K,0.576,1.018,False,False
F01378,2019-K,0.795,0.955,False,False
F01379,2019-K,0.81,1.016,False,False
F01380,2019-K,0.667,1.028,False,False
F01381,2019-K,0.336,0.946,False,True
F01382,2019-K,0.884,0.927,False,False
F01383,2019-K,0.425,0.958,False,False
F01384,2019-K,0.764,0.942,False,False
F01385,2019-K,0.515,0.935,False,False
F01386,2019-K,0.759,0.981,False,False
F01387,2019-K,0.241,0.982,False,True
F01388,2019-K,0.406,1.047,False,False
F01389,2019-K,0.537,1.024,False,False
F01390,2019-K,0.528,1.005,False,False
F01391,2019-K,0.798,0.999,False,False
F01392,2019-K,0.834,1.053,False,False
F01393,2019-K,0.502,1.036,False,False
F01394,2019-K,0.633,0.964,False,False
F01395,2019-K,0.886,0.969,False,False
F01396,2019-K,0.875,1.006,False,False
F01397,2019-K,0.362,1.039,False,True
F01398,2019-K,0.753,1.029,False,False
F01399,2019-K,0.314,0.948,False,True
F01400,2019-K,0.695,0.953,False,False
F01401,2019-K,0.767,1.025,False,False
F01402,2019-K,0.843,0.985,False,False
F01403,2019-K,0.661,1.009,False,False
F01404,2019-K,0.643,0.978,False,False
F01405,2019-K,0.497,0.943,False,False
F01406,2019-K,0.277,0.934,False,True
F01407,2019-K,0.279,0.944,False,True
F01408,2019-K,0.588,0.985,False,False
F01409,2019-K,0.572,0.952,False,False
F01410,2019-K,0.318,1.012,False,True
F01411,2019-K,0.312,1.056,False,True
F01412,2019-K,0.707,0.988,False,False
F01413,2019-K,0.264,1.018,False,True
F01414,2019-K,0.534,1.055,False,False
F01415,2019-K,0.152,1.05,False,True
F01416,2019-K,0.303,0.936,False,True
F01417,2019-K,0.596,1.027,False,False
F01418,2019-K,0.312,0.931,False,True
F01419,2019-K,0.634,1.031,False,False
F01420,2019-K,0.582,1.056,False,False
F01421,2019-K,0.328,1.049,False,True
F01422,2019-K,0.286,1.054,False,True
F01423,2019-K,0.144,0.943,False,True
F01424,2019-K,0.644,0.927,False,False
F01425,2019-K,0.632,1.0,False,False
F01426,2019-K,0.372,1.028,False,False
F01427,2019-K,0.398,1.024,False,True
F01428,2019-K,0.702,0.968,False,False
F01429,2019-K,0.02,0.963,False,True
F01430,2019-K,0.646,0.955,False,False
F01431,2019-K,0.652,1.023,False,False
F01432,2019-K,0.606,0.953,False,False
F01433,2019-K,0.53,0.944,False,False
F01434,2019-K,0.289,0.932,False,True
F01435,2019-K,0.157,1.012,False,True
F01436,2019-K,0.276,1.026,False,True
F01437,2019-K,0.59,0.997,False,False
F01438,2019-K,0.226,0.949,False,True
F01439,2019-K,0.367,0.928,False,True
F01440,2019-K,0.275,1.015,False,True
F01441,2019-K,0.697,1.052,False,False
F01442,2019-K,0.362,1.049,False,True
F01443,2019-K,0.317,0.922,False,True
F01444,2019-K,0.477,0.962,False,False
F01445,2019-K,0.169,0.953,False,True
F01446,2019-K,0.13,1.055,False,True
F01447,2019-K,0.698,0.983,False,False
F01448,2019-K,0.589,0.942,False,False
F01449,2019-K,0.232,0.964,False,True
F01450,2019-K,0.765,0.983,False,False
F01451,2019-K,0.464,0.982,False,False
F01452,2019-K,0.591,0.99,False,False
F01453,2019-K,0.705,1.016,False,False
F01454,2019-K,0.271,1.04,False,True
F01455,2019-K,0.206,1.014,False,True
F01456,2019-K,0.243,0.959,False,True
F01457,2019-K,0.687,1.044,False,False
F01458,2019-K,0.472,1.003,False,False
F01459,2019-K,0.285,1.04,False,True
F01460,2019-K,0.26,0.993,False,True
F01461,2019-K,0.316,1.044,False,True
F01462,2019-K,0.319,1.005,False,False
F01463,2019-K,0.399,1.02,False,True
F01464,2019-K,0.571,0.93,False,False
F01465,2019-K,0.569,0.989,False,False
F01466,2019-K,0.637,1.047,False,False
F01467,2019-K,0.596,0.959,False,False
F01468,2019-K,0.503,1.045,False,False
F01469,2019-K,0.722,0.927,False,True
F01470,2019-K,0.454,0.998,False,False
F01471,2019-K,0.232,1.042,False,False
F01472,2019-K,0.764,0.931,False,False
F01473,2019-K,0.714,0.97,False,False
F01474,2019-K,0.378,1.009,False,True
F01475,2019-K,0.233,1.003,False,True
F01476,2019-K,0.624,1.046,False,False
F01477,2019-K,0.156,0.987,False,True
F01478,2019-K,0.363,0.942,False,True
F01479,2019-K,0.506,1.046,False,False
F01480,2019-K,0.197,1.006,False,True
F01481,2019-K,0.619,0.95,False,False
F01482,2019-K,0.236,1.039,False,True
F01483,2019-K,0.343,1.004,False,True
F01484,2019-K,0.527,0.983,False,False
F01485,2019-K,0.548,0.967,False,False
F01486,2019-K,0.435,0.954,False,False
F01487,2019-K,0.414,1.056,False,False
F01488,2019-K,0.378,0.995,False,True
F01489,2019-K,0.593,0.92,False,False
F01490,2019-K,0.691,1.055,False,False
F01491,2019-K,0.437,0.994,False,False
F01492,2019-K,0.734,0.975,False,False
F01493,2019-K,0.408,1.007,False,False
F01494,2019-K,0.313,1.029,False,True
F01495,2019-K,0.611,0.96,False,False
F01496,2019-K,0.449,1.052,False,True
F01497,2019-K,0.503,1.005,False,False
F01498,2019-K,0.658,0.962,False,False
F01499,2019-K,0.734,0.955,False,False
F01500,2019-K,0.467,0.929,False,False
F01501,2019-K,0.461,0.95,False,False
F01502,2019-K,0.598,0.942,False,False
F01503,2019-K,0.265,0.945,False,False
F01504,2019-K,0.435,0.989,False,False
F01505,2019-K,0.468,0.963,False,False
F01506,2019-K,0.28,0.944,False,True
F01507,2019-K,0.252,1.016,False,True
F01508,2019-K,0.416,0.92,False,False
F01509,2019-K,0.702,1.02,False,False
F01510,2019-K,0.572,1.024,False,False
F01511,2019-K,0.626,0.949,False,False
F01512,2019-K,0.446,1.055,False,False
F01513,2019-K,0.643,1.055,False,False
F01514,2019-K,0.503,0.967,False,False
F01515,2019-K,0.427,0.942,False,False
F01516,2019-K,0.414,0.936,False,False
F01517,2019-K,0.133,0.96,False,True
F01518,2019-K,0.595,0.98,False,False
F01519,2019-K,0.212,1.017,False,True
F01520,2019-K,0.716,0.953,False,False
F01521,2019-K,0.262,1.026,False,True
F01522,2019-K,0.459,0.992,False,False
F01523,2019-K,0.371,0.955,False,True
F01524,2019-K,0.087,0.946,False,True
F01525,2019-K,0.685,1.059,False,False
F01526,2019-K,0.476,1.032,False,False
F01527,2019-K,0.534,1.047,False,False
F01528,2019-K,0.489,0.957,False,False
F01529,2019-K,0.15,0.969,False,True
F01530,2019-K,0.559,1.051,False,False
F01531,2019-K,0.446,1.015,False,False
F01532,2019-K,0.149,0.939,False,True
F01533,2019-K,0.395,1.002,False,True
F01534,2019-K,0.213,0.978,False,True
F01535,2019-K,0.49,0.93,False,False
F01536,2019-K,0.292,0.932,False,True
F01537,2019-K,0.626,1.049,False,False
F01538,2019-K,0.626,0.974,False,False
F01539,2019-K,0.103,1.053,False,True
F01540,2019-K,0.324,0.922,False,False
F01541,2019-K,0.272,0.933,False,True
F01542,2019-K,0.539,0.979,False,False
F01543,2019-K,0.612,0.937,False,False
F01544,2019-K,0.734,1.025,False,False
F01545,2019-K,0.718,0.967,False,False
F01546,2019-K,0.655,0.969,False,False
F01547,2019-K,0.495,1.042,False,False
F01548,2019-K,0.761,0.941,False,False
F01549,2019-K,0.419,1.035,False,False
F01550,2019-K,0.606,0.925,False,False
F01551,2019-K,0.299,0.979,False,True
F01552,2019-K,0.491,1.019,False,False
F01553,2019-K,0.616,1.034,False,False
F01554,2019-K,0.37,0.946,False,True
F01555,2019-K,0.456,0.934,False,True
F01556,2019-K,0.462,0.976,False,False
F01557,2019-K,0.134,0.995,False,True
F01558,2019-K,0.838,1.029,False,False
F01559,2019-K,0.41,0.935,False,False
F01560,2019-K,0.674,1.051,False,False
F01561,2019-K,0.634,1.025,False,False
F01562,2019-K,0.296,0.939,False,True
F01563,2019-K,0.606,0.985,False,False
F01564,2019-K,0.857,0.954,False,False
F01565,2019-K,0.361,0.951,False,True
F01566,2019-K,0.538,1.004,False,False
F01567,2019-K,0.512,1.042,False,False
F01568,2019-K,0.789,1.059,False,False
F01569,2019-K,0.834,1.058,False,False
F01570,2019-K,0.05,0.925,False,True
F01571,2019-K,0.619,1.014,False,False
F01572,2019-K,0.176,1.002,False,True
F01573,2019-K,0.294,1.049,False,True
F01574,2019-K,0.264,0.937,False,True
F01575,2019-K,0.574,1.057,False,False
F01576,2019-K,0.689,0.921,False,False
F01577,2019-K,0.464,0.969,False,False
F01578,2019-K,0.576,1.001,False,False
F01579,2019-K,0.329,0.951,False,True
F01580,2019-K,0.804,1.043,False,False
F01581,2019-K,0.737,1.057,False,False
F01582,2019-K,0.744,0.953,False,False
F01583,2019-K,0.213,1.014,False,True
F01584,2019-K,0.145,0.921,False,True
F01585,2019-K,0.442,1.017,False,False
F01586,2019-K,0.694,1.03,False,False
F01587,2019-K,0.629,0.943,False,False
F01588,2019-K,0.844,1.006,False,False
F01589,2019-K,0.521,1.015,False,False
F01590,2019-K,0.461,0.951,False,False
F01591,2019-K,0.629,0.944,False,False
F01592,2019-K,0.262,0.987,False,True
F01593,2019-K,0.778,1.019,False,False
F01594,2019-K,0.541,0.938,False,False
F01595,2019-K,0.545,1.052,False,False
F01596,2019-K,0.435,0.958,False,False
F01597,2019-K,0.28,0.957,False,True
F01598,2019-K,0.338,1.055,False,True
F01599,2019-K,0.674,0.952,False,False
F01600,2019-K,0.436,1.04,False,False
F01601,2019-K,0.345,0.94,False,True
F01602,2019-K,0.402,1.058,False,False
F01603,2019-K,0.556,1.006,False,False
F01604,2019-K,0.707,1.006,False,False
F01605,2019-K,0.312,0.924,False,True
F01606,2019-K,0.705,1.004,False,False
F01607,2019-K,0.714,0.931,False,False
F01608,2019-K,0.445,0.927,False,False
F01609,2019-K,0.37,0.955,False,True
F01610,2019-K,0.742,1.044,False,False
F01611,2019-K,0.056,0.974,False,True
F01612,2019-K,0.693,0.956,False,False
F01613,2019-K,0.388,0.945,False,True
F01614,2019-K,0.399,1.0,False,True
F01615,2019-K,0.532,0.923,False,False
F01616,2019-K,0.426,0.972,False,False
F01617,2019-K,0.795,0.998,False,False
F01618,2019-K,0.309,1.044,False,True
F01619,2019-K,0.565,0.928,False,False
F01620,2019-K,0.482,1.054,False,False
F01621,2019-K,0.255,0.934,False,True
F01622,2019-K,0.093,0.964,False,True
F01623,2019-K,0.269,1.037,False,True
F01624,2019-K,0.636,0.973,False,False
F01625,2019-K,0.458,0.943,False,False
F01626,2019-K,0.189,0.964,False,True
F01627,2019-K,0.092,1.034,False,True
F01628,2019-K,0.319,0.929,False,False
F01629,2019-K,0.396,1.049,False,True
F01630,2019-K,0.641,0.936,False,False
F01631,2019-K,0.072,1.015,False,True
F01632,2019-K,0.359,0.947,False,True
F01633,2019-K,0.533,0.955,False,False
F01634,2019-K,0.02,1.037,False,True
F01635,2019-K,0.17,0.951,False,True
F01636,2019-K,0.608,0.995,False,False
F01637,2019-K,0.6,0.962,False,False
F01638,2019-K,0.614,0.989,False,False
F01639,2019-K,0.396,0.98,False,True
F01640,2019-K,0.581,0.956,False,False
F01641,2019-K,0.549,0.931,False,False
F01642,2019-K,0.663,1.019,False,False
F01643,2019-K,0.593,0.945,False,False
F01644,2019-K,0.75,0.943,False,False
F01645,2019-K,0.713,1.029,False,False
F01646,2019-K,0.224,0.969,False,True
F01647,2019-K,0.63,0.997,False,False
F01648,2019-K,0.483,0.969,False,False
F01649,2019-K,0.608,0.996,False,False
F01650,2019-K,0.478,0.942,False,False
F01651,2019-K,0.361,1.019,False,True
F01652,2019-K,0.321,1.009,False,True
F01653,2019-K,0.545,0.977,False,False
F01654,2019-K,0.562,0.931,False,False
F01655,2019-K,0.357,0.987,False,False
F01656,2019-K,0.53,0.956,False,False
F01657,2019-K,0.224,1.058,False,True
F01658,2019-K,0.687,0.931,False,False
F01659,2019-K,0.472,0.933,False,False
F01660,2019-K,0.725,1.005,False,False
F01661,2019-K,0.292,1.007,False,False
F01662,2019-K,0.548,0.979,False,False
F01663,2019-K,0.093,1.052,False,True
F01664,2019-K,0.75,1.046,False,False
F01665,2019-K,0.42,0.997,False,False
F01666,2019-K,0.581,0.995,False,False
F01667,2019-K,0.421,0.958,False,False
F01668,2019-K,0.148,0.945,False,True
F01669,2019-K,0.499,0.996,False,False
F01670,2019-K,0.706,0.947,False,False
F01671,2019-K,0.589,1.028,False,False
F01672,2019-K,0.39,0.95,False,True
F01673,2019-K,0.281,0.95,False,True
F01674,2019-K,0.266,1.021,False,True
F01675,2019-K,0.664,1.005,False,False
F01676,2019-K,0.274,1.046,False,True
F01677,2019-K,0.789,0.936,False,False
F01678,2019-K,0.358,1.032,False,True
F01679,2019-K,0.679,0.942,False,False
F01680,2019-K,0.497,0.929,False,False
F01681,2019-K,0.246,0.969,False,False
F01682,2019-K,0.774,1.043,False,False
F01683,2019-K,0.515,1.054,False,True
F01684,2019-K,0.404,1.022,False,False
F01685,2019-K,0.125,1.056,False,True
F01686,2019-K,0.392,0.95,False,True
F01687,2019-K,0.822,0.936,False,False
F01688,2019-K,0.126,1.011,False,False
F01689,2019-K,0.517,0.925,False,False
F01690,2019-K,0.449,1.044,False,False
F01691,2019-K,0.291,1.023,False,True
F01692,2019-K,0.504,0.99,False,False
F01693,2019-K,0.471,0.969,False,False
F01694,2019-K,0.659,0.936,False,False
F01695,2019-K,0.488,1.001,False,False
F01696,2019-K,0.761,1.014,False,False
F01697,2019-K,0.491,0.953,False,True
F01698,2019-K,0.443,0.968,False,True
F01699,2019-K,0.451,0.988,False,False
F01700,2019-K,0.196,0.946,False,True
F01701,2019-K,0.134,1.002,False,True
F01702,2019-K,0.735,1.03,False,False
F01703,2019-K,0.558,0.949,False,False
F01704,2019-K,0.337,1.049,False,True
F01705,2019-K,0.395,0.986,False,True
F01706,2019-K,0.808,0.991,False,False
F01707,2019-K,0.803,1.059,False,False
F01708,2019-K,0.326,0.944,False,True
F01709,2019-K,0.79,0.943,False,False
F01710,2019-K,0.304,0.998,False,True
F01711,2019-K,0.432,1.02,False,False
F01712,2019-K,0.236,0.995,False,True
F01713,2019-K,0.032,0.929,False,True
F01714,2019-K,0.672,1.013,False,False
F01715,2019-K,0.181,0.942,False,False
F01716,2019-K,0.132,0.991,False,True
F01717,2019-K,0.355,0.98,False,False
F01718,2019-K,0.68,1.025,False,False
F01719,2019-K,0.513,0.963,False,False
F01720,2019-K,0.579,1.007,False,False
F01721,2019-K,0.315,1.018,False,True
F01722,2019-K,0.629,0.932,False,False
F01723,2019-K,0.462,1.02,False,False
F01724,2019-K,0.695,0.988,False,False
F01725,2019-K,0.534,1.002,False,False
F01726,2019-K,0.317,0.957,False,False
F01727,2019-K,0.323,1.012,False,True
F01728,2019-K,0.381,0.981,False,True
F01729,2019-K,0.721,0.959,False,False
F01730,2019-K,0.652,1.022,False,False
F01731,2019-K,0.235,1.007,False,True
F01732,2019-K,0.683,0.931,False,False
F01733,2019-K,0.332,1.045,False,True
F01734,2019-K,0.433,1.03,False,False
F01735,2019-K,0.223,0.959,False,True
F01736,2019-K,0.414,1.038,False,False
F01737,2019-K,0.274,0.986,False,True
F01738,2019-K,0.635,0.958,False,False
F01739,2019-K,0.448,1.029,False,False
F01740,2019-K,0.742,0.971,False,False
F01741,2019-K,0.662,0.98,False,False
F01742,2019-K,0.724,1.024,False,False
F01743,2019-K,0.476,0.957,False,False
F01744,2019-K,0.567,0.968,False,True
F01745,2019-K,0.359,0.95,False,True
F01746,2019-K,0.857,0.982,False,False
F01747,2019-K,0.679,1.049,False,False
F01748,2019-K,0.404,0.957,False,False
F01749,2019-K,0.09,1.059,False,True
F01750,2019-K,0.554,0.977,False,False
F01751,2019-K,0.322,0.931,False,True
F01752,2019-K,0.647,1.001,False,False
F01753,2019-K,0.655,0.975,False,False
F01754,2019-K,0.439,0.947,False,False
F01755,2019-K,0.624,0.995,False,False
F01756,2019-K,0.427,0.985,False,False
F01757,2019-K,0.772,0.946,False,False
F01758,2019-K,0.159,0.92,False,True
F01759,2019-K,0.74,0.993,False,False
F01760,2019-K,0.529,0.923,False,False
F01761,2019-K,0.205,0.954,False,True
F01762,2019-K,0.722,0.961,False,False
F01763,2019-K,0.412,0.938,False,False
F01764,2019-K,0.595,0.929,False,False
F01765,2019-K,0.682,1.019,False,False
F01766,2019-K,0.484,1.053,False,False
F01767,2019-K,0.322,1.029,False,True
F01768,2019-K,0.173,0.953,False,True
F01769,2019-K,0.235,1.049,False,True
F01770,2019-K,0.544,0.924,False,False
F01771,2019-K,0.109,0.929,False,True
F01772,2019-K,0.542,0.959,False,False
F01773,2019-K,0.257,0.995,False,True
F01774,2019-K,0.657,0.995,False,False
F01775,2019-K,0.498,1.048,False,False
F01776,2019-K,0.361,0.943,False,True
F01777,2019-K,0.485,1.059,False,False
F01778,2019-K,0.6,0.965,False,False
F01779,2019-K,0.797,0.927,False,False
F01780,2019-K,0.635,0.967,False,False
F01781,2019-K,0.63,1.021,False,False
F01782,2019-K,0.505,1.017,False,False
F01783,2019-K,0.64,0.963,False,False
F01784,2019-K,0.726,0.925,False,False
F01785,2019-K,0.705,0.978,False,False
F01786,2019-K,0.697,0.934,False,False
F01787,2019-K,0.619,0.983,False,False
F01788,2019-K,0.763,1.009,False,False
F01789,2019-K,0.542,0.997,False,False
F01790,2019-K,0.067,1.017,False,True
F01791,2019-K,0.742,1.038,False,False
F01792,2019-K,0.481,0.938,False,False
F01793,2019-K,0.203,1.019,False,True
F01794,2019-K,0.584,1.05,False,False
F01795,2019-K,0.489,1.045,False,False
F01796,2019-K,0.371,1.059,False,False
F01797,2019-K,0.195,0.998,False,True
F01798,2019-K,0.58,0.927,False,False
F01799,2019-K,0.231,1.047,False,True
F01800,2019-K,0.507,1.015,False,False
F01801,2019-K,0.457,0.991,False,False
F01802,2019-K,0.144,1.036,False,True
F01803,2019-K,0.653,0.982,False,False
F01804,2019-K,0.248,0.939,False,True
F01805,2019-K,0.77,0.945,False,False
F01806,2019-K,0.76,0.979,False,False
F01807,2019-K,0.311,0.954,False,False
F01808,2019-K,0.692,0.925,False,False
F01809,2019-K,0.616,0.989,False,False
F01810,2019-K,0.248,1.012,False,True
F01811,2019-K,0.628,1.007,False,False
F01812,2019-K,0.744,0.982,False,False
F01813,2019-K,0.389,0.961,False,True
F01814,2019-K,0.26,1.02,False,True
F01815,2019-K,0.605,1.052,False,False
F01816,2019-K,0.268,0.98,False,True
F01817,2019-K,0.683,0.988,False,False
F01818,2019-K,0.653,1.045,False,False
F01819,2019-K,0.536,0.967,False,False
F01820,2019-K,0.653,0.938,False,False
F01821,2019-K,0.43,1.034,False,False
F01822,2019-K,0.207,1.043,False,True
F01823,2019-K,0.81,1.022,False,False
F01824,2019-K,0.534,0.994,False,False
F01825,2019-K,0.852,0.946,False,False
F01826,2019-K,0.368,1.008,False,True
F01827,2019-K,0.748,1.007,False,False
F01828,2019-K,0.296,1.045,False,True
F01829,2019-K,0.721,0.969,False,False
F01830,2019-K,0.512,0.949,False,False
F01831,2019-K,0.629,0.937,False,False
F01832,2019-K,0.562,1.0,False,True
F01833,2019-K,0.753,0.955,False,False
F01834,2019-K,0.368,0.967,False,True
F01835,2019-K,0.43,1.024,False,False
F01836,2019-K,0.636,0.934,False,False
F01837,2019-K,0.484,0.965,False,False
F01838,2019-K,0.672,1.029,False,False
F01839,2019-K,0.689,0.965,False,False
F01840,2019-K,0.391,1.013,False,True
F01841,2019-K,0.494,0.961,False,False
F01842,2019-K,0.67,0.96,False,False
F01843,2019-K,0.512,1.001,False,False
F01844,2019-K,0.772,0.931,False,False
F01845,2019-K,0.665,0.975,False,False
F01846,2019-K,0.528,1.004,False,False
F01847,2019-K,0.233,1.037,False,True
F01848,2019-K,0.733,0.924,False,False
F01849,2019-K,0.64,0.963,False,False
F01850,2019-K,0.075,0.993,False,True
F01851,2019-K,0.63,0.98,False,False
F01852,2019-K,0.741,0.964,False,False
F01853,2019-K,0.32,1.06,False,True
F01854,2019-K,0.256,0.972,False,True
F01855,2019-K,0.283,1.011,False,True
F01856,2019-K,0.528,0.982,False,True
F01857,2019-K,0.134,0.952,False,False
F01858,2019-K,0.475,1.015,False,False
F01859,2019-K,0.748,1.007,False,False
F01860,2019-K,0.352,0.92,False,True
F01861,2019-K,0.671,0.93,False,False
F01862,2019-K,0.411,0.929,False,True
F01863,2019-K,0.551,0.989,False,False
F01864,2019-K,0.436,0.954,False,False
F01865,2019-K,0.496,1.022,False,False
F01866,2019-K,0.674,0.963,False,False
F01867,2019-K,0.62,0.977,False,False
F01868,2019-K,0.595,0.932,False,False
F01869,2019-K,0.896,0.953,False,False
F01870,2019-K,0.768,0.93,False,False
F01871,2019-K,0.35,0.994,False,True
F01872,2019-K,0.847,1.039,False,False
F01873,2019-K,0.462,0.944,False,False
F01874,2019-K,0.656,1.033,False,False
F01875,2019-K,0.767,0.951,False,False
F01876,2019-K,0.813,0.997,False,False
F01877,2019-K,0.335,1.033,False,True
F01878,2019-K,0.636,1.028,False,False
F01879,2019-K,0.191,1.032,False,True
F01880,2019-K,0.734,0.976,False,False
F01881,2019-K,0.74,0.977,False,False
F01882,2019-K,0.785,0.988,False,False
F01883,2019-K,0.374,1.019,False,True
F01884,2019-K,0.384,0.944,False,True
F01885,2019-K,0.622,0.931,False,False
F01886,2019-K,0.765,0.998,False,False
F01887,2019-K,0.363,0.925,False,True
F01888,2019-K,0.437,0.983,False,True
F01889,2019-K,0.653,0.93,False,False
F01890,2019-K,0.559,0.96,False,False
F01891,2019-K,0.547,0.941,False,False
F01892,2019-K,0.446,1.033,False,False
F01893,2019-K,0.589,1.014,False,False
F01894,2019-K,0.285,0.975,False,True
F01895,2019-K,0.355,0.951,False,True
F01896,2019-K,0.417,0.947,False,False
F01897,2019-K,0.215,0.981,False,True
F01898,2019-K,0.7,1.025,False,False
F01899,2019-K,0.667,0.934,False,False
F01900,2019-K,0.403,1.033,False,False
F01901,2019-K,0.544,0.986,False,False
F01902,2019-K,0.707,0.954,False,False
F01903,2019-K,0.723,1.022,False,False
F01904,2019-K,0.576,0.996,False,False
F01905,2019-K,0.507,0.977,False,False
F01906,2019-K,0.107,0.944,False,True
F01907,2019-K,0.726,0.985,False,False
F01908,2019-K,0.573,0.923,False,False
F01909,2019-K,0.487,0.921,False,False
F01910,2019-K,0.545,0.947,False,False
F01911,2019-K,0.296,0.973,False,False
F01912,2019-K,0.523,1.026,False,False
F01913,2019-K,0.475,0.989,False,False
F01914,2019-K,0.567,0.922,False,False
F01915,2019-K,0.794,1.006,False,False
F01916,2019-K,0.67,0.995,False,False
F01917,2019-K,0.639,1.027,False,False
F01918,2019-K,0.696,1.023,False,False
F01919,2019-K,0.245,1.032,False,True
F01920,2019-K,0.594,0.982,False,False
F01921,2019-K,0.624,0.933,False,False
F01922,2019-K,0.762,0.965,False,False
F01923,2019-K,0.327,1.045,False,True
F01924,2019-K,0.697,0.948,False,False
F01925,2019-K,0.588,1.019,False,False
F01926,2019-K,0.853,1.052,False,False
F01927,2019-K,0.829,0.983,False,False
F01928,2019-K,0.756,1.058,False,False
F01929,2019-K,0.564,0.937,False,False
F01930,2019-K,0.345,0.928,False,False
F01931,2019-K,0.626,1.045,False,False
F01932,2019-K,0.464,0.93,False,False
F01933,2019-K,0.48,1.021,False,False
F01934,2019-K,0.491,0.99,False,False
F01935,2019-K,0.68,1.045,False,False
F01936,2019-K,0.443,1.042,False,True
F01937,2019-K,0.728,1.054,False,False
F01938,2019-K,0.302,0.988,False,True
F01939,2019-K,0.553,0.994,False,False
F01940,2019-K,0.801,0.971,False,False
F01941,2019-K,0.134,0.947,False,True
F01942,2019-K,0.444,1.012,False,False
F01943,2019-K,0.19,1.029,False,True
F01944,2019-K,0.442,0.947,False,True
F01945,2019-K,0.325,0.969,False,False
F01946,2019-K,0.378,0.963,False,True
F01947,2019-K,0.298,0.998,False,True
F01948,2019-K,0.594,1.022,False,False
F01949,2019-K,0.53,1.051,False,False
F01950,2019-K,0.44,0.993,False,False
F01951,2019-K,0.69,1.007,False,False
F01952,2019-K,0.478,1.056,False,False
F01953,2019-K,0.432,0.968,False,False
F01954,2019-K,0.556,1.033,False,False
F01955,2019-K,0.259,0.925,False,True
F01956,2019-K,0.3,0.969,False,True
F01957,2019-K,0.529,1.056,False,False
F01958,2019-K,0.516,1.051,False,False
F01959,2019-K,0.653,0.922,False,False
F01960,2019-K,0.666,0.972,False,False
F01961,2019-K,0.366,1.057,False,True
F01962,2019-K,0.441,1.025,False,False
F01963,2019-K,0.789,0.966,False,False
F01964,2019-K,0.807,1.04,False,False
F01965,2019-K,0.214,1.024,False,True
F01966,2019-K,0.55,0.935,False,False
F01967,2019-K,0.333,0.937,False,True
F01968,2019-K,0.705,1.0,False,False
F01969,2019-K,0.579,0.991,False,False
F01970,2019-K,0.536,0.959,False,False
F01971,2019-K,0.705,0.966,False,False
F01972,2019-K,0.465,0.938,False,False
F01973,2019-K,0.667,0.921,False,False
F01974,2019-K,0.519,0.996,False,False
F01975,2019-K,0.333,1.032,False,False
F01976,2019-K,0.472,1.014,False,False
F01977,2019-K,0.316,0.983,False,True
F01978,2019-K,0.659,1.031,False,False
F01979,2019-K,0.671,0.934,False,False
F01980,2019-K,0.273,0.978,False,True
F01981,2019-K,0.361,1.046,False,True
F01982,2019-K,0.595,0.972,False,False
F01983,2019-K,0.465,1.058,False,False
F01984,2019-K,0.239,0.946,False,True
F01985,2019-K,0.399,0.96,False,True
F01986,2019-K,0.683,0.988,False,False
F01987,2019-K,0.868,0.988,False,False
F01988,2019-K,0.402,0.995,False,False
F01989,2019-K,0.839,1.013,False,False
F01990,2019-K,0.5,0.937,False,False
F01991,2019-K,0.537,0.945,False,False
F01992,2019-K,0.393,1.039,False,True
F01993,2019-K,0.525,0.944,False,False
F01994,2019-K,0.615,1.016,False,False
F01995,2019-K,0.342,1.058,False,True
F01996,2019-K,0.208,1.038,False,True
F01997,2019-K,0.699,1.003,False,False
F01998,2019-K,0.683,0.928,False,False
F01999,2019-K,0.463,0.992,False,False
F02000,2019-K,0.661,0.949,False,False
F02001,2019-K,0.222,0.961,False,True
F02002,2019-K,0.616,1.029,False,False
F02003,2019-K,0.168,1.003,False,True
F02004,2019-K,0.131,1.028,False,True
F02005,2019-K,0.25,0.923,False,True
F02006,2019-K,0.347,0.924,False,True
F02007,2019-K,0.378,1.056,False,True
F02008,2019-K,0.466,1.004,False,False
F02009,2019-K,0.393,1.042,False,True
F02010,2019-K,0.297,1.004,False,True
F02011,2019-K,0.167,0.952,False,True
F02012,2019-K,0.552,0.925,False,False
F02013,2019-K,0.702,0.984,False,False
F02014,2019-K,0.288,0.962,False,True
F02015,2019-K,0.298,1.005,False,True
F02016,2019-K,0.764,1.03,False,False
F02017,2019-K,0.816,0.932,False,False
F02018,2019-K,0.352,0.975,False,True
F02019,2019-K,0.596,0.925,False,False
F02020,2019-K,0.715,1.004,False,False
F02021,2019-K,0.762,1.009,False,False
F02022,2019-K,0.697,0.958,False,False
F02023,2019-K,0.232,0.945,False,True
F02024,2019-K,0.746,1.029,False,False
F02025,2019-K,0.414,0.96,False,True
F02026,2019-K,0.692,0.967,False,False
F02027,2019-K,0.445,0.97,False,False
F02028,2019-K,0.485,1.009,False,False
F02029,2019-K,0.475,0.949,False,False
F02030,2019-K,0.866,1.026,False,False
F02031,2019-K,0.75,1.021,False,False
F02032,2019-K,0.782,1.008,False,False
F02033,2019-K,0.607,1.027,False,False
F02034,2019-K,0.153,1.051,False,True
F02035,2019-K,0.747,0.939,False,False
F02036,2019-K,0.569,0.996,False,False
F02037,2019-K,0.368,0.971,False,True
F02038,2019-K,0.739,1.019,False,False
F02039,2019-K,0.436,1.036,False,True
F02040,2019-K,0.302,1.024,False,True
F02041,2019-K,0.621,0.96,False,False
F02042,2019-K,0.662,0.93,False,False
F02043,2019-K,0.68,1.013,False,False
F02044,2019-K,0.727,1.046,False,False
F02045,2019-K,0.185,0.976,False,True
F02046,2019-K,0.664,1.045,False,False
F02047,2019-K,0.341,1.015,False,True
F02048,2019-K,0.469,0.969,False,True
F02049,2019-K,0.618,1.022,False,False
F02050,2019-K,0.435,0.953,False,False
F02051,2019-K,0.41,0.96,False,False
F02052,2019-K,0.579,1.017,False,False
F02053,2019-K,0.616,1.053,False,False
F02054,2019-K,0.602,1.047,False,False
F02055,2019-K,0.526,0.993,False,False
F02056,2019-K,0.33,1.029,False,True
F02057,2019-K,0.576,0.986,False,False
F02058,2019-K,0.524,1.059,False,False
F02059,2019-K,0.41,0.967,False,True
F02060,2019-K,0.694,1.058,False,False
F02061,2019-K,0.835,1.046,False,False
F02062,2019-K,0.344,0.945,False,True
F02063,2019-K,0.418,1.005,False,False
F02064,2019-K,0.682,1.037,False,False
F02065,2019-K,0.865,1.043,False,False
F02066,2019-K,0.702,1.014,False,False
F02067,2019-K,0.796,1.014,False,False
F02068,2019-K,0.671,0.982,False,False
F02069,2019-K,0.683,0.967,False,False
F02070,2019-K,0.526,1.047,False,False
F02071,2019-K,0.254,0.971,False,True
F02072,2019-K,0.691,0.997,False,False
F02073,2019-K,0.592,0.988,False,False
F02074,2019-K,0.447,0.954,False,False
F02075,2019-K,0.505,0.981,False,True
F02076,2019-K,0.767,0.949,False,False
F02077,2019-K,0.438,1.002,False,False
F02078,2019-K,0.52,0.957,False,False
F02079,2019-K,0.724,1.045,False,False
F02080,2019-K,0.728,0.981,False,False
F02081,2019-K,0.648,1.019,False,False
F02082,2019-K,0.456,1.009,False,False
F02083,2019-K,0.821,0.94,False,False
F02084,2019-K,0.559,1.046,False,False
F02085,2019-K,0.562,0.995,False,False
F02086,2019-K,0.797,0.974,False,False
F02087,2019-K,0.425,0.989,False,False
F02088,2019-K,0.762,0.925,False,False
F02089,2019-K,0.322,0.954,False,True
F02090,2019-K,0.771,1.027,False,False
F02091,2019-K,0.865,0.924,False,False
F02092,2019-K,0.833,0.948,False,False
F02093,2019-K,0.688,0.97,False,False
F02094,2019-K,0.796,0.94,False,False
F02095,2019-K,0.764,0.989,False,False
F02096,2019-K,0.843,0.927,False,False
F02097,2019-K,0.8,0.999,False,False
F02098,2019-K,0.332,0.978,False,True
F02099,2019-K,0.198,0.968,False,True
F02100,2019-K,0.45,0.939,False,False
F02101,2019-K,0.252,1.0,False,True
F02102,2019-K,0.268,0.945,False,True
F02103,2019-K,0.327,0.935,False,True
F02104,2019-K,0.656,0.943,False,False
F02105,2019-K,0.528,1.014,False,False
F02106,2019-K,0.516,0.998,False,False
F02107,2019-K,0.698,0.965,False,False
F02108,2019-K,0.595,1.054,False,False
F02109,2019-K,0.382,0.994,False,True
F02110,2019-K,0.585,0.929,False,False
F02111,2019-K,0.436,0.933,False,False
F02112,2019-K,0.832,0.928,False,False
F02113,2019-K,0.288,0.992,False,True
F02114,2019-K,0.44,0.987,False,False
F02115,2019-K,0.631,0.978,False,False
F02116,2019-K,0.17,0.934,False,True
F02117,2019-K,0.444,0.932,False,False
F02118,2019-K,0.668,1.058,False,False
F02119,2019-K,0.334,0.934,False,True
F02120,2019-K,0.146,1.022,False,True
F02121,2019-K,0.553,1.053,False,False
F02122,2019-K,0.404,1.0,False,False
F02123,2019-K,0.641,0.953,False,False
F02124,2019-K,0.699,1.059,False,False
F02125,2019-K,0.575,0.989,False,False
F02126,2019-K,0.428,1.015,False,False
F02127,2019-K,0.342,0.984,False,True
F02128,2019-K,0.564,1.049,False,False
F02129,2019-K,0.501,1.024,False,False
F02130,2019-K,0.207,1.047,False,True
F02131,2019-K,0.204,0.959,False,True
F02132,2019-K,0.487,0.941,False,False
F02133,2019-K,0.653,0.953,False,False
F02134,2019-K,0.588,0.986,False,False
F02135,2019-K,0.316,0.994,False,True
F02136,2019-K,0.309,0.999,False,True
F02137,2019-K,0.823,0.973,False,False
F02138,2019-K,0.514,0.927,False,False
F02139,2019-K,0.684,0.921,False,False
F02140,2019-K,0.407,0.923,False,False
F02141,2019-K,0.49,0.962,False,False
F02142,2019-K,0.292,1.051,False,True
F02143,2019-K,0.304,0.942,False,True
F02144,2019-K,0.746,0.948,False,False
F02145,2019-K,0.658,1.028,False,False
F02146,2019-K,0.862,1.057,False,False
F02147,2019-K,0.622,1.03,False,False
F02148,2019-K,0.334,0.949,False,True
F02149,2019-K,0.686,1.013,False,False
F02150,2019-K,0.808,0.987,False,False
F02151,2019-K,0.79,1.03,False,False
F02152,2019-K,0.472,1.022,False,False
F02153,2019-K,0.642,1.008,False,False
F02154,2019-K,0.687,0.937,False,False
F02155,2019-K,0.309,1.021,False,True
F02156,2019-K,0.696,0.925,False,False
F02157,2019-K,0.529,0.934,False,False
F02158,2019-K,0.776,0.987,False,False
F02159,2019-K,0.265,0.964,False,True
F02160,2019-K,0.42,1.029,False,False
F02161,2019-K,0.738,1.009,False,False
F02162,2019-K,0.623,0.928,False,False
F02163,2019-K,0.491,0.97,False,False
F02164,2019-K,0.792,0.965,False,False
F02165,2019-K,0.369,1.024,False,False
F02166,2019-K,0.576,1.053,False,False
F02167,2019-K,0.38,0.991,False,True
F02168,2019-K,0.73,0.97,False,False
F02169,2019-K,0.39,1.058,False,True
F02170,2019-K,0.235,0.924,False,True
F02171,2019-K,0.519,1.034,False,False
F02172,2019-K,0.313,0.97,False,True
F02173,2019-K,0.119,0.982,False,True
F02174,2019-K,0.639,0.933,False,False
F02175,2019-K,0.408,1.017,False,False
F02176,2019-K,0.654,1.037,False,False
F02177,2019-K,0.358,0.943,False,False
F02178,2019-K,0.678,1.009,False,False
F02179,2019-K,0.593,1.026,False,False
F02180,2019-K,0.674,1.001,False,False
F02181,2019-K,0.514,1.036,False,False
F02182,2019-K,0.286,0.997,False,True
F02183,2019-K,0.217,0.949,False,True
F02184,2019-K,0.537,0.965,False,False
F02185,2019-K,0.616,0.983,False,False
F02186,2019-K,0.466,0.977,False,False
F02187,2019-K,0.583,1.01,False,False
F02188,2019-K,0.163,1.019,False,True
F02189,2019-K,0.632,1.03,False,False
F02190,2019-K,0.299,1.035,False,True
F02191,2019-K,0.566,1.006,False,False
F02192,2019-K,0.288,0.96,False,True
F02193,2019-K,0.46,0.982,False,False
F02194,2019-K,0.782,1.012,False,False
F02195,2019-K,0.792,1.041,False,False
F02196,2019-K,0.509,1.026,False,False
F02197,2019-K,0.351,1.06,False,True
F02198,2019-K,0.33,1.003,False,True
F02199,2019-K,0.375,1.022,False,False
F02200,2019-K,0.644,1.021,False,False
F02201,2019-K,0.729,1.004,False,False
F02202,2019-K,0.581,0.944,False,False
F02203,2019-K,0.78,0.958,False,False
F02204,2019-K,0.164,0.978,False,True
F02205,2019-K,0.201,0.961,False,True
F02206,2019-K,0.715,1.044,False,False
F02207,2019-K,0.786,1.017,False,False
F02208,2019-K,0.556,1.005,False,False
F02209,2019-K,0.786,1.02,False,False
F02210,2019-K,0.787,1.028,False,False
F02211,2019-K,0.619,0.95,False,False
F02212,2019-K,0.41,1.019,False,False
F02213,2019-K,0.772,0.973,False,False
F02214,2019-K,0.403,1.006,False,False
F02215,2019-K,0.441,0.956,False,False
F02216,2019-K,0.424,1.004,False,False
F02217,2019-K,0.615,0.956,False,False
F02218,2019-K,0.684,1.033,False,False
F02219,2019-K,0.449,1.02,False,False
F02220,2019-K,0.498,1.044,False,False
F02221,2019-K,0.127,0.975,False,True
F02222,2019-K,0.693,0.979,False,False
F02223,2019-K,0.166,1.034,False,True
F02224,2019-K,0.43,0.963,False,False
F02225,2019-K,0.754,0.997,False,False
F02226,2019-K,0.599,0.995,False,False
F02227,2019-K,0.725,0.945,False,False
F02228,2019-K,0.577,0.941,False,False
F02229,2019-K,0.354,0.988,False,True
F02230,2019-K,0.502,0.976,False,False
F02231,2019-K,0.718,1.003,False,False
F02232,2019-K,0.415,0.973,False,False
F02233,2019-K,0.679,0.938,False,False
F02234,2019-K,0.62,0.983,False,False
F02235,2019-K,0.353,1.026,False,True
F02236,2019-K,0.334,0.97,False,False
F02237,2019-K,0.838,0.953,False,False
F02238,2019-K,0.432,1.004,False,False
F02239,2019-K,0.629,1.002,False,False
F02240,2019-K,0.38,1.024,False,True
F02241,2019-K,0.641,1.041,False,False
F02242,2019-K,0.541,0.987,False,False
F02243,2019-K,0.699,0.946,False,False
F02244,2019-K,0.822,0.959,False,False
F02245,2019-K,0.634,1.023,False,False
F02246,2019-K,0.179,1.038,False,True
F02247,2019-K,0.249,1.055,False,True
F02248,2019-K,0.728,0.953,False,False
F02249,2019-K,0.643,0.978,False,False
F02250,2019-K,0.563,0.948,False,False
F02251,2019-K,0.635,0.947,False,False
F02252,2019-K,0.674,0.96,False,False
F02253,2019-K,0.38,1.01,False,True
F02254,2019-K,0.581,1.018,False,False
F01001,2019-R,0.304,1.014,False,True
F01002,2019-R,0.0,0.992,False,True
F01003,2019-R,0.567,1.003,False,False
F01004,2019-R,0.494,0.94,False,False
F01005,2019-R,0.522,0.984,False,False
F01006,2019-R,0.0,1.017,False,True
F01007,2019-R,0.0,1.034,False,True
F01008,2019-R,0.653,1.033,False,False
F01009,2019-R,0.733,0.961,False,False
F01010,2019-R,0.0,0.969,False,True
F01011,2019-R,0.461,1.016,False,False
F01012,2019-R,0.143,0.994,False,True
F01013,2019-R,0.592,1.024,False,False
F01014,2019-R,0.319,1.0,False,True
F01015,2019-R,0.48,1.035,False,False
F01016,2019-R,0.0,1.015,False,True
F01017,2019-R,0.491,0.955,False,False
F01018,2019-R,0.0,1.01,False,True
F01019,2019-R,0.774,0.943,False,False
F01020,2019-R,0.488,0.932,False,False
F01021,2019-R,0.772,0.935,False,False
F01022,2019-R,0.675,0.933,False,False
F01023,2019-R,0.808,0.988,False,False
F01024,2019-R,0.0,0.988,False,True
F01025,2019-R,0.0,0.969,False,True
F01026,2019-R,0.536,0.931,False,False
F01027,2019-R,0.087,1.017,False,True
F01028,2019-R,0.311,0.962,False,True
F01029,2019-R,0.57,1.028,False,False
F01030,2019-R,0.559,0.97,False,False
F01031,2019-R,0.497,1.014,False,False
F01032,2019-R,0.646,0.996,False,False
F01033,2019-R,0.0,1.015,False,True
F01034,2019-R,0.317,0.989,False,True
F01035,2019-R,0.761,0.968,False,False
F01036,2019-R,0.825,0.963,False,False
F01037,2019-R,0.725,1.004,False,False
F01038,2019-R,0.705,1.039,False,False
F01039,2019-R,0.0,0.997,False,True
F01040,2019-R,0.702,1.018,False,False
F01041,2019-R,0.0,0.952,False,True
F01042,2019-R,0.584,0.978,False,False
F01043,2019-R,0.723,0.993,False,False
F01044,2019-R,0.732,0.95,False,False
F01045,2019-R,0.475,0.962,False,False
F01046,2019-R,0.477,0.962,False,False
F01047,2019-R,0.461,0.999,False,False
F01048,2019-R,0.731,1.027,False,False
F01049,2019-R,0.0,1.009,False,True
F01050,2019-R,0.667,1.021,False,False
F01051,2019-R,0.493,1.014,False,False
F01052,2019-R,0.678,1.037,False,False
F01053,2019-R,0.558,1.029,False,False
F01054,2019-R,0.462,0.959,False,False
F01055,2019-R,0.846,1.002,False,False
F01056,2019-R,0.0,1.01,False,True
F01057,2019-R,0.658,0.957,False,False
F01058,2019-R,0.842,1.035,False,False
F01059,2019-R,0.351,0.937,False,True
F01060,2019-R,0.0,1.023,False,True
F01061,2019-R,0.0,0.944,False,True
F01062,2019-R,0.467,1.008,False,False
F01063,2019-R,0.468,0.988,False,False
F01064,2019-R,0.669,1.024,False,False
F01066,2019-R,0.684,0.997,False,False
F01067,2019-R,0.331,1.011,False,False
F01068,2019-R,0.353,1.02,False,True
F01069,2019-R,0.0,0.946,False,True
F01070,2019-R,0.486,0.953,False,False
F01071,2019-R,0.575,0.963,False,False
F01072,2019-R,0.745,1.028,False,True
F01073,2019-R,0.0,1.015,False,True
F01074,2019-R,0.502,1.021,False,False
F01075,2019-R,0.646,0.946,False,False
F01076,2019-R,0.479,0.958,False,False
F01077,2019-R,0.0,1.032,False,True
F01078,2019-R,0.845,0.977,False,False
F01079,2019-R,0.559,1.04,False,False
F01080,2019-R,0.0,0.974,False,True
F01081,2019-R,0.747,1.0,False,False
F01082,2019-R,0.669,0.956,False,False
F01083,2019-R,0.352,0.943,False,True
F01084,2019-R,0.0,0.959,False,True
F01085,2019-R,0.474,1.032,False,False
F01086,2019-R,0.335,0.964,False,True
F01087,2019-R,0.486,0.998,False,False
F01088,2019-R,0.724,0.945,False,False
F01089,2019-R,0.562,0.969,False,False
F01090,2019-R,0.618,1.019,False,False
F01091,2019-R,0.682,0.933,False,False
F01092,2019-R,0.571,1.007,False,False
F01093,2019-R,0.634,0.939,False,False
F01094,2019-R,0.0,0.966,False,True
F01095,2019-R,0.541,0.951,False,False
F01096,2019-R,0.0,0.987,False,True
F01097,2019-R,0.0,0.979,False,True
F01098,2019-R,0.633,0.945,False,False
F01099,2019-R,0.479,0.959,False,False
F01100,2019-R,0.673,1.005,False,False
F01101,2019-R,0.0,0.957,False,True
F01102,2019-R,0.702,0.996,False,False
F01103,2019-R,0.0,0.968,False,True
F01104,2019-R,0.883,1.018,False,False
F01105,2019-R,0.816,0.966,False,False
F01106,2019-R,0.0,0.934,False,True
F01107,2019-R,0.788,0.994,False,False
F01108,2019-R,0.0,0.995,False,True
F01109,2019-R,0.753,0.967,False,False
F01110,2019-R,0.799,0.962,False,False
F01111,2019-R,0.766,1.001,False,False
F01112,2019-R,0.787,1.039,False,False
F01113,2019-R,0.342,1.001,False,False
F01114,2019-R,0.571,0.932,False,False
F01115,2019-R,0.891,1.037,False,False
F01116,2019-R,0.867,0.948,False,False
F01117,2019-R,0.546,1.036,False,False
F01118,2019-R,0.0,0.936,False,True
F01119,2019-R,0.0,0.988,False,True
F01120,2019-R,0.717,0.987,False,False
F01121,2019-R,0.547,1.028,False,False
F01122,2019-R,0.598,1.024,False,False
F01123,2019-R,0.472,1.025,False,False
F01124,2019-R,0.0,1.029,False,True
F01125,2019-R,0.695,0.986,False,False
F01126,2019-R,0.333,0.948,False,True
F01127,2019-R,0.66,0.965,False,False
F01128,2019-R,0.206,1.0,False,True
F01129,2019-R,0.0,0.939,False,True
F01130,2019-R,0.337,0.932,False,True
F01131,2019-R,0.665,1.009,False,False
F01132,2019-R,0.351,0.942,False,False
F01133,2019-R,0.51,0.981,False,False
F01134,2019-R,0.0,0.999,False,True
F01135,2019-R,0.51,0.997,False,False
F01136,2019-R,0.0,0.975,False,True
F01137,2019-R,0.321,0.972,False,True
F01138,2019-R,0.512,1.011,False,False
F01139,2019-R,0.774,0.963,False,False
F01140,2019-R,0.328,0.945,False,False
F01141,2019-R,0.836,0.943,False,False
F01142,2019-R,0.52,0.988,False,False
F01143,2019-R,0.324,0.949,False,False
F01144,2019-R,0.0,0.962,False,True
F01145,2019-R,0.0,1.001,False,True
F01146,2019-R,0.57,0.953,False,False
F01147,2019-R,0.682,0.947,False,False
F01148,2019-R,0.498,0.97,False,False
F01149,2019-R,0.511,1.034,False,False
F01150,2019-R,0.654,0.958,False,False
F01151,2019-R,0.805,0.949,False,False
F01152,2019-R,0.665,0.931,False,False
F01153,2019-R,0.721,0.957,False,False
F01154,2019-R,0.0,0.939,False,True
F01155,2019-R,0.499,1.0,False,False
F01156,2019-R,0.0,0.963,False,True
F01157,2019-R,0.0,1.008,False,True
F01158,2019-R,0.559,1.009,False,False
F01159,2019-R,0.227,1.024,False,True
F01160,2019-R,0.623,1.006,False,False
F01161,2019-R,0.0,1.014,False,True
F01162,2019-R,0.236,0.987,False,True
F01163,2019-R,0.683,0.971,False,False
F01164,2019-R,0.782,0.945,False,False
F01165,2019-R,0.804,0.936,False,False
F01166,2019-R,0.0,0.994,False,True
F01167,2019-R,0.0,0.985,False,True
F01168,2019-R,0.464,0.976,False,False
F01169,2019-R,0.699,1.034,False,False
F01170,2019-R,0.79,1.022,False,False
F01171,2019-R,0.716,1.005,False,False
F01172,2019-R,0.522,0.986,False,False
F01173,2019-R,0.0,1.037,False,True
F01174,2019-R,0.0,0.954,False,True
F01175,2019-R,0.451,1.009,False,False
F01176,2019-R,0.551,0.93,False,False
F01177,2019-R,0.077,0.983,False,True
F01178,2019-R,0.0,0.98,False,True
F01179,2019-R,0.72,1.005,False,False
F01180,2019-R,0.859,1.004,False,False
F01181,2019-R,0.365,0.965,False,True
F01182,2019-R,0.0,1.022,False,True
F01183,2019-R,0.8,1.029,False,False
F01184,2019-R,0.335,0.981,False,True
F01185,2019-R,0.0,1.023,False,True
F01186,2019-R,0.0,1.0,False,True
F01187,2019-R,0.0,0.967,False,True
F01188,2019-R,0.298,0.933,False,True
F01189,2019-R,0.259,0.955,False,True
F01190,2019-R,0.0,0.934,False,True
F01191,2019-R,0.531,0.998,False,False
F01192,2019-R,0.0,0.983,False,True
F01193,2019-R,0.668,0.933,False,False
F01194,2019-R,0.269,1.037,False,False
F01195,2019-R,0.311,1.006,False,False
F01196,2019-R,0.0,0.951,False,True
F01197,2019-R,0.855,1.002,False,False
F01198,2019-R,0.0,0.997,False,True
F01199,2019-R,0.598,0.936,False,False
F01200,2019-R,0.452,0.982,False,False
F01201,2019-R,0.345,0.948,False,True
F01202,2019-R,0.721,0.937,False,False
F01203,2019-R,0.776,0.958,False,False
F01204,2019-R,0.637,0.962,False,False
F01205,2019-R,0.236,0.944,False,True
F01206,2019-R,0.732,0.931,False,False
F01207,2019-R,0.738,0.982,False,False
F01208,2019-R,0.0,0.972,False,True
F01209,2019-R,0.0,0.945,False,True
F01210,2019-R,0.247,0.951,False,True
F01211,2019-R,0.794,0.994,False,False
F01212,2019-R,0.0,1.005,False,True
F01213,2019-R,0.696,1.032,False,False
F01214,2019-R,0.0,0.985,False,True
F01215,2019-R,0.525,0.97,False,False
F01216,2019-R,0.775,0.975,False,False
F01217,2019-R,0.359,1.024,False,True
F01218,2019-R,0.311,1.006,False,False
F01219,2019-R,0.56,1.02,False,False
F01220,2019-R,0.0,0.99,False,True
F01221,2019-R,0.473,0.968,False,False
F01222,2019-R,0.0,1.025,False,True
F01223,2019-R,0.869,1.029,False,False
F01224,2019-R,0.543,1.002,False,False
F01225,2019-R,0.534,0.941,False,False
F01226,2019-R,0.838,0.991,False,False
F01227,2019-R,0.539,1.034,False,False
F01228,2019-R,0.479,0.99,False,False
F01229,2019-R,0.0,0.983,False,True
F01230,2019-R,0.0,1.039,False,True
F01231,2019-R,0.0,0.973,False,True
F01232,2019-R,0.252,0.997,False,True
F01233,2019-R,0.0,0.98,False,True
F01234,2019-R,0.0,1.004,False,True
F01235,2019-R,0.488,0.974,False,False
F01236,2019-R,0.748,0.984,False,False
F01237,2019-R,0.806,1.023,False,False
F01238,2019-R,0.724,1.014,False,False
F01239,2019-R,0.813,1.001,False,False
F01240,2019-R,0.0,0.967,False,True
F01241,2019-R,0.661,1.007,False,False
F01242,2019-R,0.157,0.934,False,True
F01243,2019-R,0.337,0.96,False,True
F01244,2019-R,0.0,1.011,False,True
F01245,2019-R,0.673,0.979,False,False
F01246,2019-R,0.511,0.98,False,False
F01247,2019-R,0.0,0.991,False,True
F01248,2019-R,0.493,0.93,False,False
F01249,2019-R,0.813,1.006,False,False
F01250,2019-R,0.31,0.993,False,True
F01251,2019-R,0.696,1.037,False,False
F01252,2019-R,0.0,0.971,False,True
F01253,2019-R,0.0,1.018,False,True
F01254,2019-R,0.466,0.953,False,False
F01255,2019-R,0.0,0.937,False,True
F01256,2019-R,0.0,0.985,False,True
F01257,2019-R,0.0,1.028,False,True
F01258,2019-R,0.0,1.0,False,True
F01259,2019-R,0.0,0.933,False,True
F01260,2019-R,0.298,1.027,False,True
F01261,2019-R,0.278,0.959,False,True
F01262,2019-R,0.48,0.951,False,False
F01263,2019-R,0.682,0.966,False,False
F01264,2019-R,0.672,0.953,False,False
F01265,2019-R,0.0,0.972,False,True
F01266,2019-R,0.0,0.963,False,True
F01267,2019-R,0.0,0.976,False,True
F01268,2019-R,0.0,0.952,False,True
F01269,2019-R,0.474,1.033,False,False
F01270,2019-R,0.0,0.991,False,True
F01271,2019-R,0.0,0.94,False,True
F01272,2019-R,0.0,0.955,False,True
F01273,2019-R,0.065,0.932,False,True
F01274,2019-R,0.699,0.976,False,False
F01275,2019-R,0.533,1.004,False,False
F01276,2019-R,0.729,1.007,False,False
F01277,2019-R,0.318,1.008,False,True
F01278,2019-R,0.0,0.989,False,True
F01279,2019-R,0.0,1.011,False,True
F01280,2019-R,0.651,0.935,False,False
F01281,2019-R,0.0,1.028,False,True
F01282,2019-R,0.798,0.942,False,False
F01283,2019-R,0.5,0.95,False,False
F01284,2019-R,0.0,1.002,False,True
F01285,2019-R,0.521,1.017,False,False
F01286,2019-R,0.71,0.98,False,False
F01287,2019-R,0.0,1.019,False,True
F01288,2019-R,0.792,0.935,False,False
F01289,2019-R,0.0,0.936,False,True
F01290,2019-R,0.0,0.99,False,True
F01291,2019-R,0.0,0.988,False,True
F01292,2019-R,0.836,0.947,False,False
F01293,2019-R,0.481,0.968,False,False
F01295,2019-R,0.696,1.037,False,False
F01296,2019-R,0.67,0.975,False,False
F01297,2019-R,0.594,0.948,False,False
F01298,2019-R,0.26,0.946,False,True
F01299,2019-R,0.329,1.027,False,False
F01300,2019-R,0.0,0.997,False,True
F01301,2019-R,0.896,0.932,False,False
F01302,2019-R,0.719,1.03,False,False
F01303,2019-R,0.588,1.011,False,False
F01304,2019-R,0.223,0.987,False,True
F01305,2019-R,0.677,1.013,False,False
F01306,2019-R,0.0,1.021,False,True
F01307,2019-R,0.861,1.003,False,False
F01308,2019-R,0.833,0.982,False,False
F01309,2019-R,0.657,0.996,False,False
F01310,2019-R,0.545,1.013,False,False
F01311,2019-R,0.564,0.938,False,False
F01312,2019-R,0.827,0.935,False,False
F01313,2019-R,0.474,0.978,False,False
F01314,2019-R,0.0,1.009,False,True
F01315,2019-R,0.0,1.006,False,True
F01316,2019-R,0.484,0.969,False,False
F01317,2019-R,0.621,1.017,False,False
F01318,2019-R,0.36,1.039,False,True
F01319,2019-R,0.83,1.034,False,False
F01320,2019-R,0.489,0.98,False,False
F01321,2019-R,0.906,1.016,False,False
F01322,2019-R,0.62,1.011,False,False
F01323,2019-R,0.573,0.942,False,True
F01324,2019-R,0.547,1.012,False,False
F01325,2019-R,0.658,0.962,False,False
F01326,2019-R,0.337,0.985,False,True
F01327,2019-R,0.537,0.932,False,False
F01328,2019-R,0.593,0.975,False,False
F01329,2019-R,0.795,0.939,False,False
F01330,2019-R,0.465,0.941,False,False
F01331,2019-R,0.845,0.953,False,False
F01332,2019-R,0.0,0.997,False,True
F01333,2019-R,0.459,1.004,False,False
F01334,2019-R,0.0,1.033,False,True
F01336,2019-R,0.0,1.033,False,True
F01337,2019-R,0.806,0.963,False,False
F01338,2019-R,0.827,0.999,False,False
F01339,2019-R,0.221,1.011,False,False
F01340,2019-R,0.591,0.99,False,False
F01341,2019-R,0.258,0.974,False,True
F01342,2019-R,0.713,0.962,False,False
F01343,2019-R,0.65,0.969,False,False
F01344,2019-R,0.0,0.957,False,True
F01345,2019-R,0.768,0.965,False,False
F01346,2019-R,0.584,0.995,False,False
F01347,2019-R,0.588,0.962,False,False
F01348,2019-R,0.506,1.016,False,False
F01349,2019-R,0.0,0.953,False,True
F01350,2019-R,0.718,0.992,False,False
F01351,2019-R,0.887,0.939,False,False
F01352,2019-R,0.773,1.01,False,False
F01353,2019-R,0.703,0.945,False,False
F01354,2019-R,0.489,0.942,False,False
F01355,2019-R,0.598,1.036,False,False
F01356,2019-R,0.649,0.984,False,False
F01357,2019-R,0.0,1.027,False,True
F01358,2019-R,0.0,0.999,False,True
F01359,2019-R,0.0,1.037,False,True
F01360,2019-R,0.741,0.984,False,False
F01361,2019-R,0.0,0.992,False,True
F01362,2019-R,0.851,0.934,False,False
F01363,2019-R,0.0,0.974,False,True
F01364,2019-R,0.801,1.009,False,False
F01365,2019-R,0.716,0.931,False,False
F01366,2019-R,0.453,0.945,False,False
F01367,2019-R,0.0,1.002,False,True
F01368,2019-R,0.357,0.932,False,True
F01369,2019-R,0.788,0.99,False,False
F01370,2019-R,0.884,1.023,False,False
F01371,2019-R,0.0,0.974,False,True
F01372,2019-R,0.242,0.956,False,True
F01373,2019-R,0.0,0.955,False,True
F01374,2019-R,0.478,0.999,False,False
F01375,2019-R,0.0,0.951,False,True
F01376,2019-R,0.568,1.001,False,False
F01377,2019-R,0.576,1.02,False,False
F01378,2019-R,0.814,0.961,False,False
F01379,2019-R,0.829,0.993,False,False
F01380,2019-R,0.682,0.999,False,False
F01381,2019-R,0.0,0.993,False,True
F01382,2019-R,0.906,0.937,False,False
F01383,2019-R,0.36,0.975,False,True
F01384,2019-R,0.782,1.039,False,False
F01385,2019-R,0.515,1.013,False,False
F01386,2019-R,0.777,1.037,False,False
F01387,2019-R,0.0,0.957,False,True
F01388,2019-R,0.345,1.037,False,True
F01389,2019-R,0.204,1.025,False,True
F01390,2019-R,0.528,1.016,False,False
F01391,2019-R,0.818,0.985,False,False
F01392,2019-R,0.854,1.014,False,False
F01393,2019-R,0.502,0.976,False,False
F01394,2019-R,0.647,1.021,False,False
F01395,2019-R,0.907,0.952,False,False
F01396,2019-R,0.897,0.944,False,False
F01397,2019-R,0.0,0.975,False,True
F01398,2019-R,0.77,1.0,False,False
F01400,2019-R,0.711,0.98,False,False
F01401,2019-R,0.785,0.939,False,False
F01402,2019-R,0.328,1.034,False,True
F01403,2019-R,0.676,0.96,False,False
F01404,2019-R,0.657,0.968,False,False
F01405,2019-R,0.497,1.0,False,False
F01406,2019-R,0.0,0.972,False,True
F01407,2019-R,0.0,0.98,False,True
F01408,2019-R,0.588,1.008,False,False
F01409,2019-R,0.572,0.937,False,False
F01410,2019-R,0.0,0.982,False,True
F01411,2019-R,0.0,0.962,False,True
F01412,2019-R,0.726,0.957,False,False
F01413,2019-R,0.0,1.014,False,True
F01414,2019-R,0.534,1.018,False,False
F01415,2019-R,0.0,1.008,False,True
F01416,2019-R,0.0,0.985,False,True
F01417,2019-R,0.596,1.014,False,False
F01418,2019-R,0.0,0.954,False,True
F01419,2019-R,0.651,0.96,False,False
F01420,2019-R,0.582,1.013,False,False
F01421,2019-R,0.0,0.955,False,True
F01422,2019-R,0.0,0.932,False,True
F01423,2019-R,0.0,1.023,False,True
F01424,2019-R,0.661,0.945,False,False
F01425,2019-R,0.648,1.013,False,False
F01426,2019-R,0.298,1.002,False,True
F01427,2019-R,0.0,1.005,False,True
F01428,2019-R,0.721,1.024,False,False
F01429,2019-R,0.0,1.017,False,True
F01430,2019-R,0.666,0.944,False,False
F01431,2019-R,0.672,0.975,False,False
F01432,2019-R,0.624,1.032,False,False
F01433,2019-R,0.53,1.006,False,False
F01434,2019-R,0.0,0.97,False,True
F01435,2019-R,0.0,1.014,False,True
F01436,2019-R,0.0,1.001,False,True
F01437,2019-R,0.59,0.932,False,True
F01438,2019-R,0.0,0.959,False,True
F01439,2019-R,0.0,0.967,False,True
F01440,2019-R,0.0,1.012,False,True
F01441,2019-R,0.718,1.003,False,False
F01442,2019-R,0.0,0.972,False,True
F01443,2019-R,0.0,1.037,False,True
F01444,2019-R,0.181,0.945,False,True
F01445,2019-R,0.0,1.009,False,True
F01446,2019-R,0.0,0.939,False,True
F01447,2019-R,0.72,0.99,False,False
F01448,2019-R,0.589,0.994,False,False
F01449,2019-R,0.0,1.009,False,True
F01450,2019-R,0.788,0.972,False,False
F01451,2019-R,0.464,0.937,False,False
F01452,2019-R,0.225,1.0,False,True
F01453,2019-R,0.726,1.004,False,False
F01454,2019-R,0.0,0.998,False,True
F01455,2019-R,0.0,1.024,False,True
F01456,2019-R,0.0,1.018,False,True
F01457,2019-R,0.708,0.941,False,False
F01458,2019-R,0.472,0.975,False,True
F01459,2019-R,0.0,0.937,False,True
F01460,2019-R,0.0,0.957,False,True
F01461,2019-R,0.0,1.02,False,True
F01462,2019-R,0.242,0.964,False,True
F01463,2019-R,0.0,0.932,False,True
F01464,2019-R,0.571,1.03,False,False
F01465,2019-R,0.569,1.013,False,False
F01466,2019-R,0.249,1.026,False,True
F01467,2019-R,0.596,0.959,False,False
F01468,2019-R,0.503,1.034,False,False
F01469,2019-R,0.0,0.982,False,True
F01470,2019-R,0.454,0.945,False,False
F01471,2019-R,0.178,0.997,False,True
F01472,2019-R,0.786,0.931,False,False
F01473,2019-R,0.279,1.007,False,True
F01474,2019-R,0.0,1.018,False,True
F01475,2019-R,0.0,1.035,False,True
F01476,2019-R,0.642,0.979,False,False
F01477,2019-R,0.0,0.984,False,True
F01478,2019-R,0.0,1.031,False,True
F01479,2019-R,0.506,0.992,False,False
F01480,2019-R,0.0,1.032,False,True
F01481,2019-R,0.637,1.011,False,False
F01482,2019-R,0.0,0.941,False,True
F01483,2019-R,0.0,1.011,False,True
F01484,2019-R,0.527,0.989,False,False
F01485,2019-R,0.548,0.932,False,False
F01486,2019-R,0.333,0.988,False,True
F01487,2019-R,0.322,1.03,False,True
F01488,2019-R,0.0,0.934,False,True
F01489,2019-R,0.593,1.035,False,False
F01490,2019-R,0.71,1.012,False,False
F01491,2019-R,0.335,1.025,False,True
F01492,2019-R,0.755,0.933,False,False
F01493,2019-R,0.313,0.935,False,True
F01494,2019-R,0.0,1.016,False,True
F01495,2019-R,0.628,1.001,False,False
F01496,2019-R,0.0,0.947,False,True
F01497,2019-R,0.503,0.962,False,False
F01498,2019-R,0.677,1.009,False,False
F01499,2019-R,0.754,0.99,False,False
F01500,2019-R,0.467,1.023,False,False
F01501,2019-R,0.461,1.022,False,False
F01502,2019-R,0.598,0.957,False,False
F01503,2019-R,0.207,0.975,False,True
F01504,2019-R,0.337,1.036,False,True
F01505,2019-R,0.468,0.957,False,False
F01506,2019-R,0.0,0.934,False,True
F01507,2019-R,0.0,0.969,False,True
F01508,2019-R,0.319,0.97,False,True
F01509,2019-R,0.722,0.97,False,False
F01510,2019-R,0.572,1.03,False,False
F01511,2019-R,0.645,0.995,False,False
F01512,2019-R,0.34,0.956,False,True
F01513,2019-R,0.666,0.933,False,False
F01514,2019-R,0.503,1.022,False,False
F01515,2019-R,0.3,0.957,False,True
F01516,2019-R,0.29,0.95,False,True
F01517,2019-R,0.0,0.962,False,True
F01518,2019-R,0.595,0.956,False,False
F01519,2019-R,0.0,1.023,False,True
F01520,2019-R,0.741,0.975,False,False
F01521,2019-R,0.0,1.001,False,True
F01522,2019-R,0.459,0.948,False,False
F01523,2019-R,0.0,0.979,False,True
F01524,2019-R,0.0,1.001,False,True
F01525,2019-R,0.708,0.987,False,True
F01526,2019-R,0.476,0.951,False,False
F01527,2019-R,0.534,1.035,False,False
F01528,2019-R,0.489,0.943,False,False
F01529,2019-R,0.0,0.938,False,True
F01530,2019-R,0.559,1.028,False,False
F01531,2019-R,0.313,0.985,False,True
F01532,2019-R,0.0,0.997,False,True
F01533,2019-R,0.0,1.016,False,True
F01534,2019-R,0.0,0.965,False,True
F01535,2019-R,0.49,0.943,False,False
F01536,2019-R,0.0,1.004,False,True
F01537,2019-R,0.647,0.999,False,False
F01538,2019-R,0.648,1.029,False,False
F01539,2019-R,0.0,0.941,False,True
F01540,2019-R,0.221,0.958,False,False
F01541,2019-R,0.0,1.006,False,True
F01542,2019-R,0.539,0.937,False,False
F01543,2019-R,0.629,1.034,False,False
F01544,2019-R,0.755,0.944,False,False
F01545,2019-R,0.738,0.969,False,False
F01546,2019-R,0.674,0.93,False,False
F01547,2019-R,0.495,0.967,False,False
F01548,2019-R,0.782,0.96,False,False
F01549,2019-R,0.329,1.027,False,True
F01550,2019-R,0.622,0.962,False,False
F01551,2019-R,0.0,0.948,False,True
F01552,2019-R,0.491,0.973,False,False
F01553,2019-R,0.633,0.99,False,False
F01554,2019-R,0.0,1.001,False,True
F01555,2019-R,0.0,0.935,False,True
F01556,2019-R,0.462,0.941,False,False
F01557,2019-R,0.0,0.98,False,True
F01558,2019-R,0.862,1.004,False,False
F01559,2019-R,0.318,0.945,False,True
F01560,2019-R,0.692,0.97,False,False
F01561,2019-R,0.652,0.962,False,False
F01562,2019-R,0.0,1.004,False,True
F01563,2019-R,0.622,1.002,False,False
F01564,2019-R,0.881,0.949,False,False
F01565,2019-R,0.0,0.935,False,True
F01566,2019-R,0.205,0.945,False,True
F01568,2019-R,0.811,0.978,False,False
F01569,2019-R,0.858,0.998,False,False
F01570,2019-R,0.0,1.015,False,True
F01571,2019-R,0.635,0.966,False,True
F01572,2019-R,0.0,1.016,False,True
F01573,2019-R,0.0,1.028,False,True
F01574,2019-R,0.0,0.985,False,True
F01575,2019-R,0.574,0.934,False,False
F01576,2019-R,0.708,0.942,False,False
F01577,2019-R,0.464,1.02,False,False
F01578,2019-R,0.219,1.021,False,True
F01579,2019-R,0.0,0.979,False,True
F01580,2019-R,0.825,1.018,False,False
F01581,2019-R,0.756,0.976,False,False
F01582,2019-R,0.764,1.035,False,False
F01583,2019-R,0.0,1.037,False,True
F01584,2019-R,0.0,1.032,False,True
F01585,2019-R,0.355,1.014,False,True
F01586,2019-R,0.712,1.0,False,False
F01587,2019-R,0.645,0.961,False,False
F01588,2019-R,0.866,0.949,False,False
F01589,2019-R,0.521,0.931,False,False
F01590,2019-R,0.461,1.0,False,False
F01591,2019-R,0.645,0.993,False,False
F01592,2019-R,0.0,0.999,False,True
F01593,2019-R,0.799,0.971,False,False
F01594,2019-R,0.541,0.971,False,False
F01595,2019-R,0.545,0.957,False,False
F01596,2019-R,0.322,0.97,False,False
F01597,2019-R,0.0,0.976,False,True
F01598,2019-R,0.0,1.031,False,True
F01599,2019-R,0.695,1.02,False,False
F01600,2019-R,0.32,1.038,False,True
F01601,2019-R,0.0,0.944,False,True
F01602,2019-R,0.294,0.986,False,True
F01603,2019-R,0.556,0.937,False,False
F01604,2019-R,0.728,1.033,False,False
F01605,2019-R,0.0,1.036,False,True
F01606,2019-R,0.726,1.001,False,False
F01607,2019-R,0.736,0.983,False,False
F01608,2019-R,0.331,0.935,False,True
F01609,2019-R,0.0,0.936,False,True
F01610,2019-R,0.765,0.936,False,False
F01611,2019-R,0.0,0.963,False,True
F01612,2019-R,0.714,0.998,False,False
F01613,2019-R,0.0,1.01,False,True
F01614,2019-R,0.0,0.984,False,True
F01615,2019-R,0.532,1.004,False,False
F01616,2019-R,0.314,0.97,False,True
F01617,2019-R,0.819,1.034,False,False
F01618,2019-R,0.0,0.931,False,True
F01619,2019-R,0.565,1.013,False,False
F01620,2019-R,0.482,0.953,False,False
F01621,2019-R,0.0,0.988,False,True
F01622,2019-R,0.0,1.019,False,True
F01623,2019-R,0.0,0.976,False,True
F01624,2019-R,0.655,1.006,False,False
F01625,2019-R,0.458,1.037,False,False
F01626,2019-R,0.0,1.026,False,True
F01627,2019-R,0.0,0.932,False,True
F01628,2019-R,0.236,1.032,False,True
F01629,2019-R,0.0,0.976,False,True
F01630,2019-R,0.661,0.983,False,False
F01631,2019-R,0.0,0.981,False,True
F01632,2019-R,0.0,0.993,False,True
F01633,2019-R,0.533,1.006,False,False
F01634,2019-R,0.0,1.027,False,True
F01635,2019-R,0.0,0.959,False,True
F01636,2019-R,0.627,0.976,False,False
F01637,2019-R,0.618,1.015,False,False
F01638,2019-R,0.633,1.017,False,False
F01639,2019-R,0.0,0.978,False,True
F01640,2019-R,0.581,0.938,False,False
F01641,2019-R,0.209,0.979,False,False
F01642,2019-R,0.683,0.975,False,False
F01643,2019-R,0.593,0.993,False,False
F01644,2019-R,0.773,1.038,False,False
F01645,2019-R,0.733,1.032,False,False
F01646,2019-R,0.0,1.018,False,True
F01647,2019-R,0.648,1.009,False,False
F01648,2019-R,0.183,0.982,False,True
F01649,2019-R,0.626,1.029,False,False
F01650,2019-R,0.478,0.937,False,False
F01651,2019-R,0.0,1.029,False,True
F01652,2019-R,0.0,1.0,False,True
F01653,2019-R,0.545,1.036,False,False
F01654,2019-R,0.562,0.999,False,False
F01655,2019-R,0.275,0.977,False,True
F01656,2019-R,0.53,0.967,False,False
F01657,2019-R,0.0,0.978,False,True
F01658,2019-R,0.707,0.939,False,False
F01659,2019-R,0.472,1.023,False,False
F01660,2019-R,0.746,0.987,False,False
F01661,2019-R,0.222,1.039,False,True
F01662,2019-R,0.548,0.96,False,False
F01663,2019-R,0.0,0.999,False,True
F01664,2019-R,0.771,0.942,False,False
F01665,2019-R,0.322,0.939,False,True
F01666,2019-R,0.581,0.943,False,False
F01667,2019-R,0.122,1.027,False,True
F01668,2019-R,0.0,0.995,False,True
F01669,2019-R,0.499,1.04,False,False
F01670,2019-R,0.727,0.934,False,False
F01671,2019-R,0.589,1.034,False,False
F01672,2019-R,0.0,0.97,False,True
F01673,2019-R,0.0,0.942,False,True
F01674,2019-R,0.0,1.032,False,True
F01675,2019-R,0.684,0.998,False,False
F01676,2019-R,0.0,1.012,False,True
F01677,2019-R,0.807,0.988,False,False
F01678,2019-R,0.0,1.028,False,True
F01679,2019-R,0.699,0.976,False,False
F01680,2019-R,0.497,1.018,False,False
F01681,2019-R,0.184,1.027,False,True
F01682,2019-R,0.303,1.021,False,True
F01683,2019-R,0.0,0.969,False,True
F01684,2019-R,0.306,1.002,False,True
F01685,2019-R,0.0,0.996,False,True
F01686,2019-R,0.0,0.973,False,True
F01687,2019-R,0.827,1.033,False,False
F01688,2019-R,0.095,0.967,False,True
F01689,2019-R,0.517,1.018,False,True
F01690,2019-R,0.338,1.019,False,True
F01691,2019-R,0.0,1.02,False,True
F01692,2019-R,0.504,1.038,False,False
F01693,2019-R,0.471,0.951,False,False
F01694,2019-R,0.679,0.941,False,False
F01695,2019-R,0.488,0.954,False,False
F01696,2019-R,0.784,0.933,False,False
F01697,2019-R,0.0,0.952,False,True
F01698,2019-R,0.0,1.03,False,True
F01699,2019-R,0.451,1.028,False,False
F01700,2019-R,0.0,0.961,False,True
F01701,2019-R,0.0,1.001,False,True
F01702,2019-R,0.757,1.017,False,False
F01703,2019-R,0.558,1.003,False,False
F01704,2019-R,0.0,1.007,False,True
F01705,2019-R,0.0,0.971,False,True
F01706,2019-R,0.832,1.038,False,False
F01707,2019-R,0.827,0.94,False,False
F01708,2019-R,0.0,1.009,False,True
F01709,2019-R,0.813,0.953,False,False
F01710,2019-R,0.0,1.037,False,True
F01711,2019-R,0.324,1.033,False,True
F01712,2019-R,0.0,0.946,False,True
F01713,2019-R,0.0,0.951,False,True
F01714,2019-R,0.692,0.962,False,False
F01715,2019-R,0.052,1.004,False,True
F01716,2019-R,0.0,1.01,False,True
F01717,2019-R,0.274,1.04,False,False
F01718,2019-R,0.699,0.971,False,False
F01719,2019-R,0.513,0.974,False,False
F01720,2019-R,0.579,0.979,False,False
F01721,2019-R,0.0,1.003,False,True
F01722,2019-R,0.647,0.998,False,False
F01723,2019-R,0.462,0.983,False,False
F01724,2019-R,0.715,1.034,False,False
F01725,2019-R,0.534,0.933,False,False
F01726,2019-R,0.246,0.976,False,True
F01727,2019-R,0.0,0.97,False,True
F01728,2019-R,0.0,0.983,False,True
F01729,2019-R,0.742,0.983,False,False
F01730,2019-R,0.67,1.012,False,False
F01731,2019-R,0.0,0.957,False,True
F01732,2019-R,0.703,0.947,False,False
F01733,2019-R,0.0,0.953,False,True
F01734,2019-R,0.336,1.014,False,True
F01735,2019-R,0.0,0.936,False,True
F01736,2019-R,0.322,0.944,False,True
F01737,2019-R,0.0,0.982,False,True
F01738,2019-R,0.247,0.956,False,True
F01739,2019-R,0.363,0.94,False,True
F01740,2019-R,0.761,1.03,False,False
F01741,2019-R,0.679,0.967,False,False
F01742,2019-R,0.742,0.955,False,False
F01743,2019-R,0.476,0.981,False,False
F01744,2019-R,0.0,0.97,False,True
F01745,2019-R,0.0,1.028,False,True
F01746,2019-R,0.88,1.032,False,False
F01747,2019-R,0.696,1.024,False,False
F01748,2019-R,0.332,0.999,False,True
F01749,2019-R,0.0,0.966,False,True
F01750,2019-R,0.554,0.967,False,False
F01751,2019-R,0.0,0.968,False,True
F01752,2019-R,0.663,0.984,False,False
F01753,2019-R,0.672,0.946,False,False
F01754,2019-R,0.353,0.956,False,True
F01755,2019-R,0.64,0.939,False,False
F01756,2019-R,0.348,0.992,False,True
F01757,2019-R,0.792,0.943,False,False
F01758,2019-R,0.0,0.971,False,True
F01759,2019-R,0.759,1.008,False,False
F01760,2019-R,0.529,0.988,False,False
F01761,2019-R,0.0,0.977,False,True
F01762,2019-R,0.743,0.952,False,False
F01763,2019-R,0.319,1.017,False,True
F01764,2019-R,0.595,0.996,False,False
F01765,2019-R,0.702,1.01,False,False
F01766,2019-R,0.484,0.966,False,False
F01767,2019-R,0.0,0.949,False,True
F01769,2019-R,0.0,1.002,False,True
F01770,2019-R,0.544,0.939,False,False
F01771,2019-R,0.0,1.023,False,True
F01772,2019-R,0.542,1.02,False,False
F01773,2019-R,0.0,0.958,False,True
F01774,2019-R,0.676,0.945,False,False
F01775,2019-R,0.498,1.031,False,False
F01776,2019-R,0.0,0.931,False,True
F01777,2019-R,0.485,0.996,False,False
F01778,2019-R,0.6,0.992,False,False
F01779,2019-R,0.82,0.983,False,False
F01780,2019-R,0.654,0.946,False,False
F01781,2019-R,0.648,0.952,False,False
F01782,2019-R,0.505,0.973,False,False
F01783,2019-R,0.659,0.949,False,False
F01784,2019-R,0.747,1.029,False,False
F01785,2019-R,0.725,1.013,False,False
F01786,2019-R,0.717,0.997,False,False
F01787,2019-R,0.636,0.981,False,False
F01788,2019-R,0.785,1.029,False,False
F01789,2019-R,0.542,0.953,False,False
F01790,2019-R,0.0,0.961,False,True
F01791,2019-R,0.763,0.998,False,False
F01792,2019-R,0.481,0.967,False,False
F01793,2019-R,0.0,0.942,False,True
F01794,2019-R,0.584,0.931,False,False
F01795,2019-R,0.186,1.033,False,True
F01796,2019-R,0.287,1.003,False,True
F01797,2019-R,0.0,1.016,False,True
F01798,2019-R,0.58,1.03,False,False
F01800,2019-R,0.507,0.953,False,False
F01801,2019-R,0.457,1.012,False,False
F01802,2019-R,0.0,1.009,False,True
F01803,2019-R,0.671,1.013,False,False
F01804,2019-R,0.0,1.034,False,True
F01805,2019-R,0.792,0.993,False,False
F01806,2019-R,0.781,0.96,False,False
F01807,2019-R,0.092,0.959,False,True
F01808,2019-R,0.712,1.004,False,False
F01809,2019-R,0.634,1.016,False,False
F01810,2019-R,0.0,0.978,False,True
F01812,2019-R,0.762,0.984,False,False
F01813,2019-R,0.0,1.025,False,True
F01814,2019-R,0.0,0.939,False,True
F01815,2019-R,0.62,0.995,False,False
F01816,2019-R,0.0,0.94,False,True
F01817,2019-R,0.7,1.025,False,False
F01818,2019-R,0.669,0.977,False,False
F01819,2019-R,0.536,1.0,False,False
F01820,2019-R,0.669,0.967,False,False
F01821,2019-R,0.348,0.99,False,True
F01822,2019-R,0.0,1.001,False,True
F01823,2019-R,0.831,1.004,False,False
F01824,2019-R,0.534,0.98,False,False
F01825,2019-R,0.873,0.962,False,False
F01826,2019-R,0.0,1.036,False,True
F01827,2019-R,0.767,0.958,False,False
F01828,2019-R,0.0,0.949,False,True
F01829,2019-R,0.739,1.036,False,False
F01830,2019-R,0.194,0.979,False,True
F01831,2019-R,0.645,1.035,False,False
F01832,2019-R,0.0,1.01,False,True
F01833,2019-R,0.773,0.939,False,False
F01834,2019-R,0.0,0.941,False,True
F01835,2019-R,0.337,0.986,False,True
F01836,2019-R,0.653,1.029,False,False
F01837,2019-R,0.484,0.988,False,False
F01838,2019-R,0.69,0.95,False,False
F01839,2019-R,0.708,1.022,False,False
F01840,2019-R,0.0,0.974,False,True
F01841,2019-R,0.494,1.013,False,False
F01842,2019-R,0.688,1.017,False,False
F01843,2019-R,0.512,0.99,False,False
F01844,2019-R,0.793,1.028,False,False
F01845,2019-R,0.682,1.03,False,False
F01846,2019-R,0.528,1.017,False,False
F01847,2019-R,0.0,0.939,False,True
F01848,2019-R,0.753,0.946,False,False
F01849,2019-R,0.657,1.019,False,False
F01850,2019-R,0.0,1.032,False,True
F01851,2019-R,0.646,0.944,False,False
F01852,2019-R,0.761,0.955,False,False
F01853,2019-R,0.0,0.959,False,True
F01854,2019-R,0.0,1.034,False,True
F01855,2019-R,0.0,0.971,False,True
F01856,2019-R,0.0,0.995,False,True
F01857,2019-R,0.121,0.969,False,True
F01858,2019-R,0.475,0.988,False,False
F01859,2019-R,0.768,1.006,False,False
F01860,2019-R,0.0,1.006,False,True
F01861,2019-R,0.688,0.98,False,False
F01862,2019-R,0.0,0.972,False,True
F01863,2019-R,0.551,0.941,False,False
F01864,2019-R,0.35,0.973,False,True
F01865,2019-R,0.496,0.958,False,False
F01866,2019-R,0.692,1.014,False,False
F01867,2019-R,0.635,1.024,False,False
F01868,2019-R,0.226,0.931,False,True
F01869,2019-R,0.92,0.959,False,False
F01870,2019-R,0.788,1.033,False,False
F01871,2019-R,0.0,1.039,False,True
F01872,2019-R,0.869,0.987,False,False
F01873,2019-R,0.462,1.009,False,False
F01874,2019-R,0.673,1.032,False,False
F01875,2019-R,0.787,0.991,False,False
F01876,2019-R,0.834,0.96,False,False
F01877,2019-R,0.0,0.938,False,True
F01878,2019-R,0.652,0.984,False,False
F01879,2019-R,0.0,0.982,False,True
F01880,2019-R,0.753,0.997,False,False
F01881,2019-R,0.759,1.001,False,False
F01882,2019-R,0.806,0.952,False,False
F01883,2019-R,0.0,0.996,False,True
F01884,2019-R,0.0,1.024,False,True
F01885,2019-R,0.638,1.004,False,False
F01886,2019-R,0.787,1.03,False,False
F01887,2019-R,0.0,1.011,False,True
F01888,2019-R,0.0,0.987,False,True
F01889,2019-R,0.673,1.003,False,False
F01890,2019-R,0.559,0.952,False,False
F01891,2019-R,0.547,0.948,False,False
F01892,2019-R,0.332,1.028,False,True
F01893,2019-R,0.589,0.958,False,False
F01894,2019-R,0.0,0.94,False,True
F01895,2019-R,0.0,0.976,False,True
F01896,2019-R,0.313,1.031,False,True
F01897,2019-R,0.0,0.943,False,True
F01898,2019-R,0.274,0.981,False,True
F01899,2019-R,0.687,1.018,False,False
F01900,2019-R,0.306,0.946,False,False
F01901,2019-R,0.544,0.938,False,False
F01902,2019-R,0.727,0.995,False,False
F01903,2019-R,0.744,0.936,False,False
F01904,2019-R,0.576,0.974,False,False
F01905,2019-R,0.507,0.946,False,False
F01906,2019-R,0.0,0.934,False,True
F01907,2019-R,0.747,0.938,False,False
F01908,2019-R,0.573,0.934,False,False
F01909,2019-R,0.487,0.948,False,False
F01910,2019-R,0.545,0.984,False,False
F01911,2019-R,0.231,0.997,False,True
F01912,2019-R,0.523,1.014,False,False
F01913,2019-R,0.475,0.964,False,False
F01914,2019-R,0.567,0.967,False,False
F01915,2019-R,0.815,1.006,False,False
F01916,2019-R,0.687,0.942,False,False
F01917,2019-R,0.656,0.954,False,False
F01918,2019-R,0.714,0.976,False,False
F01919,2019-R,0.0,1.034,False,True
F01920,2019-R,0.594,0.963,False,False
F01921,2019-R,0.64,0.991,False,False
F01922,2019-R,0.782,0.975,False,False
F01923,2019-R,0.0,0.961,False,True
F01924,2019-R,0.715,0.957,False,False
F01925,2019-R,0.588,1.04,False,False
F01926,2019-R,0.87,1.005,False,False
F01927,2019-R,0.851,0.983,False,False
F01928,2019-R,0.776,1.016,False,False
F01929,2019-R,0.564,1.022,False,False
F01930,2019-R,0.285,1.019,False,True
F01931,2019-R,0.642,1.026,False,False
F01932,2019-R,0.464,1.012,False,False
F01933,2019-R,0.48,0.976,False,False
F01934,2019-R,0.491,0.939,False,False
F01935,2019-R,0.698,0.937,False,False
F01936,2019-R,0.0,0.954,False,True
F01937,2019-R,0.747,0.991,False,False
F01938,2019-R,0.0,1.003,False,True
F01939,2019-R,0.553,0.942,False,False
F01940,2019-R,0.823,0.953,False,False
F01941,2019-R,0.0,0.953,False,True
F01942,2019-R,0.344,1.003,False,True
F01943,2019-R,0.0,1.025,False,True
F01944,2019-R,0.0,1.021,False,True
F01945,2019-R,0.256,0.932,False,True
F01946,2019-R,0.0,0.993,False,True
F01947,2019-R,0.0,0.958,False,True
F01948,2019-R,0.594,0.938,False,False
F01949,2019-R,0.53,1.001,False,False
F01950,2019-R,0.34,1.036,False,True
F01951,2019-R,0.71,1.019,False,False
F01952,2019-R,0.478,0.984,False,False
F01953,2019-R,0.335,0.966,False,True
F01954,2019-R,0.556,1.039,False,False
F01955,2019-R,0.0,1.021,False,True
F01956,2019-R,0.0,0.948,False,True
F01957,2019-R,0.529,0.939,False,False
F01958,2019-R,0.516,1.023,False,False
F01959,2019-R,0.672,0.966,False,False
F01960,2019-R,0.26,1.007,False,True
F01961,2019-R,0.0,0.948,False,True
F01962,2019-R,0.344,1.014,False,True
F01963,2019-R,0.811,0.966,False,False
F01964,2019-R,0.83,0.997,False,False
F01965,2019-R,0.0,0.979,False,True
F01966,2019-R,0.55,1.018,False,False
F01967,2019-R,0.0,0.931,False,True
F01968,2019-R,0.725,0.995,False,False
F01969,2019-R,0.579,0.961,False,False
F01970,2019-R,0.536,0.955,False,False
F01971,2019-R,0.275,0.994,False,True
F01972,2019-R,0.465,0.945,False,False
F01973,2019-R,0.686,0.971,False,False
F01974,2019-R,0.519,0.996,False,False
F01975,2019-R,0.262,1.004,False,True
F01976,2019-R,0.472,0.978,False,False
F01977,2019-R,0.0,1.01,False,True
F01978,2019-R,0.677,0.962,False,False
F01979,2019-R,0.69,0.97,False,False
F01980,2019-R,0.0,1.004,False,True
F01981,2019-R,0.0,0.998,False,True
F01982,2019-R,0.595,0.95,False,False
F01983,2019-R,0.465,1.035,False,False
F01984,2019-R,0.0,0.969,False,True
F01985,2019-R,0.0,0.976,False,True
F01986,2019-R,0.702,1.008,False,False
F01987,2019-R,0.339,0.964,False,True
F01988,2019-R,0.312,0.932,False,True
F01989,2019-R,0.863,1.01,False,False
F01990,2019-R,0.5,0.939,False,False
F01991,2019-R,0.537,0.979,False,False
F01992,2019-R,0.0,1.031,False,True
F01993,2019-R,0.525,1.039,False,False
F01994,2019-R,0.63,1.009,False,False
F01995,2019-R,0.0,1.026,False,True
F01996,2019-R,0.0,0.933,False,True
F01997,2019-R,0.717,0.98,False,False
F01998,2019-R,0.701,1.016,False,False
F01999,2019-R,0.176,1.005,False,True
F02000,2019-R,0.678,1.015,False,False
F02001,2019-R,0.0,1.036,False,True
F02002,2019-R,0.632,0.935,False,False
F02003,2019-R,0.0,0.973,False,True
F02004,2019-R,0.0,0.986,False,True
F02005,2019-R,0.0,0.997,False,True
F02006,2019-R,0.0,0.995,False,True
F02007,2019-R,0.0,0.977,False,True
F02008,2019-R,0.466,0.961,False,False
F02009,2019-R,0.0,1.032,False,True
F02010,2019-R,0.0,0.968,False,True
F02011,2019-R,0.0,0.96,False,True
F02012,2019-R,0.552,0.957,False,False
F02013,2019-R,0.717,1.031,False,False
F02014,2019-R,0.0,0.966,False,True
F02015,2019-R,0.0,1.004,False,True
F02016,2019-R,0.781,1.01,False,False
F02017,2019-R,0.317,1.006,False,True
F02018,2019-R,0.0,1.023,False,True
F02019,2019-R,0.596,0.943,False,False
F02020,2019-R,0.731,1.034,False,False
F02021,2019-R,0.78,0.948,False,False
F02022,2019-R,0.713,1.027,False,False
F02023,2019-R,0.0,1.04,False,True
F02024,2019-R,0.763,1.039,False,False
F02025,2019-R,0.0,0.97,False,True
F02026,2019-R,0.707,0.948,False,False
F02027,2019-R,0.38,0.99,False,True
F02028,2019-R,0.485,0.945,False,False
F02029,2019-R,0.475,0.981,False,False
F02030,2019-R,0.886,0.973,False,False
F02031,2019-R,0.767,0.984,False,False
F02032,2019-R,0.8,0.935,False,False
F02033,2019-R,0.62,1.003,False,False
F02034,2019-R,0.0,1.009,False,True
F02035,2019-R,0.766,0.952,False,False
F02036,2019-R,0.569,1.024,False,False
F02037,2019-R,0.0,0.934,False,True
F02038,2019-R,0.757,0.958,False,False
F02039,2019-R,0.0,0.961,False,True
F02040,2019-R,0.0,0.993,False,True
F02041,2019-R,0.636,1.012,False,False
F02042,2019-R,0.678,0.968,False,False
F02043,2019-R,0.697,1.018,False,False
F02044,2019-R,0.745,0.994,False,False
F02045,2019-R,0.0,0.931,False,True
F02046,2019-R,0.68,1.036,False,False
F02047,2019-R,0.0,0.988,False,True
F02048,2019-R,0.0,0.932,False,True
F02049,2019-R,0.633,1.038,False,False
F02050,2019-R,0.358,1.004,False,True
F02051,2019-R,0.337,0.956,False,True
F02052,2019-R,0.579,0.977,False,False
F02053,2019-R,0.631,1.039,False,False
F02054,2019-R,0.616,0.987,False,False
F02055,2019-R,0.526,0.932,False,False
F02056,2019-R,0.0,1.028,False,True
F02057,2019-R,0.576,0.939,False,False
F02058,2019-R,0.524,0.96,False,False
F02059,2019-R,0.0,1.035,False,True
F02060,2019-R,0.712,1.009,False,False
F02061,2019-R,0.856,0.985,False,False
F02062,2019-R,0.0,0.943,False,True
F02063,2019-R,0.343,0.989,False,True
F02064,2019-R,0.699,1.039,False,False
F02065,2019-R,0.889,1.039,False,False
F02066,2019-R,0.72,1.029,False,False
F02067,2019-R,0.816,1.037,False,False
F02068,2019-R,0.688,0.982,False,False
F02069,2019-R,0.7,0.978,False,False
F02070,2019-R,0.526,1.009,False,False
F02071,2019-R,0.0,1.021,False,True
F02072,2019-R,0.709,1.013,False,False
F02073,2019-R,0.592,0.985,False,False
F02074,2019-R,0.365,1.026,False,False
F02075,2019-R,0.0,1.029,False,True
F02076,2019-R,0.788,0.999,False,False
F02077,2019-R,0.136,0.967,False,True
F02078,2019-R,0.52,0.958,False,False
F02079,2019-R,0.743,0.996,False,False
F02080,2019-R,0.746,1.037,False,False
F02081,2019-R,0.664,0.997,False,False
F02082,2019-R,0.456,0.972,False,False
F02083,2019-R,0.842,1.038,False,False
F02084,2019-R,0.213,0.964,False,True
F02085,2019-R,0.562,1.034,False,False
F02086,2019-R,0.818,0.974,False,False
F02087,2019-R,0.349,0.954,False,True
F02088,2019-R,0.782,0.975,False,False
F02089,2019-R,0.0,0.957,False,True
F02090,2019-R,0.79,0.939,False,False
F02091,2019-R,0.886,0.96,False,False
F02092,2019-R,0.854,1.01,False,False
F02093,2019-R,0.704,0.947,False,False
F02094,2019-R,0.816,0.955,False,False
F02095,2019-R,0.783,1.009,False,False
F02096,2019-R,0.864,0.931,False,False
F02097,2019-R,0.82,0.936,False,False
F02098,2019-R,0.0,0.946,False,True
F02099,2019-R,0.0,0.995,False,True
F02100,2019-R,0.369,1.016,False,True
F02101,2019-R,0.0,1.005,False,True
F02102,2019-R,0.0,0.954,False,True
F02103,2019-R,0.0,0.988,False,True
F02104,2019-R,0.671,1.024,False,False
F02105,2019-R,0.528,0.969,False,False
F02106,2019-R,0.516,1.018,False,False
F02107,2019-R,0.714,1.038,False,False
F02108,2019-R,0.595,0.957,False,False
F02109,2019-R,0.0,0.986,False,True
F02110,2019-R,0.222,0.958,False,True
F02111,2019-R,0.361,1.039,False,False
F02113,2019-R,0.0,0.992,False,True
F02114,2019-R,0.318,1.038,False,True
F02115,2019-R,0.651,1.036,False,False
F02116,2019-R,0.0,0.931,False,True
F02117,2019-R,0.321,0.96,False,True
F02118,2019-R,0.689,0.992,False,False
F02119,2019-R,0.0,1.025,False,True
F02120,2019-R,0.0,1.035,False,True
F02121,2019-R,0.553,0.982,False,False
F02122,2019-R,0.292,0.942,False,True
F02123,2019-R,0.662,0.945,False,False
F02124,2019-R,0.721,1.033,False,False
F02125,2019-R,0.575,1.039,False,False
F02126,2019-R,0.31,1.002,False,True
F02127,2019-R,0.0,0.978,False,True
F02128,2019-R,0.564,1.026,False,False
F02129,2019-R,0.501,1.014,False,False
F02130,2019-R,0.0,0.992,False,True
F02131,2019-R,0.0,1.031,False,True
F02132,2019-R,0.487,0.962,False,False
F02133,2019-R,0.674,0.949,False,False
F02134,2019-R,0.588,0.998,False,False
F02135,2019-R,0.0,0.975,False,True
F02136,2019-R,0.0,1.029,False,True
F02137,2019-R,0.844,0.956,False,False
F02138,2019-R,0.514,1.033,False,False
F02139,2019-R,0.7,0.966,False,False
F02140,2019-R,0.338,0.991,False,True
F02141,2019-R,0.49,0.975,False,False
F02142,2019-R,0.0,0.945,False,True
F02143,2019-R,0.0,0.999,False,True
F02144,2019-R,0.764,0.994,False,False
F02145,2019-R,0.673,0.975,False,False
F02146,2019-R,0.883,0.963,False,False
F02147,2019-R,0.637,0.935,False,False
F02148,2019-R,0.0,1.013,False,True
F02149,2019-R,0.702,0.956,False,False
F02150,2019-R,0.315,0.963,False,True
F02151,2019-R,0.81,0.991,False,False
F02152,2019-R,0.472,1.003,False,False
F02153,2019-R,0.657,0.959,False,False
F02154,2019-R,0.703,0.931,False,False
F02155,2019-R,0.0,0.947,False,True
F02156,2019-R,0.713,0.956,False,False
F02157,2019-R,0.529,1.021,False,False
F02158,2019-R,0.795,1.025,False,False
F02159,2019-R,0.0,1.002,False,True
F02160,2019-R,0.348,0.97,False,False
F02161,2019-R,0.756,0.938,False,False
F02162,2019-R,0.637,0.992,False,False
F02163,2019-R,0.491,0.961,False,False
F02164,2019-R,0.308,0.941,False,True
F02165,2019-R,0.295,0.945,False,True
F02166,2019-R,0.576,0.988,False,False
F02167,2019-R,0.0,0.971,False,True
F02168,2019-R,0.285,1.036,False,False
F02169,2019-R,0.0,1.03,False,True
F02170,2019-R,0.0,1.025,False,True
F02171,2019-R,0.519,1.014,False,False
F02172,2019-R,0.0,0.932,False,True
F02173,2019-R,0.0,1.007,False,True
F02174,2019-R,0.656,0.946,False,False
F02175,2019-R,0.322,1.007,False,True
F02176,2019-R,0.255,0.931,False,True
F02177,2019-R,0.287,1.034,False,True
F02178,2019-R,0.697,0.936,False,False
F02179,2019-R,0.593,0.947,False,False
F02180,2019-R,0.692,0.965,False,False
F02181,2019-R,0.514,1.021,False,False
F02182,2019-R,0.0,1.039,False,True
F02183,2019-R,0.0,1.034,False,True
F02184,2019-R,0.537,0.979,False,False
F02185,2019-R,0.632,1.032,False,False
F02186,2019-R,0.466,0.945,False,False
F02187,2019-R,0.583,0.939,False,False
F02188,2019-R,0.0,0.931,False,True
F02189,2019-R,0.649,0.981,False,False
F02190,2019-R,0.0,1.023,False,True
F02191,2019-R,0.566,0.964,False,False
F02192,2019-R,0.0,1.019,False,True
F02193,2019-R,0.46,0.948,False,False
F02194,2019-R,0.805,1.02,False,False
F02195,2019-R,0.816,1.019,False,False
F02196,2019-R,0.509,0.966,False,False
F02197,2019-R,0.0,0.948,False,True
F02198,2019-R,0.0,0.974,False,True
F02199,2019-R,0.283,1.034,False,True
F02200,2019-R,0.664,1.019,False,False
F02201,2019-R,0.751,0.993,False,False
F02202,2019-R,0.581,1.004,False,False
F02203,2019-R,0.305,0.981,False,True
F02204,2019-R,0.0,1.035,False,True
F02205,2019-R,0.0,1.005,False,True
F02206,2019-R,0.28,0.933,False,True
F02207,2019-R,0.809,0.982,False,False
F02208,2019-R,0.556,1.009,False,False
F02209,2019-R,0.81,0.95,False,False
F02210,2019-R,0.811,0.957,False,False
F02211,2019-R,0.637,0.996,False,False
F02212,2019-R,0.311,1.001,False,True
F02213,2019-R,0.302,1.005,False,True
F02214,2019-R,0.3,0.983,False,True
F02215,2019-R,0.332,0.991,False,True
F02216,2019-R,0.316,0.994,False,True
F02217,2019-R,0.633,0.963,False,False
F02218,2019-R,0.705,1.015,False,False
F02219,2019-R,0.327,1.018,False,True
F02220,2019-R,0.498,1.04,False,False
F02221,2019-R,0.0,0.994,False,True
F02222,2019-R,0.712,0.936,False,False
F02223,2019-R,0.0,1.0,False,True
F02224,2019-R,0.334,1.0,False,True
F02225,2019-R,0.777,0.931,False,False
F02226,2019-R,0.599,0.992,False,False
F02227,2019-R,0.745,0.996,False,False
F02228,2019-R,0.577,0.947,False,False
F02229,2019-R,0.0,0.984,False,True
F02230,2019-R,0.502,0.942,False,False
F02231,2019-R,0.736,0.962,False,False
F02232,2019-R,0.322,1.03,False,True
F02233,2019-R,0.698,1.001,False,False
F02234,2019-R,0.639,1.027,False,False
F02235,2019-R,0.0,0.949,False,True
F02236,2019-R,0.246,1.029,False,True
F02237,2019-R,0.858,1.0,False,False
F02238,2019-R,0.366,0.961,False,True
F02239,2019-R,0.643,0.963,False,False
F02240,2019-R,0.0,1.011,False,True
F02241,2019-R,0.655,1.013,False,False
F02242,2019-R,0.541,0.968,False,False
F02243,2019-R,0.719,0.974,False,False
F02244,2019-R,0.84,1.026,False,False
F02245,2019-R,0.654,0.957,False,False
F02246,2019-R,0.0,0.96,False,True
F02247,2019-R,0.0,0.982,False,True
F02248,2019-R,0.745,0.951,False,False
F02249,2019-R,0.657,1.026,False,False
F02250,2019-R,0.563,0.944,False,False
F02251,2019-R,0.65,1.007,False,False
F02252,2019-R,0.693,0.975,False,False
F02253,2019-R,0.0,0.971,False,True
F02254,2019-R,0.581,1.036,False,True
F02255,2019-R,0.487,1.013,False,False
F02256,2019-R,0.436,1.028,False,False
F02257,2019-R,0.517,1.039,False,False
F02258,2019-R,0.228,1.039,False,True
F02259,2019-R,0.401,1.021,False,False
F02260,2019-R,0.614,0.989,False,False
F02261,2019-R,0.771,1.023,False,False
F02262,2019-R,0.649,1.038,False,False
F02263,2019-R,0.667,1.017,False,False
F02264,2019-R,0.364,0.981,False,True
F02265,2019-R,0.599,1.002,False,False
F02266,2019-R,0.661,1.009,False,False
F02267,2019-R,0.755,1.033,False,False
F02268,2019-R,0.344,1.022,False,True
F02269,2019-R,0.402,1.006,False,False
F02270,2019-R,0.63,1.005,False,False
F02271,2019-R,0.302,0.943,False,True
F02272,2019-R,0.519,0.997,False,False
F02273,2019-R,0.725,0.965,False,False
F02274,2019-R,0.795,1.038,False,False
F02275,2019-R,0.631,0.971,False,False
F02276,2019-R,0.365,0.978,False,True
F02277,2019-R,0.384,1.004,False,True
F02278,2019-R,0.563,0.955,False,False
F02279,2019-R,0.708,0.992,False,False
F02280,2019-R,0.643,0.977,False,False
F02281,2019-R,0.607,0.987,False,False
F02282,2019-R,0.494,0.932,False,False
F02283,2019-R,0.313,0.983,False,True
F02284,2019-R,0.577,0.943,False,False
F02285,2019-R,0.772,1.024,False,False
F02286,2019-R,0.381,0.985,False,True
F02287,2019-R,0.662,0.973,False,False
F02288,2019-R,0.286,0.978,False,True
F02289,2019-R,0.511,0.998,False,False
F02290,2019-R,0.296,0.976,False,True
F02291,2019-R,0.527,0.991,False,False
F02292,2019-R,0.777,1.022,False,False
F02293,2019-R,0.656,0.943,False,False
F02294,2019-R,0.807,0.951,False,False
F02295,2019-R,0.711,0.998,False,False
F02296,2019-R,0.793,1.024,False,False
F01001,2020-K,0.0,1.015,False,True
F01002,2020-K,0.0,0.933,False,True
F01003,2020-K,0.567,1.005,False,False
F01004,2020-K,0.494,1.023,False,False
F01005,2020-K,0.522,1.024,False,False
F01006,2020-K,0.0,0.949,False,True
F01007,2020-K,0.0,1.0,False,True
F01008,2020-K,0.672,1.031,False,False
F01009,2020-K,0.754,1.047,False,False
F01010,2020-K,0.0,1.007,False,True
F01011,2020-K,0.461,0.933,False,False
F01012,2020-K,0.0,1.014,False,True
F01013,2020-K,0.592,0.997,False,False
F01014,2020-K,0.0,0.932,False,True
F01015,2020-K,0.48,1.007,False,False
F01016,2020-K,0.0,0.975,False,True
F01017,2020-K,0.491,0.946,False,False
F01018,2020-K,0.0,1.05,False,True
F01019,2020-K,0.796,1.01,False,False
F01020,2020-K,0.488,1.017,False,False
F01021,2020-K,0.794,0.932,False,False
F01022,2020-K,0.694,1.044,False,False
F01023,2020-K,0.826,0.969,False,False
F01024,2020-K,0.0,0.934,False,True
F01025,2020-K,0.0,1.046,False,True
F01027,2020-K,0.0,0.956,False,True
F01028,2020-K,0.0,0.998,False,True
F01029,2020-K,0.57,1.007,False,False
F01030,2020-K,0.559,0.932,False,False
F01031,2020-K,0.497,0.988,False,False
F01032,2020-K,0.666,1.044,False,False
F01033,2020-K,0.0,0.935,False,True
F01034,2020-K,0.0,0.965,False,True
F01035,2020-K,0.784,1.001,False,False
F01036,2020-K,0.825,0.993,False,False
F01037,2020-K,0.747,0.98,False,False
F01038,2020-K,0.727,0.936,False,False
F01039,2020-K,0.0,1.039,False,True
F01040,2020-K,0.724,1.008,False,False
F01041,2020-K,0.0,0.94,False,True
F01042,2020-K,0.584,0.937,False,False
F01043,2020-K,0.745,0.937,False,False
F01044,2020-K,0.755,0.92,False,False
F01045,2020-K,0.475,0.945,False,False
F01046,2020-K,0.181,1.049,False,True
F01047,2020-K,0.461,0.954,False,True
F01048,2020-K,0.754,1.01,False,False
F01049,2020-K,0.0,1.039,False,True
F01050,2020-K,0.684,0.944,False,False
F01051,2020-K,0.493,1.038,False,False
F01052,2020-K,0.695,0.968,False,False
F01053,2020-K,0.558,1.033,False,False
F01054,2020-K,0.462,0.998,False,False
F01055,2020-K,0.859,0.987,False,False
F01056,2020-K,0.0,0.95,False,True
F01057,2020-K,0.674,0.945,False,False
F01058,2020-K,0.863,0.983,False,False
F01059,2020-K,0.0,0.974,False,True
F01060,2020-K,0.0,0.991,False,True
F01061,2020-K,0.0,1.006,False,True
F01062,2020-K,0.467,0.931,False,False
F01063,2020-K,0.468,1.007,False,False
F01064,2020-K,0.685,1.019,False,False
F01066,2020-K,0.7,1.015,False,False
F01067,2020-K,0.272,0.987,False,True
F01068,2020-K,0.0,0.981,False,True
F01069,2020-K,0.0,0.999,False,True
F01070,2020-K,0.486,0.979,False,False
F01071,2020-K,0.575,1.058,False,False
F01072,2020-K,0.0,1.007,False,True
F01073,2020-K,0.0,0.976,False,True
F01074,2020-K,0.502,1.02,False,False
F01075,2020-K,0.661,0.97,False,False
F01076,2020-K,0.479,0.928,False,False
F01077,2020-K,0.0,1.06,False,True
F01078,2020-K,0.867,1.006,False,False
F01079,2020-K,0.559,1.031,False,False
F01080,2020-K,0.0,0.954,False,True
F01081,2020-K,0.766,0.994,False,False
F01082,2020-K,0.686,0.963,False,False
F01083,2020-K,0.0,1.028,False,True
F01084,2020-K,0.0,0.961,False,True
F01085,2020-K,0.18,0.953,False,True
F01086,2020-K,0.0,0.952,False,True
F01087,2020-K,0.486,0.936,False,False
F01088,2020-K,0.743,0.995,False,False
F01089,2020-K,0.562,0.955,False,False
F01090,2020-K,0.633,0.937,False,False
F01091,2020-K,0.699,0.925,False,False
F01092,2020-K,0.571,0.955,False,False
F01093,2020-K,0.65,0.942,False,False
F01094,2020-K,0.0,0.958,False,True
F01095,2020-K,0.541,1.039,False,False
F01096,2020-K,0.0,1.027,False,True
F01097,2020-K,0.0,1.017,False,True
F01098,2020-K,0.649,1.023,False,False
F01099,2020-K,0.479,1.032,False,False
F01100,2020-K,0.262,0.952,False,True
F01101,2020-K,0.0,0.958,False,True
F01102,2020-K,0.721,0.987,False,False
F01103,2020-K,0.0,1.053,False,True
F01104,2020-K,0.906,0.981,False,False
F01105,2020-K,0.838,0.962,False,False
F01106,2020-K,0.0,0.959,False,True
F01107,2020-K,0.81,0.976,False,False
F01108,2020-K,0.0,0.995,False,True
F01109,2020-K,0.773,0.977,False,False
F01110,2020-K,0.82,1.022,False,False
F01111,2020-K,0.786,1.05,False,False
F01112,2020-K,0.808,0.972,False,False
F01113,2020-K,0.281,1.003,False,True
F01114,2020-K,0.571,0.923,False,False
F01115,2020-K,0.908,0.951,False,False
F01116,2020-K,0.881,1.024,False,False
F01117,2020-K,0.546,1.028,False,False
F01118,2020-K,0.0,0.996,False,True
F01119,2020-K,0.0,0.981,False,True
F01120,2020-K,0.735,1.019,False,False
F01121,2020-K,0.547,1.013,False,False
F01122,2020-K,0.598,0.95,False,False
F01123,2020-K,0.472,1.045,False,False
F01124,2020-K,0.0,0.949,False,True
F01125,2020-K,0.271,0.921,False,True
F01126,2020-K,0.0,1.042,False,True
F01127,2020-K,0.679,1.028,False,False
F01128,2020-K,0.0,0.959,False,True
F01129,2020-K,0.0,1.044,False,True
F01130,2020-K,0.0,1.0,False,True
F01131,2020-K,0.683,0.997,False,False
F01132,2020-K,0.106,0.983,False,True
F01133,2020-K,0.51,1.043,False,False
F01134,2020-K,0.0,1.023,False,True
F01135,2020-K,0.51,1.02,False,False
F01136,2020-K,0.0,1.022,False,True
F01137,2020-K,0.0,0.979,False,True
F01138,2020-K,0.512,0.933,False,False
F01139,2020-K,0.795,1.017,False,False
F01140,2020-K,0.261,0.954,False,True
F01141,2020-K,0.836,1.03,False,False
F01142,2020-K,0.52,0.945,False,False
F01143,2020-K,0.261,1.0,False,True
F01144,2020-K,0.0,1.005,False,True
F01145,2020-K,0.0,0.951,False,True
F01146,2020-K,0.57,1.003,False,False
F01147,2020-K,0.701,0.954,False,False
F01148,2020-K,0.498,1.037,False,False
F01149,2020-K,0.511,0.979,False,False
F01150,2020-K,0.671,1.023,False,False
F01151,2020-K,0.824,1.007,False,False
F01152,2020-K,0.683,0.937,False,False
F01153,2020-K,0.74,1.058,False,False
F01154,2020-K,0.0,0.954,False,True
F01155,2020-K,0.499,0.96,False,False
F01156,2020-K,0.0,0.926,False,True
F01157,2020-K,0.0,1.048,False,True
F01158,2020-K,0.559,1.028,False,False
F01159,2020-K,0.0,1.005,False,True
F01160,2020-K,0.645,1.007,False,False
F01161,2020-K,0.0,0.933,False,True
F01162,2020-K,0.0,1.008,False,True
F01163,2020-K,0.706,0.921,False,False
F01164,2020-K,0.797,0.96,False,False
F01165,2020-K,0.82,0.935,False,False
F01166,2020-K,0.0,0.937,False,True
F01167,2020-K,0.0,0.941,False,True
F01168,2020-K,0.464,1.048,False,False
F01169,2020-K,0.722,0.932,False,False
F01170,2020-K,0.808,0.997,False,False
F01171,2020-K,0.74,0.924,False,False
F01172,2020-K,0.522,1.033,False,False
F01173,2020-K,0.0,0.936,False,True
F01174,2020-K,0.0,0.934,False,True
F01175,2020-K,0.171,0.981,False,True
F01176,2020-K,0.551,0.953,False,False
F01177,2020-K,0.0,0.946,False,True
F01178,2020-K,0.0,0.984,False,True
F01179,2020-K,0.738,0.961,False,False
F01180,2020-K,0.876,0.966,False,False
F01181,2020-K,0.0,1.048,False,True
F01182,2020-K,0.0,0.953,False,True
F01183,2020-K,0.82,0.956,False,False
F01184,2020-K,0.0,0.96,False,True
F01185,2020-K,0.0,0.987,False,True
F01186,2020-K,0.0,1.052,False,True
F01187,2020-K,0.0,1.033,False,True
F01188,2020-K,0.0,0.983,False,True
F01190,2020-K,0.0,1.028,False,True
F01191,2020-K,0.531,0.984,False,False
F01192,2020-K,0.0,1.022,False,True
F01193,2020-K,0.684,0.977,False,False
F01194,2020-K,0.231,1.058,False,True
F01195,2020-K,0.246,1.03,False,True
F01196,2020-K,0.0,1.003,False,True
F01197,2020-K,0.876,0.972,False,False
F01198,2020-K,0.0,0.937,False,True
F01199,2020-K,0.598,1.05,False,False
F01200,2020-K,0.452,0.977,False,False
F01201,2020-K,0.0,0.939,False,True
F01202,2020-K,0.739,1.021,False,False
F01203,2020-K,0.795,1.029,False,False
F01204,2020-K,0.653,1.052,False,False
F01205,2020-K,0.0,0.952,False,True
F01206,2020-K,0.75,0.994,False,False
F01207,2020-K,0.756,1.027,False,False
F01208,2020-K,0.0,0.969,False,True
F01209,2020-K,0.0,0.99,False,True
F01210,2020-K,0.0,0.93,False,True
F01211,2020-K,0.815,1.038,False,False
F01212,2020-K,0.0,0.994,False,True
F01213,2020-K,0.714,0.948,False,False
F01214,2020-K,0.0,0.991,False,True
F01215,2020-K,0.525,1.058,False,False
F01216,2020-K,0.795,1.039,False,False
F01217,2020-K,0.0,0.94,False,True
F01218,2020-K,0.244,0.935,False,True
F01219,2020-K,0.56,1.022,False,False
F01220,2020-K,0.0,1.0,False,True
F01221,2020-K,0.473,1.025,False,True
F01222,2020-K,0.0,1.0,False,True
F01223,2020-K,0.892,0.966,False,False
F01224,2020-K,0.543,0.978,False,False
F01225,2020-K,0.534,0.945,False,False
F01226,2020-K,0.859,0.952,False,False
F01227,2020-K,0.539,0.959,False,False
F01228,2020-K,0.479,0.924,False,False
F01229,2020-K,0.0,1.044,False,True
F01230,2020-K,0.0,0.944,False,True
F01231,2020-K,0.0,1.019,False,True
F01232,2020-K,0.0,0.989,False,True
F01233,2020-K,0.0,1.037,False,True
F01234,2020-K,0.0,0.928,False,True
F01235,2020-K,0.488,1.008,False,False
F01236,2020-K,0.768,1.003,False,False
F01237,2020-K,0.315,1.014,False,True
F01238,2020-K,0.744,0.968,False,False
F01239,2020-K,0.835,1.013,False,False
F01240,2020-K,0.0,1.014,False,True
F01241,2020-K,0.258,0.937,False,False
F01242,2020-K,0.0,1.04,False,True
F01243,2020-K,0.0,1.031,False,True
F01244,2020-K,0.0,0.957,False,True
F01245,2020-K,0.691,0.962,False,False
F01246,2020-K,0.511,0.961,False,False
F01247,2020-K,0.0,0.921,False,True
F01248,2020-K,0.493,0.971,False,False
F01249,2020-K,0.836,0.988,False,False
F01250,2020-K,0.0,0.932,False,True
F01251,2020-K,0.719,1.055,False,False
F01252,2020-K,0.0,0.991,False,True
F01253,2020-K,0.0,1.008,False,True
F01254,2020-K,0.466,0.989,False,False
F01255,2020-K,0.0,1.06,False,True
F01256,2020-K,0.0,1.045,False,True
F01257,2020-K,0.0,1.055,False,True
F01258,2020-K,0.0,1.025,False,True
F01259,2020-K,0.0,0.96,False,True
F01260,2020-K,0.0,0.983,False,True
F01261,2020-K,0.0,0.999,False,True
F01262,2020-K,0.48,0.93,False,False
F01263,2020-K,0.704,0.931,False,False
F01264,2020-K,0.694,0.924,False,False
F01265,2020-K,0.0,1.051,False,True
F01266,2020-K,0.0,0.99,False,True
F01267,2020-K,0.0,0.988,False,True
F01268,2020-K,0.0,0.99,False,True
F01269,2020-K,0.474,0.99,False,False
F01270,2020-K,0.0,0.968,False,True
F01271,2020-K,0.0,0.975,False,True
F01272,2020-K,0.0,1.013,False,True
F01273,2020-K,0.0,0.996,False,True
F01274,2020-K,0.723,0.939,False,False
F01275,2020-K,0.533,0.973,False,False
F01276,2020-K,0.749,0.931,False,False
F01277,2020-K,0.0,1.001,False,True
F01278,2020-K,0.0,0.944,False,True
F01279,2020-K,0.0,0.96,False,True
F01280,2020-K,0.67,0.947,False,False
F01281,2020-K,0.0,0.979,False,True
F01282,2020-K,0.821,1.029,False,False
F01283,2020-K,0.5,0.99,False,False
F01284,2020-K,0.0,0.935,False,True
F01285,2020-K,0.521,1.031,False,False
F01286,2020-K,0.731,0.945,False,False
F01287,2020-K,0.0,1.017,False,True
F01288,2020-K,0.815,1.045,False,False
F01289,2020-K,0.0,1.049,False,True
F01290,2020-K,0.0,1.03,False,True
F01291,2020-K,0.0,0.981,False,True
F01292,2020-K,0.86,1.031,False,False
F01293,2020-K,0.481,1.045,False,False
F01295,2020-K,0.272,0.988,False,True
F01296,2020-K,0.689,1.053,False,False
F01297,2020-K,0.594,0.989,False,False
F01298,2020-K,0.0,1.015,False,True
F01299,2020-K,0.257,0.982,False,True
F01300,2020-K,0.0,1.014,False,True
F01301,2020-K,0.897,0.963,False,False
F01302,2020-K,0.736,1.043,False,False
F01303,2020-K,0.588,0.929,False,False
F01304,2020-K,0.0,0.993,False,True
F01306,2020-K,0.0,1.047,False,True
F01307,2020-K,0.882,0.983,False,False
F01308,2020-K,0.853,0.96,False,False
F01309,2020-K,0.672,0.936,False,True
F01310,2020-K,0.545,1.057,False,False
F01311,2020-K,0.564,1.04,False,False
F01312,2020-K,0.847,0.961,False,False
F01313,2020-K,0.474,1.017,False,True
F01314,2020-K,0.0,1.026,False,True
F01315,2020-K,0.0,0.997,False,True
F01316,2020-K,0.184,0.935,False,True
F01317,2020-K,0.635,1.032,False,False
F01318,2020-K,0.0,1.018,False,True
F01319,2020-K,0.85,1.027,False,False
F01320,2020-K,0.489,0.973,False,False
F01321,2020-K,0.344,0.989,False,True
F01322,2020-K,0.634,1.053,False,False
F01323,2020-K,0.0,1.057,False,True
F01324,2020-K,0.547,1.018,False,False
F01325,2020-K,0.676,0.998,False,False
F01326,2020-K,0.0,0.979,False,True
F01329,2020-K,0.817,0.974,False,False
F01330,2020-K,0.465,1.013,False,False
F01331,2020-K,0.869,0.96,False,False
F01332,2020-K,0.0,0.983,False,True
F01333,2020-K,0.459,0.972,False,False
F01334,2020-K,0.0,0.941,False,True
F01336,2020-K,0.0,0.921,False,True
F01337,2020-K,0.315,0.926,False,True
F01338,2020-K,0.851,1.053,False,False
F01339,2020-K,0.452,0.983,False,False
F01340,2020-K,0.591,1.04,False,False
F01341,2020-K,0.0,1.013,False,True
F01342,2020-K,0.732,1.021,False,False
F01343,2020-K,0.668,0.964,False,False
F01344,2020-K,0.0,1.002,False,True
F01345,2020-K,0.79,0.987,False,False
F01347,2020-K,0.588,0.981,False,False
F01348,2020-K,0.506,0.926,False,False
F01349,2020-K,0.0,0.937,False,True
F01350,2020-K,0.739,0.975,False,False
F01351,2020-K,0.337,0.934,False,True
F01352,2020-K,0.795,1.001,False,False
F01353,2020-K,0.274,0.997,False,True
F01354,2020-K,0.489,1.047,False,True
F01355,2020-K,0.598,0.994,False,False
F01356,2020-K,0.666,1.036,False,False
F01357,2020-K,0.0,1.022,False,True
F01358,2020-K,0.0,1.007,False,True
F01359,2020-K,0.0,1.013,False,True
F01360,2020-K,0.761,0.988,False,False
F01361,2020-K,0.0,0.965,False,True
F01362,2020-K,0.874,0.923,False,False
F01363,2020-K,0.0,0.991,False,True
F01364,2020-K,0.823,0.947,False,False
F01365,2020-K,0.735,1.007,False,False
F01366,2020-K,0.453,0.974,False,False
F01367,2020-K,0.0,0.983,False,True
F01368,2020-K,0.0,0.923,False,True
F01369,2020-K,0.809,1.04,False,False
F01370,2020-K,0.899,0.951,False,False
F01371,2020-K,0.0,1.001,False,True
F01372,2020-K,0.0,0.938,False,True
F01373,2020-K,0.0,0.985,False,True
F01374,2020-K,0.478,1.028,False,False
F01375,2020-K,0.0,0.959,False,True
F01376,2020-K,0.568,0.977,False,False
F01377,2020-K,0.219,1.0,False,True
F01378,2020-K,0.834,1.012,False,False
F01379,2020-K,0.849,1.012,False,False
F01380,2020-K,0.698,0.959,False,False
F01381,2020-K,0.0,0.938,False,True
F01382,2020-K,0.927,0.931,False,False
F01383,2020-K,0.0,0.943,False,True
F01384,2020-K,0.801,1.048,False,False
F01385,2020-K,0.515,0.985,False,False
F01386,2020-K,0.796,0.921,False,False
F01387,2020-K,0.0,0.973,False,True
F01388,2020-K,0.0,0.937,False,True
F01389,2020-K,0.0,0.988,False,True
F01390,2020-K,0.528,1.011,False,False
F01391,2020-K,0.838,0.945,False,False
F01392,2020-K,0.332,0.978,False,True
F01393,2020-K,0.502,0.95,False,False
F01394,2020-K,0.661,1.006,False,False
F01395,2020-K,0.929,1.008,False,False
F01396,2020-K,0.919,0.926,False,False
F01397,2020-K,0.0,0.965,False,True
F01398,2020-K,0.789,0.966,False,False
F01400,2020-K,0.728,0.927,False,False
F01401,2020-K,0.804,1.026,False,False
F01402,2020-K,0.0,0.986,False,True
F01403,2020-K,0.692,0.951,False,False
F01404,2020-K,0.672,1.03,False,False
F01405,2020-K,0.189,0.955,False,True
F01406,2020-K,0.0,1.041,False,True
F01407,2020-K,0.0,0.959,False,True
F01408,2020-K,0.588,0.929,False,False
F01409,2020-K,0.572,0.972,False,False
F01410,2020-K,0.0,0.956,False,True
F01411,2020-K,0.0,1.052,False,True
F01412,2020-K,0.745,1.032,False,False
F01413,2020-K,0.0,1.007,False,True
F01414,2020-K,0.534,1.035,False,False
F01415,2020-K,0.0,0.993,False,True
F01416,2020-K,0.0,0.937,False,True
F01417,2020-K,0.596,1.016,False,False
F01418,2020-K,0.0,1.005,False,True
F01419,2020-K,0.668,1.046,False,False
F01420,2020-K,0.582,1.015,False,False
F01421,2020-K,0.0,0.93,False,True
F01422,2020-K,0.0,1.014,False,True
F01423,2020-K,0.0,0.965,False,True
F01424,2020-K,0.678,0.982,False,False
F01425,2020-K,0.665,1.056,False,False
F01426,2020-K,0.0,0.981,False,True
F01427,2020-K,0.0,1.013,False,True
F01428,2020-K,0.74,0.965,False,False
F01429,2020-K,0.0,1.037,False,True
F01430,2020-K,0.686,1.028,False,False
F01431,2020-K,0.693,0.937,False,False
F01432,2020-K,0.643,0.951,False,False
F01433,2020-K,0.53,0.941,False,False
F01434,2020-K,0.0,0.995,False,True
F01435,2020-K,0.0,1.048,False,True
F01436,2020-K,0.0,1.011,False,True
F01437,2020-K,0.0,1.038,False,True
F01438,2020-K,0.0,1.003,False,True
F01439,2020-K,0.0,1.026,False,True
F01440,2020-K,0.0,0.983,False,True
F01441,2020-K,0.74,1.008,False,False
F01442,2020-K,0.0,0.971,False,True
F01443,2020-K,0.0,1.039,False,True
F01444,2020-K,0.0,0.923,False,True
F01445,2020-K,0.0,1.053,False,True
F01446,2020-K,0.0,1.057,False,True
F01447,2020-K,0.743,0.976,False,False
F01448,2020-K,0.589,0.922,False,False
F01449,2020-K,0.0,1.041,False,True
F01450,2020-K,0.793,0.936,False,False
F01451,2020-K,0.464,0.958,False,False
F01452,2020-K,0.0,0.994,False,True
F01453,2020-K,0.749,0.964,False,False
F01454,2020-K,0.0,0.979,False,True
F01455,2020-K,0.0,0.949,False,True
F01456,2020-K,0.0,0.922,False,True
F01457,2020-K,0.73,0.973,False,False
F01458,2020-K,0.0,0.983,False,True
F01459,2020-K,0.0,0.97,False,True
F01460,2020-K,0.0,0.965,False,True
F01461,2020-K,0.0,1.024,False,True
F01462,2020-K,0.0,1.01,False,True
F01463,2020-K,0.0,0.952,False,True
F01464,2020-K,0.571,1.06,False,False
F01465,2020-K,0.569,1.044,False,False
F01466,2020-K,0.0,0.932,False,True
F01467,2020-K,0.596,1.033,False,False
F01468,2020-K,0.503,0.921,False,False
F01469,2020-K,0.0,0.925,False,True
F01470,2020-K,0.454,0.964,False,False
F01471,2020-K,0.0,0.971,False,True
F01472,2020-K,0.308,1.04,False,True
F01473,2020-K,0.0,1.043,False,True
F01474,2020-K,0.0,0.98,False,True
F01475,2020-K,0.0,1.02,False,True
F01476,2020-K,0.661,0.998,False,False
F01477,2020-K,0.0,0.936,False,True
F01478,2020-K,0.0,1.023,False,True
F01479,2020-K,0.506,0.979,False,False
F01480,2020-K,0.0,1.021,False,True
F01481,2020-K,0.656,0.984,False,False
F01482,2020-K,0.0,1.015,False,True
F01483,2020-K,0.0,0.931,False,True
F01484,2020-K,0.527,1.02,False,False
F01485,2020-K,0.548,1.036,False,True
F01486,2020-K,0.0,0.999,False,True
F01487,2020-K,0.0,0.988,False,True
F01488,2020-K,0.0,0.987,False,True
F01489,2020-K,0.593,0.994,False,False
F01490,2020-K,0.73,0.957,False,False
F01491,2020-K,0.0,1.006,False,True
F01492,2020-K,0.777,1.028,False,False
F01493,2020-K,0.0,0.947,False,True
F01494,2020-K,0.0,0.986,False,True
F01495,2020-K,0.646,0.979,False,False
F01496,2020-K,0.0,1.032,False,True
F01498,2020-K,0.696,1.008,False,False
F01499,2020-K,0.776,1.055,False,False
F01501,2020-K,0.461,0.981,False,False
F01502,2020-K,0.598,0.98,False,False
F01503,2020-K,0.0,0.995,False,True
F01504,2020-K,0.0,1.042,False,True
F01505,2020-K,0.468,0.987,False,False
F01506,2020-K,0.0,0.942,False,True
F01507,2020-K,0.0,1.034,False,True
F01508,2020-K,0.0,1.051,False,True
F01509,2020-K,0.743,0.94,False,False
F01510,2020-K,0.572,1.05,False,False
F01511,2020-K,0.663,1.051,False,False
F01512,2020-K,0.0,0.997,False,True
F01513,2020-K,0.688,1.023,False,False
F01514,2020-K,0.503,1.04,False,False
F01515,2020-K,0.0,1.016,False,True
F01516,2020-K,0.0,1.041,False,True
F01517,2020-K,0.0,1.044,False,True
F01518,2020-K,0.595,0.994,False,False
F01519,2020-K,0.0,1.044,False,True
F01520,2020-K,0.291,1.04,False,False
F01521,2020-K,0.0,0.969,False,True
F01522,2020-K,0.459,1.052,False,False
F01523,2020-K,0.0,1.049,False,True
F01524,2020-K,0.0,1.007,False,True
F01525,2020-K,0.0,0.979,False,True
F01526,2020-K,0.476,0.973,False,False
F01527,2020-K,0.534,0.921,False,False
F01528,2020-K,0.489,1.001,False,False
F01529,2020-K,0.0,0.926,False,True
F01530,2020-K,0.559,0.931,False,False
F01531,2020-K,0.0,0.932,False,True
F01532,2020-K,0.0,1.042,False,True
F01533,2020-K,0.0,1.018,False,True
F01534,2020-K,0.0,1.049,False,True
F01535,2020-K,0.49,0.926,False,False
F01536,2020-K,0.0,1.032,False,True
F01537,2020-K,0.669,0.947,False,False
F01538,2020-K,0.669,1.023,False,False
F01539,2020-K,0.0,0.949,False,True
F01540,2020-K,0.144,0.965,False,True
F01541,2020-K,0.0,0.985,False,True
F01542,2020-K,0.539,0.993,False,False
F01543,2020-K,0.646,1.001,False,False
F01544,2020-K,0.776,1.033,False,False
F01545,2020-K,0.759,1.04,False,False
F01546,2020-K,0.693,1.036,False,False
F01547,2020-K,0.495,0.989,False,False
F01548,2020-K,0.804,0.981,False,False
F01549,2020-K,0.0,1.027,False,True
F01550,2020-K,0.639,0.925,False,False
F01551,2020-K,0.0,0.998,False,True
F01552,2020-K,0.491,1.039,False,False
F01553,2020-K,0.65,0.997,False,False
F01554,2020-K,0.0,1.035,False,True
F01555,2020-K,0.0,0.973,False,True
F01556,2020-K,0.462,0.939,False,False
F01557,2020-K,0.0,1.02,False,True
F01558,2020-K,0.886,1.036,False,False
F01559,2020-K,0.0,0.925,False,True
F01560,2020-K,0.711,0.974,False,False
F01561,2020-K,0.67,0.983,False,False
F01562,2020-K,0.0,1.041,False,True
F01563,2020-K,0.639,1.053,False,False
F01564,2020-K,0.906,0.934,False,False
F01565,2020-K,0.0,1.002,False,True
F01566,2020-K,0.0,0.972,False,True
F01568,2020-K,0.834,0.974,False,False
F01569,2020-K,0.882,0.925,False,False
F01570,2020-K,0.0,1.03,False,True
F01571,2020-K,0.0,1.008,False,True
F01572,2020-K,0.0,1.06,False,True
F01573,2020-K,0.0,0.956,False,True
F01574,2020-K,0.0,0.934,False,True
F01575,2020-K,0.574,0.966,False,False
F01576,2020-K,0.726,0.985,False,False
F01577,2020-K,0.464,1.003,False,False
F01578,2020-K,0.0,0.985,False,True
F01579,2020-K,0.0,1.058,False,True
F01580,2020-K,0.847,1.012,False,False
F01581,2020-K,0.776,0.983,False,False
F01582,2020-K,0.784,1.044,False,False
F01583,2020-K,0.0,0.994,False,True
F01584,2020-K,0.0,0.969,False,True
F01585,2020-K,0.0,1.043,False,True
F01586,2020-K,0.731,1.046,False,False
F01587,2020-K,0.661,0.933,False,False
F01588,2020-K,0.873,0.935,False,False
F01589,2020-K,0.521,1.0,False,False
F01590,2020-K,0.461,1.012,False,False
F01591,2020-K,0.661,0.972,False,False
F01592,2020-K,0.0,0.994,False,True
F01593,2020-K,0.82,0.934,False,False
F01594,2020-K,0.541,0.987,False,True
F01595,2020-K,0.545,1.008,False,False
F01596,2020-K,0.238,0.983,False,True
F01597,2020-K,0.0,1.027,False,True
F01598,2020-K,0.0,0.945,False,True
F01599,2020-K,0.717,0.99,False,False
F01600,2020-K,0.0,1.005,False,True
F01601,2020-K,0.0,1.053,False,True
F01602,2020-K,0.0,1.045,False,True
F01603,2020-K,0.556,0.997,False,False
F01604,2020-K,0.751,1.03,False,False
F01605,2020-K,0.0,0.957,False,True
F01606,2020-K,0.749,0.972,False,False
F01607,2020-K,0.759,0.952,False,False
F01608,2020-K,0.0,0.93,False,True
F01609,2020-K,0.0,1.013,False,True
F01610,2020-K,0.789,0.941,False,False
F01611,2020-K,0.0,1.016,False,True
F01612,2020-K,0.736,0.972,False,False
F01613,2020-K,0.0,0.961,False,True
F01614,2020-K,0.0,0.997,False,True
F01615,2020-K,0.532,1.007,False,False
F01616,2020-K,0.0,0.923,False,True
F01617,2020-K,0.834,1.034,False,True
F01618,2020-K,0.0,0.947,False,True
F01619,2020-K,0.215,0.989,False,True
F01620,2020-K,0.482,0.926,False,False
F01621,2020-K,0.0,0.964,False,True
F01622,2020-K,0.0,0.965,False,True
F01623,2020-K,0.0,0.975,False,True
F01624,2020-K,0.675,0.983,False,False
F01625,2020-K,0.458,1.038,False,True
F01626,2020-K,0.0,0.959,False,True
F01627,2020-K,0.0,0.955,False,True
F01628,2020-K,0.0,1.059,False,True
F01629,2020-K,0.0,1.034,False,True
F01630,2020-K,0.681,1.011,False,False
F01631,2020-K,0.0,1.019,False,True
F01632,2020-K,0.0,0.936,False,True
F01633,2020-K,0.533,0.932,False,False
F01634,2020-K,0.0,0.973,False,True
F01635,2020-K,0.0,1.033,False,True
F01636,2020-K,0.646,1.031,False,False
F01637,2020-K,0.637,1.052,False,False
F01638,2020-K,0.652,1.055,False,False
F01639,2020-K,0.0,0.94,False,True
F01640,2020-K,0.581,0.956,False,False
F01641,2020-K,0.156,0.945,False,True
F01642,2020-K,0.703,0.99,False,False
F01643,2020-K,0.593,1.002,False,False
F01644,2020-K,0.787,0.995,False,False
F01645,2020-K,0.754,0.966,False,False
F01646,2020-K,0.0,0.957,False,True
F01647,2020-K,0.253,1.051,False,True
F01648,2020-K,0.0,1.01,False,True
F01649,2020-K,0.644,1.033,False,False
F01650,2020-K,0.478,1.011,False,False
F01651,2020-K,0.0,0.991,False,True
F01652,2020-K,0.0,0.953,False,True
F01653,2020-K,0.545,0.973,False,False
F01654,2020-K,0.562,1.041,False,False
F01655,2020-K,0.0,0.939,False,True
F01656,2020-K,0.201,1.005,False,True
F01657,2020-K,0.0,1.005,False,True
F01658,2020-K,0.727,0.981,False,False
F01659,2020-K,0.472,1.059,False,False
F01660,2020-K,0.768,1.017,False,False
F01661,2020-K,0.0,0.999,False,True
F01662,2020-K,0.548,0.924,False,False
F01663,2020-K,0.0,1.024,False,True
F01664,2020-K,0.793,1.042,False,False
F01665,2020-K,0.0,0.953,False,True
F01666,2020-K,0.581,0.989,False,False
F01667,2020-K,0.0,1.046,False,True
F01668,2020-K,0.0,1.03,False,True
F01669,2020-K,0.499,0.978,False,True
F01670,2020-K,0.749,0.977,False,False
F01671,2020-K,0.589,0.953,False,False
F01672,2020-K,0.0,1.039,False,True
F01673,2020-K,0.0,0.985,False,True
F01674,2020-K,0.0,1.018,False,True
F01675,2020-K,0.704,0.977,False,False
F01676,2020-K,0.0,0.923,False,True
F01677,2020-K,0.307,1.008,False,True
F01678,2020-K,0.0,0.998,False,True
F01679,2020-K,0.274,1.025,False,True
F01680,2020-K,0.497,0.93,False,False
F01681,2020-K,0.0,1.047,False,True
F01682,2020-K,0.0,0.971,False,True
F01683,2020-K,0.0,0.998,False,True
F01684,2020-K,0.0,1.033,False,True
F01685,2020-K,0.0,1.028,False,True
F01686,2020-K,0.0,0.924,False,True
F01687,2020-K,0.827,1.053,False,False
F01688,2020-K,0.0,0.986,False,True
F01689,2020-K,0.0,1.011,False,True
F01690,2020-K,0.0,1.024,False,True
F01691,2020-K,0.0,1.02,False,True
F01692,2020-K,0.504,0.936,False,False
F01693,2020-K,0.471,1.059,False,False
F01694,2020-K,0.699,1.037,False,False
F01695,2020-K,0.488,0.994,False,False
F01696,2020-K,0.807,0.948,False,False
F01697,2020-K,0.0,0.978,False,True
F01698,2020-K,0.0,1.015,False,True
F01699,2020-K,0.171,0.961,False,True
F01700,2020-K,0.0,0.995,False,True
F01701,2020-K,0.0,0.968,False,True
F01702,2020-K,0.779,1.023,False,False
F01703,2020-K,0.558,0.931,False,False
F01704,2020-K,0.0,1.006,False,True
F01705,2020-K,0.0,1.058,False,True
F01706,2020-K,0.858,0.924,False,False
F01707,2020-K,0.852,0.953,False,False
F01708,2020-K,0.0,0.976,False,True
F01709,2020-K,0.837,1.042,False,False
F01710,2020-K,0.0,1.06,False,True
F01711,2020-K,0.0,1.037,False,True
F01712,2020-K,0.0,0.978,False,True
F01713,2020-K,0.0,0.973,False,True
F01714,2020-K,0.712,1.009,False,False
F01715,2020-K,0.0,0.962,False,True
F01716,2020-K,0.0,0.946,False,True
F01717,2020-K,0.214,1.049,False,True
F01718,2020-K,0.719,0.979,False,False
F01719,2020-K,0.513,0.999,False,False
F01720,2020-K,0.579,0.927,False,False
F01721,2020-K,0.0,0.946,False,True
F01722,2020-K,0.665,1.0,False,False
F01723,2020-K,0.462,1.033,False,True
F01724,2020-K,0.735,0.99,False,False
F01725,2020-K,0.534,1.028,False,False
F01726,2020-K,0.0,0.995,False,True
F01727,2020-K,0.0,1.058,False,True
F01728,2020-K,0.0,0.972,False,True
F01729,2020-K,0.763,1.046,False,False
F01730,2020-K,0.689,1.032,False,False
F01731,2020-K,0.0,1.009,False,True
F01732,2020-K,0.723,1.013,False,False
F01733,2020-K,0.0,1.033,False,True
F01734,2020-K,0.0,0.951,False,True
F01735,2020-K,0.0,1.047,False,True
F01736,2020-K,0.0,0.96,False,True
F01737,2020-K,0.0,0.949,False,True
F01738,2020-K,0.0,0.961,False,True
F01739,2020-K,0.0,0.962,False,True
F01740,2020-K,0.78,1.01,False,False
F01741,2020-K,0.696,0.998,False,False
F01742,2020-K,0.761,1.012,False,False
F01743,2020-K,0.476,1.042,False,False
F01744,2020-K,0.0,1.025,False,True
F01745,2020-K,0.0,1.022,False,True
F01746,2020-K,0.342,0.989,False,True
F01747,2020-K,0.713,0.999,False,False
F01748,2020-K,0.0,0.997,False,True
F01749,2020-K,0.0,1.03,False,True
F01750,2020-K,0.554,1.005,False,False
F01751,2020-K,0.0,0.933,False,True
F01752,2020-K,0.68,0.952,False,False
F01753,2020-K,0.69,0.939,False,False
F01754,2020-K,0.0,0.986,False,True
F01755,2020-K,0.655,0.94,False,False
F01756,2020-K,0.0,1.045,False,True
F01757,2020-K,0.813,1.058,False,False
F01758,2020-K,0.0,1.039,False,True
F01759,2020-K,0.778,0.923,False,False
F01760,2020-K,0.529,0.981,False,False
F01761,2020-K,0.0,1.046,False,True
F01763,2020-K,0.0,0.99,False,True
F01764,2020-K,0.595,1.031,False,False
F01765,2020-K,0.723,1.015,False,False
F01766,2020-K,0.184,0.94,False,True
F01767,2020-K,0.0,0.947,False,True
F01769,2020-K,0.0,0.937,False,True
F01770,2020-K,0.544,0.963,False,False
F01771,2020-K,0.0,0.977,False,True
F01772,2020-K,0.542,1.024,False,False
F01773,2020-K,0.0,1.055,False,True
F01774,2020-K,0.695,1.039,False,False
F01775,2020-K,0.189,1.031,False,True
F01776,2020-K,0.0,1.038,False,True
F01777,2020-K,0.485,0.924,False,True
F01779,2020-K,0.843,0.939,False,False
F01780,2020-K,0.672,1.008,False,False
F01781,2020-K,0.667,0.977,False,False
F01782,2020-K,0.505,1.008,False,False
F01783,2020-K,0.679,0.967,False,False
F01784,2020-K,0.768,1.004,False,False
F01785,2020-K,0.745,0.927,False,False
F01786,2020-K,0.737,1.044,False,False
F01787,2020-K,0.654,0.935,False,False
F01788,2020-K,0.809,1.058,False,False
F01789,2020-K,0.206,0.99,False,True
F01790,2020-K,0.0,0.967,False,True
F01791,2020-K,0.785,0.958,False,False
F01792,2020-K,0.481,0.959,False,False
F01793,2020-K,0.0,1.058,False,True
F01794,2020-K,0.584,1.037,False,False
F01795,2020-K,0.0,1.042,False,True
F01796,2020-K,0.0,0.944,False,True
F01797,2020-K,0.0,1.054,False,True
F01798,2020-K,0.58,1.041,False,False
F01800,2020-K,0.507,1.032,False,False
F01801,2020-K,0.457,0.925,False,False
F01802,2020-K,0.0,1.059,False,True
F01803,2020-K,0.69,1.047,False,False
F01804,2020-K,0.0,1.038,False,True
F01805,2020-K,0.815,1.007,False,False
F01806,2020-K,0.804,0.933,False,False
F01807,2020-K,0.0,0.958,False,True
F01808,2020-K,0.732,1.055,False,False
F01809,2020-K,0.652,0.94,False,False
F01810,2020-K,0.0,0.927,False,True
F01812,2020-K,0.297,0.99,False,True
F01813,2020-K,0.0,0.969,False,True
F01814,2020-K,0.0,1.02,False,True
F01815,2020-K,0.635,0.949,False,False
F01816,2020-K,0.0,1.052,False,True
F01817,2020-K,0.718,1.0,False,False
F01818,2020-K,0.686,0.958,False,False
F01819,2020-K,0.204,1.056,False,True
F01820,2020-K,0.261,1.001,False,True
F01821,2020-K,0.0,0.948,False,True
F01822,2020-K,0.0,0.932,False,True
F01823,2020-K,0.852,0.962,False,False
F01824,2020-K,0.534,1.056,False,False
F01825,2020-K,0.873,0.948,False,False
F01826,2020-K,0.0,1.004,False,True
F01827,2020-K,0.787,0.998,False,False
F01828,2020-K,0.0,1.037,False,True
F01829,2020-K,0.288,1.001,False,False
F01830,2020-K,0.0,1.023,False,True
F01831,2020-K,0.661,0.943,False,False
F01832,2020-K,0.0,0.95,False,True
F01833,2020-K,0.794,1.006,False,False
F01834,2020-K,0.0,0.999,False,True
F01835,2020-K,0.0,1.022,False,True
F01837,2020-K,0.484,1.023,False,False
F01838,2020-K,0.709,1.014,False,False
F01839,2020-K,0.727,1.007,False,False
F01840,2020-K,0.0,0.969,False,True
F01841,2020-K,0.494,0.985,False,False
F01842,2020-K,0.706,0.96,False,False
F01843,2020-K,0.512,1.02,False,False
F01844,2020-K,0.815,0.992,False,False
F01845,2020-K,0.7,0.963,False,False
F01846,2020-K,0.528,0.995,False,False
F01847,2020-K,0.0,0.971,False,True
F01848,2020-K,0.773,1.053,False,False
F01849,2020-K,0.675,1.0,False,False
F01850,2020-K,0.0,0.959,False,True
F01851,2020-K,0.663,1.052,False,False
F01852,2020-K,0.782,1.029,False,False
F01853,2020-K,0.0,0.97,False,True
F01854,2020-K,0.0,0.921,False,True
F01855,2020-K,0.0,0.976,False,True
F01856,2020-K,0.0,0.964,False,True
F01857,2020-K,0.0,0.972,False,True
F01858,2020-K,0.475,1.041,False,False
F01859,2020-K,0.788,0.925,False,False
F01860,2020-K,0.0,0.973,False,True
F01861,2020-K,0.705,0.955,False,False
F01862,2020-K,0.0,1.015,False,True
F01863,2020-K,0.551,0.975,False,False
F01864,2020-K,0.0,1.032,False,True
F01865,2020-K,0.496,0.942,False,False
F01866,2020-K,0.71,0.928,False,False
F01867,2020-K,0.651,0.95,False,False
F01868,2020-K,0.0,0.941,False,True
F01869,2020-K,0.922,0.972,False,False
F01870,2020-K,0.307,1.012,False,True
F01871,2020-K,0.0,0.971,False,True
F01872,2020-K,0.893,1.027,False,False
F01873,2020-K,0.462,1.024,False,False
F01874,2020-K,0.691,0.983,False,True
F01875,2020-K,0.807,1.054,False,False
F01876,2020-K,0.856,0.924,False,False
F01877,2020-K,0.0,1.056,False,True
F01878,2020-K,0.669,1.022,False,False
F01879,2020-K,0.0,1.023,False,True
F01880,2020-K,0.772,0.999,False,False
F01881,2020-K,0.779,0.994,False,False
F01882,2020-K,0.827,0.986,False,False
F01883,2020-K,0.0,0.989,False,True
F01884,2020-K,0.0,1.0,False,True
F01885,2020-K,0.654,1.016,False,False
F01886,2020-K,0.79,0.991,False,False
F01887,2020-K,0.0,0.997,False,True
F01888,2020-K,0.0,0.927,False,True
F01889,2020-K,0.693,0.936,False,False
F01890,2020-K,0.559,0.963,False,False
F01891,2020-K,0.547,1.021,False,False
F01892,2020-K,0.0,1.01,False,True
F01893,2020-K,0.589,1.015,False,False
F01894,2020-K,0.0,1.037,False,True
F01895,2020-K,0.0,1.006,False,True
F01896,2020-K,0.0,1.048,False,True
F01897,2020-K,0.0,1.027,False,True
F01898,2020-K,0.0,1.032,False,True
F01899,2020-K,0.707,1.059,False,False
F01900,2020-K,0.234,0.991,False,True
F01901,2020-K,0.544,1.052,False,False
F01902,2020-K,0.284,1.003,False,True
F01903,2020-K,0.766,1.052,False,False
F01904,2020-K,0.576,1.024,False,False
F01905,2020-K,0.507,1.02,False,False
F01906,2020-K,0.0,1.003,False,True
F01907,2020-K,0.769,0.96,False,False
F01908,2020-K,0.573,0.934,False,False
F01909,2020-K,0.487,1.041,False,False
F01910,2020-K,0.545,0.986,False,False
F01911,2020-K,0.0,1.051,False,True
F01912,2020-K,0.523,1.047,False,False
F01913,2020-K,0.475,0.962,False,False
F01914,2020-K,0.567,1.034,False,False
F01915,2020-K,0.836,0.969,False,False
F01916,2020-K,0.705,1.024,False,False
F01917,2020-K,0.673,0.969,False,False
F01918,2020-K,0.732,1.036,False,False
F01919,2020-K,0.0,0.951,False,True
F01920,2020-K,0.594,0.932,False,False
F01921,2020-K,0.656,0.967,False,False
F01922,2020-K,0.802,1.036,False,False
F01923,2020-K,0.0,1.04,False,True
F01924,2020-K,0.734,0.955,False,False
F01925,2020-K,0.588,0.937,False,False
F01926,2020-K,0.87,1.025,False,False
F01927,2020-K,0.874,1.002,False,False
F01928,2020-K,0.796,1.024,False,False
F01929,2020-K,0.564,0.933,False,False
F01930,2020-K,0.0,0.922,False,True
F01931,2020-K,0.658,0.922,False,False
F01932,2020-K,0.464,1.012,False,True
F01933,2020-K,0.48,0.946,False,False
F01934,2020-K,0.491,1.035,False,False
F01935,2020-K,0.272,1.011,False,True
F01936,2020-K,0.0,0.943,False,True
F01937,2020-K,0.767,1.038,False,False
F01938,2020-K,0.0,1.006,False,True
F01939,2020-K,0.553,0.99,False,False
F01940,2020-K,0.838,0.999,False,False
F01941,2020-K,0.0,0.921,False,True
F01942,2020-K,0.0,1.04,False,True
F01943,2020-K,0.0,0.931,False,True
F01944,2020-K,0.0,1.006,False,True
F01945,2020-K,0.0,0.94,False,True
F01946,2020-K,0.0,0.998,False,True
F01947,2020-K,0.0,0.957,False,True
F01948,2020-K,0.594,0.929,False,False
F01949,2020-K,0.53,0.967,False,False
F01950,2020-K,0.0,0.934,False,True
F01951,2020-K,0.729,0.958,False,False
F01952,2020-K,0.478,1.053,False,False
F01953,2020-K,0.0,1.045,False,True
F01954,2020-K,0.211,0.991,False,True
F01955,2020-K,0.0,1.002,False,True
F01956,2020-K,0.0,0.94,False,True
F01957,2020-K,0.529,0.921,False,False
F01958,2020-K,0.516,1.049,False,False
F01959,2020-K,0.691,0.967,False,False
F01960,2020-K,0.0,1.046,False,True
F01961,2020-K,0.0,0.972,False,True
F01962,2020-K,0.0,0.993,False,True
F01963,2020-K,0.834,0.991,False,False
F01964,2020-K,0.832,0.993,False,False
F01965,2020-K,0.0,0.978,False,True
F01966,2020-K,0.55,0.996,False,False
F01967,2020-K,0.0,1.008,False,True
F01968,2020-K,0.745,1.035,False,False
F01969,2020-K,0.579,1.007,False,False
F01970,2020-K,0.536,1.009,False,False
F01971,2020-K,0.0,0.933,False,True
F01972,2020-K,0.465,1.013,False,True
F01973,2020-K,0.705,1.054,False,False
F01974,2020-K,0.519,0.951,False,False
F01975,2020-K,0.0,0.988,False,True
F01976,2020-K,0.472,0.985,False,False
F01977,2020-K,0.0,0.934,False,True
F01978,2020-K,0.696,1.048,False,False
F01979,2020-K,0.709,0.946,False,False
F01980,2020-K,0.0,0.939,False,True
F01981,2020-K,0.0,0.964,False,True
F01982,2020-K,0.595,0.944,False,False
F01983,2020-K,0.465,0.983,False,False
F01984,2020-K,0.0,0.953,False,True
F01985,2020-K,0.0,0.984,False,True
F01986,2020-K,0.722,0.922,False,False
F01987,2020-K,0.0,0.981,False,True
F01988,2020-K,0.0,0.997,False,True
F01989,2020-K,0.887,1.041,False,False
F01990,2020-K,0.5,1.025,False,False
F01991,2020-K,0.537,0.92,False,False
F01992,2020-K,0.0,1.02,False,True
F01993,2020-K,0.2,1.013,False,True
F01994,2020-K,0.646,1.029,False,False
F01995,2020-K,0.0,1.059,False,True
F01996,2020-K,0.0,0.939,False,True
F01997,2020-K,0.28,0.942,False,True
F01998,2020-K,0.72,0.973,False,False
F01999,2020-K,0.0,0.963,False,True
F02000,2020-K,0.696,0.982,False,False
F02001,2020-K,0.0,0.92,False,True
F02002,2020-K,0.649,0.947,False,False
F02003,2020-K,0.0,1.022,False,True
F02004,2020-K,0.0,1.026,False,True
F02005,2020-K,0.0,0.968,False,True
F02006,2020-K,0.0,0.951,False,True
F02007,2020-K,0.0,0.955,False,True
F02008,2020-K,0.466,0.952,False,False
F02009,2020-K,0.0,0.984,False,True
F02010,2020-K,0.0,0.975,False,True
F02011,2020-K,0.0,0.956,False,True
F02012,2020-K,0.552,1.038,False,False
F02013,2020-K,0.733,0.983,False,False
F02014,2020-K,0.0,0.982,False,True
F02015,2020-K,0.0,1.014,False,True
F02016,2020-K,0.799,0.922,False,False
F02017,2020-K,0.0,1.029,False,True
F02018,2020-K,0.0,0.966,False,True
F02019,2020-K,0.596,1.015,False,False
F02020,2020-K,0.748,0.996,False,False
F02021,2020-K,0.798,1.058,False,False
F02022,2020-K,0.729,0.988,False,False
F02023,2020-K,0.0,0.974,False,True
F02024,2020-K,0.78,1.006,False,False
F02025,2020-K,0.0,1.034,False,True
F02026,2020-K,0.723,0.946,False,False
F02027,2020-K,0.0,1.055,False,True
F02028,2020-K,0.485,0.954,False,False
F02029,2020-K,0.475,0.94,False,False
F02030,2020-K,0.907,0.989,False,False
F02031,2020-K,0.784,0.993,False,False
F02032,2020-K,0.818,0.997,False,False
F02033,2020-K,0.633,0.989,False,False
F02034,2020-K,0.0,0.981,False,True
F02035,2020-K,0.785,0.994,False,False
F02036,2020-K,0.569,0.984,False,False
F02037,2020-K,0.0,0.976,False,True
F02038,2020-K,0.776,0.962,False,False
F02039,2020-K,0.0,1.034,False,True
F02040,2020-K,0.0,1.047,False,True
F02041,2020-K,0.651,0.925,False,False
F02042,2020-K,0.695,0.998,False,False
F02043,2020-K,0.714,0.939,False,False
F02044,2020-K,0.765,1.02,False,False
F02045,2020-K,0.0,0.998,False,True
F02046,2020-K,0.697,1.058,False,False
F02047,2020-K,0.0,0.988,False,True
F02048,2020-K,0.0,0.969,False,True
F02049,2020-K,0.648,0.987,False,False
F02050,2020-K,0.0,0.975,False,True
F02051,2020-K,0.0,0.968,False,True
F02052,2020-K,0.579,1.044,False,False
F02053,2020-K,0.646,1.032,False,False
F02054,2020-K,0.631,1.006,False,False
F02055,2020-K,0.526,0.924,False,False
F02056,2020-K,0.0,0.982,False,True
F02057,2020-K,0.576,0.971,False,False
F02058,2020-K,0.524,1.055,False,False
F02059,2020-K,0.0,1.032,False,True
F02060,2020-K,0.731,1.014,False,False
F02061,2020-K,0.859,0.964,False,False
F02062,2020-K,0.0,0.994,False,True
F02063,2020-K,0.0,0.946,False,True
F02064,2020-K,0.717,0.984,False,False
F02065,2020-K,0.892,1.024,False,False
F02066,2020-K,0.738,1.057,False,False
F02067,2020-K,0.838,1.051,False,False
F02068,2020-K,0.706,0.927,False,False
F02069,2020-K,0.718,0.992,False,False
F02070,2020-K,0.526,1.054,False,False
F02071,2020-K,0.0,0.926,False,True
F02072,2020-K,0.727,1.011,False,False
F02073,2020-K,0.592,1.044,False,False
F02074,2020-K,0.303,0.964,False,True
F02075,2020-K,0.0,0.947,False,True
F02076,2020-K,0.809,1.058,False,False
F02077,2020-K,0.0,1.041,False,True
F02078,2020-K,0.198,1.052,False,True
F02079,2020-K,0.761,0.999,False,False
F02080,2020-K,0.765,1.035,False,False
F02081,2020-K,0.681,0.936,False,False
F02082,2020-K,0.456,1.038,False,False
F02083,2020-K,0.864,1.014,False,False
F02084,2020-K,0.0,0.952,False,True
F02085,2020-K,0.562,0.95,False,False
F02086,2020-K,0.839,1.016,False,False
F02087,2020-K,0.0,0.95,False,True
F02088,2020-K,0.802,0.95,False,False
F02089,2020-K,0.0,0.939,False,True
F02090,2020-K,0.81,1.008,False,False
F02091,2020-K,0.908,0.982,False,False
F02092,2020-K,0.875,1.006,False,False
F02093,2020-K,0.721,0.931,False,False
F02094,2020-K,0.836,1.003,False,True
F02095,2020-K,0.802,1.0,False,False
F02096,2020-K,0.886,0.945,False,False
F02097,2020-K,0.841,0.922,False,False
F02098,2020-K,0.0,1.008,False,True
F02099,2020-K,0.0,1.024,False,True
F02100,2020-K,0.0,1.005,False,True
F02101,2020-K,0.0,1.053,False,True
F02102,2020-K,0.0,0.982,False,True
F02103,2020-K,0.0,0.944,False,True
F02104,2020-K,0.687,0.929,False,False
F02105,2020-K,0.528,0.994,False,False
F02106,2020-K,0.516,0.938,False,False
F02107,2020-K,0.731,1.032,False,False
F02108,2020-K,0.595,0.947,False,False
F02109,2020-K,0.0,0.978,False,True
F02110,2020-K,0.0,0.952,False,True
F02111,2020-K,0.304,1.003,False,True
F02113,2020-K,0.0,1.051,False,True
F02114,2020-K,0.0,0.941,False,True
F02115,2020-K,0.671,1.04,False,False
F02116,2020-K,0.0,1.045,False,True
F02117,2020-K,0.0,0.933,False,True
F02118,2020-K,0.711,0.982,False,False
F02119,2020-K,0.0,0.927,False,True
F02120,2020-K,0.0,1.056,False,True
F02121,2020-K,0.553,0.997,False,False
F02122,2020-K,0.0,1.047,False,True
F02123,2020-K,0.683,1.006,False,False
F02124,2020-K,0.283,0.928,False,True
F02125,2020-K,0.575,0.94,False,False
F02126,2020-K,0.0,0.921,False,True
F02127,2020-K,0.0,0.963,False,True
F02128,2020-K,0.564,1.044,False,False
F02129,2020-K,0.501,0.964,False,False
F02130,2020-K,0.0,0.966,False,True
F02131,2020-K,0.0,1.049,False,True
F02132,2020-K,0.487,1.021,False,True
F02133,2020-K,0.696,1.04,False,False
F02134,2020-K,0.588,0.999,False,False
F02135,2020-K,0.0,1.004,False,True
F02136,2020-K,0.0,1.011,False,True
F02137,2020-K,0.865,0.921,False,False
F02138,2020-K,0.514,1.048,False,False
F02139,2020-K,0.716,1.036,False,False
F02140,2020-K,0.0,1.025,False,True
F02141,2020-K,0.49,0.977,False,False
F02142,2020-K,0.0,0.921,False,True
F02143,2020-K,0.0,1.0,False,True
F02144,2020-K,0.783,0.979,False,False
F02145,2020-K,0.689,0.968,False,False
F02146,2020-K,0.898,1.02,False,False
F02147,2020-K,0.652,1.012,False,False
F02148,2020-K,0.0,0.986,False,True
F02149,2020-K,0.719,1.006,False,False
F02150,2020-K,0.0,0.928,False,True
F02151,2020-K,0.83,0.975,False,False
F02152,2020-K,0.179,1.004,False,True
F02153,2020-K,0.672,0.946,False,False
F02154,2020-K,0.72,1.046,False,False
F02155,2020-K,0.0,0.964,False,True
F02156,2020-K,0.73,1.012,False,False
F02157,2020-K,0.529,1.029,False,False
F02158,2020-K,0.814,0.968,False,False
F02159,2020-K,0.0,0.934,False,True
F02160,2020-K,0.294,1.003,False,True
F02161,2020-K,0.775,1.025,False,False
F02162,2020-K,0.652,1.025,False,False
F02163,2020-K,0.491,1.054,False,False
F02164,2020-K,0.0,0.978,False,True
F02165,2020-K,0.0,0.951,False,True
F02166,2020-K,0.219,1.036,False,True
F02167,2020-K,0.0,1.019,False,True
F02168,2020-K,0.581,0.969,False,False
F02169,2020-K,0.0,0.939,False,True
F02170,2020-K,0.0,1.03,False,True
F02172,2020-K,0.0,1.028,False,True
F02173,2020-K,0.0,0.981,False,True
F02174,2020-K,0.674,0.979,False,False
F02175,2020-K,0.0,1.012,False,True
F02176,2020-K,0.0,1.033,False,True
F02177,2020-K,0.0,0.991,False,True
F02178,2020-K,0.716,0.958,False,False
F02179,2020-K,0.593,0.998,False,False
F02180,2020-K,0.711,1.042,False,False
F02181,2020-K,0.514,0.943,False,False
F02182,2020-K,0.0,1.003,False,True
F02183,2020-K,0.0,1.013,False,True
F02184,2020-K,0.537,0.95,False,False
F02185,2020-K,0.649,0.929,False,False
F02186,2020-K,0.466,0.972,False,False
F02187,2020-K,0.222,0.978,False,True
F02188,2020-K,0.0,1.029,False,True
F02189,2020-K,0.666,1.056,False,False
F02190,2020-K,0.0,0.951,False,True
F02191,2020-K,0.566,0.928,False,False
F02192,2020-K,0.0,0.928,False,True
F02193,2020-K,0.46,0.93,False,False
F02194,2020-K,0.829,1.047,False,False
F02195,2020-K,0.84,0.929,False,False
F02196,2020-K,0.509,1.031,False,False
F02197,2020-K,0.0,0.939,False,True
F02198,2020-K,0.0,0.999,False,True
F02199,2020-K,0.0,1.014,False,True
F02200,2020-K,0.683,1.049,False,False
F02201,2020-K,0.773,1.018,False,False
F02202,2020-K,0.581,1.012,False,False
F02203,2020-K,0.0,0.998,False,True
F02204,2020-K,0.0,1.04,False,True
F02205,2020-K,0.0,0.933,False,True
F02206,2020-K,0.0,0.928,False,True
F02207,2020-K,0.831,0.945,False,False
F02208,2020-K,0.556,0.942,False,False
F02209,2020-K,0.825,0.988,False,False
F02210,2020-K,0.835,0.934,False,False
F02211,2020-K,0.656,0.923,False,False
F02212,2020-K,0.0,1.01,False,True
F02214,2020-K,0.0,1.013,False,True
F02215,2020-K,0.0,0.951,False,True
F02216,2020-K,0.0,0.924,False,True
F02217,2020-K,0.652,0.997,False,False
F02218,2020-K,0.726,1.031,False,False
F02219,2020-K,0.0,0.998,False,True
F02220,2020-K,0.498,0.987,False,False
F02221,2020-K,0.0,1.01,False,True
F02222,2020-K,0.731,0.944,False,False
F02223,2020-K,0.0,1.059,False,True
F02224,2020-K,0.0,1.032,False,True
F02225,2020-K,0.801,1.006,False,False
F02226,2020-K,0.599,0.987,False,False
F02227,2020-K,0.766,0.924,False,False
F02228,2020-K,0.577,1.0,False,False
F02229,2020-K,0.0,0.99,False,True
F02230,2020-K,0.502,0.972,False,False
F02231,2020-K,0.754,0.972,False,False
F02232,2020-K,0.0,1.03,False,True
F02233,2020-K,0.717,0.947,False,False
F02234,2020-K,0.659,0.959,False,False
F02235,2020-K,0.0,0.95,False,True
F02236,2020-K,0.0,1.018,False,True
F02237,2020-K,0.878,1.042,False,False
F02238,2020-K,0.0,1.057,False,True
F02239,2020-K,0.658,0.933,False,False
F02240,2020-K,0.0,0.935,False,True
F02241,2020-K,0.669,0.988,False,False
F02242,2020-K,0.541,1.03,False,False
F02243,2020-K,0.741,0.98,False,False
F02244,2020-K,0.84,1.054,False,False
F02245,2020-K,0.675,0.944,False,False
F02246,2020-K,0.0,1.05,False,True
F02247,2020-K,0.0,0.954,False,True
F02248,2020-K,0.762,1.028,False,False
F02249,2020-K,0.671,1.059,False,False
F02250,2020-K,0.563,0.971,False,False
F02251,2020-K,0.665,1.056,False,False
F02252,2020-K,0.713,0.948,False,False
F02253,2020-K,0.0,0.955,False,True
F02254,2020-K,0.0,0.934,False,True
F02255,2020-K,0.487,0.937,False,True
F02256,2020-K,0.326,1.06,False,True
F02257,2020-K,0.517,1.025,False,True
F02258,2020-K,0.0,0.946,False,True
F02259,2020-K,0.309,0.939,False,True
F02260,2020-K,0.628,0.999,False,False
F02261,2020-K,0.791,1.037,False,False
F02262,2020-K,0.669,0.943,False,False
F02263,2020-K,0.682,1.024,False,False
F02264,2020-K,0.0,0.958,False,True
F02265,2020-K,0.228,1.038,False,True
F02266,2020-K,0.679,0.989,False,False
F02267,2020-K,0.774,1.049,False,False
F02268,2020-K,0.0,0.927,False,True
F02269,2020-K,0.118,1.01,False,True
F02270,2020-K,0.648,1.054,False,False
F02271,2020-K,0.0,1.057,False,True
F02272,2020-K,0.519,1.001,False,False
F02273,2020-K,0.744,1.026,False,False
F02274,2020-K,0.815,0.976,False,False
F02275,2020-K,0.647,0.96,False,False
F02276,2020-K,0.0,1.02,False,True
F02277,2020-K,0.0,0.926,False,True
F02278,2020-K,0.563,0.998,False,True
F02279,2020-K,0.727,0.966,False,False
F02280,2020-K,0.66,1.005,False,False
F02281,2020-K,0.625,0.937,False,False
F02282,2020-K,0.494,0.939,False,False
F02283,2020-K,0.0,0.943,False,True
F02284,2020-K,0.577,1.012,False,False
F02285,2020-K,0.79,0.922,False,False
F02286,2020-K,0.0,0.983,False,True
F02287,2020-K,0.679,1.042,False,False
F02288,2020-K,0.0,0.924,False,True
F02289,2020-K,0.511,0.949,False,False
F02290,2020-K,0.0,1.021,False,True
F02291,2020-K,0.527,1.029,False,False
F02292,2020-K,0.796,0.988,False,False
F02293,2020-K,0.676,0.985,False,False
F02294,2020-K,0.826,1.036,False,False
F02295,2020-K,0.277,0.999,False,True
F02296,2020-K,0.815,0.935,False,False
F02297,2020-K,0.287,1.027,False,True
F02298,2020-K,0.536,0.946,False,False
F02299,2020-K,0.498,0.95,False,False
F02300,2020-K,0.694,0.964,False,False
F02301,2020-K,0.657,0.943,False,False
F02302,2020-K,0.604,1.041,False,False
F02303,2020-K,0.489,0.932,False,False
F02304,2020-K,0.68,1.046,False,False
F02305,2020-K,0.565,0.994,False,False
F02306,2020-K,0.593,0.984,False,False
F02307,2020-K,0.737,0.984,False,False
F02308,2020-K,0.685,1.021,False,False
F02309,2020-K,0.511,1.009,False,False
F02310,2020-K,0.81,0.964,False,False
F02311,2020-K,0.346,1.005,False,False
F02312,2020-K,0.246,0.967,False,False
F02313,2020-K,0.522,0.969,False,False
F02314,2020-K,0.343,0.942,False,True
F02315,2020-K,0.378,1.006,False,True
F02316,2020-K,0.632,1.055,False,False
F02317,2020-K,0.676,1.019,False,False
F02318,2020-K,0.388,0.963,False,False
F02319,2020-K,0.475,1.059,False,False
F02320,2020-K,0.588,0.99,False,False
F02321,2020-K,0.298,0.955,False,True
F02322,2020-K,0.635,0.945,False,False
F02323,2020-K,0.62,1.044,False,False
F02324,2020-K,0.445,0.996,False,False
F02325,2020-K,0.566,0.93,False,False
F02326,2020-K,0.427,0.932,False,False
F02327,2020-K,0.425,0.98,False,False
F02328,2020-K,0.476,0.964,False,False
F02329,2020-K,0.333,0.97,False,True
F02330,2020-K,0.364,0.965,False,True
F02331,2020-K,0.239,0.933,False,True
F02332,2020-K,0.705,1.059,False,False
F02333,2020-K,0.585,1.002,False,False
F02334,2020-K,0.839,0.959,False,False
F02335,2020-K,0.289,0.971,False,True
F02336,2020-K,0.599,0.996,False,False
F01001,2020-R,0.0,1.022,False,True
F01002,2020-R,0.0,0.981,False,True
F01003,2020-R,0.567,0.943,False,False
F01004,2020-R,0.494,1.036,False,False
F01005,2020-R,0.522,0.939,False,False
F01006,2020-R,0.0,0.996,False,True
F01007,2020-R,0.0,0.97,False,True
F01008,2020-R,0.692,0.988,False,False
F01009,2020-R,0.775,0.982,False,False
F01010,2020-R,0.0,0.937,False,True
F01011,2020-R,0.461,0.994,False,False
F01012,2020-R,0.0,0.972,False,True
F01013,2020-R,0.592,0.982,False,False
F01014,2020-R,0.0,1.008,False,True
F01015,2020-R,0.48,0.942,False,False
F01016,2020-R,0.0,0.944,False,True
F01017,2020-R,0.491,1.017,False,False
F01018,2020-R,0.0,0.932,False,True
F01019,2020-R,0.817,0.974,False,False
F01020,2020-R,0.488,0.996,False,False
F01021,2020-R,0.795,1.033,False,False
F01022,2020-R,0.714,1.009,False,False
F01023,2020-R,0.826,0.946,False,False
F01024,2020-R,0.0,0.983,False,True
F01025,2020-R,0.0,0.936,False,True
F01027,2020-R,0.0,1.03,False,True
F01028,2020-R,0.0,1.038,False,True
F01029,2020-R,0.57,1.031,False,False
F01030,2020-R,0.559,1.011,False,False
F01031,2020-R,0.189,1.003,False,True
F01032,2020-R,0.687,1.008,False,False
F01033,2020-R,0.0,1.031,False,True
F01034,2020-R,0.0,0.942,False,True
F01035,2020-R,0.808,0.981,False,False
F01036,2020-R,0.825,1.001,False,False
F01037,2020-R,0.771,1.031,False,False
F01038,2020-R,0.285,0.991,False,True
F01039,2020-R,0.0,0.991,False,True
F01040,2020-R,0.283,0.964,False,False
F01041,2020-R,0.0,0.981,False,True
F01042,2020-R,0.584,0.954,False,False
F01043,2020-R,0.292,1.02,False,True
F01044,2020-R,0.779,0.973,False,False
F01045,2020-R,0.475,0.973,False,True
F01046,2020-R,0.0,0.983,False,True
F01047,2020-R,0.0,1.008,False,True
F01048,2020-R,0.777,1.039,False,False
F01049,2020-R,0.0,0.961,False,True
F01050,2020-R,0.701,0.97,False,False
F01051,2020-R,0.493,0.968,False,False
F01052,2020-R,0.271,1.035,False,True
F01053,2020-R,0.212,0.989,False,True
F01054,2020-R,0.462,0.935,False,False
F01055,2020-R,0.859,0.937,False,False
F01056,2020-R,0.0,0.931,False,True
F01057,2020-R,0.691,1.018,False,False
F01058,2020-R,0.863,0.942,False,False
F01059,2020-R,0.0,0.937,False,True
F01060,2020-R,0.0,0.981,False,True
F01061,2020-R,0.0,0.955,False,True
F01062,2020-R,0.467,0.937,False,False
F01063,2020-R,0.468,1.008,False,False
F01064,2020-R,0.702,1.031,False,False
F01066,2020-R,0.717,1.008,False,False
F01067,2020-R,0.0,0.99,False,True
F01068,2020-R,0.0,0.968,False,True
F01069,2020-R,0.0,0.957,False,True
F01070,2020-R,0.486,0.966,False,False
F01071,2020-R,0.575,1.036,False,False
F01072,2020-R,0.0,1.01,False,True
F01073,2020-R,0.0,0.933,False,True
F01074,2020-R,0.502,0.972,False,False
F01075,2020-R,0.677,0.967,False,False
F01076,2020-R,0.479,1.032,False,False
F01077,2020-R,0.0,0.934,False,True
F01078,2020-R,0.331,0.939,False,True
F01079,2020-R,0.559,1.016,False,False
F01080,2020-R,0.0,0.946,False,True
F01081,2020-R,0.785,0.987,False,False
F01082,2020-R,0.704,1.019,False,False
F01083,2020-R,0.0,0.931,False,True
F01084,2020-R,0.0,0.974,False,True
F01085,2020-R,0.0,0.941,False,True
F01086,2020-R,0.0,1.016,False,True
F01087,2020-R,0.486,0.992,False,False
F01088,2020-R,0.761,0.936,False,False
F01089,2020-R,0.214,1.026,False,True
F01090,2020-R,0.649,0.933,False,False
F01091,2020-R,0.716,1.013,False,False
F01092,2020-R,0.571,0.94,False,False
F01093,2020-R,0.666,0.974,False,False
F01094,2020-R,0.0,0.999,False,True
F01095,2020-R,0.541,1.016,False,False
F01096,2020-R,0.0,1.013,False,True
F01097,2020-R,0.0,0.948,False,True
F01098,2020-R,0.665,1.024,False,False
F01099,2020-R,0.479,0.964,False,False
F01100,2020-R,0.0,1.037,False,True
F01101,2020-R,0.0,1.016,False,True
F01102,2020-R,0.74,0.981,False,False
F01103,2020-R,0.0,1.035,False,True
F01104,2020-R,0.906,0.996,False,False
F01105,2020-R,0.86,1.01,False,False
F01106,2020-R,0.0,1.012,False,True
F01107,2020-R,0.831,1.006,False,False
F01108,2020-R,0.0,0.979,False,True
F01109,2020-R,0.793,1.025,False,False
F01110,2020-R,0.841,0.936,False,False
F01111,2020-R,0.807,1.027,False,False
F01112,2020-R,0.829,0.945,False,False
F01113,2020-R,0.0,0.971,False,True
F01114,2020-R,0.571,0.98,False,False
F01115,2020-R,0.908,1.026,False,False
F01116,2020-R,0.881,1.016,False,False
F01117,2020-R,0.546,0.937,False,False
F01118,2020-R,0.0,1.021,False,True
F01119,2020-R,0.0,0.971,False,True
F01120,2020-R,0.754,1.031,False,False
F01121,2020-R,0.547,0.986,False,False
F01122,2020-R,0.598,0.947,False,False
F01123,2020-R,0.472,0.97,False,False
F01124,2020-R,0.0,0.966,False,True
F01125,2020-R,0.0,1.021,False,True
F01126,2020-R,0.0,0.934,False,True
F01127,2020-R,0.265,1.035,False,True
F01128,2020-R,0.0,1.017,False,True
F01129,2020-R,0.0,0.965,False,True
F01130,2020-R,0.0,0.965,False,True
F01131,2020-R,0.701,1.029,False,False
F01132,2020-R,0.0,0.97,False,True
F01133,2020-R,0.51,1.01,False,False
F01134,2020-R,0.0,1.017,False,True
F01135,2020-R,0.51,0.932,False,False
F01136,2020-R,0.0,0.981,False,True
F01137,2020-R,0.0,0.956,False,True
F01138,2020-R,0.512,0.96,False,False
F01139,2020-R,0.817,1.024,False,False
F01140,2020-R,0.0,0.973,False,True
F01141,2020-R,0.836,0.983,False,False
F01142,2020-R,0.52,0.959,False,False
F01143,2020-R,0.0,0.99,False,True
F01144,2020-R,0.0,0.931,False,True
F01145,2020-R,0.0,1.009,False,True
F01146,2020-R,0.57,0.997,False,False
F01147,2020-R,0.72,0.935,False,False
F01148,2020-R,0.498,0.999,False,False
F01149,2020-R,0.511,0.968,False,False
F01150,2020-R,0.262,1.009,False,True
F01151,2020-R,0.824,1.038,False,False
F01152,2020-R,0.702,1.03,False,False
F01153,2020-R,0.76,0.932,False,False
F01154,2020-R,0.0,0.972,False,True
F01155,2020-R,0.499,0.959,False,False
F01156,2020-R,0.0,1.027,False,True
F01157,2020-R,0.0,0.984,False,True
F01158,2020-R,0.559,0.965,False,False
F01159,2020-R,0.0,0.999,False,True
F01160,2020-R,0.667,0.99,False,False
F01161,2020-R,0.0,0.974,False,True
F01162,2020-R,0.0,0.94,False,True
F01163,2020-R,0.73,1.015,False,False
F01164,2020-R,0.797,0.964,False,False
F01165,2020-R,0.82,0.947,False,False
F01166,2020-R,0.0,0.973,False,True
F01167,2020-R,0.0,1.001,False,True
F01168,2020-R,0.464,1.033,False,True
F01169,2020-R,0.747,0.937,False,False
F01170,2020-R,0.808,0.975,False,False
F01171,2020-R,0.765,1.023,False,False
F01172,2020-R,0.522,1.035,False,False
F01173,2020-R,0.0,0.993,False,True
F01174,2020-R,0.0,0.969,False,True
F01175,2020-R,0.0,0.965,False,True
F01176,2020-R,0.551,1.005,False,False
F01177,2020-R,0.0,0.961,False,True
F01178,2020-R,0.0,0.977,False,True
F01179,2020-R,0.756,1.004,False,False
F01180,2020-R,0.333,1.001,False,True
F01181,2020-R,0.0,0.981,False,True
F01182,2020-R,0.0,0.964,False,True
F01183,2020-R,0.84,1.013,False,False
F01184,2020-R,0.0,0.96,False,True
F01185,2020-R,0.0,1.028,False,True
F01186,2020-R,0.0,0.956,False,True
F01187,2020-R,0.0,0.97,False,True
F01188,2020-R,0.0,0.984,False,True
F01190,2020-R,0.0,0.997,False,True
F01191,2020-R,0.531,1.022,False,False
F01192,2020-R,0.0,0.998,False,True
F01193,2020-R,0.7,0.938,False,False
F01194,2020-R,0.0,1.037,False,True
F01196,2020-R,0.0,0.979,False,True
F01197,2020-R,0.881,0.997,False,False
F01198,2020-R,0.0,1.0,False,True
F01199,2020-R,0.598,1.032,False,False
F01200,2020-R,0.452,0.933,False,False
F01201,2020-R,0.0,0.994,False,True
F01202,2020-R,0.757,0.953,False,False
F01203,2020-R,0.815,0.977,False,False
F01204,2020-R,0.67,0.941,False,False
F01205,2020-R,0.0,0.955,False,True
F01206,2020-R,0.77,0.985,False,False
F01207,2020-R,0.776,0.979,False,False
F01208,2020-R,0.0,0.978,False,True
F01209,2020-R,0.0,0.998,False,True
F01210,2020-R,0.0,0.964,False,True
F01211,2020-R,0.836,0.932,False,False
F01212,2020-R,0.0,1.003,False,True
F01213,2020-R,0.732,1.038,False,False
F01214,2020-R,0.0,0.934,False,True
F01215,2020-R,0.199,0.934,False,True
F01216,2020-R,0.815,0.986,False,False
F01217,2020-R,0.0,0.94,False,True
F01218,2020-R,0.0,0.962,False,True
F01219,2020-R,0.56,0.979,False,False
F01220,2020-R,0.0,0.988,False,True
F01221,2020-R,0.0,1.024,False,True
F01222,2020-R,0.0,0.952,False,True
F01223,2020-R,0.916,0.963,False,False
F01224,2020-R,0.543,0.996,False,False
F01225,2020-R,0.534,0.947,False,False
F01226,2020-R,0.882,0.944,False,False
F01227,2020-R,0.539,0.931,False,False
F01228,2020-R,0.479,1.039,False,False
F01229,2020-R,0.0,0.955,False,True
F01230,2020-R,0.0,0.944,False,True
F01231,2020-R,0.0,1.003,False,True
F01232,2020-R,0.0,1.039,False,True
F01233,2020-R,0.0,1.017,False,True
F01234,2020-R,0.0,1.039,False,True
F01235,2020-R,0.488,1.029,False,False
F01236,2020-R,0.789,0.975,False,False
F01237,2020-R,0.0,0.978,False,True
F01238,2020-R,0.764,0.965,False,False
F01239,2020-R,0.322,0.984,False,True
F01240,2020-R,0.0,0.951,False,True
F01241,2020-R,0.526,1.018,False,False
F01242,2020-R,0.0,0.943,False,True
F01243,2020-R,0.0,0.971,False,True
F01244,2020-R,0.0,0.943,False,True
F01245,2020-R,0.269,0.979,False,True
F01246,2020-R,0.511,0.995,False,False
F01247,2020-R,0.0,0.97,False,True
F01249,2020-R,0.856,0.985,False,False
F01250,2020-R,0.0,1.011,False,True
F01251,2020-R,0.742,0.945,False,False
F01252,2020-R,0.0,1.037,False,True
F01253,2020-R,0.0,0.969,False,True
F01255,2020-R,0.0,1.007,False,True
F01256,2020-R,0.0,1.021,False,True
F01257,2020-R,0.0,1.009,False,True
F01258,2020-R,0.0,1.04,False,True
F01259,2020-R,0.0,1.025,False,True
F01260,2020-R,0.0,1.03,False,True
F01261,2020-R,0.0,0.941,False,True
F01262,2020-R,0.48,1.004,False,True
F01263,2020-R,0.727,0.931,False,False
F01264,2020-R,0.716,0.971,False,False
F01265,2020-R,0.0,0.999,False,True
F01266,2020-R,0.0,0.944,False,True
F01267,2020-R,0.0,1.013,False,True
F01268,2020-R,0.0,0.96,False,True
F01269,2020-R,0.474,0.963,False,True
F01270,2020-R,0.0,0.942,False,True
F01271,2020-R,0.0,0.95,False,True
F01272,2020-R,0.0,1.029,False,True
F01273,2020-R,0.0,0.934,False,True
F01274,2020-R,0.742,1.04,False,False
F01275,2020-R,0.533,0.944,False,False
F01276,2020-R,0.77,0.986,False,False
F01277,2020-R,0.0,1.01,False,True
F01278,2020-R,0.0,1.009,False,True
F01279,2020-R,0.0,1.008,False,True
F01280,2020-R,0.689,1.021,False,False
F01281,2020-R,0.0,1.034,False,True
F01282,2020-R,0.844,1.019,False,False
F01283,2020-R,0.5,1.003,False,False
F01284,2020-R,0.0,1.023,False,True
F01285,2020-R,0.521,1.027,False,False
F01286,2020-R,0.753,0.99,False,False
F01287,2020-R,0.0,1.026,False,True
F01288,2020-R,0.838,0.96,False,False
F01289,2020-R,0.0,0.996,False,True
F01290,2020-R,0.0,0.973,False,True
F01291,2020-R,0.0,1.026,False,True
F01292,2020-R,0.867,0.995,False,False
F01293,2020-R,0.481,0.93,False,False
F01295,2020-R,0.0,0.946,False,True
F01296,2020-R,0.709,0.948,False,False
F01297,2020-R,0.594,0.942,False,False
F01298,2020-R,0.0,1.02,False,True
F01299,2020-R,0.0,0.978,False,True
F01300,2020-R,0.0,0.953,False,True
F01301,2020-R,0.897,0.987,False,False
F01302,2020-R,0.753,1.032,False,False
F01303,2020-R,0.588,0.947,False,False
F01304,2020-R,0.0,0.998,False,True
F01306,2020-R,0.0,0.984,False,True
F01307,2020-R,0.898,0.972,False,False
F01308,2020-R,0.874,1.01,False,False
F01309,2020-R,0.0,1.012,False,True
F01310,2020-R,0.545,0.979,False,False
F01311,2020-R,0.564,0.94,False,False
F01312,2020-R,0.868,0.945,False,False
F01313,2020-R,0.0,0.93,False,True
F01314,2020-R,0.0,1.019,False,True
F01315,2020-R,0.0,1.015,False,True
F01316,2020-R,0.0,0.933,False,True
F01317,2020-R,0.65,0.934,False,False
F01318,2020-R,0.0,0.966,False,True
F01319,2020-R,0.871,0.968,False,False
F01320,2020-R,0.489,1.001,False,False
F01321,2020-R,0.0,1.039,False,True
F01322,2020-R,0.648,1.025,False,False
F01323,2020-R,0.0,1.032,False,True
F01324,2020-R,0.547,0.971,False,False
F01326,2020-R,0.0,0.964,False,True
F01329,2020-R,0.839,0.965,False,False
F01330,2020-R,0.465,1.036,False,False
F01331,2020-R,0.893,0.981,False,False
F01332,2020-R,0.0,1.015,False,True
F01333,2020-R,0.459,1.011,False,False
F01334,2020-R,0.0,0.971,False,True
F01336,2020-R,0.0,0.984,False,True
F01337,2020-R,0.0,0.96,False,True
F01338,2020-R,0.332,0.987,False,True
F01339,2020-R,0.452,0.942,False,True
F01340,2020-R,0.591,1.034,False,False
F01341,2020-R,0.0,0.936,False,True
F01342,2020-R,0.753,0.958,False,False
F01344,2020-R,0.0,1.019,False,True
F01345,2020-R,0.812,0.931,False,False
F01347,2020-R,0.588,1.038,False,False
F01348,2020-R,0.506,0.977,False,False
F01349,2020-R,0.0,1.004,False,True
F01350,2020-R,0.759,1.026,False,False
F01351,2020-R,0.0,0.948,False,True
F01352,2020-R,0.817,0.951,False,False
F01353,2020-R,0.0,0.991,False,True
F01354,2020-R,0.0,1.039,False,True
F01355,2020-R,0.227,1.008,False,True
F01356,2020-R,0.26,0.993,False,True
F01357,2020-R,0.0,0.938,False,True
F01358,2020-R,0.0,0.93,False,True
F01359,2020-R,0.0,1.002,False,True
F01360,2020-R,0.781,1.015,False,False
F01361,2020-R,0.0,0.966,False,True
F01362,2020-R,0.898,0.966,False,False
F01363,2020-R,0.0,0.979,False,True
F01364,2020-R,0.845,0.935,False,False
F01365,2020-R,0.287,0.934,False,True
F01366,2020-R,0.453,0.997,False,False
F01367,2020-R,0.0,0.961,False,True
F01368,2020-R,0.0,0.94,False,True
F01369,2020-R,0.831,0.939,False,False
F01370,2020-R,0.899,0.945,False,False
F01371,2020-R,0.0,0.93,False,True
F01372,2020-R,0.0,0.959,False,True
F01373,2020-R,0.0,0.946,False,True
F01374,2020-R,0.478,1.01,False,False
F01375,2020-R,0.0,1.019,False,True
F01376,2020-R,0.568,1.031,False,False
F01377,2020-R,0.0,0.999,False,True
F01378,2020-R,0.854,0.997,False,False
F01379,2020-R,0.87,1.014,False,False
F01380,2020-R,0.714,1.014,False,False
F01381,2020-R,0.0,1.011,False,True
F01382,2020-R,0.927,0.938,False,False
F01383,2020-R,0.0,1.033,False,True
F01384,2020-R,0.82,0.981,False,False
F01385,2020-R,0.515,0.995,False,False
F01386,2020-R,0.815,1.022,False,False
F01387,2020-R,0.0,0.938,False,True
F01388,2020-R,0.0,1.008,False,True
F01389,2020-R,0.0,1.02,False,True
F01390,2020-R,0.528,1.026,False,False
F01391,2020-R,0.859,0.992,False,False
F01392,2020-R,0.0,1.021,False,True
F01393,2020-R,0.502,0.936,False,False
F01394,2020-R,0.676,1.007,False,False
F01395,2020-R,0.929,0.988,False,False
F01396,2020-R,0.922,0.953,False,False
F01397,2020-R,0.0,0.966,False,True
F01398,2020-R,0.807,1.003,False,False
F01400,2020-R,0.745,1.002,False,False
F01401,2020-R,0.823,1.039,False,False
F01402,2020-R,0.0,0.98,False,True
F01403,2020-R,0.269,1.031,False,True
F01404,2020-R,0.687,0.986,False,False
F01405,2020-R,0.0,1.016,False,True
F01406,2020-R,0.0,1.034,False,True
F01407,2020-R,0.0,0.987,False,True
F01408,2020-R,0.588,0.959,False,False
F01409,2020-R,0.572,0.942,False,False
F01410,2020-R,0.0,1.038,False,True
F01411,2020-R,0.0,1.002,False,True
F01412,2020-R,0.765,1.016,False,False
F01413,2020-R,0.0,0.93,False,True
F01414,2020-R,0.534,0.982,False,False
F01415,2020-R,0.0,1.032,False,True
F01416,2020-R,0.0,0.977,False,True
F01417,2020-R,0.596,1.025,False,False
F01418,2020-R,0.0,0.953,False,True
F01419,2020-R,0.686,0.946,False,False
F01420,2020-R,0.582,1.022,False,False
F01421,2020-R,0.0,1.019,False,True
F01422,2020-R,0.0,1.005,False,True
F01423,2020-R,0.0,1.029,False,True
F01424,2020-R,0.696,0.956,False,False
F01425,2020-R,0.682,1.01,False,False
F01426,2020-R,0.0,0.974,False,True
F01427,2020-R,0.0,0.994,False,True
F01428,2020-R,0.76,1.02,False,False
F01429,2020-R,0.0,1.023,False,True
F01430,2020-R,0.707,0.931,False,False
F01431,2020-R,0.715,1.007,False,False
F01432,2020-R,0.663,1.023,False,False
F01433,2020-R,0.53,0.997,False,False
F01434,2020-R,0.0,0.987,False,True
F01435,2020-R,0.0,0.956,False,True
F01436,2020-R,0.0,1.011,False,True
F01437,2020-R,0.0,0.982,False,True
F01438,2020-R,0.0,1.04,False,True
F01439,2020-R,0.0,0.96,False,True
F01440,2020-R,0.0,0.957,False,True
F01441,2020-R,0.762,1.035,False,False
F01442,2020-R,0.0,0.992,False,True
F01443,2020-R,0.0,1.013,False,True
F01444,2020-R,0.0,0.938,False,True
F01445,2020-R,0.0,1.028,False,True
F01446,2020-R,0.0,0.979,False,True
F01447,2020-R,0.291,0.964,False,True
F01448,2020-R,0.589,1.03,False,False
F01449,2020-R,0.0,1.02,False,True
F01450,2020-R,0.793,1.029,False,False
F01452,2020-R,0.0,0.994,False,True
F01453,2020-R,0.771,0.951,False,False
F01454,2020-R,0.0,0.97,False,True
F01455,2020-R,0.0,1.029,False,True
F01456,2020-R,0.0,1.015,False,True
F01457,2020-R,0.752,0.994,False,False
F01458,2020-R,0.0,1.005,False,True
F01459,2020-R,0.0,1.006,False,True
F01460,2020-R,0.0,0.999,False,True
F01461,2020-R,0.0,1.025,False,True
F01462,2020-R,0.0,0.971,False,True
F01463,2020-R,0.0,1.008,False,True
F01464,2020-R,0.571,0.945,False,False
F01465,2020-R,0.569,1.001,False,False
F01466,2020-R,0.0,0.961,False,True
F01467,2020-R,0.226,0.934,False,False
F01468,2020-R,0.503,1.009,False,True
F01469,2020-R,0.0,1.007,False,True
F01470,2020-R,0.454,1.007,False,False
F01471,2020-R,0.0,1.033,False,True
F01472,2020-R,0.0,1.004,False,True
F01473,2020-R,0.0,1.021,False,True
F01474,2020-R,0.0,0.975,False,True
F01475,2020-R,0.0,0.977,False,True
F01476,2020-R,0.68,1.013,False,False
F01477,2020-R,0.0,1.028,False,True
F01478,2020-R,0.0,0.991,False,True
F01479,2020-R,0.506,0.957,False,False
F01480,2020-R,0.0,1.03,False,True
F01481,2020-R,0.675,0.951,False,False
F01482,2020-R,0.0,1.0,False,True
F01483,2020-R,0.0,1.009,False,True
F01484,2020-R,0.2,1.011,False,True
F01485,2020-R,0.0,0.931,False,True
F01486,2020-R,0.0,0.997,False,True
F01487,2020-R,0.0,1.031,False,True
F01488,2020-R,0.0,0.996,False,True
F01489,2020-R,0.593,1.014,False,False
F01490,2020-R,0.751,0.968,False,False
F01491,2020-R,0.0,0.957,False,True
F01492,2020-R,0.799,0.981,False,False
F01493,2020-R,0.0,0.993,False,True
F01494,2020-R,0.0,0.991,False,True
F01495,2020-R,0.664,0.938,False,False
F01496,2020-R,0.0,0.985,False,True
F01498,2020-R,0.715,0.968,False,False
F01499,2020-R,0.798,0.944,False,False
F01501,2020-R,0.461,0.93,False,False
F01502,2020-R,0.598,0.952,False,False
F01503,2020-R,0.0,0.988,False,True
F01504,2020-R,0.0,0.95,False,True
F01505,2020-R,0.468,0.985,False,False
F01506,2020-R,0.0,1.013,False,True
F01507,2020-R,0.0,1.025,False,True
F01508,2020-R,0.0,0.969,False,True
F01509,2020-R,0.764,1.014,False,False
F01510,2020-R,0.572,0.969,False,False
F01511,2020-R,0.682,0.958,False,False
F01512,2020-R,0.0,0.994,False,True
F01513,2020-R,0.712,0.982,False,False
F01514,2020-R,0.503,0.978,False,False
F01515,2020-R,0.0,1.019,False,True
F01516,2020-R,0.0,1.02,False,True
F01517,2020-R,0.0,0.997,False,True
F01518,2020-R,0.595,0.939,False,False
F01519,2020-R,0.0,0.953,False,True
F01520,2020-R,0.209,1.04,False,True
F01521,2020-R,0.0,0.953,False,True
F01523,2020-R,0.0,0.949,False,True
F01524,2020-R,0.0,1.018,False,True
F01525,2020-R,0.0,0.955,False,True
F01526,2020-R,0.476,0.983,False,False
F01527,2020-R,0.534,1.037,False,False
F01528,2020-R,0.489,1.01,False,False
F01529,2020-R,0.0,0.931,False,True
F01530,2020-R,0.559,1.021,False,False
F01531,2020-R,0.0,1.021,False,True
F01532,2020-R,0.0,1.005,False,True
F01533,2020-R,0.0,0.95,False,True
F01534,2020-R,0.0,1.035,False,True
F01535,2020-R,0.49,0.936,False,False
F01536,2020-R,0.0,0.947,False,True
F01537,2020-R,0.692,0.979,False,False
F01538,2020-R,0.692,0.978,False,False
F01539,2020-R,0.0,1.005,False,True
F01540,2020-R,0.0,0.931,False,True
F01541,2020-R,0.0,0.957,False,True
F01542,2020-R,0.539,1.029,False,False
F01543,2020-R,0.664,0.933,False,False
F01544,2020-R,0.798,1.008,False,False
F01545,2020-R,0.78,0.961,False,False
F01546,2020-R,0.713,0.943,False,False
F01547,2020-R,0.495,0.932,False,False
F01548,2020-R,0.826,0.974,False,False
F01549,2020-R,0.0,1.006,False,True
F01550,2020-R,0.657,0.959,False,False
F01551,2020-R,0.0,0.993,False,True
F01552,2020-R,0.491,1.005,False,True
F01553,2020-R,0.668,1.022,False,False
F01554,2020-R,0.0,0.994,False,True
F01555,2020-R,0.0,0.993,False,True
F01556,2020-R,0.462,0.954,False,False
F01557,2020-R,0.0,1.023,False,True
F01558,2020-R,0.911,1.031,False,False
F01559,2020-R,0.0,0.933,False,True
F01560,2020-R,0.731,1.007,False,False
F01561,2020-R,0.689,0.995,False,False
F01562,2020-R,0.0,0.993,False,True
F01563,2020-R,0.657,0.954,False,False
F01564,2020-R,0.926,0.947,False,False
F01565,2020-R,0.0,1.001,False,True
F01566,2020-R,0.0,0.978,False,True
F01568,2020-R,0.857,1.011,False,False
F01569,2020-R,0.907,1.003,False,False
F01570,2020-R,0.0,0.989,False,True
F01571,2020-R,0.0,0.961,False,True
F01572,2020-R,0.0,0.973,False,True
F01573,2020-R,0.0,0.937,False,True
F01574,2020-R,0.0,1.027,False,True
F01575,2020-R,0.574,0.981,False,False
F01576,2020-R,0.746,1.038,False,False
F01577,2020-R,0.464,0.99,False,False
F01578,2020-R,0.0,0.99,False,True
F01579,2020-R,0.0,0.96,False,True
F01580,2020-R,0.869,0.96,False,False
F01581,2020-R,0.797,0.975,False,False
F01582,2020-R,0.804,0.961,False,False
F01583,2020-R,0.0,0.955,False,True
F01584,2020-R,0.0,0.975,False,True
F01585,2020-R,0.0,0.958,False,True
F01586,2020-R,0.749,0.982,False,False
F01587,2020-R,0.678,0.969,False,False
F01589,2020-R,0.521,0.972,False,False
F01590,2020-R,0.461,0.964,False,False
F01591,2020-R,0.678,1.029,False,False
F01592,2020-R,0.0,1.022,False,True
F01593,2020-R,0.841,0.992,False,False
F01594,2020-R,0.0,0.987,False,True
F01595,2020-R,0.545,0.992,False,False
F01596,2020-R,0.0,0.97,False,True
F01597,2020-R,0.0,1.036,False,True
F01598,2020-R,0.0,0.938,False,True
F01599,2020-R,0.739,0.998,False,False
F01600,2020-R,0.0,0.964,False,True
F01601,2020-R,0.0,1.003,False,True
F01602,2020-R,0.0,1.021,False,True
F01603,2020-R,0.556,0.975,False,False
F01604,2020-R,0.774,0.981,False,False
F01605,2020-R,0.0,0.989,False,True
F01606,2020-R,0.771,1.038,False,False
F01607,2020-R,0.782,0.932,False,False
F01608,2020-R,0.0,0.953,False,True
F01609,2020-R,0.0,0.993,False,True
F01610,2020-R,0.813,1.037,False,False
F01611,2020-R,0.0,0.934,False,True
F01612,2020-R,0.759,0.994,False,False
F01613,2020-R,0.0,0.955,False,True
F01614,2020-R,0.0,0.996,False,True
F01615,2020-R,0.532,0.967,False,True
F01616,2020-R,0.0,0.957,False,True
F01617,2020-R,0.0,0.959,False,True
F01618,2020-R,0.0,0.94,False,True
F01619,2020-R,0.0,1.002,False,True
F01620,2020-R,0.482,0.951,False,False
F01621,2020-R,0.0,0.956,False,True
F01622,2020-R,0.0,0.96,False,True
F01623,2020-R,0.0,0.959,False,True
F01624,2020-R,0.695,1.023,False,True
F01625,2020-R,0.0,0.959,False,True
F01626,2020-R,0.0,1.027,False,True
F01627,2020-R,0.0,0.933,False,True
F01628,2020-R,0.0,0.958,False,True
F01629,2020-R,0.0,0.99,False,True
F01630,2020-R,0.702,1.01,False,False
F01631,2020-R,0.0,0.958,False,True
F01632,2020-R,0.0,0.966,False,True
F01633,2020-R,0.533,0.947,False,False
F01634,2020-R,0.0,0.991,False,True
F01635,2020-R,0.0,0.936,False,True
F01636,2020-R,0.666,0.944,False,False
F01637,2020-R,0.656,1.032,False,False
F01638,2020-R,0.672,0.973,False,False
F01639,2020-R,0.0,1.021,False,True
F01640,2020-R,0.581,1.0,False,False
F01641,2020-R,0.0,1.026,False,True
F01642,2020-R,0.725,1.015,False,False
F01643,2020-R,0.593,1.037,False,False
F01644,2020-R,0.787,0.937,False,False
F01645,2020-R,0.776,1.012,False,False
F01646,2020-R,0.0,0.986,False,True
F01647,2020-R,0.0,1.032,False,True
F01648,2020-R,0.0,1.005,False,True
F01649,2020-R,0.662,0.951,False,False
F01650,2020-R,0.478,0.995,False,False
F01651,2020-R,0.0,1.024,False,True
F01652,2020-R,0.0,0.972,False,True
F01653,2020-R,0.545,1.037,False,False
F01654,2020-R,0.562,0.986,False,False
F01655,2020-R,0.0,1.022,False,True
F01656,2020-R,0.0,0.946,False,True
F01657,2020-R,0.0,0.936,False,True
F01658,2020-R,0.748,1.031,False,False
F01659,2020-R,0.472,1.038,False,True
F01660,2020-R,0.783,1.013,False,False
F01661,2020-R,0.0,0.945,False,True
F01662,2020-R,0.548,0.959,False,False
F01663,2020-R,0.0,0.974,False,True
F01664,2020-R,0.804,0.978,False,False
F01665,2020-R,0.0,0.94,False,True
F01666,2020-R,0.581,1.015,False,False
F01667,2020-R,0.0,0.991,False,True
F01668,2020-R,0.0,0.968,False,True
F01669,2020-R,0.0,0.969,False,True
F01670,2020-R,0.771,0.938,False,False
F01671,2020-R,0.589,0.938,False,False
F01672,2020-R,0.0,0.941,False,True
F01673,2020-R,0.0,0.99,False,True
F01674,2020-R,0.0,1.011,False,True
F01675,2020-R,0.725,1.025,False,False
F01676,2020-R,0.0,1.028,False,True
F01677,2020-R,0.0,0.996,False,True
F01678,2020-R,0.0,0.951,False,True
F01679,2020-R,0.0,0.986,False,True
F01680,2020-R,0.497,0.931,False,False
F01681,2020-R,0.0,1.025,False,True
F01682,2020-R,0.0,1.006,False,True
F01683,2020-R,0.0,0.993,False,True
F01684,2020-R,0.0,0.943,False,True
F01685,2020-R,0.0,1.033,False,True
F01686,2020-R,0.0,0.989,False,True
F01687,2020-R,0.827,1.011,False,False
F01688,2020-R,0.0,1.007,False,True
F01689,2020-R,0.0,0.931,False,True
F01690,2020-R,0.0,1.033,False,True
F01691,2020-R,0.0,0.943,False,True
F01692,2020-R,0.504,0.943,False,False
F01693,2020-R,0.471,1.007,False,False
F01694,2020-R,0.72,0.992,False,False
F01695,2020-R,0.488,0.98,False,False
F01696,2020-R,0.832,0.975,False,False
F01697,2020-R,0.0,1.029,False,True
F01698,2020-R,0.0,1.0,False,True
F01699,2020-R,0.0,0.932,False,True
F01700,2020-R,0.0,0.971,False,True
F01701,2020-R,0.0,0.964,False,True
F01702,2020-R,0.802,0.994,False,False
F01703,2020-R,0.558,0.996,False,False
F01704,2020-R,0.0,0.93,False,True
F01705,2020-R,0.0,1.002,False,True
F01706,2020-R,0.873,1.017,False,False
F01707,2020-R,0.877,1.018,False,False
F01708,2020-R,0.0,1.027,False,True
F01709,2020-R,0.862,1.003,False,False
F01710,2020-R,0.0,0.97,False,True
F01711,2020-R,0.0,0.955,False,True
F01712,2020-R,0.0,0.956,False,True
F01713,2020-R,0.0,0.97,False,True
F01714,2020-R,0.733,0.972,False,False
F01715,2020-R,0.0,1.011,False,True
F01716,2020-R,0.0,1.023,False,True
F01717,2020-R,0.0,1.014,False,True
F01718,2020-R,0.739,0.94,False,False
F01719,2020-R,0.513,1.016,False,False
F01720,2020-R,0.579,0.989,False,False
F01721,2020-R,0.0,0.973,False,True
F01722,2020-R,0.684,0.956,False,False
F01723,2020-R,0.0,0.989,False,True
F01724,2020-R,0.756,0.983,False,False
F01725,2020-R,0.534,0.995,False,False
F01726,2020-R,0.0,1.027,False,True
F01727,2020-R,0.0,1.015,False,True
F01728,2020-R,0.0,0.99,False,True
F01729,2020-R,0.785,0.949,False,False
F01730,2020-R,0.708,0.998,False,False
F01731,2020-R,0.0,0.947,False,True
F01732,2020-R,0.744,1.038,False,False
F01733,2020-R,0.0,0.933,False,True
F01734,2020-R,0.0,0.948,False,True
F01735,2020-R,0.0,1.002,False,True
F01736,2020-R,0.0,0.99,False,True
F01737,2020-R,0.0,0.964,False,True
F01738,2020-R,0.0,0.949,False,True
F01739,2020-R,0.0,1.013,False,True
F01740,2020-R,0.8,0.939,False,False
F01741,2020-R,0.714,0.999,False,False
F01742,2020-R,0.78,1.016,False,False
F01743,2020-R,0.476,1.028,False,False
F01744,2020-R,0.0,0.964,False,True
F01745,2020-R,0.0,1.015,False,True
F01746,2020-R,0.0,0.932,False,True
F01747,2020-R,0.731,1.01,False,False
F01748,2020-R,0.0,0.973,False,True
F01749,2020-R,0.0,0.984,False,True
F01750,2020-R,0.554,1.012,False,False
F01751,2020-R,0.0,0.941,False,True
F01752,2020-R,0.697,1.021,False,True
F01753,2020-R,0.708,1.033,False,False
F01754,2020-R,0.0,0.944,False,True
F01755,2020-R,0.672,0.959,False,False
F01756,2020-R,0.0,1.009,False,True
F01757,2020-R,0.835,0.984,False,False
F01758,2020-R,0.0,1.031,False,True
F01759,2020-R,0.303,1.009,False,True
F01760,2020-R,0.529,1.014,False,False
F01761,2020-R,0.0,0.933,False,True
F01763,2020-R,0.0,0.937,False,True
F01764,2020-R,0.595,0.988,False,False
F01765,2020-R,0.744,0.958,False,False
F01766,2020-R,0.0,1.028,False,True
F01767,2020-R,0.0,0.975,False,True
F01769,2020-R,0.0,0.931,False,True
F01770,2020-R,0.544,0.939,False,False
F01771,2020-R,0.0,1.0,False,True
F01772,2020-R,0.542,0.931,False,False
F01773,2020-R,0.0,1.019,False,True
F01774,2020-R,0.715,0.978,False,False
F01775,2020-R,0.0,0.952,False,True
F01776,2020-R,0.0,0.946,False,True
F01777,2020-R,0.0,1.032,False,True
F01779,2020-R,0.844,0.973,False,False
F01780,2020-R,0.691,1.0,False,False
F01781,2020-R,0.686,1.036,False,False
F01782,2020-R,0.505,0.959,False,False
F01783,2020-R,0.699,1.034,False,False
F01784,2020-R,0.79,0.997,False,False
F01786,2020-R,0.759,0.941,False,False
F01787,2020-R,0.672,0.986,False,False
F01788,2020-R,0.832,0.993,False,False
F01789,2020-R,0.0,0.973,False,True
F01790,2020-R,0.0,0.999,False,True
F01791,2020-R,0.808,1.034,False,False
F01792,2020-R,0.481,0.939,False,True
F01793,2020-R,0.0,0.95,False,True
F01794,2020-R,0.584,1.037,False,False
F01795,2020-R,0.0,1.004,False,True
F01796,2020-R,0.0,0.945,False,True
F01797,2020-R,0.0,0.992,False,True
F01798,2020-R,0.58,1.037,False,False
F01800,2020-R,0.507,1.002,False,False
F01801,2020-R,0.457,0.939,False,False
F01802,2020-R,0.0,1.01,False,True
F01803,2020-R,0.71,0.97,False,False
F01804,2020-R,0.0,0.996,False,True
F01805,2020-R,0.838,0.972,False,False
F01806,2020-R,0.826,1.037,False,False
F01807,2020-R,0.0,0.957,False,True
F01808,2020-R,0.753,1.011,False,False
F01809,2020-R,0.671,1.0,False,False
F01810,2020-R,0.0,0.941,False,True
F01812,2020-R,0.0,0.975,False,True
F01813,2020-R,0.0,0.983,False,True
F01814,2020-R,0.0,0.939,False,True
F01815,2020-R,0.65,0.967,False,False
F01816,2020-R,0.0,0.985,False,True
F01817,2020-R,0.736,1.017,False,False
F01818,2020-R,0.703,0.938,False,False
F01819,2020-R,0.0,1.012,False,True
F01820,2020-R,0.0,0.992,False,True
F01821,2020-R,0.0,0.93,False,True
F01822,2020-R,0.0,0.991,False,True
F01823,2020-R,0.874,1.032,False,False
F01824,2020-R,0.534,0.974,False,True
F01825,2020-R,0.873,1.028,False,False
F01826,2020-R,0.0,1.021,False,True
F01827,2020-R,0.307,1.036,False,True
F01828,2020-R,0.0,1.018,False,True
F01829,2020-R,0.598,0.999,False,False
F01830,2020-R,0.0,0.976,False,True
F01831,2020-R,0.678,0.964,False,False
F01832,2020-R,0.0,1.033,False,True
F01833,2020-R,0.816,1.005,False,False
F01834,2020-R,0.0,0.945,False,True
F01835,2020-R,0.0,0.988,False,True
F01837,2020-R,0.484,0.95,False,False
F01838,2020-R,0.728,0.977,False,False
F01839,2020-R,0.746,0.968,False,False
F01840,2020-R,0.0,0.931,False,True
F01841,2020-R,0.494,1.008,False,False
F01842,2020-R,0.725,0.956,False,False
F01843,2020-R,0.512,0.977,False,False
F01844,2020-R,0.817,0.952,False,False
F01845,2020-R,0.273,0.946,False,True
F01846,2020-R,0.528,1.032,False,False
F01847,2020-R,0.0,0.936,False,True
F01848,2020-R,0.794,0.999,False,False
F01849,2020-R,0.693,0.941,False,False
F01850,2020-R,0.0,1.019,False,True
F01851,2020-R,0.681,0.931,False,False
F01852,2020-R,0.803,1.018,False,False
F01853,2020-R,0.0,0.966,False,True
F01854,2020-R,0.0,0.99,False,True
F01855,2020-R,0.0,0.98,False,True
F01856,2020-R,0.0,0.948,False,True
F01857,2020-R,0.0,0.931,False,True
F01858,2020-R,0.475,0.944,False,False
F01859,2020-R,0.81,1.018,False,False
F01860,2020-R,0.0,1.006,False,True
F01861,2020-R,0.724,1.033,False,False
F01862,2020-R,0.0,0.991,False,True
F01863,2020-R,0.551,1.019,False,False
F01864,2020-R,0.0,0.931,False,True
F01865,2020-R,0.496,0.97,False,False
F01866,2020-R,0.728,0.963,False,False
F01867,2020-R,0.667,0.958,False,False
F01868,2020-R,0.0,1.014,False,True
F01869,2020-R,0.351,0.999,False,True
F01870,2020-R,0.0,1.008,False,True
F01871,2020-R,0.0,1.018,False,True
F01872,2020-R,0.916,0.975,False,False
F01873,2020-R,0.462,0.966,False,False
F01874,2020-R,0.0,1.026,False,True
F01875,2020-R,0.829,0.99,False,False
F01876,2020-R,0.879,0.985,False,False
F01877,2020-R,0.0,0.948,False,True
F01878,2020-R,0.686,0.967,False,False
F01879,2020-R,0.0,0.931,False,True
F01880,2020-R,0.793,0.988,False,False
F01881,2020-R,0.799,1.015,False,False
F01882,2020-R,0.849,0.963,False,False
F01883,2020-R,0.0,1.018,False,True
F01884,2020-R,0.0,0.968,False,True
F01885,2020-R,0.671,0.973,False,False
F01886,2020-R,0.79,1.024,False,False
F01887,2020-R,0.0,0.963,False,True
F01888,2020-R,0.0,0.986,False,True
F01889,2020-R,0.713,0.958,False,False
F01890,2020-R,0.559,0.936,False,False
F01891,2020-R,0.547,0.964,False,False
F01892,2020-R,0.0,0.959,False,True
F01893,2020-R,0.589,0.962,False,False
F01894,2020-R,0.0,0.973,False,True
F01895,2020-R,0.0,0.961,False,True
F01896,2020-R,0.0,0.95,False,True
F01897,2020-R,0.0,0.959,False,True
F01898,2020-R,0.0,0.953,False,True
F01899,2020-R,0.728,0.949,False,False
F01900,2020-R,0.0,1.014,False,True
F01901,2020-R,0.544,1.018,False,False
F01902,2020-R,0.0,0.991,False,True
F01903,2020-R,0.788,0.996,False,False
F01904,2020-R,0.576,0.996,False,False
F01905,2020-R,0.507,1.003,False,False
F01906,2020-R,0.0,0.994,False,True
F01907,2020-R,0.789,1.003,False,False
F01908,2020-R,0.573,0.988,False,False
F01909,2020-R,0.487,1.037,False,False
F01910,2020-R,0.545,0.978,False,True
F01911,2020-R,0.0,1.039,False,True
F01912,2020-R,0.523,1.012,False,True
F01913,2020-R,0.475,1.036,False,False
F01914,2020-R,0.567,0.954,False,False
F01915,2020-R,0.858,1.038,False,False
F01916,2020-R,0.723,0.988,False,False
F01917,2020-R,0.69,0.958,False,False
F01918,2020-R,0.751,0.957,False,False
F01919,2020-R,0.0,1.005,False,True
F01920,2020-R,0.594,0.999,False,False
F01921,2020-R,0.673,1.036,False,False
F01922,2020-R,0.823,0.955,False,False
F01923,2020-R,0.0,0.938,False,True
F01924,2020-R,0.753,0.99,False,False
F01925,2020-R,0.588,0.949,False,False
F01926,2020-R,0.87,0.993,False,False
F01927,2020-R,0.879,0.954,False,False
F01928,2020-R,0.817,0.975,False,True
F01929,2020-R,0.564,0.993,False,False
F01930,2020-R,0.0,0.973,False,True
F01931,2020-R,0.675,0.973,False,False
F01932,2020-R,0.0,1.008,False,True
F01933,2020-R,0.48,0.977,False,False
F01934,2020-R,0.491,1.03,False,False
F01935,2020-R,0.0,0.968,False,True
F01936,2020-R,0.0,0.937,False,True
F01937,2020-R,0.787,1.031,False,False
F01938,2020-R,0.0,0.975,False,True
F01939,2020-R,0.553,0.968,False,False
F01940,2020-R,0.838,1.024,False,False
F01941,2020-R,0.0,0.961,False,True
F01942,2020-R,0.0,0.963,False,True
F01943,2020-R,0.0,1.024,False,True
F01944,2020-R,0.0,0.952,False,True
F01945,2020-R,0.0,0.977,False,True
F01946,2020-R,0.0,1.031,False,True
F01947,2020-R,0.0,0.971,False,True
F01948,2020-R,0.594,1.034,False,False
F01949,2020-R,0.53,1.003,False,False
F01950,2020-R,0.0,1.008,False,True
F01951,2020-R,0.75,0.969,False,False
F01952,2020-R,0.478,0.996,False,False
F01953,2020-R,0.0,1.004,False,True
F01954,2020-R,0.0,0.932,False,True
F01955,2020-R,0.0,0.971,False,True
F01956,2020-R,0.0,1.015,False,True
F01957,2020-R,0.201,0.995,False,True
F01958,2020-R,0.516,0.936,False,False
F01959,2020-R,0.71,1.015,False,False
F01960,2020-R,0.0,0.989,False,True
F01961,2020-R,0.0,0.969,False,True
F01962,2020-R,0.0,1.014,False,True
F01963,2020-R,0.318,0.977,False,True
F01964,2020-R,0.832,0.981,False,False
F01965,2020-R,0.0,0.977,False,True
F01966,2020-R,0.55,0.982,False,False
F01967,2020-R,0.0,0.962,False,True
F01969,2020-R,0.579,0.974,False,False
F01970,2020-R,0.536,0.96,False,False
F01971,2020-R,0.0,0.952,False,True
F01972,2020-R,0.0,0.992,False,True
F01973,2020-R,0.725,0.988,False,False
F01974,2020-R,0.519,0.984,False,False
F01975,2020-R,0.0,0.933,False,True
F01976,2020-R,0.472,1.025,False,False
F01977,2020-R,0.0,1.037,False,True
F01978,2020-R,0.716,0.984,False,False
F01979,2020-R,0.729,0.972,False,False
F01980,2020-R,0.0,1.019,False,True
F01981,2020-R,0.0,0.946,False,True
F01982,2020-R,0.595,1.032,False,False
F01983,2020-R,0.465,0.984,False,False
F01984,2020-R,0.0,0.95,False,True
F01985,2020-R,0.0,0.997,False,True
F01986,2020-R,0.742,1.02,False,False
F01987,2020-R,0.0,0.943,False,True
F01988,2020-R,0.0,0.93,False,True
F01989,2020-R,0.91,0.982,False,False
F01990,2020-R,0.5,0.931,False,False
F01991,2020-R,0.537,1.022,False,False
F01992,2020-R,0.0,0.966,False,True
F01993,2020-R,0.0,0.993,False,True
F01994,2020-R,0.663,0.939,False,False
F01995,2020-R,0.0,0.973,False,True
F01996,2020-R,0.0,1.012,False,True
F01997,2020-R,0.0,0.959,False,True
F01998,2020-R,0.739,0.992,False,False
F01999,2020-R,0.0,0.934,False,True
F02001,2020-R,0.0,0.98,False,True
F02002,2020-R,0.666,0.965,False,False
F02003,2020-R,0.0,0.936,False,True
F02004,2020-R,0.0,0.972,False,True
F02005,2020-R,0.0,0.953,False,True
F02006,2020-R,0.0,0.972,False,True
F02007,2020-R,0.0,1.024,False,True
F02008,2020-R,0.466,1.017,False,False
F02009,2020-R,0.0,0.954,False,True
F02010,2020-R,0.0,1.003,False,True
F02011,2020-R,0.0,0.938,False,True
F02012,2020-R,0.552,1.023,False,False
F02013,2020-R,0.75,1.028,False,False
F02014,2020-R,0.0,1.014,False,True
F02015,2020-R,0.0,0.992,False,True
F02016,2020-R,0.31,1.028,False,True
F02017,2020-R,0.0,0.995,False,True
F02018,2020-R,0.0,0.961,False,True
F02019,2020-R,0.596,0.999,False,False
F02020,2020-R,0.765,0.98,False,False
F02021,2020-R,0.816,0.948,False,False
F02022,2020-R,0.745,0.992,False,False
F02023,2020-R,0.0,1.016,False,True
F02024,2020-R,0.798,0.946,False,False
F02025,2020-R,0.0,0.99,False,True
F02026,2020-R,0.74,1.011,False,False
F02027,2020-R,0.0,0.988,False,True
F02028,2020-R,0.485,0.99,False,False
F02029,2020-R,0.475,0.967,False,True
F02030,2020-R,0.353,0.98,False,True
F02031,2020-R,0.802,0.973,False,False
F02032,2020-R,0.837,1.036,False,False
F02033,2020-R,0.246,0.934,False,True
F02034,2020-R,0.0,0.965,False,True
F02035,2020-R,0.805,1.011,False,False
F02036,2020-R,0.569,1.017,False,False
F02037,2020-R,0.0,0.977,False,True
F02038,2020-R,0.796,0.933,False,False
F02039,2020-R,0.0,1.024,False,True
F02040,2020-R,0.0,1.028,False,True
F02041,2020-R,0.667,1.02,False,False
F02042,2020-R,0.712,1.04,False,False
F02043,2020-R,0.732,0.982,False,False
F02044,2020-R,0.784,0.996,False,False
F02045,2020-R,0.0,0.945,False,True
F02046,2020-R,0.714,0.943,False,False
F02047,2020-R,0.0,0.975,False,True
F02048,2020-R,0.0,0.967,False,True
F02049,2020-R,0.663,0.983,False,False
F02050,2020-R,0.0,0.987,False,True
F02051,2020-R,0.0,1.029,False,True
F02052,2020-R,0.579,1.034,False,False
F02053,2020-R,0.661,1.013,False,False
F02054,2020-R,0.646,1.011,False,False
F02055,2020-R,0.526,1.02,False,False
F02056,2020-R,0.0,0.949,False,True
F02057,2020-R,0.576,0.969,False,False
F02058,2020-R,0.524,0.932,False,False
F02059,2020-R,0.0,1.023,False,True
F02060,2020-R,0.75,0.96,False,False
F02061,2020-R,0.859,1.011,False,False
F02062,2020-R,0.0,1.0,False,True
F02063,2020-R,0.0,0.985,False,True
F02064,2020-R,0.736,1.02,False,False
F02065,2020-R,0.892,0.931,False,False
F02066,2020-R,0.756,1.021,False,False
F02067,2020-R,0.859,0.981,False,False
F02068,2020-R,0.724,0.955,False,False
F02069,2020-R,0.737,0.961,False,False
F02070,2020-R,0.526,0.999,False,False
F02071,2020-R,0.0,0.966,False,True
F02072,2020-R,0.746,0.934,False,False
F02073,2020-R,0.592,0.931,False,False
F02074,2020-R,0.0,1.027,False,True
F02075,2020-R,0.0,1.001,False,True
F02076,2020-R,0.831,1.034,False,False
F02077,2020-R,0.0,0.951,False,True
F02078,2020-R,0.0,1.02,False,True
F02079,2020-R,0.781,1.033,False,False
F02080,2020-R,0.785,0.98,False,False
F02081,2020-R,0.698,1.006,False,False
F02082,2020-R,0.456,0.962,False,False
F02083,2020-R,0.887,1.0,False,False
F02084,2020-R,0.0,1.005,False,True
F02085,2020-R,0.562,1.013,False,False
F02086,2020-R,0.861,0.953,False,False
F02087,2020-R,0.0,0.991,False,True
F02088,2020-R,0.823,0.96,False,False
F02089,2020-R,0.0,1.014,False,True
F02090,2020-R,0.83,0.982,False,False
F02091,2020-R,0.91,1.036,False,False
F02092,2020-R,0.897,0.938,False,False
F02093,2020-R,0.739,1.032,False,False
F02094,2020-R,0.0,0.994,False,True
F02095,2020-R,0.822,1.037,False,False
F02096,2020-R,0.89,1.02,False,False
F02097,2020-R,0.862,0.947,False,False
F02098,2020-R,0.0,0.942,False,True
F02099,2020-R,0.0,1.025,False,True
F02100,2020-R,0.0,0.978,False,True
F02101,2020-R,0.0,0.975,False,True
F02102,2020-R,0.0,0.998,False,True
F02103,2020-R,0.0,0.957,False,True
F02104,2020-R,0.703,0.965,False,False
F02105,2020-R,0.528,1.035,False,False
F02106,2020-R,0.516,1.019,False,False
F02107,2020-R,0.749,0.971,False,False
F02108,2020-R,0.595,0.973,False,False
F02109,2020-R,0.0,0.958,False,True
F02110,2020-R,0.0,0.994,False,True
F02111,2020-R,0.0,0.951,False,True
F02113,2020-R,0.0,0.938,False,True
F02114,2020-R,0.0,0.931,False,True
F02115,2020-R,0.692,1.035,False,False
F02116,2020-R,0.0,0.972,False,True
F02117,2020-R,0.0,0.945,False,True
F02118,2020-R,0.279,0.968,False,True
F02119,2020-R,0.0,0.982,False,True
F02120,2020-R,0.0,0.95,False,True
F02121,2020-R,0.553,0.974,False,False
F02122,2020-R,0.0,0.961,False,True
F02123,2020-R,0.705,1.012,False,False
F02124,2020-R,0.0,0.969,False,True
F02125,2020-R,0.575,0.941,False,True
F02126,2020-R,0.0,1.014,False,True
F02127,2020-R,0.0,0.936,False,True
F02128,2020-R,0.564,0.985,False,False
F02129,2020-R,0.501,1.032,False,False
F02130,2020-R,0.0,1.026,False,True
F02131,2020-R,0.0,0.939,False,True
F02132,2020-R,0.0,0.941,False,True
F02133,2020-R,0.718,0.999,False,False
F02134,2020-R,0.588,1.032,False,False
F02135,2020-R,0.0,0.944,False,True
F02136,2020-R,0.0,0.936,False,True
F02137,2020-R,0.887,1.025,False,False
F02138,2020-R,0.514,0.976,False,False
F02139,2020-R,0.734,1.021,False,False
F02140,2020-R,0.0,0.957,False,True
F02141,2020-R,0.49,0.944,False,False
F02142,2020-R,0.0,0.934,False,True
F02143,2020-R,0.0,0.933,False,True
F02144,2020-R,0.802,1.009,False,False
F02145,2020-R,0.705,0.944,False,False
F02146,2020-R,0.898,1.04,False,False
F02147,2020-R,0.668,1.028,False,False
F02148,2020-R,0.0,0.996,False,True
F02149,2020-R,0.736,1.01,False,False
F02150,2020-R,0.0,0.946,False,True
F02151,2020-R,0.851,0.963,False,False
F02152,2020-R,0.0,1.019,False,True
F02153,2020-R,0.688,0.94,False,True
F02154,2020-R,0.737,0.945,False,False
F02155,2020-R,0.0,0.964,False,True
F02156,2020-R,0.748,0.932,False,False
F02157,2020-R,0.529,1.012,False,False
F02158,2020-R,0.834,1.034,False,False
F02159,2020-R,0.0,0.989,False,True
F02160,2020-R,0.0,0.958,False,True
F02161,2020-R,0.794,0.948,False,False
F02162,2020-R,0.667,1.019,False,False
F02163,2020-R,0.491,0.991,False,False
F02164,2020-R,0.0,0.998,False,True
F02165,2020-R,0.0,1.019,False,True
F02166,2020-R,0.0,0.939,False,True
F02167,2020-R,0.0,1.025,False,True
F02168,2020-R,0.581,0.934,False,False
F02169,2020-R,0.0,0.978,False,True
F02170,2020-R,0.0,0.943,False,True
F02172,2020-R,0.0,0.95,False,True
F02173,2020-R,0.0,1.01,False,True
F02174,2020-R,0.693,0.973,False,False
F02175,2020-R,0.0,1.014,False,True
F02176,2020-R,0.0,0.988,False,True
F02177,2020-R,0.0,0.954,False,True
F02178,2020-R,0.736,0.987,False,False
F02179,2020-R,0.593,0.978,False,False
F02180,2020-R,0.731,1.01,False,False
F02181,2020-R,0.514,0.99,False,False
F02182,2020-R,0.0,1.004,False,True
F02183,2020-R,0.0,0.965,False,True
F02184,2020-R,0.537,1.028,False,False
F02185,2020-R,0.667,1.028,False,False
F02186,2020-R,0.466,0.989,False,False
F02187,2020-R,0.0,0.942,False,True
F02188,2020-R,0.0,0.931,False,True
F02189,2020-R,0.684,0.963,False,False
F02190,2020-R,0.0,0.961,False,True
F02191,2020-R,0.566,0.973,False,False
F02192,2020-R,0.0,1.036,False,True
F02193,2020-R,0.46,0.964,False,True
F02195,2020-R,0.843,1.03,False,False
F02196,2020-R,0.509,0.953,False,False
F02197,2020-R,0.0,0.941,False,True
F02198,2020-R,0.0,0.976,False,True
F02199,2020-R,0.0,0.996,False,True
F02200,2020-R,0.704,0.944,False,False
F02201,2020-R,0.796,0.995,False,False
F02202,2020-R,0.581,1.032,False,False
F02203,2020-R,0.0,1.014,False,True
F02204,2020-R,0.0,0.995,False,True
F02205,2020-R,0.0,1.016,False,True
F02206,2020-R,0.0,0.948,False,True
F02207,2020-R,0.831,0.973,False,False
F02208,2020-R,0.556,0.945,False,False
F02209,2020-R,0.825,1.019,False,False
F02210,2020-R,0.842,0.996,False,False
F02211,2020-R,0.675,0.936,False,False
F02212,2020-R,0.0,1.007,False,True
F02214,2020-R,0.0,1.007,False,True
F02215,2020-R,0.0,0.942,False,True
F02216,2020-R,0.0,0.943,False,True
F02217,2020-R,0.671,0.937,False,False
F02218,2020-R,0.748,0.968,False,True
F02219,2020-R,0.0,1.016,False,True
F02220,2020-R,0.498,1.017,False,False
F02221,2020-R,0.0,1.018,False,True
F02222,2020-R,0.751,1.03,False,False
F02223,2020-R,0.0,1.034,False,True
F02224,2020-R,0.0,1.029,False,True
F02225,2020-R,0.826,1.023,False,False
F02226,2020-R,0.599,0.954,False,False
F02227,2020-R,0.788,1.008,False,False
F02228,2020-R,0.577,0.94,False,False
F02229,2020-R,0.0,1.034,False,True
F02231,2020-R,0.773,0.965,False,False
F02232,2020-R,0.0,1.008,False,True
F02233,2020-R,0.737,1.022,False,False
F02234,2020-R,0.68,0.993,False,False
F02235,2020-R,0.0,0.958,False,True
F02236,2020-R,0.0,1.022,False,True
F02237,2020-R,0.899,1.021,False,False
F02238,2020-R,0.0,0.96,False,True
F02239,2020-R,0.672,1.014,False,False
F02240,2020-R,0.0,0.935,False,True
F02241,2020-R,0.684,0.962,False,False
F02242,2020-R,0.541,1.038,False,False
F02243,2020-R,0.763,0.997,False,False
F02244,2020-R,0.84,0.942,False,False
F02245,2020-R,0.696,1.036,False,False
F02246,2020-R,0.0,1.039,False,True
F02247,2020-R,0.0,1.023,False,True
F02248,2020-R,0.78,0.999,False,False
F02249,2020-R,0.261,1.001,False,False
F02250,2020-R,0.563,0.997,False,False
F02251,2020-R,0.681,1.006,False,False
F02252,2020-R,0.733,1.02,False,False
F02253,2020-R,0.0,0.998,False,True
F02254,2020-R,0.0,0.981,False,True
F02255,2020-R,0.0,0.996,False,True
F02256,2020-R,0.0,0.945,False,True
F02257,2020-R,0.0,0.992,False,True
F02258,2020-R,0.0,0.972,False,True
F02259,2020-R,0.0,0.985,False,True
F02260,2020-R,0.642,1.033,False,False
F02261,2020-R,0.811,1.014,False,False
F02262,2020-R,0.688,0.93,False,False
F02263,2020-R,0.697,0.963,False,False
F02264,2020-R,0.0,0.955,False,True
F02265,2020-R,0.0,1.033,False,True
F02266,2020-R,0.697,0.961,False,False
F02267,2020-R,0.794,0.986,False,False
F02268,2020-R,0.0,0.971,False,True
F02269,2020-R,0.0,0.999,False,True
F02270,2020-R,0.666,0.987,False,False
F02271,2020-R,0.0,0.945,False,True
F02272,2020-R,0.519,0.96,False,False
F02273,2020-R,0.763,0.989,False,False
F02274,2020-R,0.836,1.0,False,False
F02275,2020-R,0.664,0.965,False,False
F02276,2020-R,0.0,1.035,False,True
F02277,2020-R,0.0,1.034,False,True
F02278,2020-R,0.0,0.975,False,True
F02279,2020-R,0.746,0.98,False,False
F02280,2020-R,0.679,1.027,False,False
F02281,2020-R,0.644,1.019,False,False
F02282,2020-R,0.494,0.991,False,False
F02283,2020-R,0.0,0.969,False,True
F02284,2020-R,0.577,0.965,False,False
F02285,2020-R,0.809,0.967,False,False
F02286,2020-R,0.0,0.968,False,True
F02287,2020-R,0.696,1.014,False,False
F02288,2020-R,0.0,1.032,False,True
F02289,2020-R,0.511,1.016,False,False
F02290,2020-R,0.0,1.03,False,True
F02291,2020-R,0.527,0.979,False,False
F02292,2020-R,0.816,0.992,False,False
F02293,2020-R,0.697,0.973,False,False
F02294,2020-R,0.846,0.94,False,False
F02295,2020-R,0.0,1.011,False,True
F02296,2020-R,0.837,0.961,False,False
F02297,2020-R,0.0,0.938,False,True
F02298,2020-R,0.536,0.97,False,False
F02299,2020-R,0.498,1.037,False,False
F02300,2020-R,0.713,0.967,False,False
F02301,2020-R,0.675,0.935,False,False
F02302,2020-R,0.621,0.944,False,False
F02303,2020-R,0.489,0.936,False,False
F02304,2020-R,0.697,0.941,False,False
F02305,2020-R,0.565,0.962,False,False
F02306,2020-R,0.593,1.008,False,False
F02307,2020-R,0.76,1.004,False,False
F02308,2020-R,0.703,0.995,False,False
F02309,2020-R,0.511,1.04,False,False
F02310,2020-R,0.831,1.012,False,False
F02311,2020-R,0.249,0.932,False,True
F02312,2020-R,0.217,0.978,False,True
F02313,2020-R,0.522,1.016,False,False
F02314,2020-R,0.0,0.931,False,True
F02315,2020-R,0.0,0.987,False,True
F02316,2020-R,0.647,0.956,False,False
F02317,2020-R,0.693,1.014,False,False
F02318,2020-R,0.28,0.982,False,False
F02319,2020-R,0.475,0.97,False,False
F02320,2020-R,0.588,1.004,False,True
F02321,2020-R,0.0,0.942,False,True
F02322,2020-R,0.65,0.977,False,False
F02323,2020-R,0.639,1.023,False,False
F02324,2020-R,0.318,0.973,False,True
F02325,2020-R,0.566,1.017,False,False
F02326,2020-R,0.339,0.954,False,True
F02327,2020-R,0.343,0.993,False,True
F02328,2020-R,0.476,0.998,False,False
F02329,2020-R,0.0,0.946,False,True
F02330,2020-R,0.0,0.993,False,True
F02331,2020-R,0.0,0.99,False,True
F02332,2020-R,0.722,0.977,False,False
F02333,2020-R,0.585,1.03,False,False
F02334,2020-R,0.859,0.949,False,False
F02335,2020-R,0.0,0.937,False,True
F02336,2020-R,0.599,0.966,False,False
F02337,2020-R,0.534,0.964,False,True
F02338,2020-R,0.731,0.962,False,False
F02339,2020-R,0.553,0.974,False,False
F02340,2020-R,0.736,0.975,False,False
F02341,2020-R,0.907,1.021,False,False
F02342,2020-R,0.491,0.996,False,False
F02343,2020-R,0.321,1.012,False,True
F02344,2020-R,0.14,0.955,False,True
F02345,2020-R,0.603,1.022,False,False
F02346,2020-R,0.448,1.027,False,False
F02347,2020-R,0.402,0.954,False,False
F02348,2020-R,0.46,0.945,False,False
F02349,2020-R,0.526,1.04,False,False
F02350,2020-R,0.257,0.961,False,True
F02351,2020-R,0.326,1.003,False,True
F02352,2020-R,0.776,0.991,False,False
F02353,2020-R,0.262,0.985,False,True
F02354,2020-R,0.768,0.981,False,False
F02355,2020-R,0.326,1.008,False,True
F02356,2020-R,0.494,0.939,False,False
F02357,2020-R,0.238,1.022,False,True
F02358,2020-R,0.573,0.948,False,False
F02359,2020-R,0.711,1.007,False,False
F02360,2020-R,0.871,0.991,False,False
F02361,2020-R,0.286,0.98,False,True
F02362,2020-R,0.137,0.958,False,True
F02363,2020-R,0.723,0.936,False,False
F02364,2020-R,0.385,0.962,False,True
F02365,2020-R,0.566,1.019,False,False
F02366,2020-R,0.765,0.953,False,False
F02367,2020-R,0.575,0.941,False,False
F02368,2020-R,0.475,0.931,False,False
F02369,2020-R,0.488,1.035,False,False
F02370,2020-R,0.375,0.968,False,True
F02371,2020-R,0.752,1.038,False,False
F02372,2020-R,0.539,1.024,False,False
F02373,2020-R,0.423,0.965,False,False
F01001,2021-K,0.0,0.252,True,True
F01002,2021-K,0.0,0.234,True,True
F01003,2021-K,0.546,0.187,True,False
F01004,2021-K,0.488,0.2,True,False
F01005,2021-K,0.517,0.313,True,False
F01006,2021-K,0.0,0.213,True,True
F01007,2021-K,0.0,0.22,True,True
F01008,2021-K,0.655,0.233,True,False
F01009,2021-K,0.702,0.216,True,False
F01010,2021-K,0.0,0.18,True,True
F01011,2021-K,0.395,0.189,True,False
F01012,2021-K,0.0,0.22,True,True
F01013,2021-K,0.517,0.288,True,False
F01014,2021-K,0.0,0.198,True,True
F01015,2021-K,0.437,0.275,True,False
F01016,2021-K,0.0,0.214,True,True
F01017,2021-K,0.453,0.216,True,False
F01018,2021-K,0.0,0.235,True,True
F01019,2021-K,0.81,0.176,True,False
F01020,2021-K,0.467,0.206,True,False
F01021,2021-K,0.745,0.244,True,False
F01022,2021-K,0.719,0.179,True,False
F01023,2021-K,0.801,0.306,True,False
F01024,2021-K,0.0,0.295,True,True
F01025,2021-K,0.0,0.245,True,True
F01027,2021-K,0.0,0.298,True,True
F01028,2021-K,0.0,0.208,True,True
F01029,2021-K,0.515,0.17,True,False
F01030,2021-K,0.527,0.241,True,False
F01031,2021-K,0.0,0.176,True,True
F01032,2021-K,0.703,0.228,True,False
F01033,2021-K,0.0,0.222,True,True
F01034,2021-K,0.0,0.199,True,True
F01035,2021-K,0.802,0.248,True,False
F01036,2021-K,0.717,0.144,True,False
F01037,2021-K,0.72,0.179,True,False
F01038,2021-K,0.0,0.162,True,True
F01039,2021-K,0.0,0.15,True,True
F01040,2021-K,0.149,0.204,True,False
F01041,2021-K,0.0,0.23,True,True
F01042,2021-K,0.574,0.305,True,False
F01043,2021-K,0.0,0.251,True,True
F01044,2021-K,0.779,0.168,True,False
F01045,2021-K,0.0,0.317,True,True
F01046,2021-K,0.0,0.289,True,True
F01047,2021-K,0.0,0.217,True,True
F01048,2021-K,0.773,0.145,True,False
F01049,2021-K,0.0,0.179,True,True
F01050,2021-K,0.646,0.284,True,False
F01051,2021-K,0.466,0.218,True,False
F01052,2021-K,0.0,0.237,True,True
F01053,2021-K,0.0,0.283,True,True
F01054,2021-K,0.387,0.269,True,False
F01055,2021-K,0.846,0.164,True,False
F01056,2021-K,0.0,0.302,True,True
F01057,2021-K,0.683,0.146,True,False
F01058,2021-K,0.803,0.185,True,False
F01059,2021-K,0.0,0.236,True,True
F01060,2021-K,0.0,0.22,True,True
F01061,2021-K,0.0,0.298,True,True
F01062,2021-K,0.39,0.205,True,False
F01063,2021-K,0.378,0.235,True,False
F01064,2021-K,0.682,0.316,True,False
F01066,2021-K,0.209,0.2,True,False
F01067,2021-K,0.0,0.241,True,True
F01068,2021-K,0.0,0.282,True,True
F01069,2021-K,0.0,0.152,True,True
F01070,2021-K,0.41,0.237,True,False
F01071,2021-K,0.472,0.174,True,False
F01072,2021-K,0.0,0.271,True,True
F01073,2021-K,0.0,0.232,True,True
F01074,2021-K,0.46,0.206,True,False
F01075,2021-K,0.603,0.278,True,False
F01076,2021-K,0.448,0.219,True,False
F01077,2021-K,0.0,0.231,True,True
F01078,2021-K,0.0,0.158,True,True
F01079,2021-K,0.509,0.285,True,False
F01080,2021-K,0.0,0.238,True,True
F01081,2021-K,0.803,0.195,True,False
F01082,2021-K,0.649,0.165,True,False
F01083,2021-K,0.0,0.236,True,True
F01084,2021-K,0.0,0.309,True,True
F01085,2021-K,0.0,0.195,True,True
F01086,2021-K,0.0,0.239,True,True
F01087,2021-K,0.458,0.197,True,False
F01088,2021-K,0.761,0.156,True,False
F01089,2021-K,0.0,0.196,True,True
F01090,2021-K,0.583,0.21,True,False
F01091,2021-K,0.261,0.178,True,False
F01092,2021-K,0.552,0.151,True,False
F01093,2021-K,0.651,0.265,True,False
F01094,2021-K,0.0,0.294,True,True
F01095,2021-K,0.507,0.233,True,False
F01096,2021-K,0.0,0.285,True,True
F01097,2021-K,0.0,0.266,True,True
F01098,2021-K,0.643,0.308,True,False
F01099,2021-K,0.417,0.268,True,False
F01100,2021-K,0.0,0.181,True,True
F01101,2021-K,0.0,0.172,True,True
F01102,2021-K,0.257,0.315,True,False
F01103,2021-K,0.0,0.286,True,True
F01104,2021-K,0.84,0.234,True,False
F01105,2021-K,0.812,0.199,True,False
F01106,2021-K,0.0,0.319,True,True
F01107,2021-K,0.841,0.161,True,False
F01108,2021-K,0.0,0.147,True,True
F01109,2021-K,0.228,0.174,True,False
F01110,2021-K,0.786,0.296,True,False
F01111,2021-K,0.805,0.162,True,False
F01112,2021-K,0.832,0.242,True,False
F01113,2021-K,0.0,0.155,True,True
F01114,2021-K,0.527,0.21,True,False
F01115,2021-K,0.87,0.291,True,False
F01116,2021-K,0.837,0.141,True,False
F01117,2021-K,0.514,0.232,True,False
F01118,2021-K,0.0,0.177,True,True
F01119,2021-K,0.0,0.17,True,True
F01120,2021-K,0.736,0.317,True,False
F01121,2021-K,0.513,0.209,True,False
F01122,2021-K,0.557,0.313,True,False
F01123,2021-K,0.444,0.238,True,False
F01124,2021-K,0.0,0.207,True,True
F01125,2021-K,0.0,0.151,True,True
F01126,2021-K,0.0,0.219,True,True
F01127,2021-K,0.0,0.164,True,True
F01128,2021-K,0.0,0.211,True,True
F01129,2021-K,0.0,0.208,True,True
F01130,2021-K,0.0,0.209,True,True
F01131,2021-K,0.688,0.155,True,False
F01132,2021-K,0.0,0.293,True,True
F01133,2021-K,0.451,0.216,True,False
F01134,2021-K,0.0,0.213,True,True
F01135,2021-K,0.5,0.179,True,False
F01136,2021-K,0.0,0.286,True,True
F01137,2021-K,0.0,0.225,True,True
F01138,2021-K,0.499,0.306,True,False
F01139,2021-K,0.774,0.224,True,False
F01140,2021-K,0.0,0.269,True,True
F01141,2021-K,0.821,0.147,True,False
F01142,2021-K,0.495,0.227,True,False
F01143,2021-K,0.0,0.246,True,True
F01144,2021-K,0.0,0.249,True,True
F01145,2021-K,0.0,0.287,True,True
F01146,2021-K,0.467,0.225,True,False
F01147,2021-K,0.628,0.276,True,False
F01148,2021-K,0.087,0.301,True,False
F01149,2021-K,0.171,0.298,True,False
F01150,2021-K,0.0,0.316,True,True
F01151,2021-K,0.789,0.156,True,False
F01152,2021-K,0.706,0.153,True,False
F01153,2021-K,0.713,0.193,True,False
F01154,2021-K,0.0,0.946,False,True
F01155,2021-K,0.499,0.933,False,False
F01156,2021-K,0.0,1.014,False,True
F01157,2021-K,0.0,0.964,False,True
F01158,2021-K,0.559,0.995,False,False
F01159,2021-K,0.0,0.972,False,True
F01160,2021-K,0.69,1.032,False,False
F01161,2021-K,0.0,0.94,False,True
F01162,2021-K,0.0,1.024,False,True
F01163,2021-K,0.755,1.018,False,False
F01164,2021-K,0.797,1.051,False,False
F01165,2021-K,0.82,0.997,False,False
F01166,2021-K,0.0,1.054,False,True
F01167,2021-K,0.0,0.98,False,True
F01168,2021-K,0.0,0.947,False,True
F01169,2021-K,0.772,0.953,False,False
F01170,2021-K,0.808,0.931,False,False
F01171,2021-K,0.791,0.991,False,False
F01172,2021-K,0.522,1.055,False,False
F01173,2021-K,0.0,0.945,False,True
F01174,2021-K,0.0,0.959,False,True
F01175,2021-K,0.0,0.986,False,True
F01176,2021-K,0.551,0.951,False,False
F01177,2021-K,0.0,0.926,False,True
F01178,2021-K,0.0,1.049,False,True
F01179,2021-K,0.775,0.966,False,False
F01180,2021-K,0.0,1.028,False,True
F01181,2021-K,0.0,1.022,False,True
F01182,2021-K,0.0,0.951,False,True
F01183,2021-K,0.327,0.981,False,True
F01184,2021-K,0.0,1.008,False,True
F01185,2021-K,0.0,0.938,False,True
F01186,2021-K,0.0,0.977,False,True
F01187,2021-K,0.0,0.969,False,True
F01188,2021-K,0.0,1.013,False,True
F01190,2021-K,0.0,0.927,False,True
F01191,2021-K,0.531,0.945,False,False
F01192,2021-K,0.0,1.021,False,True
F01193,2021-K,0.717,0.925,False,False
F01194,2021-K,0.0,0.986,False,True
F01196,2021-K,0.0,0.96,False,True
F01197,2021-K,0.335,0.976,False,False
F01198,2021-K,0.0,1.034,False,True
F01199,2021-K,0.598,0.997,False,False
F01200,2021-K,0.452,0.949,False,False
F01201,2021-K,0.0,1.046,False,True
F01202,2021-K,0.775,0.974,False,False
F01203,2021-K,0.836,1.046,False,False
F01204,2021-K,0.687,0.962,False,True
F01205,2021-K,0.0,0.921,False,True
F01206,2021-K,0.79,1.036,False,True
F01207,2021-K,0.796,0.968,False,False
F01208,2021-K,0.0,0.931,False,True
F01209,2021-K,0.0,0.962,False,True
F01210,2021-K,0.0,1.051,False,True
F01211,2021-K,0.858,1.043,False,False
F01212,2021-K,0.0,1.05,False,True
F01213,2021-K,0.286,1.056,False,True
F01214,2021-K,0.0,1.057,False,True
F01215,2021-K,0.0,0.974,False,True
F01216,2021-K,0.837,1.015,False,False
F01217,2021-K,0.0,0.991,False,True
F01218,2021-K,0.0,1.053,False,True
F01219,2021-K,0.56,0.958,False,False
F01220,2021-K,0.0,1.035,False,True
F01221,2021-K,0.0,1.022,False,True
F01222,2021-K,0.0,0.991,False,True
F01223,2021-K,0.928,0.959,False,False
F01224,2021-K,0.206,1.015,False,True
F01225,2021-K,0.534,1.053,False,False
F01226,2021-K,0.905,0.921,False,False
F01227,2021-K,0.539,1.027,False,False
F01228,2021-K,0.479,1.0,False,False
F01229,2021-K,0.0,0.987,False,True
F01230,2021-K,0.0,0.945,False,True
F01231,2021-K,0.0,1.021,False,True
F01232,2021-K,0.0,1.008,False,True
F01233,2021-K,0.0,1.055,False,True
F01234,2021-K,0.0,0.953,False,True
F01235,2021-K,0.488,1.009,False,False
F01236,2021-K,0.811,1.02,False,False
F01237,2021-K,0.0,1.027,False,True
F01238,2021-K,0.784,1.015,False,False
F01239,2021-K,0.0,0.98,False,True
F01240,2021-K,0.0,0.974,False,True
F01241,2021-K,0.526,1.034,False,False
F01242,2021-K,0.0,0.989,False,True
F01243,2021-K,0.0,0.952,False,True
F01244,2021-K,0.0,0.993,False,True
F01245,2021-K,0.0,0.982,False,True
F01246,2021-K,0.511,0.966,False,False
F01247,2021-K,0.0,1.037,False,True
F01249,2021-K,0.856,1.024,False,False
F01250,2021-K,0.0,1.022,False,True
F01251,2021-K,0.291,1.024,False,True
F01252,2021-K,0.0,1.024,False,True
F01253,2021-K,0.0,0.969,False,True
F01255,2021-K,0.0,0.969,False,True
F01256,2021-K,0.0,0.94,False,True
F01257,2021-K,0.0,1.05,False,True
F01258,2021-K,0.0,1.02,False,True
F01259,2021-K,0.0,0.944,False,True
F01260,2021-K,0.0,1.057,False,True
F01261,2021-K,0.0,1.054,False,True
F01262,2021-K,0.0,1.054,False,True
F01263,2021-K,0.751,1.022,False,False
F01264,2021-K,0.74,0.966,False,False
F01265,2021-K,0.0,1.02,False,True
F01266,2021-K,0.0,1.024,False,True
F01267,2021-K,0.0,0.943,False,True
F01268,2021-K,0.0,0.974,False,True
F01269,2021-K,0.0,1.02,False,True
F01270,2021-K,0.0,1.037,False,True
F01271,2021-K,0.0,1.005,False,True
F01272,2021-K,0.0,0.957,False,True
F01273,2021-K,0.0,0.964,False,True
F01274,2021-K,0.742,1.033,False,False
F01275,2021-K,0.533,0.96,False,False
F01276,2021-K,0.792,0.928,False,False
F01277,2021-K,0.0,1.014,False,True
F01278,2021-K,0.0,0.94,False,True
F01279,2021-K,0.0,0.994,False,True
F01280,2021-K,0.709,1.058,False,False
F01281,2021-K,0.0,0.938,False,True
F01282,2021-K,0.33,1.005,False,True
F01283,2021-K,0.5,0.981,False,False
F01284,2021-K,0.0,1.059,False,True
F01285,2021-K,0.521,0.977,False,False
F01286,2021-K,0.295,1.011,False,True
F01287,2021-K,0.0,0.937,False,True
F01288,2021-K,0.861,0.986,False,False
F01289,2021-K,0.0,1.015,False,True
F01290,2021-K,0.0,0.921,False,True
F01291,2021-K,0.0,0.934,False,True
F01292,2021-K,0.867,1.034,False,False
F01293,2021-K,0.481,0.993,False,False
F01295,2021-K,0.0,0.969,False,True
F01296,2021-K,0.729,0.974,False,False
F01297,2021-K,0.594,0.99,False,False
F01298,2021-K,0.0,1.031,False,True
F01299,2021-K,0.0,1.005,False,True
F01300,2021-K,0.0,1.054,False,True
F01301,2021-K,0.897,1.041,False,False
F01302,2021-K,0.771,1.007,False,False
F01303,2021-K,0.223,0.947,False,True
F01304,2021-K,0.0,0.939,False,True
F01306,2021-K,0.0,1.029,False,True
F01307,2021-K,0.898,1.003,False,False
F01308,2021-K,0.896,0.943,False,False
F01309,2021-K,0.0,1.018,False,True
F01310,2021-K,0.207,1.015,False,True
F01311,2021-K,0.564,0.928,False,False
F01312,2021-K,0.887,0.976,False,False
F01313,2021-K,0.0,0.922,False,True
F01314,2021-K,0.0,0.994,False,True
F01315,2021-K,0.0,1.011,False,True
F01316,2021-K,0.0,1.029,False,True
F01317,2021-K,0.665,0.987,False,False
F01318,2021-K,0.0,1.023,False,True
F01319,2021-K,0.883,1.034,False,False
F01320,2021-K,0.489,1.009,False,False
F01321,2021-K,0.0,0.999,False,True
F01322,2021-K,0.663,0.93,False,False
F01323,2021-K,0.0,0.968,False,True
F01324,2021-K,0.547,0.986,False,False
F01326,2021-K,0.0,1.058,False,True
F01329,2021-K,0.862,0.969,False,False
F01330,2021-K,0.177,1.006,False,True
F01331,2021-K,0.911,0.987,False,False
F01332,2021-K,0.0,0.934,False,True
F01333,2021-K,0.174,1.058,False,True
F01334,2021-K,0.0,1.027,False,True
F01336,2021-K,0.0,0.971,False,True
F01337,2021-K,0.0,0.992,False,True
F01338,2021-K,0.0,0.986,False,True
F01339,2021-K,0.0,0.966,False,True
F01340,2021-K,0.591,1.045,False,False
F01341,2021-K,0.0,0.964,False,True
F01342,2021-K,0.774,1.022,False,False
F01344,2021-K,0.0,0.975,False,True
F01347,2021-K,0.588,0.962,False,False
F01348,2021-K,0.506,1.015,False,False
F01349,2021-K,0.0,1.036,False,True
F01350,2021-K,0.781,0.957,False,False
F01351,2021-K,0.0,1.031,False,True
F01352,2021-K,0.839,1.008,False,False
F01353,2021-K,0.0,1.044,False,True
F01354,2021-K,0.0,1.01,False,True
F01355,2021-K,0.0,0.941,False,True
F01356,2021-K,0.0,1.019,False,True
F01357,2021-K,0.0,0.935,False,True
F01358,2021-K,0.0,1.049,False,True
F01359,2021-K,0.0,1.018,False,True
F01360,2021-K,0.802,1.031,False,False
F01361,2021-K,0.0,0.969,False,True
F01362,2021-K,0.899,0.977,False,False
F01363,2021-K,0.0,1.031,False,True
F01364,2021-K,0.867,1.021,False,False
F01365,2021-K,0.0,0.959,False,True
F01366,2021-K,0.453,1.035,False,False
F01367,2021-K,0.0,1.051,False,True
F01368,2021-K,0.0,0.976,False,True
F01369,2021-K,0.854,1.016,False,False
F01370,2021-K,0.899,1.03,False,False
F01371,2021-K,0.0,0.939,False,True
F01372,2021-K,0.0,0.959,False,True
F01373,2021-K,0.0,0.945,False,True
F01374,2021-K,0.181,0.998,False,True
F01375,2021-K,0.0,0.966,False,True
F01376,2021-K,0.568,1.044,False,False
F01377,2021-K,0.0,0.975,False,True
F01378,2021-K,0.875,1.027,False,False
F01379,2021-K,0.891,0.991,False,False
F01380,2021-K,0.73,0.988,False,False
F01381,2021-K,0.0,0.994,False,True
F01382,2021-K,0.927,1.027,False,False
F01383,2021-K,0.0,1.048,False,True
F01384,2021-K,0.84,1.003,False,False
F01385,2021-K,0.515,0.941,False,False
F01386,2021-K,0.834,0.998,False,False
F01387,2021-K,0.0,0.94,False,True
F01388,2021-K,0.0,0.927,False,True
F01389,2021-K,0.0,0.94,False,True
F01390,2021-K,0.528,0.926,False,False
F01391,2021-K,0.88,0.999,False,False
F01392,2021-K,0.0,0.996,False,True
F01393,2021-K,0.502,0.936,False,False
F01394,2021-K,0.692,0.921,False,False
F01395,2021-K,0.929,1.042,False,False
F01396,2021-K,0.922,1.011,False,False
F01397,2021-K,0.0,1.021,False,True
F01398,2021-K,0.826,1.048,False,False
F01400,2021-K,0.762,1.058,False,False
F01401,2021-K,0.842,0.937,False,False
F01402,2021-K,0.0,0.923,False,True
F01403,2021-K,0.0,0.927,False,True
F01404,2021-K,0.703,1.037,False,False
F01405,2021-K,0.0,1.043,False,True
F01406,2021-K,0.0,1.052,False,True
F01407,2021-K,0.0,1.013,False,True
F01408,2021-K,0.588,1.018,False,False
F01409,2021-K,0.572,0.99,False,False
F01410,2021-K,0.0,1.05,False,True
F01411,2021-K,0.0,0.994,False,True
F01412,2021-K,0.786,0.941,False,False
F01413,2021-K,0.0,1.025,False,True
F01414,2021-K,0.534,1.045,False,False
F01415,2021-K,0.0,0.96,False,True
F01416,2021-K,0.0,0.988,False,True
F01417,2021-K,0.596,1.009,False,False
F01418,2021-K,0.0,1.001,False,True
F01419,2021-K,0.704,1.038,False,False
F01420,2021-K,0.582,0.946,False,False
F01421,2021-K,0.0,0.954,False,True
F01422,2021-K,0.0,1.023,False,True
F01423,2021-K,0.0,0.965,False,True
F01424,2021-K,0.715,1.008,False,False
F01425,2021-K,0.7,1.049,False,False
F01426,2021-K,0.0,1.051,False,True
F01427,2021-K,0.0,1.0,False,True
F01428,2021-K,0.78,0.966,False,False
F01429,2021-K,0.0,0.984,False,True
F01430,2021-K,0.729,0.981,False,False
F01431,2021-K,0.737,0.953,False,False
F01432,2021-K,0.683,1.037,False,False
F01433,2021-K,0.53,1.028,False,False
F01434,2021-K,0.0,0.97,False,True
F01435,2021-K,0.0,0.94,False,True
F01436,2021-K,0.0,1.029,False,True
F01437,2021-K,0.0,0.989,False,True
F01438,2021-K,0.0,1.022,False,True
F01439,2021-K,0.0,0.976,False,True
F01440,2021-K,0.0,0.93,False,True
F01441,2021-K,0.785,0.935,False,False
F01442,2021-K,0.0,1.017,False,True
F01443,2021-K,0.0,0.959,False,True
F01444,2021-K,0.0,1.032,False,True
F01445,2021-K,0.0,0.988,False,True
F01446,2021-K,0.0,1.0,False,True
F01447,2021-K,0.0,0.994,False,True
F01448,2021-K,0.589,1.014,False,False
F01449,2021-K,0.0,1.05,False,True
F01450,2021-K,0.793,0.945,False,False
F01452,2021-K,0.0,1.024,False,True
F01453,2021-K,0.78,0.987,False,False
F01454,2021-K,0.0,1.015,False,True
F01455,2021-K,0.0,0.948,False,True
F01456,2021-K,0.0,0.98,False,True
F01457,2021-K,0.775,0.936,False,False
F01458,2021-K,0.0,0.965,False,True
F01459,2021-K,0.0,0.934,False,True
F01460,2021-K,0.0,0.947,False,True
F01461,2021-K,0.0,0.994,False,True
F01462,2021-K,0.0,0.965,False,True
F01463,2021-K,0.0,0.977,False,True
F01464,2021-K,0.571,0.985,False,False
F01465,2021-K,0.216,0.97,False,True
F01466,2021-K,0.0,0.973,False,True
F01467,2021-K,0.449,1.016,False,False
F01468,2021-K,0.0,0.989,False,True
F01469,2021-K,0.0,1.05,False,True
F01470,2021-K,0.454,0.944,False,True
F01471,2021-K,0.0,1.017,False,True
F01472,2021-K,0.0,1.007,False,True
F01473,2021-K,0.0,0.927,False,True
F01474,2021-K,0.0,1.052,False,True
F01475,2021-K,0.0,0.959,False,True
F01476,2021-K,0.7,0.954,False,False
F01477,2021-K,0.0,1.044,False,True
F01478,2021-K,0.0,1.048,False,True
F01479,2021-K,0.506,1.008,False,False
F01480,2021-K,0.0,1.054,False,True
F01481,2021-K,0.695,0.934,False,False
F01482,2021-K,0.0,1.019,False,True
F01483,2021-K,0.0,1.05,False,True
F01484,2021-K,0.0,0.952,False,True
F01485,2021-K,0.0,0.969,False,True
F01486,2021-K,0.0,1.057,False,True
F01487,2021-K,0.0,1.042,False,True
F01488,2021-K,0.0,0.99,False,True
F01489,2021-K,0.593,1.039,False,False
F01490,2021-K,0.772,0.988,False,False
F01491,2021-K,0.0,1.047,False,True
F01492,2021-K,0.816,0.997,False,False
F01493,2021-K,0.0,1.045,False,True
F01494,2021-K,0.0,0.975,False,True
F01495,2021-K,0.682,1.022,False,False
F01496,2021-K,0.0,0.957,False,True
F01498,2021-K,0.736,0.968,False,False
F01499,2021-K,0.82,1.047,False,False
F01501,2021-K,0.461,0.947,False,False
F01502,2021-K,0.598,0.925,False,False
F01503,2021-K,0.0,1.022,False,True
F01504,2021-K,0.0,0.974,False,True
F01505,2021-K,0.468,1.029,False,False
F01506,2021-K,0.0,1.006,False,True
F01507,2021-K,0.0,0.921,False,True
F01508,2021-K,0.0,0.94,False,True
F01509,2021-K,0.786,1.024,False,False
F01510,2021-K,0.572,0.984,False,False
F01511,2021-K,0.702,0.992,False,False
F01512,2021-K,0.0,1.033,False,True
F01513,2021-K,0.736,0.987,False,False
F01514,2021-K,0.503,0.988,False,False
F01515,2021-K,0.0,0.99,False,True
F01516,2021-K,0.0,0.972,False,True
F01517,2021-K,0.0,0.973,False,True
F01518,2021-K,0.595,1.034,False,False
F01519,2021-K,0.0,1.006,False,True
F01520,2021-K,0.0,0.976,False,True
F01521,2021-K,0.0,1.045,False,True
F01523,2021-K,0.0,1.014,False,True
F01524,2021-K,0.0,1.028,False,True
F01525,2021-K,0.0,1.036,False,True
F01526,2021-K,0.476,0.961,False,False
F01527,2021-K,0.534,1.046,False,False
F01528,2021-K,0.489,0.954,False,False
F01529,2021-K,0.0,0.955,False,True
F01530,2021-K,0.559,0.959,False,False
F01531,2021-K,0.0,1.041,False,True
F01532,2021-K,0.0,0.998,False,True
F01533,2021-K,0.0,0.945,False,True
F01534,2021-K,0.0,0.984,False,True
F01535,2021-K,0.49,1.049,False,False
F01536,2021-K,0.0,1.026,False,True
F01537,2021-K,0.715,1.01,False,False
F01538,2021-K,0.715,0.93,False,False
F01539,2021-K,0.0,1.029,False,True
F01540,2021-K,0.0,0.993,False,True
F01541,2021-K,0.0,1.015,False,True
F01542,2021-K,0.539,0.997,False,False
F01543,2021-K,0.682,1.017,False,False
F01544,2021-K,0.821,0.951,False,False
F01545,2021-K,0.801,0.993,False,False
F01546,2021-K,0.733,0.929,False,False
F01547,2021-K,0.495,0.971,False,True
F01548,2021-K,0.849,1.003,False,False
F01549,2021-K,0.0,0.983,False,True
F01550,2021-K,0.675,1.041,False,False
F01551,2021-K,0.0,1.021,False,True
F01553,2021-K,0.686,0.948,False,False
F01554,2021-K,0.0,0.93,False,True
F01555,2021-K,0.0,1.038,False,True
F01556,2021-K,0.462,1.014,False,False
F01557,2021-K,0.0,1.001,False,True
F01558,2021-K,0.919,0.961,False,False
F01559,2021-K,0.0,0.949,False,True
F01560,2021-K,0.751,0.96,False,False
F01561,2021-K,0.709,1.004,False,False
F01562,2021-K,0.0,1.041,False,True
F01563,2021-K,0.675,1.048,False,False
F01564,2021-K,0.926,0.968,False,False
F01565,2021-K,0.0,0.921,False,True
F01566,2021-K,0.0,0.948,False,True
F01568,2021-K,0.881,1.006,False,False
F01569,2021-K,0.917,0.971,False,False
F01570,2021-K,0.0,1.06,False,True
F01571,2021-K,0.0,1.054,False,True
F01572,2021-K,0.0,0.923,False,True
F01573,2021-K,0.0,1.059,False,True
F01574,2021-K,0.0,1.011,False,True
F01575,2021-K,0.574,1.037,False,False
F01576,2021-K,0.766,0.957,False,False
F01577,2021-K,0.464,1.05,False,False
F01578,2021-K,0.0,0.926,False,True
F01579,2021-K,0.0,1.05,False,True
F01580,2021-K,0.879,0.974,False,False
F01581,2021-K,0.818,0.979,False,False
F01582,2021-K,0.825,0.946,False,False
F01583,2021-K,0.0,0.965,False,True
F01584,2021-K,0.0,0.976,False,True
F01585,2021-K,0.0,0.989,False,True
F01586,2021-K,0.769,0.932,False,False
F01587,2021-K,0.696,0.997,False,False
F01589,2021-K,0.521,0.948,False,False
F01590,2021-K,0.461,0.957,False,False
F01591,2021-K,0.264,0.97,False,True
F01592,2021-K,0.0,1.034,False,True
F01593,2021-K,0.864,0.957,False,False
F01594,2021-K,0.0,0.966,False,True
F01595,2021-K,0.545,0.978,False,False
F01596,2021-K,0.0,0.99,False,True
F01597,2021-K,0.0,0.955,False,True
F01598,2021-K,0.0,0.968,False,True
F01599,2021-K,0.762,0.922,False,False
F01600,2021-K,0.0,1.049,False,True
F01601,2021-K,0.0,0.932,False,True
F01602,2021-K,0.0,0.94,False,True
F01603,2021-K,0.556,0.993,False,False
F01604,2021-K,0.303,1.047,False,True
F01605,2021-K,0.0,0.943,False,True
F01606,2021-K,0.795,1.043,False,False
F01607,2021-K,0.806,0.998,False,False
F01608,2021-K,0.0,1.042,False,True
F01609,2021-K,0.0,0.929,False,True
F01610,2021-K,0.827,1.058,False,False
F01611,2021-K,0.0,0.954,False,True
F01612,2021-K,0.783,0.926,False,False
F01613,2021-K,0.0,1.052,False,True
F01614,2021-K,0.0,1.019,False,True
F01615,2021-K,0.0,1.008,False,True
F01616,2021-K,0.0,0.939,False,True
F01617,2021-K,0.0,1.005,False,True
F01618,2021-K,0.0,1.023,False,True
F01619,2021-K,0.0,0.93,False,True
F01620,2021-K,0.183,0.982,False,True
F01621,2021-K,0.0,1.027,False,True
F01622,2021-K,0.0,0.952,False,True
F01623,2021-K,0.0,0.964,False,True
F01624,2021-K,0.0,0.984,False,True
F01625,2021-K,0.0,0.941,False,True
F01626,2021-K,0.0,0.976,False,True
F01627,2021-K,0.0,0.934,False,True
F01628,2021-K,0.0,0.946,False,True
F01629,2021-K,0.0,0.997,False,True
F01630,2021-K,0.724,0.964,False,False
F01631,2021-K,0.0,1.007,False,True
F01632,2021-K,0.0,0.929,False,True
F01633,2021-K,0.533,0.932,False,False
F01634,2021-K,0.0,0.945,False,True
F01635,2021-K,0.0,1.002,False,True
F01636,2021-K,0.686,0.987,False,False
F01637,2021-K,0.675,1.031,False,False
F01638,2021-K,0.693,1.016,False,False
F01639,2021-K,0.0,0.982,False,True
F01640,2021-K,0.581,1.035,False,False
F01641,2021-K,0.0,0.998,False,True
F01642,2021-K,0.746,0.944,False,False
F01643,2021-K,0.593,1.036,False,False
F01644,2021-K,0.787,1.059,False,False
F01645,2021-K,0.798,0.928,False,False
F01646,2021-K,0.0,0.97,False,True
F01647,2021-K,0.0,0.926,False,True
F01648,2021-K,0.0,1.003,False,True
F01649,2021-K,0.682,0.922,False,False
F01650,2021-K,0.478,1.045,False,False
F01651,2021-K,0.0,1.008,False,True
F01652,2021-K,0.0,1.055,False,True
F01653,2021-K,0.545,0.976,False,False
F01654,2021-K,0.562,1.033,False,False
F01655,2021-K,0.0,1.028,False,True
F01656,2021-K,0.0,0.956,False,True
F01657,2021-K,0.0,0.987,False,True
F01658,2021-K,0.77,0.945,False,False
F01659,2021-K,0.0,1.042,False,True
F01660,2021-K,0.783,0.995,False,False
F01661,2021-K,0.0,1.015,False,True
F01662,2021-K,0.548,1.008,False,False
F01663,2021-K,0.0,1.019,False,True
F01665,2021-K,0.0,0.968,False,True
F01666,2021-K,0.581,1.038,False,False
F01667,2021-K,0.0,1.043,False,True
F01668,2021-K,0.0,1.03,False,True
F01669,2021-K,0.0,0.963,False,True
F01670,2021-K,0.794,0.925,False,False
F01671,2021-K,0.589,1.043,False,False
F01672,2021-K,0.0,0.962,False,True
F01673,2021-K,0.0,0.998,False,True
F01674,2021-K,0.0,1.058,False,True
F01675,2021-K,0.746,0.992,False,False
F01676,2021-K,0.0,0.98,False,True
F01677,2021-K,0.0,0.986,False,True
F01678,2021-K,0.0,0.966,False,True
F01679,2021-K,0.0,0.953,False,True
F01680,2021-K,0.497,1.045,False,True
F01681,2021-K,0.0,0.924,False,True
F01682,2021-K,0.0,0.946,False,True
F01683,2021-K,0.0,0.953,False,True
F01684,2021-K,0.0,0.973,False,True
F01685,2021-K,0.0,0.928,False,True
F01686,2021-K,0.0,0.944,False,True
F01687,2021-K,0.827,0.924,False,False
F01688,2021-K,0.0,0.93,False,True
F01689,2021-K,0.0,0.952,False,True
F01690,2021-K,0.0,1.007,False,True
F01691,2021-K,0.0,1.052,False,True
F01692,2021-K,0.192,1.004,False,True
F01693,2021-K,0.471,1.052,False,False
F01694,2021-K,0.741,0.965,False,False
F01695,2021-K,0.488,0.923,False,False
F01696,2021-K,0.856,0.972,False,False
F01697,2021-K,0.0,1.049,False,True
F01698,2021-K,0.0,0.947,False,True
F01699,2021-K,0.0,0.953,False,True
F01700,2021-K,0.0,0.966,False,True
F01701,2021-K,0.0,0.921,False,True
F01702,2021-K,0.826,1.001,False,False
F01703,2021-K,0.558,0.937,False,False
F01704,2021-K,0.0,1.024,False,True
F01705,2021-K,0.0,1.023,False,True
F01706,2021-K,0.873,0.959,False,False
F01707,2021-K,0.888,1.04,False,False
F01708,2021-K,0.0,1.023,False,True
F01709,2021-K,0.887,1.059,False,False
F01710,2021-K,0.0,0.952,False,True
F01711,2021-K,0.0,0.936,False,True
F01712,2021-K,0.0,0.96,False,True
F01713,2021-K,0.0,0.934,False,True
F01714,2021-K,0.754,0.966,False,False
F01715,2021-K,0.0,0.998,False,True
F01716,2021-K,0.0,1.036,False,True
F01717,2021-K,0.0,1.04,False,True
F01718,2021-K,0.76,0.977,False,False
F01719,2021-K,0.513,0.945,False,False
F01720,2021-K,0.579,0.922,False,False
F01721,2021-K,0.0,1.037,False,True
F01722,2021-K,0.703,0.941,False,False
F01723,2021-K,0.0,1.042,False,True
F01724,2021-K,0.778,0.94,False,False
F01725,2021-K,0.534,0.997,False,False
F01726,2021-K,0.0,1.021,False,True
F01727,2021-K,0.0,0.966,False,True
F01728,2021-K,0.0,0.956,False,True
F01729,2021-K,0.808,0.929,False,False
F01730,2021-K,0.729,1.031,False,False
F01731,2021-K,0.0,0.978,False,True
F01732,2021-K,0.765,0.953,False,False
F01733,2021-K,0.0,1.035,False,True
F01734,2021-K,0.0,0.97,False,True
F01735,2021-K,0.0,1.034,False,True
F01736,2021-K,0.0,0.991,False,True
F01737,2021-K,0.0,1.013,False,True
F01738,2021-K,0.0,1.053,False,True
F01739,2021-K,0.0,0.956,False,True
F01740,2021-K,0.821,1.012,False,False
F01741,2021-K,0.732,1.029,False,False
F01742,2021-K,0.8,0.968,False,False
F01743,2021-K,0.476,1.032,False,False
F01744,2021-K,0.0,1.028,False,True
F01745,2021-K,0.0,1.031,False,True
F01746,2021-K,0.0,1.052,False,True
F01747,2021-K,0.75,0.932,False,False
F01748,2021-K,0.0,0.977,False,True
F01749,2021-K,0.0,0.964,False,True
F01750,2021-K,0.554,1.045,False,False
F01751,2021-K,0.0,1.015,False,True
F01752,2021-K,0.0,0.962,False,True
F01753,2021-K,0.727,0.946,False,False
F01754,2021-K,0.0,1.054,False,True
F01755,2021-K,0.689,0.957,False,False
F01756,2021-K,0.0,0.94,False,True
F01757,2021-K,0.326,0.98,False,False
F01758,2021-K,0.0,1.048,False,True
F01759,2021-K,0.0,1.012,False,True
F01760,2021-K,0.529,1.0,False,False
F01761,2021-K,0.0,1.042,False,True
F01763,2021-K,0.0,0.989,False,True
F01764,2021-K,0.595,0.994,False,False
F01765,2021-K,0.765,0.981,False,False
F01766,2021-K,0.0,0.96,False,True
F01767,2021-K,0.0,0.978,False,True
F01769,2021-K,0.0,1.041,False,True
F01770,2021-K,0.544,0.963,False,True
F01771,2021-K,0.0,1.002,False,True
F01772,2021-K,0.542,1.004,False,False
F01773,2021-K,0.0,1.003,False,True
F01774,2021-K,0.735,1.016,False,False
F01775,2021-K,0.0,1.06,False,True
F01776,2021-K,0.0,1.0,False,True
F01777,2021-K,0.0,0.996,False,True
F01779,2021-K,0.844,1.007,False,False
F01780,2021-K,0.27,1.011,False,True
F01781,2021-K,0.705,1.027,False,False
F01782,2021-K,0.505,1.028,False,False
F01783,2021-K,0.72,1.043,False,False
F01784,2021-K,0.813,1.004,False,False
F01786,2021-K,0.781,0.984,False,False
F01787,2021-K,0.691,1.019,False,False
F01788,2021-K,0.857,0.935,False,False
F01789,2021-K,0.0,0.968,False,True
F01790,2021-K,0.0,0.951,False,True
F01791,2021-K,0.831,1.029,False,False
F01792,2021-K,0.0,1.021,False,True
F01793,2021-K,0.0,1.053,False,True
F01794,2021-K,0.584,0.967,False,False
F01795,2021-K,0.0,1.001,False,True
F01796,2021-K,0.0,0.932,False,True
F01797,2021-K,0.0,1.005,False,True
F01798,2021-K,0.58,0.976,False,False
F01800,2021-K,0.507,1.057,False,False
F01801,2021-K,0.457,0.934,False,False
F01802,2021-K,0.0,0.924,False,True
F01803,2021-K,0.73,0.928,False,False
F01804,2021-K,0.0,0.955,False,True
F01805,2021-K,0.862,1.005,False,False
F01806,2021-K,0.85,1.048,False,False
F01807,2021-K,0.0,1.052,False,True
F01808,2021-K,0.774,0.945,False,False
F01809,2021-K,0.691,0.944,False,False
F01810,2021-K,0.0,0.939,False,True
F01812,2021-K,0.0,0.986,False,True
F01813,2021-K,0.0,1.003,False,True
F01814,2021-K,0.0,0.958,False,True
F01815,2021-K,0.666,0.966,False,False
F01816,2021-K,0.0,1.01,False,True
F01817,2021-K,0.755,0.954,False,False
F01818,2021-K,0.72,1.017,False,False
F01819,2021-K,0.0,1.05,False,True
F01820,2021-K,0.0,1.04,False,True
F01821,2021-K,0.0,1.008,False,True
F01822,2021-K,0.0,0.939,False,True
F01823,2021-K,0.884,0.934,False,False
F01824,2021-K,0.0,0.972,False,True
F01825,2021-K,0.873,1.014,False,False
F01826,2021-K,0.0,1.009,False,True
F01827,2021-K,0.0,0.932,False,True
F01828,2021-K,0.0,0.943,False,True
F01829,2021-K,0.598,0.965,False,False
F01830,2021-K,0.0,0.991,False,True
F01831,2021-K,0.695,0.974,False,False
F01832,2021-K,0.0,0.972,False,True
F01833,2021-K,0.824,0.938,False,False
F01834,2021-K,0.0,0.992,False,True
F01835,2021-K,0.0,1.058,False,True
F01837,2021-K,0.484,0.925,False,False
F01838,2021-K,0.748,0.972,False,False
F01839,2021-K,0.766,1.058,False,False
F01840,2021-K,0.0,0.948,False,True
F01841,2021-K,0.494,1.041,False,True
F01842,2021-K,0.744,0.972,False,False
F01843,2021-K,0.512,0.981,False,False
F01844,2021-K,0.817,1.048,False,False
F01845,2021-K,0.0,0.956,False,True
F01846,2021-K,0.528,1.009,False,False
F01847,2021-K,0.0,1.011,False,True
F01848,2021-K,0.815,0.93,False,False
F01849,2021-K,0.712,0.968,False,False
F01850,2021-K,0.0,0.922,False,True
F01851,2021-K,0.699,0.969,False,False
F01852,2021-K,0.824,1.036,False,False
F01853,2021-K,0.0,0.969,False,True
F01854,2021-K,0.0,1.044,False,True
F01855,2021-K,0.0,1.022,False,True
F01856,2021-K,0.0,1.056,False,True
F01857,2021-K,0.0,0.987,False,True
F01858,2021-K,0.475,1.023,False,False
F01859,2021-K,0.828,1.042,False,False
F01860,2021-K,0.0,0.993,False,True
F01861,2021-K,0.742,0.92,False,False
F01862,2021-K,0.0,1.005,False,True
F01863,2021-K,0.209,0.944,False,True
F01864,2021-K,0.0,0.959,False,True
F01865,2021-K,0.496,0.991,False,False
F01866,2021-K,0.747,0.959,False,False
F01867,2021-K,0.684,0.958,False,False
F01868,2021-K,0.0,1.036,False,True
F01869,2021-K,0.0,0.959,False,True
F01870,2021-K,0.0,0.962,False,True
F01871,2021-K,0.0,1.024,False,True
F01872,2021-K,0.922,0.952,False,False
F01873,2021-K,0.462,0.98,False,False
F01874,2021-K,0.0,0.935,False,True
F01875,2021-K,0.85,0.976,False,False
F01876,2021-K,0.902,1.035,False,False
F01877,2021-K,0.0,1.021,False,True
F01878,2021-K,0.704,0.946,False,False
F01879,2021-K,0.0,0.945,False,True
F01880,2021-K,0.814,0.948,False,False
F01881,2021-K,0.82,1.004,False,False
F01882,2021-K,0.872,0.928,False,False
F01883,2021-K,0.0,0.975,False,True
F01884,2021-K,0.0,1.014,False,True
F01885,2021-K,0.688,1.022,False,False
F01886,2021-K,0.79,1.047,False,False
F01887,2021-K,0.0,0.987,False,True
F01888,2021-K,0.0,0.926,False,True
F01889,2021-K,0.735,0.951,False,False
F01890,2021-K,0.559,0.991,False,False
F01891,2021-K,0.547,0.927,False,False
F01892,2021-K,0.0,0.927,False,True
F01893,2021-K,0.589,0.946,False,False
F01894,2021-K,0.0,1.021,False,True
F01895,2021-K,0.0,0.969,False,True
F01896,2021-K,0.0,0.946,False,True
F01897,2021-K,0.0,0.939,False,True
F01898,2021-K,0.0,1.02,False,True
F01899,2021-K,0.75,1.035,False,False
F01900,2021-K,0.0,1.011,False,True
F01901,2021-K,0.544,0.943,False,False
F01902,2021-K,0.0,1.021,False,True
F01903,2021-K,0.792,0.971,False,False
F01904,2021-K,0.219,0.942,False,False
F01905,2021-K,0.507,0.943,False,False
F01906,2021-K,0.0,1.043,False,True
F01907,2021-K,0.789,1.03,False,False
F01908,2021-K,0.573,1.057,False,False
F01909,2021-K,0.487,1.044,False,False
F01910,2021-K,0.0,1.056,False,True
F01911,2021-K,0.0,1.029,False,True
F01912,2021-K,0.0,0.964,False,True
F01913,2021-K,0.475,0.931,False,False
F01914,2021-K,0.567,1.05,False,False
F01915,2021-K,0.881,0.983,False,False
F01916,2021-K,0.742,0.98,False,False
F01917,2021-K,0.708,0.946,False,False
F01918,2021-K,0.77,0.962,False,False
F01919,2021-K,0.0,1.011,False,True
F01920,2021-K,0.594,1.023,False,False
F01921,2021-K,0.69,0.968,False,False
F01922,2021-K,0.845,1.057,False,False
F01923,2021-K,0.0,0.929,False,True
F01924,2021-K,0.773,1.027,False,False
F01925,2021-K,0.588,1.015,False,False
F01926,2021-K,0.87,0.972,False,False
F01927,2021-K,0.879,0.929,False,False
F01928,2021-K,0.0,0.928,False,True
F01929,2021-K,0.564,1.006,False,False
F01930,2021-K,0.0,0.962,False,True
F01931,2021-K,0.692,0.97,False,False
F01932,2021-K,0.0,1.054,False,True
F01933,2021-K,0.48,1.02,False,False
F01934,2021-K,0.491,0.973,False,False
F01935,2021-K,0.0,1.054,False,True
F01936,2021-K,0.0,0.983,False,True
F01937,2021-K,0.809,0.984,False,False
F01938,2021-K,0.0,1.054,False,True
F01939,2021-K,0.553,0.966,False,False
F01940,2021-K,0.838,1.056,False,False
F01941,2021-K,0.0,1.047,False,True
F01942,2021-K,0.0,0.985,False,True
F01943,2021-K,0.0,0.966,False,True
F01944,2021-K,0.0,1.039,False,True
F01945,2021-K,0.0,1.031,False,True
F01946,2021-K,0.0,1.007,False,True
F01947,2021-K,0.0,1.024,False,True
F01948,2021-K,0.594,0.984,False,False
F01949,2021-K,0.53,1.001,False,False
F01950,2021-K,0.0,0.985,False,True
F01951,2021-K,0.771,0.995,False,False
F01952,2021-K,0.478,0.991,False,False
F01953,2021-K,0.0,1.002,False,True
F01954,2021-K,0.0,1.006,False,True
F01955,2021-K,0.0,0.926,False,True
F01956,2021-K,0.0,1.022,False,True
F01957,2021-K,0.0,0.947,False,True
F01958,2021-K,0.516,0.967,False,False
F01959,2021-K,0.73,0.999,False,False
F01960,2021-K,0.0,0.965,False,True
F01961,2021-K,0.0,1.021,False,True
F01962,2021-K,0.0,0.94,False,True
F01963,2021-K,0.0,1.027,False,True
F01964,2021-K,0.832,0.942,False,False
F01965,2021-K,0.0,0.972,False,True
F01966,2021-K,0.55,0.958,False,False
F01967,2021-K,0.0,1.039,False,True
F01969,2021-K,0.579,1.038,False,False
F01970,2021-K,0.536,0.93,False,False
F01971,2021-K,0.0,0.977,False,True
F01972,2021-K,0.0,1.051,False,True
F01973,2021-K,0.746,0.988,False,False
F01974,2021-K,0.519,1.011,False,False
F01975,2021-K,0.0,0.96,False,True
F01976,2021-K,0.472,1.037,False,False
F01977,2021-K,0.0,0.925,False,True
F01978,2021-K,0.736,1.055,False,False
F01979,2021-K,0.75,0.957,False,False
F01980,2021-K,0.0,0.936,False,True
F01981,2021-K,0.0,1.01,False,True
F01982,2021-K,0.595,0.924,False,False
F01983,2021-K,0.465,1.025,False,False
F01984,2021-K,0.0,0.965,False,True
F01985,2021-K,0.0,0.929,False,True
F01986,2021-K,0.763,0.999,False,False
F01987,2021-K,0.0,1.023,False,True
F01988,2021-K,0.0,0.998,False,True
F01989,2021-K,0.91,0.953,False,False
F01990,2021-K,0.5,1.051,False,False
F01991,2021-K,0.537,1.037,False,False
F01992,2021-K,0.0,0.924,False,True
F01993,2021-K,0.0,0.934,False,True
F01994,2021-K,0.68,0.955,False,False
F01995,2021-K,0.0,1.007,False,True
F01996,2021-K,0.0,0.975,False,True
F01997,2021-K,0.0,1.023,False,True
F01998,2021-K,0.758,1.056,False,False
F01999,2021-K,0.0,1.007,False,True
F02001,2021-K,0.0,1.045,False,True
F02002,2021-K,0.683,1.032,False,False
F02003,2021-K,0.0,1.029,False,True
F02004,2021-K,0.0,0.954,False,True
F02005,2021-K,0.0,1.045,False,True
F02006,2021-K,0.0,1.028,False,True
F02007,2021-K,0.0,0.932,False,True
F02008,2021-K,0.466,0.995,False,True
F02009,2021-K,0.0,0.969,False,True
F02010,2021-K,0.0,1.017,False,True
F02011,2021-K,0.0,0.935,False,True
F02012,2021-K,0.552,1.032,False,False
F02013,2021-K,0.767,1.018,False,False
F02014,2021-K,0.0,0.921,False,True
F02015,2021-K,0.0,0.95,False,True
F02016,2021-K,0.0,0.982,False,True
F02017,2021-K,0.0,0.987,False,True
F02018,2021-K,0.0,0.96,False,True
F02019,2021-K,0.227,1.035,False,True
F02020,2021-K,0.783,0.965,False,False
F02021,2021-K,0.835,0.967,False,False
F02022,2021-K,0.762,1.02,False,False
F02023,2021-K,0.0,0.966,False,True
F02024,2021-K,0.817,1.034,False,False
F02025,2021-K,0.0,0.921,False,True
F02026,2021-K,0.757,0.967,False,False
F02027,2021-K,0.0,0.924,False,True
F02028,2021-K,0.485,0.971,False,False
F02029,2021-K,0.0,1.028,False,True
F02030,2021-K,0.0,0.985,False,True
F02031,2021-K,0.821,1.019,False,False
F02033,2021-K,0.0,0.929,False,True
F02034,2021-K,0.0,1.014,False,True
F02035,2021-K,0.826,1.039,False,False
F02036,2021-K,0.569,0.998,False,False
F02037,2021-K,0.0,1.002,False,True
F02038,2021-K,0.816,0.969,False,False
F02039,2021-K,0.0,0.948,False,True
F02040,2021-K,0.0,0.996,False,True
F02041,2021-K,0.683,0.98,False,False
F02042,2021-K,0.729,0.968,False,False
F02043,2021-K,0.75,0.956,False,False
F02044,2021-K,0.804,1.017,False,False
F02045,2021-K,0.0,0.951,False,True
F02046,2021-K,0.732,0.954,False,False
F02047,2021-K,0.0,1.039,False,True
F02048,2021-K,0.0,1.024,False,True
F02049,2021-K,0.679,1.023,False,False
F02050,2021-K,0.0,1.031,False,True
F02051,2021-K,0.0,0.992,False,True
F02052,2021-K,0.579,1.026,False,False
F02053,2021-K,0.678,1.0,False,False
F02054,2021-K,0.662,1.045,False,False
F02055,2021-K,0.526,0.962,False,False
F02056,2021-K,0.0,1.038,False,True
F02057,2021-K,0.576,0.934,False,False
F02058,2021-K,0.524,0.949,False,False
F02059,2021-K,0.0,1.003,False,True
F02060,2021-K,0.769,0.998,False,False
F02061,2021-K,0.859,0.928,False,False
F02062,2021-K,0.0,1.045,False,True
F02063,2021-K,0.0,1.008,False,True
F02064,2021-K,0.754,0.934,False,False
F02065,2021-K,0.892,1.055,False,False
F02066,2021-K,0.775,0.975,False,False
F02067,2021-K,0.882,0.968,False,False
F02068,2021-K,0.742,1.038,False,False
F02069,2021-K,0.756,1.027,False,False
F02070,2021-K,0.526,1.001,False,False
F02071,2021-K,0.0,0.992,False,True
F02072,2021-K,0.765,1.026,False,False
F02073,2021-K,0.592,1.032,False,False
F02074,2021-K,0.0,0.978,False,True
F02075,2021-K,0.0,0.952,False,True
F02076,2021-K,0.853,1.019,False,False
F02077,2021-K,0.0,0.931,False,True
F02078,2021-K,0.0,1.011,False,True
F02079,2021-K,0.801,1.016,False,False
F02080,2021-K,0.805,1.031,False,False
F02081,2021-K,0.716,1.035,False,False
F02082,2021-K,0.456,0.958,False,True
F02083,2021-K,0.91,1.024,False,False
F02084,2021-K,0.0,1.049,False,True
F02085,2021-K,0.562,0.939,False,False
F02086,2021-K,0.884,1.046,False,False
F02087,2021-K,0.0,1.041,False,True
F02088,2021-K,0.844,1.031,False,False
F02089,2021-K,0.0,1.052,False,True
F02090,2021-K,0.851,0.961,False,False
F02091,2021-K,0.91,0.945,False,False
F02092,2021-K,0.903,1.023,False,False
F02093,2021-K,0.757,1.018,False,False
F02094,2021-K,0.0,0.956,False,True
F02095,2021-K,0.842,0.925,False,False
F02096,2021-K,0.89,0.995,False,False
F02097,2021-K,0.884,0.993,False,False
F02098,2021-K,0.0,0.933,False,True
F02099,2021-K,0.0,0.999,False,True
F02100,2021-K,0.0,0.923,False,True
F02101,2021-K,0.0,1.053,False,True
F02102,2021-K,0.0,1.037,False,True
F02103,2021-K,0.0,0.938,False,True
F02104,2021-K,0.72,0.95,False,False
F02105,2021-K,0.528,0.969,False,False
F02106,2021-K,0.516,1.02,False,False
F02107,2021-K,0.767,1.001,False,False
F02108,2021-K,0.595,0.949,False,False
F02109,2021-K,0.0,1.015,False,True
F02110,2021-K,0.0,0.936,False,True
F02111,2021-K,0.0,0.931,False,True
F02113,2021-K,0.0,0.946,False,True
F02114,2021-K,0.0,0.933,False,True
F02115,2021-K,0.714,0.982,False,False
F02116,2021-K,0.0,1.05,False,True
F02117,2021-K,0.0,1.051,False,True
F02118,2021-K,0.0,1.036,False,True
F02119,2021-K,0.0,1.022,False,True
F02120,2021-K,0.0,0.962,False,True
F02121,2021-K,0.553,1.042,False,False
F02122,2021-K,0.0,0.989,False,True
F02123,2021-K,0.727,0.991,False,False
F02124,2021-K,0.0,1.001,False,True
F02125,2021-K,0.0,1.056,False,True
F02126,2021-K,0.0,1.0,False,True
F02127,2021-K,0.0,0.96,False,True
F02128,2021-K,0.564,0.999,False,False
F02129,2021-K,0.501,0.963,False,False
F02130,2021-K,0.0,1.002,False,True
F02131,2021-K,0.0,0.94,False,True
F02132,2021-K,0.0,0.925,False,True
F02133,2021-K,0.74,1.035,False,False
F02134,2021-K,0.588,0.987,False,False
F02135,2021-K,0.0,1.053,False,True
F02136,2021-K,0.0,0.925,False,True
F02137,2021-K,0.904,0.979,False,False
F02138,2021-K,0.514,1.012,False,False
F02139,2021-K,0.751,1.006,False,False
F02140,2021-K,0.0,1.035,False,True
F02141,2021-K,0.49,0.989,False,False
F02142,2021-K,0.0,0.986,False,True
F02143,2021-K,0.0,0.958,False,True
F02144,2021-K,0.821,0.923,False,False
F02145,2021-K,0.722,0.986,False,False
F02146,2021-K,0.898,0.942,False,False
F02147,2021-K,0.684,0.973,False,False
F02148,2021-K,0.0,1.044,False,True
F02149,2021-K,0.754,1.028,False,False
F02150,2021-K,0.0,0.924,False,True
F02151,2021-K,0.872,1.024,False,False
F02152,2021-K,0.0,0.926,False,True
F02153,2021-K,0.0,0.936,False,True
F02154,2021-K,0.754,0.95,False,False
F02155,2021-K,0.0,0.971,False,True
F02156,2021-K,0.767,1.026,False,False
F02157,2021-K,0.529,0.929,False,False
F02158,2021-K,0.854,1.012,False,False
F02159,2021-K,0.0,1.052,False,True
F02160,2021-K,0.0,1.033,False,True
F02161,2021-K,0.814,1.035,False,False
F02162,2021-K,0.683,0.981,False,False
F02163,2021-K,0.491,0.986,False,False
F02164,2021-K,0.0,1.0,False,True
F02165,2021-K,0.0,0.921,False,True
F02166,2021-K,0.0,1.027,False,True
F02167,2021-K,0.0,0.951,False,True
F02168,2021-K,0.581,1.001,False,False
F02169,2021-K,0.0,0.949,False,True
F02170,2021-K,0.0,0.947,False,True
F02172,2021-K,0.0,0.924,False,True
F02173,2021-K,0.0,1.05,False,True
F02174,2021-K,0.712,1.047,False,False
F02175,2021-K,0.0,1.025,False,True
F02176,2021-K,0.0,1.034,False,True
F02177,2021-K,0.0,0.964,False,True
F02178,2021-K,0.757,0.949,False,False
F02179,2021-K,0.593,1.009,False,False
F02180,2021-K,0.751,0.955,False,False
F02181,2021-K,0.514,1.011,False,False
F02182,2021-K,0.0,0.98,False,True
F02183,2021-K,0.0,1.021,False,True
F02184,2021-K,0.537,0.931,False,False
F02185,2021-K,0.685,0.955,False,False
F02186,2021-K,0.177,0.938,False,True
F02187,2021-K,0.0,1.019,False,True
F02188,2021-K,0.0,0.931,False,True
F02189,2021-K,0.702,1.026,False,False
F02190,2021-K,0.0,0.982,False,True
F02191,2021-K,0.566,1.017,False,False
F02192,2021-K,0.0,0.957,False,True
F02193,2021-K,0.0,0.997,False,True
F02195,2021-K,0.843,0.933,False,False
F02196,2021-K,0.509,1.011,False,False
F02197,2021-K,0.0,0.985,False,True
F02198,2021-K,0.0,1.05,False,True
F02199,2021-K,0.0,0.947,False,True
F02200,2021-K,0.275,0.964,False,True
F02201,2021-K,0.82,0.978,False,False
F02202,2021-K,0.581,1.027,False,False
F02203,2021-K,0.0,1.058,False,True
F02204,2021-K,0.0,1.039,False,True
F02205,2021-K,0.0,0.983,False,True
F02206,2021-K,0.0,0.927,False,True
F02207,2021-K,0.831,0.924,False,False
F02208,2021-K,0.556,1.049,False,False
F02209,2021-K,0.825,1.033,False,False
F02210,2021-K,0.842,0.94,False,False
F02211,2021-K,0.695,0.922,False,False
F02212,2021-K,0.0,1.043,False,True
F02214,2021-K,0.0,0.924,False,True
F02215,2021-K,0.0,0.938,False,True
F02216,2021-K,0.0,1.035,False,True
F02217,2021-K,0.691,1.047,False,False
F02218,2021-K,0.0,1.043,False,True
F02219,2021-K,0.0,0.933,False,True
F02220,2021-K,0.498,1.034,False,False
F02221,2021-K,0.0,0.976,False,True
F02222,2021-K,0.771,0.944,False,False
F02223,2021-K,0.0,0.317,True,True
F02224,2021-K,0.0,0.949,False,True
F02225,2021-K,0.756,0.214,True,False
F02226,2021-K,0.599,1.017,False,False
F02227,2021-K,0.81,1.0,False,False
F02228,2021-K,0.577,1.029,False,False
F02229,2021-K,0.0,0.185,True,True
F02231,2021-K,0.793,0.941,False,False
F02232,2021-K,0.0,0.192,True,True
F02233,2021-K,0.727,0.184,True,False
F02234,2021-K,0.701,0.962,False,False
F02235,2021-K,0.0,1.021,False,True
F02236,2021-K,0.0,0.963,False,True
F02237,2021-K,0.918,1.031,False,False
F02238,2021-K,0.0,0.93,False,True
F02239,2021-K,0.688,1.02,False,False
F02240,2021-K,0.0,1.047,False,True
F02241,2021-K,0.699,1.011,False,False
F02242,2021-K,0.541,0.955,False,False
F02243,2021-K,0.785,1.023,False,False
F02244,2021-K,0.84,0.944,False,False
F02245,2021-K,0.718,0.94,False,False
F02246,2021-K,0.0,1.047,False,True
F02247,2021-K,0.0,1.058,False,True
F02248,2021-K,0.799,1.002,False,False
F02249,2021-K,0.212,0.982,False,True
F02250,2021-K,0.563,0.925,False,False
F02251,2021-K,0.697,0.935,False,False
F02252,2021-K,0.754,0.99,False,False
F02253,2021-K,0.0,0.941,False,True
F02254,2021-K,0.0,1.018,False,True
F02255,2021-K,0.0,0.163,True,True
F02256,2021-K,0.0,0.926,False,True
F02257,2021-K,0.0,0.945,False,True
F02258,2021-K,0.0,0.217,True,True
F02259,2021-K,0.0,0.982,False,True
F02260,2021-K,0.656,0.998,False,False
F02261,2021-K,0.832,1.02,False,False
F02262,2021-K,0.708,1.006,False,False
F02263,2021-K,0.675,0.308,True,False
F02264,2021-K,0.0,1.012,False,True
F02265,2021-K,0.0,1.015,False,True
F02266,2021-K,0.715,1.048,False,False
F02267,2021-K,0.814,1.006,False,False
F02268,2021-K,0.0,0.994,False,True
F02269,2021-K,0.0,1.022,False,True
F02270,2021-K,0.612,0.217,True,False
F02271,2021-K,0.0,0.964,False,True
F02272,2021-K,0.519,1.004,False,False
F02273,2021-K,0.783,0.961,False,False
F02274,2021-K,0.857,1.024,False,False
F02275,2021-K,0.681,0.964,False,False
F02276,2021-K,0.0,0.991,False,True
F02277,2021-K,0.0,0.265,True,True
F02278,2021-K,0.0,0.956,False,True
F02279,2021-K,0.72,0.261,True,False
F02280,2021-K,0.697,1.048,False,False
F02281,2021-K,0.663,0.936,False,False
F02282,2021-K,0.494,1.022,False,True
F02283,2021-K,0.0,1.035,False,True
F02285,2021-K,0.828,0.988,False,False
F02286,2021-K,0.0,0.172,True,True
F02287,2021-K,0.714,1.003,False,False
F02288,2021-K,0.0,1.035,False,True
F02289,2021-K,0.511,1.014,False,False
F02290,2021-K,0.0,1.051,False,True
F02291,2021-K,0.504,0.182,True,True
F02292,2021-K,0.837,0.977,False,False
F02293,2021-K,0.718,1.014,False,False
F02294,2021-K,0.867,1.006,False,False
F02295,2021-K,0.0,0.949,False,True
F02296,2021-K,0.776,0.164,True,False
F02297,2021-K,0.0,1.059,False,True
F02298,2021-K,0.536,1.052,False,False
F02299,2021-K,0.498,0.974,False,False
F02300,2021-K,0.733,0.972,False,False
F02301,2021-K,0.694,1.02,False,False
F02302,2021-K,0.637,1.0,False,False
F02303,2021-K,0.186,1.046,False,True
F02304,2021-K,0.714,1.043,False,False
F02305,2021-K,0.565,0.951,False,False
F02306,2021-K,0.593,0.976,False,False
F02307,2021-K,0.783,0.986,False,False
F02308,2021-K,0.722,0.94,False,False
F02309,2021-K,0.511,1.0,False,False
F02310,2021-K,0.852,1.037,False,False
F02311,2021-K,0.0,1.035,False,True
F02312,2021-K,0.0,1.022,False,True
F02313,2021-K,0.522,1.055,False,False
F02314,2021-K,0.0,0.971,False,True
F02315,2021-K,0.0,0.196,True,True
F02316,2021-K,0.663,0.954,False,False
F02317,2021-K,0.71,0.947,False,False
F02318,2021-K,0.2,1.024,False,True
F02319,2021-K,0.181,0.963,False,True
F02320,2021-K,0.0,0.987,False,True
F02321,2021-K,0.0,0.99,False,True
F02322,2021-K,0.666,0.963,False,False
F02323,2021-K,0.659,0.954,False,False
F02324,2021-K,0.0,1.018,False,True
F02325,2021-K,0.566,1.027,False,False
F02326,2021-K,0.0,1.054,False,True
F02327,2021-K,0.0,0.987,False,True
F02328,2021-K,0.476,1.014,False,False
F02329,2021-K,0.0,0.162,True,True
F02330,2021-K,0.0,1.016,False,True
F02331,2021-K,0.0,0.933,False,True
F02332,2021-K,0.74,0.95,False,False
F02333,2021-K,0.585,0.924,False,False
F02334,2021-K,0.879,0.985,False,False
F02335,2021-K,0.0,1.006,False,True
F02336,2021-K,0.599,1.005,False,False
F02337,2021-K,0.0,1.039,False,True
F02338,2021-K,0.751,0.995,False,False
F02339,2021-K,0.553,0.973,False,False
F02340,2021-K,0.755,0.941,False,False
F02341,2021-K,0.915,1.059,False,False
F02342,2021-K,0.491,1.056,False,False
F02343,2021-K,0.0,1.006,False,True
F02344,2021-K,0.0,1.023,False,True
F02345,2021-K,0.617,1.0,False,False
F02346,2021-K,0.347,0.936,False,True
F02347,2021-K,0.232,0.15,True,False
F02348,2021-K,0.46,1.029,False,False
F02349,2021-K,0.526,0.987,False,False
F02350,2021-K,0.0,1.03,False,True
F02351,2021-K,0.0,0.988,False,True
F02352,2021-K,0.795,0.994,False,False
F02353,2021-K,0.0,0.929,False,True
F02354,2021-K,0.788,1.056,False,False
F02355,2021-K,0.0,0.921,False,True
F02356,2021-K,0.494,1.044,False,False
F02357,2021-K,0.0,0.947,False,True
F02358,2021-K,0.573,1.028,False,False
F02359,2021-K,0.729,0.946,False,False
F02360,2021-K,0.887,0.998,False,False
F02361,2021-K,0.0,1.013,False,True
F02362,2021-K,0.0,0.17,True,True
F02363,2021-K,0.746,0.962,False,False
F02364,2021-K,0.0,1.008,False,True
F02365,2021-K,0.566,0.931,False,False
F02366,2021-K,0.785,0.936,False,False
F02367,2021-K,0.546,0.201,True,False
F02368,2021-K,0.454,0.148,True,False
F02369,2021-K,0.488,1.033,False,False
F02370,2021-K,0.0,0.994,False,True
F02371,2021-K,0.773,0.925,False,False
F02372,2021-K,0.47,0.252,True,False
F02373,2021-K,0.126,0.964,False,True
F02374,2021-K,0.565,0.979,False,False
F02375,2021-K,0.45,0.978,False,False
F02376,2021-K,0.293,1.015,False,True
F02377,2021-K,0.341,0.961,False,True
F02378,2021-K,0.678,0.977,False,False
F02379,2021-K,0.218,0.97,False,True
F02380,2021-K,0.437,1.049,False,False
F02381,2021-K,0.397,1.014,False,True
F02382,2021-K,0.739,0.25,True,False
F02383,2021-K,0.728,0.974,False,False
F02384,2021-K,0.279,0.972,False,True
F02385,2021-K,0.66,1.031,False,False
F02386,2021-K,0.497,0.978,False,False
F02387,2021-K,0.442,1.011,False,False
F02388,2021-K,0.655,1.016,False,False
F02389,2021-K,0.244,1.025,False,True
F02390,2021-K,0.655,1.049,False,False
F02391,2021-K,0.811,0.97,False,False
F02392,2021-K,0.703,1.001,False,False
F02393,2021-K,0.273,0.311,True,False
F02394,2021-K,0.489,1.05,False,False
F02395,2021-K,0.371,1.054,False,True
F02396,2021-K,0.47,0.928,False,False
F02397,2021-K,0.837,0.219,True,False
F02398,2021-K,0.652,0.97,False,False
F02399,2021-K,0.175,0.933,False,True
F02400,2021-K,0.636,1.022,False,False
F02401,2021-K,0.491,0.957,False,False
F02402,2021-K,0.264,0.971,False,True
F02403,2021-K,0.267,0.98,False,True
F02404,2021-K,0.317,0.167,True,False
F02405,2021-K,0.469,1.015,False,False
F02406,2021-K,0.795,0.936,False,False
F02407,2021-K,0.482,0.192,True,False
F02408,2021-K,0.798,1.016,False,False
F02409,2021-K,0.428,0.985,False,False
F02410,2021-K,0.177,0.976,False,False
F02411,2021-K,0.234,0.939,False,True
F02412,2021-K,0.77,0.998,False,False
F02413,2021-K,0.402,1.008,False,False
F01001,2021-R,0.0,0.96,False,True
F01002,2021-R,0.0,1.006,False,True
F01003,2021-R,0.567,1.033,False,False
F01004,2021-R,0.188,0.943,False,True
F01005,2021-R,0.522,0.989,False,False
F01006,2021-R,0.0,1.032,False,True
F01007,2021-R,0.0,0.973,False,True
F01008,2021-R,0.733,0.978,False,False
F01009,2021-R,0.816,1.032,False,False
F01010,2021-R,0.0,1.011,False,True
F01011,2021-R,0.359,0.942,False,True
F01012,2021-R,0.0,0.972,False,True
F01013,2021-R,0.592,1.004,False,False
F01014,2021-R,0.0,0.954,False,True
F01015,2021-R,0.37,1.002,False,True
F01016,2021-R,0.0,1.02,False,True
F01017,2021-R,0.491,0.999,False,False
F01018,2021-R,0.0,0.963,False,True
F01019,2021-R,0.817,1.016,False,False
F01020,2021-R,0.488,1.01,False,False
F01021,2021-R,0.795,1.04,False,False
F01022,2021-R,0.755,0.998,False,False
F01023,2021-R,0.826,1.019,False,False
F01024,2021-R,0.0,0.956,False,True
F01025,2021-R,0.0,0.933,False,True
F01027,2021-R,0.0,0.938,False,True
F01028,2021-R,0.0,1.034,False,True
F01029,2021-R,0.57,0.991,False,False
F01030,2021-R,0.559,0.93,False,False
F01031,2021-R,0.0,0.97,False,True
F01032,2021-R,0.73,0.944,False,False
F01033,2021-R,0.0,1.03,False,True
F01034,2021-R,0.0,0.965,False,True
F01035,2021-R,0.827,1.039,False,False
F01036,2021-R,0.825,0.994,False,False
F01037,2021-R,0.81,0.965,False,False
F01038,2021-R,0.0,0.972,False,True
F01039,2021-R,0.0,0.994,False,True
F01040,2021-R,0.157,0.963,False,True
F01041,2021-R,0.0,0.937,False,True
F01042,2021-R,0.584,0.944,False,False
F01043,2021-R,0.0,0.994,False,True
F01044,2021-R,0.799,1.039,False,False
F01045,2021-R,0.0,1.002,False,True
F01046,2021-R,0.0,1.003,False,True
F01047,2021-R,0.0,0.982,False,True
F01048,2021-R,0.816,0.939,False,False
F01049,2021-R,0.0,0.97,False,True
F01050,2021-R,0.737,0.974,False,False
F01051,2021-R,0.493,0.967,False,False
F01052,2021-R,0.0,0.949,False,True
F01053,2021-R,0.0,1.01,False,True
F01054,2021-R,0.374,0.949,False,True
F01055,2021-R,0.859,0.943,False,False
F01056,2021-R,0.0,0.973,False,True
F01057,2021-R,0.725,0.951,False,False
F01058,2021-R,0.328,0.976,False,False
F01059,2021-R,0.0,0.979,False,True
F01060,2021-R,0.0,1.018,False,True
F01061,2021-R,0.0,0.931,False,True
F01062,2021-R,0.382,0.943,False,True
F01063,2021-R,0.384,0.949,False,True
F01064,2021-R,0.737,0.962,False,False
F01066,2021-R,0.222,0.992,False,True
F01067,2021-R,0.0,1.014,False,True
F01068,2021-R,0.0,0.949,False,True
F01069,2021-R,0.0,0.994,False,True
F01070,2021-R,0.397,0.948,False,True
F01071,2021-R,0.575,1.038,False,False
F01072,2021-R,0.0,1.026,False,True
F01073,2021-R,0.0,0.993,False,True
F01074,2021-R,0.191,1.033,False,True
F01075,2021-R,0.711,1.008,False,False
F01076,2021-R,0.387,1.008,False,True
F01077,2021-R,0.0,1.008,False,True
F01078,2021-R,0.0,1.019,False,True
F01079,2021-R,0.559,1.035,False,False
F01080,2021-R,0.0,0.97,False,True
F01081,2021-R,0.825,0.985,False,False
F01082,2021-R,0.741,0.943,False,False
F01083,2021-R,0.0,0.943,False,True
F01084,2021-R,0.0,1.03,False,True
F01085,2021-R,0.0,0.987,False,True
F01086,2021-R,0.0,0.944,False,True
F01087,2021-R,0.486,1.018,False,False
F01088,2021-R,0.801,1.015,False,False
F01089,2021-R,0.0,0.962,False,True
F01090,2021-R,0.253,1.024,False,False
F01091,2021-R,0.221,0.973,False,True
F01092,2021-R,0.571,0.995,False,False
F01093,2021-R,0.699,0.964,False,False
F01094,2021-R,0.0,0.986,False,True
F01095,2021-R,0.541,0.971,False,False
F01096,2021-R,0.0,0.959,False,True
F01097,2021-R,0.0,0.978,False,True
F01098,2021-R,0.698,0.965,False,False
F01099,2021-R,0.39,1.002,False,True
F01100,2021-R,0.0,0.96,False,True
F01101,2021-R,0.0,0.95,False,True
F01102,2021-R,0.225,0.985,False,True
F01103,2021-R,0.0,0.993,False,True
F01104,2021-R,0.906,0.939,False,False
F01105,2021-R,0.906,0.975,False,False
F01106,2021-R,0.0,1.006,False,True
F01107,2021-R,0.877,1.039,False,False
F01108,2021-R,0.0,1.035,False,True
F01109,2021-R,0.242,1.015,False,True
F01110,2021-R,0.887,1.026,False,False
F01111,2021-R,0.851,0.978,False,False
F01112,2021-R,0.873,0.999,False,False
F01113,2021-R,0.0,0.952,False,True
F01114,2021-R,0.571,1.015,False,False
F01115,2021-R,0.345,1.015,False,False
F01116,2021-R,0.881,1.019,False,False
F01117,2021-R,0.546,0.968,False,False
F01118,2021-R,0.0,0.99,False,True
F01119,2021-R,0.0,0.933,False,True
F01120,2021-R,0.794,0.934,False,False
F01121,2021-R,0.547,0.955,False,False
F01122,2021-R,0.598,0.958,False,False
F01123,2021-R,0.379,1.036,False,True
F01124,2021-R,0.0,0.98,False,True
F01125,2021-R,0.0,1.04,False,True
F01126,2021-R,0.0,1.017,False,True
F01127,2021-R,0.0,0.944,False,True
F01128,2021-R,0.0,1.022,False,True
F01129,2021-R,0.0,0.934,False,True
F01130,2021-R,0.0,1.022,False,True
F01131,2021-R,0.739,1.026,False,False
F01132,2021-R,0.0,0.949,False,True
F01133,2021-R,0.51,0.984,False,False
F01134,2021-R,0.0,0.979,False,True
F01135,2021-R,0.51,0.991,False,False
F01136,2021-R,0.0,1.02,False,True
F01137,2021-R,0.0,0.969,False,True
F01138,2021-R,0.512,0.988,False,True
F01139,2021-R,0.843,0.963,False,False
F01140,2021-R,0.0,1.015,False,True
F01141,2021-R,0.836,1.032,False,False
F01142,2021-R,0.52,1.016,False,False
F01143,2021-R,0.0,1.009,False,True
F01144,2021-R,0.0,0.985,False,True
F01145,2021-R,0.0,0.959,False,True
F01146,2021-R,0.57,0.943,False,False
F01147,2021-R,0.759,1.027,False,False
F01149,2021-R,0.394,1.024,False,True
F01150,2021-R,0.0,0.943,False,True
F01151,2021-R,0.824,0.943,False,False
F01152,2021-R,0.742,0.998,False,False
F01153,2021-R,0.802,0.953,False,False
F01154,2021-R,0.0,0.993,False,True
F01155,2021-R,0.499,1.003,False,False
F01156,2021-R,0.0,1.016,False,True
F01157,2021-R,0.0,0.979,False,True
F01158,2021-R,0.559,0.955,False,False
F01159,2021-R,0.0,1.024,False,True
F01160,2021-R,0.714,0.98,False,False
F01161,2021-R,0.0,1.012,False,True
F01162,2021-R,0.0,0.945,False,True
F01163,2021-R,0.781,0.971,False,False
F01164,2021-R,0.797,0.966,False,False
F01165,2021-R,0.82,0.968,False,False
F01166,2021-R,0.0,1.004,False,True
F01167,2021-R,0.0,1.034,False,True
F01168,2021-R,0.0,0.931,False,True
F01169,2021-R,0.798,1.002,False,False
F01170,2021-R,0.808,0.998,False,False
F01171,2021-R,0.813,0.942,False,False
F01173,2021-R,0.0,1.034,False,True
F01174,2021-R,0.0,0.945,False,True
F01175,2021-R,0.0,0.987,False,True
F01176,2021-R,0.551,0.984,False,False
F01177,2021-R,0.0,0.957,False,True
F01178,2021-R,0.0,1.018,False,True
F01179,2021-R,0.794,0.946,False,False
F01180,2021-R,0.0,1.028,False,True
F01181,2021-R,0.0,1.026,False,True
F01182,2021-R,0.0,0.949,False,True
F01183,2021-R,0.0,0.988,False,True
F01184,2021-R,0.0,1.011,False,True
F01185,2021-R,0.0,0.994,False,True
F01186,2021-R,0.0,1.018,False,True
F01187,2021-R,0.0,1.006,False,True
F01188,2021-R,0.0,0.998,False,True
F01190,2021-R,0.0,0.97,False,True
F01191,2021-R,0.531,0.989,False,False
F01192,2021-R,0.0,0.977,False,True
F01193,2021-R,0.734,0.957,False,False
F01194,2021-R,0.0,1.01,False,True
F01196,2021-R,0.0,0.965,False,True
F01197,2021-R,0.696,0.946,False,False
F01198,2021-R,0.0,0.967,False,True
F01199,2021-R,0.598,0.974,False,False
F01200,2021-R,0.452,1.01,False,False
F01201,2021-R,0.0,1.0,False,True
F01202,2021-R,0.795,1.024,False,False
F01203,2021-R,0.857,0.976,False,False
F01204,2021-R,0.0,0.984,False,True
F01205,2021-R,0.0,1.039,False,True
F01206,2021-R,0.0,0.93,False,True
F01207,2021-R,0.816,1.002,False,False
F01208,2021-R,0.0,0.957,False,True
F01209,2021-R,0.0,0.955,False,True
F01210,2021-R,0.0,0.937,False,True
F01211,2021-R,0.88,0.958,False,False
F01212,2021-R,0.0,1.018,False,True
F01213,2021-R,0.0,0.976,False,True
F01214,2021-R,0.0,1.006,False,True
F01215,2021-R,0.0,0.93,False,True
F01216,2021-R,0.859,0.992,False,False
F01217,2021-R,0.0,1.009,False,True
F01218,2021-R,0.0,0.961,False,True
F01219,2021-R,0.56,1.001,False,False
F01220,2021-R,0.0,0.952,False,True
F01221,2021-R,0.0,0.965,False,True
F01222,2021-R,0.0,1.027,False,True
F01223,2021-R,0.928,0.94,False,False
F01224,2021-R,0.0,1.018,False,True
F01225,2021-R,0.534,0.982,False,False
F01226,2021-R,0.929,1.027,False,False
F01227,2021-R,0.539,0.975,False,False
F01228,2021-R,0.479,0.964,False,False
F01229,2021-R,0.0,1.014,False,True
F01230,2021-R,0.0,0.966,False,True
F01231,2021-R,0.0,1.03,False,True
F01232,2021-R,0.0,0.974,False,True
F01233,2021-R,0.0,0.93,False,True
F01234,2021-R,0.0,0.985,False,True
F01235,2021-R,0.488,0.938,False,False
F01236,2021-R,0.833,1.033,False,False
F01237,2021-R,0.0,1.018,False,True
F01238,2021-R,0.805,0.991,False,False
F01239,2021-R,0.0,1.02,False,True
F01240,2021-R,0.0,1.033,False,True
F01241,2021-R,0.526,0.945,False,False
F01242,2021-R,0.0,0.969,False,True
F01243,2021-R,0.0,0.977,False,True
F01244,2021-R,0.0,0.94,False,True
F01245,2021-R,0.0,1.039,False,True
F01246,2021-R,0.511,0.989,False,False
F01247,2021-R,0.0,0.948,False,True
F01249,2021-R,0.856,0.973,False,False
F01250,2021-R,0.0,0.97,False,True
F01251,2021-R,0.0,1.028,False,True
F01252,2021-R,0.0,0.944,False,True
F01253,2021-R,0.0,0.998,False,True
F01255,2021-R,0.0,0.975,False,True
F01256,2021-R,0.0,0.932,False,True
F01257,2021-R,0.0,0.962,False,True
F01258,2021-R,0.0,1.018,False,True
F01259,2021-R,0.0,0.933,False,True
F01260,2021-R,0.0,0.996,False,True
F01261,2021-R,0.0,0.996,False,True
F01262,2021-R,0.0,1.006,False,True
F01263,2021-R,0.775,0.994,False,False
F01264,2021-R,0.764,0.994,False,False
F01265,2021-R,0.0,0.97,False,True
F01266,2021-R,0.0,0.983,False,True
F01267,2021-R,0.0,0.977,False,True
F01268,2021-R,0.0,0.945,False,True
F01269,2021-R,0.0,1.012,False,True
F01270,2021-R,0.0,0.955,False,True
F01271,2021-R,0.0,1.01,False,True
F01272,2021-R,0.0,0.979,False,True
F01273,2021-R,0.0,1.032,False,True
F01274,2021-R,0.742,0.989,False,False
F01275,2021-R,0.533,1.012,False,False
F01276,2021-R,0.814,0.985,False,False
F01277,2021-R,0.0,1.01,False,True
F01278,2021-R,0.0,0.996,False,True
F01279,2021-R,0.0,0.979,False,True
F01280,2021-R,0.729,0.959,False,False
F01281,2021-R,0.0,0.978,False,True
F01282,2021-R,0.0,0.983,False,True
F01283,2021-R,0.5,0.999,False,False
F01284,2021-R,0.0,0.95,False,True
F01285,2021-R,0.521,0.949,False,False
F01286,2021-R,0.0,0.964,False,True
F01287,2021-R,0.0,0.944,False,True
F01288,2021-R,0.869,1.032,False,False
F01289,2021-R,0.0,0.969,False,True
F01290,2021-R,0.0,1.033,False,True
F01291,2021-R,0.0,0.977,False,True
F01292,2021-R,0.867,0.94,False,False
F01293,2021-R,0.481,0.944,False,False
F01295,2021-R,0.0,1.006,False,True
F01296,2021-R,0.749,0.986,False,False
F01297,2021-R,0.594,1.012,False,False
F01298,2021-R,0.0,0.972,False,True
F01299,2021-R,0.0,0.977,False,True
F01300,2021-R,0.0,0.971,False,True
F01301,2021-R,0.897,0.975,False,False
F01302,2021-R,0.3,0.998,False,True
F01303,2021-R,0.0,0.947,False,True
F01304,2021-R,0.0,1.035,False,True
F01306,2021-R,0.0,1.008,False,True
F01307,2021-R,0.898,1.022,False,False
F01308,2021-R,0.899,1.022,False,False
F01309,2021-R,0.0,1.0,False,True
F01310,2021-R,0.0,0.963,False,True
F01311,2021-R,0.564,1.03,False,False
F01312,2021-R,0.887,0.936,False,False
F01313,2021-R,0.0,0.98,False,True
F01314,2021-R,0.0,0.993,False,True
F01315,2021-R,0.0,0.974,False,True
F01316,2021-R,0.0,1.036,False,True
F01317,2021-R,0.68,0.983,False,False
F01318,2021-R,0.0,1.006,False,True
F01319,2021-R,0.883,0.961,False,False
F01320,2021-R,0.489,1.028,False,False
F01321,2021-R,0.0,0.981,False,True
F01322,2021-R,0.257,1.02,False,True
F01323,2021-R,0.0,0.931,False,True
F01324,2021-R,0.547,1.037,False,True
F01326,2021-R,0.0,0.985,False,True
F01329,2021-R,0.886,0.98,False,False
F01330,2021-R,0.0,0.977,False,True
F01331,2021-R,0.911,0.934,False,False
F01332,2021-R,0.0,0.95,False,True
F01333,2021-R,0.0,0.985,False,True
F01334,2021-R,0.0,1.017,False,True
F01336,2021-R,0.0,0.97,False,True
F01337,2021-R,0.0,0.945,False,True
F01338,2021-R,0.0,0.938,False,True
F01339,2021-R,0.0,0.999,False,True
F01340,2021-R,0.591,0.968,False,False
F01341,2021-R,0.0,0.992,False,True
F01342,2021-R,0.795,1.028,False,False
F01344,2021-R,0.0,0.976,False,True
F01347,2021-R,0.588,1.02,False,False
F01348,2021-R,0.506,1.038,False,False
F01349,2021-R,0.0,1.022,False,True
F01350,2021-R,0.803,0.976,False,False
F01351,2021-R,0.0,1.032,False,True
F01352,2021-R,0.863,0.942,False,False
F01353,2021-R,0.0,0.968,False,True
F01354,2021-R,0.0,0.993,False,True
F01355,2021-R,0.0,0.964,False,True
F01356,2021-R,0.0,0.958,False,True
F01357,2021-R,0.0,0.94,False,True
F01358,2021-R,0.0,0.952,False,True
F01359,2021-R,0.0,0.978,False,True
F01360,2021-R,0.823,1.004,False,False
F01361,2021-R,0.0,0.935,False,True
F01362,2021-R,0.899,0.94,False,False
F01363,2021-R,0.0,0.979,False,True
F01364,2021-R,0.89,1.03,False,False
F01365,2021-R,0.0,1.031,False,True
F01366,2021-R,0.453,0.99,False,False
F01367,2021-R,0.0,1.035,False,True
F01368,2021-R,0.0,0.934,False,True
F01369,2021-R,0.877,0.956,False,False
F01370,2021-R,0.899,0.953,False,False
F01371,2021-R,0.0,1.016,False,True
F01372,2021-R,0.0,0.935,False,True
F01373,2021-R,0.0,0.957,False,True
F01374,2021-R,0.0,0.969,False,True
F01375,2021-R,0.0,0.961,False,True
F01376,2021-R,0.568,1.025,False,False
F01377,2021-R,0.0,1.026,False,True
F01378,2021-R,0.896,1.01,False,False
F01379,2021-R,0.913,0.969,False,False
F01380,2021-R,0.747,1.019,False,False
F01381,2021-R,0.0,1.01,False,True
F01382,2021-R,0.927,0.934,False,False
F01383,2021-R,0.0,0.957,False,True
F01384,2021-R,0.86,0.961,False,False
F01385,2021-R,0.515,1.017,False,False
F01386,2021-R,0.854,1.034,False,False
F01387,2021-R,0.0,1.008,False,True
F01388,2021-R,0.0,0.976,False,True
F01389,2021-R,0.0,0.984,False,True
F01390,2021-R,0.528,0.942,False,False
F01391,2021-R,0.902,0.956,False,False
F01392,2021-R,0.0,1.022,False,True
F01393,2021-R,0.502,1.022,False,False
F01394,2021-R,0.708,0.969,False,False
F01395,2021-R,0.929,0.987,False,False
F01396,2021-R,0.922,0.936,False,False
F01397,2021-R,0.0,0.965,False,True
F01398,2021-R,0.846,0.988,False,False
F01400,2021-R,0.781,1.022,False,False
F01401,2021-R,0.863,0.997,False,False
F01402,2021-R,0.0,0.978,False,True
F01403,2021-R,0.0,1.025,False,True
F01404,2021-R,0.719,0.943,False,False
F01405,2021-R,0.0,0.959,False,True
F01406,2021-R,0.0,0.949,False,True
F01407,2021-R,0.0,1.021,False,True
F01408,2021-R,0.588,1.033,False,False
F01409,2021-R,0.572,0.989,False,False
F01410,2021-R,0.0,1.004,False,True
F01411,2021-R,0.0,0.991,False,True
F01412,2021-R,0.807,0.971,False,False
F01413,2021-R,0.0,1.028,False,True
F01414,2021-R,0.534,0.95,False,False
F01415,2021-R,0.0,0.956,False,True
F01416,2021-R,0.0,0.932,False,True
F01417,2021-R,0.596,0.948,False,False
F01418,2021-R,0.0,0.996,False,True
F01419,2021-R,0.722,0.986,False,False
F01420,2021-R,0.582,1.021,False,False
F01421,2021-R,0.0,1.016,False,True
F01422,2021-R,0.0,0.936,False,True
F01423,2021-R,0.0,0.994,False,True
F01424,2021-R,0.734,1.023,False,False
F01425,2021-R,0.719,1.01,False,False
F01426,2021-R,0.0,1.008,False,True
F01427,2021-R,0.0,0.937,False,True
F01428,2021-R,0.801,1.002,False,False
F01429,2021-R,0.0,0.975,False,True
F01430,2021-R,0.751,0.997,False,False
F01431,2021-R,0.289,0.974,False,True
F01432,2021-R,0.703,0.996,False,False
F01433,2021-R,0.53,0.972,False,False
F01434,2021-R,0.0,1.03,False,True
F01435,2021-R,0.0,0.979,False,True
F01436,2021-R,0.0,0.986,False,True
F01437,2021-R,0.0,0.966,False,True
F01438,2021-R,0.0,1.027,False,True
F01439,2021-R,0.0,1.035,False,True
F01440,2021-R,0.0,0.953,False,True
F01441,2021-R,0.786,0.964,False,False
F01442,2021-R,0.0,0.974,False,True
F01443,2021-R,0.0,1.039,False,True
F01444,2021-R,0.0,1.024,False,True
F01445,2021-R,0.0,1.023,False,True
F01446,2021-R,0.0,0.942,False,True
F01447,2021-R,0.0,1.013,False,True
F01448,2021-R,0.589,0.954,False,False
F01449,2021-R,0.0,0.994,False,True
F01450,2021-R,0.793,0.945,False,False
F01452,2021-R,0.0,0.978,False,True
F01453,2021-R,0.78,0.967,False,False
F01454,2021-R,0.0,1.013,False,True
F01455,2021-R,0.0,0.979,False,True
F01456,2021-R,0.0,0.972,False,True
F01457,2021-R,0.784,0.958,False,False
F01458,2021-R,0.0,0.972,False,True
F01459,2021-R,0.0,0.991,False,True
F01460,2021-R,0.0,0.997,False,True
F01461,2021-R,0.0,0.988,False,True
F01462,2021-R,0.0,0.972,False,True
F01463,2021-R,0.0,0.964,False,True
F01464,2021-R,0.571,0.997,False,False
F01465,2021-R,0.0,0.998,False,True
F01466,2021-R,0.0,0.949,False,True
F01467,2021-R,0.339,0.936,False,True
F01468,2021-R,0.0,0.981,False,True
F01469,2021-R,0.0,0.96,False,True
F01470,2021-R,0.0,1.015,False,True
F01471,2021-R,0.0,0.996,False,True
F01472,2021-R,0.0,0.972,False,True
F01473,2021-R,0.0,0.97,False,True
F01474,2021-R,0.0,1.029,False,True
F01475,2021-R,0.0,0.943,False,True
F01476,2021-R,0.72,0.932,False,False
F01477,2021-R,0.0,0.956,False,True
F01478,2021-R,0.0,1.01,False,True
F01479,2021-R,0.506,0.937,False,False
F01480,2021-R,0.0,0.971,False,True
F01481,2021-R,0.716,1.038,False,False
F01482,2021-R,0.0,0.934,False,True
F01483,2021-R,0.0,0.983,False,True
F01484,2021-R,0.0,1.034,False,True
F01485,2021-R,0.0,0.979,False,True
F01486,2021-R,0.0,0.931,False,True
F01487,2021-R,0.0,1.026,False,True
F01488,2021-R,0.0,0.957,False,True
F01489,2021-R,0.593,0.948,False,False
F01490,2021-R,0.794,0.971,False,False
F01491,2021-R,0.0,1.0,False,True
F01492,2021-R,0.816,1.029,False,False
F01493,2021-R,0.0,0.988,False,True
F01494,2021-R,0.0,1.033,False,True
F01495,2021-R,0.702,1.021,False,False
F01496,2021-R,0.0,0.958,False,True
F01498,2021-R,0.287,0.97,False,True
F01499,2021-R,0.311,0.959,False,False
F01501,2021-R,0.461,0.933,False,False
F01502,2021-R,0.598,1.023,False,False
F01503,2021-R,0.0,0.945,False,True
F01504,2021-R,0.0,1.025,False,True
F01505,2021-R,0.468,0.94,False,False
F01506,2021-R,0.0,0.981,False,True
F01507,2021-R,0.0,0.972,False,True
F01508,2021-R,0.0,0.97,False,True
F01510,2021-R,0.572,1.013,False,False
F01511,2021-R,0.722,0.978,False,False
F01512,2021-R,0.0,0.995,False,True
F01513,2021-R,0.761,1.021,False,False
F01514,2021-R,0.503,0.953,False,False
F01515,2021-R,0.0,1.005,False,True
F01516,2021-R,0.0,0.949,False,True
F01517,2021-R,0.0,0.945,False,True
F01518,2021-R,0.595,1.033,False,False
F01519,2021-R,0.0,0.964,False,True
F01520,2021-R,0.0,1.008,False,True
F01521,2021-R,0.0,0.938,False,True
F01523,2021-R,0.0,0.992,False,True
F01524,2021-R,0.0,1.007,False,True
F01525,2021-R,0.0,0.992,False,True
F01526,2021-R,0.476,1.034,False,False
F01527,2021-R,0.534,0.993,False,False
F01528,2021-R,0.489,1.031,False,False
F01529,2021-R,0.0,1.037,False,True
F01530,2021-R,0.559,0.931,False,False
F01531,2021-R,0.0,1.007,False,True
F01532,2021-R,0.0,0.997,False,True
F01533,2021-R,0.0,1.012,False,True
F01534,2021-R,0.0,0.982,False,True
F01535,2021-R,0.49,0.934,False,False
F01536,2021-R,0.0,0.96,False,True
F01537,2021-R,0.739,0.931,False,False
F01538,2021-R,0.739,1.008,False,False
F01539,2021-R,0.0,0.991,False,True
F01540,2021-R,0.0,1.027,False,True
F01541,2021-R,0.0,1.011,False,True
F01542,2021-R,0.539,1.0,False,False
F01543,2021-R,0.7,0.977,False,False
F01544,2021-R,0.844,1.0,False,False
F01545,2021-R,0.824,1.001,False,False
F01546,2021-R,0.754,0.966,False,False
F01547,2021-R,0.0,1.017,False,True
F01548,2021-R,0.872,1.007,False,False
F01549,2021-R,0.0,0.99,False,True
F01550,2021-R,0.693,0.942,False,False
F01551,2021-R,0.0,0.995,False,True
F01553,2021-R,0.705,0.992,False,False
F01554,2021-R,0.0,0.961,False,True
F01555,2021-R,0.0,0.931,False,True
F01556,2021-R,0.462,0.995,False,False
F01557,2021-R,0.0,0.941,False,True
F01558,2021-R,0.349,1.001,False,True
F01559,2021-R,0.0,0.93,False,True
F01560,2021-R,0.772,0.97,False,False
F01561,2021-R,0.729,1.013,False,False
F01562,2021-R,0.0,0.961,False,True
F01563,2021-R,0.693,0.958,False,False
F01564,2021-R,0.926,0.939,False,False
F01565,2021-R,0.0,1.018,False,True
F01566,2021-R,0.0,0.976,False,True
F01568,2021-R,0.906,0.984,False,False
F01569,2021-R,0.917,1.004,False,False
F01570,2021-R,0.0,0.975,False,True
F01571,2021-R,0.0,0.995,False,True
F01572,2021-R,0.0,0.983,False,True
F01573,2021-R,0.0,0.977,False,True
F01574,2021-R,0.0,0.945,False,True
F01575,2021-R,0.574,1.033,False,False
F01576,2021-R,0.786,0.982,False,False
F01577,2021-R,0.464,0.945,False,False
F01578,2021-R,0.0,0.938,False,True
F01579,2021-R,0.0,0.974,False,True
F01580,2021-R,0.879,0.941,False,False
F01581,2021-R,0.84,0.982,False,False
F01582,2021-R,0.847,0.976,False,False
F01583,2021-R,0.0,1.029,False,True
F01584,2021-R,0.0,0.957,False,True
F01585,2021-R,0.0,0.986,False,True
F01586,2021-R,0.789,1.001,False,False
F01587,2021-R,0.713,1.018,False,False
F01589,2021-R,0.198,1.011,False,True
F01590,2021-R,0.461,0.97,False,False
F01591,2021-R,0.0,0.937,False,True
F01592,2021-R,0.0,0.942,False,True
F01593,2021-R,0.873,0.959,False,False
F01594,2021-R,0.0,0.998,False,True
F01595,2021-R,0.545,0.987,False,False
F01596,2021-R,0.0,1.003,False,True
F01597,2021-R,0.0,1.007,False,True
F01598,2021-R,0.0,1.027,False,True
F01599,2021-R,0.786,0.995,False,False
F01600,2021-R,0.0,0.988,False,True
F01601,2021-R,0.0,1.001,False,True
F01602,2021-R,0.0,0.963,False,True
F01603,2021-R,0.556,0.962,False,False
F01604,2021-R,0.0,0.951,False,True
F01605,2021-R,0.0,0.947,False,True
F01606,2021-R,0.82,0.992,False,False
F01607,2021-R,0.825,0.957,False,False
F01608,2021-R,0.0,1.024,False,True
F01609,2021-R,0.0,0.953,False,True
F01610,2021-R,0.827,1.035,False,False
F01611,2021-R,0.0,0.949,False,True
F01612,2021-R,0.807,0.941,False,False
F01613,2021-R,0.0,0.996,False,True
F01614,2021-R,0.0,1.019,False,True
F01615,2021-R,0.0,1.018,False,True
F01616,2021-R,0.0,1.036,False,True
F01617,2021-R,0.0,1.001,False,True
F01618,2021-R,0.0,0.97,False,True
F01619,2021-R,0.0,1.034,False,True
F01620,2021-R,0.0,0.984,False,True
F01621,2021-R,0.0,0.956,False,True
F01622,2021-R,0.0,0.996,False,True
F01623,2021-R,0.0,0.936,False,True
F01624,2021-R,0.0,0.95,False,True
F01625,2021-R,0.0,1.015,False,True
F01626,2021-R,0.0,0.963,False,True
F01627,2021-R,0.0,0.953,False,True
F01628,2021-R,0.0,1.008,False,True
F01629,2021-R,0.0,1.018,False,True
F01630,2021-R,0.284,0.946,False,True
F01631,2021-R,0.0,1.03,False,True
F01632,2021-R,0.0,0.969,False,True
F01633,2021-R,0.533,1.035,False,False
F01634,2021-R,0.0,1.005,False,True
F01635,2021-R,0.0,0.938,False,True
F01636,2021-R,0.707,0.946,False,False
F01637,2021-R,0.695,0.943,False,False
F01638,2021-R,0.714,1.004,False,False
F01639,2021-R,0.0,1.04,False,True
F01640,2021-R,0.581,1.03,False,False
F01641,2021-R,0.0,1.004,False,True
F01642,2021-R,0.769,0.993,False,False
F01643,2021-R,0.593,0.987,False,False
F01644,2021-R,0.787,1.014,False,False
F01645,2021-R,0.305,1.028,False,True
F01646,2021-R,0.0,0.94,False,True
F01647,2021-R,0.0,1.004,False,True
F01648,2021-R,0.0,0.982,False,True
F01649,2021-R,0.701,0.985,False,False
F01650,2021-R,0.478,0.931,False,False
F01651,2021-R,0.0,1.034,False,True
F01652,2021-R,0.0,1.025,False,True
F01653,2021-R,0.545,1.035,False,False
F01654,2021-R,0.562,0.948,False,False
F01655,2021-R,0.0,0.937,False,True
F01656,2021-R,0.0,0.96,False,True
F01657,2021-R,0.0,0.95,False,True
F01658,2021-R,0.792,0.951,False,False
F01659,2021-R,0.0,0.976,False,True
F01660,2021-R,0.783,1.002,False,False
F01661,2021-R,0.0,0.955,False,True
F01662,2021-R,0.548,0.971,False,False
F01663,2021-R,0.0,0.957,False,True
F01665,2021-R,0.0,0.944,False,True
F01666,2021-R,0.581,0.941,False,False
F01667,2021-R,0.0,0.997,False,True
F01668,2021-R,0.0,0.981,False,True
F01669,2021-R,0.0,0.953,False,True
F01670,2021-R,0.818,0.997,False,False
F01671,2021-R,0.589,0.975,False,False
F01672,2021-R,0.0,1.027,False,True
F01673,2021-R,0.0,0.979,False,True
F01674,2021-R,0.0,0.932,False,True
F01675,2021-R,0.768,0.956,False,False
F01676,2021-R,0.0,1.01,False,True
F01677,2021-R,0.0,1.017,False,True
F01678,2021-R,0.0,0.976,False,True
F01679,2021-R,0.0,1.014,False,True
F01680,2021-R,0.0,0.96,False,True
F01681,2021-R,0.0,0.96,False,True
F01682,2021-R,0.0,0.951,False,True
F01683,2021-R,0.0,0.998,False,True
F01684,2021-R,0.0,1.018,False,True
F01685,2021-R,0.0,0.959,False,True
F01686,2021-R,0.0,1.031,False,True
F01687,2021-R,0.827,1.015,False,False
F01688,2021-R,0.0,1.002,False,True
F01689,2021-R,0.0,1.008,False,True
F01690,2021-R,0.0,0.997,False,True
F01691,2021-R,0.0,0.95,False,True
F01692,2021-R,0.0,1.0,False,True
F01693,2021-R,0.471,1.023,False,False
F01694,2021-R,0.763,1.008,False,False
F01696,2021-R,0.882,1.01,False,False
F01697,2021-R,0.0,0.987,False,True
F01698,2021-R,0.0,1.01,False,True
F01699,2021-R,0.0,1.014,False,True
F01700,2021-R,0.0,0.966,False,True
F01701,2021-R,0.0,0.987,False,True
F01702,2021-R,0.85,0.992,False,False
F01703,2021-R,0.558,0.996,False,False
F01704,2021-R,0.0,1.025,False,True
F01705,2021-R,0.0,1.038,False,True
F01706,2021-R,0.873,0.965,False,False
F01707,2021-R,0.888,0.983,False,False
F01708,2021-R,0.0,1.031,False,True
F01709,2021-R,0.896,0.956,False,False
F01710,2021-R,0.0,0.938,False,True
F01711,2021-R,0.0,0.998,False,True
F01712,2021-R,0.0,1.03,False,True
F01713,2021-R,0.0,1.008,False,True
F01714,2021-R,0.776,0.999,False,False
F01715,2021-R,0.0,0.957,False,True
F01716,2021-R,0.0,1.006,False,True
F01717,2021-R,0.0,0.938,False,True
F01718,2021-R,0.781,1.03,False,False
F01719,2021-R,0.513,0.994,False,False
F01720,2021-R,0.22,0.975,False,True
F01721,2021-R,0.0,1.03,False,True
F01722,2021-R,0.723,1.036,False,False
F01723,2021-R,0.0,0.968,False,True
F01724,2021-R,0.8,0.941,False,False
F01725,2021-R,0.534,0.969,False,False
F01726,2021-R,0.0,0.938,False,True
F01727,2021-R,0.0,0.974,False,True
F01728,2021-R,0.0,0.958,False,True
F01729,2021-R,0.816,0.938,False,False
F01730,2021-R,0.749,0.971,False,False
F01731,2021-R,0.0,0.979,False,True
F01732,2021-R,0.787,0.953,False,False
F01733,2021-R,0.0,1.04,False,True
F01734,2021-R,0.0,1.021,False,True
F01735,2021-R,0.0,0.977,False,True
F01736,2021-R,0.0,1.01,False,True
F01737,2021-R,0.0,0.954,False,True
F01738,2021-R,0.0,1.007,False,True
F01739,2021-R,0.0,0.993,False,True
F01740,2021-R,0.842,1.025,False,False
F01741,2021-R,0.751,0.941,False,False
F01742,2021-R,0.821,0.962,False,False
F01743,2021-R,0.476,0.934,False,True
F01744,2021-R,0.0,0.961,False,True
F01745,2021-R,0.0,0.938,False,True
F01746,2021-R,0.0,0.997,False,True
F01747,2021-R,0.769,1.039,False,False
F01748,2021-R,0.0,1.023,False,True
F01749,2021-R,0.0,0.984,False,True
F01750,2021-R,0.554,1.009,False,False
F01751,2021-R,0.0,0.956,False,True
F01752,2021-R,0.0,0.954,False,True
F01753,2021-R,0.746,0.958,False,False
F01754,2021-R,0.0,0.936,False,True
F01755,2021-R,0.268,1.023,False,True
F01756,2021-R,0.0,1.008,False,True
F01757,2021-R,0.253,0.964,False,True
F01758,2021-R,0.0,1.026,False,True
F01759,2021-R,0.0,1.01,False,True
F01760,2021-R,0.529,1.039,False,False
F01761,2021-R,0.0,0.943,False,True
F01763,2021-R,0.0,0.974,False,True
F01764,2021-R,0.226,1.001,False,True
F01765,2021-R,0.788,1.015,False,False
F01766,2021-R,0.0,0.969,False,True
F01767,2021-R,0.0,0.943,False,True
F01769,2021-R,0.0,1.038,False,True
F01770,2021-R,0.0,1.004,False,True
F01771,2021-R,0.0,0.946,False,True
F01772,2021-R,0.542,0.949,False,False
F01773,2021-R,0.0,1.007,False,True
F01774,2021-R,0.756,0.971,False,False
F01775,2021-R,0.0,1.003,False,True
F01776,2021-R,0.0,0.973,False,True
F01777,2021-R,0.0,1.019,False,True
F01779,2021-R,0.844,1.029,False,False
F01780,2021-R,0.0,1.008,False,True
F01781,2021-R,0.725,0.995,False,False
F01782,2021-R,0.505,0.99,False,False
F01783,2021-R,0.741,1.019,False,False
F01784,2021-R,0.836,0.953,False,False
F01786,2021-R,0.803,0.939,False,False
F01787,2021-R,0.711,0.959,False,False
F01788,2021-R,0.882,0.997,False,False
F01789,2021-R,0.0,0.939,False,True
F01790,2021-R,0.0,0.942,False,True
F01791,2021-R,0.855,0.984,False,False
F01792,2021-R,0.0,1.007,False,True
F01793,2021-R,0.0,0.967,False,True
F01794,2021-R,0.584,0.945,False,False
F01795,2021-R,0.0,0.98,False,True
F01796,2021-R,0.0,0.931,False,True
F01797,2021-R,0.0,1.007,False,True
F01798,2021-R,0.58,0.973,False,False
F01800,2021-R,0.507,0.951,False,False
F01801,2021-R,0.457,0.988,False,False
F01802,2021-R,0.0,0.972,False,True
F01803,2021-R,0.751,0.941,False,False
F01804,2021-R,0.0,1.014,False,True
F01805,2021-R,0.887,1.012,False,False
F01806,2021-R,0.874,0.957,False,False
F01807,2021-R,0.0,0.954,False,True
F01808,2021-R,0.796,1.039,False,False
F01809,2021-R,0.711,1.031,False,False
F01810,2021-R,0.0,1.037,False,True
F01812,2021-R,0.0,0.982,False,True
F01813,2021-R,0.0,0.993,False,True
F01814,2021-R,0.0,1.008,False,True
F01815,2021-R,0.683,0.961,False,False
F01816,2021-R,0.0,0.994,False,True
F01817,2021-R,0.775,1.021,False,False
F01818,2021-R,0.739,1.029,False,False
F01819,2021-R,0.0,0.948,False,True
F01820,2021-R,0.0,1.0,False,True
F01821,2021-R,0.0,0.931,False,True
F01822,2021-R,0.0,0.982,False,True
F01823,2021-R,0.884,1.006,False,False
F01824,2021-R,0.0,0.98,False,True
F01825,2021-R,0.873,0.953,False,False
F01826,2021-R,0.0,0.971,False,True
F01827,2021-R,0.0,0.94,False,True
F01828,2021-R,0.0,0.977,False,True
F01829,2021-R,0.598,0.968,False,False
F01830,2021-R,0.0,0.943,False,True
F01831,2021-R,0.713,0.948,False,False
F01832,2021-R,0.0,0.973,False,True
F01833,2021-R,0.824,0.988,False,False
F01834,2021-R,0.0,0.948,False,True
F01835,2021-R,0.0,0.939,False,True
F01837,2021-R,0.484,1.012,False,False
F01838,2021-R,0.768,0.962,False,False
F01839,2021-R,0.787,1.0,False,False
F01840,2021-R,0.0,1.01,False,True
F01841,2021-R,0.0,0.956,False,True
F01842,2021-R,0.764,0.992,False,False
F01843,2021-R,0.512,0.957,False,False
F01844,2021-R,0.817,0.955,False,False
F01845,2021-R,0.0,0.989,False,True
F01846,2021-R,0.528,0.968,False,False
F01847,2021-R,0.0,0.972,False,True
F01848,2021-R,0.83,1.0,False,False
F01849,2021-R,0.731,0.96,False,False
F01850,2021-R,0.0,1.016,False,True
F01851,2021-R,0.718,1.029,False,False
F01852,2021-R,0.829,0.968,False,False
F01853,2021-R,0.0,1.024,False,True
F01854,2021-R,0.0,0.979,False,True
F01855,2021-R,0.0,0.978,False,True
F01856,2021-R,0.0,0.933,False,True
F01857,2021-R,0.0,0.938,False,True
F01858,2021-R,0.475,1.008,False,False
F01859,2021-R,0.828,0.934,False,False
F01860,2021-R,0.0,1.018,False,True
F01861,2021-R,0.289,0.968,False,True
F01862,2021-R,0.0,1.014,False,True
F01863,2021-R,0.0,0.995,False,True
F01864,2021-R,0.0,0.973,False,True
F01865,2021-R,0.496,1.009,False,False
F01866,2021-R,0.767,0.938,False,False
F01867,2021-R,0.701,0.983,False,False
F01868,2021-R,0.0,0.991,False,True
F01869,2021-R,0.0,0.941,False,True
F01870,2021-R,0.0,1.036,False,True
F01871,2021-R,0.0,0.943,False,True
F01872,2021-R,0.351,0.968,False,True
F01873,2021-R,0.462,1.028,False,False
F01874,2021-R,0.0,0.988,False,True
F01875,2021-R,0.873,0.963,False,False
F01876,2021-R,0.926,0.938,False,False
F01877,2021-R,0.0,0.939,False,True
F01878,2021-R,0.722,0.969,False,False
F01879,2021-R,0.0,0.938,False,True
F01880,2021-R,0.835,1.021,False,False
F01881,2021-R,0.841,1.012,False,False
F01882,2021-R,0.895,1.035,False,False
F01883,2021-R,0.0,1.003,False,True
F01884,2021-R,0.0,0.934,False,True
F01885,2021-R,0.268,1.006,False,True
F01886,2021-R,0.79,0.958,False,False
F01887,2021-R,0.0,1.011,False,True
F01888,2021-R,0.0,1.034,False,True
F01889,2021-R,0.757,1.009,False,False
F01890,2021-R,0.559,0.984,False,False
F01891,2021-R,0.547,0.986,False,False
F01892,2021-R,0.0,1.022,False,True
F01893,2021-R,0.589,0.984,False,False
F01894,2021-R,0.0,0.984,False,True
F01895,2021-R,0.0,1.01,False,True
F01896,2021-R,0.0,0.932,False,True
F01897,2021-R,0.0,0.967,False,True
F01898,2021-R,0.0,0.978,False,True
F01899,2021-R,0.772,0.943,False,False
F01900,2021-R,0.0,0.998,False,True
F01901,2021-R,0.544,0.962,False,True
F01902,2021-R,0.0,0.947,False,True
F01903,2021-R,0.792,0.968,False,False
F01904,2021-R,0.435,1.009,False,False
F01905,2021-R,0.507,0.958,False,False
F01906,2021-R,0.0,0.989,False,True
F01907,2021-R,0.789,1.002,False,False
F01908,2021-R,0.573,0.966,False,False
F01909,2021-R,0.487,0.933,False,False
F01910,2021-R,0.0,0.998,False,True
F01911,2021-R,0.0,1.009,False,True
F01912,2021-R,0.0,1.024,False,True
F01913,2021-R,0.475,0.967,False,False
F01914,2021-R,0.567,0.963,False,False
F01915,2021-R,0.889,0.948,False,False
F01916,2021-R,0.761,0.944,False,False
F01917,2021-R,0.726,1.024,False,False
F01918,2021-R,0.79,0.997,False,False
F01919,2021-R,0.0,0.953,False,True
F01920,2021-R,0.594,0.979,False,False
F01921,2021-R,0.708,1.039,False,False
F01922,2021-R,0.867,1.001,False,False
F01923,2021-R,0.0,0.938,False,True
F01924,2021-R,0.302,1.012,False,True
F01925,2021-R,0.223,0.93,False,True
F01926,2021-R,0.331,1.002,False,True
F01927,2021-R,0.879,0.947,False,False
F01928,2021-R,0.0,0.972,False,True
F01929,2021-R,0.564,0.951,False,False
F01930,2021-R,0.0,0.944,False,True
F01931,2021-R,0.71,0.959,False,False
F01932,2021-R,0.0,0.959,False,True
F01933,2021-R,0.48,1.035,False,False
F01934,2021-R,0.491,0.983,False,False
F01935,2021-R,0.0,0.948,False,True
F01936,2021-R,0.0,0.932,False,True
F01937,2021-R,0.83,0.954,False,False
F01938,2021-R,0.0,1.022,False,True
F01939,2021-R,0.553,0.98,False,False
F01940,2021-R,0.838,0.965,False,False
F01941,2021-R,0.0,1.036,False,True
F01942,2021-R,0.0,0.966,False,True
F01943,2021-R,0.0,0.935,False,True
F01944,2021-R,0.0,0.936,False,True
F01945,2021-R,0.0,0.94,False,True
F01946,2021-R,0.0,1.035,False,True
F01947,2021-R,0.0,0.991,False,True
F01948,2021-R,0.594,0.942,False,False
F01949,2021-R,0.53,0.945,False,False
F01950,2021-R,0.0,1.011,False,True
F01951,2021-R,0.793,1.03,False,False
F01952,2021-R,0.478,0.997,False,False
F01953,2021-R,0.0,1.031,False,True
F01954,2021-R,0.0,1.009,False,True
F01955,2021-R,0.0,0.957,False,True
F01956,2021-R,0.0,0.963,False,True
F01957,2021-R,0.0,0.965,False,True
F01958,2021-R,0.516,1.01,False,False
F01959,2021-R,0.751,0.997,False,False
F01960,2021-R,0.0,1.02,False,True
F01961,2021-R,0.0,0.948,False,True
F01962,2021-R,0.0,0.991,False,True
F01963,2021-R,0.0,0.946,False,True
F01964,2021-R,0.832,0.958,False,False
F01965,2021-R,0.0,0.978,False,True
F01966,2021-R,0.209,0.967,False,True
F01967,2021-R,0.0,0.967,False,True
F01969,2021-R,0.579,1.028,False,False
F01970,2021-R,0.204,1.029,False,True
F01971,2021-R,0.0,0.961,False,True
F01972,2021-R,0.0,0.973,False,True
F01973,2021-R,0.767,0.937,False,False
F01974,2021-R,0.519,1.037,False,False
F01975,2021-R,0.0,0.988,False,True
F01976,2021-R,0.472,0.934,False,False
F01977,2021-R,0.0,0.98,False,True
F01978,2021-R,0.757,0.978,False,False
F01979,2021-R,0.771,0.972,False,False
F01980,2021-R,0.0,0.957,False,True
F01981,2021-R,0.0,0.962,False,True
F01982,2021-R,0.226,0.942,False,True
F01983,2021-R,0.465,1.002,False,False
F01984,2021-R,0.0,0.958,False,True
F01985,2021-R,0.0,1.032,False,True
F01986,2021-R,0.784,0.969,False,False
F01987,2021-R,0.0,1.031,False,True
F01988,2021-R,0.0,1.016,False,True
F01989,2021-R,0.91,0.966,False,False
F01990,2021-R,0.5,1.013,False,False
F01991,2021-R,0.537,1.0,False,False
F01992,2021-R,0.0,0.965,False,True
F01993,2021-R,0.0,1.014,False,True
F01994,2021-R,0.697,0.951,False,False
F01995,2021-R,0.0,1.025,False,True
F01996,2021-R,0.0,1.033,False,True
F01997,2021-R,0.0,0.947,False,True
F01998,2021-R,0.779,1.039,False,False
F01999,2021-R,0.0,0.953,False,True
F02001,2021-R,0.0,0.999,False,True
F02002,2021-R,0.702,0.95,False,False
F02003,2021-R,0.0,0.976,False,True
F02004,2021-R,0.0,0.998,False,True
F02005,2021-R,0.0,0.955,False,True
F02006,2021-R,0.0,1.038,False,True
F02007,2021-R,0.0,0.978,False,True
F02008,2021-R,0.0,1.003,False,True
F02009,2021-R,0.0,0.933,False,True
F02010,2021-R,0.0,0.948,False,True
F02011,2021-R,0.0,1.024,False,True
F02012,2021-R,0.552,0.993,False,False
F02013,2021-R,0.784,1.031,False,False
F02014,2021-R,0.0,0.963,False,True
F02015,2021-R,0.0,1.007,False,True
F02016,2021-R,0.0,1.016,False,True
F02017,2021-R,0.0,0.966,False,True
F02018,2021-R,0.0,0.955,False,True
F02019,2021-R,0.0,1.038,False,True
F02020,2021-R,0.801,0.96,False,False
F02021,2021-R,0.855,1.022,False,False
F02022,2021-R,0.779,1.005,False,False
F02023,2021-R,0.0,0.941,False,True
F02024,2021-R,0.836,1.018,False,False
F02025,2021-R,0.0,0.991,False,True
F02026,2021-R,0.774,1.017,False,False
F02027,2021-R,0.0,0.996,False,True
F02028,2021-R,0.184,0.935,False,True
F02029,2021-R,0.0,0.945,False,True
F02030,2021-R,0.0,0.994,False,True
F02031,2021-R,0.84,0.954,False,False
F02033,2021-R,0.0,0.989,False,True
F02034,2021-R,0.0,1.01,False,True
F02035,2021-R,0.847,0.932,False,False
F02036,2021-R,0.569,0.968,False,False
F02037,2021-R,0.0,0.983,False,True
F02038,2021-R,0.837,0.94,False,False
F02039,2021-R,0.0,1.036,False,True
F02040,2021-R,0.0,0.933,False,True
F02041,2021-R,0.699,1.01,False,False
F02042,2021-R,0.748,1.024,False,False
F02043,2021-R,0.769,1.024,False,True
F02044,2021-R,0.825,1.033,False,False
F02045,2021-R,0.0,0.94,False,True
F02046,2021-R,0.75,1.0,False,False
F02047,2021-R,0.0,1.017,False,True
F02048,2021-R,0.0,0.971,False,True
F02049,2021-R,0.696,0.987,False,False
F02050,2021-R,0.0,1.034,False,True
F02051,2021-R,0.0,0.953,False,True
F02052,2021-R,0.579,0.971,False,False
F02053,2021-R,0.694,0.985,False,False
F02055,2021-R,0.526,1.033,False,False
F02056,2021-R,0.0,0.992,False,True
F02057,2021-R,0.576,1.025,False,False
F02058,2021-R,0.524,0.935,False,True
F02059,2021-R,0.0,1.023,False,True
F02060,2021-R,0.789,0.951,False,False
F02061,2021-R,0.859,1.012,False,False
F02062,2021-R,0.0,0.933,False,True
F02063,2021-R,0.0,0.941,False,True
F02064,2021-R,0.774,0.944,False,False
F02065,2021-R,0.892,0.975,False,False
F02066,2021-R,0.795,0.943,False,False
F02067,2021-R,0.905,0.937,False,False
F02068,2021-R,0.761,0.959,False,False
F02069,2021-R,0.295,0.936,False,True
F02070,2021-R,0.526,0.93,False,False
F02071,2021-R,0.0,1.001,False,True
F02072,2021-R,0.785,0.959,False,False
F02073,2021-R,0.592,0.993,False,False
F02074,2021-R,0.0,1.009,False,True
F02075,2021-R,0.0,0.963,False,True
F02076,2021-R,0.876,1.037,False,False
F02077,2021-R,0.0,1.003,False,True
F02078,2021-R,0.0,1.018,False,True
F02079,2021-R,0.821,0.936,False,False
F02080,2021-R,0.826,0.976,False,False
F02081,2021-R,0.279,0.956,False,True
F02082,2021-R,0.0,1.025,False,True
F02083,2021-R,0.915,0.938,False,False
F02084,2021-R,0.0,0.93,False,True
F02085,2021-R,0.562,0.946,False,False
F02086,2021-R,0.906,0.95,False,False
F02087,2021-R,0.0,1.022,False,True
F02088,2021-R,0.866,0.938,False,False
F02089,2021-R,0.0,0.931,False,True
F02090,2021-R,0.873,1.02,False,False
F02091,2021-R,0.91,0.948,False,False
F02092,2021-R,0.903,0.969,False,False
F02093,2021-R,0.776,0.979,False,False
F02094,2021-R,0.0,1.004,False,True
F02095,2021-R,0.863,0.95,False,False
F02096,2021-R,0.89,0.961,False,False
F02097,2021-R,0.893,0.999,False,False
F02098,2021-R,0.0,1.026,False,True
F02099,2021-R,0.0,1.037,False,True
F02100,2021-R,0.0,0.981,False,True
F02101,2021-R,0.0,0.95,False,True
F02102,2021-R,0.0,0.948,False,True
F02103,2021-R,0.0,0.937,False,True
F02104,2021-R,0.737,0.989,False,False
F02105,2021-R,0.528,0.997,False,False
F02106,2021-R,0.516,0.977,False,False
F02107,2021-R,0.786,1.022,False,False
F02108,2021-R,0.595,0.977,False,False
F02109,2021-R,0.0,0.94,False,True
F02110,2021-R,0.0,1.022,False,True
F02111,2021-R,0.0,1.025,False,True
F02113,2021-R,0.0,1.04,False,True
F02114,2021-R,0.0,0.965,False,True
F02116,2021-R,0.0,1.021,False,True
F02117,2021-R,0.0,0.958,False,True
F02118,2021-R,0.0,0.95,False,True
F02119,2021-R,0.0,1.007,False,True
F02120,2021-R,0.0,0.998,False,True
F02121,2021-R,0.553,1.035,False,False
F02122,2021-R,0.0,0.975,False,True
F02123,2021-R,0.751,0.982,False,False
F02124,2021-R,0.0,0.948,False,True
F02125,2021-R,0.0,0.96,False,True
F02126,2021-R,0.0,0.982,False,True
F02127,2021-R,0.0,0.968,False,True
F02128,2021-R,0.564,0.957,False,False
F02129,2021-R,0.501,0.957,False,False
F02130,2021-R,0.0,1.031,False,True
F02131,2021-R,0.0,0.965,False,True
F02132,2021-R,0.0,0.994,False,True
F02133,2021-R,0.764,0.977,False,False
F02134,2021-R,0.588,1.037,False,False
F02135,2021-R,0.0,0.938,False,True
F02136,2021-R,0.0,0.982,False,True
F02137,2021-R,0.904,0.933,False,False
F02138,2021-R,0.514,1.008,False,False
F02139,2021-R,0.769,0.962,False,False
F02140,2021-R,0.0,1.022,False,True
F02141,2021-R,0.49,0.959,False,False
F02142,2021-R,0.0,1.023,False,True
F02143,2021-R,0.0,0.966,False,True
F02144,2021-R,0.841,1.008,False,False
F02145,2021-R,0.739,1.031,False,False
F02146,2021-R,0.898,0.931,False,False
F02147,2021-R,0.7,0.981,False,False
F02148,2021-R,0.0,0.968,False,True
F02149,2021-R,0.772,1.036,False,False
F02150,2021-R,0.0,1.015,False,True
F02151,2021-R,0.894,0.937,False,False
F02152,2021-R,0.0,0.948,False,True
F02153,2021-R,0.0,0.977,False,True
F02154,2021-R,0.772,0.971,False,False
F02155,2021-R,0.0,1.029,False,True
F02156,2021-R,0.786,0.964,False,False
F02157,2021-R,0.529,0.99,False,True
F02158,2021-R,0.875,0.93,False,False
F02159,2021-R,0.0,0.976,False,True
F02160,2021-R,0.0,1.019,False,True
F02161,2021-R,0.317,0.974,False,True
F02162,2021-R,0.699,0.975,False,False
F02163,2021-R,0.491,1.033,False,False
F02164,2021-R,0.0,0.944,False,True
F02165,2021-R,0.0,1.008,False,True
F02166,2021-R,0.0,1.036,False,True
F02167,2021-R,0.0,1.008,False,True
F02168,2021-R,0.581,1.016,False,False
F02169,2021-R,0.0,1.027,False,True
F02170,2021-R,0.0,0.969,False,True
F02172,2021-R,0.0,1.019,False,True
F02173,2021-R,0.0,0.943,False,True
F02174,2021-R,0.732,1.025,False,False
F02175,2021-R,0.0,1.009,False,True
F02176,2021-R,0.0,1.022,False,True
F02177,2021-R,0.0,1.026,False,True
F02178,2021-R,0.778,1.024,False,False
F02179,2021-R,0.225,0.952,False,True
F02180,2021-R,0.771,0.984,False,False
F02181,2021-R,0.514,0.967,False,False
F02182,2021-R,0.0,1.023,False,True
F02183,2021-R,0.0,0.981,False,True
F02184,2021-R,0.537,1.001,False,False
F02185,2021-R,0.703,0.976,False,False
F02186,2021-R,0.0,0.959,False,True
F02187,2021-R,0.0,0.987,False,True
F02188,2021-R,0.0,1.005,False,True
F02189,2021-R,0.721,0.956,False,False
F02190,2021-R,0.0,1.026,False,True
F02191,2021-R,0.566,0.982,False,False
F02192,2021-R,0.0,0.957,False,True
F02193,2021-R,0.0,0.962,False,True
F02195,2021-R,0.843,0.949,False,False
F02196,2021-R,0.509,0.987,False,False
F02197,2021-R,0.0,1.002,False,True
F02198,2021-R,0.0,1.025,False,True
F02199,2021-R,0.0,0.954,False,True
F02200,2021-R,0.0,0.959,False,True
F02201,2021-R,0.831,0.994,False,False
F02202,2021-R,0.581,0.979,False,False
F02203,2021-R,0.0,1.024,False,True
F02204,2021-R,0.0,0.967,False,True
F02205,2021-R,0.0,0.933,False,True
F02206,2021-R,0.0,1.032,False,True
F02207,2021-R,0.831,0.974,False,False
F02208,2021-R,0.556,1.008,False,False
F02209,2021-R,0.825,0.956,False,False
F02210,2021-R,0.842,0.937,False,False
F02211,2021-R,0.715,0.995,False,False
F02212,2021-R,0.0,1.027,False,True
F02214,2021-R,0.0,1.02,False,True
F02215,2021-R,0.0,1.015,False,True
F02216,2021-R,0.0,0.996,False,True
F02217,2021-R,0.711,0.979,False,False
F02218,2021-R,0.0,0.943,False,True
F02219,2021-R,0.0,1.01,False,True
F02220,2021-R,0.498,1.002,False,False
F02221,2021-R,0.0,1.028,False,True
F02222,2021-R,0.792,0.979,False,False
F02223,2021-R,0.0,0.94,False,True
F02224,2021-R,0.0,1.034,False,True
F02225,2021-R,0.832,0.977,False,False
F02226,2021-R,0.599,0.951,False,False
F02227,2021-R,0.833,1.009,False,False
F02228,2021-R,0.219,1.027,False,True
F02229,2021-R,0.0,0.938,False,True
F02231,2021-R,0.813,1.022,False,False
F02232,2021-R,0.0,0.983,False,True
F02233,2021-R,0.779,0.968,False,False
F02234,2021-R,0.723,0.998,False,False
F02235,2021-R,0.0,0.987,False,True
F02236,2021-R,0.0,0.948,False,True
F02237,2021-R,0.349,1.015,False,True
F02238,2021-R,0.0,0.984,False,True
F02239,2021-R,0.703,0.952,False,False
F02240,2021-R,0.0,1.033,False,True
F02241,2021-R,0.272,0.974,False,True
F02242,2021-R,0.541,1.037,False,False
F02243,2021-R,0.808,0.947,False,False
F02244,2021-R,0.84,1.013,False,False
F02245,2021-R,0.741,0.954,False,False
F02246,2021-R,0.0,0.998,False,True
F02247,2021-R,0.0,0.988,False,True
F02248,2021-R,0.818,1.002,False,False
F02249,2021-R,0.0,0.97,False,True
F02250,2021-R,0.563,0.976,False,False
F02251,2021-R,0.714,1.039,False,False
F02252,2021-R,0.775,1.015,False,False
F02253,2021-R,0.0,1.029,False,True
F02254,2021-R,0.0,0.98,False,True
F02255,2021-R,0.0,1.0,False,True
F02256,2021-R,0.0,1.035,False,True
F02257,2021-R,0.0,0.967,False,True
F02258,2021-R,0.0,0.932,False,True
F02259,2021-R,0.0,0.988,False,True
F02261,2021-R,0.853,0.972,False,False
F02262,2021-R,0.729,1.009,False,False
F02263,2021-R,0.729,0.946,False,False
F02264,2021-R,0.0,0.967,False,True
F02265,2021-R,0.0,0.954,False,True
F02266,2021-R,0.734,0.99,False,False
F02267,2021-R,0.317,0.992,False,True
F02268,2021-R,0.0,0.968,False,True
F02269,2021-R,0.0,0.933,False,True
F02270,2021-R,0.704,0.963,False,False
F02271,2021-R,0.0,0.98,False,True
F02272,2021-R,0.519,0.945,False,False
F02273,2021-R,0.804,1.031,False,False
F02274,2021-R,0.879,0.964,False,False
F02275,2021-R,0.699,0.934,False,False
F02276,2021-R,0.0,1.036,False,True
F02277,2021-R,0.0,1.029,False,True
F02278,2021-R,0.0,1.035,False,True
F02279,2021-R,0.787,0.937,False,False
F02280,2021-R,0.717,0.954,False,False
F02281,2021-R,0.683,0.981,False,False
F02282,2021-R,0.0,1.01,False,True
F02283,2021-R,0.0,0.934,False,True
F02285,2021-R,0.848,0.949,False,False
F02286,2021-R,0.0,1.011,False,True
F02287,2021-R,0.732,1.02,False,False
F02288,2021-R,0.0,0.961,False,True
F02289,2021-R,0.511,0.945,False,False
F02290,2021-R,0.0,0.941,False,True
F02291,2021-R,0.0,1.012,False,True
F02292,2021-R,0.858,0.979,False,False
F02293,2021-R,0.74,0.988,False,False
F02294,2021-R,0.888,1.024,False,False
F02295,2021-R,0.0,0.942,False,True
F02296,2021-R,0.845,1.017,False,False
F02297,2021-R,0.0,0.981,False,True
F02298,2021-R,0.536,0.96,False,False
F02299,2021-R,0.498,0.968,False,False
F02300,2021-R,0.753,0.978,False,False
F02301,2021-R,0.714,1.035,False,False
F02302,2021-R,0.655,0.945,False,False
F02303,2021-R,0.0,0.998,False,True
F02304,2021-R,0.732,0.965,False,False
F02305,2021-R,0.565,1.036,False,False
F02306,2021-R,0.593,1.004,False,False
F02307,2021-R,0.786,0.942,False,False
F02308,2021-R,0.742,0.975,False,False
F02309,2021-R,0.511,0.948,False,False
F02310,2021-R,0.873,0.966,False,False
F02311,2021-R,0.0,0.965,False,True
F02312,2021-R,0.0,1.034,False,True
F02313,2021-R,0.522,1.034,False,False
F02314,2021-R,0.0,1.006,False,True
F02315,2021-R,0.0,0.984,False,True
F02316,2021-R,0.679,1.039,False,False
F02317,2021-R,0.277,0.93,False,True
F02318,2021-R,0.0,0.949,False,True
F02319,2021-R,0.0,1.012,False,True
F02320,2021-R,0.0,1.018,False,True
F02321,2021-R,0.0,0.995,False,True
F02322,2021-R,0.682,0.932,False,False
F02323,2021-R,0.68,0.948,False,False
F02324,2021-R,0.0,0.987,False,True
F02325,2021-R,0.566,0.967,False,False
F02326,2021-R,0.0,0.959,False,True
F02327,2021-R,0.0,0.979,False,True
F02328,2021-R,0.476,0.945,False,False
F02329,2021-R,0.0,1.025,False,True
F02330,2021-R,0.0,0.983,False,True
F02331,2021-R,0.0,0.936,False,True
F02332,2021-R,0.758,0.944,False,False
F02333,2021-R,0.585,0.98,False,False
F02334,2021-R,0.9,0.93,False,False
F02335,2021-R,0.0,1.022,False,True
F02336,2021-R,0.599,0.974,False,False
F02337,2021-R,0.0,1.012,False,True
F02338,2021-R,0.771,1.012,False,False
F02339,2021-R,0.553,1.0,False,False
F02340,2021-R,0.774,0.962,False,False
F02341,2021-R,0.915,1.003,False,False
F02342,2021-R,0.491,0.934,False,False
F02343,2021-R,0.0,0.979,False,True
F02344,2021-R,0.0,1.039,False,True
F02345,2021-R,0.631,0.987,False,False
F02346,2021-R,0.0,0.998,False,True
F02347,2021-R,0.193,0.938,False,True
F02348,2021-R,0.46,1.012,False,False
F02349,2021-R,0.526,1.004,False,False
F02350,2021-R,0.0,1.01,False,True
F02351,2021-R,0.0,1.017,False,True
F02352,2021-R,0.814,1.004,False,False
F02353,2021-R,0.0,1.026,False,True
F02354,2021-R,0.808,1.023,False,False
F02355,2021-R,0.0,0.937,False,True
F02356,2021-R,0.494,0.96,False,False
F02357,2021-R,0.0,0.943,False,True
F02358,2021-R,0.573,0.957,False,False
F02359,2021-R,0.284,0.952,False,True
F02360,2021-R,0.887,1.005,False,False
F02361,2021-R,0.0,0.959,False,True
F02362,2021-R,0.0,1.017,False,True
F02363,2021-R,0.768,1.036,False,False
F02364,2021-R,0.0,0.96,False,True
F02365,2021-R,0.566,0.936,False,False
F02366,2021-R,0.806,1.021,False,False
F02367,2021-R,0.575,1.008,False,False
F02368,2021-R,0.475,1.025,False,False
F02369,2021-R,0.488,0.959,False,False
F02370,2021-R,0.0,1.009,False,True
F02371,2021-R,0.794,0.961,False,False
F02372,2021-R,0.539,0.973,False,False
F02373,2021-R,0.0,0.999,False,True
F02374,2021-R,0.565,0.972,False,False
F02375,2021-R,0.368,1.015,False,True
F02376,2021-R,0.0,1.038,False,True
F02377,2021-R,0.0,1.025,False,True
F02378,2021-R,0.265,1.002,False,False
F02379,2021-R,0.0,1.029,False,True
F02380,2021-R,0.369,1.023,False,False
F02381,2021-R,0.0,1.039,False,True
F02382,2021-R,0.78,0.973,False,False
F02383,2021-R,0.749,0.968,False,False
F02384,2021-R,0.0,0.982,False,True
F02385,2021-R,0.678,1.033,False,False
F02386,2021-R,0.497,1.028,False,False
F02387,2021-R,0.348,0.944,False,True
F02388,2021-R,0.673,0.932,False,False
F02389,2021-R,0.0,0.958,False,True
F02390,2021-R,0.672,0.935,False,False
F02391,2021-R,0.821,0.947,False,False
F02392,2021-R,0.723,0.996,False,False
F02393,2021-R,0.639,1.005,False,True
F02394,2021-R,0.489,0.964,False,False
F02395,2021-R,0.0,0.95,False,True
F02396,2021-R,0.47,0.998,False,False
F02397,2021-R,0.865,0.983,False,False
F02398,2021-R,0.666,1.028,False,False
F02399,2021-R,0.0,0.992,False,True
F02400,2021-R,0.65,1.026,False,False
F02401,2021-R,0.491,1.026,False,False
F02402,2021-R,0.0,0.969,False,True
F02403,2021-R,0.0,0.972,False,True
F02404,2021-R,0.326,0.943,False,False
F02405,2021-R,0.469,0.949,False,False
F02406,2021-R,0.815,0.954,False,False
F02407,2021-R,0.547,0.997,False,False
F02408,2021-R,0.819,0.95,False,False
F02409,2021-R,0.315,0.953,False,True
F02410,2021-R,0.335,1.021,False,True
F02411,2021-R,0.0,0.981,False,True
F02412,2021-R,0.791,0.96,False,False
F02413,2021-R,0.302,1.039,False,True
F02414,2021-R,0.27,0.943,False,True
F02415,2021-R,0.701,0.98,False,False
F02416,2021-R,0.393,0.976,False,True
F02417,2021-R,0.451,0.968,False,False
F02418,2021-R,0.747,1.016,False,False
F02419,2021-R,0.536,0.96,False,False
F02420,2021-R,0.459,0.93,False,False
F02421,2021-R,0.4,0.977,False,True
F02422,2021-R,0.751,1.018,False,False
F02423,2021-R,0.514,0.984,False,False
F02424,2021-R,0.516,1.018,False,True
F02425,2021-R,0.717,0.985,False,False
F02426,2021-R,0.478,0.945,False,False
F02427,2021-R,0.298,1.001,False,True
F02428,2021-R,0.687,1.023,False,False
F02429,2021-R,0.566,0.996,False,False
F02430,2021-R,0.705,0.932,False,False
F02431,2021-R,0.408,1.0,False,False
F02432,2021-R,0.574,0.954,False,False
F02433,2021-R,0.437,0.985,False,False
F02434,2021-R,0.602,0.967,False,False
F02435,2021-R,0.495,1.039,False,False
F02436,2021-R,0.309,1.027,False,True
F02437,2021-R,0.766,1.0,False,False
F02438,2021-R,0.424,0.945,False,False
F02439,2021-R,0.729,0.932,False,False
F02440,2021-R,0.714,1.012,False,False
F02441,2021-R,0.769,1.03,False,False
F02442,2021-R,0.759,0.964,False,False
F02443,2021-R,0.429,0.974,False,False
F02444,2021-R,0.743,1.015,False,False
F02445,2021-R,0.871,0.938,False,False
F02446,2021-R,0.402,0.952,False,False
F02447,2021-R,0.226,1.031,False,False
F02448,2021-R,0.35,0.976,False,True
F02449,2021-R,0.427,0.954,False,True
F02450,2021-R,0.663,0.94,False,False
F02451,2021-R,0.643,0.956,False,False
F02452,2021-R,0.741,1.007,False,False
F02453,2021-R,0.533,0.941,False,False
F02454,2021-R,0.638,0.992,False,False
F01001,2022-K,0.0,1.019,False,True
F01002,2022-K,0.0,0.947,False,True
F01003,2022-K,0.567,0.955,False,False
F01004,2022-K,0.0,1.031,False,True
F01005,2022-K,0.522,0.932,False,False
F01006,2022-K,0.0,1.031,False,True
F01007,2022-K,0.0,1.057,False,True
F01008,2022-K,0.755,1.0,False,False
F01009,2022-K,0.816,0.974,False,False
F01010,2022-K,0.0,0.959,False,True
F01011,2022-K,0.0,0.93,False,True
F01012,2022-K,0.0,1.006,False,True
F01013,2022-K,0.592,0.924,False,False
F01014,2022-K,0.0,0.968,False,True
F01015,2022-K,0.0,1.022,False,True
F01016,2022-K,0.0,1.029,False,True
F01017,2022-K,0.491,0.957,False,False
F01018,2022-K,0.0,0.977,False,True
F01020,2022-K,0.488,1.052,False,False
F01021,2022-K,0.795,0.966,False,False
F01022,2022-K,0.777,0.969,False,False
F01023,2022-K,0.826,0.967,False,False
F01024,2022-K,0.0,0.992,False,True
F01025,2022-K,0.0,1.027,False,True
F01027,2022-K,0.0,0.952,False,True
F01028,2022-K,0.0,0.987,False,True
F01029,2022-K,0.57,0.978,False,False
F01030,2022-K,0.559,0.948,False,False
F01031,2022-K,0.0,0.976,False,True
F01032,2022-K,0.753,1.013,False,False
F01033,2022-K,0.0,0.932,False,True
F01034,2022-K,0.0,0.955,False,True
F01035,2022-K,0.827,0.959,False,False
F01036,2022-K,0.825,1.042,False,False
F01037,2022-K,0.81,0.932,False,False
F01038,2022-K,0.0,0.935,False,True
F01039,2022-K,0.0,1.022,False,True
F01040,2022-K,0.0,0.964,False,True
F01041,2022-K,0.0,1.015,False,True
F01042,2022-K,0.222,1.0,False,True
F01043,2022-K,0.0,1.02,False,True
F01044,2022-K,0.799,1.044,False,False
F01045,2022-K,0.0,1.054,False,True
F01046,2022-K,0.0,0.958,False,True
F01047,2022-K,0.0,0.955,False,True
F01048,2022-K,0.816,0.931,False,False
F01049,2022-K,0.0,0.966,False,True
F01050,2022-K,0.756,0.997,False,False
F01051,2022-K,0.493,0.951,False,False
F01052,2022-K,0.0,0.934,False,True
F01053,2022-K,0.0,1.047,False,True
F01054,2022-K,0.0,0.944,False,True
F01055,2022-K,0.859,0.965,False,False
F01056,2022-K,0.0,0.972,False,True
F01057,2022-K,0.744,1.01,False,False
F01058,2022-K,0.258,1.0,False,True
F01059,2022-K,0.0,1.046,False,True
F01060,2022-K,0.0,1.038,False,True
F01061,2022-K,0.0,1.001,False,True
F01062,2022-K,0.0,1.016,False,True
F01063,2022-K,0.0,1.029,False,True
F01064,2022-K,0.755,1.01,False,False
F01066,2022-K,0.0,1.04,False,True
F01067,2022-K,0.0,0.979,False,True
F01068,2022-K,0.0,0.967,False,True
F01069,2022-K,0.0,0.99,False,True
F01070,2022-K,0.0,0.974,False,True
F01071,2022-K,0.575,0.968,False,False
F01072,2022-K,0.0,0.995,False,True
F01073,2022-K,0.0,1.039,False,True
F01074,2022-K,0.0,0.959,False,True
F01075,2022-K,0.729,0.993,False,False
F01076,2022-K,0.0,1.003,False,True
F01077,2022-K,0.0,0.987,False,True
F01078,2022-K,0.0,1.014,False,True
F01079,2022-K,0.559,0.989,False,False
F01080,2022-K,0.0,0.929,False,True
F01081,2022-K,0.846,0.958,False,False
F01082,2022-K,0.76,0.951,False,False
F01083,2022-K,0.0,1.042,False,True
F01084,2022-K,0.0,0.942,False,True
F01085,2022-K,0.0,0.939,False,True
F01086,2022-K,0.0,0.962,False,True
F01087,2022-K,0.486,0.954,False,False
F01088,2022-K,0.821,1.053,False,False
F01089,2022-K,0.0,0.941,False,True
F01090,2022-K,0.528,0.974,False,False
F01091,2022-K,0.0,0.924,False,True
F01092,2022-K,0.571,0.971,False,False
F01093,2022-K,0.716,0.971,False,False
F01094,2022-K,0.0,0.962,False,True
F01095,2022-K,0.541,0.951,False,True
F01096,2022-K,0.0,1.003,False,True
F01097,2022-K,0.0,0.932,False,True
F01098,2022-K,0.715,1.046,False,False
F01099,2022-K,0.0,1.015,False,True
F01100,2022-K,0.0,0.954,False,True
F01101,2022-K,0.0,1.035,False,True
F01102,2022-K,0.0,1.019,False,True
F01103,2022-K,0.0,0.974,False,True
F01104,2022-K,0.906,0.98,False,False
F01105,2022-K,0.906,0.949,False,False
F01106,2022-K,0.0,1.018,False,True
F01107,2022-K,0.885,1.031,False,False
F01108,2022-K,0.0,0.995,False,True
F01109,2022-K,0.0,0.983,False,True
F01110,2022-K,0.899,0.959,False,False
F01111,2022-K,0.874,0.976,False,False
F01112,2022-K,0.897,0.996,False,False
F01113,2022-K,0.0,1.054,False,True
F01114,2022-K,0.571,0.96,False,False
F01115,2022-K,0.269,0.981,False,True
F01116,2022-K,0.881,0.99,False,False
F01117,2022-K,0.546,1.002,False,False
F01118,2022-K,0.0,1.043,False,True
F01119,2022-K,0.0,1.023,False,True
F01120,2022-K,0.815,0.922,False,False
F01121,2022-K,0.547,0.966,False,False
F01122,2022-K,0.598,0.948,False,False
F01123,2022-K,0.0,0.937,False,True
F01124,2022-K,0.0,1.052,False,True
F01125,2022-K,0.0,0.967,False,True
F01126,2022-K,0.0,1.042,False,True
F01127,2022-K,0.0,1.031,False,True
F01128,2022-K,0.0,1.003,False,True
F01129,2022-K,0.0,0.944,False,True
F01130,2022-K,0.0,1.046,False,True
F01131,2022-K,0.759,0.988,False,False
F01132,2022-K,0.0,0.942,False,True
F01133,2022-K,0.51,0.996,False,False
F01134,2022-K,0.0,1.051,False,True
F01135,2022-K,0.194,0.939,False,True
F01136,2022-K,0.0,1.013,False,True
F01137,2022-K,0.0,0.929,False,True
F01138,2022-K,0.0,1.009,False,True
F01139,2022-K,0.843,0.99,False,False
F01140,2022-K,0.0,1.06,False,True
F01141,2022-K,0.836,0.982,False,False
F01142,2022-K,0.52,1.052,False,False
F01143,2022-K,0.0,1.038,False,True
F01144,2022-K,0.0,0.96,False,True
F01145,2022-K,0.0,1.053,False,True
F01146,2022-K,0.57,0.977,False,False
F01147,2022-K,0.779,0.963,False,False
F01149,2022-K,0.0,1.024,False,True
F01150,2022-K,0.0,0.933,False,True
F01151,2022-K,0.824,0.985,False,False
F01152,2022-K,0.763,1.038,False,False
F01153,2022-K,0.824,1.025,False,False
F01154,2022-K,0.0,1.04,False,True
F01155,2022-K,0.499,0.955,False,False
F01156,2022-K,0.0,0.933,False,True
F01157,2022-K,0.0,0.954,False,True
F01158,2022-K,0.559,0.936,False,False
F01159,2022-K,0.0,0.927,False,True
F01160,2022-K,0.739,0.998,False,False
F01161,2022-K,0.0,0.943,False,True
F01162,2022-K,0.0,0.978,False,True
F01163,2022-K,0.807,0.932,False,False
F01164,2022-K,0.797,0.934,False,False
F01165,2022-K,0.82,0.991,False,False
F01166,2022-K,0.0,0.933,False,True
F01167,2022-K,0.0,1.044,False,True
F01168,2022-K,0.0,0.937,False,True
F01169,2022-K,0.815,0.929,False,False
F01170,2022-K,0.808,1.01,False,False
F01171,2022-K,0.813,1.038,False,False
F01173,2022-K,0.0,1.052,False,True
F01174,2022-K,0.0,1.005,False,True
F01175,2022-K,0.0,0.957,False,True
F01176,2022-K,0.551,1.01,False,False
F01177,2022-K,0.0,1.059,False,True
F01178,2022-K,0.0,0.998,False,True
F01179,2022-K,0.814,0.932,False,False
F01180,2022-K,0.0,1.026,False,True
F01181,2022-K,0.0,1.004,False,True
F01182,2022-K,0.0,0.961,False,True
F01183,2022-K,0.0,0.944,False,True
F01184,2022-K,0.0,1.04,False,True
F01185,2022-K,0.0,0.972,False,True
F01186,2022-K,0.0,0.98,False,True
F01187,2022-K,0.0,0.973,False,True
F01188,2022-K,0.0,0.925,False,True
F01190,2022-K,0.0,1.003,False,True
F01191,2022-K,0.531,1.022,False,False
F01192,2022-K,0.0,1.044,False,True
F01193,2022-K,0.752,1.031,False,False
F01194,2022-K,0.0,1.049,False,True
F01196,2022-K,0.0,1.003,False,True
F01197,2022-K,0.271,1.034,False,True
F01198,2022-K,0.0,1.044,False,True
F01199,2022-K,0.598,0.979,False,False
F01200,2022-K,0.452,1.003,False,False
F01201,2022-K,0.0,0.924,False,True
F01202,2022-K,0.815,0.924,False,False
F01203,2022-K,0.873,0.975,False,False
F01204,2022-K,0.0,0.958,False,True
F01205,2022-K,0.0,1.04,False,True
F01206,2022-K,0.0,1.004,False,True
F01207,2022-K,0.838,0.949,False,False
F01208,2022-K,0.0,1.045,False,True
F01209,2022-K,0.0,1.055,False,True
F01210,2022-K,0.0,1.048,False,True
F01211,2022-K,0.903,1.038,False,False
F01212,2022-K,0.0,0.967,False,True
F01213,2022-K,0.0,1.0,False,True
F01214,2022-K,0.0,0.92,False,True
F01215,2022-K,0.0,1.017,False,True
F01216,2022-K,0.881,1.056,False,False
F01217,2022-K,0.0,1.026,False,True
F01218,2022-K,0.0,1.049,False,True
F01219,2022-K,0.56,1.036,False,False
F01220,2022-K,0.0,0.996,False,True
F01221,2022-K,0.0,1.049,False,True
F01222,2022-K,0.0,0.949,False,True
F01223,2022-K,0.928,1.002,False,False
F01224,2022-K,0.0,1.046,False,True
F01225,2022-K,0.534,1.0,False,False
F01226,2022-K,0.929,0.938,False,False
F01227,2022-K,0.539,0.994,False,False
F01228,2022-K,0.479,0.952,False,False
F01229,2022-K,0.0,0.961,False,True
F01230,2022-K,0.0,0.926,False,True
F01231,2022-K,0.0,1.046,False,True
F01232,2022-K,0.0,0.986,False,True
F01233,2022-K,0.0,0.949,False,True
F01234,2022-K,0.0,0.958,False,True
F01235,2022-K,0.488,0.921,False,False
F01236,2022-K,0.853,1.04,False,False
F01237,2022-K,0.0,0.996,False,True
F01238,2022-K,0.827,0.922,False,False
F01239,2022-K,0.0,1.027,False,True
F01240,2022-K,0.0,0.954,False,True
F01242,2022-K,0.0,1.047,False,True
F01243,2022-K,0.0,0.925,False,True
F01244,2022-K,0.0,1.024,False,True
F01245,2022-K,0.0,0.986,False,True
F01246,2022-K,0.194,0.925,False,True
F01247,2022-K,0.0,0.937,False,True
F01249,2022-K,0.856,0.966,False,False
F01250,2022-K,0.0,1.034,False,True
F01251,2022-K,0.0,0.948,False,True
F01252,2022-K,0.0,1.018,False,True
F01253,2022-K,0.0,1.018,False,True
F01255,2022-K,0.0,0.976,False,True
F01256,2022-K,0.0,0.944,False,True
F01257,2022-K,0.0,0.945,False,True
F01258,2022-K,0.0,0.947,False,True
F01259,2022-K,0.0,1.006,False,True
F01260,2022-K,0.0,0.937,False,True
F01261,2022-K,0.0,0.96,False,True
F01262,2022-K,0.0,1.011,False,True
F01263,2022-K,0.785,1.043,False,False
F01264,2022-K,0.782,0.964,False,False
F01265,2022-K,0.0,0.998,False,True
F01266,2022-K,0.0,1.057,False,True
F01267,2022-K,0.0,1.017,False,True
F01268,2022-K,0.0,0.922,False,True
F01269,2022-K,0.0,0.991,False,True
F01270,2022-K,0.0,1.054,False,True
F01271,2022-K,0.0,1.006,False,True
F01272,2022-K,0.0,0.978,False,True
F01273,2022-K,0.0,1.015,False,True
F01274,2022-K,0.742,1.032,False,False
F01275,2022-K,0.533,0.984,False,False
F01276,2022-K,0.838,0.991,False,False
F01277,2022-K,0.0,1.0,False,True
F01278,2022-K,0.0,0.947,False,True
F01279,2022-K,0.0,1.047,False,True
F01280,2022-K,0.75,0.993,False,False
F01281,2022-K,0.0,1.025,False,True
F01282,2022-K,0.0,0.955,False,True
F01283,2022-K,0.5,0.966,False,False
F01284,2022-K,0.0,1.033,False,True
F01285,2022-K,0.521,1.008,False,False
F01286,2022-K,0.0,1.022,False,True
F01287,2022-K,0.0,1.057,False,True
F01288,2022-K,0.869,1.018,False,False
F01289,2022-K,0.0,0.971,False,True
F01290,2022-K,0.0,1.008,False,True
F01291,2022-K,0.0,0.972,False,True
F01292,2022-K,0.867,1.032,False,False
F01293,2022-K,0.481,1.038,False,False
F01295,2022-K,0.0,1.039,False,True
F01296,2022-K,0.77,1.026,False,False
F01297,2022-K,0.594,1.006,False,False
F01298,2022-K,0.0,0.952,False,True
F01299,2022-K,0.0,1.016,False,True
F01300,2022-K,0.0,0.942,False,True
F01301,2022-K,0.897,0.977,False,False
F01302,2022-K,0.0,1.047,False,True
F01303,2022-K,0.0,1.043,False,True
F01304,2022-K,0.0,0.995,False,True
F01306,2022-K,0.0,0.922,False,True
F01307,2022-K,0.898,0.951,False,False
F01308,2022-K,0.899,1.007,False,False
F01309,2022-K,0.0,1.004,False,True
F01310,2022-K,0.0,0.996,False,True
F01311,2022-K,0.564,0.964,False,False
F01312,2022-K,0.887,0.936,False,False
F01313,2022-K,0.0,1.021,False,True
F01314,2022-K,0.0,0.923,False,True
F01315,2022-K,0.0,1.044,False,True
F01316,2022-K,0.0,0.953,False,True
F01317,2022-K,0.695,0.921,False,False
F01318,2022-K,0.0,0.92,False,True
F01319,2022-K,0.883,1.038,False,False
F01320,2022-K,0.489,0.996,False,False
F01321,2022-K,0.0,0.984,False,True
F01322,2022-K,0.0,1.0,False,True
F01323,2022-K,0.0,0.958,False,True
F01324,2022-K,0.0,1.027,False,True
F01326,2022-K,0.0,1.049,False,True
F01329,2022-K,0.911,1.037,False,False
F01330,2022-K,0.0,1.019,False,True
F01331,2022-K,0.911,0.969,False,False
F01332,2022-K,0.0,1.038,False,True
F01333,2022-K,0.0,0.985,False,True
F01334,2022-K,0.0,0.978,False,True
F01336,2022-K,0.0,1.018,False,True
F01337,2022-K,0.0,1.051,False,True
F01338,2022-K,0.0,0.987,False,True
F01339,2022-K,0.0,0.975,False,True
F01340,2022-K,0.591,1.04,False,False
F01341,2022-K,0.0,0.954,False,True
F01342,2022-K,0.311,1.014,False,True
F01344,2022-K,0.0,1.045,False,True
F01347,2022-K,0.588,1.047,False,False
F01348,2022-K,0.506,0.999,False,False
F01349,2022-K,0.0,0.963,False,True
F01350,2022-K,0.825,0.974,False,False
F01351,2022-K,0.0,0.942,False,True
F01352,2022-K,0.887,0.926,False,False
F01353,2022-K,0.0,0.959,False,True
F01354,2022-K,0.0,1.03,False,True
F01355,2022-K,0.0,0.949,False,True
F01356,2022-K,0.0,0.92,False,True
F01357,2022-K,0.0,0.999,False,True
F01358,2022-K,0.0,1.023,False,True
F01359,2022-K,0.0,0.981,False,True
F01360,2022-K,0.845,1.031,False,False
F01361,2022-K,0.0,0.933,False,True
F01362,2022-K,0.899,0.999,False,False
F01363,2022-K,0.0,0.997,False,True
F01364,2022-K,0.915,1.014,False,False
F01365,2022-K,0.0,1.014,False,True
F01366,2022-K,0.453,0.938,False,False
F01367,2022-K,0.0,0.977,False,True
F01368,2022-K,0.0,1.055,False,True
F01369,2022-K,0.901,1.014,False,False
F01370,2022-K,0.899,1.037,False,False
F01371,2022-K,0.0,0.958,False,True
F01372,2022-K,0.0,0.973,False,True
F01373,2022-K,0.0,1.016,False,True
F01374,2022-K,0.0,1.038,False,True
F01375,2022-K,0.0,1.017,False,True
F01376,2022-K,0.568,0.963,False,False
F01377,2022-K,0.0,0.955,False,True
F01378,2022-K,0.915,0.967,False,False
F01379,2022-K,0.921,0.973,False,False
F01380,2022-K,0.764,1.054,False,False
F01381,2022-K,0.0,0.973,False,True
F01382,2022-K,0.927,0.968,False,False
F01383,2022-K,0.0,0.938,False,True
F01384,2022-K,0.881,1.015,False,False
F01385,2022-K,0.515,0.923,False,False
F01386,2022-K,0.875,0.95,False,False
F01387,2022-K,0.0,0.991,False,True
F01388,2022-K,0.0,0.983,False,True
F01389,2022-K,0.0,0.993,False,True
F01390,2022-K,0.528,0.973,False,False
F01391,2022-K,0.903,1.03,False,False
F01392,2022-K,0.0,0.984,False,True
F01393,2022-K,0.502,1.03,False,False
F01394,2022-K,0.724,1.009,False,False
F01395,2022-K,0.929,0.941,False,False
F01396,2022-K,0.922,1.04,False,False
F01397,2022-K,0.0,0.962,False,True
F01398,2022-K,0.866,1.011,False,False
F01400,2022-K,0.799,0.923,False,False
F01401,2022-K,0.884,1.039,False,False
F01402,2022-K,0.0,0.928,False,True
F01403,2022-K,0.0,1.008,False,True
F01404,2022-K,0.736,1.005,False,False
F01405,2022-K,0.0,1.015,False,True
F01406,2022-K,0.0,1.021,False,True
F01407,2022-K,0.0,0.98,False,True
F01408,2022-K,0.588,1.054,False,False
F01409,2022-K,0.572,0.978,False,False
F01410,2022-K,0.0,0.998,False,True
F01411,2022-K,0.0,0.992,False,True
F01412,2022-K,0.829,0.964,False,False
F01413,2022-K,0.0,0.944,False,True
F01414,2022-K,0.534,1.022,False,False
F01415,2022-K,0.0,0.994,False,True
F01416,2022-K,0.0,0.961,False,True
F01417,2022-K,0.596,1.042,False,False
F01418,2022-K,0.0,0.928,False,True
F01419,2022-K,0.742,0.924,False,False
F01420,2022-K,0.582,0.98,False,False
F01421,2022-K,0.0,0.937,False,True
F01422,2022-K,0.0,0.938,False,True
F01423,2022-K,0.0,1.038,False,True
F01425,2022-K,0.738,1.017,False,True
F01426,2022-K,0.0,1.019,False,True
F01427,2022-K,0.0,0.979,False,True
F01428,2022-K,0.823,0.932,False,False
F01429,2022-K,0.0,1.016,False,True
F01430,2022-K,0.774,0.93,False,False
F01431,2022-K,0.0,1.009,False,True
F01432,2022-K,0.725,1.031,False,False
F01433,2022-K,0.53,0.93,False,False
F01434,2022-K,0.0,1.011,False,True
F01435,2022-K,0.0,0.92,False,True
F01436,2022-K,0.0,0.929,False,True
F01437,2022-K,0.0,0.934,False,True
F01438,2022-K,0.0,0.975,False,True
F01439,2022-K,0.0,1.039,False,True
F01440,2022-K,0.0,0.929,False,True
F01441,2022-K,0.786,0.945,False,False
F01442,2022-K,0.0,0.944,False,True
F01443,2022-K,0.0,0.951,False,True
F01444,2022-K,0.0,1.016,False,True
F01445,2022-K,0.0,0.978,False,True
F01446,2022-K,0.0,0.945,False,True
F01447,2022-K,0.0,0.975,False,True
F01448,2022-K,0.589,0.946,False,False
F01449,2022-K,0.0,0.985,False,True
F01450,2022-K,0.793,0.975,False,False
F01452,2022-K,0.0,1.059,False,True
F01453,2022-K,0.78,0.998,False,False
F01454,2022-K,0.0,0.976,False,True
F01455,2022-K,0.0,1.035,False,True
F01456,2022-K,0.0,1.049,False,True
F01457,2022-K,0.784,1.025,False,False
F01458,2022-K,0.0,0.934,False,True
F01459,2022-K,0.0,0.921,False,True
F01460,2022-K,0.0,1.053,False,True
F01461,2022-K,0.0,1.052,False,True
F01462,2022-K,0.0,0.989,False,True
F01463,2022-K,0.0,0.947,False,True
F01464,2022-K,0.571,1.026,False,False
F01465,2022-K,0.0,0.927,False,True
F01466,2022-K,0.0,1.043,False,True
F01467,2022-K,0.0,0.921,False,True
F01468,2022-K,0.0,0.932,False,True
F01469,2022-K,0.0,1.001,False,True
F01470,2022-K,0.0,0.99,False,True
F01471,2022-K,0.0,0.922,False,True
F01472,2022-K,0.0,1.031,False,True
F01473,2022-K,0.0,0.954,False,True
F01474,2022-K,0.0,0.947,False,True
F01475,2022-K,0.0,1.057,False,True
F01476,2022-K,0.741,1.004,False,False
F01477,2022-K,0.0,1.013,False,True
F01478,2022-K,0.0,0.957,False,True
F01480,2022-K,0.0,1.048,False,True
F01481,2022-K,0.737,1.019,False,False
F01482,2022-K,0.0,0.936,False,True
F01483,2022-K,0.0,1.003,False,True
F01484,2022-K,0.0,1.026,False,True
F01485,2022-K,0.0,1.059,False,True
F01486,2022-K,0.0,1.04,False,True
F01487,2022-K,0.0,1.005,False,True
F01488,2022-K,0.0,1.012,False,True
F01489,2022-K,0.593,0.991,False,False
F01490,2022-K,0.816,1.045,False,False
F01491,2022-K,0.0,1.033,False,True
F01492,2022-K,0.816,0.986,False,False
F01493,2022-K,0.0,0.996,False,True
F01494,2022-K,0.0,0.954,False,True
F01495,2022-K,0.722,0.976,False,False
F01496,2022-K,0.0,1.009,False,True
F01498,2022-K,0.0,1.053,False,True
F01499,2022-K,0.624,0.985,False,False
F01501,2022-K,0.461,1.022,False,False
F01502,2022-K,0.598,0.926,False,False
F01503,2022-K,0.0,0.98,False,True
F01504,2022-K,0.0,0.927,False,True
F01505,2022-K,0.468,1.039,False,False
F01506,2022-K,0.0,0.995,False,True
F01507,2022-K,0.0,0.932,False,True
F01508,2022-K,0.0,1.041,False,True
F01510,2022-K,0.572,0.958,False,False
F01511,2022-K,0.743,0.996,False,False
F01512,2022-K,0.0,1.055,False,True
F01513,2022-K,0.786,0.926,False,False
F01514,2022-K,0.503,0.931,False,False
F01515,2022-K,0.0,0.944,False,True
F01516,2022-K,0.0,1.048,False,True
F01517,2022-K,0.0,0.974,False,True
F01518,2022-K,0.595,0.979,False,False
F01519,2022-K,0.0,0.981,False,True
F01520,2022-K,0.0,0.927,False,True
F01521,2022-K,0.0,0.953,False,True
F01523,2022-K,0.0,1.031,False,True
F01524,2022-K,0.0,1.039,False,True
F01525,2022-K,0.0,1.058,False,True
F01526,2022-K,0.476,1.029,False,False
F01527,2022-K,0.534,0.925,False,False
F01528,2022-K,0.489,1.011,False,False
F01529,2022-K,0.0,1.031,False,True
F01530,2022-K,0.559,0.988,False,False
F01531,2022-K,0.0,0.934,False,True
F01532,2022-K,0.0,1.027,False,True
F01533,2022-K,0.0,1.06,False,True
F01534,2022-K,0.0,1.037,False,True
F01535,2022-K,0.49,0.981,False,False
F01536,2022-K,0.0,0.948,False,True
F01538,2022-K,0.764,0.962,False,False
F01539,2022-K,0.0,0.972,False,True
F01540,2022-K,0.0,0.949,False,True
F01541,2022-K,0.0,0.962,False,True
F01542,2022-K,0.539,0.986,False,False
F01543,2022-K,0.273,0.995,False,True
F01544,2022-K,0.868,0.923,False,False
F01545,2022-K,0.847,1.039,False,False
F01546,2022-K,0.775,1.013,False,False
F01547,2022-K,0.0,0.925,False,True
F01548,2022-K,0.897,1.003,False,False
F01549,2022-K,0.0,0.959,False,True
F01550,2022-K,0.713,0.929,False,False
F01551,2022-K,0.0,0.943,False,True
F01553,2022-K,0.724,0.996,False,False
F01554,2022-K,0.0,0.977,False,True
F01555,2022-K,0.0,0.994,False,True
F01556,2022-K,0.462,0.974,False,False
F01557,2022-K,0.0,0.959,False,True
F01558,2022-K,0.0,0.946,False,True
F01559,2022-K,0.0,1.022,False,True
F01560,2022-K,0.793,0.993,False,False
F01561,2022-K,0.749,1.004,False,False
F01562,2022-K,0.0,0.996,False,True
F01563,2022-K,0.713,0.972,False,False
F01564,2022-K,0.926,1.013,False,False
F01565,2022-K,0.0,0.979,False,True
F01566,2022-K,0.0,1.049,False,True
F01568,2022-K,0.927,0.927,False,False
F01569,2022-K,0.917,0.982,False,False
F01570,2022-K,0.0,1.048,False,True
F01571,2022-K,0.0,0.998,False,True
F01572,2022-K,0.0,0.983,False,True
F01573,2022-K,0.0,0.973,False,True
F01574,2022-K,0.0,1.039,False,True
F01575,2022-K,0.574,0.998,False,False
F01576,2022-K,0.807,0.927,False,False
F01577,2022-K,0.464,0.974,False,False
F01578,2022-K,0.0,1.011,False,True
F01579,2022-K,0.0,0.971,False,True
F01580,2022-K,0.879,1.024,False,False
F01581,2022-K,0.862,0.997,False,False
F01582,2022-K,0.869,1.02,False,False
F01583,2022-K,0.0,0.939,False,True
F01584,2022-K,0.0,0.974,False,True
F01585,2022-K,0.0,1.044,False,True
F01586,2022-K,0.81,1.023,False,False
F01587,2022-K,0.732,1.053,False,False
F01589,2022-K,0.0,0.947,False,True
F01590,2022-K,0.461,0.953,False,False
F01591,2022-K,0.0,0.978,False,True
F01592,2022-K,0.0,0.991,False,True
F01593,2022-K,0.873,1.035,False,False
F01594,2022-K,0.0,0.967,False,True
F01595,2022-K,0.545,1.027,False,False
F01596,2022-K,0.0,0.928,False,True
F01597,2022-K,0.0,0.93,False,True
F01598,2022-K,0.0,0.943,False,True
F01599,2022-K,0.81,0.969,False,False
F01600,2022-K,0.0,0.965,False,True
F01601,2022-K,0.0,0.943,False,True
F01602,2022-K,0.0,0.929,False,True
F01603,2022-K,0.556,0.984,False,False
F01604,2022-K,0.0,0.95,False,True
F01605,2022-K,0.0,1.039,False,True
F01606,2022-K,0.827,0.986,False,False
F01607,2022-K,0.825,0.976,False,False
F01608,2022-K,0.0,0.97,False,True
F01609,2022-K,0.0,0.979,False,True
F01610,2022-K,0.827,0.971,False,False
F01611,2022-K,0.0,1.041,False,True
F01612,2022-K,0.821,0.941,False,False
F01613,2022-K,0.0,1.033,False,True
F01614,2022-K,0.0,0.936,False,True
F01615,2022-K,0.0,0.982,False,True
F01616,2022-K,0.0,0.921,False,True
F01617,2022-K,0.0,0.946,False,True
F01618,2022-K,0.0,1.057,False,True
F01619,2022-K,0.0,0.958,False,True
F01620,2022-K,0.0,1.023,False,True
F01621,2022-K,0.0,0.984,False,True
F01622,2022-K,0.0,1.019,False,True
F01623,2022-K,0.0,0.961,False,True
F01624,2022-K,0.0,0.963,False,True
F01625,2022-K,0.0,0.995,False,True
F01626,2022-K,0.0,1.03,False,True
F01627,2022-K,0.0,0.985,False,True
F01628,2022-K,0.0,1.049,False,True
F01629,2022-K,0.0,0.929,False,True
F01630,2022-K,0.0,1.023,False,True
F01631,2022-K,0.0,0.982,False,True
F01632,2022-K,0.0,0.931,False,True
F01633,2022-K,0.533,1.023,False,False
F01634,2022-K,0.0,0.983,False,True
F01635,2022-K,0.0,1.044,False,True
F01636,2022-K,0.729,1.03,False,False
F01637,2022-K,0.716,0.943,False,False
F01638,2022-K,0.735,0.935,False,False
F01639,2022-K,0.0,1.027,False,True
F01640,2022-K,0.581,1.012,False,False
F01641,2022-K,0.0,0.959,False,True
F01642,2022-K,0.788,1.015,False,False
F01643,2022-K,0.593,1.034,False,False
F01644,2022-K,0.299,0.937,False,True
F01645,2022-K,0.0,1.009,False,True
F01646,2022-K,0.0,1.007,False,True
F01647,2022-K,0.0,1.014,False,True
F01648,2022-K,0.0,1.038,False,True
F01649,2022-K,0.722,0.998,False,False
F01650,2022-K,0.478,0.921,False,False
F01651,2022-K,0.0,1.022,False,True
F01652,2022-K,0.0,1.0,False,True
F01653,2022-K,0.545,0.971,False,False
F01654,2022-K,0.562,1.031,False,False
F01655,2022-K,0.0,0.992,False,True
F01656,2022-K,0.0,0.934,False,True
F01657,2022-K,0.0,1.015,False,True
F01658,2022-K,0.799,0.982,False,False
F01659,2022-K,0.0,0.985,False,True
F01660,2022-K,0.783,0.995,False,False
F01661,2022-K,0.0,0.973,False,True
F01662,2022-K,0.548,1.011,False,False
F01663,2022-K,0.0,0.992,False,True
F01665,2022-K,0.0,1.042,False,True
F01666,2022-K,0.581,0.949,False,False
F01667,2022-K,0.0,0.94,False,True
F01668,2022-K,0.0,0.987,False,True
F01669,2022-K,0.0,1.015,False,True
F01670,2022-K,0.313,0.941,False,True
F01671,2022-K,0.589,0.922,False,False
F01672,2022-K,0.0,1.035,False,True
F01673,2022-K,0.0,1.027,False,True
F01674,2022-K,0.0,0.972,False,True
F01675,2022-K,0.791,1.034,False,False
F01676,2022-K,0.0,1.021,False,True
F01677,2022-K,0.0,0.97,False,True
F01678,2022-K,0.0,1.057,False,True
F01679,2022-K,0.0,1.038,False,True
F01680,2022-K,0.0,1.021,False,True
F01681,2022-K,0.0,1.002,False,True
F01682,2022-K,0.0,0.952,False,True
F01683,2022-K,0.0,1.045,False,True
F01684,2022-K,0.0,0.973,False,True
F01685,2022-K,0.0,1.019,False,True
F01686,2022-K,0.0,0.962,False,True
F01687,2022-K,0.827,1.026,False,False
F01688,2022-K,0.0,1.059,False,True
F01689,2022-K,0.0,1.035,False,True
F01690,2022-K,0.0,1.033,False,True
F01691,2022-K,0.0,0.995,False,True
F01692,2022-K,0.0,1.053,False,True
F01693,2022-K,0.471,0.963,False,False
F01694,2022-K,0.786,0.972,False,False
F01696,2022-K,0.887,1.045,False,False
F01697,2022-K,0.0,1.004,False,True
F01698,2022-K,0.0,0.951,False,True
F01699,2022-K,0.0,1.042,False,True
F01700,2022-K,0.0,0.938,False,True
F01701,2022-K,0.0,0.942,False,True
F01702,2022-K,0.876,1.039,False,False
F01703,2022-K,0.558,0.937,False,False
F01704,2022-K,0.0,1.057,False,True
F01705,2022-K,0.0,1.002,False,True
F01706,2022-K,0.873,0.966,False,False
F01707,2022-K,0.888,0.949,False,False
F01708,2022-K,0.0,0.99,False,True
F01709,2022-K,0.896,0.998,False,False
F01710,2022-K,0.0,0.972,False,True
F01711,2022-K,0.0,1.019,False,True
F01712,2022-K,0.0,1.056,False,True
F01713,2022-K,0.0,0.989,False,True
F01714,2022-K,0.799,0.931,False,False
F01715,2022-K,0.0,0.998,False,True
F01716,2022-K,0.0,1.04,False,True
F01717,2022-K,0.0,1.06,False,True
F01718,2022-K,0.803,1.054,False,False
F01719,2022-K,0.513,1.008,False,False
F01720,2022-K,0.0,0.984,False,True
F01721,2022-K,0.0,0.976,False,True
F01722,2022-K,0.744,0.934,False,False
F01723,2022-K,0.0,1.024,False,True
F01724,2022-K,0.82,0.99,False,False
F01725,2022-K,0.534,1.013,False,False
F01726,2022-K,0.0,1.022,False,True
F01727,2022-K,0.0,1.002,False,True
F01728,2022-K,0.0,1.027,False,True
F01729,2022-K,0.816,0.976,False,False
F01730,2022-K,0.771,1.051,False,False
F01731,2022-K,0.0,0.983,False,True
F01732,2022-K,0.81,0.994,False,False
F01733,2022-K,0.0,0.99,False,True
F01734,2022-K,0.0,0.942,False,True
F01735,2022-K,0.0,1.025,False,True
F01736,2022-K,0.0,0.993,False,True
F01737,2022-K,0.0,0.943,False,True
F01738,2022-K,0.0,0.975,False,True
F01739,2022-K,0.0,1.001,False,True
F01740,2022-K,0.864,1.04,False,False
F01741,2022-K,0.771,1.047,False,False
F01743,2022-K,0.0,1.003,False,True
F01744,2022-K,0.0,0.956,False,True
F01745,2022-K,0.0,0.942,False,True
F01746,2022-K,0.0,1.009,False,True
F01747,2022-K,0.789,0.951,False,False
F01748,2022-K,0.0,1.011,False,True
F01749,2022-K,0.0,0.965,False,True
F01750,2022-K,0.554,0.973,False,False
F01751,2022-K,0.0,0.968,False,True
F01752,2022-K,0.0,0.959,False,True
F01753,2022-K,0.766,0.99,False,False
F01754,2022-K,0.0,0.938,False,True
F01755,2022-K,0.0,0.947,False,True
F01756,2022-K,0.0,0.98,False,True
F01757,2022-K,0.0,0.977,False,True
F01758,2022-K,0.0,1.009,False,True
F01759,2022-K,0.0,0.957,False,True
F01760,2022-K,0.529,0.949,False,False
F01761,2022-K,0.0,1.034,False,True
F01763,2022-K,0.0,0.936,False,True
F01764,2022-K,0.0,1.03,False,True
F01765,2022-K,0.811,0.999,False,False
F01766,2022-K,0.0,1.042,False,True
F01767,2022-K,0.0,1.027,False,True
F01769,2022-K,0.0,1.054,False,True
F01770,2022-K,0.0,1.03,False,True
F01771,2022-K,0.0,1.005,False,True
F01772,2022-K,0.542,0.932,False,False
F01773,2022-K,0.0,0.969,False,True
F01774,2022-K,0.778,1.01,False,False
F01775,2022-K,0.0,1.035,False,True
F01776,2022-K,0.0,1.004,False,True
F01777,2022-K,0.0,1.008,False,True
F01779,2022-K,0.844,1.015,False,False
F01780,2022-K,0.0,1.045,False,True
F01781,2022-K,0.746,0.945,False,False
F01782,2022-K,0.505,0.99,False,False
F01783,2022-K,0.764,1.037,False,False
F01784,2022-K,0.86,0.999,False,False
F01786,2022-K,0.827,0.936,False,False
F01787,2022-K,0.731,1.054,False,False
F01788,2022-K,0.882,1.001,False,False
F01789,2022-K,0.0,0.934,False,True
F01790,2022-K,0.0,0.949,False,True
F01791,2022-K,0.88,0.938,False,False
F01792,2022-K,0.0,0.971,False,True
F01793,2022-K,0.0,1.015,False,True
F01794,2022-K,0.584,0.986,False,False
F01795,2022-K,0.0,0.981,False,True
F01796,2022-K,0.0,0.991,False,True
F01797,2022-K,0.0,0.988,False,True
F01798,2022-K,0.58,0.986,False,False
F01800,2022-K,0.507,1.044,False,False
F01801,2022-K,0.457,0.922,False,False
F01802,2022-K,0.0,0.962,False,True
F01803,2022-K,0.773,1.053,False,False
F01804,2022-K,0.0,1.011,False,True
F01805,2022-K,0.906,0.941,False,False
F01806,2022-K,0.899,1.046,False,False
F01807,2022-K,0.0,0.928,False,True
F01808,2022-K,0.819,1.042,False,False
F01809,2022-K,0.732,0.943,False,False
F01810,2022-K,0.0,1.054,False,True
F01812,2022-K,0.0,0.947,False,True
F01813,2022-K,0.0,1.055,False,True
F01814,2022-K,0.0,0.926,False,True
F01815,2022-K,0.7,0.966,False,False
F01816,2022-K,0.0,1.044,False,True
F01817,2022-K,0.795,1.057,False,False
F01818,2022-K,0.757,1.054,False,False
F01819,2022-K,0.0,1.008,False,True
F01820,2022-K,0.0,0.993,False,True
F01821,2022-K,0.0,0.995,False,True
F01822,2022-K,0.0,1.024,False,True
F01823,2022-K,0.884,1.041,False,False
F01824,2022-K,0.0,0.945,False,True
F01825,2022-K,0.873,0.985,False,False
F01826,2022-K,0.0,0.926,False,True
F01827,2022-K,0.0,0.924,False,True
F01828,2022-K,0.0,1.006,False,True
F01829,2022-K,0.598,0.975,False,False
F01830,2022-K,0.0,0.968,False,True
F01831,2022-K,0.731,0.986,False,False
F01832,2022-K,0.0,1.027,False,True
F01833,2022-K,0.824,0.961,False,False
F01834,2022-K,0.0,0.95,False,True
F01835,2022-K,0.0,0.982,False,True
F01837,2022-K,0.484,0.931,False,False
F01838,2022-K,0.789,1.052,False,False
F01839,2022-K,0.808,0.992,False,False
F01840,2022-K,0.0,1.011,False,True
F01841,2022-K,0.0,0.929,False,True
F01842,2022-K,0.784,1.021,False,False
F01843,2022-K,0.512,1.001,False,False
F01844,2022-K,0.817,1.038,False,False
F01845,2022-K,0.0,0.962,False,True
F01846,2022-K,0.528,0.926,False,False
F01847,2022-K,0.0,1.007,False,True
F01848,2022-K,0.83,0.965,False,False
F01849,2022-K,0.751,0.995,False,False
F01850,2022-K,0.0,0.959,False,True
F01851,2022-K,0.737,1.058,False,False
F01852,2022-K,0.829,0.977,False,False
F01853,2022-K,0.0,1.047,False,True
F01854,2022-K,0.0,0.974,False,True
F01855,2022-K,0.0,0.92,False,True
F01856,2022-K,0.0,0.981,False,True
F01857,2022-K,0.0,0.98,False,True
F01858,2022-K,0.475,1.029,False,False
F01859,2022-K,0.828,0.949,False,False
F01860,2022-K,0.0,1.04,False,True
F01861,2022-K,0.0,1.029,False,True
F01862,2022-K,0.0,0.983,False,True
F01863,2022-K,0.0,0.953,False,True
F01864,2022-K,0.0,0.922,False,True
F01865,2022-K,0.496,1.027,False,False
F01866,2022-K,0.787,1.05,False,False
F01867,2022-K,0.719,0.926,False,False
F01868,2022-K,0.0,1.048,False,True
F01869,2022-K,0.0,1.052,False,True
F01870,2022-K,0.0,1.051,False,True
F01871,2022-K,0.0,0.982,False,True
F01872,2022-K,0.0,1.059,False,True
F01873,2022-K,0.462,1.018,False,False
F01874,2022-K,0.0,1.059,False,True
F01875,2022-K,0.896,0.996,False,False
F01876,2022-K,0.926,0.977,False,False
F01877,2022-K,0.0,1.05,False,True
F01878,2022-K,0.74,1.045,False,False
F01879,2022-K,0.0,1.003,False,True
F01880,2022-K,0.857,0.992,False,False
F01881,2022-K,0.863,1.009,False,False
F01882,2022-K,0.914,1.057,False,False
F01883,2022-K,0.0,1.004,False,True
F01884,2022-K,0.0,0.932,False,True
F01885,2022-K,0.0,1.002,False,True
F01886,2022-K,0.79,0.947,False,False
F01887,2022-K,0.0,1.021,False,True
F01888,2022-K,0.0,1.059,False,True
F01889,2022-K,0.775,0.943,False,True
F01890,2022-K,0.559,0.96,False,False
F01891,2022-K,0.547,1.058,False,False
F01892,2022-K,0.0,0.953,False,True
F01893,2022-K,0.589,1.012,False,False
F01894,2022-K,0.0,0.922,False,True
F01895,2022-K,0.0,1.029,False,True
F01896,2022-K,0.0,0.983,False,True
F01897,2022-K,0.0,1.053,False,True
F01898,2022-K,0.0,1.052,False,True
F01899,2022-K,0.782,0.935,False,False
F01900,2022-K,0.0,0.935,False,True
F01901,2022-K,0.0,0.932,False,True
F01902,2022-K,0.0,0.93,False,True
F01903,2022-K,0.792,0.921,False,False
F01904,2022-K,0.329,1.021,False,True
F01905,2022-K,0.507,0.961,False,False
F01906,2022-K,0.0,0.967,False,True
F01907,2022-K,0.789,1.044,False,False
F01908,2022-K,0.573,1.059,False,False
F01909,2022-K,0.487,1.055,False,False
F01910,2022-K,0.0,0.978,False,True
F01911,2022-K,0.0,0.994,False,True
F01912,2022-K,0.0,0.963,False,True
F01913,2022-K,0.475,0.942,False,False
F01914,2022-K,0.567,0.979,False,False
F01915,2022-K,0.889,0.924,False,False
F01916,2022-K,0.781,0.954,False,False
F01917,2022-K,0.745,0.992,False,False
F01918,2022-K,0.811,0.929,False,False
F01919,2022-K,0.0,0.924,False,True
F01920,2022-K,0.594,1.038,False,False
F01921,2022-K,0.726,0.952,False,False
F01922,2022-K,0.89,1.029,False,False
F01923,2022-K,0.0,0.964,False,True
F01924,2022-K,0.0,1.007,False,True
F01925,2022-K,0.0,1.015,False,True
F01926,2022-K,0.0,1.025,False,True
F01927,2022-K,0.334,0.996,False,True
F01928,2022-K,0.0,1.021,False,True
F01929,2022-K,0.564,0.962,False,False
F01930,2022-K,0.0,1.024,False,True
F01931,2022-K,0.728,0.961,False,True
F01932,2022-K,0.0,1.041,False,True
F01933,2022-K,0.48,0.948,False,False
F01934,2022-K,0.491,0.958,False,False
F01935,2022-K,0.0,0.932,False,True
F01936,2022-K,0.0,1.025,False,True
F01937,2022-K,0.853,0.959,False,False
F01938,2022-K,0.0,1.028,False,True
F01939,2022-K,0.553,1.053,False,False
F01940,2022-K,0.838,1.038,False,False
F01941,2022-K,0.0,0.937,False,True
F01942,2022-K,0.0,0.999,False,True
F01943,2022-K,0.0,0.976,False,True
F01944,2022-K,0.0,1.008,False,True
F01945,2022-K,0.0,1.053,False,True
F01946,2022-K,0.0,0.948,False,True
F01947,2022-K,0.0,1.0,False,True
F01948,2022-K,0.594,1.025,False,False
F01949,2022-K,0.53,1.037,False,False
F01950,2022-K,0.0,1.036,False,True
F01951,2022-K,0.31,0.982,False,True
F01952,2022-K,0.181,1.054,False,False
F01953,2022-K,0.0,1.037,False,True
F01954,2022-K,0.0,0.981,False,True
F01955,2022-K,0.0,0.963,False,True
F01956,2022-K,0.0,1.011,False,True
F01957,2022-K,0.0,0.97,False,True
F01958,2022-K,0.516,0.968,False,False
F01959,2022-K,0.772,1.056,False,False
F01960,2022-K,0.0,0.937,False,True
F01961,2022-K,0.0,1.051,False,True
F01962,2022-K,0.0,1.059,False,True
F01963,2022-K,0.0,1.043,False,True
F01964,2022-K,0.832,0.943,False,False
F01965,2022-K,0.0,0.979,False,True
F01966,2022-K,0.0,0.933,False,True
F01967,2022-K,0.0,0.944,False,True
F01969,2022-K,0.579,1.025,False,False
F01970,2022-K,0.0,0.992,False,True
F01971,2022-K,0.0,1.017,False,True
F01972,2022-K,0.0,0.983,False,True
F01973,2022-K,0.789,1.031,False,False
F01974,2022-K,0.519,0.997,False,False
F01975,2022-K,0.0,1.033,False,True
F01976,2022-K,0.472,1.001,False,True
F01977,2022-K,0.0,0.982,False,True
F01978,2022-K,0.778,1.034,False,False
F01979,2022-K,0.793,1.045,False,False
F01980,2022-K,0.0,1.029,False,True
F01981,2022-K,0.0,0.951,False,True
F01982,2022-K,0.0,0.952,False,True
F01983,2022-K,0.177,1.052,False,True
F01984,2022-K,0.0,0.921,False,True
F01985,2022-K,0.0,1.045,False,True
F01986,2022-K,0.806,0.971,False,False
F01987,2022-K,0.0,1.024,False,True
F01988,2022-K,0.0,0.961,False,True
F01989,2022-K,0.91,0.923,False,True
F01990,2022-K,0.5,1.039,False,False
F01991,2022-K,0.537,0.934,False,False
F01992,2022-K,0.0,0.935,False,True
F01993,2022-K,0.0,0.99,False,True
F01994,2022-K,0.715,0.926,False,False
F01995,2022-K,0.0,0.929,False,True
F01996,2022-K,0.0,0.948,False,True
F01997,2022-K,0.0,1.023,False,True
F01998,2022-K,0.8,1.038,False,False
F01999,2022-K,0.0,1.045,False,True
F02001,2022-K,0.0,1.056,False,True
F02002,2022-K,0.72,0.96,False,False
F02003,2022-K,0.0,0.966,False,True
F02004,2022-K,0.0,1.036,False,True
F02005,2022-K,0.0,1.035,False,True
F02006,2022-K,0.0,1.042,False,True
F02007,2022-K,0.0,1.059,False,True
F02008,2022-K,0.0,1.037,False,True
F02009,2022-K,0.0,0.997,False,True
F02010,2022-K,0.0,0.959,False,True
F02011,2022-K,0.0,1.045,False,True
F02012,2022-K,0.552,0.942,False,False
F02013,2022-K,0.802,1.03,False,False
F02014,2022-K,0.0,0.998,False,True
F02015,2022-K,0.0,0.985,False,True
F02016,2022-K,0.0,0.973,False,True
F02017,2022-K,0.0,1.041,False,True
F02018,2022-K,0.0,1.06,False,True
F02019,2022-K,0.0,0.944,False,True
F02020,2022-K,0.82,1.025,False,False
F02021,2022-K,0.875,1.006,False,False
F02022,2022-K,0.797,0.961,False,False
F02023,2022-K,0.0,0.932,False,True
F02025,2022-K,0.0,0.923,False,True
F02026,2022-K,0.792,0.921,False,False
F02027,2022-K,0.0,1.04,False,True
F02028,2022-K,0.0,1.012,False,True
F02029,2022-K,0.0,0.963,False,True
F02030,2022-K,0.0,0.941,False,True
F02031,2022-K,0.859,0.922,False,False
F02033,2022-K,0.0,0.974,False,True
F02034,2022-K,0.0,0.932,False,True
F02035,2022-K,0.866,0.973,False,False
F02036,2022-K,0.569,0.948,False,False
F02037,2022-K,0.0,0.934,False,True
F02038,2022-K,0.858,1.009,False,False
F02039,2022-K,0.0,1.019,False,True
F02040,2022-K,0.0,1.038,False,True
F02041,2022-K,0.717,1.008,False,False
F02042,2022-K,0.766,0.986,False,False
F02043,2022-K,0.0,1.055,False,True
F02044,2022-K,0.847,0.945,False,False
F02045,2022-K,0.0,0.979,False,True
F02046,2022-K,0.769,1.055,False,False
F02047,2022-K,0.0,1.056,False,True
F02048,2022-K,0.0,1.024,False,True
F02049,2022-K,0.713,0.965,False,False
F02050,2022-K,0.0,0.947,False,True
F02051,2022-K,0.0,0.994,False,True
F02052,2022-K,0.22,0.952,False,True
F02053,2022-K,0.711,0.986,False,False
F02055,2022-K,0.526,0.947,False,False
F02056,2022-K,0.0,1.04,False,True
F02057,2022-K,0.219,0.973,False,False
F02058,2022-K,0.0,0.988,False,True
F02059,2022-K,0.0,1.02,False,True
F02060,2022-K,0.81,0.958,False,False
F02061,2022-K,0.859,0.987,False,False
F02062,2022-K,0.0,0.951,False,True
F02063,2022-K,0.0,0.174,True,True
F02064,2022-K,0.258,0.231,True,False
F02065,2022-K,0.863,0.157,True,False
F02066,2022-K,0.799,0.212,True,False
F02067,2022-K,0.864,0.317,True,False
F02068,2022-K,0.767,0.192,True,False
F02069,2022-K,0.0,0.201,True,True
F02070,2022-K,0.519,0.21,True,True
F02071,2022-K,0.0,0.214,True,True
F02072,2022-K,0.29,0.149,True,True
F02073,2022-K,0.563,0.235,True,False
F02074,2022-K,0.0,0.311,True,True
F02075,2022-K,0.0,0.224,True,True
F02076,2022-K,0.824,0.199,True,False
F02077,2022-K,0.0,0.146,True,True
F02078,2022-K,0.0,0.303,True,True
F02079,2022-K,0.831,0.282,True,False
F02080,2022-K,0.808,0.201,True,False
F02081,2022-K,0.0,0.162,True,True
F02082,2022-K,0.0,0.292,True,True
F02083,2022-K,0.9,0.28,True,False
F02084,2022-K,0.0,0.186,True,True
F02085,2022-K,0.532,0.195,True,False
F02086,2022-K,0.895,0.283,True,False
F02087,2022-K,0.0,0.143,True,True
F02088,2022-K,0.867,0.262,True,False
F02089,2022-K,0.0,0.216,True,True
F02090,2022-K,0.857,0.187,True,False
F02091,2022-K,0.906,0.279,True,False
F02092,2022-K,0.825,0.297,True,False
F02093,2022-K,0.755,0.192,True,False
F02094,2022-K,0.0,0.235,True,True
F02095,2022-K,0.884,0.221,True,False
F02096,2022-K,0.855,0.154,True,False
F02097,2022-K,0.862,0.314,True,False
F02098,2022-K,0.0,0.249,True,True
F02099,2022-K,0.0,0.286,True,True
F02100,2022-K,0.0,0.162,True,True
F02101,2022-K,0.0,0.267,True,True
F02102,2022-K,0.0,0.202,True,True
F02103,2022-K,0.0,0.281,True,True
F02104,2022-K,0.736,0.306,True,False
F02105,2022-K,0.486,0.301,True,False
F02106,2022-K,0.469,0.308,True,False
F02107,2022-K,0.795,0.315,True,False
F02108,2022-K,0.553,0.164,True,False
F02109,2022-K,0.0,0.191,True,True
F02110,2022-K,0.0,0.165,True,True
F02111,2022-K,0.0,0.287,True,True
F02113,2022-K,0.0,0.225,True,True
F02114,2022-K,0.0,0.239,True,True
F02116,2022-K,0.0,0.275,True,True
F02117,2022-K,0.0,0.149,True,True
F02118,2022-K,0.0,0.164,True,True
F02119,2022-K,0.0,0.184,True,True
F02120,2022-K,0.0,0.181,True,True
F02121,2022-K,0.512,0.223,True,False
F02122,2022-K,0.0,0.222,True,True
F02123,2022-K,0.759,0.29,True,False
F02124,2022-K,0.0,0.251,True,True
F02125,2022-K,0.0,0.194,True,True
F02126,2022-K,0.0,0.32,True,True
F02127,2022-K,0.0,0.243,True,True
F02128,2022-K,0.507,0.203,True,False
F02129,2022-K,0.43,0.31,True,False
F02130,2022-K,0.0,0.307,True,True
F02131,2022-K,0.0,0.235,True,True
F02132,2022-K,0.0,0.313,True,True
F02133,2022-K,0.75,0.183,True,False
F02134,2022-K,0.505,0.316,True,True
F02135,2022-K,0.0,0.241,True,True
F02136,2022-K,0.0,0.23,True,True
F02137,2022-K,0.852,0.218,True,False
F02138,2022-K,0.438,0.251,True,False
F02139,2022-K,0.78,0.296,True,False
F02140,2022-K,0.0,0.189,True,True
F02141,2022-K,0.432,0.252,True,False
F02142,2022-K,0.0,0.306,True,True
F02143,2022-K,0.0,0.297,True,True
F02144,2022-K,0.843,0.274,True,False
F02145,2022-K,0.708,0.281,True,False
F02146,2022-K,0.878,0.148,True,False
F02147,2022-K,0.239,0.285,True,False
F02148,2022-K,0.0,0.241,True,True
F02149,2022-K,0.764,0.302,True,False
F02150,2022-K,0.0,0.17,True,True
F02151,2022-K,0.863,0.31,True,False
F02152,2022-K,0.0,0.248,True,True
F02153,2022-K,0.0,0.205,True,True
F02154,2022-K,0.777,0.295,True,False
F02155,2022-K,0.0,0.202,True,True
F02156,2022-K,0.793,0.278,True,False
F02157,2022-K,0.0,0.262,True,True
F02158,2022-K,0.841,0.227,True,False
F02159,2022-K,0.0,0.187,True,True
F02160,2022-K,0.0,0.264,True,True
F02161,2022-K,0.0,0.264,True,True
F02162,2022-K,0.644,0.257,True,False
F02163,2022-K,0.438,0.16,True,False
F02164,2022-K,0.0,0.156,True,True
F02165,2022-K,0.0,0.241,True,True
F02166,2022-K,0.0,0.25,True,True
F02167,2022-K,0.0,0.257,True,True
F02168,2022-K,0.509,0.274,True,False
F02169,2022-K,0.0,0.246,True,True
F02170,2022-K,0.0,0.309,True,True
F02172,2022-K,0.0,0.284,True,True
F02173,2022-K,0.0,0.258,True,True
F02174,2022-K,0.709,0.143,True,False
F02175,2022-K,0.0,0.172,True,True
F02176,2022-K,0.0,0.24,True,True
F02177,2022-K,0.0,0.251,True,True
F02178,2022-K,0.791,0.25,True,False
F02179,2022-K,0.0,0.281,True,True
F02180,2022-K,0.776,0.192,True,False
F02181,2022-K,0.461,0.187,True,False
F02182,2022-K,0.0,0.314,True,True
F02183,2022-K,0.0,0.142,True,True
F02184,2022-K,0.52,0.266,True,False
F02185,2022-K,0.717,0.308,True,False
F02186,2022-K,0.0,0.225,True,True
F02187,2022-K,0.0,0.18,True,True
F02188,2022-K,0.0,0.194,True,True
F02189,2022-K,0.688,0.177,True,False
F02190,2022-K,0.0,0.162,True,True
F02191,2022-K,0.534,0.163,True,False
F02192,2022-K,0.0,0.237,True,True
F02193,2022-K,0.0,0.279,True,True
F02195,2022-K,0.802,0.146,True,False
F02196,2022-K,0.499,0.268,True,False
F02197,2022-K,0.0,0.209,True,True
F02198,2022-K,0.0,0.257,True,True
F02199,2022-K,0.0,0.303,True,True
F02200,2022-K,0.0,0.294,True,True
F02201,2022-K,0.797,0.197,True,False
F02202,2022-K,0.558,0.309,True,False
F02203,2022-K,0.0,0.158,True,True
F02204,2022-K,0.0,0.272,True,True
F02205,2022-K,0.0,0.162,True,True
F02206,2022-K,0.0,0.193,True,True
F02207,2022-K,0.774,0.273,True,False
F02208,2022-K,0.51,0.191,True,False
F02209,2022-K,0.819,0.282,True,False
F02210,2022-K,0.803,0.149,True,False
F02211,2022-K,0.685,0.288,True,False
F02212,2022-K,0.0,0.238,True,True
F02214,2022-K,0.0,0.155,True,True
F02215,2022-K,0.0,0.259,True,True
F02216,2022-K,0.0,0.183,True,True
F02217,2022-K,0.706,0.242,True,False
F02218,2022-K,0.0,0.141,True,True
F02219,2022-K,0.0,0.942,False,True
F02220,2022-K,0.498,0.938,False,False
F02221,2022-K,0.0,0.983,False,True
F02222,2022-K,0.814,1.018,False,False
F02223,2022-K,0.0,1.012,False,True
F02224,2022-K,0.0,0.943,False,True
F02225,2022-K,0.832,0.951,False,False
F02226,2022-K,0.599,1.017,False,False
F02227,2022-K,0.838,0.95,False,False
F02228,2022-K,0.0,0.938,False,True
F02229,2022-K,0.0,0.985,False,True
F02231,2022-K,0.834,0.973,False,False
F02232,2022-K,0.0,1.046,False,True
F02233,2022-K,0.8,0.976,False,False
F02234,2022-K,0.745,0.932,False,False
F02235,2022-K,0.0,0.94,False,True
F02236,2022-K,0.0,0.983,False,True
F02237,2022-K,0.0,0.996,False,True
F02238,2022-K,0.0,0.969,False,True
F02239,2022-K,0.719,1.054,False,False
F02240,2022-K,0.0,1.033,False,True
F02241,2022-K,0.0,0.929,False,True
F02242,2022-K,0.541,0.964,False,False
F02243,2022-K,0.832,0.97,False,False
F02244,2022-K,0.84,1.015,False,False
F02245,2022-K,0.764,0.966,False,False
F02246,2022-K,0.0,0.93,False,True
F02247,2022-K,0.0,0.954,False,True
F02248,2022-K,0.838,1.03,False,False
F02249,2022-K,0.0,0.968,False,True
F02250,2022-K,0.563,0.946,False,False
F02251,2022-K,0.683,0.245,True,False
F02252,2022-K,0.797,1.01,False,False
F02253,2022-K,0.0,0.155,True,True
F02254,2022-K,0.0,0.194,True,True
F02255,2022-K,0.0,0.999,False,True
F02256,2022-K,0.0,1.01,False,True
F02257,2022-K,0.0,0.259,True,True
F02258,2022-K,0.0,0.961,False,True
F02259,2022-K,0.0,0.961,False,True
F02261,2022-K,0.869,0.952,False,False
F02262,2022-K,0.751,0.927,False,False
F02263,2022-K,0.745,0.925,False,False
F02264,2022-K,0.0,0.995,False,True
F02265,2022-K,0.0,0.233,True,True
F02266,2022-K,0.754,0.986,False,False
F02267,2022-K,0.0,1.013,False,True
F02268,2022-K,0.0,1.018,False,True
F02269,2022-K,0.0,0.948,False,True
F02270,2022-K,0.724,0.932,False,False
F02271,2022-K,0.0,0.974,False,True
F02272,2022-K,0.464,0.303,True,False
F02273,2022-K,0.825,1.009,False,False
F02274,2022-K,0.881,0.993,False,False
F02275,2022-K,0.718,0.997,False,False
F02276,2022-K,0.0,0.981,False,True
F02277,2022-K,0.0,1.015,False,True
F02278,2022-K,0.0,1.013,False,True
F02279,2022-K,0.808,1.057,False,False
F02280,2022-K,0.737,0.952,False,False
F02281,2022-K,0.704,1.016,False,False
F02282,2022-K,0.0,1.023,False,True
F02283,2022-K,0.0,0.952,False,True
F02285,2022-K,0.869,0.96,False,False
F02286,2022-K,0.0,1.001,False,True
F02287,2022-K,0.751,1.037,False,False
F02288,2022-K,0.0,0.994,False,True
F02289,2022-K,0.511,1.0,False,False
F02290,2022-K,0.0,0.943,False,True
F02291,2022-K,0.0,1.005,False,True
F02292,2022-K,0.88,0.979,False,False
F02293,2022-K,0.763,1.007,False,False
F02294,2022-K,0.91,0.964,False,False
F02295,2022-K,0.0,0.927,False,True
F02296,2022-K,0.845,0.957,False,False
F02297,2022-K,0.0,0.944,False,True
F02298,2022-K,0.536,1.017,False,False
F02299,2022-K,0.498,0.967,False,False
F02300,2022-K,0.774,0.943,False,False
F02301,2022-K,0.734,0.964,False,False
F02302,2022-K,0.672,0.977,False,False
F02303,2022-K,0.0,0.98,False,True
F02304,2022-K,0.75,0.949,False,False
F02305,2022-K,0.565,0.95,False,False
F02306,2022-K,0.593,1.006,False,False
F02307,2022-K,0.786,1.058,False,False
F02308,2022-K,0.732,0.309,True,False
F02309,2022-K,0.511,1.049,False,False
F02310,2022-K,0.881,0.93,False,False
F02311,2022-K,0.0,0.925,False,True
F02312,2022-K,0.0,0.981,False,True
F02313,2022-K,0.522,1.035,False,False
F02314,2022-K,0.0,0.98,False,True
F02315,2022-K,0.0,1.024,False,True
F02316,2022-K,0.675,0.215,True,False
F02317,2022-K,0.0,0.993,False,True
F02318,2022-K,0.0,1.028,False,True
F02319,2022-K,0.0,1.06,False,True
F02320,2022-K,0.0,1.029,False,True
F02321,2022-K,0.0,0.257,True,True
F02322,2022-K,0.699,1.018,False,True
F02323,2022-K,0.701,0.938,False,False
F02324,2022-K,0.0,0.993,False,True
F02325,2022-K,0.566,0.929,False,False
F02326,2022-K,0.0,1.053,False,True
F02327,2022-K,0.0,1.005,False,True
F02328,2022-K,0.476,0.967,False,False
F02329,2022-K,0.0,1.047,False,True
F02330,2022-K,0.0,1.026,False,True
F02331,2022-K,0.0,0.295,True,True
F02332,2022-K,0.743,0.169,True,True
F02333,2022-K,0.585,0.944,False,False
F02334,2022-K,0.922,0.943,False,False
F02335,2022-K,0.0,0.262,True,True
F02336,2022-K,0.599,0.974,False,False
F02337,2022-K,0.0,1.028,False,True
F02338,2022-K,0.792,0.982,False,False
F02339,2022-K,0.553,1.006,False,False
F02340,2022-K,0.794,0.982,False,False
F02341,2022-K,0.915,1.017,False,False
F02342,2022-K,0.491,0.972,False,False
F02343,2022-K,0.0,0.984,False,True
F02344,2022-K,0.0,0.995,False,True
F02345,2022-K,0.646,0.929,False,False
F02346,2022-K,0.0,1.042,False,True
F02347,2022-K,0.0,0.941,False,True
F02348,2022-K,0.46,1.057,False,False
F02349,2022-K,0.526,0.989,False,False
F02350,2022-K,0.0,0.287,True,True
F02351,2022-K,0.0,1.033,False,True
F02352,2022-K,0.786,0.2,True,False
F02353,2022-K,0.0,1.002,False,True
F02354,2022-K,0.315,0.936,False,True
F02355,2022-K,0.0,0.965,False,True
F02356,2022-K,0.427,0.19,True,False
F02357,2022-K,0.0,0.965,False,True
F02358,2022-K,0.573,0.975,False,False
F02359,2022-K,0.0,0.923,False,True
F02360,2022-K,0.887,1.047,False,False
F02361,2022-K,0.0,1.035,False,True
F02362,2022-K,0.0,1.047,False,True
F02363,2022-K,0.786,0.943,False,False
F02364,2022-K,0.0,0.994,False,True
F02365,2022-K,0.526,0.27,True,False
F02366,2022-K,0.827,1.004,False,False
F02367,2022-K,0.575,1.014,False,False
F02368,2022-K,0.475,1.018,False,False
F02369,2022-K,0.488,0.951,False,False
F02370,2022-K,0.0,0.98,False,True
F02371,2022-K,0.815,0.986,False,False
F02372,2022-K,0.539,0.956,False,False
F02373,2022-K,0.0,1.046,False,True
F02374,2022-K,0.565,1.05,False,False
F02375,2022-K,0.0,0.93,False,True
F02376,2022-K,0.0,0.982,False,True
F02377,2022-K,0.0,1.019,False,True
F02378,2022-K,0.203,0.99,False,True
F02379,2022-K,0.0,0.953,False,True
F02380,2022-K,0.317,0.98,False,True
F02381,2022-K,0.0,0.95,False,True
F02382,2022-K,0.803,0.925,False,False
F02383,2022-K,0.709,0.177,True,False
F02384,2022-K,0.0,1.017,False,True
F02385,2022-K,0.698,1.038,False,False
F02386,2022-K,0.466,0.158,True,False
F02387,2022-K,0.0,0.955,False,True
F02388,2022-K,0.691,1.039,False,False
F02389,2022-K,0.0,0.939,False,True
F02390,2022-K,0.69,0.982,False,False
F02391,2022-K,0.821,1.039,False,False
F02392,2022-K,0.744,1.014,False,False
F02393,2022-K,0.0,0.929,False,True
F02394,2022-K,0.489,0.984,False,False
F02395,2022-K,0.0,0.969,False,True
F02396,2022-K,0.47,0.985,False,False
F02397,2022-K,0.865,0.991,False,False
F02398,2022-K,0.622,0.265,True,False
F02399,2022-K,0.0,1.05,False,True
F02400,2022-K,0.664,1.056,False,False
F02401,2022-K,0.403,0.315,True,False
F02402,2022-K,0.0,0.987,False,True
F02403,2022-K,0.0,0.141,True,True
F02404,2022-K,0.262,0.983,False,True
F02405,2022-K,0.469,0.975,False,False
F02406,2022-K,0.815,0.929,False,False
F02407,2022-K,0.547,0.964,False,False
F02408,2022-K,0.84,1.029,False,False
F02409,2022-K,0.0,0.995,False,True
F02410,2022-K,0.0,1.031,False,True
F02411,2022-K,0.0,1.033,False,True
F02412,2022-K,0.812,0.978,False,False
F02413,2022-K,0.0,0.936,False,True
F02414,2022-K,0.0,1.007,False,True
F02415,2022-K,0.274,0.937,False,True
F02416,2022-K,0.0,0.953,False,True
F02417,2022-K,0.451,0.956,False,False
F02418,2022-K,0.765,0.96,False,False
F02419,2022-K,0.536,0.935,False,False
F02420,2022-K,0.459,0.963,False,False
F02421,2022-K,0.0,1.042,False,True
F02422,2022-K,0.769,1.054,False,False
F02423,2022-K,0.514,0.941,False,False
F02424,2022-K,0.0,0.97,False,True
F02425,2022-K,0.734,0.934,False,False
F02426,2022-K,0.478,1.049,False,False
F02427,2022-K,0.0,1.016,False,True
F02428,2022-K,0.704,1.059,False,False
F02429,2022-K,0.566,1.048,False,False
F02430,2022-K,0.662,0.284,True,False
F02431,2022-K,0.27,0.18,True,False
F02432,2022-K,0.574,1.041,False,False
F02433,2022-K,0.333,1.011,False,True
F02434,2022-K,0.618,1.0,False,False
F02435,2022-K,0.495,0.989,False,False
F02436,2022-K,0.0,1.005,False,True
F02437,2022-K,0.775,0.208,True,False
F02438,2022-K,0.331,1.016,False,True
F02439,2022-K,0.749,1.003,False,False
F02440,2022-K,0.736,1.008,False,False
F02441,2022-K,0.794,0.953,False,False
F02442,2022-K,0.779,0.974,False,False
F02443,2022-K,0.338,0.973,False,True
F02444,2022-K,0.762,0.967,False,False
F02445,2022-K,0.892,0.957,False,False
F02446,2022-K,0.294,0.96,False,True
F02447,2022-K,0.201,1.049,False,True
F02448,2022-K,0.0,0.942,False,True
F02449,2022-K,0.0,0.14,True,True
F02450,2022-K,0.684,0.968,False,False
F02451,2022-K,0.659,0.999,False,False
F02452,2022-K,0.764,0.932,False,False
F02453,2022-K,0.533,1.005,False,False
F02454,2022-K,0.656,0.963,False,False
F02455,2022-K,0.332,0.99,False,True
F02456,2022-K,0.683,0.142,True,False
F02457,2022-K,0.535,0.924,False,False
F02458,2022-K,0.488,1.045,False,False
F02459,2022-K,0.585,0.99,False,False
F02460,2022-K,0.849,0.141,True,False
F02461,2022-K,0.674,0.994,False,False
F02462,2022-K,0.269,0.972,False,True
F02463,2022-K,0.367,0.944,False,True
F02464,2022-K,0.779,0.225,True,False
F02465,2022-K,0.763,0.926,False,False
F02466,2022-K,0.81,1.017,False,False
F02467,2022-K,0.252,0.965,False,True
F02468,2022-K,0.712,0.978,False,False
F02469,2022-K,0.541,1.058,False,False
F02470,2022-K,0.448,0.955,False,False
F02471,2022-K,0.73,0.308,True,False
F02472,2022-K,0.463,1.03,False,False
F02473,2022-K,0.464,0.961,False,False
F02474,2022-K,0.522,1.053,False,False
F02475,2022-K,0.759,1.023,False,False
F02476,2022-K,0.165,0.925,False,True
F02477,2022-K,0.203,1.015,False,True
F02478,2022-K,0.724,0.923,False,False
F02479,2022-K,0.503,0.93,False,False
F02480,2022-K,0.56,0.232,True,False
F02481,2022-K,0.589,1.054,False,False
F02482,2022-K,0.274,1.037,False,True
F02483,2022-K,0.494,1.013,False,False
F02484,2022-K,0.617,0.972,False,False
F02485,2022-K,0.685,1.025,False,False
F02486,2022-K,0.552,1.02,False,False
F02487,2022-K,0.465,1.009,False,False
F02488,2022-K,0.697,1.046,False,False
F02489,2022-K,0.591,1.019,False,False
F02490,2022-K,0.194,1.048,False,True
F02491,2022-K,0.605,0.969,False,False
F01001,2022-R,0.0,0.996,False,True
F01002,2022-R,0.0,1.014,False,True
F01003,2022-R,0.567,0.976,False,False
F01004,2022-R,0.0,0.942,False,True
F01005,2022-R,0.522,0.995,False,False
F01006,2022-R,0.0,0.963,False,True
F01007,2022-R,0.0,0.939,False,True
F01008,2022-R,0.777,0.958,False,False
F01009,2022-R,0.816,0.941,False,False
F01010,2022-R,0.0,0.986,False,True
F01011,2022-R,0.0,0.993,False,True
F01012,2022-R,0.0,1.009,False,True
F01013,2022-R,0.592,1.0,False,False
F01014,2022-R,0.0,1.0,False,True
F01015,2022-R,0.0,1.032,False,True
F01016,2022-R,0.0,0.994,False,True
F01017,2022-R,0.187,0.955,False,True
F01018,2022-R,0.0,0.942,False,True
F01020,2022-R,0.488,0.999,False,False
F01021,2022-R,0.795,1.013,False,False
F01022,2022-R,0.799,0.964,False,False
F01023,2022-R,0.826,1.002,False,False
F01024,2022-R,0.0,0.997,False,True
F01025,2022-R,0.0,0.961,False,True
F01027,2022-R,0.0,0.988,False,True
F01028,2022-R,0.0,0.966,False,True
F01029,2022-R,0.57,1.002,False,False
F01030,2022-R,0.559,0.943,False,False
F01031,2022-R,0.0,0.973,False,True
F01032,2022-R,0.777,0.984,False,False
F01033,2022-R,0.0,1.012,False,True
F01034,2022-R,0.0,1.015,False,True
F01035,2022-R,0.827,0.944,False,False
F01036,2022-R,0.825,1.005,False,False
F01037,2022-R,0.81,0.938,False,False
F01038,2022-R,0.0,0.974,False,True
F01039,2022-R,0.0,0.974,False,True
F01040,2022-R,0.0,0.949,False,True
F01041,2022-R,0.0,1.03,False,True
F01042,2022-R,0.0,0.98,False,True
F01043,2022-R,0.0,0.985,False,True
F01044,2022-R,0.799,0.952,False,False
F01045,2022-R,0.0,0.962,False,True
F01046,2022-R,0.0,0.968,False,True
F01047,2022-R,0.0,1.018,False,True
F01048,2022-R,0.816,0.93,False,False
F01049,2022-R,0.0,0.969,False,True
F01050,2022-R,0.775,1.026,False,False
F01051,2022-R,0.493,0.995,False,False
F01052,2022-R,0.0,1.017,False,True
F01053,2022-R,0.0,0.932,False,True
F01054,2022-R,0.0,1.022,False,True
F01055,2022-R,0.859,0.969,False,False
F01056,2022-R,0.0,0.949,False,True
F01057,2022-R,0.762,0.953,False,False
F01058,2022-R,0.0,1.014,False,True
F01059,2022-R,0.0,1.005,False,True
F01060,2022-R,0.0,0.933,False,True
F01061,2022-R,0.0,0.989,False,True
F01062,2022-R,0.0,0.997,False,True
F01063,2022-R,0.0,0.973,False,True
F01064,2022-R,0.774,0.932,False,False
F01066,2022-R,0.0,0.943,False,True
F01067,2022-R,0.0,0.973,False,True
F01068,2022-R,0.0,0.978,False,True
F01069,2022-R,0.0,1.023,False,True
F01070,2022-R,0.0,1.024,False,True
F01071,2022-R,0.575,0.973,False,False
F01072,2022-R,0.0,0.982,False,True
F01073,2022-R,0.0,0.974,False,True
F01074,2022-R,0.0,1.033,False,True
F01075,2022-R,0.284,1.015,False,True
F01076,2022-R,0.0,1.031,False,True
F01077,2022-R,0.0,1.034,False,True
F01078,2022-R,0.0,0.962,False,True
F01079,2022-R,0.559,0.959,False,False
F01080,2022-R,0.0,0.981,False,True
F01081,2022-R,0.867,0.954,False,False
F01082,2022-R,0.78,1.001,False,False
F01083,2022-R,0.0,1.011,False,True
F01084,2022-R,0.0,1.025,False,True
F01085,2022-R,0.0,1.012,False,True
F01086,2022-R,0.0,1.006,False,True
F01087,2022-R,0.486,1.016,False,True
F01088,2022-R,0.842,1.035,False,False
F01089,2022-R,0.0,0.99,False,True
F01090,2022-R,0.528,0.969,False,True
F01091,2022-R,0.0,0.974,False,True
F01092,2022-R,0.571,0.943,False,False
F01093,2022-R,0.279,1.029,False,True
F01094,2022-R,0.0,0.943,False,True
F01095,2022-R,0.0,0.946,False,True
F01096,2022-R,0.0,1.022,False,True
F01097,2022-R,0.0,1.022,False,True
F01098,2022-R,0.733,0.947,False,False
F01099,2022-R,0.0,1.022,False,True
F01100,2022-R,0.0,1.015,False,True
F01101,2022-R,0.0,1.031,False,True
F01102,2022-R,0.0,1.013,False,True
F01103,2022-R,0.0,1.01,False,True
F01104,2022-R,0.906,0.997,False,False
F01105,2022-R,0.906,1.032,False,False
F01106,2022-R,0.0,0.936,False,True
F01107,2022-R,0.885,0.996,False,False
F01108,2022-R,0.0,0.957,False,True
F01109,2022-R,0.0,1.01,False,True
F01110,2022-R,0.899,1.03,False,False
F01111,2022-R,0.887,1.038,False,False
F01112,2022-R,0.904,0.955,False,False
F01113,2022-R,0.0,1.015,False,True
F01114,2022-R,0.571,1.031,False,False
F01115,2022-R,0.0,0.977,False,True
F01116,2022-R,0.881,1.012,False,False
F01117,2022-R,0.546,0.939,False,False
F01118,2022-R,0.0,1.032,False,True
F01119,2022-R,0.0,1.025,False,True
F01120,2022-R,0.837,0.993,False,False
F01121,2022-R,0.547,0.952,False,False
F01122,2022-R,0.598,0.999,False,False
F01123,2022-R,0.0,0.948,False,True
F01124,2022-R,0.0,1.004,False,True
F01125,2022-R,0.0,0.943,False,True
F01126,2022-R,0.0,1.027,False,True
F01127,2022-R,0.0,1.004,False,True
F01128,2022-R,0.0,1.022,False,True
F01129,2022-R,0.0,0.988,False,True
F01130,2022-R,0.0,1.038,False,True
F01131,2022-R,0.779,0.941,False,False
F01132,2022-R,0.0,0.987,False,True
F01133,2022-R,0.51,0.957,False,False
F01134,2022-R,0.0,0.951,False,True
F01135,2022-R,0.0,0.981,False,True
F01136,2022-R,0.0,1.001,False,True
F01137,2022-R,0.0,0.981,False,True
F01138,2022-R,0.0,0.973,False,True
F01139,2022-R,0.843,0.94,False,False
F01140,2022-R,0.0,1.0,False,True
F01141,2022-R,0.836,0.954,False,False
F01142,2022-R,0.52,0.99,False,False
F01143,2022-R,0.0,0.963,False,True
F01144,2022-R,0.0,0.953,False,True
F01145,2022-R,0.0,0.967,False,True
F01146,2022-R,0.217,1.006,False,True
F01147,2022-R,0.801,0.984,False,False
F01149,2022-R,0.0,0.933,False,True
F01150,2022-R,0.0,0.985,False,True
F01151,2022-R,0.824,0.963,False,False
F01152,2022-R,0.784,0.972,False,False
F01153,2022-R,0.843,0.941,False,False
F01154,2022-R,0.0,1.035,False,True
F01155,2022-R,0.499,0.94,False,False
F01156,2022-R,0.0,1.035,False,True
F01157,2022-R,0.0,0.932,False,True
F01158,2022-R,0.559,0.945,False,False
F01159,2022-R,0.0,0.944,False,True
F01160,2022-R,0.764,0.992,False,False
F01161,2022-R,0.0,1.015,False,True
F01162,2022-R,0.0,0.942,False,True
F01163,2022-R,0.817,1.004,False,False
F01164,2022-R,0.797,0.962,False,False
F01165,2022-R,0.82,0.999,False,False
F01166,2022-R,0.0,0.96,False,True
F01167,2022-R,0.0,0.997,False,True
F01168,2022-R,0.0,0.931,False,True
F01169,2022-R,0.815,1.031,False,False
F01170,2022-R,0.808,0.968,False,False
F01171,2022-R,0.813,0.998,False,False
F01173,2022-R,0.0,1.027,False,True
F01174,2022-R,0.0,0.958,False,True
F01175,2022-R,0.0,1.037,False,True
F01176,2022-R,0.551,0.989,False,False
F01177,2022-R,0.0,0.948,False,True
F01178,2022-R,0.0,0.951,False,True
F01179,2022-R,0.834,0.939,False,False
F01180,2022-R,0.0,1.038,False,True
F01181,2022-R,0.0,0.969,False,True
F01182,2022-R,0.0,0.96,False,True
F01183,2022-R,0.0,1.005,False,True
F01184,2022-R,0.0,0.999,False,True
F01185,2022-R,0.0,0.983,False,True
F01186,2022-R,0.0,1.033,False,True
F01187,2022-R,0.0,0.984,False,True
F01188,2022-R,0.0,0.97,False,True
F01190,2022-R,0.0,0.934,False,True
F01191,2022-R,0.531,0.986,False,False
F01192,2022-R,0.0,0.966,False,True
F01193,2022-R,0.77,1.015,False,False
F01194,2022-R,0.0,0.961,False,True
F01196,2022-R,0.0,1.012,False,True
F01197,2022-R,0.0,0.953,False,True
F01198,2022-R,0.0,1.004,False,True
F01199,2022-R,0.598,0.954,False,False
F01200,2022-R,0.172,0.984,False,True
F01201,2022-R,0.0,1.017,False,True
F01202,2022-R,0.317,0.939,False,True
F01203,2022-R,0.873,0.945,False,False
F01204,2022-R,0.0,0.965,False,True
F01205,2022-R,0.0,0.96,False,True
F01206,2022-R,0.0,0.965,False,True
F01207,2022-R,0.859,1.036,False,False
F01208,2022-R,0.0,1.034,False,True
F01209,2022-R,0.0,0.985,False,True
F01210,2022-R,0.0,0.985,False,True
F01211,2022-R,0.352,0.951,False,True
F01212,2022-R,0.0,0.992,False,True
F01213,2022-R,0.0,1.015,False,True
F01214,2022-R,0.0,1.025,False,True
F01215,2022-R,0.0,0.993,False,True
F01216,2022-R,0.904,0.985,False,False
F01217,2022-R,0.0,0.973,False,True
F01218,2022-R,0.0,1.021,False,True
F01219,2022-R,0.56,1.003,False,False
F01220,2022-R,0.0,1.028,False,True
F01221,2022-R,0.0,1.015,False,True
F01222,2022-R,0.0,0.987,False,True
F01223,2022-R,0.928,0.946,False,False
F01224,2022-R,0.0,0.971,False,True
F01225,2022-R,0.534,0.962,False,True
F01226,2022-R,0.929,0.93,False,False
F01227,2022-R,0.539,1.03,False,False
F01228,2022-R,0.479,1.037,False,False
F01229,2022-R,0.0,1.016,False,True
F01230,2022-R,0.0,0.937,False,True
F01231,2022-R,0.0,1.029,False,True
F01232,2022-R,0.0,0.989,False,True
F01233,2022-R,0.0,1.034,False,True
F01234,2022-R,0.0,1.011,False,True
F01235,2022-R,0.488,0.932,False,False
F01236,2022-R,0.853,1.019,False,False
F01237,2022-R,0.0,0.97,False,True
F01238,2022-R,0.85,0.967,False,False
F01239,2022-R,0.0,0.983,False,True
F01240,2022-R,0.0,0.981,False,True
F01242,2022-R,0.0,0.955,False,True
F01243,2022-R,0.0,0.942,False,True
F01244,2022-R,0.0,0.957,False,True
F01245,2022-R,0.0,0.968,False,True
F01246,2022-R,0.0,0.965,False,True
F01247,2022-R,0.0,0.94,False,True
F01249,2022-R,0.856,0.944,False,False
F01250,2022-R,0.0,1.023,False,True
F01251,2022-R,0.0,0.933,False,True
F01252,2022-R,0.0,0.979,False,True
F01253,2022-R,0.0,0.973,False,True
F01255,2022-R,0.0,0.994,False,True
F01256,2022-R,0.0,0.959,False,True
F01257,2022-R,0.0,0.98,False,True
F01258,2022-R,0.0,0.97,False,True
F01259,2022-R,0.0,0.941,False,True
F01260,2022-R,0.0,0.943,False,True
F01261,2022-R,0.0,1.015,False,True
F01262,2022-R,0.0,0.944,False,True
F01263,2022-R,0.785,1.028,False,False
F01264,2022-R,0.782,0.963,False,False
F01265,2022-R,0.0,1.0,False,True
F01266,2022-R,0.0,0.938,False,True
F01267,2022-R,0.0,0.991,False,True
F01268,2022-R,0.0,0.989,False,True
F01269,2022-R,0.0,0.953,False,True
F01270,2022-R,0.0,0.948,False,True
F01271,2022-R,0.0,1.022,False,True
F01272,2022-R,0.0,0.931,False,True
F01273,2022-R,0.0,0.936,False,True
F01274,2022-R,0.742,0.973,False,False
F01275,2022-R,0.533,0.953,False,False
F01276,2022-R,0.327,1.026,False,True
F01277,2022-R,0.0,1.036,False,True
F01278,2022-R,0.0,0.978,False,True
F01279,2022-R,0.0,1.016,False,True
F01280,2022-R,0.772,0.976,False,False
F01281,2022-R,0.0,0.936,False,True
F01282,2022-R,0.0,1.001,False,True
F01283,2022-R,0.5,0.944,False,False
F01284,2022-R,0.0,1.04,False,True
F01285,2022-R,0.521,0.994,False,False
F01286,2022-R,0.0,0.979,False,True
F01287,2022-R,0.0,0.995,False,True
F01288,2022-R,0.869,1.015,False,False
F01289,2022-R,0.0,1.021,False,True
F01290,2022-R,0.0,0.982,False,True
F01291,2022-R,0.0,1.035,False,True
F01292,2022-R,0.867,1.034,False,False
F01293,2022-R,0.481,1.029,False,False
F01295,2022-R,0.0,0.949,False,True
F01296,2022-R,0.792,1.007,False,False
F01297,2022-R,0.594,0.946,False,False
F01298,2022-R,0.0,0.956,False,True
F01299,2022-R,0.0,1.013,False,True
F01300,2022-R,0.0,0.971,False,True
F01301,2022-R,0.897,0.978,False,False
F01302,2022-R,0.0,0.976,False,True
F01303,2022-R,0.0,1.002,False,True
F01304,2022-R,0.0,0.969,False,True
F01306,2022-R,0.0,0.997,False,True
F01307,2022-R,0.898,0.971,False,False
F01308,2022-R,0.899,0.947,False,False
F01309,2022-R,0.0,1.023,False,True
F01310,2022-R,0.0,1.008,False,True
F01311,2022-R,0.564,0.985,False,False
F01312,2022-R,0.887,0.997,False,False
F01313,2022-R,0.0,0.957,False,True
F01314,2022-R,0.0,1.026,False,True
F01315,2022-R,0.0,0.953,False,True
F01316,2022-R,0.0,0.987,False,True
F01317,2022-R,0.712,1.009,False,False
F01318,2022-R,0.0,1.004,False,True
F01319,2022-R,0.883,0.948,False,False
F01320,2022-R,0.489,1.007,False,False
F01321,2022-R,0.0,0.971,False,True
F01322,2022-R,0.0,1.037,False,True
F01323,2022-R,0.0,0.945,False,True
F01324,2022-R,0.0,0.954,False,True
F01326,2022-R,0.0,0.935,False,True
F01329,2022-R,0.914,0.957,False,False
F01330,2022-R,0.0,0.981,False,True
F01331,2022-R,0.911,0.931,False,False
F01332,2022-R,0.0,0.946,False,True
F01333,2022-R,0.0,0.993,False,True
F01334,2022-R,0.0,1.039,False,True
F01336,2022-R,0.0,0.941,False,True
F01337,2022-R,0.0,0.954,False,True
F01338,2022-R,0.0,1.035,False,True
F01339,2022-R,0.0,0.931,False,True
F01340,2022-R,0.591,0.99,False,False
F01341,2022-R,0.0,0.947,False,True
F01342,2022-R,0.0,0.957,False,True
F01344,2022-R,0.0,0.971,False,True
F01347,2022-R,0.588,1.018,False,False
F01348,2022-R,0.506,0.951,False,False
F01349,2022-R,0.0,1.016,False,True
F01350,2022-R,0.849,0.947,False,False
F01351,2022-R,0.0,1.032,False,True
F01352,2022-R,0.907,0.978,False,False
F01353,2022-R,0.0,0.971,False,True
F01354,2022-R,0.0,1.013,False,True
F01355,2022-R,0.0,1.005,False,True
F01356,2022-R,0.0,0.957,False,True
F01357,2022-R,0.0,0.972,False,True
F01358,2022-R,0.0,0.996,False,True
F01359,2022-R,0.0,1.027,False,True
F01360,2022-R,0.868,1.014,False,False
F01361,2022-R,0.0,1.029,False,True
F01362,2022-R,0.899,0.942,False,False
F01363,2022-R,0.0,0.971,False,True
F01364,2022-R,0.916,0.956,False,False
F01365,2022-R,0.0,1.028,False,True
F01366,2022-R,0.453,0.961,False,False
F01367,2022-R,0.0,0.969,False,True
F01368,2022-R,0.0,0.99,False,True
F01369,2022-R,0.901,0.947,False,False
F01370,2022-R,0.899,0.971,False,False
F01371,2022-R,0.0,0.948,False,True
F01372,2022-R,0.0,0.942,False,True
F01373,2022-R,0.0,0.961,False,True
F01374,2022-R,0.0,1.034,False,True
F01375,2022-R,0.0,1.033,False,True
F01376,2022-R,0.568,0.961,False,False
F01377,2022-R,0.0,0.951,False,True
F01378,2022-R,0.915,0.98,False,False
F01379,2022-R,0.921,0.941,False,False
F01380,2022-R,0.782,1.018,False,False
F01381,2022-R,0.0,0.933,False,True
F01382,2022-R,0.927,1.012,False,False
F01383,2022-R,0.0,1.005,False,True
F01384,2022-R,0.343,1.037,False,True
F01385,2022-R,0.515,0.994,False,False
F01386,2022-R,0.896,1.005,False,False
F01387,2022-R,0.0,1.008,False,True
F01388,2022-R,0.0,1.006,False,True
F01389,2022-R,0.0,0.944,False,True
F01390,2022-R,0.201,1.038,False,True
F01391,2022-R,0.903,1.035,False,False
F01392,2022-R,0.0,1.026,False,True
F01393,2022-R,0.502,0.932,False,False
F01394,2022-R,0.741,0.979,False,False
F01395,2022-R,0.929,0.935,False,False
F01396,2022-R,0.922,0.964,False,False
F01397,2022-R,0.0,1.002,False,True
F01398,2022-R,0.887,1.014,False,False
F01400,2022-R,0.311,0.978,False,True
F01401,2022-R,0.905,0.933,False,False
F01402,2022-R,0.0,0.937,False,True
F01403,2022-R,0.0,0.988,False,True
F01404,2022-R,0.286,0.962,False,True
F01405,2022-R,0.0,0.953,False,True
F01406,2022-R,0.0,0.972,False,True
F01407,2022-R,0.0,0.984,False,True
F01408,2022-R,0.223,1.002,False,True
F01409,2022-R,0.572,0.932,False,False
F01410,2022-R,0.0,0.975,False,True
F01411,2022-R,0.0,1.009,False,True
F01412,2022-R,0.839,1.009,False,False
F01413,2022-R,0.0,0.963,False,True
F01414,2022-R,0.534,1.006,False,False
F01415,2022-R,0.0,0.936,False,True
F01416,2022-R,0.0,0.953,False,True
F01417,2022-R,0.596,0.965,False,False
F01418,2022-R,0.0,0.939,False,True
F01419,2022-R,0.762,0.966,False,False
F01420,2022-R,0.582,0.941,False,False
F01421,2022-R,0.0,1.009,False,True
F01422,2022-R,0.0,0.994,False,True
F01423,2022-R,0.0,0.952,False,True
F01425,2022-R,0.0,0.936,False,True
F01426,2022-R,0.0,0.961,False,True
F01427,2022-R,0.0,1.008,False,True
F01428,2022-R,0.843,0.997,False,False
F01429,2022-R,0.0,1.014,False,True
F01430,2022-R,0.782,0.98,False,False
F01431,2022-R,0.0,1.032,False,True
F01432,2022-R,0.746,1.037,False,False
F01433,2022-R,0.53,0.931,False,False
F01434,2022-R,0.0,0.951,False,True
F01435,2022-R,0.0,0.94,False,True
F01436,2022-R,0.0,0.956,False,True
F01437,2022-R,0.0,0.981,False,True
F01438,2022-R,0.0,0.992,False,True
F01439,2022-R,0.0,1.033,False,True
F01440,2022-R,0.0,0.934,False,True
F01441,2022-R,0.786,0.938,False,False
F01442,2022-R,0.0,0.938,False,True
F01443,2022-R,0.0,1.031,False,True
F01444,2022-R,0.0,1.03,False,True
F01445,2022-R,0.0,1.036,False,True
F01446,2022-R,0.0,0.947,False,True
F01447,2022-R,0.0,0.991,False,True
F01448,2022-R,0.589,0.986,False,False
F01449,2022-R,0.0,0.947,False,True
F01450,2022-R,0.793,0.941,False,False
F01452,2022-R,0.0,0.979,False,True
F01453,2022-R,0.78,1.008,False,False
F01454,2022-R,0.0,0.963,False,True
F01455,2022-R,0.0,1.035,False,True
F01456,2022-R,0.0,0.991,False,True
F01457,2022-R,0.784,1.004,False,False
F01458,2022-R,0.0,1.035,False,True
F01459,2022-R,0.0,0.943,False,True
F01460,2022-R,0.0,1.018,False,True
F01461,2022-R,0.0,0.991,False,True
F01462,2022-R,0.0,1.037,False,True
F01463,2022-R,0.0,1.025,False,True
F01464,2022-R,0.571,0.985,False,False
F01465,2022-R,0.0,1.023,False,True
F01466,2022-R,0.0,0.961,False,True
F01467,2022-R,0.0,0.998,False,True
F01468,2022-R,0.0,0.986,False,True
F01469,2022-R,0.0,1.016,False,True
F01470,2022-R,0.0,0.935,False,True
F01471,2022-R,0.0,1.013,False,True
F01472,2022-R,0.0,0.965,False,True
F01473,2022-R,0.0,0.949,False,True
F01474,2022-R,0.0,1.012,False,True
F01475,2022-R,0.0,0.969,False,True
F01476,2022-R,0.763,1.003,False,False
F01477,2022-R,0.0,1.025,False,True
F01478,2022-R,0.0,1.009,False,True
F01480,2022-R,0.0,0.937,False,True
F01481,2022-R,0.758,0.932,False,False
F01482,2022-R,0.0,1.02,False,True
F01483,2022-R,0.0,1.036,False,True
F01484,2022-R,0.0,1.02,False,True
F01485,2022-R,0.0,0.993,False,True
F01486,2022-R,0.0,0.952,False,True
F01487,2022-R,0.0,0.938,False,True
F01488,2022-R,0.0,1.01,False,True
F01489,2022-R,0.593,1.02,False,False
F01490,2022-R,0.828,1.014,False,False
F01491,2022-R,0.0,0.996,False,True
F01492,2022-R,0.816,0.932,False,False
F01493,2022-R,0.0,0.995,False,True
F01494,2022-R,0.0,0.942,False,True
F01495,2022-R,0.742,0.977,False,False
F01496,2022-R,0.0,1.038,False,True
F01498,2022-R,0.0,0.939,False,True
F01499,2022-R,0.641,1.028,False,False
F01501,2022-R,0.461,0.965,False,False
F01502,2022-R,0.598,1.037,False,False
F01503,2022-R,0.0,0.946,False,True
F01504,2022-R,0.0,0.958,False,True
F01505,2022-R,0.468,0.993,False,False
F01506,2022-R,0.0,1.029,False,True
F01507,2022-R,0.0,0.96,False,True
F01508,2022-R,0.0,1.032,False,True
F01510,2022-R,0.572,1.0,False,False
F01511,2022-R,0.765,1.02,False,False
F01512,2022-R,0.0,0.947,False,True
F01513,2022-R,0.786,0.956,False,False
F01514,2022-R,0.503,0.973,False,False
F01515,2022-R,0.0,0.974,False,True
F01516,2022-R,0.0,0.933,False,True
F01517,2022-R,0.0,0.992,False,True
F01518,2022-R,0.595,1.012,False,False
F01519,2022-R,0.0,0.934,False,True
F01520,2022-R,0.0,0.931,False,True
F01521,2022-R,0.0,1.015,False,True
F01523,2022-R,0.0,0.988,False,True
F01524,2022-R,0.0,0.985,False,True
F01525,2022-R,0.0,0.943,False,True
F01526,2022-R,0.476,1.002,False,False
F01527,2022-R,0.203,0.955,False,True
F01528,2022-R,0.489,1.032,False,False
F01529,2022-R,0.0,1.039,False,True
F01530,2022-R,0.559,1.014,False,False
F01531,2022-R,0.0,0.939,False,True
F01532,2022-R,0.0,0.968,False,True
F01533,2022-R,0.0,1.028,False,True
F01534,2022-R,0.0,0.965,False,True
F01535,2022-R,0.49,0.936,False,False
F01536,2022-R,0.0,1.023,False,True
F01538,2022-R,0.789,0.966,False,False
F01539,2022-R,0.0,1.019,False,True
F01540,2022-R,0.0,1.039,False,True
F01541,2022-R,0.0,0.985,False,True
F01542,2022-R,0.539,1.03,False,False
F01543,2022-R,0.0,0.931,False,True
F01544,2022-R,0.892,1.03,False,False
F01545,2022-R,0.871,0.991,False,False
F01546,2022-R,0.798,0.941,False,False
F01547,2022-R,0.0,1.034,False,True
F01548,2022-R,0.922,0.975,False,False
F01549,2022-R,0.0,0.947,False,True
F01550,2022-R,0.732,0.962,False,False
F01551,2022-R,0.0,0.97,False,True
F01553,2022-R,0.744,0.98,False,False
F01554,2022-R,0.0,0.994,False,True
F01555,2022-R,0.0,0.995,False,True
F01556,2022-R,0.462,0.942,False,False
F01557,2022-R,0.0,0.969,False,True
F01558,2022-R,0.0,0.962,False,True
F01559,2022-R,0.0,1.03,False,True
F01560,2022-R,0.815,0.95,False,False
F01561,2022-R,0.77,1.006,False,False
F01562,2022-R,0.0,0.993,False,True
F01563,2022-R,0.732,0.953,False,False
F01564,2022-R,0.926,0.985,False,False
F01565,2022-R,0.0,0.956,False,True
F01566,2022-R,0.0,1.036,False,True
F01568,2022-R,0.927,1.033,False,False
F01569,2022-R,0.917,1.025,False,False
F01570,2022-R,0.0,0.961,False,True
F01571,2022-R,0.0,1.038,False,True
F01572,2022-R,0.0,1.039,False,True
F01573,2022-R,0.0,0.983,False,True
F01574,2022-R,0.0,0.961,False,True
F01575,2022-R,0.574,0.944,False,False
F01576,2022-R,0.829,0.959,False,False
F01577,2022-R,0.464,0.997,False,False
F01578,2022-R,0.0,0.951,False,True
F01579,2022-R,0.0,1.015,False,True
F01580,2022-R,0.879,0.943,False,False
F01581,2022-R,0.866,0.965,False,False
F01582,2022-R,0.876,1.015,False,False
F01583,2022-R,0.0,0.968,False,True
F01584,2022-R,0.0,0.99,False,True
F01585,2022-R,0.0,0.955,False,True
F01586,2022-R,0.831,0.942,False,False
F01587,2022-R,0.751,0.932,False,False
F01589,2022-R,0.0,1.036,False,True
F01590,2022-R,0.175,1.001,False,True
F01591,2022-R,0.0,0.936,False,True
F01592,2022-R,0.0,1.034,False,True
F01593,2022-R,0.873,1.025,False,False
F01594,2022-R,0.0,1.034,False,True
F01595,2022-R,0.545,1.031,False,False
F01596,2022-R,0.0,0.999,False,True
F01597,2022-R,0.0,1.023,False,True
F01598,2022-R,0.0,1.026,False,True
F01599,2022-R,0.819,1.039,False,False
F01600,2022-R,0.0,1.039,False,True
F01601,2022-R,0.0,1.011,False,True
F01602,2022-R,0.0,0.945,False,True
F01603,2022-R,0.556,1.03,False,True
F01604,2022-R,0.0,1.031,False,True
F01605,2022-R,0.0,0.94,False,True
F01606,2022-R,0.827,0.934,False,False
F01607,2022-R,0.825,0.985,False,False
F01608,2022-R,0.0,0.989,False,True
F01609,2022-R,0.0,0.951,False,True
F01610,2022-R,0.827,1.001,False,False
F01611,2022-R,0.0,0.938,False,True
F01612,2022-R,0.821,0.993,False,False
F01613,2022-R,0.0,1.03,False,True
F01614,2022-R,0.0,0.964,False,True
F01615,2022-R,0.0,1.003,False,True
F01616,2022-R,0.0,0.955,False,True
F01617,2022-R,0.0,0.971,False,True
F01618,2022-R,0.0,0.989,False,True
F01619,2022-R,0.0,0.977,False,True
F01620,2022-R,0.0,1.005,False,True
F01621,2022-R,0.0,0.954,False,True
F01622,2022-R,0.0,0.958,False,True
F01623,2022-R,0.0,0.933,False,True
F01624,2022-R,0.0,0.955,False,True
F01625,2022-R,0.0,0.955,False,True
F01626,2022-R,0.0,0.969,False,True
F01627,2022-R,0.0,1.031,False,True
F01628,2022-R,0.0,1.002,False,True
F01629,2022-R,0.0,0.949,False,True
F01630,2022-R,0.0,1.027,False,True
F01631,2022-R,0.0,0.999,False,True
F01632,2022-R,0.0,1.03,False,True
F01633,2022-R,0.533,1.022,False,False
F01634,2022-R,0.0,0.986,False,True
F01635,2022-R,0.0,0.987,False,True
F01636,2022-R,0.751,0.998,False,False
F01637,2022-R,0.737,0.974,False,False
F01638,2022-R,0.758,0.979,False,False
F01639,2022-R,0.0,1.03,False,True
F01640,2022-R,0.581,1.006,False,False
F01641,2022-R,0.0,0.938,False,True
F01642,2022-R,0.788,0.957,False,False
F01643,2022-R,0.593,1.03,False,False
F01644,2022-R,0.0,1.031,False,True
F01645,2022-R,0.0,1.035,False,True
F01646,2022-R,0.0,0.96,False,True
F01647,2022-R,0.0,1.007,False,True
F01648,2022-R,0.0,0.953,False,True
F01649,2022-R,0.743,1.021,False,False
F01650,2022-R,0.478,0.939,False,False
F01651,2022-R,0.0,1.034,False,True
F01652,2022-R,0.0,0.981,False,True
F01653,2022-R,0.545,0.985,False,False
F01654,2022-R,0.214,0.959,False,False
F01655,2022-R,0.0,0.952,False,True
F01656,2022-R,0.0,0.984,False,True
F01657,2022-R,0.0,0.942,False,True
F01658,2022-R,0.799,1.037,False,False
F01659,2022-R,0.0,0.962,False,True
F01660,2022-R,0.783,0.973,False,False
F01661,2022-R,0.0,0.944,False,True
F01662,2022-R,0.548,0.978,False,False
F01663,2022-R,0.0,0.984,False,True
F01665,2022-R,0.0,0.935,False,True
F01666,2022-R,0.581,0.977,False,False
F01667,2022-R,0.0,0.948,False,True
F01668,2022-R,0.0,0.959,False,True
F01669,2022-R,0.0,0.955,False,True
F01670,2022-R,0.0,0.963,False,True
F01671,2022-R,0.589,0.959,False,False
F01672,2022-R,0.0,0.986,False,True
F01673,2022-R,0.0,1.004,False,True
F01674,2022-R,0.0,0.949,False,True
F01675,2022-R,0.815,1.0,False,False
F01676,2022-R,0.0,0.958,False,True
F01677,2022-R,0.0,0.968,False,True
F01678,2022-R,0.0,1.011,False,True
F01679,2022-R,0.0,1.038,False,True
F01680,2022-R,0.0,0.971,False,True
F01681,2022-R,0.0,1.002,False,True
F01682,2022-R,0.0,0.979,False,True
F01683,2022-R,0.0,1.014,False,True
F01684,2022-R,0.0,0.989,False,True
F01685,2022-R,0.0,1.036,False,True
F01686,2022-R,0.0,0.966,False,True
F01687,2022-R,0.827,1.001,False,False
F01688,2022-R,0.0,1.001,False,True
F01689,2022-R,0.0,1.018,False,True
F01690,2022-R,0.0,0.973,False,True
F01691,2022-R,0.0,0.93,False,True
F01692,2022-R,0.0,0.944,False,True
F01693,2022-R,0.471,0.948,False,False
F01694,2022-R,0.809,1.03,False,False
F01696,2022-R,0.887,0.965,False,False
F01697,2022-R,0.0,1.022,False,True
F01698,2022-R,0.0,0.953,False,True
F01699,2022-R,0.0,0.981,False,True
F01700,2022-R,0.0,0.972,False,True
F01701,2022-R,0.0,0.946,False,True
F01702,2022-R,0.892,0.935,False,False
F01703,2022-R,0.558,1.027,False,False
F01704,2022-R,0.0,1.009,False,True
F01705,2022-R,0.0,1.028,False,True
F01706,2022-R,0.873,0.99,False,False
F01707,2022-R,0.888,0.987,False,False
F01708,2022-R,0.0,1.019,False,True
F01709,2022-R,0.896,0.981,False,False
F01710,2022-R,0.0,0.941,False,True
F01711,2022-R,0.0,1.023,False,True
F01712,2022-R,0.0,0.952,False,True
F01713,2022-R,0.0,1.016,False,True
F01714,2022-R,0.823,1.005,False,False
F01715,2022-R,0.0,1.028,False,True
F01716,2022-R,0.0,0.93,False,True
F01717,2022-R,0.0,0.999,False,True
F01718,2022-R,0.826,1.033,False,False
F01719,2022-R,0.513,0.937,False,False
F01720,2022-R,0.0,1.017,False,True
F01721,2022-R,0.0,1.005,False,True
F01722,2022-R,0.765,0.98,False,False
F01723,2022-R,0.0,0.986,False,True
F01724,2022-R,0.82,0.948,False,False
F01725,2022-R,0.534,1.033,False,False
F01726,2022-R,0.0,1.027,False,True
F01727,2022-R,0.0,0.982,False,True
F01728,2022-R,0.0,0.935,False,True
F01729,2022-R,0.31,0.983,False,True
F01730,2022-R,0.793,1.021,False,False
F01731,2022-R,0.0,0.952,False,True
F01732,2022-R,0.816,0.992,False,False
F01733,2022-R,0.0,0.96,False,True
F01734,2022-R,0.0,0.952,False,True
F01735,2022-R,0.0,0.932,False,True
F01736,2022-R,0.0,0.955,False,True
F01737,2022-R,0.0,1.006,False,True
F01738,2022-R,0.0,0.963,False,True
F01739,2022-R,0.0,1.02,False,True
F01740,2022-R,0.886,0.981,False,False
F01741,2022-R,0.791,0.978,False,False
F01743,2022-R,0.0,1.0,False,True
F01744,2022-R,0.0,0.96,False,True
F01745,2022-R,0.0,0.991,False,True
F01746,2022-R,0.0,0.999,False,True
F01747,2022-R,0.81,0.998,False,False
F01748,2022-R,0.0,0.935,False,True
F01749,2022-R,0.0,0.96,False,True
F01750,2022-R,0.554,0.962,False,False
F01751,2022-R,0.0,0.992,False,True
F01752,2022-R,0.0,0.979,False,True
F01753,2022-R,0.787,0.993,False,False
F01754,2022-R,0.0,0.988,False,True
F01755,2022-R,0.0,1.022,False,True
F01756,2022-R,0.0,0.981,False,True
F01757,2022-R,0.0,0.958,False,True
F01758,2022-R,0.0,0.941,False,True
F01759,2022-R,0.0,0.932,False,True
F01760,2022-R,0.201,0.954,False,True
F01761,2022-R,0.0,0.99,False,True
F01763,2022-R,0.0,1.032,False,True
F01764,2022-R,0.0,1.036,False,True
F01765,2022-R,0.825,0.97,False,False
F01766,2022-R,0.0,1.013,False,True
F01767,2022-R,0.0,0.969,False,True
F01769,2022-R,0.0,1.038,False,True
F01770,2022-R,0.0,1.002,False,True
F01771,2022-R,0.0,1.009,False,True
F01772,2022-R,0.542,0.95,False,False
F01773,2022-R,0.0,0.991,False,True
F01774,2022-R,0.8,1.023,False,False
F01775,2022-R,0.0,1.033,False,True
F01776,2022-R,0.0,0.934,False,True
F01777,2022-R,0.0,0.994,False,True
F01779,2022-R,0.844,1.006,False,False
F01780,2022-R,0.0,0.985,False,True
F01781,2022-R,0.767,0.997,False,False
F01782,2022-R,0.505,1.021,False,False
F01783,2022-R,0.787,0.958,False,False
F01784,2022-R,0.885,0.962,False,False
F01786,2022-R,0.851,1.031,False,False
F01787,2022-R,0.751,0.97,False,False
F01788,2022-R,0.882,0.968,False,False
F01789,2022-R,0.0,1.001,False,True
F01790,2022-R,0.0,1.039,False,True
F01791,2022-R,0.9,1.016,False,False
F01792,2022-R,0.0,0.973,False,True
F01793,2022-R,0.0,0.954,False,True
F01794,2022-R,0.584,0.995,False,False
F01795,2022-R,0.0,1.022,False,True
F01796,2022-R,0.0,0.972,False,True
F01797,2022-R,0.0,0.958,False,True
F01798,2022-R,0.58,0.992,False,False
F01800,2022-R,0.507,0.958,False,True
F01801,2022-R,0.457,0.956,False,True
F01802,2022-R,0.0,0.984,False,True
F01803,2022-R,0.795,1.001,False,False
F01804,2022-R,0.0,0.999,False,True
F01805,2022-R,0.906,0.989,False,False
F01806,2022-R,0.913,0.965,False,False
F01807,2022-R,0.0,0.931,False,True
F01808,2022-R,0.842,1.017,False,False
F01809,2022-R,0.754,0.997,False,False
F01810,2022-R,0.0,0.999,False,True
F01812,2022-R,0.0,1.017,False,True
F01813,2022-R,0.0,0.931,False,True
F01814,2022-R,0.0,0.955,False,True
F01815,2022-R,0.718,0.975,False,False
F01816,2022-R,0.0,1.02,False,True
F01817,2022-R,0.816,0.959,False,False
F01818,2022-R,0.776,0.968,False,False
F01819,2022-R,0.0,0.98,False,True
F01820,2022-R,0.0,1.039,False,True
F01821,2022-R,0.0,1.018,False,True
F01822,2022-R,0.0,1.0,False,True
F01823,2022-R,0.884,0.961,False,False
F01824,2022-R,0.0,0.94,False,True
F01825,2022-R,0.873,1.012,False,False
F01826,2022-R,0.0,0.963,False,True
F01827,2022-R,0.0,1.014,False,True
F01828,2022-R,0.0,0.969,False,True
F01829,2022-R,0.598,0.934,False,False
F01830,2022-R,0.0,1.013,False,True
F01831,2022-R,0.75,1.02,False,False
F01832,2022-R,0.0,0.993,False,True
F01833,2022-R,0.824,0.951,False,False
F01834,2022-R,0.0,1.013,False,True
F01835,2022-R,0.0,1.012,False,True
F01837,2022-R,0.484,0.984,False,False
F01838,2022-R,0.811,1.038,False,False
F01839,2022-R,0.823,0.96,False,False
F01840,2022-R,0.0,0.939,False,True
F01841,2022-R,0.0,0.996,False,True
F01842,2022-R,0.805,0.934,False,False
F01843,2022-R,0.512,0.99,False,False
F01844,2022-R,0.311,0.954,False,True
F01845,2022-R,0.0,0.933,False,True
F01846,2022-R,0.201,0.987,False,True
F01847,2022-R,0.0,0.974,False,True
F01848,2022-R,0.83,1.018,False,False
F01849,2022-R,0.772,1.039,False,False
F01850,2022-R,0.0,0.991,False,True
F01851,2022-R,0.756,1.015,False,False
F01852,2022-R,0.829,1.003,False,False
F01853,2022-R,0.0,0.982,False,True
F01854,2022-R,0.0,1.019,False,True
F01855,2022-R,0.0,0.971,False,True
F01856,2022-R,0.0,0.952,False,True
F01857,2022-R,0.0,0.948,False,True
F01858,2022-R,0.475,0.988,False,False
F01859,2022-R,0.828,0.933,False,False
F01860,2022-R,0.0,0.957,False,True
F01861,2022-R,0.0,0.979,False,True
F01862,2022-R,0.0,0.973,False,True
F01863,2022-R,0.0,0.968,False,True
F01864,2022-R,0.0,1.032,False,True
F01865,2022-R,0.496,0.989,False,False
F01866,2022-R,0.808,0.94,False,False
F01867,2022-R,0.737,0.984,False,False
F01868,2022-R,0.0,0.96,False,True
F01869,2022-R,0.0,0.952,False,True
F01870,2022-R,0.0,1.001,False,True
F01871,2022-R,0.0,0.959,False,True
F01872,2022-R,0.0,0.977,False,True
F01873,2022-R,0.462,0.947,False,False
F01874,2022-R,0.0,0.98,False,True
F01875,2022-R,0.919,0.998,False,False
F01876,2022-R,0.926,0.951,False,False
F01877,2022-R,0.0,0.98,False,True
F01878,2022-R,0.76,1.021,False,False
F01879,2022-R,0.0,0.998,False,True
F01880,2022-R,0.88,1.009,False,False
F01881,2022-R,0.886,1.014,False,False
F01882,2022-R,0.914,0.95,False,True
F01883,2022-R,0.0,1.04,False,True
F01884,2022-R,0.0,0.951,False,True
F01885,2022-R,0.0,0.962,False,True
F01886,2022-R,0.79,1.031,False,False
F01887,2022-R,0.0,0.962,False,True
F01888,2022-R,0.0,1.004,False,True
F01889,2022-R,0.0,0.97,False,True
F01890,2022-R,0.559,1.033,False,False
F01891,2022-R,0.547,1.011,False,True
F01892,2022-R,0.0,1.026,False,True
F01893,2022-R,0.589,0.979,False,False
F01894,2022-R,0.0,0.999,False,True
F01895,2022-R,0.0,1.006,False,True
F01896,2022-R,0.0,1.028,False,True
F01897,2022-R,0.0,0.962,False,True
F01898,2022-R,0.0,0.956,False,True
F01899,2022-R,0.782,0.974,False,False
F01900,2022-R,0.0,0.997,False,True
F01901,2022-R,0.0,0.986,False,True
F01902,2022-R,0.0,1.003,False,True
F01903,2022-R,0.792,1.007,False,False
F01904,2022-R,0.0,0.99,False,True
F01905,2022-R,0.507,0.966,False,False
F01906,2022-R,0.0,1.032,False,True
F01907,2022-R,0.789,1.033,False,False
F01909,2022-R,0.487,1.012,False,False
F01910,2022-R,0.0,0.99,False,True
F01911,2022-R,0.0,1.004,False,True
F01912,2022-R,0.0,0.995,False,True
F01913,2022-R,0.475,1.001,False,False
F01914,2022-R,0.567,1.003,False,False
F01915,2022-R,0.889,0.957,False,False
F01916,2022-R,0.305,0.948,False,True
F01917,2022-R,0.765,0.966,False,False
F01918,2022-R,0.832,0.98,False,False
F01919,2022-R,0.0,0.975,False,True
F01920,2022-R,0.594,0.937,False,False
F01921,2022-R,0.745,1.018,False,False
F01922,2022-R,0.339,0.998,False,True
F01923,2022-R,0.0,0.964,False,True
F01924,2022-R,0.0,0.946,False,True
F01925,2022-R,0.0,0.949,False,True
F01926,2022-R,0.0,0.952,False,True
F01927,2022-R,0.0,0.979,False,True
F01928,2022-R,0.0,1.034,False,True
F01929,2022-R,0.564,0.973,False,False
F01930,2022-R,0.0,0.965,False,True
F01931,2022-R,0.0,0.974,False,True
F01932,2022-R,0.0,0.996,False,True
F01933,2022-R,0.48,1.025,False,False
F01934,2022-R,0.491,0.963,False,False
F01935,2022-R,0.0,0.982,False,True
F01936,2022-R,0.0,0.991,False,True
F01937,2022-R,0.873,0.933,False,False
F01938,2022-R,0.0,0.996,False,True
F01939,2022-R,0.553,0.954,False,False
F01940,2022-R,0.838,0.951,False,False
F01941,2022-R,0.0,0.958,False,True
F01942,2022-R,0.0,0.971,False,True
F01943,2022-R,0.0,1.011,False,True
F01944,2022-R,0.0,1.018,False,True
F01945,2022-R,0.0,0.97,False,True
F01946,2022-R,0.0,0.947,False,True
F01947,2022-R,0.0,1.026,False,True
F01948,2022-R,0.594,0.984,False,False
F01949,2022-R,0.53,0.968,False,True
F01950,2022-R,0.0,0.985,False,True
F01951,2022-R,0.0,1.013,False,True
F01952,2022-R,0.141,0.935,False,True
F01953,2022-R,0.0,1.038,False,True
F01954,2022-R,0.0,1.021,False,True
F01955,2022-R,0.0,0.948,False,True
F01956,2022-R,0.0,0.959,False,True
F01957,2022-R,0.0,0.955,False,True
F01958,2022-R,0.516,1.03,False,False
F01959,2022-R,0.794,0.98,False,False
F01960,2022-R,0.0,1.004,False,True
F01961,2022-R,0.0,0.937,False,True
F01962,2022-R,0.0,0.951,False,True
F01963,2022-R,0.0,1.012,False,True
F01964,2022-R,0.832,1.036,False,False
F01965,2022-R,0.0,0.959,False,True
F01966,2022-R,0.0,1.005,False,True
F01967,2022-R,0.0,0.991,False,True
F01969,2022-R,0.579,0.934,False,False
F01970,2022-R,0.0,0.973,False,True
F01971,2022-R,0.0,0.962,False,True
F01972,2022-R,0.0,1.017,False,True
F01973,2022-R,0.812,0.932,False,False
F01974,2022-R,0.519,0.946,False,False
F01975,2022-R,0.0,0.934,False,True
F01976,2022-R,0.0,0.932,False,True
F01977,2022-R,0.0,0.986,False,True
F01978,2022-R,0.8,1.019,False,False
F01979,2022-R,0.815,0.991,False,False
F01980,2022-R,0.0,1.037,False,True
F01981,2022-R,0.0,0.948,False,True
F01982,2022-R,0.0,1.024,False,True
F01983,2022-R,0.0,1.039,False,True
F01984,2022-R,0.0,1.01,False,True
F01985,2022-R,0.0,0.986,False,True
F01986,2022-R,0.829,1.029,False,False
F01987,2022-R,0.0,0.933,False,True
F01988,2022-R,0.0,1.016,False,True
F01989,2022-R,0.0,0.991,False,True
F01990,2022-R,0.5,1.017,False,False
F01991,2022-R,0.537,0.974,False,False
F01992,2022-R,0.0,1.039,False,True
F01993,2022-R,0.0,0.959,False,True
F01994,2022-R,0.734,1.022,False,False
F01995,2022-R,0.0,0.985,False,True
F01996,2022-R,0.0,0.984,False,True
F01997,2022-R,0.0,1.004,False,True
F01998,2022-R,0.818,0.946,False,False
F01999,2022-R,0.0,0.937,False,True
F02001,2022-R,0.0,0.942,False,True
F02002,2022-R,0.74,0.984,False,False
F02003,2022-R,0.0,0.948,False,True
F02004,2022-R,0.0,0.976,False,True
F02005,2022-R,0.0,0.978,False,True
F02006,2022-R,0.0,1.029,False,True
F02007,2022-R,0.0,1.021,False,True
F02008,2022-R,0.0,0.978,False,True
F02009,2022-R,0.0,0.971,False,True
F02010,2022-R,0.0,0.958,False,True
F02011,2022-R,0.0,1.005,False,True
F02012,2022-R,0.552,0.989,False,False
F02013,2022-R,0.821,1.015,False,False
F02014,2022-R,0.0,1.003,False,True
F02015,2022-R,0.0,0.964,False,True
F02016,2022-R,0.0,0.97,False,True
F02017,2022-R,0.0,0.991,False,True
F02018,2022-R,0.0,0.969,False,True
F02019,2022-R,0.0,0.957,False,True
F02020,2022-R,0.319,1.028,False,True
F02021,2022-R,0.896,0.933,False,False
F02022,2022-R,0.31,0.949,False,True
F02023,2022-R,0.0,0.974,False,True
F02025,2022-R,0.0,0.965,False,True
F02026,2022-R,0.81,0.994,False,False
F02027,2022-R,0.0,1.0,False,True
F02028,2022-R,0.0,0.981,False,True
F02029,2022-R,0.0,0.941,False,True
F02030,2022-R,0.0,0.994,False,True
F02031,2022-R,0.879,0.992,False,False
F02033,2022-R,0.0,0.975,False,True
F02034,2022-R,0.0,1.013,False,True
F02035,2022-R,0.866,0.939,False,False
F02036,2022-R,0.569,1.028,False,False
F02037,2022-R,0.0,1.033,False,True
F02038,2022-R,0.866,0.985,False,False
F02039,2022-R,0.0,1.007,False,True
F02040,2022-R,0.0,1.038,False,True
F02041,2022-R,0.734,0.947,False,False
F02042,2022-R,0.785,1.022,False,False
F02043,2022-R,0.0,0.962,False,True
F02044,2022-R,0.854,1.031,False,False
F02045,2022-R,0.0,1.004,False,True
F02046,2022-R,0.788,1.024,False,False
F02047,2022-R,0.0,1.009,False,True
F02048,2022-R,0.0,1.028,False,True
F02049,2022-R,0.73,0.996,False,False
F02050,2022-R,0.0,0.998,False,True
F02051,2022-R,0.0,0.976,False,True
F02052,2022-R,0.0,0.933,False,True
F02053,2022-R,0.729,0.948,False,False
F02055,2022-R,0.526,1.039,False,False
F02056,2022-R,0.0,0.963,False,True
F02057,2022-R,0.174,0.955,False,True
F02058,2022-R,0.0,1.028,False,True
F02059,2022-R,0.0,1.021,False,True
F02060,2022-R,0.831,0.947,False,False
F02061,2022-R,0.859,1.018,False,False
F02062,2022-R,0.0,0.963,False,True
F02063,2022-R,0.0,1.032,False,True
F02064,2022-R,0.622,0.947,False,False
F02065,2022-R,0.892,0.953,False,False
F02066,2022-R,0.836,1.024,False,False
F02067,2022-R,0.911,1.007,False,False
F02068,2022-R,0.801,0.998,False,False
F02069,2022-R,0.0,1.006,False,True
F02070,2022-R,0.0,1.005,False,True
F02071,2022-R,0.0,0.982,False,True
F02072,2022-R,0.0,1.033,False,True
F02073,2022-R,0.592,1.039,False,False
F02074,2022-R,0.0,0.959,False,True
F02075,2022-R,0.0,0.943,False,True
F02076,2022-R,0.887,0.982,False,False
F02077,2022-R,0.0,1.018,False,True
F02078,2022-R,0.0,0.985,False,True
F02079,2022-R,0.864,1.032,False,False
F02080,2022-R,0.869,0.967,False,False
F02081,2022-R,0.0,0.979,False,True
F02082,2022-R,0.0,0.999,False,True
F02083,2022-R,0.915,0.965,False,False
F02084,2022-R,0.0,0.991,False,True
F02085,2022-R,0.562,0.941,False,False
F02086,2022-R,0.344,0.943,False,True
F02087,2022-R,0.0,0.961,False,True
F02088,2022-R,0.911,0.949,False,False
F02089,2022-R,0.0,0.996,False,True
F02090,2022-R,0.885,0.967,False,False
F02091,2022-R,0.91,0.975,False,False
F02092,2022-R,0.903,0.961,False,False
F02093,2022-R,0.815,0.983,False,False
F02094,2022-R,0.0,0.986,False,True
F02095,2022-R,0.901,1.027,False,False
F02096,2022-R,0.89,0.939,False,False
F02097,2022-R,0.339,0.978,False,True
F02098,2022-R,0.0,0.964,False,True
F02099,2022-R,0.0,0.975,False,True
F02100,2022-R,0.0,0.97,False,True
F02101,2022-R,0.0,0.936,False,True
F02102,2022-R,0.0,0.951,False,True
F02103,2022-R,0.0,0.991,False,True
F02104,2022-R,0.773,0.98,False,False
F02105,2022-R,0.528,0.935,False,False
F02106,2022-R,0.516,0.952,False,False
F02107,2022-R,0.825,0.977,False,False
F02108,2022-R,0.595,1.002,False,False
F02109,2022-R,0.0,0.971,False,True
F02110,2022-R,0.0,1.012,False,True
F02111,2022-R,0.0,1.021,False,True
F02113,2022-R,0.0,0.972,False,True
F02114,2022-R,0.0,0.993,False,True
F02116,2022-R,0.0,0.961,False,True
F02117,2022-R,0.0,0.977,False,True
F02118,2022-R,0.0,1.015,False,True
F02119,2022-R,0.0,0.959,False,True
F02120,2022-R,0.0,1.012,False,True
F02121,2022-R,0.553,1.024,False,False
F02122,2022-R,0.0,0.983,False,True
F02123,2022-R,0.799,0.984,False,False
F02124,2022-R,0.0,1.006,False,True
F02125,2022-R,0.0,0.972,False,True
F02126,2022-R,0.0,0.981,False,True
F02127,2022-R,0.0,1.035,False,True
F02128,2022-R,0.564,0.953,False,False
F02129,2022-R,0.364,0.977,False,True
F02130,2022-R,0.0,1.012,False,True
F02131,2022-R,0.0,0.935,False,True
F02132,2022-R,0.0,0.988,False,True
F02133,2022-R,0.813,1.035,False,False
F02134,2022-R,0.0,1.038,False,True
F02135,2022-R,0.0,0.931,False,True
F02136,2022-R,0.0,0.999,False,True
F02137,2022-R,0.904,0.972,False,False
F02138,2022-R,0.418,1.01,False,False
F02139,2022-R,0.307,0.988,False,True
F02140,2022-R,0.0,0.942,False,True
F02141,2022-R,0.154,1.018,False,False
F02142,2022-R,0.0,0.96,False,True
F02143,2022-R,0.0,0.93,False,True
F02144,2022-R,0.883,1.026,False,False
F02145,2022-R,0.774,0.942,False,False
F02146,2022-R,0.898,1.012,False,False
F02147,2022-R,0.217,0.989,False,True
F02148,2022-R,0.0,1.021,False,True
F02149,2022-R,0.81,0.992,False,False
F02150,2022-R,0.0,0.991,False,True
F02151,2022-R,0.899,1.007,False,False
F02152,2022-R,0.0,1.001,False,True
F02153,2022-R,0.0,0.967,False,True
F02154,2022-R,0.81,1.036,False,False
F02155,2022-R,0.0,0.936,False,True
F02156,2022-R,0.825,1.037,False,False
F02157,2022-R,0.0,0.935,False,True
F02158,2022-R,0.918,0.958,False,False
F02159,2022-R,0.0,0.958,False,True
F02160,2022-R,0.0,1.037,False,True
F02161,2022-R,0.0,0.947,False,True
F02162,2022-R,0.733,0.979,False,False
F02163,2022-R,0.404,0.947,False,False
F02164,2022-R,0.0,0.981,False,True
F02165,2022-R,0.0,1.022,False,True
F02166,2022-R,0.0,1.038,False,True
F02167,2022-R,0.0,0.947,False,True
F02168,2022-R,0.581,0.965,False,False
F02169,2022-R,0.0,0.975,False,True
F02170,2022-R,0.0,1.022,False,True
F02172,2022-R,0.0,1.022,False,True
F02173,2022-R,0.0,0.974,False,True
F02174,2022-R,0.773,1.006,False,False
F02175,2022-R,0.0,0.943,False,True
F02176,2022-R,0.0,1.024,False,True
F02177,2022-R,0.0,0.938,False,True
F02178,2022-R,0.806,0.991,False,False
F02179,2022-R,0.0,0.949,False,True
F02180,2022-R,0.814,0.938,False,False
F02181,2022-R,0.195,1.014,False,True
F02182,2022-R,0.0,0.997,False,True
F02183,2022-R,0.0,0.939,False,True
F02184,2022-R,0.537,0.948,False,False
F02185,2022-R,0.742,1.016,False,True
F02186,2022-R,0.0,0.941,False,True
F02187,2022-R,0.0,1.029,False,True
F02188,2022-R,0.0,0.949,False,True
F02189,2022-R,0.761,0.979,False,False
F02190,2022-R,0.0,1.004,False,True
F02191,2022-R,0.215,1.03,False,True
F02192,2022-R,0.0,1.025,False,True
F02193,2022-R,0.0,0.953,False,True
F02195,2022-R,0.843,1.009,False,False
F02196,2022-R,0.509,0.942,False,False
F02197,2022-R,0.0,0.957,False,True
F02198,2022-R,0.0,0.999,False,True
F02199,2022-R,0.0,1.012,False,True
F02200,2022-R,0.0,1.023,False,True
F02201,2022-R,0.831,1.016,False,False
F02202,2022-R,0.581,0.983,False,False
F02203,2022-R,0.0,0.944,False,True
F02204,2022-R,0.0,0.987,False,True
F02205,2022-R,0.0,0.946,False,True
F02206,2022-R,0.0,0.953,False,True
F02207,2022-R,0.831,1.034,False,False
F02208,2022-R,0.556,0.994,False,False
F02209,2022-R,0.825,1.014,False,False
F02210,2022-R,0.32,1.038,False,True
F02211,2022-R,0.758,0.988,False,False
F02212,2022-R,0.0,0.997,False,True
F02214,2022-R,0.0,0.975,False,True
F02215,2022-R,0.0,1.019,False,True
F02216,2022-R,0.0,1.036,False,True
F02217,2022-R,0.754,1.025,False,False
F02218,2022-R,0.0,0.952,False,True
F02219,2022-R,0.0,1.03,False,True
F02220,2022-R,0.498,0.98,False,False
F02221,2022-R,0.0,0.936,False,True
F02222,2022-R,0.836,0.986,False,False
F02223,2022-R,0.0,0.933,False,True
F02224,2022-R,0.0,0.963,False,True
F02225,2022-R,0.832,0.99,False,False
F02226,2022-R,0.599,1.04,False,False
F02227,2022-R,0.838,1.034,False,False
F02228,2022-R,0.0,0.95,False,True
F02229,2022-R,0.0,1.033,False,True
F02231,2022-R,0.856,0.988,False,False
F02232,2022-R,0.0,0.941,False,True
F02233,2022-R,0.823,0.996,False,False
F02234,2022-R,0.769,0.954,False,False
F02235,2022-R,0.0,0.946,False,True
F02236,2022-R,0.0,1.036,False,True
F02237,2022-R,0.0,0.935,False,True
F02238,2022-R,0.0,0.961,False,True
F02239,2022-R,0.736,1.021,False,False
F02240,2022-R,0.0,0.971,False,True
F02241,2022-R,0.0,0.945,False,True
F02242,2022-R,0.541,0.946,False,False
F02243,2022-R,0.857,1.035,False,False
F02244,2022-R,0.84,1.037,False,False
F02245,2022-R,0.786,0.962,False,False
F02246,2022-R,0.0,1.008,False,True
F02247,2022-R,0.0,1.021,False,True
F02248,2022-R,0.858,0.984,False,False
F02249,2022-R,0.0,1.011,False,True
F02250,2022-R,0.563,0.971,False,False
F02251,2022-R,0.284,0.978,False,True
F02252,2022-R,0.82,0.98,False,False
F02253,2022-R,0.0,1.009,False,True
F02254,2022-R,0.0,0.999,False,True
F02255,2022-R,0.0,0.957,False,True
F02256,2022-R,0.0,0.99,False,True
F02257,2022-R,0.0,0.969,False,True
F02258,2022-R,0.0,0.977,False,True
F02259,2022-R,0.0,1.022,False,True
F02261,2022-R,0.869,1.037,False,False
F02262,2022-R,0.773,0.957,False,False
F02263,2022-R,0.763,0.992,False,False
F02264,2022-R,0.0,1.033,False,True
F02265,2022-R,0.0,0.976,False,True
F02266,2022-R,0.774,0.976,False,False
F02267,2022-R,0.0,1.009,False,True
F02268,2022-R,0.0,1.024,False,True
F02269,2022-R,0.0,1.01,False,True
F02270,2022-R,0.744,0.997,False,False
F02271,2022-R,0.0,1.032,False,True
F02272,2022-R,0.519,1.018,False,False
F02273,2022-R,0.83,0.947,False,False
F02274,2022-R,0.881,1.019,False,False
F02275,2022-R,0.736,0.981,False,False
F02276,2022-R,0.0,0.985,False,True
F02277,2022-R,0.0,1.03,False,True
F02278,2022-R,0.0,0.972,False,True
F02279,2022-R,0.83,0.973,False,False
F02280,2022-R,0.757,0.993,False,False
F02281,2022-R,0.725,1.024,False,False
F02282,2022-R,0.0,1.004,False,True
F02283,2022-R,0.0,1.039,False,True
F02285,2022-R,0.89,0.988,False,False
F02286,2022-R,0.0,0.961,False,True
F02287,2022-R,0.771,0.958,False,False
F02288,2022-R,0.0,1.018,False,True
F02289,2022-R,0.511,1.012,False,False
F02290,2022-R,0.0,0.989,False,True
F02291,2022-R,0.0,1.016,False,True
F02292,2022-R,0.899,0.953,False,False
F02293,2022-R,0.786,0.992,False,False
F02294,2022-R,0.918,0.99,False,False
F02295,2022-R,0.0,0.979,False,True
F02296,2022-R,0.845,0.945,False,False
F02297,2022-R,0.0,0.979,False,True
F02298,2022-R,0.536,0.968,False,False
F02299,2022-R,0.498,1.023,False,False
F02300,2022-R,0.796,1.033,False,False
F02301,2022-R,0.755,0.942,False,False
F02302,2022-R,0.691,1.039,False,False
F02303,2022-R,0.0,1.015,False,True
F02304,2022-R,0.769,1.021,False,False
F02305,2022-R,0.565,1.01,False,False
F02306,2022-R,0.593,0.942,False,False
F02307,2022-R,0.786,0.953,False,False
F02308,2022-R,0.783,0.96,False,False
F02309,2022-R,0.511,0.946,False,False
F02310,2022-R,0.881,1.002,False,False
F02311,2022-R,0.0,1.017,False,True
F02312,2022-R,0.0,0.982,False,True
F02313,2022-R,0.522,0.938,False,False
F02314,2022-R,0.0,0.955,False,True
F02315,2022-R,0.0,0.964,False,True
F02316,2022-R,0.713,1.007,False,False
F02317,2022-R,0.0,0.981,False,True
F02318,2022-R,0.0,0.995,False,True
F02319,2022-R,0.0,0.981,False,True
F02320,2022-R,0.0,0.95,False,True
F02321,2022-R,0.0,1.025,False,True
F02322,2022-R,0.0,0.998,False,True
F02323,2022-R,0.723,0.959,False,False
F02324,2022-R,0.0,0.938,False,True
F02325,2022-R,0.566,0.961,False,False
F02326,2022-R,0.0,0.956,False,True
F02327,2022-R,0.0,0.959,False,True
F02328,2022-R,0.476,1.036,False,False
F02329,2022-R,0.0,0.94,False,True
F02330,2022-R,0.0,0.972,False,True
F02331,2022-R,0.0,0.952,False,True
F02332,2022-R,0.0,0.949,False,True
F02333,2022-R,0.585,0.947,False,False
F02334,2022-R,0.353,0.97,False,True
F02335,2022-R,0.0,0.946,False,True
F02336,2022-R,0.228,1.028,False,True
F02337,2022-R,0.0,0.974,False,True
F02338,2022-R,0.814,1.024,False,False
F02339,2022-R,0.553,0.948,False,False
F02340,2022-R,0.814,0.973,False,False
F02341,2022-R,0.915,1.004,False,False
F02342,2022-R,0.491,0.97,False,False
F02343,2022-R,0.0,0.986,False,True
F02344,2022-R,0.0,0.958,False,True
F02345,2022-R,0.662,0.957,False,False
F02346,2022-R,0.0,1.009,False,True
F02347,2022-R,0.0,0.978,False,True
F02348,2022-R,0.46,0.97,False,False
F02349,2022-R,0.526,1.015,False,False
F02350,2022-R,0.0,0.973,False,True
F02351,2022-R,0.0,0.946,False,True
F02352,2022-R,0.325,0.97,False,True
F02353,2022-R,0.0,1.004,False,True
F02354,2022-R,0.0,0.944,False,True
F02355,2022-R,0.0,0.938,False,True
F02356,2022-R,0.374,1.009,False,True
F02357,2022-R,0.0,0.991,False,True
F02358,2022-R,0.218,1.02,False,True
F02359,2022-R,0.0,0.94,False,True
F02360,2022-R,0.887,0.959,False,False
F02361,2022-R,0.0,0.999,False,True
F02362,2022-R,0.0,1.031,False,True
F02363,2022-R,0.786,0.982,False,False
F02364,2022-R,0.0,0.948,False,True
F02365,2022-R,0.566,1.005,False,False
F02366,2022-R,0.849,0.944,False,False
F02367,2022-R,0.575,1.013,False,False
F02368,2022-R,0.475,1.014,False,False
F02369,2022-R,0.488,0.994,False,False
F02370,2022-R,0.0,0.933,False,True
F02371,2022-R,0.837,0.956,False,False
F02372,2022-R,0.539,1.011,False,False
F02373,2022-R,0.0,0.997,False,True
F02374,2022-R,0.565,0.938,False,False
F02375,2022-R,0.0,0.963,False,True
F02376,2022-R,0.0,1.012,False,True
F02377,2022-R,0.0,1.039,False,True
F02378,2022-R,0.0,0.976,False,True
F02379,2022-R,0.0,1.015,False,True
F02380,2022-R,0.0,0.981,False,True
F02381,2022-R,0.0,0.931,False,True
F02382,2022-R,0.804,1.018,False,False
F02383,2022-R,0.792,0.983,False,False
F02384,2022-R,0.0,0.989,False,True
F02385,2022-R,0.718,1.016,False,False
F02386,2022-R,0.497,0.98,False,False
F02387,2022-R,0.0,0.98,False,True
F02388,2022-R,0.27,1.013,False,True
F02389,2022-R,0.0,0.931,False,True
F02390,2022-R,0.708,1.019,False,False
F02391,2022-R,0.821,1.029,False,False
F02392,2022-R,0.766,1.0,False,False
F02393,2022-R,0.0,0.987,False,True
F02394,2022-R,0.489,1.0,False,False
F02395,2022-R,0.0,0.994,False,True
F02396,2022-R,0.47,0.986,False,False
F02397,2022-R,0.865,1.016,False,False
F02398,2022-R,0.696,0.978,False,False
F02399,2022-R,0.0,1.011,False,True
F02400,2022-R,0.679,0.965,False,False
F02401,2022-R,0.387,0.99,False,True
F02402,2022-R,0.0,1.027,False,True
F02403,2022-R,0.0,1.004,False,True
F02404,2022-R,0.0,0.943,False,True
F02405,2022-R,0.469,1.006,False,False
F02406,2022-R,0.815,0.937,False,False
F02407,2022-R,0.547,0.996,False,False
F02408,2022-R,0.327,0.964,False,True
F02409,2022-R,0.0,1.035,False,True
F02410,2022-R,0.0,0.936,False,True
F02411,2022-R,0.0,1.023,False,True
F02412,2022-R,0.834,0.995,False,False
F02413,2022-R,0.0,0.944,False,True
F02414,2022-R,0.0,1.002,False,True
F02415,2022-R,0.0,1.028,False,True
F02416,2022-R,0.0,0.974,False,True
F02417,2022-R,0.451,0.932,False,False
F02418,2022-R,0.784,0.932,False,False
F02419,2022-R,0.536,1.015,False,False
F02420,2022-R,0.459,0.947,False,False
F02421,2022-R,0.0,1.021,False,True
F02422,2022-R,0.788,1.015,False,False
F02423,2022-R,0.514,0.963,False,False
F02424,2022-R,0.0,0.961,False,True
F02425,2022-R,0.752,0.935,False,False
F02426,2022-R,0.478,0.96,False,False
F02427,2022-R,0.0,0.996,False,True
F02428,2022-R,0.721,1.033,False,False
F02429,2022-R,0.566,0.992,False,False
F02430,2022-R,0.74,1.031,False,False
F02431,2022-R,0.229,1.034,False,True
F02432,2022-R,0.574,1.019,False,True
F02433,2022-R,0.0,0.941,False,True
F02434,2022-R,0.633,0.981,False,False
F02435,2022-R,0.495,0.991,False,False
F02436,2022-R,0.0,1.003,False,True
F02437,2022-R,0.309,1.038,False,True
F02438,2022-R,0.0,0.977,False,True
F02439,2022-R,0.769,0.959,False,False
F02440,2022-R,0.758,0.933,False,False
F02441,2022-R,0.819,0.979,False,False
F02442,2022-R,0.8,0.972,False,False
F02443,2022-R,0.0,0.966,False,True
F02444,2022-R,0.781,1.032,False,False
F02445,2022-R,0.913,1.03,False,False
F02446,2022-R,0.0,1.033,False,True
F02447,2022-R,0.0,1.035,False,True
F02448,2022-R,0.0,0.961,False,True
F02449,2022-R,0.0,0.968,False,True
F02450,2022-R,0.705,0.97,False,False
F02451,2022-R,0.676,0.94,False,False
F02452,2022-R,0.787,0.941,False,False
F02453,2022-R,0.533,0.977,False,False
F02454,2022-R,0.675,0.957,False,False
F02455,2022-R,0.0,0.95,False,True
F02456,2022-R,0.302,0.98,False,True
F02457,2022-R,0.535,0.956,False,False
F02458,2022-R,0.488,0.936,False,False
F02459,2022-R,0.222,1.028,False,True
F02460,2022-R,0.903,0.984,False,False
F02461,2022-R,0.691,0.942,False,False
F02462,2022-R,0.0,0.991,False,True
F02463,2022-R,0.0,0.976,False,True
F02464,2022-R,0.32,1.037,False,False
F02465,2022-R,0.781,0.995,False,False
F02466,2022-R,0.831,0.953,False,False
F02467,2022-R,0.0,0.983,False,True
F02468,2022-R,0.734,1.037,False,False
F02469,2022-R,0.541,1.005,False,False
F02470,2022-R,0.331,0.976,False,True
F02471,2022-R,0.786,1.029,False,False
F02472,2022-R,0.463,1.026,False,False
F02473,2022-R,0.464,0.946,False,False
F02474,2022-R,0.522,1.01,False,False
F02475,2022-R,0.777,0.932,False,False
F02476,2022-R,0.0,1.035,False,True
F02477,2022-R,0.0,0.947,False,True
F02478,2022-R,0.742,0.942,False,False
F02479,2022-R,0.503,0.941,False,False
F02480,2022-R,0.226,0.954,False,True
F02481,2022-R,0.589,0.959,False,False
F02482,2022-R,0.0,0.95,False,True
F02483,2022-R,0.494,1.004,False,False
F02484,2022-R,0.241,0.958,False,True
F02486,2022-R,0.552,0.977,False,False
F02487,2022-R,0.465,0.957,False,False
F02488,2022-R,0.716,0.956,False,False
F02489,2022-R,0.591,0.952,False,False
F02490,2022-R,0.0,1.007,False,True
F02491,2022-R,0.619,1.029,False,False
F02492,2022-R,0.68,0.937,False,False
F02493,2022-R,0.38,0.933,False,True
F02494,2022-R,0.563,1.005,False,False
F02495,2022-R,0.301,0.99,False,True
F02496,2022-R,0.663,0.948,False,False
F02497,2022-R,0.531,0.983,False,False
F02498,2022-R,0.636,0.934,False,False
F02499,2022-R,0.68,1.038,False,False
F02500,2022-R,0.585,0.966,False,False
F02501,2022-R,0.534,0.961,False,False
F02502,2022-R,0.695,0.992,False,False
F02503,2022-R,0.655,0.94,False,False
F02504,2022-R,0.851,0.949,False,False
F02505,2022-R,0.263,1.031,False,True
F02506,2022-R,0.474,0.976,False,False
F02507,2022-R,0.806,1.031,False,False
F02508,2022-R,0.508,0.976,False,False
F02509,2022-R,0.343,0.99,False,True
F02510,2022-R,0.506,1.006,False,False
F02511,2022-R,0.438,1.023,False,False
F02512,2022-R,0.725,1.002,False,False
F02513,2022-R,0.725,0.971,False,False
F02514,2022-R,0.538,0.942,False,False
F02515,2022-R,0.764,1.029,False,False
F02516,2022-R,0.787,0.986,False,False
F02517,2022-R,0.617,0.957,False,False
F02518,2022-R,0.387,0.983,False,True
F02519,2022-R,0.406,0.938,False,False
F02520,2022-R,0.478,1.007,False,False
F02521,2022-R,0.077,1.004,False,True
F02522,2022-R,0.758,0.966,False,False
F02523,2022-R,0.304,1.002,False,True
F02524,2022-R,0.235,0.981,False,True
F02525,2022-R,0.557,1.014,False,False
F02526,2022-R,0.636,1.034,False,True
F02527,2022-R,0.824,1.018,False,False
F02528,2022-R,0.19,0.94,False,True
F02529,2022-R,0.616,0.979,False,False
F02530,2022-R,0.29,1.027,False,True
F02531,2022-R,0.797,0.962,False,False
F01001,2023-K,0.0,0.921,False,True
F01002,2023-K,0.0,1.003,False,True
F01003,2023-K,0.567,1.025,False,False
F01004,2023-K,0.0,0.93,False,True
F01005,2023-K,0.198,1.007,False,True
F01006,2023-K,0.0,1.001,False,True
F01007,2023-K,0.0,0.959,False,True
F01008,2023-K,0.788,1.014,False,False
F01009,2023-K,0.816,0.977,False,False
F01010,2023-K,0.0,0.999,False,True
F01011,2023-K,0.0,1.005,False,True
F01012,2023-K,0.0,0.938,False,True
F01013,2023-K,0.592,1.034,False,False
F01014,2023-K,0.0,0.985,False,True
F01015,2023-K,0.0,1.021,False,True
F01016,2023-K,0.0,0.993,False,True
F01017,2023-K,0.0,0.981,False,True
F01018,2023-K,0.0,0.935,False,True
F01020,2023-K,0.488,0.949,False,False
F01021,2023-K,0.795,1.057,False,False
F01023,2023-K,0.826,1.04,False,False
F01024,2023-K,0.0,0.96,False,True
F01025,2023-K,0.0,0.926,False,True
F01027,2023-K,0.0,1.056,False,True
F01028,2023-K,0.0,1.027,False,True
F01029,2023-K,0.57,1.03,False,False
F01030,2023-K,0.212,1.048,False,True
F01031,2023-K,0.0,1.022,False,True
F01032,2023-K,0.304,1.024,False,True
F01033,2023-K,0.0,1.022,False,True
F01034,2023-K,0.0,1.044,False,True
F01035,2023-K,0.827,1.007,False,False
F01036,2023-K,0.825,0.983,False,False
F01037,2023-K,0.81,1.033,False,False
F01038,2023-K,0.0,0.981,False,True
F01039,2023-K,0.0,1.023,False,True
F01040,2023-K,0.0,0.941,False,True
F01041,2023-K,0.0,1.05,False,True
F01042,2023-K,0.0,0.984,False,True
F01043,2023-K,0.0,0.979,False,True
F01044,2023-K,0.799,0.942,False,False
F01045,2023-K,0.0,0.953,False,True
F01046,2023-K,0.0,0.997,False,True
F01047,2023-K,0.0,1.039,False,True
F01048,2023-K,0.816,0.986,False,False
F01049,2023-K,0.0,0.934,False,True
F01050,2023-K,0.795,1.057,False,False
F01051,2023-K,0.493,1.054,False,False
F01052,2023-K,0.0,1.059,False,True
F01053,2023-K,0.0,1.022,False,True
F01054,2023-K,0.0,0.941,False,True
F01055,2023-K,0.326,1.039,False,False
F01056,2023-K,0.0,1.002,False,True
F01057,2023-K,0.297,0.988,False,True
F01058,2023-K,0.0,0.987,False,True
F01059,2023-K,0.0,0.972,False,True
F01060,2023-K,0.0,0.981,False,True
F01061,2023-K,0.0,0.961,False,True
F01062,2023-K,0.0,0.959,False,True
F01063,2023-K,0.0,0.93,False,True
F01064,2023-K,0.793,0.987,False,False
F01066,2023-K,0.0,0.926,False,True
F01067,2023-K,0.0,0.929,False,True
F01068,2023-K,0.0,1.04,False,True
F01069,2023-K,0.0,1.025,False,True
F01070,2023-K,0.0,1.021,False,True
F01071,2023-K,0.575,0.969,False,False
F01072,2023-K,0.0,1.054,False,True
F01073,2023-K,0.0,0.978,False,True
F01074,2023-K,0.0,0.94,False,True
F01075,2023-K,0.0,0.979,False,True
F01076,2023-K,0.0,1.042,False,True
F01077,2023-K,0.0,0.987,False,True
F01078,2023-K,0.0,0.935,False,True
F01079,2023-K,0.559,1.032,False,False
F01080,2023-K,0.0,1.023,False,True
F01081,2023-K,0.884,0.956,False,False
F01082,2023-K,0.8,0.967,False,False
F01083,2023-K,0.0,0.956,False,True
F01084,2023-K,0.0,1.038,False,True
F01085,2023-K,0.0,1.058,False,True
F01086,2023-K,0.0,1.015,False,True
F01087,2023-K,0.0,1.035,False,True
F01088,2023-K,0.328,1.008,False,True
F01089,2023-K,0.0,0.979,False,True
F01090,2023-K,0.0,1.018,False,True
F01091,2023-K,0.0,1.015,False,True
F01092,2023-K,0.571,1.016,False,False
F01093,2023-K,0.0,1.024,False,True
F01094,2023-K,0.0,0.969,False,True
F01095,2023-K,0.0,0.973,False,True
F01096,2023-K,0.0,1.014,False,True
F01097,2023-K,0.0,1.018,False,True
F01098,2023-K,0.751,0.981,False,False
F01099,2023-K,0.0,0.943,False,True
F01100,2023-K,0.0,1.006,False,True
F01101,2023-K,0.0,0.947,False,True
F01102,2023-K,0.0,0.935,False,True
F01103,2023-K,0.0,0.925,False,True
F01104,2023-K,0.906,0.977,False,False
F01105,2023-K,0.906,1.008,False,False
F01106,2023-K,0.0,0.978,False,True
F01107,2023-K,0.885,0.937,False,False
F01108,2023-K,0.0,1.025,False,True
F01109,2023-K,0.0,1.038,False,True
F01110,2023-K,0.899,0.976,False,False
F01111,2023-K,0.887,1.015,False,False
F01112,2023-K,0.904,1.056,False,False
F01113,2023-K,0.0,0.943,False,True
F01114,2023-K,0.571,0.966,False,False
F01115,2023-K,0.0,1.016,False,True
F01116,2023-K,0.881,0.995,False,False
F01117,2023-K,0.207,1.056,False,True
F01118,2023-K,0.0,1.026,False,True
F01119,2023-K,0.0,0.977,False,True
F01120,2023-K,0.859,0.934,False,False
F01121,2023-K,0.547,1.001,False,False
F01122,2023-K,0.598,1.046,False,False
F01123,2023-K,0.0,0.934,False,True
F01124,2023-K,0.0,0.988,False,True
F01125,2023-K,0.0,1.053,False,True
F01126,2023-K,0.0,0.96,False,True
F01127,2023-K,0.0,1.023,False,True
F01128,2023-K,0.0,1.017,False,True
F01129,2023-K,0.0,1.042,False,True
F01130,2023-K,0.0,0.989,False,True
F01131,2023-K,0.801,1.015,False,False
F01132,2023-K,0.0,1.037,False,True
F01133,2023-K,0.51,1.055,False,False
F01134,2023-K,0.0,1.027,False,True
F01135,2023-K,0.0,1.03,False,True
F01136,2023-K,0.0,1.032,False,True
F01137,2023-K,0.0,1.047,False,True
F01138,2023-K,0.0,1.043,False,True
F01139,2023-K,0.843,1.007,False,False
F01140,2023-K,0.0,1.052,False,True
F01141,2023-K,0.836,0.921,False,False
F01142,2023-K,0.52,0.939,False,True
F01143,2023-K,0.0,0.969,False,True
F01144,2023-K,0.0,0.94,False,True
F01145,2023-K,0.0,1.005,False,True
F01146,2023-K,0.0,0.951,False,True
F01147,2023-K,0.822,0.961,False,False
F01149,2023-K,0.0,1.005,False,True
F01150,2023-K,0.0,0.948,False,True
F01151,2023-K,0.824,0.997,False,False
F01152,2023-K,0.806,1.057,False,False
F01153,2023-K,0.843,0.986,False,False
F01154,2023-K,0.0,0.968,False,True
F01155,2023-K,0.19,1.041,False,True
F01156,2023-K,0.0,1.022,False,True
F01157,2023-K,0.0,0.989,False,True
F01158,2023-K,0.559,0.949,False,False
F01159,2023-K,0.0,0.966,False,True
F01160,2023-K,0.79,0.923,False,False
F01161,2023-K,0.0,0.999,False,True
F01162,2023-K,0.0,0.973,False,True
F01163,2023-K,0.817,1.023,False,False
F01164,2023-K,0.797,1.047,False,False
F01165,2023-K,0.82,1.045,False,False
F01166,2023-K,0.0,0.968,False,True
F01167,2023-K,0.0,0.986,False,True
F01168,2023-K,0.0,0.985,False,True
F01169,2023-K,0.815,1.013,False,False
F01170,2023-K,0.808,1.035,False,False
F01171,2023-K,0.813,1.054,False,False
F01173,2023-K,0.0,0.984,False,True
F01174,2023-K,0.0,1.054,False,True
F01175,2023-K,0.0,0.935,False,True
F01176,2023-K,0.551,0.967,False,False
F01177,2023-K,0.0,1.043,False,True
F01178,2023-K,0.0,1.058,False,True
F01179,2023-K,0.855,0.948,False,False
F01180,2023-K,0.0,1.031,False,True
F01181,2023-K,0.0,0.991,False,True
F01182,2023-K,0.0,1.036,False,True
F01183,2023-K,0.0,1.005,False,True
F01184,2023-K,0.0,1.011,False,True
F01185,2023-K,0.0,0.974,False,True
F01186,2023-K,0.0,0.982,False,True
F01187,2023-K,0.0,0.944,False,True
F01188,2023-K,0.0,1.041,False,True
F01190,2023-K,0.0,0.966,False,True
F01191,2023-K,0.531,1.028,False,False
F01192,2023-K,0.0,0.96,False,True
F01193,2023-K,0.789,0.997,False,False
F01194,2023-K,0.0,0.94,False,True
F01196,2023-K,0.0,1.033,False,True
F01197,2023-K,0.0,0.995,False,True
F01198,2023-K,0.0,1.013,False,True
F01199,2023-K,0.598,1.007,False,False
F01200,2023-K,0.0,1.042,False,True
F01201,2023-K,0.0,0.966,False,True
F01202,2023-K,0.0,1.008,False,True
F01203,2023-K,0.873,0.961,False,False
F01204,2023-K,0.0,0.973,False,True
F01205,2023-K,0.0,1.027,False,True
F01206,2023-K,0.0,0.957,False,True
F01207,2023-K,0.882,0.975,False,False
F01208,2023-K,0.0,1.025,False,True
F01209,2023-K,0.0,1.014,False,True
F01210,2023-K,0.0,1.057,False,True
F01211,2023-K,0.0,0.965,False,True
F01212,2023-K,0.0,0.991,False,True
F01213,2023-K,0.0,0.927,False,True
F01214,2023-K,0.0,1.031,False,True
F01215,2023-K,0.0,1.003,False,True
F01216,2023-K,0.926,1.049,False,False
F01217,2023-K,0.0,0.944,False,True
F01218,2023-K,0.0,0.973,False,True
F01219,2023-K,0.56,1.018,False,False
F01220,2023-K,0.0,1.035,False,True
F01221,2023-K,0.0,0.92,False,True
F01222,2023-K,0.0,0.946,False,True
F01223,2023-K,0.928,0.926,False,False
F01224,2023-K,0.0,1.02,False,True
F01225,2023-K,0.0,0.947,False,True
F01226,2023-K,0.929,1.045,False,False
F01227,2023-K,0.539,0.98,False,True
F01228,2023-K,0.182,0.979,False,True
F01229,2023-K,0.0,1.025,False,True
F01230,2023-K,0.0,0.961,False,True
F01231,2023-K,0.0,0.931,False,True
F01232,2023-K,0.0,1.054,False,True
F01233,2023-K,0.0,1.034,False,True
F01234,2023-K,0.0,0.941,False,True
F01235,2023-K,0.488,0.962,False,False
F01236,2023-K,0.853,0.922,False,False
F01237,2023-K,0.0,0.995,False,True
F01238,2023-K,0.327,1.012,False,True
F01239,2023-K,0.0,1.054,False,True
F01240,2023-K,0.0,0.962,False,True
F01242,2023-K,0.0,1.048,False,True
F01243,2023-K,0.0,0.93,False,True
F01244,2023-K,0.0,0.941,False,True
F01245,2023-K,0.0,1.021,False,True
F01246,2023-K,0.0,1.049,False,True
F01247,2023-K,0.0,1.01,False,True
F01249,2023-K,0.856,1.035,False,False
F01250,2023-K,0.0,1.04,False,True
F01251,2023-K,0.0,0.982,False,True
F01252,2023-K,0.0,1.022,False,True
F01253,2023-K,0.0,0.974,False,True
F01255,2023-K,0.0,0.972,False,True
F01256,2023-K,0.0,1.006,False,True
F01257,2023-K,0.0,0.934,False,True
F01258,2023-K,0.0,1.018,False,True
F01259,2023-K,0.0,0.993,False,True
F01260,2023-K,0.0,0.989,False,True
F01261,2023-K,0.0,1.059,False,True
F01262,2023-K,0.0,1.032,False,True
F01263,2023-K,0.785,0.925,False,False
F01264,2023-K,0.782,0.945,False,False
F01265,2023-K,0.0,1.01,False,True
F01266,2023-K,0.0,1.044,False,True
F01267,2023-K,0.0,1.046,False,True
F01268,2023-K,0.0,1.008,False,True
F01269,2023-K,0.0,0.996,False,True
F01270,2023-K,0.0,0.974,False,True
F01271,2023-K,0.0,1.041,False,True
F01272,2023-K,0.0,0.978,False,True
F01273,2023-K,0.0,1.054,False,True
F01274,2023-K,0.742,0.944,False,False
F01275,2023-K,0.533,0.983,False,False
F01276,2023-K,0.0,1.019,False,True
F01277,2023-K,0.0,1.052,False,True
F01278,2023-K,0.0,0.943,False,True
F01279,2023-K,0.0,1.038,False,True
F01280,2023-K,0.794,1.045,False,False
F01281,2023-K,0.0,0.973,False,True
F01282,2023-K,0.0,1.017,False,True
F01283,2023-K,0.5,0.951,False,False
F01284,2023-K,0.0,1.012,False,True
F01285,2023-K,0.521,1.021,False,False
F01286,2023-K,0.0,0.948,False,True
F01287,2023-K,0.0,1.055,False,True
F01288,2023-K,0.869,0.943,False,False
F01289,2023-K,0.0,0.936,False,True
F01290,2023-K,0.0,0.971,False,True
F01291,2023-K,0.0,0.975,False,True
F01292,2023-K,0.867,0.972,False,False
F01293,2023-K,0.481,0.953,False,False
F01295,2023-K,0.0,0.945,False,True
F01296,2023-K,0.815,0.977,False,False
F01297,2023-K,0.594,0.948,False,False
F01298,2023-K,0.0,1.02,False,True
F01299,2023-K,0.0,0.948,False,True
F01300,2023-K,0.0,1.049,False,True
F01301,2023-K,0.341,0.956,False,True
F01302,2023-K,0.0,0.932,False,True
F01303,2023-K,0.0,0.941,False,True
F01304,2023-K,0.0,0.926,False,True
F01306,2023-K,0.0,1.013,False,True
F01307,2023-K,0.341,1.045,False,False
F01308,2023-K,0.899,1.057,False,False
F01309,2023-K,0.0,1.057,False,True
F01310,2023-K,0.0,1.005,False,True
F01311,2023-K,0.564,1.05,False,False
F01312,2023-K,0.887,1.0,False,False
F01313,2023-K,0.0,0.95,False,True
F01314,2023-K,0.0,1.034,False,True
F01315,2023-K,0.0,1.03,False,True
F01316,2023-K,0.0,0.999,False,True
F01317,2023-K,0.728,0.924,False,False
F01318,2023-K,0.0,1.028,False,True
F01319,2023-K,0.883,0.945,False,False
F01320,2023-K,0.489,1.031,False,False
F01321,2023-K,0.0,1.049,False,True
F01322,2023-K,0.0,1.016,False,True
F01323,2023-K,0.0,1.06,False,True
F01324,2023-K,0.0,1.034,False,True
F01326,2023-K,0.0,0.976,False,True
F01329,2023-K,0.914,1.045,False,False
F01330,2023-K,0.0,0.954,False,True
F01331,2023-K,0.911,1.059,False,False
F01332,2023-K,0.0,1.052,False,True
F01333,2023-K,0.0,0.927,False,True
F01334,2023-K,0.0,1.0,False,True
F01336,2023-K,0.0,1.055,False,True
F01337,2023-K,0.0,0.931,False,True
F01338,2023-K,0.0,1.03,False,True
F01339,2023-K,0.0,0.958,False,True
F01340,2023-K,0.591,0.927,False,False
F01341,2023-K,0.0,1.051,False,True
F01342,2023-K,0.0,1.018,False,True
F01344,2023-K,0.0,1.016,False,True
F01347,2023-K,0.588,1.036,False,False
F01348,2023-K,0.506,0.953,False,False
F01349,2023-K,0.0,0.927,False,True
F01350,2023-K,0.873,0.925,False,False
F01351,2023-K,0.0,1.043,False,True
F01352,2023-K,0.907,0.969,False,False
F01353,2023-K,0.0,0.973,False,True
F01354,2023-K,0.0,0.993,False,True
F01355,2023-K,0.0,0.921,False,True
F01356,2023-K,0.0,0.939,False,True
F01357,2023-K,0.0,1.032,False,True
F01358,2023-K,0.0,1.05,False,True
F01359,2023-K,0.0,1.055,False,True
F01360,2023-K,0.892,1.003,False,False
F01361,2023-K,0.0,1.021,False,True
F01362,2023-K,0.899,0.997,False,False
F01363,2023-K,0.0,0.995,False,True
F01364,2023-K,0.916,1.032,False,False
F01365,2023-K,0.0,0.997,False,True
F01366,2023-K,0.453,0.966,False,False
F01367,2023-K,0.0,0.985,False,True
F01368,2023-K,0.0,0.938,False,True
F01369,2023-K,0.901,1.02,False,False
F01370,2023-K,0.899,0.951,False,False
F01371,2023-K,0.0,0.955,False,True
F01372,2023-K,0.0,0.953,False,True
F01373,2023-K,0.0,1.025,False,True
F01374,2023-K,0.0,1.035,False,True
F01375,2023-K,0.0,1.048,False,True
F01376,2023-K,0.568,1.028,False,False
F01377,2023-K,0.0,1.021,False,True
F01378,2023-K,0.915,0.935,False,False
F01379,2023-K,0.921,0.97,False,False
F01380,2023-K,0.8,0.94,False,False
F01381,2023-K,0.0,1.053,False,True
F01382,2023-K,0.927,1.017,False,False
F01383,2023-K,0.0,0.982,False,True
F01384,2023-K,0.0,1.018,False,True
F01385,2023-K,0.515,0.937,False,False
F01386,2023-K,0.918,0.926,False,False
F01387,2023-K,0.0,1.019,False,True
F01388,2023-K,0.0,1.031,False,True
F01389,2023-K,0.0,1.059,False,True
F01390,2023-K,0.0,1.037,False,True
F01391,2023-K,0.903,1.038,False,False
F01392,2023-K,0.0,1.045,False,True
F01393,2023-K,0.502,1.058,False,False
F01394,2023-K,0.758,1.045,False,False
F01395,2023-K,0.929,0.998,False,False
F01396,2023-K,0.922,1.015,False,False
F01397,2023-K,0.0,0.932,False,True
F01398,2023-K,0.345,1.051,False,True
F01400,2023-K,0.0,1.023,False,True
F01401,2023-K,0.924,0.925,False,False
F01402,2023-K,0.0,0.97,False,True
F01403,2023-K,0.0,1.058,False,True
F01404,2023-K,0.0,1.022,False,True
F01405,2023-K,0.0,0.934,False,True
F01406,2023-K,0.0,1.057,False,True
F01407,2023-K,0.0,1.054,False,True
F01408,2023-K,0.0,1.007,False,True
F01409,2023-K,0.572,0.927,False,False
F01410,2023-K,0.0,1.012,False,True
F01411,2023-K,0.0,1.027,False,True
F01412,2023-K,0.839,1.009,False,False
F01413,2023-K,0.0,1.049,False,True
F01414,2023-K,0.534,0.929,False,False
F01415,2023-K,0.0,0.948,False,True
F01416,2023-K,0.0,1.008,False,True
F01417,2023-K,0.596,0.921,False,False
F01418,2023-K,0.0,0.929,False,True
F01419,2023-K,0.782,1.038,False,False
F01420,2023-K,0.582,1.035,False,False
F01421,2023-K,0.0,0.998,False,True
F01422,2023-K,0.0,0.972,False,True
F01423,2023-K,0.0,0.962,False,True
F01425,2023-K,0.0,1.057,False,True
F01426,2023-K,0.0,1.048,False,True
F01427,2023-K,0.0,1.034,False,True
F01428,2023-K,0.843,1.051,False,False
F01429,2023-K,0.0,0.923,False,True
F01430,2023-K,0.782,1.031,False,False
F01431,2023-K,0.0,1.026,False,True
F01432,2023-K,0.769,0.996,False,False
F01433,2023-K,0.53,0.972,False,False
F01434,2023-K,0.0,0.954,False,True
F01435,2023-K,0.0,1.002,False,True
F01436,2023-K,0.0,1.049,False,True
F01437,2023-K,0.0,0.991,False,True
F01438,2023-K,0.0,0.933,False,True
F01439,2023-K,0.0,1.002,False,True
F01440,2023-K,0.0,1.002,False,True
F01441,2023-K,0.786,1.032,False,False
F01442,2023-K,0.0,0.963,False,True
F01443,2023-K,0.0,0.983,False,True
F01444,2023-K,0.0,0.954,False,True
F01445,2023-K,0.0,0.933,False,True
F01446,2023-K,0.0,1.032,False,True
F01447,2023-K,0.0,0.984,False,True
F01448,2023-K,0.589,1.012,False,False
F01449,2023-K,0.0,0.992,False,True
F01450,2023-K,0.793,1.005,False,False
F01452,2023-K,0.0,0.962,False,True
F01453,2023-K,0.78,1.021,False,False
F01454,2023-K,0.0,0.995,False,True
F01455,2023-K,0.0,1.005,False,True
F01456,2023-K,0.0,0.949,False,True
F01457,2023-K,0.784,0.975,False,False
F01458,2023-K,0.0,0.94,False,True
F01459,2023-K,0.0,1.055,False,True
F01460,2023-K,0.0,0.933,False,True
F01461,2023-K,0.0,0.935,False,True
F01462,2023-K,0.0,0.964,False,True
F01463,2023-K,0.0,0.983,False,True
F01464,2023-K,0.571,0.939,False,False
F01465,2023-K,0.0,1.015,False,True
F01466,2023-K,0.0,1.042,False,True
F01467,2023-K,0.0,0.974,False,True
F01468,2023-K,0.0,0.963,False,True
F01469,2023-K,0.0,1.05,False,True
F01470,2023-K,0.0,0.967,False,True
F01471,2023-K,0.0,1.034,False,True
F01472,2023-K,0.0,0.934,False,True
F01473,2023-K,0.0,1.005,False,True
F01474,2023-K,0.0,0.986,False,True
F01475,2023-K,0.0,1.025,False,True
F01476,2023-K,0.785,0.952,False,False
F01477,2023-K,0.0,1.04,False,True
F01478,2023-K,0.0,1.054,False,True
F01480,2023-K,0.0,1.001,False,True
F01481,2023-K,0.781,1.037,False,False
F01482,2023-K,0.0,1.02,False,True
F01483,2023-K,0.0,0.922,False,True
F01484,2023-K,0.0,0.999,False,True
F01485,2023-K,0.0,1.022,False,True
F01486,2023-K,0.0,1.055,False,True
F01487,2023-K,0.0,0.96,False,True
F01488,2023-K,0.0,0.931,False,True
F01489,2023-K,0.593,0.969,False,False
F01490,2023-K,0.828,0.94,False,False
F01491,2023-K,0.0,1.018,False,True
F01492,2023-K,0.816,0.992,False,False
F01493,2023-K,0.0,1.021,False,True
F01494,2023-K,0.0,1.018,False,True
F01495,2023-K,0.763,1.006,False,False
F01496,2023-K,0.0,0.926,False,True
F01498,2023-K,0.0,1.055,False,True
F01499,2023-K,0.251,1.052,False,True
F01501,2023-K,0.461,0.967,False,False
F01502,2023-K,0.598,0.93,False,False
F01503,2023-K,0.0,1.046,False,True
F01504,2023-K,0.0,0.963,False,True
F01505,2023-K,0.468,0.948,False,False
F01506,2023-K,0.0,1.053,False,True
F01507,2023-K,0.0,0.971,False,True
F01508,2023-K,0.0,1.059,False,True
F01510,2023-K,0.217,1.019,False,True
F01511,2023-K,0.299,0.998,False,True
F01512,2023-K,0.0,0.963,False,True
F01513,2023-K,0.786,1.036,False,False
F01514,2023-K,0.503,1.043,False,False
F01515,2023-K,0.0,1.046,False,True
F01516,2023-K,0.0,0.95,False,True
F01517,2023-K,0.0,0.99,False,True
F01518,2023-K,0.595,1.033,False,False
F01519,2023-K,0.0,0.961,False,True
F01520,2023-K,0.0,0.999,False,True
F01521,2023-K,0.0,0.979,False,True
F01523,2023-K,0.0,0.986,False,True
F01524,2023-K,0.0,1.024,False,True
F01525,2023-K,0.0,0.953,False,True
F01526,2023-K,0.476,1.02,False,False
F01527,2023-K,0.0,1.056,False,True
F01528,2023-K,0.489,0.999,False,False
F01529,2023-K,0.0,0.979,False,True
F01530,2023-K,0.559,1.028,False,False
F01531,2023-K,0.0,1.048,False,True
F01532,2023-K,0.0,0.996,False,True
F01533,2023-K,0.0,0.952,False,True
F01534,2023-K,0.0,0.932,False,True
F01535,2023-K,0.49,0.997,False,False
F01536,2023-K,0.0,1.049,False,True
F01538,2023-K,0.798,0.947,False,False
F01539,2023-K,0.0,0.996,False,True
F01540,2023-K,0.0,1.016,False,True
F01541,2023-K,0.0,1.026,False,True
F01542,2023-K,0.539,1.047,False,False
F01543,2023-K,0.0,1.027,False,True
F01544,2023-K,0.918,0.954,False,False
F01545,2023-K,0.895,0.979,False,False
F01546,2023-K,0.82,1.045,False,False
F01547,2023-K,0.0,1.035,False,True
F01548,2023-K,0.934,0.938,False,False
F01549,2023-K,0.0,0.993,False,True
F01550,2023-K,0.753,0.935,False,False
F01551,2023-K,0.0,1.036,False,True
F01553,2023-K,0.765,0.985,False,False
F01554,2023-K,0.0,0.959,False,True
F01555,2023-K,0.0,0.968,False,True
F01556,2023-K,0.462,1.059,False,False
F01557,2023-K,0.0,1.039,False,True
F01558,2023-K,0.0,0.962,False,True
F01559,2023-K,0.0,0.959,False,True
F01560,2023-K,0.838,1.029,False,False
F01561,2023-K,0.301,1.048,False,True
F01562,2023-K,0.0,0.962,False,True
F01563,2023-K,0.753,0.986,False,False
F01564,2023-K,0.926,1.026,False,False
F01565,2023-K,0.0,0.973,False,True
F01566,2023-K,0.0,1.009,False,True
F01568,2023-K,0.927,1.044,False,False
F01569,2023-K,0.917,1.06,False,False
F01570,2023-K,0.0,1.008,False,True
F01571,2023-K,0.0,0.948,False,True
F01572,2023-K,0.0,0.933,False,True
F01573,2023-K,0.0,1.021,False,True
F01574,2023-K,0.0,0.958,False,True
F01575,2023-K,0.574,0.948,False,False
F01576,2023-K,0.851,0.948,False,False
F01577,2023-K,0.464,1.017,False,False
F01578,2023-K,0.0,0.974,False,True
F01579,2023-K,0.0,1.008,False,True
F01580,2023-K,0.879,1.011,False,False
F01581,2023-K,0.866,1.048,False,False
F01582,2023-K,0.876,0.955,False,False
F01583,2023-K,0.0,1.059,False,True
F01584,2023-K,0.0,0.947,False,True
F01585,2023-K,0.0,1.038,False,True
F01586,2023-K,0.853,0.925,False,False
F01587,2023-K,0.77,0.975,False,False
F01589,2023-K,0.0,1.008,False,True
F01590,2023-K,0.0,1.021,False,True
F01591,2023-K,0.0,0.982,False,True
F01592,2023-K,0.0,1.053,False,True
F01593,2023-K,0.873,1.028,False,False
F01594,2023-K,0.0,0.999,False,True
F01595,2023-K,0.545,1.012,False,False
F01596,2023-K,0.0,1.045,False,True
F01597,2023-K,0.0,0.974,False,True
F01598,2023-K,0.0,0.977,False,True
F01599,2023-K,0.819,0.933,False,False
F01600,2023-K,0.0,0.973,False,True
F01601,2023-K,0.0,0.975,False,True
F01602,2023-K,0.0,1.012,False,True
F01603,2023-K,0.0,0.926,False,True
F01604,2023-K,0.0,0.997,False,True
F01605,2023-K,0.0,0.935,False,True
F01606,2023-K,0.827,1.032,False,False
F01607,2023-K,0.825,0.922,False,False
F01608,2023-K,0.0,0.979,False,True
F01609,2023-K,0.0,0.94,False,True
F01610,2023-K,0.827,0.973,False,False
F01611,2023-K,0.0,0.935,False,True
F01612,2023-K,0.821,1.054,False,False
F01613,2023-K,0.0,0.955,False,True
F01614,2023-K,0.0,0.961,False,True
F01615,2023-K,0.0,1.017,False,True
F01616,2023-K,0.0,0.968,False,True
F01617,2023-K,0.0,0.94,False,True
F01618,2023-K,0.0,0.628,False,True
F01619,2023-K,0.0,0.729,False,True
F01620,2023-K,0.0,0.712,False,True
F01621,2023-K,0.0,0.7,False,True
F01622,2023-K,0.0,0.781,False,True
F01623,2023-K,0.0,0.637,False,True
F01624,2023-K,0.0,0.645,False,True
F01625,2023-K,0.0,0.575,False,True
F01626,2023-K,0.0,0.771,False,True
F01627,2023-K,0.0,0.799,False,True
F01628,2023-K,0.0,0.576,False,True
F01629,2023-K,0.0,0.746,False,True
F01630,2023-K,0.0,0.631,False,True
F01631,2023-K,0.0,0.675,False,True
F01632,2023-K,0.0,0.688,False,True
F01633,2023-K,0.533,0.643,False,False
F01634,2023-K,0.0,0.603,False,True
F01635,2023-K,0.0,0.795,False,True
F01636,2023-K,0.774,0.742,False,False
F01637,2023-K,0.76,0.604,False,False
F01638,2023-K,0.781,0.696,False,False
F01639,2023-K,0.0,0.794,False,True
F01640,2023-K,0.581,0.774,False,False
F01641,2023-K,0.0,0.742,False,True
F01642,2023-K,0.788,0.606,False,False
F01643,2023-K,0.226,0.6,False,True
F01644,2023-K,0.0,0.728,False,True
F01645,2023-K,0.0,0.599,False,True
F01646,2023-K,0.0,0.569,False,True
F01647,2023-K,0.0,0.61,False,True
F01648,2023-K,0.0,0.578,False,True
F01649,2023-K,0.764,0.644,False,False
F01650,2023-K,0.478,0.678,False,False
F01651,2023-K,0.0,0.683,False,True
F01652,2023-K,0.0,0.789,False,True
F01653,2023-K,0.545,0.664,False,False
F01654,2023-K,0.162,0.685,False,False
F01655,2023-K,0.0,0.741,False,True
F01656,2023-K,0.0,0.63,False,True
F01657,2023-K,0.0,0.694,False,True
F01658,2023-K,0.799,0.696,False,False
F01659,2023-K,0.0,0.71,False,True
F01660,2023-K,0.783,0.723,False,False
F01661,2023-K,0.0,0.684,False,True
F01662,2023-K,0.548,0.551,False,False
F01663,2023-K,0.0,0.558,False,True
F01665,2023-K,0.0,0.767,False,True
F01666,2023-K,0.581,0.754,False,False
F01667,2023-K,0.0,0.658,False,True
F01668,2023-K,0.0,0.608,False,True
F01669,2023-K,0.0,0.685,False,True
F01670,2023-K,0.0,0.698,False,True
F01671,2023-K,0.224,0.713,False,False
F01672,2023-K,0.0,0.744,False,True
F01673,2023-K,0.0,0.761,False,True
F01674,2023-K,0.0,0.573,False,True
F01675,2023-K,0.831,0.616,False,False
F01676,2023-K,0.0,0.57,False,True
F01677,2023-K,0.0,0.609,False,True
F01678,2023-K,0.0,0.556,False,True
F01679,2023-K,0.0,0.579,False,True
F01680,2023-K,0.0,0.693,False,True
F01681,2023-K,0.0,0.743,False,True
F01682,2023-K,0.0,0.771,False,True
F01683,2023-K,0.0,0.63,False,True
F01684,2023-K,0.0,0.773,False,True
F01685,2023-K,0.0,0.723,False,True
F01686,2023-K,0.0,0.639,False,True
F01687,2023-K,0.827,0.565,False,False
F01688,2023-K,0.0,0.612,False,True
F01689,2023-K,0.0,0.611,False,True
F01690,2023-K,0.0,0.573,False,True
F01691,2023-K,0.0,0.564,False,True
F01692,2023-K,0.0,0.727,False,True
F01693,2023-K,0.471,0.669,False,False
F01694,2023-K,0.833,0.727,False,False
F01696,2023-K,0.887,0.639,False,False
F01697,2023-K,0.0,0.586,False,True
F01698,2023-K,0.0,0.749,False,True
F01699,2023-K,0.0,0.765,False,True
F01700,2023-K,0.0,0.688,False,True
F01701,2023-K,0.0,0.634,False,True
F01702,2023-K,0.892,0.659,False,False
F01703,2023-K,0.558,0.551,False,False
F01704,2023-K,0.0,0.571,False,True
F01705,2023-K,0.0,0.784,False,True
F01706,2023-K,0.873,0.718,False,False
F01707,2023-K,0.888,0.637,False,False
F01708,2023-K,0.0,0.676,False,True
F01709,2023-K,0.896,0.581,False,False
F01710,2023-K,0.0,0.71,False,True
F01711,2023-K,0.0,0.764,False,True
F01712,2023-K,0.0,0.76,False,True
F01713,2023-K,0.0,0.597,False,True
F01714,2023-K,0.847,0.708,False,False
F01715,2023-K,0.0,0.582,False,True
F01716,2023-K,0.0,0.75,False,True
F01717,2023-K,0.0,0.624,False,True
F01718,2023-K,0.315,0.725,False,False
F01719,2023-K,0.513,0.675,False,False
F01720,2023-K,0.0,0.596,False,True
F01721,2023-K,0.0,0.75,False,True
F01722,2023-K,0.787,0.69,False,False
F01723,2023-K,0.0,0.669,False,True
F01724,2023-K,0.82,0.612,False,False
F01725,2023-K,0.203,0.64,False,False
F01726,2023-K,0.0,0.78,False,True
F01727,2023-K,0.0,0.661,False,True
F01728,2023-K,0.0,0.774,False,True
F01729,2023-K,0.0,0.589,False,True
F01730,2023-K,0.815,0.611,False,False
F01731,2023-K,0.0,0.657,False,True
F01732,2023-K,0.816,0.785,False,False
F01733,2023-K,0.0,0.601,False,True
F01734,2023-K,0.0,0.623,False,True
F01735,2023-K,0.0,0.632,False,True
F01736,2023-K,0.0,0.653,False,True
F01737,2023-K,0.0,0.691,False,True
F01738,2023-K,0.0,0.711,False,True
F01739,2023-K,0.0,0.638,False,True
F01740,2023-K,0.908,0.792,False,False
F01741,2023-K,0.811,0.646,False,False
F01743,2023-K,0.0,0.728,False,True
F01744,2023-K,0.0,0.789,False,True
F01745,2023-K,0.0,0.618,False,True
F01746,2023-K,0.0,0.755,False,True
F01747,2023-K,0.831,0.796,False,False
F01748,2023-K,0.0,0.796,False,True
F01749,2023-K,0.0,0.752,False,True
F01750,2023-K,0.554,0.624,False,False
F01751,2023-K,0.0,0.578,False,True
F01752,2023-K,0.0,0.612,False,True
F01753,2023-K,0.808,0.712,False,False
F01754,2023-K,0.0,0.712,False,True
F01755,2023-K,0.0,0.761,False,True
F01756,2023-K,0.0,0.774,False,True
F01757,2023-K,0.0,0.799,False,True
F01758,2023-K,0.0,0.741,False,True
F01759,2023-K,0.0,0.684,False,True
F01760,2023-K,0.0,0.59,False,True
F01761,2023-K,0.0,0.655,False,True
F01763,2023-K,0.0,0.987,False,True
F01764,2023-K,0.0,1.044,False,True
F01765,2023-K,0.825,0.978,False,False
F01766,2023-K,0.0,1.052,False,True
F01767,2023-K,0.0,0.937,False,True
F01769,2023-K,0.0,0.98,False,True
F01770,2023-K,0.0,1.028,False,True
F01771,2023-K,0.0,0.984,False,True
F01772,2023-K,0.542,1.036,False,False
F01773,2023-K,0.0,0.984,False,True
F01774,2023-K,0.823,1.009,False,False
F01775,2023-K,0.0,1.002,False,True
F01776,2023-K,0.0,1.002,False,True
F01777,2023-K,0.0,0.996,False,True
F01779,2023-K,0.844,1.041,False,False
F01780,2023-K,0.0,1.009,False,True
F01781,2023-K,0.789,0.924,False,False
F01782,2023-K,0.505,1.015,False,False
F01783,2023-K,0.306,0.992,False,True
F01784,2023-K,0.904,0.933,False,False
F01786,2023-K,0.875,0.933,False,False
F01787,2023-K,0.772,0.99,False,False
F01788,2023-K,0.882,0.968,False,False
F01789,2023-K,0.0,0.978,False,True
F01790,2023-K,0.0,0.982,False,True
F01791,2023-K,0.342,0.942,False,True
F01792,2023-K,0.0,0.976,False,True
F01793,2023-K,0.0,1.022,False,True
F01794,2023-K,0.584,0.931,False,False
F01795,2023-K,0.0,1.046,False,True
F01796,2023-K,0.0,0.993,False,True
F01797,2023-K,0.0,0.981,False,True
F01798,2023-K,0.58,1.044,False,False
F01800,2023-K,0.0,1.012,False,True
F01801,2023-K,0.0,0.943,False,True
F01802,2023-K,0.0,1.02,False,True
F01803,2023-K,0.818,0.941,False,False
F01804,2023-K,0.0,0.975,False,True
F01805,2023-K,0.906,1.048,False,False
F01806,2023-K,0.913,1.005,False,False
F01807,2023-K,0.0,0.985,False,True
F01809,2023-K,0.776,0.945,False,False
F01810,2023-K,0.0,1.03,False,True
F01812,2023-K,0.0,0.964,False,True
F01813,2023-K,0.0,0.993,False,True
F01814,2023-K,0.0,1.043,False,True
F01815,2023-K,0.736,0.953,False,False
F01816,2023-K,0.0,1.051,False,True
F01817,2023-K,0.837,1.003,False,False
F01818,2023-K,0.796,0.959,False,False
F01819,2023-K,0.0,0.974,False,True
F01820,2023-K,0.0,1.036,False,True
F01821,2023-K,0.0,0.982,False,True
F01822,2023-K,0.0,1.04,False,True
F01823,2023-K,0.884,0.94,False,False
F01824,2023-K,0.0,0.93,False,True
F01825,2023-K,0.873,1.012,False,False
F01826,2023-K,0.0,1.039,False,True
F01827,2023-K,0.0,0.953,False,True
F01828,2023-K,0.0,1.045,False,True
F01829,2023-K,0.598,1.0,False,False
F01830,2023-K,0.0,0.953,False,True
F01831,2023-K,0.769,1.058,False,False
F01832,2023-K,0.0,0.942,False,True
F01833,2023-K,0.824,0.979,False,False
F01834,2023-K,0.0,1.041,False,True
F01835,2023-K,0.0,0.994,False,True
F01837,2023-K,0.484,0.95,False,False
F01838,2023-K,0.818,1.041,False,False
F01839,2023-K,0.823,1.009,False,False
F01840,2023-K,0.0,0.934,False,True
F01841,2023-K,0.0,0.991,False,True
F01842,2023-K,0.827,1.05,False,False
F01843,2023-K,0.512,0.941,False,False
F01844,2023-K,0.0,1.0,False,True
F01845,2023-K,0.0,0.963,False,True
F01846,2023-K,0.0,0.998,False,True
F01847,2023-K,0.0,0.994,False,True
F01848,2023-K,0.83,0.93,False,False
F01849,2023-K,0.793,1.012,False,False
F01850,2023-K,0.0,0.937,False,True
F01851,2023-K,0.777,0.97,False,False
F01852,2023-K,0.829,1.049,False,False
F01853,2023-K,0.0,0.993,False,True
F01854,2023-K,0.0,0.982,False,True
F01855,2023-K,0.0,1.0,False,True
F01856,2023-K,0.0,0.959,False,True
F01857,2023-K,0.0,1.059,False,True
F01858,2023-K,0.181,0.995,False,True
F01859,2023-K,0.828,1.022,False,False
F01860,2023-K,0.0,0.963,False,True
F01861,2023-K,0.0,0.949,False,True
F01862,2023-K,0.0,0.984,False,True
F01863,2023-K,0.0,1.028,False,True
F01864,2023-K,0.0,1.053,False,True
F01865,2023-K,0.496,0.978,False,False
F01866,2023-K,0.829,1.048,False,False
F01867,2023-K,0.756,0.96,False,False
F01868,2023-K,0.0,0.955,False,True
F01869,2023-K,0.0,0.994,False,True
F01870,2023-K,0.0,0.934,False,True
F01871,2023-K,0.0,1.059,False,True
F01872,2023-K,0.0,0.947,False,True
F01873,2023-K,0.462,1.048,False,False
F01874,2023-K,0.0,0.995,False,True
F01875,2023-K,0.928,0.955,False,False
F01876,2023-K,0.926,0.942,False,False
F01877,2023-K,0.0,1.036,False,True
F01878,2023-K,0.78,0.935,False,False
F01879,2023-K,0.0,1.03,False,True
F01880,2023-K,0.904,0.964,False,False
F01881,2023-K,0.91,1.023,False,False
F01882,2023-K,0.0,0.958,False,True
F01883,2023-K,0.0,0.959,False,True
F01884,2023-K,0.0,1.038,False,True
F01885,2023-K,0.0,1.021,False,True
F01886,2023-K,0.79,0.959,False,False
F01887,2023-K,0.0,1.001,False,True
F01888,2023-K,0.0,1.023,False,True
F01889,2023-K,0.0,0.98,False,True
F01890,2023-K,0.559,1.049,False,False
F01891,2023-K,0.0,1.044,False,True
F01892,2023-K,0.0,1.053,False,True
F01893,2023-K,0.589,1.038,False,False
F01894,2023-K,0.0,0.961,False,True
F01895,2023-K,0.0,1.018,False,True
F01896,2023-K,0.0,0.942,False,True
F01897,2023-K,0.0,0.949,False,True
F01898,2023-K,0.0,1.052,False,True
F01899,2023-K,0.782,0.998,False,False
F01900,2023-K,0.0,0.985,False,True
F01901,2023-K,0.0,0.992,False,True
F01902,2023-K,0.0,0.996,False,True
F01903,2023-K,0.792,0.984,False,False
F01904,2023-K,0.0,1.054,False,True
F01905,2023-K,0.507,0.984,False,False
F01906,2023-K,0.0,0.961,False,True
F01907,2023-K,0.789,0.97,False,False
F01909,2023-K,0.487,1.035,False,False
F01910,2023-K,0.0,0.962,False,True
F01911,2023-K,0.0,0.982,False,True
F01912,2023-K,0.0,1.037,False,True
F01913,2023-K,0.475,0.945,False,False
F01914,2023-K,0.567,1.025,False,False
F01915,2023-K,0.889,0.981,False,False
F01916,2023-K,0.0,0.944,False,True
F01917,2023-K,0.785,1.036,False,False
F01918,2023-K,0.854,0.99,False,False
F01919,2023-K,0.0,0.949,False,True
F01920,2023-K,0.594,0.969,False,False
F01921,2023-K,0.764,1.048,False,False
F01922,2023-K,0.0,1.04,False,True
F01923,2023-K,0.0,0.946,False,True
F01924,2023-K,0.0,0.966,False,True
F01925,2023-K,0.0,0.95,False,True
F01926,2023-K,0.0,0.987,False,True
F01927,2023-K,0.0,0.958,False,True
F01928,2023-K,0.0,1.048,False,True
F01929,2023-K,0.564,0.931,False,False
F01930,2023-K,0.0,0.93,False,True
F01931,2023-K,0.0,0.974,False,True
F01932,2023-K,0.0,1.045,False,True
F01933,2023-K,0.48,1.045,False,True
F01934,2023-K,0.491,0.935,False,False
F01935,2023-K,0.0,0.963,False,True
F01936,2023-K,0.0,1.039,False,True
F01937,2023-K,0.873,1.007,False,False
F01938,2023-K,0.0,1.048,False,True
F01939,2023-K,0.553,1.003,False,False
F01940,2023-K,0.838,0.966,False,False
F01941,2023-K,0.0,0.953,False,True
F01942,2023-K,0.0,0.971,False,True
F01943,2023-K,0.0,0.957,False,True
F01944,2023-K,0.0,1.005,False,True
F01945,2023-K,0.0,0.962,False,True
F01946,2023-K,0.0,0.924,False,True
F01947,2023-K,0.0,0.99,False,True
F01948,2023-K,0.594,0.927,False,False
F01949,2023-K,0.0,1.041,False,True
F01950,2023-K,0.0,0.967,False,True
F01951,2023-K,0.0,0.946,False,True
F01952,2023-K,0.0,0.975,False,True
F01953,2023-K,0.0,0.995,False,True
F01954,2023-K,0.0,0.96,False,True
F01955,2023-K,0.0,0.979,False,True
F01956,2023-K,0.0,0.941,False,True
F01957,2023-K,0.0,1.013,False,True
F01958,2023-K,0.516,0.963,False,False
F01959,2023-K,0.816,0.954,False,False
F01960,2023-K,0.0,0.971,False,True
F01961,2023-K,0.0,1.008,False,True
F01962,2023-K,0.0,0.997,False,True
F01963,2023-K,0.0,0.966,False,True
F01964,2023-K,0.832,0.979,False,False
F01965,2023-K,0.0,0.949,False,True
F01966,2023-K,0.0,1.055,False,True
F01967,2023-K,0.0,0.97,False,True
F01969,2023-K,0.579,1.009,False,False
F01970,2023-K,0.0,0.953,False,True
F01971,2023-K,0.0,0.967,False,True
F01972,2023-K,0.0,0.924,False,True
F01973,2023-K,0.835,0.93,False,False
F01974,2023-K,0.519,0.939,False,False
F01975,2023-K,0.0,1.035,False,True
F01976,2023-K,0.0,0.955,False,True
F01977,2023-K,0.0,1.046,False,True
F01978,2023-K,0.822,0.927,False,False
F01979,2023-K,0.838,1.042,False,False
F01980,2023-K,0.0,1.033,False,True
F01981,2023-K,0.0,0.956,False,True
F01982,2023-K,0.0,1.035,False,True
F01983,2023-K,0.0,1.001,False,True
F01984,2023-K,0.0,0.956,False,True
F01985,2023-K,0.0,1.038,False,True
F01986,2023-K,0.853,1.041,False,False
F01987,2023-K,0.0,0.93,False,True
F01988,2023-K,0.0,1.027,False,True
F01989,2023-K,0.0,1.018,False,True
F01990,2023-K,0.5,0.964,False,False
F01991,2023-K,0.204,1.042,False,True
F01992,2023-K,0.0,1.03,False,True
F01993,2023-K,0.0,1.031,False,True
F01994,2023-K,0.753,0.977,False,False
F01995,2023-K,0.0,1.039,False,True
F01996,2023-K,0.0,0.934,False,True
F01997,2023-K,0.0,0.942,False,True
F01998,2023-K,0.818,1.041,False,False
F01999,2023-K,0.0,0.938,False,True
F02001,2023-K,0.0,0.942,False,True
F02002,2023-K,0.76,0.951,False,False
F02003,2023-K,0.0,0.922,False,True
F02004,2023-K,0.0,0.995,False,True
F02005,2023-K,0.0,0.977,False,True
F02006,2023-K,0.0,0.98,False,True
F02007,2023-K,0.0,0.932,False,True
F02008,2023-K,0.0,1.017,False,True
F02009,2023-K,0.0,0.98,False,True
F02010,2023-K,0.0,0.94,False,True
F02011,2023-K,0.0,0.994,False,True
F02012,2023-K,0.552,0.928,False,False
F02013,2023-K,0.84,0.972,False,True
F02014,2023-K,0.0,0.973,False,True
F02015,2023-K,0.0,0.971,False,True
F02016,2023-K,0.0,0.997,False,True
F02017,2023-K,0.0,0.959,False,True
F02018,2023-K,0.0,0.993,False,True
F02019,2023-K,0.0,0.951,False,True
F02020,2023-K,0.0,0.962,False,True
F02021,2023-K,0.917,1.055,False,False
F02022,2023-K,0.0,0.961,False,True
F02023,2023-K,0.0,0.932,False,True
F02025,2023-K,0.0,0.967,False,True
F02026,2023-K,0.829,0.925,False,False
F02027,2023-K,0.0,1.001,False,True
F02028,2023-K,0.0,0.998,False,True
F02029,2023-K,0.0,1.039,False,True
F02030,2023-K,0.0,0.981,False,True
F02031,2023-K,0.9,0.928,False,False
F02033,2023-K,0.0,0.943,False,True
F02034,2023-K,0.0,0.932,False,True
F02035,2023-K,0.866,0.998,False,False
F02036,2023-K,0.569,1.037,False,False
F02037,2023-K,0.0,1.051,False,True
F02038,2023-K,0.866,1.045,False,False
F02039,2023-K,0.0,0.974,False,True
F02040,2023-K,0.0,0.938,False,True
F02041,2023-K,0.753,1.049,False,False
F02042,2023-K,0.805,0.925,False,False
F02043,2023-K,0.0,0.961,False,True
F02044,2023-K,0.854,0.947,False,False
F02045,2023-K,0.0,1.0,False,True
F02046,2023-K,0.808,1.04,False,False
F02047,2023-K,0.0,1.037,False,True
F02048,2023-K,0.0,1.005,False,True
F02049,2023-K,0.749,1.005,False,False
F02050,2023-K,0.0,1.006,False,True
F02051,2023-K,0.0,1.001,False,True
F02052,2023-K,0.0,0.935,False,True
F02053,2023-K,0.284,1.019,False,True
F02055,2023-K,0.2,1.0,False,True
F02056,2023-K,0.0,0.966,False,True
F02057,2023-K,0.0,0.976,False,True
F02058,2023-K,0.0,0.966,False,True
F02059,2023-K,0.0,0.995,False,True
F02060,2023-K,0.843,1.028,False,False
F02061,2023-K,0.859,0.951,False,False
F02062,2023-K,0.0,1.008,False,True
F02063,2023-K,0.0,1.053,False,True
F02064,2023-K,0.638,0.975,False,False
F02065,2023-K,0.892,1.043,False,False
F02066,2023-K,0.858,1.036,False,False
F02067,2023-K,0.911,0.929,False,False
F02068,2023-K,0.822,0.99,False,False
F02069,2023-K,0.0,0.949,False,True
F02070,2023-K,0.0,0.979,False,True
F02071,2023-K,0.0,1.017,False,True
F02072,2023-K,0.0,0.973,False,True
F02073,2023-K,0.592,0.978,False,False
F02074,2023-K,0.0,1.015,False,True
F02075,2023-K,0.0,0.988,False,True
F02076,2023-K,0.887,0.979,False,False
F02077,2023-K,0.0,0.922,False,True
F02078,2023-K,0.0,1.016,False,True
F02079,2023-K,0.886,1.041,False,False
F02081,2023-K,0.0,0.936,False,True
F02082,2023-K,0.0,1.02,False,True
F02083,2023-K,0.915,0.962,False,False
F02084,2023-K,0.0,1.015,False,True
F02085,2023-K,0.562,1.048,False,False
F02086,2023-K,0.0,0.991,False,True
F02087,2023-K,0.0,0.931,False,True
F02088,2023-K,0.911,1.055,False,False
F02089,2023-K,0.0,0.92,False,True
F02090,2023-K,0.885,0.996,False,False
F02091,2023-K,0.91,1.005,False,False
F02092,2023-K,0.903,1.04,False,False
F02093,2023-K,0.835,0.924,False,False
F02094,2023-K,0.0,0.958,False,True
F02095,2023-K,0.901,0.929,False,False
F02096,2023-K,0.89,1.003,False,False
F02097,2023-K,0.0,0.94,False,True
F02098,2023-K,0.0,1.002,False,True
F02099,2023-K,0.0,0.989,False,True
F02100,2023-K,0.0,1.008,False,True
F02101,2023-K,0.0,1.041,False,True
F02102,2023-K,0.0,1.022,False,True
F02103,2023-K,0.0,1.026,False,True
F02104,2023-K,0.792,1.034,False,False
F02105,2023-K,0.201,1.002,False,True
F02106,2023-K,0.516,0.94,False,True
F02107,2023-K,0.846,0.924,False,False
F02108,2023-K,0.595,0.971,False,False
F02109,2023-K,0.0,1.009,False,True
F02110,2023-K,0.0,1.06,False,True
F02111,2023-K,0.0,1.051,False,True
F02113,2023-K,0.0,0.972,False,True
F02114,2023-K,0.0,0.977,False,True
F02116,2023-K,0.0,0.967,False,True
F02117,2023-K,0.0,0.933,False,True
F02118,2023-K,0.0,0.981,False,True
F02119,2023-K,0.0,1.0,False,True
F02120,2023-K,0.0,0.944,False,True
F02121,2023-K,0.553,0.952,False,False
F02122,2023-K,0.0,1.045,False,True
F02123,2023-K,0.805,0.931,False,False
F02124,2023-K,0.0,0.942,False,True
F02125,2023-K,0.0,0.963,False,True
F02126,2023-K,0.0,0.964,False,True
F02127,2023-K,0.0,1.057,False,True
F02128,2023-K,0.564,0.98,False,False
F02129,2023-K,0.0,1.028,False,True
F02130,2023-K,0.0,1.021,False,True
F02131,2023-K,0.0,0.933,False,True
F02132,2023-K,0.0,0.956,False,True
F02133,2023-K,0.813,1.041,False,False
F02134,2023-K,0.0,0.94,False,True
F02135,2023-K,0.0,0.993,False,True
F02136,2023-K,0.0,1.023,False,True
F02137,2023-K,0.904,0.987,False,False
F02138,2023-K,0.345,0.939,False,True
F02139,2023-K,0.0,0.98,False,True
F02140,2023-K,0.0,1.039,False,True
F02141,2023-K,0.13,0.939,False,True
F02142,2023-K,0.0,0.989,False,True
F02143,2023-K,0.0,0.994,False,True
F02144,2023-K,0.905,0.921,False,False
F02145,2023-K,0.793,1.045,False,False
F02146,2023-K,0.898,1.0,False,False
F02147,2023-K,0.0,1.024,False,True
F02148,2023-K,0.0,1.033,False,True
F02149,2023-K,0.83,0.999,False,False
F02150,2023-K,0.0,0.943,False,True
F02151,2023-K,0.899,1.052,False,False
F02152,2023-K,0.0,1.05,False,True
F02153,2023-K,0.0,0.945,False,True
F02154,2023-K,0.83,0.971,False,False
F02155,2023-K,0.0,0.93,False,True
F02156,2023-K,0.846,0.994,False,False
F02157,2023-K,0.0,0.922,False,True
F02158,2023-K,0.918,1.005,False,False
F02159,2023-K,0.0,1.03,False,True
F02160,2023-K,0.0,0.964,False,True
F02161,2023-K,0.0,1.055,False,True
F02162,2023-K,0.75,0.927,False,False
F02163,2023-K,0.338,0.922,False,True
F02164,2023-K,0.0,0.952,False,True
F02165,2023-K,0.0,0.932,False,True
F02166,2023-K,0.0,1.042,False,True
F02167,2023-K,0.0,1.021,False,True
F02168,2023-K,0.581,0.981,False,False
F02169,2023-K,0.0,0.973,False,True
F02170,2023-K,0.0,0.944,False,True
F02172,2023-K,0.0,0.939,False,True
F02173,2023-K,0.0,0.955,False,True
F02174,2023-K,0.794,1.004,False,False
F02175,2023-K,0.0,1.016,False,True
F02176,2023-K,0.0,0.937,False,True
F02177,2023-K,0.0,1.06,False,True
F02178,2023-K,0.806,1.04,False,False
F02179,2023-K,0.0,0.932,False,True
F02180,2023-K,0.82,0.968,False,False
F02181,2023-K,0.0,0.955,False,True
F02182,2023-K,0.0,1.016,False,True
F02183,2023-K,0.0,0.998,False,True
F02184,2023-K,0.537,1.058,False,False
F02185,2023-K,0.0,0.966,False,True
F02186,2023-K,0.0,1.038,False,True
F02187,2023-K,0.0,0.973,False,True
F02188,2023-K,0.0,0.979,False,True
F02189,2023-K,0.782,1.009,False,False
F02190,2023-K,0.0,0.968,False,True
F02191,2023-K,0.0,0.96,False,True
F02192,2023-K,0.0,0.928,False,True
F02193,2023-K,0.0,0.994,False,True
F02195,2023-K,0.843,0.932,False,False
F02196,2023-K,0.509,0.921,False,False
F02197,2023-K,0.0,1.059,False,True
F02198,2023-K,0.0,0.995,False,True
F02199,2023-K,0.0,0.945,False,True
F02200,2023-K,0.0,0.952,False,True
F02201,2023-K,0.831,1.011,False,False
F02202,2023-K,0.581,0.942,False,False
F02203,2023-K,0.0,1.029,False,True
F02204,2023-K,0.0,0.939,False,True
F02205,2023-K,0.0,0.955,False,True
F02206,2023-K,0.0,0.998,False,True
F02207,2023-K,0.831,0.976,False,False
F02208,2023-K,0.556,0.931,False,False
F02209,2023-K,0.825,0.93,False,False
F02210,2023-K,0.0,0.928,False,True
F02211,2023-K,0.781,1.056,False,False
F02212,2023-K,0.0,0.932,False,True
F02214,2023-K,0.0,1.049,False,True
F02215,2023-K,0.0,1.023,False,True
F02216,2023-K,0.0,0.964,False,True
F02217,2023-K,0.777,1.015,False,False
F02218,2023-K,0.0,0.973,False,True
F02219,2023-K,0.0,0.955,False,True
F02220,2023-K,0.498,1.049,False,False
F02221,2023-K,0.0,1.03,False,True
F02222,2023-K,0.859,1.054,False,False
F02223,2023-K,0.0,0.926,False,True
F02224,2023-K,0.0,0.971,False,True
F02225,2023-K,0.832,0.964,False,False
F02226,2023-K,0.599,0.568,False,False
F02227,2023-K,0.838,0.956,False,False
F02228,2023-K,0.0,0.981,False,True
F02229,2023-K,0.0,1.028,False,True
F02231,2023-K,0.87,1.006,False,False
F02232,2023-K,0.0,0.939,False,True
F02233,2023-K,0.846,0.994,False,False
F02234,2023-K,0.793,0.957,False,False
F02235,2023-K,0.0,0.922,False,True
F02236,2023-K,0.0,0.567,False,True
F02237,2023-K,0.0,0.936,False,True
F02238,2023-K,0.0,0.671,False,True
F02240,2023-K,0.0,0.939,False,True
F02241,2023-K,0.0,0.973,False,True
F02242,2023-K,0.541,1.001,False,False
F02243,2023-K,0.882,0.982,False,False
F02244,2023-K,0.84,0.96,False,False
F02245,2023-K,0.786,1.055,False,False
F02246,2023-K,0.0,0.95,False,True
F02247,2023-K,0.0,0.955,False,True
F02248,2023-K,0.879,0.946,False,False
F02249,2023-K,0.0,1.058,False,True
F02250,2023-K,0.563,0.976,False,False
F02251,2023-K,0.0,0.959,False,True
F02252,2023-K,0.843,0.987,False,False
F02253,2023-K,0.0,0.927,False,True
F02254,2023-K,0.0,0.987,False,True
F02255,2023-K,0.0,1.028,False,True
F02256,2023-K,0.0,1.01,False,True
F02257,2023-K,0.0,0.999,False,True
F02258,2023-K,0.0,1.026,False,True
F02259,2023-K,0.0,1.059,False,True
F02261,2023-K,0.869,1.033,False,False
F02262,2023-K,0.795,0.612,False,False
F02263,2023-K,0.78,1.051,False,False
F02264,2023-K,0.0,0.944,False,True
F02265,2023-K,0.0,0.978,False,True
F02266,2023-K,0.794,0.669,False,False
F02267,2023-K,0.0,0.954,False,True
F02268,2023-K,0.0,0.744,False,True
F02269,2023-K,0.0,0.925,False,True
F02270,2023-K,0.765,0.936,False,False
F02271,2023-K,0.0,0.971,False,True
F02272,2023-K,0.519,0.974,False,False
F02273,2023-K,0.83,0.931,False,False
F02274,2023-K,0.881,0.944,False,False
F02275,2023-K,0.756,0.964,False,False
F02276,2023-K,0.0,0.987,False,True
F02277,2023-K,0.0,0.955,False,True
F02278,2023-K,0.0,0.738,False,True
F02279,2023-K,0.852,1.001,False,False
F02280,2023-K,0.778,0.604,False,False
F02281,2023-K,0.746,1.049,False,False
F02282,2023-K,0.0,1.01,False,True
F02283,2023-K,0.0,0.573,False,True
F02285,2023-K,0.899,0.767,False,False
F02286,2023-K,0.0,0.992,False,True
F02287,2023-K,0.791,0.927,False,True
F02288,2023-K,0.0,1.046,False,True
F02289,2023-K,0.511,0.604,False,False
F02290,2023-K,0.0,1.014,False,True
F02291,2023-K,0.0,1.049,False,True
F02292,2023-K,0.899,0.604,False,False
F02293,2023-K,0.81,1.028,False,False
F02294,2023-K,0.918,1.0,False,False
F02295,2023-K,0.0,0.923,False,True
F02296,2023-K,0.845,1.044,False,False
F02297,2023-K,0.0,0.993,False,True
F02298,2023-K,0.536,0.972,False,False
F02299,2023-K,0.189,1.059,False,True
F02300,2023-K,0.798,0.989,False,False
F02301,2023-K,0.776,1.036,False,False
F02302,2023-K,0.71,1.008,False,False
F02303,2023-K,0.0,0.964,False,True
F02304,2023-K,0.788,1.044,False,False
F02305,2023-K,0.565,0.95,False,False
F02306,2023-K,0.593,1.011,False,False
F02307,2023-K,0.786,0.993,False,False
F02308,2023-K,0.306,1.006,False,True
F02309,2023-K,0.511,1.006,False,False
F02310,2023-K,0.881,0.957,False,False
F02311,2023-K,0.0,0.96,False,True
F02312,2023-K,0.0,0.932,False,True
F02313,2023-K,0.522,0.996,False,False
F02314,2023-K,0.0,0.943,False,True
F02315,2023-K,0.0,0.944,False,True
F02316,2023-K,0.731,1.009,False,False
F02317,2023-K,0.0,1.054,False,True
F02318,2023-K,0.0,0.956,False,True
F02319,2023-K,0.0,0.589,False,True
F02320,2023-K,0.0,0.972,False,True
F02321,2023-K,0.0,0.95,False,True
F02322,2023-K,0.0,1.005,False,True
F02323,2023-K,0.746,0.604,False,False
F02324,2023-K,0.0,1.02,False,True
F02325,2023-K,0.566,0.943,False,False
F02326,2023-K,0.0,0.923,False,True
F02327,2023-K,0.0,0.937,False,True
F02328,2023-K,0.476,0.937,False,False
F02329,2023-K,0.0,0.989,False,True
F02330,2023-K,0.0,0.786,False,True
F02331,2023-K,0.0,0.978,False,True
F02332,2023-K,0.0,0.954,False,True
F02333,2023-K,0.222,0.983,False,False
F02334,2023-K,0.0,1.022,False,True
F02335,2023-K,0.0,0.977,False,True
F02336,2023-K,0.0,0.947,False,True
F02337,2023-K,0.0,0.929,False,True
F02338,2023-K,0.824,0.986,False,False
F02339,2023-K,0.553,0.935,False,False
F02340,2023-K,0.835,1.03,False,False
F02341,2023-K,0.348,1.009,False,True
F02342,2023-K,0.187,1.03,False,True
F02343,2023-K,0.0,0.989,False,True
F02344,2023-K,0.0,0.95,False,True
F02345,2023-K,0.678,1.0,False,False
F02346,2023-K,0.0,0.982,False,True
F02347,2023-K,0.0,0.991,False,True
F02348,2023-K,0.46,1.022,False,True
F02349,2023-K,0.2,0.945,False,True
F02350,2023-K,0.0,0.974,False,True
F02351,2023-K,0.0,0.996,False,True
F02352,2023-K,0.0,1.054,False,True
F02353,2023-K,0.0,1.057,False,True
F02354,2023-K,0.0,0.946,False,True
F02355,2023-K,0.0,1.015,False,True
F02356,2023-K,0.0,1.02,False,True
F02357,2023-K,0.0,1.02,False,True
F02358,2023-K,0.0,0.552,False,True
F02359,2023-K,0.0,0.942,False,True
F02360,2023-K,0.887,1.024,False,False
F02361,2023-K,0.0,0.929,False,True
F02362,2023-K,0.0,0.934,False,True
F02363,2023-K,0.786,0.951,False,False
F02364,2023-K,0.0,0.755,False,True
F02365,2023-K,0.566,1.045,False,False
F02366,2023-K,0.872,0.92,False,False
F02367,2023-K,0.219,1.014,False,True
F02368,2023-K,0.475,0.977,False,False
F02369,2023-K,0.488,0.999,False,False
F02370,2023-K,0.0,0.985,False,True
F02371,2023-K,0.86,0.958,False,False
F02372,2023-K,0.539,1.004,False,False
F02373,2023-K,0.0,0.927,False,True
F02374,2023-K,0.565,0.628,False,False
F02375,2023-K,0.0,0.964,False,True
F02376,2023-K,0.0,0.981,False,True
F02377,2023-K,0.0,0.954,False,True
F02378,2023-K,0.0,1.022,False,True
F02379,2023-K,0.0,0.942,False,True
F02380,2023-K,0.0,0.992,False,True
F02381,2023-K,0.0,0.942,False,True
F02382,2023-K,0.804,0.96,False,False
F02383,2023-K,0.801,0.93,False,False
F02384,2023-K,0.0,1.046,False,True
F02385,2023-K,0.738,0.94,False,False
F02386,2023-K,0.497,0.954,False,True
F02387,2023-K,0.0,0.729,False,True
F02388,2023-K,0.0,1.015,False,True
F02389,2023-K,0.0,0.564,False,True
F02390,2023-K,0.726,1.01,False,False
F02391,2023-K,0.821,0.636,False,False
F02392,2023-K,0.788,0.971,False,False
F02393,2023-K,0.0,0.971,False,True
F02394,2023-K,0.489,0.935,False,False
F02395,2023-K,0.0,0.71,False,True
F02396,2023-K,0.179,0.93,False,True
F02397,2023-K,0.865,0.984,False,False
F02398,2023-K,0.712,1.007,False,False
F02399,2023-K,0.0,0.973,False,True
F02400,2023-K,0.264,0.954,False,True
F02401,2023-K,0.0,1.033,False,True
F02402,2023-K,0.0,0.604,False,True
F02403,2023-K,0.0,1.049,False,True
F02404,2023-K,0.0,0.979,False,True
F02405,2023-K,0.178,0.974,False,True
F02406,2023-K,0.815,1.002,False,False
F02407,2023-K,0.547,0.928,False,False
F02408,2023-K,0.0,1.049,False,True
F02409,2023-K,0.0,0.632,False,True
F02410,2023-K,0.0,1.036,False,True
F02411,2023-K,0.0,1.028,False,True
F02412,2023-K,0.857,0.95,False,False
F02413,2023-K,0.0,0.6,False,True
F02414,2023-K,0.0,1.039,False,True
F02415,2023-K,0.0,0.742,False,True
F02416,2023-K,0.0,0.972,False,True
F02417,2023-K,0.451,1.014,False,True
F02418,2023-K,0.306,0.983,False,True
F02419,2023-K,0.536,0.993,False,False
F02420,2023-K,0.459,0.922,False,False
F02421,2023-K,0.0,1.018,False,True
F02422,2023-K,0.807,0.973,False,False
F02423,2023-K,0.514,1.03,False,False
F02424,2023-K,0.0,0.964,False,True
F02425,2023-K,0.77,1.007,False,False
F02426,2023-K,0.181,1.024,False,True
F02427,2023-K,0.0,1.039,False,True
F02429,2023-K,0.566,1.047,False,False
F02430,2023-K,0.757,0.955,False,False
F02431,2023-K,0.0,1.003,False,True
F02432,2023-K,0.0,0.931,False,True
F02433,2023-K,0.0,1.043,False,True
F02434,2023-K,0.65,0.969,False,False
F02435,2023-K,0.495,0.936,False,False
F02436,2023-K,0.0,1.006,False,True
F02437,2023-K,0.0,1.054,False,True
F02438,2023-K,0.0,0.984,False,True
F02439,2023-K,0.79,1.037,False,False
F02440,2023-K,0.781,1.051,False,False
F02441,2023-K,0.845,1.054,False,False
F02442,2023-K,0.822,1.055,False,False
F02443,2023-K,0.0,0.956,False,True
F02444,2023-K,0.801,0.79,False,False
F02445,2023-K,0.929,1.041,False,False
F02446,2023-K,0.0,1.056,False,True
F02447,2023-K,0.0,0.967,False,True
F02448,2023-K,0.0,0.984,False,True
F02449,2023-K,0.0,1.025,False,True
F02450,2023-K,0.726,0.958,False,False
F02451,2023-K,0.693,0.969,False,False
F02452,2023-K,0.811,1.011,False,False
F02453,2023-K,0.533,0.941,False,False
F02454,2023-K,0.694,0.954,False,False
F02455,2023-K,0.0,1.044,False,True
F02456,2023-K,0.0,1.041,False,True
F02457,2023-K,0.203,1.022,False,True
F02458,2023-K,0.488,1.008,False,False
F02459,2023-K,0.0,0.999,False,True
F02460,2023-K,0.903,1.006,False,False
F02461,2023-K,0.708,0.936,False,False
F02462,2023-K,0.0,0.922,False,True
F02463,2023-K,0.0,1.017,False,True
F02464,2023-K,0.25,1.053,False,True
F02465,2023-K,0.798,0.942,False,False
F02466,2023-K,0.853,1.032,False,False
F02467,2023-K,0.0,1.044,False,True
F02468,2023-K,0.757,0.974,False,False
F02469,2023-K,0.541,0.756,False,False
F02470,2023-K,0.0,1.01,False,True
F02471,2023-K,0.807,1.033,False,False
F02472,2023-K,0.463,0.975,False,False
F02473,2023-K,0.464,1.016,False,False
F02474,2023-K,0.522,1.033,False,False
F02475,2023-K,0.795,1.045,False,False
F02476,2023-K,0.0,0.708,False,True
F02477,2023-K,0.0,1.028,False,True
F02478,2023-K,0.761,0.989,False,False
F02479,2023-K,0.503,0.967,False,False
F02480,2023-K,0.0,0.943,False,True
F02481,2023-K,0.589,1.012,False,False
F02482,2023-K,0.0,0.992,False,True
F02483,2023-K,0.494,1.058,False,False
F02484,2023-K,0.0,0.948,False,True
F02486,2023-K,0.552,1.001,False,False
F02487,2023-K,0.177,0.584,False,False
F02488,2023-K,0.736,0.928,False,False
F02489,2023-K,0.591,0.963,False,False
F02490,2023-K,0.0,0.572,False,True
F02491,2023-K,0.633,1.021,False,False
F02492,2023-K,0.696,0.755,False,False
F02494,2023-K,0.563,0.999,False,False
F02495,2023-K,0.0,0.984,False,True
F02496,2023-K,0.682,1.001,False,False
F02497,2023-K,0.531,0.97,False,False
F02498,2023-K,0.655,0.733,False,False
F02499,2023-K,0.699,1.007,False,False
F02500,2023-K,0.585,1.032,False,False
F02501,2023-K,0.534,1.031,False,False
F02502,2023-K,0.714,0.735,False,False
F02503,2023-K,0.673,1.044,False,False
F02504,2023-K,0.872,1.006,False,False
F02505,2023-K,0.0,0.943,False,True
F02506,2023-K,0.474,1.04,False,False
F02507,2023-K,0.828,0.599,False,False
F02508,2023-K,0.508,0.923,False,False
F02509,2023-K,0.0,0.991,False,True
F02510,2023-K,0.506,1.016,False,False
F02511,2023-K,0.349,0.923,False,True
F02512,2023-K,0.283,0.958,False,True
F02513,2023-K,0.744,0.984,False,False
F02514,2023-K,0.538,0.967,False,False
F02515,2023-K,0.782,1.022,False,False
F02516,2023-K,0.808,0.992,False,False
F02517,2023-K,0.634,1.01,False,False
F02518,2023-K,0.0,1.008,False,True
F02519,2023-K,0.319,0.981,False,True
F02520,2023-K,0.478,0.981,False,False
F02521,2023-K,0.0,0.983,False,True
F02522,2023-K,0.78,1.016,False,False
F02523,2023-K,0.0,1.011,False,True
F02524,2023-K,0.0,0.943,False,True
F02525,2023-K,0.557,0.992,False,False
F02526,2023-K,0.0,0.944,False,True
F02527,2023-K,0.848,0.765,False,False
F02528,2023-K,0.0,0.981,False,True
F02529,2023-K,0.632,0.564,False,False
F02530,2023-K,0.0,0.95,False,True
F02531,2023-K,0.817,1.049,False,False
F02532,2023-K,0.681,1.012,False,False
F02533,2023-K,0.472,0.996,False,False
F02534,2023-K,0.531,1.019,False,False
F02535,2023-K,0.449,1.017,False,True
F02536,2023-K,0.304,1.038,False,True
F02537,2023-K,0.399,1.015,False,True
F02538,2023-K,0.362,0.937,False,True
F02539,2023-K,0.462,1.035,False,False
F02540,2023-K,0.571,1.003,False,False
F02541,2023-K,0.593,0.994,False,False
F02542,2023-K,0.817,1.046,False,False
F02543,2023-K,0.694,0.655,False,False
F02544,2023-K,0.268,1.027,False,True
F02545,2023-K,0.474,0.957,False,True
F02546,2023-K,0.299,0.969,False,True
F02547,2023-K,0.611,1.041,False,False
F02548,2023-K,0.16,0.95,False,True
F02549,2023-K,0.542,0.949,False,False
F02550,2023-K,0.684,0.8,False,False
F02551,2023-K,0.208,1.025,False,True
F02552,2023-K,0.351,0.948,False,True
F02553,2023-K,0.838,1.002,False,False
F02554,2023-K,0.58,0.934,False,False
F02555,2023-K,0.492,0.989,False,True
F02556,2023-K,0.659,0.989,False,False
F02557,2023-K,0.533,0.971,False,False
F02558,2023-K,0.212,0.921,False,True
F02559,2023-K,0.721,1.056,False,False
F02560,2023-K,0.43,0.991,False,False
F02561,2023-K,0.727,0.991,False,False
F02562,2023-K,0.238,1.01,False,True
F02563,2023-K,0.877,1.037,False,False
F02564,2023-K,0.823,1.001,False,False
F02565,2023-K,0.323,0.616,False,False
F02566,2023-K,0.643,1.019,False,False
F02567,2023-K,0.426,0.975,False,True
F02568,2023-K,0.665,1.048,False,False
F02569,2023-K,0.739,0.989,False,False
F02570,2023-K,0.326,1.004,False,True
F02571,2023-K,0.049,1.003,False,False
F02572,2023-K,0.233,0.709,False,True
F01001,2023-R,0.0,0.982,False,True
F01002,2023-R,0.0,1.031,False,True
F01003,2023-R,0.567,0.978,False,False
F01004,2023-R,0.0,0.949,False,True
F01005,2023-R,0.0,0.941,False,True
F01006,2023-R,0.0,1.008,False,True
F01007,2023-R,0.0,1.008,False,True
F01008,2023-R,0.788,1.033,False,False
F01009,2023-R,0.816,0.945,False,False
F01010,2023-R,0.0,1.017,False,True
F01011,2023-R,0.0,1.002,False,True
F01012,2023-R,0.0,0.94,False,True
F01013,2023-R,0.592,1.032,False,False
F01014,2023-R,0.0,0.972,False,True
F01015,2023-R,0.0,1.037,False,True
F01016,2023-R,0.0,1.001,False,True
F01017,2023-R,0.0,0.967,False,True
F01018,2023-R,0.0,0.943,False,True
F01020,2023-R,0.488,0.982,False,False
F01021,2023-R,0.795,1.01,False,False
F01023,2023-R,0.826,0.989,False,False
F01024,2023-R,0.0,1.01,False,True
F01025,2023-R,0.0,1.011,False,True
F01027,2023-R,0.0,0.987,False,True
F01028,2023-R,0.0,0.958,False,True
F01029,2023-R,0.57,1.01,False,False
F01030,2023-R,0.0,0.941,False,True
F01031,2023-R,0.0,1.015,False,True
F01032,2023-R,0.0,1.005,False,True
F01033,2023-R,0.0,1.024,False,True
F01034,2023-R,0.0,1.02,False,True
F01035,2023-R,0.827,1.002,False,False
F01036,2023-R,0.825,1.014,False,False
F01037,2023-R,0.81,0.958,False,False
F01038,2023-R,0.0,1.015,False,True
F01039,2023-R,0.0,0.967,False,True
F01040,2023-R,0.0,1.008,False,True
F01041,2023-R,0.0,0.994,False,True
F01042,2023-R,0.0,0.996,False,True
F01043,2023-R,0.0,0.973,False,True
F01044,2023-R,0.799,0.981,False,False
F01045,2023-R,0.0,0.971,False,True
F01046,2023-R,0.0,0.996,False,True
F01047,2023-R,0.0,0.996,False,True
F01048,2023-R,0.31,0.958,False,True
F01049,2023-R,0.0,0.937,False,True
F01050,2023-R,0.815,0.954,False,False
F01051,2023-R,0.493,1.015,False,False
F01052,2023-R,0.0,1.026,False,True
F01053,2023-R,0.0,0.939,False,True
F01054,2023-R,0.0,0.959,False,True
F01055,2023-R,0.257,0.945,False,True
F01056,2023-R,0.0,0.937,False,True
F01057,2023-R,0.0,0.968,False,True
F01058,2023-R,0.0,0.998,False,True
F01059,2023-R,0.0,0.996,False,True
F01060,2023-R,0.0,0.989,False,True
F01061,2023-R,0.0,0.955,False,True
F01062,2023-R,0.0,0.953,False,True
F01063,2023-R,0.0,1.028,False,True
F01064,2023-R,0.813,0.953,False,False
F01066,2023-R,0.0,1.037,False,True
F01067,2023-R,0.0,0.938,False,True
F01068,2023-R,0.0,1.014,False,True
F01069,2023-R,0.0,1.025,False,True
F01070,2023-R,0.0,1.013,False,True
F01071,2023-R,0.575,0.954,False,False
F01072,2023-R,0.0,1.015,False,True
F01073,2023-R,0.0,0.945,False,True
F01074,2023-R,0.0,1.03,False,True
F01075,2023-R,0.0,0.956,False,True
F01076,2023-R,0.0,0.952,False,True
F01077,2023-R,0.0,0.995,False,True
F01078,2023-R,0.0,1.031,False,True
F01079,2023-R,0.559,0.991,False,False
F01080,2023-R,0.0,0.999,False,True
F01081,2023-R,0.884,0.936,False,False
F01082,2023-R,0.822,0.938,False,False
F01083,2023-R,0.0,0.983,False,True
F01084,2023-R,0.0,1.034,False,True
F01085,2023-R,0.0,1.01,False,True
F01086,2023-R,0.0,0.944,False,True
F01087,2023-R,0.0,1.035,False,True
F01088,2023-R,0.0,0.963,False,True
F01089,2023-R,0.0,1.005,False,True
F01090,2023-R,0.0,1.025,False,True
F01091,2023-R,0.0,0.994,False,True
F01092,2023-R,0.571,0.986,False,False
F01093,2023-R,0.0,0.937,False,True
F01094,2023-R,0.0,0.956,False,True
F01095,2023-R,0.0,1.017,False,True
F01096,2023-R,0.0,1.004,False,True
F01097,2023-R,0.0,1.021,False,True
F01098,2023-R,0.77,0.957,False,False
F01099,2023-R,0.0,0.959,False,True
F01100,2023-R,0.0,0.958,False,True
F01101,2023-R,0.0,0.943,False,True
F01102,2023-R,0.0,0.985,False,True
F01103,2023-R,0.0,0.979,False,True
F01104,2023-R,0.906,0.974,False,False
F01105,2023-R,0.906,0.959,False,False
F01106,2023-R,0.0,0.982,False,True
F01107,2023-R,0.885,0.995,False,False
F01108,2023-R,0.0,0.931,False,True
F01109,2023-R,0.0,1.02,False,True
F01110,2023-R,0.899,0.986,False,False
F01111,2023-R,0.887,0.931,False,False
F01112,2023-R,0.904,0.941,False,False
F01113,2023-R,0.0,1.02,False,True
F01114,2023-R,0.571,1.003,False,False
F01115,2023-R,0.0,0.933,False,True
F01116,2023-R,0.881,0.965,False,False
F01117,2023-R,0.0,0.967,False,True
F01118,2023-R,0.0,1.014,False,True
F01119,2023-R,0.0,0.941,False,True
F01120,2023-R,0.882,1.02,False,False
F01121,2023-R,0.547,0.97,False,False
F01122,2023-R,0.598,0.998,False,False
F01123,2023-R,0.0,1.011,False,True
F01124,2023-R,0.0,0.936,False,True
F01125,2023-R,0.0,1.009,False,True
F01126,2023-R,0.0,0.99,False,True
F01127,2023-R,0.0,0.966,False,True
F01128,2023-R,0.0,0.962,False,True
F01129,2023-R,0.0,1.006,False,True
F01130,2023-R,0.0,0.961,False,True
F01131,2023-R,0.822,1.023,False,False
F01132,2023-R,0.0,1.003,False,True
F01133,2023-R,0.51,0.987,False,False
F01134,2023-R,0.0,0.995,False,True
F01135,2023-R,0.0,1.0,False,True
F01136,2023-R,0.0,1.029,False,True
F01137,2023-R,0.0,1.004,False,True
F01138,2023-R,0.0,1.015,False,True
F01139,2023-R,0.843,1.02,False,False
F01140,2023-R,0.0,1.001,False,True
F01141,2023-R,0.836,0.963,False,False
F01142,2023-R,0.0,1.04,False,True
F01143,2023-R,0.0,0.988,False,True
F01144,2023-R,0.0,0.941,False,True
F01145,2023-R,0.0,0.985,False,True
F01146,2023-R,0.0,0.987,False,True
F01147,2023-R,0.842,1.004,False,False
F01149,2023-R,0.0,0.988,False,True
F01150,2023-R,0.0,1.023,False,True
F01151,2023-R,0.824,1.012,False,False
F01152,2023-R,0.816,0.995,False,False
F01153,2023-R,0.843,1.035,False,False
F01154,2023-R,0.0,1.032,False,True
F01156,2023-R,0.0,1.027,False,True
F01157,2023-R,0.0,1.007,False,True
F01158,2023-R,0.559,0.975,False,False
F01159,2023-R,0.0,0.983,False,True
F01160,2023-R,0.811,0.952,False,False
F01161,2023-R,0.0,0.995,False,True
F01162,2023-R,0.0,0.997,False,True
F01163,2023-R,0.817,0.995,False,False
F01164,2023-R,0.797,0.935,False,False
F01165,2023-R,0.82,1.024,False,False
F01166,2023-R,0.0,0.938,False,True
F01167,2023-R,0.0,1.013,False,True
F01168,2023-R,0.0,1.017,False,True
F01169,2023-R,0.815,0.985,False,False
F01170,2023-R,0.808,1.039,False,False
F01171,2023-R,0.813,0.963,False,False
F01173,2023-R,0.0,0.978,False,True
F01174,2023-R,0.0,0.955,False,True
F01175,2023-R,0.0,1.025,False,True
F01176,2023-R,0.551,0.982,False,False
F01177,2023-R,0.0,0.951,False,True
F01178,2023-R,0.0,1.008,False,True
F01179,2023-R,0.871,0.961,False,False
F01180,2023-R,0.0,0.985,False,True
F01181,2023-R,0.0,1.006,False,True
F01182,2023-R,0.0,0.998,False,True
F01183,2023-R,0.0,0.937,False,True
F01184,2023-R,0.0,0.952,False,True
F01185,2023-R,0.0,0.967,False,True
F01186,2023-R,0.0,0.982,False,True
F01187,2023-R,0.0,0.937,False,True
F01188,2023-R,0.0,0.947,False,True
F01190,2023-R,0.0,1.026,False,True
F01191,2023-R,0.531,1.022,False,False
F01192,2023-R,0.0,0.982,False,True
F01193,2023-R,0.808,0.976,False,False
F01194,2023-R,0.0,0.949,False,True
F01196,2023-R,0.0,0.953,False,True
F01197,2023-R,0.0,0.948,False,True
F01198,2023-R,0.0,0.934,False,True
F01199,2023-R,0.598,0.943,False,False
F01200,2023-R,0.0,1.002,False,True
F01201,2023-R,0.0,1.001,False,True
F01202,2023-R,0.0,1.024,False,True
F01203,2023-R,0.873,0.959,False,False
F01204,2023-R,0.0,1.004,False,True
F01205,2023-R,0.0,0.959,False,True
F01206,2023-R,0.0,1.013,False,True
F01207,2023-R,0.905,1.014,False,False
F01208,2023-R,0.0,0.967,False,True
F01209,2023-R,0.0,1.018,False,True
F01210,2023-R,0.0,0.999,False,True
F01211,2023-R,0.0,1.022,False,True
F01212,2023-R,0.0,0.977,False,True
F01213,2023-R,0.0,1.033,False,True
F01214,2023-R,0.0,1.008,False,True
F01215,2023-R,0.0,0.938,False,True
F01216,2023-R,0.926,0.955,False,False
F01217,2023-R,0.0,1.012,False,True
F01218,2023-R,0.0,1.006,False,True
F01219,2023-R,0.56,0.939,False,False
F01220,2023-R,0.0,0.945,False,True
F01221,2023-R,0.0,0.938,False,True
F01222,2023-R,0.0,0.953,False,True
F01223,2023-R,0.928,1.013,False,False
F01224,2023-R,0.0,0.973,False,True
F01225,2023-R,0.0,0.951,False,True
F01226,2023-R,0.353,0.938,False,True
F01227,2023-R,0.0,1.014,False,True
F01228,2023-R,0.0,1.017,False,True
F01229,2023-R,0.0,0.975,False,True
F01230,2023-R,0.0,0.949,False,True
F01231,2023-R,0.0,1.038,False,True
F01232,2023-R,0.0,1.024,False,True
F01233,2023-R,0.0,1.001,False,True
F01234,2023-R,0.0,0.979,False,True
F01235,2023-R,0.488,0.97,False,False
F01236,2023-R,0.853,0.938,False,False
F01237,2023-R,0.0,0.985,False,True
F01238,2023-R,0.0,1.012,False,True
F01239,2023-R,0.0,1.028,False,True
F01240,2023-R,0.0,1.016,False,True
F01242,2023-R,0.0,0.973,False,True
F01243,2023-R,0.0,1.033,False,True
F01244,2023-R,0.0,1.035,False,True
F01245,2023-R,0.0,0.969,False,True
F01246,2023-R,0.0,0.953,False,True
F01247,2023-R,0.0,0.962,False,True
F01249,2023-R,0.856,0.995,False,False
F01250,2023-R,0.0,0.971,False,True
F01251,2023-R,0.0,0.941,False,True
F01252,2023-R,0.0,1.011,False,True
F01253,2023-R,0.0,1.011,False,True
F01255,2023-R,0.0,0.935,False,True
F01256,2023-R,0.0,0.997,False,True
F01257,2023-R,0.0,0.979,False,True
F01258,2023-R,0.0,0.931,False,True
F01259,2023-R,0.0,1.012,False,True
F01260,2023-R,0.0,0.97,False,True
F01261,2023-R,0.0,0.937,False,True
F01262,2023-R,0.0,0.953,False,True
F01263,2023-R,0.785,1.004,False,False
F01264,2023-R,0.782,1.002,False,False
F01265,2023-R,0.0,0.992,False,True
F01266,2023-R,0.0,1.028,False,True
F01267,2023-R,0.0,0.986,False,True
F01268,2023-R,0.0,0.972,False,True
F01269,2023-R,0.0,0.94,False,True
F01270,2023-R,0.0,1.034,False,True
F01271,2023-R,0.0,0.982,False,True
F01272,2023-R,0.0,1.004,False,True
F01273,2023-R,0.0,0.98,False,True
F01274,2023-R,0.742,1.009,False,False
F01275,2023-R,0.533,1.029,False,False
F01276,2023-R,0.0,1.033,False,True
F01277,2023-R,0.0,1.016,False,True
F01278,2023-R,0.0,0.963,False,True
F01279,2023-R,0.0,0.95,False,True
F01280,2023-R,0.817,1.022,False,False
F01281,2023-R,0.0,1.025,False,True
F01282,2023-R,0.0,1.017,False,True
F01283,2023-R,0.5,0.937,False,False
F01284,2023-R,0.0,0.939,False,True
F01285,2023-R,0.521,1.003,False,False
F01286,2023-R,0.0,1.02,False,True
F01287,2023-R,0.0,0.966,False,True
F01288,2023-R,0.869,1.013,False,False
F01289,2023-R,0.0,0.977,False,True
F01290,2023-R,0.0,0.985,False,True
F01291,2023-R,0.0,1.037,False,True
F01292,2023-R,0.867,1.024,False,False
F01293,2023-R,0.481,0.936,False,False
F01295,2023-R,0.0,0.962,False,True
F01296,2023-R,0.838,1.0,False,False
F01297,2023-R,0.594,0.943,False,False
F01298,2023-R,0.0,0.968,False,True
F01299,2023-R,0.0,0.959,False,True
F01300,2023-R,0.0,0.946,False,True
F01301,2023-R,0.0,0.946,False,True
F01302,2023-R,0.0,1.021,False,True
F01303,2023-R,0.0,0.94,False,True
F01304,2023-R,0.0,0.959,False,True
F01306,2023-R,0.0,0.976,False,True
F01307,2023-R,0.714,0.995,False,False
F01308,2023-R,0.899,0.963,False,False
F01309,2023-R,0.0,0.935,False,True
F01310,2023-R,0.0,1.033,False,True
F01311,2023-R,0.564,1.03,False,False
F01312,2023-R,0.887,0.986,False,False
F01313,2023-R,0.0,0.982,False,True
F01314,2023-R,0.0,1.017,False,True
F01315,2023-R,0.0,1.026,False,True
F01316,2023-R,0.0,0.962,False,True
F01317,2023-R,0.745,0.988,False,False
F01318,2023-R,0.0,1.023,False,True
F01319,2023-R,0.883,1.013,False,False
F01320,2023-R,0.489,0.987,False,False
F01321,2023-R,0.0,0.952,False,True
F01322,2023-R,0.0,0.998,False,True
F01323,2023-R,0.0,0.943,False,True
F01324,2023-R,0.0,1.032,False,True
F01326,2023-R,0.0,0.97,False,True
F01329,2023-R,0.914,1.008,False,False
F01330,2023-R,0.0,0.988,False,True
F01331,2023-R,0.911,0.961,False,False
F01332,2023-R,0.0,0.983,False,True
F01333,2023-R,0.0,0.952,False,True
F01334,2023-R,0.0,0.955,False,True
F01336,2023-R,0.0,0.987,False,True
F01337,2023-R,0.0,0.939,False,True
F01338,2023-R,0.0,0.946,False,True
F01339,2023-R,0.0,1.033,False,True
F01340,2023-R,0.591,0.983,False,False
F01341,2023-R,0.0,1.026,False,True
F01342,2023-R,0.0,1.006,False,True
F01344,2023-R,0.0,0.961,False,True
F01347,2023-R,0.588,0.951,False,False
F01348,2023-R,0.506,0.942,False,False
F01349,2023-R,0.0,1.007,False,True
F01350,2023-R,0.339,0.943,False,False
F01351,2023-R,0.0,0.985,False,True
F01352,2023-R,0.907,1.019,False,False
F01353,2023-R,0.0,0.959,False,True
F01354,2023-R,0.0,0.984,False,True
F01355,2023-R,0.0,1.002,False,True
F01356,2023-R,0.0,0.977,False,True
F01357,2023-R,0.0,0.996,False,True
F01358,2023-R,0.0,0.993,False,True
F01359,2023-R,0.0,1.012,False,True
F01360,2023-R,0.913,0.963,False,False
F01361,2023-R,0.0,0.938,False,True
F01362,2023-R,0.899,1.04,False,False
F01363,2023-R,0.0,0.979,False,True
F01364,2023-R,0.916,0.994,False,False
F01365,2023-R,0.0,1.033,False,True
F01366,2023-R,0.453,0.945,False,False
F01367,2023-R,0.0,0.954,False,True
F01368,2023-R,0.0,1.035,False,True
F01369,2023-R,0.901,1.017,False,False
F01370,2023-R,0.899,0.976,False,False
F01371,2023-R,0.0,0.934,False,True
F01372,2023-R,0.0,0.962,False,True
F01373,2023-R,0.0,1.004,False,True
F01374,2023-R,0.0,0.964,False,True
F01375,2023-R,0.0,1.008,False,True
F01376,2023-R,0.568,0.974,False,False
F01377,2023-R,0.0,1.034,False,True
F01378,2023-R,0.915,1.021,False,False
F01379,2023-R,0.921,1.032,False,False
F01380,2023-R,0.819,0.974,False,False
F01381,2023-R,0.0,1.019,False,True
F01382,2023-R,0.927,0.979,False,False
F01383,2023-R,0.0,0.942,False,True
F01384,2023-R,0.0,1.01,False,True
F01385,2023-R,0.515,0.962,False,False
F01386,2023-R,0.922,1.035,False,False
F01387,2023-R,0.0,0.979,False,True
F01388,2023-R,0.0,0.952,False,True
F01389,2023-R,0.0,0.953,False,True
F01390,2023-R,0.0,0.992,False,True
F01391,2023-R,0.343,1.014,False,True
F01392,2023-R,0.0,1.009,False,True
F01393,2023-R,0.502,0.949,False,False
F01394,2023-R,0.776,0.951,False,False
F01395,2023-R,0.929,0.97,False,False
F01396,2023-R,0.922,0.976,False,False
F01397,2023-R,0.0,0.954,False,True
F01398,2023-R,0.0,1.01,False,True
F01400,2023-R,0.0,1.03,False,True
F01401,2023-R,0.924,0.981,False,False
F01402,2023-R,0.0,0.981,False,True
F01403,2023-R,0.0,0.988,False,True
F01404,2023-R,0.0,1.014,False,True
F01405,2023-R,0.0,0.999,False,True
F01406,2023-R,0.0,0.991,False,True
F01407,2023-R,0.0,0.971,False,True
F01408,2023-R,0.0,1.007,False,True
F01409,2023-R,0.572,1.028,False,False
F01410,2023-R,0.0,0.986,False,True
F01411,2023-R,0.0,0.933,False,True
F01412,2023-R,0.839,0.968,False,False
F01413,2023-R,0.0,1.023,False,True
F01414,2023-R,0.534,0.942,False,False
F01415,2023-R,0.0,0.979,False,True
F01416,2023-R,0.0,0.967,False,True
F01417,2023-R,0.596,0.961,False,False
F01418,2023-R,0.0,1.007,False,True
F01419,2023-R,0.803,1.006,False,False
F01420,2023-R,0.582,1.028,False,False
F01421,2023-R,0.0,0.996,False,True
F01422,2023-R,0.0,1.026,False,True
F01423,2023-R,0.0,1.034,False,True
F01425,2023-R,0.0,1.037,False,True
F01426,2023-R,0.0,0.981,False,True
F01427,2023-R,0.0,1.01,False,True
F01428,2023-R,0.843,0.945,False,False
F01429,2023-R,0.0,0.94,False,True
F01430,2023-R,0.782,0.938,False,False
F01431,2023-R,0.0,0.951,False,True
F01432,2023-R,0.792,0.993,False,False
F01433,2023-R,0.53,0.955,False,False
F01434,2023-R,0.0,1.0,False,True
F01435,2023-R,0.0,0.994,False,True
F01436,2023-R,0.0,1.024,False,True
F01437,2023-R,0.0,1.004,False,True
F01438,2023-R,0.0,1.016,False,True
F01439,2023-R,0.0,0.981,False,True
F01440,2023-R,0.0,1.022,False,True
F01441,2023-R,0.786,0.982,False,False
F01442,2023-R,0.0,1.031,False,True
F01443,2023-R,0.0,0.947,False,True
F01444,2023-R,0.0,0.937,False,True
F01445,2023-R,0.0,1.035,False,True
F01446,2023-R,0.0,0.945,False,True
F01447,2023-R,0.0,1.028,False,True
F01448,2023-R,0.589,1.02,False,False
F01449,2023-R,0.0,1.007,False,True
F01450,2023-R,0.793,1.023,False,False
F01452,2023-R,0.0,0.937,False,True
F01453,2023-R,0.78,0.962,False,False
F01454,2023-R,0.0,1.01,False,True
F01455,2023-R,0.0,1.013,False,True
F01456,2023-R,0.0,0.951,False,True
F01457,2023-R,0.784,0.989,False,False
F01458,2023-R,0.0,1.017,False,True
F01459,2023-R,0.0,0.942,False,True
F01460,2023-R,0.0,1.033,False,True
F01461,2023-R,0.0,0.965,False,True
F01462,2023-R,0.0,0.991,False,True
F01463,2023-R,0.0,0.978,False,True
F01464,2023-R,0.571,1.012,False,False
F01465,2023-R,0.0,0.956,False,True
F01466,2023-R,0.0,1.008,False,True
F01467,2023-R,0.0,0.966,False,True
F01468,2023-R,0.0,1.013,False,True
F01469,2023-R,0.0,0.982,False,True
F01470,2023-R,0.0,0.93,False,True
F01471,2023-R,0.0,0.943,False,True
F01472,2023-R,0.0,0.987,False,True
F01473,2023-R,0.0,0.953,False,True
F01474,2023-R,0.0,0.959,False,True
F01475,2023-R,0.0,1.035,False,True
F01476,2023-R,0.808,1.008,False,False
F01477,2023-R,0.0,0.957,False,True
F01478,2023-R,0.0,0.996,False,True
F01480,2023-R,0.0,0.968,False,True
F01481,2023-R,0.803,0.945,False,False
F01482,2023-R,0.0,0.97,False,True
F01483,2023-R,0.0,0.977,False,True
F01484,2023-R,0.0,0.97,False,True
F01485,2023-R,0.0,0.998,False,True
F01486,2023-R,0.0,0.969,False,True
F01487,2023-R,0.0,0.98,False,True
F01488,2023-R,0.0,0.995,False,True
F01489,2023-R,0.593,0.956,False,False
F01490,2023-R,0.828,0.975,False,False
F01491,2023-R,0.0,0.95,False,True
F01492,2023-R,0.816,0.964,False,False
F01493,2023-R,0.0,1.003,False,True
F01494,2023-R,0.0,0.97,False,True
F01495,2023-R,0.785,1.037,False,False
F01496,2023-R,0.0,0.992,False,True
F01498,2023-R,0.0,0.973,False,True
F01499,2023-R,0.0,0.967,False,True
F01501,2023-R,0.461,1.0,False,False
F01502,2023-R,0.598,0.972,False,False
F01503,2023-R,0.0,1.019,False,True
F01504,2023-R,0.0,0.936,False,True
F01505,2023-R,0.468,0.937,False,False
F01506,2023-R,0.0,0.941,False,True
F01507,2023-R,0.0,0.957,False,True
F01508,2023-R,0.0,0.955,False,True
F01510,2023-R,0.0,1.023,False,True
F01511,2023-R,0.0,1.037,False,True
F01512,2023-R,0.0,1.024,False,True
F01513,2023-R,0.786,0.945,False,False
F01514,2023-R,0.503,1.01,False,False
F01515,2023-R,0.0,0.966,False,True
F01516,2023-R,0.0,0.975,False,True
F01517,2023-R,0.0,1.013,False,True
F01518,2023-R,0.595,0.935,False,False
F01519,2023-R,0.0,1.029,False,True
F01520,2023-R,0.0,0.976,False,True
F01521,2023-R,0.0,1.036,False,True
F01523,2023-R,0.0,0.944,False,True
F01524,2023-R,0.0,0.953,False,True
F01525,2023-R,0.0,0.964,False,True
F01526,2023-R,0.476,0.976,False,False
F01527,2023-R,0.0,1.019,False,True
F01528,2023-R,0.489,1.019,False,False
F01529,2023-R,0.0,1.028,False,True
F01530,2023-R,0.559,0.935,False,False
F01531,2023-R,0.0,1.032,False,True
F01532,2023-R,0.0,0.979,False,True
F01533,2023-R,0.0,1.006,False,True
F01534,2023-R,0.0,0.992,False,True
F01535,2023-R,0.49,1.018,False,False
F01536,2023-R,0.0,0.939,False,True
F01538,2023-R,0.798,0.975,False,False
F01539,2023-R,0.0,1.006,False,True
F01540,2023-R,0.0,0.979,False,True
F01541,2023-R,0.0,1.015,False,True
F01542,2023-R,0.539,0.991,False,False
F01543,2023-R,0.0,1.03,False,True
F01544,2023-R,0.919,1.013,False,False
F01545,2023-R,0.92,0.935,False,False
F01546,2023-R,0.844,0.977,False,False
F01547,2023-R,0.0,1.001,False,True
F01548,2023-R,0.934,1.031,False,False
F01549,2023-R,0.0,0.971,False,True
F01550,2023-R,0.773,0.976,False,False
F01551,2023-R,0.0,0.996,False,True
F01553,2023-R,0.786,0.984,False,False
F01554,2023-R,0.0,1.004,False,True
F01555,2023-R,0.0,1.034,False,True
F01556,2023-R,0.462,1.033,False,False
F01557,2023-R,0.0,0.952,False,True
F01558,2023-R,0.0,0.989,False,True
F01559,2023-R,0.0,1.039,False,True
F01560,2023-R,0.861,0.999,False,False
F01561,2023-R,0.0,0.991,False,True
F01562,2023-R,0.0,0.961,False,True
F01563,2023-R,0.774,0.943,False,False
F01564,2023-R,0.926,1.017,False,False
F01565,2023-R,0.0,0.956,False,True
F01566,2023-R,0.0,0.951,False,True
F01568,2023-R,0.927,0.984,False,False
F01569,2023-R,0.917,0.953,False,False
F01570,2023-R,0.0,0.944,False,True
F01571,2023-R,0.0,1.035,False,True
F01572,2023-R,0.0,1.012,False,True
F01573,2023-R,0.0,0.995,False,True
F01574,2023-R,0.0,1.009,False,True
F01575,2023-R,0.574,1.013,False,False
F01576,2023-R,0.855,1.015,False,False
F01577,2023-R,0.464,1.034,False,False
F01578,2023-R,0.0,0.968,False,True
F01579,2023-R,0.0,1.0,False,True
F01580,2023-R,0.879,1.024,False,False
F01581,2023-R,0.866,0.977,False,False
F01582,2023-R,0.876,0.947,False,False
F01583,2023-R,0.0,1.037,False,True
F01584,2023-R,0.0,1.0,False,True
F01585,2023-R,0.0,1.007,False,True
F01586,2023-R,0.873,0.951,False,False
F01587,2023-R,0.79,0.957,False,False
F01589,2023-R,0.0,0.934,False,True
F01590,2023-R,0.0,0.965,False,True
F01591,2023-R,0.0,1.008,False,True
F01592,2023-R,0.0,0.951,False,True
F01593,2023-R,0.873,0.959,False,False
F01594,2023-R,0.0,0.967,False,True
F01595,2023-R,0.545,1.034,False,False
F01596,2023-R,0.0,0.99,False,True
F01597,2023-R,0.0,1.027,False,True
F01598,2023-R,0.0,0.979,False,True
F01599,2023-R,0.819,0.99,False,False
F01600,2023-R,0.0,1.008,False,True
F01601,2023-R,0.0,0.983,False,True
F01602,2023-R,0.0,0.959,False,True
F01603,2023-R,0.0,1.023,False,True
F01604,2023-R,0.0,0.979,False,True
F01605,2023-R,0.0,0.946,False,True
F01606,2023-R,0.827,0.937,False,False
F01607,2023-R,0.825,0.937,False,False
F01608,2023-R,0.0,0.988,False,True
F01609,2023-R,0.0,1.04,False,True
F01610,2023-R,0.827,0.978,False,False
F01611,2023-R,0.0,0.955,False,True
F01612,2023-R,0.821,0.997,False,False
F01613,2023-R,0.0,0.973,False,True
F01614,2023-R,0.0,0.955,False,True
F01615,2023-R,0.0,1.004,False,True
F01616,2023-R,0.0,1.008,False,True
F01617,2023-R,0.0,1.004,False,True
F01618,2023-R,0.0,0.954,False,True
F01619,2023-R,0.0,0.967,False,True
F01620,2023-R,0.0,0.96,False,True
F01621,2023-R,0.0,0.946,False,True
F01622,2023-R,0.0,0.983,False,True
F01623,2023-R,0.0,0.982,False,True
F01624,2023-R,0.0,0.989,False,True
F01625,2023-R,0.0,0.97,False,True
F01626,2023-R,0.0,0.973,False,True
F01627,2023-R,0.0,0.957,False,True
F01628,2023-R,0.0,0.988,False,True
F01629,2023-R,0.0,0.938,False,True
F01630,2023-R,0.0,0.99,False,True
F01631,2023-R,0.0,0.982,False,True
F01632,2023-R,0.0,0.938,False,True
F01633,2023-R,0.533,1.013,False,False
F01634,2023-R,0.0,0.945,False,True
F01635,2023-R,0.0,1.04,False,True
F01636,2023-R,0.775,0.933,False,False
F01637,2023-R,0.782,0.989,False,False
F01638,2023-R,0.782,0.948,False,False
F01639,2023-R,0.0,0.991,False,True
F01640,2023-R,0.581,0.936,False,False
F01641,2023-R,0.0,0.934,False,True
F01642,2023-R,0.788,1.027,False,False
F01643,2023-R,0.0,0.933,False,True
F01644,2023-R,0.0,0.997,False,True
F01645,2023-R,0.0,0.944,False,True
F01646,2023-R,0.0,1.03,False,True
F01647,2023-R,0.0,1.004,False,True
F01648,2023-R,0.0,0.991,False,True
F01649,2023-R,0.787,1.032,False,False
F01650,2023-R,0.478,1.03,False,False
F01651,2023-R,0.0,0.997,False,True
F01652,2023-R,0.0,1.025,False,True
F01653,2023-R,0.545,1.038,False,False
F01654,2023-R,0.326,1.002,False,True
F01655,2023-R,0.0,0.982,False,True
F01656,2023-R,0.0,0.97,False,True
F01657,2023-R,0.0,0.94,False,True
F01658,2023-R,0.799,1.015,False,False
F01659,2023-R,0.0,1.015,False,True
F01660,2023-R,0.783,0.93,False,False
F01661,2023-R,0.0,1.027,False,True
F01662,2023-R,0.548,0.95,False,False
F01663,2023-R,0.0,0.93,False,True
F01665,2023-R,0.0,1.021,False,True
F01666,2023-R,0.581,0.993,False,False
F01667,2023-R,0.0,0.991,False,True
F01668,2023-R,0.0,1.013,False,True
F01669,2023-R,0.0,1.005,False,True
F01670,2023-R,0.0,0.942,False,True
F01671,2023-R,0.166,0.931,False,False
F01672,2023-R,0.0,0.933,False,True
F01673,2023-R,0.0,0.963,False,True
F01674,2023-R,0.0,1.019,False,True
F01675,2023-R,0.316,0.974,False,True
F01676,2023-R,0.0,0.996,False,True
F01677,2023-R,0.0,0.939,False,True
F01678,2023-R,0.0,0.975,False,True
F01679,2023-R,0.0,0.94,False,True
F01680,2023-R,0.0,0.973,False,True
F01681,2023-R,0.0,0.982,False,True
F01682,2023-R,0.0,0.956,False,True
F01683,2023-R,0.0,0.986,False,True
F01684,2023-R,0.0,1.021,False,True
F01685,2023-R,0.0,1.012,False,True
F01686,2023-R,0.0,0.933,False,True
F01687,2023-R,0.827,1.028,False,False
F01688,2023-R,0.0,1.033,False,True
F01689,2023-R,0.0,1.038,False,True
F01690,2023-R,0.0,0.989,False,True
F01691,2023-R,0.0,1.014,False,True
F01692,2023-R,0.0,1.016,False,True
F01693,2023-R,0.471,0.953,False,False
F01694,2023-R,0.858,0.948,False,False
F01696,2023-R,0.887,0.949,False,False
F01697,2023-R,0.0,0.958,False,True
F01698,2023-R,0.0,0.97,False,True
F01699,2023-R,0.0,1.004,False,True
F01700,2023-R,0.0,0.968,False,True
F01701,2023-R,0.0,0.987,False,True
F01702,2023-R,0.892,1.037,False,False
F01703,2023-R,0.558,0.965,False,False
F01704,2023-R,0.0,0.954,False,True
F01705,2023-R,0.0,0.973,False,True
F01706,2023-R,0.873,1.002,False,False
F01707,2023-R,0.888,0.989,False,False
F01708,2023-R,0.0,0.997,False,True
F01709,2023-R,0.896,1.038,False,False
F01710,2023-R,0.0,1.035,False,True
F01711,2023-R,0.0,0.951,False,True
F01712,2023-R,0.0,0.958,False,True
F01713,2023-R,0.0,0.953,False,True
F01714,2023-R,0.872,1.026,False,False
F01715,2023-R,0.0,1.005,False,True
F01716,2023-R,0.0,0.96,False,True
F01717,2023-R,0.0,0.947,False,True
F01718,2023-R,0.632,0.952,False,False
F01719,2023-R,0.513,0.993,False,False
F01720,2023-R,0.0,1.016,False,True
F01721,2023-R,0.0,0.981,False,True
F01722,2023-R,0.809,0.989,False,False
F01723,2023-R,0.0,0.97,False,True
F01724,2023-R,0.82,0.999,False,False
F01725,2023-R,0.411,1.01,False,False
F01726,2023-R,0.0,0.94,False,True
F01727,2023-R,0.0,0.947,False,True
F01728,2023-R,0.0,0.993,False,True
F01729,2023-R,0.0,0.994,False,True
F01730,2023-R,0.822,0.941,False,False
F01731,2023-R,0.0,0.994,False,True
F01732,2023-R,0.816,0.952,False,False
F01733,2023-R,0.0,0.971,False,True
F01734,2023-R,0.0,1.038,False,True
F01735,2023-R,0.0,1.026,False,True
F01736,2023-R,0.0,0.988,False,True
F01737,2023-R,0.0,0.973,False,True
F01738,2023-R,0.0,1.028,False,True
F01739,2023-R,0.0,0.999,False,True
F01740,2023-R,0.908,1.038,False,False
F01741,2023-R,0.833,0.983,False,False
F01743,2023-R,0.0,0.954,False,True
F01744,2023-R,0.0,0.988,False,True
F01745,2023-R,0.0,0.967,False,True
F01746,2023-R,0.0,1.003,False,True
F01747,2023-R,0.853,1.009,False,False
F01748,2023-R,0.0,0.997,False,True
F01749,2023-R,0.0,0.968,False,True
F01750,2023-R,0.554,1.04,False,False
F01751,2023-R,0.0,0.977,False,True
F01752,2023-R,0.0,1.011,False,True
F01753,2023-R,0.83,0.962,False,False
F01754,2023-R,0.0,1.022,False,True
F01755,2023-R,0.0,0.952,False,True
F01756,2023-R,0.0,0.977,False,True
F01757,2023-R,0.0,1.026,False,True
F01758,2023-R,0.0,0.962,False,True
F01759,2023-R,0.0,1.031,False,True
F01760,2023-R,0.0,0.958,False,True
F01761,2023-R,0.0,0.94,False,True
F01763,2023-R,0.0,1.029,False,True
F01764,2023-R,0.0,0.984,False,True
F01765,2023-R,0.825,1.022,False,False
F01766,2023-R,0.0,1.011,False,True
F01767,2023-R,0.0,0.998,False,True
F01769,2023-R,0.0,0.942,False,True
F01770,2023-R,0.0,0.945,False,True
F01771,2023-R,0.0,0.999,False,True
F01772,2023-R,0.542,0.97,False,False
F01773,2023-R,0.0,0.992,False,True
F01774,2023-R,0.841,0.985,False,False
F01775,2023-R,0.0,0.973,False,True
F01776,2023-R,0.0,0.986,False,True
F01777,2023-R,0.0,1.003,False,True
F01779,2023-R,0.844,0.994,False,False
F01780,2023-R,0.0,0.941,False,True
F01781,2023-R,0.812,0.969,False,False
F01782,2023-R,0.505,0.963,False,False
F01783,2023-R,0.0,0.957,False,True
F01784,2023-R,0.904,1.024,False,False
F01786,2023-R,0.341,1.0,False,True
F01787,2023-R,0.794,0.945,False,False
F01788,2023-R,0.882,0.966,False,False
F01789,2023-R,0.0,0.963,False,True
F01790,2023-R,0.0,0.972,False,True
F01791,2023-R,0.0,1.022,False,True
F01792,2023-R,0.0,0.961,False,True
F01793,2023-R,0.0,1.003,False,True
F01794,2023-R,0.584,1.019,False,False
F01795,2023-R,0.0,0.961,False,True
F01796,2023-R,0.0,0.959,False,True
F01797,2023-R,0.0,0.973,False,True
F01798,2023-R,0.58,0.973,False,False
F01800,2023-R,0.0,0.958,False,True
F01801,2023-R,0.0,0.948,False,True
F01802,2023-R,0.0,1.012,False,True
F01803,2023-R,0.841,1.039,False,False
F01804,2023-R,0.0,1.026,False,True
F01805,2023-R,0.906,0.987,False,False
F01806,2023-R,0.913,0.946,False,False
F01807,2023-R,0.0,1.01,False,True
F01809,2023-R,0.798,0.984,False,False
F01810,2023-R,0.0,1.007,False,True
F01812,2023-R,0.0,0.945,False,True
F01813,2023-R,0.0,0.957,False,True
F01814,2023-R,0.0,0.996,False,True
F01815,2023-R,0.754,0.988,False,False
F01816,2023-R,0.0,1.028,False,True
F01817,2023-R,0.859,0.966,False,False
F01818,2023-R,0.817,1.022,False,False
F01819,2023-R,0.0,0.962,False,True
F01820,2023-R,0.0,1.025,False,True
F01821,2023-R,0.0,0.941,False,True
F01822,2023-R,0.0,0.955,False,True
F01823,2023-R,0.884,1.015,False,False
F01824,2023-R,0.0,0.998,False,True
F01825,2023-R,0.873,0.961,False,False
F01826,2023-R,0.0,1.039,False,True
F01827,2023-R,0.0,0.999,False,True
F01828,2023-R,0.0,1.019,False,True
F01829,2023-R,0.598,1.021,False,False
F01830,2023-R,0.0,0.97,False,True
F01831,2023-R,0.789,1.01,False,False
F01832,2023-R,0.0,0.942,False,True
F01833,2023-R,0.824,1.015,False,False
F01834,2023-R,0.0,0.996,False,True
F01835,2023-R,0.0,0.953,False,True
F01837,2023-R,0.484,0.994,False,False
F01838,2023-R,0.818,0.964,False,False
F01839,2023-R,0.823,1.008,False,False
F01840,2023-R,0.0,0.969,False,True
F01841,2023-R,0.0,0.977,False,True
F01842,2023-R,0.832,0.995,False,False
F01843,2023-R,0.194,1.027,False,True
F01844,2023-R,0.0,0.982,False,True
F01845,2023-R,0.0,0.975,False,True
F01846,2023-R,0.0,1.035,False,True
F01847,2023-R,0.0,1.016,False,True
F01848,2023-R,0.83,0.989,False,False
F01849,2023-R,0.814,0.979,False,False
F01850,2023-R,0.0,1.013,False,True
F01851,2023-R,0.798,1.037,False,False
F01852,2023-R,0.829,0.957,False,False
F01853,2023-R,0.0,1.038,False,True
F01854,2023-R,0.0,0.954,False,True
F01855,2023-R,0.0,0.995,False,True
F01856,2023-R,0.0,0.935,False,True
F01857,2023-R,0.0,0.979,False,True
F01858,2023-R,0.0,1.005,False,True
F01859,2023-R,0.828,1.014,False,False
F01860,2023-R,0.0,0.931,False,True
F01861,2023-R,0.0,1.03,False,True
F01862,2023-R,0.0,0.948,False,True
F01863,2023-R,0.0,0.992,False,True
F01864,2023-R,0.0,0.944,False,True
F01865,2023-R,0.496,1.037,False,False
F01866,2023-R,0.851,0.933,False,False
F01867,2023-R,0.776,0.946,False,False
F01868,2023-R,0.0,0.96,False,True
F01869,2023-R,0.0,1.023,False,True
F01870,2023-R,0.0,1.037,False,True
F01871,2023-R,0.0,0.941,False,True
F01872,2023-R,0.0,0.968,False,True
F01873,2023-R,0.462,0.992,False,False
F01874,2023-R,0.0,0.994,False,True
F01875,2023-R,0.928,0.979,False,False
F01876,2023-R,0.926,0.973,False,False
F01877,2023-R,0.0,0.962,False,True
F01878,2023-R,0.8,1.04,False,False
F01879,2023-R,0.0,0.942,False,True
F01880,2023-R,0.918,1.008,False,False
F01881,2023-R,0.926,1.005,False,False
F01882,2023-R,0.0,0.979,False,True
F01883,2023-R,0.0,0.977,False,True
F01884,2023-R,0.0,0.973,False,True
F01885,2023-R,0.0,1.004,False,True
F01886,2023-R,0.79,1.018,False,False
F01887,2023-R,0.0,1.012,False,True
F01888,2023-R,0.0,0.94,False,True
F01889,2023-R,0.0,0.948,False,True
F01890,2023-R,0.559,0.963,False,False
F01891,2023-R,0.0,0.948,False,True
F01892,2023-R,0.0,0.937,False,True
F01893,2023-R,0.589,0.943,False,False
F01894,2023-R,0.0,0.954,False,True
F01895,2023-R,0.0,0.937,False,True
F01896,2023-R,0.0,0.953,False,True
F01897,2023-R,0.0,1.03,False,True
F01898,2023-R,0.0,0.984,False,True
F01899,2023-R,0.782,1.0,False,False
F01900,2023-R,0.0,0.953,False,True
F01901,2023-R,0.0,1.026,False,True
F01902,2023-R,0.0,1.026,False,True
F01903,2023-R,0.792,1.002,False,False
F01904,2023-R,0.0,1.017,False,True
F01905,2023-R,0.507,1.018,False,False
F01906,2023-R,0.0,0.936,False,True
F01907,2023-R,0.789,0.959,False,False
F01909,2023-R,0.487,0.994,False,False
F01910,2023-R,0.0,1.004,False,True
F01911,2023-R,0.0,1.001,False,True
F01912,2023-R,0.0,0.989,False,True
F01913,2023-R,0.475,1.005,False,False
F01914,2023-R,0.567,1.014,False,False
F01915,2023-R,0.889,1.01,False,False
F01916,2023-R,0.0,1.022,False,True
F01917,2023-R,0.806,1.0,False,False
F01918,2023-R,0.876,0.994,False,False
F01919,2023-R,0.0,1.007,False,True
F01920,2023-R,0.594,0.981,False,False
F01921,2023-R,0.784,0.936,False,False
F01922,2023-R,0.0,1.023,False,True
F01923,2023-R,0.0,0.964,False,True
F01924,2023-R,0.0,0.937,False,True
F01925,2023-R,0.0,0.999,False,True
F01926,2023-R,0.0,0.964,False,True
F01927,2023-R,0.0,0.963,False,True
F01928,2023-R,0.0,1.039,False,True
F01929,2023-R,0.564,1.039,False,False
F01930,2023-R,0.0,0.972,False,True
F01931,2023-R,0.0,0.979,False,True
F01932,2023-R,0.0,0.991,False,True
F01933,2023-R,0.0,0.995,False,True
F01934,2023-R,0.491,0.988,False,False
F01935,2023-R,0.0,0.986,False,True
F01936,2023-R,0.0,0.937,False,True
F01937,2023-R,0.873,1.005,False,False
F01938,2023-R,0.0,0.985,False,True
F01939,2023-R,0.553,0.972,False,False
F01940,2023-R,0.838,1.013,False,False
F01941,2023-R,0.0,0.969,False,True
F01942,2023-R,0.0,0.938,False,True
F01943,2023-R,0.0,1.023,False,True
F01944,2023-R,0.0,0.958,False,True
F01945,2023-R,0.0,0.972,False,True
F01946,2023-R,0.0,1.036,False,True
F01947,2023-R,0.0,0.958,False,True
F01948,2023-R,0.594,1.013,False,False
F01949,2023-R,0.0,1.028,False,True
F01950,2023-R,0.0,1.018,False,True
F01951,2023-R,0.0,1.002,False,True
F01952,2023-R,0.0,0.95,False,True
F01953,2023-R,0.0,1.01,False,True
F01954,2023-R,0.0,0.989,False,True
F01955,2023-R,0.0,0.933,False,True
F01956,2023-R,0.0,0.946,False,True
F01957,2023-R,0.0,0.987,False,True
F01958,2023-R,0.516,1.032,False,False
F01959,2023-R,0.834,0.974,False,False
F01960,2023-R,0.0,1.034,False,True
F01961,2023-R,0.0,0.976,False,True
F01962,2023-R,0.0,1.0,False,True
F01963,2023-R,0.0,0.982,False,True
F01964,2023-R,0.832,0.985,False,False
F01965,2023-R,0.0,1.003,False,True
F01966,2023-R,0.0,1.001,False,True
F01967,2023-R,0.0,0.98,False,True
F01969,2023-R,0.579,1.01,False,False
F01970,2023-R,0.0,1.017,False,True
F01971,2023-R,0.0,0.956,False,True
F01972,2023-R,0.0,0.989,False,True
F01973,2023-R,0.859,1.018,False,False
F01974,2023-R,0.519,1.022,False,False
F01975,2023-R,0.0,1.026,False,True
F01976,2023-R,0.0,0.948,False,True
F01977,2023-R,0.0,0.953,False,True
F01978,2023-R,0.846,0.97,False,False
F01979,2023-R,0.862,0.979,False,False
F01980,2023-R,0.0,1.014,False,True
F01981,2023-R,0.0,1.026,False,True
F01982,2023-R,0.0,1.016,False,True
F01983,2023-R,0.0,0.989,False,True
F01984,2023-R,0.0,0.947,False,True
F01985,2023-R,0.0,0.963,False,True
F01986,2023-R,0.877,0.952,False,False
F01987,2023-R,0.0,1.013,False,True
F01988,2023-R,0.0,0.947,False,True
F01989,2023-R,0.0,0.932,False,True
F01990,2023-R,0.5,1.035,False,False
F01991,2023-R,0.0,0.943,False,True
F01992,2023-R,0.0,1.037,False,True
F01993,2023-R,0.0,1.012,False,True
F01994,2023-R,0.773,0.961,False,False
F01995,2023-R,0.0,1.036,False,True
F01996,2023-R,0.0,1.003,False,True
F01997,2023-R,0.0,0.973,False,True
F01998,2023-R,0.818,0.968,False,False
F01999,2023-R,0.0,1.017,False,True
F02001,2023-R,0.0,1.016,False,True
F02002,2023-R,0.78,1.003,False,False
F02003,2023-R,0.0,1.0,False,True
F02004,2023-R,0.0,1.004,False,True
F02005,2023-R,0.0,1.022,False,True
F02006,2023-R,0.0,1.021,False,True
F02007,2023-R,0.0,1.016,False,True
F02008,2023-R,0.0,1.011,False,True
F02009,2023-R,0.0,1.013,False,True
F02010,2023-R,0.0,0.952,False,True
F02011,2023-R,0.0,1.003,False,True
F02012,2023-R,0.552,0.94,False,False
F02013,2023-R,0.0,1.027,False,True
F02014,2023-R,0.0,0.961,False,True
F02015,2023-R,0.0,1.03,False,True
F02016,2023-R,0.0,0.942,False,True
F02017,2023-R,0.0,0.987,False,True
F02018,2023-R,0.0,1.032,False,True
F02019,2023-R,0.0,1.013,False,True
F02020,2023-R,0.0,1.002,False,True
F02021,2023-R,0.929,0.936,False,False
F02022,2023-R,0.0,1.016,False,True
F02023,2023-R,0.0,0.967,False,True
F02025,2023-R,0.0,0.979,False,True
F02026,2023-R,0.849,1.002,False,False
F02027,2023-R,0.0,0.983,False,True
F02028,2023-R,0.0,1.022,False,True
F02029,2023-R,0.0,1.015,False,True
F02030,2023-R,0.0,0.944,False,True
F02031,2023-R,0.922,0.942,False,False
F02033,2023-R,0.0,0.932,False,True
F02034,2023-R,0.0,0.941,False,True
F02035,2023-R,0.866,0.945,False,False
F02036,2023-R,0.569,0.961,False,False
F02037,2023-R,0.0,1.037,False,True
F02038,2023-R,0.866,0.971,False,False
F02039,2023-R,0.0,0.966,False,True
F02040,2023-R,0.0,0.986,False,True
F02041,2023-R,0.771,1.032,False,False
F02042,2023-R,0.825,0.978,False,False
F02043,2023-R,0.0,1.039,False,True
F02044,2023-R,0.854,0.983,False,False
F02045,2023-R,0.0,0.949,False,True
F02046,2023-R,0.829,0.947,False,False
F02047,2023-R,0.0,1.0,False,True
F02048,2023-R,0.0,0.951,False,True
F02049,2023-R,0.767,1.0,False,False
F02050,2023-R,0.0,1.004,False,True
F02051,2023-R,0.0,0.943,False,True
F02052,2023-R,0.0,0.962,False,True
F02053,2023-R,0.0,0.94,False,True
F02055,2023-R,0.0,0.964,False,True
F02056,2023-R,0.0,0.968,False,True
F02057,2023-R,0.0,1.032,False,True
F02058,2023-R,0.0,1.018,False,True
F02059,2023-R,0.0,0.938,False,True
F02060,2023-R,0.843,0.979,False,False
F02061,2023-R,0.859,0.935,False,False
F02062,2023-R,0.0,0.939,False,True
F02063,2023-R,0.0,1.04,False,True
F02064,2023-R,0.654,0.984,False,False
F02065,2023-R,0.892,0.964,False,False
F02066,2023-R,0.88,1.021,False,False
F02068,2023-R,0.844,1.001,False,False
F02069,2023-R,0.0,0.951,False,True
F02070,2023-R,0.0,1.029,False,True
F02071,2023-R,0.0,1.018,False,True
F02072,2023-R,0.0,0.993,False,True
F02073,2023-R,0.592,0.959,False,False
F02074,2023-R,0.0,0.934,False,True
F02075,2023-R,0.0,0.936,False,True
F02076,2023-R,0.887,0.94,False,False
F02077,2023-R,0.0,0.997,False,True
F02078,2023-R,0.0,1.038,False,True
F02079,2023-R,0.909,1.023,False,False
F02081,2023-R,0.0,1.029,False,True
F02082,2023-R,0.0,0.994,False,True
F02083,2023-R,0.915,1.021,False,False
F02084,2023-R,0.0,1.022,False,True
F02085,2023-R,0.562,1.031,False,False
F02086,2023-R,0.0,1.035,False,True
F02087,2023-R,0.0,1.022,False,True
F02088,2023-R,0.911,1.016,False,False
F02089,2023-R,0.0,1.04,False,True
F02090,2023-R,0.885,1.013,False,False
F02091,2023-R,0.91,0.946,False,False
F02092,2023-R,0.903,0.957,False,False
F02093,2023-R,0.856,1.001,False,False
F02094,2023-R,0.0,0.999,False,True
F02095,2023-R,0.901,1.017,False,False
F02096,2023-R,0.89,1.012,False,False
F02097,2023-R,0.0,0.965,False,True
F02098,2023-R,0.0,0.937,False,True
F02099,2023-R,0.0,0.975,False,True
F02100,2023-R,0.0,0.931,False,True
F02101,2023-R,0.0,0.967,False,True
F02102,2023-R,0.0,0.961,False,True
F02103,2023-R,0.0,1.034,False,True
F02104,2023-R,0.811,1.019,False,False
F02105,2023-R,0.0,1.031,False,True
F02106,2023-R,0.0,1.022,False,True
F02107,2023-R,0.867,1.018,False,False
F02108,2023-R,0.595,0.998,False,False
F02109,2023-R,0.0,1.005,False,True
F02110,2023-R,0.0,1.014,False,True
F02111,2023-R,0.0,0.953,False,True
F02113,2023-R,0.0,0.984,False,True
F02114,2023-R,0.0,1.008,False,True
F02116,2023-R,0.0,0.948,False,True
F02117,2023-R,0.0,0.986,False,True
F02118,2023-R,0.0,0.998,False,True
F02119,2023-R,0.0,0.933,False,True
F02120,2023-R,0.0,0.97,False,True
F02121,2023-R,0.553,0.996,False,False
F02122,2023-R,0.0,0.949,False,True
F02123,2023-R,0.805,0.963,False,False
F02124,2023-R,0.0,0.995,False,True
F02125,2023-R,0.0,1.035,False,True
F02126,2023-R,0.0,0.954,False,True
F02127,2023-R,0.0,1.024,False,True
F02128,2023-R,0.564,0.999,False,False
F02129,2023-R,0.0,0.939,False,True
F02130,2023-R,0.0,0.936,False,True
F02131,2023-R,0.0,1.04,False,True
F02132,2023-R,0.0,0.984,False,True
F02133,2023-R,0.813,1.034,False,False
F02134,2023-R,0.0,0.968,False,True
F02135,2023-R,0.0,0.94,False,True
F02136,2023-R,0.0,0.938,False,True
F02137,2023-R,0.344,0.98,False,False
F02138,2023-R,0.0,0.931,False,True
F02139,2023-R,0.0,0.948,False,True
F02140,2023-R,0.0,1.032,False,True
F02141,2023-R,0.0,0.979,False,True
F02142,2023-R,0.0,0.95,False,True
F02143,2023-R,0.0,0.945,False,True
F02144,2023-R,0.916,0.998,False,False
F02145,2023-R,0.812,1.013,False,False
F02146,2023-R,0.898,1.0,False,False
F02147,2023-R,0.0,1.017,False,True
F02148,2023-R,0.0,1.005,False,True
F02149,2023-R,0.85,0.976,False,False
F02150,2023-R,0.0,0.989,False,True
F02151,2023-R,0.899,0.944,False,False
F02152,2023-R,0.0,0.988,False,True
F02153,2023-R,0.0,0.97,False,True
F02154,2023-R,0.85,1.031,False,False
F02155,2023-R,0.0,1.028,False,True
F02156,2023-R,0.868,0.956,False,False
F02157,2023-R,0.0,1.014,False,True
F02158,2023-R,0.349,1.01,False,True
F02159,2023-R,0.0,0.967,False,True
F02160,2023-R,0.0,0.944,False,True
F02161,2023-R,0.0,0.99,False,True
F02162,2023-R,0.768,0.956,False,False
F02163,2023-R,0.0,1.037,False,True
F02164,2023-R,0.0,1.025,False,True
F02165,2023-R,0.0,0.948,False,True
F02166,2023-R,0.0,1.035,False,True
F02167,2023-R,0.0,0.994,False,True
F02168,2023-R,0.581,1.017,False,False
F02169,2023-R,0.0,0.936,False,True
F02170,2023-R,0.0,0.955,False,True
F02172,2023-R,0.0,0.983,False,True
F02173,2023-R,0.0,0.931,False,True
F02174,2023-R,0.813,0.939,False,False
F02175,2023-R,0.0,0.99,False,True
F02176,2023-R,0.0,0.949,False,True
F02177,2023-R,0.0,0.963,False,True
F02178,2023-R,0.806,0.992,False,False
F02179,2023-R,0.0,0.99,False,True
F02180,2023-R,0.311,0.971,False,True
F02181,2023-R,0.0,0.946,False,True
F02182,2023-R,0.0,0.997,False,True
F02183,2023-R,0.0,0.952,False,True
F02184,2023-R,0.537,0.998,False,False
F02185,2023-R,0.0,0.98,False,True
F02186,2023-R,0.0,1.005,False,True
F02187,2023-R,0.0,1.021,False,True
F02188,2023-R,0.0,0.998,False,True
F02189,2023-R,0.803,0.945,False,False
F02190,2023-R,0.0,0.972,False,True
F02191,2023-R,0.0,0.978,False,True
F02192,2023-R,0.0,1.03,False,True
F02193,2023-R,0.0,1.002,False,True
F02195,2023-R,0.843,1.022,False,False
F02196,2023-R,0.509,0.945,False,False
F02197,2023-R,0.0,0.93,False,True
F02198,2023-R,0.0,0.989,False,True
F02199,2023-R,0.0,0.94,False,True
F02200,2023-R,0.0,1.039,False,True
F02201,2023-R,0.831,1.003,False,False
F02202,2023-R,0.581,1.005,False,False
F02203,2023-R,0.0,0.955,False,True
F02204,2023-R,0.0,1.008,False,True
F02205,2023-R,0.0,1.028,False,True
F02206,2023-R,0.0,0.991,False,True
F02207,2023-R,0.831,1.016,False,False
F02208,2023-R,0.556,1.036,False,False
F02209,2023-R,0.825,0.988,False,False
F02210,2023-R,0.0,1.002,False,True
F02211,2023-R,0.804,1.024,False,False
F02212,2023-R,0.0,0.953,False,True
F02214,2023-R,0.0,0.999,False,True
F02215,2023-R,0.0,1.011,False,True
F02216,2023-R,0.0,0.952,False,True
F02217,2023-R,0.8,1.012,False,False
F02218,2023-R,0.0,0.939,False,True
F02219,2023-R,0.0,0.945,False,True
F02220,2023-R,0.498,1.037,False,False
F02221,2023-R,0.0,1.006,False,True
F02222,2023-R,0.865,0.931,False,False
F02223,2023-R,0.0,1.018,False,True
F02224,2023-R,0.0,1.03,False,True
F02225,2023-R,0.832,0.958,False,False
F02226,2023-R,0.599,0.963,False,False
F02227,2023-R,0.838,0.954,False,False
F02228,2023-R,0.0,1.007,False,True
F02229,2023-R,0.0,0.977,False,True
F02231,2023-R,0.87,0.931,False,False
F02232,2023-R,0.0,0.952,False,True
F02233,2023-R,0.865,1.01,False,False
F02234,2023-R,0.817,1.002,False,False
F02235,2023-R,0.0,1.037,False,True
F02236,2023-R,0.0,0.95,False,True
F02237,2023-R,0.0,0.958,False,True
F02238,2023-R,0.0,1.034,False,True
F02240,2023-R,0.0,0.977,False,True
F02241,2023-R,0.0,0.955,False,True
F02242,2023-R,0.541,1.009,False,True
F02243,2023-R,0.909,1.008,False,False
F02244,2023-R,0.84,0.973,False,False
F02245,2023-R,0.786,1.029,False,False
F02246,2023-R,0.0,0.992,False,True
F02247,2023-R,0.0,1.028,False,True
F02248,2023-R,0.901,0.931,False,False
F02249,2023-R,0.0,0.993,False,True
F02250,2023-R,0.563,0.955,False,False
F02251,2023-R,0.0,0.985,False,True
F02252,2023-R,0.867,0.961,False,False
F02253,2023-R,0.0,1.002,False,True
F02254,2023-R,0.0,0.974,False,True
F02255,2023-R,0.0,1.016,False,True
F02256,2023-R,0.0,0.938,False,True
F02257,2023-R,0.0,0.945,False,True
F02258,2023-R,0.0,1.034,False,True
F02259,2023-R,0.0,0.993,False,True
F02261,2023-R,0.869,0.944,False,False
F02262,2023-R,0.801,0.985,False,False
F02263,2023-R,0.798,0.937,False,False
F02264,2023-R,0.0,0.982,False,True
F02265,2023-R,0.0,0.932,False,True
F02266,2023-R,0.816,1.021,False,False
F02267,2023-R,0.0,1.03,False,True
F02268,2023-R,0.0,0.951,False,True
F02269,2023-R,0.0,0.935,False,True
F02270,2023-R,0.787,0.997,False,False
F02271,2023-R,0.0,0.978,False,True
F02272,2023-R,0.519,0.971,False,False
F02273,2023-R,0.83,0.959,False,False
F02274,2023-R,0.881,1.003,False,False
F02275,2023-R,0.776,1.017,False,False
F02276,2023-R,0.0,0.998,False,True
F02277,2023-R,0.0,1.027,False,True
F02278,2023-R,0.0,0.954,False,True
F02279,2023-R,0.875,0.98,False,False
F02280,2023-R,0.8,0.939,False,False
F02281,2023-R,0.769,0.978,False,False
F02282,2023-R,0.0,0.935,False,True
F02283,2023-R,0.0,1.019,False,True
F02285,2023-R,0.899,0.998,False,False
F02286,2023-R,0.0,0.978,False,True
F02287,2023-R,0.0,0.961,False,True
F02288,2023-R,0.0,0.966,False,True
F02289,2023-R,0.511,1.003,False,False
F02290,2023-R,0.0,0.977,False,True
F02291,2023-R,0.0,0.96,False,True
F02292,2023-R,0.899,0.968,False,False
F02293,2023-R,0.317,1.017,False,True
F02294,2023-R,0.918,1.035,False,False
F02295,2023-R,0.0,1.01,False,True
F02296,2023-R,0.845,1.009,False,False
F02297,2023-R,0.0,1.035,False,True
F02298,2023-R,0.536,0.957,False,False
F02299,2023-R,0.0,0.947,False,True
F02300,2023-R,0.798,0.963,False,False
F02301,2023-R,0.798,0.946,False,False
F02302,2023-R,0.277,0.984,False,False
F02303,2023-R,0.0,1.022,False,True
F02304,2023-R,0.808,0.982,False,False
F02305,2023-R,0.565,0.985,False,False
F02306,2023-R,0.593,1.014,False,False
F02307,2023-R,0.786,0.999,False,False
F02308,2023-R,0.0,0.963,False,True
F02309,2023-R,0.511,1.015,False,False
F02310,2023-R,0.881,1.019,False,False
F02311,2023-R,0.0,0.974,False,True
F02312,2023-R,0.0,1.025,False,True
F02313,2023-R,0.522,1.016,False,False
F02314,2023-R,0.0,0.931,False,True
F02315,2023-R,0.0,1.02,False,True
F02316,2023-R,0.749,1.03,False,False
F02317,2023-R,0.0,0.954,False,True
F02318,2023-R,0.0,1.027,False,True
F02319,2023-R,0.0,0.979,False,True
F02320,2023-R,0.0,0.942,False,True
F02321,2023-R,0.0,1.017,False,True
F02322,2023-R,0.0,0.955,False,True
F02323,2023-R,0.769,0.983,False,False
F02324,2023-R,0.0,0.984,False,True
F02325,2023-R,0.566,0.986,False,False
F02326,2023-R,0.0,1.026,False,True
F02327,2023-R,0.0,0.978,False,True
F02328,2023-R,0.476,1.016,False,False
F02329,2023-R,0.0,1.019,False,True
F02330,2023-R,0.0,0.991,False,True
F02331,2023-R,0.0,0.951,False,True
F02332,2023-R,0.0,0.983,False,True
F02333,2023-R,0.169,1.012,False,True
F02334,2023-R,0.0,1.013,False,True
F02335,2023-R,0.0,1.02,False,True
F02336,2023-R,0.0,0.984,False,True
F02337,2023-R,0.0,0.945,False,True
F02338,2023-R,0.824,0.933,False,False
F02339,2023-R,0.553,1.007,False,False
F02340,2023-R,0.857,0.941,False,False
F02341,2023-R,0.0,0.939,False,True
F02342,2023-R,0.0,0.98,False,True
F02343,2023-R,0.0,0.966,False,True
F02344,2023-R,0.0,0.93,False,True
F02345,2023-R,0.694,1.007,False,False
F02346,2023-R,0.0,1.011,False,True
F02347,2023-R,0.0,1.016,False,True
F02348,2023-R,0.0,1.013,False,True
F02349,2023-R,0.0,0.983,False,True
F02350,2023-R,0.0,0.983,False,True
F02351,2023-R,0.0,0.965,False,True
F02352,2023-R,0.0,1.035,False,True
F02353,2023-R,0.0,1.013,False,True
F02354,2023-R,0.0,0.978,False,True
F02355,2023-R,0.0,1.006,False,True
F02356,2023-R,0.0,1.016,False,True
F02357,2023-R,0.0,1.023,False,True
F02358,2023-R,0.0,0.976,False,True
F02359,2023-R,0.0,1.029,False,True
F02360,2023-R,0.887,0.941,False,False
F02361,2023-R,0.0,1.012,False,True
F02362,2023-R,0.0,1.03,False,True
F02363,2023-R,0.786,0.943,False,False
F02364,2023-R,0.0,0.967,False,True
F02365,2023-R,0.566,1.039,False,False
F02366,2023-R,0.895,0.992,False,False
F02367,2023-R,0.0,1.021,False,True
F02368,2023-R,0.475,1.018,False,False
F02369,2023-R,0.488,0.952,False,False
F02370,2023-R,0.0,1.011,False,True
F02371,2023-R,0.884,0.97,False,False
F02372,2023-R,0.539,0.962,False,False
F02373,2023-R,0.0,0.93,False,True
F02374,2023-R,0.565,0.967,False,False
F02375,2023-R,0.0,0.992,False,True
F02376,2023-R,0.0,0.992,False,True
F02377,2023-R,0.0,0.968,False,True
F02378,2023-R,0.0,1.007,False,True
F02379,2023-R,0.0,0.968,False,True
F02380,2023-R,0.0,1.009,False,True
F02381,2023-R,0.0,1.001,False,True
F02382,2023-R,0.804,1.033,False,False
F02383,2023-R,0.801,0.994,False,False
F02384,2023-R,0.0,0.966,False,True
F02385,2023-R,0.759,0.989,False,False
F02386,2023-R,0.0,1.015,False,True
F02387,2023-R,0.0,0.959,False,True
F02388,2023-R,0.0,0.94,False,True
F02389,2023-R,0.0,1.013,False,True
F02390,2023-R,0.746,0.935,False,False
F02391,2023-R,0.821,0.983,False,False
F02392,2023-R,0.811,0.997,False,False
F02393,2023-R,0.0,0.99,False,True
F02394,2023-R,0.489,0.995,False,False
F02395,2023-R,0.0,0.99,False,True
F02396,2023-R,0.0,0.975,False,True
F02397,2023-R,0.865,0.951,False,False
F02399,2023-R,0.0,0.959,False,True
F02400,2023-R,0.0,0.996,False,True
F02401,2023-R,0.0,0.947,False,True
F02402,2023-R,0.0,0.961,False,True
F02403,2023-R,0.0,1.029,False,True
F02404,2023-R,0.0,0.962,False,True
F02405,2023-R,0.0,1.037,False,True
F02406,2023-R,0.815,1.012,False,False
F02407,2023-R,0.208,1.017,False,True
F02408,2023-R,0.0,0.942,False,True
F02409,2023-R,0.0,0.963,False,True
F02410,2023-R,0.0,0.971,False,True
F02411,2023-R,0.0,0.961,False,True
F02412,2023-R,0.88,0.959,False,False
F02413,2023-R,0.0,0.932,False,True
F02414,2023-R,0.0,0.979,False,True
F02415,2023-R,0.0,0.992,False,True
F02416,2023-R,0.0,0.953,False,True
F02417,2023-R,0.0,0.98,False,True
F02418,2023-R,0.0,0.98,False,True
F02419,2023-R,0.536,0.956,False,False
F02420,2023-R,0.459,0.954,False,False
F02421,2023-R,0.0,1.004,False,True
F02422,2023-R,0.827,0.981,False,False
F02423,2023-R,0.514,0.98,False,False
F02424,2023-R,0.0,1.015,False,True
F02425,2023-R,0.789,1.03,False,False
F02426,2023-R,0.0,1.027,False,True
F02427,2023-R,0.0,0.942,False,True
F02429,2023-R,0.566,1.001,False,False
F02430,2023-R,0.295,0.996,False,True
F02431,2023-R,0.0,0.95,False,True
F02432,2023-R,0.0,1.031,False,True
F02433,2023-R,0.0,0.985,False,True
F02434,2023-R,0.666,0.982,False,False
F02435,2023-R,0.495,1.022,False,True
F02436,2023-R,0.0,1.039,False,True
F02437,2023-R,0.0,0.979,False,True
F02438,2023-R,0.0,0.991,False,True
F02439,2023-R,0.812,1.021,False,False
F02440,2023-R,0.805,0.99,False,False
F02441,2023-R,0.865,1.03,False,False
F02442,2023-R,0.844,1.036,False,False
F02443,2023-R,0.0,1.008,False,True
F02444,2023-R,0.821,1.011,False,False
F02445,2023-R,0.929,1.037,False,False
F02446,2023-R,0.0,0.954,False,True
F02447,2023-R,0.0,1.012,False,True
F02448,2023-R,0.0,0.959,False,True
F02449,2023-R,0.0,1.031,False,True
F02451,2023-R,0.71,0.966,False,False
F02452,2023-R,0.835,1.026,False,False
F02453,2023-R,0.533,1.022,False,False
F02454,2023-R,0.714,0.961,False,False
F02455,2023-R,0.0,1.027,False,True
F02456,2023-R,0.0,0.934,False,True
F02457,2023-R,0.0,0.972,False,True
F02458,2023-R,0.488,0.972,False,False
F02459,2023-R,0.0,0.975,False,True
F02460,2023-R,0.903,0.953,False,False
F02461,2023-R,0.725,1.04,False,False
F02462,2023-R,0.0,0.964,False,True
F02463,2023-R,0.0,0.991,False,True
F02464,2023-R,0.0,0.998,False,True
F02465,2023-R,0.817,1.036,False,False
F02466,2023-R,0.876,1.021,False,False
F02467,2023-R,0.0,1.016,False,True
F02468,2023-R,0.78,0.945,False,False
F02469,2023-R,0.541,0.933,False,False
F02470,2023-R,0.0,1.016,False,True
F02471,2023-R,0.826,1.033,False,False
F02472,2023-R,0.463,0.977,False,False
F02473,2023-R,0.464,1.023,False,False
F02474,2023-R,0.522,1.039,False,False
F02475,2023-R,0.813,0.942,False,False
F02476,2023-R,0.0,0.994,False,True
F02477,2023-R,0.0,0.967,False,True
F02478,2023-R,0.78,1.023,False,False
F02479,2023-R,0.503,0.963,False,False
F02480,2023-R,0.0,0.997,False,True
F02481,2023-R,0.589,0.974,False,False
F02482,2023-R,0.0,0.96,False,True
F02483,2023-R,0.494,1.013,False,False
F02484,2023-R,0.0,0.993,False,True
F02486,2023-R,0.552,0.952,False,False
F02487,2023-R,0.334,0.934,False,True
F02488,2023-R,0.756,1.032,False,False
F02489,2023-R,0.591,0.934,False,False
F02490,2023-R,0.0,0.984,False,True
F02491,2023-R,0.647,0.937,False,False
F02492,2023-R,0.713,0.948,False,False
F02495,2023-R,0.0,1.022,False,True
F02496,2023-R,0.701,1.012,False,False
F02497,2023-R,0.202,0.948,False,True
F02498,2023-R,0.675,1.006,False,False
F02499,2023-R,0.717,0.968,False,False
F02500,2023-R,0.222,0.961,False,True
F02501,2023-R,0.534,0.973,False,False
F02502,2023-R,0.735,1.023,False,False
F02503,2023-R,0.691,1.036,False,False
F02504,2023-R,0.894,1.024,False,False
F02505,2023-R,0.0,0.942,False,True
F02506,2023-R,0.474,0.998,False,False
F02507,2023-R,0.851,1.02,False,False
F02508,2023-R,0.508,0.941,False,False
F02509,2023-R,0.0,0.968,False,True
F02510,2023-R,0.506,1.037,False,False
F02511,2023-R,0.0,0.992,False,True
F02512,2023-R,0.0,0.96,False,True
F02513,2023-R,0.764,0.933,False,False
F02514,2023-R,0.538,0.939,False,False
F02515,2023-R,0.801,1.034,False,False
F02516,2023-R,0.829,0.988,False,False
F02517,2023-R,0.651,1.017,False,False
F02518,2023-R,0.0,0.949,False,True
F02519,2023-R,0.0,0.991,False,True
F02520,2023-R,0.478,0.954,False,False
F02521,2023-R,0.0,1.005,False,True
F02522,2023-R,0.786,1.037,False,False
F02523,2023-R,0.0,0.994,False,True
F02524,2023-R,0.0,1.008,False,True
F02525,2023-R,0.557,0.966,False,False
F02526,2023-R,0.0,0.992,False,True
F02527,2023-R,0.872,0.957,False,False
F02528,2023-R,0.0,0.978,False,True
F02529,2023-R,0.649,1.021,False,False
F02530,2023-R,0.0,0.945,False,True
F02531,2023-R,0.837,0.998,False,False
F02532,2023-R,0.699,1.031,False,False
F02533,2023-R,0.472,0.932,False,False
F02534,2023-R,0.531,1.009,False,False
F02535,2023-R,0.0,1.024,False,True
F02536,2023-R,0.0,1.031,False,True
F02537,2023-R,0.0,0.942,False,True
F02538,2023-R,0.0,0.954,False,True
F02539,2023-R,0.462,0.977,False,False
F02540,2023-R,0.571,1.019,False,False
F02541,2023-R,0.593,0.938,False,False
F02542,2023-R,0.838,1.024,False,False
F02543,2023-R,0.713,1.031,False,False
F02544,2023-R,0.0,1.008,False,True
F02545,2023-R,0.0,1.02,False,True
F02546,2023-R,0.0,0.984,False,True
F02547,2023-R,0.63,0.94,False,False
F02548,2023-R,0.0,0.931,False,True
F02549,2023-R,0.542,0.956,False,False
F02550,2023-R,0.701,0.936,False,False
F02551,2023-R,0.0,0.979,False,True
F02552,2023-R,0.0,1.023,False,True
F02553,2023-R,0.327,0.971,False,True
F02554,2023-R,0.58,1.014,False,False
F02555,2023-R,0.0,0.955,False,True
F02556,2023-R,0.674,1.03,False,False
F02557,2023-R,0.533,1.013,False,False
F02558,2023-R,0.0,0.936,False,True
F02559,2023-R,0.741,0.948,False,False
F02560,2023-R,0.312,0.969,False,True
F02561,2023-R,0.744,1.026,False,False
F02562,2023-R,0.0,0.962,False,True
F02563,2023-R,0.898,0.989,False,False
F02564,2023-R,0.847,1.007,False,False
F02565,2023-R,0.235,0.961,False,True
F02566,2023-R,0.657,0.968,False,False
F02567,2023-R,0.0,0.983,False,True
F02568,2023-R,0.681,1.022,False,False
F02569,2023-R,0.758,1.025,False,False
F02570,2023-R,0.0,1.036,False,True
F02571,2023-R,0.041,1.039,False,True
F02572,2023-R,0.0,0.938,False,True
F02573,2023-R,0.538,0.953,False,False
F02574,2023-R,0.334,1.004,False,True
F02575,2023-R,0.413,0.934,False,False
F02576,2023-R,0.44,0.933,False,False
F02577,2023-R,0.44,0.999,False,False
F02578,2023-R,0.6,1.012,False,False
F02579,2023-R,0.532,0.991,False,False
F02580,2023-R,0.485,0.994,False,False
F02581,2023-R,0.232,0.962,False,True
F02582,2023-R,0.529,0.975,False,False
F02583,2023-R,0.409,1.001,False,False
F02584,2023-R,0.573,1.001,False,False
F02585,2023-R,0.675,0.999,False,False
F02586,2023-R,0.396,0.992,False,True
F02587,2023-R,0.796,1.014,False,False
F02588,2023-R,0.583,0.983,False,False
F02589,2023-R,0.747,0.969,False,False
F02590,2023-R,0.597,0.933,False,False
F02591,2023-R,0.252,0.938,False,True
F02592,2023-R,0.492,1.027,False,False
F02593,2023-R,0.402,0.946,False,False
F02594,2023-R,0.331,0.959,False,True
F02595,2023-R,0.562,1.004,False,False
F02596,2023-R,0.702,0.961,False,False
F02597,2023-R,0.222,1.003,False,True
F02598,2023-R,0.228,0.935,False,False
F02599,2023-R,0.729,1.019,False,False
F02600,2023-R,0.284,0.934,False,True
F02601,2023-R,0.293,0.987,False,True
F02602,2023-R,0.287,0.949,False,True
F02603,2023-R,0.308,0.998,False,True
F02604,2023-R,0.483,1.006,False,True
F02605,2023-R,0.697,1.039,False,False
F02606,2023-R,0.606,0.964,False,False
F02607,2023-R,0.653,1.034,False,False
F02608,2023-R,0.469,0.992,False,False
F02609,2023-R,0.644,0.974,False,False
F02610,2023-R,0.474,0.943,False,False
F01001,2024-K,0.0,0.939,False,True
F01002,2024-K,0.0,0.969,False,True
F01003,2024-K,0.567,0.955,False,False
F01004,2024-K,0.0,0.952,False,True
F01005,2024-K,0.0,0.932,False,True
F01006,2024-K,0.0,0.979,False,True
F01007,2024-K,0.0,1.044,False,True
F01008,2024-K,0.788,1.027,False,False
F01009,2024-K,0.816,0.927,False,False
F01010,2024-K,0.0,1.005,False,True
F01011,2024-K,0.0,0.926,False,True
F01012,2024-K,0.0,1.057,False,True
F01013,2024-K,0.592,0.952,False,False
F01014,2024-K,0.0,0.963,False,True
F01015,2024-K,0.0,0.936,False,True
F01016,2024-K,0.0,1.059,False,True
F01017,2024-K,0.0,0.962,False,True
F01018,2024-K,0.0,1.051,False,True
F01020,2024-K,0.488,0.979,False,False
F01021,2024-K,0.795,0.941,False,False
F01023,2024-K,0.826,0.983,False,False
F01024,2024-K,0.0,1.017,False,True
F01025,2024-K,0.0,0.983,False,True
F01027,2024-K,0.0,0.943,False,True
F01028,2024-K,0.0,0.976,False,True
F01029,2024-K,0.57,1.016,False,False
F01030,2024-K,0.0,1.016,False,True
F01031,2024-K,0.0,1.042,False,True
F01032,2024-K,0.0,1.027,False,True
F01033,2024-K,0.0,1.046,False,True
F01034,2024-K,0.0,0.937,False,True
F01035,2024-K,0.827,0.953,False,False
F01036,2024-K,0.314,1.014,False,True
F01037,2024-K,0.81,0.952,False,False
F01038,2024-K,0.0,0.969,False,True
F01039,2024-K,0.0,0.941,False,True
F01040,2024-K,0.0,1.029,False,True
F01041,2024-K,0.0,1.045,False,True
F01042,2024-K,0.0,1.002,False,True
F01043,2024-K,0.0,0.951,False,True
F01044,2024-K,0.799,0.943,False,False
F01045,2024-K,0.0,0.963,False,True
F01046,2024-K,0.0,0.981,False,True
F01047,2024-K,0.0,1.018,False,True
F01048,2024-K,0.0,0.975,False,True
F01049,2024-K,0.0,0.974,False,True
F01050,2024-K,0.836,1.034,False,False
F01051,2024-K,0.493,1.045,False,False
F01052,2024-K,0.0,1.051,False,True
F01053,2024-K,0.0,0.953,False,True
F01054,2024-K,0.0,1.017,False,True
F01055,2024-K,0.0,0.984,False,True
F01056,2024-K,0.0,1.058,False,True
F01057,2024-K,0.0,0.943,False,True
F01058,2024-K,0.0,0.946,False,True
F01059,2024-K,0.0,1.049,False,True
F01060,2024-K,0.0,1.052,False,True
F01061,2024-K,0.0,0.937,False,True
F01062,2024-K,0.0,0.931,False,True
F01063,2024-K,0.0,0.921,False,True
F01064,2024-K,0.834,1.001,False,False
F01066,2024-K,0.0,0.943,False,True
F01067,2024-K,0.0,1.032,False,True
F01068,2024-K,0.0,0.972,False,True
F01069,2024-K,0.0,0.957,False,True
F01070,2024-K,0.0,0.986,False,True
F01071,2024-K,0.575,1.058,False,False
F01072,2024-K,0.0,1.06,False,True
F01073,2024-K,0.0,1.005,False,True
F01074,2024-K,0.0,0.993,False,True
F01075,2024-K,0.0,0.982,False,True
F01076,2024-K,0.0,0.986,False,True
F01077,2024-K,0.0,0.956,False,True
F01078,2024-K,0.0,1.025,False,True
F01079,2024-K,0.559,0.937,False,False
F01080,2024-K,0.0,1.05,False,True
F01081,2024-K,0.884,0.995,False,False
F01082,2024-K,0.843,1.058,False,False
F01083,2024-K,0.0,0.98,False,True
F01084,2024-K,0.0,1.028,False,True
F01085,2024-K,0.0,0.982,False,True
F01086,2024-K,0.0,0.959,False,True
F01087,2024-K,0.0,1.006,False,True
F01088,2024-K,0.0,0.994,False,True
F01089,2024-K,0.0,0.931,False,True
F01090,2024-K,0.0,0.972,False,True
F01091,2024-K,0.0,0.943,False,True
F01092,2024-K,0.571,0.956,False,False
F01093,2024-K,0.0,0.925,False,True
F01094,2024-K,0.0,1.01,False,True
F01095,2024-K,0.0,1.012,False,True
F01096,2024-K,0.0,0.979,False,True
F01097,2024-K,0.0,0.938,False,True
F01098,2024-K,0.79,0.938,False,False
F01099,2024-K,0.0,1.045,False,True
F01100,2024-K,0.0,0.989,False,True
F01101,2024-K,0.0,0.922,False,True
F01102,2024-K,0.0,1.001,False,True
F01103,2024-K,0.0,0.983,False,True
F01104,2024-K,0.906,1.042,False,False
F01105,2024-K,0.906,0.94,False,False
F01106,2024-K,0.0,0.998,False,True
F01107,2024-K,0.885,0.924,False,False
F01108,2024-K,0.0,1.02,False,True
F01109,2024-K,0.0,1.002,False,True
F01110,2024-K,0.899,1.014,False,False
F01111,2024-K,0.887,0.971,False,False
F01112,2024-K,0.904,0.994,False,False
F01113,2024-K,0.0,1.033,False,True
F01114,2024-K,0.571,1.014,False,False
F01115,2024-K,0.0,0.993,False,True
F01116,2024-K,0.881,0.935,False,False
F01117,2024-K,0.0,0.998,False,True
F01118,2024-K,0.0,1.052,False,True
F01119,2024-K,0.0,1.015,False,True
F01120,2024-K,0.899,0.995,False,False
F01121,2024-K,0.547,1.04,False,False
F01122,2024-K,0.598,1.03,False,False
F01123,2024-K,0.0,0.936,False,True
F01124,2024-K,0.0,1.025,False,True
F01125,2024-K,0.0,0.937,False,True
F01126,2024-K,0.0,1.058,False,True
F01127,2024-K,0.0,0.975,False,True
F01128,2024-K,0.0,1.004,False,True
F01129,2024-K,0.0,1.032,False,True
F01130,2024-K,0.0,1.036,False,True
F01131,2024-K,0.843,1.043,False,False
F01132,2024-K,0.0,0.943,False,True
F01133,2024-K,0.51,1.019,False,False
F01134,2024-K,0.0,0.922,False,True
F01135,2024-K,0.0,1.028,False,True
F01136,2024-K,0.0,1.034,False,True
F01137,2024-K,0.0,0.964,False,True
F01138,2024-K,0.0,0.982,False,True
F01139,2024-K,0.843,1.021,False,False
F01140,2024-K,0.0,0.935,False,True
F01141,2024-K,0.836,0.977,False,False
F01142,2024-K,0.0,1.018,False,True
F01143,2024-K,0.0,0.944,False,True
F01144,2024-K,0.0,0.933,False,True
F01145,2024-K,0.0,0.989,False,True
F01146,2024-K,0.0,1.022,False,True
F01147,2024-K,0.842,1.042,False,False
F01149,2024-K,0.0,0.987,False,True
F01150,2024-K,0.0,1.047,False,True
F01151,2024-K,0.824,0.997,False,False
F01152,2024-K,0.816,0.955,False,False
F01153,2024-K,0.843,0.933,False,False
F01154,2024-K,0.0,1.047,False,True
F01156,2024-K,0.0,0.923,False,True
F01157,2024-K,0.0,0.97,False,True
F01158,2024-K,0.559,1.03,False,False
F01159,2024-K,0.0,0.973,False,True
F01160,2024-K,0.811,0.992,False,False
F01161,2024-K,0.0,0.93,False,True
F01162,2024-K,0.0,1.008,False,True
F01163,2024-K,0.817,1.044,False,False
F01164,2024-K,0.797,0.975,False,False
F01165,2024-K,0.82,0.967,False,False
F01166,2024-K,0.0,0.941,False,True
F01167,2024-K,0.0,0.966,False,True
F01168,2024-K,0.0,0.965,False,True
F01169,2024-K,0.815,1.058,False,False
F01170,2024-K,0.307,0.97,False,True
F01171,2024-K,0.813,0.928,False,False
F01173,2024-K,0.0,1.043,False,True
F01174,2024-K,0.0,1.011,False,True
F01175,2024-K,0.0,0.952,False,True
F01176,2024-K,0.551,0.961,False,False
F01177,2024-K,0.0,0.997,False,True
F01178,2024-K,0.0,0.921,False,True
F01179,2024-K,0.871,1.015,False,False
F01180,2024-K,0.0,1.017,False,True
F01181,2024-K,0.0,0.98,False,True
F01182,2024-K,0.0,0.984,False,True
F01183,2024-K,0.0,0.994,False,True
F01184,2024-K,0.0,1.038,False,True
F01185,2024-K,0.0,0.92,False,True
F01186,2024-K,0.0,1.016,False,True
F01187,2024-K,0.0,0.957,False,True
F01188,2024-K,0.0,0.976,False,True
F01190,2024-K,0.0,0.956,False,True
F01191,2024-K,0.531,1.011,False,True
F01192,2024-K,0.0,0.962,False,True
F01193,2024-K,0.828,0.938,False,False
F01194,2024-K,0.0,1.024,False,True
F01196,2024-K,0.0,0.993,False,True
F01197,2024-K,0.0,0.949,False,True
F01198,2024-K,0.0,0.963,False,True
F01199,2024-K,0.598,0.936,False,False
F01200,2024-K,0.0,1.016,False,True
F01201,2024-K,0.0,1.033,False,True
F01202,2024-K,0.0,1.038,False,True
F01203,2024-K,0.873,1.012,False,False
F01204,2024-K,0.0,0.97,False,True
F01205,2024-K,0.0,0.988,False,True
F01206,2024-K,0.0,0.923,False,True
F01207,2024-K,0.928,1.038,False,False
F01208,2024-K,0.0,0.961,False,True
F01209,2024-K,0.0,0.943,False,True
F01210,2024-K,0.0,1.0,False,True
F01211,2024-K,0.0,1.015,False,True
F01212,2024-K,0.0,0.989,False,True
F01213,2024-K,0.0,0.966,False,True
F01214,2024-K,0.0,0.956,False,True
F01215,2024-K,0.0,0.993,False,True
F01216,2024-K,0.926,1.019,False,False
F01217,2024-K,0.0,1.011,False,True
F01218,2024-K,0.0,0.977,False,True
F01219,2024-K,0.56,0.959,False,False
F01220,2024-K,0.0,1.007,False,True
F01221,2024-K,0.0,0.992,False,True
F01222,2024-K,0.0,0.987,False,True
F01223,2024-K,0.928,0.965,False,False
F01224,2024-K,0.0,0.95,False,True
F01225,2024-K,0.0,0.974,False,True
F01226,2024-K,0.0,1.023,False,True
F01227,2024-K,0.0,1.034,False,True
F01228,2024-K,0.0,0.933,False,True
F01229,2024-K,0.0,1.019,False,True
F01230,2024-K,0.0,1.055,False,True
F01231,2024-K,0.0,0.928,False,True
F01232,2024-K,0.0,0.999,False,True
F01233,2024-K,0.0,0.98,False,True
F01234,2024-K,0.0,0.949,False,True
F01235,2024-K,0.488,0.931,False,False
F01236,2024-K,0.853,0.993,False,False
F01237,2024-K,0.0,0.977,False,True
F01238,2024-K,0.0,0.928,False,True
F01239,2024-K,0.0,0.938,False,True
F01240,2024-K,0.0,1.059,False,True
F01242,2024-K,0.0,1.026,False,True
F01243,2024-K,0.0,1.009,False,True
F01244,2024-K,0.0,0.954,False,True
F01245,2024-K,0.0,0.976,False,True
F01246,2024-K,0.0,1.048,False,True
F01247,2024-K,0.0,1.032,False,True
F01249,2024-K,0.856,1.021,False,False
F01250,2024-K,0.0,0.979,False,True
F01251,2024-K,0.0,0.935,False,True
F01252,2024-K,0.0,1.039,False,True
F01253,2024-K,0.0,1.042,False,True
F01255,2024-K,0.0,0.943,False,True
F01256,2024-K,0.0,0.96,False,True
F01257,2024-K,0.0,0.955,False,True
F01258,2024-K,0.0,0.92,False,True
F01259,2024-K,0.0,0.939,False,True
F01260,2024-K,0.0,1.023,False,True
F01261,2024-K,0.0,0.994,False,True
F01262,2024-K,0.0,1.056,False,True
F01263,2024-K,0.785,1.017,False,False
F01264,2024-K,0.782,0.98,False,False
F01265,2024-K,0.0,1.008,False,True
F01266,2024-K,0.0,1.031,False,True
F01267,2024-K,0.0,0.992,False,True
F01268,2024-K,0.0,0.934,False,True
F01269,2024-K,0.0,1.046,False,True
F01270,2024-K,0.0,0.974,False,True
F01271,2024-K,0.0,1.032,False,True
F01272,2024-K,0.0,0.923,False,True
F01273,2024-K,0.0,1.008,False,True
F01274,2024-K,0.742,0.962,False,False
F01275,2024-K,0.533,1.007,False,False
F01276,2024-K,0.0,1.035,False,True
F01277,2024-K,0.0,0.927,False,True
F01278,2024-K,0.0,1.027,False,True
F01279,2024-K,0.0,0.947,False,True
F01280,2024-K,0.841,1.046,False,False
F01281,2024-K,0.0,0.982,False,True
F01282,2024-K,0.0,1.046,False,True
F01283,2024-K,0.5,0.947,False,False
F01284,2024-K,0.0,0.963,False,True
F01285,2024-K,0.521,0.943,False,False
F01286,2024-K,0.0,0.975,False,True
F01287,2024-K,0.0,0.975,False,True
F01288,2024-K,0.869,1.043,False,False
F01289,2024-K,0.0,0.945,False,True
F01290,2024-K,0.0,0.928,False,True
F01291,2024-K,0.0,1.018,False,True
F01292,2024-K,0.867,0.993,False,False
F01293,2024-K,0.481,1.021,False,False
F01295,2024-K,0.0,0.987,False,True
F01296,2024-K,0.862,1.002,False,False
F01297,2024-K,0.594,0.944,False,False
F01298,2024-K,0.0,0.983,False,True
F01299,2024-K,0.0,0.946,False,True
F01300,2024-K,0.0,0.956,False,True
F01301,2024-K,0.0,0.282,True,True
F01302,2024-K,0.0,0.241,True,True
F01303,2024-K,0.0,0.264,True,True
F01304,2024-K,0.0,0.251,True,True
F01306,2024-K,0.0,0.238,True,True
F01307,2024-K,0.68,0.246,True,False
F01308,2024-K,0.883,0.305,True,False
F01309,2024-K,0.0,0.276,True,True
F01310,2024-K,0.0,0.298,True,True
F01311,2024-K,0.542,0.227,True,False
F01312,2024-K,0.838,0.203,True,False
F01313,2024-K,0.0,0.216,True,True
F01314,2024-K,0.0,0.207,True,True
F01315,2024-K,0.0,0.269,True,True
F01316,2024-K,0.0,0.262,True,True
F01317,2024-K,0.731,0.28,True,False
F01318,2024-K,0.0,0.229,True,True
F01319,2024-K,0.875,0.263,True,False
F01320,2024-K,0.446,0.253,True,False
F01321,2024-K,0.0,0.283,True,True
F01322,2024-K,0.0,0.223,True,True
F01323,2024-K,0.0,0.2,True,True
F01324,2024-K,0.0,0.286,True,True
F01326,2024-K,0.0,0.218,True,True
F01329,2024-K,0.878,0.167,True,False
F01330,2024-K,0.0,0.239,True,True
F01331,2024-K,0.87,0.245,True,False
F01332,2024-K,0.0,0.313,True,True
F01333,2024-K,0.0,0.252,True,True
F01334,2024-K,0.0,0.239,True,True
F01336,2024-K,0.0,0.17,True,True
F01337,2024-K,0.0,0.246,True,True
F01338,2024-K,0.0,0.144,True,True
F01339,2024-K,0.0,0.299,True,True
F01340,2024-K,0.559,0.317,True,False
F01341,2024-K,0.0,0.162,True,True
F01342,2024-K,0.0,0.196,True,True
F01344,2024-K,0.0,0.289,True,True
F01347,2024-K,0.57,0.144,True,False
F01348,2024-K,0.449,0.159,True,False
F01349,2024-K,0.0,0.208,True,True
F01350,2024-K,0.253,0.206,True,True
F01351,2024-K,0.0,0.194,True,True
F01352,2024-K,0.305,0.241,True,True
F01353,2024-K,0.0,0.148,True,True
F01354,2024-K,0.0,0.188,True,True
F01355,2024-K,0.0,0.174,True,True
F01356,2024-K,0.0,0.2,True,True
F01357,2024-K,0.0,0.274,True,True
F01358,2024-K,0.0,0.224,True,True
F01359,2024-K,0.0,0.241,True,True
F01360,2024-K,0.848,0.253,True,False
F01361,2024-K,0.0,0.299,True,True
F01362,2024-K,0.889,0.191,True,False
F01363,2024-K,0.0,0.266,True,True
F01364,2024-K,0.858,0.267,True,False
F01365,2024-K,0.0,0.249,True,True
F01366,2024-K,0.419,0.279,True,False
F01367,2024-K,0.0,0.252,True,True
F01368,2024-K,0.0,0.231,True,True
F01369,2024-K,0.827,0.287,True,False
F01370,2024-K,0.819,0.22,True,False
F01371,2024-K,0.0,0.182,True,True
F01372,2024-K,0.0,0.226,True,True
F01373,2024-K,0.0,0.272,True,True
F01374,2024-K,0.0,0.175,True,True
F01375,2024-K,0.0,0.25,True,True
F01376,2024-K,0.505,0.267,True,True
F01377,2024-K,0.0,0.234,True,True
F01378,2024-K,0.888,0.223,True,False
F01379,2024-K,0.915,0.285,True,False
F01380,2024-K,0.82,0.178,True,False
F01381,2024-K,0.0,0.284,True,True
F01383,2024-K,0.0,0.261,True,True
F01384,2024-K,0.0,0.21,True,True
F01385,2024-K,0.498,0.233,True,False
F01386,2024-K,0.9,0.231,True,False
F01387,2024-K,0.0,0.295,True,True
F01388,2024-K,0.0,0.246,True,True
F01389,2024-K,0.0,0.247,True,True
F01390,2024-K,0.0,0.3,True,True
F01391,2024-K,0.0,0.171,True,True
F01392,2024-K,0.0,0.177,True,True
F01393,2024-K,0.427,0.278,True,False
F01394,2024-K,0.719,0.257,True,False
F01395,2024-K,0.894,0.169,True,False
F01396,2024-K,0.892,0.286,True,False
F01397,2024-K,0.0,0.253,True,True
F01398,2024-K,0.0,0.268,True,True
F01400,2024-K,0.0,0.141,True,True
F01401,2024-K,0.889,0.28,True,False
F01402,2024-K,0.0,0.197,True,True
F01403,2024-K,0.0,0.287,True,True
F01404,2024-K,0.0,0.184,True,True
F01405,2024-K,0.0,0.255,True,True
F01406,2024-K,0.0,0.214,True,True
F01407,2024-K,0.0,0.292,True,True
F01408,2024-K,0.0,0.217,True,True
F01409,2024-K,0.53,0.276,True,False
F01410,2024-K,0.0,0.257,True,True
F01411,2024-K,0.0,0.286,True,True
F01412,2024-K,0.813,0.319,True,False
F01413,2024-K,0.0,0.284,True,True
F01414,2024-K,0.486,0.244,True,False
F01415,2024-K,0.0,0.2,True,True
F01416,2024-K,0.0,0.251,True,True
F01417,2024-K,0.558,0.148,True,False
F01418,2024-K,0.0,0.179,True,True
F01419,2024-K,0.727,0.164,True,False
F01420,2024-K,0.517,0.28,True,False
F01421,2024-K,0.0,0.315,True,True
F01422,2024-K,0.0,0.251,True,True
F01423,2024-K,0.0,0.288,True,True
F01425,2024-K,0.0,0.299,True,True
F01426,2024-K,0.0,0.277,True,True
F01427,2024-K,0.0,0.17,True,True
F01428,2024-K,0.82,0.228,True,False
F01429,2024-K,0.0,0.281,True,True
F01430,2024-K,0.721,0.201,True,False
F01431,2024-K,0.0,0.26,True,True
F01432,2024-K,0.771,0.295,True,False
F01433,2024-K,0.498,0.267,True,True
F01434,2024-K,0.0,0.256,True,True
F01435,2024-K,0.0,0.247,True,True
F01436,2024-K,0.0,0.199,True,True
F01437,2024-K,0.0,0.31,True,True
F01438,2024-K,0.0,0.178,True,True
F01439,2024-K,0.0,0.281,True,True
F01440,2024-K,0.0,0.18,True,True
F01441,2024-K,0.724,0.3,True,False
F01442,2024-K,0.0,0.316,True,True
F01443,2024-K,0.0,0.154,True,True
F01444,2024-K,0.0,0.266,True,True
F01445,2024-K,0.0,0.276,True,True
F01446,2024-K,0.0,0.201,True,True
F01447,2024-K,0.0,0.189,True,True
F01448,2024-K,0.53,0.153,True,False
F01449,2024-K,0.0,0.24,True,True
F01450,2024-K,0.764,0.217,True,False
F01452,2024-K,0.0,0.265,True,True
F01453,2024-K,0.756,0.233,True,False
F01454,2024-K,0.0,0.278,True,True
F01455,2024-K,0.0,0.281,True,True
F01456,2024-K,0.0,0.228,True,True
F01457,2024-K,0.767,0.309,True,False
F01458,2024-K,0.0,0.99,False,True
F01459,2024-K,0.0,1.021,False,True
F01460,2024-K,0.0,1.039,False,True
F01461,2024-K,0.0,0.931,False,True
F01462,2024-K,0.0,1.02,False,True
F01463,2024-K,0.0,0.953,False,True
F01464,2024-K,0.571,1.042,False,False
F01465,2024-K,0.0,0.932,False,True
F01466,2024-K,0.0,1.049,False,True
F01467,2024-K,0.0,1.006,False,True
F01468,2024-K,0.0,1.02,False,True
F01469,2024-K,0.0,0.992,False,True
F01470,2024-K,0.0,1.024,False,True
F01471,2024-K,0.0,0.964,False,True
F01472,2024-K,0.0,0.931,False,True
F01473,2024-K,0.0,0.957,False,True
F01474,2024-K,0.0,1.027,False,True
F01475,2024-K,0.0,0.931,False,True
F01476,2024-K,0.81,1.039,False,False
F01477,2024-K,0.0,0.953,False,True
F01478,2024-K,0.0,0.997,False,True
F01480,2024-K,0.0,1.02,False,True
F01481,2024-K,0.803,1.06,False,False
F01482,2024-K,0.0,0.967,False,True
F01483,2024-K,0.0,1.014,False,True
F01484,2024-K,0.0,0.921,False,True
F01485,2024-K,0.0,1.036,False,True
F01486,2024-K,0.0,0.949,False,True
F01487,2024-K,0.0,1.04,False,True
F01488,2024-K,0.0,0.941,False,True
F01489,2024-K,0.226,1.009,False,True
F01490,2024-K,0.828,0.982,False,False
F01491,2024-K,0.0,0.986,False,True
F01492,2024-K,0.816,0.976,False,False
F01493,2024-K,0.0,0.958,False,True
F01494,2024-K,0.0,0.98,False,True
F01495,2024-K,0.807,1.025,False,False
F01496,2024-K,0.0,1.024,False,True
F01498,2024-K,0.0,1.003,False,True
F01499,2024-K,0.0,1.029,False,True
F01501,2024-K,0.461,1.011,False,False
F01502,2024-K,0.598,1.037,False,False
F01503,2024-K,0.0,1.031,False,True
F01504,2024-K,0.0,0.941,False,True
F01505,2024-K,0.468,0.921,False,False
F01506,2024-K,0.0,0.92,False,True
F01507,2024-K,0.0,0.922,False,True
F01508,2024-K,0.0,1.037,False,True
F01510,2024-K,0.0,0.976,False,True
F01511,2024-K,0.0,1.016,False,True
F01512,2024-K,0.0,1.056,False,True
F01513,2024-K,0.786,0.962,False,False
F01514,2024-K,0.503,0.924,False,False
F01515,2024-K,0.0,0.961,False,True
F01516,2024-K,0.0,0.958,False,True
F01517,2024-K,0.0,0.949,False,True
F01518,2024-K,0.595,1.038,False,False
F01519,2024-K,0.0,0.927,False,True
F01520,2024-K,0.0,1.016,False,True
F01521,2024-K,0.0,0.981,False,True
F01523,2024-K,0.0,1.03,False,True
F01524,2024-K,0.0,0.969,False,True
F01525,2024-K,0.0,0.954,False,True
F01526,2024-K,0.476,1.026,False,False
F01527,2024-K,0.0,0.942,False,True
F01528,2024-K,0.489,1.056,False,False
F01529,2024-K,0.0,1.055,False,True
F01530,2024-K,0.559,1.053,False,False
F01531,2024-K,0.0,0.988,False,True
F01532,2024-K,0.0,0.941,False,True
F01533,2024-K,0.0,1.049,False,True
F01534,2024-K,0.0,0.94,False,True
F01535,2024-K,0.49,0.967,False,False
F01536,2024-K,0.0,1.056,False,True
F01538,2024-K,0.798,0.957,False,False
F01539,2024-K,0.0,0.992,False,True
F01540,2024-K,0.0,1.044,False,True
F01541,2024-K,0.0,1.046,False,True
F01542,2024-K,0.539,0.922,False,True
F01543,2024-K,0.0,0.998,False,True
F01544,2024-K,0.919,0.946,False,False
F01545,2024-K,0.926,0.972,False,False
F01546,2024-K,0.868,1.05,False,False
F01547,2024-K,0.0,0.93,False,True
F01548,2024-K,0.934,1.034,False,False
F01549,2024-K,0.0,0.973,False,True
F01550,2024-K,0.795,0.937,False,False
F01551,2024-K,0.0,0.947,False,True
F01553,2024-K,0.808,1.002,False,False
F01554,2024-K,0.0,0.962,False,True
F01555,2024-K,0.0,1.017,False,True
F01556,2024-K,0.462,0.988,False,False
F01557,2024-K,0.0,1.035,False,True
F01558,2024-K,0.0,0.963,False,True
F01559,2024-K,0.0,0.976,False,True
F01560,2024-K,0.885,0.997,False,False
F01561,2024-K,0.0,0.93,False,True
F01562,2024-K,0.0,1.051,False,True
F01563,2024-K,0.795,1.001,False,False
F01564,2024-K,0.926,0.987,False,False
F01565,2024-K,0.0,0.932,False,True
F01566,2024-K,0.0,0.947,False,True
F01568,2024-K,0.927,0.955,False,False
F01569,2024-K,0.917,0.987,False,False
F01570,2024-K,0.0,1.027,False,True
F01571,2024-K,0.0,1.036,False,True
F01572,2024-K,0.0,1.0,False,True
F01573,2024-K,0.0,1.026,False,True
F01574,2024-K,0.0,1.04,False,True
F01575,2024-K,0.574,0.947,False,False
F01576,2024-K,0.855,0.991,False,False
F01577,2024-K,0.464,1.012,False,False
F01578,2024-K,0.0,1.023,False,True
F01579,2024-K,0.0,0.967,False,True
F01580,2024-K,0.879,0.968,False,False
F01581,2024-K,0.866,1.053,False,False
F01582,2024-K,0.876,1.05,False,False
F01583,2024-K,0.0,0.945,False,True
F01584,2024-K,0.0,1.059,False,True
F01585,2024-K,0.0,1.02,False,True
F01586,2024-K,0.873,1.024,False,False
F01587,2024-K,0.811,1.045,False,False
F01589,2024-K,0.0,0.96,False,True
F01590,2024-K,0.0,0.983,False,True
F01591,2024-K,0.0,1.022,False,True
F01592,2024-K,0.0,0.989,False,True
F01593,2024-K,0.332,1.013,False,True
F01594,2024-K,0.0,1.015,False,True
F01595,2024-K,0.545,0.997,False,False
F01596,2024-K,0.0,1.011,False,True
F01597,2024-K,0.0,0.942,False,True
F01598,2024-K,0.0,1.029,False,True
F01599,2024-K,0.819,1.01,False,False
F01600,2024-K,0.0,0.947,False,True
F01601,2024-K,0.0,0.93,False,True
F01602,2024-K,0.0,1.009,False,True
F01603,2024-K,0.0,0.92,False,True
F01604,2024-K,0.0,0.983,False,True
F01605,2024-K,0.0,0.983,False,True
F01606,2024-K,0.827,0.996,False,False
F01607,2024-K,0.825,0.947,False,False
F01608,2024-K,0.0,0.958,False,True
F01609,2024-K,0.0,1.045,False,True
F01610,2024-K,0.827,1.011,False,False
F01611,2024-K,0.0,1.011,False,True
F01612,2024-K,0.821,0.928,False,False
F01613,2024-K,0.0,1.044,False,True
F01614,2024-K,0.0,0.946,False,True
F01615,2024-K,0.0,0.971,False,True
F01616,2024-K,0.0,0.984,False,True
F01617,2024-K,0.0,1.019,False,True
F01618,2024-K,0.0,0.936,False,True
F01619,2024-K,0.0,0.929,False,True
F01620,2024-K,0.0,0.967,False,True
F01621,2024-K,0.0,0.937,False,True
F01622,2024-K,0.0,1.036,False,True
F01623,2024-K,0.0,0.94,False,True
F01624,2024-K,0.0,1.009,False,True
F01625,2024-K,0.0,1.032,False,True
F01626,2024-K,0.0,0.961,False,True
F01627,2024-K,0.0,0.978,False,True
F01628,2024-K,0.0,1.018,False,True
F01629,2024-K,0.0,0.985,False,True
F01630,2024-K,0.0,0.947,False,True
F01631,2024-K,0.0,1.058,False,True
F01632,2024-K,0.0,1.037,False,True
F01633,2024-K,0.533,1.012,False,False
F01634,2024-K,0.0,0.992,False,True
F01635,2024-K,0.0,0.931,False,True
F01636,2024-K,0.775,0.963,False,False
F01637,2024-K,0.795,1.053,False,False
F01638,2024-K,0.782,1.059,False,False
F01639,2024-K,0.0,0.952,False,True
F01640,2024-K,0.221,0.967,False,True
F01641,2024-K,0.0,1.055,False,True
F01642,2024-K,0.788,1.022,False,False
F01643,2024-K,0.0,0.997,False,True
F01644,2024-K,0.0,1.057,False,True
F01645,2024-K,0.0,0.946,False,True
F01646,2024-K,0.0,0.968,False,True
F01647,2024-K,0.0,1.034,False,True
F01648,2024-K,0.0,0.921,False,True
F01649,2024-K,0.792,0.975,False,False
F01650,2024-K,0.478,1.038,False,False
F01651,2024-K,0.0,0.97,False,True
F01652,2024-K,0.0,0.957,False,True
F01653,2024-K,0.545,1.034,False,False
F01654,2024-K,0.0,1.051,False,True
F01655,2024-K,0.0,0.944,False,True
F01656,2024-K,0.0,0.935,False,True
F01657,2024-K,0.0,1.01,False,True
F01658,2024-K,0.799,1.025,False,False
F01659,2024-K,0.0,1.03,False,True
F01660,2024-K,0.783,0.965,False,False
F01661,2024-K,0.0,0.935,False,True
F01662,2024-K,0.548,0.929,False,False
F01663,2024-K,0.0,0.985,False,True
F01665,2024-K,0.0,0.95,False,True
F01666,2024-K,0.581,0.95,False,False
F01667,2024-K,0.0,0.988,False,True
F01668,2024-K,0.0,0.932,False,True
F01669,2024-K,0.0,1.055,False,True
F01670,2024-K,0.0,0.992,False,True
F01671,2024-K,0.324,0.949,False,True
F01672,2024-K,0.0,0.969,False,True
F01673,2024-K,0.0,0.995,False,True
F01674,2024-K,0.0,0.975,False,True
F01675,2024-K,0.0,0.973,False,True
F01676,2024-K,0.0,0.962,False,True
F01677,2024-K,0.0,1.046,False,True
F01678,2024-K,0.0,1.007,False,True
F01679,2024-K,0.0,0.93,False,True
F01680,2024-K,0.0,1.042,False,True
F01681,2024-K,0.0,1.009,False,True
F01682,2024-K,0.0,0.998,False,True
F01683,2024-K,0.0,0.952,False,True
F01684,2024-K,0.0,1.059,False,True
F01685,2024-K,0.0,0.947,False,True
F01686,2024-K,0.0,1.042,False,True
F01687,2024-K,0.827,0.97,False,False
F01688,2024-K,0.0,1.058,False,True
F01689,2024-K,0.0,0.989,False,True
F01690,2024-K,0.0,1.019,False,True
F01691,2024-K,0.0,1.051,False,True
F01692,2024-K,0.0,0.959,False,True
F01693,2024-K,0.471,0.946,False,False
F01694,2024-K,0.883,0.984,False,False
F01696,2024-K,0.887,0.922,False,False
F01697,2024-K,0.0,0.94,False,True
F01698,2024-K,0.0,1.045,False,True
F01699,2024-K,0.0,0.982,False,True
F01700,2024-K,0.0,0.934,False,True
F01701,2024-K,0.0,1.029,False,True
F01702,2024-K,0.892,1.046,False,False
F01703,2024-K,0.558,0.973,False,False
F01704,2024-K,0.0,0.925,False,True
F01705,2024-K,0.0,0.983,False,True
F01706,2024-K,0.873,1.049,False,False
F01707,2024-K,0.888,0.942,False,False
F01708,2024-K,0.0,1.026,False,True
F01709,2024-K,0.896,0.922,False,False
F01710,2024-K,0.0,0.996,False,True
F01711,2024-K,0.0,1.056,False,True
F01712,2024-K,0.0,1.031,False,True
F01713,2024-K,0.0,1.035,False,True
F01714,2024-K,0.898,1.027,False,False
F01715,2024-K,0.0,1.006,False,True
F01716,2024-K,0.0,1.054,False,True
F01717,2024-K,0.0,0.987,False,True
F01718,2024-K,0.65,0.932,False,False
F01719,2024-K,0.513,1.003,False,False
F01720,2024-K,0.0,0.974,False,True
F01721,2024-K,0.0,0.934,False,True
F01722,2024-K,0.823,0.952,False,False
F01723,2024-K,0.0,0.927,False,True
F01724,2024-K,0.82,0.971,False,False
F01725,2024-K,0.319,0.964,False,True
F01726,2024-K,0.0,0.938,False,True
F01727,2024-K,0.0,1.006,False,True
F01728,2024-K,0.0,0.996,False,True
F01729,2024-K,0.0,0.984,False,True
F01730,2024-K,0.822,1.033,False,False
F01731,2024-K,0.0,1.032,False,True
F01732,2024-K,0.816,0.922,False,False
F01733,2024-K,0.0,1.013,False,True
F01734,2024-K,0.0,0.954,False,True
F01735,2024-K,0.0,0.986,False,True
F01736,2024-K,0.0,1.053,False,True
F01737,2024-K,0.0,1.06,False,True
F01738,2024-K,0.0,0.974,False,True
F01739,2024-K,0.0,0.989,False,True
F01740,2024-K,0.908,1.021,False,False
F01741,2024-K,0.855,0.925,False,False
F01743,2024-K,0.0,0.985,False,True
F01744,2024-K,0.0,0.965,False,True
F01745,2024-K,0.0,1.033,False,True
F01746,2024-K,0.0,0.941,False,True
F01747,2024-K,0.875,0.971,False,False
F01748,2024-K,0.0,1.023,False,True
F01749,2024-K,0.0,0.976,False,True
F01750,2024-K,0.554,0.951,False,False
F01751,2024-K,0.0,0.993,False,True
F01752,2024-K,0.0,0.936,False,True
F01753,2024-K,0.852,1.023,False,False
F01754,2024-K,0.0,1.04,False,True
F01755,2024-K,0.0,1.016,False,True
F01756,2024-K,0.0,1.032,False,True
F01757,2024-K,0.0,0.989,False,True
F01758,2024-K,0.0,1.041,False,True
F01759,2024-K,0.0,1.024,False,True
F01760,2024-K,0.0,1.03,False,True
F01761,2024-K,0.0,1.034,False,True
F01763,2024-K,0.0,1.033,False,True
F01764,2024-K,0.0,0.974,False,True
F01765,2024-K,0.825,1.004,False,False
F01766,2024-K,0.0,1.034,False,True
F01767,2024-K,0.0,0.98,False,True
F01769,2024-K,0.0,1.02,False,True
F01770,2024-K,0.0,1.04,False,True
F01771,2024-K,0.0,0.945,False,True
F01772,2024-K,0.542,0.987,False,False
F01773,2024-K,0.0,0.999,False,True
F01774,2024-K,0.841,0.921,False,False
F01775,2024-K,0.0,1.043,False,True
F01776,2024-K,0.0,0.982,False,True
F01777,2024-K,0.0,1.011,False,True
F01779,2024-K,0.844,0.965,False,False
F01780,2024-K,0.0,1.027,False,True
F01781,2024-K,0.835,0.986,False,False
F01782,2024-K,0.505,1.027,False,False
F01783,2024-K,0.0,0.968,False,True
F01784,2024-K,0.904,0.929,False,False
F01786,2024-K,0.0,1.027,False,True
F01787,2024-K,0.817,1.055,False,False
F01788,2024-K,0.882,1.022,False,False
F01789,2024-K,0.0,1.022,False,True
F01790,2024-K,0.0,0.979,False,True
F01791,2024-K,0.0,0.953,False,True
F01792,2024-K,0.0,1.059,False,True
F01793,2024-K,0.0,0.949,False,True
F01794,2024-K,0.222,1.029,False,True
F01795,2024-K,0.0,1.023,False,True
F01796,2024-K,0.0,1.022,False,True
F01797,2024-K,0.0,0.991,False,True
F01798,2024-K,0.22,1.003,False,False
F01800,2024-K,0.0,0.931,False,True
F01801,2024-K,0.0,1.016,False,True
F01802,2024-K,0.0,0.995,False,True
F01803,2024-K,0.866,1.035,False,False
F01804,2024-K,0.0,1.032,False,True
F01805,2024-K,0.906,1.058,False,False
F01806,2024-K,0.913,0.925,False,False
F01807,2024-K,0.0,1.053,False,True
F01809,2024-K,0.822,0.927,False,False
F01810,2024-K,0.0,0.936,False,True
F01812,2024-K,0.0,0.959,False,True
F01813,2024-K,0.0,1.009,False,True
F01814,2024-K,0.0,1.024,False,True
F01815,2024-K,0.774,1.015,False,False
F01816,2024-K,0.0,0.939,False,True
F01817,2024-K,0.869,0.974,False,False
F01818,2024-K,0.837,1.042,False,False
F01819,2024-K,0.0,0.94,False,True
F01820,2024-K,0.0,0.95,False,True
F01821,2024-K,0.0,0.928,False,True
F01822,2024-K,0.0,1.039,False,True
F01823,2024-K,0.884,1.005,False,False
F01824,2024-K,0.0,0.963,False,True
F01825,2024-K,0.873,0.942,False,False
F01826,2024-K,0.0,1.0,False,True
F01827,2024-K,0.0,0.932,False,True
F01828,2024-K,0.0,1.009,False,True
F01829,2024-K,0.598,1.029,False,False
F01830,2024-K,0.0,1.034,False,True
F01831,2024-K,0.809,0.955,False,False
F01832,2024-K,0.0,0.977,False,True
F01833,2024-K,0.824,0.974,False,False
F01834,2024-K,0.0,1.041,False,True
F01835,2024-K,0.0,0.954,False,True
F01837,2024-K,0.484,1.004,False,False
F01838,2024-K,0.818,1.059,False,False
F01839,2024-K,0.823,1.051,False,False
F01840,2024-K,0.0,0.972,False,True
F01841,2024-K,0.0,1.006,False,True
F01842,2024-K,0.832,0.952,False,False
F01843,2024-K,0.0,1.008,False,True
F01844,2024-K,0.0,0.927,False,True
F01845,2024-K,0.0,1.044,False,True
F01846,2024-K,0.0,1.013,False,True
F01847,2024-K,0.0,1.021,False,True
F01848,2024-K,0.83,0.982,False,False
F01849,2024-K,0.311,0.963,False,True
F01850,2024-K,0.0,1.049,False,True
F01851,2024-K,0.311,1.006,False,True
F01852,2024-K,0.315,0.959,False,True
F01853,2024-K,0.0,0.998,False,True
F01854,2024-K,0.0,1.001,False,True
F01855,2024-K,0.0,1.049,False,True
F01856,2024-K,0.0,1.028,False,True
F01857,2024-K,0.0,1.022,False,True
F01858,2024-K,0.0,0.927,False,True
F01859,2024-K,0.828,1.013,False,False
F01860,2024-K,0.0,0.982,False,True
F01861,2024-K,0.0,1.039,False,True
F01862,2024-K,0.0,0.946,False,True
F01863,2024-K,0.0,1.053,False,True
F01864,2024-K,0.0,0.991,False,True
F01865,2024-K,0.496,1.025,False,False
F01866,2024-K,0.874,0.954,False,False
F01867,2024-K,0.796,1.043,False,False
F01868,2024-K,0.0,0.92,False,True
F01869,2024-K,0.0,0.994,False,True
F01870,2024-K,0.0,0.922,False,True
F01871,2024-K,0.0,1.035,False,True
F01872,2024-K,0.0,0.996,False,True
F01873,2024-K,0.462,0.993,False,False
F01874,2024-K,0.0,1.026,False,True
F01875,2024-K,0.928,0.996,False,False
F01876,2024-K,0.926,1.001,False,False
F01877,2024-K,0.0,0.987,False,True
F01878,2024-K,0.821,0.948,False,False
F01879,2024-K,0.0,1.026,False,True
F01880,2024-K,0.918,1.055,False,False
F01881,2024-K,0.926,1.041,False,False
F01882,2024-K,0.0,1.035,False,True
F01883,2024-K,0.0,0.97,False,True
F01884,2024-K,0.0,0.978,False,True
F01885,2024-K,0.0,0.944,False,True
F01886,2024-K,0.79,0.938,False,False
F01887,2024-K,0.0,0.972,False,True
F01888,2024-K,0.0,1.04,False,True
F01889,2024-K,0.0,0.93,False,True
F01890,2024-K,0.559,1.03,False,False
F01891,2024-K,0.0,1.057,False,True
F01892,2024-K,0.0,1.013,False,True
F01893,2024-K,0.589,0.996,False,False
F01894,2024-K,0.0,1.003,False,True
F01895,2024-K,0.0,1.003,False,True
F01896,2024-K,0.0,0.964,False,True
F01897,2024-K,0.0,1.034,False,True
F01898,2024-K,0.0,1.047,False,True
F01899,2024-K,0.782,0.939,False,False
F01900,2024-K,0.0,1.014,False,True
F01901,2024-K,0.0,0.996,False,True
F01902,2024-K,0.0,1.042,False,True
F01903,2024-K,0.792,0.962,False,False
F01904,2024-K,0.0,0.936,False,True
F01905,2024-K,0.507,0.966,False,False
F01906,2024-K,0.0,1.051,False,True
F01907,2024-K,0.789,0.979,False,False
F01909,2024-K,0.487,1.01,False,False
F01910,2024-K,0.0,0.939,False,True
F01911,2024-K,0.0,0.658,False,True
F01912,2024-K,0.0,0.662,False,True
F01913,2024-K,0.451,0.58,False,False
F01914,2024-K,0.539,0.663,False,False
F01915,2024-K,0.882,0.645,False,False
F01916,2024-K,0.0,0.559,False,True
F01917,2024-K,0.819,0.685,False,False
F01918,2024-K,0.799,0.692,False,False
F01919,2024-K,0.0,0.76,False,True
F01920,2024-K,0.518,0.775,False,True
F01921,2024-K,0.757,0.702,False,False
F01922,2024-K,0.0,0.635,False,True
F01923,2024-K,0.0,0.721,False,True
F01924,2024-K,0.0,0.582,False,True
F01925,2024-K,0.0,0.759,False,True
F01926,2024-K,0.0,0.628,False,True
F01927,2024-K,0.0,0.631,False,True
F01928,2024-K,0.0,0.726,False,True
F01929,2024-K,0.475,0.581,False,False
F01930,2024-K,0.0,0.712,False,True
F01931,2024-K,0.0,0.714,False,True
F01932,2024-K,0.0,0.665,False,True
F01933,2024-K,0.0,0.764,False,True
F01934,2024-K,0.451,0.683,False,False
F01935,2024-K,0.0,0.663,False,True
F01936,2024-K,0.0,0.627,False,True
F01937,2024-K,0.835,0.59,False,False
F01938,2024-K,0.0,0.632,False,True
F01939,2024-K,0.512,0.582,False,False
F01940,2024-K,0.752,0.604,False,False
F01941,2024-K,0.0,0.746,False,True
F01942,2024-K,0.0,0.599,False,True
F01943,2024-K,0.0,0.599,False,True
F01944,2024-K,0.0,0.569,False,True
F01945,2024-K,0.0,0.569,False,True
F01946,2024-K,0.0,0.784,False,True
F01947,2024-K,0.0,0.615,False,True
F01948,2024-K,0.554,0.666,False,False
F01949,2024-K,0.0,0.737,False,True
F01950,2024-K,0.0,0.752,False,True
F01951,2024-K,0.0,0.736,False,True
F01952,2024-K,0.0,0.745,False,True
F01953,2024-K,0.0,0.581,False,True
F01954,2024-K,0.0,0.765,False,True
F01955,2024-K,0.0,0.738,False,True
F01956,2024-K,0.0,0.675,False,True
F01957,2024-K,0.0,0.55,False,True
F01958,2024-K,0.471,0.598,False,False
F01959,2024-K,0.283,0.583,False,False
F01960,2024-K,0.0,0.574,False,True
F01961,2024-K,0.0,0.727,False,True
F01962,2024-K,0.0,0.756,False,True
F01963,2024-K,0.0,0.604,False,True
F01964,2024-K,0.782,0.604,False,False
F01965,2024-K,0.0,0.607,False,True
F01966,2024-K,0.0,0.709,False,True
F01967,2024-K,0.0,0.583,False,True
F01969,2024-K,0.565,0.74,False,False
F01970,2024-K,0.0,0.612,False,True
F01971,2024-K,0.0,0.756,False,True
F01972,2024-K,0.0,0.567,False,True
F01973,2024-K,0.855,0.611,False,False
F01974,2024-K,0.495,0.666,False,False
F01975,2024-K,0.0,0.728,False,True
F01976,2024-K,0.0,0.747,False,True
F01977,2024-K,0.0,0.739,False,True
F01978,2024-K,0.838,0.651,False,False
F01979,2024-K,0.839,0.608,False,False
F01980,2024-K,0.0,0.712,False,True
F01981,2024-K,0.0,0.644,False,True
F01982,2024-K,0.0,0.619,False,True
F01983,2024-K,0.0,0.649,False,True
F01984,2024-K,0.0,0.7,False,True
F01985,2024-K,0.0,0.649,False,True
F01986,2024-K,0.895,0.558,False,False
F01987,2024-K,0.0,0.686,False,True
F01988,2024-K,0.0,0.679,False,True
F01989,2024-K,0.0,0.785,False,True
F01990,2024-K,0.434,0.745,False,False
F01991,2024-K,0.0,0.736,False,True
F01992,2024-K,0.0,0.714,False,True
F01993,2024-K,0.0,0.785,False,True
F01994,2024-K,0.73,0.71,False,False
F01995,2024-K,0.0,0.572,False,True
F01996,2024-K,0.0,0.766,False,True
F01997,2024-K,0.0,0.623,False,True
F01998,2024-K,0.78,0.768,False,False
F01999,2024-K,0.0,0.762,False,True
F02001,2024-K,0.0,0.709,False,True
F02002,2024-K,0.78,0.696,False,False
F02003,2024-K,0.0,0.561,False,True
F02004,2024-K,0.0,0.603,False,True
F02005,2024-K,0.0,0.609,False,True
F02006,2024-K,0.0,0.663,False,True
F02007,2024-K,0.0,0.595,False,True
F02008,2024-K,0.0,0.684,False,True
F02009,2024-K,0.0,0.793,False,True
F02010,2024-K,0.0,0.692,False,True
F02011,2024-K,0.0,0.591,False,True
F02012,2024-K,0.536,0.626,False,True
F02013,2024-K,0.0,0.579,False,True
F02014,2024-K,0.0,0.8,False,True
F02015,2024-K,0.0,0.606,False,True
F02016,2024-K,0.0,0.727,False,True
F02017,2024-K,0.0,0.566,False,True
F02018,2024-K,0.0,0.601,False,True
F02019,2024-K,0.0,0.614,False,True
F02020,2024-K,0.0,0.777,False,True
F02021,2024-K,0.911,0.69,False,False
F02022,2024-K,0.0,0.798,False,True
F02023,2024-K,0.0,0.799,False,True
F02025,2024-K,0.0,0.709,False,True
F02027,2024-K,0.0,0.631,False,True
F02028,2024-K,0.0,0.602,False,True
F02029,2024-K,0.0,0.634,False,True
F02030,2024-K,0.0,0.594,False,True
F02031,2024-K,0.926,0.677,False,False
F02033,2024-K,0.0,0.62,False,True
F02034,2024-K,0.0,0.666,False,True
F02035,2024-K,0.82,0.683,False,False
F02036,2024-K,0.511,0.787,False,False
F02037,2024-K,0.0,0.645,False,True
F02038,2024-K,0.797,0.759,False,False
F02039,2024-K,0.0,0.655,False,True
F02040,2024-K,0.0,0.731,False,True
F02041,2024-K,0.762,0.55,False,False
F02042,2024-K,0.794,0.634,False,False
F02043,2024-K,0.0,0.609,False,True
F02044,2024-K,0.261,0.75,False,False
F02045,2024-K,0.0,0.642,False,True
F02046,2024-K,0.261,0.578,False,False
F02047,2024-K,0.0,0.726,False,True
F02048,2024-K,0.0,0.753,False,True
F02049,2024-K,0.71,0.582,False,False
F02050,2024-K,0.0,0.628,False,True
F02051,2024-K,0.0,0.748,False,True
F02052,2024-K,0.0,0.566,False,True
F02053,2024-K,0.0,0.718,False,True
F02055,2024-K,0.0,0.626,False,True
F02056,2024-K,0.0,0.741,False,True
F02057,2024-K,0.0,0.627,False,True
F02058,2024-K,0.0,0.662,False,True
F02059,2024-K,0.0,0.697,False,True
F02060,2024-K,0.826,0.707,False,False
F02061,2024-K,0.8,0.724,False,False
F02062,2024-K,0.0,0.679,False,True
F02063,2024-K,0.0,0.94,False,True
F02064,2024-K,0.67,1.041,False,False
F02065,2024-K,0.892,0.929,False,False
F02066,2024-K,0.903,0.949,False,False
F02068,2024-K,0.866,0.968,False,False
F02069,2024-K,0.0,1.029,False,True
F02070,2024-K,0.0,0.945,False,True
F02071,2024-K,0.0,0.981,False,True
F02072,2024-K,0.0,1.059,False,True
F02073,2024-K,0.592,1.058,False,True
F02074,2024-K,0.0,0.989,False,True
F02075,2024-K,0.0,0.927,False,True
F02076,2024-K,0.337,0.949,False,True
F02077,2024-K,0.0,0.96,False,True
F02078,2024-K,0.0,0.988,False,True
F02079,2024-K,0.92,0.964,False,False
F02081,2024-K,0.0,0.974,False,True
F02082,2024-K,0.0,0.987,False,True
F02083,2024-K,0.915,1.019,False,False
F02084,2024-K,0.0,0.921,False,True
F02085,2024-K,0.213,0.939,False,True
F02086,2024-K,0.0,0.992,False,True
F02087,2024-K,0.0,1.03,False,True
F02088,2024-K,0.346,0.971,False,False
F02089,2024-K,0.0,0.939,False,True
F02090,2024-K,0.885,0.944,False,False
F02091,2024-K,0.91,1.007,False,False
F02092,2024-K,0.903,0.941,False,False
F02093,2024-K,0.333,0.957,False,True
F02094,2024-K,0.0,1.057,False,True
F02095,2024-K,0.901,0.959,False,False
F02096,2024-K,0.89,0.971,False,False
F02097,2024-K,0.0,0.954,False,True
F02098,2024-K,0.0,1.029,False,True
F02099,2024-K,0.0,1.034,False,True
F02100,2024-K,0.0,0.953,False,True
F02101,2024-K,0.0,1.044,False,True
F02102,2024-K,0.0,0.932,False,True
F02103,2024-K,0.0,1.006,False,True
F02104,2024-K,0.831,0.982,False,False
F02105,2024-K,0.0,1.017,False,True
F02106,2024-K,0.0,0.921,False,True
F02107,2024-K,0.888,1.048,False,False
F02108,2024-K,0.595,1.056,False,False
F02109,2024-K,0.0,0.979,False,True
F02110,2024-K,0.0,0.951,False,True
F02111,2024-K,0.0,0.967,False,True
F02113,2024-K,0.0,0.945,False,True
F02114,2024-K,0.0,0.995,False,True
F02116,2024-K,0.0,0.952,False,True
F02117,2024-K,0.0,1.033,False,True
F02118,2024-K,0.0,0.998,False,True
F02119,2024-K,0.0,0.922,False,True
F02120,2024-K,0.0,0.937,False,True
F02121,2024-K,0.553,0.991,False,False
F02122,2024-K,0.0,1.002,False,True
F02123,2024-K,0.805,1.04,False,False
F02124,2024-K,0.0,1.034,False,True
F02125,2024-K,0.0,0.967,False,True
F02126,2024-K,0.0,0.979,False,True
F02127,2024-K,0.0,1.001,False,True
F02128,2024-K,0.564,1.025,False,False
F02129,2024-K,0.0,0.948,False,True
F02130,2024-K,0.0,1.02,False,True
F02131,2024-K,0.0,1.004,False,True
F02132,2024-K,0.0,1.05,False,True
F02133,2024-K,0.813,0.973,False,False
F02134,2024-K,0.0,0.951,False,True
F02135,2024-K,0.0,0.965,False,True
F02136,2024-K,0.0,0.975,False,True
F02137,2024-K,0.271,0.939,False,True
F02138,2024-K,0.0,0.965,False,True
F02139,2024-K,0.0,0.924,False,True
F02140,2024-K,0.0,1.004,False,True
F02141,2024-K,0.0,1.012,False,True
F02142,2024-K,0.0,1.037,False,True
F02143,2024-K,0.0,0.974,False,True
F02144,2024-K,0.916,1.0,False,False
F02145,2024-K,0.832,0.945,False,False
F02146,2024-K,0.898,0.995,False,False
F02147,2024-K,0.0,0.923,False,True
F02148,2024-K,0.0,0.986,False,True
F02149,2024-K,0.871,0.965,False,False
F02150,2024-K,0.0,1.027,False,True
F02151,2024-K,0.899,0.936,False,False
F02152,2024-K,0.0,0.933,False,True
F02153,2024-K,0.0,0.993,False,True
F02154,2024-K,0.871,0.971,False,False
F02155,2024-K,0.0,0.981,False,True
F02156,2024-K,0.89,1.046,False,False
F02157,2024-K,0.0,1.027,False,True
F02158,2024-K,0.0,0.924,False,True
F02159,2024-K,0.0,1.016,False,True
F02160,2024-K,0.0,0.989,False,True
F02161,2024-K,0.0,1.006,False,True
F02162,2024-K,0.787,0.926,False,False
F02163,2024-K,0.0,1.056,False,True
F02164,2024-K,0.0,1.011,False,True
F02165,2024-K,0.0,0.97,False,True
F02166,2024-K,0.0,1.015,False,True
F02167,2024-K,0.0,0.974,False,True
F02168,2024-K,0.581,0.999,False,False
F02169,2024-K,0.0,1.026,False,True
F02170,2024-K,0.0,1.042,False,True
F02172,2024-K,0.0,0.952,False,True
F02173,2024-K,0.0,1.016,False,True
F02174,2024-K,0.813,0.986,False,False
F02175,2024-K,0.0,1.004,False,True
F02176,2024-K,0.0,0.922,False,True
F02177,2024-K,0.0,1.043,False,True
F02178,2024-K,0.806,0.965,False,False
F02179,2024-K,0.0,1.02,False,True
F02180,2024-K,0.0,0.97,False,True
F02181,2024-K,0.0,1.041,False,True
F02182,2024-K,0.0,0.974,False,True
F02183,2024-K,0.0,1.022,False,True
F02184,2024-K,0.537,0.944,False,False
F02185,2024-K,0.0,0.965,False,True
F02186,2024-K,0.0,0.951,False,True
F02187,2024-K,0.0,0.997,False,True
F02188,2024-K,0.0,1.047,False,True
F02189,2024-K,0.825,0.948,False,False
F02190,2024-K,0.0,1.046,False,True
F02191,2024-K,0.0,0.929,False,True
F02192,2024-K,0.0,1.043,False,True
F02193,2024-K,0.0,1.029,False,True
F02195,2024-K,0.843,1.049,False,False
F02196,2024-K,0.509,0.977,False,False
F02197,2024-K,0.0,1.034,False,True
F02198,2024-K,0.0,0.937,False,True
F02199,2024-K,0.0,0.979,False,True
F02200,2024-K,0.0,0.948,False,True
F02201,2024-K,0.831,0.925,False,False
F02202,2024-K,0.581,1.009,False,False
F02203,2024-K,0.0,0.979,False,True
F02204,2024-K,0.0,1.033,False,True
F02205,2024-K,0.0,0.929,False,True
F02206,2024-K,0.0,1.006,False,True
F02207,2024-K,0.831,1.051,False,False
F02208,2024-K,0.556,1.047,False,False
F02209,2024-K,0.825,1.02,False,False
F02210,2024-K,0.0,0.92,False,True
F02211,2024-K,0.828,0.959,False,False
F02212,2024-K,0.0,1.006,False,True
F02214,2024-K,0.0,1.004,False,True
F02215,2024-K,0.0,1.046,False,True
F02216,2024-K,0.0,1.016,False,True
F02217,2024-K,0.824,0.921,False,False
F02218,2024-K,0.0,1.013,False,True
F02219,2024-K,0.0,1.017,False,True
F02220,2024-K,0.498,0.945,False,False
F02221,2024-K,0.0,0.925,False,True
F02222,2024-K,0.329,0.93,False,False
F02223,2024-K,0.0,0.965,False,True
F02224,2024-K,0.0,0.978,False,True
F02225,2024-K,0.832,0.985,False,False
F02226,2024-K,0.599,1.044,False,False
F02227,2024-K,0.809,0.756,False,False
F02228,2024-K,0.0,1.022,False,True
F02229,2024-K,0.0,1.025,False,True
F02231,2024-K,0.839,0.577,False,False
F02232,2024-K,0.0,1.014,False,True
F02233,2024-K,0.865,0.999,False,False
F02234,2024-K,0.818,0.944,False,False
F02235,2024-K,0.0,1.051,False,True
F02236,2024-K,0.0,1.003,False,True
F02237,2024-K,0.0,0.248,True,True
F02238,2024-K,0.0,1.004,False,True
F02240,2024-K,0.0,0.966,False,True
F02241,2024-K,0.0,0.264,True,True
F02242,2024-K,0.0,1.042,False,True
F02243,2024-K,0.814,0.658,False,False
F02244,2024-K,0.84,1.039,False,False
F02245,2024-K,0.786,1.018,False,False
F02246,2024-K,0.0,1.031,False,True
F02247,2024-K,0.0,0.985,False,True
F02248,2024-K,0.856,0.303,True,False
F02249,2024-K,0.0,0.686,False,True
F02250,2024-K,0.55,0.575,False,False
F02251,2024-K,0.0,0.937,False,True
F02252,2024-K,0.869,0.948,False,False
F02253,2024-K,0.0,0.959,False,True
F02254,2024-K,0.0,0.988,False,True
F02255,2024-K,0.0,1.051,False,True
F02256,2024-K,0.0,0.926,False,True
F02257,2024-K,0.0,1.028,False,True
F02258,2024-K,0.0,0.971,False,True
F02259,2024-K,0.0,0.745,False,True
F02261,2024-K,0.869,1.02,False,False
F02262,2024-K,0.801,0.939,False,False
F02263,2024-K,0.817,0.992,False,False
F02264,2024-K,0.0,1.059,False,True
F02265,2024-K,0.0,1.0,False,True
F02266,2024-K,0.821,1.037,False,False
F02267,2024-K,0.0,0.606,False,True
F02268,2024-K,0.0,1.057,False,True
F02269,2024-K,0.0,0.15,True,True
F02270,2024-K,0.809,1.001,False,False
F02271,2024-K,0.0,0.197,True,True
F02272,2024-K,0.519,0.927,False,False
F02273,2024-K,0.83,1.053,False,False
F02274,2024-K,0.881,1.054,False,False
F02275,2024-K,0.279,0.661,False,True
F02276,2024-K,0.0,0.963,False,True
F02277,2024-K,0.0,0.937,False,True
F02278,2024-K,0.0,1.022,False,True
F02279,2024-K,0.899,0.957,False,False
F02280,2024-K,0.822,0.97,False,False
F02281,2024-K,0.792,0.998,False,False
F02282,2024-K,0.0,0.987,False,True
F02283,2024-K,0.0,0.979,False,True
F02285,2024-K,0.899,1.011,False,False
F02286,2024-K,0.0,1.021,False,True
F02287,2024-K,0.0,0.251,True,True
F02288,2024-K,0.0,0.953,False,True
F02289,2024-K,0.511,0.984,False,False
F02290,2024-K,0.0,0.98,False,True
F02291,2024-K,0.0,0.998,False,True
F02292,2024-K,0.899,1.01,False,False
F02293,2024-K,0.0,0.58,False,True
F02294,2024-K,0.902,0.287,True,False
F02295,2024-K,0.0,0.197,True,True
F02296,2024-K,0.845,0.922,False,False
F02297,2024-K,0.0,0.953,False,True
F02298,2024-K,0.48,0.751,False,False
F02299,2024-K,0.0,0.935,False,True
F02300,2024-K,0.798,1.013,False,False
F02301,2024-K,0.747,0.738,False,False
F02302,2024-K,0.562,0.935,False,False
F02303,2024-K,0.0,0.184,True,True
F02304,2024-K,0.828,1.057,False,False
F02305,2024-K,0.565,1.007,False,False
F02306,2024-K,0.524,0.257,True,False
F02307,2024-K,0.786,1.002,False,False
F02308,2024-K,0.0,0.967,False,True
F02309,2024-K,0.511,1.044,False,False
F02310,2024-K,0.335,0.993,False,True
F02311,2024-K,0.0,1.025,False,True
F02312,2024-K,0.0,0.97,False,True
F02313,2024-K,0.522,0.932,False,False
F02314,2024-K,0.0,1.051,False,True
F02315,2024-K,0.0,0.971,False,True
F02316,2024-K,0.768,1.024,False,False
F02317,2024-K,0.0,0.239,True,True
F02318,2024-K,0.0,0.961,False,True
F02319,2024-K,0.0,1.047,False,True
F02320,2024-K,0.0,0.633,False,True
F02321,2024-K,0.0,1.01,False,True
F02322,2024-K,0.0,0.29,True,True
F02323,2024-K,0.785,0.983,False,False
F02324,2024-K,0.0,0.938,False,True
F02325,2024-K,0.566,0.955,False,False
F02326,2024-K,0.0,0.675,False,True
F02327,2024-K,0.0,1.034,False,True
F02328,2024-K,0.445,0.311,True,False
F02329,2024-K,0.0,1.012,False,True
F02330,2024-K,0.0,0.993,False,True
F02331,2024-K,0.0,1.04,False,True
F02332,2024-K,0.0,0.959,False,True
F02333,2024-K,0.0,0.97,False,True
F02334,2024-K,0.0,0.562,False,True
F02335,2024-K,0.0,0.929,False,True
F02336,2024-K,0.0,0.931,False,True
F02337,2024-K,0.0,1.009,False,True
F02338,2024-K,0.824,0.932,False,False
F02339,2024-K,0.553,0.987,False,False
F02340,2024-K,0.879,1.003,False,True
F02341,2024-K,0.0,0.674,False,True
F02342,2024-K,0.0,0.69,False,True
F02343,2024-K,0.0,0.991,False,True
F02344,2024-K,0.0,0.967,False,True
F02345,2024-K,0.711,1.032,False,False
F02346,2024-K,0.0,1.058,False,True
F02347,2024-K,0.0,0.939,False,True
F02348,2024-K,0.0,0.658,False,True
F02349,2024-K,0.0,0.95,False,True
F02350,2024-K,0.0,1.008,False,True
F02351,2024-K,0.0,0.983,False,True
F02352,2024-K,0.0,0.926,False,True
F02353,2024-K,0.0,0.947,False,True
F02354,2024-K,0.0,1.046,False,True
F02355,2024-K,0.0,1.033,False,True
F02356,2024-K,0.0,1.005,False,True
F02357,2024-K,0.0,0.314,True,True
F02358,2024-K,0.0,0.955,False,True
F02359,2024-K,0.0,0.211,True,True
F02360,2024-K,0.865,0.635,False,False
F02361,2024-K,0.0,1.013,False,True
F02362,2024-K,0.0,1.045,False,True
F02363,2024-K,0.751,0.218,True,False
F02364,2024-K,0.0,0.989,False,True
F02365,2024-K,0.566,1.011,False,False
F02366,2024-K,0.919,0.997,False,False
F02367,2024-K,0.0,0.993,False,True
F02368,2024-K,0.475,0.985,False,False
F02369,2024-K,0.488,1.05,False,False
F02370,2024-K,0.0,1.031,False,True
F02371,2024-K,0.902,0.313,True,False
F02372,2024-K,0.539,1.003,False,False
F02373,2024-K,0.0,0.931,False,True
F02374,2024-K,0.565,0.982,False,False
F02375,2024-K,0.0,1.002,False,True
F02376,2024-K,0.0,1.041,False,True
F02377,2024-K,0.0,0.985,False,True
F02378,2024-K,0.0,0.921,False,True
F02379,2024-K,0.0,1.048,False,True
F02380,2024-K,0.0,0.774,False,True
F02381,2024-K,0.0,1.023,False,True
F02382,2024-K,0.804,1.023,False,False
F02383,2024-K,0.801,1.031,False,False
F02384,2024-K,0.0,0.638,False,True
F02385,2024-K,0.781,1.004,False,False
F02386,2024-K,0.0,1.009,False,True
F02387,2024-K,0.0,0.949,False,True
F02388,2024-K,0.0,0.151,True,True
F02389,2024-K,0.0,1.056,False,True
F02390,2024-K,0.765,0.984,False,False
F02391,2024-K,0.821,0.922,False,False
F02392,2024-K,0.81,0.307,True,False
F02393,2024-K,0.0,0.94,False,True
F02394,2024-K,0.428,0.749,False,False
F02395,2024-K,0.0,0.966,False,True
F02396,2024-K,0.0,0.232,True,True
F02397,2024-K,0.865,1.012,False,False
F02399,2024-K,0.0,0.953,False,True
F02400,2024-K,0.0,1.003,False,True
F02401,2024-K,0.0,1.044,False,True
F02402,2024-K,0.0,0.974,False,True
F02403,2024-K,0.0,1.004,False,True
F02404,2024-K,0.0,1.013,False,True
F02405,2024-K,0.0,0.175,True,True
F02406,2024-K,0.779,0.718,False,False
F02407,2024-K,0.0,0.949,False,True
F02408,2024-K,0.0,0.14,True,True
F02409,2024-K,0.0,0.995,False,True
F02410,2024-K,0.0,0.63,False,True
F02411,2024-K,0.0,0.973,False,True
F02412,2024-K,0.833,0.762,False,False
F02413,2024-K,0.0,1.048,False,True
F02414,2024-K,0.0,1.045,False,True
F02415,2024-K,0.0,1.039,False,True
F02416,2024-K,0.0,0.724,False,True
F02417,2024-K,0.0,0.925,False,True
F02418,2024-K,0.0,0.285,True,True
F02419,2024-K,0.503,0.612,False,False
F02420,2024-K,0.44,0.165,True,False
F02421,2024-K,0.0,1.005,False,True
F02422,2024-K,0.803,0.586,False,False
F02423,2024-K,0.514,1.051,False,False
F02424,2024-K,0.0,0.941,False,True
F02425,2024-K,0.762,0.205,True,False
F02426,2024-K,0.0,1.052,False,True
F02427,2024-K,0.0,1.011,False,True
F02429,2024-K,0.53,0.746,False,False
F02430,2024-K,0.0,0.932,False,True
F02431,2024-K,0.0,1.016,False,True
F02432,2024-K,0.0,0.57,False,True
F02433,2024-K,0.0,1.014,False,True
F02434,2024-K,0.665,0.183,True,False
F02435,2024-K,0.0,0.269,True,True
F02436,2024-K,0.0,0.93,False,True
F02437,2024-K,0.0,0.974,False,True
F02438,2024-K,0.0,0.927,False,True
F02440,2024-K,0.798,0.732,False,False
F02441,2024-K,0.865,0.949,False,False
F02442,2024-K,0.867,1.018,False,False
F02443,2024-K,0.0,0.962,False,True
F02444,2024-K,0.842,1.006,False,False
F02445,2024-K,0.925,0.659,False,False
F02446,2024-K,0.0,1.015,False,True
F02447,2024-K,0.0,0.711,False,True
F02448,2024-K,0.0,0.273,True,True
F02449,2024-K,0.0,1.023,False,True
F02451,2024-K,0.728,1.019,False,False
F02452,2024-K,0.861,0.992,False,False
F02453,2024-K,0.517,0.562,False,False
F02454,2024-K,0.734,1.016,False,False
F02455,2024-K,0.0,0.985,False,True
F02456,2024-K,0.0,0.995,False,True
F02457,2024-K,0.0,1.01,False,True
F02458,2024-K,0.488,1.016,False,False
F02459,2024-K,0.0,0.194,True,True
F02460,2024-K,0.903,1.028,False,False
F02461,2024-K,0.744,1.004,False,False
F02462,2024-K,0.0,0.206,True,True
F02463,2024-K,0.0,0.149,True,True
F02464,2024-K,0.0,1.02,False,True
F02465,2024-K,0.787,0.558,False,False
F02466,2024-K,0.899,1.049,False,False
F02467,2024-K,0.0,0.198,True,True
F02468,2024-K,0.804,0.928,False,False
F02469,2024-K,0.541,1.024,False,False
F02470,2024-K,0.0,0.977,False,True
F02471,2024-K,0.314,0.941,False,True
F02472,2024-K,0.463,1.032,False,False
F02473,2024-K,0.464,1.014,False,False
F02474,2024-K,0.448,0.623,False,False
F02475,2024-K,0.833,1.03,False,False
F02476,2024-K,0.0,0.966,False,True
F02477,2024-K,0.0,0.602,False,True
F02478,2024-K,0.778,0.712,False,False
F02479,2024-K,0.503,0.938,False,False
F02480,2024-K,0.0,1.013,False,True
F02481,2024-K,0.589,1.025,False,False
F02482,2024-K,0.0,1.022,False,True
F02483,2024-K,0.494,0.946,False,False
F02484,2024-K,0.0,0.656,False,True
F02486,2024-K,0.552,0.965,False,False
F02487,2024-K,0.0,1.013,False,True
F02488,2024-K,0.777,0.988,False,False
F02489,2024-K,0.591,1.008,False,False
F02490,2024-K,0.0,1.017,False,True
F02491,2024-K,0.606,0.235,True,False
F02492,2024-K,0.731,0.982,False,False
F02495,2024-K,0.0,0.209,True,True
F02496,2024-K,0.721,1.044,False,False
F02497,2024-K,0.0,0.937,False,True
F02498,2024-K,0.695,1.005,False,False
F02499,2024-K,0.73,0.189,True,False
F02500,2024-K,0.0,1.003,False,True
F02501,2024-K,0.534,1.039,False,False
F02502,2024-K,0.287,1.011,False,True
F02503,2024-K,0.671,0.272,True,False
F02504,2024-K,0.904,0.996,False,False
F02505,2024-K,0.0,0.986,False,True
F02506,2024-K,0.18,0.952,False,True
F02507,2024-K,0.333,1.036,False,False
F02508,2024-K,0.508,0.999,False,False
F02509,2024-K,0.0,1.04,False,True
F02510,2024-K,0.429,0.648,False,False
F02511,2024-K,0.0,1.018,False,True
F02512,2024-K,0.0,0.941,False,True
F02513,2024-K,0.751,0.712,False,False
F02514,2024-K,0.538,0.98,False,False
F02515,2024-K,0.82,0.948,False,False
F02516,2024-K,0.84,1.049,False,False
F02517,2024-K,0.668,0.974,False,False
F02518,2024-K,0.0,1.037,False,True
F02519,2024-K,0.0,0.624,False,True
F02520,2024-K,0.478,0.983,False,False
F02521,2024-K,0.0,0.932,False,True
F02522,2024-K,0.786,0.944,False,False
F02523,2024-K,0.0,0.583,False,True
F02524,2024-K,0.0,0.988,False,True
F02525,2024-K,0.557,0.926,False,False
F02526,2024-K,0.0,0.296,True,True
F02527,2024-K,0.341,1.006,False,True
F02528,2024-K,0.0,1.052,False,True
F02529,2024-K,0.666,0.955,False,False
F02530,2024-K,0.0,0.95,False,True
F02531,2024-K,0.848,0.218,True,False
F02532,2024-K,0.717,1.016,False,False
F02533,2024-K,0.472,1.017,False,False
F02534,2024-K,0.531,0.947,False,False
F02535,2024-K,0.0,0.957,False,True
F02536,2024-K,0.0,0.962,False,True
F02537,2024-K,0.0,0.173,True,True
F02538,2024-K,0.0,1.009,False,True
F02539,2024-K,0.462,0.946,False,False
F02540,2024-K,0.571,1.051,False,False
F02541,2024-K,0.593,1.004,False,False
F02542,2024-K,0.843,0.707,False,False
F02543,2024-K,0.732,1.053,False,False
F02544,2024-K,0.0,0.952,False,True
F02545,2024-K,0.0,0.949,False,True
F02546,2024-K,0.0,0.583,False,True
F02547,2024-K,0.649,0.966,False,False
F02548,2024-K,0.0,0.995,False,True
F02549,2024-K,0.542,1.054,False,False
F02550,2024-K,0.717,0.974,False,False
F02551,2024-K,0.0,0.554,False,True
F02552,2024-K,0.0,1.042,False,True
F02553,2024-K,0.0,0.17,True,True
F02554,2024-K,0.559,0.181,True,False
F02555,2024-K,0.0,0.577,False,True
F02556,2024-K,0.648,0.204,True,False
F02557,2024-K,0.459,0.711,False,False
F02558,2024-K,0.0,0.983,False,True
F02559,2024-K,0.762,1.02,False,False
F02560,2024-K,0.0,0.92,False,True
F02561,2024-K,0.715,0.74,False,False
F02562,2024-K,0.0,0.705,False,True
F02563,2024-K,0.887,0.256,True,False
F02564,2024-K,0.845,0.225,True,False
F02565,2024-K,0.0,1.046,False,True
F02566,2024-K,0.569,0.782,False,False
F02567,2024-K,0.0,0.987,False,True
F02568,2024-K,0.697,1.046,False,False
F02569,2024-K,0.778,0.925,False,False
F02570,2024-K,0.0,0.983,False,True
F02571,2024-K,0.0,1.055,False,True
F02572,2024-K,0.0,0.925,False,True
F02573,2024-K,0.538,0.986,False,False
F02574,2024-K,0.0,0.155,True,True
F02575,2024-K,0.323,0.243,True,True
F02576,2024-K,0.34,1.014,False,True
F02577,2024-K,0.364,1.042,False,True
F02578,2024-K,0.6,0.939,False,False
F02579,2024-K,0.532,0.999,False,False
F02580,2024-K,0.485,1.026,False,False
F02581,2024-K,0.0,0.967,False,True
F02582,2024-K,0.529,0.98,False,False
F02583,2024-K,0.316,0.952,False,True
F02584,2024-K,0.573,0.951,False,False
F02585,2024-K,0.692,0.922,False,False
F02586,2024-K,0.0,0.188,True,True
F02587,2024-K,0.818,0.947,False,False
F02588,2024-K,0.583,1.033,False,False
F02589,2024-K,0.693,0.194,True,False
F02590,2024-K,0.597,1.058,False,False
F02591,2024-K,0.0,1.03,False,True
F02592,2024-K,0.492,1.048,False,False
F02593,2024-K,0.324,1.048,False,True
F02594,2024-K,0.0,0.154,True,True
F02595,2024-K,0.562,0.945,False,False
F02596,2024-K,0.724,0.968,False,False
F02597,2024-K,0.0,0.949,False,True
F02598,2024-K,0.452,0.932,False,True
F02599,2024-K,0.747,1.016,False,False
F02600,2024-K,0.0,0.711,False,True
F02601,2024-K,0.0,0.973,False,True
F02602,2024-K,0.0,1.013,False,True
F02603,2024-K,0.0,1.026,False,True
F02604,2024-K,0.0,0.934,False,True
F02605,2024-K,0.716,0.956,False,False
F02606,2024-K,0.237,1.001,False,True
F02607,2024-K,0.646,0.661,False,False
F02608,2024-K,0.469,0.982,False,False
F02609,2024-K,0.662,0.992,False,False
F02610,2024-K,0.474,0.953,False,False
F02611,2024-K,0.411,0.991,False,False
F02612,2024-K,0.562,1.025,False,False
F02613,2024-K,0.68,0.999,False,False
F02614,2024-K,0.596,0.2,True,False
F02615,2024-K,0.6,0.759,False,False
F02616,2024-K,0.678,0.578,False,False
F02617,2024-K,0.665,0.999,False,False
F02618,2024-K,0.191,0.923,False,True
F02619,2024-K,0.542,0.958,False,False
F02620,2024-K,0.506,1.059,False,False
F02621,2024-K,0.481,0.999,False,False
F02622,2024-K,0.606,1.017,False,False
F02623,2024-K,0.661,0.623,False,False
F02624,2024-K,0.329,1.042,False,True
F02625,2024-K,0.633,0.928,False,False
F02626,2024-K,0.24,1.049,False,True
F02627,2024-K,0.578,0.585,False,False
F02628,2024-K,0.495,0.945,False,False
F02629,2024-K,0.332,1.005,False,True
F02630,2024-K,0.571,0.937,False,False
F02631,2024-K,0.623,0.946,False,False
F02632,2024-K,0.748,0.31,True,False
F02633,2024-K,0.507,0.952,False,False
F02634,2024-K,0.583,0.993,False,False
F02635,2024-K,0.775,0.978,False,False
F02636,2024-K,0.687,0.927,False,False
F02637,2024-K,0.644,1.014,False,False
F02638,2024-K,0.415,0.179,True,False
F02639,2024-K,0.214,0.963,False,True
F02640,2024-K,0.309,0.624,False,False
F02641,2024-K,0.694,1.043,False,False
F02642,2024-K,0.533,0.989,False,False
F02643,2024-K,0.406,0.197,True,False
F02644,2024-K,0.371,0.924,False,True
F02645,2024-K,0.667,0.999,False,False
F02646,2024-K,0.64,0.959,False,False
F02647,2024-K,0.796,1.009,False,False
F02648,2024-K,0.729,0.964,False,False
F02649,2024-K,0.155,0.997,False,True
F02650,2024-K,0.651,0.935,False,False
F02651,2024-K,0.371,0.924,False,True
F02652,2024-K,0.451,1.004,False,False
F02653,2024-K,0.474,1.05,False,False
F02654,2024-K,0.659,0.575,False,False
F01001,2024-R,0.0,0.952,False,True
F01002,2024-R,0.0,0.968,False,True
F01003,2024-R,0.567,1.017,False,False
F01004,2024-R,0.0,0.981,False,True
F01005,2024-R,0.0,0.936,False,True
F01006,2024-R,0.0,0.947,False,True
F01007,2024-R,0.0,0.94,False,True
F01008,2024-R,0.788,0.934,False,False
F01009,2024-R,0.31,0.94,False,True
F01010,2024-R,0.0,1.023,False,True
F01011,2024-R,0.0,0.964,False,True
F01012,2024-R,0.0,1.039,False,True
F01013,2024-R,0.592,1.038,False,False
F01014,2024-R,0.0,1.038,False,True
F01015,2024-R,0.0,0.952,False,True
F01016,2024-R,0.0,0.957,False,True
F01017,2024-R,0.0,0.957,False,True
F01018,2024-R,0.0,1.01,False,True
F01020,2024-R,0.488,1.033,False,False
F01021,2024-R,0.795,1.01,False,False
F01023,2024-R,0.826,1.024,False,False
F01024,2024-R,0.0,0.946,False,True
F01025,2024-R,0.0,1.025,False,True
F01027,2024-R,0.0,0.954,False,True
F01028,2024-R,0.0,1.009,False,True
F01029,2024-R,0.57,1.033,False,False
F01030,2024-R,0.0,1.022,False,True
F01031,2024-R,0.0,1.021,False,True
F01032,2024-R,0.0,1.021,False,True
F01033,2024-R,0.0,1.02,False,True
F01034,2024-R,0.0,1.034,False,True
F01035,2024-R,0.827,1.013,False,False
F01036,2024-R,0.0,1.032,False,True
F01037,2024-R,0.81,1.016,False,False
F01038,2024-R,0.0,0.992,False,True
F01039,2024-R,0.0,1.012,False,True
F01040,2024-R,0.0,0.951,False,True
F01041,2024-R,0.0,0.963,False,True
F01042,2024-R,0.0,0.972,False,True
F01043,2024-R,0.0,0.936,False,True
F01044,2024-R,0.799,0.964,False,False
F01045,2024-R,0.0,0.943,False,True
F01046,2024-R,0.0,1.037,False,True
F01047,2024-R,0.0,0.954,False,True
F01048,2024-R,0.0,0.933,False,True
F01049,2024-R,0.0,0.931,False,True
F01050,2024-R,0.321,0.955,False,True
F01051,2024-R,0.493,0.992,False,False
F01052,2024-R,0.0,1.019,False,True
F01053,2024-R,0.0,0.98,False,True
F01054,2024-R,0.0,1.019,False,True
F01055,2024-R,0.0,1.033,False,True
F01056,2024-R,0.0,1.028,False,True
F01057,2024-R,0.0,0.931,False,True
F01058,2024-R,0.0,0.944,False,True
F01059,2024-R,0.0,0.949,False,True
F01060,2024-R,0.0,1.005,False,True
F01061,2024-R,0.0,1.034,False,True
F01062,2024-R,0.0,0.991,False,True
F01063,2024-R,0.0,0.952,False,True
F01064,2024-R,0.855,0.998,False,False
F01066,2024-R,0.0,0.968,False,True
F01067,2024-R,0.0,0.994,False,True
F01068,2024-R,0.0,0.991,False,True
F01069,2024-R,0.0,0.99,False,True
F01070,2024-R,0.0,0.941,False,True
F01071,2024-R,0.575,0.998,False,False
F01072,2024-R,0.0,0.959,False,True
F01073,2024-R,0.0,0.965,False,True
F01074,2024-R,0.0,0.993,False,True
F01075,2024-R,0.0,0.944,False,True
F01076,2024-R,0.0,1.027,False,True
F01077,2024-R,0.0,1.002,False,True
F01078,2024-R,0.0,0.968,False,True
F01079,2024-R,0.559,0.986,False,False
F01080,2024-R,0.0,0.943,False,True
F01081,2024-R,0.884,1.012,False,False
F01082,2024-R,0.849,1.031,False,False
F01083,2024-R,0.0,0.966,False,True
F01084,2024-R,0.0,0.991,False,True
F01085,2024-R,0.0,0.981,False,True
F01086,2024-R,0.0,0.937,False,True
F01087,2024-R,0.0,0.975,False,True
F01088,2024-R,0.0,1.006,False,True
F01089,2024-R,0.0,0.992,False,True
F01090,2024-R,0.0,1.011,False,True
F01091,2024-R,0.0,1.028,False,True
F01092,2024-R,0.571,1.034,False,False
F01093,2024-R,0.0,1.004,False,True
F01094,2024-R,0.0,1.034,False,True
F01095,2024-R,0.0,1.029,False,True
F01096,2024-R,0.0,0.958,False,True
F01097,2024-R,0.0,0.983,False,True
F01098,2024-R,0.81,1.009,False,False
F01099,2024-R,0.0,1.018,False,True
F01100,2024-R,0.0,0.986,False,True
F01101,2024-R,0.0,0.964,False,True
F01102,2024-R,0.0,1.007,False,True
F01103,2024-R,0.0,1.039,False,True
F01104,2024-R,0.906,1.003,False,False
F01105,2024-R,0.906,1.039,False,False
F01106,2024-R,0.0,0.959,False,True
F01107,2024-R,0.885,1.027,False,False
F01108,2024-R,0.0,0.995,False,True
F01109,2024-R,0.0,0.933,False,True
F01110,2024-R,0.899,0.942,False,False
F01111,2024-R,0.887,0.976,False,False
F01112,2024-R,0.904,0.961,False,False
F01113,2024-R,0.0,0.932,False,True
F01114,2024-R,0.571,0.949,False,False
F01115,2024-R,0.0,0.952,False,True
F01116,2024-R,0.881,1.035,False,False
F01117,2024-R,0.0,1.003,False,True
F01118,2024-R,0.0,1.001,False,True
F01119,2024-R,0.0,0.955,False,True
F01120,2024-R,0.899,1.022,False,False
F01121,2024-R,0.547,1.038,False,False
F01122,2024-R,0.598,0.948,False,False
F01123,2024-R,0.0,0.947,False,True
F01124,2024-R,0.0,0.966,False,True
F01125,2024-R,0.0,1.026,False,True
F01126,2024-R,0.0,1.012,False,True
F01127,2024-R,0.0,1.029,False,True
F01128,2024-R,0.0,1.04,False,True
F01129,2024-R,0.0,0.949,False,True
F01130,2024-R,0.0,0.978,False,True
F01131,2024-R,0.843,0.981,False,False
F01132,2024-R,0.0,1.026,False,True
F01133,2024-R,0.51,0.93,False,False
F01134,2024-R,0.0,0.994,False,True
F01135,2024-R,0.0,0.962,False,True
F01136,2024-R,0.0,0.945,False,True
F01137,2024-R,0.0,1.011,False,True
F01138,2024-R,0.0,0.988,False,True
F01139,2024-R,0.843,1.013,False,False
F01140,2024-R,0.0,0.944,False,True
F01141,2024-R,0.836,0.942,False,False
F01142,2024-R,0.0,0.95,False,True
F01143,2024-R,0.0,0.93,False,True
F01144,2024-R,0.0,1.005,False,True
F01145,2024-R,0.0,0.946,False,True
F01146,2024-R,0.0,1.022,False,True
F01147,2024-R,0.842,1.037,False,False
F01149,2024-R,0.0,0.963,False,True
F01150,2024-R,0.0,0.981,False,True
F01151,2024-R,0.824,0.947,False,False
F01152,2024-R,0.31,1.012,False,True
F01153,2024-R,0.843,1.028,False,False
F01154,2024-R,0.0,1.025,False,True
F01156,2024-R,0.0,0.999,False,True
F01157,2024-R,0.0,1.007,False,True
F01158,2024-R,0.559,0.969,False,False
F01159,2024-R,0.0,1.037,False,True
F01160,2024-R,0.811,1.025,False,False
F01161,2024-R,0.0,0.99,False,True
F01162,2024-R,0.0,0.991,False,True
F01163,2024-R,0.817,0.99,False,False
F01164,2024-R,0.303,0.987,False,True
F01165,2024-R,0.82,1.023,False,False
F01166,2024-R,0.0,0.993,False,True
F01167,2024-R,0.0,1.038,False,True
F01168,2024-R,0.0,0.933,False,True
F01169,2024-R,0.815,0.934,False,False
F01170,2024-R,0.0,0.934,False,True
F01171,2024-R,0.813,1.029,False,False
F01173,2024-R,0.0,0.96,False,True
F01174,2024-R,0.0,1.032,False,True
F01175,2024-R,0.0,1.009,False,True
F01176,2024-R,0.551,0.97,False,False
F01177,2024-R,0.0,0.984,False,True
F01178,2024-R,0.0,1.005,False,True
F01179,2024-R,0.871,0.949,False,False
F01180,2024-R,0.0,0.941,False,True
F01181,2024-R,0.0,0.961,False,True
F01182,2024-R,0.0,0.957,False,True
F01183,2024-R,0.0,0.96,False,True
F01184,2024-R,0.0,0.949,False,True
F01185,2024-R,0.0,1.017,False,True
F01186,2024-R,0.0,0.972,False,True
F01187,2024-R,0.0,0.969,False,True
F01188,2024-R,0.0,0.966,False,True
F01190,2024-R,0.0,1.023,False,True
F01191,2024-R,0.0,0.994,False,True
F01192,2024-R,0.0,1.026,False,True
F01193,2024-R,0.849,0.949,False,False
F01194,2024-R,0.0,0.953,False,True
F01196,2024-R,0.0,0.977,False,True
F01197,2024-R,0.0,0.988,False,True
F01198,2024-R,0.0,1.011,False,True
F01199,2024-R,0.227,0.949,False,True
F01200,2024-R,0.0,0.952,False,True
F01201,2024-R,0.0,0.932,False,True
F01202,2024-R,0.0,1.007,False,True
F01203,2024-R,0.873,1.026,False,False
F01204,2024-R,0.0,1.005,False,True
F01205,2024-R,0.0,1.007,False,True
F01206,2024-R,0.0,0.961,False,True
F01207,2024-R,0.928,0.988,False,True
F01208,2024-R,0.0,1.0,False,True
F01209,2024-R,0.0,1.015,False,True
F01210,2024-R,0.0,0.955,False,True
F01211,2024-R,0.0,0.94,False,True
F01212,2024-R,0.0,0.94,False,True
F01213,2024-R,0.0,0.943,False,True
F01214,2024-R,0.0,0.937,False,True
F01215,2024-R,0.0,0.985,False,True
F01216,2024-R,0.926,0.98,False,False
F01217,2024-R,0.0,0.949,False,True
F01218,2024-R,0.0,1.025,False,True
F01219,2024-R,0.213,0.996,False,True
F01220,2024-R,0.0,0.967,False,True
F01221,2024-R,0.0,1.01,False,True
F01222,2024-R,0.0,1.019,False,True
F01223,2024-R,0.928,1.0,False,False
F01224,2024-R,0.0,1.018,False,True
F01225,2024-R,0.0,1.018,False,True
F01226,2024-R,0.0,1.017,False,True
F01227,2024-R,0.0,1.006,False,True
F01228,2024-R,0.0,0.959,False,True
F01229,2024-R,0.0,0.983,False,True
F01230,2024-R,0.0,0.939,False,True
F01231,2024-R,0.0,0.959,False,True
F01232,2024-R,0.0,1.011,False,True
F01233,2024-R,0.0,0.95,False,True
F01234,2024-R,0.0,0.942,False,True
F01235,2024-R,0.488,0.964,False,False
F01236,2024-R,0.853,0.935,False,False
F01237,2024-R,0.0,1.022,False,True
F01238,2024-R,0.0,0.939,False,True
F01239,2024-R,0.0,0.954,False,True
F01240,2024-R,0.0,1.027,False,True
F01242,2024-R,0.0,0.989,False,True
F01243,2024-R,0.0,0.994,False,True
F01244,2024-R,0.0,0.942,False,True
F01245,2024-R,0.0,0.932,False,True
F01246,2024-R,0.0,0.971,False,True
F01247,2024-R,0.0,1.007,False,True
F01249,2024-R,0.856,1.01,False,False
F01250,2024-R,0.0,0.973,False,True
F01251,2024-R,0.0,0.965,False,True
F01252,2024-R,0.0,1.014,False,True
F01253,2024-R,0.0,1.012,False,True
F01255,2024-R,0.0,0.936,False,True
F01256,2024-R,0.0,1.003,False,True
F01257,2024-R,0.0,0.941,False,True
F01258,2024-R,0.0,0.984,False,True
F01259,2024-R,0.0,0.95,False,True
F01260,2024-R,0.0,0.944,False,True
F01261,2024-R,0.0,0.963,False,True
F01262,2024-R,0.0,0.985,False,True
F01263,2024-R,0.785,0.945,False,False
F01264,2024-R,0.782,1.033,False,False
F01265,2024-R,0.0,0.973,False,True
F01266,2024-R,0.0,0.987,False,True
F01267,2024-R,0.0,0.999,False,True
F01268,2024-R,0.0,1.016,False,True
F01269,2024-R,0.0,1.034,False,True
F01270,2024-R,0.0,0.99,False,True
F01271,2024-R,0.0,1.005,False,True
F01272,2024-R,0.0,0.998,False,True
F01273,2024-R,0.0,0.981,False,True
F01274,2024-R,0.742,1.015,False,False
F01275,2024-R,0.202,0.953,False,True
F01276,2024-R,0.0,1.005,False,True
F01277,2024-R,0.0,0.943,False,True
F01278,2024-R,0.0,1.036,False,True
F01279,2024-R,0.0,1.021,False,True
F01280,2024-R,0.855,1.033,False,False
F01281,2024-R,0.0,0.976,False,True
F01282,2024-R,0.0,1.016,False,True
F01283,2024-R,0.5,0.955,False,False
F01284,2024-R,0.0,0.993,False,True
F01285,2024-R,0.521,0.954,False,False
F01286,2024-R,0.0,0.967,False,True
F01287,2024-R,0.0,0.987,False,True
F01288,2024-R,0.869,0.973,False,True
F01289,2024-R,0.0,0.984,False,True
F01290,2024-R,0.0,1.023,False,True
F01291,2024-R,0.0,0.931,False,True
F01292,2024-R,0.867,0.99,False,False
F01293,2024-R,0.481,1.025,False,False
F01295,2024-R,0.0,0.992,False,True
F01296,2024-R,0.866,0.962,False,False
F01297,2024-R,0.594,0.963,False,False
F01298,2024-R,0.0,1.011,False,True
F01299,2024-R,0.0,1.036,False,True
F01300,2024-R,0.0,1.004,False,True
F01301,2024-R,0.0,0.999,False,True
F01302,2024-R,0.0,1.014,False,True
F01303,2024-R,0.0,0.964,False,True
F01304,2024-R,0.0,1.018,False,True
F01306,2024-R,0.0,1.008,False,True
F01307,2024-R,0.747,0.998,False,False
F01308,2024-R,0.899,0.961,False,False
F01309,2024-R,0.0,0.996,False,True
F01310,2024-R,0.0,0.954,False,True
F01311,2024-R,0.564,1.021,False,False
F01312,2024-R,0.887,1.008,False,False
F01313,2024-R,0.0,1.011,False,True
F01314,2024-R,0.0,0.987,False,True
F01315,2024-R,0.0,0.995,False,True
F01316,2024-R,0.0,0.936,False,True
F01317,2024-R,0.781,0.973,False,False
F01318,2024-R,0.0,0.998,False,True
F01319,2024-R,0.883,0.988,False,False
F01320,2024-R,0.155,0.984,False,True
F01321,2024-R,0.0,0.985,False,True
F01322,2024-R,0.0,0.951,False,True
F01323,2024-R,0.0,0.95,False,True
F01324,2024-R,0.0,0.959,False,True
F01326,2024-R,0.0,0.982,False,True
F01329,2024-R,0.914,0.931,False,False
F01330,2024-R,0.0,0.995,False,True
F01331,2024-R,0.911,1.019,False,False
F01332,2024-R,0.0,1.021,False,True
F01333,2024-R,0.0,1.021,False,True
F01334,2024-R,0.0,0.939,False,True
F01336,2024-R,0.0,1.012,False,True
F01337,2024-R,0.0,0.971,False,True
F01338,2024-R,0.0,0.932,False,True
F01339,2024-R,0.0,1.037,False,True
F01340,2024-R,0.591,0.987,False,False
F01341,2024-R,0.0,1.016,False,True
F01342,2024-R,0.0,1.011,False,True
F01344,2024-R,0.0,0.955,False,True
F01347,2024-R,0.588,0.982,False,False
F01348,2024-R,0.396,0.965,False,True
F01349,2024-R,0.0,0.983,False,True
F01350,2024-R,0.0,0.961,False,True
F01351,2024-R,0.0,1.002,False,True
F01352,2024-R,0.0,0.954,False,True
F01353,2024-R,0.0,0.937,False,True
F01354,2024-R,0.0,1.001,False,True
F01355,2024-R,0.0,0.95,False,True
F01356,2024-R,0.0,0.951,False,True
F01357,2024-R,0.0,0.967,False,True
F01358,2024-R,0.0,1.011,False,True
F01359,2024-R,0.0,1.03,False,True
F01360,2024-R,0.913,1.03,False,False
F01361,2024-R,0.0,0.944,False,True
F01362,2024-R,0.899,1.008,False,False
F01363,2024-R,0.0,1.02,False,True
F01364,2024-R,0.916,0.979,False,False
F01365,2024-R,0.0,1.011,False,True
F01366,2024-R,0.361,1.007,False,True
F01367,2024-R,0.0,0.952,False,True
F01368,2024-R,0.0,0.93,False,True
F01369,2024-R,0.901,0.956,False,False
F01370,2024-R,0.899,0.975,False,False
F01371,2024-R,0.0,1.006,False,True
F01372,2024-R,0.0,0.938,False,True
F01373,2024-R,0.0,1.0,False,True
F01374,2024-R,0.0,1.034,False,True
F01375,2024-R,0.0,1.015,False,True
F01376,2024-R,0.0,0.973,False,True
F01377,2024-R,0.0,1.023,False,True
F01378,2024-R,0.915,1.033,False,False
F01379,2024-R,0.921,1.037,False,False
F01380,2024-R,0.859,1.009,False,False
F01381,2024-R,0.0,0.938,False,True
F01383,2024-R,0.0,0.984,False,True
F01384,2024-R,0.0,0.948,False,True
F01385,2024-R,0.515,0.971,False,True
F01386,2024-R,0.922,1.008,False,False
F01387,2024-R,0.0,1.024,False,True
F01388,2024-R,0.0,0.97,False,True
F01389,2024-R,0.0,0.938,False,True
F01390,2024-R,0.0,1.022,False,True
F01391,2024-R,0.0,1.027,False,True
F01392,2024-R,0.0,0.932,False,True
F01393,2024-R,0.416,0.951,False,False
F01394,2024-R,0.309,1.01,False,False
F01395,2024-R,0.929,1.022,False,False
F01396,2024-R,0.922,1.035,False,False
F01397,2024-R,0.0,0.979,False,True
F01398,2024-R,0.0,0.976,False,True
F01400,2024-R,0.0,0.955,False,True
F01401,2024-R,0.924,0.949,False,False
F01402,2024-R,0.0,0.971,False,True
F01403,2024-R,0.0,0.985,False,True
F01404,2024-R,0.0,1.005,False,True
F01405,2024-R,0.0,1.033,False,True
F01406,2024-R,0.0,0.985,False,True
F01407,2024-R,0.0,0.992,False,True
F01408,2024-R,0.0,1.025,False,True
F01409,2024-R,0.572,1.035,False,False
F01410,2024-R,0.0,0.999,False,True
F01411,2024-R,0.0,0.982,False,True
F01412,2024-R,0.839,1.039,False,False
F01413,2024-R,0.0,0.945,False,True
F01414,2024-R,0.534,1.033,False,False
F01415,2024-R,0.0,0.965,False,True
F01416,2024-R,0.0,0.944,False,True
F01417,2024-R,0.596,0.997,False,False
F01418,2024-R,0.0,0.979,False,True
F01419,2024-R,0.843,1.01,False,False
F01420,2024-R,0.221,0.938,False,True
F01421,2024-R,0.0,1.007,False,True
F01422,2024-R,0.0,0.968,False,True
F01423,2024-R,0.0,1.023,False,True
F01425,2024-R,0.0,1.014,False,True
F01426,2024-R,0.0,1.0,False,True
F01427,2024-R,0.0,1.013,False,True
F01428,2024-R,0.843,0.941,False,False
F01429,2024-R,0.0,0.931,False,True
F01430,2024-R,0.782,1.034,False,False
F01431,2024-R,0.0,0.999,False,True
F01432,2024-R,0.792,0.986,False,False
F01433,2024-R,0.0,0.958,False,True
F01434,2024-R,0.0,0.938,False,True
F01435,2024-R,0.0,1.026,False,True
F01436,2024-R,0.0,1.038,False,True
F01437,2024-R,0.0,0.999,False,True
F01438,2024-R,0.0,1.026,False,True
F01439,2024-R,0.0,0.985,False,True
F01440,2024-R,0.0,1.019,False,True
F01441,2024-R,0.786,0.994,False,False
F01442,2024-R,0.0,0.954,False,True
F01443,2024-R,0.0,0.967,False,True
F01444,2024-R,0.0,1.034,False,True
F01445,2024-R,0.0,0.949,False,True
F01446,2024-R,0.0,0.99,False,True
F01447,2024-R,0.0,0.937,False,True
F01448,2024-R,0.589,0.956,False,False
F01449,2024-R,0.0,1.032,False,True
F01450,2024-R,0.793,1.029,False,False
F01452,2024-R,0.0,0.954,False,True
F01453,2024-R,0.78,0.947,False,False
F01454,2024-R,0.0,1.026,False,True
F01455,2024-R,0.0,0.953,False,True
F01456,2024-R,0.0,0.963,False,True
F01457,2024-R,0.784,0.97,False,False
F01458,2024-R,0.0,0.961,False,True
F01459,2024-R,0.0,0.968,False,True
F01460,2024-R,0.0,1.023,False,True
F01461,2024-R,0.0,0.989,False,True
F01462,2024-R,0.0,1.006,False,True
F01463,2024-R,0.0,0.975,False,True
F01464,2024-R,0.571,0.955,False,False
F01465,2024-R,0.0,1.012,False,True
F01466,2024-R,0.0,0.964,False,True
F01467,2024-R,0.0,0.951,False,True
F01468,2024-R,0.0,0.977,False,True
F01469,2024-R,0.0,1.011,False,True
F01470,2024-R,0.0,1.014,False,True
F01471,2024-R,0.0,0.971,False,True
F01472,2024-R,0.0,0.991,False,True
F01473,2024-R,0.0,1.027,False,True
F01474,2024-R,0.0,0.943,False,True
F01475,2024-R,0.0,0.986,False,True
F01476,2024-R,0.81,0.987,False,False
F01477,2024-R,0.0,0.98,False,True
F01478,2024-R,0.0,0.949,False,True
F01480,2024-R,0.0,1.031,False,True
F01481,2024-R,0.803,0.966,False,False
F01482,2024-R,0.0,0.966,False,True
F01483,2024-R,0.0,1.001,False,True
F01484,2024-R,0.0,1.02,False,True
F01485,2024-R,0.0,0.982,False,True
F01486,2024-R,0.0,0.975,False,True
F01487,2024-R,0.0,0.996,False,True
F01488,2024-R,0.0,0.996,False,True
F01489,2024-R,0.0,0.95,False,True
F01490,2024-R,0.828,1.027,False,False
F01491,2024-R,0.0,0.977,False,True
F01492,2024-R,0.816,1.006,False,False
F01493,2024-R,0.0,0.944,False,True
F01494,2024-R,0.0,0.985,False,True
F01495,2024-R,0.823,1.011,False,False
F01496,2024-R,0.0,0.939,False,True
F01498,2024-R,0.0,0.974,False,True
F01499,2024-R,0.0,0.934,False,True
F01501,2024-R,0.461,0.935,False,False
F01502,2024-R,0.598,0.963,False,False
F01503,2024-R,0.0,0.972,False,True
F01504,2024-R,0.0,0.955,False,True
F01505,2024-R,0.468,0.956,False,False
F01506,2024-R,0.0,0.942,False,True
F01507,2024-R,0.0,1.008,False,True
F01508,2024-R,0.0,1.026,False,True
F01510,2024-R,0.0,0.991,False,True
F01511,2024-R,0.0,1.026,False,True
F01512,2024-R,0.0,0.983,False,True
F01513,2024-R,0.786,0.971,False,False
F01514,2024-R,0.503,0.968,False,False
F01515,2024-R,0.0,0.979,False,True
F01516,2024-R,0.0,1.022,False,True
F01517,2024-R,0.0,1.037,False,True
F01518,2024-R,0.595,1.037,False,False
F01519,2024-R,0.0,0.933,False,True
F01520,2024-R,0.0,0.938,False,True
F01521,2024-R,0.0,1.033,False,True
F01523,2024-R,0.0,0.993,False,True
F01524,2024-R,0.0,1.006,False,True
F01525,2024-R,0.0,1.018,False,True
F01526,2024-R,0.476,0.998,False,False
F01527,2024-R,0.0,0.932,False,True
F01528,2024-R,0.489,0.984,False,False
F01529,2024-R,0.0,1.017,False,True
F01530,2024-R,0.212,0.99,False,True
F01531,2024-R,0.0,1.008,False,True
F01532,2024-R,0.0,0.959,False,True
F01533,2024-R,0.0,0.996,False,True
F01534,2024-R,0.0,0.946,False,True
F01535,2024-R,0.49,1.019,False,False
F01536,2024-R,0.0,0.958,False,True
F01538,2024-R,0.303,0.968,False,True
F01539,2024-R,0.0,0.979,False,True
F01540,2024-R,0.0,1.027,False,True
F01541,2024-R,0.0,1.007,False,True
F01542,2024-R,0.0,0.958,False,True
F01543,2024-R,0.0,1.022,False,True
F01544,2024-R,0.919,1.034,False,False
F01545,2024-R,0.926,0.951,False,False
F01546,2024-R,0.339,1.012,False,True
F01547,2024-R,0.0,1.04,False,True
F01548,2024-R,0.355,0.969,False,True
F01549,2024-R,0.0,0.986,False,True
F01550,2024-R,0.817,0.938,False,False
F01551,2024-R,0.0,1.033,False,True
F01553,2024-R,0.83,1.003,False,False
F01554,2024-R,0.0,0.934,False,True
F01555,2024-R,0.0,0.935,False,True
F01556,2024-R,0.462,1.027,False,False
F01557,2024-R,0.0,1.036,False,True
F01558,2024-R,0.0,0.981,False,True
F01559,2024-R,0.0,0.967,False,True
F01560,2024-R,0.91,0.996,False,False
F01561,2024-R,0.0,1.032,False,True
F01562,2024-R,0.0,0.99,False,True
F01563,2024-R,0.817,0.989,False,False
F01564,2024-R,0.926,1.029,False,False
F01565,2024-R,0.0,1.008,False,True
F01566,2024-R,0.0,0.952,False,True
F01568,2024-R,0.927,0.996,False,False
F01569,2024-R,0.917,1.017,False,False
F01570,2024-R,0.0,1.01,False,True
F01571,2024-R,0.0,1.008,False,True
F01572,2024-R,0.0,1.026,False,True
F01573,2024-R,0.0,0.995,False,True
F01574,2024-R,0.0,1.026,False,True
F01575,2024-R,0.574,0.937,False,False
F01576,2024-R,0.855,0.979,False,False
F01577,2024-R,0.464,1.032,False,False
F01578,2024-R,0.0,0.98,False,True
F01579,2024-R,0.0,0.943,False,True
F01580,2024-R,0.334,0.957,False,True
F01581,2024-R,0.866,0.932,False,False
F01582,2024-R,0.876,0.986,False,False
F01583,2024-R,0.0,0.935,False,True
F01584,2024-R,0.0,0.94,False,True
F01585,2024-R,0.0,0.955,False,True
F01586,2024-R,0.873,0.997,False,False
F01587,2024-R,0.832,1.003,False,False
F01589,2024-R,0.0,0.972,False,True
F01590,2024-R,0.0,0.973,False,True
F01591,2024-R,0.0,0.956,False,True
F01592,2024-R,0.0,0.939,False,True
F01593,2024-R,0.0,0.949,False,True
F01594,2024-R,0.0,1.005,False,True
F01595,2024-R,0.545,0.952,False,True
F01596,2024-R,0.0,0.959,False,True
F01597,2024-R,0.0,0.956,False,True
F01598,2024-R,0.0,0.947,False,True
F01599,2024-R,0.819,0.979,False,False
F01600,2024-R,0.0,0.967,False,True
F01601,2024-R,0.0,0.995,False,True
F01602,2024-R,0.0,0.963,False,True
F01603,2024-R,0.0,1.023,False,True
F01604,2024-R,0.0,1.015,False,True
F01605,2024-R,0.0,0.993,False,True
F01606,2024-R,0.827,0.943,False,False
F01607,2024-R,0.825,0.957,False,False
F01608,2024-R,0.0,1.001,False,True
F01609,2024-R,0.0,1.014,False,True
F01610,2024-R,0.827,0.94,False,False
F01611,2024-R,0.0,0.991,False,True
F01612,2024-R,0.821,0.994,False,False
F01613,2024-R,0.0,0.998,False,True
F01614,2024-R,0.0,0.993,False,True
F01615,2024-R,0.0,1.007,False,True
F01616,2024-R,0.0,0.981,False,True
F01617,2024-R,0.0,1.011,False,True
F01618,2024-R,0.0,0.748,False,True
F01619,2024-R,0.0,0.72,False,True
F01620,2024-R,0.0,0.594,False,True
F01621,2024-R,0.0,0.707,False,True
F01622,2024-R,0.0,0.774,False,True
F01623,2024-R,0.0,0.755,False,True
F01624,2024-R,0.0,0.696,False,True
F01625,2024-R,0.0,0.681,False,True
F01626,2024-R,0.0,0.61,False,True
F01627,2024-R,0.0,0.666,False,True
F01628,2024-R,0.0,0.695,False,True
F01629,2024-R,0.0,0.735,False,True
F01630,2024-R,0.0,0.713,False,True
F01631,2024-R,0.0,0.736,False,True
F01632,2024-R,0.0,0.664,False,True
F01633,2024-R,0.521,0.674,False,False
F01634,2024-R,0.0,0.561,False,True
F01635,2024-R,0.0,0.698,False,True
F01636,2024-R,0.745,0.634,False,False
F01637,2024-R,0.757,0.756,False,False
F01638,2024-R,0.713,0.66,False,False
F01639,2024-R,0.0,0.767,False,True
F01640,2024-R,0.0,0.704,False,True
F01641,2024-R,0.0,0.698,False,True
F01642,2024-R,0.779,0.777,False,False
F01643,2024-R,0.0,0.736,False,True
F01644,2024-R,0.0,0.674,False,True
F01645,2024-R,0.0,0.567,False,True
F01646,2024-R,0.0,0.776,False,True
F01647,2024-R,0.0,0.759,False,True
F01648,2024-R,0.0,0.672,False,True
F01649,2024-R,0.708,0.641,False,False
F01650,2024-R,0.465,0.568,False,False
F01651,2024-R,0.0,0.588,False,True
F01652,2024-R,0.0,0.705,False,True
F01653,2024-R,0.51,0.598,False,False
F01654,2024-R,0.0,0.638,False,True
F01655,2024-R,0.0,0.774,False,True
F01656,2024-R,0.0,0.562,False,True
F01657,2024-R,0.0,0.567,False,True
F01658,2024-R,0.77,0.62,False,False
F01659,2024-R,0.0,0.665,False,True
F01660,2024-R,0.724,0.567,False,False
F01661,2024-R,0.0,0.732,False,True
F01662,2024-R,0.491,0.777,False,False
F01663,2024-R,0.0,0.603,False,True
F01665,2024-R,0.0,0.719,False,True
F01666,2024-R,0.47,0.687,False,True
F01667,2024-R,0.0,0.658,False,True
F01668,2024-R,0.0,0.61,False,True
F01669,2024-R,0.0,0.662,False,True
F01670,2024-R,0.0,0.664,False,True
F01671,2024-R,0.0,0.593,False,True
F01672,2024-R,0.0,0.651,False,True
F01673,2024-R,0.0,0.728,False,True
F01674,2024-R,0.0,0.777,False,True
F01675,2024-R,0.0,0.687,False,True
F01676,2024-R,0.0,0.698,False,True
F01677,2024-R,0.0,0.634,False,True
F01678,2024-R,0.0,0.66,False,True
F01679,2024-R,0.0,0.566,False,True
F01680,2024-R,0.0,0.694,False,True
F01681,2024-R,0.0,0.67,False,True
F01682,2024-R,0.0,0.694,False,True
F01683,2024-R,0.0,0.566,False,True
F01684,2024-R,0.0,0.591,False,True
F01685,2024-R,0.0,0.581,False,True
F01686,2024-R,0.0,0.581,False,True
F01687,2024-R,0.776,0.687,False,False
F01688,2024-R,0.0,0.59,False,True
F01689,2024-R,0.0,0.659,False,True
F01690,2024-R,0.0,0.687,False,True
F01691,2024-R,0.0,0.678,False,True
F01692,2024-R,0.0,0.553,False,True
F01693,2024-R,0.433,0.734,False,False
F01694,2024-R,0.839,0.621,False,False
F01696,2024-R,0.88,0.735,False,False
F01697,2024-R,0.0,0.665,False,True
F01698,2024-R,0.0,0.773,False,True
F01699,2024-R,0.0,0.699,False,True
F01700,2024-R,0.0,0.704,False,True
F01701,2024-R,0.0,0.627,False,True
F01702,2024-R,0.881,0.72,False,False
F01703,2024-R,0.521,0.77,False,False
F01704,2024-R,0.0,0.643,False,True
F01705,2024-R,0.0,0.676,False,True
F01706,2024-R,0.823,0.673,False,False
F01707,2024-R,0.831,0.767,False,False
F01708,2024-R,0.0,0.752,False,True
F01709,2024-R,0.325,0.587,False,False
F01710,2024-R,0.0,0.747,False,True
F01711,2024-R,0.0,0.737,False,True
F01712,2024-R,0.0,0.707,False,True
F01713,2024-R,0.0,0.564,False,True
F01714,2024-R,0.832,0.665,False,False
F01715,2024-R,0.0,0.608,False,True
F01716,2024-R,0.0,0.693,False,True
F01717,2024-R,0.0,0.687,False,True
F01718,2024-R,0.649,0.566,False,False
F01719,2024-R,0.458,0.56,False,False
F01720,2024-R,0.0,0.555,False,True
F01721,2024-R,0.0,0.574,False,True
F01722,2024-R,0.819,0.743,False,False
F01723,2024-R,0.0,0.741,False,True
F01724,2024-R,0.809,0.592,False,False
F01725,2024-R,0.0,0.75,False,True
F01726,2024-R,0.0,0.686,False,True
F01727,2024-R,0.0,0.608,False,True
F01728,2024-R,0.0,0.713,False,True
F01729,2024-R,0.0,0.76,False,True
F01730,2024-R,0.767,0.619,False,False
F01731,2024-R,0.0,0.631,False,True
F01732,2024-R,0.804,0.732,False,False
F01733,2024-R,0.0,0.614,False,True
F01734,2024-R,0.0,0.657,False,True
F01735,2024-R,0.0,0.743,False,True
F01736,2024-R,0.0,0.7,False,True
F01737,2024-R,0.0,0.777,False,True
F01738,2024-R,0.0,0.655,False,True
F01739,2024-R,0.0,0.719,False,True
F01740,2024-R,0.849,0.653,False,False
F01741,2024-R,0.838,0.634,False,False
F01743,2024-R,0.0,0.722,False,True
F01744,2024-R,0.0,0.586,False,True
F01745,2024-R,0.0,0.651,False,True
F01746,2024-R,0.0,0.768,False,True
F01747,2024-R,0.876,0.674,False,False
F01748,2024-R,0.0,0.611,False,True
F01749,2024-R,0.0,0.775,False,True
F01750,2024-R,0.545,0.753,False,False
F01751,2024-R,0.0,0.621,False,True
F01752,2024-R,0.0,0.657,False,True
F01753,2024-R,0.847,0.603,False,False
F01754,2024-R,0.0,0.729,False,True
F01755,2024-R,0.0,0.57,False,True
F01756,2024-R,0.0,0.724,False,True
F01757,2024-R,0.0,0.692,False,True
F01758,2024-R,0.0,0.564,False,True
F01759,2024-R,0.0,0.695,False,True
F01760,2024-R,0.0,0.707,False,True
F01761,2024-R,0.0,0.668,False,True
F01763,2024-R,0.0,0.722,False,True
F01764,2024-R,0.0,0.689,False,True
F01765,2024-R,0.739,0.634,False,False
F01766,2024-R,0.0,0.627,False,True
F01767,2024-R,0.0,0.661,False,True
F01769,2024-R,0.0,0.599,False,True
F01770,2024-R,0.0,0.751,False,True
F01771,2024-R,0.0,0.612,False,True
F01772,2024-R,0.523,0.65,False,False
F01773,2024-R,0.0,0.648,False,True
F01774,2024-R,0.811,0.652,False,True
F01775,2024-R,0.0,0.632,False,True
F01776,2024-R,0.0,0.66,False,True
F01777,2024-R,0.0,0.589,False,True
F01779,2024-R,0.825,0.722,False,False
F01780,2024-R,0.0,0.554,False,True
F01781,2024-R,0.827,0.751,False,False
F01782,2024-R,0.463,0.763,False,False
F01783,2024-R,0.0,0.727,False,True
F01784,2024-R,0.841,0.697,False,False
F01786,2024-R,0.0,0.591,False,True
F01787,2024-R,0.813,0.551,False,False
F01788,2024-R,0.804,0.578,False,False
F01789,2024-R,0.0,0.747,False,True
F01790,2024-R,0.0,0.758,False,True
F01791,2024-R,0.0,0.733,False,True
F01792,2024-R,0.0,0.698,False,True
F01793,2024-R,0.0,0.61,False,True
F01794,2024-R,0.0,0.633,False,True
F01795,2024-R,0.0,0.662,False,True
F01796,2024-R,0.0,0.617,False,True
F01797,2024-R,0.0,0.779,False,True
F01798,2024-R,0.162,0.696,False,False
F01800,2024-R,0.0,0.611,False,True
F01801,2024-R,0.0,0.582,False,True
F01802,2024-R,0.0,0.727,False,True
F01803,2024-R,0.837,0.677,False,False
F01804,2024-R,0.0,0.619,False,True
F01805,2024-R,0.851,0.646,False,False
F01806,2024-R,0.912,0.763,False,False
F01807,2024-R,0.0,0.557,False,True
F01809,2024-R,0.837,0.658,False,False
F01810,2024-R,0.0,0.642,False,True
F01812,2024-R,0.0,0.62,False,True
F01813,2024-R,0.0,0.762,False,True
F01814,2024-R,0.0,0.638,False,True
F01815,2024-R,0.729,0.754,False,False
F01816,2024-R,0.0,0.702,False,True
F01817,2024-R,0.86,0.651,False,False
F01818,2024-R,0.783,0.779,False,False
F01819,2024-R,0.0,0.76,False,True
F01820,2024-R,0.0,0.596,False,True
F01821,2024-R,0.0,0.641,False,True
F01822,2024-R,0.0,0.666,False,True
F01823,2024-R,0.875,0.581,False,False
F01824,2024-R,0.0,0.662,False,True
F01825,2024-R,0.784,0.552,False,False
F01826,2024-R,0.0,0.639,False,True
F01827,2024-R,0.0,0.623,False,True
F01828,2024-R,0.0,0.594,False,True
F01829,2024-R,0.568,0.744,False,False
F01830,2024-R,0.0,0.703,False,True
F01831,2024-R,0.782,0.666,False,False
F01832,2024-R,0.0,0.584,False,True
F01833,2024-R,0.777,0.765,False,False
F01834,2024-R,0.0,0.614,False,True
F01835,2024-R,0.0,0.566,False,True
F01837,2024-R,0.439,0.706,False,False
F01838,2024-R,0.772,0.767,False,False
F01839,2024-R,0.807,0.593,False,False
F01840,2024-R,0.0,0.673,False,True
F01841,2024-R,0.0,0.561,False,True
F01842,2024-R,0.766,0.646,False,False
F01843,2024-R,0.0,0.75,False,True
F01844,2024-R,0.0,0.596,False,True
F01845,2024-R,0.0,0.608,False,True
F01846,2024-R,0.0,0.753,False,True
F01847,2024-R,0.0,0.756,False,True
F01848,2024-R,0.795,0.62,False,False
F01849,2024-R,0.0,0.711,False,True
F01850,2024-R,0.0,0.585,False,True
F01851,2024-R,0.0,0.597,False,True
F01852,2024-R,0.0,0.677,False,True
F01853,2024-R,0.0,0.568,False,True
F01854,2024-R,0.0,0.585,False,True
F01855,2024-R,0.0,0.776,False,True
F01856,2024-R,0.0,0.66,False,True
F01857,2024-R,0.0,0.591,False,True
F01858,2024-R,0.0,0.595,False,True
F01859,2024-R,0.825,0.739,False,False
F01860,2024-R,0.0,0.601,False,True
F01861,2024-R,0.0,0.552,False,True
F01862,2024-R,0.0,0.716,False,True
F01863,2024-R,0.0,0.58,False,True
F01864,2024-R,0.0,0.598,False,True
F01865,2024-R,0.486,0.59,False,False
F01866,2024-R,0.897,0.757,False,False
F01867,2024-R,0.793,0.609,False,False
F01868,2024-R,0.0,0.63,False,True
F01869,2024-R,0.0,0.603,False,True
F01870,2024-R,0.0,0.735,False,True
F01871,2024-R,0.0,0.74,False,True
F01872,2024-R,0.0,0.775,False,True
F01873,2024-R,0.429,0.563,False,False
F01874,2024-R,0.0,0.602,False,True
F01875,2024-R,0.899,0.579,False,False
F01876,2024-R,0.341,0.626,False,False
F01877,2024-R,0.0,0.762,False,True
F01878,2024-R,0.83,0.722,False,False
F01879,2024-R,0.0,0.727,False,True
F01880,2024-R,0.879,0.671,False,False
F01881,2024-R,0.904,0.695,False,False
F01882,2024-R,0.0,0.598,False,True
F01883,2024-R,0.0,0.696,False,True
F01884,2024-R,0.0,0.704,False,True
F01885,2024-R,0.0,0.558,False,True
F01886,2024-R,0.764,0.629,False,False
F01887,2024-R,0.0,0.578,False,True
F01888,2024-R,0.0,0.739,False,True
F01889,2024-R,0.0,0.564,False,True
F01890,2024-R,0.544,0.576,False,False
F01891,2024-R,0.0,0.701,False,True
F01892,2024-R,0.0,0.569,False,True
F01893,2024-R,0.559,0.603,False,False
F01894,2024-R,0.0,0.562,False,True
F01895,2024-R,0.0,0.565,False,True
F01896,2024-R,0.0,0.666,False,True
F01897,2024-R,0.0,0.759,False,True
F01898,2024-R,0.0,0.583,False,True
F01899,2024-R,0.775,0.71,False,False
F01900,2024-R,0.0,0.773,False,True
F01901,2024-R,0.0,0.627,False,True
F01902,2024-R,0.0,0.626,False,True
F01903,2024-R,0.756,0.77,False,False
F01904,2024-R,0.0,0.664,False,True
F01905,2024-R,0.084,0.738,False,True
F01906,2024-R,0.0,0.772,False,True
F01907,2024-R,0.781,0.722,False,False
F01909,2024-R,0.438,0.771,False,False
F01910,2024-R,0.0,0.751,False,True
F01911,2024-R,0.0,1.001,False,True
F01912,2024-R,0.0,0.987,False,True
F01913,2024-R,0.475,1.004,False,False
F01914,2024-R,0.567,0.931,False,False
F01915,2024-R,0.889,0.968,False,False
F01916,2024-R,0.0,1.009,False,True
F01917,2024-R,0.849,1.027,False,False
F01918,2024-R,0.892,1.02,False,False
F01919,2024-R,0.0,1.034,False,True
F01920,2024-R,0.0,0.975,False,True
F01921,2024-R,0.826,1.011,False,False
F01922,2024-R,0.0,0.943,False,True
F01923,2024-R,0.0,1.034,False,True
F01924,2024-R,0.0,0.936,False,True
F01925,2024-R,0.0,0.936,False,True
F01926,2024-R,0.0,0.961,False,True
F01927,2024-R,0.0,1.015,False,True
F01928,2024-R,0.0,0.959,False,True
F01929,2024-R,0.564,0.95,False,False
F01930,2024-R,0.0,0.946,False,True
F01931,2024-R,0.0,1.026,False,True
F01932,2024-R,0.0,0.933,False,True
F01933,2024-R,0.0,0.93,False,True
F01934,2024-R,0.491,0.981,False,False
F01935,2024-R,0.0,0.946,False,True
F01936,2024-R,0.0,0.978,False,True
F01937,2024-R,0.873,0.945,False,False
F01938,2024-R,0.0,0.983,False,True
F01939,2024-R,0.553,0.94,False,False
F01940,2024-R,0.838,0.938,False,False
F01941,2024-R,0.0,1.025,False,True
F01942,2024-R,0.0,0.988,False,True
F01943,2024-R,0.0,0.955,False,True
F01944,2024-R,0.0,0.964,False,True
F01945,2024-R,0.0,0.95,False,True
F01946,2024-R,0.0,1.024,False,True
F01947,2024-R,0.0,1.024,False,True
F01948,2024-R,0.594,0.97,False,False
F01949,2024-R,0.0,1.019,False,True
F01950,2024-R,0.0,0.96,False,True
F01951,2024-R,0.0,0.995,False,True
F01952,2024-R,0.0,1.02,False,True
F01953,2024-R,0.0,1.0,False,True
F01954,2024-R,0.0,1.028,False,True
F01955,2024-R,0.0,1.013,False,True
F01956,2024-R,0.0,1.014,False,True
F01957,2024-R,0.0,0.962,False,True
F01958,2024-R,0.516,1.032,False,False
F01959,2024-R,0.636,1.029,False,False
F01960,2024-R,0.0,0.968,False,True
F01961,2024-R,0.0,1.009,False,True
F01962,2024-R,0.0,0.981,False,True
F01963,2024-R,0.0,1.003,False,True
F01964,2024-R,0.832,1.031,False,False
F01965,2024-R,0.0,0.946,False,True
F01966,2024-R,0.0,1.003,False,True
F01967,2024-R,0.0,0.983,False,True
F01969,2024-R,0.579,1.014,False,False
F01970,2024-R,0.0,0.996,False,True
F01971,2024-R,0.0,0.984,False,True
F01972,2024-R,0.0,0.952,False,True
F01973,2024-R,0.904,0.955,False,False
F01974,2024-R,0.519,0.934,False,False
F01975,2024-R,0.0,1.03,False,True
F01976,2024-R,0.0,0.931,False,True
F01977,2024-R,0.0,0.987,False,True
F01978,2024-R,0.895,0.945,False,False
F01979,2024-R,0.909,0.966,False,False
F01980,2024-R,0.0,1.01,False,True
F01981,2024-R,0.0,1.033,False,True
F01982,2024-R,0.0,1.012,False,True
F01983,2024-R,0.0,1.024,False,True
F01984,2024-R,0.0,1.029,False,True
F01985,2024-R,0.0,0.931,False,True
F01986,2024-R,0.913,0.939,False,False
F01987,2024-R,0.0,0.936,False,True
F01988,2024-R,0.0,0.995,False,True
F01989,2024-R,0.0,0.998,False,True
F01990,2024-R,0.395,0.977,False,False
F01991,2024-R,0.0,1.001,False,True
F01992,2024-R,0.0,0.988,False,True
F01993,2024-R,0.0,1.017,False,True
F01994,2024-R,0.814,0.973,False,False
F01995,2024-R,0.0,0.979,False,True
F01996,2024-R,0.0,0.996,False,True
F01997,2024-R,0.0,1.004,False,True
F01998,2024-R,0.818,0.942,False,False
F01999,2024-R,0.0,0.934,False,True
F02001,2024-R,0.0,0.945,False,True
F02002,2024-R,0.811,1.025,False,False
F02003,2024-R,0.0,0.93,False,True
F02004,2024-R,0.0,0.938,False,True
F02005,2024-R,0.0,0.969,False,True
F02006,2024-R,0.0,0.991,False,True
F02007,2024-R,0.0,1.008,False,True
F02008,2024-R,0.0,0.939,False,True
F02009,2024-R,0.0,1.021,False,True
F02010,2024-R,0.0,0.944,False,True
F02011,2024-R,0.0,0.964,False,True
F02012,2024-R,0.0,1.039,False,True
F02013,2024-R,0.0,0.933,False,True
F02014,2024-R,0.0,1.023,False,True
F02015,2024-R,0.0,0.965,False,True
F02016,2024-R,0.0,0.949,False,True
F02017,2024-R,0.0,0.971,False,True
F02018,2024-R,0.0,1.016,False,True
F02019,2024-R,0.0,0.966,False,True
F02020,2024-R,0.0,0.971,False,True
F02021,2024-R,0.929,1.001,False,False
F02022,2024-R,0.0,0.982,False,True
F02023,2024-R,0.0,0.962,False,True
F02025,2024-R,0.0,1.008,False,True
F02027,2024-R,0.0,0.989,False,True
F02028,2024-R,0.0,1.009,False,True
F02029,2024-R,0.0,0.938,False,True
F02030,2024-R,0.0,0.933,False,True
F02031,2024-R,0.934,0.979,False,False
F02033,2024-R,0.0,0.999,False,True
F02034,2024-R,0.0,0.972,False,True
F02035,2024-R,0.866,1.006,False,False
F02036,2024-R,0.569,1.03,False,False
F02037,2024-R,0.0,1.002,False,True
F02038,2024-R,0.866,0.932,False,False
F02039,2024-R,0.0,0.939,False,True
F02040,2024-R,0.0,0.999,False,True
F02041,2024-R,0.308,0.975,False,False
F02042,2024-R,0.868,1.036,False,False
F02043,2024-R,0.0,0.947,False,True
F02044,2024-R,0.254,1.007,False,False
F02045,2024-R,0.0,0.941,False,True
F02046,2024-R,0.254,0.937,False,True
F02047,2024-R,0.0,0.95,False,True
F02048,2024-R,0.0,0.992,False,True
F02049,2024-R,0.806,0.946,False,False
F02050,2024-R,0.0,0.97,False,True
F02051,2024-R,0.0,1.011,False,True
F02052,2024-R,0.0,0.957,False,True
F02053,2024-R,0.0,0.968,False,True
F02055,2024-R,0.0,1.022,False,True
F02056,2024-R,0.0,0.957,False,True
F02057,2024-R,0.0,0.974,False,True
F02058,2024-R,0.0,1.03,False,True
F02059,2024-R,0.0,1.013,False,True
F02060,2024-R,0.843,0.97,False,False
F02061,2024-R,0.859,0.991,False,False
F02062,2024-R,0.0,0.949,False,True
F02063,2024-R,0.0,0.95,False,True
F02064,2024-R,0.687,0.959,False,False
F02065,2024-R,0.892,0.95,False,False
F02066,2024-R,0.92,1.03,False,False
F02068,2024-R,0.338,0.979,False,True
F02069,2024-R,0.0,1.009,False,True
F02070,2024-R,0.0,0.978,False,True
F02071,2024-R,0.0,0.978,False,True
F02072,2024-R,0.0,0.96,False,True
F02073,2024-R,0.0,0.968,False,True
F02074,2024-R,0.0,0.941,False,True
F02075,2024-R,0.0,1.024,False,True
F02076,2024-R,0.0,0.941,False,True
F02077,2024-R,0.0,0.975,False,True
F02078,2024-R,0.0,0.988,False,True
F02079,2024-R,0.92,1.039,False,False
F02081,2024-R,0.0,1.031,False,True
F02082,2024-R,0.0,0.976,False,True
F02083,2024-R,0.915,1.004,False,False
F02084,2024-R,0.0,0.98,False,True
F02085,2024-R,0.0,0.973,False,True
F02086,2024-R,0.0,1.029,False,True
F02087,2024-R,0.0,1.02,False,True
F02088,2024-R,0.711,1.008,False,False
F02089,2024-R,0.0,0.943,False,True
F02090,2024-R,0.885,0.959,False,False
F02091,2024-R,0.91,0.991,False,True
F02092,2024-R,0.903,1.038,False,False
F02093,2024-R,0.0,0.978,False,True
F02094,2024-R,0.0,0.959,False,True
F02095,2024-R,0.901,0.944,False,False
F02096,2024-R,0.89,0.953,False,False
F02097,2024-R,0.0,1.025,False,True
F02098,2024-R,0.0,0.96,False,True
F02099,2024-R,0.0,1.016,False,True
F02100,2024-R,0.0,0.933,False,True
F02101,2024-R,0.0,0.949,False,True
F02102,2024-R,0.0,1.012,False,True
F02103,2024-R,0.0,1.011,False,True
F02104,2024-R,0.852,0.996,False,False
F02105,2024-R,0.0,0.932,False,True
F02106,2024-R,0.0,0.984,False,True
F02107,2024-R,0.9,1.017,False,False
F02108,2024-R,0.595,1.007,False,False
F02109,2024-R,0.0,0.998,False,True
F02110,2024-R,0.0,0.946,False,True
F02111,2024-R,0.0,1.002,False,True
F02113,2024-R,0.0,1.02,False,True
F02114,2024-R,0.0,0.946,False,True
F02116,2024-R,0.0,1.036,False,True
F02117,2024-R,0.0,0.986,False,True
F02118,2024-R,0.0,0.959,False,True
F02119,2024-R,0.0,0.942,False,True
F02120,2024-R,0.0,1.012,False,True
F02121,2024-R,0.553,0.951,False,False
F02122,2024-R,0.0,0.948,False,True
F02123,2024-R,0.805,1.038,False,False
F02124,2024-R,0.0,0.963,False,True
F02125,2024-R,0.0,0.969,False,True
F02126,2024-R,0.0,0.935,False,True
F02127,2024-R,0.0,0.93,False,True
F02128,2024-R,0.564,1.005,False,False
F02129,2024-R,0.0,0.984,False,True
F02130,2024-R,0.0,0.993,False,True
F02131,2024-R,0.0,0.944,False,True
F02132,2024-R,0.0,0.998,False,True
F02133,2024-R,0.813,0.988,False,False
F02134,2024-R,0.0,1.02,False,True
F02135,2024-R,0.0,0.934,False,True
F02136,2024-R,0.0,0.938,False,True
F02137,2024-R,0.0,0.961,False,True
F02138,2024-R,0.0,1.039,False,True
F02139,2024-R,0.0,0.967,False,True
F02140,2024-R,0.0,0.967,False,True
F02141,2024-R,0.0,0.948,False,True
F02142,2024-R,0.0,0.987,False,True
F02143,2024-R,0.0,1.032,False,True
F02144,2024-R,0.916,0.937,False,False
F02145,2024-R,0.852,0.965,False,False
F02146,2024-R,0.898,0.998,False,False
F02147,2024-R,0.0,0.99,False,True
F02148,2024-R,0.0,1.022,False,True
F02149,2024-R,0.893,0.976,False,False
F02150,2024-R,0.0,0.977,False,True
F02151,2024-R,0.899,1.0,False,False
F02152,2024-R,0.0,0.932,False,True
F02153,2024-R,0.0,1.029,False,True
F02154,2024-R,0.893,0.942,False,False
F02155,2024-R,0.0,1.031,False,True
F02156,2024-R,0.899,1.02,False,False
F02157,2024-R,0.0,0.932,False,True
F02158,2024-R,0.0,0.985,False,True
F02159,2024-R,0.0,0.944,False,True
F02160,2024-R,0.0,1.033,False,True
F02161,2024-R,0.0,1.032,False,True
F02162,2024-R,0.806,1.01,False,False
F02163,2024-R,0.0,0.941,False,True
F02164,2024-R,0.0,0.95,False,True
F02165,2024-R,0.0,1.033,False,True
F02166,2024-R,0.0,1.022,False,True
F02167,2024-R,0.0,0.954,False,True
F02168,2024-R,0.581,1.026,False,False
F02169,2024-R,0.0,0.947,False,True
F02170,2024-R,0.0,1.012,False,True
F02172,2024-R,0.0,0.965,False,True
F02173,2024-R,0.0,0.999,False,True
F02174,2024-R,0.813,1.03,False,False
F02175,2024-R,0.0,0.977,False,True
F02176,2024-R,0.0,0.999,False,True
F02177,2024-R,0.0,0.967,False,True
F02178,2024-R,0.806,0.998,False,False
F02179,2024-R,0.0,0.939,False,True
F02180,2024-R,0.0,1.002,False,True
F02181,2024-R,0.0,0.934,False,True
F02182,2024-R,0.0,1.022,False,True
F02183,2024-R,0.0,1.009,False,True
F02184,2024-R,0.537,0.944,False,False
F02185,2024-R,0.0,0.976,False,True
F02186,2024-R,0.0,0.995,False,True
F02187,2024-R,0.0,0.944,False,True
F02188,2024-R,0.0,0.955,False,True
F02189,2024-R,0.826,1.027,False,False
F02190,2024-R,0.0,1.038,False,True
F02191,2024-R,0.0,1.039,False,True
F02192,2024-R,0.0,0.95,False,True
F02193,2024-R,0.0,0.967,False,True
F02195,2024-R,0.843,0.985,False,False
F02196,2024-R,0.509,0.954,False,False
F02197,2024-R,0.0,1.02,False,True
F02198,2024-R,0.0,1.029,False,True
F02199,2024-R,0.0,0.99,False,True
F02200,2024-R,0.0,0.946,False,True
F02201,2024-R,0.831,1.027,False,False
F02202,2024-R,0.581,0.988,False,False
F02203,2024-R,0.0,1.021,False,True
F02204,2024-R,0.0,0.961,False,True
F02205,2024-R,0.0,0.982,False,True
F02206,2024-R,0.0,0.998,False,True
F02207,2024-R,0.831,0.955,False,False
F02208,2024-R,0.556,0.999,False,False
F02210,2024-R,0.0,0.969,False,True
F02211,2024-R,0.84,0.942,False,False
F02212,2024-R,0.0,1.033,False,True
F02214,2024-R,0.0,0.963,False,True
F02215,2024-R,0.0,1.035,False,True
F02216,2024-R,0.0,0.952,False,True
F02217,2024-R,0.836,1.039,False,False
F02218,2024-R,0.0,0.938,False,True
F02219,2024-R,0.0,1.029,False,True
F02220,2024-R,0.498,1.031,False,False
F02221,2024-R,0.0,0.734,False,True
F02222,2024-R,0.253,1.027,False,True
F02223,2024-R,0.0,1.016,False,True
F02224,2024-R,0.0,0.965,False,True
F02225,2024-R,0.832,0.968,False,False
F02226,2024-R,0.566,0.561,False,False
F02227,2024-R,0.838,0.965,False,False
F02228,2024-R,0.0,0.738,False,True
F02229,2024-R,0.0,0.97,False,True
F02231,2024-R,0.87,1.003,False,False
F02232,2024-R,0.0,0.984,False,True
F02233,2024-R,0.865,1.03,False,False
F02234,2024-R,0.818,0.952,False,False
F02235,2024-R,0.0,0.976,False,True
F02236,2024-R,0.0,0.675,False,True
F02237,2024-R,0.0,1.024,False,True
F02238,2024-R,0.0,0.669,False,True
F02240,2024-R,0.0,1.018,False,True
F02241,2024-R,0.0,1.002,False,True
F02242,2024-R,0.0,0.57,False,True
F02243,2024-R,0.915,1.017,False,False
F02244,2024-R,0.84,0.958,False,False
F02245,2024-R,0.786,0.945,False,False
F02246,2024-R,0.0,0.994,False,True
F02247,2024-R,0.0,0.571,False,True
F02248,2024-R,0.918,1.012,False,False
F02249,2024-R,0.0,0.969,False,True
F02250,2024-R,0.563,0.935,False,False
F02251,2024-R,0.0,1.017,False,True
F02252,2024-R,0.869,0.998,False,False
F02253,2024-R,0.0,1.012,False,True
F02254,2024-R,0.0,0.951,False,True
F02255,2024-R,0.0,0.956,False,True
F02256,2024-R,0.0,1.015,False,True
F02257,2024-R,0.0,1.012,False,True
F02258,2024-R,0.0,0.986,False,True
F02259,2024-R,0.0,1.02,False,True
F02261,2024-R,0.869,0.966,False,False
F02262,2024-R,0.788,0.567,False,False
F02263,2024-R,0.836,1.023,False,False
F02264,2024-R,0.0,1.037,False,True
F02265,2024-R,0.0,0.941,False,True
F02266,2024-R,0.81,0.643,False,False
F02267,2024-R,0.0,0.979,False,True
F02268,2024-R,0.0,0.731,False,True
F02269,2024-R,0.0,0.97,False,True
F02270,2024-R,0.832,0.937,False,False
F02271,2024-R,0.0,0.943,False,True
F02272,2024-R,0.519,0.954,False,False
F02273,2024-R,0.83,1.01,False,False
F02274,2024-R,0.863,0.752,False,False
F02275,2024-R,0.0,1.016,False,True
F02276,2024-R,0.0,0.946,False,True
F02277,2024-R,0.0,0.95,False,True
F02278,2024-R,0.0,0.616,False,True
F02279,2024-R,0.901,0.944,False,False
F02280,2024-R,0.844,0.707,False,False
F02281,2024-R,0.816,1.002,False,False
F02282,2024-R,0.0,0.628,False,True
F02283,2024-R,0.0,0.778,False,True
F02285,2024-R,0.871,0.751,False,False
F02286,2024-R,0.0,0.946,False,True
F02287,2024-R,0.0,0.95,False,True
F02288,2024-R,0.0,0.602,False,True
F02289,2024-R,0.427,0.583,False,False
F02290,2024-R,0.0,0.566,False,True
F02291,2024-R,0.0,0.98,False,True
F02292,2024-R,0.887,0.717,False,False
F02293,2024-R,0.0,0.974,False,True
F02294,2024-R,0.918,1.008,False,False
F02295,2024-R,0.0,0.997,False,True
F02296,2024-R,0.845,0.953,False,False
F02297,2024-R,0.0,0.977,False,True
F02298,2024-R,0.536,1.03,False,False
F02299,2024-R,0.0,1.009,False,True
F02300,2024-R,0.798,0.963,False,False
F02301,2024-R,0.815,0.967,False,False
F02302,2024-R,0.562,0.996,False,False
F02303,2024-R,0.0,1.04,False,True
F02304,2024-R,0.817,0.557,False,False
F02305,2024-R,0.565,0.957,False,False
F02306,2024-R,0.593,0.989,False,False
F02307,2024-R,0.786,0.976,False,False
F02308,2024-R,0.0,0.99,False,True
F02309,2024-R,0.511,0.967,False,False
F02310,2024-R,0.0,0.682,False,True
F02311,2024-R,0.0,0.979,False,True
F02312,2024-R,0.0,0.562,False,True
F02313,2024-R,0.453,0.697,False,False
F02314,2024-R,0.0,0.96,False,True
F02315,2024-R,0.0,1.023,False,True
F02316,2024-R,0.787,1.016,False,False
F02317,2024-R,0.0,0.96,False,True
F02318,2024-R,0.0,0.956,False,True
F02319,2024-R,0.0,0.768,False,True
F02320,2024-R,0.0,0.949,False,True
F02321,2024-R,0.0,1.032,False,True
F02322,2024-R,0.0,0.974,False,True
F02323,2024-R,0.293,0.631,False,False
F02324,2024-R,0.0,0.978,False,True
F02325,2024-R,0.514,0.667,False,False
F02326,2024-R,0.0,1.01,False,True
F02327,2024-R,0.0,1.003,False,True
F02328,2024-R,0.346,0.96,False,True
F02329,2024-R,0.0,1.003,False,True
F02330,2024-R,0.0,0.66,False,True
F02331,2024-R,0.0,0.975,False,True
F02332,2024-R,0.0,0.98,False,True
F02333,2024-R,0.0,0.986,False,True
F02334,2024-R,0.0,0.948,False,True
F02335,2024-R,0.0,0.984,False,True
F02336,2024-R,0.0,0.595,False,True
F02337,2024-R,0.0,1.031,False,True
F02338,2024-R,0.803,0.655,False,False
F02339,2024-R,0.553,0.972,False,False
F02340,2024-R,0.0,0.719,False,True
F02341,2024-R,0.0,0.932,False,True
F02342,2024-R,0.0,1.007,False,True
F02343,2024-R,0.0,0.966,False,True
F02344,2024-R,0.0,0.733,False,True
F02345,2024-R,0.725,0.768,False,False
F02346,2024-R,0.0,0.944,False,True
F02347,2024-R,0.0,1.032,False,True
F02348,2024-R,0.0,0.972,False,True
F02349,2024-R,0.0,0.557,False,True
F02350,2024-R,0.0,0.996,False,True
F02351,2024-R,0.0,0.758,False,True
F02352,2024-R,0.0,1.022,False,True
F02353,2024-R,0.0,1.032,False,True
F02354,2024-R,0.0,0.657,False,True
F02355,2024-R,0.0,1.014,False,True
F02356,2024-R,0.0,1.031,False,True
F02357,2024-R,0.0,0.966,False,True
F02358,2024-R,0.0,0.729,False,True
F02359,2024-R,0.0,0.956,False,True
F02360,2024-R,0.887,0.954,False,False
F02361,2024-R,0.0,0.945,False,True
F02362,2024-R,0.0,1.003,False,True
F02363,2024-R,0.786,0.959,False,False
F02364,2024-R,0.0,0.571,False,True
F02365,2024-R,0.215,0.984,False,True
F02366,2024-R,0.861,0.607,False,False
F02367,2024-R,0.0,1.006,False,True
F02368,2024-R,0.475,1.008,False,False
F02369,2024-R,0.488,0.979,False,False
F02370,2024-R,0.0,0.982,False,True
F02371,2024-R,0.904,1.016,False,False
F02372,2024-R,0.539,0.972,False,False
F02373,2024-R,0.0,0.964,False,True
F02374,2024-R,0.481,0.778,False,False
F02375,2024-R,0.0,0.934,False,True
F02376,2024-R,0.0,0.759,False,True
F02377,2024-R,0.0,0.769,False,True
F02378,2024-R,0.0,0.986,False,True
F02379,2024-R,0.0,0.975,False,True
F02380,2024-R,0.0,1.014,False,True
F02381,2024-R,0.0,0.995,False,True
F02382,2024-R,0.804,0.933,False,False
F02383,2024-R,0.801,0.932,False,False
F02384,2024-R,0.0,0.96,False,True
F02385,2024-R,0.804,0.987,False,False
F02386,2024-R,0.0,0.962,False,True
F02387,2024-R,0.0,0.684,False,True
F02388,2024-R,0.0,1.035,False,True
F02389,2024-R,0.0,0.739,False,True
F02390,2024-R,0.786,0.95,False,False
F02391,2024-R,0.759,0.67,False,False
F02392,2024-R,0.845,0.984,False,False
F02393,2024-R,0.0,1.029,False,True
F02394,2024-R,0.382,0.997,False,True
F02395,2024-R,0.0,0.747,False,True
F02396,2024-R,0.0,1.017,False,True
F02397,2024-R,0.865,0.974,False,False
F02399,2024-R,0.0,0.591,False,True
F02400,2024-R,0.0,0.967,False,True
F02401,2024-R,0.0,0.936,False,True
F02402,2024-R,0.0,0.72,False,True
F02403,2024-R,0.0,1.009,False,True
F02404,2024-R,0.0,1.008,False,True
F02405,2024-R,0.0,0.961,False,True
F02406,2024-R,0.815,0.979,False,False
F02407,2024-R,0.0,1.013,False,True
F02408,2024-R,0.0,0.967,False,True
F02409,2024-R,0.0,0.702,False,True
F02410,2024-R,0.0,1.012,False,True
F02411,2024-R,0.0,0.565,False,True
F02412,2024-R,0.929,0.949,False,False
F02413,2024-R,0.0,0.764,False,True
F02414,2024-R,0.0,0.942,False,True
F02415,2024-R,0.0,0.641,False,True
F02416,2024-R,0.0,1.002,False,True
F02417,2024-R,0.0,1.027,False,True
F02418,2024-R,0.0,0.954,False,True
F02419,2024-R,0.536,0.995,False,False
F02420,2024-R,0.366,0.992,False,True
F02421,2024-R,0.0,0.647,False,True
F02422,2024-R,0.869,0.951,False,False
F02423,2024-R,0.514,0.96,False,False
F02424,2024-R,0.0,0.936,False,True
F02425,2024-R,0.829,0.988,False,False
F02426,2024-R,0.0,1.022,False,True
F02427,2024-R,0.0,1.031,False,True
F02429,2024-R,0.566,0.988,False,False
F02430,2024-R,0.0,1.034,False,True
F02431,2024-R,0.0,1.021,False,True
F02432,2024-R,0.0,1.01,False,True
F02433,2024-R,0.0,0.647,False,True
F02434,2024-R,0.701,0.944,False,False
F02435,2024-R,0.0,1.01,False,True
F02436,2024-R,0.0,1.009,False,True
F02437,2024-R,0.0,1.037,False,True
F02438,2024-R,0.0,0.969,False,True
F02440,2024-R,0.838,0.949,False,False
F02441,2024-R,0.865,1.015,False,False
F02442,2024-R,0.891,0.936,False,False
F02443,2024-R,0.0,0.7,False,True
F02444,2024-R,0.787,0.676,False,False
F02445,2024-R,0.929,1.027,False,False
F02446,2024-R,0.0,0.618,False,True
F02447,2024-R,0.0,0.947,False,True
F02448,2024-R,0.0,1.035,False,True
F02449,2024-R,0.0,0.939,False,True
F02451,2024-R,0.747,0.972,False,False
F02452,2024-R,0.869,0.932,False,False
F02453,2024-R,0.533,1.021,False,False
F02454,2024-R,0.755,0.937,False,False
F02455,2024-R,0.0,0.975,False,True
F02456,2024-R,0.0,0.947,False,True
F02457,2024-R,0.0,0.957,False,True
F02458,2024-R,0.488,0.957,False,False
F02459,2024-R,0.0,0.973,False,True
F02460,2024-R,0.903,1.027,False,False
F02461,2024-R,0.762,0.948,False,False
F02462,2024-R,0.0,0.932,False,True
F02463,2024-R,0.0,0.952,False,True
F02464,2024-R,0.0,0.931,False,True
F02465,2024-R,0.855,0.966,False,False
F02466,2024-R,0.883,0.564,False,False
F02467,2024-R,0.0,1.011,False,True
F02468,2024-R,0.793,0.764,False,False
F02469,2024-R,0.516,0.779,False,True
F02470,2024-R,0.0,0.966,False,True
F02471,2024-R,0.0,0.981,False,True
F02472,2024-R,0.463,1.025,False,False
F02473,2024-R,0.401,0.718,False,False
F02474,2024-R,0.406,0.994,False,False
F02475,2024-R,0.804,0.678,False,False
F02476,2024-R,0.0,0.611,False,True
F02477,2024-R,0.0,0.984,False,True
F02478,2024-R,0.82,1.003,False,False
F02479,2024-R,0.503,0.989,False,False
F02480,2024-R,0.0,1.019,False,True
F02481,2024-R,0.496,0.714,False,False
F02482,2024-R,0.0,0.99,False,True
F02483,2024-R,0.494,1.01,False,False
F02484,2024-R,0.0,0.997,False,True
F02486,2024-R,0.552,1.004,False,False
F02487,2024-R,0.0,0.657,False,True
F02488,2024-R,0.282,0.594,False,True
F02489,2024-R,0.591,0.943,False,False
F02490,2024-R,0.0,0.653,False,True
F02491,2024-R,0.677,0.999,False,False
F02492,2024-R,0.698,0.613,False,False
F02495,2024-R,0.0,0.969,False,True
F02496,2024-R,0.741,0.946,False,False
F02497,2024-R,0.0,1.019,False,True
F02498,2024-R,0.665,0.754,False,False
F02499,2024-R,0.757,1.0,False,False
F02500,2024-R,0.0,1.013,False,True
F02501,2024-R,0.534,0.958,False,False
F02502,2024-R,0.0,0.717,False,True
F02503,2024-R,0.73,0.959,False,False
F02504,2024-R,0.341,0.684,False,False
F02505,2024-R,0.0,1.038,False,True
F02506,2024-R,0.0,0.939,False,True
F02507,2024-R,0.655,0.752,False,False
F02508,2024-R,0.508,1.011,False,True
F02509,2024-R,0.0,0.952,False,True
F02510,2024-R,0.152,1.028,False,False
F02511,2024-R,0.0,0.995,False,True
F02512,2024-R,0.0,0.954,False,True
F02513,2024-R,0.804,0.971,False,False
F02514,2024-R,0.538,0.962,False,False
F02515,2024-R,0.84,1.018,False,False
F02516,2024-R,0.84,1.029,False,False
F02517,2024-R,0.687,0.937,False,False
F02518,2024-R,0.0,0.976,False,True
F02519,2024-R,0.0,1.01,False,True
F02520,2024-R,0.182,0.968,False,True
F02521,2024-R,0.0,1.002,False,True
F02523,2024-R,0.0,0.946,False,True
F02524,2024-R,0.0,0.759,False,True
F02525,2024-R,0.557,0.952,False,False
F02526,2024-R,0.0,0.98,False,True
F02527,2024-R,0.0,0.737,False,True
F02528,2024-R,0.0,0.99,False,True
F02529,2024-R,0.669,0.689,False,False
F02530,2024-R,0.0,1.036,False,True
F02531,2024-R,0.881,0.996,False,False
F02532,2024-R,0.736,1.0,False,False
F02533,2024-R,0.472,1.002,False,False
F02534,2024-R,0.109,0.571,False,False
F02535,2024-R,0.0,0.94,False,True
F02536,2024-R,0.0,0.954,False,True
F02537,2024-R,0.0,0.972,False,True
F02538,2024-R,0.0,0.67,False,True
F02539,2024-R,0.436,0.69,False,False
F02540,2024-R,0.571,1.022,False,False
F02541,2024-R,0.593,0.958,False,False
F02542,2024-R,0.884,0.938,False,False
F02543,2024-R,0.688,0.689,False,False
F02544,2024-R,0.0,0.981,False,True
F02545,2024-R,0.0,0.979,False,True
F02546,2024-R,0.0,1.024,False,True
F02547,2024-R,0.668,1.01,False,False
F02548,2024-R,0.0,0.665,False,True
F02549,2024-R,0.206,0.952,False,True
F02550,2024-R,0.216,0.7,False,False
F02551,2024-R,0.0,0.952,False,True
F02552,2024-R,0.0,0.95,False,True
F02553,2024-R,0.0,0.983,False,True
F02554,2024-R,0.58,0.966,False,False
F02555,2024-R,0.0,0.953,False,True
F02556,2024-R,0.706,0.984,False,False
F02558,2024-R,0.0,0.968,False,True
F02559,2024-R,0.783,0.993,False,False
F02560,2024-R,0.0,0.98,False,True
F02561,2024-R,0.779,1.015,False,False
F02562,2024-R,0.0,1.038,False,True
F02563,2024-R,0.918,0.988,False,False
F02564,2024-R,0.897,1.036,False,False
F02565,2024-R,0.0,0.607,False,True
F02566,2024-R,0.255,1.006,False,False
F02567,2024-R,0.0,0.62,False,True
F02568,2024-R,0.694,0.61,False,False
F02569,2024-R,0.747,0.677,False,False
F02570,2024-R,0.0,0.966,False,True
F02571,2024-R,0.0,0.722,False,True
F02572,2024-R,0.0,0.639,False,True
F02573,2024-R,0.538,1.04,False,False
F02574,2024-R,0.0,0.983,False,True
F02575,2024-R,0.0,0.985,False,True
F02576,2024-R,0.0,0.609,False,True
F02577,2024-R,0.0,0.581,False,True
F02578,2024-R,0.6,0.957,False,False
F02579,2024-R,0.461,0.658,False,False
F02580,2024-R,0.485,0.934,False,False
F02581,2024-R,0.0,1.029,False,True
F02582,2024-R,0.529,0.931,False,False
F02583,2024-R,0.0,0.726,False,True
F02584,2024-R,0.512,0.765,False,False
F02585,2024-R,0.709,1.022,False,False
F02586,2024-R,0.0,0.967,False,True
F02587,2024-R,0.826,0.941,False,False
F02588,2024-R,0.583,1.004,False,False
F02589,2024-R,0.783,0.963,False,False
F02590,2024-R,0.597,0.946,False,False
F02591,2024-R,0.0,0.562,False,True
F02592,2024-R,0.47,0.615,False,False
F02593,2024-R,0.0,1.016,False,True
F02594,2024-R,0.0,0.932,False,True
F02595,2024-R,0.562,0.994,False,False
F02596,2024-R,0.732,0.758,False,False
F02597,2024-R,0.0,0.771,False,True
F02598,2024-R,0.0,0.725,False,True
F02599,2024-R,0.735,0.636,False,False
F02600,2024-R,0.0,0.953,False,True
F02601,2024-R,0.0,1.021,False,True
F02602,2024-R,0.0,0.997,False,True
F02603,2024-R,0.0,1.033,False,True
F02604,2024-R,0.0,1.009,False,True
F02605,2024-R,0.736,1.032,False,False
F02606,2024-R,0.0,0.935,False,True
F02607,2024-R,0.687,0.983,False,False
F02608,2024-R,0.469,0.995,False,False
F02609,2024-R,0.68,0.979,False,False
F02610,2024-R,0.474,0.977,False,False
F02611,2024-R,0.319,1.03,False,True
F02612,2024-R,0.5,0.673,False,False
F02613,2024-R,0.633,0.676,False,False
F02614,2024-R,0.654,1.025,False,False
F02615,2024-R,0.643,0.994,False,False
F02616,2024-R,0.279,1.01,False,False
F02617,2024-R,0.682,0.999,False,False
F02618,2024-R,0.0,1.006,False,True
F02619,2024-R,0.542,0.932,False,False
F02620,2024-R,0.506,0.964,False,False
F02621,2024-R,0.438,0.707,False,False
F02622,2024-R,0.623,1.027,False,False
F02623,2024-R,0.723,0.978,False,False
F02624,2024-R,0.0,1.019,False,True
F02625,2024-R,0.609,0.578,False,False
F02626,2024-R,0.0,1.025,False,True
F02627,2024-R,0.608,0.979,False,False
F02628,2024-R,0.495,1.017,False,False
F02629,2024-R,0.0,0.956,False,True
F02630,2024-R,0.571,0.995,False,False
F02631,2024-R,0.587,0.72,False,False
F02632,2024-R,0.801,0.965,False,False
F02633,2024-R,0.507,0.954,False,False
F02634,2024-R,0.583,0.999,False,False
F02635,2024-R,0.799,0.97,False,False
F02636,2024-R,0.707,0.954,False,False
F02637,2024-R,0.662,0.979,False,False
F02638,2024-R,0.372,1.021,False,True
F02639,2024-R,0.0,1.039,False,True
F02640,2024-R,0.248,0.985,False,True
F02641,2024-R,0.714,0.946,False,False
F02642,2024-R,0.533,0.984,False,False
F02643,2024-R,0.314,1.001,False,True
F02644,2024-R,0.0,1.01,False,True
F02645,2024-R,0.685,0.938,False,False
F02646,2024-R,0.6,0.642,False,False
F02647,2024-R,0.817,0.969,False,False
F02648,2024-R,0.75,0.933,False,False
F02649,2024-R,0.0,0.608,False,True
F02650,2024-R,0.667,0.97,False,False
F02651,2024-R,0.0,0.583,False,True
F02652,2024-R,0.386,0.663,False,True
F02653,2024-R,0.446,0.686,False,False
F02654,2024-R,0.702,0.991,False,False
F02655,2024-R,0.627,0.552,False,False
F02656,2024-R,0.424,0.969,False,False
F02657,2024-R,0.225,0.994,False,True
F02658,2024-R,0.34,0.931,False,True
F02659,2024-R,0.832,0.691,False,False
F02660,2024-R,0.66,1.024,False,False
F02661,2024-R,0.676,1.033,False,False
F02662,2024-R,0.698,0.956,False,False
F02663,2024-R,0.138,0.565,False,True
F02664,2024-R,0.848,0.941,False,False
F02665,2024-R,0.55,0.756,False,False
F02666,2024-R,0.284,1.031,False,True
F02667,2024-R,0.458,1.012,False,False
F02668,2024-R,0.533,0.691,False,True
F02669,2024-R,0.293,1.001,False,False
F02670,2024-R,0.787,0.958,False,False
F02671,2024-R,0.182,0.67,False,False
F02672,2024-R,0.712,0.991,False,False
F02673,2024-R,0.376,0.992,False,False
F02674,2024-R,0.48,0.937,False,True
F02675,2024-R,0.504,0.93,False,False
F02676,2024-R,0.496,0.999,False,False
F02677,2024-R,0.529,0.603,False,False
F02678,2024-R,0.218,0.7,False,False
F02679,2024-R,0.67,0.951,False,False
F02680,2024-R,0.603,0.951,False,False
F02681,2024-R,0.264,0.969,False,True
F02682,2024-R,0.831,1.014,False,False
F02683,2024-R,0.288,0.599,False,False
F02684,2024-R,0.182,0.963,False,True
F02685,2024-R,0.256,0.995,False,True
F02686,2024-R,0.6,0.718,False,False
F02687,2024-R,0.278,0.954,False,False
F02688,2024-R,0.32,0.579,False,False
F02689,2024-R,0.395,0.971,False,False
F02690,2024-R,0.266,0.953,False,True
